<?xml version="1.0" encoding="UTF-8"?> <gpx xmlns:xsi="http://www.w3.org/2001/XMLSchema-instance" version="1.1" xmlns="http://www.topografix.com/GPX/1/1" creator="Galileo Offline Maps" xsi:schemaLocation="http://www.topografix.com/GPX/1/1 http://www.topografix.com/GPX/1/1/gpx.xsd"><trk><name>Untitled Track</name><desc></desc><type>TrackStyle_ff7f00c8</type><trkseg>
<trkpt lat="44.232217" lon="-76.620772"><ele>40.0</ele><time>2021-08-06T22:49:58Z</time></trkpt>
<trkpt lat="44.232214" lon="-76.620754"><ele>40.0</ele><time>2021-08-06T22:49:59Z</time></trkpt>
<trkpt lat="44.232204" lon="-76.620736"><ele>40.0</ele><time>2021-08-06T22:50:00Z</time></trkpt>
<trkpt lat="44.232194" lon="-76.620718"><ele>41.0</ele><time>2021-08-06T22:50:01Z</time></trkpt>
<trkpt lat="44.232188" lon="-76.6207"><ele>42.0</ele><time>2021-08-06T22:50:02Z</time></trkpt>
<trkpt lat="44.232178" lon="-76.620682"><ele>42.0</ele><time>2021-08-06T22:50:03Z</time></trkpt>
<trkpt lat="44.232169" lon="-76.620655"><ele>43.0</ele><time>2021-08-06T22:50:04Z</time></trkpt>
<trkpt lat="44.232159" lon="-76.620637"><ele>43.0</ele><time>2021-08-06T22:50:05Z</time></trkpt>
<trkpt lat="44.232149" lon="-76.620619"><ele>42.0</ele><time>2021-08-06T22:50:06Z</time></trkpt>
<trkpt lat="44.232139" lon="-76.620592"><ele>42.0</ele><time>2021-08-06T22:50:07Z</time></trkpt>
<trkpt lat="44.23213" lon="-76.620574"><ele>42.0</ele><time>2021-08-06T22:50:08Z</time></trkpt>
<trkpt lat="44.232117" lon="-76.620556"><ele>43.0</ele><time>2021-08-06T22:50:09Z</time></trkpt>
<trkpt lat="44.232104" lon="-76.620538"><ele>43.0</ele><time>2021-08-06T22:50:10Z</time></trkpt>
<trkpt lat="44.232094" lon="-76.620511"><ele>42.0</ele><time>2021-08-06T22:50:11Z</time></trkpt>
<trkpt lat="44.232085" lon="-76.620493"><ele>42.0</ele><time>2021-08-06T22:50:12Z</time></trkpt>
<trkpt lat="44.232075" lon="-76.620475"><ele>42.0</ele><time>2021-08-06T22:50:13Z</time></trkpt>
<trkpt lat="44.232062" lon="-76.620448"><ele>42.0</ele><time>2021-08-06T22:50:14Z</time></trkpt>
<trkpt lat="44.232049" lon="-76.62043"><ele>42.0</ele><time>2021-08-06T22:50:15Z</time></trkpt>
<trkpt lat="44.232039" lon="-76.620403"><ele>43.0</ele><time>2021-08-06T22:50:17Z</time></trkpt>
<trkpt lat="44.23203" lon="-76.620385"><ele>43.0</ele><time>2021-08-06T22:50:17Z</time></trkpt>
<trkpt lat="44.23202" lon="-76.620358"><ele>43.0</ele><time>2021-08-06T22:50:18Z</time></trkpt>
<trkpt lat="44.23201" lon="-76.62034"><ele>43.0</ele><time>2021-08-06T22:50:19Z</time></trkpt>
<trkpt lat="44.231997" lon="-76.620314"><ele>43.0</ele><time>2021-08-06T22:50:20Z</time></trkpt>
<trkpt lat="44.231981" lon="-76.620296"><ele>43.0</ele><time>2021-08-06T22:50:21Z</time></trkpt>
<trkpt lat="44.231968" lon="-76.620269"><ele>43.0</ele><time>2021-08-06T22:50:22Z</time></trkpt>
<trkpt lat="44.231949" lon="-76.620242"><ele>42.0</ele><time>2021-08-06T22:50:23Z</time></trkpt>
<trkpt lat="44.231933" lon="-76.620215"><ele>43.0</ele><time>2021-08-06T22:50:24Z</time></trkpt>
<trkpt lat="44.23192" lon="-76.620197"><ele>42.0</ele><time>2021-08-06T22:50:25Z</time></trkpt>
<trkpt lat="44.231907" lon="-76.620179"><ele>42.0</ele><time>2021-08-06T22:50:26Z</time></trkpt>
<trkpt lat="44.231894" lon="-76.620152"><ele>42.0</ele><time>2021-08-06T22:50:27Z</time></trkpt>
<trkpt lat="44.231881" lon="-76.620134"><ele>42.0</ele><time>2021-08-06T22:50:28Z</time></trkpt>
<trkpt lat="44.231865" lon="-76.620107"><ele>42.0</ele><time>2021-08-06T22:50:29Z</time></trkpt>
<trkpt lat="44.231852" lon="-76.620089"><ele>42.0</ele><time>2021-08-06T22:50:30Z</time></trkpt>
<trkpt lat="44.231836" lon="-76.620062"><ele>42.0</ele><time>2021-08-06T22:50:31Z</time></trkpt>
<trkpt lat="44.231823" lon="-76.620044"><ele>41.0</ele><time>2021-08-06T22:50:32Z</time></trkpt>
<trkpt lat="44.23181" lon="-76.620017"><ele>41.0</ele><time>2021-08-06T22:50:33Z</time></trkpt>
<trkpt lat="44.231794" lon="-76.619999"><ele>41.0</ele><time>2021-08-06T22:50:34Z</time></trkpt>
<trkpt lat="44.231781" lon="-76.619972"><ele>41.0</ele><time>2021-08-06T22:50:35Z</time></trkpt>
<trkpt lat="44.231768" lon="-76.619954"><ele>41.0</ele><time>2021-08-06T22:50:36Z</time></trkpt>
<trkpt lat="44.231755" lon="-76.619927"><ele>42.0</ele><time>2021-08-06T22:50:37Z</time></trkpt>
<trkpt lat="44.231739" lon="-76.6199"><ele>42.0</ele><time>2021-08-06T22:50:38Z</time></trkpt>
<trkpt lat="44.231726" lon="-76.619873"><ele>42.0</ele><time>2021-08-06T22:50:39Z</time></trkpt>
<trkpt lat="44.231713" lon="-76.619846"><ele>42.0</ele><time>2021-08-06T22:50:40Z</time></trkpt>
<trkpt lat="44.2317" lon="-76.619819"><ele>42.0</ele><time>2021-08-06T22:50:41Z</time></trkpt>
<trkpt lat="44.231687" lon="-76.619793"><ele>42.0</ele><time>2021-08-06T22:50:42Z</time></trkpt>
<trkpt lat="44.231674" lon="-76.619775"><ele>42.0</ele><time>2021-08-06T22:50:43Z</time></trkpt>
<trkpt lat="44.231658" lon="-76.619748"><ele>42.0</ele><time>2021-08-06T22:50:44Z</time></trkpt>
<trkpt lat="44.231645" lon="-76.61973"><ele>42.0</ele><time>2021-08-06T22:50:45Z</time></trkpt>
<trkpt lat="44.231632" lon="-76.619703"><ele>42.0</ele><time>2021-08-06T22:50:46Z</time></trkpt>
<trkpt lat="44.23162" lon="-76.619685"><ele>41.0</ele><time>2021-08-06T22:50:47Z</time></trkpt>
<trkpt lat="44.231607" lon="-76.619658"><ele>41.0</ele><time>2021-08-06T22:50:48Z</time></trkpt>
<trkpt lat="44.231594" lon="-76.61964"><ele>41.0</ele><time>2021-08-06T22:50:49Z</time></trkpt>
<trkpt lat="44.231578" lon="-76.619622"><ele>41.0</ele><time>2021-08-06T22:50:50Z</time></trkpt>
<trkpt lat="44.231565" lon="-76.619595"><ele>41.0</ele><time>2021-08-06T22:50:51Z</time></trkpt>
<trkpt lat="44.231555" lon="-76.619577"><ele>41.0</ele><time>2021-08-06T22:50:52Z</time></trkpt>
<trkpt lat="44.231542" lon="-76.619559"><ele>41.0</ele><time>2021-08-06T22:50:53Z</time></trkpt>
<trkpt lat="44.231529" lon="-76.619541"><ele>41.0</ele><time>2021-08-06T22:50:54Z</time></trkpt>
<trkpt lat="44.231516" lon="-76.619523"><ele>41.0</ele><time>2021-08-06T22:50:55Z</time></trkpt>
<trkpt lat="44.231503" lon="-76.619496"><ele>41.0</ele><time>2021-08-06T22:50:56Z</time></trkpt>
<trkpt lat="44.23149" lon="-76.619478"><ele>41.0</ele><time>2021-08-06T22:50:57Z</time></trkpt>
<trkpt lat="44.231477" lon="-76.61946"><ele>41.0</ele><time>2021-08-06T22:50:58Z</time></trkpt>
<trkpt lat="44.231464" lon="-76.619433"><ele>41.0</ele><time>2021-08-06T22:50:59Z</time></trkpt>
<trkpt lat="44.231452" lon="-76.619415"><ele>41.0</ele><time>2021-08-06T22:51:00Z</time></trkpt>
<trkpt lat="44.231439" lon="-76.619388"><ele>41.0</ele><time>2021-08-06T22:51:01Z</time></trkpt>
<trkpt lat="44.231429" lon="-76.61937"><ele>41.0</ele><time>2021-08-06T22:51:02Z</time></trkpt>
<trkpt lat="44.231416" lon="-76.619343"><ele>41.0</ele><time>2021-08-06T22:51:03Z</time></trkpt>
<trkpt lat="44.2314" lon="-76.619325"><ele>41.0</ele><time>2021-08-06T22:51:04Z</time></trkpt>
<trkpt lat="44.231387" lon="-76.619298"><ele>41.0</ele><time>2021-08-06T22:51:05Z</time></trkpt>
<trkpt lat="44.231377" lon="-76.619272"><ele>42.0</ele><time>2021-08-06T22:51:06Z</time></trkpt>
<trkpt lat="44.231364" lon="-76.619245"><ele>42.0</ele><time>2021-08-06T22:51:07Z</time></trkpt>
<trkpt lat="44.231355" lon="-76.619227"><ele>42.0</ele><time>2021-08-06T22:51:08Z</time></trkpt>
<trkpt lat="44.231345" lon="-76.6192"><ele>42.0</ele><time>2021-08-06T22:51:09Z</time></trkpt>
<trkpt lat="44.231332" lon="-76.619164"><ele>42.0</ele><time>2021-08-06T22:51:10Z</time></trkpt>
<trkpt lat="44.231322" lon="-76.619137"><ele>42.0</ele><time>2021-08-06T22:51:11Z</time></trkpt>
<trkpt lat="44.231309" lon="-76.61911"><ele>42.0</ele><time>2021-08-06T22:51:12Z</time></trkpt>
<trkpt lat="44.2313" lon="-76.619083"><ele>42.0</ele><time>2021-08-06T22:51:13Z</time></trkpt>
<trkpt lat="44.231287" lon="-76.619056"><ele>42.0</ele><time>2021-08-06T22:51:14Z</time></trkpt>
<trkpt lat="44.231274" lon="-76.619029"><ele>43.0</ele><time>2021-08-06T22:51:15Z</time></trkpt>
<trkpt lat="44.231264" lon="-76.619002"><ele>42.0</ele><time>2021-08-06T22:51:16Z</time></trkpt>
<trkpt lat="44.231255" lon="-76.618975"><ele>42.0</ele><time>2021-08-06T22:51:17Z</time></trkpt>
<trkpt lat="44.231245" lon="-76.618939"><ele>42.0</ele><time>2021-08-06T22:51:18Z</time></trkpt>
<trkpt lat="44.231232" lon="-76.618912"><ele>42.0</ele><time>2021-08-06T22:51:19Z</time></trkpt>
<trkpt lat="44.231219" lon="-76.618885"><ele>41.0</ele><time>2021-08-06T22:51:20Z</time></trkpt>
<trkpt lat="44.231209" lon="-76.618858"><ele>41.0</ele><time>2021-08-06T22:51:21Z</time></trkpt>
<trkpt lat="44.231196" lon="-76.618831"><ele>41.0</ele><time>2021-08-06T22:51:22Z</time></trkpt>
<trkpt lat="44.231187" lon="-76.618804"><ele>42.0</ele><time>2021-08-06T22:51:23Z</time></trkpt>
<trkpt lat="44.23118" lon="-76.618777"><ele>42.0</ele><time>2021-08-06T22:51:24Z</time></trkpt>
<trkpt lat="44.231171" lon="-76.618751"><ele>42.0</ele><time>2021-08-06T22:51:25Z</time></trkpt>
<trkpt lat="44.231158" lon="-76.618733"><ele>42.0</ele><time>2021-08-06T22:51:26Z</time></trkpt>
<trkpt lat="44.231145" lon="-76.618715"><ele>41.0</ele><time>2021-08-06T22:51:27Z</time></trkpt>
<trkpt lat="44.231129" lon="-76.618706"><ele>41.0</ele><time>2021-08-06T22:51:28Z</time></trkpt>
<trkpt lat="44.231116" lon="-76.618706"><ele>42.0</ele><time>2021-08-06T22:51:29Z</time></trkpt>
<trkpt lat="44.2311" lon="-76.618706"><ele>41.0</ele><time>2021-08-06T22:51:30Z</time></trkpt>
<trkpt lat="44.231087" lon="-76.618715"><ele>41.0</ele><time>2021-08-06T22:51:31Z</time></trkpt>
<trkpt lat="44.231074" lon="-76.618724"><ele>42.0</ele><time>2021-08-06T22:51:32Z</time></trkpt>
<trkpt lat="44.231064" lon="-76.618733"><ele>41.0</ele><time>2021-08-06T22:51:33Z</time></trkpt>
<trkpt lat="44.231058" lon="-76.618742"><ele>41.0</ele><time>2021-08-06T22:51:34Z</time></trkpt>
<trkpt lat="44.231048" lon="-76.61876"><ele>40.0</ele><time>2021-08-06T22:51:35Z</time></trkpt>
<trkpt lat="44.231041" lon="-76.618769"><ele>41.0</ele><time>2021-08-06T22:51:36Z</time></trkpt>
<trkpt lat="44.231035" lon="-76.618786"><ele>41.0</ele><time>2021-08-06T22:51:37Z</time></trkpt>
<trkpt lat="44.231029" lon="-76.618804"><ele>41.0</ele><time>2021-08-06T22:51:38Z</time></trkpt>
<trkpt lat="44.231025" lon="-76.618822"><ele>41.0</ele><time>2021-08-06T22:51:39Z</time></trkpt>
<trkpt lat="44.231016" lon="-76.61884"><ele>41.0</ele><time>2021-08-06T22:51:40Z</time></trkpt>
<trkpt lat="44.231012" lon="-76.618858"><ele>41.0</ele><time>2021-08-06T22:51:41Z</time></trkpt>
<trkpt lat="44.231006" lon="-76.618876"><ele>41.0</ele><time>2021-08-06T22:51:42Z</time></trkpt>
<trkpt lat="44.230999" lon="-76.618894"><ele>41.0</ele><time>2021-08-06T22:51:43Z</time></trkpt>
<trkpt lat="44.230993" lon="-76.618912"><ele>41.0</ele><time>2021-08-06T22:51:44Z</time></trkpt>
<trkpt lat="44.230987" lon="-76.61893"><ele>40.0</ele><time>2021-08-06T22:51:45Z</time></trkpt>
<trkpt lat="44.23098" lon="-76.618948"><ele>41.0</ele><time>2021-08-06T22:51:46Z</time></trkpt>
<trkpt lat="44.23097" lon="-76.618966"><ele>41.0</ele><time>2021-08-06T22:51:47Z</time></trkpt>
<trkpt lat="44.230961" lon="-76.618975"><ele>41.0</ele><time>2021-08-06T22:51:48Z</time></trkpt>
<trkpt lat="44.230948" lon="-76.618993"><ele>41.0</ele><time>2021-08-06T22:51:49Z</time></trkpt>
<trkpt lat="44.230932" lon="-76.619011"><ele>41.0</ele><time>2021-08-06T22:51:50Z</time></trkpt>
<trkpt lat="44.230922" lon="-76.619029"><ele>41.0</ele><time>2021-08-06T22:51:51Z</time></trkpt>
<trkpt lat="44.230915" lon="-76.619038"><ele>41.0</ele><time>2021-08-06T22:51:52Z</time></trkpt>
<trkpt lat="44.230909" lon="-76.619056"><ele>41.0</ele><time>2021-08-06T22:51:53Z</time></trkpt>
<trkpt lat="44.230903" lon="-76.619074"><ele>41.0</ele><time>2021-08-06T22:51:54Z</time></trkpt>
<trkpt lat="44.230896" lon="-76.619101"><ele>41.0</ele><time>2021-08-06T22:51:55Z</time></trkpt>
<trkpt lat="44.23089" lon="-76.619119"><ele>41.0</ele><time>2021-08-06T22:51:56Z</time></trkpt>
<trkpt lat="44.230886" lon="-76.619137"><ele>41.0</ele><time>2021-08-06T22:51:57Z</time></trkpt>
<trkpt lat="44.23088" lon="-76.619164"><ele>42.0</ele><time>2021-08-06T22:51:58Z</time></trkpt>
<trkpt lat="44.230877" lon="-76.619191"><ele>42.0</ele><time>2021-08-06T22:51:59Z</time></trkpt>
<trkpt lat="44.230874" lon="-76.619218"><ele>42.0</ele><time>2021-08-06T22:52:00Z</time></trkpt>
<trkpt lat="44.23087" lon="-76.619245"><ele>42.0</ele><time>2021-08-06T22:52:01Z</time></trkpt>
<trkpt lat="44.230867" lon="-76.619272"><ele>42.0</ele><time>2021-08-06T22:52:02Z</time></trkpt>
<trkpt lat="44.230864" lon="-76.619298"><ele>42.0</ele><time>2021-08-06T22:52:03Z</time></trkpt>
<trkpt lat="44.230864" lon="-76.619325"><ele>41.0</ele><time>2021-08-06T22:52:04Z</time></trkpt>
<trkpt lat="44.230864" lon="-76.619361"><ele>41.0</ele><time>2021-08-06T22:52:05Z</time></trkpt>
<trkpt lat="44.230864" lon="-76.619388"><ele>41.0</ele><time>2021-08-06T22:52:06Z</time></trkpt>
<trkpt lat="44.230864" lon="-76.619424"><ele>41.0</ele><time>2021-08-06T22:52:07Z</time></trkpt>
<trkpt lat="44.230864" lon="-76.619451"><ele>41.0</ele><time>2021-08-06T22:52:08Z</time></trkpt>
<trkpt lat="44.230864" lon="-76.619478"><ele>41.0</ele><time>2021-08-06T22:52:09Z</time></trkpt>
<trkpt lat="44.230861" lon="-76.619514"><ele>41.0</ele><time>2021-08-06T22:52:10Z</time></trkpt>
<trkpt lat="44.230857" lon="-76.619541"><ele>41.0</ele><time>2021-08-06T22:52:11Z</time></trkpt>
<trkpt lat="44.230854" lon="-76.619577"><ele>41.0</ele><time>2021-08-06T22:52:12Z</time></trkpt>
<trkpt lat="44.230848" lon="-76.619604"><ele>41.0</ele><time>2021-08-06T22:52:13Z</time></trkpt>
<trkpt lat="44.230844" lon="-76.61964"><ele>40.0</ele><time>2021-08-06T22:52:14Z</time></trkpt>
<trkpt lat="44.230838" lon="-76.619667"><ele>40.0</ele><time>2021-08-06T22:52:15Z</time></trkpt>
<trkpt lat="44.230832" lon="-76.619703"><ele>40.0</ele><time>2021-08-06T22:52:16Z</time></trkpt>
<trkpt lat="44.230825" lon="-76.61973"><ele>40.0</ele><time>2021-08-06T22:52:17Z</time></trkpt>
<trkpt lat="44.230819" lon="-76.619766"><ele>40.0</ele><time>2021-08-06T22:52:18Z</time></trkpt>
<trkpt lat="44.230812" lon="-76.619793"><ele>40.0</ele><time>2021-08-06T22:52:19Z</time></trkpt>
<trkpt lat="44.230806" lon="-76.619828"><ele>40.0</ele><time>2021-08-06T22:52:20Z</time></trkpt>
<trkpt lat="44.230799" lon="-76.619855"><ele>41.0</ele><time>2021-08-06T22:52:21Z</time></trkpt>
<trkpt lat="44.230796" lon="-76.619882"><ele>41.0</ele><time>2021-08-06T22:52:22Z</time></trkpt>
<trkpt lat="44.23079" lon="-76.619909"><ele>41.0</ele><time>2021-08-06T22:52:23Z</time></trkpt>
<trkpt lat="44.230783" lon="-76.619945"><ele>41.0</ele><time>2021-08-06T22:52:24Z</time></trkpt>
<trkpt lat="44.230773" lon="-76.619981"><ele>41.0</ele><time>2021-08-06T22:52:25Z</time></trkpt>
<trkpt lat="44.230767" lon="-76.620008"><ele>41.0</ele><time>2021-08-06T22:52:26Z</time></trkpt>
<trkpt lat="44.23076" lon="-76.620044"><ele>41.0</ele><time>2021-08-06T22:52:27Z</time></trkpt>
<trkpt lat="44.230754" lon="-76.620071"><ele>41.0</ele><time>2021-08-06T22:52:28Z</time></trkpt>
<trkpt lat="44.230744" lon="-76.620098"><ele>41.0</ele><time>2021-08-06T22:52:29Z</time></trkpt>
<trkpt lat="44.230738" lon="-76.620134"><ele>41.0</ele><time>2021-08-06T22:52:30Z</time></trkpt>
<trkpt lat="44.230728" lon="-76.620161"><ele>41.0</ele><time>2021-08-06T22:52:31Z</time></trkpt>
<trkpt lat="44.230722" lon="-76.620197"><ele>41.0</ele><time>2021-08-06T22:52:32Z</time></trkpt>
<trkpt lat="44.230712" lon="-76.620224"><ele>41.0</ele><time>2021-08-06T22:52:33Z</time></trkpt>
<trkpt lat="44.230706" lon="-76.620251"><ele>41.0</ele><time>2021-08-06T22:52:34Z</time></trkpt>
<trkpt lat="44.230699" lon="-76.620278"><ele>41.0</ele><time>2021-08-06T22:52:35Z</time></trkpt>
<trkpt lat="44.230693" lon="-76.620314"><ele>41.0</ele><time>2021-08-06T22:52:36Z</time></trkpt>
<trkpt lat="44.230686" lon="-76.62034"><ele>42.0</ele><time>2021-08-06T22:52:37Z</time></trkpt>
<trkpt lat="44.230677" lon="-76.620376"><ele>42.0</ele><time>2021-08-06T22:52:38Z</time></trkpt>
<trkpt lat="44.230667" lon="-76.620403"><ele>42.0</ele><time>2021-08-06T22:52:39Z</time></trkpt>
<trkpt lat="44.230657" lon="-76.62043"><ele>42.0</ele><time>2021-08-06T22:52:40Z</time></trkpt>
<trkpt lat="44.230647" lon="-76.620457"><ele>42.0</ele><time>2021-08-06T22:52:41Z</time></trkpt>
<trkpt lat="44.230635" lon="-76.620493"><ele>42.0</ele><time>2021-08-06T22:52:42Z</time></trkpt>
<trkpt lat="44.230625" lon="-76.62052"><ele>42.0</ele><time>2021-08-06T22:52:43Z</time></trkpt>
<trkpt lat="44.230615" lon="-76.620547"><ele>42.0</ele><time>2021-08-06T22:52:44Z</time></trkpt>
<trkpt lat="44.230605" lon="-76.620574"><ele>42.0</ele><time>2021-08-06T22:52:45Z</time></trkpt>
<trkpt lat="44.230596" lon="-76.62061"><ele>42.0</ele><time>2021-08-06T22:52:46Z</time></trkpt>
<trkpt lat="44.230586" lon="-76.620637"><ele>42.0</ele><time>2021-08-06T22:52:47Z</time></trkpt>
<trkpt lat="44.230576" lon="-76.620664"><ele>42.0</ele><time>2021-08-06T22:52:48Z</time></trkpt>
<trkpt lat="44.230567" lon="-76.6207"><ele>42.0</ele><time>2021-08-06T22:52:49Z</time></trkpt>
<trkpt lat="44.230557" lon="-76.620727"><ele>42.0</ele><time>2021-08-06T22:52:50Z</time></trkpt>
<trkpt lat="44.230544" lon="-76.620754"><ele>42.0</ele><time>2021-08-06T22:52:51Z</time></trkpt>
<trkpt lat="44.230534" lon="-76.620781"><ele>42.0</ele><time>2021-08-06T22:52:52Z</time></trkpt>
<trkpt lat="44.230525" lon="-76.620808"><ele>42.0</ele><time>2021-08-06T22:52:53Z</time></trkpt>
<trkpt lat="44.230515" lon="-76.620835"><ele>42.0</ele><time>2021-08-06T22:52:54Z</time></trkpt>
<trkpt lat="44.230505" lon="-76.620861"><ele>41.0</ele><time>2021-08-06T22:52:55Z</time></trkpt>
<trkpt lat="44.230496" lon="-76.620888"><ele>41.0</ele><time>2021-08-06T22:52:56Z</time></trkpt>
<trkpt lat="44.230486" lon="-76.620915"><ele>41.0</ele><time>2021-08-06T22:52:57Z</time></trkpt>
<trkpt lat="44.230476" lon="-76.620951"><ele>41.0</ele><time>2021-08-06T22:52:58Z</time></trkpt>
<trkpt lat="44.230467" lon="-76.620978"><ele>41.0</ele><time>2021-08-06T22:52:59Z</time></trkpt>
<trkpt lat="44.230457" lon="-76.621005"><ele>41.0</ele><time>2021-08-06T22:53:00Z</time></trkpt>
<trkpt lat="44.230447" lon="-76.621041"><ele>41.0</ele><time>2021-08-06T22:53:01Z</time></trkpt>
<trkpt lat="44.230438" lon="-76.621068"><ele>41.0</ele><time>2021-08-06T22:53:02Z</time></trkpt>
<trkpt lat="44.230425" lon="-76.621095"><ele>41.0</ele><time>2021-08-06T22:53:03Z</time></trkpt>
<trkpt lat="44.230415" lon="-76.621122"><ele>41.0</ele><time>2021-08-06T22:53:04Z</time></trkpt>
<trkpt lat="44.230405" lon="-76.621149"><ele>41.0</ele><time>2021-08-06T22:53:05Z</time></trkpt>
<trkpt lat="44.230396" lon="-76.621176"><ele>41.0</ele><time>2021-08-06T22:53:06Z</time></trkpt>
<trkpt lat="44.230383" lon="-76.621203"><ele>41.0</ele><time>2021-08-06T22:53:07Z</time></trkpt>
<trkpt lat="44.23037" lon="-76.62123"><ele>41.0</ele><time>2021-08-06T22:53:08Z</time></trkpt>
<trkpt lat="44.23036" lon="-76.621248"><ele>42.0</ele><time>2021-08-06T22:53:09Z</time></trkpt>
<trkpt lat="44.23035" lon="-76.621284"><ele>41.0</ele><time>2021-08-06T22:53:10Z</time></trkpt>
<trkpt lat="44.230337" lon="-76.621311"><ele>41.0</ele><time>2021-08-06T22:53:11Z</time></trkpt>
<trkpt lat="44.230328" lon="-76.621338"><ele>41.0</ele><time>2021-08-06T22:53:12Z</time></trkpt>
<trkpt lat="44.230321" lon="-76.621365"><ele>41.0</ele><time>2021-08-06T22:53:13Z</time></trkpt>
<trkpt lat="44.230312" lon="-76.621391"><ele>42.0</ele><time>2021-08-06T22:53:14Z</time></trkpt>
<trkpt lat="44.230302" lon="-76.621418"><ele>42.0</ele><time>2021-08-06T22:53:15Z</time></trkpt>
<trkpt lat="44.230292" lon="-76.621445"><ele>41.0</ele><time>2021-08-06T22:53:16Z</time></trkpt>
<trkpt lat="44.230283" lon="-76.621472"><ele>41.0</ele><time>2021-08-06T22:53:17Z</time></trkpt>
<trkpt lat="44.230273" lon="-76.621499"><ele>41.0</ele><time>2021-08-06T22:53:18Z</time></trkpt>
<trkpt lat="44.230263" lon="-76.621526"><ele>41.0</ele><time>2021-08-06T22:53:19Z</time></trkpt>
<trkpt lat="44.230257" lon="-76.621553"><ele>42.0</ele><time>2021-08-06T22:53:20Z</time></trkpt>
<trkpt lat="44.230247" lon="-76.621589"><ele>42.0</ele><time>2021-08-06T22:53:21Z</time></trkpt>
<trkpt lat="44.230241" lon="-76.621616"><ele>41.0</ele><time>2021-08-06T22:53:22Z</time></trkpt>
<trkpt lat="44.230231" lon="-76.621643"><ele>41.0</ele><time>2021-08-06T22:53:23Z</time></trkpt>
<trkpt lat="44.230224" lon="-76.62167"><ele>41.0</ele><time>2021-08-06T22:53:24Z</time></trkpt>
<trkpt lat="44.230218" lon="-76.621697"><ele>41.0</ele><time>2021-08-06T22:53:25Z</time></trkpt>
<trkpt lat="44.230211" lon="-76.621724"><ele>41.0</ele><time>2021-08-06T22:53:26Z</time></trkpt>
<trkpt lat="44.230205" lon="-76.621751"><ele>41.0</ele><time>2021-08-06T22:53:27Z</time></trkpt>
<trkpt lat="44.230199" lon="-76.621787"><ele>41.0</ele><time>2021-08-06T22:53:28Z</time></trkpt>
<trkpt lat="44.230192" lon="-76.621814"><ele>41.0</ele><time>2021-08-06T22:53:29Z</time></trkpt>
<trkpt lat="44.230189" lon="-76.62185"><ele>42.0</ele><time>2021-08-06T22:53:30Z</time></trkpt>
<trkpt lat="44.230182" lon="-76.621877"><ele>41.0</ele><time>2021-08-06T22:53:31Z</time></trkpt>
<trkpt lat="44.230173" lon="-76.621903"><ele>41.0</ele><time>2021-08-06T22:53:32Z</time></trkpt>
<trkpt lat="44.230169" lon="-76.621939"><ele>41.0</ele><time>2021-08-06T22:53:33Z</time></trkpt>
<trkpt lat="44.230163" lon="-76.621966"><ele>41.0</ele><time>2021-08-06T22:53:34Z</time></trkpt>
<trkpt lat="44.230157" lon="-76.621993"><ele>41.0</ele><time>2021-08-06T22:53:35Z</time></trkpt>
<trkpt lat="44.230153" lon="-76.622029"><ele>41.0</ele><time>2021-08-06T22:53:36Z</time></trkpt>
<trkpt lat="44.230147" lon="-76.622065"><ele>41.0</ele><time>2021-08-06T22:53:37Z</time></trkpt>
<trkpt lat="44.230144" lon="-76.622092"><ele>41.0</ele><time>2021-08-06T22:53:38Z</time></trkpt>
<trkpt lat="44.230137" lon="-76.622119"><ele>42.0</ele><time>2021-08-06T22:53:39Z</time></trkpt>
<trkpt lat="44.230134" lon="-76.622155"><ele>42.0</ele><time>2021-08-06T22:53:40Z</time></trkpt>
<trkpt lat="44.230128" lon="-76.622191"><ele>42.0</ele><time>2021-08-06T22:53:41Z</time></trkpt>
<trkpt lat="44.230124" lon="-76.622218"><ele>42.0</ele><time>2021-08-06T22:53:42Z</time></trkpt>
<trkpt lat="44.230124" lon="-76.622218"><ele>42.0</ele><time>2021-08-06T22:53:43Z</time></trkpt>
<trkpt lat="44.230118" lon="-76.622254"><ele>42.0</ele><time>2021-08-06T22:53:43Z</time></trkpt>
<trkpt lat="44.230115" lon="-76.622281"><ele>42.0</ele><time>2021-08-06T22:53:44Z</time></trkpt>
<trkpt lat="44.230108" lon="-76.622317"><ele>43.0</ele><time>2021-08-06T22:53:45Z</time></trkpt>
<trkpt lat="44.230102" lon="-76.622344"><ele>42.0</ele><time>2021-08-06T22:53:46Z</time></trkpt>
<trkpt lat="44.230095" lon="-76.62238"><ele>42.0</ele><time>2021-08-06T22:53:47Z</time></trkpt>
<trkpt lat="44.230089" lon="-76.622407"><ele>42.0</ele><time>2021-08-06T22:53:48Z</time></trkpt>
<trkpt lat="44.230082" lon="-76.622433"><ele>42.0</ele><time>2021-08-06T22:53:49Z</time></trkpt>
<trkpt lat="44.230079" lon="-76.622469"><ele>42.0</ele><time>2021-08-06T22:53:50Z</time></trkpt>
<trkpt lat="44.230073" lon="-76.622496"><ele>42.0</ele><time>2021-08-06T22:53:51Z</time></trkpt>
<trkpt lat="44.230066" lon="-76.622523"><ele>42.0</ele><time>2021-08-06T22:53:52Z</time></trkpt>
<trkpt lat="44.23006" lon="-76.62255"><ele>42.0</ele><time>2021-08-06T22:53:53Z</time></trkpt>
<trkpt lat="44.230053" lon="-76.622586"><ele>42.0</ele><time>2021-08-06T22:53:54Z</time></trkpt>
<trkpt lat="44.230044" lon="-76.622613"><ele>43.0</ele><time>2021-08-06T22:53:55Z</time></trkpt>
<trkpt lat="44.230037" lon="-76.62264"><ele>43.0</ele><time>2021-08-06T22:53:56Z</time></trkpt>
<trkpt lat="44.230027" lon="-76.622667"><ele>43.0</ele><time>2021-08-06T22:53:57Z</time></trkpt>
<trkpt lat="44.230018" lon="-76.622694"><ele>43.0</ele><time>2021-08-06T22:53:58Z</time></trkpt>
<trkpt lat="44.230008" lon="-76.622721"><ele>43.0</ele><time>2021-08-06T22:53:59Z</time></trkpt>
<trkpt lat="44.229998" lon="-76.622757"><ele>42.0</ele><time>2021-08-06T22:54:00Z</time></trkpt>
<trkpt lat="44.229989" lon="-76.622784"><ele>42.0</ele><time>2021-08-06T22:54:01Z</time></trkpt>
<trkpt lat="44.229979" lon="-76.622802"><ele>42.0</ele><time>2021-08-06T22:54:02Z</time></trkpt>
<trkpt lat="44.229969" lon="-76.622829"><ele>42.0</ele><time>2021-08-06T22:54:03Z</time></trkpt>
<trkpt lat="44.22996" lon="-76.622856"><ele>43.0</ele><time>2021-08-06T22:54:04Z</time></trkpt>
<trkpt lat="44.22995" lon="-76.622874"><ele>42.0</ele><time>2021-08-06T22:54:05Z</time></trkpt>
<trkpt lat="44.22994" lon="-76.622901"><ele>42.0</ele><time>2021-08-06T22:54:06Z</time></trkpt>
<trkpt lat="44.229931" lon="-76.622919"><ele>42.0</ele><time>2021-08-06T22:54:07Z</time></trkpt>
<trkpt lat="44.229918" lon="-76.622937"><ele>42.0</ele><time>2021-08-06T22:54:08Z</time></trkpt>
<trkpt lat="44.229908" lon="-76.622954"><ele>42.0</ele><time>2021-08-06T22:54:09Z</time></trkpt>
<trkpt lat="44.229895" lon="-76.622972"><ele>42.0</ele><time>2021-08-06T22:54:10Z</time></trkpt>
<trkpt lat="44.229885" lon="-76.622981"><ele>42.0</ele><time>2021-08-06T22:54:11Z</time></trkpt>
<trkpt lat="44.229872" lon="-76.62299"><ele>42.0</ele><time>2021-08-06T22:54:12Z</time></trkpt>
<trkpt lat="44.229863" lon="-76.62299"><ele>42.0</ele><time>2021-08-06T22:54:13Z</time></trkpt>
<trkpt lat="44.22985" lon="-76.622999"><ele>42.0</ele><time>2021-08-06T22:54:14Z</time></trkpt>
<trkpt lat="44.22984" lon="-76.622999"><ele>43.0</ele><time>2021-08-06T22:54:15Z</time></trkpt>
<trkpt lat="44.22983" lon="-76.62299"><ele>42.0</ele><time>2021-08-06T22:54:16Z</time></trkpt>
<trkpt lat="44.229821" lon="-76.62299"><ele>43.0</ele><time>2021-08-06T22:54:17Z</time></trkpt>
<trkpt lat="44.229808" lon="-76.622981"><ele>43.0</ele><time>2021-08-06T22:54:18Z</time></trkpt>
<trkpt lat="44.229801" lon="-76.622972"><ele>43.0</ele><time>2021-08-06T22:54:19Z</time></trkpt>
<trkpt lat="44.229792" lon="-76.622963"><ele>43.0</ele><time>2021-08-06T22:54:20Z</time></trkpt>
<trkpt lat="44.229785" lon="-76.622954"><ele>43.0</ele><time>2021-08-06T22:54:21Z</time></trkpt>
<trkpt lat="44.229775" lon="-76.622937"><ele>43.0</ele><time>2021-08-06T22:54:22Z</time></trkpt>
<trkpt lat="44.229769" lon="-76.622928"><ele>43.0</ele><time>2021-08-06T22:54:23Z</time></trkpt>
<trkpt lat="44.229766" lon="-76.622901"><ele>43.0</ele><time>2021-08-06T22:54:24Z</time></trkpt>
<trkpt lat="44.229763" lon="-76.622883"><ele>43.0</ele><time>2021-08-06T22:54:25Z</time></trkpt>
<trkpt lat="44.229759" lon="-76.622865"><ele>43.0</ele><time>2021-08-06T22:54:26Z</time></trkpt>
<trkpt lat="44.229753" lon="-76.622838"><ele>43.0</ele><time>2021-08-06T22:54:27Z</time></trkpt>
<trkpt lat="44.229746" lon="-76.622811"><ele>43.0</ele><time>2021-08-06T22:54:28Z</time></trkpt>
<trkpt lat="44.22974" lon="-76.622793"><ele>43.0</ele><time>2021-08-06T22:54:29Z</time></trkpt>
<trkpt lat="44.229734" lon="-76.622775"><ele>43.0</ele><time>2021-08-06T22:54:30Z</time></trkpt>
<trkpt lat="44.229724" lon="-76.622748"><ele>43.0</ele><time>2021-08-06T22:54:31Z</time></trkpt>
<trkpt lat="44.229714" lon="-76.62273"><ele>43.0</ele><time>2021-08-06T22:54:32Z</time></trkpt>
<trkpt lat="44.229704" lon="-76.622712"><ele>43.0</ele><time>2021-08-06T22:54:33Z</time></trkpt>
<trkpt lat="44.229692" lon="-76.622694"><ele>44.0</ele><time>2021-08-06T22:54:34Z</time></trkpt>
<trkpt lat="44.229682" lon="-76.622676"><ele>43.0</ele><time>2021-08-06T22:54:35Z</time></trkpt>
<trkpt lat="44.229669" lon="-76.622658"><ele>43.0</ele><time>2021-08-06T22:54:36Z</time></trkpt>
<trkpt lat="44.229656" lon="-76.62264"><ele>43.0</ele><time>2021-08-06T22:54:37Z</time></trkpt>
<trkpt lat="44.229643" lon="-76.622622"><ele>43.0</ele><time>2021-08-06T22:54:38Z</time></trkpt>
<trkpt lat="44.229633" lon="-76.622613"><ele>43.0</ele><time>2021-08-06T22:54:39Z</time></trkpt>
<trkpt lat="44.229617" lon="-76.622595"><ele>43.0</ele><time>2021-08-06T22:54:40Z</time></trkpt>
<trkpt lat="44.229598" lon="-76.622586"><ele>43.0</ele><time>2021-08-06T22:54:41Z</time></trkpt>
<trkpt lat="44.229578" lon="-76.622586"><ele>43.0</ele><time>2021-08-06T22:54:42Z</time></trkpt>
<trkpt lat="44.229566" lon="-76.622577"><ele>43.0</ele><time>2021-08-06T22:54:43Z</time></trkpt>
<trkpt lat="44.229556" lon="-76.622568"><ele>43.0</ele><time>2021-08-06T22:54:44Z</time></trkpt>
<trkpt lat="44.229543" lon="-76.622559"><ele>43.0</ele><time>2021-08-06T22:54:45Z</time></trkpt>
<trkpt lat="44.229533" lon="-76.62255"><ele>42.0</ele><time>2021-08-06T22:54:46Z</time></trkpt>
<trkpt lat="44.22952" lon="-76.622541"><ele>42.0</ele><time>2021-08-06T22:54:47Z</time></trkpt>
<trkpt lat="44.229507" lon="-76.622532"><ele>42.0</ele><time>2021-08-06T22:54:48Z</time></trkpt>
<trkpt lat="44.229495" lon="-76.622532"><ele>43.0</ele><time>2021-08-06T22:54:49Z</time></trkpt>
<trkpt lat="44.229485" lon="-76.622514"><ele>42.0</ele><time>2021-08-06T22:54:50Z</time></trkpt>
<trkpt lat="44.229475" lon="-76.622514"><ele>43.0</ele><time>2021-08-06T22:54:51Z</time></trkpt>
<trkpt lat="44.229469" lon="-76.622496"><ele>42.0</ele><time>2021-08-06T22:54:52Z</time></trkpt>
<trkpt lat="44.229459" lon="-76.622487"><ele>42.0</ele><time>2021-08-06T22:54:53Z</time></trkpt>
<trkpt lat="44.229449" lon="-76.622478"><ele>42.0</ele><time>2021-08-06T22:54:54Z</time></trkpt>
<trkpt lat="44.22944" lon="-76.62246"><ele>42.0</ele><time>2021-08-06T22:54:55Z</time></trkpt>
<trkpt lat="44.229433" lon="-76.622442"><ele>42.0</ele><time>2021-08-06T22:54:56Z</time></trkpt>
<trkpt lat="44.229423" lon="-76.622433"><ele>42.0</ele><time>2021-08-06T22:54:57Z</time></trkpt>
<trkpt lat="44.229417" lon="-76.622416"><ele>42.0</ele><time>2021-08-06T22:54:58Z</time></trkpt>
<trkpt lat="44.229411" lon="-76.622398"><ele>42.0</ele><time>2021-08-06T22:54:59Z</time></trkpt>
<trkpt lat="44.229404" lon="-76.622371"><ele>42.0</ele><time>2021-08-06T22:55:00Z</time></trkpt>
<trkpt lat="44.229398" lon="-76.622353"><ele>42.0</ele><time>2021-08-06T22:55:01Z</time></trkpt>
<trkpt lat="44.229391" lon="-76.622335"><ele>42.0</ele><time>2021-08-06T22:55:02Z</time></trkpt>
<trkpt lat="44.229381" lon="-76.622317"><ele>42.0</ele><time>2021-08-06T22:55:03Z</time></trkpt>
<trkpt lat="44.229375" lon="-76.622299"><ele>42.0</ele><time>2021-08-06T22:55:04Z</time></trkpt>
<trkpt lat="44.229369" lon="-76.622272"><ele>42.0</ele><time>2021-08-06T22:55:05Z</time></trkpt>
<trkpt lat="44.229359" lon="-76.622254"><ele>42.0</ele><time>2021-08-06T22:55:06Z</time></trkpt>
<trkpt lat="44.229349" lon="-76.622227"><ele>42.0</ele><time>2021-08-06T22:55:07Z</time></trkpt>
<trkpt lat="44.22934" lon="-76.622209"><ele>42.0</ele><time>2021-08-06T22:55:08Z</time></trkpt>
<trkpt lat="44.22933" lon="-76.622182"><ele>42.0</ele><time>2021-08-06T22:55:09Z</time></trkpt>
<trkpt lat="44.22932" lon="-76.622164"><ele>42.0</ele><time>2021-08-06T22:55:10Z</time></trkpt>
<trkpt lat="44.229307" lon="-76.622137"><ele>42.0</ele><time>2021-08-06T22:55:11Z</time></trkpt>
<trkpt lat="44.229298" lon="-76.622119"><ele>42.0</ele><time>2021-08-06T22:55:12Z</time></trkpt>
<trkpt lat="44.229288" lon="-76.622092"><ele>42.0</ele><time>2021-08-06T22:55:13Z</time></trkpt>
<trkpt lat="44.229278" lon="-76.622065"><ele>42.0</ele><time>2021-08-06T22:55:14Z</time></trkpt>
<trkpt lat="44.229265" lon="-76.622047"><ele>42.0</ele><time>2021-08-06T22:55:15Z</time></trkpt>
<trkpt lat="44.229252" lon="-76.62202"><ele>42.0</ele><time>2021-08-06T22:55:16Z</time></trkpt>
<trkpt lat="44.229246" lon="-76.621993"><ele>42.0</ele><time>2021-08-06T22:55:17Z</time></trkpt>
<trkpt lat="44.229239" lon="-76.621966"><ele>42.0</ele><time>2021-08-06T22:55:18Z</time></trkpt>
<trkpt lat="44.229233" lon="-76.621939"><ele>42.0</ele><time>2021-08-06T22:55:19Z</time></trkpt>
<trkpt lat="44.229226" lon="-76.621912"><ele>42.0</ele><time>2021-08-06T22:55:20Z</time></trkpt>
<trkpt lat="44.22922" lon="-76.621886"><ele>42.0</ele><time>2021-08-06T22:55:21Z</time></trkpt>
<trkpt lat="44.229217" lon="-76.62185"><ele>42.0</ele><time>2021-08-06T22:55:22Z</time></trkpt>
<trkpt lat="44.22921" lon="-76.621823"><ele>41.0</ele><time>2021-08-06T22:55:23Z</time></trkpt>
<trkpt lat="44.229204" lon="-76.621796"><ele>41.0</ele><time>2021-08-06T22:55:24Z</time></trkpt>
<trkpt lat="44.229194" lon="-76.621769"><ele>41.0</ele><time>2021-08-06T22:55:25Z</time></trkpt>
<trkpt lat="44.229184" lon="-76.621742"><ele>42.0</ele><time>2021-08-06T22:55:26Z</time></trkpt>
<trkpt lat="44.229178" lon="-76.621724"><ele>42.0</ele><time>2021-08-06T22:55:27Z</time></trkpt>
<trkpt lat="44.229168" lon="-76.621697"><ele>42.0</ele><time>2021-08-06T22:55:28Z</time></trkpt>
<trkpt lat="44.229159" lon="-76.621661"><ele>42.0</ele><time>2021-08-06T22:55:29Z</time></trkpt>
<trkpt lat="44.229149" lon="-76.621634"><ele>42.0</ele><time>2021-08-06T22:55:30Z</time></trkpt>
<trkpt lat="44.229143" lon="-76.621607"><ele>41.0</ele><time>2021-08-06T22:55:31Z</time></trkpt>
<trkpt lat="44.229133" lon="-76.62158"><ele>41.0</ele><time>2021-08-06T22:55:32Z</time></trkpt>
<trkpt lat="44.229126" lon="-76.621553"><ele>41.0</ele><time>2021-08-06T22:55:33Z</time></trkpt>
<trkpt lat="44.229117" lon="-76.621526"><ele>41.0</ele><time>2021-08-06T22:55:34Z</time></trkpt>
<trkpt lat="44.22911" lon="-76.621499"><ele>42.0</ele><time>2021-08-06T22:55:35Z</time></trkpt>
<trkpt lat="44.229104" lon="-76.621472"><ele>42.0</ele><time>2021-08-06T22:55:36Z</time></trkpt>
<trkpt lat="44.229097" lon="-76.621445"><ele>42.0</ele><time>2021-08-06T22:55:37Z</time></trkpt>
<trkpt lat="44.229088" lon="-76.621418"><ele>42.0</ele><time>2021-08-06T22:55:38Z</time></trkpt>
<trkpt lat="44.229081" lon="-76.621382"><ele>42.0</ele><time>2021-08-06T22:55:39Z</time></trkpt>
<trkpt lat="44.229075" lon="-76.621356"><ele>42.0</ele><time>2021-08-06T22:55:40Z</time></trkpt>
<trkpt lat="44.229068" lon="-76.621329"><ele>42.0</ele><time>2021-08-06T22:55:41Z</time></trkpt>
<trkpt lat="44.229062" lon="-76.621293"><ele>41.0</ele><time>2021-08-06T22:55:42Z</time></trkpt>
<trkpt lat="44.229055" lon="-76.621266"><ele>41.0</ele><time>2021-08-06T22:55:43Z</time></trkpt>
<trkpt lat="44.229046" lon="-76.621239"><ele>41.0</ele><time>2021-08-06T22:55:44Z</time></trkpt>
<trkpt lat="44.229039" lon="-76.621212"><ele>41.0</ele><time>2021-08-06T22:55:45Z</time></trkpt>
<trkpt lat="44.229036" lon="-76.621185"><ele>41.0</ele><time>2021-08-06T22:55:46Z</time></trkpt>
<trkpt lat="44.229029" lon="-76.621149"><ele>41.0</ele><time>2021-08-06T22:55:47Z</time></trkpt>
<trkpt lat="44.229026" lon="-76.621122"><ele>41.0</ele><time>2021-08-06T22:55:48Z</time></trkpt>
<trkpt lat="44.229023" lon="-76.621086"><ele>41.0</ele><time>2021-08-06T22:55:49Z</time></trkpt>
<trkpt lat="44.22902" lon="-76.621059"><ele>41.0</ele><time>2021-08-06T22:55:50Z</time></trkpt>
<trkpt lat="44.229013" lon="-76.621032"><ele>41.0</ele><time>2021-08-06T22:55:51Z</time></trkpt>
<trkpt lat="44.22901" lon="-76.620996"><ele>42.0</ele><time>2021-08-06T22:55:52Z</time></trkpt>
<trkpt lat="44.229007" lon="-76.620969"><ele>42.0</ele><time>2021-08-06T22:55:53Z</time></trkpt>
<trkpt lat="44.229004" lon="-76.620942"><ele>41.0</ele><time>2021-08-06T22:55:54Z</time></trkpt>
<trkpt lat="44.229" lon="-76.620906"><ele>42.0</ele><time>2021-08-06T22:55:55Z</time></trkpt>
<trkpt lat="44.229" lon="-76.62087"><ele>42.0</ele><time>2021-08-06T22:55:56Z</time></trkpt>
<trkpt lat="44.229" lon="-76.620844"><ele>41.0</ele><time>2021-08-06T22:55:57Z</time></trkpt>
<trkpt lat="44.228997" lon="-76.620817"><ele>41.0</ele><time>2021-08-06T22:55:58Z</time></trkpt>
<trkpt lat="44.228997" lon="-76.620781"><ele>41.0</ele><time>2021-08-06T22:55:59Z</time></trkpt>
<trkpt lat="44.228994" lon="-76.620754"><ele>41.0</ele><time>2021-08-06T22:56:00Z</time></trkpt>
<trkpt lat="44.228991" lon="-76.620727"><ele>41.0</ele><time>2021-08-06T22:56:01Z</time></trkpt>
<trkpt lat="44.228984" lon="-76.6207"><ele>41.0</ele><time>2021-08-06T22:56:02Z</time></trkpt>
<trkpt lat="44.228975" lon="-76.620673"><ele>41.0</ele><time>2021-08-06T22:56:03Z</time></trkpt>
<trkpt lat="44.228968" lon="-76.620646"><ele>41.0</ele><time>2021-08-06T22:56:04Z</time></trkpt>
<trkpt lat="44.228958" lon="-76.620619"><ele>41.0</ele><time>2021-08-06T22:56:05Z</time></trkpt>
<trkpt lat="44.228949" lon="-76.620592"><ele>41.0</ele><time>2021-08-06T22:56:06Z</time></trkpt>
<trkpt lat="44.228942" lon="-76.620565"><ele>41.0</ele><time>2021-08-06T22:56:07Z</time></trkpt>
<trkpt lat="44.228933" lon="-76.620538"><ele>41.0</ele><time>2021-08-06T22:56:08Z</time></trkpt>
<trkpt lat="44.228923" lon="-76.62052"><ele>41.0</ele><time>2021-08-06T22:56:09Z</time></trkpt>
<trkpt lat="44.228913" lon="-76.620493"><ele>41.0</ele><time>2021-08-06T22:56:10Z</time></trkpt>
<trkpt lat="44.228904" lon="-76.620475"><ele>41.0</ele><time>2021-08-06T22:56:11Z</time></trkpt>
<trkpt lat="44.228891" lon="-76.620448"><ele>41.0</ele><time>2021-08-06T22:56:12Z</time></trkpt>
<trkpt lat="44.228881" lon="-76.62043"><ele>41.0</ele><time>2021-08-06T22:56:13Z</time></trkpt>
<trkpt lat="44.228868" lon="-76.620403"><ele>42.0</ele><time>2021-08-06T22:56:14Z</time></trkpt>
<trkpt lat="44.228858" lon="-76.620385"><ele>42.0</ele><time>2021-08-06T22:56:15Z</time></trkpt>
<trkpt lat="44.228845" lon="-76.620367"><ele>42.0</ele><time>2021-08-06T22:56:16Z</time></trkpt>
<trkpt lat="44.228832" lon="-76.620349"><ele>42.0</ele><time>2021-08-06T22:56:17Z</time></trkpt>
<trkpt lat="44.228816" lon="-76.620323"><ele>42.0</ele><time>2021-08-06T22:56:18Z</time></trkpt>
<trkpt lat="44.2288" lon="-76.620305"><ele>42.0</ele><time>2021-08-06T22:56:19Z</time></trkpt>
<trkpt lat="44.228787" lon="-76.620287"><ele>42.0</ele><time>2021-08-06T22:56:20Z</time></trkpt>
<trkpt lat="44.228774" lon="-76.620269"><ele>42.0</ele><time>2021-08-06T22:56:21Z</time></trkpt>
<trkpt lat="44.228761" lon="-76.62026"><ele>42.0</ele><time>2021-08-06T22:56:22Z</time></trkpt>
<trkpt lat="44.228749" lon="-76.620242"><ele>43.0</ele><time>2021-08-06T22:56:23Z</time></trkpt>
<trkpt lat="44.228739" lon="-76.620224"><ele>43.0</ele><time>2021-08-06T22:56:24Z</time></trkpt>
<trkpt lat="44.228726" lon="-76.620215"><ele>43.0</ele><time>2021-08-06T22:56:25Z</time></trkpt>
<trkpt lat="44.228716" lon="-76.620197"><ele>42.0</ele><time>2021-08-06T22:56:26Z</time></trkpt>
<trkpt lat="44.228703" lon="-76.620179"><ele>42.0</ele><time>2021-08-06T22:56:27Z</time></trkpt>
<trkpt lat="44.228694" lon="-76.620161"><ele>42.0</ele><time>2021-08-06T22:56:28Z</time></trkpt>
<trkpt lat="44.228687" lon="-76.620143"><ele>43.0</ele><time>2021-08-06T22:56:29Z</time></trkpt>
<trkpt lat="44.228677" lon="-76.620116"><ele>42.0</ele><time>2021-08-06T22:56:30Z</time></trkpt>
<trkpt lat="44.228671" lon="-76.620098"><ele>43.0</ele><time>2021-08-06T22:56:31Z</time></trkpt>
<trkpt lat="44.228661" lon="-76.620071"><ele>43.0</ele><time>2021-08-06T22:56:32Z</time></trkpt>
<trkpt lat="44.228655" lon="-76.620053"><ele>43.0</ele><time>2021-08-06T22:56:33Z</time></trkpt>
<trkpt lat="44.228648" lon="-76.620035"><ele>43.0</ele><time>2021-08-06T22:56:34Z</time></trkpt>
<trkpt lat="44.228642" lon="-76.620017"><ele>43.0</ele><time>2021-08-06T22:56:35Z</time></trkpt>
<trkpt lat="44.228639" lon="-76.61999"><ele>43.0</ele><time>2021-08-06T22:56:36Z</time></trkpt>
<trkpt lat="44.228632" lon="-76.619972"><ele>43.0</ele><time>2021-08-06T22:56:37Z</time></trkpt>
<trkpt lat="44.228623" lon="-76.619945"><ele>43.0</ele><time>2021-08-06T22:56:38Z</time></trkpt>
<trkpt lat="44.228613" lon="-76.619927"><ele>42.0</ele><time>2021-08-06T22:56:39Z</time></trkpt>
<trkpt lat="44.228603" lon="-76.6199"><ele>42.0</ele><time>2021-08-06T22:56:40Z</time></trkpt>
<trkpt lat="44.228593" lon="-76.619882"><ele>42.0</ele><time>2021-08-06T22:56:41Z</time></trkpt>
<trkpt lat="44.228584" lon="-76.619864"><ele>42.0</ele><time>2021-08-06T22:56:42Z</time></trkpt>
<trkpt lat="44.228574" lon="-76.619837"><ele>42.0</ele><time>2021-08-06T22:56:43Z</time></trkpt>
<trkpt lat="44.228564" lon="-76.619819"><ele>42.0</ele><time>2021-08-06T22:56:44Z</time></trkpt>
<trkpt lat="44.228555" lon="-76.619793"><ele>42.0</ele><time>2021-08-06T22:56:45Z</time></trkpt>
<trkpt lat="44.228545" lon="-76.619766"><ele>42.0</ele><time>2021-08-06T22:56:46Z</time></trkpt>
<trkpt lat="44.228532" lon="-76.619748"><ele>42.0</ele><time>2021-08-06T22:56:47Z</time></trkpt>
<trkpt lat="44.228522" lon="-76.619721"><ele>42.0</ele><time>2021-08-06T22:56:48Z</time></trkpt>
<trkpt lat="44.228513" lon="-76.619703"><ele>42.0</ele><time>2021-08-06T22:56:49Z</time></trkpt>
<trkpt lat="44.228503" lon="-76.619685"><ele>42.0</ele><time>2021-08-06T22:56:50Z</time></trkpt>
<trkpt lat="44.228493" lon="-76.619658"><ele>43.0</ele><time>2021-08-06T22:56:51Z</time></trkpt>
<trkpt lat="44.228484" lon="-76.61964"><ele>42.0</ele><time>2021-08-06T22:56:52Z</time></trkpt>
<trkpt lat="44.228474" lon="-76.619622"><ele>42.0</ele><time>2021-08-06T22:56:53Z</time></trkpt>
<trkpt lat="44.228464" lon="-76.619604"><ele>42.0</ele><time>2021-08-06T22:56:54Z</time></trkpt>
<trkpt lat="44.228455" lon="-76.619586"><ele>41.0</ele><time>2021-08-06T22:56:55Z</time></trkpt>
<trkpt lat="44.228448" lon="-76.619559"><ele>41.0</ele><time>2021-08-06T22:56:56Z</time></trkpt>
<trkpt lat="44.228438" lon="-76.619541"><ele>42.0</ele><time>2021-08-06T22:56:57Z</time></trkpt>
<trkpt lat="44.228429" lon="-76.619514"><ele>42.0</ele><time>2021-08-06T22:56:58Z</time></trkpt>
<trkpt lat="44.228419" lon="-76.619496"><ele>43.0</ele><time>2021-08-06T22:56:59Z</time></trkpt>
<trkpt lat="44.228413" lon="-76.619469"><ele>42.0</ele><time>2021-08-06T22:57:00Z</time></trkpt>
<trkpt lat="44.228403" lon="-76.619442"><ele>42.0</ele><time>2021-08-06T22:57:01Z</time></trkpt>
<trkpt lat="44.228393" lon="-76.619424"><ele>42.0</ele><time>2021-08-06T22:57:02Z</time></trkpt>
<trkpt lat="44.228384" lon="-76.619397"><ele>42.0</ele><time>2021-08-06T22:57:03Z</time></trkpt>
<trkpt lat="44.228374" lon="-76.619379"><ele>43.0</ele><time>2021-08-06T22:57:04Z</time></trkpt>
<trkpt lat="44.228364" lon="-76.619352"><ele>43.0</ele><time>2021-08-06T22:57:05Z</time></trkpt>
<trkpt lat="44.228354" lon="-76.619325"><ele>43.0</ele><time>2021-08-06T22:57:06Z</time></trkpt>
<trkpt lat="44.228345" lon="-76.619307"><ele>43.0</ele><time>2021-08-06T22:57:07Z</time></trkpt>
<trkpt lat="44.228335" lon="-76.619281"><ele>43.0</ele><time>2021-08-06T22:57:08Z</time></trkpt>
<trkpt lat="44.228322" lon="-76.619254"><ele>43.0</ele><time>2021-08-06T22:57:09Z</time></trkpt>
<trkpt lat="44.228313" lon="-76.619236"><ele>43.0</ele><time>2021-08-06T22:57:10Z</time></trkpt>
<trkpt lat="44.2283" lon="-76.619209"><ele>43.0</ele><time>2021-08-06T22:57:11Z</time></trkpt>
<trkpt lat="44.22829" lon="-76.619182"><ele>43.0</ele><time>2021-08-06T22:57:12Z</time></trkpt>
<trkpt lat="44.22828" lon="-76.619164"><ele>43.0</ele><time>2021-08-06T22:57:13Z</time></trkpt>
<trkpt lat="44.228271" lon="-76.619137"><ele>43.0</ele><time>2021-08-06T22:57:14Z</time></trkpt>
<trkpt lat="44.228261" lon="-76.619119"><ele>43.0</ele><time>2021-08-06T22:57:15Z</time></trkpt>
<trkpt lat="44.228251" lon="-76.619092"><ele>44.0</ele><time>2021-08-06T22:57:16Z</time></trkpt>
<trkpt lat="44.228238" lon="-76.619065"><ele>43.0</ele><time>2021-08-06T22:57:17Z</time></trkpt>
<trkpt lat="44.228229" lon="-76.619038"><ele>43.0</ele><time>2021-08-06T22:57:18Z</time></trkpt>
<trkpt lat="44.228219" lon="-76.61902"><ele>43.0</ele><time>2021-08-06T22:57:19Z</time></trkpt>
<trkpt lat="44.228209" lon="-76.618993"><ele>43.0</ele><time>2021-08-06T22:57:20Z</time></trkpt>
<trkpt lat="44.228203" lon="-76.618966"><ele>43.0</ele><time>2021-08-06T22:57:21Z</time></trkpt>
<trkpt lat="44.228193" lon="-76.618939"><ele>43.0</ele><time>2021-08-06T22:57:22Z</time></trkpt>
<trkpt lat="44.228183" lon="-76.618912"><ele>43.0</ele><time>2021-08-06T22:57:23Z</time></trkpt>
<trkpt lat="44.228174" lon="-76.618885"><ele>44.0</ele><time>2021-08-06T22:57:24Z</time></trkpt>
<trkpt lat="44.228167" lon="-76.618858"><ele>43.0</ele><time>2021-08-06T22:57:25Z</time></trkpt>
<trkpt lat="44.228161" lon="-76.618822"><ele>43.0</ele><time>2021-08-06T22:57:26Z</time></trkpt>
<trkpt lat="44.228154" lon="-76.618795"><ele>43.0</ele><time>2021-08-06T22:57:27Z</time></trkpt>
<trkpt lat="44.228148" lon="-76.618769"><ele>43.0</ele><time>2021-08-06T22:57:28Z</time></trkpt>
<trkpt lat="44.228141" lon="-76.618742"><ele>43.0</ele><time>2021-08-06T22:57:29Z</time></trkpt>
<trkpt lat="44.228135" lon="-76.618715"><ele>43.0</ele><time>2021-08-06T22:57:30Z</time></trkpt>
<trkpt lat="44.228128" lon="-76.618688"><ele>43.0</ele><time>2021-08-06T22:57:31Z</time></trkpt>
<trkpt lat="44.228125" lon="-76.618661"><ele>43.0</ele><time>2021-08-06T22:57:32Z</time></trkpt>
<trkpt lat="44.228119" lon="-76.618634"><ele>42.0</ele><time>2021-08-06T22:57:33Z</time></trkpt>
<trkpt lat="44.228112" lon="-76.618607"><ele>42.0</ele><time>2021-08-06T22:57:34Z</time></trkpt>
<trkpt lat="44.228099" lon="-76.618589"><ele>43.0</ele><time>2021-08-06T22:57:35Z</time></trkpt>
<trkpt lat="44.228086" lon="-76.618562"><ele>43.0</ele><time>2021-08-06T22:57:36Z</time></trkpt>
<trkpt lat="44.228074" lon="-76.618553"><ele>43.0</ele><time>2021-08-06T22:57:37Z</time></trkpt>
<trkpt lat="44.228057" lon="-76.618535"><ele>43.0</ele><time>2021-08-06T22:57:38Z</time></trkpt>
<trkpt lat="44.228041" lon="-76.618526"><ele>43.0</ele><time>2021-08-06T22:57:39Z</time></trkpt>
<trkpt lat="44.228028" lon="-76.618526"><ele>42.0</ele><time>2021-08-06T22:57:40Z</time></trkpt>
<trkpt lat="44.228012" lon="-76.618517"><ele>42.0</ele><time>2021-08-06T22:57:41Z</time></trkpt>
<trkpt lat="44.227999" lon="-76.618517"><ele>42.0</ele><time>2021-08-06T22:57:42Z</time></trkpt>
<trkpt lat="44.227986" lon="-76.618517"><ele>41.0</ele><time>2021-08-06T22:57:43Z</time></trkpt>
<trkpt lat="44.227973" lon="-76.618517"><ele>42.0</ele><time>2021-08-06T22:57:44Z</time></trkpt>
<trkpt lat="44.227964" lon="-76.618526"><ele>42.0</ele><time>2021-08-06T22:57:45Z</time></trkpt>
<trkpt lat="44.227954" lon="-76.618535"><ele>42.0</ele><time>2021-08-06T22:57:46Z</time></trkpt>
<trkpt lat="44.227948" lon="-76.618553"><ele>42.0</ele><time>2021-08-06T22:57:47Z</time></trkpt>
<trkpt lat="44.227938" lon="-76.618562"><ele>42.0</ele><time>2021-08-06T22:57:48Z</time></trkpt>
<trkpt lat="44.227931" lon="-76.61858"><ele>42.0</ele><time>2021-08-06T22:57:49Z</time></trkpt>
<trkpt lat="44.227928" lon="-76.618598"><ele>42.0</ele><time>2021-08-06T22:57:50Z</time></trkpt>
<trkpt lat="44.227925" lon="-76.618625"><ele>42.0</ele><time>2021-08-06T22:57:51Z</time></trkpt>
<trkpt lat="44.227922" lon="-76.618643"><ele>42.0</ele><time>2021-08-06T22:57:52Z</time></trkpt>
<trkpt lat="44.227922" lon="-76.618661"><ele>42.0</ele><time>2021-08-06T22:57:53Z</time></trkpt>
<trkpt lat="44.227919" lon="-76.618688"><ele>42.0</ele><time>2021-08-06T22:57:54Z</time></trkpt>
<trkpt lat="44.227919" lon="-76.618706"><ele>42.0</ele><time>2021-08-06T22:57:55Z</time></trkpt>
<trkpt lat="44.227915" lon="-76.618733"><ele>43.0</ele><time>2021-08-06T22:57:56Z</time></trkpt>
<trkpt lat="44.227912" lon="-76.618751"><ele>43.0</ele><time>2021-08-06T22:57:57Z</time></trkpt>
<trkpt lat="44.227909" lon="-76.618777"><ele>43.0</ele><time>2021-08-06T22:57:58Z</time></trkpt>
<trkpt lat="44.227902" lon="-76.618804"><ele>43.0</ele><time>2021-08-06T22:57:59Z</time></trkpt>
<trkpt lat="44.227899" lon="-76.618822"><ele>43.0</ele><time>2021-08-06T22:58:00Z</time></trkpt>
<trkpt lat="44.227893" lon="-76.618849"><ele>43.0</ele><time>2021-08-06T22:58:01Z</time></trkpt>
<trkpt lat="44.227889" lon="-76.618867"><ele>43.0</ele><time>2021-08-06T22:58:02Z</time></trkpt>
<trkpt lat="44.227883" lon="-76.618894"><ele>43.0</ele><time>2021-08-06T22:58:03Z</time></trkpt>
<trkpt lat="44.227877" lon="-76.618921"><ele>43.0</ele><time>2021-08-06T22:58:04Z</time></trkpt>
<trkpt lat="44.22787" lon="-76.618948"><ele>43.0</ele><time>2021-08-06T22:58:05Z</time></trkpt>
<trkpt lat="44.22786" lon="-76.618975"><ele>43.0</ele><time>2021-08-06T22:58:06Z</time></trkpt>
<trkpt lat="44.227854" lon="-76.619002"><ele>43.0</ele><time>2021-08-06T22:58:07Z</time></trkpt>
<trkpt lat="44.227844" lon="-76.619029"><ele>43.0</ele><time>2021-08-06T22:58:08Z</time></trkpt>
<trkpt lat="44.227835" lon="-76.619056"><ele>43.0</ele><time>2021-08-06T22:58:09Z</time></trkpt>
<trkpt lat="44.227828" lon="-76.619083"><ele>43.0</ele><time>2021-08-06T22:58:10Z</time></trkpt>
<trkpt lat="44.227822" lon="-76.61911"><ele>43.0</ele><time>2021-08-06T22:58:11Z</time></trkpt>
<trkpt lat="44.227815" lon="-76.619128"><ele>43.0</ele><time>2021-08-06T22:58:12Z</time></trkpt>
<trkpt lat="44.227809" lon="-76.619155"><ele>43.0</ele><time>2021-08-06T22:58:13Z</time></trkpt>
<trkpt lat="44.227802" lon="-76.619182"><ele>43.0</ele><time>2021-08-06T22:58:14Z</time></trkpt>
<trkpt lat="44.227796" lon="-76.619218"><ele>43.0</ele><time>2021-08-06T22:58:15Z</time></trkpt>
<trkpt lat="44.227786" lon="-76.619245"><ele>43.0</ele><time>2021-08-06T22:58:16Z</time></trkpt>
<trkpt lat="44.22778" lon="-76.619272"><ele>43.0</ele><time>2021-08-06T22:58:17Z</time></trkpt>
<trkpt lat="44.227773" lon="-76.619298"><ele>43.0</ele><time>2021-08-06T22:58:18Z</time></trkpt>
<trkpt lat="44.227767" lon="-76.619325"><ele>43.0</ele><time>2021-08-06T22:58:19Z</time></trkpt>
<trkpt lat="44.22776" lon="-76.619352"><ele>43.0</ele><time>2021-08-06T22:58:20Z</time></trkpt>
<trkpt lat="44.227757" lon="-76.619379"><ele>43.0</ele><time>2021-08-06T22:58:21Z</time></trkpt>
<trkpt lat="44.227754" lon="-76.619406"><ele>43.0</ele><time>2021-08-06T22:58:22Z</time></trkpt>
<trkpt lat="44.227747" lon="-76.619433"><ele>43.0</ele><time>2021-08-06T22:58:23Z</time></trkpt>
<trkpt lat="44.227744" lon="-76.61946"><ele>43.0</ele><time>2021-08-06T22:58:24Z</time></trkpt>
<trkpt lat="44.227738" lon="-76.619487"><ele>43.0</ele><time>2021-08-06T22:58:25Z</time></trkpt>
<trkpt lat="44.227734" lon="-76.619514"><ele>43.0</ele><time>2021-08-06T22:58:26Z</time></trkpt>
<trkpt lat="44.227728" lon="-76.619541"><ele>43.0</ele><time>2021-08-06T22:58:27Z</time></trkpt>
<trkpt lat="44.227721" lon="-76.619577"><ele>43.0</ele><time>2021-08-06T22:58:28Z</time></trkpt>
<trkpt lat="44.227715" lon="-76.619604"><ele>44.0</ele><time>2021-08-06T22:58:29Z</time></trkpt>
<trkpt lat="44.227709" lon="-76.619631"><ele>44.0</ele><time>2021-08-06T22:58:30Z</time></trkpt>
<trkpt lat="44.227705" lon="-76.619658"><ele>43.0</ele><time>2021-08-06T22:58:31Z</time></trkpt>
<trkpt lat="44.227702" lon="-76.619694"><ele>43.0</ele><time>2021-08-06T22:58:32Z</time></trkpt>
<trkpt lat="44.227696" lon="-76.619721"><ele>44.0</ele><time>2021-08-06T22:58:33Z</time></trkpt>
<trkpt lat="44.227689" lon="-76.619748"><ele>44.0</ele><time>2021-08-06T22:58:34Z</time></trkpt>
<trkpt lat="44.227683" lon="-76.619775"><ele>44.0</ele><time>2021-08-06T22:58:35Z</time></trkpt>
<trkpt lat="44.227676" lon="-76.619811"><ele>44.0</ele><time>2021-08-06T22:58:36Z</time></trkpt>
<trkpt lat="44.227673" lon="-76.619837"><ele>44.0</ele><time>2021-08-06T22:58:37Z</time></trkpt>
<trkpt lat="44.227667" lon="-76.619864"><ele>44.0</ele><time>2021-08-06T22:58:38Z</time></trkpt>
<trkpt lat="44.22766" lon="-76.619891"><ele>44.0</ele><time>2021-08-06T22:58:39Z</time></trkpt>
<trkpt lat="44.227657" lon="-76.619927"><ele>44.0</ele><time>2021-08-06T22:58:40Z</time></trkpt>
<trkpt lat="44.22765" lon="-76.619954"><ele>44.0</ele><time>2021-08-06T22:58:41Z</time></trkpt>
<trkpt lat="44.227647" lon="-76.619981"><ele>43.0</ele><time>2021-08-06T22:58:42Z</time></trkpt>
<trkpt lat="44.227644" lon="-76.620008"><ele>44.0</ele><time>2021-08-06T22:58:43Z</time></trkpt>
<trkpt lat="44.227638" lon="-76.620044"><ele>44.0</ele><time>2021-08-06T22:58:44Z</time></trkpt>
<trkpt lat="44.227631" lon="-76.620071"><ele>43.0</ele><time>2021-08-06T22:58:45Z</time></trkpt>
<trkpt lat="44.227625" lon="-76.620098"><ele>44.0</ele><time>2021-08-06T22:58:46Z</time></trkpt>
<trkpt lat="44.227618" lon="-76.620134"><ele>43.0</ele><time>2021-08-06T22:58:47Z</time></trkpt>
<trkpt lat="44.227612" lon="-76.620161"><ele>43.0</ele><time>2021-08-06T22:58:48Z</time></trkpt>
<trkpt lat="44.227605" lon="-76.620188"><ele>43.0</ele><time>2021-08-06T22:58:49Z</time></trkpt>
<trkpt lat="44.227602" lon="-76.620224"><ele>43.0</ele><time>2021-08-06T22:58:50Z</time></trkpt>
<trkpt lat="44.227596" lon="-76.620251"><ele>43.0</ele><time>2021-08-06T22:58:51Z</time></trkpt>
<trkpt lat="44.227589" lon="-76.620278"><ele>44.0</ele><time>2021-08-06T22:58:52Z</time></trkpt>
<trkpt lat="44.227583" lon="-76.620305"><ele>43.0</ele><time>2021-08-06T22:58:53Z</time></trkpt>
<trkpt lat="44.227576" lon="-76.62034"><ele>43.0</ele><time>2021-08-06T22:58:54Z</time></trkpt>
<trkpt lat="44.22757" lon="-76.620367"><ele>43.0</ele><time>2021-08-06T22:58:55Z</time></trkpt>
<trkpt lat="44.227563" lon="-76.620394"><ele>43.0</ele><time>2021-08-06T22:58:56Z</time></trkpt>
<trkpt lat="44.227557" lon="-76.62043"><ele>43.0</ele><time>2021-08-06T22:58:57Z</time></trkpt>
<trkpt lat="44.227547" lon="-76.620457"><ele>43.0</ele><time>2021-08-06T22:58:58Z</time></trkpt>
<trkpt lat="44.227541" lon="-76.620484"><ele>43.0</ele><time>2021-08-06T22:58:59Z</time></trkpt>
<trkpt lat="44.227531" lon="-76.620511"><ele>43.0</ele><time>2021-08-06T22:59:00Z</time></trkpt>
<trkpt lat="44.227528" lon="-76.620538"><ele>43.0</ele><time>2021-08-06T22:59:01Z</time></trkpt>
<trkpt lat="44.227521" lon="-76.620565"><ele>44.0</ele><time>2021-08-06T22:59:02Z</time></trkpt>
<trkpt lat="44.227515" lon="-76.620592"><ele>43.0</ele><time>2021-08-06T22:59:03Z</time></trkpt>
<trkpt lat="44.227512" lon="-76.620628"><ele>43.0</ele><time>2021-08-06T22:59:04Z</time></trkpt>
<trkpt lat="44.227505" lon="-76.620655"><ele>43.0</ele><time>2021-08-06T22:59:05Z</time></trkpt>
<trkpt lat="44.227499" lon="-76.620682"><ele>43.0</ele><time>2021-08-06T22:59:06Z</time></trkpt>
<trkpt lat="44.227492" lon="-76.620709"><ele>43.0</ele><time>2021-08-06T22:59:07Z</time></trkpt>
<trkpt lat="44.227489" lon="-76.620736"><ele>43.0</ele><time>2021-08-06T22:59:08Z</time></trkpt>
<trkpt lat="44.227483" lon="-76.620763"><ele>43.0</ele><time>2021-08-06T22:59:09Z</time></trkpt>
<trkpt lat="44.227479" lon="-76.620799"><ele>43.0</ele><time>2021-08-06T22:59:10Z</time></trkpt>
<trkpt lat="44.227473" lon="-76.620826"><ele>43.0</ele><time>2021-08-06T22:59:11Z</time></trkpt>
<trkpt lat="44.227466" lon="-76.620853"><ele>43.0</ele><time>2021-08-06T22:59:12Z</time></trkpt>
<trkpt lat="44.22746" lon="-76.620879"><ele>44.0</ele><time>2021-08-06T22:59:13Z</time></trkpt>
<trkpt lat="44.227453" lon="-76.620906"><ele>44.0</ele><time>2021-08-06T22:59:14Z</time></trkpt>
<trkpt lat="44.227447" lon="-76.620942"><ele>44.0</ele><time>2021-08-06T22:59:15Z</time></trkpt>
<trkpt lat="44.227441" lon="-76.620969"><ele>44.0</ele><time>2021-08-06T22:59:16Z</time></trkpt>
<trkpt lat="44.227434" lon="-76.620996"><ele>44.0</ele><time>2021-08-06T22:59:17Z</time></trkpt>
<trkpt lat="44.227428" lon="-76.621023"><ele>45.0</ele><time>2021-08-06T22:59:18Z</time></trkpt>
<trkpt lat="44.227418" lon="-76.62105"><ele>45.0</ele><time>2021-08-06T22:59:19Z</time></trkpt>
<trkpt lat="44.227411" lon="-76.621077"><ele>45.0</ele><time>2021-08-06T22:59:20Z</time></trkpt>
<trkpt lat="44.227408" lon="-76.621104"><ele>45.0</ele><time>2021-08-06T22:59:21Z</time></trkpt>
<trkpt lat="44.227402" lon="-76.621131"><ele>44.0</ele><time>2021-08-06T22:59:22Z</time></trkpt>
<trkpt lat="44.227399" lon="-76.621158"><ele>44.0</ele><time>2021-08-06T22:59:23Z</time></trkpt>
<trkpt lat="44.227395" lon="-76.621194"><ele>44.0</ele><time>2021-08-06T22:59:24Z</time></trkpt>
<trkpt lat="44.227389" lon="-76.621221"><ele>44.0</ele><time>2021-08-06T22:59:25Z</time></trkpt>
<trkpt lat="44.227386" lon="-76.621248"><ele>44.0</ele><time>2021-08-06T22:59:26Z</time></trkpt>
<trkpt lat="44.227382" lon="-76.621275"><ele>44.0</ele><time>2021-08-06T22:59:27Z</time></trkpt>
<trkpt lat="44.227379" lon="-76.621302"><ele>44.0</ele><time>2021-08-06T22:59:28Z</time></trkpt>
<trkpt lat="44.227376" lon="-76.621338"><ele>45.0</ele><time>2021-08-06T22:59:29Z</time></trkpt>
<trkpt lat="44.227376" lon="-76.621365"><ele>44.0</ele><time>2021-08-06T22:59:30Z</time></trkpt>
<trkpt lat="44.227373" lon="-76.621391"><ele>44.0</ele><time>2021-08-06T22:59:31Z</time></trkpt>
<trkpt lat="44.227369" lon="-76.621418"><ele>44.0</ele><time>2021-08-06T22:59:32Z</time></trkpt>
<trkpt lat="44.227366" lon="-76.621454"><ele>44.0</ele><time>2021-08-06T22:59:33Z</time></trkpt>
<trkpt lat="44.227363" lon="-76.621481"><ele>44.0</ele><time>2021-08-06T22:59:34Z</time></trkpt>
<trkpt lat="44.22736" lon="-76.621508"><ele>45.0</ele><time>2021-08-06T22:59:35Z</time></trkpt>
<trkpt lat="44.227357" lon="-76.621535"><ele>45.0</ele><time>2021-08-06T22:59:36Z</time></trkpt>
<trkpt lat="44.227353" lon="-76.621562"><ele>45.0</ele><time>2021-08-06T22:59:37Z</time></trkpt>
<trkpt lat="44.22735" lon="-76.621598"><ele>44.0</ele><time>2021-08-06T22:59:38Z</time></trkpt>
<trkpt lat="44.227344" lon="-76.621625"><ele>44.0</ele><time>2021-08-06T22:59:39Z</time></trkpt>
<trkpt lat="44.22734" lon="-76.621652"><ele>44.0</ele><time>2021-08-06T22:59:40Z</time></trkpt>
<trkpt lat="44.227337" lon="-76.621688"><ele>44.0</ele><time>2021-08-06T22:59:41Z</time></trkpt>
<trkpt lat="44.227334" lon="-76.621715"><ele>44.0</ele><time>2021-08-06T22:59:42Z</time></trkpt>
<trkpt lat="44.227331" lon="-76.621742"><ele>44.0</ele><time>2021-08-06T22:59:43Z</time></trkpt>
<trkpt lat="44.227327" lon="-76.621778"><ele>46.0</ele><time>2021-08-06T22:59:44Z</time></trkpt>
<trkpt lat="44.227324" lon="-76.621805"><ele>45.0</ele><time>2021-08-06T22:59:45Z</time></trkpt>
<trkpt lat="44.227321" lon="-76.621841"><ele>46.0</ele><time>2021-08-06T22:59:46Z</time></trkpt>
<trkpt lat="44.227318" lon="-76.621868"><ele>46.0</ele><time>2021-08-06T22:59:47Z</time></trkpt>
<trkpt lat="44.227315" lon="-76.621886"><ele>45.0</ele><time>2021-08-06T22:59:48Z</time></trkpt>
<trkpt lat="44.227311" lon="-76.621921"><ele>45.0</ele><time>2021-08-06T22:59:49Z</time></trkpt>
<trkpt lat="44.227311" lon="-76.621948"><ele>45.0</ele><time>2021-08-06T22:59:50Z</time></trkpt>
<trkpt lat="44.227308" lon="-76.621975"><ele>44.0</ele><time>2021-08-06T22:59:51Z</time></trkpt>
<trkpt lat="44.227305" lon="-76.622002"><ele>44.0</ele><time>2021-08-06T22:59:52Z</time></trkpt>
<trkpt lat="44.227305" lon="-76.622038"><ele>44.0</ele><time>2021-08-06T22:59:53Z</time></trkpt>
<trkpt lat="44.227302" lon="-76.622065"><ele>44.0</ele><time>2021-08-06T22:59:54Z</time></trkpt>
<trkpt lat="44.227298" lon="-76.622092"><ele>45.0</ele><time>2021-08-06T22:59:55Z</time></trkpt>
<trkpt lat="44.227292" lon="-76.622119"><ele>45.0</ele><time>2021-08-06T22:59:56Z</time></trkpt>
<trkpt lat="44.227289" lon="-76.622146"><ele>46.0</ele><time>2021-08-06T22:59:57Z</time></trkpt>
<trkpt lat="44.227285" lon="-76.622173"><ele>46.0</ele><time>2021-08-06T22:59:58Z</time></trkpt>
<trkpt lat="44.227279" lon="-76.622209"><ele>46.0</ele><time>2021-08-06T22:59:59Z</time></trkpt>
<trkpt lat="44.227276" lon="-76.622236"><ele>46.0</ele><time>2021-08-06T23:00:00Z</time></trkpt>
<trkpt lat="44.227273" lon="-76.622263"><ele>46.0</ele><time>2021-08-06T23:00:01Z</time></trkpt>
<trkpt lat="44.227269" lon="-76.62229"><ele>45.0</ele><time>2021-08-06T23:00:02Z</time></trkpt>
<trkpt lat="44.227266" lon="-76.622317"><ele>45.0</ele><time>2021-08-06T23:00:03Z</time></trkpt>
<trkpt lat="44.22726" lon="-76.622344"><ele>45.0</ele><time>2021-08-06T23:00:04Z</time></trkpt>
<trkpt lat="44.227256" lon="-76.622371"><ele>44.0</ele><time>2021-08-06T23:00:05Z</time></trkpt>
<trkpt lat="44.227253" lon="-76.622398"><ele>44.0</ele><time>2021-08-06T23:00:06Z</time></trkpt>
<trkpt lat="44.22725" lon="-76.622424"><ele>45.0</ele><time>2021-08-06T23:00:07Z</time></trkpt>
<trkpt lat="44.227244" lon="-76.62246"><ele>45.0</ele><time>2021-08-06T23:00:08Z</time></trkpt>
<trkpt lat="44.22724" lon="-76.622487"><ele>45.0</ele><time>2021-08-06T23:00:09Z</time></trkpt>
<trkpt lat="44.227237" lon="-76.622514"><ele>45.0</ele><time>2021-08-06T23:00:10Z</time></trkpt>
<trkpt lat="44.227237" lon="-76.622541"><ele>45.0</ele><time>2021-08-06T23:00:11Z</time></trkpt>
<trkpt lat="44.227234" lon="-76.622568"><ele>45.0</ele><time>2021-08-06T23:00:12Z</time></trkpt>
<trkpt lat="44.227231" lon="-76.622595"><ele>44.0</ele><time>2021-08-06T23:00:13Z</time></trkpt>
<trkpt lat="44.227227" lon="-76.622622"><ele>44.0</ele><time>2021-08-06T23:00:14Z</time></trkpt>
<trkpt lat="44.227227" lon="-76.622649"><ele>44.0</ele><time>2021-08-06T23:00:15Z</time></trkpt>
<trkpt lat="44.227224" lon="-76.622685"><ele>45.0</ele><time>2021-08-06T23:00:16Z</time></trkpt>
<trkpt lat="44.227218" lon="-76.622712"><ele>45.0</ele><time>2021-08-06T23:00:17Z</time></trkpt>
<trkpt lat="44.227214" lon="-76.622739"><ele>45.0</ele><time>2021-08-06T23:00:18Z</time></trkpt>
<trkpt lat="44.227211" lon="-76.622766"><ele>45.0</ele><time>2021-08-06T23:00:19Z</time></trkpt>
<trkpt lat="44.227205" lon="-76.622793"><ele>45.0</ele><time>2021-08-06T23:00:20Z</time></trkpt>
<trkpt lat="44.227202" lon="-76.622811"><ele>45.0</ele><time>2021-08-06T23:00:21Z</time></trkpt>
<trkpt lat="44.227198" lon="-76.622838"><ele>46.0</ele><time>2021-08-06T23:00:22Z</time></trkpt>
<trkpt lat="44.227192" lon="-76.622865"><ele>45.0</ele><time>2021-08-06T23:00:23Z</time></trkpt>
<trkpt lat="44.227189" lon="-76.622892"><ele>45.0</ele><time>2021-08-06T23:00:24Z</time></trkpt>
<trkpt lat="44.227182" lon="-76.622919"><ele>45.0</ele><time>2021-08-06T23:00:25Z</time></trkpt>
<trkpt lat="44.227176" lon="-76.622937"><ele>45.0</ele><time>2021-08-06T23:00:26Z</time></trkpt>
<trkpt lat="44.227169" lon="-76.622963"><ele>45.0</ele><time>2021-08-06T23:00:27Z</time></trkpt>
<trkpt lat="44.227163" lon="-76.62299"><ele>46.0</ele><time>2021-08-06T23:00:28Z</time></trkpt>
<trkpt lat="44.227156" lon="-76.623017"><ele>46.0</ele><time>2021-08-06T23:00:29Z</time></trkpt>
<trkpt lat="44.22715" lon="-76.623035"><ele>46.0</ele><time>2021-08-06T23:00:30Z</time></trkpt>
<trkpt lat="44.227143" lon="-76.623062"><ele>46.0</ele><time>2021-08-06T23:00:31Z</time></trkpt>
<trkpt lat="44.227137" lon="-76.62308"><ele>46.0</ele><time>2021-08-06T23:00:32Z</time></trkpt>
<trkpt lat="44.22713" lon="-76.623107"><ele>45.0</ele><time>2021-08-06T23:00:33Z</time></trkpt>
<trkpt lat="44.227124" lon="-76.623125"><ele>45.0</ele><time>2021-08-06T23:00:34Z</time></trkpt>
<trkpt lat="44.227118" lon="-76.623143"><ele>45.0</ele><time>2021-08-06T23:00:35Z</time></trkpt>
<trkpt lat="44.227108" lon="-76.62317"><ele>45.0</ele><time>2021-08-06T23:00:36Z</time></trkpt>
<trkpt lat="44.227101" lon="-76.623188"><ele>45.0</ele><time>2021-08-06T23:00:37Z</time></trkpt>
<trkpt lat="44.227092" lon="-76.623206"><ele>45.0</ele><time>2021-08-06T23:00:38Z</time></trkpt>
<trkpt lat="44.227085" lon="-76.623224"><ele>44.0</ele><time>2021-08-06T23:00:39Z</time></trkpt>
<trkpt lat="44.227076" lon="-76.623242"><ele>45.0</ele><time>2021-08-06T23:00:40Z</time></trkpt>
<trkpt lat="44.227066" lon="-76.62326"><ele>45.0</ele><time>2021-08-06T23:00:41Z</time></trkpt>
<trkpt lat="44.227059" lon="-76.623278"><ele>45.0</ele><time>2021-08-06T23:00:42Z</time></trkpt>
<trkpt lat="44.22705" lon="-76.623296"><ele>45.0</ele><time>2021-08-06T23:00:43Z</time></trkpt>
<trkpt lat="44.227043" lon="-76.623314"><ele>45.0</ele><time>2021-08-06T23:00:44Z</time></trkpt>
<trkpt lat="44.227034" lon="-76.623332"><ele>45.0</ele><time>2021-08-06T23:00:45Z</time></trkpt>
<trkpt lat="44.227027" lon="-76.62335"><ele>44.0</ele><time>2021-08-06T23:00:46Z</time></trkpt>
<trkpt lat="44.227021" lon="-76.623368"><ele>45.0</ele><time>2021-08-06T23:00:47Z</time></trkpt>
<trkpt lat="44.227014" lon="-76.623386"><ele>45.0</ele><time>2021-08-06T23:00:48Z</time></trkpt>
<trkpt lat="44.227008" lon="-76.623404"><ele>45.0</ele><time>2021-08-06T23:00:49Z</time></trkpt>
<trkpt lat="44.227001" lon="-76.623422"><ele>45.0</ele><time>2021-08-06T23:00:50Z</time></trkpt>
<trkpt lat="44.226998" lon="-76.62344"><ele>46.0</ele><time>2021-08-06T23:00:51Z</time></trkpt>
<trkpt lat="44.226995" lon="-76.623458"><ele>46.0</ele><time>2021-08-06T23:00:52Z</time></trkpt>
<trkpt lat="44.226992" lon="-76.623475"><ele>46.0</ele><time>2021-08-06T23:00:53Z</time></trkpt>
<trkpt lat="44.226988" lon="-76.623493"><ele>46.0</ele><time>2021-08-06T23:00:54Z</time></trkpt>
<trkpt lat="44.226985" lon="-76.623511"><ele>46.0</ele><time>2021-08-06T23:00:55Z</time></trkpt>
<trkpt lat="44.226982" lon="-76.623529"><ele>46.0</ele><time>2021-08-06T23:00:56Z</time></trkpt>
<trkpt lat="44.226975" lon="-76.623547"><ele>46.0</ele><time>2021-08-06T23:00:57Z</time></trkpt>
<trkpt lat="44.226969" lon="-76.623565"><ele>46.0</ele><time>2021-08-06T23:00:58Z</time></trkpt>
<trkpt lat="44.226963" lon="-76.623574"><ele>46.0</ele><time>2021-08-06T23:00:59Z</time></trkpt>
<trkpt lat="44.226953" lon="-76.623592"><ele>46.0</ele><time>2021-08-06T23:01:00Z</time></trkpt>
<trkpt lat="44.226946" lon="-76.623601"><ele>46.0</ele><time>2021-08-06T23:01:01Z</time></trkpt>
<trkpt lat="44.226937" lon="-76.62361"><ele>46.0</ele><time>2021-08-06T23:01:02Z</time></trkpt>
<trkpt lat="44.22693" lon="-76.623628"><ele>46.0</ele><time>2021-08-06T23:01:03Z</time></trkpt>
<trkpt lat="44.226924" lon="-76.623646"><ele>45.0</ele><time>2021-08-06T23:01:04Z</time></trkpt>
<trkpt lat="44.226921" lon="-76.623655"><ele>46.0</ele><time>2021-08-06T23:01:05Z</time></trkpt>
<trkpt lat="44.226914" lon="-76.623673"><ele>46.0</ele><time>2021-08-06T23:01:06Z</time></trkpt>
<trkpt lat="44.226911" lon="-76.623691"><ele>45.0</ele><time>2021-08-06T23:01:07Z</time></trkpt>
<trkpt lat="44.226908" lon="-76.623709"><ele>45.0</ele><time>2021-08-06T23:01:08Z</time></trkpt>
<trkpt lat="44.226908" lon="-76.623727"><ele>45.0</ele><time>2021-08-06T23:01:09Z</time></trkpt>
<trkpt lat="44.226904" lon="-76.623745"><ele>45.0</ele><time>2021-08-06T23:01:10Z</time></trkpt>
<trkpt lat="44.226904" lon="-76.623763"><ele>45.0</ele><time>2021-08-06T23:01:11Z</time></trkpt>
<trkpt lat="44.226904" lon="-76.62379"><ele>45.0</ele><time>2021-08-06T23:01:12Z</time></trkpt>
<trkpt lat="44.226908" lon="-76.623808"><ele>44.0</ele><time>2021-08-06T23:01:13Z</time></trkpt>
<trkpt lat="44.226911" lon="-76.623826"><ele>44.0</ele><time>2021-08-06T23:01:14Z</time></trkpt>
<trkpt lat="44.226914" lon="-76.623853"><ele>44.0</ele><time>2021-08-06T23:01:15Z</time></trkpt>
<trkpt lat="44.226917" lon="-76.623871"><ele>44.0</ele><time>2021-08-06T23:01:16Z</time></trkpt>
<trkpt lat="44.226921" lon="-76.623889"><ele>44.0</ele><time>2021-08-06T23:01:17Z</time></trkpt>
<trkpt lat="44.226921" lon="-76.623916"><ele>43.0</ele><time>2021-08-06T23:01:18Z</time></trkpt>
<trkpt lat="44.226917" lon="-76.623934"><ele>44.0</ele><time>2021-08-06T23:01:19Z</time></trkpt>
<trkpt lat="44.226914" lon="-76.623952"><ele>44.0</ele><time>2021-08-06T23:01:20Z</time></trkpt>
<trkpt lat="44.226911" lon="-76.623979"><ele>44.0</ele><time>2021-08-06T23:01:21Z</time></trkpt>
<trkpt lat="44.226908" lon="-76.623996"><ele>44.0</ele><time>2021-08-06T23:01:22Z</time></trkpt>
<trkpt lat="44.226901" lon="-76.624014"><ele>44.0</ele><time>2021-08-06T23:01:23Z</time></trkpt>
<trkpt lat="44.226898" lon="-76.624041"><ele>44.0</ele><time>2021-08-06T23:01:24Z</time></trkpt>
<trkpt lat="44.226895" lon="-76.624059"><ele>45.0</ele><time>2021-08-06T23:01:25Z</time></trkpt>
<trkpt lat="44.226891" lon="-76.624086"><ele>44.0</ele><time>2021-08-06T23:01:26Z</time></trkpt>
<trkpt lat="44.226888" lon="-76.624104"><ele>45.0</ele><time>2021-08-06T23:01:27Z</time></trkpt>
<trkpt lat="44.226885" lon="-76.624131"><ele>45.0</ele><time>2021-08-06T23:01:28Z</time></trkpt>
<trkpt lat="44.226885" lon="-76.624149"><ele>45.0</ele><time>2021-08-06T23:01:29Z</time></trkpt>
<trkpt lat="44.226882" lon="-76.624167"><ele>45.0</ele><time>2021-08-06T23:01:30Z</time></trkpt>
<trkpt lat="44.226879" lon="-76.624194"><ele>46.0</ele><time>2021-08-06T23:01:31Z</time></trkpt>
<trkpt lat="44.226875" lon="-76.624212"><ele>46.0</ele><time>2021-08-06T23:01:32Z</time></trkpt>
<trkpt lat="44.226872" lon="-76.624239"><ele>46.0</ele><time>2021-08-06T23:01:33Z</time></trkpt>
<trkpt lat="44.226869" lon="-76.624257"><ele>46.0</ele><time>2021-08-06T23:01:34Z</time></trkpt>
<trkpt lat="44.226862" lon="-76.624275"><ele>46.0</ele><time>2021-08-06T23:01:35Z</time></trkpt>
<trkpt lat="44.226859" lon="-76.624293"><ele>46.0</ele><time>2021-08-06T23:01:36Z</time></trkpt>
<trkpt lat="44.226859" lon="-76.62432"><ele>45.0</ele><time>2021-08-06T23:01:37Z</time></trkpt>
<trkpt lat="44.226856" lon="-76.624338"><ele>45.0</ele><time>2021-08-06T23:01:38Z</time></trkpt>
<trkpt lat="44.226853" lon="-76.624356"><ele>44.0</ele><time>2021-08-06T23:01:39Z</time></trkpt>
<trkpt lat="44.226853" lon="-76.624374"><ele>44.0</ele><time>2021-08-06T23:01:40Z</time></trkpt>
<trkpt lat="44.226846" lon="-76.624383"><ele>44.0</ele><time>2021-08-06T23:01:41Z</time></trkpt>
<trkpt lat="44.22684" lon="-76.624401"><ele>44.0</ele><time>2021-08-06T23:01:42Z</time></trkpt>
<trkpt lat="44.226833" lon="-76.624401"><ele>44.0</ele><time>2021-08-06T23:01:43Z</time></trkpt>
<trkpt lat="44.226827" lon="-76.62441"><ele>44.0</ele><time>2021-08-06T23:01:44Z</time></trkpt>
<trkpt lat="44.226817" lon="-76.62441"><ele>44.0</ele><time>2021-08-06T23:01:45Z</time></trkpt>
<trkpt lat="44.226811" lon="-76.624419"><ele>45.0</ele><time>2021-08-06T23:01:46Z</time></trkpt>
<trkpt lat="44.226801" lon="-76.62441"><ele>45.0</ele><time>2021-08-06T23:01:47Z</time></trkpt>
<trkpt lat="44.226795" lon="-76.62441"><ele>45.0</ele><time>2021-08-06T23:01:48Z</time></trkpt>
<trkpt lat="44.226788" lon="-76.62441"><ele>45.0</ele><time>2021-08-06T23:01:49Z</time></trkpt>
<trkpt lat="44.226782" lon="-76.624401"><ele>45.0</ele><time>2021-08-06T23:01:50Z</time></trkpt>
<trkpt lat="44.226775" lon="-76.624401"><ele>45.0</ele><time>2021-08-06T23:01:51Z</time></trkpt>
<trkpt lat="44.226769" lon="-76.624392"><ele>45.0</ele><time>2021-08-06T23:01:52Z</time></trkpt>
<trkpt lat="44.226766" lon="-76.624392"><ele>44.0</ele><time>2021-08-06T23:01:53Z</time></trkpt>
<trkpt lat="44.226759" lon="-76.624383"><ele>44.0</ele><time>2021-08-06T23:01:54Z</time></trkpt>
<trkpt lat="44.226753" lon="-76.624383"><ele>44.0</ele><time>2021-08-06T23:01:55Z</time></trkpt>
<trkpt lat="44.226746" lon="-76.624374"><ele>43.0</ele><time>2021-08-06T23:01:56Z</time></trkpt>
<trkpt lat="44.226743" lon="-76.624374"><ele>43.0</ele><time>2021-08-06T23:01:57Z</time></trkpt>
<trkpt lat="44.22674" lon="-76.624374"><ele>43.0</ele><time>2021-08-06T23:01:58Z</time></trkpt>
<trkpt lat="44.226736" lon="-76.624365"><ele>43.0</ele><time>2021-08-06T23:01:59Z</time></trkpt>
<trkpt lat="44.22673" lon="-76.624365"><ele>43.0</ele><time>2021-08-06T23:02:00Z</time></trkpt>
<trkpt lat="44.226727" lon="-76.624365"><ele>43.0</ele><time>2021-08-06T23:02:01Z</time></trkpt>
<trkpt lat="44.22672" lon="-76.624356"><ele>42.0</ele><time>2021-08-06T23:02:02Z</time></trkpt>
<trkpt lat="44.226714" lon="-76.624347"><ele>43.0</ele><time>2021-08-06T23:02:03Z</time></trkpt>
<trkpt lat="44.226711" lon="-76.624347"><ele>43.0</ele><time>2021-08-06T23:02:04Z</time></trkpt>
<trkpt lat="44.226704" lon="-76.624338"><ele>43.0</ele><time>2021-08-06T23:02:05Z</time></trkpt>
<trkpt lat="44.226698" lon="-76.624329"><ele>43.0</ele><time>2021-08-06T23:02:06Z</time></trkpt>
<trkpt lat="44.226691" lon="-76.62432"><ele>43.0</ele><time>2021-08-06T23:02:07Z</time></trkpt>
<trkpt lat="44.226688" lon="-76.624302"><ele>43.0</ele><time>2021-08-06T23:02:08Z</time></trkpt>
<trkpt lat="44.226682" lon="-76.624293"><ele>42.0</ele><time>2021-08-06T23:02:09Z</time></trkpt>
<trkpt lat="44.226675" lon="-76.624275"><ele>43.0</ele><time>2021-08-06T23:02:10Z</time></trkpt>
<trkpt lat="44.226669" lon="-76.624266"><ele>42.0</ele><time>2021-08-06T23:02:11Z</time></trkpt>
<trkpt lat="44.226662" lon="-76.624248"><ele>43.0</ele><time>2021-08-06T23:02:12Z</time></trkpt>
<trkpt lat="44.226659" lon="-76.62423"><ele>43.0</ele><time>2021-08-06T23:02:13Z</time></trkpt>
<trkpt lat="44.226646" lon="-76.624212"><ele>43.0</ele><time>2021-08-06T23:02:14Z</time></trkpt>
<trkpt lat="44.22664" lon="-76.624194"><ele>42.0</ele><time>2021-08-06T23:02:15Z</time></trkpt>
<trkpt lat="44.22663" lon="-76.624185"><ele>43.0</ele><time>2021-08-06T23:02:16Z</time></trkpt>
<trkpt lat="44.22662" lon="-76.624167"><ele>41.0</ele><time>2021-08-06T23:02:17Z</time></trkpt>
<trkpt lat="44.226614" lon="-76.62414"><ele>41.0</ele><time>2021-08-06T23:02:18Z</time></trkpt>
<trkpt lat="44.226607" lon="-76.624122"><ele>41.0</ele><time>2021-08-06T23:02:19Z</time></trkpt>
<trkpt lat="44.226604" lon="-76.624104"><ele>41.0</ele><time>2021-08-06T23:02:20Z</time></trkpt>
<trkpt lat="44.226598" lon="-76.624095"><ele>41.0</ele><time>2021-08-06T23:02:21Z</time></trkpt>
<trkpt lat="44.226591" lon="-76.624077"><ele>41.0</ele><time>2021-08-06T23:02:22Z</time></trkpt>
<trkpt lat="44.226585" lon="-76.624068"><ele>40.0</ele><time>2021-08-06T23:02:23Z</time></trkpt>
<trkpt lat="44.226578" lon="-76.62405"><ele>40.0</ele><time>2021-08-06T23:02:24Z</time></trkpt>
<trkpt lat="44.226575" lon="-76.624032"><ele>40.0</ele><time>2021-08-06T23:02:25Z</time></trkpt>
<trkpt lat="44.226575" lon="-76.624014"><ele>40.0</ele><time>2021-08-06T23:02:26Z</time></trkpt>
<trkpt lat="44.226569" lon="-76.624005"><ele>40.0</ele><time>2021-08-06T23:02:27Z</time></trkpt>
<trkpt lat="44.226565" lon="-76.623988"><ele>41.0</ele><time>2021-08-06T23:02:28Z</time></trkpt>
<trkpt lat="44.226562" lon="-76.62397"><ele>40.0</ele><time>2021-08-06T23:02:29Z</time></trkpt>
<trkpt lat="44.226556" lon="-76.623952"><ele>40.0</ele><time>2021-08-06T23:02:30Z</time></trkpt>
<trkpt lat="44.226549" lon="-76.623934"><ele>40.0</ele><time>2021-08-06T23:02:31Z</time></trkpt>
<trkpt lat="44.226546" lon="-76.623916"><ele>40.0</ele><time>2021-08-06T23:02:32Z</time></trkpt>
<trkpt lat="44.226543" lon="-76.623898"><ele>40.0</ele><time>2021-08-06T23:02:33Z</time></trkpt>
<trkpt lat="44.226539" lon="-76.62388"><ele>40.0</ele><time>2021-08-06T23:02:34Z</time></trkpt>
<trkpt lat="44.226536" lon="-76.623853"><ele>41.0</ele><time>2021-08-06T23:02:35Z</time></trkpt>
<trkpt lat="44.226536" lon="-76.623835"><ele>41.0</ele><time>2021-08-06T23:02:36Z</time></trkpt>
<trkpt lat="44.226533" lon="-76.623817"><ele>42.0</ele><time>2021-08-06T23:02:37Z</time></trkpt>
<trkpt lat="44.22653" lon="-76.623799"><ele>42.0</ele><time>2021-08-06T23:02:38Z</time></trkpt>
<trkpt lat="44.22653" lon="-76.623772"><ele>42.0</ele><time>2021-08-06T23:02:39Z</time></trkpt>
<trkpt lat="44.226527" lon="-76.623754"><ele>42.0</ele><time>2021-08-06T23:02:40Z</time></trkpt>
<trkpt lat="44.226523" lon="-76.623736"><ele>42.0</ele><time>2021-08-06T23:02:41Z</time></trkpt>
<trkpt lat="44.22652" lon="-76.623718"><ele>43.0</ele><time>2021-08-06T23:02:42Z</time></trkpt>
<trkpt lat="44.226514" lon="-76.6237"><ele>43.0</ele><time>2021-08-06T23:02:43Z</time></trkpt>
<trkpt lat="44.22651" lon="-76.623691"><ele>43.0</ele><time>2021-08-06T23:02:44Z</time></trkpt>
<trkpt lat="44.226504" lon="-76.623673"><ele>43.0</ele><time>2021-08-06T23:02:45Z</time></trkpt>
<trkpt lat="44.226497" lon="-76.623655"><ele>43.0</ele><time>2021-08-06T23:02:46Z</time></trkpt>
<trkpt lat="44.226488" lon="-76.623637"><ele>43.0</ele><time>2021-08-06T23:02:47Z</time></trkpt>
<trkpt lat="44.226481" lon="-76.623619"><ele>43.0</ele><time>2021-08-06T23:02:48Z</time></trkpt>
<trkpt lat="44.226475" lon="-76.623601"><ele>43.0</ele><time>2021-08-06T23:02:49Z</time></trkpt>
<trkpt lat="44.226472" lon="-76.623583"><ele>43.0</ele><time>2021-08-06T23:02:50Z</time></trkpt>
<trkpt lat="44.226468" lon="-76.623565"><ele>42.0</ele><time>2021-08-06T23:02:51Z</time></trkpt>
<trkpt lat="44.226465" lon="-76.623547"><ele>42.0</ele><time>2021-08-06T23:02:52Z</time></trkpt>
<trkpt lat="44.226459" lon="-76.623529"><ele>43.0</ele><time>2021-08-06T23:02:53Z</time></trkpt>
<trkpt lat="44.226455" lon="-76.623511"><ele>43.0</ele><time>2021-08-06T23:02:54Z</time></trkpt>
<trkpt lat="44.226452" lon="-76.623493"><ele>43.0</ele><time>2021-08-06T23:02:55Z</time></trkpt>
<trkpt lat="44.226449" lon="-76.623475"><ele>43.0</ele><time>2021-08-06T23:02:56Z</time></trkpt>
<trkpt lat="44.226446" lon="-76.623458"><ele>43.0</ele><time>2021-08-06T23:02:57Z</time></trkpt>
<trkpt lat="44.226436" lon="-76.62344"><ele>44.0</ele><time>2021-08-06T23:02:58Z</time></trkpt>
<trkpt lat="44.226426" lon="-76.623413"><ele>44.0</ele><time>2021-08-06T23:02:59Z</time></trkpt>
<trkpt lat="44.226417" lon="-76.623395"><ele>44.0</ele><time>2021-08-06T23:03:00Z</time></trkpt>
<trkpt lat="44.226413" lon="-76.623377"><ele>44.0</ele><time>2021-08-06T23:03:01Z</time></trkpt>
<trkpt lat="44.22641" lon="-76.623368"><ele>44.0</ele><time>2021-08-06T23:03:02Z</time></trkpt>
<trkpt lat="44.226407" lon="-76.62335"><ele>44.0</ele><time>2021-08-06T23:03:03Z</time></trkpt>
<trkpt lat="44.226404" lon="-76.623332"><ele>44.0</ele><time>2021-08-06T23:03:04Z</time></trkpt>
<trkpt lat="44.226401" lon="-76.623314"><ele>44.0</ele><time>2021-08-06T23:03:05Z</time></trkpt>
<trkpt lat="44.226394" lon="-76.623296"><ele>44.0</ele><time>2021-08-06T23:03:06Z</time></trkpt>
<trkpt lat="44.226394" lon="-76.623278"><ele>43.0</ele><time>2021-08-06T23:03:07Z</time></trkpt>
<trkpt lat="44.226394" lon="-76.62326"><ele>43.0</ele><time>2021-08-06T23:03:08Z</time></trkpt>
<trkpt lat="44.226391" lon="-76.623233"><ele>44.0</ele><time>2021-08-06T23:03:09Z</time></trkpt>
<trkpt lat="44.226391" lon="-76.623215"><ele>44.0</ele><time>2021-08-06T23:03:10Z</time></trkpt>
<trkpt lat="44.226384" lon="-76.623197"><ele>44.0</ele><time>2021-08-06T23:03:11Z</time></trkpt>
<trkpt lat="44.226381" lon="-76.623179"><ele>44.0</ele><time>2021-08-06T23:03:12Z</time></trkpt>
<trkpt lat="44.226378" lon="-76.623161"><ele>44.0</ele><time>2021-08-06T23:03:13Z</time></trkpt>
<trkpt lat="44.226375" lon="-76.623134"><ele>44.0</ele><time>2021-08-06T23:03:14Z</time></trkpt>
<trkpt lat="44.226375" lon="-76.623116"><ele>44.0</ele><time>2021-08-06T23:03:15Z</time></trkpt>
<trkpt lat="44.226372" lon="-76.623098"><ele>45.0</ele><time>2021-08-06T23:03:16Z</time></trkpt>
<trkpt lat="44.226368" lon="-76.623071"><ele>44.0</ele><time>2021-08-06T23:03:17Z</time></trkpt>
<trkpt lat="44.226368" lon="-76.623053"><ele>45.0</ele><time>2021-08-06T23:03:18Z</time></trkpt>
<trkpt lat="44.226365" lon="-76.623035"><ele>44.0</ele><time>2021-08-06T23:03:19Z</time></trkpt>
<trkpt lat="44.226362" lon="-76.623017"><ele>44.0</ele><time>2021-08-06T23:03:20Z</time></trkpt>
<trkpt lat="44.226362" lon="-76.62299"><ele>44.0</ele><time>2021-08-06T23:03:21Z</time></trkpt>
<trkpt lat="44.226359" lon="-76.622972"><ele>44.0</ele><time>2021-08-06T23:03:22Z</time></trkpt>
<trkpt lat="44.226355" lon="-76.622954"><ele>45.0</ele><time>2021-08-06T23:03:23Z</time></trkpt>
<trkpt lat="44.226352" lon="-76.622937"><ele>44.0</ele><time>2021-08-06T23:03:24Z</time></trkpt>
<trkpt lat="44.226352" lon="-76.622919"><ele>44.0</ele><time>2021-08-06T23:03:25Z</time></trkpt>
<trkpt lat="44.226349" lon="-76.622901"><ele>45.0</ele><time>2021-08-06T23:03:26Z</time></trkpt>
<trkpt lat="44.226346" lon="-76.622883"><ele>44.0</ele><time>2021-08-06T23:03:27Z</time></trkpt>
<trkpt lat="44.226342" lon="-76.622865"><ele>44.0</ele><time>2021-08-06T23:03:28Z</time></trkpt>
<trkpt lat="44.226342" lon="-76.622838"><ele>44.0</ele><time>2021-08-06T23:03:29Z</time></trkpt>
<trkpt lat="44.226339" lon="-76.62282"><ele>44.0</ele><time>2021-08-06T23:03:30Z</time></trkpt>
<trkpt lat="44.226336" lon="-76.622802"><ele>44.0</ele><time>2021-08-06T23:03:31Z</time></trkpt>
<trkpt lat="44.226336" lon="-76.622784"><ele>44.0</ele><time>2021-08-06T23:03:32Z</time></trkpt>
<trkpt lat="44.226333" lon="-76.622766"><ele>45.0</ele><time>2021-08-06T23:03:33Z</time></trkpt>
<trkpt lat="44.22633" lon="-76.622748"><ele>44.0</ele><time>2021-08-06T23:03:34Z</time></trkpt>
<trkpt lat="44.22633" lon="-76.62273"><ele>45.0</ele><time>2021-08-06T23:03:35Z</time></trkpt>
<trkpt lat="44.226326" lon="-76.622712"><ele>45.0</ele><time>2021-08-06T23:03:36Z</time></trkpt>
<trkpt lat="44.226323" lon="-76.622694"><ele>44.0</ele><time>2021-08-06T23:03:37Z</time></trkpt>
<trkpt lat="44.22632" lon="-76.622676"><ele>45.0</ele><time>2021-08-06T23:03:38Z</time></trkpt>
<trkpt lat="44.226317" lon="-76.622658"><ele>45.0</ele><time>2021-08-06T23:03:39Z</time></trkpt>
<trkpt lat="44.226317" lon="-76.62264"><ele>44.0</ele><time>2021-08-06T23:03:40Z</time></trkpt>
<trkpt lat="44.226313" lon="-76.622622"><ele>44.0</ele><time>2021-08-06T23:03:41Z</time></trkpt>
<trkpt lat="44.22631" lon="-76.622604"><ele>44.0</ele><time>2021-08-06T23:03:42Z</time></trkpt>
<trkpt lat="44.22631" lon="-76.622586"><ele>45.0</ele><time>2021-08-06T23:03:43Z</time></trkpt>
<trkpt lat="44.226307" lon="-76.622568"><ele>45.0</ele><time>2021-08-06T23:03:44Z</time></trkpt>
<trkpt lat="44.226304" lon="-76.62255"><ele>45.0</ele><time>2021-08-06T23:03:45Z</time></trkpt>
<trkpt lat="44.2263" lon="-76.622532"><ele>45.0</ele><time>2021-08-06T23:03:46Z</time></trkpt>
<trkpt lat="44.226297" lon="-76.622514"><ele>45.0</ele><time>2021-08-06T23:03:47Z</time></trkpt>
<trkpt lat="44.226294" lon="-76.622496"><ele>45.0</ele><time>2021-08-06T23:03:48Z</time></trkpt>
<trkpt lat="44.226291" lon="-76.622478"><ele>45.0</ele><time>2021-08-06T23:03:49Z</time></trkpt>
<trkpt lat="44.226288" lon="-76.62246"><ele>45.0</ele><time>2021-08-06T23:03:50Z</time></trkpt>
<trkpt lat="44.226281" lon="-76.622442"><ele>46.0</ele><time>2021-08-06T23:03:51Z</time></trkpt>
<trkpt lat="44.226278" lon="-76.622424"><ele>46.0</ele><time>2021-08-06T23:03:52Z</time></trkpt>
<trkpt lat="44.226271" lon="-76.622407"><ele>45.0</ele><time>2021-08-06T23:03:53Z</time></trkpt>
<trkpt lat="44.226265" lon="-76.622389"><ele>45.0</ele><time>2021-08-06T23:03:54Z</time></trkpt>
<trkpt lat="44.226258" lon="-76.622371"><ele>45.0</ele><time>2021-08-06T23:03:55Z</time></trkpt>
<trkpt lat="44.226255" lon="-76.622353"><ele>45.0</ele><time>2021-08-06T23:03:56Z</time></trkpt>
<trkpt lat="44.226252" lon="-76.622326"><ele>46.0</ele><time>2021-08-06T23:03:57Z</time></trkpt>
<trkpt lat="44.226249" lon="-76.622308"><ele>46.0</ele><time>2021-08-06T23:03:58Z</time></trkpt>
<trkpt lat="44.226242" lon="-76.62229"><ele>46.0</ele><time>2021-08-06T23:03:59Z</time></trkpt>
<trkpt lat="44.226239" lon="-76.622263"><ele>46.0</ele><time>2021-08-06T23:04:00Z</time></trkpt>
<trkpt lat="44.226236" lon="-76.622245"><ele>46.0</ele><time>2021-08-06T23:04:01Z</time></trkpt>
<trkpt lat="44.226233" lon="-76.622227"><ele>46.0</ele><time>2021-08-06T23:04:02Z</time></trkpt>
<trkpt lat="44.226229" lon="-76.6222"><ele>46.0</ele><time>2021-08-06T23:04:03Z</time></trkpt>
<trkpt lat="44.226226" lon="-76.622182"><ele>45.0</ele><time>2021-08-06T23:04:04Z</time></trkpt>
<trkpt lat="44.226223" lon="-76.622164"><ele>46.0</ele><time>2021-08-06T23:04:05Z</time></trkpt>
<trkpt lat="44.226223" lon="-76.622137"><ele>45.0</ele><time>2021-08-06T23:04:06Z</time></trkpt>
<trkpt lat="44.22622" lon="-76.622119"><ele>45.0</ele><time>2021-08-06T23:04:07Z</time></trkpt>
<trkpt lat="44.226216" lon="-76.622092"><ele>46.0</ele><time>2021-08-06T23:04:08Z</time></trkpt>
<trkpt lat="44.226216" lon="-76.622092"><ele>46.0</ele><time>2021-08-06T23:04:09Z</time></trkpt>
<trkpt lat="44.226213" lon="-76.622074"><ele>46.0</ele><time>2021-08-06T23:04:09Z</time></trkpt>
<trkpt lat="44.226213" lon="-76.622047"><ele>46.0</ele><time>2021-08-06T23:04:10Z</time></trkpt>
<trkpt lat="44.226213" lon="-76.622029"><ele>46.0</ele><time>2021-08-06T23:04:11Z</time></trkpt>
<trkpt lat="44.226213" lon="-76.622011"><ele>46.0</ele><time>2021-08-06T23:04:12Z</time></trkpt>
<trkpt lat="44.226213" lon="-76.621984"><ele>46.0</ele><time>2021-08-06T23:04:13Z</time></trkpt>
<trkpt lat="44.22621" lon="-76.621966"><ele>46.0</ele><time>2021-08-06T23:04:14Z</time></trkpt>
<trkpt lat="44.226207" lon="-76.621939"><ele>47.0</ele><time>2021-08-06T23:04:15Z</time></trkpt>
<trkpt lat="44.226204" lon="-76.621912"><ele>46.0</ele><time>2021-08-06T23:04:16Z</time></trkpt>
<trkpt lat="44.2262" lon="-76.621895"><ele>46.0</ele><time>2021-08-06T23:04:17Z</time></trkpt>
<trkpt lat="44.226194" lon="-76.621877"><ele>46.0</ele><time>2021-08-06T23:04:18Z</time></trkpt>
<trkpt lat="44.226187" lon="-76.621859"><ele>46.0</ele><time>2021-08-06T23:04:19Z</time></trkpt>
<trkpt lat="44.226181" lon="-76.621841"><ele>46.0</ele><time>2021-08-06T23:04:20Z</time></trkpt>
<trkpt lat="44.226174" lon="-76.621814"><ele>46.0</ele><time>2021-08-06T23:04:21Z</time></trkpt>
<trkpt lat="44.226165" lon="-76.621796"><ele>46.0</ele><time>2021-08-06T23:04:22Z</time></trkpt>
<trkpt lat="44.226158" lon="-76.621778"><ele>46.0</ele><time>2021-08-06T23:04:23Z</time></trkpt>
<trkpt lat="44.226149" lon="-76.62176"><ele>46.0</ele><time>2021-08-06T23:04:24Z</time></trkpt>
<trkpt lat="44.226142" lon="-76.621742"><ele>45.0</ele><time>2021-08-06T23:04:25Z</time></trkpt>
<trkpt lat="44.226136" lon="-76.621724"><ele>45.0</ele><time>2021-08-06T23:04:26Z</time></trkpt>
<trkpt lat="44.226133" lon="-76.621697"><ele>45.0</ele><time>2021-08-06T23:04:27Z</time></trkpt>
<trkpt lat="44.226126" lon="-76.621679"><ele>45.0</ele><time>2021-08-06T23:04:28Z</time></trkpt>
<trkpt lat="44.22612" lon="-76.621652"><ele>45.0</ele><time>2021-08-06T23:04:29Z</time></trkpt>
<trkpt lat="44.226116" lon="-76.621634"><ele>45.0</ele><time>2021-08-06T23:04:30Z</time></trkpt>
<trkpt lat="44.226113" lon="-76.621607"><ele>45.0</ele><time>2021-08-06T23:04:31Z</time></trkpt>
<trkpt lat="44.226107" lon="-76.621589"><ele>45.0</ele><time>2021-08-06T23:04:32Z</time></trkpt>
<trkpt lat="44.2261" lon="-76.621562"><ele>45.0</ele><time>2021-08-06T23:04:33Z</time></trkpt>
<trkpt lat="44.226097" lon="-76.621544"><ele>45.0</ele><time>2021-08-06T23:04:34Z</time></trkpt>
<trkpt lat="44.226091" lon="-76.621517"><ele>45.0</ele><time>2021-08-06T23:04:35Z</time></trkpt>
<trkpt lat="44.226084" lon="-76.62149"><ele>45.0</ele><time>2021-08-06T23:04:36Z</time></trkpt>
<trkpt lat="44.226078" lon="-76.621463"><ele>45.0</ele><time>2021-08-06T23:04:37Z</time></trkpt>
<trkpt lat="44.226071" lon="-76.621445"><ele>45.0</ele><time>2021-08-06T23:04:38Z</time></trkpt>
<trkpt lat="44.226065" lon="-76.621418"><ele>45.0</ele><time>2021-08-06T23:04:39Z</time></trkpt>
<trkpt lat="44.226058" lon="-76.621391"><ele>45.0</ele><time>2021-08-06T23:04:40Z</time></trkpt>
<trkpt lat="44.226052" lon="-76.621365"><ele>45.0</ele><time>2021-08-06T23:04:41Z</time></trkpt>
<trkpt lat="44.226042" lon="-76.621338"><ele>45.0</ele><time>2021-08-06T23:04:42Z</time></trkpt>
<trkpt lat="44.226036" lon="-76.62132"><ele>45.0</ele><time>2021-08-06T23:04:43Z</time></trkpt>
<trkpt lat="44.226026" lon="-76.621302"><ele>45.0</ele><time>2021-08-06T23:04:44Z</time></trkpt>
<trkpt lat="44.226019" lon="-76.621275"><ele>45.0</ele><time>2021-08-06T23:04:45Z</time></trkpt>
<trkpt lat="44.22601" lon="-76.621248"><ele>45.0</ele><time>2021-08-06T23:04:46Z</time></trkpt>
<trkpt lat="44.226003" lon="-76.62123"><ele>45.0</ele><time>2021-08-06T23:04:47Z</time></trkpt>
<trkpt lat="44.225994" lon="-76.621203"><ele>45.0</ele><time>2021-08-06T23:04:48Z</time></trkpt>
<trkpt lat="44.225984" lon="-76.621185"><ele>45.0</ele><time>2021-08-06T23:04:49Z</time></trkpt>
<trkpt lat="44.225977" lon="-76.621158"><ele>45.0</ele><time>2021-08-06T23:04:50Z</time></trkpt>
<trkpt lat="44.225968" lon="-76.62114"><ele>45.0</ele><time>2021-08-06T23:04:51Z</time></trkpt>
<trkpt lat="44.225955" lon="-76.621113"><ele>45.0</ele><time>2021-08-06T23:04:52Z</time></trkpt>
<trkpt lat="44.225945" lon="-76.621095"><ele>45.0</ele><time>2021-08-06T23:04:53Z</time></trkpt>
<trkpt lat="44.225935" lon="-76.621068"><ele>46.0</ele><time>2021-08-06T23:04:54Z</time></trkpt>
<trkpt lat="44.225923" lon="-76.621041"><ele>46.0</ele><time>2021-08-06T23:04:55Z</time></trkpt>
<trkpt lat="44.225913" lon="-76.621023"><ele>46.0</ele><time>2021-08-06T23:04:56Z</time></trkpt>
<trkpt lat="44.2259" lon="-76.620996"><ele>46.0</ele><time>2021-08-06T23:04:57Z</time></trkpt>
<trkpt lat="44.22589" lon="-76.620969"><ele>46.0</ele><time>2021-08-06T23:04:58Z</time></trkpt>
<trkpt lat="44.225881" lon="-76.620942"><ele>46.0</ele><time>2021-08-06T23:04:59Z</time></trkpt>
<trkpt lat="44.225868" lon="-76.620915"><ele>45.0</ele><time>2021-08-06T23:05:00Z</time></trkpt>
<trkpt lat="44.225858" lon="-76.620897"><ele>45.0</ele><time>2021-08-06T23:05:01Z</time></trkpt>
<trkpt lat="44.225848" lon="-76.62087"><ele>45.0</ele><time>2021-08-06T23:05:02Z</time></trkpt>
<trkpt lat="44.225839" lon="-76.620844"><ele>45.0</ele><time>2021-08-06T23:05:03Z</time></trkpt>
<trkpt lat="44.225829" lon="-76.620817"><ele>45.0</ele><time>2021-08-06T23:05:04Z</time></trkpt>
<trkpt lat="44.225819" lon="-76.62079"><ele>46.0</ele><time>2021-08-06T23:05:05Z</time></trkpt>
<trkpt lat="44.22581" lon="-76.620763"><ele>45.0</ele><time>2021-08-06T23:05:06Z</time></trkpt>
<trkpt lat="44.2258" lon="-76.620736"><ele>46.0</ele><time>2021-08-06T23:05:07Z</time></trkpt>
<trkpt lat="44.22579" lon="-76.620709"><ele>45.0</ele><time>2021-08-06T23:05:08Z</time></trkpt>
<trkpt lat="44.22578" lon="-76.620682"><ele>46.0</ele><time>2021-08-06T23:05:09Z</time></trkpt>
<trkpt lat="44.225771" lon="-76.620655"><ele>46.0</ele><time>2021-08-06T23:05:10Z</time></trkpt>
<trkpt lat="44.225761" lon="-76.620628"><ele>45.0</ele><time>2021-08-06T23:05:11Z</time></trkpt>
<trkpt lat="44.225751" lon="-76.620601"><ele>45.0</ele><time>2021-08-06T23:05:12Z</time></trkpt>
<trkpt lat="44.225742" lon="-76.620574"><ele>44.0</ele><time>2021-08-06T23:05:13Z</time></trkpt>
<trkpt lat="44.225735" lon="-76.620547"><ele>45.0</ele><time>2021-08-06T23:05:14Z</time></trkpt>
<trkpt lat="44.225726" lon="-76.62052"><ele>45.0</ele><time>2021-08-06T23:05:15Z</time></trkpt>
<trkpt lat="44.225716" lon="-76.620493"><ele>45.0</ele><time>2021-08-06T23:05:16Z</time></trkpt>
<trkpt lat="44.225703" lon="-76.620475"><ele>45.0</ele><time>2021-08-06T23:05:17Z</time></trkpt>
<trkpt lat="44.22569" lon="-76.620448"><ele>45.0</ele><time>2021-08-06T23:05:18Z</time></trkpt>
<trkpt lat="44.225674" lon="-76.620439"><ele>45.0</ele><time>2021-08-06T23:05:19Z</time></trkpt>
<trkpt lat="44.225658" lon="-76.620421"><ele>45.0</ele><time>2021-08-06T23:05:20Z</time></trkpt>
<trkpt lat="44.225645" lon="-76.620412"><ele>45.0</ele><time>2021-08-06T23:05:21Z</time></trkpt>
<trkpt lat="44.225629" lon="-76.620403"><ele>45.0</ele><time>2021-08-06T23:05:22Z</time></trkpt>
<trkpt lat="44.225613" lon="-76.620394"><ele>44.0</ele><time>2021-08-06T23:05:23Z</time></trkpt>
<trkpt lat="44.225596" lon="-76.620394"><ele>44.0</ele><time>2021-08-06T23:05:24Z</time></trkpt>
<trkpt lat="44.225583" lon="-76.620394"><ele>44.0</ele><time>2021-08-06T23:05:25Z</time></trkpt>
<trkpt lat="44.225574" lon="-76.620394"><ele>44.0</ele><time>2021-08-06T23:05:26Z</time></trkpt>
<trkpt lat="44.225561" lon="-76.620394"><ele>44.0</ele><time>2021-08-06T23:05:27Z</time></trkpt>
<trkpt lat="44.225551" lon="-76.620403"><ele>45.0</ele><time>2021-08-06T23:05:28Z</time></trkpt>
<trkpt lat="44.225541" lon="-76.620412"><ele>45.0</ele><time>2021-08-06T23:05:29Z</time></trkpt>
<trkpt lat="44.225535" lon="-76.620421"><ele>45.0</ele><time>2021-08-06T23:05:30Z</time></trkpt>
<trkpt lat="44.225529" lon="-76.62043"><ele>45.0</ele><time>2021-08-06T23:05:31Z</time></trkpt>
<trkpt lat="44.225522" lon="-76.620448"><ele>45.0</ele><time>2021-08-06T23:05:32Z</time></trkpt>
<trkpt lat="44.225519" lon="-76.620466"><ele>45.0</ele><time>2021-08-06T23:05:33Z</time></trkpt>
<trkpt lat="44.225512" lon="-76.620484"><ele>45.0</ele><time>2021-08-06T23:05:34Z</time></trkpt>
<trkpt lat="44.225509" lon="-76.620502"><ele>45.0</ele><time>2021-08-06T23:05:35Z</time></trkpt>
<trkpt lat="44.225509" lon="-76.62052"><ele>45.0</ele><time>2021-08-06T23:05:36Z</time></trkpt>
<trkpt lat="44.225509" lon="-76.620538"><ele>45.0</ele><time>2021-08-06T23:05:37Z</time></trkpt>
<trkpt lat="44.225509" lon="-76.620565"><ele>45.0</ele><time>2021-08-06T23:05:38Z</time></trkpt>
<trkpt lat="44.225509" lon="-76.620583"><ele>45.0</ele><time>2021-08-06T23:05:39Z</time></trkpt>
<trkpt lat="44.225509" lon="-76.62061"><ele>45.0</ele><time>2021-08-06T23:05:40Z</time></trkpt>
<trkpt lat="44.225512" lon="-76.620637"><ele>45.0</ele><time>2021-08-06T23:05:41Z</time></trkpt>
<trkpt lat="44.225512" lon="-76.620655"><ele>45.0</ele><time>2021-08-06T23:05:42Z</time></trkpt>
<trkpt lat="44.225512" lon="-76.620682"><ele>45.0</ele><time>2021-08-06T23:05:43Z</time></trkpt>
<trkpt lat="44.225512" lon="-76.620709"><ele>45.0</ele><time>2021-08-06T23:05:44Z</time></trkpt>
<trkpt lat="44.225512" lon="-76.620736"><ele>45.0</ele><time>2021-08-06T23:05:45Z</time></trkpt>
<trkpt lat="44.225512" lon="-76.620763"><ele>45.0</ele><time>2021-08-06T23:05:46Z</time></trkpt>
<trkpt lat="44.225512" lon="-76.620781"><ele>44.0</ele><time>2021-08-06T23:05:47Z</time></trkpt>
<trkpt lat="44.225516" lon="-76.620808"><ele>45.0</ele><time>2021-08-06T23:05:48Z</time></trkpt>
<trkpt lat="44.225519" lon="-76.620835"><ele>45.0</ele><time>2021-08-06T23:05:49Z</time></trkpt>
<trkpt lat="44.225519" lon="-76.620861"><ele>45.0</ele><time>2021-08-06T23:05:50Z</time></trkpt>
<trkpt lat="44.225525" lon="-76.620879"><ele>45.0</ele><time>2021-08-06T23:05:51Z</time></trkpt>
<trkpt lat="44.225529" lon="-76.620906"><ele>45.0</ele><time>2021-08-06T23:05:52Z</time></trkpt>
<trkpt lat="44.225532" lon="-76.620933"><ele>45.0</ele><time>2021-08-06T23:05:53Z</time></trkpt>
<trkpt lat="44.225535" lon="-76.62096"><ele>45.0</ele><time>2021-08-06T23:05:54Z</time></trkpt>
<trkpt lat="44.225538" lon="-76.620987"><ele>45.0</ele><time>2021-08-06T23:05:55Z</time></trkpt>
<trkpt lat="44.225541" lon="-76.621005"><ele>45.0</ele><time>2021-08-06T23:05:56Z</time></trkpt>
<trkpt lat="44.225545" lon="-76.621032"><ele>45.0</ele><time>2021-08-06T23:05:57Z</time></trkpt>
<trkpt lat="44.225548" lon="-76.621059"><ele>45.0</ele><time>2021-08-06T23:05:58Z</time></trkpt>
<trkpt lat="44.225551" lon="-76.621086"><ele>45.0</ele><time>2021-08-06T23:05:59Z</time></trkpt>
<trkpt lat="44.225554" lon="-76.621113"><ele>45.0</ele><time>2021-08-06T23:06:00Z</time></trkpt>
<trkpt lat="44.225558" lon="-76.621131"><ele>45.0</ele><time>2021-08-06T23:06:01Z</time></trkpt>
<trkpt lat="44.225561" lon="-76.621158"><ele>44.0</ele><time>2021-08-06T23:06:02Z</time></trkpt>
<trkpt lat="44.225567" lon="-76.621176"><ele>44.0</ele><time>2021-08-06T23:06:03Z</time></trkpt>
<trkpt lat="44.225571" lon="-76.621203"><ele>44.0</ele><time>2021-08-06T23:06:04Z</time></trkpt>
<trkpt lat="44.225577" lon="-76.621221"><ele>44.0</ele><time>2021-08-06T23:06:05Z</time></trkpt>
<trkpt lat="44.225583" lon="-76.621239"><ele>44.0</ele><time>2021-08-06T23:06:06Z</time></trkpt>
<trkpt lat="44.225593" lon="-76.621257"><ele>44.0</ele><time>2021-08-06T23:06:07Z</time></trkpt>
<trkpt lat="44.2256" lon="-76.621284"><ele>44.0</ele><time>2021-08-06T23:06:08Z</time></trkpt>
<trkpt lat="44.225606" lon="-76.621302"><ele>45.0</ele><time>2021-08-06T23:06:09Z</time></trkpt>
<trkpt lat="44.225613" lon="-76.62132"><ele>45.0</ele><time>2021-08-06T23:06:10Z</time></trkpt>
<trkpt lat="44.225619" lon="-76.621338"><ele>44.0</ele><time>2021-08-06T23:06:11Z</time></trkpt>
<trkpt lat="44.225625" lon="-76.621365"><ele>44.0</ele><time>2021-08-06T23:06:12Z</time></trkpt>
<trkpt lat="44.225632" lon="-76.621382"><ele>44.0</ele><time>2021-08-06T23:06:13Z</time></trkpt>
<trkpt lat="44.225642" lon="-76.6214"><ele>44.0</ele><time>2021-08-06T23:06:14Z</time></trkpt>
<trkpt lat="44.225651" lon="-76.621418"><ele>44.0</ele><time>2021-08-06T23:06:15Z</time></trkpt>
<trkpt lat="44.225658" lon="-76.621436"><ele>44.0</ele><time>2021-08-06T23:06:16Z</time></trkpt>
<trkpt lat="44.225667" lon="-76.621454"><ele>45.0</ele><time>2021-08-06T23:06:17Z</time></trkpt>
<trkpt lat="44.225674" lon="-76.621472"><ele>44.0</ele><time>2021-08-06T23:06:18Z</time></trkpt>
<trkpt lat="44.225684" lon="-76.621481"><ele>44.0</ele><time>2021-08-06T23:06:19Z</time></trkpt>
<trkpt lat="44.225687" lon="-76.621499"><ele>44.0</ele><time>2021-08-06T23:06:20Z</time></trkpt>
<trkpt lat="44.225693" lon="-76.621526"><ele>44.0</ele><time>2021-08-06T23:06:21Z</time></trkpt>
<trkpt lat="44.2257" lon="-76.621544"><ele>43.0</ele><time>2021-08-06T23:06:22Z</time></trkpt>
<trkpt lat="44.225703" lon="-76.621562"><ele>44.0</ele><time>2021-08-06T23:06:23Z</time></trkpt>
<trkpt lat="44.225706" lon="-76.621589"><ele>44.0</ele><time>2021-08-06T23:06:24Z</time></trkpt>
<trkpt lat="44.225709" lon="-76.621607"><ele>43.0</ele><time>2021-08-06T23:06:25Z</time></trkpt>
<trkpt lat="44.225713" lon="-76.621625"><ele>43.0</ele><time>2021-08-06T23:06:26Z</time></trkpt>
<trkpt lat="44.225716" lon="-76.621643"><ele>43.0</ele><time>2021-08-06T23:06:27Z</time></trkpt>
<trkpt lat="44.225719" lon="-76.621661"><ele>43.0</ele><time>2021-08-06T23:06:28Z</time></trkpt>
<trkpt lat="44.225726" lon="-76.621688"><ele>43.0</ele><time>2021-08-06T23:06:29Z</time></trkpt>
<trkpt lat="44.225729" lon="-76.621706"><ele>43.0</ele><time>2021-08-06T23:06:30Z</time></trkpt>
<trkpt lat="44.225732" lon="-76.621733"><ele>43.0</ele><time>2021-08-06T23:06:31Z</time></trkpt>
<trkpt lat="44.225735" lon="-76.621751"><ele>43.0</ele><time>2021-08-06T23:06:32Z</time></trkpt>
<trkpt lat="44.225738" lon="-76.621769"><ele>43.0</ele><time>2021-08-06T23:06:33Z</time></trkpt>
<trkpt lat="44.225738" lon="-76.621787"><ele>43.0</ele><time>2021-08-06T23:06:34Z</time></trkpt>
<trkpt lat="44.225742" lon="-76.621805"><ele>43.0</ele><time>2021-08-06T23:06:35Z</time></trkpt>
<trkpt lat="44.225745" lon="-76.621832"><ele>43.0</ele><time>2021-08-06T23:06:36Z</time></trkpt>
<trkpt lat="44.225745" lon="-76.62185"><ele>43.0</ele><time>2021-08-06T23:06:37Z</time></trkpt>
<trkpt lat="44.225748" lon="-76.621868"><ele>43.0</ele><time>2021-08-06T23:06:38Z</time></trkpt>
<trkpt lat="44.225748" lon="-76.621895"><ele>43.0</ele><time>2021-08-06T23:06:39Z</time></trkpt>
<trkpt lat="44.225751" lon="-76.621912"><ele>43.0</ele><time>2021-08-06T23:06:40Z</time></trkpt>
<trkpt lat="44.225751" lon="-76.62193"><ele>43.0</ele><time>2021-08-06T23:06:41Z</time></trkpt>
<trkpt lat="44.225751" lon="-76.621957"><ele>43.0</ele><time>2021-08-06T23:06:42Z</time></trkpt>
<trkpt lat="44.225755" lon="-76.621975"><ele>43.0</ele><time>2021-08-06T23:06:43Z</time></trkpt>
<trkpt lat="44.225758" lon="-76.621993"><ele>43.0</ele><time>2021-08-06T23:06:44Z</time></trkpt>
<trkpt lat="44.225758" lon="-76.622011"><ele>43.0</ele><time>2021-08-06T23:06:45Z</time></trkpt>
<trkpt lat="44.225761" lon="-76.622038"><ele>43.0</ele><time>2021-08-06T23:06:46Z</time></trkpt>
<trkpt lat="44.225761" lon="-76.622056"><ele>43.0</ele><time>2021-08-06T23:06:47Z</time></trkpt>
<trkpt lat="44.225761" lon="-76.622074"><ele>43.0</ele><time>2021-08-06T23:06:48Z</time></trkpt>
<trkpt lat="44.225764" lon="-76.622101"><ele>43.0</ele><time>2021-08-06T23:06:49Z</time></trkpt>
<trkpt lat="44.225764" lon="-76.622119"><ele>43.0</ele><time>2021-08-06T23:06:50Z</time></trkpt>
<trkpt lat="44.225764" lon="-76.622146"><ele>43.0</ele><time>2021-08-06T23:06:51Z</time></trkpt>
<trkpt lat="44.225768" lon="-76.622164"><ele>43.0</ele><time>2021-08-06T23:06:52Z</time></trkpt>
<trkpt lat="44.225768" lon="-76.622182"><ele>43.0</ele><time>2021-08-06T23:06:53Z</time></trkpt>
<trkpt lat="44.225771" lon="-76.6222"><ele>43.0</ele><time>2021-08-06T23:06:54Z</time></trkpt>
<trkpt lat="44.225771" lon="-76.622227"><ele>43.0</ele><time>2021-08-06T23:06:55Z</time></trkpt>
<trkpt lat="44.225774" lon="-76.622245"><ele>43.0</ele><time>2021-08-06T23:06:56Z</time></trkpt>
<trkpt lat="44.225774" lon="-76.622272"><ele>43.0</ele><time>2021-08-06T23:06:57Z</time></trkpt>
<trkpt lat="44.225777" lon="-76.62229"><ele>43.0</ele><time>2021-08-06T23:06:58Z</time></trkpt>
<trkpt lat="44.22578" lon="-76.622308"><ele>43.0</ele><time>2021-08-06T23:06:59Z</time></trkpt>
<trkpt lat="44.22578" lon="-76.622335"><ele>43.0</ele><time>2021-08-06T23:07:00Z</time></trkpt>
<trkpt lat="44.225784" lon="-76.622353"><ele>43.0</ele><time>2021-08-06T23:07:01Z</time></trkpt>
<trkpt lat="44.225787" lon="-76.622371"><ele>43.0</ele><time>2021-08-06T23:07:02Z</time></trkpt>
<trkpt lat="44.225787" lon="-76.622398"><ele>43.0</ele><time>2021-08-06T23:07:03Z</time></trkpt>
<trkpt lat="44.22579" lon="-76.622416"><ele>43.0</ele><time>2021-08-06T23:07:04Z</time></trkpt>
<trkpt lat="44.22579" lon="-76.622433"><ele>43.0</ele><time>2021-08-06T23:07:05Z</time></trkpt>
<trkpt lat="44.225793" lon="-76.622451"><ele>44.0</ele><time>2021-08-06T23:07:06Z</time></trkpt>
<trkpt lat="44.225793" lon="-76.622478"><ele>44.0</ele><time>2021-08-06T23:07:07Z</time></trkpt>
<trkpt lat="44.22579" lon="-76.622496"><ele>44.0</ele><time>2021-08-06T23:07:08Z</time></trkpt>
<trkpt lat="44.22579" lon="-76.622523"><ele>44.0</ele><time>2021-08-06T23:07:09Z</time></trkpt>
<trkpt lat="44.22579" lon="-76.622541"><ele>44.0</ele><time>2021-08-06T23:07:10Z</time></trkpt>
<trkpt lat="44.22579" lon="-76.622568"><ele>44.0</ele><time>2021-08-06T23:07:11Z</time></trkpt>
<trkpt lat="44.225787" lon="-76.622586"><ele>44.0</ele><time>2021-08-06T23:07:12Z</time></trkpt>
<trkpt lat="44.225787" lon="-76.622613"><ele>44.0</ele><time>2021-08-06T23:07:13Z</time></trkpt>
<trkpt lat="44.225787" lon="-76.622631"><ele>44.0</ele><time>2021-08-06T23:07:14Z</time></trkpt>
<trkpt lat="44.22579" lon="-76.622658"><ele>44.0</ele><time>2021-08-06T23:07:15Z</time></trkpt>
<trkpt lat="44.22579" lon="-76.622685"><ele>44.0</ele><time>2021-08-06T23:07:16Z</time></trkpt>
<trkpt lat="44.225793" lon="-76.622703"><ele>44.0</ele><time>2021-08-06T23:07:17Z</time></trkpt>
<trkpt lat="44.225793" lon="-76.62273"><ele>44.0</ele><time>2021-08-06T23:07:18Z</time></trkpt>
<trkpt lat="44.225797" lon="-76.622748"><ele>44.0</ele><time>2021-08-06T23:07:19Z</time></trkpt>
<trkpt lat="44.225797" lon="-76.622775"><ele>44.0</ele><time>2021-08-06T23:07:20Z</time></trkpt>
<trkpt lat="44.225797" lon="-76.622793"><ele>44.0</ele><time>2021-08-06T23:07:21Z</time></trkpt>
<trkpt lat="44.225797" lon="-76.62282"><ele>44.0</ele><time>2021-08-06T23:07:22Z</time></trkpt>
<trkpt lat="44.225797" lon="-76.622838"><ele>44.0</ele><time>2021-08-06T23:07:23Z</time></trkpt>
<trkpt lat="44.225793" lon="-76.622865"><ele>43.0</ele><time>2021-08-06T23:07:24Z</time></trkpt>
<trkpt lat="44.225793" lon="-76.622883"><ele>44.0</ele><time>2021-08-06T23:07:25Z</time></trkpt>
<trkpt lat="44.225793" lon="-76.62291"><ele>43.0</ele><time>2021-08-06T23:07:26Z</time></trkpt>
<trkpt lat="44.22579" lon="-76.622937"><ele>43.0</ele><time>2021-08-06T23:07:27Z</time></trkpt>
<trkpt lat="44.22579" lon="-76.622954"><ele>43.0</ele><time>2021-08-06T23:07:28Z</time></trkpt>
<trkpt lat="44.225787" lon="-76.622981"><ele>43.0</ele><time>2021-08-06T23:07:29Z</time></trkpt>
<trkpt lat="44.225784" lon="-76.623008"><ele>43.0</ele><time>2021-08-06T23:07:30Z</time></trkpt>
<trkpt lat="44.22578" lon="-76.623035"><ele>43.0</ele><time>2021-08-06T23:07:31Z</time></trkpt>
<trkpt lat="44.22578" lon="-76.623053"><ele>43.0</ele><time>2021-08-06T23:07:32Z</time></trkpt>
<trkpt lat="44.22578" lon="-76.62308"><ele>43.0</ele><time>2021-08-06T23:07:33Z</time></trkpt>
<trkpt lat="44.225784" lon="-76.623107"><ele>43.0</ele><time>2021-08-06T23:07:34Z</time></trkpt>
<trkpt lat="44.225784" lon="-76.623134"><ele>43.0</ele><time>2021-08-06T23:07:35Z</time></trkpt>
<trkpt lat="44.225784" lon="-76.623161"><ele>43.0</ele><time>2021-08-06T23:07:36Z</time></trkpt>
<trkpt lat="44.225787" lon="-76.623179"><ele>43.0</ele><time>2021-08-06T23:07:37Z</time></trkpt>
<trkpt lat="44.225784" lon="-76.623215"><ele>44.0</ele><time>2021-08-06T23:07:38Z</time></trkpt>
<trkpt lat="44.225784" lon="-76.623215"><ele>44.0</ele><time>2021-08-06T23:07:39Z</time></trkpt>
<trkpt lat="44.225784" lon="-76.623242"><ele>44.0</ele><time>2021-08-06T23:07:39Z</time></trkpt>
<trkpt lat="44.22578" lon="-76.623269"><ele>44.0</ele><time>2021-08-06T23:07:40Z</time></trkpt>
<trkpt lat="44.22578" lon="-76.623287"><ele>43.0</ele><time>2021-08-06T23:07:41Z</time></trkpt>
<trkpt lat="44.225784" lon="-76.623305"><ele>43.0</ele><time>2021-08-06T23:07:42Z</time></trkpt>
<trkpt lat="44.225784" lon="-76.623332"><ele>43.0</ele><time>2021-08-06T23:07:43Z</time></trkpt>
<trkpt lat="44.225787" lon="-76.62335"><ele>43.0</ele><time>2021-08-06T23:07:44Z</time></trkpt>
<trkpt lat="44.225787" lon="-76.623377"><ele>43.0</ele><time>2021-08-06T23:07:45Z</time></trkpt>
<trkpt lat="44.22579" lon="-76.623404"><ele>43.0</ele><time>2021-08-06T23:07:46Z</time></trkpt>
<trkpt lat="44.22579" lon="-76.623431"><ele>43.0</ele><time>2021-08-06T23:07:47Z</time></trkpt>
<trkpt lat="44.225793" lon="-76.623449"><ele>44.0</ele><time>2021-08-06T23:07:48Z</time></trkpt>
<trkpt lat="44.225793" lon="-76.623475"><ele>44.0</ele><time>2021-08-06T23:07:49Z</time></trkpt>
<trkpt lat="44.22579" lon="-76.623493"><ele>44.0</ele><time>2021-08-06T23:07:50Z</time></trkpt>
<trkpt lat="44.22579" lon="-76.62352"><ele>45.0</ele><time>2021-08-06T23:07:51Z</time></trkpt>
<trkpt lat="44.225787" lon="-76.623547"><ele>45.0</ele><time>2021-08-06T23:07:52Z</time></trkpt>
<trkpt lat="44.225784" lon="-76.623565"><ele>46.0</ele><time>2021-08-06T23:07:53Z</time></trkpt>
<trkpt lat="44.22578" lon="-76.623592"><ele>45.0</ele><time>2021-08-06T23:07:54Z</time></trkpt>
<trkpt lat="44.225777" lon="-76.62361"><ele>45.0</ele><time>2021-08-06T23:07:55Z</time></trkpt>
<trkpt lat="44.225771" lon="-76.623628"><ele>45.0</ele><time>2021-08-06T23:07:56Z</time></trkpt>
<trkpt lat="44.225768" lon="-76.623655"><ele>45.0</ele><time>2021-08-06T23:07:57Z</time></trkpt>
<trkpt lat="44.225768" lon="-76.623682"><ele>45.0</ele><time>2021-08-06T23:07:58Z</time></trkpt>
<trkpt lat="44.225761" lon="-76.6237"><ele>45.0</ele><time>2021-08-06T23:07:59Z</time></trkpt>
<trkpt lat="44.225758" lon="-76.623727"><ele>45.0</ele><time>2021-08-06T23:08:00Z</time></trkpt>
<trkpt lat="44.225751" lon="-76.623754"><ele>45.0</ele><time>2021-08-06T23:08:01Z</time></trkpt>
<trkpt lat="44.225748" lon="-76.623772"><ele>44.0</ele><time>2021-08-06T23:08:02Z</time></trkpt>
<trkpt lat="44.225742" lon="-76.623799"><ele>45.0</ele><time>2021-08-06T23:08:03Z</time></trkpt>
<trkpt lat="44.225738" lon="-76.623826"><ele>45.0</ele><time>2021-08-06T23:08:04Z</time></trkpt>
<trkpt lat="44.225732" lon="-76.623853"><ele>45.0</ele><time>2021-08-06T23:08:05Z</time></trkpt>
<trkpt lat="44.225729" lon="-76.62388"><ele>45.0</ele><time>2021-08-06T23:08:06Z</time></trkpt>
<trkpt lat="44.225722" lon="-76.623898"><ele>45.0</ele><time>2021-08-06T23:08:07Z</time></trkpt>
<trkpt lat="44.225719" lon="-76.623925"><ele>45.0</ele><time>2021-08-06T23:08:08Z</time></trkpt>
<trkpt lat="44.225713" lon="-76.623943"><ele>45.0</ele><time>2021-08-06T23:08:09Z</time></trkpt>
<trkpt lat="44.225703" lon="-76.62397"><ele>45.0</ele><time>2021-08-06T23:08:10Z</time></trkpt>
<trkpt lat="44.225693" lon="-76.623979"><ele>45.0</ele><time>2021-08-06T23:08:11Z</time></trkpt>
<trkpt lat="44.225684" lon="-76.623988"><ele>45.0</ele><time>2021-08-06T23:08:12Z</time></trkpt>
<trkpt lat="44.225671" lon="-76.623996"><ele>45.0</ele><time>2021-08-06T23:08:13Z</time></trkpt>
<trkpt lat="44.225658" lon="-76.623996"><ele>46.0</ele><time>2021-08-06T23:08:14Z</time></trkpt>
<trkpt lat="44.225645" lon="-76.623996"><ele>46.0</ele><time>2021-08-06T23:08:15Z</time></trkpt>
<trkpt lat="44.225635" lon="-76.623988"><ele>46.0</ele><time>2021-08-06T23:08:16Z</time></trkpt>
<trkpt lat="44.225625" lon="-76.623979"><ele>45.0</ele><time>2021-08-06T23:08:17Z</time></trkpt>
<trkpt lat="44.225619" lon="-76.62397"><ele>46.0</ele><time>2021-08-06T23:08:18Z</time></trkpt>
<trkpt lat="44.225609" lon="-76.623952"><ele>46.0</ele><time>2021-08-06T23:08:19Z</time></trkpt>
<trkpt lat="44.225603" lon="-76.623934"><ele>46.0</ele><time>2021-08-06T23:08:20Z</time></trkpt>
<trkpt lat="44.2256" lon="-76.623916"><ele>46.0</ele><time>2021-08-06T23:08:21Z</time></trkpt>
<trkpt lat="44.225593" lon="-76.623907"><ele>46.0</ele><time>2021-08-06T23:08:22Z</time></trkpt>
<trkpt lat="44.22559" lon="-76.62388"><ele>46.0</ele><time>2021-08-06T23:08:23Z</time></trkpt>
<trkpt lat="44.225587" lon="-76.623862"><ele>46.0</ele><time>2021-08-06T23:08:24Z</time></trkpt>
<trkpt lat="44.225583" lon="-76.623844"><ele>45.0</ele><time>2021-08-06T23:08:25Z</time></trkpt>
<trkpt lat="44.22558" lon="-76.623826"><ele>45.0</ele><time>2021-08-06T23:08:26Z</time></trkpt>
<trkpt lat="44.22558" lon="-76.623808"><ele>44.0</ele><time>2021-08-06T23:08:27Z</time></trkpt>
<trkpt lat="44.22558" lon="-76.62379"><ele>44.0</ele><time>2021-08-06T23:08:28Z</time></trkpt>
<trkpt lat="44.225577" lon="-76.623772"><ele>44.0</ele><time>2021-08-06T23:08:29Z</time></trkpt>
<trkpt lat="44.225577" lon="-76.623754"><ele>44.0</ele><time>2021-08-06T23:08:30Z</time></trkpt>
<trkpt lat="44.225574" lon="-76.623736"><ele>44.0</ele><time>2021-08-06T23:08:31Z</time></trkpt>
<trkpt lat="44.225571" lon="-76.623718"><ele>43.0</ele><time>2021-08-06T23:08:32Z</time></trkpt>
<trkpt lat="44.225567" lon="-76.6237"><ele>43.0</ele><time>2021-08-06T23:08:33Z</time></trkpt>
<trkpt lat="44.225564" lon="-76.623673"><ele>43.0</ele><time>2021-08-06T23:08:34Z</time></trkpt>
<trkpt lat="44.225561" lon="-76.623655"><ele>43.0</ele><time>2021-08-06T23:08:35Z</time></trkpt>
<trkpt lat="44.225554" lon="-76.623628"><ele>43.0</ele><time>2021-08-06T23:08:36Z</time></trkpt>
<trkpt lat="44.225551" lon="-76.62361"><ele>43.0</ele><time>2021-08-06T23:08:37Z</time></trkpt>
<trkpt lat="44.225545" lon="-76.623583"><ele>43.0</ele><time>2021-08-06T23:08:38Z</time></trkpt>
<trkpt lat="44.225541" lon="-76.623565"><ele>43.0</ele><time>2021-08-06T23:08:39Z</time></trkpt>
<trkpt lat="44.225535" lon="-76.623538"><ele>43.0</ele><time>2021-08-06T23:08:40Z</time></trkpt>
<trkpt lat="44.225529" lon="-76.62352"><ele>43.0</ele><time>2021-08-06T23:08:41Z</time></trkpt>
<trkpt lat="44.225522" lon="-76.623493"><ele>43.0</ele><time>2021-08-06T23:08:42Z</time></trkpt>
<trkpt lat="44.225519" lon="-76.623467"><ele>43.0</ele><time>2021-08-06T23:08:43Z</time></trkpt>
<trkpt lat="44.225516" lon="-76.623449"><ele>43.0</ele><time>2021-08-06T23:08:44Z</time></trkpt>
<trkpt lat="44.225509" lon="-76.623422"><ele>42.0</ele><time>2021-08-06T23:08:45Z</time></trkpt>
<trkpt lat="44.225506" lon="-76.623395"><ele>43.0</ele><time>2021-08-06T23:08:46Z</time></trkpt>
<trkpt lat="44.225503" lon="-76.623368"><ele>43.0</ele><time>2021-08-06T23:08:47Z</time></trkpt>
<trkpt lat="44.225499" lon="-76.62335"><ele>43.0</ele><time>2021-08-06T23:08:48Z</time></trkpt>
<trkpt lat="44.225496" lon="-76.623323"><ele>43.0</ele><time>2021-08-06T23:08:49Z</time></trkpt>
<trkpt lat="44.225493" lon="-76.623296"><ele>43.0</ele><time>2021-08-06T23:08:50Z</time></trkpt>
<trkpt lat="44.22549" lon="-76.623269"><ele>43.0</ele><time>2021-08-06T23:08:51Z</time></trkpt>
<trkpt lat="44.225487" lon="-76.623242"><ele>43.0</ele><time>2021-08-06T23:08:52Z</time></trkpt>
<trkpt lat="44.225487" lon="-76.623215"><ele>43.0</ele><time>2021-08-06T23:08:53Z</time></trkpt>
<trkpt lat="44.225483" lon="-76.623188"><ele>43.0</ele><time>2021-08-06T23:08:54Z</time></trkpt>
<trkpt lat="44.22548" lon="-76.623161"><ele>43.0</ele><time>2021-08-06T23:08:55Z</time></trkpt>
<trkpt lat="44.225474" lon="-76.623134"><ele>43.0</ele><time>2021-08-06T23:08:56Z</time></trkpt>
<trkpt lat="44.22547" lon="-76.623107"><ele>44.0</ele><time>2021-08-06T23:08:57Z</time></trkpt>
<trkpt lat="44.225464" lon="-76.623089"><ele>44.0</ele><time>2021-08-06T23:08:58Z</time></trkpt>
<trkpt lat="44.225457" lon="-76.623062"><ele>44.0</ele><time>2021-08-06T23:08:59Z</time></trkpt>
<trkpt lat="44.225451" lon="-76.623035"><ele>44.0</ele><time>2021-08-06T23:09:00Z</time></trkpt>
<trkpt lat="44.225441" lon="-76.623017"><ele>43.0</ele><time>2021-08-06T23:09:01Z</time></trkpt>
<trkpt lat="44.225435" lon="-76.62299"><ele>43.0</ele><time>2021-08-06T23:09:02Z</time></trkpt>
<trkpt lat="44.225428" lon="-76.622972"><ele>43.0</ele><time>2021-08-06T23:09:03Z</time></trkpt>
<trkpt lat="44.225419" lon="-76.622946"><ele>43.0</ele><time>2021-08-06T23:09:04Z</time></trkpt>
<trkpt lat="44.225409" lon="-76.622919"><ele>43.0</ele><time>2021-08-06T23:09:05Z</time></trkpt>
<trkpt lat="44.225399" lon="-76.622901"><ele>43.0</ele><time>2021-08-06T23:09:06Z</time></trkpt>
<trkpt lat="44.225393" lon="-76.622874"><ele>43.0</ele><time>2021-08-06T23:09:07Z</time></trkpt>
<trkpt lat="44.225383" lon="-76.622856"><ele>44.0</ele><time>2021-08-06T23:09:08Z</time></trkpt>
<trkpt lat="44.225377" lon="-76.622829"><ele>44.0</ele><time>2021-08-06T23:09:09Z</time></trkpt>
<trkpt lat="44.22537" lon="-76.622811"><ele>43.0</ele><time>2021-08-06T23:09:10Z</time></trkpt>
<trkpt lat="44.225364" lon="-76.622793"><ele>44.0</ele><time>2021-08-06T23:09:11Z</time></trkpt>
<trkpt lat="44.225354" lon="-76.622766"><ele>44.0</ele><time>2021-08-06T23:09:12Z</time></trkpt>
<trkpt lat="44.225348" lon="-76.622739"><ele>44.0</ele><time>2021-08-06T23:09:13Z</time></trkpt>
<trkpt lat="44.225338" lon="-76.622721"><ele>44.0</ele><time>2021-08-06T23:09:14Z</time></trkpt>
<trkpt lat="44.225332" lon="-76.622703"><ele>43.0</ele><time>2021-08-06T23:09:15Z</time></trkpt>
<trkpt lat="44.225322" lon="-76.622676"><ele>43.0</ele><time>2021-08-06T23:09:16Z</time></trkpt>
<trkpt lat="44.225312" lon="-76.622658"><ele>43.0</ele><time>2021-08-06T23:09:17Z</time></trkpt>
<trkpt lat="44.225302" lon="-76.62264"><ele>43.0</ele><time>2021-08-06T23:09:18Z</time></trkpt>
<trkpt lat="44.22529" lon="-76.622613"><ele>44.0</ele><time>2021-08-06T23:09:19Z</time></trkpt>
<trkpt lat="44.22528" lon="-76.622595"><ele>43.0</ele><time>2021-08-06T23:09:20Z</time></trkpt>
<trkpt lat="44.22527" lon="-76.622568"><ele>44.0</ele><time>2021-08-06T23:09:21Z</time></trkpt>
<trkpt lat="44.225257" lon="-76.62255"><ele>44.0</ele><time>2021-08-06T23:09:22Z</time></trkpt>
<trkpt lat="44.225248" lon="-76.622532"><ele>44.0</ele><time>2021-08-06T23:09:23Z</time></trkpt>
<trkpt lat="44.225238" lon="-76.622514"><ele>44.0</ele><time>2021-08-06T23:09:24Z</time></trkpt>
<trkpt lat="44.225228" lon="-76.622496"><ele>44.0</ele><time>2021-08-06T23:09:25Z</time></trkpt>
<trkpt lat="44.225218" lon="-76.622478"><ele>44.0</ele><time>2021-08-06T23:09:26Z</time></trkpt>
<trkpt lat="44.225206" lon="-76.62246"><ele>45.0</ele><time>2021-08-06T23:09:27Z</time></trkpt>
<trkpt lat="44.225196" lon="-76.622442"><ele>44.0</ele><time>2021-08-06T23:09:28Z</time></trkpt>
<trkpt lat="44.225183" lon="-76.622416"><ele>45.0</ele><time>2021-08-06T23:09:29Z</time></trkpt>
<trkpt lat="44.225173" lon="-76.622398"><ele>45.0</ele><time>2021-08-06T23:09:30Z</time></trkpt>
<trkpt lat="44.225164" lon="-76.622371"><ele>45.0</ele><time>2021-08-06T23:09:31Z</time></trkpt>
<trkpt lat="44.225154" lon="-76.622353"><ele>45.0</ele><time>2021-08-06T23:09:32Z</time></trkpt>
<trkpt lat="44.225144" lon="-76.622335"><ele>45.0</ele><time>2021-08-06T23:09:33Z</time></trkpt>
<trkpt lat="44.225135" lon="-76.622308"><ele>45.0</ele><time>2021-08-06T23:09:34Z</time></trkpt>
<trkpt lat="44.225125" lon="-76.62229"><ele>45.0</ele><time>2021-08-06T23:09:35Z</time></trkpt>
<trkpt lat="44.225115" lon="-76.622263"><ele>45.0</ele><time>2021-08-06T23:09:36Z</time></trkpt>
<trkpt lat="44.225105" lon="-76.622245"><ele>45.0</ele><time>2021-08-06T23:09:37Z</time></trkpt>
<trkpt lat="44.225096" lon="-76.622236"><ele>45.0</ele><time>2021-08-06T23:09:38Z</time></trkpt>
<trkpt lat="44.225083" lon="-76.622218"><ele>45.0</ele><time>2021-08-06T23:09:39Z</time></trkpt>
<trkpt lat="44.225073" lon="-76.6222"><ele>45.0</ele><time>2021-08-06T23:09:40Z</time></trkpt>
<trkpt lat="44.225063" lon="-76.622182"><ele>45.0</ele><time>2021-08-06T23:09:41Z</time></trkpt>
<trkpt lat="44.225054" lon="-76.622173"><ele>45.0</ele><time>2021-08-06T23:09:42Z</time></trkpt>
<trkpt lat="44.225044" lon="-76.622155"><ele>44.0</ele><time>2021-08-06T23:09:43Z</time></trkpt>
<trkpt lat="44.225034" lon="-76.622146"><ele>45.0</ele><time>2021-08-06T23:09:44Z</time></trkpt>
<trkpt lat="44.225025" lon="-76.622128"><ele>45.0</ele><time>2021-08-06T23:09:45Z</time></trkpt>
<trkpt lat="44.225015" lon="-76.622119"><ele>45.0</ele><time>2021-08-06T23:09:46Z</time></trkpt>
<trkpt lat="44.225005" lon="-76.62211"><ele>45.0</ele><time>2021-08-06T23:09:47Z</time></trkpt>
<trkpt lat="44.224996" lon="-76.622101"><ele>45.0</ele><time>2021-08-06T23:09:48Z</time></trkpt>
<trkpt lat="44.224986" lon="-76.622092"><ele>45.0</ele><time>2021-08-06T23:09:49Z</time></trkpt>
<trkpt lat="44.224979" lon="-76.622074"><ele>45.0</ele><time>2021-08-06T23:09:50Z</time></trkpt>
<trkpt lat="44.224973" lon="-76.622065"><ele>46.0</ele><time>2021-08-06T23:09:51Z</time></trkpt>
<trkpt lat="44.224963" lon="-76.622047"><ele>46.0</ele><time>2021-08-06T23:09:52Z</time></trkpt>
<trkpt lat="44.224957" lon="-76.622038"><ele>46.0</ele><time>2021-08-06T23:09:53Z</time></trkpt>
<trkpt lat="44.22495" lon="-76.62202"><ele>46.0</ele><time>2021-08-06T23:09:54Z</time></trkpt>
<trkpt lat="44.224944" lon="-76.622011"><ele>46.0</ele><time>2021-08-06T23:09:55Z</time></trkpt>
<trkpt lat="44.224938" lon="-76.622002"><ele>46.0</ele><time>2021-08-06T23:09:56Z</time></trkpt>
<trkpt lat="44.224931" lon="-76.621984"><ele>46.0</ele><time>2021-08-06T23:09:57Z</time></trkpt>
<trkpt lat="44.224925" lon="-76.621975"><ele>46.0</ele><time>2021-08-06T23:09:58Z</time></trkpt>
<trkpt lat="44.224918" lon="-76.621966"><ele>46.0</ele><time>2021-08-06T23:09:59Z</time></trkpt>
<trkpt lat="44.224912" lon="-76.621948"><ele>46.0</ele><time>2021-08-06T23:10:00Z</time></trkpt>
<trkpt lat="44.224905" lon="-76.621939"><ele>46.0</ele><time>2021-08-06T23:10:01Z</time></trkpt>
<trkpt lat="44.224896" lon="-76.62193"><ele>46.0</ele><time>2021-08-06T23:10:02Z</time></trkpt>
<trkpt lat="44.224889" lon="-76.62193"><ele>46.0</ele><time>2021-08-06T23:10:03Z</time></trkpt>
<trkpt lat="44.224883" lon="-76.621921"><ele>46.0</ele><time>2021-08-06T23:10:04Z</time></trkpt>
<trkpt lat="44.224876" lon="-76.621921"><ele>46.0</ele><time>2021-08-06T23:10:05Z</time></trkpt>
<trkpt lat="44.224866" lon="-76.621912"><ele>46.0</ele><time>2021-08-06T23:10:06Z</time></trkpt>
<trkpt lat="44.22486" lon="-76.621903"><ele>46.0</ele><time>2021-08-06T23:10:07Z</time></trkpt>
<trkpt lat="44.224854" lon="-76.621895"><ele>46.0</ele><time>2021-08-06T23:10:08Z</time></trkpt>
<trkpt lat="44.224847" lon="-76.621886"><ele>46.0</ele><time>2021-08-06T23:10:09Z</time></trkpt>
<trkpt lat="44.224841" lon="-76.621868"><ele>46.0</ele><time>2021-08-06T23:10:10Z</time></trkpt>
<trkpt lat="44.224837" lon="-76.621859"><ele>46.0</ele><time>2021-08-06T23:10:11Z</time></trkpt>
<trkpt lat="44.224837" lon="-76.621841"><ele>46.0</ele><time>2021-08-06T23:10:12Z</time></trkpt>
<trkpt lat="44.224834" lon="-76.621832"><ele>46.0</ele><time>2021-08-06T23:10:13Z</time></trkpt>
<trkpt lat="44.224834" lon="-76.621814"><ele>46.0</ele><time>2021-08-06T23:10:14Z</time></trkpt>
<trkpt lat="44.224834" lon="-76.621796"><ele>46.0</ele><time>2021-08-06T23:10:15Z</time></trkpt>
<trkpt lat="44.224837" lon="-76.621778"><ele>46.0</ele><time>2021-08-06T23:10:16Z</time></trkpt>
<trkpt lat="44.224837" lon="-76.62176"><ele>45.0</ele><time>2021-08-06T23:10:17Z</time></trkpt>
<trkpt lat="44.224837" lon="-76.621742"><ele>45.0</ele><time>2021-08-06T23:10:18Z</time></trkpt>
<trkpt lat="44.224841" lon="-76.621724"><ele>45.0</ele><time>2021-08-06T23:10:19Z</time></trkpt>
<trkpt lat="44.224841" lon="-76.621706"><ele>45.0</ele><time>2021-08-06T23:10:20Z</time></trkpt>
<trkpt lat="44.224841" lon="-76.621688"><ele>46.0</ele><time>2021-08-06T23:10:21Z</time></trkpt>
<trkpt lat="44.224841" lon="-76.62167"><ele>45.0</ele><time>2021-08-06T23:10:22Z</time></trkpt>
<trkpt lat="44.224841" lon="-76.621652"><ele>46.0</ele><time>2021-08-06T23:10:23Z</time></trkpt>
<trkpt lat="44.224841" lon="-76.621634"><ele>45.0</ele><time>2021-08-06T23:10:24Z</time></trkpt>
<trkpt lat="44.224841" lon="-76.621616"><ele>45.0</ele><time>2021-08-06T23:10:25Z</time></trkpt>
<trkpt lat="44.224841" lon="-76.621598"><ele>45.0</ele><time>2021-08-06T23:10:26Z</time></trkpt>
<trkpt lat="44.224841" lon="-76.621571"><ele>45.0</ele><time>2021-08-06T23:10:27Z</time></trkpt>
<trkpt lat="44.224841" lon="-76.621553"><ele>45.0</ele><time>2021-08-06T23:10:28Z</time></trkpt>
<trkpt lat="44.224841" lon="-76.621535"><ele>45.0</ele><time>2021-08-06T23:10:29Z</time></trkpt>
<trkpt lat="44.224841" lon="-76.621517"><ele>45.0</ele><time>2021-08-06T23:10:30Z</time></trkpt>
<trkpt lat="44.224837" lon="-76.62149"><ele>45.0</ele><time>2021-08-06T23:10:31Z</time></trkpt>
<trkpt lat="44.224837" lon="-76.621472"><ele>45.0</ele><time>2021-08-06T23:10:32Z</time></trkpt>
<trkpt lat="44.224834" lon="-76.621454"><ele>45.0</ele><time>2021-08-06T23:10:33Z</time></trkpt>
<trkpt lat="44.224834" lon="-76.621427"><ele>44.0</ele><time>2021-08-06T23:10:34Z</time></trkpt>
<trkpt lat="44.224834" lon="-76.621409"><ele>44.0</ele><time>2021-08-06T23:10:35Z</time></trkpt>
<trkpt lat="44.224831" lon="-76.621382"><ele>44.0</ele><time>2021-08-06T23:10:36Z</time></trkpt>
<trkpt lat="44.224831" lon="-76.621365"><ele>45.0</ele><time>2021-08-06T23:10:37Z</time></trkpt>
<trkpt lat="44.224828" lon="-76.621347"><ele>45.0</ele><time>2021-08-06T23:10:38Z</time></trkpt>
<trkpt lat="44.224828" lon="-76.62132"><ele>44.0</ele><time>2021-08-06T23:10:39Z</time></trkpt>
<trkpt lat="44.224824" lon="-76.621302"><ele>45.0</ele><time>2021-08-06T23:10:40Z</time></trkpt>
<trkpt lat="44.224821" lon="-76.621275"><ele>45.0</ele><time>2021-08-06T23:10:41Z</time></trkpt>
<trkpt lat="44.224815" lon="-76.621257"><ele>45.0</ele><time>2021-08-06T23:10:42Z</time></trkpt>
<trkpt lat="44.224812" lon="-76.62123"><ele>45.0</ele><time>2021-08-06T23:10:43Z</time></trkpt>
<trkpt lat="44.224812" lon="-76.621212"><ele>45.0</ele><time>2021-08-06T23:10:44Z</time></trkpt>
<trkpt lat="44.224808" lon="-76.621194"><ele>45.0</ele><time>2021-08-06T23:10:45Z</time></trkpt>
<trkpt lat="44.224805" lon="-76.621167"><ele>44.0</ele><time>2021-08-06T23:10:46Z</time></trkpt>
<trkpt lat="44.224802" lon="-76.621149"><ele>44.0</ele><time>2021-08-06T23:10:47Z</time></trkpt>
<trkpt lat="44.224799" lon="-76.621122"><ele>44.0</ele><time>2021-08-06T23:10:48Z</time></trkpt>
<trkpt lat="44.224795" lon="-76.621104"><ele>44.0</ele><time>2021-08-06T23:10:49Z</time></trkpt>
<trkpt lat="44.224789" lon="-76.621077"><ele>44.0</ele><time>2021-08-06T23:10:50Z</time></trkpt>
<trkpt lat="44.224786" lon="-76.621059"><ele>44.0</ele><time>2021-08-06T23:10:51Z</time></trkpt>
<trkpt lat="44.224782" lon="-76.621032"><ele>44.0</ele><time>2021-08-06T23:10:52Z</time></trkpt>
<trkpt lat="44.224776" lon="-76.621005"><ele>44.0</ele><time>2021-08-06T23:10:53Z</time></trkpt>
<trkpt lat="44.224773" lon="-76.620987"><ele>44.0</ele><time>2021-08-06T23:10:54Z</time></trkpt>
<trkpt lat="44.224766" lon="-76.62096"><ele>45.0</ele><time>2021-08-06T23:10:55Z</time></trkpt>
<trkpt lat="44.22476" lon="-76.620942"><ele>44.0</ele><time>2021-08-06T23:10:56Z</time></trkpt>
<trkpt lat="44.224753" lon="-76.620915"><ele>44.0</ele><time>2021-08-06T23:10:57Z</time></trkpt>
<trkpt lat="44.22475" lon="-76.620897"><ele>44.0</ele><time>2021-08-06T23:10:58Z</time></trkpt>
<trkpt lat="44.224744" lon="-76.62087"><ele>44.0</ele><time>2021-08-06T23:10:59Z</time></trkpt>
<trkpt lat="44.224734" lon="-76.620853"><ele>45.0</ele><time>2021-08-06T23:11:00Z</time></trkpt>
<trkpt lat="44.224724" lon="-76.620826"><ele>45.0</ele><time>2021-08-06T23:11:01Z</time></trkpt>
<trkpt lat="44.224718" lon="-76.620799"><ele>45.0</ele><time>2021-08-06T23:11:02Z</time></trkpt>
<trkpt lat="44.224711" lon="-76.620781"><ele>45.0</ele><time>2021-08-06T23:11:03Z</time></trkpt>
<trkpt lat="44.224705" lon="-76.620754"><ele>44.0</ele><time>2021-08-06T23:11:04Z</time></trkpt>
<trkpt lat="44.224698" lon="-76.620727"><ele>44.0</ele><time>2021-08-06T23:11:05Z</time></trkpt>
<trkpt lat="44.224692" lon="-76.620709"><ele>44.0</ele><time>2021-08-06T23:11:06Z</time></trkpt>
<trkpt lat="44.224686" lon="-76.620682"><ele>44.0</ele><time>2021-08-06T23:11:07Z</time></trkpt>
<trkpt lat="44.224679" lon="-76.620655"><ele>45.0</ele><time>2021-08-06T23:11:08Z</time></trkpt>
<trkpt lat="44.224673" lon="-76.620628"><ele>45.0</ele><time>2021-08-06T23:11:09Z</time></trkpt>
<trkpt lat="44.224666" lon="-76.62061"><ele>45.0</ele><time>2021-08-06T23:11:10Z</time></trkpt>
<trkpt lat="44.22466" lon="-76.620583"><ele>44.0</ele><time>2021-08-06T23:11:11Z</time></trkpt>
<trkpt lat="44.224653" lon="-76.620556"><ele>44.0</ele><time>2021-08-06T23:11:12Z</time></trkpt>
<trkpt lat="44.224647" lon="-76.620529"><ele>44.0</ele><time>2021-08-06T23:11:13Z</time></trkpt>
<trkpt lat="44.224644" lon="-76.620511"><ele>45.0</ele><time>2021-08-06T23:11:14Z</time></trkpt>
<trkpt lat="44.224637" lon="-76.620484"><ele>45.0</ele><time>2021-08-06T23:11:15Z</time></trkpt>
<trkpt lat="44.224631" lon="-76.620457"><ele>45.0</ele><time>2021-08-06T23:11:16Z</time></trkpt>
<trkpt lat="44.224624" lon="-76.620439"><ele>45.0</ele><time>2021-08-06T23:11:17Z</time></trkpt>
<trkpt lat="44.224618" lon="-76.620412"><ele>45.0</ele><time>2021-08-06T23:11:18Z</time></trkpt>
<trkpt lat="44.224611" lon="-76.620385"><ele>45.0</ele><time>2021-08-06T23:11:19Z</time></trkpt>
<trkpt lat="44.224608" lon="-76.620367"><ele>45.0</ele><time>2021-08-06T23:11:20Z</time></trkpt>
<trkpt lat="44.224598" lon="-76.620349"><ele>45.0</ele><time>2021-08-06T23:11:21Z</time></trkpt>
<trkpt lat="44.224589" lon="-76.620323"><ele>45.0</ele><time>2021-08-06T23:11:22Z</time></trkpt>
<trkpt lat="44.224576" lon="-76.620314"><ele>45.0</ele><time>2021-08-06T23:11:23Z</time></trkpt>
<trkpt lat="44.224563" lon="-76.620296"><ele>45.0</ele><time>2021-08-06T23:11:24Z</time></trkpt>
<trkpt lat="44.22455" lon="-76.620287"><ele>45.0</ele><time>2021-08-06T23:11:25Z</time></trkpt>
<trkpt lat="44.224537" lon="-76.620278"><ele>45.0</ele><time>2021-08-06T23:11:26Z</time></trkpt>
<trkpt lat="44.224527" lon="-76.620278"><ele>45.0</ele><time>2021-08-06T23:11:27Z</time></trkpt>
<trkpt lat="44.224514" lon="-76.620278"><ele>45.0</ele><time>2021-08-06T23:11:28Z</time></trkpt>
<trkpt lat="44.224505" lon="-76.620278"><ele>45.0</ele><time>2021-08-06T23:11:29Z</time></trkpt>
<trkpt lat="44.224495" lon="-76.620278"><ele>44.0</ele><time>2021-08-06T23:11:30Z</time></trkpt>
<trkpt lat="44.224485" lon="-76.620287"><ele>45.0</ele><time>2021-08-06T23:11:31Z</time></trkpt>
<trkpt lat="44.224479" lon="-76.620287"><ele>45.0</ele><time>2021-08-06T23:11:32Z</time></trkpt>
<trkpt lat="44.224469" lon="-76.620296"><ele>45.0</ele><time>2021-08-06T23:11:33Z</time></trkpt>
<trkpt lat="44.224459" lon="-76.620305"><ele>46.0</ele><time>2021-08-06T23:11:34Z</time></trkpt>
<trkpt lat="44.224453" lon="-76.620323"><ele>46.0</ele><time>2021-08-06T23:11:35Z</time></trkpt>
<trkpt lat="44.22445" lon="-76.62034"><ele>46.0</ele><time>2021-08-06T23:11:36Z</time></trkpt>
<trkpt lat="44.224453" lon="-76.620358"><ele>45.0</ele><time>2021-08-06T23:11:37Z</time></trkpt>
<trkpt lat="44.224456" lon="-76.620367"><ele>46.0</ele><time>2021-08-06T23:11:38Z</time></trkpt>
<trkpt lat="44.224459" lon="-76.620385"><ele>46.0</ele><time>2021-08-06T23:11:39Z</time></trkpt>
<trkpt lat="44.224463" lon="-76.620403"><ele>45.0</ele><time>2021-08-06T23:11:40Z</time></trkpt>
<trkpt lat="44.224466" lon="-76.620421"><ele>46.0</ele><time>2021-08-06T23:11:41Z</time></trkpt>
<trkpt lat="44.224469" lon="-76.620439"><ele>46.0</ele><time>2021-08-06T23:11:42Z</time></trkpt>
<trkpt lat="44.224472" lon="-76.620457"><ele>46.0</ele><time>2021-08-06T23:11:43Z</time></trkpt>
<trkpt lat="44.224472" lon="-76.620484"><ele>46.0</ele><time>2021-08-06T23:11:44Z</time></trkpt>
<trkpt lat="44.224472" lon="-76.620502"><ele>45.0</ele><time>2021-08-06T23:11:45Z</time></trkpt>
<trkpt lat="44.224472" lon="-76.62052"><ele>45.0</ele><time>2021-08-06T23:11:46Z</time></trkpt>
<trkpt lat="44.224476" lon="-76.620538"><ele>45.0</ele><time>2021-08-06T23:11:47Z</time></trkpt>
<trkpt lat="44.224476" lon="-76.620556"><ele>46.0</ele><time>2021-08-06T23:11:48Z</time></trkpt>
<trkpt lat="44.224479" lon="-76.620583"><ele>46.0</ele><time>2021-08-06T23:11:49Z</time></trkpt>
<trkpt lat="44.224479" lon="-76.620601"><ele>46.0</ele><time>2021-08-06T23:11:50Z</time></trkpt>
<trkpt lat="44.224479" lon="-76.620619"><ele>46.0</ele><time>2021-08-06T23:11:51Z</time></trkpt>
<trkpt lat="44.224482" lon="-76.620637"><ele>46.0</ele><time>2021-08-06T23:11:52Z</time></trkpt>
<trkpt lat="44.224485" lon="-76.620655"><ele>46.0</ele><time>2021-08-06T23:11:53Z</time></trkpt>
<trkpt lat="44.224489" lon="-76.620673"><ele>46.0</ele><time>2021-08-06T23:11:54Z</time></trkpt>
<trkpt lat="44.224492" lon="-76.620691"><ele>46.0</ele><time>2021-08-06T23:11:55Z</time></trkpt>
<trkpt lat="44.224495" lon="-76.620709"><ele>47.0</ele><time>2021-08-06T23:11:56Z</time></trkpt>
<trkpt lat="44.224495" lon="-76.620727"><ele>47.0</ele><time>2021-08-06T23:11:57Z</time></trkpt>
<trkpt lat="44.224498" lon="-76.620745"><ele>47.0</ele><time>2021-08-06T23:11:58Z</time></trkpt>
<trkpt lat="44.224501" lon="-76.620763"><ele>47.0</ele><time>2021-08-06T23:11:59Z</time></trkpt>
<trkpt lat="44.224505" lon="-76.620781"><ele>47.0</ele><time>2021-08-06T23:12:00Z</time></trkpt>
<trkpt lat="44.224508" lon="-76.620799"><ele>46.0</ele><time>2021-08-06T23:12:01Z</time></trkpt>
<trkpt lat="44.224514" lon="-76.620817"><ele>46.0</ele><time>2021-08-06T23:12:02Z</time></trkpt>
<trkpt lat="44.224521" lon="-76.620835"><ele>46.0</ele><time>2021-08-06T23:12:03Z</time></trkpt>
<trkpt lat="44.224524" lon="-76.620853"><ele>46.0</ele><time>2021-08-06T23:12:04Z</time></trkpt>
<trkpt lat="44.224531" lon="-76.620861"><ele>46.0</ele><time>2021-08-06T23:12:05Z</time></trkpt>
<trkpt lat="44.224537" lon="-76.620879"><ele>46.0</ele><time>2021-08-06T23:12:06Z</time></trkpt>
<trkpt lat="44.224543" lon="-76.620897"><ele>45.0</ele><time>2021-08-06T23:12:07Z</time></trkpt>
<trkpt lat="44.22455" lon="-76.620915"><ele>46.0</ele><time>2021-08-06T23:12:08Z</time></trkpt>
<trkpt lat="44.224553" lon="-76.620933"><ele>45.0</ele><time>2021-08-06T23:12:09Z</time></trkpt>
<trkpt lat="44.224556" lon="-76.620942"><ele>46.0</ele><time>2021-08-06T23:12:10Z</time></trkpt>
<trkpt lat="44.22456" lon="-76.62096"><ele>46.0</ele><time>2021-08-06T23:12:11Z</time></trkpt>
<trkpt lat="44.224563" lon="-76.620978"><ele>46.0</ele><time>2021-08-06T23:12:12Z</time></trkpt>
<trkpt lat="44.224563" lon="-76.620996"><ele>46.0</ele><time>2021-08-06T23:12:13Z</time></trkpt>
<trkpt lat="44.224566" lon="-76.621014"><ele>45.0</ele><time>2021-08-06T23:12:14Z</time></trkpt>
<trkpt lat="44.224573" lon="-76.621023"><ele>46.0</ele><time>2021-08-06T23:12:15Z</time></trkpt>
<trkpt lat="44.224576" lon="-76.621041"><ele>45.0</ele><time>2021-08-06T23:12:16Z</time></trkpt>
<trkpt lat="44.224582" lon="-76.621059"><ele>45.0</ele><time>2021-08-06T23:12:17Z</time></trkpt>
<trkpt lat="44.224585" lon="-76.621068"><ele>45.0</ele><time>2021-08-06T23:12:18Z</time></trkpt>
<trkpt lat="44.224589" lon="-76.621086"><ele>45.0</ele><time>2021-08-06T23:12:19Z</time></trkpt>
<trkpt lat="44.224592" lon="-76.621104"><ele>46.0</ele><time>2021-08-06T23:12:20Z</time></trkpt>
<trkpt lat="44.224595" lon="-76.621122"><ele>45.0</ele><time>2021-08-06T23:12:21Z</time></trkpt>
<trkpt lat="44.224598" lon="-76.62114"><ele>45.0</ele><time>2021-08-06T23:12:22Z</time></trkpt>
<trkpt lat="44.224605" lon="-76.621149"><ele>45.0</ele><time>2021-08-06T23:12:23Z</time></trkpt>
<trkpt lat="44.224608" lon="-76.621167"><ele>45.0</ele><time>2021-08-06T23:12:24Z</time></trkpt>
<trkpt lat="44.224611" lon="-76.621185"><ele>45.0</ele><time>2021-08-06T23:12:25Z</time></trkpt>
<trkpt lat="44.224615" lon="-76.621203"><ele>45.0</ele><time>2021-08-06T23:12:26Z</time></trkpt>
<trkpt lat="44.224618" lon="-76.621221"><ele>45.0</ele><time>2021-08-06T23:12:27Z</time></trkpt>
<trkpt lat="44.224624" lon="-76.621239"><ele>45.0</ele><time>2021-08-06T23:12:28Z</time></trkpt>
<trkpt lat="44.224631" lon="-76.621248"><ele>45.0</ele><time>2021-08-06T23:12:29Z</time></trkpt>
<trkpt lat="44.224634" lon="-76.621266"><ele>44.0</ele><time>2021-08-06T23:12:30Z</time></trkpt>
<trkpt lat="44.224637" lon="-76.621284"><ele>45.0</ele><time>2021-08-06T23:12:31Z</time></trkpt>
<trkpt lat="44.22464" lon="-76.621293"><ele>45.0</ele><time>2021-08-06T23:12:32Z</time></trkpt>
<trkpt lat="44.224647" lon="-76.621311"><ele>45.0</ele><time>2021-08-06T23:12:33Z</time></trkpt>
<trkpt lat="44.22465" lon="-76.621329"><ele>45.0</ele><time>2021-08-06T23:12:34Z</time></trkpt>
<trkpt lat="44.224657" lon="-76.621338"><ele>45.0</ele><time>2021-08-06T23:12:35Z</time></trkpt>
<trkpt lat="44.224666" lon="-76.621356"><ele>45.0</ele><time>2021-08-06T23:12:36Z</time></trkpt>
<trkpt lat="44.224673" lon="-76.621365"><ele>45.0</ele><time>2021-08-06T23:12:37Z</time></trkpt>
<trkpt lat="44.224679" lon="-76.621382"><ele>44.0</ele><time>2021-08-06T23:12:38Z</time></trkpt>
<trkpt lat="44.224686" lon="-76.6214"><ele>44.0</ele><time>2021-08-06T23:12:39Z</time></trkpt>
<trkpt lat="44.224692" lon="-76.621409"><ele>45.0</ele><time>2021-08-06T23:12:40Z</time></trkpt>
<trkpt lat="44.224698" lon="-76.621427"><ele>45.0</ele><time>2021-08-06T23:12:41Z</time></trkpt>
<trkpt lat="44.224708" lon="-76.621445"><ele>44.0</ele><time>2021-08-06T23:12:42Z</time></trkpt>
<trkpt lat="44.224715" lon="-76.621454"><ele>46.0</ele><time>2021-08-06T23:12:43Z</time></trkpt>
<trkpt lat="44.224718" lon="-76.621463"><ele>46.0</ele><time>2021-08-06T23:12:44Z</time></trkpt>
<trkpt lat="44.224724" lon="-76.621481"><ele>46.0</ele><time>2021-08-06T23:12:45Z</time></trkpt>
<trkpt lat="44.224731" lon="-76.62149"><ele>46.0</ele><time>2021-08-06T23:12:46Z</time></trkpt>
<trkpt lat="44.224737" lon="-76.621508"><ele>46.0</ele><time>2021-08-06T23:12:47Z</time></trkpt>
<trkpt lat="44.224744" lon="-76.621517"><ele>46.0</ele><time>2021-08-06T23:12:48Z</time></trkpt>
<trkpt lat="44.22475" lon="-76.621535"><ele>46.0</ele><time>2021-08-06T23:12:49Z</time></trkpt>
<trkpt lat="44.224757" lon="-76.621544"><ele>46.0</ele><time>2021-08-06T23:12:50Z</time></trkpt>
<trkpt lat="44.224763" lon="-76.621553"><ele>46.0</ele><time>2021-08-06T23:12:51Z</time></trkpt>
<trkpt lat="44.22477" lon="-76.621571"><ele>46.0</ele><time>2021-08-06T23:12:52Z</time></trkpt>
<trkpt lat="44.224776" lon="-76.62158"><ele>47.0</ele><time>2021-08-06T23:12:53Z</time></trkpt>
<trkpt lat="44.224782" lon="-76.621598"><ele>47.0</ele><time>2021-08-06T23:12:54Z</time></trkpt>
<trkpt lat="44.224789" lon="-76.621607"><ele>47.0</ele><time>2021-08-06T23:12:55Z</time></trkpt>
<trkpt lat="44.224795" lon="-76.621625"><ele>47.0</ele><time>2021-08-06T23:12:56Z</time></trkpt>
<trkpt lat="44.224799" lon="-76.621634"><ele>46.0</ele><time>2021-08-06T23:12:57Z</time></trkpt>
<trkpt lat="44.224802" lon="-76.621652"><ele>46.0</ele><time>2021-08-06T23:12:58Z</time></trkpt>
<trkpt lat="44.224805" lon="-76.621661"><ele>46.0</ele><time>2021-08-06T23:12:59Z</time></trkpt>
<trkpt lat="44.224808" lon="-76.621679"><ele>46.0</ele><time>2021-08-06T23:13:00Z</time></trkpt>
<trkpt lat="44.224812" lon="-76.621697"><ele>46.0</ele><time>2021-08-06T23:13:01Z</time></trkpt>
<trkpt lat="44.224812" lon="-76.621706"><ele>47.0</ele><time>2021-08-06T23:13:02Z</time></trkpt>
<trkpt lat="44.224815" lon="-76.621724"><ele>46.0</ele><time>2021-08-06T23:13:03Z</time></trkpt>
<trkpt lat="44.224818" lon="-76.621742"><ele>46.0</ele><time>2021-08-06T23:13:04Z</time></trkpt>
<trkpt lat="44.224821" lon="-76.621751"><ele>46.0</ele><time>2021-08-06T23:13:05Z</time></trkpt>
<trkpt lat="44.224824" lon="-76.621769"><ele>46.0</ele><time>2021-08-06T23:13:06Z</time></trkpt>
<trkpt lat="44.224828" lon="-76.621778"><ele>46.0</ele><time>2021-08-06T23:13:07Z</time></trkpt>
<trkpt lat="44.224831" lon="-76.621796"><ele>46.0</ele><time>2021-08-06T23:13:08Z</time></trkpt>
<trkpt lat="44.224831" lon="-76.621814"><ele>46.0</ele><time>2021-08-06T23:13:09Z</time></trkpt>
<trkpt lat="44.224831" lon="-76.621832"><ele>45.0</ele><time>2021-08-06T23:13:10Z</time></trkpt>
<trkpt lat="44.224831" lon="-76.62185"><ele>45.0</ele><time>2021-08-06T23:13:11Z</time></trkpt>
<trkpt lat="44.224834" lon="-76.621868"><ele>45.0</ele><time>2021-08-06T23:13:12Z</time></trkpt>
<trkpt lat="44.224834" lon="-76.621886"><ele>45.0</ele><time>2021-08-06T23:13:13Z</time></trkpt>
<trkpt lat="44.224834" lon="-76.621903"><ele>45.0</ele><time>2021-08-06T23:13:14Z</time></trkpt>
<trkpt lat="44.224834" lon="-76.621921"><ele>45.0</ele><time>2021-08-06T23:13:15Z</time></trkpt>
<trkpt lat="44.224837" lon="-76.621939"><ele>45.0</ele><time>2021-08-06T23:13:16Z</time></trkpt>
<trkpt lat="44.224837" lon="-76.621957"><ele>45.0</ele><time>2021-08-06T23:13:17Z</time></trkpt>
<trkpt lat="44.224837" lon="-76.621975"><ele>45.0</ele><time>2021-08-06T23:13:18Z</time></trkpt>
<trkpt lat="44.224837" lon="-76.621993"><ele>45.0</ele><time>2021-08-06T23:13:19Z</time></trkpt>
<trkpt lat="44.224837" lon="-76.622011"><ele>45.0</ele><time>2021-08-06T23:13:20Z</time></trkpt>
<trkpt lat="44.224837" lon="-76.622029"><ele>45.0</ele><time>2021-08-06T23:13:21Z</time></trkpt>
<trkpt lat="44.224837" lon="-76.622038"><ele>45.0</ele><time>2021-08-06T23:13:22Z</time></trkpt>
<trkpt lat="44.224837" lon="-76.622056"><ele>45.0</ele><time>2021-08-06T23:13:23Z</time></trkpt>
<trkpt lat="44.224837" lon="-76.622074"><ele>45.0</ele><time>2021-08-06T23:13:24Z</time></trkpt>
<trkpt lat="44.224841" lon="-76.622092"><ele>45.0</ele><time>2021-08-06T23:13:25Z</time></trkpt>
<trkpt lat="44.224841" lon="-76.62211"><ele>45.0</ele><time>2021-08-06T23:13:26Z</time></trkpt>
<trkpt lat="44.224841" lon="-76.622128"><ele>45.0</ele><time>2021-08-06T23:13:27Z</time></trkpt>
<trkpt lat="44.224844" lon="-76.622146"><ele>45.0</ele><time>2021-08-06T23:13:28Z</time></trkpt>
<trkpt lat="44.224844" lon="-76.622155"><ele>45.0</ele><time>2021-08-06T23:13:29Z</time></trkpt>
<trkpt lat="44.224844" lon="-76.622173"><ele>45.0</ele><time>2021-08-06T23:13:30Z</time></trkpt>
<trkpt lat="44.224847" lon="-76.622191"><ele>45.0</ele><time>2021-08-06T23:13:31Z</time></trkpt>
<trkpt lat="44.224847" lon="-76.622209"><ele>44.0</ele><time>2021-08-06T23:13:32Z</time></trkpt>
<trkpt lat="44.224847" lon="-76.622227"><ele>44.0</ele><time>2021-08-06T23:13:33Z</time></trkpt>
<trkpt lat="44.224847" lon="-76.622245"><ele>44.0</ele><time>2021-08-06T23:13:34Z</time></trkpt>
<trkpt lat="44.22485" lon="-76.622263"><ele>44.0</ele><time>2021-08-06T23:13:35Z</time></trkpt>
<trkpt lat="44.22485" lon="-76.62229"><ele>44.0</ele><time>2021-08-06T23:13:36Z</time></trkpt>
<trkpt lat="44.22485" lon="-76.622308"><ele>44.0</ele><time>2021-08-06T23:13:37Z</time></trkpt>
<trkpt lat="44.224854" lon="-76.622326"><ele>44.0</ele><time>2021-08-06T23:13:38Z</time></trkpt>
<trkpt lat="44.224854" lon="-76.622344"><ele>44.0</ele><time>2021-08-06T23:13:39Z</time></trkpt>
<trkpt lat="44.224854" lon="-76.622362"><ele>43.0</ele><time>2021-08-06T23:13:40Z</time></trkpt>
<trkpt lat="44.224854" lon="-76.62238"><ele>43.0</ele><time>2021-08-06T23:13:41Z</time></trkpt>
<trkpt lat="44.224857" lon="-76.622398"><ele>43.0</ele><time>2021-08-06T23:13:42Z</time></trkpt>
<trkpt lat="44.224857" lon="-76.622416"><ele>43.0</ele><time>2021-08-06T23:13:43Z</time></trkpt>
<trkpt lat="44.22486" lon="-76.622433"><ele>43.0</ele><time>2021-08-06T23:13:44Z</time></trkpt>
<trkpt lat="44.224863" lon="-76.622451"><ele>43.0</ele><time>2021-08-06T23:13:45Z</time></trkpt>
<trkpt lat="44.22487" lon="-76.622469"><ele>43.0</ele><time>2021-08-06T23:13:46Z</time></trkpt>
<trkpt lat="44.22487" lon="-76.622487"><ele>43.0</ele><time>2021-08-06T23:13:47Z</time></trkpt>
<trkpt lat="44.224876" lon="-76.622505"><ele>43.0</ele><time>2021-08-06T23:13:48Z</time></trkpt>
<trkpt lat="44.224879" lon="-76.622523"><ele>43.0</ele><time>2021-08-06T23:13:49Z</time></trkpt>
<trkpt lat="44.224883" lon="-76.622541"><ele>43.0</ele><time>2021-08-06T23:13:50Z</time></trkpt>
<trkpt lat="44.224883" lon="-76.622559"><ele>43.0</ele><time>2021-08-06T23:13:51Z</time></trkpt>
<trkpt lat="44.224886" lon="-76.622577"><ele>43.0</ele><time>2021-08-06T23:13:52Z</time></trkpt>
<trkpt lat="44.224889" lon="-76.622595"><ele>43.0</ele><time>2021-08-06T23:13:53Z</time></trkpt>
<trkpt lat="44.224889" lon="-76.622613"><ele>44.0</ele><time>2021-08-06T23:13:54Z</time></trkpt>
<trkpt lat="44.224889" lon="-76.62264"><ele>44.0</ele><time>2021-08-06T23:13:55Z</time></trkpt>
<trkpt lat="44.224889" lon="-76.622658"><ele>44.0</ele><time>2021-08-06T23:13:56Z</time></trkpt>
<trkpt lat="44.224889" lon="-76.622676"><ele>44.0</ele><time>2021-08-06T23:13:57Z</time></trkpt>
<trkpt lat="44.224889" lon="-76.622694"><ele>44.0</ele><time>2021-08-06T23:13:58Z</time></trkpt>
<trkpt lat="44.224889" lon="-76.622712"><ele>44.0</ele><time>2021-08-06T23:13:59Z</time></trkpt>
<trkpt lat="44.224889" lon="-76.62273"><ele>44.0</ele><time>2021-08-06T23:14:00Z</time></trkpt>
<trkpt lat="44.224889" lon="-76.622748"><ele>44.0</ele><time>2021-08-06T23:14:01Z</time></trkpt>
<trkpt lat="44.224886" lon="-76.622766"><ele>44.0</ele><time>2021-08-06T23:14:02Z</time></trkpt>
<trkpt lat="44.224886" lon="-76.622793"><ele>44.0</ele><time>2021-08-06T23:14:03Z</time></trkpt>
<trkpt lat="44.224883" lon="-76.622811"><ele>44.0</ele><time>2021-08-06T23:14:04Z</time></trkpt>
<trkpt lat="44.224879" lon="-76.622829"><ele>44.0</ele><time>2021-08-06T23:14:05Z</time></trkpt>
<trkpt lat="44.224876" lon="-76.622847"><ele>44.0</ele><time>2021-08-06T23:14:06Z</time></trkpt>
<trkpt lat="44.224876" lon="-76.622874"><ele>44.0</ele><time>2021-08-06T23:14:07Z</time></trkpt>
<trkpt lat="44.224873" lon="-76.622892"><ele>45.0</ele><time>2021-08-06T23:14:08Z</time></trkpt>
<trkpt lat="44.224873" lon="-76.622919"><ele>45.0</ele><time>2021-08-06T23:14:09Z</time></trkpt>
<trkpt lat="44.224873" lon="-76.622937"><ele>45.0</ele><time>2021-08-06T23:14:10Z</time></trkpt>
<trkpt lat="44.224873" lon="-76.622954"><ele>45.0</ele><time>2021-08-06T23:14:11Z</time></trkpt>
<trkpt lat="44.224873" lon="-76.622981"><ele>45.0</ele><time>2021-08-06T23:14:12Z</time></trkpt>
<trkpt lat="44.224873" lon="-76.622999"><ele>45.0</ele><time>2021-08-06T23:14:13Z</time></trkpt>
<trkpt lat="44.224873" lon="-76.623017"><ele>45.0</ele><time>2021-08-06T23:14:14Z</time></trkpt>
<trkpt lat="44.224873" lon="-76.623044"><ele>45.0</ele><time>2021-08-06T23:14:15Z</time></trkpt>
<trkpt lat="44.224873" lon="-76.623062"><ele>45.0</ele><time>2021-08-06T23:14:16Z</time></trkpt>
<trkpt lat="44.224873" lon="-76.62308"><ele>45.0</ele><time>2021-08-06T23:14:17Z</time></trkpt>
<trkpt lat="44.224873" lon="-76.623107"><ele>46.0</ele><time>2021-08-06T23:14:18Z</time></trkpt>
<trkpt lat="44.22487" lon="-76.623125"><ele>46.0</ele><time>2021-08-06T23:14:19Z</time></trkpt>
<trkpt lat="44.22487" lon="-76.623152"><ele>45.0</ele><time>2021-08-06T23:14:20Z</time></trkpt>
<trkpt lat="44.22487" lon="-76.623179"><ele>46.0</ele><time>2021-08-06T23:14:21Z</time></trkpt>
<trkpt lat="44.22487" lon="-76.623197"><ele>46.0</ele><time>2021-08-06T23:14:22Z</time></trkpt>
<trkpt lat="44.22487" lon="-76.623224"><ele>46.0</ele><time>2021-08-06T23:14:23Z</time></trkpt>
<trkpt lat="44.22487" lon="-76.623242"><ele>45.0</ele><time>2021-08-06T23:14:24Z</time></trkpt>
<trkpt lat="44.22487" lon="-76.623269"><ele>45.0</ele><time>2021-08-06T23:14:25Z</time></trkpt>
<trkpt lat="44.224873" lon="-76.623287"><ele>45.0</ele><time>2021-08-06T23:14:26Z</time></trkpt>
<trkpt lat="44.224873" lon="-76.623314"><ele>45.0</ele><time>2021-08-06T23:14:27Z</time></trkpt>
<trkpt lat="44.224873" lon="-76.623341"><ele>45.0</ele><time>2021-08-06T23:14:28Z</time></trkpt>
<trkpt lat="44.224873" lon="-76.623359"><ele>45.0</ele><time>2021-08-06T23:14:29Z</time></trkpt>
<trkpt lat="44.22487" lon="-76.623377"><ele>45.0</ele><time>2021-08-06T23:14:30Z</time></trkpt>
<trkpt lat="44.22487" lon="-76.623404"><ele>45.0</ele><time>2021-08-06T23:14:31Z</time></trkpt>
<trkpt lat="44.22487" lon="-76.623422"><ele>45.0</ele><time>2021-08-06T23:14:32Z</time></trkpt>
<trkpt lat="44.22487" lon="-76.623449"><ele>46.0</ele><time>2021-08-06T23:14:33Z</time></trkpt>
<trkpt lat="44.224866" lon="-76.623467"><ele>45.0</ele><time>2021-08-06T23:14:34Z</time></trkpt>
<trkpt lat="44.224863" lon="-76.623484"><ele>46.0</ele><time>2021-08-06T23:14:35Z</time></trkpt>
<trkpt lat="44.224863" lon="-76.623502"><ele>46.0</ele><time>2021-08-06T23:14:36Z</time></trkpt>
<trkpt lat="44.22486" lon="-76.62352"><ele>46.0</ele><time>2021-08-06T23:14:37Z</time></trkpt>
<trkpt lat="44.224857" lon="-76.623547"><ele>46.0</ele><time>2021-08-06T23:14:38Z</time></trkpt>
<trkpt lat="44.224854" lon="-76.623565"><ele>46.0</ele><time>2021-08-06T23:14:39Z</time></trkpt>
<trkpt lat="44.22485" lon="-76.623583"><ele>46.0</ele><time>2021-08-06T23:14:40Z</time></trkpt>
<trkpt lat="44.22485" lon="-76.62361"><ele>46.0</ele><time>2021-08-06T23:14:41Z</time></trkpt>
<trkpt lat="44.224847" lon="-76.623628"><ele>46.0</ele><time>2021-08-06T23:14:42Z</time></trkpt>
<trkpt lat="44.224847" lon="-76.623646"><ele>46.0</ele><time>2021-08-06T23:14:43Z</time></trkpt>
<trkpt lat="44.224844" lon="-76.623664"><ele>46.0</ele><time>2021-08-06T23:14:44Z</time></trkpt>
<trkpt lat="44.224844" lon="-76.623691"><ele>47.0</ele><time>2021-08-06T23:14:45Z</time></trkpt>
<trkpt lat="44.224844" lon="-76.623709"><ele>47.0</ele><time>2021-08-06T23:14:46Z</time></trkpt>
<trkpt lat="44.224844" lon="-76.623736"><ele>47.0</ele><time>2021-08-06T23:14:47Z</time></trkpt>
<trkpt lat="44.224844" lon="-76.623754"><ele>47.0</ele><time>2021-08-06T23:14:48Z</time></trkpt>
<trkpt lat="44.224841" lon="-76.623781"><ele>47.0</ele><time>2021-08-06T23:14:49Z</time></trkpt>
<trkpt lat="44.224841" lon="-76.623799"><ele>47.0</ele><time>2021-08-06T23:14:50Z</time></trkpt>
<trkpt lat="44.224837" lon="-76.623826"><ele>47.0</ele><time>2021-08-06T23:14:51Z</time></trkpt>
<trkpt lat="44.224834" lon="-76.623844"><ele>47.0</ele><time>2021-08-06T23:14:52Z</time></trkpt>
<trkpt lat="44.224831" lon="-76.623862"><ele>47.0</ele><time>2021-08-06T23:14:53Z</time></trkpt>
<trkpt lat="44.224824" lon="-76.623889"><ele>47.0</ele><time>2021-08-06T23:14:54Z</time></trkpt>
<trkpt lat="44.224821" lon="-76.623916"><ele>47.0</ele><time>2021-08-06T23:14:55Z</time></trkpt>
<trkpt lat="44.224815" lon="-76.623934"><ele>47.0</ele><time>2021-08-06T23:14:56Z</time></trkpt>
<trkpt lat="44.224808" lon="-76.623961"><ele>47.0</ele><time>2021-08-06T23:14:57Z</time></trkpt>
<trkpt lat="44.224802" lon="-76.623988"><ele>47.0</ele><time>2021-08-06T23:14:58Z</time></trkpt>
<trkpt lat="44.224792" lon="-76.624005"><ele>47.0</ele><time>2021-08-06T23:14:59Z</time></trkpt>
<trkpt lat="44.224782" lon="-76.624032"><ele>47.0</ele><time>2021-08-06T23:15:00Z</time></trkpt>
<trkpt lat="44.224776" lon="-76.62405"><ele>47.0</ele><time>2021-08-06T23:15:01Z</time></trkpt>
<trkpt lat="44.224766" lon="-76.624077"><ele>47.0</ele><time>2021-08-06T23:15:02Z</time></trkpt>
<trkpt lat="44.22476" lon="-76.624104"><ele>47.0</ele><time>2021-08-06T23:15:03Z</time></trkpt>
<trkpt lat="44.22475" lon="-76.624122"><ele>48.0</ele><time>2021-08-06T23:15:04Z</time></trkpt>
<trkpt lat="44.224737" lon="-76.624149"><ele>48.0</ele><time>2021-08-06T23:15:05Z</time></trkpt>
<trkpt lat="44.224728" lon="-76.624167"><ele>48.0</ele><time>2021-08-06T23:15:06Z</time></trkpt>
<trkpt lat="44.224718" lon="-76.624194"><ele>47.0</ele><time>2021-08-06T23:15:07Z</time></trkpt>
<trkpt lat="44.224708" lon="-76.624212"><ele>48.0</ele><time>2021-08-06T23:15:08Z</time></trkpt>
<trkpt lat="44.224702" lon="-76.624239"><ele>48.0</ele><time>2021-08-06T23:15:09Z</time></trkpt>
<trkpt lat="44.224695" lon="-76.624257"><ele>48.0</ele><time>2021-08-06T23:15:10Z</time></trkpt>
<trkpt lat="44.224686" lon="-76.624284"><ele>48.0</ele><time>2021-08-06T23:15:11Z</time></trkpt>
<trkpt lat="44.224676" lon="-76.624302"><ele>48.0</ele><time>2021-08-06T23:15:12Z</time></trkpt>
<trkpt lat="44.224666" lon="-76.62432"><ele>48.0</ele><time>2021-08-06T23:15:13Z</time></trkpt>
<trkpt lat="44.224653" lon="-76.624347"><ele>48.0</ele><time>2021-08-06T23:15:14Z</time></trkpt>
<trkpt lat="44.224644" lon="-76.624365"><ele>48.0</ele><time>2021-08-06T23:15:15Z</time></trkpt>
<trkpt lat="44.224634" lon="-76.624392"><ele>48.0</ele><time>2021-08-06T23:15:16Z</time></trkpt>
<trkpt lat="44.224621" lon="-76.62441"><ele>48.0</ele><time>2021-08-06T23:15:17Z</time></trkpt>
<trkpt lat="44.224611" lon="-76.624437"><ele>48.0</ele><time>2021-08-06T23:15:18Z</time></trkpt>
<trkpt lat="44.224602" lon="-76.624464"><ele>47.0</ele><time>2021-08-06T23:15:19Z</time></trkpt>
<trkpt lat="44.224592" lon="-76.624482"><ele>48.0</ele><time>2021-08-06T23:15:20Z</time></trkpt>
<trkpt lat="44.224582" lon="-76.624509"><ele>48.0</ele><time>2021-08-06T23:15:21Z</time></trkpt>
<trkpt lat="44.224573" lon="-76.624526"><ele>48.0</ele><time>2021-08-06T23:15:22Z</time></trkpt>
<trkpt lat="44.224563" lon="-76.624553"><ele>47.0</ele><time>2021-08-06T23:15:23Z</time></trkpt>
<trkpt lat="44.224553" lon="-76.624571"><ele>48.0</ele><time>2021-08-06T23:15:24Z</time></trkpt>
<trkpt lat="44.224543" lon="-76.624589"><ele>48.0</ele><time>2021-08-06T23:15:25Z</time></trkpt>
<trkpt lat="44.224534" lon="-76.624616"><ele>48.0</ele><time>2021-08-06T23:15:26Z</time></trkpt>
<trkpt lat="44.224521" lon="-76.624634"><ele>47.0</ele><time>2021-08-06T23:15:27Z</time></trkpt>
<trkpt lat="44.224511" lon="-76.624652"><ele>47.0</ele><time>2021-08-06T23:15:28Z</time></trkpt>
<trkpt lat="44.224501" lon="-76.62467"><ele>47.0</ele><time>2021-08-06T23:15:29Z</time></trkpt>
<trkpt lat="44.224489" lon="-76.624688"><ele>47.0</ele><time>2021-08-06T23:15:30Z</time></trkpt>
<trkpt lat="44.224476" lon="-76.624706"><ele>47.0</ele><time>2021-08-06T23:15:31Z</time></trkpt>
<trkpt lat="44.224466" lon="-76.624724"><ele>47.0</ele><time>2021-08-06T23:15:32Z</time></trkpt>
<trkpt lat="44.224456" lon="-76.624742"><ele>47.0</ele><time>2021-08-06T23:15:33Z</time></trkpt>
<trkpt lat="44.224447" lon="-76.62476"><ele>47.0</ele><time>2021-08-06T23:15:34Z</time></trkpt>
<trkpt lat="44.224437" lon="-76.624778"><ele>47.0</ele><time>2021-08-06T23:15:35Z</time></trkpt>
<trkpt lat="44.224427" lon="-76.624796"><ele>47.0</ele><time>2021-08-06T23:15:36Z</time></trkpt>
<trkpt lat="44.224414" lon="-76.624814"><ele>47.0</ele><time>2021-08-06T23:15:37Z</time></trkpt>
<trkpt lat="44.224405" lon="-76.624832"><ele>47.0</ele><time>2021-08-06T23:15:38Z</time></trkpt>
<trkpt lat="44.224395" lon="-76.62485"><ele>47.0</ele><time>2021-08-06T23:15:39Z</time></trkpt>
<trkpt lat="44.224385" lon="-76.624868"><ele>47.0</ele><time>2021-08-06T23:15:40Z</time></trkpt>
<trkpt lat="44.224376" lon="-76.624877"><ele>47.0</ele><time>2021-08-06T23:15:41Z</time></trkpt>
<trkpt lat="44.224366" lon="-76.624895"><ele>48.0</ele><time>2021-08-06T23:15:42Z</time></trkpt>
<trkpt lat="44.224356" lon="-76.624913"><ele>47.0</ele><time>2021-08-06T23:15:43Z</time></trkpt>
<trkpt lat="44.22435" lon="-76.624931"><ele>47.0</ele><time>2021-08-06T23:15:44Z</time></trkpt>
<trkpt lat="44.22434" lon="-76.624949"><ele>47.0</ele><time>2021-08-06T23:15:45Z</time></trkpt>
<trkpt lat="44.224334" lon="-76.624958"><ele>48.0</ele><time>2021-08-06T23:15:46Z</time></trkpt>
<trkpt lat="44.224324" lon="-76.624976"><ele>48.0</ele><time>2021-08-06T23:15:47Z</time></trkpt>
<trkpt lat="44.224317" lon="-76.624994"><ele>48.0</ele><time>2021-08-06T23:15:48Z</time></trkpt>
<trkpt lat="44.224304" lon="-76.625012"><ele>48.0</ele><time>2021-08-06T23:15:49Z</time></trkpt>
<trkpt lat="44.224295" lon="-76.625021"><ele>48.0</ele><time>2021-08-06T23:15:50Z</time></trkpt>
<trkpt lat="44.224282" lon="-76.625038"><ele>47.0</ele><time>2021-08-06T23:15:51Z</time></trkpt>
<trkpt lat="44.224275" lon="-76.625056"><ele>47.0</ele><time>2021-08-06T23:15:52Z</time></trkpt>
<trkpt lat="44.224266" lon="-76.625074"><ele>47.0</ele><time>2021-08-06T23:15:53Z</time></trkpt>
<trkpt lat="44.224256" lon="-76.625092"><ele>47.0</ele><time>2021-08-06T23:15:54Z</time></trkpt>
<trkpt lat="44.224253" lon="-76.62511"><ele>47.0</ele><time>2021-08-06T23:15:55Z</time></trkpt>
<trkpt lat="44.224246" lon="-76.625119"><ele>47.0</ele><time>2021-08-06T23:15:56Z</time></trkpt>
<trkpt lat="44.22424" lon="-76.625137"><ele>47.0</ele><time>2021-08-06T23:15:57Z</time></trkpt>
<trkpt lat="44.22423" lon="-76.625155"><ele>47.0</ele><time>2021-08-06T23:15:58Z</time></trkpt>
<trkpt lat="44.224224" lon="-76.625173"><ele>47.0</ele><time>2021-08-06T23:15:59Z</time></trkpt>
<trkpt lat="44.224214" lon="-76.625191"><ele>48.0</ele><time>2021-08-06T23:16:00Z</time></trkpt>
<trkpt lat="44.224208" lon="-76.6252"><ele>47.0</ele><time>2021-08-06T23:16:01Z</time></trkpt>
<trkpt lat="44.224198" lon="-76.625218"><ele>48.0</ele><time>2021-08-06T23:16:02Z</time></trkpt>
<trkpt lat="44.224191" lon="-76.625227"><ele>48.0</ele><time>2021-08-06T23:16:03Z</time></trkpt>
<trkpt lat="44.224182" lon="-76.625245"><ele>48.0</ele><time>2021-08-06T23:16:04Z</time></trkpt>
<trkpt lat="44.224175" lon="-76.625254"><ele>48.0</ele><time>2021-08-06T23:16:05Z</time></trkpt>
<trkpt lat="44.224166" lon="-76.625272"><ele>48.0</ele><time>2021-08-06T23:16:06Z</time></trkpt>
<trkpt lat="44.224156" lon="-76.625281"><ele>48.0</ele><time>2021-08-06T23:16:07Z</time></trkpt>
<trkpt lat="44.224149" lon="-76.62529"><ele>48.0</ele><time>2021-08-06T23:16:08Z</time></trkpt>
<trkpt lat="44.224143" lon="-76.625299"><ele>48.0</ele><time>2021-08-06T23:16:09Z</time></trkpt>
<trkpt lat="44.224137" lon="-76.625308"><ele>48.0</ele><time>2021-08-06T23:16:10Z</time></trkpt>
<trkpt lat="44.224127" lon="-76.625326"><ele>48.0</ele><time>2021-08-06T23:16:11Z</time></trkpt>
<trkpt lat="44.22412" lon="-76.625335"><ele>48.0</ele><time>2021-08-06T23:16:12Z</time></trkpt>
<trkpt lat="44.224114" lon="-76.625353"><ele>47.0</ele><time>2021-08-06T23:16:13Z</time></trkpt>
<trkpt lat="44.224104" lon="-76.625362"><ele>47.0</ele><time>2021-08-06T23:16:14Z</time></trkpt>
<trkpt lat="44.224098" lon="-76.625371"><ele>47.0</ele><time>2021-08-06T23:16:15Z</time></trkpt>
<trkpt lat="44.224091" lon="-76.625389"><ele>46.0</ele><time>2021-08-06T23:16:16Z</time></trkpt>
<trkpt lat="44.224085" lon="-76.625398"><ele>46.0</ele><time>2021-08-06T23:16:17Z</time></trkpt>
<trkpt lat="44.224078" lon="-76.625407"><ele>46.0</ele><time>2021-08-06T23:16:18Z</time></trkpt>
<trkpt lat="44.224072" lon="-76.625416"><ele>45.0</ele><time>2021-08-06T23:16:19Z</time></trkpt>
<trkpt lat="44.224065" lon="-76.625434"><ele>46.0</ele><time>2021-08-06T23:16:20Z</time></trkpt>
<trkpt lat="44.224059" lon="-76.625443"><ele>45.0</ele><time>2021-08-06T23:16:21Z</time></trkpt>
<trkpt lat="44.224053" lon="-76.625452"><ele>46.0</ele><time>2021-08-06T23:16:22Z</time></trkpt>
<trkpt lat="44.224046" lon="-76.62547"><ele>46.0</ele><time>2021-08-06T23:16:23Z</time></trkpt>
<trkpt lat="44.22404" lon="-76.625479"><ele>46.0</ele><time>2021-08-06T23:16:24Z</time></trkpt>
<trkpt lat="44.224033" lon="-76.625488"><ele>46.0</ele><time>2021-08-06T23:16:25Z</time></trkpt>
<trkpt lat="44.224023" lon="-76.625506"><ele>45.0</ele><time>2021-08-06T23:16:26Z</time></trkpt>
<trkpt lat="44.224014" lon="-76.625524"><ele>45.0</ele><time>2021-08-06T23:16:27Z</time></trkpt>
<trkpt lat="44.224011" lon="-76.625533"><ele>46.0</ele><time>2021-08-06T23:16:28Z</time></trkpt>
<trkpt lat="44.224004" lon="-76.625542"><ele>45.0</ele><time>2021-08-06T23:16:29Z</time></trkpt>
<trkpt lat="44.224001" lon="-76.625551"><ele>45.0</ele><time>2021-08-06T23:16:30Z</time></trkpt>
<trkpt lat="44.223994" lon="-76.625559"><ele>45.0</ele><time>2021-08-06T23:16:31Z</time></trkpt>
<trkpt lat="44.223991" lon="-76.625568"><ele>45.0</ele><time>2021-08-06T23:16:32Z</time></trkpt>
<trkpt lat="44.223985" lon="-76.625577"><ele>45.0</ele><time>2021-08-06T23:16:33Z</time></trkpt>
<trkpt lat="44.223978" lon="-76.625595"><ele>45.0</ele><time>2021-08-06T23:16:34Z</time></trkpt>
<trkpt lat="44.223972" lon="-76.625604"><ele>45.0</ele><time>2021-08-06T23:16:35Z</time></trkpt>
<trkpt lat="44.223965" lon="-76.625622"><ele>45.0</ele><time>2021-08-06T23:16:36Z</time></trkpt>
<trkpt lat="44.223959" lon="-76.625631"><ele>44.0</ele><time>2021-08-06T23:16:37Z</time></trkpt>
<trkpt lat="44.223952" lon="-76.62564"><ele>45.0</ele><time>2021-08-06T23:16:38Z</time></trkpt>
<trkpt lat="44.223946" lon="-76.625649"><ele>44.0</ele><time>2021-08-06T23:16:39Z</time></trkpt>
<trkpt lat="44.223939" lon="-76.625667"><ele>45.0</ele><time>2021-08-06T23:16:40Z</time></trkpt>
<trkpt lat="44.223933" lon="-76.625676"><ele>45.0</ele><time>2021-08-06T23:16:41Z</time></trkpt>
<trkpt lat="44.223927" lon="-76.625685"><ele>45.0</ele><time>2021-08-06T23:16:42Z</time></trkpt>
<trkpt lat="44.22392" lon="-76.625694"><ele>45.0</ele><time>2021-08-06T23:16:43Z</time></trkpt>
<trkpt lat="44.223917" lon="-76.625703"><ele>45.0</ele><time>2021-08-06T23:16:44Z</time></trkpt>
<trkpt lat="44.22391" lon="-76.625703"><ele>45.0</ele><time>2021-08-06T23:16:45Z</time></trkpt>
<trkpt lat="44.223904" lon="-76.625712"><ele>45.0</ele><time>2021-08-06T23:16:46Z</time></trkpt>
<trkpt lat="44.223898" lon="-76.625721"><ele>45.0</ele><time>2021-08-06T23:16:47Z</time></trkpt>
<trkpt lat="44.223891" lon="-76.62573"><ele>46.0</ele><time>2021-08-06T23:16:48Z</time></trkpt>
<trkpt lat="44.223888" lon="-76.625739"><ele>46.0</ele><time>2021-08-06T23:16:49Z</time></trkpt>
<trkpt lat="44.223881" lon="-76.625739"><ele>46.0</ele><time>2021-08-06T23:16:50Z</time></trkpt>
<trkpt lat="44.223875" lon="-76.625748"><ele>46.0</ele><time>2021-08-06T23:16:51Z</time></trkpt>
<trkpt lat="44.223868" lon="-76.625757"><ele>46.0</ele><time>2021-08-06T23:16:52Z</time></trkpt>
<trkpt lat="44.223862" lon="-76.625757"><ele>46.0</ele><time>2021-08-06T23:16:53Z</time></trkpt>
<trkpt lat="44.223856" lon="-76.625766"><ele>46.0</ele><time>2021-08-06T23:16:54Z</time></trkpt>
<trkpt lat="44.223852" lon="-76.625766"><ele>46.0</ele><time>2021-08-06T23:16:55Z</time></trkpt>
<trkpt lat="44.223846" lon="-76.625775"><ele>46.0</ele><time>2021-08-06T23:16:56Z</time></trkpt>
<trkpt lat="44.223843" lon="-76.625784"><ele>46.0</ele><time>2021-08-06T23:16:57Z</time></trkpt>
<trkpt lat="44.223836" lon="-76.625793"><ele>46.0</ele><time>2021-08-06T23:16:58Z</time></trkpt>
<trkpt lat="44.223833" lon="-76.625802"><ele>46.0</ele><time>2021-08-06T23:16:59Z</time></trkpt>
<trkpt lat="44.22383" lon="-76.625811"><ele>46.0</ele><time>2021-08-06T23:17:00Z</time></trkpt>
<trkpt lat="44.223826" lon="-76.62582"><ele>46.0</ele><time>2021-08-06T23:17:01Z</time></trkpt>
<trkpt lat="44.223823" lon="-76.625838"><ele>46.0</ele><time>2021-08-06T23:17:02Z</time></trkpt>
<trkpt lat="44.223823" lon="-76.625856"><ele>46.0</ele><time>2021-08-06T23:17:03Z</time></trkpt>
<trkpt lat="44.22382" lon="-76.625865"><ele>46.0</ele><time>2021-08-06T23:17:04Z</time></trkpt>
<trkpt lat="44.223817" lon="-76.625883"><ele>46.0</ele><time>2021-08-06T23:17:05Z</time></trkpt>
<trkpt lat="44.223817" lon="-76.625901"><ele>45.0</ele><time>2021-08-06T23:17:06Z</time></trkpt>
<trkpt lat="44.22382" lon="-76.625919"><ele>46.0</ele><time>2021-08-06T23:17:07Z</time></trkpt>
<trkpt lat="44.22382" lon="-76.625937"><ele>46.0</ele><time>2021-08-06T23:17:08Z</time></trkpt>
<trkpt lat="44.223823" lon="-76.625964"><ele>46.0</ele><time>2021-08-06T23:17:09Z</time></trkpt>
<trkpt lat="44.223826" lon="-76.625982"><ele>46.0</ele><time>2021-08-06T23:17:10Z</time></trkpt>
<trkpt lat="44.22383" lon="-76.626"><ele>46.0</ele><time>2021-08-06T23:17:11Z</time></trkpt>
<trkpt lat="44.22383" lon="-76.626018"><ele>46.0</ele><time>2021-08-06T23:17:12Z</time></trkpt>
<trkpt lat="44.22383" lon="-76.626036"><ele>46.0</ele><time>2021-08-06T23:17:13Z</time></trkpt>
<trkpt lat="44.22383" lon="-76.626054"><ele>46.0</ele><time>2021-08-06T23:17:14Z</time></trkpt>
<trkpt lat="44.223826" lon="-76.626072"><ele>46.0</ele><time>2021-08-06T23:17:15Z</time></trkpt>
<trkpt lat="44.223823" lon="-76.62608"><ele>46.0</ele><time>2021-08-06T23:17:16Z</time></trkpt>
<trkpt lat="44.223817" lon="-76.626098"><ele>46.0</ele><time>2021-08-06T23:17:17Z</time></trkpt>
<trkpt lat="44.22381" lon="-76.626107"><ele>46.0</ele><time>2021-08-06T23:17:18Z</time></trkpt>
<trkpt lat="44.223801" lon="-76.626107"><ele>46.0</ele><time>2021-08-06T23:17:19Z</time></trkpt>
<trkpt lat="44.223794" lon="-76.626116"><ele>46.0</ele><time>2021-08-06T23:17:20Z</time></trkpt>
<trkpt lat="44.223788" lon="-76.626116"><ele>46.0</ele><time>2021-08-06T23:17:21Z</time></trkpt>
<trkpt lat="44.223781" lon="-76.626116"><ele>46.0</ele><time>2021-08-06T23:17:22Z</time></trkpt>
<trkpt lat="44.223775" lon="-76.626116"><ele>46.0</ele><time>2021-08-06T23:17:23Z</time></trkpt>
<trkpt lat="44.223768" lon="-76.626116"><ele>46.0</ele><time>2021-08-06T23:17:24Z</time></trkpt>
<trkpt lat="44.223762" lon="-76.626107"><ele>46.0</ele><time>2021-08-06T23:17:25Z</time></trkpt>
<trkpt lat="44.223755" lon="-76.626098"><ele>46.0</ele><time>2021-08-06T23:17:26Z</time></trkpt>
<trkpt lat="44.223752" lon="-76.62608"><ele>46.0</ele><time>2021-08-06T23:17:27Z</time></trkpt>
<trkpt lat="44.223746" lon="-76.626072"><ele>46.0</ele><time>2021-08-06T23:17:28Z</time></trkpt>
<trkpt lat="44.223742" lon="-76.626054"><ele>46.0</ele><time>2021-08-06T23:17:29Z</time></trkpt>
<trkpt lat="44.223739" lon="-76.626036"><ele>46.0</ele><time>2021-08-06T23:17:30Z</time></trkpt>
<trkpt lat="44.223739" lon="-76.626018"><ele>46.0</ele><time>2021-08-06T23:17:31Z</time></trkpt>
<trkpt lat="44.223742" lon="-76.626"><ele>46.0</ele><time>2021-08-06T23:17:32Z</time></trkpt>
<trkpt lat="44.223749" lon="-76.625982"><ele>46.0</ele><time>2021-08-06T23:17:33Z</time></trkpt>
<trkpt lat="44.223755" lon="-76.625973"><ele>46.0</ele><time>2021-08-06T23:17:34Z</time></trkpt>
<trkpt lat="44.223762" lon="-76.625955"><ele>45.0</ele><time>2021-08-06T23:17:35Z</time></trkpt>
<trkpt lat="44.223768" lon="-76.625937"><ele>45.0</ele><time>2021-08-06T23:17:36Z</time></trkpt>
<trkpt lat="44.223775" lon="-76.625919"><ele>45.0</ele><time>2021-08-06T23:17:37Z</time></trkpt>
<trkpt lat="44.223781" lon="-76.625901"><ele>45.0</ele><time>2021-08-06T23:17:38Z</time></trkpt>
<trkpt lat="44.223788" lon="-76.625892"><ele>44.0</ele><time>2021-08-06T23:17:39Z</time></trkpt>
<trkpt lat="44.223791" lon="-76.625874"><ele>44.0</ele><time>2021-08-06T23:17:40Z</time></trkpt>
<trkpt lat="44.223794" lon="-76.625865"><ele>45.0</ele><time>2021-08-06T23:17:41Z</time></trkpt>
<trkpt lat="44.223797" lon="-76.625847"><ele>45.0</ele><time>2021-08-06T23:17:42Z</time></trkpt>
<trkpt lat="44.223797" lon="-76.62582"><ele>44.0</ele><time>2021-08-06T23:17:43Z</time></trkpt>
<trkpt lat="44.223801" lon="-76.625802"><ele>43.0</ele><time>2021-08-06T23:17:44Z</time></trkpt>
<trkpt lat="44.223801" lon="-76.625784"><ele>43.0</ele><time>2021-08-06T23:17:45Z</time></trkpt>
<trkpt lat="44.223801" lon="-76.625766"><ele>43.0</ele><time>2021-08-06T23:17:46Z</time></trkpt>
<trkpt lat="44.223797" lon="-76.625748"><ele>44.0</ele><time>2021-08-06T23:17:47Z</time></trkpt>
<trkpt lat="44.223794" lon="-76.62573"><ele>44.0</ele><time>2021-08-06T23:17:48Z</time></trkpt>
<trkpt lat="44.223788" lon="-76.625712"><ele>44.0</ele><time>2021-08-06T23:17:49Z</time></trkpt>
<trkpt lat="44.223781" lon="-76.625703"><ele>43.0</ele><time>2021-08-06T23:17:50Z</time></trkpt>
<trkpt lat="44.223775" lon="-76.625685"><ele>43.0</ele><time>2021-08-06T23:17:51Z</time></trkpt>
<trkpt lat="44.223768" lon="-76.625658"><ele>44.0</ele><time>2021-08-06T23:17:52Z</time></trkpt>
<trkpt lat="44.223759" lon="-76.62564"><ele>44.0</ele><time>2021-08-06T23:17:53Z</time></trkpt>
<trkpt lat="44.223755" lon="-76.625622"><ele>43.0</ele><time>2021-08-06T23:17:54Z</time></trkpt>
<trkpt lat="44.223749" lon="-76.625604"><ele>43.0</ele><time>2021-08-06T23:17:55Z</time></trkpt>
<trkpt lat="44.223739" lon="-76.625586"><ele>43.0</ele><time>2021-08-06T23:17:56Z</time></trkpt>
<trkpt lat="44.223733" lon="-76.625568"><ele>43.0</ele><time>2021-08-06T23:17:57Z</time></trkpt>
<trkpt lat="44.223726" lon="-76.625551"><ele>42.0</ele><time>2021-08-06T23:17:58Z</time></trkpt>
<trkpt lat="44.22372" lon="-76.625524"><ele>42.0</ele><time>2021-08-06T23:17:59Z</time></trkpt>
<trkpt lat="44.22371" lon="-76.625506"><ele>43.0</ele><time>2021-08-06T23:18:00Z</time></trkpt>
<trkpt lat="44.223704" lon="-76.625488"><ele>44.0</ele><time>2021-08-06T23:18:01Z</time></trkpt>
<trkpt lat="44.223697" lon="-76.62547"><ele>44.0</ele><time>2021-08-06T23:18:02Z</time></trkpt>
<trkpt lat="44.223688" lon="-76.625443"><ele>44.0</ele><time>2021-08-06T23:18:03Z</time></trkpt>
<trkpt lat="44.223681" lon="-76.625425"><ele>45.0</ele><time>2021-08-06T23:18:04Z</time></trkpt>
<trkpt lat="44.223675" lon="-76.625398"><ele>45.0</ele><time>2021-08-06T23:18:05Z</time></trkpt>
<trkpt lat="44.223668" lon="-76.62538"><ele>45.0</ele><time>2021-08-06T23:18:06Z</time></trkpt>
<trkpt lat="44.223662" lon="-76.625353"><ele>45.0</ele><time>2021-08-06T23:18:07Z</time></trkpt>
<trkpt lat="44.223655" lon="-76.625326"><ele>45.0</ele><time>2021-08-06T23:18:08Z</time></trkpt>
<trkpt lat="44.223649" lon="-76.625308"><ele>45.0</ele><time>2021-08-06T23:18:09Z</time></trkpt>
<trkpt lat="44.223642" lon="-76.62529"><ele>45.0</ele><time>2021-08-06T23:18:10Z</time></trkpt>
<trkpt lat="44.223636" lon="-76.625263"><ele>44.0</ele><time>2021-08-06T23:18:11Z</time></trkpt>
<trkpt lat="44.223626" lon="-76.625245"><ele>45.0</ele><time>2021-08-06T23:18:12Z</time></trkpt>
<trkpt lat="44.22362" lon="-76.625227"><ele>45.0</ele><time>2021-08-06T23:18:13Z</time></trkpt>
<trkpt lat="44.22361" lon="-76.625209"><ele>45.0</ele><time>2021-08-06T23:18:14Z</time></trkpt>
<trkpt lat="44.223597" lon="-76.625191"><ele>45.0</ele><time>2021-08-06T23:18:15Z</time></trkpt>
<trkpt lat="44.223587" lon="-76.625173"><ele>45.0</ele><time>2021-08-06T23:18:16Z</time></trkpt>
<trkpt lat="44.223578" lon="-76.625155"><ele>45.0</ele><time>2021-08-06T23:18:17Z</time></trkpt>
<trkpt lat="44.223565" lon="-76.625137"><ele>45.0</ele><time>2021-08-06T23:18:18Z</time></trkpt>
<trkpt lat="44.223552" lon="-76.625119"><ele>45.0</ele><time>2021-08-06T23:18:19Z</time></trkpt>
<trkpt lat="44.223542" lon="-76.625101"><ele>45.0</ele><time>2021-08-06T23:18:20Z</time></trkpt>
<trkpt lat="44.223529" lon="-76.625083"><ele>46.0</ele><time>2021-08-06T23:18:21Z</time></trkpt>
<trkpt lat="44.223516" lon="-76.625065"><ele>46.0</ele><time>2021-08-06T23:18:22Z</time></trkpt>
<trkpt lat="44.223503" lon="-76.625047"><ele>46.0</ele><time>2021-08-06T23:18:23Z</time></trkpt>
<trkpt lat="44.223494" lon="-76.62503"><ele>45.0</ele><time>2021-08-06T23:18:24Z</time></trkpt>
<trkpt lat="44.223484" lon="-76.625012"><ele>45.0</ele><time>2021-08-06T23:18:25Z</time></trkpt>
<trkpt lat="44.223471" lon="-76.625003"><ele>46.0</ele><time>2021-08-06T23:18:26Z</time></trkpt>
<trkpt lat="44.223458" lon="-76.624985"><ele>45.0</ele><time>2021-08-06T23:18:27Z</time></trkpt>
<trkpt lat="44.223445" lon="-76.624967"><ele>46.0</ele><time>2021-08-06T23:18:28Z</time></trkpt>
<trkpt lat="44.223432" lon="-76.624958"><ele>45.0</ele><time>2021-08-06T23:18:29Z</time></trkpt>
<trkpt lat="44.223419" lon="-76.62494"><ele>46.0</ele><time>2021-08-06T23:18:30Z</time></trkpt>
<trkpt lat="44.223407" lon="-76.624931"><ele>46.0</ele><time>2021-08-06T23:18:31Z</time></trkpt>
<trkpt lat="44.223394" lon="-76.624922"><ele>46.0</ele><time>2021-08-06T23:18:32Z</time></trkpt>
<trkpt lat="44.223381" lon="-76.624904"><ele>47.0</ele><time>2021-08-06T23:18:33Z</time></trkpt>
<trkpt lat="44.223371" lon="-76.624895"><ele>47.0</ele><time>2021-08-06T23:18:34Z</time></trkpt>
<trkpt lat="44.223355" lon="-76.624886"><ele>46.0</ele><time>2021-08-06T23:18:35Z</time></trkpt>
<trkpt lat="44.223342" lon="-76.624877"><ele>47.0</ele><time>2021-08-06T23:18:36Z</time></trkpt>
<trkpt lat="44.223329" lon="-76.624859"><ele>47.0</ele><time>2021-08-06T23:18:37Z</time></trkpt>
<trkpt lat="44.223316" lon="-76.62485"><ele>47.0</ele><time>2021-08-06T23:18:38Z</time></trkpt>
<trkpt lat="44.223303" lon="-76.624841"><ele>47.0</ele><time>2021-08-06T23:18:39Z</time></trkpt>
<trkpt lat="44.223294" lon="-76.624832"><ele>47.0</ele><time>2021-08-06T23:18:40Z</time></trkpt>
<trkpt lat="44.223281" lon="-76.624823"><ele>47.0</ele><time>2021-08-06T23:18:41Z</time></trkpt>
<trkpt lat="44.223268" lon="-76.624814"><ele>47.0</ele><time>2021-08-06T23:18:42Z</time></trkpt>
<trkpt lat="44.223258" lon="-76.624805"><ele>47.0</ele><time>2021-08-06T23:18:43Z</time></trkpt>
<trkpt lat="44.223245" lon="-76.624796"><ele>47.0</ele><time>2021-08-06T23:18:44Z</time></trkpt>
<trkpt lat="44.223232" lon="-76.624787"><ele>47.0</ele><time>2021-08-06T23:18:45Z</time></trkpt>
<trkpt lat="44.223222" lon="-76.624778"><ele>47.0</ele><time>2021-08-06T23:18:46Z</time></trkpt>
<trkpt lat="44.22321" lon="-76.624769"><ele>47.0</ele><time>2021-08-06T23:18:47Z</time></trkpt>
<trkpt lat="44.2232" lon="-76.62476"><ele>47.0</ele><time>2021-08-06T23:18:48Z</time></trkpt>
<trkpt lat="44.22319" lon="-76.62476"><ele>47.0</ele><time>2021-08-06T23:18:49Z</time></trkpt>
<trkpt lat="44.22318" lon="-76.624751"><ele>47.0</ele><time>2021-08-06T23:18:50Z</time></trkpt>
<trkpt lat="44.223171" lon="-76.624742"><ele>47.0</ele><time>2021-08-06T23:18:51Z</time></trkpt>
<trkpt lat="44.223161" lon="-76.624733"><ele>47.0</ele><time>2021-08-06T23:18:52Z</time></trkpt>
<trkpt lat="44.223155" lon="-76.624724"><ele>47.0</ele><time>2021-08-06T23:18:53Z</time></trkpt>
<trkpt lat="44.223145" lon="-76.624715"><ele>47.0</ele><time>2021-08-06T23:18:54Z</time></trkpt>
<trkpt lat="44.223135" lon="-76.624706"><ele>47.0</ele><time>2021-08-06T23:18:55Z</time></trkpt>
<trkpt lat="44.223126" lon="-76.624706"><ele>47.0</ele><time>2021-08-06T23:18:56Z</time></trkpt>
<trkpt lat="44.223116" lon="-76.624697"><ele>47.0</ele><time>2021-08-06T23:18:57Z</time></trkpt>
<trkpt lat="44.223109" lon="-76.624688"><ele>47.0</ele><time>2021-08-06T23:18:58Z</time></trkpt>
<trkpt lat="44.2231" lon="-76.62467"><ele>47.0</ele><time>2021-08-06T23:18:59Z</time></trkpt>
<trkpt lat="44.22309" lon="-76.624661"><ele>47.0</ele><time>2021-08-06T23:19:00Z</time></trkpt>
<trkpt lat="44.22308" lon="-76.624652"><ele>47.0</ele><time>2021-08-06T23:19:01Z</time></trkpt>
<trkpt lat="44.223071" lon="-76.624643"><ele>47.0</ele><time>2021-08-06T23:19:02Z</time></trkpt>
<trkpt lat="44.223061" lon="-76.624625"><ele>47.0</ele><time>2021-08-06T23:19:03Z</time></trkpt>
<trkpt lat="44.223055" lon="-76.624607"><ele>47.0</ele><time>2021-08-06T23:19:04Z</time></trkpt>
<trkpt lat="44.223045" lon="-76.624589"><ele>47.0</ele><time>2021-08-06T23:19:05Z</time></trkpt>
<trkpt lat="44.223038" lon="-76.62458"><ele>46.0</ele><time>2021-08-06T23:19:06Z</time></trkpt>
<trkpt lat="44.223029" lon="-76.624562"><ele>47.0</ele><time>2021-08-06T23:19:07Z</time></trkpt>
<trkpt lat="44.223022" lon="-76.624544"><ele>47.0</ele><time>2021-08-06T23:19:08Z</time></trkpt>
<trkpt lat="44.223013" lon="-76.624526"><ele>47.0</ele><time>2021-08-06T23:19:09Z</time></trkpt>
<trkpt lat="44.223003" lon="-76.624509"><ele>47.0</ele><time>2021-08-06T23:19:10Z</time></trkpt>
<trkpt lat="44.222993" lon="-76.6245"><ele>46.0</ele><time>2021-08-06T23:19:11Z</time></trkpt>
<trkpt lat="44.222983" lon="-76.624482"><ele>47.0</ele><time>2021-08-06T23:19:12Z</time></trkpt>
<trkpt lat="44.222971" lon="-76.624464"><ele>46.0</ele><time>2021-08-06T23:19:13Z</time></trkpt>
<trkpt lat="44.222961" lon="-76.624446"><ele>46.0</ele><time>2021-08-06T23:19:14Z</time></trkpt>
<trkpt lat="44.222948" lon="-76.624428"><ele>46.0</ele><time>2021-08-06T23:19:15Z</time></trkpt>
<trkpt lat="44.222938" lon="-76.62441"><ele>45.0</ele><time>2021-08-06T23:19:16Z</time></trkpt>
<trkpt lat="44.222925" lon="-76.624392"><ele>45.0</ele><time>2021-08-06T23:19:17Z</time></trkpt>
<trkpt lat="44.222916" lon="-76.624374"><ele>45.0</ele><time>2021-08-06T23:19:18Z</time></trkpt>
<trkpt lat="44.222903" lon="-76.624365"><ele>45.0</ele><time>2021-08-06T23:19:19Z</time></trkpt>
<trkpt lat="44.222893" lon="-76.624347"><ele>45.0</ele><time>2021-08-06T23:19:20Z</time></trkpt>
<trkpt lat="44.22288" lon="-76.624329"><ele>44.0</ele><time>2021-08-06T23:19:21Z</time></trkpt>
<trkpt lat="44.222867" lon="-76.624311"><ele>44.0</ele><time>2021-08-06T23:19:22Z</time></trkpt>
<trkpt lat="44.222854" lon="-76.624293"><ele>43.0</ele><time>2021-08-06T23:19:23Z</time></trkpt>
<trkpt lat="44.222845" lon="-76.624275"><ele>44.0</ele><time>2021-08-06T23:19:24Z</time></trkpt>
<trkpt lat="44.222835" lon="-76.624248"><ele>44.0</ele><time>2021-08-06T23:19:25Z</time></trkpt>
<trkpt lat="44.222825" lon="-76.62423"><ele>44.0</ele><time>2021-08-06T23:19:26Z</time></trkpt>
<trkpt lat="44.222816" lon="-76.624212"><ele>43.0</ele><time>2021-08-06T23:19:27Z</time></trkpt>
<trkpt lat="44.222806" lon="-76.624194"><ele>43.0</ele><time>2021-08-06T23:19:28Z</time></trkpt>
<trkpt lat="44.222796" lon="-76.624176"><ele>42.0</ele><time>2021-08-06T23:19:29Z</time></trkpt>
<trkpt lat="44.222783" lon="-76.624158"><ele>42.0</ele><time>2021-08-06T23:19:30Z</time></trkpt>
<trkpt lat="44.222774" lon="-76.624131"><ele>41.0</ele><time>2021-08-06T23:19:31Z</time></trkpt>
<trkpt lat="44.222767" lon="-76.624113"><ele>42.0</ele><time>2021-08-06T23:19:32Z</time></trkpt>
<trkpt lat="44.222757" lon="-76.624095"><ele>41.0</ele><time>2021-08-06T23:19:33Z</time></trkpt>
<trkpt lat="44.222748" lon="-76.624077"><ele>41.0</ele><time>2021-08-06T23:19:34Z</time></trkpt>
<trkpt lat="44.222738" lon="-76.624059"><ele>41.0</ele><time>2021-08-06T23:19:35Z</time></trkpt>
<trkpt lat="44.222728" lon="-76.624041"><ele>41.0</ele><time>2021-08-06T23:19:36Z</time></trkpt>
<trkpt lat="44.222715" lon="-76.624023"><ele>41.0</ele><time>2021-08-06T23:19:37Z</time></trkpt>
<trkpt lat="44.222706" lon="-76.624005"><ele>41.0</ele><time>2021-08-06T23:19:38Z</time></trkpt>
<trkpt lat="44.222693" lon="-76.623988"><ele>41.0</ele><time>2021-08-06T23:19:39Z</time></trkpt>
<trkpt lat="44.22268" lon="-76.62397"><ele>39.0</ele><time>2021-08-06T23:19:40Z</time></trkpt>
<trkpt lat="44.222667" lon="-76.623952"><ele>39.0</ele><time>2021-08-06T23:19:41Z</time></trkpt>
<trkpt lat="44.222657" lon="-76.623943"><ele>38.0</ele><time>2021-08-06T23:19:42Z</time></trkpt>
<trkpt lat="44.222648" lon="-76.623925"><ele>38.0</ele><time>2021-08-06T23:19:43Z</time></trkpt>
<trkpt lat="44.222635" lon="-76.623916"><ele>38.0</ele><time>2021-08-06T23:19:44Z</time></trkpt>
<trkpt lat="44.222622" lon="-76.623898"><ele>38.0</ele><time>2021-08-06T23:19:45Z</time></trkpt>
<trkpt lat="44.222612" lon="-76.62388"><ele>38.0</ele><time>2021-08-06T23:19:46Z</time></trkpt>
<trkpt lat="44.222599" lon="-76.623862"><ele>38.0</ele><time>2021-08-06T23:19:47Z</time></trkpt>
<trkpt lat="44.222593" lon="-76.623844"><ele>38.0</ele><time>2021-08-06T23:19:48Z</time></trkpt>
<trkpt lat="44.222583" lon="-76.623826"><ele>39.0</ele><time>2021-08-06T23:19:49Z</time></trkpt>
<trkpt lat="44.222573" lon="-76.623808"><ele>39.0</ele><time>2021-08-06T23:19:50Z</time></trkpt>
<trkpt lat="44.222564" lon="-76.62379"><ele>39.0</ele><time>2021-08-06T23:19:51Z</time></trkpt>
<trkpt lat="44.222554" lon="-76.623763"><ele>39.0</ele><time>2021-08-06T23:19:52Z</time></trkpt>
<trkpt lat="44.222547" lon="-76.623745"><ele>39.0</ele><time>2021-08-06T23:19:53Z</time></trkpt>
<trkpt lat="44.222541" lon="-76.623718"><ele>39.0</ele><time>2021-08-06T23:19:54Z</time></trkpt>
<trkpt lat="44.222535" lon="-76.6237"><ele>40.0</ele><time>2021-08-06T23:19:55Z</time></trkpt>
<trkpt lat="44.222528" lon="-76.623682"><ele>40.0</ele><time>2021-08-06T23:19:56Z</time></trkpt>
<trkpt lat="44.222528" lon="-76.623655"><ele>39.0</ele><time>2021-08-06T23:19:57Z</time></trkpt>
<trkpt lat="44.222525" lon="-76.623637"><ele>41.0</ele><time>2021-08-06T23:19:58Z</time></trkpt>
<trkpt lat="44.222525" lon="-76.62361"><ele>41.0</ele><time>2021-08-06T23:19:59Z</time></trkpt>
<trkpt lat="44.222522" lon="-76.623583"><ele>41.0</ele><time>2021-08-06T23:20:00Z</time></trkpt>
<trkpt lat="44.222515" lon="-76.623556"><ele>41.0</ele><time>2021-08-06T23:20:01Z</time></trkpt>
<trkpt lat="44.222512" lon="-76.623538"><ele>41.0</ele><time>2021-08-06T23:20:02Z</time></trkpt>
<trkpt lat="44.222505" lon="-76.623511"><ele>41.0</ele><time>2021-08-06T23:20:03Z</time></trkpt>
<trkpt lat="44.222502" lon="-76.623493"><ele>41.0</ele><time>2021-08-06T23:20:04Z</time></trkpt>
<trkpt lat="44.222499" lon="-76.623467"><ele>40.0</ele><time>2021-08-06T23:20:05Z</time></trkpt>
<trkpt lat="44.222493" lon="-76.62344"><ele>41.0</ele><time>2021-08-06T23:20:06Z</time></trkpt>
<trkpt lat="44.222489" lon="-76.623422"><ele>41.0</ele><time>2021-08-06T23:20:07Z</time></trkpt>
<trkpt lat="44.222483" lon="-76.623395"><ele>41.0</ele><time>2021-08-06T23:20:08Z</time></trkpt>
<trkpt lat="44.22248" lon="-76.623368"><ele>41.0</ele><time>2021-08-06T23:20:09Z</time></trkpt>
<trkpt lat="44.222476" lon="-76.623341"><ele>41.0</ele><time>2021-08-06T23:20:10Z</time></trkpt>
<trkpt lat="44.222473" lon="-76.623323"><ele>41.0</ele><time>2021-08-06T23:20:11Z</time></trkpt>
<trkpt lat="44.22247" lon="-76.623296"><ele>40.0</ele><time>2021-08-06T23:20:12Z</time></trkpt>
<trkpt lat="44.222467" lon="-76.623269"><ele>41.0</ele><time>2021-08-06T23:20:13Z</time></trkpt>
<trkpt lat="44.222463" lon="-76.623251"><ele>41.0</ele><time>2021-08-06T23:20:14Z</time></trkpt>
<trkpt lat="44.22246" lon="-76.623233"><ele>42.0</ele><time>2021-08-06T23:20:15Z</time></trkpt>
<trkpt lat="44.22246" lon="-76.623206"><ele>42.0</ele><time>2021-08-06T23:20:16Z</time></trkpt>
<trkpt lat="44.222457" lon="-76.623179"><ele>42.0</ele><time>2021-08-06T23:20:17Z</time></trkpt>
<trkpt lat="44.222451" lon="-76.623152"><ele>43.0</ele><time>2021-08-06T23:20:18Z</time></trkpt>
<trkpt lat="44.222447" lon="-76.623134"><ele>43.0</ele><time>2021-08-06T23:20:19Z</time></trkpt>
<trkpt lat="44.222438" lon="-76.623107"><ele>43.0</ele><time>2021-08-06T23:20:20Z</time></trkpt>
<trkpt lat="44.222431" lon="-76.623089"><ele>43.0</ele><time>2021-08-06T23:20:21Z</time></trkpt>
<trkpt lat="44.222425" lon="-76.623071"><ele>43.0</ele><time>2021-08-06T23:20:22Z</time></trkpt>
<trkpt lat="44.222418" lon="-76.623044"><ele>43.0</ele><time>2021-08-06T23:20:23Z</time></trkpt>
<trkpt lat="44.222409" lon="-76.623026"><ele>42.0</ele><time>2021-08-06T23:20:24Z</time></trkpt>
<trkpt lat="44.222402" lon="-76.622999"><ele>43.0</ele><time>2021-08-06T23:20:25Z</time></trkpt>
<trkpt lat="44.222399" lon="-76.622981"><ele>43.0</ele><time>2021-08-06T23:20:26Z</time></trkpt>
<trkpt lat="44.222392" lon="-76.622954"><ele>43.0</ele><time>2021-08-06T23:20:27Z</time></trkpt>
<trkpt lat="44.222383" lon="-76.622937"><ele>42.0</ele><time>2021-08-06T23:20:28Z</time></trkpt>
<trkpt lat="44.222373" lon="-76.62291"><ele>42.0</ele><time>2021-08-06T23:20:29Z</time></trkpt>
<trkpt lat="44.222363" lon="-76.622892"><ele>42.0</ele><time>2021-08-06T23:20:30Z</time></trkpt>
<trkpt lat="44.222357" lon="-76.622865"><ele>42.0</ele><time>2021-08-06T23:20:31Z</time></trkpt>
<trkpt lat="44.22235" lon="-76.622838"><ele>42.0</ele><time>2021-08-06T23:20:32Z</time></trkpt>
<trkpt lat="44.222344" lon="-76.622811"><ele>42.0</ele><time>2021-08-06T23:20:33Z</time></trkpt>
<trkpt lat="44.222334" lon="-76.622793"><ele>42.0</ele><time>2021-08-06T23:20:34Z</time></trkpt>
<trkpt lat="44.222325" lon="-76.622766"><ele>41.0</ele><time>2021-08-06T23:20:35Z</time></trkpt>
<trkpt lat="44.222315" lon="-76.622748"><ele>41.0</ele><time>2021-08-06T23:20:36Z</time></trkpt>
<trkpt lat="44.222305" lon="-76.622721"><ele>41.0</ele><time>2021-08-06T23:20:37Z</time></trkpt>
<trkpt lat="44.222292" lon="-76.622703"><ele>41.0</ele><time>2021-08-06T23:20:38Z</time></trkpt>
<trkpt lat="44.222286" lon="-76.622676"><ele>41.0</ele><time>2021-08-06T23:20:39Z</time></trkpt>
<trkpt lat="44.222276" lon="-76.622658"><ele>42.0</ele><time>2021-08-06T23:20:40Z</time></trkpt>
<trkpt lat="44.22227" lon="-76.622631"><ele>42.0</ele><time>2021-08-06T23:20:41Z</time></trkpt>
<trkpt lat="44.222263" lon="-76.622613"><ele>42.0</ele><time>2021-08-06T23:20:42Z</time></trkpt>
<trkpt lat="44.222254" lon="-76.622595"><ele>42.0</ele><time>2021-08-06T23:20:43Z</time></trkpt>
<trkpt lat="44.222247" lon="-76.622568"><ele>41.0</ele><time>2021-08-06T23:20:44Z</time></trkpt>
<trkpt lat="44.222237" lon="-76.62255"><ele>41.0</ele><time>2021-08-06T23:20:45Z</time></trkpt>
<trkpt lat="44.222228" lon="-76.622523"><ele>41.0</ele><time>2021-08-06T23:20:46Z</time></trkpt>
<trkpt lat="44.222221" lon="-76.622505"><ele>41.0</ele><time>2021-08-06T23:20:47Z</time></trkpt>
<trkpt lat="44.222212" lon="-76.622478"><ele>41.0</ele><time>2021-08-06T23:20:48Z</time></trkpt>
<trkpt lat="44.222202" lon="-76.622451"><ele>41.0</ele><time>2021-08-06T23:20:49Z</time></trkpt>
<trkpt lat="44.222192" lon="-76.622433"><ele>41.0</ele><time>2021-08-06T23:20:50Z</time></trkpt>
<trkpt lat="44.222182" lon="-76.622416"><ele>41.0</ele><time>2021-08-06T23:20:51Z</time></trkpt>
<trkpt lat="44.222173" lon="-76.622398"><ele>42.0</ele><time>2021-08-06T23:20:52Z</time></trkpt>
<trkpt lat="44.222163" lon="-76.62238"><ele>41.0</ele><time>2021-08-06T23:20:53Z</time></trkpt>
<trkpt lat="44.222153" lon="-76.622362"><ele>41.0</ele><time>2021-08-06T23:20:54Z</time></trkpt>
<trkpt lat="44.222144" lon="-76.622344"><ele>41.0</ele><time>2021-08-06T23:20:55Z</time></trkpt>
<trkpt lat="44.222134" lon="-76.622335"><ele>41.0</ele><time>2021-08-06T23:20:56Z</time></trkpt>
<trkpt lat="44.222124" lon="-76.622317"><ele>41.0</ele><time>2021-08-06T23:20:57Z</time></trkpt>
<trkpt lat="44.222111" lon="-76.622299"><ele>41.0</ele><time>2021-08-06T23:20:58Z</time></trkpt>
<trkpt lat="44.222102" lon="-76.622281"><ele>41.0</ele><time>2021-08-06T23:20:59Z</time></trkpt>
<trkpt lat="44.222092" lon="-76.622272"><ele>41.0</ele><time>2021-08-06T23:21:00Z</time></trkpt>
<trkpt lat="44.222079" lon="-76.622254"><ele>41.0</ele><time>2021-08-06T23:21:01Z</time></trkpt>
<trkpt lat="44.222069" lon="-76.622236"><ele>41.0</ele><time>2021-08-06T23:21:02Z</time></trkpt>
<trkpt lat="44.222056" lon="-76.622227"><ele>41.0</ele><time>2021-08-06T23:21:03Z</time></trkpt>
<trkpt lat="44.222047" lon="-76.622209"><ele>42.0</ele><time>2021-08-06T23:21:04Z</time></trkpt>
<trkpt lat="44.222037" lon="-76.6222"><ele>42.0</ele><time>2021-08-06T23:21:05Z</time></trkpt>
<trkpt lat="44.222027" lon="-76.622182"><ele>41.0</ele><time>2021-08-06T23:21:06Z</time></trkpt>
<trkpt lat="44.222018" lon="-76.622173"><ele>42.0</ele><time>2021-08-06T23:21:07Z</time></trkpt>
<trkpt lat="44.222008" lon="-76.622164"><ele>42.0</ele><time>2021-08-06T23:21:08Z</time></trkpt>
<trkpt lat="44.221995" lon="-76.622155"><ele>42.0</ele><time>2021-08-06T23:21:09Z</time></trkpt>
<trkpt lat="44.221985" lon="-76.622146"><ele>41.0</ele><time>2021-08-06T23:21:10Z</time></trkpt>
<trkpt lat="44.221972" lon="-76.622137"><ele>42.0</ele><time>2021-08-06T23:21:11Z</time></trkpt>
<trkpt lat="44.221963" lon="-76.622128"><ele>41.0</ele><time>2021-08-06T23:21:12Z</time></trkpt>
<trkpt lat="44.221953" lon="-76.62211"><ele>41.0</ele><time>2021-08-06T23:21:13Z</time></trkpt>
<trkpt lat="44.22194" lon="-76.622092"><ele>41.0</ele><time>2021-08-06T23:21:14Z</time></trkpt>
<trkpt lat="44.221931" lon="-76.622074"><ele>41.0</ele><time>2021-08-06T23:21:15Z</time></trkpt>
<trkpt lat="44.221924" lon="-76.622065"><ele>41.0</ele><time>2021-08-06T23:21:16Z</time></trkpt>
<trkpt lat="44.221914" lon="-76.622047"><ele>41.0</ele><time>2021-08-06T23:21:17Z</time></trkpt>
<trkpt lat="44.221908" lon="-76.622038"><ele>42.0</ele><time>2021-08-06T23:21:18Z</time></trkpt>
<trkpt lat="44.221901" lon="-76.62202"><ele>42.0</ele><time>2021-08-06T23:21:19Z</time></trkpt>
<trkpt lat="44.221895" lon="-76.622011"><ele>42.0</ele><time>2021-08-06T23:21:20Z</time></trkpt>
<trkpt lat="44.221889" lon="-76.621993"><ele>43.0</ele><time>2021-08-06T23:21:21Z</time></trkpt>
<trkpt lat="44.221879" lon="-76.621975"><ele>43.0</ele><time>2021-08-06T23:21:22Z</time></trkpt>
<trkpt lat="44.221872" lon="-76.621957"><ele>43.0</ele><time>2021-08-06T23:21:23Z</time></trkpt>
<trkpt lat="44.221863" lon="-76.62193"><ele>43.0</ele><time>2021-08-06T23:21:24Z</time></trkpt>
<trkpt lat="44.221853" lon="-76.621912"><ele>43.0</ele><time>2021-08-06T23:21:25Z</time></trkpt>
<trkpt lat="44.221843" lon="-76.621895"><ele>43.0</ele><time>2021-08-06T23:21:26Z</time></trkpt>
<trkpt lat="44.221834" lon="-76.621877"><ele>44.0</ele><time>2021-08-06T23:21:27Z</time></trkpt>
<trkpt lat="44.221824" lon="-76.621859"><ele>44.0</ele><time>2021-08-06T23:21:28Z</time></trkpt>
<trkpt lat="44.221814" lon="-76.62185"><ele>44.0</ele><time>2021-08-06T23:21:29Z</time></trkpt>
<trkpt lat="44.221805" lon="-76.621832"><ele>43.0</ele><time>2021-08-06T23:21:30Z</time></trkpt>
<trkpt lat="44.221795" lon="-76.621814"><ele>43.0</ele><time>2021-08-06T23:21:31Z</time></trkpt>
<trkpt lat="44.221785" lon="-76.621796"><ele>43.0</ele><time>2021-08-06T23:21:32Z</time></trkpt>
<trkpt lat="44.221775" lon="-76.621778"><ele>43.0</ele><time>2021-08-06T23:21:33Z</time></trkpt>
<trkpt lat="44.221766" lon="-76.62176"><ele>43.0</ele><time>2021-08-06T23:21:34Z</time></trkpt>
<trkpt lat="44.221756" lon="-76.621742"><ele>43.0</ele><time>2021-08-06T23:21:35Z</time></trkpt>
<trkpt lat="44.221746" lon="-76.621724"><ele>43.0</ele><time>2021-08-06T23:21:36Z</time></trkpt>
<trkpt lat="44.221733" lon="-76.621706"><ele>43.0</ele><time>2021-08-06T23:21:37Z</time></trkpt>
<trkpt lat="44.221721" lon="-76.621688"><ele>43.0</ele><time>2021-08-06T23:21:38Z</time></trkpt>
<trkpt lat="44.221711" lon="-76.62167"><ele>43.0</ele><time>2021-08-06T23:21:39Z</time></trkpt>
<trkpt lat="44.221701" lon="-76.621661"><ele>43.0</ele><time>2021-08-06T23:21:40Z</time></trkpt>
<trkpt lat="44.221691" lon="-76.621643"><ele>43.0</ele><time>2021-08-06T23:21:41Z</time></trkpt>
<trkpt lat="44.221682" lon="-76.621625"><ele>43.0</ele><time>2021-08-06T23:21:42Z</time></trkpt>
<trkpt lat="44.221669" lon="-76.621607"><ele>43.0</ele><time>2021-08-06T23:21:43Z</time></trkpt>
<trkpt lat="44.221659" lon="-76.621589"><ele>43.0</ele><time>2021-08-06T23:21:44Z</time></trkpt>
<trkpt lat="44.22165" lon="-76.621571"><ele>43.0</ele><time>2021-08-06T23:21:45Z</time></trkpt>
<trkpt lat="44.22164" lon="-76.621553"><ele>43.0</ele><time>2021-08-06T23:21:46Z</time></trkpt>
<trkpt lat="44.22163" lon="-76.621535"><ele>43.0</ele><time>2021-08-06T23:21:47Z</time></trkpt>
<trkpt lat="44.221624" lon="-76.621517"><ele>43.0</ele><time>2021-08-06T23:21:48Z</time></trkpt>
<trkpt lat="44.221614" lon="-76.621499"><ele>44.0</ele><time>2021-08-06T23:21:49Z</time></trkpt>
<trkpt lat="44.221604" lon="-76.621481"><ele>43.0</ele><time>2021-08-06T23:21:50Z</time></trkpt>
<trkpt lat="44.221598" lon="-76.621463"><ele>43.0</ele><time>2021-08-06T23:21:51Z</time></trkpt>
<trkpt lat="44.221591" lon="-76.621445"><ele>42.0</ele><time>2021-08-06T23:21:52Z</time></trkpt>
<trkpt lat="44.221585" lon="-76.621427"><ele>42.0</ele><time>2021-08-06T23:21:53Z</time></trkpt>
<trkpt lat="44.221575" lon="-76.621409"><ele>42.0</ele><time>2021-08-06T23:21:54Z</time></trkpt>
<trkpt lat="44.221566" lon="-76.621391"><ele>43.0</ele><time>2021-08-06T23:21:55Z</time></trkpt>
<trkpt lat="44.221556" lon="-76.621374"><ele>42.0</ele><time>2021-08-06T23:21:56Z</time></trkpt>
<trkpt lat="44.221546" lon="-76.621356"><ele>42.0</ele><time>2021-08-06T23:21:57Z</time></trkpt>
<trkpt lat="44.22154" lon="-76.621329"><ele>42.0</ele><time>2021-08-06T23:21:58Z</time></trkpt>
<trkpt lat="44.221533" lon="-76.621311"><ele>42.0</ele><time>2021-08-06T23:21:59Z</time></trkpt>
<trkpt lat="44.221524" lon="-76.621293"><ele>41.0</ele><time>2021-08-06T23:22:00Z</time></trkpt>
<trkpt lat="44.221514" lon="-76.621275"><ele>42.0</ele><time>2021-08-06T23:22:01Z</time></trkpt>
<trkpt lat="44.221504" lon="-76.621248"><ele>41.0</ele><time>2021-08-06T23:22:02Z</time></trkpt>
<trkpt lat="44.221494" lon="-76.62123"><ele>41.0</ele><time>2021-08-06T23:22:03Z</time></trkpt>
<trkpt lat="44.221485" lon="-76.621212"><ele>41.0</ele><time>2021-08-06T23:22:04Z</time></trkpt>
<trkpt lat="44.221472" lon="-76.621194"><ele>42.0</ele><time>2021-08-06T23:22:05Z</time></trkpt>
<trkpt lat="44.221462" lon="-76.621176"><ele>42.0</ele><time>2021-08-06T23:22:06Z</time></trkpt>
<trkpt lat="44.221452" lon="-76.621158"><ele>42.0</ele><time>2021-08-06T23:22:07Z</time></trkpt>
<trkpt lat="44.221443" lon="-76.62114"><ele>42.0</ele><time>2021-08-06T23:22:08Z</time></trkpt>
<trkpt lat="44.22143" lon="-76.621113"><ele>42.0</ele><time>2021-08-06T23:22:09Z</time></trkpt>
<trkpt lat="44.22142" lon="-76.621095"><ele>42.0</ele><time>2021-08-06T23:22:10Z</time></trkpt>
<trkpt lat="44.22141" lon="-76.621077"><ele>42.0</ele><time>2021-08-06T23:22:11Z</time></trkpt>
<trkpt lat="44.221401" lon="-76.621059"><ele>42.0</ele><time>2021-08-06T23:22:12Z</time></trkpt>
<trkpt lat="44.221391" lon="-76.621041"><ele>42.0</ele><time>2021-08-06T23:22:13Z</time></trkpt>
<trkpt lat="44.221378" lon="-76.621032"><ele>42.0</ele><time>2021-08-06T23:22:14Z</time></trkpt>
<trkpt lat="44.221368" lon="-76.621014"><ele>42.0</ele><time>2021-08-06T23:22:15Z</time></trkpt>
<trkpt lat="44.221356" lon="-76.621005"><ele>42.0</ele><time>2021-08-06T23:22:16Z</time></trkpt>
<trkpt lat="44.221346" lon="-76.621005"><ele>42.0</ele><time>2021-08-06T23:22:17Z</time></trkpt>
<trkpt lat="44.221336" lon="-76.620996"><ele>42.0</ele><time>2021-08-06T23:22:18Z</time></trkpt>
<trkpt lat="44.221327" lon="-76.620996"><ele>43.0</ele><time>2021-08-06T23:22:19Z</time></trkpt>
<trkpt lat="44.221317" lon="-76.621005"><ele>43.0</ele><time>2021-08-06T23:22:20Z</time></trkpt>
<trkpt lat="44.221307" lon="-76.621005"><ele>43.0</ele><time>2021-08-06T23:22:21Z</time></trkpt>
<trkpt lat="44.221301" lon="-76.621005"><ele>43.0</ele><time>2021-08-06T23:22:22Z</time></trkpt>
<trkpt lat="44.221291" lon="-76.621014"><ele>43.0</ele><time>2021-08-06T23:22:23Z</time></trkpt>
<trkpt lat="44.221285" lon="-76.621023"><ele>44.0</ele><time>2021-08-06T23:22:24Z</time></trkpt>
<trkpt lat="44.221278" lon="-76.621032"><ele>44.0</ele><time>2021-08-06T23:22:25Z</time></trkpt>
<trkpt lat="44.221272" lon="-76.62105"><ele>43.0</ele><time>2021-08-06T23:22:26Z</time></trkpt>
<trkpt lat="44.221272" lon="-76.621059"><ele>43.0</ele><time>2021-08-06T23:22:27Z</time></trkpt>
<trkpt lat="44.221272" lon="-76.621077"><ele>43.0</ele><time>2021-08-06T23:22:28Z</time></trkpt>
<trkpt lat="44.221275" lon="-76.621095"><ele>44.0</ele><time>2021-08-06T23:22:29Z</time></trkpt>
<trkpt lat="44.221278" lon="-76.621104"><ele>44.0</ele><time>2021-08-06T23:22:30Z</time></trkpt>
<trkpt lat="44.221281" lon="-76.621122"><ele>44.0</ele><time>2021-08-06T23:22:31Z</time></trkpt>
<trkpt lat="44.221288" lon="-76.62114"><ele>45.0</ele><time>2021-08-06T23:22:32Z</time></trkpt>
<trkpt lat="44.221291" lon="-76.621158"><ele>44.0</ele><time>2021-08-06T23:22:33Z</time></trkpt>
<trkpt lat="44.221294" lon="-76.621176"><ele>44.0</ele><time>2021-08-06T23:22:34Z</time></trkpt>
<trkpt lat="44.221297" lon="-76.621194"><ele>44.0</ele><time>2021-08-06T23:22:35Z</time></trkpt>
<trkpt lat="44.221301" lon="-76.621203"><ele>44.0</ele><time>2021-08-06T23:22:36Z</time></trkpt>
<trkpt lat="44.221304" lon="-76.621221"><ele>44.0</ele><time>2021-08-06T23:22:37Z</time></trkpt>
<trkpt lat="44.22131" lon="-76.621239"><ele>44.0</ele><time>2021-08-06T23:22:38Z</time></trkpt>
<trkpt lat="44.221314" lon="-76.621257"><ele>44.0</ele><time>2021-08-06T23:22:39Z</time></trkpt>
<trkpt lat="44.221317" lon="-76.621275"><ele>43.0</ele><time>2021-08-06T23:22:40Z</time></trkpt>
<trkpt lat="44.22132" lon="-76.621293"><ele>44.0</ele><time>2021-08-06T23:22:41Z</time></trkpt>
<trkpt lat="44.221323" lon="-76.621311"><ele>44.0</ele><time>2021-08-06T23:22:42Z</time></trkpt>
<trkpt lat="44.221327" lon="-76.621329"><ele>44.0</ele><time>2021-08-06T23:22:43Z</time></trkpt>
<trkpt lat="44.22133" lon="-76.621347"><ele>44.0</ele><time>2021-08-06T23:22:44Z</time></trkpt>
<trkpt lat="44.221333" lon="-76.621365"><ele>44.0</ele><time>2021-08-06T23:22:45Z</time></trkpt>
<trkpt lat="44.221336" lon="-76.621382"><ele>44.0</ele><time>2021-08-06T23:22:46Z</time></trkpt>
<trkpt lat="44.221339" lon="-76.6214"><ele>44.0</ele><time>2021-08-06T23:22:47Z</time></trkpt>
<trkpt lat="44.221343" lon="-76.621409"><ele>44.0</ele><time>2021-08-06T23:22:48Z</time></trkpt>
<trkpt lat="44.221349" lon="-76.621427"><ele>44.0</ele><time>2021-08-06T23:22:49Z</time></trkpt>
<trkpt lat="44.221352" lon="-76.621445"><ele>43.0</ele><time>2021-08-06T23:22:50Z</time></trkpt>
<trkpt lat="44.221352" lon="-76.621463"><ele>43.0</ele><time>2021-08-06T23:22:51Z</time></trkpt>
<trkpt lat="44.221356" lon="-76.621481"><ele>43.0</ele><time>2021-08-06T23:22:52Z</time></trkpt>
<trkpt lat="44.221359" lon="-76.621499"><ele>44.0</ele><time>2021-08-06T23:22:53Z</time></trkpt>
<trkpt lat="44.221359" lon="-76.621517"><ele>44.0</ele><time>2021-08-06T23:22:54Z</time></trkpt>
<trkpt lat="44.221362" lon="-76.621526"><ele>44.0</ele><time>2021-08-06T23:22:55Z</time></trkpt>
<trkpt lat="44.221362" lon="-76.621544"><ele>44.0</ele><time>2021-08-06T23:22:56Z</time></trkpt>
<trkpt lat="44.221362" lon="-76.621562"><ele>44.0</ele><time>2021-08-06T23:22:57Z</time></trkpt>
<trkpt lat="44.221359" lon="-76.621571"><ele>44.0</ele><time>2021-08-06T23:22:58Z</time></trkpt>
<trkpt lat="44.221359" lon="-76.621589"><ele>44.0</ele><time>2021-08-06T23:22:59Z</time></trkpt>
<trkpt lat="44.221359" lon="-76.621607"><ele>44.0</ele><time>2021-08-06T23:23:00Z</time></trkpt>
<trkpt lat="44.221359" lon="-76.621625"><ele>44.0</ele><time>2021-08-06T23:23:01Z</time></trkpt>
<trkpt lat="44.221359" lon="-76.621643"><ele>44.0</ele><time>2021-08-06T23:23:02Z</time></trkpt>
<trkpt lat="44.221359" lon="-76.621652"><ele>44.0</ele><time>2021-08-06T23:23:03Z</time></trkpt>
<trkpt lat="44.221359" lon="-76.62167"><ele>44.0</ele><time>2021-08-06T23:23:04Z</time></trkpt>
<trkpt lat="44.221359" lon="-76.621688"><ele>44.0</ele><time>2021-08-06T23:23:05Z</time></trkpt>
<trkpt lat="44.221359" lon="-76.621706"><ele>44.0</ele><time>2021-08-06T23:23:06Z</time></trkpt>
<trkpt lat="44.221359" lon="-76.621724"><ele>44.0</ele><time>2021-08-06T23:23:07Z</time></trkpt>
<trkpt lat="44.221359" lon="-76.621742"><ele>44.0</ele><time>2021-08-06T23:23:08Z</time></trkpt>
<trkpt lat="44.221359" lon="-76.621751"><ele>44.0</ele><time>2021-08-06T23:23:09Z</time></trkpt>
<trkpt lat="44.221359" lon="-76.621769"><ele>44.0</ele><time>2021-08-06T23:23:10Z</time></trkpt>
<trkpt lat="44.221359" lon="-76.621787"><ele>44.0</ele><time>2021-08-06T23:23:11Z</time></trkpt>
<trkpt lat="44.221362" lon="-76.621805"><ele>44.0</ele><time>2021-08-06T23:23:12Z</time></trkpt>
<trkpt lat="44.221362" lon="-76.621823"><ele>44.0</ele><time>2021-08-06T23:23:13Z</time></trkpt>
<trkpt lat="44.221365" lon="-76.621841"><ele>43.0</ele><time>2021-08-06T23:23:14Z</time></trkpt>
<trkpt lat="44.221368" lon="-76.621859"><ele>43.0</ele><time>2021-08-06T23:23:15Z</time></trkpt>
<trkpt lat="44.221372" lon="-76.621877"><ele>43.0</ele><time>2021-08-06T23:23:16Z</time></trkpt>
<trkpt lat="44.221375" lon="-76.621895"><ele>43.0</ele><time>2021-08-06T23:23:17Z</time></trkpt>
<trkpt lat="44.221378" lon="-76.621912"><ele>43.0</ele><time>2021-08-06T23:23:18Z</time></trkpt>
<trkpt lat="44.221378" lon="-76.621921"><ele>43.0</ele><time>2021-08-06T23:23:19Z</time></trkpt>
<trkpt lat="44.221381" lon="-76.621939"><ele>43.0</ele><time>2021-08-06T23:23:20Z</time></trkpt>
<trkpt lat="44.221385" lon="-76.621948"><ele>44.0</ele><time>2021-08-06T23:23:21Z</time></trkpt>
<trkpt lat="44.221388" lon="-76.621966"><ele>44.0</ele><time>2021-08-06T23:23:22Z</time></trkpt>
<trkpt lat="44.221391" lon="-76.621984"><ele>43.0</ele><time>2021-08-06T23:23:23Z</time></trkpt>
<trkpt lat="44.221394" lon="-76.621993"><ele>44.0</ele><time>2021-08-06T23:23:24Z</time></trkpt>
<trkpt lat="44.221398" lon="-76.622011"><ele>44.0</ele><time>2021-08-06T23:23:25Z</time></trkpt>
<trkpt lat="44.221401" lon="-76.622029"><ele>44.0</ele><time>2021-08-06T23:23:26Z</time></trkpt>
<trkpt lat="44.221401" lon="-76.622038"><ele>44.0</ele><time>2021-08-06T23:23:27Z</time></trkpt>
<trkpt lat="44.221404" lon="-76.622056"><ele>44.0</ele><time>2021-08-06T23:23:28Z</time></trkpt>
<trkpt lat="44.221407" lon="-76.622074"><ele>44.0</ele><time>2021-08-06T23:23:29Z</time></trkpt>
<trkpt lat="44.22141" lon="-76.622092"><ele>44.0</ele><time>2021-08-06T23:23:30Z</time></trkpt>
<trkpt lat="44.221414" lon="-76.62211"><ele>43.0</ele><time>2021-08-06T23:23:31Z</time></trkpt>
<trkpt lat="44.221417" lon="-76.622128"><ele>43.0</ele><time>2021-08-06T23:23:32Z</time></trkpt>
<trkpt lat="44.22142" lon="-76.622137"><ele>44.0</ele><time>2021-08-06T23:23:33Z</time></trkpt>
<trkpt lat="44.221423" lon="-76.622155"><ele>44.0</ele><time>2021-08-06T23:23:34Z</time></trkpt>
<trkpt lat="44.221427" lon="-76.622173"><ele>44.0</ele><time>2021-08-06T23:23:35Z</time></trkpt>
<trkpt lat="44.22143" lon="-76.622191"><ele>44.0</ele><time>2021-08-06T23:23:36Z</time></trkpt>
<trkpt lat="44.221433" lon="-76.622209"><ele>44.0</ele><time>2021-08-06T23:23:37Z</time></trkpt>
<trkpt lat="44.221436" lon="-76.622218"><ele>43.0</ele><time>2021-08-06T23:23:38Z</time></trkpt>
<trkpt lat="44.221436" lon="-76.622236"><ele>43.0</ele><time>2021-08-06T23:23:39Z</time></trkpt>
<trkpt lat="44.22144" lon="-76.622254"><ele>43.0</ele><time>2021-08-06T23:23:40Z</time></trkpt>
<trkpt lat="44.221443" lon="-76.622272"><ele>43.0</ele><time>2021-08-06T23:23:41Z</time></trkpt>
<trkpt lat="44.221449" lon="-76.62229"><ele>43.0</ele><time>2021-08-06T23:23:42Z</time></trkpt>
<trkpt lat="44.221456" lon="-76.622308"><ele>42.0</ele><time>2021-08-06T23:23:43Z</time></trkpt>
<trkpt lat="44.221459" lon="-76.622317"><ele>43.0</ele><time>2021-08-06T23:23:44Z</time></trkpt>
<trkpt lat="44.221465" lon="-76.622335"><ele>42.0</ele><time>2021-08-06T23:23:45Z</time></trkpt>
<trkpt lat="44.221469" lon="-76.622344"><ele>42.0</ele><time>2021-08-06T23:23:46Z</time></trkpt>
<trkpt lat="44.221472" lon="-76.622362"><ele>42.0</ele><time>2021-08-06T23:23:47Z</time></trkpt>
<trkpt lat="44.221475" lon="-76.622371"><ele>42.0</ele><time>2021-08-06T23:23:48Z</time></trkpt>
<trkpt lat="44.221478" lon="-76.622389"><ele>42.0</ele><time>2021-08-06T23:23:49Z</time></trkpt>
<trkpt lat="44.221482" lon="-76.622407"><ele>42.0</ele><time>2021-08-06T23:23:50Z</time></trkpt>
<trkpt lat="44.221485" lon="-76.622416"><ele>43.0</ele><time>2021-08-06T23:23:51Z</time></trkpt>
<trkpt lat="44.221491" lon="-76.622424"><ele>43.0</ele><time>2021-08-06T23:23:52Z</time></trkpt>
<trkpt lat="44.221494" lon="-76.622442"><ele>43.0</ele><time>2021-08-06T23:23:53Z</time></trkpt>
<trkpt lat="44.221498" lon="-76.622451"><ele>43.0</ele><time>2021-08-06T23:23:54Z</time></trkpt>
<trkpt lat="44.221504" lon="-76.622469"><ele>43.0</ele><time>2021-08-06T23:23:55Z</time></trkpt>
<trkpt lat="44.221511" lon="-76.622478"><ele>43.0</ele><time>2021-08-06T23:23:56Z</time></trkpt>
<trkpt lat="44.221514" lon="-76.622487"><ele>43.0</ele><time>2021-08-06T23:23:57Z</time></trkpt>
<trkpt lat="44.221517" lon="-76.622505"><ele>43.0</ele><time>2021-08-06T23:23:58Z</time></trkpt>
<trkpt lat="44.22152" lon="-76.622514"><ele>43.0</ele><time>2021-08-06T23:23:59Z</time></trkpt>
<trkpt lat="44.221524" lon="-76.622532"><ele>43.0</ele><time>2021-08-06T23:24:00Z</time></trkpt>
<trkpt lat="44.221527" lon="-76.62255"><ele>44.0</ele><time>2021-08-06T23:24:01Z</time></trkpt>
<trkpt lat="44.22153" lon="-76.622559"><ele>43.0</ele><time>2021-08-06T23:24:02Z</time></trkpt>
<trkpt lat="44.221533" lon="-76.622577"><ele>44.0</ele><time>2021-08-06T23:24:03Z</time></trkpt>
<trkpt lat="44.221536" lon="-76.622586"><ele>44.0</ele><time>2021-08-06T23:24:04Z</time></trkpt>
<trkpt lat="44.22154" lon="-76.622604"><ele>44.0</ele><time>2021-08-06T23:24:05Z</time></trkpt>
<trkpt lat="44.221543" lon="-76.622622"><ele>44.0</ele><time>2021-08-06T23:24:06Z</time></trkpt>
<trkpt lat="44.221546" lon="-76.622631"><ele>44.0</ele><time>2021-08-06T23:24:07Z</time></trkpt>
<trkpt lat="44.221546" lon="-76.622649"><ele>44.0</ele><time>2021-08-06T23:24:08Z</time></trkpt>
<trkpt lat="44.221549" lon="-76.622667"><ele>44.0</ele><time>2021-08-06T23:24:09Z</time></trkpt>
<trkpt lat="44.221549" lon="-76.622676"><ele>45.0</ele><time>2021-08-06T23:24:10Z</time></trkpt>
<trkpt lat="44.221549" lon="-76.622685"><ele>45.0</ele><time>2021-08-06T23:24:11Z</time></trkpt>
<trkpt lat="44.221556" lon="-76.622703"><ele>45.0</ele><time>2021-08-06T23:24:12Z</time></trkpt>
<trkpt lat="44.221559" lon="-76.622712"><ele>45.0</ele><time>2021-08-06T23:24:13Z</time></trkpt>
<trkpt lat="44.221566" lon="-76.62273"><ele>44.0</ele><time>2021-08-06T23:24:14Z</time></trkpt>
<trkpt lat="44.221569" lon="-76.622739"><ele>44.0</ele><time>2021-08-06T23:24:15Z</time></trkpt>
<trkpt lat="44.221572" lon="-76.622748"><ele>45.0</ele><time>2021-08-06T23:24:16Z</time></trkpt>
<trkpt lat="44.221575" lon="-76.622766"><ele>45.0</ele><time>2021-08-06T23:24:17Z</time></trkpt>
<trkpt lat="44.221578" lon="-76.622775"><ele>45.0</ele><time>2021-08-06T23:24:18Z</time></trkpt>
<trkpt lat="44.221582" lon="-76.622784"><ele>45.0</ele><time>2021-08-06T23:24:19Z</time></trkpt>
<trkpt lat="44.221585" lon="-76.622802"><ele>45.0</ele><time>2021-08-06T23:24:20Z</time></trkpt>
<trkpt lat="44.221588" lon="-76.622811"><ele>45.0</ele><time>2021-08-06T23:24:21Z</time></trkpt>
<trkpt lat="44.221591" lon="-76.62282"><ele>45.0</ele><time>2021-08-06T23:24:22Z</time></trkpt>
<trkpt lat="44.221591" lon="-76.62282"><ele>45.0</ele><time>2021-08-06T23:24:23Z</time></trkpt>
<trkpt lat="44.221595" lon="-76.622838"><ele>45.0</ele><time>2021-08-06T23:24:23Z</time></trkpt>
<trkpt lat="44.221598" lon="-76.622847"><ele>45.0</ele><time>2021-08-06T23:24:24Z</time></trkpt>
<trkpt lat="44.221598" lon="-76.622865"><ele>45.0</ele><time>2021-08-06T23:24:25Z</time></trkpt>
<trkpt lat="44.221601" lon="-76.622874"><ele>45.0</ele><time>2021-08-06T23:24:26Z</time></trkpt>
<trkpt lat="44.221604" lon="-76.622892"><ele>45.0</ele><time>2021-08-06T23:24:27Z</time></trkpt>
<trkpt lat="44.221608" lon="-76.62291"><ele>44.0</ele><time>2021-08-06T23:24:28Z</time></trkpt>
<trkpt lat="44.221611" lon="-76.622928"><ele>44.0</ele><time>2021-08-06T23:24:29Z</time></trkpt>
<trkpt lat="44.221614" lon="-76.622937"><ele>45.0</ele><time>2021-08-06T23:24:30Z</time></trkpt>
<trkpt lat="44.221614" lon="-76.622946"><ele>45.0</ele><time>2021-08-06T23:24:31Z</time></trkpt>
<trkpt lat="44.221614" lon="-76.622954"><ele>46.0</ele><time>2021-08-06T23:24:32Z</time></trkpt>
<trkpt lat="44.221617" lon="-76.622963"><ele>45.0</ele><time>2021-08-06T23:24:33Z</time></trkpt>
<trkpt lat="44.22162" lon="-76.622972"><ele>45.0</ele><time>2021-08-06T23:24:34Z</time></trkpt>
<trkpt lat="44.221624" lon="-76.62299"><ele>44.0</ele><time>2021-08-06T23:24:35Z</time></trkpt>
<trkpt lat="44.221627" lon="-76.622999"><ele>44.0</ele><time>2021-08-06T23:24:36Z</time></trkpt>
<trkpt lat="44.22163" lon="-76.623008"><ele>44.0</ele><time>2021-08-06T23:24:37Z</time></trkpt>
<trkpt lat="44.221637" lon="-76.623026"><ele>45.0</ele><time>2021-08-06T23:24:38Z</time></trkpt>
<trkpt lat="44.22164" lon="-76.623035"><ele>45.0</ele><time>2021-08-06T23:24:39Z</time></trkpt>
<trkpt lat="44.221643" lon="-76.623044"><ele>45.0</ele><time>2021-08-06T23:24:40Z</time></trkpt>
<trkpt lat="44.221646" lon="-76.623053"><ele>45.0</ele><time>2021-08-06T23:24:41Z</time></trkpt>
<trkpt lat="44.22165" lon="-76.623062"><ele>45.0</ele><time>2021-08-06T23:24:42Z</time></trkpt>
<trkpt lat="44.221656" lon="-76.62308"><ele>45.0</ele><time>2021-08-06T23:24:43Z</time></trkpt>
<trkpt lat="44.221662" lon="-76.623089"><ele>45.0</ele><time>2021-08-06T23:24:44Z</time></trkpt>
<trkpt lat="44.221666" lon="-76.623098"><ele>45.0</ele><time>2021-08-06T23:24:45Z</time></trkpt>
<trkpt lat="44.221672" lon="-76.623107"><ele>45.0</ele><time>2021-08-06T23:24:46Z</time></trkpt>
<trkpt lat="44.221675" lon="-76.623116"><ele>45.0</ele><time>2021-08-06T23:24:47Z</time></trkpt>
<trkpt lat="44.221679" lon="-76.623125"><ele>45.0</ele><time>2021-08-06T23:24:48Z</time></trkpt>
<trkpt lat="44.221685" lon="-76.623134"><ele>45.0</ele><time>2021-08-06T23:24:49Z</time></trkpt>
<trkpt lat="44.221691" lon="-76.623143"><ele>46.0</ele><time>2021-08-06T23:24:50Z</time></trkpt>
<trkpt lat="44.221698" lon="-76.623152"><ele>46.0</ele><time>2021-08-06T23:24:51Z</time></trkpt>
<trkpt lat="44.221701" lon="-76.623161"><ele>46.0</ele><time>2021-08-06T23:24:52Z</time></trkpt>
<trkpt lat="44.221708" lon="-76.62317"><ele>46.0</ele><time>2021-08-06T23:24:53Z</time></trkpt>
<trkpt lat="44.221708" lon="-76.62317"><ele>46.0</ele><time>2021-08-06T23:24:54Z</time></trkpt>
<trkpt lat="44.221711" lon="-76.623179"><ele>46.0</ele><time>2021-08-06T23:24:55Z</time></trkpt>
<trkpt lat="44.221714" lon="-76.623188"><ele>47.0</ele><time>2021-08-06T23:24:56Z</time></trkpt>
<trkpt lat="44.221714" lon="-76.623197"><ele>47.0</ele><time>2021-08-06T23:24:57Z</time></trkpt>
<trkpt lat="44.221714" lon="-76.623206"><ele>47.0</ele><time>2021-08-06T23:24:58Z</time></trkpt>
<trkpt lat="44.221714" lon="-76.623215"><ele>46.0</ele><time>2021-08-06T23:24:59Z</time></trkpt>
<trkpt lat="44.221714" lon="-76.623224"><ele>46.0</ele><time>2021-08-06T23:25:00Z</time></trkpt>
<trkpt lat="44.221711" lon="-76.623233"><ele>46.0</ele><time>2021-08-06T23:25:01Z</time></trkpt>
<trkpt lat="44.221711" lon="-76.623242"><ele>45.0</ele><time>2021-08-06T23:25:02Z</time></trkpt>
<trkpt lat="44.221708" lon="-76.623251"><ele>45.0</ele><time>2021-08-06T23:25:03Z</time></trkpt>
<trkpt lat="44.221708" lon="-76.623251"><ele>45.0</ele><time>2021-08-06T23:25:04Z</time></trkpt>
<trkpt lat="44.221704" lon="-76.62326"><ele>45.0</ele><time>2021-08-06T23:25:05Z</time></trkpt>
<trkpt lat="44.221701" lon="-76.623269"><ele>45.0</ele><time>2021-08-06T23:25:06Z</time></trkpt>
<trkpt lat="44.221698" lon="-76.623278"><ele>45.0</ele><time>2021-08-06T23:25:07Z</time></trkpt>
<trkpt lat="44.221695" lon="-76.623278"><ele>46.0</ele><time>2021-08-06T23:25:08Z</time></trkpt>
<trkpt lat="44.221688" lon="-76.623278"><ele>47.0</ele><time>2021-08-06T23:25:09Z</time></trkpt>
<trkpt lat="44.221695" lon="-76.623269"><ele>47.0</ele><time>2021-08-06T23:25:10Z</time></trkpt>
<trkpt lat="44.221701" lon="-76.62326"><ele>47.0</ele><time>2021-08-06T23:25:11Z</time></trkpt>
<trkpt lat="44.221708" lon="-76.623269"><ele>48.0</ele><time>2021-08-06T23:25:12Z</time></trkpt>
<trkpt lat="44.221708" lon="-76.623269"><ele>48.0</ele><time>2021-08-06T23:25:13Z</time></trkpt>
<trkpt lat="44.221704" lon="-76.623269"><ele>47.0</ele><time>2021-08-06T23:25:14Z</time></trkpt>
<trkpt lat="44.221701" lon="-76.623269"><ele>47.0</ele><time>2021-08-06T23:25:15Z</time></trkpt>
<trkpt lat="44.221698" lon="-76.623278"><ele>47.0</ele><time>2021-08-06T23:25:16Z</time></trkpt>
<trkpt lat="44.221691" lon="-76.623278"><ele>46.0</ele><time>2021-08-06T23:25:17Z</time></trkpt>
<trkpt lat="44.221691" lon="-76.623278"><ele>46.0</ele><time>2021-08-06T23:25:18Z</time></trkpt>
<trkpt lat="44.221688" lon="-76.623278"><ele>46.0</ele><time>2021-08-06T23:25:19Z</time></trkpt>
<trkpt lat="44.221685" lon="-76.623278"><ele>46.0</ele><time>2021-08-06T23:25:20Z</time></trkpt>
<trkpt lat="44.221685" lon="-76.623278"><ele>46.0</ele><time>2021-08-06T23:25:21Z</time></trkpt>
<trkpt lat="44.221682" lon="-76.623269"><ele>46.0</ele><time>2021-08-06T23:25:22Z</time></trkpt>
<trkpt lat="44.221682" lon="-76.623269"><ele>46.0</ele><time>2021-08-06T23:25:23Z</time></trkpt>
<trkpt lat="44.221679" lon="-76.62326"><ele>45.0</ele><time>2021-08-06T23:25:24Z</time></trkpt>
<trkpt lat="44.221675" lon="-76.623251"><ele>45.0</ele><time>2021-08-06T23:25:25Z</time></trkpt>
<trkpt lat="44.221672" lon="-76.623251"><ele>45.0</ele><time>2021-08-06T23:25:26Z</time></trkpt>
<trkpt lat="44.221669" lon="-76.623242"><ele>45.0</ele><time>2021-08-06T23:25:27Z</time></trkpt>
<trkpt lat="44.221672" lon="-76.623242"><ele>45.0</ele><time>2021-08-06T23:25:28Z</time></trkpt>
<trkpt lat="44.221672" lon="-76.623233"><ele>45.0</ele><time>2021-08-06T23:25:29Z</time></trkpt>
<trkpt lat="44.221675" lon="-76.623233"><ele>45.0</ele><time>2021-08-06T23:25:30Z</time></trkpt>
<trkpt lat="44.221675" lon="-76.623224"><ele>45.0</ele><time>2021-08-06T23:25:31Z</time></trkpt>
<trkpt lat="44.221679" lon="-76.623224"><ele>45.0</ele><time>2021-08-06T23:25:32Z</time></trkpt>
<trkpt lat="44.221679" lon="-76.623215"><ele>45.0</ele><time>2021-08-06T23:25:33Z</time></trkpt>
<trkpt lat="44.221682" lon="-76.623224"><ele>45.0</ele><time>2021-08-06T23:25:34Z</time></trkpt>
<trkpt lat="44.221682" lon="-76.623215"><ele>45.0</ele><time>2021-08-06T23:25:35Z</time></trkpt>
<trkpt lat="44.221682" lon="-76.623215"><ele>44.0</ele><time>2021-08-06T23:25:36Z</time></trkpt>
<trkpt lat="44.221679" lon="-76.623206"><ele>44.0</ele><time>2021-08-06T23:25:37Z</time></trkpt>
<trkpt lat="44.221679" lon="-76.623206"><ele>44.0</ele><time>2021-08-06T23:25:38Z</time></trkpt>
<trkpt lat="44.221682" lon="-76.623197"><ele>45.0</ele><time>2021-08-06T23:25:39Z</time></trkpt>
<trkpt lat="44.221682" lon="-76.623197"><ele>45.0</ele><time>2021-08-06T23:25:40Z</time></trkpt>
<trkpt lat="44.221682" lon="-76.623188"><ele>45.0</ele><time>2021-08-06T23:25:41Z</time></trkpt>
<trkpt lat="44.221682" lon="-76.623188"><ele>45.0</ele><time>2021-08-06T23:25:42Z</time></trkpt>
<trkpt lat="44.221682" lon="-76.623179"><ele>45.0</ele><time>2021-08-06T23:25:43Z</time></trkpt>
<trkpt lat="44.221685" lon="-76.623179"><ele>45.0</ele><time>2021-08-06T23:25:44Z</time></trkpt>
<trkpt lat="44.221688" lon="-76.62317"><ele>45.0</ele><time>2021-08-06T23:25:45Z</time></trkpt>
<trkpt lat="44.221691" lon="-76.62317"><ele>44.0</ele><time>2021-08-06T23:25:46Z</time></trkpt>
<trkpt lat="44.221691" lon="-76.623161"><ele>45.0</ele><time>2021-08-06T23:25:47Z</time></trkpt>
<trkpt lat="44.221695" lon="-76.623161"><ele>45.0</ele><time>2021-08-06T23:25:48Z</time></trkpt>
<trkpt lat="44.221698" lon="-76.623152"><ele>45.0</ele><time>2021-08-06T23:25:49Z</time></trkpt>
<trkpt lat="44.221701" lon="-76.623152"><ele>45.0</ele><time>2021-08-06T23:25:50Z</time></trkpt>
<trkpt lat="44.221708" lon="-76.623143"><ele>44.0</ele><time>2021-08-06T23:25:51Z</time></trkpt>
<trkpt lat="44.221717" lon="-76.623134"><ele>44.0</ele><time>2021-08-06T23:25:52Z</time></trkpt>
<trkpt lat="44.221721" lon="-76.623134"><ele>44.0</ele><time>2021-08-06T23:25:53Z</time></trkpt>
<trkpt lat="44.221727" lon="-76.623134"><ele>43.0</ele><time>2021-08-06T23:25:54Z</time></trkpt>
<trkpt lat="44.22173" lon="-76.623125"><ele>43.0</ele><time>2021-08-06T23:25:55Z</time></trkpt>
<trkpt lat="44.221733" lon="-76.623116"><ele>44.0</ele><time>2021-08-06T23:25:56Z</time></trkpt>
<trkpt lat="44.22174" lon="-76.623116"><ele>44.0</ele><time>2021-08-06T23:25:57Z</time></trkpt>
<trkpt lat="44.221743" lon="-76.623107"><ele>44.0</ele><time>2021-08-06T23:25:58Z</time></trkpt>
<trkpt lat="44.221746" lon="-76.623107"><ele>44.0</ele><time>2021-08-06T23:25:59Z</time></trkpt>
<trkpt lat="44.22175" lon="-76.623098"><ele>44.0</ele><time>2021-08-06T23:26:00Z</time></trkpt>
<trkpt lat="44.221753" lon="-76.623098"><ele>44.0</ele><time>2021-08-06T23:26:01Z</time></trkpt>
<trkpt lat="44.221756" lon="-76.623089"><ele>44.0</ele><time>2021-08-06T23:26:02Z</time></trkpt>
<trkpt lat="44.221759" lon="-76.623089"><ele>44.0</ele><time>2021-08-06T23:26:03Z</time></trkpt>
<trkpt lat="44.221763" lon="-76.62308"><ele>44.0</ele><time>2021-08-06T23:26:04Z</time></trkpt>
<trkpt lat="44.221766" lon="-76.623071"><ele>44.0</ele><time>2021-08-06T23:26:05Z</time></trkpt>
<trkpt lat="44.221766" lon="-76.623071"><ele>45.0</ele><time>2021-08-06T23:26:06Z</time></trkpt>
<trkpt lat="44.221769" lon="-76.623062"><ele>45.0</ele><time>2021-08-06T23:26:07Z</time></trkpt>
<trkpt lat="44.221772" lon="-76.623062"><ele>45.0</ele><time>2021-08-06T23:26:08Z</time></trkpt>
<trkpt lat="44.221775" lon="-76.623053"><ele>45.0</ele><time>2021-08-06T23:26:09Z</time></trkpt>
<trkpt lat="44.221775" lon="-76.623053"><ele>45.0</ele><time>2021-08-06T23:26:10Z</time></trkpt>
<trkpt lat="44.221779" lon="-76.623044"><ele>44.0</ele><time>2021-08-06T23:26:11Z</time></trkpt>
<trkpt lat="44.221785" lon="-76.623035"><ele>45.0</ele><time>2021-08-06T23:26:12Z</time></trkpt>
<trkpt lat="44.221792" lon="-76.623026"><ele>45.0</ele><time>2021-08-06T23:26:13Z</time></trkpt>
<trkpt lat="44.221798" lon="-76.623026"><ele>45.0</ele><time>2021-08-06T23:26:14Z</time></trkpt>
<trkpt lat="44.221798" lon="-76.623017"><ele>45.0</ele><time>2021-08-06T23:26:15Z</time></trkpt>
<trkpt lat="44.221798" lon="-76.623017"><ele>44.0</ele><time>2021-08-06T23:26:16Z</time></trkpt>
<trkpt lat="44.221798" lon="-76.623008"><ele>45.0</ele><time>2021-08-06T23:26:17Z</time></trkpt>
<trkpt lat="44.221801" lon="-76.622999"><ele>45.0</ele><time>2021-08-06T23:26:18Z</time></trkpt>
<trkpt lat="44.221805" lon="-76.622999"><ele>45.0</ele><time>2021-08-06T23:26:19Z</time></trkpt>
<trkpt lat="44.221805" lon="-76.622999"><ele>45.0</ele><time>2021-08-06T23:26:20Z</time></trkpt>
<trkpt lat="44.221808" lon="-76.62299"><ele>45.0</ele><time>2021-08-06T23:26:21Z</time></trkpt>
<trkpt lat="44.221811" lon="-76.622981"><ele>44.0</ele><time>2021-08-06T23:26:22Z</time></trkpt>
<trkpt lat="44.221814" lon="-76.622981"><ele>44.0</ele><time>2021-08-06T23:26:23Z</time></trkpt>
<trkpt lat="44.221817" lon="-76.622972"><ele>44.0</ele><time>2021-08-06T23:26:24Z</time></trkpt>
<trkpt lat="44.221817" lon="-76.622972"><ele>44.0</ele><time>2021-08-06T23:26:25Z</time></trkpt>
<trkpt lat="44.221821" lon="-76.622963"><ele>44.0</ele><time>2021-08-06T23:26:26Z</time></trkpt>
<trkpt lat="44.221824" lon="-76.622963"><ele>44.0</ele><time>2021-08-06T23:26:27Z</time></trkpt>
<trkpt lat="44.221827" lon="-76.622954"><ele>44.0</ele><time>2021-08-06T23:26:28Z</time></trkpt>
<trkpt lat="44.22183" lon="-76.622954"><ele>45.0</ele><time>2021-08-06T23:26:29Z</time></trkpt>
<trkpt lat="44.221834" lon="-76.622946"><ele>45.0</ele><time>2021-08-06T23:26:30Z</time></trkpt>
<trkpt lat="44.221837" lon="-76.622946"><ele>45.0</ele><time>2021-08-06T23:26:31Z</time></trkpt>
<trkpt lat="44.221837" lon="-76.622937"><ele>45.0</ele><time>2021-08-06T23:26:32Z</time></trkpt>
<trkpt lat="44.22184" lon="-76.622937"><ele>45.0</ele><time>2021-08-06T23:26:33Z</time></trkpt>
<trkpt lat="44.22184" lon="-76.622928"><ele>46.0</ele><time>2021-08-06T23:26:34Z</time></trkpt>
<trkpt lat="44.221843" lon="-76.622928"><ele>46.0</ele><time>2021-08-06T23:26:35Z</time></trkpt>
<trkpt lat="44.221843" lon="-76.622919"><ele>45.0</ele><time>2021-08-06T23:26:36Z</time></trkpt>
<trkpt lat="44.221847" lon="-76.622919"><ele>45.0</ele><time>2021-08-06T23:26:37Z</time></trkpt>
<trkpt lat="44.22185" lon="-76.62291"><ele>45.0</ele><time>2021-08-06T23:26:38Z</time></trkpt>
<trkpt lat="44.221853" lon="-76.62291"><ele>45.0</ele><time>2021-08-06T23:26:39Z</time></trkpt>
<trkpt lat="44.221853" lon="-76.622901"><ele>45.0</ele><time>2021-08-06T23:26:40Z</time></trkpt>
<trkpt lat="44.221856" lon="-76.622901"><ele>45.0</ele><time>2021-08-06T23:26:41Z</time></trkpt>
<trkpt lat="44.221856" lon="-76.622892"><ele>45.0</ele><time>2021-08-06T23:26:42Z</time></trkpt>
<trkpt lat="44.221859" lon="-76.622892"><ele>44.0</ele><time>2021-08-06T23:26:43Z</time></trkpt>
<trkpt lat="44.221859" lon="-76.622892"><ele>44.0</ele><time>2021-08-06T23:26:44Z</time></trkpt>
<trkpt lat="44.221863" lon="-76.622883"><ele>44.0</ele><time>2021-08-06T23:26:45Z</time></trkpt>
<trkpt lat="44.221866" lon="-76.622883"><ele>44.0</ele><time>2021-08-06T23:26:46Z</time></trkpt>
<trkpt lat="44.221866" lon="-76.622874"><ele>44.0</ele><time>2021-08-06T23:26:47Z</time></trkpt>
<trkpt lat="44.221866" lon="-76.622874"><ele>44.0</ele><time>2021-08-06T23:26:48Z</time></trkpt>
<trkpt lat="44.221869" lon="-76.622874"><ele>44.0</ele><time>2021-08-06T23:26:49Z</time></trkpt>
<trkpt lat="44.221872" lon="-76.622865"><ele>44.0</ele><time>2021-08-06T23:26:50Z</time></trkpt>
<trkpt lat="44.221872" lon="-76.622865"><ele>44.0</ele><time>2021-08-06T23:26:51Z</time></trkpt>
<trkpt lat="44.221876" lon="-76.622856"><ele>44.0</ele><time>2021-08-06T23:26:52Z</time></trkpt>
<trkpt lat="44.221879" lon="-76.622856"><ele>44.0</ele><time>2021-08-06T23:26:53Z</time></trkpt>
<trkpt lat="44.221882" lon="-76.622847"><ele>44.0</ele><time>2021-08-06T23:26:54Z</time></trkpt>
<trkpt lat="44.221885" lon="-76.622847"><ele>44.0</ele><time>2021-08-06T23:26:55Z</time></trkpt>
<trkpt lat="44.221892" lon="-76.622838"><ele>44.0</ele><time>2021-08-06T23:26:56Z</time></trkpt>
<trkpt lat="44.221895" lon="-76.622838"><ele>44.0</ele><time>2021-08-06T23:26:57Z</time></trkpt>
<trkpt lat="44.221898" lon="-76.622829"><ele>44.0</ele><time>2021-08-06T23:26:58Z</time></trkpt>
<trkpt lat="44.221901" lon="-76.62282"><ele>44.0</ele><time>2021-08-06T23:26:59Z</time></trkpt>
<trkpt lat="44.221905" lon="-76.62282"><ele>44.0</ele><time>2021-08-06T23:27:00Z</time></trkpt>
<trkpt lat="44.221908" lon="-76.622811"><ele>44.0</ele><time>2021-08-06T23:27:01Z</time></trkpt>
<trkpt lat="44.221911" lon="-76.622811"><ele>44.0</ele><time>2021-08-06T23:27:02Z</time></trkpt>
<trkpt lat="44.221911" lon="-76.622802"><ele>44.0</ele><time>2021-08-06T23:27:03Z</time></trkpt>
<trkpt lat="44.221914" lon="-76.622802"><ele>44.0</ele><time>2021-08-06T23:27:04Z</time></trkpt>
<trkpt lat="44.221918" lon="-76.622793"><ele>44.0</ele><time>2021-08-06T23:27:05Z</time></trkpt>
<trkpt lat="44.221921" lon="-76.622793"><ele>44.0</ele><time>2021-08-06T23:27:06Z</time></trkpt>
<trkpt lat="44.221924" lon="-76.622784"><ele>44.0</ele><time>2021-08-06T23:27:07Z</time></trkpt>
<trkpt lat="44.221927" lon="-76.622784"><ele>44.0</ele><time>2021-08-06T23:27:08Z</time></trkpt>
<trkpt lat="44.221931" lon="-76.622775"><ele>44.0</ele><time>2021-08-06T23:27:09Z</time></trkpt>
<trkpt lat="44.221934" lon="-76.622775"><ele>44.0</ele><time>2021-08-06T23:27:10Z</time></trkpt>
<trkpt lat="44.221937" lon="-76.622766"><ele>44.0</ele><time>2021-08-06T23:27:11Z</time></trkpt>
<trkpt lat="44.22194" lon="-76.622766"><ele>45.0</ele><time>2021-08-06T23:27:12Z</time></trkpt>
<trkpt lat="44.221943" lon="-76.622757"><ele>45.0</ele><time>2021-08-06T23:27:13Z</time></trkpt>
<trkpt lat="44.221947" lon="-76.622748"><ele>45.0</ele><time>2021-08-06T23:27:14Z</time></trkpt>
<trkpt lat="44.22195" lon="-76.622748"><ele>45.0</ele><time>2021-08-06T23:27:15Z</time></trkpt>
<trkpt lat="44.221953" lon="-76.622739"><ele>45.0</ele><time>2021-08-06T23:27:16Z</time></trkpt>
<trkpt lat="44.22196" lon="-76.622739"><ele>44.0</ele><time>2021-08-06T23:27:17Z</time></trkpt>
<trkpt lat="44.221963" lon="-76.62273"><ele>44.0</ele><time>2021-08-06T23:27:18Z</time></trkpt>
<trkpt lat="44.221966" lon="-76.62273"><ele>45.0</ele><time>2021-08-06T23:27:19Z</time></trkpt>
<trkpt lat="44.221969" lon="-76.622721"><ele>45.0</ele><time>2021-08-06T23:27:20Z</time></trkpt>
<trkpt lat="44.221972" lon="-76.622721"><ele>45.0</ele><time>2021-08-06T23:27:21Z</time></trkpt>
<trkpt lat="44.221972" lon="-76.622712"><ele>45.0</ele><time>2021-08-06T23:27:22Z</time></trkpt>
<trkpt lat="44.221976" lon="-76.622712"><ele>45.0</ele><time>2021-08-06T23:27:23Z</time></trkpt>
<trkpt lat="44.221979" lon="-76.622712"><ele>45.0</ele><time>2021-08-06T23:27:24Z</time></trkpt>
<trkpt lat="44.221982" lon="-76.622703"><ele>45.0</ele><time>2021-08-06T23:27:25Z</time></trkpt>
<trkpt lat="44.221982" lon="-76.622694"><ele>45.0</ele><time>2021-08-06T23:27:26Z</time></trkpt>
<trkpt lat="44.221985" lon="-76.622694"><ele>45.0</ele><time>2021-08-06T23:27:27Z</time></trkpt>
<trkpt lat="44.221989" lon="-76.622685"><ele>45.0</ele><time>2021-08-06T23:27:28Z</time></trkpt>
<trkpt lat="44.221989" lon="-76.622685"><ele>45.0</ele><time>2021-08-06T23:27:29Z</time></trkpt>
<trkpt lat="44.221992" lon="-76.622676"><ele>45.0</ele><time>2021-08-06T23:27:30Z</time></trkpt>
<trkpt lat="44.221995" lon="-76.622667"><ele>45.0</ele><time>2021-08-06T23:27:31Z</time></trkpt>
<trkpt lat="44.221998" lon="-76.622667"><ele>45.0</ele><time>2021-08-06T23:27:32Z</time></trkpt>
<trkpt lat="44.222002" lon="-76.622658"><ele>45.0</ele><time>2021-08-06T23:27:33Z</time></trkpt>
<trkpt lat="44.222005" lon="-76.622649"><ele>45.0</ele><time>2021-08-06T23:27:34Z</time></trkpt>
<trkpt lat="44.222005" lon="-76.622649"><ele>45.0</ele><time>2021-08-06T23:27:35Z</time></trkpt>
<trkpt lat="44.222008" lon="-76.62264"><ele>45.0</ele><time>2021-08-06T23:27:36Z</time></trkpt>
<trkpt lat="44.222008" lon="-76.62264"><ele>45.0</ele><time>2021-08-06T23:27:37Z</time></trkpt>
<trkpt lat="44.222011" lon="-76.622631"><ele>45.0</ele><time>2021-08-06T23:27:38Z</time></trkpt>
<trkpt lat="44.222014" lon="-76.622631"><ele>45.0</ele><time>2021-08-06T23:27:39Z</time></trkpt>
<trkpt lat="44.222018" lon="-76.622622"><ele>45.0</ele><time>2021-08-06T23:27:40Z</time></trkpt>
<trkpt lat="44.222018" lon="-76.622622"><ele>45.0</ele><time>2021-08-06T23:27:41Z</time></trkpt>
<trkpt lat="44.222021" lon="-76.622613"><ele>45.0</ele><time>2021-08-06T23:27:42Z</time></trkpt>
<trkpt lat="44.222024" lon="-76.622613"><ele>45.0</ele><time>2021-08-06T23:27:43Z</time></trkpt>
<trkpt lat="44.222024" lon="-76.622604"><ele>45.0</ele><time>2021-08-06T23:27:44Z</time></trkpt>
<trkpt lat="44.222027" lon="-76.622595"><ele>45.0</ele><time>2021-08-06T23:27:45Z</time></trkpt>
<trkpt lat="44.222031" lon="-76.622595"><ele>45.0</ele><time>2021-08-06T23:27:46Z</time></trkpt>
<trkpt lat="44.222031" lon="-76.622595"><ele>45.0</ele><time>2021-08-06T23:27:47Z</time></trkpt>
<trkpt lat="44.222031" lon="-76.622586"><ele>45.0</ele><time>2021-08-06T23:27:48Z</time></trkpt>
<trkpt lat="44.222034" lon="-76.622586"><ele>45.0</ele><time>2021-08-06T23:27:49Z</time></trkpt>
<trkpt lat="44.222034" lon="-76.622577"><ele>45.0</ele><time>2021-08-06T23:27:50Z</time></trkpt>
<trkpt lat="44.222037" lon="-76.622577"><ele>45.0</ele><time>2021-08-06T23:27:51Z</time></trkpt>
<trkpt lat="44.22204" lon="-76.622568"><ele>45.0</ele><time>2021-08-06T23:27:52Z</time></trkpt>
<trkpt lat="44.222044" lon="-76.622568"><ele>45.0</ele><time>2021-08-06T23:27:53Z</time></trkpt>
<trkpt lat="44.222047" lon="-76.622559"><ele>45.0</ele><time>2021-08-06T23:27:54Z</time></trkpt>
<trkpt lat="44.22205" lon="-76.622559"><ele>45.0</ele><time>2021-08-06T23:27:55Z</time></trkpt>
<trkpt lat="44.222053" lon="-76.62255"><ele>45.0</ele><time>2021-08-06T23:27:56Z</time></trkpt>
<trkpt lat="44.222056" lon="-76.622541"><ele>45.0</ele><time>2021-08-06T23:27:57Z</time></trkpt>
<trkpt lat="44.22206" lon="-76.622541"><ele>45.0</ele><time>2021-08-06T23:27:58Z</time></trkpt>
<trkpt lat="44.222063" lon="-76.622532"><ele>45.0</ele><time>2021-08-06T23:27:59Z</time></trkpt>
<trkpt lat="44.222066" lon="-76.622532"><ele>45.0</ele><time>2021-08-06T23:28:00Z</time></trkpt>
<trkpt lat="44.222073" lon="-76.622523"><ele>44.0</ele><time>2021-08-06T23:28:01Z</time></trkpt>
<trkpt lat="44.222076" lon="-76.622523"><ele>45.0</ele><time>2021-08-06T23:28:02Z</time></trkpt>
<trkpt lat="44.222079" lon="-76.622514"><ele>45.0</ele><time>2021-08-06T23:28:03Z</time></trkpt>
<trkpt lat="44.222082" lon="-76.622514"><ele>45.0</ele><time>2021-08-06T23:28:04Z</time></trkpt>
<trkpt lat="44.222086" lon="-76.622505"><ele>45.0</ele><time>2021-08-06T23:28:05Z</time></trkpt>
<trkpt lat="44.222089" lon="-76.622505"><ele>45.0</ele><time>2021-08-06T23:28:06Z</time></trkpt>
<trkpt lat="44.222092" lon="-76.622496"><ele>45.0</ele><time>2021-08-06T23:28:07Z</time></trkpt>
<trkpt lat="44.222095" lon="-76.622496"><ele>44.0</ele><time>2021-08-06T23:28:08Z</time></trkpt>
<trkpt lat="44.222098" lon="-76.622487"><ele>44.0</ele><time>2021-08-06T23:28:09Z</time></trkpt>
<trkpt lat="44.222098" lon="-76.622487"><ele>44.0</ele><time>2021-08-06T23:28:10Z</time></trkpt>
<trkpt lat="44.222102" lon="-76.622478"><ele>44.0</ele><time>2021-08-06T23:28:11Z</time></trkpt>
<trkpt lat="44.222105" lon="-76.622478"><ele>44.0</ele><time>2021-08-06T23:28:12Z</time></trkpt>
<trkpt lat="44.222108" lon="-76.622469"><ele>44.0</ele><time>2021-08-06T23:28:13Z</time></trkpt>
<trkpt lat="44.222111" lon="-76.622469"><ele>44.0</ele><time>2021-08-06T23:28:14Z</time></trkpt>
<trkpt lat="44.222115" lon="-76.62246"><ele>44.0</ele><time>2021-08-06T23:28:15Z</time></trkpt>
<trkpt lat="44.222118" lon="-76.62246"><ele>44.0</ele><time>2021-08-06T23:28:16Z</time></trkpt>
<trkpt lat="44.222121" lon="-76.622451"><ele>44.0</ele><time>2021-08-06T23:28:17Z</time></trkpt>
<trkpt lat="44.222124" lon="-76.622451"><ele>44.0</ele><time>2021-08-06T23:28:18Z</time></trkpt>
<trkpt lat="44.222128" lon="-76.622442"><ele>44.0</ele><time>2021-08-06T23:28:19Z</time></trkpt>
<trkpt lat="44.222131" lon="-76.622442"><ele>44.0</ele><time>2021-08-06T23:28:20Z</time></trkpt>
<trkpt lat="44.222134" lon="-76.622442"><ele>44.0</ele><time>2021-08-06T23:28:21Z</time></trkpt>
<trkpt lat="44.222137" lon="-76.622433"><ele>44.0</ele><time>2021-08-06T23:28:22Z</time></trkpt>
<trkpt lat="44.22214" lon="-76.622433"><ele>44.0</ele><time>2021-08-06T23:28:23Z</time></trkpt>
<trkpt lat="44.222144" lon="-76.622424"><ele>44.0</ele><time>2021-08-06T23:28:24Z</time></trkpt>
<trkpt lat="44.222147" lon="-76.622416"><ele>44.0</ele><time>2021-08-06T23:28:25Z</time></trkpt>
<trkpt lat="44.22215" lon="-76.622416"><ele>44.0</ele><time>2021-08-06T23:28:26Z</time></trkpt>
<trkpt lat="44.222153" lon="-76.622407"><ele>44.0</ele><time>2021-08-06T23:28:27Z</time></trkpt>
<trkpt lat="44.222157" lon="-76.622407"><ele>44.0</ele><time>2021-08-06T23:28:28Z</time></trkpt>
<trkpt lat="44.22216" lon="-76.622398"><ele>44.0</ele><time>2021-08-06T23:28:29Z</time></trkpt>
<trkpt lat="44.222163" lon="-76.622389"><ele>44.0</ele><time>2021-08-06T23:28:30Z</time></trkpt>
<trkpt lat="44.222166" lon="-76.622389"><ele>44.0</ele><time>2021-08-06T23:28:31Z</time></trkpt>
<trkpt lat="44.22217" lon="-76.62238"><ele>44.0</ele><time>2021-08-06T23:28:32Z</time></trkpt>
<trkpt lat="44.222173" lon="-76.62238"><ele>44.0</ele><time>2021-08-06T23:28:33Z</time></trkpt>
<trkpt lat="44.222176" lon="-76.622371"><ele>44.0</ele><time>2021-08-06T23:28:34Z</time></trkpt>
<trkpt lat="44.222176" lon="-76.622362"><ele>44.0</ele><time>2021-08-06T23:28:35Z</time></trkpt>
<trkpt lat="44.222182" lon="-76.622362"><ele>43.0</ele><time>2021-08-06T23:28:36Z</time></trkpt>
<trkpt lat="44.222186" lon="-76.622353"><ele>43.0</ele><time>2021-08-06T23:28:37Z</time></trkpt>
<trkpt lat="44.222189" lon="-76.622353"><ele>44.0</ele><time>2021-08-06T23:28:38Z</time></trkpt>
<trkpt lat="44.222192" lon="-76.622344"><ele>43.0</ele><time>2021-08-06T23:28:39Z</time></trkpt>
<trkpt lat="44.222195" lon="-76.622344"><ele>43.0</ele><time>2021-08-06T23:28:40Z</time></trkpt>
<trkpt lat="44.222199" lon="-76.622335"><ele>43.0</ele><time>2021-08-06T23:28:41Z</time></trkpt>
<trkpt lat="44.222202" lon="-76.622326"><ele>43.0</ele><time>2021-08-06T23:28:42Z</time></trkpt>
<trkpt lat="44.222202" lon="-76.622326"><ele>44.0</ele><time>2021-08-06T23:28:43Z</time></trkpt>
<trkpt lat="44.222205" lon="-76.622317"><ele>44.0</ele><time>2021-08-06T23:28:44Z</time></trkpt>
<trkpt lat="44.222208" lon="-76.622317"><ele>44.0</ele><time>2021-08-06T23:28:45Z</time></trkpt>
<trkpt lat="44.222208" lon="-76.622308"><ele>44.0</ele><time>2021-08-06T23:28:46Z</time></trkpt>
<trkpt lat="44.222212" lon="-76.622299"><ele>44.0</ele><time>2021-08-06T23:28:47Z</time></trkpt>
<trkpt lat="44.222215" lon="-76.622299"><ele>44.0</ele><time>2021-08-06T23:28:48Z</time></trkpt>
<trkpt lat="44.222215" lon="-76.62229"><ele>44.0</ele><time>2021-08-06T23:28:49Z</time></trkpt>
<trkpt lat="44.222218" lon="-76.622281"><ele>44.0</ele><time>2021-08-06T23:28:50Z</time></trkpt>
<trkpt lat="44.222221" lon="-76.622272"><ele>45.0</ele><time>2021-08-06T23:28:51Z</time></trkpt>
<trkpt lat="44.222224" lon="-76.622272"><ele>45.0</ele><time>2021-08-06T23:28:52Z</time></trkpt>
<trkpt lat="44.222228" lon="-76.622263"><ele>45.0</ele><time>2021-08-06T23:28:53Z</time></trkpt>
<trkpt lat="44.222231" lon="-76.622254"><ele>44.0</ele><time>2021-08-06T23:28:54Z</time></trkpt>
<trkpt lat="44.222234" lon="-76.622254"><ele>44.0</ele><time>2021-08-06T23:28:55Z</time></trkpt>
<trkpt lat="44.222237" lon="-76.622245"><ele>44.0</ele><time>2021-08-06T23:28:56Z</time></trkpt>
<trkpt lat="44.222241" lon="-76.622245"><ele>45.0</ele><time>2021-08-06T23:28:57Z</time></trkpt>
<trkpt lat="44.222244" lon="-76.622236"><ele>44.0</ele><time>2021-08-06T23:28:58Z</time></trkpt>
<trkpt lat="44.222244" lon="-76.622236"><ele>44.0</ele><time>2021-08-06T23:28:59Z</time></trkpt>
<trkpt lat="44.222247" lon="-76.622227"><ele>44.0</ele><time>2021-08-06T23:29:00Z</time></trkpt>
<trkpt lat="44.22225" lon="-76.622227"><ele>44.0</ele><time>2021-08-06T23:29:01Z</time></trkpt>
<trkpt lat="44.222254" lon="-76.622218"><ele>44.0</ele><time>2021-08-06T23:29:02Z</time></trkpt>
<trkpt lat="44.222257" lon="-76.622218"><ele>44.0</ele><time>2021-08-06T23:29:03Z</time></trkpt>
<trkpt lat="44.22226" lon="-76.622218"><ele>44.0</ele><time>2021-08-06T23:29:04Z</time></trkpt>
<trkpt lat="44.222263" lon="-76.622209"><ele>44.0</ele><time>2021-08-06T23:29:05Z</time></trkpt>
<trkpt lat="44.222266" lon="-76.622209"><ele>44.0</ele><time>2021-08-06T23:29:06Z</time></trkpt>
<trkpt lat="44.222273" lon="-76.6222"><ele>44.0</ele><time>2021-08-06T23:29:07Z</time></trkpt>
<trkpt lat="44.222276" lon="-76.6222"><ele>44.0</ele><time>2021-08-06T23:29:08Z</time></trkpt>
<trkpt lat="44.222279" lon="-76.622191"><ele>43.0</ele><time>2021-08-06T23:29:09Z</time></trkpt>
<trkpt lat="44.222283" lon="-76.622191"><ele>43.0</ele><time>2021-08-06T23:29:10Z</time></trkpt>
<trkpt lat="44.222286" lon="-76.622182"><ele>43.0</ele><time>2021-08-06T23:29:11Z</time></trkpt>
<trkpt lat="44.222289" lon="-76.622182"><ele>43.0</ele><time>2021-08-06T23:29:12Z</time></trkpt>
<trkpt lat="44.222289" lon="-76.622173"><ele>43.0</ele><time>2021-08-06T23:29:13Z</time></trkpt>
<trkpt lat="44.222292" lon="-76.622164"><ele>43.0</ele><time>2021-08-06T23:29:14Z</time></trkpt>
<trkpt lat="44.222295" lon="-76.622164"><ele>44.0</ele><time>2021-08-06T23:29:15Z</time></trkpt>
<trkpt lat="44.222299" lon="-76.622155"><ele>44.0</ele><time>2021-08-06T23:29:16Z</time></trkpt>
<trkpt lat="44.222302" lon="-76.622146"><ele>44.0</ele><time>2021-08-06T23:29:17Z</time></trkpt>
<trkpt lat="44.222302" lon="-76.622146"><ele>44.0</ele><time>2021-08-06T23:29:18Z</time></trkpt>
<trkpt lat="44.222305" lon="-76.622137"><ele>43.0</ele><time>2021-08-06T23:29:19Z</time></trkpt>
<trkpt lat="44.222308" lon="-76.622137"><ele>44.0</ele><time>2021-08-06T23:29:20Z</time></trkpt>
<trkpt lat="44.222312" lon="-76.622128"><ele>44.0</ele><time>2021-08-06T23:29:21Z</time></trkpt>
<trkpt lat="44.222315" lon="-76.622128"><ele>44.0</ele><time>2021-08-06T23:29:22Z</time></trkpt>
<trkpt lat="44.222318" lon="-76.622119"><ele>44.0</ele><time>2021-08-06T23:29:23Z</time></trkpt>
<trkpt lat="44.222321" lon="-76.622119"><ele>44.0</ele><time>2021-08-06T23:29:24Z</time></trkpt>
<trkpt lat="44.222325" lon="-76.62211"><ele>44.0</ele><time>2021-08-06T23:29:25Z</time></trkpt>
<trkpt lat="44.222328" lon="-76.62211"><ele>44.0</ele><time>2021-08-06T23:29:26Z</time></trkpt>
<trkpt lat="44.222331" lon="-76.622101"><ele>44.0</ele><time>2021-08-06T23:29:27Z</time></trkpt>
<trkpt lat="44.222334" lon="-76.622092"><ele>44.0</ele><time>2021-08-06T23:29:28Z</time></trkpt>
<trkpt lat="44.222337" lon="-76.622092"><ele>44.0</ele><time>2021-08-06T23:29:29Z</time></trkpt>
<trkpt lat="44.222341" lon="-76.622083"><ele>44.0</ele><time>2021-08-06T23:29:30Z</time></trkpt>
<trkpt lat="44.222344" lon="-76.622083"><ele>44.0</ele><time>2021-08-06T23:29:31Z</time></trkpt>
<trkpt lat="44.22235" lon="-76.622074"><ele>44.0</ele><time>2021-08-06T23:29:32Z</time></trkpt>
<trkpt lat="44.222354" lon="-76.622074"><ele>44.0</ele><time>2021-08-06T23:29:33Z</time></trkpt>
<trkpt lat="44.222357" lon="-76.622065"><ele>43.0</ele><time>2021-08-06T23:29:34Z</time></trkpt>
<trkpt lat="44.22236" lon="-76.622065"><ele>43.0</ele><time>2021-08-06T23:29:35Z</time></trkpt>
<trkpt lat="44.22236" lon="-76.622056"><ele>43.0</ele><time>2021-08-06T23:29:36Z</time></trkpt>
<trkpt lat="44.222367" lon="-76.622056"><ele>44.0</ele><time>2021-08-06T23:29:37Z</time></trkpt>
<trkpt lat="44.222373" lon="-76.622047"><ele>44.0</ele><time>2021-08-06T23:29:38Z</time></trkpt>
<trkpt lat="44.222376" lon="-76.622047"><ele>43.0</ele><time>2021-08-06T23:29:39Z</time></trkpt>
<trkpt lat="44.222379" lon="-76.622038"><ele>43.0</ele><time>2021-08-06T23:29:40Z</time></trkpt>
<trkpt lat="44.222383" lon="-76.622038"><ele>43.0</ele><time>2021-08-06T23:29:41Z</time></trkpt>
<trkpt lat="44.222386" lon="-76.622029"><ele>44.0</ele><time>2021-08-06T23:29:42Z</time></trkpt>
<trkpt lat="44.222389" lon="-76.622029"><ele>44.0</ele><time>2021-08-06T23:29:43Z</time></trkpt>
<trkpt lat="44.222392" lon="-76.62202"><ele>44.0</ele><time>2021-08-06T23:29:44Z</time></trkpt>
<trkpt lat="44.222392" lon="-76.622011"><ele>43.0</ele><time>2021-08-06T23:29:45Z</time></trkpt>
<trkpt lat="44.222396" lon="-76.622011"><ele>44.0</ele><time>2021-08-06T23:29:46Z</time></trkpt>
<trkpt lat="44.222399" lon="-76.622002"><ele>43.0</ele><time>2021-08-06T23:29:47Z</time></trkpt>
<trkpt lat="44.222402" lon="-76.621993"><ele>44.0</ele><time>2021-08-06T23:29:48Z</time></trkpt>
<trkpt lat="44.222405" lon="-76.621984"><ele>44.0</ele><time>2021-08-06T23:29:49Z</time></trkpt>
<trkpt lat="44.222409" lon="-76.621975"><ele>44.0</ele><time>2021-08-06T23:29:50Z</time></trkpt>
<trkpt lat="44.222412" lon="-76.621975"><ele>44.0</ele><time>2021-08-06T23:29:51Z</time></trkpt>
<trkpt lat="44.222415" lon="-76.621966"><ele>45.0</ele><time>2021-08-06T23:29:52Z</time></trkpt>
<trkpt lat="44.222418" lon="-76.621957"><ele>44.0</ele><time>2021-08-06T23:29:53Z</time></trkpt>
<trkpt lat="44.222418" lon="-76.621957"><ele>44.0</ele><time>2021-08-06T23:29:54Z</time></trkpt>
<trkpt lat="44.222421" lon="-76.621948"><ele>45.0</ele><time>2021-08-06T23:29:55Z</time></trkpt>
<trkpt lat="44.222425" lon="-76.621939"><ele>44.0</ele><time>2021-08-06T23:29:56Z</time></trkpt>
<trkpt lat="44.222425" lon="-76.621939"><ele>45.0</ele><time>2021-08-06T23:29:57Z</time></trkpt>
<trkpt lat="44.222428" lon="-76.62193"><ele>45.0</ele><time>2021-08-06T23:29:58Z</time></trkpt>
<trkpt lat="44.222428" lon="-76.62193"><ele>45.0</ele><time>2021-08-06T23:29:59Z</time></trkpt>
<trkpt lat="44.222431" lon="-76.621921"><ele>45.0</ele><time>2021-08-06T23:30:00Z</time></trkpt>
<trkpt lat="44.222434" lon="-76.621912"><ele>45.0</ele><time>2021-08-06T23:30:01Z</time></trkpt>
<trkpt lat="44.222438" lon="-76.621912"><ele>45.0</ele><time>2021-08-06T23:30:02Z</time></trkpt>
<trkpt lat="44.222441" lon="-76.621903"><ele>45.0</ele><time>2021-08-06T23:30:03Z</time></trkpt>
<trkpt lat="44.222441" lon="-76.621895"><ele>45.0</ele><time>2021-08-06T23:30:04Z</time></trkpt>
<trkpt lat="44.222444" lon="-76.621895"><ele>45.0</ele><time>2021-08-06T23:30:05Z</time></trkpt>
<trkpt lat="44.222447" lon="-76.621886"><ele>45.0</ele><time>2021-08-06T23:30:06Z</time></trkpt>
<trkpt lat="44.222451" lon="-76.621877"><ele>45.0</ele><time>2021-08-06T23:30:07Z</time></trkpt>
<trkpt lat="44.222454" lon="-76.621877"><ele>45.0</ele><time>2021-08-06T23:30:08Z</time></trkpt>
<trkpt lat="44.222454" lon="-76.621868"><ele>45.0</ele><time>2021-08-06T23:30:09Z</time></trkpt>
<trkpt lat="44.22246" lon="-76.621868"><ele>46.0</ele><time>2021-08-06T23:30:10Z</time></trkpt>
<trkpt lat="44.222467" lon="-76.621868"><ele>46.0</ele><time>2021-08-06T23:30:11Z</time></trkpt>
<trkpt lat="44.222473" lon="-76.621868"><ele>46.0</ele><time>2021-08-06T23:30:12Z</time></trkpt>
<trkpt lat="44.22248" lon="-76.621868"><ele>45.0</ele><time>2021-08-06T23:30:13Z</time></trkpt>
<trkpt lat="44.222483" lon="-76.621859"><ele>45.0</ele><time>2021-08-06T23:30:14Z</time></trkpt>
<trkpt lat="44.222486" lon="-76.62185"><ele>44.0</ele><time>2021-08-06T23:30:15Z</time></trkpt>
<trkpt lat="44.222489" lon="-76.62185"><ele>44.0</ele><time>2021-08-06T23:30:16Z</time></trkpt>
<trkpt lat="44.222493" lon="-76.621841"><ele>43.0</ele><time>2021-08-06T23:30:17Z</time></trkpt>
<trkpt lat="44.222496" lon="-76.621841"><ele>44.0</ele><time>2021-08-06T23:30:18Z</time></trkpt>
<trkpt lat="44.222496" lon="-76.621841"><ele>43.0</ele><time>2021-08-06T23:30:19Z</time></trkpt>
<trkpt lat="44.222499" lon="-76.621832"><ele>43.0</ele><time>2021-08-06T23:30:20Z</time></trkpt>
<trkpt lat="44.222502" lon="-76.621832"><ele>43.0</ele><time>2021-08-06T23:30:21Z</time></trkpt>
<trkpt lat="44.222505" lon="-76.621823"><ele>43.0</ele><time>2021-08-06T23:30:22Z</time></trkpt>
<trkpt lat="44.222509" lon="-76.621814"><ele>44.0</ele><time>2021-08-06T23:30:23Z</time></trkpt>
<trkpt lat="44.222512" lon="-76.621805"><ele>43.0</ele><time>2021-08-06T23:30:24Z</time></trkpt>
<trkpt lat="44.222515" lon="-76.621805"><ele>44.0</ele><time>2021-08-06T23:30:25Z</time></trkpt>
<trkpt lat="44.222518" lon="-76.621796"><ele>44.0</ele><time>2021-08-06T23:30:26Z</time></trkpt>
<trkpt lat="44.222522" lon="-76.621787"><ele>44.0</ele><time>2021-08-06T23:30:27Z</time></trkpt>
<trkpt lat="44.222525" lon="-76.621787"><ele>44.0</ele><time>2021-08-06T23:30:28Z</time></trkpt>
<trkpt lat="44.222531" lon="-76.621778"><ele>45.0</ele><time>2021-08-06T23:30:29Z</time></trkpt>
<trkpt lat="44.222535" lon="-76.621769"><ele>45.0</ele><time>2021-08-06T23:30:30Z</time></trkpt>
<trkpt lat="44.222538" lon="-76.62176"><ele>45.0</ele><time>2021-08-06T23:30:31Z</time></trkpt>
<trkpt lat="44.222541" lon="-76.62176"><ele>44.0</ele><time>2021-08-06T23:30:32Z</time></trkpt>
<trkpt lat="44.222544" lon="-76.621751"><ele>44.0</ele><time>2021-08-06T23:30:33Z</time></trkpt>
<trkpt lat="44.222544" lon="-76.621751"><ele>44.0</ele><time>2021-08-06T23:30:34Z</time></trkpt>
<trkpt lat="44.222544" lon="-76.621751"><ele>44.0</ele><time>2021-08-06T23:30:35Z</time></trkpt>
<trkpt lat="44.222547" lon="-76.621742"><ele>44.0</ele><time>2021-08-06T23:30:36Z</time></trkpt>
<trkpt lat="44.222551" lon="-76.621733"><ele>44.0</ele><time>2021-08-06T23:30:37Z</time></trkpt>
<trkpt lat="44.222551" lon="-76.621724"><ele>44.0</ele><time>2021-08-06T23:30:38Z</time></trkpt>
<trkpt lat="44.222554" lon="-76.621724"><ele>45.0</ele><time>2021-08-06T23:30:39Z</time></trkpt>
<trkpt lat="44.22256" lon="-76.621715"><ele>44.0</ele><time>2021-08-06T23:30:40Z</time></trkpt>
<trkpt lat="44.222564" lon="-76.621706"><ele>44.0</ele><time>2021-08-06T23:30:41Z</time></trkpt>
<trkpt lat="44.222567" lon="-76.621706"><ele>44.0</ele><time>2021-08-06T23:30:42Z</time></trkpt>
<trkpt lat="44.22257" lon="-76.621697"><ele>43.0</ele><time>2021-08-06T23:30:43Z</time></trkpt>
<trkpt lat="44.222573" lon="-76.621697"><ele>44.0</ele><time>2021-08-06T23:30:44Z</time></trkpt>
<trkpt lat="44.222576" lon="-76.621688"><ele>44.0</ele><time>2021-08-06T23:30:45Z</time></trkpt>
<trkpt lat="44.22258" lon="-76.621679"><ele>44.0</ele><time>2021-08-06T23:30:46Z</time></trkpt>
<trkpt lat="44.222583" lon="-76.62167"><ele>44.0</ele><time>2021-08-06T23:30:47Z</time></trkpt>
<trkpt lat="44.222586" lon="-76.62167"><ele>43.0</ele><time>2021-08-06T23:30:48Z</time></trkpt>
<trkpt lat="44.222586" lon="-76.621661"><ele>44.0</ele><time>2021-08-06T23:30:49Z</time></trkpt>
<trkpt lat="44.222589" lon="-76.621652"><ele>43.0</ele><time>2021-08-06T23:30:50Z</time></trkpt>
<trkpt lat="44.222593" lon="-76.621643"><ele>43.0</ele><time>2021-08-06T23:30:51Z</time></trkpt>
<trkpt lat="44.222596" lon="-76.621634"><ele>43.0</ele><time>2021-08-06T23:30:52Z</time></trkpt>
<trkpt lat="44.222599" lon="-76.621634"><ele>43.0</ele><time>2021-08-06T23:30:53Z</time></trkpt>
<trkpt lat="44.222599" lon="-76.621634"><ele>43.0</ele><time>2021-08-06T23:30:54Z</time></trkpt>
<trkpt lat="44.222602" lon="-76.621625"><ele>43.0</ele><time>2021-08-06T23:30:55Z</time></trkpt>
<trkpt lat="44.222606" lon="-76.621616"><ele>43.0</ele><time>2021-08-06T23:30:56Z</time></trkpt>
<trkpt lat="44.222609" lon="-76.621616"><ele>43.0</ele><time>2021-08-06T23:30:57Z</time></trkpt>
<trkpt lat="44.222612" lon="-76.621607"><ele>44.0</ele><time>2021-08-06T23:30:58Z</time></trkpt>
<trkpt lat="44.222612" lon="-76.621598"><ele>44.0</ele><time>2021-08-06T23:30:59Z</time></trkpt>
<trkpt lat="44.222612" lon="-76.621598"><ele>44.0</ele><time>2021-08-06T23:31:00Z</time></trkpt>
<trkpt lat="44.222612" lon="-76.621589"><ele>43.0</ele><time>2021-08-06T23:31:01Z</time></trkpt>
<trkpt lat="44.222615" lon="-76.621589"><ele>44.0</ele><time>2021-08-06T23:31:02Z</time></trkpt>
<trkpt lat="44.222615" lon="-76.62158"><ele>43.0</ele><time>2021-08-06T23:31:03Z</time></trkpt>
<trkpt lat="44.222618" lon="-76.62158"><ele>44.0</ele><time>2021-08-06T23:31:04Z</time></trkpt>
<trkpt lat="44.222618" lon="-76.621571"><ele>44.0</ele><time>2021-08-06T23:31:05Z</time></trkpt>
<trkpt lat="44.222622" lon="-76.621571"><ele>44.0</ele><time>2021-08-06T23:31:06Z</time></trkpt>
<trkpt lat="44.222622" lon="-76.621571"><ele>44.0</ele><time>2021-08-06T23:31:07Z</time></trkpt>
<trkpt lat="44.222625" lon="-76.621571"><ele>44.0</ele><time>2021-08-06T23:31:07Z</time></trkpt>
<trkpt lat="44.222625" lon="-76.621562"><ele>44.0</ele><time>2021-08-06T23:31:08Z</time></trkpt>
<trkpt lat="44.222628" lon="-76.621562"><ele>45.0</ele><time>2021-08-06T23:31:09Z</time></trkpt>
<trkpt lat="44.222631" lon="-76.621553"><ele>45.0</ele><time>2021-08-06T23:31:10Z</time></trkpt>
<trkpt lat="44.222635" lon="-76.621553"><ele>45.0</ele><time>2021-08-06T23:31:11Z</time></trkpt>
<trkpt lat="44.222638" lon="-76.621553"><ele>46.0</ele><time>2021-08-06T23:31:12Z</time></trkpt>
<trkpt lat="44.222641" lon="-76.621544"><ele>46.0</ele><time>2021-08-06T23:31:13Z</time></trkpt>
<trkpt lat="44.222648" lon="-76.621535"><ele>46.0</ele><time>2021-08-06T23:31:14Z</time></trkpt>
<trkpt lat="44.222651" lon="-76.621526"><ele>46.0</ele><time>2021-08-06T23:31:15Z</time></trkpt>
<trkpt lat="44.222654" lon="-76.621517"><ele>46.0</ele><time>2021-08-06T23:31:16Z</time></trkpt>
<trkpt lat="44.222657" lon="-76.621508"><ele>46.0</ele><time>2021-08-06T23:31:17Z</time></trkpt>
<trkpt lat="44.222657" lon="-76.621508"><ele>46.0</ele><time>2021-08-06T23:31:18Z</time></trkpt>
<trkpt lat="44.22266" lon="-76.621508"><ele>46.0</ele><time>2021-08-06T23:31:19Z</time></trkpt>
<trkpt lat="44.22266" lon="-76.621499"><ele>46.0</ele><time>2021-08-06T23:31:20Z</time></trkpt>
<trkpt lat="44.22267" lon="-76.62149"><ele>46.0</ele><time>2021-08-06T23:31:21Z</time></trkpt>
<trkpt lat="44.222683" lon="-76.621481"><ele>46.0</ele><time>2021-08-06T23:31:22Z</time></trkpt>
<trkpt lat="44.222686" lon="-76.621472"><ele>46.0</ele><time>2021-08-06T23:31:23Z</time></trkpt>
<trkpt lat="44.22269" lon="-76.621472"><ele>46.0</ele><time>2021-08-06T23:31:24Z</time></trkpt>
<trkpt lat="44.222693" lon="-76.621472"><ele>46.0</ele><time>2021-08-06T23:31:25Z</time></trkpt>
<trkpt lat="44.222696" lon="-76.621463"><ele>46.0</ele><time>2021-08-06T23:31:26Z</time></trkpt>
<trkpt lat="44.222699" lon="-76.621463"><ele>46.0</ele><time>2021-08-06T23:31:27Z</time></trkpt>
<trkpt lat="44.222702" lon="-76.621454"><ele>46.0</ele><time>2021-08-06T23:31:28Z</time></trkpt>
<trkpt lat="44.222706" lon="-76.621454"><ele>46.0</ele><time>2021-08-06T23:31:29Z</time></trkpt>
<trkpt lat="44.222706" lon="-76.621445"><ele>46.0</ele><time>2021-08-06T23:31:30Z</time></trkpt>
<trkpt lat="44.222712" lon="-76.621445"><ele>46.0</ele><time>2021-08-06T23:31:31Z</time></trkpt>
<trkpt lat="44.222715" lon="-76.621436"><ele>45.0</ele><time>2021-08-06T23:31:32Z</time></trkpt>
<trkpt lat="44.222719" lon="-76.621436"><ele>45.0</ele><time>2021-08-06T23:31:33Z</time></trkpt>
<trkpt lat="44.222722" lon="-76.621427"><ele>45.0</ele><time>2021-08-06T23:31:34Z</time></trkpt>
<trkpt lat="44.222728" lon="-76.621427"><ele>44.0</ele><time>2021-08-06T23:31:35Z</time></trkpt>
<trkpt lat="44.222732" lon="-76.621418"><ele>44.0</ele><time>2021-08-06T23:31:36Z</time></trkpt>
<trkpt lat="44.222735" lon="-76.621418"><ele>45.0</ele><time>2021-08-06T23:31:37Z</time></trkpt>
<trkpt lat="44.222735" lon="-76.621418"><ele>45.0</ele><time>2021-08-06T23:31:38Z</time></trkpt>
<trkpt lat="44.222738" lon="-76.621418"><ele>45.0</ele><time>2021-08-06T23:31:39Z</time></trkpt>
<trkpt lat="44.222744" lon="-76.621409"><ele>45.0</ele><time>2021-08-06T23:31:40Z</time></trkpt>
<trkpt lat="44.222748" lon="-76.621409"><ele>45.0</ele><time>2021-08-06T23:31:41Z</time></trkpt>
<trkpt lat="44.222751" lon="-76.6214"><ele>45.0</ele><time>2021-08-06T23:31:42Z</time></trkpt>
<trkpt lat="44.222754" lon="-76.6214"><ele>45.0</ele><time>2021-08-06T23:31:43Z</time></trkpt>
<trkpt lat="44.222757" lon="-76.621391"><ele>45.0</ele><time>2021-08-06T23:31:44Z</time></trkpt>
<trkpt lat="44.222761" lon="-76.621391"><ele>44.0</ele><time>2021-08-06T23:31:45Z</time></trkpt>
<trkpt lat="44.222761" lon="-76.621382"><ele>45.0</ele><time>2021-08-06T23:31:46Z</time></trkpt>
<trkpt lat="44.222761" lon="-76.621374"><ele>45.0</ele><time>2021-08-06T23:31:47Z</time></trkpt>
<trkpt lat="44.222764" lon="-76.621374"><ele>45.0</ele><time>2021-08-06T23:31:48Z</time></trkpt>
<trkpt lat="44.222764" lon="-76.621365"><ele>45.0</ele><time>2021-08-06T23:31:49Z</time></trkpt>
<trkpt lat="44.222764" lon="-76.621356"><ele>45.0</ele><time>2021-08-06T23:31:50Z</time></trkpt>
<trkpt lat="44.222764" lon="-76.621356"><ele>45.0</ele><time>2021-08-06T23:31:51Z</time></trkpt>
<trkpt lat="44.222767" lon="-76.621356"><ele>45.0</ele><time>2021-08-06T23:31:52Z</time></trkpt>
<trkpt lat="44.222767" lon="-76.621347"><ele>45.0</ele><time>2021-08-06T23:31:53Z</time></trkpt>
<trkpt lat="44.22277" lon="-76.621338"><ele>46.0</ele><time>2021-08-06T23:31:54Z</time></trkpt>
<trkpt lat="44.22277" lon="-76.621338"><ele>46.0</ele><time>2021-08-06T23:31:55Z</time></trkpt>
<trkpt lat="44.222774" lon="-76.621329"><ele>46.0</ele><time>2021-08-06T23:31:56Z</time></trkpt>
<trkpt lat="44.222774" lon="-76.62132"><ele>46.0</ele><time>2021-08-06T23:31:57Z</time></trkpt>
<trkpt lat="44.22278" lon="-76.62132"><ele>45.0</ele><time>2021-08-06T23:31:58Z</time></trkpt>
<trkpt lat="44.222783" lon="-76.621311"><ele>45.0</ele><time>2021-08-06T23:31:59Z</time></trkpt>
<trkpt lat="44.222786" lon="-76.621311"><ele>45.0</ele><time>2021-08-06T23:32:00Z</time></trkpt>
<trkpt lat="44.22279" lon="-76.621302"><ele>45.0</ele><time>2021-08-06T23:32:01Z</time></trkpt>
<trkpt lat="44.22279" lon="-76.621293"><ele>45.0</ele><time>2021-08-06T23:32:02Z</time></trkpt>
<trkpt lat="44.222793" lon="-76.621293"><ele>44.0</ele><time>2021-08-06T23:32:03Z</time></trkpt>
<trkpt lat="44.222796" lon="-76.621284"><ele>44.0</ele><time>2021-08-06T23:32:04Z</time></trkpt>
<trkpt lat="44.222799" lon="-76.621275"><ele>44.0</ele><time>2021-08-06T23:32:05Z</time></trkpt>
<trkpt lat="44.222806" lon="-76.621275"><ele>44.0</ele><time>2021-08-06T23:32:06Z</time></trkpt>
<trkpt lat="44.222806" lon="-76.621266"><ele>45.0</ele><time>2021-08-06T23:32:07Z</time></trkpt>
<trkpt lat="44.222809" lon="-76.621266"><ele>44.0</ele><time>2021-08-06T23:32:08Z</time></trkpt>
<trkpt lat="44.222809" lon="-76.621257"><ele>44.0</ele><time>2021-08-06T23:32:09Z</time></trkpt>
<trkpt lat="44.222809" lon="-76.621257"><ele>44.0</ele><time>2021-08-06T23:32:10Z</time></trkpt>
<trkpt lat="44.222812" lon="-76.621248"><ele>45.0</ele><time>2021-08-06T23:32:11Z</time></trkpt>
<trkpt lat="44.222812" lon="-76.621248"><ele>45.0</ele><time>2021-08-06T23:32:12Z</time></trkpt>
<trkpt lat="44.222816" lon="-76.621239"><ele>44.0</ele><time>2021-08-06T23:32:13Z</time></trkpt>
<trkpt lat="44.222816" lon="-76.621239"><ele>45.0</ele><time>2021-08-06T23:32:14Z</time></trkpt>
<trkpt lat="44.222819" lon="-76.621239"><ele>45.0</ele><time>2021-08-06T23:32:15Z</time></trkpt>
<trkpt lat="44.222819" lon="-76.621239"><ele>45.0</ele><time>2021-08-06T23:32:16Z</time></trkpt>
<trkpt lat="44.222822" lon="-76.62123"><ele>45.0</ele><time>2021-08-06T23:32:17Z</time></trkpt>
<trkpt lat="44.222825" lon="-76.62123"><ele>45.0</ele><time>2021-08-06T23:32:18Z</time></trkpt>
<trkpt lat="44.222828" lon="-76.62123"><ele>46.0</ele><time>2021-08-06T23:32:19Z</time></trkpt>
<trkpt lat="44.222828" lon="-76.621221"><ele>46.0</ele><time>2021-08-06T23:32:20Z</time></trkpt>
<trkpt lat="44.222832" lon="-76.621221"><ele>46.0</ele><time>2021-08-06T23:32:21Z</time></trkpt>
<trkpt lat="44.222835" lon="-76.621212"><ele>46.0</ele><time>2021-08-06T23:32:22Z</time></trkpt>
<trkpt lat="44.222835" lon="-76.621212"><ele>46.0</ele><time>2021-08-06T23:32:23Z</time></trkpt>
<trkpt lat="44.222838" lon="-76.621203"><ele>45.0</ele><time>2021-08-06T23:32:24Z</time></trkpt>
<trkpt lat="44.222841" lon="-76.621194"><ele>45.0</ele><time>2021-08-06T23:32:25Z</time></trkpt>
<trkpt lat="44.222845" lon="-76.621194"><ele>45.0</ele><time>2021-08-06T23:32:26Z</time></trkpt>
<trkpt lat="44.222851" lon="-76.621185"><ele>45.0</ele><time>2021-08-06T23:32:27Z</time></trkpt>
<trkpt lat="44.222854" lon="-76.621185"><ele>45.0</ele><time>2021-08-06T23:32:28Z</time></trkpt>
<trkpt lat="44.222857" lon="-76.621185"><ele>46.0</ele><time>2021-08-06T23:32:29Z</time></trkpt>
<trkpt lat="44.222861" lon="-76.621176"><ele>46.0</ele><time>2021-08-06T23:32:30Z</time></trkpt>
<trkpt lat="44.222864" lon="-76.621176"><ele>45.0</ele><time>2021-08-06T23:32:31Z</time></trkpt>
<trkpt lat="44.222867" lon="-76.621167"><ele>45.0</ele><time>2021-08-06T23:32:32Z</time></trkpt>
<trkpt lat="44.22287" lon="-76.621167"><ele>45.0</ele><time>2021-08-06T23:32:33Z</time></trkpt>
<trkpt lat="44.222874" lon="-76.621167"><ele>46.0</ele><time>2021-08-06T23:32:34Z</time></trkpt>
<trkpt lat="44.222877" lon="-76.621158"><ele>45.0</ele><time>2021-08-06T23:32:35Z</time></trkpt>
<trkpt lat="44.22288" lon="-76.621158"><ele>45.0</ele><time>2021-08-06T23:32:36Z</time></trkpt>
<trkpt lat="44.222883" lon="-76.621158"><ele>45.0</ele><time>2021-08-06T23:32:37Z</time></trkpt>
<trkpt lat="44.222887" lon="-76.621149"><ele>45.0</ele><time>2021-08-06T23:32:38Z</time></trkpt>
<trkpt lat="44.22289" lon="-76.621149"><ele>45.0</ele><time>2021-08-06T23:32:39Z</time></trkpt>
<trkpt lat="44.22289" lon="-76.621149"><ele>45.0</ele><time>2021-08-06T23:32:40Z</time></trkpt>
<trkpt lat="44.222893" lon="-76.62114"><ele>45.0</ele><time>2021-08-06T23:32:41Z</time></trkpt>
<trkpt lat="44.222896" lon="-76.62114"><ele>45.0</ele><time>2021-08-06T23:32:42Z</time></trkpt>
<trkpt lat="44.222899" lon="-76.62114"><ele>44.0</ele><time>2021-08-06T23:32:43Z</time></trkpt>
<trkpt lat="44.222903" lon="-76.621131"><ele>44.0</ele><time>2021-08-06T23:32:44Z</time></trkpt>
<trkpt lat="44.222903" lon="-76.621131"><ele>44.0</ele><time>2021-08-06T23:32:45Z</time></trkpt>
<trkpt lat="44.222906" lon="-76.621131"><ele>44.0</ele><time>2021-08-06T23:32:46Z</time></trkpt>
<trkpt lat="44.222906" lon="-76.621131"><ele>44.0</ele><time>2021-08-06T23:32:47Z</time></trkpt>
<trkpt lat="44.222906" lon="-76.621131"><ele>44.0</ele><time>2021-08-06T23:32:48Z</time></trkpt>
<trkpt lat="44.222909" lon="-76.621131"><ele>44.0</ele><time>2021-08-06T23:32:49Z</time></trkpt>
<trkpt lat="44.222912" lon="-76.621131"><ele>44.0</ele><time>2021-08-06T23:32:50Z</time></trkpt>
<trkpt lat="44.222916" lon="-76.621122"><ele>43.0</ele><time>2021-08-06T23:32:51Z</time></trkpt>
<trkpt lat="44.222919" lon="-76.621122"><ele>43.0</ele><time>2021-08-06T23:32:52Z</time></trkpt>
<trkpt lat="44.222922" lon="-76.621113"><ele>43.0</ele><time>2021-08-06T23:32:53Z</time></trkpt>
<trkpt lat="44.222925" lon="-76.621113"><ele>43.0</ele><time>2021-08-06T23:32:54Z</time></trkpt>
<trkpt lat="44.222929" lon="-76.621104"><ele>43.0</ele><time>2021-08-06T23:32:55Z</time></trkpt>
<trkpt lat="44.222932" lon="-76.621104"><ele>43.0</ele><time>2021-08-06T23:32:56Z</time></trkpt>
<trkpt lat="44.222935" lon="-76.621095"><ele>43.0</ele><time>2021-08-06T23:32:57Z</time></trkpt>
<trkpt lat="44.222938" lon="-76.621095"><ele>43.0</ele><time>2021-08-06T23:32:58Z</time></trkpt>
<trkpt lat="44.222938" lon="-76.621095"><ele>43.0</ele><time>2021-08-06T23:32:59Z</time></trkpt>
<trkpt lat="44.222941" lon="-76.621086"><ele>43.0</ele><time>2021-08-06T23:33:00Z</time></trkpt>
<trkpt lat="44.222945" lon="-76.621086"><ele>43.0</ele><time>2021-08-06T23:33:01Z</time></trkpt>
<trkpt lat="44.222951" lon="-76.621077"><ele>43.0</ele><time>2021-08-06T23:33:02Z</time></trkpt>
<trkpt lat="44.222954" lon="-76.621068"><ele>43.0</ele><time>2021-08-06T23:33:03Z</time></trkpt>
<trkpt lat="44.222958" lon="-76.621068"><ele>43.0</ele><time>2021-08-06T23:33:04Z</time></trkpt>
<trkpt lat="44.222961" lon="-76.621059"><ele>43.0</ele><time>2021-08-06T23:33:05Z</time></trkpt>
<trkpt lat="44.222964" lon="-76.621059"><ele>43.0</ele><time>2021-08-06T23:33:06Z</time></trkpt>
<trkpt lat="44.222971" lon="-76.62105"><ele>43.0</ele><time>2021-08-06T23:33:07Z</time></trkpt>
<trkpt lat="44.222971" lon="-76.62105"><ele>43.0</ele><time>2021-08-06T23:33:08Z</time></trkpt>
<trkpt lat="44.222974" lon="-76.621041"><ele>43.0</ele><time>2021-08-06T23:33:09Z</time></trkpt>
<trkpt lat="44.222977" lon="-76.621041"><ele>43.0</ele><time>2021-08-06T23:33:10Z</time></trkpt>
<trkpt lat="44.22298" lon="-76.621032"><ele>43.0</ele><time>2021-08-06T23:33:11Z</time></trkpt>
<trkpt lat="44.222987" lon="-76.621032"><ele>43.0</ele><time>2021-08-06T23:33:12Z</time></trkpt>
<trkpt lat="44.22299" lon="-76.621023"><ele>42.0</ele><time>2021-08-06T23:33:13Z</time></trkpt>
<trkpt lat="44.222996" lon="-76.621023"><ele>42.0</ele><time>2021-08-06T23:33:14Z</time></trkpt>
<trkpt lat="44.223" lon="-76.621023"><ele>42.0</ele><time>2021-08-06T23:33:15Z</time></trkpt>
<trkpt lat="44.223003" lon="-76.621014"><ele>42.0</ele><time>2021-08-06T23:33:16Z</time></trkpt>
<trkpt lat="44.223006" lon="-76.621014"><ele>43.0</ele><time>2021-08-06T23:33:17Z</time></trkpt>
<trkpt lat="44.223013" lon="-76.621005"><ele>43.0</ele><time>2021-08-06T23:33:18Z</time></trkpt>
<trkpt lat="44.223016" lon="-76.621005"><ele>43.0</ele><time>2021-08-06T23:33:19Z</time></trkpt>
<trkpt lat="44.223019" lon="-76.620996"><ele>43.0</ele><time>2021-08-06T23:33:20Z</time></trkpt>
<trkpt lat="44.223022" lon="-76.620996"><ele>43.0</ele><time>2021-08-06T23:33:21Z</time></trkpt>
<trkpt lat="44.223025" lon="-76.620987"><ele>43.0</ele><time>2021-08-06T23:33:22Z</time></trkpt>
<trkpt lat="44.223029" lon="-76.620987"><ele>43.0</ele><time>2021-08-06T23:33:23Z</time></trkpt>
<trkpt lat="44.223032" lon="-76.620987"><ele>43.0</ele><time>2021-08-06T23:33:24Z</time></trkpt>
<trkpt lat="44.223035" lon="-76.620978"><ele>44.0</ele><time>2021-08-06T23:33:25Z</time></trkpt>
<trkpt lat="44.223038" lon="-76.620978"><ele>43.0</ele><time>2021-08-06T23:33:26Z</time></trkpt>
<trkpt lat="44.223042" lon="-76.620978"><ele>43.0</ele><time>2021-08-06T23:33:27Z</time></trkpt>
<trkpt lat="44.223045" lon="-76.620969"><ele>43.0</ele><time>2021-08-06T23:33:28Z</time></trkpt>
<trkpt lat="44.223048" lon="-76.620969"><ele>43.0</ele><time>2021-08-06T23:33:29Z</time></trkpt>
<trkpt lat="44.223051" lon="-76.62096"><ele>43.0</ele><time>2021-08-06T23:33:30Z</time></trkpt>
<trkpt lat="44.223055" lon="-76.62096"><ele>43.0</ele><time>2021-08-06T23:33:31Z</time></trkpt>
<trkpt lat="44.223058" lon="-76.62096"><ele>43.0</ele><time>2021-08-06T23:33:32Z</time></trkpt>
<trkpt lat="44.223064" lon="-76.620951"><ele>43.0</ele><time>2021-08-06T23:33:33Z</time></trkpt>
<trkpt lat="44.223067" lon="-76.620951"><ele>43.0</ele><time>2021-08-06T23:33:34Z</time></trkpt>
<trkpt lat="44.223071" lon="-76.620951"><ele>43.0</ele><time>2021-08-06T23:33:35Z</time></trkpt>
<trkpt lat="44.223074" lon="-76.620942"><ele>43.0</ele><time>2021-08-06T23:33:36Z</time></trkpt>
<trkpt lat="44.223074" lon="-76.620942"><ele>43.0</ele><time>2021-08-06T23:33:37Z</time></trkpt>
<trkpt lat="44.223077" lon="-76.620933"><ele>43.0</ele><time>2021-08-06T23:33:38Z</time></trkpt>
<trkpt lat="44.22308" lon="-76.620933"><ele>42.0</ele><time>2021-08-06T23:33:39Z</time></trkpt>
<trkpt lat="44.223084" lon="-76.620933"><ele>43.0</ele><time>2021-08-06T23:33:40Z</time></trkpt>
<trkpt lat="44.223087" lon="-76.620933"><ele>43.0</ele><time>2021-08-06T23:33:41Z</time></trkpt>
<trkpt lat="44.22309" lon="-76.620933"><ele>43.0</ele><time>2021-08-06T23:33:42Z</time></trkpt>
<trkpt lat="44.223093" lon="-76.620933"><ele>43.0</ele><time>2021-08-06T23:33:43Z</time></trkpt>
<trkpt lat="44.2231" lon="-76.620933"><ele>43.0</ele><time>2021-08-06T23:33:44Z</time></trkpt>
<trkpt lat="44.223103" lon="-76.620933"><ele>43.0</ele><time>2021-08-06T23:33:45Z</time></trkpt>
<trkpt lat="44.223106" lon="-76.620933"><ele>43.0</ele><time>2021-08-06T23:33:46Z</time></trkpt>
<trkpt lat="44.223109" lon="-76.620933"><ele>44.0</ele><time>2021-08-06T23:33:47Z</time></trkpt>
<trkpt lat="44.223113" lon="-76.620933"><ele>43.0</ele><time>2021-08-06T23:33:48Z</time></trkpt>
<trkpt lat="44.223116" lon="-76.620933"><ele>43.0</ele><time>2021-08-06T23:33:49Z</time></trkpt>
<trkpt lat="44.223119" lon="-76.620933"><ele>43.0</ele><time>2021-08-06T23:33:50Z</time></trkpt>
<trkpt lat="44.223126" lon="-76.620924"><ele>43.0</ele><time>2021-08-06T23:33:51Z</time></trkpt>
<trkpt lat="44.223129" lon="-76.620924"><ele>43.0</ele><time>2021-08-06T23:33:52Z</time></trkpt>
<trkpt lat="44.223132" lon="-76.620924"><ele>44.0</ele><time>2021-08-06T23:33:53Z</time></trkpt>
<trkpt lat="44.223135" lon="-76.620915"><ele>44.0</ele><time>2021-08-06T23:33:54Z</time></trkpt>
<trkpt lat="44.223138" lon="-76.620915"><ele>44.0</ele><time>2021-08-06T23:33:55Z</time></trkpt>
<trkpt lat="44.223142" lon="-76.620915"><ele>44.0</ele><time>2021-08-06T23:33:56Z</time></trkpt>
<trkpt lat="44.223145" lon="-76.620906"><ele>45.0</ele><time>2021-08-06T23:33:57Z</time></trkpt>
<trkpt lat="44.223148" lon="-76.620906"><ele>45.0</ele><time>2021-08-06T23:33:58Z</time></trkpt>
<trkpt lat="44.223151" lon="-76.620906"><ele>45.0</ele><time>2021-08-06T23:33:59Z</time></trkpt>
<trkpt lat="44.223155" lon="-76.620906"><ele>45.0</ele><time>2021-08-06T23:34:00Z</time></trkpt>
<trkpt lat="44.223158" lon="-76.620897"><ele>45.0</ele><time>2021-08-06T23:34:01Z</time></trkpt>
<trkpt lat="44.223161" lon="-76.620897"><ele>45.0</ele><time>2021-08-06T23:34:02Z</time></trkpt>
<trkpt lat="44.223168" lon="-76.620897"><ele>45.0</ele><time>2021-08-06T23:34:03Z</time></trkpt>
<trkpt lat="44.223171" lon="-76.620888"><ele>45.0</ele><time>2021-08-06T23:34:04Z</time></trkpt>
<trkpt lat="44.223174" lon="-76.620888"><ele>45.0</ele><time>2021-08-06T23:34:05Z</time></trkpt>
<trkpt lat="44.223177" lon="-76.620879"><ele>45.0</ele><time>2021-08-06T23:34:06Z</time></trkpt>
<trkpt lat="44.223184" lon="-76.620879"><ele>45.0</ele><time>2021-08-06T23:34:07Z</time></trkpt>
<trkpt lat="44.223187" lon="-76.620879"><ele>45.0</ele><time>2021-08-06T23:34:08Z</time></trkpt>
<trkpt lat="44.22319" lon="-76.62087"><ele>45.0</ele><time>2021-08-06T23:34:09Z</time></trkpt>
<trkpt lat="44.223193" lon="-76.62087"><ele>45.0</ele><time>2021-08-06T23:34:10Z</time></trkpt>
<trkpt lat="44.2232" lon="-76.62087"><ele>45.0</ele><time>2021-08-06T23:34:11Z</time></trkpt>
<trkpt lat="44.223206" lon="-76.620861"><ele>46.0</ele><time>2021-08-06T23:34:12Z</time></trkpt>
<trkpt lat="44.22321" lon="-76.620861"><ele>46.0</ele><time>2021-08-06T23:34:13Z</time></trkpt>
<trkpt lat="44.223216" lon="-76.620853"><ele>46.0</ele><time>2021-08-06T23:34:14Z</time></trkpt>
<trkpt lat="44.223219" lon="-76.620853"><ele>46.0</ele><time>2021-08-06T23:34:15Z</time></trkpt>
<trkpt lat="44.223222" lon="-76.620853"><ele>46.0</ele><time>2021-08-06T23:34:16Z</time></trkpt>
<trkpt lat="44.223229" lon="-76.620844"><ele>46.0</ele><time>2021-08-06T23:34:17Z</time></trkpt>
<trkpt lat="44.223232" lon="-76.620844"><ele>46.0</ele><time>2021-08-06T23:34:18Z</time></trkpt>
<trkpt lat="44.223235" lon="-76.620835"><ele>45.0</ele><time>2021-08-06T23:34:19Z</time></trkpt>
<trkpt lat="44.223239" lon="-76.620835"><ele>45.0</ele><time>2021-08-06T23:34:20Z</time></trkpt>
<trkpt lat="44.223242" lon="-76.620835"><ele>45.0</ele><time>2021-08-06T23:34:21Z</time></trkpt>
<trkpt lat="44.223245" lon="-76.620826"><ele>46.0</ele><time>2021-08-06T23:34:22Z</time></trkpt>
<trkpt lat="44.223248" lon="-76.620826"><ele>45.0</ele><time>2021-08-06T23:34:23Z</time></trkpt>
<trkpt lat="44.223252" lon="-76.620817"><ele>45.0</ele><time>2021-08-06T23:34:24Z</time></trkpt>
<trkpt lat="44.223255" lon="-76.620817"><ele>45.0</ele><time>2021-08-06T23:34:25Z</time></trkpt>
<trkpt lat="44.223255" lon="-76.620808"><ele>45.0</ele><time>2021-08-06T23:34:26Z</time></trkpt>
<trkpt lat="44.223258" lon="-76.620808"><ele>45.0</ele><time>2021-08-06T23:34:27Z</time></trkpt>
<trkpt lat="44.223261" lon="-76.620808"><ele>45.0</ele><time>2021-08-06T23:34:28Z</time></trkpt>
<trkpt lat="44.223264" lon="-76.620799"><ele>45.0</ele><time>2021-08-06T23:34:29Z</time></trkpt>
<trkpt lat="44.223271" lon="-76.620799"><ele>45.0</ele><time>2021-08-06T23:34:30Z</time></trkpt>
<trkpt lat="44.223274" lon="-76.62079"><ele>45.0</ele><time>2021-08-06T23:34:31Z</time></trkpt>
<trkpt lat="44.223281" lon="-76.62079"><ele>45.0</ele><time>2021-08-06T23:34:32Z</time></trkpt>
<trkpt lat="44.223287" lon="-76.62079"><ele>45.0</ele><time>2021-08-06T23:34:33Z</time></trkpt>
<trkpt lat="44.22329" lon="-76.620781"><ele>45.0</ele><time>2021-08-06T23:34:34Z</time></trkpt>
<trkpt lat="44.223297" lon="-76.620781"><ele>45.0</ele><time>2021-08-06T23:34:35Z</time></trkpt>
<trkpt lat="44.2233" lon="-76.620781"><ele>45.0</ele><time>2021-08-06T23:34:36Z</time></trkpt>
<trkpt lat="44.223303" lon="-76.620772"><ele>45.0</ele><time>2021-08-06T23:34:37Z</time></trkpt>
<trkpt lat="44.22331" lon="-76.620772"><ele>44.0</ele><time>2021-08-06T23:34:38Z</time></trkpt>
<trkpt lat="44.223313" lon="-76.620772"><ele>44.0</ele><time>2021-08-06T23:34:39Z</time></trkpt>
<trkpt lat="44.223313" lon="-76.620763"><ele>44.0</ele><time>2021-08-06T23:34:40Z</time></trkpt>
<trkpt lat="44.223316" lon="-76.620763"><ele>44.0</ele><time>2021-08-06T23:34:41Z</time></trkpt>
<trkpt lat="44.223319" lon="-76.620754"><ele>44.0</ele><time>2021-08-06T23:34:42Z</time></trkpt>
<trkpt lat="44.223323" lon="-76.620754"><ele>44.0</ele><time>2021-08-06T23:34:43Z</time></trkpt>
<trkpt lat="44.223326" lon="-76.620745"><ele>44.0</ele><time>2021-08-06T23:34:44Z</time></trkpt>
<trkpt lat="44.223329" lon="-76.620745"><ele>44.0</ele><time>2021-08-06T23:34:45Z</time></trkpt>
<trkpt lat="44.223336" lon="-76.620736"><ele>44.0</ele><time>2021-08-06T23:34:46Z</time></trkpt>
<trkpt lat="44.223339" lon="-76.620736"><ele>44.0</ele><time>2021-08-06T23:34:47Z</time></trkpt>
<trkpt lat="44.223342" lon="-76.620736"><ele>44.0</ele><time>2021-08-06T23:34:48Z</time></trkpt>
<trkpt lat="44.223348" lon="-76.620727"><ele>44.0</ele><time>2021-08-06T23:34:49Z</time></trkpt>
<trkpt lat="44.223352" lon="-76.620727"><ele>44.0</ele><time>2021-08-06T23:34:50Z</time></trkpt>
<trkpt lat="44.223355" lon="-76.620718"><ele>44.0</ele><time>2021-08-06T23:34:51Z</time></trkpt>
<trkpt lat="44.223358" lon="-76.620718"><ele>44.0</ele><time>2021-08-06T23:34:52Z</time></trkpt>
<trkpt lat="44.223361" lon="-76.620709"><ele>44.0</ele><time>2021-08-06T23:34:53Z</time></trkpt>
<trkpt lat="44.223365" lon="-76.6207"><ele>43.0</ele><time>2021-08-06T23:34:54Z</time></trkpt>
<trkpt lat="44.223371" lon="-76.620691"><ele>44.0</ele><time>2021-08-06T23:34:55Z</time></trkpt>
<trkpt lat="44.223374" lon="-76.620691"><ele>44.0</ele><time>2021-08-06T23:34:56Z</time></trkpt>
<trkpt lat="44.223378" lon="-76.620682"><ele>44.0</ele><time>2021-08-06T23:34:57Z</time></trkpt>
<trkpt lat="44.223381" lon="-76.620682"><ele>44.0</ele><time>2021-08-06T23:34:58Z</time></trkpt>
<trkpt lat="44.223387" lon="-76.620673"><ele>44.0</ele><time>2021-08-06T23:34:59Z</time></trkpt>
<trkpt lat="44.22339" lon="-76.620664"><ele>44.0</ele><time>2021-08-06T23:35:00Z</time></trkpt>
<trkpt lat="44.223397" lon="-76.620664"><ele>44.0</ele><time>2021-08-06T23:35:01Z</time></trkpt>
<trkpt lat="44.2234" lon="-76.620655"><ele>45.0</ele><time>2021-08-06T23:35:02Z</time></trkpt>
<trkpt lat="44.223403" lon="-76.620655"><ele>45.0</ele><time>2021-08-06T23:35:03Z</time></trkpt>
<trkpt lat="44.223407" lon="-76.620646"><ele>45.0</ele><time>2021-08-06T23:35:04Z</time></trkpt>
<trkpt lat="44.22341" lon="-76.620646"><ele>45.0</ele><time>2021-08-06T23:35:05Z</time></trkpt>
<trkpt lat="44.223413" lon="-76.620637"><ele>45.0</ele><time>2021-08-06T23:35:06Z</time></trkpt>
<trkpt lat="44.223413" lon="-76.620628"><ele>45.0</ele><time>2021-08-06T23:35:07Z</time></trkpt>
<trkpt lat="44.223413" lon="-76.620628"><ele>45.0</ele><time>2021-08-06T23:35:08Z</time></trkpt>
<trkpt lat="44.223416" lon="-76.620619"><ele>45.0</ele><time>2021-08-06T23:35:09Z</time></trkpt>
<trkpt lat="44.223416" lon="-76.62061"><ele>45.0</ele><time>2021-08-06T23:35:10Z</time></trkpt>
<trkpt lat="44.223416" lon="-76.62061"><ele>46.0</ele><time>2021-08-06T23:35:11Z</time></trkpt>
<trkpt lat="44.223419" lon="-76.62061"><ele>46.0</ele><time>2021-08-06T23:35:12Z</time></trkpt>
<trkpt lat="44.223423" lon="-76.620601"><ele>46.0</ele><time>2021-08-06T23:35:13Z</time></trkpt>
<trkpt lat="44.223423" lon="-76.620601"><ele>46.0</ele><time>2021-08-06T23:35:14Z</time></trkpt>
<trkpt lat="44.223426" lon="-76.620601"><ele>46.0</ele><time>2021-08-06T23:35:15Z</time></trkpt>
<trkpt lat="44.223429" lon="-76.620592"><ele>46.0</ele><time>2021-08-06T23:35:16Z</time></trkpt>
<trkpt lat="44.223429" lon="-76.620592"><ele>45.0</ele><time>2021-08-06T23:35:17Z</time></trkpt>
<trkpt lat="44.223429" lon="-76.620592"><ele>44.0</ele><time>2021-08-06T23:35:18Z</time></trkpt>
<trkpt lat="44.223432" lon="-76.620583"><ele>44.0</ele><time>2021-08-06T23:35:19Z</time></trkpt>
<trkpt lat="44.223436" lon="-76.620583"><ele>44.0</ele><time>2021-08-06T23:35:20Z</time></trkpt>
<trkpt lat="44.223442" lon="-76.620574"><ele>44.0</ele><time>2021-08-06T23:35:21Z</time></trkpt>
<trkpt lat="44.223445" lon="-76.620574"><ele>46.0</ele><time>2021-08-06T23:35:22Z</time></trkpt>
<trkpt lat="44.223452" lon="-76.620574"><ele>46.0</ele><time>2021-08-06T23:35:23Z</time></trkpt>
<trkpt lat="44.223455" lon="-76.620574"><ele>46.0</ele><time>2021-08-06T23:35:24Z</time></trkpt>
<trkpt lat="44.223458" lon="-76.620574"><ele>46.0</ele><time>2021-08-06T23:35:25Z</time></trkpt>
<trkpt lat="44.223461" lon="-76.620565"><ele>46.0</ele><time>2021-08-06T23:35:26Z</time></trkpt>
<trkpt lat="44.223465" lon="-76.620565"><ele>46.0</ele><time>2021-08-06T23:35:27Z</time></trkpt>
<trkpt lat="44.223468" lon="-76.620565"><ele>46.0</ele><time>2021-08-06T23:35:28Z</time></trkpt>
<trkpt lat="44.223471" lon="-76.620565"><ele>46.0</ele><time>2021-08-06T23:35:29Z</time></trkpt>
<trkpt lat="44.223474" lon="-76.620556"><ele>46.0</ele><time>2021-08-06T23:35:30Z</time></trkpt>
<trkpt lat="44.223478" lon="-76.620556"><ele>45.0</ele><time>2021-08-06T23:35:31Z</time></trkpt>
<trkpt lat="44.223481" lon="-76.620556"><ele>44.0</ele><time>2021-08-06T23:35:32Z</time></trkpt>
<trkpt lat="44.223484" lon="-76.620556"><ele>45.0</ele><time>2021-08-06T23:35:33Z</time></trkpt>
<trkpt lat="44.223491" lon="-76.620547"><ele>45.0</ele><time>2021-08-06T23:35:34Z</time></trkpt>
<trkpt lat="44.223494" lon="-76.620547"><ele>44.0</ele><time>2021-08-06T23:35:35Z</time></trkpt>
<trkpt lat="44.223497" lon="-76.620547"><ele>44.0</ele><time>2021-08-06T23:35:36Z</time></trkpt>
<trkpt lat="44.2235" lon="-76.620547"><ele>44.0</ele><time>2021-08-06T23:35:37Z</time></trkpt>
<trkpt lat="44.223503" lon="-76.620538"><ele>44.0</ele><time>2021-08-06T23:35:38Z</time></trkpt>
<trkpt lat="44.223507" lon="-76.620538"><ele>45.0</ele><time>2021-08-06T23:35:39Z</time></trkpt>
<trkpt lat="44.22351" lon="-76.620538"><ele>45.0</ele><time>2021-08-06T23:35:40Z</time></trkpt>
<trkpt lat="44.223513" lon="-76.620538"><ele>44.0</ele><time>2021-08-06T23:35:41Z</time></trkpt>
<trkpt lat="44.223513" lon="-76.620538"><ele>44.0</ele><time>2021-08-06T23:35:42Z</time></trkpt>
<trkpt lat="44.223516" lon="-76.620529"><ele>44.0</ele><time>2021-08-06T23:35:43Z</time></trkpt>
<trkpt lat="44.22352" lon="-76.620529"><ele>44.0</ele><time>2021-08-06T23:35:44Z</time></trkpt>
<trkpt lat="44.223523" lon="-76.620529"><ele>43.0</ele><time>2021-08-06T23:35:45Z</time></trkpt>
<trkpt lat="44.223529" lon="-76.620529"><ele>44.0</ele><time>2021-08-06T23:35:46Z</time></trkpt>
<trkpt lat="44.223533" lon="-76.620529"><ele>44.0</ele><time>2021-08-06T23:35:47Z</time></trkpt>
<trkpt lat="44.223536" lon="-76.620529"><ele>44.0</ele><time>2021-08-06T23:35:48Z</time></trkpt>
<trkpt lat="44.223539" lon="-76.62052"><ele>44.0</ele><time>2021-08-06T23:35:49Z</time></trkpt>
<trkpt lat="44.223542" lon="-76.62052"><ele>44.0</ele><time>2021-08-06T23:35:50Z</time></trkpt>
<trkpt lat="44.223545" lon="-76.62052"><ele>44.0</ele><time>2021-08-06T23:35:51Z</time></trkpt>
<trkpt lat="44.223549" lon="-76.62052"><ele>44.0</ele><time>2021-08-06T23:35:52Z</time></trkpt>
<trkpt lat="44.223552" lon="-76.620511"><ele>44.0</ele><time>2021-08-06T23:35:53Z</time></trkpt>
<trkpt lat="44.223555" lon="-76.620511"><ele>45.0</ele><time>2021-08-06T23:35:54Z</time></trkpt>
<trkpt lat="44.223558" lon="-76.620511"><ele>45.0</ele><time>2021-08-06T23:35:55Z</time></trkpt>
<trkpt lat="44.223558" lon="-76.620502"><ele>45.0</ele><time>2021-08-06T23:35:56Z</time></trkpt>
<trkpt lat="44.223562" lon="-76.620502"><ele>45.0</ele><time>2021-08-06T23:35:57Z</time></trkpt>
<trkpt lat="44.223565" lon="-76.620502"><ele>45.0</ele><time>2021-08-06T23:35:58Z</time></trkpt>
<trkpt lat="44.223568" lon="-76.620493"><ele>45.0</ele><time>2021-08-06T23:35:59Z</time></trkpt>
<trkpt lat="44.223571" lon="-76.620493"><ele>45.0</ele><time>2021-08-06T23:36:00Z</time></trkpt>
<trkpt lat="44.223575" lon="-76.620484"><ele>45.0</ele><time>2021-08-06T23:36:01Z</time></trkpt>
<trkpt lat="44.223578" lon="-76.620484"><ele>45.0</ele><time>2021-08-06T23:36:02Z</time></trkpt>
<trkpt lat="44.223581" lon="-76.620484"><ele>45.0</ele><time>2021-08-06T23:36:03Z</time></trkpt>
<trkpt lat="44.223587" lon="-76.620475"><ele>45.0</ele><time>2021-08-06T23:36:04Z</time></trkpt>
<trkpt lat="44.223591" lon="-76.620475"><ele>45.0</ele><time>2021-08-06T23:36:05Z</time></trkpt>
<trkpt lat="44.223594" lon="-76.620466"><ele>45.0</ele><time>2021-08-06T23:36:06Z</time></trkpt>
<trkpt lat="44.223597" lon="-76.620466"><ele>45.0</ele><time>2021-08-06T23:36:07Z</time></trkpt>
<trkpt lat="44.2236" lon="-76.620466"><ele>45.0</ele><time>2021-08-06T23:36:08Z</time></trkpt>
<trkpt lat="44.223607" lon="-76.620457"><ele>45.0</ele><time>2021-08-06T23:36:09Z</time></trkpt>
<trkpt lat="44.22361" lon="-76.620457"><ele>45.0</ele><time>2021-08-06T23:36:10Z</time></trkpt>
<trkpt lat="44.223613" lon="-76.620448"><ele>45.0</ele><time>2021-08-06T23:36:11Z</time></trkpt>
<trkpt lat="44.22362" lon="-76.620448"><ele>45.0</ele><time>2021-08-06T23:36:12Z</time></trkpt>
<trkpt lat="44.22362" lon="-76.620439"><ele>45.0</ele><time>2021-08-06T23:36:13Z</time></trkpt>
<trkpt lat="44.223623" lon="-76.620439"><ele>45.0</ele><time>2021-08-06T23:36:14Z</time></trkpt>
<trkpt lat="44.223626" lon="-76.62043"><ele>45.0</ele><time>2021-08-06T23:36:15Z</time></trkpt>
<trkpt lat="44.223633" lon="-76.62043"><ele>45.0</ele><time>2021-08-06T23:36:16Z</time></trkpt>
<trkpt lat="44.223639" lon="-76.62043"><ele>45.0</ele><time>2021-08-06T23:36:17Z</time></trkpt>
<trkpt lat="44.223642" lon="-76.62043"><ele>46.0</ele><time>2021-08-06T23:36:18Z</time></trkpt>
<trkpt lat="44.223649" lon="-76.620421"><ele>45.0</ele><time>2021-08-06T23:36:19Z</time></trkpt>
<trkpt lat="44.223652" lon="-76.620421"><ele>45.0</ele><time>2021-08-06T23:36:20Z</time></trkpt>
<trkpt lat="44.223655" lon="-76.620421"><ele>44.0</ele><time>2021-08-06T23:36:21Z</time></trkpt>
<trkpt lat="44.223658" lon="-76.620421"><ele>44.0</ele><time>2021-08-06T23:36:22Z</time></trkpt>
<trkpt lat="44.223662" lon="-76.620421"><ele>44.0</ele><time>2021-08-06T23:36:23Z</time></trkpt>
<trkpt lat="44.223668" lon="-76.620412"><ele>44.0</ele><time>2021-08-06T23:36:24Z</time></trkpt>
<trkpt lat="44.223671" lon="-76.620412"><ele>44.0</ele><time>2021-08-06T23:36:25Z</time></trkpt>
<trkpt lat="44.223675" lon="-76.620412"><ele>44.0</ele><time>2021-08-06T23:36:26Z</time></trkpt>
<trkpt lat="44.223678" lon="-76.620403"><ele>44.0</ele><time>2021-08-06T23:36:27Z</time></trkpt>
<trkpt lat="44.223684" lon="-76.620403"><ele>44.0</ele><time>2021-08-06T23:36:28Z</time></trkpt>
<trkpt lat="44.223688" lon="-76.620403"><ele>44.0</ele><time>2021-08-06T23:36:29Z</time></trkpt>
<trkpt lat="44.223691" lon="-76.620394"><ele>44.0</ele><time>2021-08-06T23:36:30Z</time></trkpt>
<trkpt lat="44.223694" lon="-76.620394"><ele>44.0</ele><time>2021-08-06T23:36:31Z</time></trkpt>
<trkpt lat="44.223697" lon="-76.620394"><ele>44.0</ele><time>2021-08-06T23:36:32Z</time></trkpt>
<trkpt lat="44.2237" lon="-76.620394"><ele>45.0</ele><time>2021-08-06T23:36:33Z</time></trkpt>
<trkpt lat="44.223704" lon="-76.620385"><ele>45.0</ele><time>2021-08-06T23:36:34Z</time></trkpt>
<trkpt lat="44.22371" lon="-76.620385"><ele>44.0</ele><time>2021-08-06T23:36:35Z</time></trkpt>
<trkpt lat="44.223713" lon="-76.620385"><ele>45.0</ele><time>2021-08-06T23:36:36Z</time></trkpt>
<trkpt lat="44.223717" lon="-76.620385"><ele>45.0</ele><time>2021-08-06T23:36:37Z</time></trkpt>
<trkpt lat="44.223723" lon="-76.620385"><ele>45.0</ele><time>2021-08-06T23:36:38Z</time></trkpt>
<trkpt lat="44.223726" lon="-76.620376"><ele>45.0</ele><time>2021-08-06T23:36:39Z</time></trkpt>
<trkpt lat="44.22373" lon="-76.620376"><ele>45.0</ele><time>2021-08-06T23:36:40Z</time></trkpt>
<trkpt lat="44.223733" lon="-76.620376"><ele>45.0</ele><time>2021-08-06T23:36:41Z</time></trkpt>
<trkpt lat="44.223736" lon="-76.620376"><ele>45.0</ele><time>2021-08-06T23:36:42Z</time></trkpt>
<trkpt lat="44.223739" lon="-76.620376"><ele>45.0</ele><time>2021-08-06T23:36:43Z</time></trkpt>
<trkpt lat="44.223746" lon="-76.620367"><ele>45.0</ele><time>2021-08-06T23:36:44Z</time></trkpt>
<trkpt lat="44.223749" lon="-76.620367"><ele>45.0</ele><time>2021-08-06T23:36:45Z</time></trkpt>
<trkpt lat="44.223752" lon="-76.620367"><ele>45.0</ele><time>2021-08-06T23:36:46Z</time></trkpt>
<trkpt lat="44.223759" lon="-76.620367"><ele>45.0</ele><time>2021-08-06T23:36:47Z</time></trkpt>
<trkpt lat="44.223762" lon="-76.620358"><ele>45.0</ele><time>2021-08-06T23:36:48Z</time></trkpt>
<trkpt lat="44.223768" lon="-76.620358"><ele>45.0</ele><time>2021-08-06T23:36:49Z</time></trkpt>
<trkpt lat="44.223772" lon="-76.620349"><ele>46.0</ele><time>2021-08-06T23:36:50Z</time></trkpt>
<trkpt lat="44.223778" lon="-76.620349"><ele>46.0</ele><time>2021-08-06T23:36:51Z</time></trkpt>
<trkpt lat="44.223781" lon="-76.62034"><ele>46.0</ele><time>2021-08-06T23:36:52Z</time></trkpt>
<trkpt lat="44.223788" lon="-76.62034"><ele>46.0</ele><time>2021-08-06T23:36:53Z</time></trkpt>
<trkpt lat="44.223794" lon="-76.620332"><ele>45.0</ele><time>2021-08-06T23:36:54Z</time></trkpt>
<trkpt lat="44.223801" lon="-76.620332"><ele>45.0</ele><time>2021-08-06T23:36:55Z</time></trkpt>
<trkpt lat="44.223807" lon="-76.620323"><ele>45.0</ele><time>2021-08-06T23:36:56Z</time></trkpt>
<trkpt lat="44.223814" lon="-76.620314"><ele>45.0</ele><time>2021-08-06T23:36:57Z</time></trkpt>
<trkpt lat="44.22382" lon="-76.620314"><ele>45.0</ele><time>2021-08-06T23:36:58Z</time></trkpt>
<trkpt lat="44.223826" lon="-76.620305"><ele>45.0</ele><time>2021-08-06T23:36:59Z</time></trkpt>
<trkpt lat="44.22383" lon="-76.620305"><ele>45.0</ele><time>2021-08-06T23:37:00Z</time></trkpt>
<trkpt lat="44.223836" lon="-76.620296"><ele>45.0</ele><time>2021-08-06T23:37:01Z</time></trkpt>
<trkpt lat="44.223843" lon="-76.620296"><ele>45.0</ele><time>2021-08-06T23:37:02Z</time></trkpt>
<trkpt lat="44.223846" lon="-76.620287"><ele>45.0</ele><time>2021-08-06T23:37:03Z</time></trkpt>
<trkpt lat="44.223852" lon="-76.620287"><ele>45.0</ele><time>2021-08-06T23:37:04Z</time></trkpt>
<trkpt lat="44.223856" lon="-76.620278"><ele>45.0</ele><time>2021-08-06T23:37:05Z</time></trkpt>
<trkpt lat="44.223862" lon="-76.620278"><ele>45.0</ele><time>2021-08-06T23:37:06Z</time></trkpt>
<trkpt lat="44.223865" lon="-76.620269"><ele>44.0</ele><time>2021-08-06T23:37:07Z</time></trkpt>
<trkpt lat="44.223872" lon="-76.62026"><ele>44.0</ele><time>2021-08-06T23:37:08Z</time></trkpt>
<trkpt lat="44.223878" lon="-76.62026"><ele>45.0</ele><time>2021-08-06T23:37:09Z</time></trkpt>
<trkpt lat="44.223885" lon="-76.620251"><ele>44.0</ele><time>2021-08-06T23:37:10Z</time></trkpt>
<trkpt lat="44.223891" lon="-76.620251"><ele>44.0</ele><time>2021-08-06T23:37:11Z</time></trkpt>
<trkpt lat="44.223898" lon="-76.620242"><ele>44.0</ele><time>2021-08-06T23:37:12Z</time></trkpt>
<trkpt lat="44.223904" lon="-76.620242"><ele>44.0</ele><time>2021-08-06T23:37:13Z</time></trkpt>
<trkpt lat="44.223914" lon="-76.620233"><ele>45.0</ele><time>2021-08-06T23:37:14Z</time></trkpt>
<trkpt lat="44.22392" lon="-76.620233"><ele>45.0</ele><time>2021-08-06T23:37:15Z</time></trkpt>
<trkpt lat="44.22393" lon="-76.620224"><ele>45.0</ele><time>2021-08-06T23:37:16Z</time></trkpt>
<trkpt lat="44.223939" lon="-76.620215"><ele>45.0</ele><time>2021-08-06T23:37:17Z</time></trkpt>
<trkpt lat="44.223949" lon="-76.620215"><ele>45.0</ele><time>2021-08-06T23:37:18Z</time></trkpt>
<trkpt lat="44.223956" lon="-76.620206"><ele>45.0</ele><time>2021-08-06T23:37:19Z</time></trkpt>
<trkpt lat="44.223965" lon="-76.620206"><ele>45.0</ele><time>2021-08-06T23:37:20Z</time></trkpt>
<trkpt lat="44.223975" lon="-76.620206"><ele>45.0</ele><time>2021-08-06T23:37:21Z</time></trkpt>
<trkpt lat="44.223981" lon="-76.620197"><ele>45.0</ele><time>2021-08-06T23:37:22Z</time></trkpt>
<trkpt lat="44.223991" lon="-76.620197"><ele>45.0</ele><time>2021-08-06T23:37:23Z</time></trkpt>
<trkpt lat="44.223998" lon="-76.620197"><ele>45.0</ele><time>2021-08-06T23:37:24Z</time></trkpt>
<trkpt lat="44.224007" lon="-76.620197"><ele>45.0</ele><time>2021-08-06T23:37:25Z</time></trkpt>
<trkpt lat="44.224017" lon="-76.620197"><ele>45.0</ele><time>2021-08-06T23:37:26Z</time></trkpt>
<trkpt lat="44.224027" lon="-76.620197"><ele>45.0</ele><time>2021-08-06T23:37:27Z</time></trkpt>
<trkpt lat="44.224033" lon="-76.620197"><ele>46.0</ele><time>2021-08-06T23:37:28Z</time></trkpt>
<trkpt lat="44.22404" lon="-76.620197"><ele>46.0</ele><time>2021-08-06T23:37:29Z</time></trkpt>
<trkpt lat="44.224049" lon="-76.620197"><ele>45.0</ele><time>2021-08-06T23:37:30Z</time></trkpt>
<trkpt lat="44.224056" lon="-76.620197"><ele>45.0</ele><time>2021-08-06T23:37:31Z</time></trkpt>
<trkpt lat="44.224065" lon="-76.620197"><ele>45.0</ele><time>2021-08-06T23:37:32Z</time></trkpt>
<trkpt lat="44.224072" lon="-76.620197"><ele>45.0</ele><time>2021-08-06T23:37:33Z</time></trkpt>
<trkpt lat="44.224082" lon="-76.620197"><ele>45.0</ele><time>2021-08-06T23:37:34Z</time></trkpt>
<trkpt lat="44.224088" lon="-76.620197"><ele>46.0</ele><time>2021-08-06T23:37:35Z</time></trkpt>
<trkpt lat="44.224098" lon="-76.620188"><ele>46.0</ele><time>2021-08-06T23:37:36Z</time></trkpt>
<trkpt lat="44.224104" lon="-76.620188"><ele>46.0</ele><time>2021-08-06T23:37:37Z</time></trkpt>
<trkpt lat="44.224114" lon="-76.620188"><ele>46.0</ele><time>2021-08-06T23:37:38Z</time></trkpt>
<trkpt lat="44.22412" lon="-76.620188"><ele>45.0</ele><time>2021-08-06T23:37:39Z</time></trkpt>
<trkpt lat="44.22413" lon="-76.620179"><ele>45.0</ele><time>2021-08-06T23:37:40Z</time></trkpt>
<trkpt lat="44.224137" lon="-76.620179"><ele>45.0</ele><time>2021-08-06T23:37:41Z</time></trkpt>
<trkpt lat="44.224146" lon="-76.620179"><ele>45.0</ele><time>2021-08-06T23:37:42Z</time></trkpt>
<trkpt lat="44.224153" lon="-76.620179"><ele>45.0</ele><time>2021-08-06T23:37:43Z</time></trkpt>
<trkpt lat="44.224159" lon="-76.62017"><ele>45.0</ele><time>2021-08-06T23:37:44Z</time></trkpt>
<trkpt lat="44.224169" lon="-76.62017"><ele>45.0</ele><time>2021-08-06T23:37:45Z</time></trkpt>
<trkpt lat="44.224175" lon="-76.62017"><ele>45.0</ele><time>2021-08-06T23:37:46Z</time></trkpt>
<trkpt lat="44.224185" lon="-76.62017"><ele>45.0</ele><time>2021-08-06T23:37:47Z</time></trkpt>
<trkpt lat="44.224191" lon="-76.62017"><ele>45.0</ele><time>2021-08-06T23:37:48Z</time></trkpt>
<trkpt lat="44.224201" lon="-76.62017"><ele>45.0</ele><time>2021-08-06T23:37:49Z</time></trkpt>
<trkpt lat="44.224208" lon="-76.62017"><ele>45.0</ele><time>2021-08-06T23:37:50Z</time></trkpt>
<trkpt lat="44.224217" lon="-76.620161"><ele>45.0</ele><time>2021-08-06T23:37:51Z</time></trkpt>
<trkpt lat="44.224224" lon="-76.620161"><ele>45.0</ele><time>2021-08-06T23:37:52Z</time></trkpt>
<trkpt lat="44.224233" lon="-76.620161"><ele>45.0</ele><time>2021-08-06T23:37:53Z</time></trkpt>
<trkpt lat="44.224243" lon="-76.620161"><ele>45.0</ele><time>2021-08-06T23:37:54Z</time></trkpt>
<trkpt lat="44.224253" lon="-76.620161"><ele>45.0</ele><time>2021-08-06T23:37:55Z</time></trkpt>
<trkpt lat="44.224262" lon="-76.620161"><ele>45.0</ele><time>2021-08-06T23:37:56Z</time></trkpt>
<trkpt lat="44.224269" lon="-76.620161"><ele>45.0</ele><time>2021-08-06T23:37:57Z</time></trkpt>
<trkpt lat="44.224279" lon="-76.620161"><ele>45.0</ele><time>2021-08-06T23:37:58Z</time></trkpt>
<trkpt lat="44.224288" lon="-76.620161"><ele>45.0</ele><time>2021-08-06T23:37:59Z</time></trkpt>
<trkpt lat="44.224298" lon="-76.620152"><ele>45.0</ele><time>2021-08-06T23:38:00Z</time></trkpt>
<trkpt lat="44.224308" lon="-76.620152"><ele>45.0</ele><time>2021-08-06T23:38:01Z</time></trkpt>
<trkpt lat="44.224317" lon="-76.620152"><ele>46.0</ele><time>2021-08-06T23:38:02Z</time></trkpt>
<trkpt lat="44.224327" lon="-76.620152"><ele>46.0</ele><time>2021-08-06T23:38:03Z</time></trkpt>
<trkpt lat="44.224337" lon="-76.620143"><ele>46.0</ele><time>2021-08-06T23:38:04Z</time></trkpt>
<trkpt lat="44.224346" lon="-76.620143"><ele>46.0</ele><time>2021-08-06T23:38:05Z</time></trkpt>
<trkpt lat="44.224356" lon="-76.620143"><ele>46.0</ele><time>2021-08-06T23:38:06Z</time></trkpt>
<trkpt lat="44.224366" lon="-76.620134"><ele>45.0</ele><time>2021-08-06T23:38:07Z</time></trkpt>
<trkpt lat="44.224372" lon="-76.620134"><ele>46.0</ele><time>2021-08-06T23:38:08Z</time></trkpt>
<trkpt lat="44.224382" lon="-76.620134"><ele>46.0</ele><time>2021-08-06T23:38:09Z</time></trkpt>
<trkpt lat="44.224392" lon="-76.620125"><ele>46.0</ele><time>2021-08-06T23:38:10Z</time></trkpt>
<trkpt lat="44.224398" lon="-76.620125"><ele>46.0</ele><time>2021-08-06T23:38:11Z</time></trkpt>
<trkpt lat="44.224408" lon="-76.620125"><ele>46.0</ele><time>2021-08-06T23:38:12Z</time></trkpt>
<trkpt lat="44.224414" lon="-76.620116"><ele>46.0</ele><time>2021-08-06T23:38:13Z</time></trkpt>
<trkpt lat="44.224424" lon="-76.620107"><ele>46.0</ele><time>2021-08-06T23:38:14Z</time></trkpt>
<trkpt lat="44.22443" lon="-76.620107"><ele>46.0</ele><time>2021-08-06T23:38:15Z</time></trkpt>
<trkpt lat="44.22444" lon="-76.620098"><ele>46.0</ele><time>2021-08-06T23:38:16Z</time></trkpt>
<trkpt lat="44.22445" lon="-76.620089"><ele>46.0</ele><time>2021-08-06T23:38:17Z</time></trkpt>
<trkpt lat="44.224456" lon="-76.620089"><ele>46.0</ele><time>2021-08-06T23:38:18Z</time></trkpt>
<trkpt lat="44.224466" lon="-76.62008"><ele>46.0</ele><time>2021-08-06T23:38:19Z</time></trkpt>
<trkpt lat="44.224472" lon="-76.620071"><ele>46.0</ele><time>2021-08-06T23:38:20Z</time></trkpt>
<trkpt lat="44.224482" lon="-76.620071"><ele>46.0</ele><time>2021-08-06T23:38:21Z</time></trkpt>
<trkpt lat="44.224492" lon="-76.620062"><ele>46.0</ele><time>2021-08-06T23:38:22Z</time></trkpt>
<trkpt lat="44.224498" lon="-76.620062"><ele>46.0</ele><time>2021-08-06T23:38:23Z</time></trkpt>
<trkpt lat="44.224508" lon="-76.620053"><ele>46.0</ele><time>2021-08-06T23:38:24Z</time></trkpt>
<trkpt lat="44.224518" lon="-76.620044"><ele>46.0</ele><time>2021-08-06T23:38:25Z</time></trkpt>
<trkpt lat="44.224527" lon="-76.620044"><ele>46.0</ele><time>2021-08-06T23:38:26Z</time></trkpt>
<trkpt lat="44.224537" lon="-76.620035"><ele>46.0</ele><time>2021-08-06T23:38:27Z</time></trkpt>
<trkpt lat="44.224547" lon="-76.620035"><ele>46.0</ele><time>2021-08-06T23:38:28Z</time></trkpt>
<trkpt lat="44.224553" lon="-76.620026"><ele>47.0</ele><time>2021-08-06T23:38:29Z</time></trkpt>
<trkpt lat="44.224563" lon="-76.620017"><ele>47.0</ele><time>2021-08-06T23:38:30Z</time></trkpt>
<trkpt lat="44.224573" lon="-76.620017"><ele>47.0</ele><time>2021-08-06T23:38:31Z</time></trkpt>
<trkpt lat="44.224582" lon="-76.620008"><ele>47.0</ele><time>2021-08-06T23:38:32Z</time></trkpt>
<trkpt lat="44.224592" lon="-76.619999"><ele>47.0</ele><time>2021-08-06T23:38:33Z</time></trkpt>
<trkpt lat="44.224598" lon="-76.619999"><ele>47.0</ele><time>2021-08-06T23:38:34Z</time></trkpt>
<trkpt lat="44.224608" lon="-76.61999"><ele>46.0</ele><time>2021-08-06T23:38:35Z</time></trkpt>
<trkpt lat="44.224618" lon="-76.61999"><ele>47.0</ele><time>2021-08-06T23:38:36Z</time></trkpt>
<trkpt lat="44.224627" lon="-76.619981"><ele>47.0</ele><time>2021-08-06T23:38:37Z</time></trkpt>
<trkpt lat="44.224637" lon="-76.619981"><ele>47.0</ele><time>2021-08-06T23:38:38Z</time></trkpt>
<trkpt lat="44.224644" lon="-76.619972"><ele>47.0</ele><time>2021-08-06T23:38:39Z</time></trkpt>
<trkpt lat="44.224653" lon="-76.619972"><ele>46.0</ele><time>2021-08-06T23:38:40Z</time></trkpt>
<trkpt lat="44.224663" lon="-76.619963"><ele>46.0</ele><time>2021-08-06T23:38:41Z</time></trkpt>
<trkpt lat="44.224673" lon="-76.619963"><ele>46.0</ele><time>2021-08-06T23:38:42Z</time></trkpt>
<trkpt lat="44.224679" lon="-76.619954"><ele>47.0</ele><time>2021-08-06T23:38:43Z</time></trkpt>
<trkpt lat="44.224689" lon="-76.619954"><ele>46.0</ele><time>2021-08-06T23:38:44Z</time></trkpt>
<trkpt lat="44.224698" lon="-76.619945"><ele>46.0</ele><time>2021-08-06T23:38:45Z</time></trkpt>
<trkpt lat="44.224708" lon="-76.619936"><ele>46.0</ele><time>2021-08-06T23:38:46Z</time></trkpt>
<trkpt lat="44.224718" lon="-76.619936"><ele>46.0</ele><time>2021-08-06T23:38:47Z</time></trkpt>
<trkpt lat="44.224728" lon="-76.619927"><ele>46.0</ele><time>2021-08-06T23:38:48Z</time></trkpt>
<trkpt lat="44.224737" lon="-76.619918"><ele>46.0</ele><time>2021-08-06T23:38:49Z</time></trkpt>
<trkpt lat="44.224747" lon="-76.619918"><ele>46.0</ele><time>2021-08-06T23:38:50Z</time></trkpt>
<trkpt lat="44.224757" lon="-76.619909"><ele>46.0</ele><time>2021-08-06T23:38:51Z</time></trkpt>
<trkpt lat="44.224766" lon="-76.6199"><ele>46.0</ele><time>2021-08-06T23:38:52Z</time></trkpt>
<trkpt lat="44.224773" lon="-76.6199"><ele>46.0</ele><time>2021-08-06T23:38:53Z</time></trkpt>
<trkpt lat="44.224782" lon="-76.619891"><ele>46.0</ele><time>2021-08-06T23:38:54Z</time></trkpt>
<trkpt lat="44.224792" lon="-76.619882"><ele>46.0</ele><time>2021-08-06T23:38:55Z</time></trkpt>
<trkpt lat="44.224802" lon="-76.619873"><ele>46.0</ele><time>2021-08-06T23:38:56Z</time></trkpt>
<trkpt lat="44.224812" lon="-76.619873"><ele>46.0</ele><time>2021-08-06T23:38:57Z</time></trkpt>
<trkpt lat="44.224821" lon="-76.619864"><ele>46.0</ele><time>2021-08-06T23:38:58Z</time></trkpt>
<trkpt lat="44.224831" lon="-76.619855"><ele>46.0</ele><time>2021-08-06T23:38:59Z</time></trkpt>
<trkpt lat="44.224837" lon="-76.619855"><ele>46.0</ele><time>2021-08-06T23:39:00Z</time></trkpt>
<trkpt lat="44.224847" lon="-76.619846"><ele>46.0</ele><time>2021-08-06T23:39:01Z</time></trkpt>
<trkpt lat="44.22486" lon="-76.619837"><ele>46.0</ele><time>2021-08-06T23:39:02Z</time></trkpt>
<trkpt lat="44.224866" lon="-76.619837"><ele>46.0</ele><time>2021-08-06T23:39:03Z</time></trkpt>
<trkpt lat="44.224876" lon="-76.619828"><ele>46.0</ele><time>2021-08-06T23:39:04Z</time></trkpt>
<trkpt lat="44.224886" lon="-76.619828"><ele>46.0</ele><time>2021-08-06T23:39:05Z</time></trkpt>
<trkpt lat="44.224892" lon="-76.619819"><ele>46.0</ele><time>2021-08-06T23:39:06Z</time></trkpt>
<trkpt lat="44.224905" lon="-76.619811"><ele>46.0</ele><time>2021-08-06T23:39:07Z</time></trkpt>
<trkpt lat="44.224915" lon="-76.619811"><ele>46.0</ele><time>2021-08-06T23:39:08Z</time></trkpt>
<trkpt lat="44.224915" lon="-76.619811"><ele>46.0</ele><time>2021-08-06T23:39:08Z</time></trkpt>
<trkpt lat="44.224925" lon="-76.619802"><ele>46.0</ele><time>2021-08-06T23:39:09Z</time></trkpt>
<trkpt lat="44.224934" lon="-76.619802"><ele>46.0</ele><time>2021-08-06T23:39:10Z</time></trkpt>
<trkpt lat="44.224947" lon="-76.619793"><ele>46.0</ele><time>2021-08-06T23:39:11Z</time></trkpt>
<trkpt lat="44.224957" lon="-76.619793"><ele>46.0</ele><time>2021-08-06T23:39:12Z</time></trkpt>
<trkpt lat="44.224967" lon="-76.619784"><ele>46.0</ele><time>2021-08-06T23:39:13Z</time></trkpt>
<trkpt lat="44.224976" lon="-76.619784"><ele>46.0</ele><time>2021-08-06T23:39:14Z</time></trkpt>
<trkpt lat="44.224989" lon="-76.619775"><ele>46.0</ele><time>2021-08-06T23:39:15Z</time></trkpt>
<trkpt lat="44.224999" lon="-76.619775"><ele>46.0</ele><time>2021-08-06T23:39:16Z</time></trkpt>
<trkpt lat="44.225009" lon="-76.619775"><ele>46.0</ele><time>2021-08-06T23:39:17Z</time></trkpt>
<trkpt lat="44.225018" lon="-76.619766"><ele>46.0</ele><time>2021-08-06T23:39:18Z</time></trkpt>
<trkpt lat="44.225028" lon="-76.619766"><ele>46.0</ele><time>2021-08-06T23:39:19Z</time></trkpt>
<trkpt lat="44.225038" lon="-76.619757"><ele>46.0</ele><time>2021-08-06T23:39:20Z</time></trkpt>
<trkpt lat="44.225047" lon="-76.619757"><ele>46.0</ele><time>2021-08-06T23:39:21Z</time></trkpt>
<trkpt lat="44.225057" lon="-76.619748"><ele>45.0</ele><time>2021-08-06T23:39:22Z</time></trkpt>
<trkpt lat="44.225063" lon="-76.619748"><ele>45.0</ele><time>2021-08-06T23:39:23Z</time></trkpt>
<trkpt lat="44.225073" lon="-76.619748"><ele>45.0</ele><time>2021-08-06T23:39:24Z</time></trkpt>
<trkpt lat="44.225083" lon="-76.619739"><ele>45.0</ele><time>2021-08-06T23:39:25Z</time></trkpt>
<trkpt lat="44.225093" lon="-76.619739"><ele>45.0</ele><time>2021-08-06T23:39:26Z</time></trkpt>
<trkpt lat="44.225099" lon="-76.619739"><ele>46.0</ele><time>2021-08-06T23:39:27Z</time></trkpt>
<trkpt lat="44.225109" lon="-76.61973"><ele>46.0</ele><time>2021-08-06T23:39:28Z</time></trkpt>
<trkpt lat="44.225118" lon="-76.61973"><ele>46.0</ele><time>2021-08-06T23:39:29Z</time></trkpt>
<trkpt lat="44.225128" lon="-76.619721"><ele>46.0</ele><time>2021-08-06T23:39:30Z</time></trkpt>
<trkpt lat="44.225138" lon="-76.619721"><ele>46.0</ele><time>2021-08-06T23:39:31Z</time></trkpt>
<trkpt lat="44.225147" lon="-76.619721"><ele>46.0</ele><time>2021-08-06T23:39:32Z</time></trkpt>
<trkpt lat="44.225154" lon="-76.619712"><ele>46.0</ele><time>2021-08-06T23:39:33Z</time></trkpt>
<trkpt lat="44.225164" lon="-76.619712"><ele>46.0</ele><time>2021-08-06T23:39:34Z</time></trkpt>
<trkpt lat="44.225173" lon="-76.619703"><ele>47.0</ele><time>2021-08-06T23:39:35Z</time></trkpt>
<trkpt lat="44.225183" lon="-76.619703"><ele>47.0</ele><time>2021-08-06T23:39:36Z</time></trkpt>
<trkpt lat="44.225189" lon="-76.619703"><ele>47.0</ele><time>2021-08-06T23:39:37Z</time></trkpt>
<trkpt lat="44.225199" lon="-76.619694"><ele>47.0</ele><time>2021-08-06T23:39:38Z</time></trkpt>
<trkpt lat="44.225209" lon="-76.619694"><ele>47.0</ele><time>2021-08-06T23:39:39Z</time></trkpt>
<trkpt lat="44.225218" lon="-76.619685"><ele>47.0</ele><time>2021-08-06T23:39:40Z</time></trkpt>
<trkpt lat="44.225228" lon="-76.619685"><ele>47.0</ele><time>2021-08-06T23:39:41Z</time></trkpt>
<trkpt lat="44.225238" lon="-76.619676"><ele>47.0</ele><time>2021-08-06T23:39:42Z</time></trkpt>
<trkpt lat="44.225248" lon="-76.619676"><ele>47.0</ele><time>2021-08-06T23:39:43Z</time></trkpt>
<trkpt lat="44.225257" lon="-76.619667"><ele>47.0</ele><time>2021-08-06T23:39:44Z</time></trkpt>
<trkpt lat="44.225264" lon="-76.619667"><ele>47.0</ele><time>2021-08-06T23:39:45Z</time></trkpt>
<trkpt lat="44.225273" lon="-76.619658"><ele>46.0</ele><time>2021-08-06T23:39:46Z</time></trkpt>
<trkpt lat="44.225283" lon="-76.619658"><ele>46.0</ele><time>2021-08-06T23:39:47Z</time></trkpt>
<trkpt lat="44.225293" lon="-76.619649"><ele>46.0</ele><time>2021-08-06T23:39:48Z</time></trkpt>
<trkpt lat="44.225302" lon="-76.619649"><ele>46.0</ele><time>2021-08-06T23:39:49Z</time></trkpt>
<trkpt lat="44.225312" lon="-76.61964"><ele>46.0</ele><time>2021-08-06T23:39:50Z</time></trkpt>
<trkpt lat="44.225319" lon="-76.61964"><ele>46.0</ele><time>2021-08-06T23:39:51Z</time></trkpt>
<trkpt lat="44.225328" lon="-76.61964"><ele>46.0</ele><time>2021-08-06T23:39:52Z</time></trkpt>
<trkpt lat="44.225338" lon="-76.619631"><ele>46.0</ele><time>2021-08-06T23:39:53Z</time></trkpt>
<trkpt lat="44.225344" lon="-76.619631"><ele>46.0</ele><time>2021-08-06T23:39:54Z</time></trkpt>
<trkpt lat="44.225354" lon="-76.619622"><ele>46.0</ele><time>2021-08-06T23:39:55Z</time></trkpt>
<trkpt lat="44.225364" lon="-76.619622"><ele>46.0</ele><time>2021-08-06T23:39:56Z</time></trkpt>
<trkpt lat="44.225374" lon="-76.619613"><ele>46.0</ele><time>2021-08-06T23:39:57Z</time></trkpt>
<trkpt lat="44.225383" lon="-76.619613"><ele>46.0</ele><time>2021-08-06T23:39:58Z</time></trkpt>
<trkpt lat="44.22539" lon="-76.619604"><ele>46.0</ele><time>2021-08-06T23:39:59Z</time></trkpt>
<trkpt lat="44.225399" lon="-76.619604"><ele>46.0</ele><time>2021-08-06T23:40:00Z</time></trkpt>
<trkpt lat="44.225409" lon="-76.619595"><ele>46.0</ele><time>2021-08-06T23:40:01Z</time></trkpt>
<trkpt lat="44.225416" lon="-76.619586"><ele>46.0</ele><time>2021-08-06T23:40:02Z</time></trkpt>
<trkpt lat="44.225425" lon="-76.619586"><ele>46.0</ele><time>2021-08-06T23:40:03Z</time></trkpt>
<trkpt lat="44.225435" lon="-76.619577"><ele>46.0</ele><time>2021-08-06T23:40:04Z</time></trkpt>
<trkpt lat="44.225445" lon="-76.619577"><ele>46.0</ele><time>2021-08-06T23:40:05Z</time></trkpt>
<trkpt lat="44.225451" lon="-76.619568"><ele>46.0</ele><time>2021-08-06T23:40:06Z</time></trkpt>
<trkpt lat="44.225461" lon="-76.619568"><ele>46.0</ele><time>2021-08-06T23:40:07Z</time></trkpt>
<trkpt lat="44.22547" lon="-76.619559"><ele>46.0</ele><time>2021-08-06T23:40:08Z</time></trkpt>
<trkpt lat="44.225477" lon="-76.619559"><ele>46.0</ele><time>2021-08-06T23:40:09Z</time></trkpt>
<trkpt lat="44.225487" lon="-76.61955"><ele>46.0</ele><time>2021-08-06T23:40:10Z</time></trkpt>
<trkpt lat="44.225493" lon="-76.61955"><ele>46.0</ele><time>2021-08-06T23:40:11Z</time></trkpt>
<trkpt lat="44.225503" lon="-76.619541"><ele>46.0</ele><time>2021-08-06T23:40:12Z</time></trkpt>
<trkpt lat="44.225509" lon="-76.619541"><ele>46.0</ele><time>2021-08-06T23:40:13Z</time></trkpt>
<trkpt lat="44.225519" lon="-76.619532"><ele>46.0</ele><time>2021-08-06T23:40:14Z</time></trkpt>
<trkpt lat="44.225525" lon="-76.619532"><ele>46.0</ele><time>2021-08-06T23:40:15Z</time></trkpt>
<trkpt lat="44.225535" lon="-76.619523"><ele>46.0</ele><time>2021-08-06T23:40:16Z</time></trkpt>
<trkpt lat="44.225541" lon="-76.619523"><ele>46.0</ele><time>2021-08-06T23:40:17Z</time></trkpt>
<trkpt lat="44.225548" lon="-76.619514"><ele>46.0</ele><time>2021-08-06T23:40:18Z</time></trkpt>
<trkpt lat="44.225558" lon="-76.619514"><ele>46.0</ele><time>2021-08-06T23:40:19Z</time></trkpt>
<trkpt lat="44.225564" lon="-76.619505"><ele>46.0</ele><time>2021-08-06T23:40:20Z</time></trkpt>
<trkpt lat="44.225574" lon="-76.619496"><ele>45.0</ele><time>2021-08-06T23:40:21Z</time></trkpt>
<trkpt lat="44.22558" lon="-76.619496"><ele>45.0</ele><time>2021-08-06T23:40:22Z</time></trkpt>
<trkpt lat="44.225587" lon="-76.619487"><ele>45.0</ele><time>2021-08-06T23:40:23Z</time></trkpt>
<trkpt lat="44.225596" lon="-76.619487"><ele>46.0</ele><time>2021-08-06T23:40:24Z</time></trkpt>
<trkpt lat="44.225603" lon="-76.619478"><ele>45.0</ele><time>2021-08-06T23:40:25Z</time></trkpt>
<trkpt lat="44.225609" lon="-76.619478"><ele>45.0</ele><time>2021-08-06T23:40:26Z</time></trkpt>
<trkpt lat="44.225616" lon="-76.619469"><ele>45.0</ele><time>2021-08-06T23:40:27Z</time></trkpt>
<trkpt lat="44.225622" lon="-76.619469"><ele>45.0</ele><time>2021-08-06T23:40:28Z</time></trkpt>
<trkpt lat="44.225629" lon="-76.61946"><ele>45.0</ele><time>2021-08-06T23:40:29Z</time></trkpt>
<trkpt lat="44.225635" lon="-76.61946"><ele>45.0</ele><time>2021-08-06T23:40:30Z</time></trkpt>
<trkpt lat="44.225648" lon="-76.619451"><ele>45.0</ele><time>2021-08-06T23:40:31Z</time></trkpt>
<trkpt lat="44.225651" lon="-76.619451"><ele>45.0</ele><time>2021-08-06T23:40:32Z</time></trkpt>
<trkpt lat="44.225655" lon="-76.619451"><ele>45.0</ele><time>2021-08-06T23:40:33Z</time></trkpt>
<trkpt lat="44.225661" lon="-76.619451"><ele>45.0</ele><time>2021-08-06T23:40:34Z</time></trkpt>
<trkpt lat="44.225671" lon="-76.619442"><ele>45.0</ele><time>2021-08-06T23:40:35Z</time></trkpt>
<trkpt lat="44.225677" lon="-76.619442"><ele>45.0</ele><time>2021-08-06T23:40:36Z</time></trkpt>
<trkpt lat="44.225684" lon="-76.619442"><ele>45.0</ele><time>2021-08-06T23:40:37Z</time></trkpt>
<trkpt lat="44.22569" lon="-76.619433"><ele>45.0</ele><time>2021-08-06T23:40:38Z</time></trkpt>
<trkpt lat="44.225696" lon="-76.619433"><ele>45.0</ele><time>2021-08-06T23:40:39Z</time></trkpt>
<trkpt lat="44.225703" lon="-76.619433"><ele>45.0</ele><time>2021-08-06T23:40:40Z</time></trkpt>
<trkpt lat="44.225709" lon="-76.619433"><ele>45.0</ele><time>2021-08-06T23:40:41Z</time></trkpt>
<trkpt lat="44.225716" lon="-76.619424"><ele>45.0</ele><time>2021-08-06T23:40:42Z</time></trkpt>
<trkpt lat="44.225726" lon="-76.619424"><ele>45.0</ele><time>2021-08-06T23:40:43Z</time></trkpt>
<trkpt lat="44.225732" lon="-76.619424"><ele>45.0</ele><time>2021-08-06T23:40:44Z</time></trkpt>
<trkpt lat="44.225738" lon="-76.619415"><ele>45.0</ele><time>2021-08-06T23:40:45Z</time></trkpt>
<trkpt lat="44.225745" lon="-76.619415"><ele>45.0</ele><time>2021-08-06T23:40:46Z</time></trkpt>
<trkpt lat="44.225755" lon="-76.619415"><ele>45.0</ele><time>2021-08-06T23:40:47Z</time></trkpt>
<trkpt lat="44.225761" lon="-76.619415"><ele>45.0</ele><time>2021-08-06T23:40:48Z</time></trkpt>
<trkpt lat="44.225771" lon="-76.619406"><ele>45.0</ele><time>2021-08-06T23:40:49Z</time></trkpt>
<trkpt lat="44.225777" lon="-76.619406"><ele>45.0</ele><time>2021-08-06T23:40:50Z</time></trkpt>
<trkpt lat="44.225784" lon="-76.619406"><ele>45.0</ele><time>2021-08-06T23:40:51Z</time></trkpt>
<trkpt lat="44.225793" lon="-76.619406"><ele>45.0</ele><time>2021-08-06T23:40:52Z</time></trkpt>
<trkpt lat="44.225803" lon="-76.619397"><ele>45.0</ele><time>2021-08-06T23:40:53Z</time></trkpt>
<trkpt lat="44.22581" lon="-76.619397"><ele>45.0</ele><time>2021-08-06T23:40:54Z</time></trkpt>
<trkpt lat="44.225816" lon="-76.619397"><ele>45.0</ele><time>2021-08-06T23:40:55Z</time></trkpt>
<trkpt lat="44.225822" lon="-76.619388"><ele>45.0</ele><time>2021-08-06T23:40:56Z</time></trkpt>
<trkpt lat="44.225832" lon="-76.619388"><ele>45.0</ele><time>2021-08-06T23:40:57Z</time></trkpt>
<trkpt lat="44.225839" lon="-76.619388"><ele>45.0</ele><time>2021-08-06T23:40:58Z</time></trkpt>
<trkpt lat="44.225845" lon="-76.619379"><ele>45.0</ele><time>2021-08-06T23:40:59Z</time></trkpt>
<trkpt lat="44.225855" lon="-76.619379"><ele>45.0</ele><time>2021-08-06T23:41:00Z</time></trkpt>
<trkpt lat="44.225861" lon="-76.619379"><ele>45.0</ele><time>2021-08-06T23:41:01Z</time></trkpt>
<trkpt lat="44.225868" lon="-76.619379"><ele>45.0</ele><time>2021-08-06T23:41:02Z</time></trkpt>
<trkpt lat="44.225877" lon="-76.61937"><ele>45.0</ele><time>2021-08-06T23:41:03Z</time></trkpt>
<trkpt lat="44.225884" lon="-76.61937"><ele>45.0</ele><time>2021-08-06T23:41:04Z</time></trkpt>
<trkpt lat="44.22589" lon="-76.61937"><ele>45.0</ele><time>2021-08-06T23:41:05Z</time></trkpt>
<trkpt lat="44.225897" lon="-76.619361"><ele>45.0</ele><time>2021-08-06T23:41:06Z</time></trkpt>
<trkpt lat="44.225906" lon="-76.619361"><ele>45.0</ele><time>2021-08-06T23:41:07Z</time></trkpt>
<trkpt lat="44.225913" lon="-76.619361"><ele>44.0</ele><time>2021-08-06T23:41:08Z</time></trkpt>
<trkpt lat="44.225919" lon="-76.619361"><ele>44.0</ele><time>2021-08-06T23:41:09Z</time></trkpt>
<trkpt lat="44.225926" lon="-76.619361"><ele>44.0</ele><time>2021-08-06T23:41:10Z</time></trkpt>
<trkpt lat="44.225935" lon="-76.619361"><ele>44.0</ele><time>2021-08-06T23:41:11Z</time></trkpt>
<trkpt lat="44.225942" lon="-76.619361"><ele>44.0</ele><time>2021-08-06T23:41:12Z</time></trkpt>
<trkpt lat="44.225945" lon="-76.619352"><ele>44.0</ele><time>2021-08-06T23:41:13Z</time></trkpt>
<trkpt lat="44.225952" lon="-76.619352"><ele>44.0</ele><time>2021-08-06T23:41:14Z</time></trkpt>
<trkpt lat="44.225958" lon="-76.619352"><ele>45.0</ele><time>2021-08-06T23:41:15Z</time></trkpt>
<trkpt lat="44.225965" lon="-76.619352"><ele>45.0</ele><time>2021-08-06T23:41:16Z</time></trkpt>
<trkpt lat="44.225974" lon="-76.619352"><ele>45.0</ele><time>2021-08-06T23:41:17Z</time></trkpt>
<trkpt lat="44.225981" lon="-76.619352"><ele>45.0</ele><time>2021-08-06T23:41:18Z</time></trkpt>
<trkpt lat="44.225987" lon="-76.619352"><ele>45.0</ele><time>2021-08-06T23:41:19Z</time></trkpt>
<trkpt lat="44.22599" lon="-76.619343"><ele>45.0</ele><time>2021-08-06T23:41:20Z</time></trkpt>
<trkpt lat="44.225997" lon="-76.619343"><ele>45.0</ele><time>2021-08-06T23:41:21Z</time></trkpt>
<trkpt lat="44.226003" lon="-76.619343"><ele>45.0</ele><time>2021-08-06T23:41:22Z</time></trkpt>
<trkpt lat="44.22601" lon="-76.619343"><ele>44.0</ele><time>2021-08-06T23:41:23Z</time></trkpt>
<trkpt lat="44.226016" lon="-76.619334"><ele>45.0</ele><time>2021-08-06T23:41:24Z</time></trkpt>
<trkpt lat="44.226023" lon="-76.619334"><ele>44.0</ele><time>2021-08-06T23:41:25Z</time></trkpt>
<trkpt lat="44.226026" lon="-76.619334"><ele>44.0</ele><time>2021-08-06T23:41:26Z</time></trkpt>
<trkpt lat="44.226032" lon="-76.619334"><ele>44.0</ele><time>2021-08-06T23:41:27Z</time></trkpt>
<trkpt lat="44.226039" lon="-76.619334"><ele>44.0</ele><time>2021-08-06T23:41:28Z</time></trkpt>
<trkpt lat="44.226045" lon="-76.619325"><ele>44.0</ele><time>2021-08-06T23:41:29Z</time></trkpt>
<trkpt lat="44.226052" lon="-76.619325"><ele>44.0</ele><time>2021-08-06T23:41:30Z</time></trkpt>
<trkpt lat="44.226055" lon="-76.619325"><ele>44.0</ele><time>2021-08-06T23:41:31Z</time></trkpt>
<trkpt lat="44.226061" lon="-76.619325"><ele>44.0</ele><time>2021-08-06T23:41:32Z</time></trkpt>
<trkpt lat="44.226068" lon="-76.619316"><ele>44.0</ele><time>2021-08-06T23:41:33Z</time></trkpt>
<trkpt lat="44.226074" lon="-76.619316"><ele>44.0</ele><time>2021-08-06T23:41:34Z</time></trkpt>
<trkpt lat="44.226081" lon="-76.619316"><ele>44.0</ele><time>2021-08-06T23:41:35Z</time></trkpt>
<trkpt lat="44.226087" lon="-76.619316"><ele>44.0</ele><time>2021-08-06T23:41:36Z</time></trkpt>
<trkpt lat="44.226094" lon="-76.619307"><ele>44.0</ele><time>2021-08-06T23:41:37Z</time></trkpt>
<trkpt lat="44.2261" lon="-76.619307"><ele>44.0</ele><time>2021-08-06T23:41:38Z</time></trkpt>
<trkpt lat="44.226107" lon="-76.619307"><ele>44.0</ele><time>2021-08-06T23:41:39Z</time></trkpt>
<trkpt lat="44.226113" lon="-76.619298"><ele>44.0</ele><time>2021-08-06T23:41:40Z</time></trkpt>
<trkpt lat="44.22612" lon="-76.619298"><ele>44.0</ele><time>2021-08-06T23:41:41Z</time></trkpt>
<trkpt lat="44.226126" lon="-76.619298"><ele>44.0</ele><time>2021-08-06T23:41:42Z</time></trkpt>
<trkpt lat="44.226136" lon="-76.61929"><ele>44.0</ele><time>2021-08-06T23:41:43Z</time></trkpt>
<trkpt lat="44.226142" lon="-76.61929"><ele>44.0</ele><time>2021-08-06T23:41:44Z</time></trkpt>
<trkpt lat="44.226145" lon="-76.61929"><ele>44.0</ele><time>2021-08-06T23:41:45Z</time></trkpt>
<trkpt lat="44.226152" lon="-76.61929"><ele>44.0</ele><time>2021-08-06T23:41:46Z</time></trkpt>
<trkpt lat="44.226158" lon="-76.61929"><ele>44.0</ele><time>2021-08-06T23:41:47Z</time></trkpt>
<trkpt lat="44.226165" lon="-76.619281"><ele>44.0</ele><time>2021-08-06T23:41:48Z</time></trkpt>
<trkpt lat="44.226171" lon="-76.619281"><ele>44.0</ele><time>2021-08-06T23:41:49Z</time></trkpt>
<trkpt lat="44.226178" lon="-76.619281"><ele>44.0</ele><time>2021-08-06T23:41:50Z</time></trkpt>
<trkpt lat="44.226184" lon="-76.619281"><ele>44.0</ele><time>2021-08-06T23:41:51Z</time></trkpt>
<trkpt lat="44.226191" lon="-76.619281"><ele>44.0</ele><time>2021-08-06T23:41:52Z</time></trkpt>
<trkpt lat="44.226197" lon="-76.619272"><ele>43.0</ele><time>2021-08-06T23:41:53Z</time></trkpt>
<trkpt lat="44.226204" lon="-76.619272"><ele>44.0</ele><time>2021-08-06T23:41:54Z</time></trkpt>
<trkpt lat="44.22621" lon="-76.619272"><ele>44.0</ele><time>2021-08-06T23:41:55Z</time></trkpt>
<trkpt lat="44.226216" lon="-76.619272"><ele>44.0</ele><time>2021-08-06T23:41:56Z</time></trkpt>
<trkpt lat="44.226226" lon="-76.619272"><ele>44.0</ele><time>2021-08-06T23:41:57Z</time></trkpt>
<trkpt lat="44.226233" lon="-76.619272"><ele>44.0</ele><time>2021-08-06T23:41:58Z</time></trkpt>
<trkpt lat="44.226239" lon="-76.619263"><ele>44.0</ele><time>2021-08-06T23:41:59Z</time></trkpt>
<trkpt lat="44.226246" lon="-76.619263"><ele>44.0</ele><time>2021-08-06T23:42:00Z</time></trkpt>
<trkpt lat="44.226252" lon="-76.619263"><ele>44.0</ele><time>2021-08-06T23:42:01Z</time></trkpt>
<trkpt lat="44.226258" lon="-76.619263"><ele>44.0</ele><time>2021-08-06T23:42:02Z</time></trkpt>
<trkpt lat="44.226265" lon="-76.619263"><ele>44.0</ele><time>2021-08-06T23:42:03Z</time></trkpt>
<trkpt lat="44.226271" lon="-76.619254"><ele>44.0</ele><time>2021-08-06T23:42:04Z</time></trkpt>
<trkpt lat="44.226278" lon="-76.619254"><ele>44.0</ele><time>2021-08-06T23:42:05Z</time></trkpt>
<trkpt lat="44.226284" lon="-76.619254"><ele>44.0</ele><time>2021-08-06T23:42:06Z</time></trkpt>
<trkpt lat="44.226288" lon="-76.619254"><ele>44.0</ele><time>2021-08-06T23:42:07Z</time></trkpt>
<trkpt lat="44.226294" lon="-76.619254"><ele>44.0</ele><time>2021-08-06T23:42:08Z</time></trkpt>
<trkpt lat="44.2263" lon="-76.619254"><ele>44.0</ele><time>2021-08-06T23:42:09Z</time></trkpt>
<trkpt lat="44.22631" lon="-76.619254"><ele>44.0</ele><time>2021-08-06T23:42:10Z</time></trkpt>
<trkpt lat="44.226317" lon="-76.619245"><ele>45.0</ele><time>2021-08-06T23:42:11Z</time></trkpt>
<trkpt lat="44.226323" lon="-76.619245"><ele>45.0</ele><time>2021-08-06T23:42:12Z</time></trkpt>
<trkpt lat="44.22633" lon="-76.619245"><ele>45.0</ele><time>2021-08-06T23:42:13Z</time></trkpt>
<trkpt lat="44.226336" lon="-76.619245"><ele>45.0</ele><time>2021-08-06T23:42:14Z</time></trkpt>
<trkpt lat="44.226342" lon="-76.619245"><ele>45.0</ele><time>2021-08-06T23:42:15Z</time></trkpt>
<trkpt lat="44.226349" lon="-76.619245"><ele>45.0</ele><time>2021-08-06T23:42:16Z</time></trkpt>
<trkpt lat="44.226352" lon="-76.619245"><ele>45.0</ele><time>2021-08-06T23:42:17Z</time></trkpt>
<trkpt lat="44.226359" lon="-76.619245"><ele>45.0</ele><time>2021-08-06T23:42:18Z</time></trkpt>
<trkpt lat="44.226365" lon="-76.619245"><ele>45.0</ele><time>2021-08-06T23:42:19Z</time></trkpt>
<trkpt lat="44.226368" lon="-76.619245"><ele>45.0</ele><time>2021-08-06T23:42:20Z</time></trkpt>
<trkpt lat="44.226375" lon="-76.619245"><ele>44.0</ele><time>2021-08-06T23:42:21Z</time></trkpt>
<trkpt lat="44.226381" lon="-76.619245"><ele>44.0</ele><time>2021-08-06T23:42:22Z</time></trkpt>
<trkpt lat="44.226388" lon="-76.619236"><ele>44.0</ele><time>2021-08-06T23:42:23Z</time></trkpt>
<trkpt lat="44.226394" lon="-76.619236"><ele>44.0</ele><time>2021-08-06T23:42:24Z</time></trkpt>
<trkpt lat="44.226401" lon="-76.619236"><ele>44.0</ele><time>2021-08-06T23:42:25Z</time></trkpt>
<trkpt lat="44.226404" lon="-76.619236"><ele>44.0</ele><time>2021-08-06T23:42:26Z</time></trkpt>
<trkpt lat="44.22641" lon="-76.619236"><ele>44.0</ele><time>2021-08-06T23:42:27Z</time></trkpt>
<trkpt lat="44.226417" lon="-76.619236"><ele>44.0</ele><time>2021-08-06T23:42:28Z</time></trkpt>
<trkpt lat="44.226423" lon="-76.619236"><ele>44.0</ele><time>2021-08-06T23:42:29Z</time></trkpt>
<trkpt lat="44.22643" lon="-76.619236"><ele>44.0</ele><time>2021-08-06T23:42:30Z</time></trkpt>
<trkpt lat="44.226433" lon="-76.619236"><ele>44.0</ele><time>2021-08-06T23:42:31Z</time></trkpt>
<trkpt lat="44.226439" lon="-76.619236"><ele>44.0</ele><time>2021-08-06T23:42:32Z</time></trkpt>
<trkpt lat="44.226446" lon="-76.619236"><ele>44.0</ele><time>2021-08-06T23:42:33Z</time></trkpt>
<trkpt lat="44.226452" lon="-76.619236"><ele>44.0</ele><time>2021-08-06T23:42:34Z</time></trkpt>
<trkpt lat="44.226459" lon="-76.619236"><ele>44.0</ele><time>2021-08-06T23:42:35Z</time></trkpt>
<trkpt lat="44.226465" lon="-76.619236"><ele>45.0</ele><time>2021-08-06T23:42:36Z</time></trkpt>
<trkpt lat="44.226472" lon="-76.619236"><ele>45.0</ele><time>2021-08-06T23:42:37Z</time></trkpt>
<trkpt lat="44.226478" lon="-76.619227"><ele>45.0</ele><time>2021-08-06T23:42:38Z</time></trkpt>
<trkpt lat="44.226485" lon="-76.619227"><ele>45.0</ele><time>2021-08-06T23:42:39Z</time></trkpt>
<trkpt lat="44.226491" lon="-76.619227"><ele>45.0</ele><time>2021-08-06T23:42:40Z</time></trkpt>
<trkpt lat="44.226497" lon="-76.619227"><ele>45.0</ele><time>2021-08-06T23:42:41Z</time></trkpt>
<trkpt lat="44.226501" lon="-76.619218"><ele>45.0</ele><time>2021-08-06T23:42:42Z</time></trkpt>
<trkpt lat="44.226507" lon="-76.619218"><ele>45.0</ele><time>2021-08-06T23:42:43Z</time></trkpt>
<trkpt lat="44.226514" lon="-76.619218"><ele>45.0</ele><time>2021-08-06T23:42:44Z</time></trkpt>
<trkpt lat="44.22652" lon="-76.619218"><ele>45.0</ele><time>2021-08-06T23:42:45Z</time></trkpt>
<trkpt lat="44.226523" lon="-76.619218"><ele>45.0</ele><time>2021-08-06T23:42:46Z</time></trkpt>
<trkpt lat="44.22653" lon="-76.619218"><ele>45.0</ele><time>2021-08-06T23:42:47Z</time></trkpt>
<trkpt lat="44.226539" lon="-76.619209"><ele>45.0</ele><time>2021-08-06T23:42:48Z</time></trkpt>
<trkpt lat="44.226546" lon="-76.619209"><ele>45.0</ele><time>2021-08-06T23:42:49Z</time></trkpt>
<trkpt lat="44.226552" lon="-76.619209"><ele>45.0</ele><time>2021-08-06T23:42:50Z</time></trkpt>
<trkpt lat="44.226559" lon="-76.619209"><ele>45.0</ele><time>2021-08-06T23:42:51Z</time></trkpt>
<trkpt lat="44.226565" lon="-76.619209"><ele>45.0</ele><time>2021-08-06T23:42:52Z</time></trkpt>
<trkpt lat="44.226572" lon="-76.619209"><ele>46.0</ele><time>2021-08-06T23:42:53Z</time></trkpt>
<trkpt lat="44.226578" lon="-76.6192"><ele>46.0</ele><time>2021-08-06T23:42:54Z</time></trkpt>
<trkpt lat="44.226585" lon="-76.6192"><ele>46.0</ele><time>2021-08-06T23:42:55Z</time></trkpt>
<trkpt lat="44.226591" lon="-76.6192"><ele>46.0</ele><time>2021-08-06T23:42:56Z</time></trkpt>
<trkpt lat="44.226601" lon="-76.619191"><ele>46.0</ele><time>2021-08-06T23:42:57Z</time></trkpt>
<trkpt lat="44.226607" lon="-76.619191"><ele>46.0</ele><time>2021-08-06T23:42:58Z</time></trkpt>
<trkpt lat="44.226614" lon="-76.619191"><ele>46.0</ele><time>2021-08-06T23:42:59Z</time></trkpt>
<trkpt lat="44.22662" lon="-76.619182"><ele>46.0</ele><time>2021-08-06T23:43:00Z</time></trkpt>
<trkpt lat="44.22663" lon="-76.619182"><ele>46.0</ele><time>2021-08-06T23:43:01Z</time></trkpt>
<trkpt lat="44.226636" lon="-76.619173"><ele>46.0</ele><time>2021-08-06T23:43:02Z</time></trkpt>
<trkpt lat="44.226643" lon="-76.619173"><ele>46.0</ele><time>2021-08-06T23:43:03Z</time></trkpt>
<trkpt lat="44.226649" lon="-76.619164"><ele>46.0</ele><time>2021-08-06T23:43:04Z</time></trkpt>
<trkpt lat="44.226656" lon="-76.619164"><ele>46.0</ele><time>2021-08-06T23:43:05Z</time></trkpt>
<trkpt lat="44.226662" lon="-76.619155"><ele>46.0</ele><time>2021-08-06T23:43:06Z</time></trkpt>
<trkpt lat="44.226665" lon="-76.619155"><ele>46.0</ele><time>2021-08-06T23:43:07Z</time></trkpt>
<trkpt lat="44.226672" lon="-76.619146"><ele>46.0</ele><time>2021-08-06T23:43:08Z</time></trkpt>
<trkpt lat="44.226678" lon="-76.619146"><ele>46.0</ele><time>2021-08-06T23:43:09Z</time></trkpt>
<trkpt lat="44.226685" lon="-76.619146"><ele>46.0</ele><time>2021-08-06T23:43:10Z</time></trkpt>
<trkpt lat="44.226691" lon="-76.619137"><ele>46.0</ele><time>2021-08-06T23:43:11Z</time></trkpt>
<trkpt lat="44.226698" lon="-76.619137"><ele>46.0</ele><time>2021-08-06T23:43:12Z</time></trkpt>
<trkpt lat="44.226704" lon="-76.619128"><ele>46.0</ele><time>2021-08-06T23:43:13Z</time></trkpt>
<trkpt lat="44.226711" lon="-76.619128"><ele>46.0</ele><time>2021-08-06T23:43:14Z</time></trkpt>
<trkpt lat="44.226717" lon="-76.619119"><ele>46.0</ele><time>2021-08-06T23:43:15Z</time></trkpt>
<trkpt lat="44.226724" lon="-76.619119"><ele>46.0</ele><time>2021-08-06T23:43:16Z</time></trkpt>
<trkpt lat="44.22673" lon="-76.619119"><ele>45.0</ele><time>2021-08-06T23:43:17Z</time></trkpt>
<trkpt lat="44.226736" lon="-76.61911"><ele>45.0</ele><time>2021-08-06T23:43:18Z</time></trkpt>
<trkpt lat="44.226743" lon="-76.61911"><ele>45.0</ele><time>2021-08-06T23:43:19Z</time></trkpt>
<trkpt lat="44.226749" lon="-76.61911"><ele>45.0</ele><time>2021-08-06T23:43:20Z</time></trkpt>
<trkpt lat="44.226753" lon="-76.61911"><ele>45.0</ele><time>2021-08-06T23:43:21Z</time></trkpt>
<trkpt lat="44.226759" lon="-76.619101"><ele>45.0</ele><time>2021-08-06T23:43:22Z</time></trkpt>
<trkpt lat="44.226766" lon="-76.619101"><ele>45.0</ele><time>2021-08-06T23:43:23Z</time></trkpt>
<trkpt lat="44.226772" lon="-76.619101"><ele>45.0</ele><time>2021-08-06T23:43:24Z</time></trkpt>
<trkpt lat="44.226778" lon="-76.619101"><ele>45.0</ele><time>2021-08-06T23:43:25Z</time></trkpt>
<trkpt lat="44.226785" lon="-76.619101"><ele>45.0</ele><time>2021-08-06T23:43:26Z</time></trkpt>
<trkpt lat="44.226791" lon="-76.619101"><ele>45.0</ele><time>2021-08-06T23:43:27Z</time></trkpt>
<trkpt lat="44.226798" lon="-76.619092"><ele>45.0</ele><time>2021-08-06T23:43:28Z</time></trkpt>
<trkpt lat="44.226804" lon="-76.619092"><ele>45.0</ele><time>2021-08-06T23:43:29Z</time></trkpt>
<trkpt lat="44.226811" lon="-76.619092"><ele>45.0</ele><time>2021-08-06T23:43:30Z</time></trkpt>
<trkpt lat="44.226817" lon="-76.619092"><ele>44.0</ele><time>2021-08-06T23:43:31Z</time></trkpt>
<trkpt lat="44.226824" lon="-76.619092"><ele>44.0</ele><time>2021-08-06T23:43:32Z</time></trkpt>
<trkpt lat="44.226833" lon="-76.619092"><ele>44.0</ele><time>2021-08-06T23:43:33Z</time></trkpt>
<trkpt lat="44.22684" lon="-76.619092"><ele>45.0</ele><time>2021-08-06T23:43:34Z</time></trkpt>
<trkpt lat="44.226846" lon="-76.619083"><ele>45.0</ele><time>2021-08-06T23:43:35Z</time></trkpt>
<trkpt lat="44.226853" lon="-76.619083"><ele>44.0</ele><time>2021-08-06T23:43:36Z</time></trkpt>
<trkpt lat="44.226859" lon="-76.619083"><ele>44.0</ele><time>2021-08-06T23:43:37Z</time></trkpt>
<trkpt lat="44.226869" lon="-76.619083"><ele>44.0</ele><time>2021-08-06T23:43:38Z</time></trkpt>
<trkpt lat="44.226875" lon="-76.619083"><ele>44.0</ele><time>2021-08-06T23:43:39Z</time></trkpt>
<trkpt lat="44.226882" lon="-76.619074"><ele>44.0</ele><time>2021-08-06T23:43:40Z</time></trkpt>
<trkpt lat="44.226891" lon="-76.619074"><ele>44.0</ele><time>2021-08-06T23:43:41Z</time></trkpt>
<trkpt lat="44.226898" lon="-76.619074"><ele>44.0</ele><time>2021-08-06T23:43:42Z</time></trkpt>
<trkpt lat="44.226908" lon="-76.619074"><ele>44.0</ele><time>2021-08-06T23:43:43Z</time></trkpt>
<trkpt lat="44.226914" lon="-76.619065"><ele>44.0</ele><time>2021-08-06T23:43:44Z</time></trkpt>
<trkpt lat="44.226924" lon="-76.619065"><ele>44.0</ele><time>2021-08-06T23:43:45Z</time></trkpt>
<trkpt lat="44.226933" lon="-76.619065"><ele>44.0</ele><time>2021-08-06T23:43:46Z</time></trkpt>
<trkpt lat="44.22694" lon="-76.619065"><ele>45.0</ele><time>2021-08-06T23:43:47Z</time></trkpt>
<trkpt lat="44.22695" lon="-76.619065"><ele>45.0</ele><time>2021-08-06T23:43:48Z</time></trkpt>
<trkpt lat="44.226959" lon="-76.619056"><ele>45.0</ele><time>2021-08-06T23:43:49Z</time></trkpt>
<trkpt lat="44.226969" lon="-76.619056"><ele>45.0</ele><time>2021-08-06T23:43:50Z</time></trkpt>
<trkpt lat="44.226975" lon="-76.619056"><ele>45.0</ele><time>2021-08-06T23:43:51Z</time></trkpt>
<trkpt lat="44.226985" lon="-76.619056"><ele>45.0</ele><time>2021-08-06T23:43:52Z</time></trkpt>
<trkpt lat="44.226995" lon="-76.619047"><ele>45.0</ele><time>2021-08-06T23:43:53Z</time></trkpt>
<trkpt lat="44.227008" lon="-76.619047"><ele>45.0</ele><time>2021-08-06T23:43:54Z</time></trkpt>
<trkpt lat="44.227017" lon="-76.619047"><ele>46.0</ele><time>2021-08-06T23:43:55Z</time></trkpt>
<trkpt lat="44.227027" lon="-76.619047"><ele>45.0</ele><time>2021-08-06T23:43:56Z</time></trkpt>
<trkpt lat="44.227037" lon="-76.619047"><ele>45.0</ele><time>2021-08-06T23:43:57Z</time></trkpt>
<trkpt lat="44.227047" lon="-76.619047"><ele>45.0</ele><time>2021-08-06T23:43:58Z</time></trkpt>
<trkpt lat="44.227053" lon="-76.619047"><ele>45.0</ele><time>2021-08-06T23:43:59Z</time></trkpt>
<trkpt lat="44.227066" lon="-76.619038"><ele>45.0</ele><time>2021-08-06T23:44:00Z</time></trkpt>
<trkpt lat="44.227076" lon="-76.619038"><ele>45.0</ele><time>2021-08-06T23:44:01Z</time></trkpt>
<trkpt lat="44.227082" lon="-76.619038"><ele>46.0</ele><time>2021-08-06T23:44:02Z</time></trkpt>
<trkpt lat="44.227092" lon="-76.619038"><ele>46.0</ele><time>2021-08-06T23:44:03Z</time></trkpt>
<trkpt lat="44.227101" lon="-76.619038"><ele>46.0</ele><time>2021-08-06T23:44:04Z</time></trkpt>
<trkpt lat="44.227111" lon="-76.619029"><ele>46.0</ele><time>2021-08-06T23:44:05Z</time></trkpt>
<trkpt lat="44.227118" lon="-76.619029"><ele>45.0</ele><time>2021-08-06T23:44:06Z</time></trkpt>
<trkpt lat="44.227127" lon="-76.619029"><ele>45.0</ele><time>2021-08-06T23:44:07Z</time></trkpt>
<trkpt lat="44.227134" lon="-76.61902"><ele>45.0</ele><time>2021-08-06T23:44:08Z</time></trkpt>
<trkpt lat="44.227143" lon="-76.61902"><ele>45.0</ele><time>2021-08-06T23:44:09Z</time></trkpt>
<trkpt lat="44.22715" lon="-76.61902"><ele>45.0</ele><time>2021-08-06T23:44:10Z</time></trkpt>
<trkpt lat="44.22716" lon="-76.61902"><ele>45.0</ele><time>2021-08-06T23:44:11Z</time></trkpt>
<trkpt lat="44.227166" lon="-76.619011"><ele>45.0</ele><time>2021-08-06T23:44:12Z</time></trkpt>
<trkpt lat="44.227172" lon="-76.619011"><ele>45.0</ele><time>2021-08-06T23:44:13Z</time></trkpt>
<trkpt lat="44.227182" lon="-76.619011"><ele>45.0</ele><time>2021-08-06T23:44:14Z</time></trkpt>
<trkpt lat="44.227189" lon="-76.619011"><ele>45.0</ele><time>2021-08-06T23:44:15Z</time></trkpt>
<trkpt lat="44.227198" lon="-76.619002"><ele>45.0</ele><time>2021-08-06T23:44:16Z</time></trkpt>
<trkpt lat="44.227205" lon="-76.619002"><ele>45.0</ele><time>2021-08-06T23:44:17Z</time></trkpt>
<trkpt lat="44.227214" lon="-76.619002"><ele>45.0</ele><time>2021-08-06T23:44:18Z</time></trkpt>
<trkpt lat="44.227221" lon="-76.619002"><ele>45.0</ele><time>2021-08-06T23:44:19Z</time></trkpt>
<trkpt lat="44.227231" lon="-76.618993"><ele>45.0</ele><time>2021-08-06T23:44:20Z</time></trkpt>
<trkpt lat="44.227237" lon="-76.618993"><ele>45.0</ele><time>2021-08-06T23:44:21Z</time></trkpt>
<trkpt lat="44.227247" lon="-76.618993"><ele>45.0</ele><time>2021-08-06T23:44:22Z</time></trkpt>
<trkpt lat="44.227256" lon="-76.618993"><ele>45.0</ele><time>2021-08-06T23:44:23Z</time></trkpt>
<trkpt lat="44.227263" lon="-76.618984"><ele>45.0</ele><time>2021-08-06T23:44:24Z</time></trkpt>
<trkpt lat="44.227273" lon="-76.618984"><ele>45.0</ele><time>2021-08-06T23:44:25Z</time></trkpt>
<trkpt lat="44.227282" lon="-76.618984"><ele>45.0</ele><time>2021-08-06T23:44:26Z</time></trkpt>
<trkpt lat="44.227292" lon="-76.618984"><ele>45.0</ele><time>2021-08-06T23:44:27Z</time></trkpt>
<trkpt lat="44.227302" lon="-76.618975"><ele>45.0</ele><time>2021-08-06T23:44:28Z</time></trkpt>
<trkpt lat="44.227311" lon="-76.618975"><ele>45.0</ele><time>2021-08-06T23:44:29Z</time></trkpt>
<trkpt lat="44.227321" lon="-76.618975"><ele>45.0</ele><time>2021-08-06T23:44:30Z</time></trkpt>
<trkpt lat="44.227331" lon="-76.618966"><ele>45.0</ele><time>2021-08-06T23:44:31Z</time></trkpt>
<trkpt lat="44.22734" lon="-76.618966"><ele>45.0</ele><time>2021-08-06T23:44:32Z</time></trkpt>
<trkpt lat="44.22735" lon="-76.618966"><ele>45.0</ele><time>2021-08-06T23:44:33Z</time></trkpt>
<trkpt lat="44.22736" lon="-76.618957"><ele>45.0</ele><time>2021-08-06T23:44:34Z</time></trkpt>
<trkpt lat="44.227366" lon="-76.618957"><ele>45.0</ele><time>2021-08-06T23:44:35Z</time></trkpt>
<trkpt lat="44.227376" lon="-76.618957"><ele>45.0</ele><time>2021-08-06T23:44:36Z</time></trkpt>
<trkpt lat="44.227386" lon="-76.618948"><ele>45.0</ele><time>2021-08-06T23:44:37Z</time></trkpt>
<trkpt lat="44.227395" lon="-76.618948"><ele>45.0</ele><time>2021-08-06T23:44:38Z</time></trkpt>
<trkpt lat="44.227405" lon="-76.618948"><ele>45.0</ele><time>2021-08-06T23:44:39Z</time></trkpt>
<trkpt lat="44.227415" lon="-76.618939"><ele>46.0</ele><time>2021-08-06T23:44:40Z</time></trkpt>
<trkpt lat="44.227424" lon="-76.618939"><ele>45.0</ele><time>2021-08-06T23:44:41Z</time></trkpt>
<trkpt lat="44.227431" lon="-76.618939"><ele>45.0</ele><time>2021-08-06T23:44:42Z</time></trkpt>
<trkpt lat="44.227441" lon="-76.61893"><ele>46.0</ele><time>2021-08-06T23:44:43Z</time></trkpt>
<trkpt lat="44.22745" lon="-76.61893"><ele>45.0</ele><time>2021-08-06T23:44:44Z</time></trkpt>
<trkpt lat="44.227457" lon="-76.61893"><ele>45.0</ele><time>2021-08-06T23:44:45Z</time></trkpt>
<trkpt lat="44.227466" lon="-76.61893"><ele>46.0</ele><time>2021-08-06T23:44:46Z</time></trkpt>
<trkpt lat="44.227476" lon="-76.618921"><ele>46.0</ele><time>2021-08-06T23:44:47Z</time></trkpt>
<trkpt lat="44.227486" lon="-76.618921"><ele>46.0</ele><time>2021-08-06T23:44:48Z</time></trkpt>
<trkpt lat="44.227495" lon="-76.618921"><ele>46.0</ele><time>2021-08-06T23:44:49Z</time></trkpt>
<trkpt lat="44.227502" lon="-76.618912"><ele>46.0</ele><time>2021-08-06T23:44:50Z</time></trkpt>
<trkpt lat="44.227512" lon="-76.618912"><ele>46.0</ele><time>2021-08-06T23:44:51Z</time></trkpt>
<trkpt lat="44.227521" lon="-76.618912"><ele>46.0</ele><time>2021-08-06T23:44:52Z</time></trkpt>
<trkpt lat="44.227528" lon="-76.618912"><ele>46.0</ele><time>2021-08-06T23:44:53Z</time></trkpt>
<trkpt lat="44.227537" lon="-76.618912"><ele>46.0</ele><time>2021-08-06T23:44:54Z</time></trkpt>
<trkpt lat="44.227547" lon="-76.618903"><ele>46.0</ele><time>2021-08-06T23:44:55Z</time></trkpt>
<trkpt lat="44.227554" lon="-76.618903"><ele>46.0</ele><time>2021-08-06T23:44:56Z</time></trkpt>
<trkpt lat="44.227563" lon="-76.618903"><ele>46.0</ele><time>2021-08-06T23:44:57Z</time></trkpt>
<trkpt lat="44.22757" lon="-76.618903"><ele>45.0</ele><time>2021-08-06T23:44:58Z</time></trkpt>
<trkpt lat="44.227576" lon="-76.618903"><ele>45.0</ele><time>2021-08-06T23:44:59Z</time></trkpt>
<trkpt lat="44.227586" lon="-76.618903"><ele>45.0</ele><time>2021-08-06T23:45:00Z</time></trkpt>
<trkpt lat="44.227592" lon="-76.618903"><ele>45.0</ele><time>2021-08-06T23:45:01Z</time></trkpt>
<trkpt lat="44.227602" lon="-76.618903"><ele>45.0</ele><time>2021-08-06T23:45:02Z</time></trkpt>
<trkpt lat="44.227608" lon="-76.618903"><ele>45.0</ele><time>2021-08-06T23:45:03Z</time></trkpt>
<trkpt lat="44.227618" lon="-76.618903"><ele>45.0</ele><time>2021-08-06T23:45:04Z</time></trkpt>
<trkpt lat="44.227625" lon="-76.618903"><ele>45.0</ele><time>2021-08-06T23:45:05Z</time></trkpt>
<trkpt lat="44.227631" lon="-76.618903"><ele>45.0</ele><time>2021-08-06T23:45:06Z</time></trkpt>
<trkpt lat="44.227641" lon="-76.618903"><ele>45.0</ele><time>2021-08-06T23:45:07Z</time></trkpt>
<trkpt lat="44.227647" lon="-76.618903"><ele>45.0</ele><time>2021-08-06T23:45:08Z</time></trkpt>
<trkpt lat="44.227654" lon="-76.618903"><ele>45.0</ele><time>2021-08-06T23:45:09Z</time></trkpt>
<trkpt lat="44.227663" lon="-76.618903"><ele>45.0</ele><time>2021-08-06T23:45:10Z</time></trkpt>
<trkpt lat="44.22767" lon="-76.618903"><ele>45.0</ele><time>2021-08-06T23:45:11Z</time></trkpt>
<trkpt lat="44.227676" lon="-76.618903"><ele>45.0</ele><time>2021-08-06T23:45:12Z</time></trkpt>
<trkpt lat="44.227686" lon="-76.618903"><ele>45.0</ele><time>2021-08-06T23:45:13Z</time></trkpt>
<trkpt lat="44.227692" lon="-76.618903"><ele>45.0</ele><time>2021-08-06T23:45:14Z</time></trkpt>
<trkpt lat="44.227702" lon="-76.618903"><ele>45.0</ele><time>2021-08-06T23:45:15Z</time></trkpt>
<trkpt lat="44.227709" lon="-76.618894"><ele>45.0</ele><time>2021-08-06T23:45:16Z</time></trkpt>
<trkpt lat="44.227718" lon="-76.618894"><ele>45.0</ele><time>2021-08-06T23:45:17Z</time></trkpt>
<trkpt lat="44.227725" lon="-76.618894"><ele>45.0</ele><time>2021-08-06T23:45:18Z</time></trkpt>
<trkpt lat="44.227731" lon="-76.618894"><ele>45.0</ele><time>2021-08-06T23:45:19Z</time></trkpt>
<trkpt lat="44.227741" lon="-76.618894"><ele>45.0</ele><time>2021-08-06T23:45:20Z</time></trkpt>
<trkpt lat="44.227747" lon="-76.618894"><ele>45.0</ele><time>2021-08-06T23:45:21Z</time></trkpt>
<trkpt lat="44.227757" lon="-76.618894"><ele>45.0</ele><time>2021-08-06T23:45:22Z</time></trkpt>
<trkpt lat="44.227763" lon="-76.618903"><ele>45.0</ele><time>2021-08-06T23:45:23Z</time></trkpt>
<trkpt lat="44.227773" lon="-76.618903"><ele>45.0</ele><time>2021-08-06T23:45:24Z</time></trkpt>
<trkpt lat="44.22778" lon="-76.618903"><ele>45.0</ele><time>2021-08-06T23:45:25Z</time></trkpt>
<trkpt lat="44.227789" lon="-76.618903"><ele>45.0</ele><time>2021-08-06T23:45:26Z</time></trkpt>
<trkpt lat="44.227796" lon="-76.618903"><ele>45.0</ele><time>2021-08-06T23:45:27Z</time></trkpt>
<trkpt lat="44.227805" lon="-76.618903"><ele>45.0</ele><time>2021-08-06T23:45:28Z</time></trkpt>
<trkpt lat="44.227812" lon="-76.618903"><ele>45.0</ele><time>2021-08-06T23:45:29Z</time></trkpt>
<trkpt lat="44.227822" lon="-76.618903"><ele>45.0</ele><time>2021-08-06T23:45:30Z</time></trkpt>
<trkpt lat="44.227828" lon="-76.618903"><ele>45.0</ele><time>2021-08-06T23:45:31Z</time></trkpt>
<trkpt lat="44.227838" lon="-76.618903"><ele>45.0</ele><time>2021-08-06T23:45:32Z</time></trkpt>
<trkpt lat="44.227847" lon="-76.618903"><ele>45.0</ele><time>2021-08-06T23:45:33Z</time></trkpt>
<trkpt lat="44.227857" lon="-76.618903"><ele>45.0</ele><time>2021-08-06T23:45:34Z</time></trkpt>
<trkpt lat="44.227867" lon="-76.618903"><ele>45.0</ele><time>2021-08-06T23:45:35Z</time></trkpt>
<trkpt lat="44.227877" lon="-76.618903"><ele>45.0</ele><time>2021-08-06T23:45:36Z</time></trkpt>
<trkpt lat="44.227883" lon="-76.618903"><ele>45.0</ele><time>2021-08-06T23:45:37Z</time></trkpt>
<trkpt lat="44.227893" lon="-76.618903"><ele>45.0</ele><time>2021-08-06T23:45:38Z</time></trkpt>
<trkpt lat="44.227899" lon="-76.618903"><ele>45.0</ele><time>2021-08-06T23:45:39Z</time></trkpt>
<trkpt lat="44.227906" lon="-76.618903"><ele>45.0</ele><time>2021-08-06T23:45:40Z</time></trkpt>
<trkpt lat="44.227915" lon="-76.618903"><ele>45.0</ele><time>2021-08-06T23:45:41Z</time></trkpt>
<trkpt lat="44.227925" lon="-76.618903"><ele>45.0</ele><time>2021-08-06T23:45:42Z</time></trkpt>
<trkpt lat="44.227931" lon="-76.618903"><ele>45.0</ele><time>2021-08-06T23:45:43Z</time></trkpt>
<trkpt lat="44.227941" lon="-76.618903"><ele>45.0</ele><time>2021-08-06T23:45:44Z</time></trkpt>
<trkpt lat="44.227951" lon="-76.618903"><ele>45.0</ele><time>2021-08-06T23:45:45Z</time></trkpt>
<trkpt lat="44.22796" lon="-76.618903"><ele>45.0</ele><time>2021-08-06T23:45:46Z</time></trkpt>
<trkpt lat="44.22797" lon="-76.618903"><ele>45.0</ele><time>2021-08-06T23:45:47Z</time></trkpt>
<trkpt lat="44.227977" lon="-76.618903"><ele>45.0</ele><time>2021-08-06T23:45:48Z</time></trkpt>
<trkpt lat="44.227986" lon="-76.618903"><ele>45.0</ele><time>2021-08-06T23:45:49Z</time></trkpt>
<trkpt lat="44.227996" lon="-76.618903"><ele>45.0</ele><time>2021-08-06T23:45:50Z</time></trkpt>
<trkpt lat="44.228006" lon="-76.618894"><ele>45.0</ele><time>2021-08-06T23:45:51Z</time></trkpt>
<trkpt lat="44.228012" lon="-76.618894"><ele>45.0</ele><time>2021-08-06T23:45:52Z</time></trkpt>
<trkpt lat="44.228022" lon="-76.618894"><ele>45.0</ele><time>2021-08-06T23:45:53Z</time></trkpt>
<trkpt lat="44.228032" lon="-76.618894"><ele>45.0</ele><time>2021-08-06T23:45:54Z</time></trkpt>
<trkpt lat="44.228041" lon="-76.618894"><ele>45.0</ele><time>2021-08-06T23:45:55Z</time></trkpt>
<trkpt lat="44.228051" lon="-76.618894"><ele>45.0</ele><time>2021-08-06T23:45:56Z</time></trkpt>
<trkpt lat="44.228061" lon="-76.618894"><ele>45.0</ele><time>2021-08-06T23:45:57Z</time></trkpt>
<trkpt lat="44.228067" lon="-76.618894"><ele>45.0</ele><time>2021-08-06T23:45:58Z</time></trkpt>
<trkpt lat="44.228077" lon="-76.618894"><ele>44.0</ele><time>2021-08-06T23:45:59Z</time></trkpt>
<trkpt lat="44.228086" lon="-76.618894"><ele>45.0</ele><time>2021-08-06T23:46:00Z</time></trkpt>
<trkpt lat="44.228096" lon="-76.618894"><ele>45.0</ele><time>2021-08-06T23:46:01Z</time></trkpt>
<trkpt lat="44.228106" lon="-76.618903"><ele>45.0</ele><time>2021-08-06T23:46:02Z</time></trkpt>
<trkpt lat="44.228116" lon="-76.618903"><ele>45.0</ele><time>2021-08-06T23:46:03Z</time></trkpt>
<trkpt lat="44.228125" lon="-76.618903"><ele>45.0</ele><time>2021-08-06T23:46:04Z</time></trkpt>
<trkpt lat="44.228132" lon="-76.618903"><ele>45.0</ele><time>2021-08-06T23:46:05Z</time></trkpt>
<trkpt lat="44.228141" lon="-76.618912"><ele>45.0</ele><time>2021-08-06T23:46:06Z</time></trkpt>
<trkpt lat="44.228148" lon="-76.618912"><ele>45.0</ele><time>2021-08-06T23:46:07Z</time></trkpt>
<trkpt lat="44.228157" lon="-76.618912"><ele>45.0</ele><time>2021-08-06T23:46:08Z</time></trkpt>
<trkpt lat="44.228167" lon="-76.618912"><ele>45.0</ele><time>2021-08-06T23:46:09Z</time></trkpt>
<trkpt lat="44.228177" lon="-76.618912"><ele>46.0</ele><time>2021-08-06T23:46:10Z</time></trkpt>
<trkpt lat="44.228183" lon="-76.618912"><ele>46.0</ele><time>2021-08-06T23:46:11Z</time></trkpt>
<trkpt lat="44.228193" lon="-76.618921"><ele>46.0</ele><time>2021-08-06T23:46:12Z</time></trkpt>
<trkpt lat="44.228199" lon="-76.618921"><ele>46.0</ele><time>2021-08-06T23:46:13Z</time></trkpt>
<trkpt lat="44.228206" lon="-76.618921"><ele>45.0</ele><time>2021-08-06T23:46:14Z</time></trkpt>
<trkpt lat="44.228216" lon="-76.618921"><ele>45.0</ele><time>2021-08-06T23:46:15Z</time></trkpt>
<trkpt lat="44.228222" lon="-76.61893"><ele>45.0</ele><time>2021-08-06T23:46:16Z</time></trkpt>
<trkpt lat="44.228232" lon="-76.61893"><ele>45.0</ele><time>2021-08-06T23:46:17Z</time></trkpt>
<trkpt lat="44.228241" lon="-76.61893"><ele>46.0</ele><time>2021-08-06T23:46:18Z</time></trkpt>
<trkpt lat="44.228248" lon="-76.61893"><ele>45.0</ele><time>2021-08-06T23:46:19Z</time></trkpt>
<trkpt lat="44.228254" lon="-76.61893"><ele>45.0</ele><time>2021-08-06T23:46:20Z</time></trkpt>
<trkpt lat="44.228264" lon="-76.61893"><ele>45.0</ele><time>2021-08-06T23:46:21Z</time></trkpt>
<trkpt lat="44.228271" lon="-76.61893"><ele>46.0</ele><time>2021-08-06T23:46:22Z</time></trkpt>
<trkpt lat="44.22828" lon="-76.61893"><ele>45.0</ele><time>2021-08-06T23:46:23Z</time></trkpt>
<trkpt lat="44.22829" lon="-76.61893"><ele>46.0</ele><time>2021-08-06T23:46:24Z</time></trkpt>
<trkpt lat="44.2283" lon="-76.61893"><ele>45.0</ele><time>2021-08-06T23:46:25Z</time></trkpt>
<trkpt lat="44.228306" lon="-76.61893"><ele>45.0</ele><time>2021-08-06T23:46:26Z</time></trkpt>
<trkpt lat="44.228316" lon="-76.61893"><ele>45.0</ele><time>2021-08-06T23:46:27Z</time></trkpt>
<trkpt lat="44.228325" lon="-76.618939"><ele>45.0</ele><time>2021-08-06T23:46:28Z</time></trkpt>
<trkpt lat="44.228335" lon="-76.618939"><ele>45.0</ele><time>2021-08-06T23:46:29Z</time></trkpt>
<trkpt lat="44.228345" lon="-76.618939"><ele>45.0</ele><time>2021-08-06T23:46:30Z</time></trkpt>
<trkpt lat="44.228354" lon="-76.618939"><ele>45.0</ele><time>2021-08-06T23:46:31Z</time></trkpt>
<trkpt lat="44.228361" lon="-76.61893"><ele>45.0</ele><time>2021-08-06T23:46:32Z</time></trkpt>
<trkpt lat="44.228371" lon="-76.61893"><ele>45.0</ele><time>2021-08-06T23:46:33Z</time></trkpt>
<trkpt lat="44.22838" lon="-76.61893"><ele>45.0</ele><time>2021-08-06T23:46:34Z</time></trkpt>
<trkpt lat="44.22839" lon="-76.61893"><ele>45.0</ele><time>2021-08-06T23:46:35Z</time></trkpt>
<trkpt lat="44.2284" lon="-76.61893"><ele>45.0</ele><time>2021-08-06T23:46:36Z</time></trkpt>
<trkpt lat="44.228409" lon="-76.61893"><ele>45.0</ele><time>2021-08-06T23:46:37Z</time></trkpt>
<trkpt lat="44.228419" lon="-76.61893"><ele>45.0</ele><time>2021-08-06T23:46:38Z</time></trkpt>
<trkpt lat="44.228426" lon="-76.61893"><ele>45.0</ele><time>2021-08-06T23:46:39Z</time></trkpt>
<trkpt lat="44.228435" lon="-76.61893"><ele>45.0</ele><time>2021-08-06T23:46:40Z</time></trkpt>
<trkpt lat="44.228445" lon="-76.61893"><ele>45.0</ele><time>2021-08-06T23:46:41Z</time></trkpt>
<trkpt lat="44.228451" lon="-76.61893"><ele>45.0</ele><time>2021-08-06T23:46:42Z</time></trkpt>
<trkpt lat="44.228461" lon="-76.61893"><ele>45.0</ele><time>2021-08-06T23:46:43Z</time></trkpt>
<trkpt lat="44.228468" lon="-76.618921"><ele>45.0</ele><time>2021-08-06T23:46:44Z</time></trkpt>
<trkpt lat="44.228477" lon="-76.618921"><ele>45.0</ele><time>2021-08-06T23:46:45Z</time></trkpt>
<trkpt lat="44.228484" lon="-76.618921"><ele>45.0</ele><time>2021-08-06T23:46:46Z</time></trkpt>
<trkpt lat="44.22849" lon="-76.618921"><ele>45.0</ele><time>2021-08-06T23:46:47Z</time></trkpt>
<trkpt lat="44.2285" lon="-76.618921"><ele>45.0</ele><time>2021-08-06T23:46:48Z</time></trkpt>
<trkpt lat="44.228506" lon="-76.618921"><ele>45.0</ele><time>2021-08-06T23:46:49Z</time></trkpt>
<trkpt lat="44.228513" lon="-76.618921"><ele>45.0</ele><time>2021-08-06T23:46:50Z</time></trkpt>
<trkpt lat="44.228522" lon="-76.618912"><ele>45.0</ele><time>2021-08-06T23:46:51Z</time></trkpt>
<trkpt lat="44.228532" lon="-76.618912"><ele>45.0</ele><time>2021-08-06T23:46:52Z</time></trkpt>
<trkpt lat="44.228539" lon="-76.618912"><ele>45.0</ele><time>2021-08-06T23:46:53Z</time></trkpt>
<trkpt lat="44.228548" lon="-76.618912"><ele>45.0</ele><time>2021-08-06T23:46:54Z</time></trkpt>
<trkpt lat="44.228555" lon="-76.618921"><ele>45.0</ele><time>2021-08-06T23:46:55Z</time></trkpt>
<trkpt lat="44.228564" lon="-76.618921"><ele>45.0</ele><time>2021-08-06T23:46:56Z</time></trkpt>
<trkpt lat="44.228571" lon="-76.618921"><ele>45.0</ele><time>2021-08-06T23:46:57Z</time></trkpt>
<trkpt lat="44.228577" lon="-76.618921"><ele>44.0</ele><time>2021-08-06T23:46:58Z</time></trkpt>
<trkpt lat="44.228584" lon="-76.618921"><ele>45.0</ele><time>2021-08-06T23:46:59Z</time></trkpt>
<trkpt lat="44.228593" lon="-76.61893"><ele>45.0</ele><time>2021-08-06T23:47:00Z</time></trkpt>
<trkpt lat="44.2286" lon="-76.61893"><ele>45.0</ele><time>2021-08-06T23:47:01Z</time></trkpt>
<trkpt lat="44.228606" lon="-76.61893"><ele>44.0</ele><time>2021-08-06T23:47:02Z</time></trkpt>
<trkpt lat="44.228613" lon="-76.61893"><ele>44.0</ele><time>2021-08-06T23:47:03Z</time></trkpt>
<trkpt lat="44.228619" lon="-76.618939"><ele>44.0</ele><time>2021-08-06T23:47:04Z</time></trkpt>
<trkpt lat="44.228629" lon="-76.618939"><ele>44.0</ele><time>2021-08-06T23:47:05Z</time></trkpt>
<trkpt lat="44.228632" lon="-76.618939"><ele>44.0</ele><time>2021-08-06T23:47:06Z</time></trkpt>
<trkpt lat="44.228639" lon="-76.618939"><ele>44.0</ele><time>2021-08-06T23:47:07Z</time></trkpt>
<trkpt lat="44.228642" lon="-76.618948"><ele>44.0</ele><time>2021-08-06T23:47:08Z</time></trkpt>
<trkpt lat="44.228648" lon="-76.618948"><ele>44.0</ele><time>2021-08-06T23:47:09Z</time></trkpt>
<trkpt lat="44.228655" lon="-76.618948"><ele>44.0</ele><time>2021-08-06T23:47:10Z</time></trkpt>
<trkpt lat="44.228661" lon="-76.618957"><ele>44.0</ele><time>2021-08-06T23:47:11Z</time></trkpt>
<trkpt lat="44.228668" lon="-76.618957"><ele>45.0</ele><time>2021-08-06T23:47:12Z</time></trkpt>
<trkpt lat="44.228674" lon="-76.618957"><ele>45.0</ele><time>2021-08-06T23:47:13Z</time></trkpt>
<trkpt lat="44.228684" lon="-76.618957"><ele>45.0</ele><time>2021-08-06T23:47:14Z</time></trkpt>
<trkpt lat="44.22869" lon="-76.618966"><ele>45.0</ele><time>2021-08-06T23:47:15Z</time></trkpt>
<trkpt lat="44.228697" lon="-76.618966"><ele>44.0</ele><time>2021-08-06T23:47:16Z</time></trkpt>
<trkpt lat="44.228707" lon="-76.618966"><ele>44.0</ele><time>2021-08-06T23:47:17Z</time></trkpt>
<trkpt lat="44.228713" lon="-76.618966"><ele>44.0</ele><time>2021-08-06T23:47:18Z</time></trkpt>
<trkpt lat="44.228719" lon="-76.618975"><ele>44.0</ele><time>2021-08-06T23:47:19Z</time></trkpt>
<trkpt lat="44.228729" lon="-76.618975"><ele>44.0</ele><time>2021-08-06T23:47:20Z</time></trkpt>
<trkpt lat="44.228736" lon="-76.618975"><ele>44.0</ele><time>2021-08-06T23:47:21Z</time></trkpt>
<trkpt lat="44.228742" lon="-76.618975"><ele>44.0</ele><time>2021-08-06T23:47:22Z</time></trkpt>
<trkpt lat="44.228752" lon="-76.618975"><ele>45.0</ele><time>2021-08-06T23:47:23Z</time></trkpt>
<trkpt lat="44.228755" lon="-76.618975"><ele>45.0</ele><time>2021-08-06T23:47:24Z</time></trkpt>
<trkpt lat="44.228761" lon="-76.618975"><ele>45.0</ele><time>2021-08-06T23:47:25Z</time></trkpt>
<trkpt lat="44.228771" lon="-76.618975"><ele>44.0</ele><time>2021-08-06T23:47:26Z</time></trkpt>
<trkpt lat="44.228778" lon="-76.618975"><ele>44.0</ele><time>2021-08-06T23:47:27Z</time></trkpt>
<trkpt lat="44.228784" lon="-76.618975"><ele>44.0</ele><time>2021-08-06T23:47:28Z</time></trkpt>
<trkpt lat="44.22879" lon="-76.618975"><ele>44.0</ele><time>2021-08-06T23:47:29Z</time></trkpt>
<trkpt lat="44.2288" lon="-76.618975"><ele>45.0</ele><time>2021-08-06T23:47:30Z</time></trkpt>
<trkpt lat="44.228807" lon="-76.618975"><ele>45.0</ele><time>2021-08-06T23:47:31Z</time></trkpt>
<trkpt lat="44.228816" lon="-76.618975"><ele>45.0</ele><time>2021-08-06T23:47:32Z</time></trkpt>
<trkpt lat="44.228823" lon="-76.618975"><ele>44.0</ele><time>2021-08-06T23:47:33Z</time></trkpt>
<trkpt lat="44.228829" lon="-76.618975"><ele>44.0</ele><time>2021-08-06T23:47:34Z</time></trkpt>
<trkpt lat="44.228839" lon="-76.618975"><ele>45.0</ele><time>2021-08-06T23:47:35Z</time></trkpt>
<trkpt lat="44.228845" lon="-76.618975"><ele>44.0</ele><time>2021-08-06T23:47:36Z</time></trkpt>
<trkpt lat="44.228852" lon="-76.618975"><ele>45.0</ele><time>2021-08-06T23:47:37Z</time></trkpt>
<trkpt lat="44.228858" lon="-76.618975"><ele>45.0</ele><time>2021-08-06T23:47:38Z</time></trkpt>
<trkpt lat="44.228865" lon="-76.618975"><ele>45.0</ele><time>2021-08-06T23:47:39Z</time></trkpt>
<trkpt lat="44.228874" lon="-76.618975"><ele>45.0</ele><time>2021-08-06T23:47:40Z</time></trkpt>
<trkpt lat="44.228881" lon="-76.618975"><ele>45.0</ele><time>2021-08-06T23:47:41Z</time></trkpt>
<trkpt lat="44.228887" lon="-76.618975"><ele>44.0</ele><time>2021-08-06T23:47:42Z</time></trkpt>
<trkpt lat="44.228897" lon="-76.618975"><ele>44.0</ele><time>2021-08-06T23:47:43Z</time></trkpt>
<trkpt lat="44.228904" lon="-76.618966"><ele>44.0</ele><time>2021-08-06T23:47:44Z</time></trkpt>
<trkpt lat="44.22891" lon="-76.618966"><ele>44.0</ele><time>2021-08-06T23:47:45Z</time></trkpt>
<trkpt lat="44.22892" lon="-76.618966"><ele>45.0</ele><time>2021-08-06T23:47:46Z</time></trkpt>
<trkpt lat="44.228926" lon="-76.618966"><ele>45.0</ele><time>2021-08-06T23:47:47Z</time></trkpt>
<trkpt lat="44.228936" lon="-76.618966"><ele>45.0</ele><time>2021-08-06T23:47:48Z</time></trkpt>
<trkpt lat="44.228942" lon="-76.618966"><ele>45.0</ele><time>2021-08-06T23:47:49Z</time></trkpt>
<trkpt lat="44.228949" lon="-76.618966"><ele>45.0</ele><time>2021-08-06T23:47:50Z</time></trkpt>
<trkpt lat="44.228958" lon="-76.618966"><ele>45.0</ele><time>2021-08-06T23:47:51Z</time></trkpt>
<trkpt lat="44.228965" lon="-76.618957"><ele>44.0</ele><time>2021-08-06T23:47:52Z</time></trkpt>
<trkpt lat="44.228971" lon="-76.618957"><ele>44.0</ele><time>2021-08-06T23:47:53Z</time></trkpt>
<trkpt lat="44.228981" lon="-76.618957"><ele>45.0</ele><time>2021-08-06T23:47:54Z</time></trkpt>
<trkpt lat="44.228987" lon="-76.618957"><ele>45.0</ele><time>2021-08-06T23:47:55Z</time></trkpt>
<trkpt lat="44.228994" lon="-76.618957"><ele>44.0</ele><time>2021-08-06T23:47:56Z</time></trkpt>
<trkpt lat="44.229004" lon="-76.618957"><ele>44.0</ele><time>2021-08-06T23:47:57Z</time></trkpt>
<trkpt lat="44.22901" lon="-76.618966"><ele>44.0</ele><time>2021-08-06T23:47:58Z</time></trkpt>
<trkpt lat="44.22902" lon="-76.618966"><ele>44.0</ele><time>2021-08-06T23:47:59Z</time></trkpt>
<trkpt lat="44.229026" lon="-76.618966"><ele>44.0</ele><time>2021-08-06T23:48:00Z</time></trkpt>
<trkpt lat="44.229036" lon="-76.618957"><ele>44.0</ele><time>2021-08-06T23:48:01Z</time></trkpt>
<trkpt lat="44.229042" lon="-76.618957"><ele>44.0</ele><time>2021-08-06T23:48:02Z</time></trkpt>
<trkpt lat="44.229049" lon="-76.618957"><ele>44.0</ele><time>2021-08-06T23:48:03Z</time></trkpt>
<trkpt lat="44.229059" lon="-76.618957"><ele>44.0</ele><time>2021-08-06T23:48:04Z</time></trkpt>
<trkpt lat="44.229065" lon="-76.618957"><ele>44.0</ele><time>2021-08-06T23:48:05Z</time></trkpt>
<trkpt lat="44.229075" lon="-76.618957"><ele>44.0</ele><time>2021-08-06T23:48:06Z</time></trkpt>
<trkpt lat="44.229081" lon="-76.618948"><ele>44.0</ele><time>2021-08-06T23:48:07Z</time></trkpt>
<trkpt lat="44.229091" lon="-76.618948"><ele>44.0</ele><time>2021-08-06T23:48:08Z</time></trkpt>
<trkpt lat="44.229097" lon="-76.618948"><ele>43.0</ele><time>2021-08-06T23:48:09Z</time></trkpt>
<trkpt lat="44.229097" lon="-76.618948"><ele>43.0</ele><time>2021-08-06T23:48:10Z</time></trkpt>
<trkpt lat="44.229104" lon="-76.618948"><ele>44.0</ele><time>2021-08-06T23:48:10Z</time></trkpt>
<trkpt lat="44.229117" lon="-76.618939"><ele>44.0</ele><time>2021-08-06T23:48:11Z</time></trkpt>
<trkpt lat="44.229126" lon="-76.618921"><ele>45.0</ele><time>2021-08-06T23:48:12Z</time></trkpt>
<trkpt lat="44.22912" lon="-76.618921"><ele>45.0</ele><time>2021-08-06T23:48:13Z</time></trkpt>
<trkpt lat="44.22912" lon="-76.618912"><ele>45.0</ele><time>2021-08-06T23:48:14Z</time></trkpt>
<trkpt lat="44.229126" lon="-76.618912"><ele>45.0</ele><time>2021-08-06T23:48:15Z</time></trkpt>
<trkpt lat="44.22913" lon="-76.618912"><ele>45.0</ele><time>2021-08-06T23:48:16Z</time></trkpt>
<trkpt lat="44.229136" lon="-76.618912"><ele>45.0</ele><time>2021-08-06T23:48:17Z</time></trkpt>
<trkpt lat="44.229143" lon="-76.618912"><ele>45.0</ele><time>2021-08-06T23:48:18Z</time></trkpt>
<trkpt lat="44.229152" lon="-76.618912"><ele>45.0</ele><time>2021-08-06T23:48:19Z</time></trkpt>
<trkpt lat="44.229159" lon="-76.618912"><ele>45.0</ele><time>2021-08-06T23:48:20Z</time></trkpt>
<trkpt lat="44.229168" lon="-76.618921"><ele>45.0</ele><time>2021-08-06T23:48:21Z</time></trkpt>
<trkpt lat="44.229175" lon="-76.618921"><ele>45.0</ele><time>2021-08-06T23:48:22Z</time></trkpt>
<trkpt lat="44.229181" lon="-76.618921"><ele>45.0</ele><time>2021-08-06T23:48:23Z</time></trkpt>
<trkpt lat="44.229188" lon="-76.618921"><ele>45.0</ele><time>2021-08-06T23:48:24Z</time></trkpt>
<trkpt lat="44.229194" lon="-76.618921"><ele>45.0</ele><time>2021-08-06T23:48:25Z</time></trkpt>
<trkpt lat="44.229204" lon="-76.618921"><ele>45.0</ele><time>2021-08-06T23:48:26Z</time></trkpt>
<trkpt lat="44.22921" lon="-76.618912"><ele>45.0</ele><time>2021-08-06T23:48:27Z</time></trkpt>
<trkpt lat="44.22922" lon="-76.618912"><ele>45.0</ele><time>2021-08-06T23:48:28Z</time></trkpt>
<trkpt lat="44.229226" lon="-76.618912"><ele>45.0</ele><time>2021-08-06T23:48:29Z</time></trkpt>
<trkpt lat="44.229236" lon="-76.618912"><ele>45.0</ele><time>2021-08-06T23:48:30Z</time></trkpt>
<trkpt lat="44.229243" lon="-76.618912"><ele>45.0</ele><time>2021-08-06T23:48:31Z</time></trkpt>
<trkpt lat="44.229249" lon="-76.618903"><ele>45.0</ele><time>2021-08-06T23:48:32Z</time></trkpt>
<trkpt lat="44.229259" lon="-76.618903"><ele>45.0</ele><time>2021-08-06T23:48:33Z</time></trkpt>
<trkpt lat="44.229265" lon="-76.618894"><ele>45.0</ele><time>2021-08-06T23:48:34Z</time></trkpt>
<trkpt lat="44.229275" lon="-76.618894"><ele>45.0</ele><time>2021-08-06T23:48:35Z</time></trkpt>
<trkpt lat="44.229281" lon="-76.618894"><ele>45.0</ele><time>2021-08-06T23:48:36Z</time></trkpt>
<trkpt lat="44.229288" lon="-76.618885"><ele>45.0</ele><time>2021-08-06T23:48:37Z</time></trkpt>
<trkpt lat="44.229294" lon="-76.618885"><ele>45.0</ele><time>2021-08-06T23:48:38Z</time></trkpt>
<trkpt lat="44.229301" lon="-76.618876"><ele>45.0</ele><time>2021-08-06T23:48:39Z</time></trkpt>
<trkpt lat="44.229304" lon="-76.618876"><ele>45.0</ele><time>2021-08-06T23:48:40Z</time></trkpt>
<trkpt lat="44.229314" lon="-76.618876"><ele>45.0</ele><time>2021-08-06T23:48:41Z</time></trkpt>
<trkpt lat="44.22932" lon="-76.618876"><ele>45.0</ele><time>2021-08-06T23:48:42Z</time></trkpt>
<trkpt lat="44.229327" lon="-76.618867"><ele>45.0</ele><time>2021-08-06T23:48:43Z</time></trkpt>
<trkpt lat="44.229333" lon="-76.618867"><ele>45.0</ele><time>2021-08-06T23:48:44Z</time></trkpt>
<trkpt lat="44.229343" lon="-76.618867"><ele>45.0</ele><time>2021-08-06T23:48:45Z</time></trkpt>
<trkpt lat="44.229349" lon="-76.618867"><ele>45.0</ele><time>2021-08-06T23:48:46Z</time></trkpt>
<trkpt lat="44.229356" lon="-76.618858"><ele>45.0</ele><time>2021-08-06T23:48:47Z</time></trkpt>
<trkpt lat="44.229362" lon="-76.618858"><ele>45.0</ele><time>2021-08-06T23:48:48Z</time></trkpt>
<trkpt lat="44.229369" lon="-76.618858"><ele>45.0</ele><time>2021-08-06T23:48:49Z</time></trkpt>
<trkpt lat="44.229378" lon="-76.618858"><ele>45.0</ele><time>2021-08-06T23:48:50Z</time></trkpt>
<trkpt lat="44.229385" lon="-76.618849"><ele>45.0</ele><time>2021-08-06T23:48:51Z</time></trkpt>
<trkpt lat="44.229391" lon="-76.618849"><ele>45.0</ele><time>2021-08-06T23:48:52Z</time></trkpt>
<trkpt lat="44.229398" lon="-76.618849"><ele>45.0</ele><time>2021-08-06T23:48:53Z</time></trkpt>
<trkpt lat="44.229404" lon="-76.618849"><ele>45.0</ele><time>2021-08-06T23:48:54Z</time></trkpt>
<trkpt lat="44.229411" lon="-76.618849"><ele>46.0</ele><time>2021-08-06T23:48:55Z</time></trkpt>
<trkpt lat="44.22942" lon="-76.618849"><ele>45.0</ele><time>2021-08-06T23:48:56Z</time></trkpt>
<trkpt lat="44.229427" lon="-76.618849"><ele>46.0</ele><time>2021-08-06T23:48:57Z</time></trkpt>
<trkpt lat="44.229433" lon="-76.618849"><ele>46.0</ele><time>2021-08-06T23:48:58Z</time></trkpt>
<trkpt lat="44.22944" lon="-76.61884"><ele>46.0</ele><time>2021-08-06T23:48:59Z</time></trkpt>
<trkpt lat="44.229446" lon="-76.61884"><ele>46.0</ele><time>2021-08-06T23:49:00Z</time></trkpt>
<trkpt lat="44.229453" lon="-76.61884"><ele>46.0</ele><time>2021-08-06T23:49:01Z</time></trkpt>
<trkpt lat="44.229459" lon="-76.61884"><ele>46.0</ele><time>2021-08-06T23:49:02Z</time></trkpt>
<trkpt lat="44.229469" lon="-76.61884"><ele>46.0</ele><time>2021-08-06T23:49:03Z</time></trkpt>
<trkpt lat="44.229475" lon="-76.61884"><ele>46.0</ele><time>2021-08-06T23:49:04Z</time></trkpt>
<trkpt lat="44.229482" lon="-76.61884"><ele>46.0</ele><time>2021-08-06T23:49:05Z</time></trkpt>
<trkpt lat="44.229488" lon="-76.61884"><ele>46.0</ele><time>2021-08-06T23:49:06Z</time></trkpt>
<trkpt lat="44.229495" lon="-76.61884"><ele>46.0</ele><time>2021-08-06T23:49:07Z</time></trkpt>
<trkpt lat="44.229501" lon="-76.61884"><ele>46.0</ele><time>2021-08-06T23:49:08Z</time></trkpt>
<trkpt lat="44.229507" lon="-76.61884"><ele>46.0</ele><time>2021-08-06T23:49:09Z</time></trkpt>
<trkpt lat="44.229514" lon="-76.61884"><ele>46.0</ele><time>2021-08-06T23:49:10Z</time></trkpt>
<trkpt lat="44.22952" lon="-76.61884"><ele>46.0</ele><time>2021-08-06T23:49:11Z</time></trkpt>
<trkpt lat="44.229527" lon="-76.61884"><ele>46.0</ele><time>2021-08-06T23:49:12Z</time></trkpt>
<trkpt lat="44.229533" lon="-76.61884"><ele>46.0</ele><time>2021-08-06T23:49:13Z</time></trkpt>
<trkpt lat="44.22954" lon="-76.61884"><ele>46.0</ele><time>2021-08-06T23:49:14Z</time></trkpt>
<trkpt lat="44.229546" lon="-76.61884"><ele>46.0</ele><time>2021-08-06T23:49:15Z</time></trkpt>
<trkpt lat="44.229549" lon="-76.618831"><ele>46.0</ele><time>2021-08-06T23:49:16Z</time></trkpt>
<trkpt lat="44.229556" lon="-76.618831"><ele>46.0</ele><time>2021-08-06T23:49:17Z</time></trkpt>
<trkpt lat="44.229562" lon="-76.618831"><ele>46.0</ele><time>2021-08-06T23:49:18Z</time></trkpt>
<trkpt lat="44.229569" lon="-76.618831"><ele>45.0</ele><time>2021-08-06T23:49:19Z</time></trkpt>
<trkpt lat="44.229572" lon="-76.618831"><ele>45.0</ele><time>2021-08-06T23:49:20Z</time></trkpt>
<trkpt lat="44.229578" lon="-76.618831"><ele>45.0</ele><time>2021-08-06T23:49:21Z</time></trkpt>
<trkpt lat="44.229585" lon="-76.618831"><ele>45.0</ele><time>2021-08-06T23:49:22Z</time></trkpt>
<trkpt lat="44.229591" lon="-76.618831"><ele>45.0</ele><time>2021-08-06T23:49:23Z</time></trkpt>
<trkpt lat="44.229598" lon="-76.618831"><ele>45.0</ele><time>2021-08-06T23:49:24Z</time></trkpt>
<trkpt lat="44.229604" lon="-76.618822"><ele>45.0</ele><time>2021-08-06T23:49:25Z</time></trkpt>
<trkpt lat="44.229614" lon="-76.618822"><ele>45.0</ele><time>2021-08-06T23:49:26Z</time></trkpt>
<trkpt lat="44.229624" lon="-76.618822"><ele>45.0</ele><time>2021-08-06T23:49:27Z</time></trkpt>
<trkpt lat="44.22963" lon="-76.618822"><ele>46.0</ele><time>2021-08-06T23:49:28Z</time></trkpt>
<trkpt lat="44.229637" lon="-76.618822"><ele>46.0</ele><time>2021-08-06T23:49:29Z</time></trkpt>
<trkpt lat="44.229643" lon="-76.618822"><ele>46.0</ele><time>2021-08-06T23:49:30Z</time></trkpt>
<trkpt lat="44.22965" lon="-76.618813"><ele>46.0</ele><time>2021-08-06T23:49:31Z</time></trkpt>
<trkpt lat="44.229656" lon="-76.618813"><ele>46.0</ele><time>2021-08-06T23:49:32Z</time></trkpt>
<trkpt lat="44.229662" lon="-76.618813"><ele>45.0</ele><time>2021-08-06T23:49:33Z</time></trkpt>
<trkpt lat="44.229669" lon="-76.618813"><ele>45.0</ele><time>2021-08-06T23:49:34Z</time></trkpt>
<trkpt lat="44.229675" lon="-76.618813"><ele>45.0</ele><time>2021-08-06T23:49:35Z</time></trkpt>
<trkpt lat="44.229688" lon="-76.618804"><ele>45.0</ele><time>2021-08-06T23:49:36Z</time></trkpt>
<trkpt lat="44.229698" lon="-76.618804"><ele>45.0</ele><time>2021-08-06T23:49:37Z</time></trkpt>
<trkpt lat="44.229704" lon="-76.618804"><ele>45.0</ele><time>2021-08-06T23:49:38Z</time></trkpt>
<trkpt lat="44.229711" lon="-76.618804"><ele>45.0</ele><time>2021-08-06T23:49:39Z</time></trkpt>
<trkpt lat="44.229721" lon="-76.618804"><ele>45.0</ele><time>2021-08-06T23:49:40Z</time></trkpt>
<trkpt lat="44.229727" lon="-76.618795"><ele>45.0</ele><time>2021-08-06T23:49:41Z</time></trkpt>
<trkpt lat="44.229734" lon="-76.618795"><ele>44.0</ele><time>2021-08-06T23:49:42Z</time></trkpt>
<trkpt lat="44.22974" lon="-76.618795"><ele>44.0</ele><time>2021-08-06T23:49:43Z</time></trkpt>
<trkpt lat="44.22975" lon="-76.618795"><ele>44.0</ele><time>2021-08-06T23:49:44Z</time></trkpt>
<trkpt lat="44.229756" lon="-76.618804"><ele>44.0</ele><time>2021-08-06T23:49:45Z</time></trkpt>
<trkpt lat="44.229763" lon="-76.618804"><ele>44.0</ele><time>2021-08-06T23:49:46Z</time></trkpt>
<trkpt lat="44.229769" lon="-76.618804"><ele>43.0</ele><time>2021-08-06T23:49:47Z</time></trkpt>
<trkpt lat="44.229775" lon="-76.618804"><ele>44.0</ele><time>2021-08-06T23:49:48Z</time></trkpt>
<trkpt lat="44.229782" lon="-76.618804"><ele>44.0</ele><time>2021-08-06T23:49:49Z</time></trkpt>
<trkpt lat="44.229785" lon="-76.618804"><ele>44.0</ele><time>2021-08-06T23:49:50Z</time></trkpt>
<trkpt lat="44.229792" lon="-76.618804"><ele>44.0</ele><time>2021-08-06T23:49:51Z</time></trkpt>
<trkpt lat="44.229795" lon="-76.618804"><ele>45.0</ele><time>2021-08-06T23:49:52Z</time></trkpt>
<trkpt lat="44.229801" lon="-76.618804"><ele>45.0</ele><time>2021-08-06T23:49:53Z</time></trkpt>
<trkpt lat="44.229808" lon="-76.618804"><ele>44.0</ele><time>2021-08-06T23:49:54Z</time></trkpt>
<trkpt lat="44.229811" lon="-76.618804"><ele>45.0</ele><time>2021-08-06T23:49:55Z</time></trkpt>
<trkpt lat="44.229814" lon="-76.618804"><ele>45.0</ele><time>2021-08-06T23:49:56Z</time></trkpt>
<trkpt lat="44.229821" lon="-76.618804"><ele>44.0</ele><time>2021-08-06T23:49:57Z</time></trkpt>
<trkpt lat="44.229827" lon="-76.618795"><ele>45.0</ele><time>2021-08-06T23:49:58Z</time></trkpt>
<trkpt lat="44.229834" lon="-76.618795"><ele>45.0</ele><time>2021-08-06T23:49:59Z</time></trkpt>
<trkpt lat="44.22984" lon="-76.618795"><ele>45.0</ele><time>2021-08-06T23:50:00Z</time></trkpt>
<trkpt lat="44.229847" lon="-76.618795"><ele>45.0</ele><time>2021-08-06T23:50:01Z</time></trkpt>
<trkpt lat="44.229853" lon="-76.618786"><ele>45.0</ele><time>2021-08-06T23:50:02Z</time></trkpt>
<trkpt lat="44.229859" lon="-76.618786"><ele>45.0</ele><time>2021-08-06T23:50:03Z</time></trkpt>
<trkpt lat="44.229866" lon="-76.618786"><ele>45.0</ele><time>2021-08-06T23:50:04Z</time></trkpt>
<trkpt lat="44.229872" lon="-76.618786"><ele>45.0</ele><time>2021-08-06T23:50:05Z</time></trkpt>
<trkpt lat="44.229879" lon="-76.618777"><ele>45.0</ele><time>2021-08-06T23:50:06Z</time></trkpt>
<trkpt lat="44.229885" lon="-76.618777"><ele>45.0</ele><time>2021-08-06T23:50:07Z</time></trkpt>
<trkpt lat="44.229892" lon="-76.618777"><ele>45.0</ele><time>2021-08-06T23:50:08Z</time></trkpt>
<trkpt lat="44.229898" lon="-76.618769"><ele>45.0</ele><time>2021-08-06T23:50:09Z</time></trkpt>
<trkpt lat="44.229905" lon="-76.618769"><ele>45.0</ele><time>2021-08-06T23:50:10Z</time></trkpt>
<trkpt lat="44.229914" lon="-76.618769"><ele>45.0</ele><time>2021-08-06T23:50:11Z</time></trkpt>
<trkpt lat="44.229921" lon="-76.61876"><ele>45.0</ele><time>2021-08-06T23:50:12Z</time></trkpt>
<trkpt lat="44.229927" lon="-76.61876"><ele>45.0</ele><time>2021-08-06T23:50:13Z</time></trkpt>
<trkpt lat="44.229937" lon="-76.61876"><ele>46.0</ele><time>2021-08-06T23:50:14Z</time></trkpt>
<trkpt lat="44.229943" lon="-76.618751"><ele>46.0</ele><time>2021-08-06T23:50:15Z</time></trkpt>
<trkpt lat="44.22995" lon="-76.618751"><ele>46.0</ele><time>2021-08-06T23:50:16Z</time></trkpt>
<trkpt lat="44.229956" lon="-76.618751"><ele>46.0</ele><time>2021-08-06T23:50:17Z</time></trkpt>
<trkpt lat="44.229966" lon="-76.618742"><ele>46.0</ele><time>2021-08-06T23:50:18Z</time></trkpt>
<trkpt lat="44.229972" lon="-76.618742"><ele>47.0</ele><time>2021-08-06T23:50:19Z</time></trkpt>
<trkpt lat="44.229979" lon="-76.618742"><ele>47.0</ele><time>2021-08-06T23:50:20Z</time></trkpt>
<trkpt lat="44.229989" lon="-76.618742"><ele>47.0</ele><time>2021-08-06T23:50:21Z</time></trkpt>
<trkpt lat="44.229995" lon="-76.618742"><ele>47.0</ele><time>2021-08-06T23:50:22Z</time></trkpt>
<trkpt lat="44.230002" lon="-76.618733"><ele>47.0</ele><time>2021-08-06T23:50:23Z</time></trkpt>
<trkpt lat="44.230008" lon="-76.618733"><ele>47.0</ele><time>2021-08-06T23:50:24Z</time></trkpt>
<trkpt lat="44.230014" lon="-76.618733"><ele>47.0</ele><time>2021-08-06T23:50:25Z</time></trkpt>
<trkpt lat="44.230021" lon="-76.618733"><ele>47.0</ele><time>2021-08-06T23:50:26Z</time></trkpt>
<trkpt lat="44.230027" lon="-76.618724"><ele>47.0</ele><time>2021-08-06T23:50:27Z</time></trkpt>
<trkpt lat="44.230034" lon="-76.618724"><ele>47.0</ele><time>2021-08-06T23:50:28Z</time></trkpt>
<trkpt lat="44.23004" lon="-76.618724"><ele>47.0</ele><time>2021-08-06T23:50:29Z</time></trkpt>
<trkpt lat="44.230047" lon="-76.618724"><ele>47.0</ele><time>2021-08-06T23:50:30Z</time></trkpt>
<trkpt lat="44.230053" lon="-76.618715"><ele>47.0</ele><time>2021-08-06T23:50:31Z</time></trkpt>
<trkpt lat="44.23006" lon="-76.618715"><ele>47.0</ele><time>2021-08-06T23:50:32Z</time></trkpt>
<trkpt lat="44.230066" lon="-76.618715"><ele>47.0</ele><time>2021-08-06T23:50:33Z</time></trkpt>
<trkpt lat="44.230073" lon="-76.618706"><ele>47.0</ele><time>2021-08-06T23:50:34Z</time></trkpt>
<trkpt lat="44.230079" lon="-76.618706"><ele>47.0</ele><time>2021-08-06T23:50:35Z</time></trkpt>
<trkpt lat="44.230086" lon="-76.618706"><ele>47.0</ele><time>2021-08-06T23:50:36Z</time></trkpt>
<trkpt lat="44.230092" lon="-76.618706"><ele>46.0</ele><time>2021-08-06T23:50:37Z</time></trkpt>
<trkpt lat="44.230098" lon="-76.618706"><ele>47.0</ele><time>2021-08-06T23:50:38Z</time></trkpt>
<trkpt lat="44.230108" lon="-76.618706"><ele>47.0</ele><time>2021-08-06T23:50:39Z</time></trkpt>
<trkpt lat="44.230115" lon="-76.618697"><ele>47.0</ele><time>2021-08-06T23:50:40Z</time></trkpt>
<trkpt lat="44.230121" lon="-76.618697"><ele>47.0</ele><time>2021-08-06T23:50:41Z</time></trkpt>
<trkpt lat="44.230124" lon="-76.618697"><ele>47.0</ele><time>2021-08-06T23:50:42Z</time></trkpt>
<trkpt lat="44.230131" lon="-76.618697"><ele>47.0</ele><time>2021-08-06T23:50:43Z</time></trkpt>
<trkpt lat="44.230137" lon="-76.618688"><ele>47.0</ele><time>2021-08-06T23:50:44Z</time></trkpt>
<trkpt lat="44.230144" lon="-76.618688"><ele>47.0</ele><time>2021-08-06T23:50:45Z</time></trkpt>
<trkpt lat="44.23015" lon="-76.618679"><ele>47.0</ele><time>2021-08-06T23:50:46Z</time></trkpt>
<trkpt lat="44.230157" lon="-76.618679"><ele>47.0</ele><time>2021-08-06T23:50:47Z</time></trkpt>
<trkpt lat="44.230163" lon="-76.618679"><ele>47.0</ele><time>2021-08-06T23:50:48Z</time></trkpt>
<trkpt lat="44.230169" lon="-76.61867"><ele>45.0</ele><time>2021-08-06T23:50:49Z</time></trkpt>
<trkpt lat="44.230176" lon="-76.61867"><ele>46.0</ele><time>2021-08-06T23:50:50Z</time></trkpt>
<trkpt lat="44.230182" lon="-76.61867"><ele>46.0</ele><time>2021-08-06T23:50:51Z</time></trkpt>
<trkpt lat="44.230189" lon="-76.618661"><ele>47.0</ele><time>2021-08-06T23:50:52Z</time></trkpt>
<trkpt lat="44.230199" lon="-76.618661"><ele>47.0</ele><time>2021-08-06T23:50:53Z</time></trkpt>
<trkpt lat="44.230205" lon="-76.618661"><ele>47.0</ele><time>2021-08-06T23:50:54Z</time></trkpt>
<trkpt lat="44.230211" lon="-76.618661"><ele>47.0</ele><time>2021-08-06T23:50:55Z</time></trkpt>
<trkpt lat="44.230218" lon="-76.618652"><ele>47.0</ele><time>2021-08-06T23:50:56Z</time></trkpt>
<trkpt lat="44.230228" lon="-76.618652"><ele>47.0</ele><time>2021-08-06T23:50:57Z</time></trkpt>
<trkpt lat="44.230234" lon="-76.618652"><ele>47.0</ele><time>2021-08-06T23:50:58Z</time></trkpt>
<trkpt lat="44.230244" lon="-76.618652"><ele>48.0</ele><time>2021-08-06T23:50:59Z</time></trkpt>
<trkpt lat="44.23025" lon="-76.618643"><ele>48.0</ele><time>2021-08-06T23:51:00Z</time></trkpt>
<trkpt lat="44.230257" lon="-76.618643"><ele>47.0</ele><time>2021-08-06T23:51:01Z</time></trkpt>
<trkpt lat="44.230266" lon="-76.618643"><ele>47.0</ele><time>2021-08-06T23:51:02Z</time></trkpt>
<trkpt lat="44.230273" lon="-76.618643"><ele>47.0</ele><time>2021-08-06T23:51:03Z</time></trkpt>
<trkpt lat="44.230279" lon="-76.618634"><ele>47.0</ele><time>2021-08-06T23:51:04Z</time></trkpt>
<trkpt lat="44.230283" lon="-76.618634"><ele>47.0</ele><time>2021-08-06T23:51:05Z</time></trkpt>
<trkpt lat="44.230289" lon="-76.618634"><ele>47.0</ele><time>2021-08-06T23:51:06Z</time></trkpt>
<trkpt lat="44.230295" lon="-76.618634"><ele>47.0</ele><time>2021-08-06T23:51:07Z</time></trkpt>
<trkpt lat="44.230302" lon="-76.618634"><ele>47.0</ele><time>2021-08-06T23:51:08Z</time></trkpt>
<trkpt lat="44.230308" lon="-76.618625"><ele>47.0</ele><time>2021-08-06T23:51:09Z</time></trkpt>
<trkpt lat="44.230315" lon="-76.618625"><ele>47.0</ele><time>2021-08-06T23:51:10Z</time></trkpt>
<trkpt lat="44.230321" lon="-76.618625"><ele>47.0</ele><time>2021-08-06T23:51:11Z</time></trkpt>
<trkpt lat="44.230331" lon="-76.618625"><ele>47.0</ele><time>2021-08-06T23:51:12Z</time></trkpt>
<trkpt lat="44.230337" lon="-76.618625"><ele>47.0</ele><time>2021-08-06T23:51:13Z</time></trkpt>
<trkpt lat="44.230344" lon="-76.618625"><ele>47.0</ele><time>2021-08-06T23:51:14Z</time></trkpt>
<trkpt lat="44.23035" lon="-76.618625"><ele>47.0</ele><time>2021-08-06T23:51:15Z</time></trkpt>
<trkpt lat="44.230357" lon="-76.618625"><ele>47.0</ele><time>2021-08-06T23:51:16Z</time></trkpt>
<trkpt lat="44.230363" lon="-76.618616"><ele>47.0</ele><time>2021-08-06T23:51:17Z</time></trkpt>
<trkpt lat="44.230363" lon="-76.618625"><ele>47.0</ele><time>2021-08-06T23:51:18Z</time></trkpt>
<trkpt lat="44.23037" lon="-76.618616"><ele>47.0</ele><time>2021-08-06T23:51:19Z</time></trkpt>
<trkpt lat="44.230376" lon="-76.618616"><ele>47.0</ele><time>2021-08-06T23:51:20Z</time></trkpt>
<trkpt lat="44.230383" lon="-76.618616"><ele>47.0</ele><time>2021-08-06T23:51:21Z</time></trkpt>
<trkpt lat="44.230392" lon="-76.618616"><ele>47.0</ele><time>2021-08-06T23:51:22Z</time></trkpt>
<trkpt lat="44.230399" lon="-76.618616"><ele>47.0</ele><time>2021-08-06T23:51:23Z</time></trkpt>
<trkpt lat="44.230405" lon="-76.618616"><ele>47.0</ele><time>2021-08-06T23:51:24Z</time></trkpt>
<trkpt lat="44.230415" lon="-76.618607"><ele>47.0</ele><time>2021-08-06T23:51:25Z</time></trkpt>
<trkpt lat="44.230421" lon="-76.618607"><ele>48.0</ele><time>2021-08-06T23:51:26Z</time></trkpt>
<trkpt lat="44.230428" lon="-76.618607"><ele>48.0</ele><time>2021-08-06T23:51:27Z</time></trkpt>
<trkpt lat="44.230434" lon="-76.618598"><ele>48.0</ele><time>2021-08-06T23:51:28Z</time></trkpt>
<trkpt lat="44.230441" lon="-76.618598"><ele>48.0</ele><time>2021-08-06T23:51:29Z</time></trkpt>
<trkpt lat="44.230447" lon="-76.618598"><ele>48.0</ele><time>2021-08-06T23:51:30Z</time></trkpt>
<trkpt lat="44.230454" lon="-76.618589"><ele>49.0</ele><time>2021-08-06T23:51:31Z</time></trkpt>
<trkpt lat="44.230463" lon="-76.618589"><ele>48.0</ele><time>2021-08-06T23:51:32Z</time></trkpt>
<trkpt lat="44.23047" lon="-76.618589"><ele>49.0</ele><time>2021-08-06T23:51:33Z</time></trkpt>
<trkpt lat="44.230476" lon="-76.61858"><ele>48.0</ele><time>2021-08-06T23:51:34Z</time></trkpt>
<trkpt lat="44.230483" lon="-76.61858"><ele>49.0</ele><time>2021-08-06T23:51:35Z</time></trkpt>
<trkpt lat="44.230489" lon="-76.618571"><ele>49.0</ele><time>2021-08-06T23:51:36Z</time></trkpt>
<trkpt lat="44.230496" lon="-76.618571"><ele>49.0</ele><time>2021-08-06T23:51:37Z</time></trkpt>
<trkpt lat="44.230502" lon="-76.618571"><ele>49.0</ele><time>2021-08-06T23:51:38Z</time></trkpt>
<trkpt lat="44.230509" lon="-76.618571"><ele>49.0</ele><time>2021-08-06T23:51:39Z</time></trkpt>
<trkpt lat="44.230518" lon="-76.618562"><ele>49.0</ele><time>2021-08-06T23:51:40Z</time></trkpt>
<trkpt lat="44.230525" lon="-76.618562"><ele>49.0</ele><time>2021-08-06T23:51:41Z</time></trkpt>
<trkpt lat="44.230531" lon="-76.618562"><ele>49.0</ele><time>2021-08-06T23:51:42Z</time></trkpt>
<trkpt lat="44.230538" lon="-76.618553"><ele>49.0</ele><time>2021-08-06T23:51:43Z</time></trkpt>
<trkpt lat="44.230544" lon="-76.618553"><ele>49.0</ele><time>2021-08-06T23:51:44Z</time></trkpt>
<trkpt lat="44.230551" lon="-76.618553"><ele>49.0</ele><time>2021-08-06T23:51:45Z</time></trkpt>
<trkpt lat="44.230557" lon="-76.618553"><ele>49.0</ele><time>2021-08-06T23:51:46Z</time></trkpt>
<trkpt lat="44.230563" lon="-76.618544"><ele>49.0</ele><time>2021-08-06T23:51:47Z</time></trkpt>
<trkpt lat="44.230573" lon="-76.618544"><ele>49.0</ele><time>2021-08-06T23:51:48Z</time></trkpt>
<trkpt lat="44.23058" lon="-76.618544"><ele>49.0</ele><time>2021-08-06T23:51:49Z</time></trkpt>
<trkpt lat="44.230586" lon="-76.618535"><ele>48.0</ele><time>2021-08-06T23:51:50Z</time></trkpt>
<trkpt lat="44.230593" lon="-76.618535"><ele>48.0</ele><time>2021-08-06T23:51:51Z</time></trkpt>
<trkpt lat="44.230599" lon="-76.618535"><ele>49.0</ele><time>2021-08-06T23:51:52Z</time></trkpt>
<trkpt lat="44.230602" lon="-76.618526"><ele>49.0</ele><time>2021-08-06T23:51:53Z</time></trkpt>
<trkpt lat="44.230609" lon="-76.618526"><ele>49.0</ele><time>2021-08-06T23:51:54Z</time></trkpt>
<trkpt lat="44.230615" lon="-76.618517"><ele>49.0</ele><time>2021-08-06T23:51:55Z</time></trkpt>
<trkpt lat="44.230622" lon="-76.618508"><ele>49.0</ele><time>2021-08-06T23:51:56Z</time></trkpt>
<trkpt lat="44.230625" lon="-76.618508"><ele>49.0</ele><time>2021-08-06T23:51:57Z</time></trkpt>
<trkpt lat="44.230631" lon="-76.618499"><ele>49.0</ele><time>2021-08-06T23:51:58Z</time></trkpt>
<trkpt lat="44.230638" lon="-76.618499"><ele>49.0</ele><time>2021-08-06T23:51:59Z</time></trkpt>
<trkpt lat="44.230641" lon="-76.61849"><ele>48.0</ele><time>2021-08-06T23:52:00Z</time></trkpt>
<trkpt lat="44.230647" lon="-76.61849"><ele>48.0</ele><time>2021-08-06T23:52:01Z</time></trkpt>
<trkpt lat="44.230654" lon="-76.618481"><ele>48.0</ele><time>2021-08-06T23:52:02Z</time></trkpt>
<trkpt lat="44.230657" lon="-76.618481"><ele>48.0</ele><time>2021-08-06T23:52:03Z</time></trkpt>
<trkpt lat="44.230664" lon="-76.618472"><ele>48.0</ele><time>2021-08-06T23:52:04Z</time></trkpt>
<trkpt lat="44.23067" lon="-76.618472"><ele>49.0</ele><time>2021-08-06T23:52:05Z</time></trkpt>
<trkpt lat="44.230677" lon="-76.618463"><ele>48.0</ele><time>2021-08-06T23:52:06Z</time></trkpt>
<trkpt lat="44.230683" lon="-76.618463"><ele>49.0</ele><time>2021-08-06T23:52:07Z</time></trkpt>
<trkpt lat="44.230689" lon="-76.618454"><ele>48.0</ele><time>2021-08-06T23:52:08Z</time></trkpt>
<trkpt lat="44.230696" lon="-76.618454"><ele>48.0</ele><time>2021-08-06T23:52:09Z</time></trkpt>
<trkpt lat="44.230702" lon="-76.618445"><ele>48.0</ele><time>2021-08-06T23:52:10Z</time></trkpt>
<trkpt lat="44.230709" lon="-76.618436"><ele>48.0</ele><time>2021-08-06T23:52:11Z</time></trkpt>
<trkpt lat="44.230715" lon="-76.618436"><ele>48.0</ele><time>2021-08-06T23:52:12Z</time></trkpt>
<trkpt lat="44.230722" lon="-76.618427"><ele>48.0</ele><time>2021-08-06T23:52:13Z</time></trkpt>
<trkpt lat="44.230728" lon="-76.618427"><ele>48.0</ele><time>2021-08-06T23:52:14Z</time></trkpt>
<trkpt lat="44.230735" lon="-76.618427"><ele>48.0</ele><time>2021-08-06T23:52:15Z</time></trkpt>
<trkpt lat="44.230744" lon="-76.618418"><ele>48.0</ele><time>2021-08-06T23:52:16Z</time></trkpt>
<trkpt lat="44.230751" lon="-76.618418"><ele>48.0</ele><time>2021-08-06T23:52:17Z</time></trkpt>
<trkpt lat="44.230757" lon="-76.618418"><ele>48.0</ele><time>2021-08-06T23:52:18Z</time></trkpt>
<trkpt lat="44.230764" lon="-76.618409"><ele>48.0</ele><time>2021-08-06T23:52:19Z</time></trkpt>
<trkpt lat="44.23077" lon="-76.618409"><ele>48.0</ele><time>2021-08-06T23:52:20Z</time></trkpt>
<trkpt lat="44.230777" lon="-76.618409"><ele>48.0</ele><time>2021-08-06T23:52:21Z</time></trkpt>
<trkpt lat="44.230786" lon="-76.618409"><ele>48.0</ele><time>2021-08-06T23:52:22Z</time></trkpt>
<trkpt lat="44.230793" lon="-76.618409"><ele>48.0</ele><time>2021-08-06T23:52:23Z</time></trkpt>
<trkpt lat="44.230799" lon="-76.618409"><ele>49.0</ele><time>2021-08-06T23:52:24Z</time></trkpt>
<trkpt lat="44.230806" lon="-76.618409"><ele>48.0</ele><time>2021-08-06T23:52:25Z</time></trkpt>
<trkpt lat="44.230812" lon="-76.618409"><ele>48.0</ele><time>2021-08-06T23:52:26Z</time></trkpt>
<trkpt lat="44.230819" lon="-76.6184"><ele>49.0</ele><time>2021-08-06T23:52:27Z</time></trkpt>
<trkpt lat="44.230825" lon="-76.6184"><ele>48.0</ele><time>2021-08-06T23:52:28Z</time></trkpt>
<trkpt lat="44.230832" lon="-76.6184"><ele>49.0</ele><time>2021-08-06T23:52:29Z</time></trkpt>
<trkpt lat="44.230838" lon="-76.6184"><ele>49.0</ele><time>2021-08-06T23:52:30Z</time></trkpt>
<trkpt lat="44.230844" lon="-76.6184"><ele>49.0</ele><time>2021-08-06T23:52:31Z</time></trkpt>
<trkpt lat="44.230854" lon="-76.618391"><ele>48.0</ele><time>2021-08-06T23:52:32Z</time></trkpt>
<trkpt lat="44.230861" lon="-76.618391"><ele>48.0</ele><time>2021-08-06T23:52:33Z</time></trkpt>
<trkpt lat="44.230867" lon="-76.618391"><ele>48.0</ele><time>2021-08-06T23:52:34Z</time></trkpt>
<trkpt lat="44.230874" lon="-76.618391"><ele>49.0</ele><time>2021-08-06T23:52:35Z</time></trkpt>
<trkpt lat="44.23088" lon="-76.618391"><ele>48.0</ele><time>2021-08-06T23:52:36Z</time></trkpt>
<trkpt lat="44.230886" lon="-76.618382"><ele>49.0</ele><time>2021-08-06T23:52:37Z</time></trkpt>
<trkpt lat="44.230893" lon="-76.618382"><ele>49.0</ele><time>2021-08-06T23:52:38Z</time></trkpt>
<trkpt lat="44.230899" lon="-76.618382"><ele>49.0</ele><time>2021-08-06T23:52:39Z</time></trkpt>
<trkpt lat="44.230906" lon="-76.618382"><ele>49.0</ele><time>2021-08-06T23:52:40Z</time></trkpt>
<trkpt lat="44.230912" lon="-76.618382"><ele>49.0</ele><time>2021-08-06T23:52:41Z</time></trkpt>
<trkpt lat="44.230919" lon="-76.618373"><ele>49.0</ele><time>2021-08-06T23:52:42Z</time></trkpt>
<trkpt lat="44.230925" lon="-76.618373"><ele>49.0</ele><time>2021-08-06T23:52:43Z</time></trkpt>
<trkpt lat="44.230932" lon="-76.618373"><ele>49.0</ele><time>2021-08-06T23:52:44Z</time></trkpt>
<trkpt lat="44.230941" lon="-76.618373"><ele>49.0</ele><time>2021-08-06T23:52:45Z</time></trkpt>
<trkpt lat="44.230948" lon="-76.618373"><ele>49.0</ele><time>2021-08-06T23:52:46Z</time></trkpt>
<trkpt lat="44.230954" lon="-76.618373"><ele>49.0</ele><time>2021-08-06T23:52:47Z</time></trkpt>
<trkpt lat="44.230961" lon="-76.618364"><ele>49.0</ele><time>2021-08-06T23:52:48Z</time></trkpt>
<trkpt lat="44.230967" lon="-76.618364"><ele>49.0</ele><time>2021-08-06T23:52:49Z</time></trkpt>
<trkpt lat="44.230974" lon="-76.618364"><ele>49.0</ele><time>2021-08-06T23:52:50Z</time></trkpt>
<trkpt lat="44.23098" lon="-76.618364"><ele>49.0</ele><time>2021-08-06T23:52:51Z</time></trkpt>
<trkpt lat="44.23099" lon="-76.618364"><ele>49.0</ele><time>2021-08-06T23:52:52Z</time></trkpt>
<trkpt lat="44.230996" lon="-76.618364"><ele>49.0</ele><time>2021-08-06T23:52:53Z</time></trkpt>
<trkpt lat="44.231003" lon="-76.618364"><ele>49.0</ele><time>2021-08-06T23:52:54Z</time></trkpt>
<trkpt lat="44.231009" lon="-76.618355"><ele>49.0</ele><time>2021-08-06T23:52:55Z</time></trkpt>
<trkpt lat="44.231016" lon="-76.618355"><ele>49.0</ele><time>2021-08-06T23:52:56Z</time></trkpt>
<trkpt lat="44.231022" lon="-76.618355"><ele>49.0</ele><time>2021-08-06T23:52:57Z</time></trkpt>
<trkpt lat="44.231029" lon="-76.618355"><ele>49.0</ele><time>2021-08-06T23:52:58Z</time></trkpt>
<trkpt lat="44.231035" lon="-76.618355"><ele>49.0</ele><time>2021-08-06T23:52:59Z</time></trkpt>
<trkpt lat="44.231045" lon="-76.618355"><ele>49.0</ele><time>2021-08-06T23:53:00Z</time></trkpt>
<trkpt lat="44.231051" lon="-76.618346"><ele>49.0</ele><time>2021-08-06T23:53:01Z</time></trkpt>
<trkpt lat="44.231058" lon="-76.618346"><ele>49.0</ele><time>2021-08-06T23:53:02Z</time></trkpt>
<trkpt lat="44.231064" lon="-76.618346"><ele>49.0</ele><time>2021-08-06T23:53:03Z</time></trkpt>
<trkpt lat="44.231071" lon="-76.618346"><ele>49.0</ele><time>2021-08-06T23:53:04Z</time></trkpt>
<trkpt lat="44.23108" lon="-76.618337"><ele>49.0</ele><time>2021-08-06T23:53:05Z</time></trkpt>
<trkpt lat="44.23109" lon="-76.618337"><ele>50.0</ele><time>2021-08-06T23:53:06Z</time></trkpt>
<trkpt lat="44.231096" lon="-76.618328"><ele>50.0</ele><time>2021-08-06T23:53:07Z</time></trkpt>
<trkpt lat="44.231106" lon="-76.618328"><ele>50.0</ele><time>2021-08-06T23:53:08Z</time></trkpt>
<trkpt lat="44.231112" lon="-76.618328"><ele>50.0</ele><time>2021-08-06T23:53:09Z</time></trkpt>
<trkpt lat="44.231122" lon="-76.618319"><ele>49.0</ele><time>2021-08-06T23:53:10Z</time></trkpt>
<trkpt lat="44.231132" lon="-76.618319"><ele>50.0</ele><time>2021-08-06T23:53:11Z</time></trkpt>
<trkpt lat="44.231138" lon="-76.618319"><ele>50.0</ele><time>2021-08-06T23:53:12Z</time></trkpt>
<trkpt lat="44.231145" lon="-76.61831"><ele>49.0</ele><time>2021-08-06T23:53:13Z</time></trkpt>
<trkpt lat="44.231151" lon="-76.61831"><ele>49.0</ele><time>2021-08-06T23:53:14Z</time></trkpt>
<trkpt lat="44.231161" lon="-76.61831"><ele>49.0</ele><time>2021-08-06T23:53:15Z</time></trkpt>
<trkpt lat="44.231167" lon="-76.61831"><ele>49.0</ele><time>2021-08-06T23:53:16Z</time></trkpt>
<trkpt lat="44.231174" lon="-76.618301"><ele>49.0</ele><time>2021-08-06T23:53:17Z</time></trkpt>
<trkpt lat="44.23118" lon="-76.618301"><ele>48.0</ele><time>2021-08-06T23:53:18Z</time></trkpt>
<trkpt lat="44.23119" lon="-76.618301"><ele>48.0</ele><time>2021-08-06T23:53:19Z</time></trkpt>
<trkpt lat="44.231196" lon="-76.618301"><ele>49.0</ele><time>2021-08-06T23:53:20Z</time></trkpt>
<trkpt lat="44.231203" lon="-76.618301"><ele>49.0</ele><time>2021-08-06T23:53:21Z</time></trkpt>
<trkpt lat="44.231213" lon="-76.618292"><ele>49.0</ele><time>2021-08-06T23:53:22Z</time></trkpt>
<trkpt lat="44.231219" lon="-76.618292"><ele>49.0</ele><time>2021-08-06T23:53:23Z</time></trkpt>
<trkpt lat="44.231226" lon="-76.618292"><ele>49.0</ele><time>2021-08-06T23:53:24Z</time></trkpt>
<trkpt lat="44.231232" lon="-76.618292"><ele>49.0</ele><time>2021-08-06T23:53:25Z</time></trkpt>
<trkpt lat="44.231238" lon="-76.618292"><ele>48.0</ele><time>2021-08-06T23:53:26Z</time></trkpt>
<trkpt lat="44.231245" lon="-76.618283"><ele>48.0</ele><time>2021-08-06T23:53:27Z</time></trkpt>
<trkpt lat="44.231255" lon="-76.618283"><ele>48.0</ele><time>2021-08-06T23:53:28Z</time></trkpt>
<trkpt lat="44.231261" lon="-76.618283"><ele>48.0</ele><time>2021-08-06T23:53:29Z</time></trkpt>
<trkpt lat="44.231268" lon="-76.618274"><ele>48.0</ele><time>2021-08-06T23:53:30Z</time></trkpt>
<trkpt lat="44.231274" lon="-76.618274"><ele>48.0</ele><time>2021-08-06T23:53:31Z</time></trkpt>
<trkpt lat="44.23128" lon="-76.618274"><ele>48.0</ele><time>2021-08-06T23:53:32Z</time></trkpt>
<trkpt lat="44.231287" lon="-76.618265"><ele>48.0</ele><time>2021-08-06T23:53:33Z</time></trkpt>
<trkpt lat="44.231293" lon="-76.618265"><ele>48.0</ele><time>2021-08-06T23:53:34Z</time></trkpt>
<trkpt lat="44.2313" lon="-76.618256"><ele>48.0</ele><time>2021-08-06T23:53:35Z</time></trkpt>
<trkpt lat="44.231309" lon="-76.618256"><ele>48.0</ele><time>2021-08-06T23:53:36Z</time></trkpt>
<trkpt lat="44.231316" lon="-76.618256"><ele>48.0</ele><time>2021-08-06T23:53:37Z</time></trkpt>
<trkpt lat="44.231322" lon="-76.618247"><ele>47.0</ele><time>2021-08-06T23:53:38Z</time></trkpt>
<trkpt lat="44.231332" lon="-76.618247"><ele>47.0</ele><time>2021-08-06T23:53:39Z</time></trkpt>
<trkpt lat="44.231339" lon="-76.618247"><ele>47.0</ele><time>2021-08-06T23:53:40Z</time></trkpt>
<trkpt lat="44.231345" lon="-76.618239"><ele>48.0</ele><time>2021-08-06T23:53:41Z</time></trkpt>
<trkpt lat="44.231351" lon="-76.618239"><ele>47.0</ele><time>2021-08-06T23:53:42Z</time></trkpt>
<trkpt lat="44.231361" lon="-76.618239"><ele>47.0</ele><time>2021-08-06T23:53:43Z</time></trkpt>
<trkpt lat="44.231368" lon="-76.61823"><ele>47.0</ele><time>2021-08-06T23:53:44Z</time></trkpt>
<trkpt lat="44.231374" lon="-76.61823"><ele>47.0</ele><time>2021-08-06T23:53:45Z</time></trkpt>
<trkpt lat="44.231381" lon="-76.61823"><ele>47.0</ele><time>2021-08-06T23:53:46Z</time></trkpt>
<trkpt lat="44.23139" lon="-76.61823"><ele>47.0</ele><time>2021-08-06T23:53:47Z</time></trkpt>
<trkpt lat="44.231397" lon="-76.618221"><ele>47.0</ele><time>2021-08-06T23:53:48Z</time></trkpt>
<trkpt lat="44.231403" lon="-76.618221"><ele>47.0</ele><time>2021-08-06T23:53:49Z</time></trkpt>
<trkpt lat="44.231413" lon="-76.618221"><ele>47.0</ele><time>2021-08-06T23:53:50Z</time></trkpt>
<trkpt lat="44.231419" lon="-76.618221"><ele>47.0</ele><time>2021-08-06T23:53:51Z</time></trkpt>
<trkpt lat="44.231429" lon="-76.618221"><ele>47.0</ele><time>2021-08-06T23:53:52Z</time></trkpt>
<trkpt lat="44.231435" lon="-76.618212"><ele>47.0</ele><time>2021-08-06T23:53:53Z</time></trkpt>
<trkpt lat="44.231445" lon="-76.618212"><ele>47.0</ele><time>2021-08-06T23:53:54Z</time></trkpt>
<trkpt lat="44.231452" lon="-76.618212"><ele>47.0</ele><time>2021-08-06T23:53:55Z</time></trkpt>
<trkpt lat="44.231461" lon="-76.618203"><ele>47.0</ele><time>2021-08-06T23:53:56Z</time></trkpt>
<trkpt lat="44.231468" lon="-76.618203"><ele>47.0</ele><time>2021-08-06T23:53:57Z</time></trkpt>
<trkpt lat="44.231474" lon="-76.618203"><ele>47.0</ele><time>2021-08-06T23:53:58Z</time></trkpt>
<trkpt lat="44.231484" lon="-76.618203"><ele>47.0</ele><time>2021-08-06T23:53:59Z</time></trkpt>
<trkpt lat="44.23149" lon="-76.618203"><ele>46.0</ele><time>2021-08-06T23:54:00Z</time></trkpt>
<trkpt lat="44.231497" lon="-76.618194"><ele>46.0</ele><time>2021-08-06T23:54:01Z</time></trkpt>
<trkpt lat="44.231503" lon="-76.618194"><ele>46.0</ele><time>2021-08-06T23:54:02Z</time></trkpt>
<trkpt lat="44.231513" lon="-76.618194"><ele>46.0</ele><time>2021-08-06T23:54:03Z</time></trkpt>
<trkpt lat="44.231519" lon="-76.618194"><ele>46.0</ele><time>2021-08-06T23:54:04Z</time></trkpt>
<trkpt lat="44.231526" lon="-76.618194"><ele>46.0</ele><time>2021-08-06T23:54:05Z</time></trkpt>
<trkpt lat="44.231536" lon="-76.618194"><ele>46.0</ele><time>2021-08-06T23:54:06Z</time></trkpt>
<trkpt lat="44.231542" lon="-76.618194"><ele>46.0</ele><time>2021-08-06T23:54:07Z</time></trkpt>
<trkpt lat="44.231548" lon="-76.618194"><ele>46.0</ele><time>2021-08-06T23:54:08Z</time></trkpt>
<trkpt lat="44.231555" lon="-76.618185"><ele>46.0</ele><time>2021-08-06T23:54:09Z</time></trkpt>
<trkpt lat="44.231565" lon="-76.618185"><ele>46.0</ele><time>2021-08-06T23:54:10Z</time></trkpt>
<trkpt lat="44.231571" lon="-76.618185"><ele>46.0</ele><time>2021-08-06T23:54:11Z</time></trkpt>
<trkpt lat="44.231578" lon="-76.618185"><ele>46.0</ele><time>2021-08-06T23:54:12Z</time></trkpt>
<trkpt lat="44.231584" lon="-76.618176"><ele>46.0</ele><time>2021-08-06T23:54:13Z</time></trkpt>
<trkpt lat="44.231594" lon="-76.618176"><ele>46.0</ele><time>2021-08-06T23:54:14Z</time></trkpt>
<trkpt lat="44.2316" lon="-76.618176"><ele>46.0</ele><time>2021-08-06T23:54:15Z</time></trkpt>
<trkpt lat="44.231607" lon="-76.618176"><ele>46.0</ele><time>2021-08-06T23:54:16Z</time></trkpt>
<trkpt lat="44.231613" lon="-76.618176"><ele>46.0</ele><time>2021-08-06T23:54:17Z</time></trkpt>
<trkpt lat="44.23162" lon="-76.618167"><ele>46.0</ele><time>2021-08-06T23:54:18Z</time></trkpt>
<trkpt lat="44.231626" lon="-76.618167"><ele>46.0</ele><time>2021-08-06T23:54:19Z</time></trkpt>
<trkpt lat="44.231636" lon="-76.618167"><ele>46.0</ele><time>2021-08-06T23:54:20Z</time></trkpt>
<trkpt lat="44.231642" lon="-76.618167"><ele>46.0</ele><time>2021-08-06T23:54:21Z</time></trkpt>
<trkpt lat="44.231649" lon="-76.618167"><ele>46.0</ele><time>2021-08-06T23:54:22Z</time></trkpt>
<trkpt lat="44.231658" lon="-76.618158"><ele>46.0</ele><time>2021-08-06T23:54:23Z</time></trkpt>
<trkpt lat="44.231665" lon="-76.618158"><ele>46.0</ele><time>2021-08-06T23:54:24Z</time></trkpt>
<trkpt lat="44.231671" lon="-76.618158"><ele>47.0</ele><time>2021-08-06T23:54:25Z</time></trkpt>
<trkpt lat="44.231681" lon="-76.618149"><ele>47.0</ele><time>2021-08-06T23:54:26Z</time></trkpt>
<trkpt lat="44.231687" lon="-76.618149"><ele>47.0</ele><time>2021-08-06T23:54:27Z</time></trkpt>
<trkpt lat="44.231694" lon="-76.618149"><ele>47.0</ele><time>2021-08-06T23:54:28Z</time></trkpt>
<trkpt lat="44.2317" lon="-76.61814"><ele>47.0</ele><time>2021-08-06T23:54:29Z</time></trkpt>
<trkpt lat="44.23171" lon="-76.61814"><ele>47.0</ele><time>2021-08-06T23:54:30Z</time></trkpt>
<trkpt lat="44.231716" lon="-76.618131"><ele>47.0</ele><time>2021-08-06T23:54:31Z</time></trkpt>
<trkpt lat="44.231723" lon="-76.618131"><ele>47.0</ele><time>2021-08-06T23:54:32Z</time></trkpt>
<trkpt lat="44.231729" lon="-76.618131"><ele>47.0</ele><time>2021-08-06T23:54:33Z</time></trkpt>
<trkpt lat="44.231739" lon="-76.618131"><ele>47.0</ele><time>2021-08-06T23:54:34Z</time></trkpt>
<trkpt lat="44.231745" lon="-76.618122"><ele>47.0</ele><time>2021-08-06T23:54:35Z</time></trkpt>
<trkpt lat="44.231755" lon="-76.618122"><ele>47.0</ele><time>2021-08-06T23:54:36Z</time></trkpt>
<trkpt lat="44.231765" lon="-76.618122"><ele>47.0</ele><time>2021-08-06T23:54:37Z</time></trkpt>
<trkpt lat="44.231771" lon="-76.618122"><ele>47.0</ele><time>2021-08-06T23:54:38Z</time></trkpt>
<trkpt lat="44.231778" lon="-76.618122"><ele>46.0</ele><time>2021-08-06T23:54:39Z</time></trkpt>
<trkpt lat="44.231784" lon="-76.618113"><ele>46.0</ele><time>2021-08-06T23:54:40Z</time></trkpt>
<trkpt lat="44.231791" lon="-76.618113"><ele>46.0</ele><time>2021-08-06T23:54:41Z</time></trkpt>
<trkpt lat="44.231797" lon="-76.618113"><ele>46.0</ele><time>2021-08-06T23:54:42Z</time></trkpt>
<trkpt lat="44.231807" lon="-76.618113"><ele>46.0</ele><time>2021-08-06T23:54:43Z</time></trkpt>
<trkpt lat="44.231813" lon="-76.618113"><ele>46.0</ele><time>2021-08-06T23:54:44Z</time></trkpt>
<trkpt lat="44.23182" lon="-76.618113"><ele>46.0</ele><time>2021-08-06T23:54:45Z</time></trkpt>
<trkpt lat="44.231826" lon="-76.618113"><ele>46.0</ele><time>2021-08-06T23:54:46Z</time></trkpt>
<trkpt lat="44.231833" lon="-76.618113"><ele>46.0</ele><time>2021-08-06T23:54:47Z</time></trkpt>
<trkpt lat="44.231839" lon="-76.618104"><ele>46.0</ele><time>2021-08-06T23:54:48Z</time></trkpt>
<trkpt lat="44.231846" lon="-76.618104"><ele>46.0</ele><time>2021-08-06T23:54:49Z</time></trkpt>
<trkpt lat="44.231855" lon="-76.618104"><ele>47.0</ele><time>2021-08-06T23:54:50Z</time></trkpt>
<trkpt lat="44.231862" lon="-76.618104"><ele>47.0</ele><time>2021-08-06T23:54:51Z</time></trkpt>
<trkpt lat="44.231868" lon="-76.618104"><ele>47.0</ele><time>2021-08-06T23:54:52Z</time></trkpt>
<trkpt lat="44.231878" lon="-76.618104"><ele>46.0</ele><time>2021-08-06T23:54:53Z</time></trkpt>
<trkpt lat="44.231881" lon="-76.618104"><ele>46.0</ele><time>2021-08-06T23:54:54Z</time></trkpt>
<trkpt lat="44.231888" lon="-76.618095"><ele>46.0</ele><time>2021-08-06T23:54:55Z</time></trkpt>
<trkpt lat="44.231894" lon="-76.618095"><ele>46.0</ele><time>2021-08-06T23:54:56Z</time></trkpt>
<trkpt lat="44.2319" lon="-76.618095"><ele>46.0</ele><time>2021-08-06T23:54:57Z</time></trkpt>
<trkpt lat="44.231907" lon="-76.618086"><ele>46.0</ele><time>2021-08-06T23:54:58Z</time></trkpt>
<trkpt lat="44.231913" lon="-76.618086"><ele>46.0</ele><time>2021-08-06T23:54:59Z</time></trkpt>
<trkpt lat="44.23192" lon="-76.618086"><ele>46.0</ele><time>2021-08-06T23:55:00Z</time></trkpt>
<trkpt lat="44.231926" lon="-76.618086"><ele>46.0</ele><time>2021-08-06T23:55:01Z</time></trkpt>
<trkpt lat="44.231933" lon="-76.618086"><ele>46.0</ele><time>2021-08-06T23:55:02Z</time></trkpt>
<trkpt lat="44.231939" lon="-76.618086"><ele>45.0</ele><time>2021-08-06T23:55:03Z</time></trkpt>
<trkpt lat="44.231946" lon="-76.618077"><ele>46.0</ele><time>2021-08-06T23:55:04Z</time></trkpt>
<trkpt lat="44.231949" lon="-76.618077"><ele>45.0</ele><time>2021-08-06T23:55:05Z</time></trkpt>
<trkpt lat="44.231955" lon="-76.618077"><ele>45.0</ele><time>2021-08-06T23:55:06Z</time></trkpt>
<trkpt lat="44.231962" lon="-76.618077"><ele>45.0</ele><time>2021-08-06T23:55:07Z</time></trkpt>
<trkpt lat="44.231968" lon="-76.618077"><ele>45.0</ele><time>2021-08-06T23:55:08Z</time></trkpt>
<trkpt lat="44.231975" lon="-76.618077"><ele>45.0</ele><time>2021-08-06T23:55:09Z</time></trkpt>
<trkpt lat="44.231981" lon="-76.618068"><ele>45.0</ele><time>2021-08-06T23:55:10Z</time></trkpt>
<trkpt lat="44.231984" lon="-76.618068"><ele>45.0</ele><time>2021-08-06T23:55:11Z</time></trkpt>
<trkpt lat="44.231991" lon="-76.618068"><ele>45.0</ele><time>2021-08-06T23:55:12Z</time></trkpt>
<trkpt lat="44.231997" lon="-76.618068"><ele>45.0</ele><time>2021-08-06T23:55:13Z</time></trkpt>
<trkpt lat="44.232001" lon="-76.618077"><ele>45.0</ele><time>2021-08-06T23:55:14Z</time></trkpt>
<trkpt lat="44.232007" lon="-76.618077"><ele>45.0</ele><time>2021-08-06T23:55:15Z</time></trkpt>
<trkpt lat="44.232013" lon="-76.618077"><ele>45.0</ele><time>2021-08-06T23:55:16Z</time></trkpt>
<trkpt lat="44.232017" lon="-76.618077"><ele>45.0</ele><time>2021-08-06T23:55:17Z</time></trkpt>
<trkpt lat="44.232023" lon="-76.618077"><ele>45.0</ele><time>2021-08-06T23:55:18Z</time></trkpt>
<trkpt lat="44.23203" lon="-76.618086"><ele>45.0</ele><time>2021-08-06T23:55:19Z</time></trkpt>
<trkpt lat="44.232033" lon="-76.618086"><ele>45.0</ele><time>2021-08-06T23:55:20Z</time></trkpt>
<trkpt lat="44.232039" lon="-76.618086"><ele>45.0</ele><time>2021-08-06T23:55:21Z</time></trkpt>
<trkpt lat="44.232046" lon="-76.618086"><ele>45.0</ele><time>2021-08-06T23:55:22Z</time></trkpt>
<trkpt lat="44.232052" lon="-76.618086"><ele>45.0</ele><time>2021-08-06T23:55:23Z</time></trkpt>
<trkpt lat="44.232059" lon="-76.618086"><ele>45.0</ele><time>2021-08-06T23:55:24Z</time></trkpt>
<trkpt lat="44.232065" lon="-76.618086"><ele>45.0</ele><time>2021-08-06T23:55:25Z</time></trkpt>
<trkpt lat="44.232072" lon="-76.618086"><ele>45.0</ele><time>2021-08-06T23:55:26Z</time></trkpt>
<trkpt lat="44.232078" lon="-76.618095"><ele>45.0</ele><time>2021-08-06T23:55:27Z</time></trkpt>
<trkpt lat="44.232085" lon="-76.618095"><ele>45.0</ele><time>2021-08-06T23:55:28Z</time></trkpt>
<trkpt lat="44.232091" lon="-76.618095"><ele>45.0</ele><time>2021-08-06T23:55:29Z</time></trkpt>
<trkpt lat="44.232097" lon="-76.618086"><ele>45.0</ele><time>2021-08-06T23:55:30Z</time></trkpt>
<trkpt lat="44.232104" lon="-76.618086"><ele>45.0</ele><time>2021-08-06T23:55:31Z</time></trkpt>
<trkpt lat="44.23211" lon="-76.618086"><ele>45.0</ele><time>2021-08-06T23:55:32Z</time></trkpt>
<trkpt lat="44.232114" lon="-76.618086"><ele>45.0</ele><time>2021-08-06T23:55:33Z</time></trkpt>
<trkpt lat="44.23212" lon="-76.618086"><ele>45.0</ele><time>2021-08-06T23:55:34Z</time></trkpt>
<trkpt lat="44.232127" lon="-76.618086"><ele>45.0</ele><time>2021-08-06T23:55:35Z</time></trkpt>
<trkpt lat="44.23213" lon="-76.618086"><ele>46.0</ele><time>2021-08-06T23:55:36Z</time></trkpt>
<trkpt lat="44.232136" lon="-76.618086"><ele>46.0</ele><time>2021-08-06T23:55:37Z</time></trkpt>
<trkpt lat="44.232143" lon="-76.618086"><ele>46.0</ele><time>2021-08-06T23:55:38Z</time></trkpt>
<trkpt lat="44.232146" lon="-76.618086"><ele>46.0</ele><time>2021-08-06T23:55:39Z</time></trkpt>
<trkpt lat="44.232152" lon="-76.618086"><ele>46.0</ele><time>2021-08-06T23:55:40Z</time></trkpt>
<trkpt lat="44.232159" lon="-76.618077"><ele>46.0</ele><time>2021-08-06T23:55:41Z</time></trkpt>
<trkpt lat="44.232165" lon="-76.618077"><ele>46.0</ele><time>2021-08-06T23:55:42Z</time></trkpt>
<trkpt lat="44.232169" lon="-76.618077"><ele>46.0</ele><time>2021-08-06T23:55:43Z</time></trkpt>
<trkpt lat="44.232175" lon="-76.618077"><ele>46.0</ele><time>2021-08-06T23:55:44Z</time></trkpt>
<trkpt lat="44.232181" lon="-76.618077"><ele>46.0</ele><time>2021-08-06T23:55:45Z</time></trkpt>
<trkpt lat="44.232188" lon="-76.618077"><ele>46.0</ele><time>2021-08-06T23:55:46Z</time></trkpt>
<trkpt lat="44.232194" lon="-76.618077"><ele>46.0</ele><time>2021-08-06T23:55:47Z</time></trkpt>
<trkpt lat="44.232201" lon="-76.618077"><ele>46.0</ele><time>2021-08-06T23:55:48Z</time></trkpt>
<trkpt lat="44.232204" lon="-76.618077"><ele>46.0</ele><time>2021-08-06T23:55:49Z</time></trkpt>
<trkpt lat="44.23221" lon="-76.618077"><ele>46.0</ele><time>2021-08-06T23:55:50Z</time></trkpt>
<trkpt lat="44.232217" lon="-76.618077"><ele>46.0</ele><time>2021-08-06T23:55:51Z</time></trkpt>
<trkpt lat="44.232223" lon="-76.618077"><ele>46.0</ele><time>2021-08-06T23:55:52Z</time></trkpt>
<trkpt lat="44.23223" lon="-76.618077"><ele>47.0</ele><time>2021-08-06T23:55:53Z</time></trkpt>
<trkpt lat="44.232236" lon="-76.618077"><ele>46.0</ele><time>2021-08-06T23:55:54Z</time></trkpt>
<trkpt lat="44.232243" lon="-76.618077"><ele>47.0</ele><time>2021-08-06T23:55:55Z</time></trkpt>
<trkpt lat="44.232249" lon="-76.618077"><ele>47.0</ele><time>2021-08-06T23:55:56Z</time></trkpt>
<trkpt lat="44.232256" lon="-76.618077"><ele>47.0</ele><time>2021-08-06T23:55:57Z</time></trkpt>
<trkpt lat="44.232262" lon="-76.618077"><ele>47.0</ele><time>2021-08-06T23:55:58Z</time></trkpt>
<trkpt lat="44.232269" lon="-76.618077"><ele>47.0</ele><time>2021-08-06T23:55:59Z</time></trkpt>
<trkpt lat="44.232275" lon="-76.618077"><ele>47.0</ele><time>2021-08-06T23:56:00Z</time></trkpt>
<trkpt lat="44.232278" lon="-76.618077"><ele>47.0</ele><time>2021-08-06T23:56:01Z</time></trkpt>
<trkpt lat="44.232285" lon="-76.618077"><ele>47.0</ele><time>2021-08-06T23:56:02Z</time></trkpt>
<trkpt lat="44.232291" lon="-76.618077"><ele>47.0</ele><time>2021-08-06T23:56:03Z</time></trkpt>
<trkpt lat="44.232298" lon="-76.618077"><ele>47.0</ele><time>2021-08-06T23:56:04Z</time></trkpt>
<trkpt lat="44.232304" lon="-76.618068"><ele>47.0</ele><time>2021-08-06T23:56:05Z</time></trkpt>
<trkpt lat="44.232311" lon="-76.618068"><ele>47.0</ele><time>2021-08-06T23:56:06Z</time></trkpt>
<trkpt lat="44.232317" lon="-76.618068"><ele>47.0</ele><time>2021-08-06T23:56:07Z</time></trkpt>
<trkpt lat="44.232324" lon="-76.618068"><ele>47.0</ele><time>2021-08-06T23:56:08Z</time></trkpt>
<trkpt lat="44.232327" lon="-76.618068"><ele>47.0</ele><time>2021-08-06T23:56:09Z</time></trkpt>
<trkpt lat="44.232333" lon="-76.618068"><ele>47.0</ele><time>2021-08-06T23:56:10Z</time></trkpt>
<trkpt lat="44.23234" lon="-76.618068"><ele>47.0</ele><time>2021-08-06T23:56:11Z</time></trkpt>
<trkpt lat="44.232343" lon="-76.618068"><ele>47.0</ele><time>2021-08-06T23:56:12Z</time></trkpt>
<trkpt lat="44.232349" lon="-76.618068"><ele>46.0</ele><time>2021-08-06T23:56:13Z</time></trkpt>
<trkpt lat="44.232353" lon="-76.618068"><ele>46.0</ele><time>2021-08-06T23:56:14Z</time></trkpt>
<trkpt lat="44.232359" lon="-76.618068"><ele>46.0</ele><time>2021-08-06T23:56:15Z</time></trkpt>
<trkpt lat="44.232365" lon="-76.618068"><ele>46.0</ele><time>2021-08-06T23:56:16Z</time></trkpt>
<trkpt lat="44.232369" lon="-76.618068"><ele>46.0</ele><time>2021-08-06T23:56:17Z</time></trkpt>
<trkpt lat="44.232375" lon="-76.618068"><ele>45.0</ele><time>2021-08-06T23:56:18Z</time></trkpt>
<trkpt lat="44.232382" lon="-76.618068"><ele>45.0</ele><time>2021-08-06T23:56:19Z</time></trkpt>
<trkpt lat="44.232391" lon="-76.618068"><ele>46.0</ele><time>2021-08-06T23:56:20Z</time></trkpt>
<trkpt lat="44.232395" lon="-76.618068"><ele>46.0</ele><time>2021-08-06T23:56:21Z</time></trkpt>
<trkpt lat="44.232401" lon="-76.618068"><ele>46.0</ele><time>2021-08-06T23:56:22Z</time></trkpt>
<trkpt lat="44.232407" lon="-76.618068"><ele>46.0</ele><time>2021-08-06T23:56:23Z</time></trkpt>
<trkpt lat="44.232414" lon="-76.618068"><ele>46.0</ele><time>2021-08-06T23:56:24Z</time></trkpt>
<trkpt lat="44.23242" lon="-76.618068"><ele>46.0</ele><time>2021-08-06T23:56:25Z</time></trkpt>
<trkpt lat="44.232424" lon="-76.618068"><ele>45.0</ele><time>2021-08-06T23:56:26Z</time></trkpt>
<trkpt lat="44.232427" lon="-76.618068"><ele>45.0</ele><time>2021-08-06T23:56:27Z</time></trkpt>
<trkpt lat="44.232433" lon="-76.618077"><ele>45.0</ele><time>2021-08-06T23:56:28Z</time></trkpt>
<trkpt lat="44.232437" lon="-76.618077"><ele>45.0</ele><time>2021-08-06T23:56:29Z</time></trkpt>
<trkpt lat="44.232443" lon="-76.618077"><ele>45.0</ele><time>2021-08-06T23:56:30Z</time></trkpt>
<trkpt lat="44.232446" lon="-76.618077"><ele>45.0</ele><time>2021-08-06T23:56:31Z</time></trkpt>
<trkpt lat="44.232449" lon="-76.618077"><ele>45.0</ele><time>2021-08-06T23:56:32Z</time></trkpt>
<trkpt lat="44.232449" lon="-76.618068"><ele>45.0</ele><time>2021-08-06T23:56:33Z</time></trkpt>
<trkpt lat="44.232449" lon="-76.618068"><ele>44.0</ele><time>2021-08-06T23:56:34Z</time></trkpt>
<trkpt lat="44.232453" lon="-76.618068"><ele>44.0</ele><time>2021-08-06T23:56:35Z</time></trkpt>
<trkpt lat="44.232456" lon="-76.618077"><ele>44.0</ele><time>2021-08-06T23:56:36Z</time></trkpt>
<trkpt lat="44.232462" lon="-76.618077"><ele>44.0</ele><time>2021-08-06T23:56:37Z</time></trkpt>
<trkpt lat="44.232466" lon="-76.618077"><ele>43.0</ele><time>2021-08-06T23:56:38Z</time></trkpt>
<trkpt lat="44.232469" lon="-76.618086"><ele>43.0</ele><time>2021-08-06T23:56:39Z</time></trkpt>
<trkpt lat="44.232475" lon="-76.618086"><ele>43.0</ele><time>2021-08-06T23:56:40Z</time></trkpt>
<trkpt lat="44.232479" lon="-76.618086"><ele>43.0</ele><time>2021-08-06T23:56:41Z</time></trkpt>
<trkpt lat="44.232482" lon="-76.618086"><ele>43.0</ele><time>2021-08-06T23:56:42Z</time></trkpt>
<trkpt lat="44.232488" lon="-76.618095"><ele>44.0</ele><time>2021-08-06T23:56:43Z</time></trkpt>
<trkpt lat="44.232495" lon="-76.618095"><ele>43.0</ele><time>2021-08-06T23:56:44Z</time></trkpt>
<trkpt lat="44.232498" lon="-76.618095"><ele>43.0</ele><time>2021-08-06T23:56:45Z</time></trkpt>
<trkpt lat="44.232504" lon="-76.618095"><ele>43.0</ele><time>2021-08-06T23:56:46Z</time></trkpt>
<trkpt lat="44.232511" lon="-76.618095"><ele>44.0</ele><time>2021-08-06T23:56:47Z</time></trkpt>
<trkpt lat="44.232517" lon="-76.618095"><ele>44.0</ele><time>2021-08-06T23:56:48Z</time></trkpt>
<trkpt lat="44.232521" lon="-76.618104"><ele>43.0</ele><time>2021-08-06T23:56:49Z</time></trkpt>
<trkpt lat="44.232527" lon="-76.618104"><ele>43.0</ele><time>2021-08-06T23:56:50Z</time></trkpt>
<trkpt lat="44.23253" lon="-76.618113"><ele>44.0</ele><time>2021-08-06T23:56:51Z</time></trkpt>
<trkpt lat="44.232533" lon="-76.618113"><ele>44.0</ele><time>2021-08-06T23:56:52Z</time></trkpt>
<trkpt lat="44.23254" lon="-76.618113"><ele>44.0</ele><time>2021-08-06T23:56:53Z</time></trkpt>
<trkpt lat="44.232543" lon="-76.618113"><ele>44.0</ele><time>2021-08-06T23:56:54Z</time></trkpt>
<trkpt lat="44.23255" lon="-76.618122"><ele>44.0</ele><time>2021-08-06T23:56:55Z</time></trkpt>
<trkpt lat="44.232553" lon="-76.618122"><ele>44.0</ele><time>2021-08-06T23:56:56Z</time></trkpt>
<trkpt lat="44.232556" lon="-76.618131"><ele>43.0</ele><time>2021-08-06T23:56:57Z</time></trkpt>
<trkpt lat="44.232562" lon="-76.618131"><ele>43.0</ele><time>2021-08-06T23:56:58Z</time></trkpt>
<trkpt lat="44.232569" lon="-76.618131"><ele>43.0</ele><time>2021-08-06T23:56:59Z</time></trkpt>
<trkpt lat="44.232572" lon="-76.61814"><ele>43.0</ele><time>2021-08-06T23:57:00Z</time></trkpt>
<trkpt lat="44.232579" lon="-76.61814"><ele>42.0</ele><time>2021-08-06T23:57:01Z</time></trkpt>
<trkpt lat="44.232585" lon="-76.61814"><ele>41.0</ele><time>2021-08-06T23:57:02Z</time></trkpt>
<trkpt lat="44.232592" lon="-76.61814"><ele>41.0</ele><time>2021-08-06T23:57:03Z</time></trkpt>
<trkpt lat="44.232598" lon="-76.618149"><ele>41.0</ele><time>2021-08-06T23:57:04Z</time></trkpt>
<trkpt lat="44.232604" lon="-76.618149"><ele>41.0</ele><time>2021-08-06T23:57:05Z</time></trkpt>
<trkpt lat="44.232608" lon="-76.618158"><ele>40.0</ele><time>2021-08-06T23:57:06Z</time></trkpt>
<trkpt lat="44.232611" lon="-76.618158"><ele>41.0</ele><time>2021-08-06T23:57:07Z</time></trkpt>
<trkpt lat="44.232614" lon="-76.618158"><ele>40.0</ele><time>2021-08-06T23:57:08Z</time></trkpt>
<trkpt lat="44.232617" lon="-76.618167"><ele>40.0</ele><time>2021-08-06T23:57:09Z</time></trkpt>
<trkpt lat="44.232621" lon="-76.618167"><ele>41.0</ele><time>2021-08-06T23:57:10Z</time></trkpt>
<trkpt lat="44.232624" lon="-76.618167"><ele>41.0</ele><time>2021-08-06T23:57:11Z</time></trkpt>
<trkpt lat="44.232627" lon="-76.618176"><ele>41.0</ele><time>2021-08-06T23:57:12Z</time></trkpt>
<trkpt lat="44.232627" lon="-76.618176"><ele>41.0</ele><time>2021-08-06T23:57:13Z</time></trkpt>
<trkpt lat="44.23263" lon="-76.618176"><ele>41.0</ele><time>2021-08-06T23:57:14Z</time></trkpt>
<trkpt lat="44.232634" lon="-76.618176"><ele>41.0</ele><time>2021-08-06T23:57:15Z</time></trkpt>
<trkpt lat="44.232637" lon="-76.618185"><ele>41.0</ele><time>2021-08-06T23:57:16Z</time></trkpt>
<trkpt lat="44.23264" lon="-76.618185"><ele>40.0</ele><time>2021-08-06T23:57:17Z</time></trkpt>
<trkpt lat="44.232643" lon="-76.618185"><ele>40.0</ele><time>2021-08-06T23:57:18Z</time></trkpt>
<trkpt lat="44.232646" lon="-76.618194"><ele>40.0</ele><time>2021-08-06T23:57:19Z</time></trkpt>
<trkpt lat="44.23265" lon="-76.618194"><ele>40.0</ele><time>2021-08-06T23:57:20Z</time></trkpt>
<trkpt lat="44.232653" lon="-76.618194"><ele>40.0</ele><time>2021-08-06T23:57:21Z</time></trkpt>
<trkpt lat="44.232659" lon="-76.618203"><ele>40.0</ele><time>2021-08-06T23:57:22Z</time></trkpt>
<trkpt lat="44.232663" lon="-76.618203"><ele>40.0</ele><time>2021-08-06T23:57:23Z</time></trkpt>
<trkpt lat="44.232666" lon="-76.618212"><ele>40.0</ele><time>2021-08-06T23:57:24Z</time></trkpt>
<trkpt lat="44.232669" lon="-76.618212"><ele>40.0</ele><time>2021-08-06T23:57:25Z</time></trkpt>
<trkpt lat="44.232676" lon="-76.618212"><ele>40.0</ele><time>2021-08-06T23:57:26Z</time></trkpt>
<trkpt lat="44.232679" lon="-76.618221"><ele>40.0</ele><time>2021-08-06T23:57:27Z</time></trkpt>
<trkpt lat="44.232682" lon="-76.61823"><ele>41.0</ele><time>2021-08-06T23:57:28Z</time></trkpt>
<trkpt lat="44.232685" lon="-76.61823"><ele>41.0</ele><time>2021-08-06T23:57:29Z</time></trkpt>
<trkpt lat="44.232688" lon="-76.618239"><ele>41.0</ele><time>2021-08-06T23:57:30Z</time></trkpt>
<trkpt lat="44.232692" lon="-76.618247"><ele>41.0</ele><time>2021-08-06T23:57:31Z</time></trkpt>
<trkpt lat="44.232695" lon="-76.618256"><ele>41.0</ele><time>2021-08-06T23:57:32Z</time></trkpt>
<trkpt lat="44.232701" lon="-76.618265"><ele>41.0</ele><time>2021-08-06T23:57:33Z</time></trkpt>
<trkpt lat="44.232705" lon="-76.618265"><ele>41.0</ele><time>2021-08-06T23:57:34Z</time></trkpt>
<trkpt lat="44.232708" lon="-76.618274"><ele>41.0</ele><time>2021-08-06T23:57:35Z</time></trkpt>
<trkpt lat="44.232711" lon="-76.618283"><ele>41.0</ele><time>2021-08-06T23:57:36Z</time></trkpt>
<trkpt lat="44.232714" lon="-76.618283"><ele>41.0</ele><time>2021-08-06T23:57:37Z</time></trkpt>
<trkpt lat="44.232717" lon="-76.618292"><ele>41.0</ele><time>2021-08-06T23:57:38Z</time></trkpt>
<trkpt lat="44.232721" lon="-76.618301"><ele>40.0</ele><time>2021-08-06T23:57:39Z</time></trkpt>
<trkpt lat="44.232724" lon="-76.61831"><ele>40.0</ele><time>2021-08-06T23:57:40Z</time></trkpt>
<trkpt lat="44.232727" lon="-76.61831"><ele>40.0</ele><time>2021-08-06T23:57:41Z</time></trkpt>
<trkpt lat="44.23273" lon="-76.618319"><ele>41.0</ele><time>2021-08-06T23:57:42Z</time></trkpt>
<trkpt lat="44.232734" lon="-76.618328"><ele>40.0</ele><time>2021-08-06T23:57:43Z</time></trkpt>
<trkpt lat="44.23274" lon="-76.618337"><ele>40.0</ele><time>2021-08-06T23:57:44Z</time></trkpt>
<trkpt lat="44.232743" lon="-76.618337"><ele>41.0</ele><time>2021-08-06T23:57:45Z</time></trkpt>
<trkpt lat="44.232747" lon="-76.618346"><ele>41.0</ele><time>2021-08-06T23:57:46Z</time></trkpt>
<trkpt lat="44.232753" lon="-76.618355"><ele>41.0</ele><time>2021-08-06T23:57:47Z</time></trkpt>
<trkpt lat="44.232756" lon="-76.618364"><ele>40.0</ele><time>2021-08-06T23:57:48Z</time></trkpt>
<trkpt lat="44.232763" lon="-76.618373"><ele>41.0</ele><time>2021-08-06T23:57:49Z</time></trkpt>
<trkpt lat="44.232766" lon="-76.618382"><ele>41.0</ele><time>2021-08-06T23:57:50Z</time></trkpt>
<trkpt lat="44.232769" lon="-76.618391"><ele>41.0</ele><time>2021-08-06T23:57:51Z</time></trkpt>
<trkpt lat="44.232776" lon="-76.6184"><ele>41.0</ele><time>2021-08-06T23:57:52Z</time></trkpt>
<trkpt lat="44.232779" lon="-76.618409"><ele>41.0</ele><time>2021-08-06T23:57:53Z</time></trkpt>
<trkpt lat="44.232785" lon="-76.618418"><ele>41.0</ele><time>2021-08-06T23:57:54Z</time></trkpt>
<trkpt lat="44.232789" lon="-76.618418"><ele>41.0</ele><time>2021-08-06T23:57:55Z</time></trkpt>
<trkpt lat="44.232795" lon="-76.618427"><ele>41.0</ele><time>2021-08-06T23:57:56Z</time></trkpt>
<trkpt lat="44.232798" lon="-76.618436"><ele>41.0</ele><time>2021-08-06T23:57:57Z</time></trkpt>
<trkpt lat="44.232805" lon="-76.618445"><ele>41.0</ele><time>2021-08-06T23:57:58Z</time></trkpt>
<trkpt lat="44.232811" lon="-76.618454"><ele>41.0</ele><time>2021-08-06T23:57:59Z</time></trkpt>
<trkpt lat="44.232814" lon="-76.618463"><ele>41.0</ele><time>2021-08-06T23:58:00Z</time></trkpt>
<trkpt lat="44.232818" lon="-76.618472"><ele>41.0</ele><time>2021-08-06T23:58:01Z</time></trkpt>
<trkpt lat="44.232824" lon="-76.618481"><ele>41.0</ele><time>2021-08-06T23:58:02Z</time></trkpt>
<trkpt lat="44.232827" lon="-76.61849"><ele>41.0</ele><time>2021-08-06T23:58:03Z</time></trkpt>
<trkpt lat="44.232831" lon="-76.618499"><ele>41.0</ele><time>2021-08-06T23:58:04Z</time></trkpt>
<trkpt lat="44.232837" lon="-76.618508"><ele>41.0</ele><time>2021-08-06T23:58:05Z</time></trkpt>
<trkpt lat="44.23284" lon="-76.618526"><ele>41.0</ele><time>2021-08-06T23:58:06Z</time></trkpt>
<trkpt lat="44.232843" lon="-76.618535"><ele>41.0</ele><time>2021-08-06T23:58:07Z</time></trkpt>
<trkpt lat="44.232847" lon="-76.618544"><ele>41.0</ele><time>2021-08-06T23:58:08Z</time></trkpt>
<trkpt lat="44.23285" lon="-76.618553"><ele>41.0</ele><time>2021-08-06T23:58:09Z</time></trkpt>
<trkpt lat="44.232853" lon="-76.618562"><ele>41.0</ele><time>2021-08-06T23:58:10Z</time></trkpt>
<trkpt lat="44.23286" lon="-76.618571"><ele>41.0</ele><time>2021-08-06T23:58:11Z</time></trkpt>
<trkpt lat="44.232863" lon="-76.61858"><ele>41.0</ele><time>2021-08-06T23:58:12Z</time></trkpt>
<trkpt lat="44.232866" lon="-76.618598"><ele>41.0</ele><time>2021-08-06T23:58:13Z</time></trkpt>
<trkpt lat="44.232869" lon="-76.618607"><ele>41.0</ele><time>2021-08-06T23:58:14Z</time></trkpt>
<trkpt lat="44.232873" lon="-76.618616"><ele>41.0</ele><time>2021-08-06T23:58:15Z</time></trkpt>
<trkpt lat="44.232876" lon="-76.618625"><ele>41.0</ele><time>2021-08-06T23:58:16Z</time></trkpt>
<trkpt lat="44.232879" lon="-76.618634"><ele>41.0</ele><time>2021-08-06T23:58:17Z</time></trkpt>
<trkpt lat="44.232879" lon="-76.618652"><ele>42.0</ele><time>2021-08-06T23:58:18Z</time></trkpt>
<trkpt lat="44.232879" lon="-76.618661"><ele>41.0</ele><time>2021-08-06T23:58:19Z</time></trkpt>
<trkpt lat="44.232879" lon="-76.61867"><ele>42.0</ele><time>2021-08-06T23:58:20Z</time></trkpt>
<trkpt lat="44.232879" lon="-76.618679"><ele>42.0</ele><time>2021-08-06T23:58:21Z</time></trkpt>
<trkpt lat="44.232879" lon="-76.618697"><ele>42.0</ele><time>2021-08-06T23:58:22Z</time></trkpt>
<trkpt lat="44.232879" lon="-76.618706"><ele>42.0</ele><time>2021-08-06T23:58:23Z</time></trkpt>
<trkpt lat="44.232879" lon="-76.618724"><ele>42.0</ele><time>2021-08-06T23:58:24Z</time></trkpt>
<trkpt lat="44.232876" lon="-76.618733"><ele>42.0</ele><time>2021-08-06T23:58:25Z</time></trkpt>
<trkpt lat="44.232876" lon="-76.618742"><ele>42.0</ele><time>2021-08-06T23:58:26Z</time></trkpt>
<trkpt lat="44.232876" lon="-76.618742"><ele>42.0</ele><time>2021-08-06T23:58:27Z</time></trkpt>
<trkpt lat="44.232873" lon="-76.61876"><ele>42.0</ele><time>2021-08-06T23:58:27Z</time></trkpt>
<trkpt lat="44.232869" lon="-76.618777"><ele>43.0</ele><time>2021-08-06T23:58:28Z</time></trkpt>
<trkpt lat="44.232863" lon="-76.618786"><ele>43.0</ele><time>2021-08-06T23:58:29Z</time></trkpt>
<trkpt lat="44.23286" lon="-76.618804"><ele>43.0</ele><time>2021-08-06T23:58:30Z</time></trkpt>
<trkpt lat="44.232856" lon="-76.618813"><ele>43.0</ele><time>2021-08-06T23:58:31Z</time></trkpt>
<trkpt lat="44.23285" lon="-76.618822"><ele>43.0</ele><time>2021-08-06T23:58:32Z</time></trkpt>
<trkpt lat="44.232847" lon="-76.618831"><ele>43.0</ele><time>2021-08-06T23:58:33Z</time></trkpt>
<trkpt lat="44.23284" lon="-76.61884"><ele>43.0</ele><time>2021-08-06T23:58:34Z</time></trkpt>
<trkpt lat="44.232834" lon="-76.618849"><ele>43.0</ele><time>2021-08-06T23:58:35Z</time></trkpt>
<trkpt lat="44.232824" lon="-76.618858"><ele>43.0</ele><time>2021-08-06T23:58:36Z</time></trkpt>
<trkpt lat="44.232818" lon="-76.618867"><ele>43.0</ele><time>2021-08-06T23:58:37Z</time></trkpt>
<trkpt lat="44.232811" lon="-76.618876"><ele>43.0</ele><time>2021-08-06T23:58:38Z</time></trkpt>
<trkpt lat="44.232805" lon="-76.618876"><ele>43.0</ele><time>2021-08-06T23:58:39Z</time></trkpt>
<trkpt lat="44.232798" lon="-76.618885"><ele>43.0</ele><time>2021-08-06T23:58:40Z</time></trkpt>
<trkpt lat="44.232792" lon="-76.618885"><ele>43.0</ele><time>2021-08-06T23:58:41Z</time></trkpt>
<trkpt lat="44.232785" lon="-76.618894"><ele>43.0</ele><time>2021-08-06T23:58:42Z</time></trkpt>
<trkpt lat="44.232776" lon="-76.618894"><ele>43.0</ele><time>2021-08-06T23:58:43Z</time></trkpt>
<trkpt lat="44.232769" lon="-76.618894"><ele>43.0</ele><time>2021-08-06T23:58:44Z</time></trkpt>
<trkpt lat="44.232763" lon="-76.618894"><ele>43.0</ele><time>2021-08-06T23:58:45Z</time></trkpt>
<trkpt lat="44.232756" lon="-76.618894"><ele>43.0</ele><time>2021-08-06T23:58:46Z</time></trkpt>
<trkpt lat="44.232747" lon="-76.618894"><ele>43.0</ele><time>2021-08-06T23:58:47Z</time></trkpt>
<trkpt lat="44.23274" lon="-76.618894"><ele>42.0</ele><time>2021-08-06T23:58:48Z</time></trkpt>
<trkpt lat="44.232734" lon="-76.618894"><ele>42.0</ele><time>2021-08-06T23:58:49Z</time></trkpt>
<trkpt lat="44.232727" lon="-76.618894"><ele>42.0</ele><time>2021-08-06T23:58:50Z</time></trkpt>
<trkpt lat="44.232721" lon="-76.618894"><ele>42.0</ele><time>2021-08-06T23:58:51Z</time></trkpt>
<trkpt lat="44.232714" lon="-76.618894"><ele>42.0</ele><time>2021-08-06T23:58:52Z</time></trkpt>
<trkpt lat="44.232708" lon="-76.618894"><ele>42.0</ele><time>2021-08-06T23:58:53Z</time></trkpt>
<trkpt lat="44.232701" lon="-76.618894"><ele>42.0</ele><time>2021-08-06T23:58:54Z</time></trkpt>
<trkpt lat="44.232695" lon="-76.618894"><ele>42.0</ele><time>2021-08-06T23:58:55Z</time></trkpt>
<trkpt lat="44.232692" lon="-76.618894"><ele>42.0</ele><time>2021-08-06T23:58:56Z</time></trkpt>
<trkpt lat="44.232685" lon="-76.618894"><ele>42.0</ele><time>2021-08-06T23:58:57Z</time></trkpt>
<trkpt lat="44.232679" lon="-76.618894"><ele>42.0</ele><time>2021-08-06T23:58:58Z</time></trkpt>
<trkpt lat="44.232672" lon="-76.618894"><ele>43.0</ele><time>2021-08-06T23:58:59Z</time></trkpt>
<trkpt lat="44.232666" lon="-76.618894"><ele>43.0</ele><time>2021-08-06T23:59:00Z</time></trkpt>
<trkpt lat="44.232659" lon="-76.618894"><ele>43.0</ele><time>2021-08-06T23:59:01Z</time></trkpt>
<trkpt lat="44.232653" lon="-76.618894"><ele>43.0</ele><time>2021-08-06T23:59:02Z</time></trkpt>
<trkpt lat="44.232646" lon="-76.618894"><ele>43.0</ele><time>2021-08-06T23:59:03Z</time></trkpt>
<trkpt lat="44.23264" lon="-76.618894"><ele>43.0</ele><time>2021-08-06T23:59:04Z</time></trkpt>
<trkpt lat="44.232634" lon="-76.618894"><ele>43.0</ele><time>2021-08-06T23:59:05Z</time></trkpt>
<trkpt lat="44.232627" lon="-76.618894"><ele>43.0</ele><time>2021-08-06T23:59:06Z</time></trkpt>
<trkpt lat="44.232621" lon="-76.618903"><ele>43.0</ele><time>2021-08-06T23:59:07Z</time></trkpt>
<trkpt lat="44.232614" lon="-76.618903"><ele>43.0</ele><time>2021-08-06T23:59:08Z</time></trkpt>
<trkpt lat="44.232608" lon="-76.618903"><ele>43.0</ele><time>2021-08-06T23:59:09Z</time></trkpt>
<trkpt lat="44.232601" lon="-76.618903"><ele>43.0</ele><time>2021-08-06T23:59:10Z</time></trkpt>
<trkpt lat="44.232595" lon="-76.618903"><ele>43.0</ele><time>2021-08-06T23:59:11Z</time></trkpt>
<trkpt lat="44.232592" lon="-76.618912"><ele>43.0</ele><time>2021-08-06T23:59:12Z</time></trkpt>
<trkpt lat="44.232585" lon="-76.618912"><ele>44.0</ele><time>2021-08-06T23:59:13Z</time></trkpt>
<trkpt lat="44.232579" lon="-76.618912"><ele>44.0</ele><time>2021-08-06T23:59:14Z</time></trkpt>
<trkpt lat="44.232572" lon="-76.618912"><ele>44.0</ele><time>2021-08-06T23:59:15Z</time></trkpt>
<trkpt lat="44.232566" lon="-76.618921"><ele>44.0</ele><time>2021-08-06T23:59:16Z</time></trkpt>
<trkpt lat="44.232562" lon="-76.618921"><ele>44.0</ele><time>2021-08-06T23:59:17Z</time></trkpt>
<trkpt lat="44.232556" lon="-76.618921"><ele>44.0</ele><time>2021-08-06T23:59:18Z</time></trkpt>
<trkpt lat="44.23255" lon="-76.618921"><ele>44.0</ele><time>2021-08-06T23:59:19Z</time></trkpt>
<trkpt lat="44.232543" lon="-76.61893"><ele>44.0</ele><time>2021-08-06T23:59:20Z</time></trkpt>
<trkpt lat="44.232537" lon="-76.61893"><ele>44.0</ele><time>2021-08-06T23:59:21Z</time></trkpt>
<trkpt lat="44.232533" lon="-76.61893"><ele>44.0</ele><time>2021-08-06T23:59:22Z</time></trkpt>
<trkpt lat="44.232527" lon="-76.61893"><ele>44.0</ele><time>2021-08-06T23:59:23Z</time></trkpt>
<trkpt lat="44.232524" lon="-76.61893"><ele>44.0</ele><time>2021-08-06T23:59:24Z</time></trkpt>
<trkpt lat="44.232517" lon="-76.618939"><ele>45.0</ele><time>2021-08-06T23:59:25Z</time></trkpt>
<trkpt lat="44.232511" lon="-76.618939"><ele>45.0</ele><time>2021-08-06T23:59:26Z</time></trkpt>
<trkpt lat="44.232508" lon="-76.618939"><ele>44.0</ele><time>2021-08-06T23:59:27Z</time></trkpt>
<trkpt lat="44.232504" lon="-76.61893"><ele>44.0</ele><time>2021-08-06T23:59:28Z</time></trkpt>
<trkpt lat="44.232498" lon="-76.61893"><ele>44.0</ele><time>2021-08-06T23:59:29Z</time></trkpt>
<trkpt lat="44.232491" lon="-76.61893"><ele>44.0</ele><time>2021-08-06T23:59:30Z</time></trkpt>
<trkpt lat="44.232488" lon="-76.61893"><ele>44.0</ele><time>2021-08-06T23:59:31Z</time></trkpt>
<trkpt lat="44.232482" lon="-76.61893"><ele>44.0</ele><time>2021-08-06T23:59:32Z</time></trkpt>
<trkpt lat="44.232479" lon="-76.61893"><ele>44.0</ele><time>2021-08-06T23:59:33Z</time></trkpt>
<trkpt lat="44.232472" lon="-76.61893"><ele>44.0</ele><time>2021-08-06T23:59:34Z</time></trkpt>
<trkpt lat="44.232469" lon="-76.618921"><ele>44.0</ele><time>2021-08-06T23:59:35Z</time></trkpt>
<trkpt lat="44.232466" lon="-76.618921"><ele>44.0</ele><time>2021-08-06T23:59:36Z</time></trkpt>
<trkpt lat="44.232459" lon="-76.618921"><ele>44.0</ele><time>2021-08-06T23:59:37Z</time></trkpt>
<trkpt lat="44.232456" lon="-76.618921"><ele>43.0</ele><time>2021-08-06T23:59:38Z</time></trkpt>
<trkpt lat="44.232449" lon="-76.618921"><ele>43.0</ele><time>2021-08-06T23:59:39Z</time></trkpt>
<trkpt lat="44.232446" lon="-76.618921"><ele>43.0</ele><time>2021-08-06T23:59:40Z</time></trkpt>
<trkpt lat="44.23244" lon="-76.618921"><ele>43.0</ele><time>2021-08-06T23:59:41Z</time></trkpt>
<trkpt lat="44.232433" lon="-76.618921"><ele>43.0</ele><time>2021-08-06T23:59:42Z</time></trkpt>
<trkpt lat="44.23243" lon="-76.618921"><ele>43.0</ele><time>2021-08-06T23:59:43Z</time></trkpt>
<trkpt lat="44.232424" lon="-76.618921"><ele>43.0</ele><time>2021-08-06T23:59:44Z</time></trkpt>
<trkpt lat="44.232417" lon="-76.618921"><ele>43.0</ele><time>2021-08-06T23:59:45Z</time></trkpt>
<trkpt lat="44.232414" lon="-76.618921"><ele>43.0</ele><time>2021-08-06T23:59:46Z</time></trkpt>
<trkpt lat="44.232407" lon="-76.618921"><ele>43.0</ele><time>2021-08-06T23:59:47Z</time></trkpt>
<trkpt lat="44.232404" lon="-76.618921"><ele>43.0</ele><time>2021-08-06T23:59:48Z</time></trkpt>
<trkpt lat="44.232398" lon="-76.618921"><ele>43.0</ele><time>2021-08-06T23:59:49Z</time></trkpt>
<trkpt lat="44.232395" lon="-76.618921"><ele>43.0</ele><time>2021-08-06T23:59:50Z</time></trkpt>
<trkpt lat="44.232388" lon="-76.618912"><ele>43.0</ele><time>2021-08-06T23:59:51Z</time></trkpt>
<trkpt lat="44.232385" lon="-76.618912"><ele>42.0</ele><time>2021-08-06T23:59:52Z</time></trkpt>
<trkpt lat="44.232382" lon="-76.618912"><ele>42.0</ele><time>2021-08-06T23:59:53Z</time></trkpt>
<trkpt lat="44.232375" lon="-76.618912"><ele>42.0</ele><time>2021-08-06T23:59:54Z</time></trkpt>
<trkpt lat="44.232372" lon="-76.618912"><ele>42.0</ele><time>2021-08-06T23:59:55Z</time></trkpt>
<trkpt lat="44.232365" lon="-76.618912"><ele>42.0</ele><time>2021-08-06T23:59:56Z</time></trkpt>
<trkpt lat="44.232359" lon="-76.618903"><ele>42.0</ele><time>2021-08-06T23:59:57Z</time></trkpt>
<trkpt lat="44.232349" lon="-76.618903"><ele>42.0</ele><time>2021-08-06T23:59:58Z</time></trkpt>
<trkpt lat="44.23234" lon="-76.618903"><ele>42.0</ele><time>2021-08-06T23:59:59Z</time></trkpt>
<trkpt lat="44.232336" lon="-76.618894"><ele>42.0</ele><time>2021-08-07T00:00:00Z</time></trkpt>
<trkpt lat="44.232333" lon="-76.618894"><ele>41.0</ele><time>2021-08-07T00:00:01Z</time></trkpt>
<trkpt lat="44.23233" lon="-76.618885"><ele>42.0</ele><time>2021-08-07T00:00:02Z</time></trkpt>
<trkpt lat="44.232327" lon="-76.618885"><ele>42.0</ele><time>2021-08-07T00:00:03Z</time></trkpt>
<trkpt lat="44.232324" lon="-76.618876"><ele>42.0</ele><time>2021-08-07T00:00:04Z</time></trkpt>
<trkpt lat="44.23232" lon="-76.618867"><ele>42.0</ele><time>2021-08-07T00:00:05Z</time></trkpt>
<trkpt lat="44.232317" lon="-76.618858"><ele>42.0</ele><time>2021-08-07T00:00:06Z</time></trkpt>
<trkpt lat="44.232317" lon="-76.618849"><ele>42.0</ele><time>2021-08-07T00:00:07Z</time></trkpt>
<trkpt lat="44.232314" lon="-76.618849"><ele>41.0</ele><time>2021-08-07T00:00:08Z</time></trkpt>
<trkpt lat="44.232311" lon="-76.61884"><ele>42.0</ele><time>2021-08-07T00:00:09Z</time></trkpt>
<trkpt lat="44.232311" lon="-76.618831"><ele>41.0</ele><time>2021-08-07T00:00:10Z</time></trkpt>
<trkpt lat="44.232307" lon="-76.618822"><ele>41.0</ele><time>2021-08-07T00:00:11Z</time></trkpt>
<trkpt lat="44.232307" lon="-76.618822"><ele>41.0</ele><time>2021-08-07T00:00:12Z</time></trkpt>
<trkpt lat="44.232307" lon="-76.618813"><ele>41.0</ele><time>2021-08-07T00:00:13Z</time></trkpt>
<trkpt lat="44.232311" lon="-76.618804"><ele>41.0</ele><time>2021-08-07T00:00:14Z</time></trkpt>
<trkpt lat="44.232311" lon="-76.618804"><ele>42.0</ele><time>2021-08-07T00:00:15Z</time></trkpt>
<trkpt lat="44.232314" lon="-76.618795"><ele>42.0</ele><time>2021-08-07T00:00:16Z</time></trkpt>
<trkpt lat="44.232314" lon="-76.618786"><ele>42.0</ele><time>2021-08-07T00:00:17Z</time></trkpt>
<trkpt lat="44.232317" lon="-76.618777"><ele>42.0</ele><time>2021-08-07T00:00:18Z</time></trkpt>
<trkpt lat="44.23232" lon="-76.618769"><ele>42.0</ele><time>2021-08-07T00:00:19Z</time></trkpt>
<trkpt lat="44.232324" lon="-76.618769"><ele>42.0</ele><time>2021-08-07T00:00:20Z</time></trkpt>
<trkpt lat="44.232327" lon="-76.61876"><ele>42.0</ele><time>2021-08-07T00:00:21Z</time></trkpt>
<trkpt lat="44.23233" lon="-76.618751"><ele>43.0</ele><time>2021-08-07T00:00:22Z</time></trkpt>
<trkpt lat="44.232336" lon="-76.618751"><ele>43.0</ele><time>2021-08-07T00:00:23Z</time></trkpt>
<trkpt lat="44.23234" lon="-76.618742"><ele>43.0</ele><time>2021-08-07T00:00:24Z</time></trkpt>
<trkpt lat="44.232343" lon="-76.618742"><ele>43.0</ele><time>2021-08-07T00:00:25Z</time></trkpt>
<trkpt lat="44.232346" lon="-76.618733"><ele>43.0</ele><time>2021-08-07T00:00:26Z</time></trkpt>
<trkpt lat="44.232349" lon="-76.618733"><ele>43.0</ele><time>2021-08-07T00:00:27Z</time></trkpt>
<trkpt lat="44.232353" lon="-76.618724"><ele>43.0</ele><time>2021-08-07T00:00:28Z</time></trkpt>
<trkpt lat="44.232356" lon="-76.618724"><ele>43.0</ele><time>2021-08-07T00:00:29Z</time></trkpt>
<trkpt lat="44.232359" lon="-76.618715"><ele>44.0</ele><time>2021-08-07T00:00:30Z</time></trkpt>
<trkpt lat="44.232362" lon="-76.618715"><ele>44.0</ele><time>2021-08-07T00:00:31Z</time></trkpt>
<trkpt lat="44.232369" lon="-76.618706"><ele>44.0</ele><time>2021-08-07T00:00:32Z</time></trkpt>
<trkpt lat="44.232372" lon="-76.618697"><ele>44.0</ele><time>2021-08-07T00:00:33Z</time></trkpt>
<trkpt lat="44.232375" lon="-76.618697"><ele>44.0</ele><time>2021-08-07T00:00:34Z</time></trkpt>
<trkpt lat="44.232382" lon="-76.618688"><ele>44.0</ele><time>2021-08-07T00:00:35Z</time></trkpt>
<trkpt lat="44.232388" lon="-76.618688"><ele>44.0</ele><time>2021-08-07T00:00:36Z</time></trkpt>
<trkpt lat="44.232391" lon="-76.618679"><ele>44.0</ele><time>2021-08-07T00:00:37Z</time></trkpt>
<trkpt lat="44.232398" lon="-76.61867"><ele>44.0</ele><time>2021-08-07T00:00:38Z</time></trkpt>
<trkpt lat="44.232404" lon="-76.61867"><ele>44.0</ele><time>2021-08-07T00:00:39Z</time></trkpt>
<trkpt lat="44.232411" lon="-76.618661"><ele>44.0</ele><time>2021-08-07T00:00:40Z</time></trkpt>
<trkpt lat="44.232417" lon="-76.618661"><ele>43.0</ele><time>2021-08-07T00:00:41Z</time></trkpt>
<trkpt lat="44.232424" lon="-76.618652"><ele>43.0</ele><time>2021-08-07T00:00:42Z</time></trkpt>
<trkpt lat="44.232427" lon="-76.618652"><ele>43.0</ele><time>2021-08-07T00:00:43Z</time></trkpt>
<trkpt lat="44.232433" lon="-76.618643"><ele>43.0</ele><time>2021-08-07T00:00:44Z</time></trkpt>
<trkpt lat="44.23244" lon="-76.618643"><ele>43.0</ele><time>2021-08-07T00:00:45Z</time></trkpt>
<trkpt lat="44.232446" lon="-76.618634"><ele>43.0</ele><time>2021-08-07T00:00:46Z</time></trkpt>
<trkpt lat="44.232453" lon="-76.618634"><ele>43.0</ele><time>2021-08-07T00:00:47Z</time></trkpt>
<trkpt lat="44.232456" lon="-76.618625"><ele>43.0</ele><time>2021-08-07T00:00:48Z</time></trkpt>
<trkpt lat="44.232462" lon="-76.618625"><ele>43.0</ele><time>2021-08-07T00:00:49Z</time></trkpt>
<trkpt lat="44.232472" lon="-76.618616"><ele>43.0</ele><time>2021-08-07T00:00:50Z</time></trkpt>
<trkpt lat="44.232479" lon="-76.618616"><ele>43.0</ele><time>2021-08-07T00:00:51Z</time></trkpt>
<trkpt lat="44.232485" lon="-76.618607"><ele>43.0</ele><time>2021-08-07T00:00:52Z</time></trkpt>
<trkpt lat="44.232491" lon="-76.618607"><ele>43.0</ele><time>2021-08-07T00:00:53Z</time></trkpt>
<trkpt lat="44.232498" lon="-76.618598"><ele>43.0</ele><time>2021-08-07T00:00:54Z</time></trkpt>
<trkpt lat="44.232504" lon="-76.618598"><ele>43.0</ele><time>2021-08-07T00:00:55Z</time></trkpt>
<trkpt lat="44.232511" lon="-76.618589"><ele>43.0</ele><time>2021-08-07T00:00:56Z</time></trkpt>
<trkpt lat="44.232517" lon="-76.618589"><ele>43.0</ele><time>2021-08-07T00:00:57Z</time></trkpt>
<trkpt lat="44.232527" lon="-76.618589"><ele>43.0</ele><time>2021-08-07T00:00:58Z</time></trkpt>
<trkpt lat="44.232533" lon="-76.61858"><ele>43.0</ele><time>2021-08-07T00:00:59Z</time></trkpt>
<trkpt lat="44.23254" lon="-76.61858"><ele>43.0</ele><time>2021-08-07T00:01:00Z</time></trkpt>
<trkpt lat="44.23255" lon="-76.618571"><ele>43.0</ele><time>2021-08-07T00:01:01Z</time></trkpt>
<trkpt lat="44.232556" lon="-76.618571"><ele>44.0</ele><time>2021-08-07T00:01:02Z</time></trkpt>
<trkpt lat="44.232562" lon="-76.618562"><ele>43.0</ele><time>2021-08-07T00:01:03Z</time></trkpt>
<trkpt lat="44.232572" lon="-76.618562"><ele>43.0</ele><time>2021-08-07T00:01:04Z</time></trkpt>
<trkpt lat="44.232579" lon="-76.618553"><ele>43.0</ele><time>2021-08-07T00:01:05Z</time></trkpt>
<trkpt lat="44.232585" lon="-76.618553"><ele>43.0</ele><time>2021-08-07T00:01:06Z</time></trkpt>
<trkpt lat="44.232595" lon="-76.618553"><ele>43.0</ele><time>2021-08-07T00:01:07Z</time></trkpt>
<trkpt lat="44.232601" lon="-76.618544"><ele>43.0</ele><time>2021-08-07T00:01:08Z</time></trkpt>
<trkpt lat="44.232611" lon="-76.618544"><ele>44.0</ele><time>2021-08-07T00:01:09Z</time></trkpt>
<trkpt lat="44.232617" lon="-76.618544"><ele>44.0</ele><time>2021-08-07T00:01:10Z</time></trkpt>
<trkpt lat="44.232627" lon="-76.618535"><ele>44.0</ele><time>2021-08-07T00:01:11Z</time></trkpt>
<trkpt lat="44.232637" lon="-76.618535"><ele>44.0</ele><time>2021-08-07T00:01:12Z</time></trkpt>
<trkpt lat="44.232643" lon="-76.618535"><ele>44.0</ele><time>2021-08-07T00:01:13Z</time></trkpt>
<trkpt lat="44.232653" lon="-76.618535"><ele>44.0</ele><time>2021-08-07T00:01:14Z</time></trkpt>
<trkpt lat="44.232659" lon="-76.618526"><ele>44.0</ele><time>2021-08-07T00:01:15Z</time></trkpt>
<trkpt lat="44.232669" lon="-76.618526"><ele>44.0</ele><time>2021-08-07T00:01:16Z</time></trkpt>
<trkpt lat="44.232676" lon="-76.618526"><ele>44.0</ele><time>2021-08-07T00:01:17Z</time></trkpt>
<trkpt lat="44.232682" lon="-76.618526"><ele>44.0</ele><time>2021-08-07T00:01:18Z</time></trkpt>
<trkpt lat="44.232692" lon="-76.618526"><ele>44.0</ele><time>2021-08-07T00:01:19Z</time></trkpt>
<trkpt lat="44.232698" lon="-76.618526"><ele>45.0</ele><time>2021-08-07T00:01:20Z</time></trkpt>
<trkpt lat="44.232705" lon="-76.618517"><ele>45.0</ele><time>2021-08-07T00:01:21Z</time></trkpt>
<trkpt lat="44.232711" lon="-76.618517"><ele>45.0</ele><time>2021-08-07T00:01:22Z</time></trkpt>
<trkpt lat="44.232721" lon="-76.618517"><ele>45.0</ele><time>2021-08-07T00:01:23Z</time></trkpt>
<trkpt lat="44.232727" lon="-76.618517"><ele>45.0</ele><time>2021-08-07T00:01:24Z</time></trkpt>
<trkpt lat="44.232737" lon="-76.618517"><ele>45.0</ele><time>2021-08-07T00:01:25Z</time></trkpt>
<trkpt lat="44.232743" lon="-76.618517"><ele>45.0</ele><time>2021-08-07T00:01:26Z</time></trkpt>
<trkpt lat="44.232753" lon="-76.618517"><ele>45.0</ele><time>2021-08-07T00:01:27Z</time></trkpt>
<trkpt lat="44.232763" lon="-76.618517"><ele>45.0</ele><time>2021-08-07T00:01:28Z</time></trkpt>
<trkpt lat="44.232769" lon="-76.618508"><ele>46.0</ele><time>2021-08-07T00:01:29Z</time></trkpt>
<trkpt lat="44.232779" lon="-76.618508"><ele>45.0</ele><time>2021-08-07T00:01:30Z</time></trkpt>
<trkpt lat="44.232785" lon="-76.618508"><ele>45.0</ele><time>2021-08-07T00:01:31Z</time></trkpt>
<trkpt lat="44.232792" lon="-76.618508"><ele>45.0</ele><time>2021-08-07T00:01:32Z</time></trkpt>
<trkpt lat="44.232801" lon="-76.618508"><ele>45.0</ele><time>2021-08-07T00:01:33Z</time></trkpt>
<trkpt lat="44.232808" lon="-76.618508"><ele>45.0</ele><time>2021-08-07T00:01:34Z</time></trkpt>
<trkpt lat="44.232818" lon="-76.618508"><ele>45.0</ele><time>2021-08-07T00:01:35Z</time></trkpt>
<trkpt lat="44.232827" lon="-76.618508"><ele>45.0</ele><time>2021-08-07T00:01:36Z</time></trkpt>
<trkpt lat="44.232834" lon="-76.618499"><ele>45.0</ele><time>2021-08-07T00:01:37Z</time></trkpt>
<trkpt lat="44.232843" lon="-76.618499"><ele>45.0</ele><time>2021-08-07T00:01:38Z</time></trkpt>
<trkpt lat="44.23285" lon="-76.618499"><ele>45.0</ele><time>2021-08-07T00:01:39Z</time></trkpt>
<trkpt lat="44.23286" lon="-76.618499"><ele>45.0</ele><time>2021-08-07T00:01:40Z</time></trkpt>
<trkpt lat="44.232866" lon="-76.618499"><ele>45.0</ele><time>2021-08-07T00:01:41Z</time></trkpt>
<trkpt lat="44.232873" lon="-76.618499"><ele>45.0</ele><time>2021-08-07T00:01:42Z</time></trkpt>
<trkpt lat="44.232882" lon="-76.618499"><ele>45.0</ele><time>2021-08-07T00:01:43Z</time></trkpt>
<trkpt lat="44.232889" lon="-76.618499"><ele>45.0</ele><time>2021-08-07T00:01:44Z</time></trkpt>
<trkpt lat="44.232895" lon="-76.618499"><ele>45.0</ele><time>2021-08-07T00:01:45Z</time></trkpt>
<trkpt lat="44.232902" lon="-76.618499"><ele>45.0</ele><time>2021-08-07T00:01:46Z</time></trkpt>
<trkpt lat="44.232908" lon="-76.618499"><ele>45.0</ele><time>2021-08-07T00:01:47Z</time></trkpt>
<trkpt lat="44.232914" lon="-76.61849"><ele>45.0</ele><time>2021-08-07T00:01:48Z</time></trkpt>
<trkpt lat="44.232924" lon="-76.61849"><ele>45.0</ele><time>2021-08-07T00:01:49Z</time></trkpt>
<trkpt lat="44.232931" lon="-76.61849"><ele>45.0</ele><time>2021-08-07T00:01:50Z</time></trkpt>
<trkpt lat="44.232937" lon="-76.61849"><ele>45.0</ele><time>2021-08-07T00:01:51Z</time></trkpt>
<trkpt lat="44.232944" lon="-76.61849"><ele>45.0</ele><time>2021-08-07T00:01:52Z</time></trkpt>
<trkpt lat="44.232953" lon="-76.61849"><ele>45.0</ele><time>2021-08-07T00:01:53Z</time></trkpt>
<trkpt lat="44.23296" lon="-76.618481"><ele>46.0</ele><time>2021-08-07T00:01:54Z</time></trkpt>
<trkpt lat="44.232969" lon="-76.618481"><ele>46.0</ele><time>2021-08-07T00:01:55Z</time></trkpt>
<trkpt lat="44.232976" lon="-76.618481"><ele>46.0</ele><time>2021-08-07T00:01:56Z</time></trkpt>
<trkpt lat="44.232986" lon="-76.618481"><ele>46.0</ele><time>2021-08-07T00:01:57Z</time></trkpt>
<trkpt lat="44.232992" lon="-76.618472"><ele>46.0</ele><time>2021-08-07T00:01:58Z</time></trkpt>
<trkpt lat="44.232998" lon="-76.618472"><ele>46.0</ele><time>2021-08-07T00:01:59Z</time></trkpt>
<trkpt lat="44.233008" lon="-76.618472"><ele>46.0</ele><time>2021-08-07T00:02:00Z</time></trkpt>
<trkpt lat="44.233015" lon="-76.618472"><ele>46.0</ele><time>2021-08-07T00:02:01Z</time></trkpt>
<trkpt lat="44.233021" lon="-76.618472"><ele>46.0</ele><time>2021-08-07T00:02:02Z</time></trkpt>
<trkpt lat="44.233031" lon="-76.618463"><ele>46.0</ele><time>2021-08-07T00:02:03Z</time></trkpt>
<trkpt lat="44.233037" lon="-76.618463"><ele>46.0</ele><time>2021-08-07T00:02:04Z</time></trkpt>
<trkpt lat="44.233047" lon="-76.618463"><ele>46.0</ele><time>2021-08-07T00:02:05Z</time></trkpt>
<trkpt lat="44.233053" lon="-76.618463"><ele>46.0</ele><time>2021-08-07T00:02:06Z</time></trkpt>
<trkpt lat="44.233063" lon="-76.618463"><ele>46.0</ele><time>2021-08-07T00:02:07Z</time></trkpt>
<trkpt lat="44.233069" lon="-76.618463"><ele>46.0</ele><time>2021-08-07T00:02:08Z</time></trkpt>
<trkpt lat="44.233079" lon="-76.618463"><ele>46.0</ele><time>2021-08-07T00:02:09Z</time></trkpt>
<trkpt lat="44.233086" lon="-76.618463"><ele>46.0</ele><time>2021-08-07T00:02:10Z</time></trkpt>
<trkpt lat="44.233095" lon="-76.618463"><ele>46.0</ele><time>2021-08-07T00:02:11Z</time></trkpt>
<trkpt lat="44.233105" lon="-76.618454"><ele>46.0</ele><time>2021-08-07T00:02:12Z</time></trkpt>
<trkpt lat="44.233111" lon="-76.618463"><ele>46.0</ele><time>2021-08-07T00:02:13Z</time></trkpt>
<trkpt lat="44.233121" lon="-76.618463"><ele>46.0</ele><time>2021-08-07T00:02:14Z</time></trkpt>
<trkpt lat="44.233128" lon="-76.618463"><ele>46.0</ele><time>2021-08-07T00:02:15Z</time></trkpt>
<trkpt lat="44.233137" lon="-76.618463"><ele>46.0</ele><time>2021-08-07T00:02:16Z</time></trkpt>
<trkpt lat="44.233144" lon="-76.618463"><ele>47.0</ele><time>2021-08-07T00:02:17Z</time></trkpt>
<trkpt lat="44.233153" lon="-76.618463"><ele>47.0</ele><time>2021-08-07T00:02:18Z</time></trkpt>
<trkpt lat="44.23316" lon="-76.618463"><ele>47.0</ele><time>2021-08-07T00:02:19Z</time></trkpt>
<trkpt lat="44.23317" lon="-76.618454"><ele>47.0</ele><time>2021-08-07T00:02:20Z</time></trkpt>
<trkpt lat="44.233176" lon="-76.618454"><ele>47.0</ele><time>2021-08-07T00:02:21Z</time></trkpt>
<trkpt lat="44.233186" lon="-76.618454"><ele>47.0</ele><time>2021-08-07T00:02:22Z</time></trkpt>
<trkpt lat="44.233192" lon="-76.618454"><ele>46.0</ele><time>2021-08-07T00:02:23Z</time></trkpt>
<trkpt lat="44.233199" lon="-76.618454"><ele>47.0</ele><time>2021-08-07T00:02:24Z</time></trkpt>
<trkpt lat="44.233205" lon="-76.618454"><ele>46.0</ele><time>2021-08-07T00:02:25Z</time></trkpt>
<trkpt lat="44.233215" lon="-76.618454"><ele>46.0</ele><time>2021-08-07T00:02:26Z</time></trkpt>
<trkpt lat="44.233221" lon="-76.618454"><ele>46.0</ele><time>2021-08-07T00:02:27Z</time></trkpt>
<trkpt lat="44.233228" lon="-76.618454"><ele>46.0</ele><time>2021-08-07T00:02:28Z</time></trkpt>
<trkpt lat="44.233234" lon="-76.618454"><ele>46.0</ele><time>2021-08-07T00:02:29Z</time></trkpt>
<trkpt lat="44.233241" lon="-76.618454"><ele>46.0</ele><time>2021-08-07T00:02:30Z</time></trkpt>
<trkpt lat="44.23325" lon="-76.618445"><ele>46.0</ele><time>2021-08-07T00:02:31Z</time></trkpt>
<trkpt lat="44.233257" lon="-76.618445"><ele>45.0</ele><time>2021-08-07T00:02:32Z</time></trkpt>
<trkpt lat="44.233266" lon="-76.618445"><ele>45.0</ele><time>2021-08-07T00:02:33Z</time></trkpt>
<trkpt lat="44.233276" lon="-76.618445"><ele>45.0</ele><time>2021-08-07T00:02:34Z</time></trkpt>
<trkpt lat="44.233283" lon="-76.618436"><ele>45.0</ele><time>2021-08-07T00:02:35Z</time></trkpt>
<trkpt lat="44.233292" lon="-76.618436"><ele>45.0</ele><time>2021-08-07T00:02:36Z</time></trkpt>
<trkpt lat="44.233302" lon="-76.618427"><ele>45.0</ele><time>2021-08-07T00:02:37Z</time></trkpt>
<trkpt lat="44.233315" lon="-76.618427"><ele>45.0</ele><time>2021-08-07T00:02:38Z</time></trkpt>
<trkpt lat="44.233325" lon="-76.618418"><ele>45.0</ele><time>2021-08-07T00:02:39Z</time></trkpt>
<trkpt lat="44.233338" lon="-76.618409"><ele>45.0</ele><time>2021-08-07T00:02:40Z</time></trkpt>
<trkpt lat="44.233347" lon="-76.6184"><ele>45.0</ele><time>2021-08-07T00:02:41Z</time></trkpt>
<trkpt lat="44.23336" lon="-76.618391"><ele>45.0</ele><time>2021-08-07T00:02:42Z</time></trkpt>
<trkpt lat="44.233373" lon="-76.618382"><ele>45.0</ele><time>2021-08-07T00:02:43Z</time></trkpt>
<trkpt lat="44.233386" lon="-76.618373"><ele>45.0</ele><time>2021-08-07T00:02:44Z</time></trkpt>
<trkpt lat="44.233399" lon="-76.618364"><ele>45.0</ele><time>2021-08-07T00:02:45Z</time></trkpt>
<trkpt lat="44.233412" lon="-76.618355"><ele>46.0</ele><time>2021-08-07T00:02:46Z</time></trkpt>
<trkpt lat="44.233428" lon="-76.618346"><ele>45.0</ele><time>2021-08-07T00:02:47Z</time></trkpt>
<trkpt lat="44.233441" lon="-76.618328"><ele>46.0</ele><time>2021-08-07T00:02:48Z</time></trkpt>
<trkpt lat="44.233457" lon="-76.618319"><ele>46.0</ele><time>2021-08-07T00:02:49Z</time></trkpt>
<trkpt lat="44.23347" lon="-76.61831"><ele>46.0</ele><time>2021-08-07T00:02:50Z</time></trkpt>
<trkpt lat="44.233486" lon="-76.618301"><ele>46.0</ele><time>2021-08-07T00:02:51Z</time></trkpt>
<trkpt lat="44.233499" lon="-76.618283"><ele>45.0</ele><time>2021-08-07T00:02:52Z</time></trkpt>
<trkpt lat="44.233515" lon="-76.618274"><ele>45.0</ele><time>2021-08-07T00:02:53Z</time></trkpt>
<trkpt lat="44.233528" lon="-76.618265"><ele>45.0</ele><time>2021-08-07T00:02:54Z</time></trkpt>
<trkpt lat="44.233544" lon="-76.618247"><ele>45.0</ele><time>2021-08-07T00:02:55Z</time></trkpt>
<trkpt lat="44.23356" lon="-76.618239"><ele>45.0</ele><time>2021-08-07T00:02:56Z</time></trkpt>
<trkpt lat="44.233576" lon="-76.618221"><ele>46.0</ele><time>2021-08-07T00:02:57Z</time></trkpt>
<trkpt lat="44.233593" lon="-76.618212"><ele>46.0</ele><time>2021-08-07T00:02:58Z</time></trkpt>
<trkpt lat="44.233606" lon="-76.618203"><ele>46.0</ele><time>2021-08-07T00:02:59Z</time></trkpt>
<trkpt lat="44.233625" lon="-76.618194"><ele>46.0</ele><time>2021-08-07T00:03:00Z</time></trkpt>
<trkpt lat="44.233641" lon="-76.618185"><ele>46.0</ele><time>2021-08-07T00:03:01Z</time></trkpt>
<trkpt lat="44.233657" lon="-76.618167"><ele>46.0</ele><time>2021-08-07T00:03:02Z</time></trkpt>
<trkpt lat="44.233673" lon="-76.618158"><ele>46.0</ele><time>2021-08-07T00:03:03Z</time></trkpt>
<trkpt lat="44.23369" lon="-76.618149"><ele>46.0</ele><time>2021-08-07T00:03:04Z</time></trkpt>
<trkpt lat="44.233702" lon="-76.61814"><ele>46.0</ele><time>2021-08-07T00:03:05Z</time></trkpt>
<trkpt lat="44.233719" lon="-76.618122"><ele>46.0</ele><time>2021-08-07T00:03:06Z</time></trkpt>
<trkpt lat="44.233735" lon="-76.618113"><ele>46.0</ele><time>2021-08-07T00:03:07Z</time></trkpt>
<trkpt lat="44.233751" lon="-76.618095"><ele>46.0</ele><time>2021-08-07T00:03:08Z</time></trkpt>
<trkpt lat="44.233767" lon="-76.618086"><ele>45.0</ele><time>2021-08-07T00:03:09Z</time></trkpt>
<trkpt lat="44.23378" lon="-76.618077"><ele>45.0</ele><time>2021-08-07T00:03:10Z</time></trkpt>
<trkpt lat="44.233793" lon="-76.618059"><ele>45.0</ele><time>2021-08-07T00:03:11Z</time></trkpt>
<trkpt lat="44.233806" lon="-76.61805"><ele>45.0</ele><time>2021-08-07T00:03:12Z</time></trkpt>
<trkpt lat="44.233819" lon="-76.618041"><ele>45.0</ele><time>2021-08-07T00:03:13Z</time></trkpt>
<trkpt lat="44.233832" lon="-76.618032"><ele>44.0</ele><time>2021-08-07T00:03:14Z</time></trkpt>
<trkpt lat="44.233845" lon="-76.618014"><ele>44.0</ele><time>2021-08-07T00:03:15Z</time></trkpt>
<trkpt lat="44.233861" lon="-76.618005"><ele>44.0</ele><time>2021-08-07T00:03:16Z</time></trkpt>
<trkpt lat="44.233874" lon="-76.617996"><ele>44.0</ele><time>2021-08-07T00:03:17Z</time></trkpt>
<trkpt lat="44.23389" lon="-76.617978"><ele>44.0</ele><time>2021-08-07T00:03:18Z</time></trkpt>
<trkpt lat="44.233903" lon="-76.617969"><ele>44.0</ele><time>2021-08-07T00:03:19Z</time></trkpt>
<trkpt lat="44.233916" lon="-76.617951"><ele>44.0</ele><time>2021-08-07T00:03:20Z</time></trkpt>
<trkpt lat="44.233932" lon="-76.617942"><ele>44.0</ele><time>2021-08-07T00:03:21Z</time></trkpt>
<trkpt lat="44.233945" lon="-76.617924"><ele>44.0</ele><time>2021-08-07T00:03:22Z</time></trkpt>
<trkpt lat="44.233961" lon="-76.617915"><ele>44.0</ele><time>2021-08-07T00:03:23Z</time></trkpt>
<trkpt lat="44.233974" lon="-76.617897"><ele>44.0</ele><time>2021-08-07T00:03:24Z</time></trkpt>
<trkpt lat="44.233987" lon="-76.617888"><ele>44.0</ele><time>2021-08-07T00:03:25Z</time></trkpt>
<trkpt lat="44.234003" lon="-76.61787"><ele>44.0</ele><time>2021-08-07T00:03:26Z</time></trkpt>
<trkpt lat="44.234016" lon="-76.617861"><ele>44.0</ele><time>2021-08-07T00:03:27Z</time></trkpt>
<trkpt lat="44.234029" lon="-76.617843"><ele>44.0</ele><time>2021-08-07T00:03:28Z</time></trkpt>
<trkpt lat="44.234042" lon="-76.617825"><ele>44.0</ele><time>2021-08-07T00:03:29Z</time></trkpt>
<trkpt lat="44.234058" lon="-76.617807"><ele>44.0</ele><time>2021-08-07T00:03:30Z</time></trkpt>
<trkpt lat="44.234071" lon="-76.617789"><ele>44.0</ele><time>2021-08-07T00:03:31Z</time></trkpt>
<trkpt lat="44.234083" lon="-76.61778"><ele>44.0</ele><time>2021-08-07T00:03:32Z</time></trkpt>
<trkpt lat="44.234096" lon="-76.617762"><ele>44.0</ele><time>2021-08-07T00:03:33Z</time></trkpt>
<trkpt lat="44.234113" lon="-76.617744"><ele>44.0</ele><time>2021-08-07T00:03:34Z</time></trkpt>
<trkpt lat="44.234125" lon="-76.617735"><ele>44.0</ele><time>2021-08-07T00:03:35Z</time></trkpt>
<trkpt lat="44.234142" lon="-76.617718"><ele>44.0</ele><time>2021-08-07T00:03:36Z</time></trkpt>
<trkpt lat="44.234155" lon="-76.6177"><ele>44.0</ele><time>2021-08-07T00:03:37Z</time></trkpt>
<trkpt lat="44.234171" lon="-76.617682"><ele>45.0</ele><time>2021-08-07T00:03:38Z</time></trkpt>
<trkpt lat="44.234184" lon="-76.617673"><ele>45.0</ele><time>2021-08-07T00:03:39Z</time></trkpt>
<trkpt lat="44.234197" lon="-76.617655"><ele>45.0</ele><time>2021-08-07T00:03:40Z</time></trkpt>
<trkpt lat="44.234213" lon="-76.617637"><ele>45.0</ele><time>2021-08-07T00:03:41Z</time></trkpt>
<trkpt lat="44.234226" lon="-76.617619"><ele>45.0</ele><time>2021-08-07T00:03:42Z</time></trkpt>
<trkpt lat="44.234242" lon="-76.617601"><ele>45.0</ele><time>2021-08-07T00:03:43Z</time></trkpt>
<trkpt lat="44.234255" lon="-76.617583"><ele>46.0</ele><time>2021-08-07T00:03:44Z</time></trkpt>
<trkpt lat="44.234271" lon="-76.617565"><ele>45.0</ele><time>2021-08-07T00:03:45Z</time></trkpt>
<trkpt lat="44.234284" lon="-76.617556"><ele>45.0</ele><time>2021-08-07T00:03:46Z</time></trkpt>
<trkpt lat="44.2343" lon="-76.617538"><ele>45.0</ele><time>2021-08-07T00:03:47Z</time></trkpt>
<trkpt lat="44.234316" lon="-76.61752"><ele>45.0</ele><time>2021-08-07T00:03:48Z</time></trkpt>
<trkpt lat="44.234329" lon="-76.617502"><ele>45.0</ele><time>2021-08-07T00:03:49Z</time></trkpt>
<trkpt lat="44.234345" lon="-76.617484"><ele>45.0</ele><time>2021-08-07T00:03:50Z</time></trkpt>
<trkpt lat="44.234358" lon="-76.617466"><ele>45.0</ele><time>2021-08-07T00:03:51Z</time></trkpt>
<trkpt lat="44.234374" lon="-76.617448"><ele>46.0</ele><time>2021-08-07T00:03:52Z</time></trkpt>
<trkpt lat="44.23439" lon="-76.617439"><ele>46.0</ele><time>2021-08-07T00:03:53Z</time></trkpt>
<trkpt lat="44.234403" lon="-76.617421"><ele>46.0</ele><time>2021-08-07T00:03:54Z</time></trkpt>
<trkpt lat="44.234416" lon="-76.617403"><ele>46.0</ele><time>2021-08-07T00:03:55Z</time></trkpt>
<trkpt lat="44.234432" lon="-76.617385"><ele>46.0</ele><time>2021-08-07T00:03:56Z</time></trkpt>
<trkpt lat="44.234445" lon="-76.617367"><ele>46.0</ele><time>2021-08-07T00:03:57Z</time></trkpt>
<trkpt lat="44.234461" lon="-76.617349"><ele>45.0</ele><time>2021-08-07T00:03:58Z</time></trkpt>
<trkpt lat="44.234474" lon="-76.61734"><ele>46.0</ele><time>2021-08-07T00:03:59Z</time></trkpt>
<trkpt lat="44.234487" lon="-76.617322"><ele>45.0</ele><time>2021-08-07T00:04:00Z</time></trkpt>
<trkpt lat="44.2345" lon="-76.617304"><ele>45.0</ele><time>2021-08-07T00:04:01Z</time></trkpt>
<trkpt lat="44.234513" lon="-76.617286"><ele>45.0</ele><time>2021-08-07T00:04:02Z</time></trkpt>
<trkpt lat="44.234526" lon="-76.617268"><ele>45.0</ele><time>2021-08-07T00:04:03Z</time></trkpt>
<trkpt lat="44.234542" lon="-76.61725"><ele>45.0</ele><time>2021-08-07T00:04:04Z</time></trkpt>
<trkpt lat="44.234555" lon="-76.617232"><ele>45.0</ele><time>2021-08-07T00:04:05Z</time></trkpt>
<trkpt lat="44.234568" lon="-76.617214"><ele>45.0</ele><time>2021-08-07T00:04:06Z</time></trkpt>
<trkpt lat="44.234581" lon="-76.617197"><ele>45.0</ele><time>2021-08-07T00:04:07Z</time></trkpt>
<trkpt lat="44.234594" lon="-76.617179"><ele>45.0</ele><time>2021-08-07T00:04:08Z</time></trkpt>
<trkpt lat="44.234607" lon="-76.617161"><ele>45.0</ele><time>2021-08-07T00:04:09Z</time></trkpt>
<trkpt lat="44.23462" lon="-76.617143"><ele>46.0</ele><time>2021-08-07T00:04:10Z</time></trkpt>
<trkpt lat="44.234629" lon="-76.617125"><ele>46.0</ele><time>2021-08-07T00:04:11Z</time></trkpt>
<trkpt lat="44.234645" lon="-76.617107"><ele>46.0</ele><time>2021-08-07T00:04:12Z</time></trkpt>
<trkpt lat="44.234658" lon="-76.617089"><ele>46.0</ele><time>2021-08-07T00:04:13Z</time></trkpt>
<trkpt lat="44.234671" lon="-76.61708"><ele>46.0</ele><time>2021-08-07T00:04:14Z</time></trkpt>
<trkpt lat="44.234684" lon="-76.617062"><ele>46.0</ele><time>2021-08-07T00:04:15Z</time></trkpt>
<trkpt lat="44.234697" lon="-76.617044"><ele>46.0</ele><time>2021-08-07T00:04:16Z</time></trkpt>
<trkpt lat="44.234713" lon="-76.617026"><ele>46.0</ele><time>2021-08-07T00:04:17Z</time></trkpt>
<trkpt lat="44.234726" lon="-76.617008"><ele>47.0</ele><time>2021-08-07T00:04:18Z</time></trkpt>
<trkpt lat="44.234742" lon="-76.61699"><ele>48.0</ele><time>2021-08-07T00:04:19Z</time></trkpt>
<trkpt lat="44.234758" lon="-76.616972"><ele>48.0</ele><time>2021-08-07T00:04:20Z</time></trkpt>
<trkpt lat="44.234775" lon="-76.616954"><ele>48.0</ele><time>2021-08-07T00:04:21Z</time></trkpt>
<trkpt lat="44.234794" lon="-76.616945"><ele>48.0</ele><time>2021-08-07T00:04:22Z</time></trkpt>
<trkpt lat="44.23481" lon="-76.616927"><ele>48.0</ele><time>2021-08-07T00:04:23Z</time></trkpt>
<trkpt lat="44.234826" lon="-76.616918"><ele>48.0</ele><time>2021-08-07T00:04:24Z</time></trkpt>
<trkpt lat="44.234846" lon="-76.6169"><ele>49.0</ele><time>2021-08-07T00:04:25Z</time></trkpt>
<trkpt lat="44.234862" lon="-76.616882"><ele>49.0</ele><time>2021-08-07T00:04:26Z</time></trkpt>
<trkpt lat="44.234878" lon="-76.616873"><ele>49.0</ele><time>2021-08-07T00:04:27Z</time></trkpt>
<trkpt lat="44.234897" lon="-76.616855"><ele>48.0</ele><time>2021-08-07T00:04:28Z</time></trkpt>
<trkpt lat="44.234913" lon="-76.616846"><ele>49.0</ele><time>2021-08-07T00:04:29Z</time></trkpt>
<trkpt lat="44.234936" lon="-76.616828"><ele>50.0</ele><time>2021-08-07T00:04:30Z</time></trkpt>
<trkpt lat="44.234955" lon="-76.616819"><ele>51.0</ele><time>2021-08-07T00:04:31Z</time></trkpt>
<trkpt lat="44.234972" lon="-76.61681"><ele>51.0</ele><time>2021-08-07T00:04:32Z</time></trkpt>
<trkpt lat="44.234991" lon="-76.616801"><ele>50.0</ele><time>2021-08-07T00:04:33Z</time></trkpt>
<trkpt lat="44.235007" lon="-76.616783"><ele>50.0</ele><time>2021-08-07T00:04:34Z</time></trkpt>
<trkpt lat="44.235023" lon="-76.616774"><ele>50.0</ele><time>2021-08-07T00:04:35Z</time></trkpt>
<trkpt lat="44.235043" lon="-76.616765"><ele>50.0</ele><time>2021-08-07T00:04:36Z</time></trkpt>
<trkpt lat="44.235059" lon="-76.616756"><ele>50.0</ele><time>2021-08-07T00:04:37Z</time></trkpt>
<trkpt lat="44.235075" lon="-76.616738"><ele>50.0</ele><time>2021-08-07T00:04:38Z</time></trkpt>
<trkpt lat="44.235091" lon="-76.616729"><ele>49.0</ele><time>2021-08-07T00:04:39Z</time></trkpt>
<trkpt lat="44.23511" lon="-76.61672"><ele>50.0</ele><time>2021-08-07T00:04:40Z</time></trkpt>
<trkpt lat="44.23513" lon="-76.616702"><ele>50.0</ele><time>2021-08-07T00:04:41Z</time></trkpt>
<trkpt lat="44.235146" lon="-76.616693"><ele>50.0</ele><time>2021-08-07T00:04:42Z</time></trkpt>
<trkpt lat="44.235165" lon="-76.616676"><ele>50.0</ele><time>2021-08-07T00:04:43Z</time></trkpt>
<trkpt lat="44.235175" lon="-76.616667"><ele>48.0</ele><time>2021-08-07T00:04:44Z</time></trkpt>
<trkpt lat="44.235188" lon="-76.616649"><ele>48.0</ele><time>2021-08-07T00:04:45Z</time></trkpt>
<trkpt lat="44.235201" lon="-76.61664"><ele>48.0</ele><time>2021-08-07T00:04:46Z</time></trkpt>
<trkpt lat="44.235214" lon="-76.616622"><ele>48.0</ele><time>2021-08-07T00:04:47Z</time></trkpt>
<trkpt lat="44.23523" lon="-76.616613"><ele>47.0</ele><time>2021-08-07T00:04:48Z</time></trkpt>
<trkpt lat="44.235246" lon="-76.616604"><ele>48.0</ele><time>2021-08-07T00:04:49Z</time></trkpt>
<trkpt lat="44.235262" lon="-76.616586"><ele>48.0</ele><time>2021-08-07T00:04:50Z</time></trkpt>
<trkpt lat="44.235278" lon="-76.616577"><ele>48.0</ele><time>2021-08-07T00:04:51Z</time></trkpt>
<trkpt lat="44.235294" lon="-76.616559"><ele>48.0</ele><time>2021-08-07T00:04:52Z</time></trkpt>
<trkpt lat="44.235311" lon="-76.61655"><ele>48.0</ele><time>2021-08-07T00:04:53Z</time></trkpt>
<trkpt lat="44.235324" lon="-76.616532"><ele>48.0</ele><time>2021-08-07T00:04:54Z</time></trkpt>
<trkpt lat="44.23534" lon="-76.616523"><ele>47.0</ele><time>2021-08-07T00:04:55Z</time></trkpt>
<trkpt lat="44.235356" lon="-76.616505"><ele>47.0</ele><time>2021-08-07T00:04:56Z</time></trkpt>
<trkpt lat="44.235372" lon="-76.616496"><ele>48.0</ele><time>2021-08-07T00:04:57Z</time></trkpt>
<trkpt lat="44.235388" lon="-76.616487"><ele>48.0</ele><time>2021-08-07T00:04:58Z</time></trkpt>
<trkpt lat="44.235407" lon="-76.616469"><ele>49.0</ele><time>2021-08-07T00:04:59Z</time></trkpt>
<trkpt lat="44.235424" lon="-76.61646"><ele>49.0</ele><time>2021-08-07T00:05:00Z</time></trkpt>
<trkpt lat="44.235443" lon="-76.616451"><ele>48.0</ele><time>2021-08-07T00:05:01Z</time></trkpt>
<trkpt lat="44.235459" lon="-76.616442"><ele>48.0</ele><time>2021-08-07T00:05:02Z</time></trkpt>
<trkpt lat="44.235475" lon="-76.616424"><ele>48.0</ele><time>2021-08-07T00:05:03Z</time></trkpt>
<trkpt lat="44.235491" lon="-76.616415"><ele>48.0</ele><time>2021-08-07T00:05:04Z</time></trkpt>
<trkpt lat="44.235508" lon="-76.616397"><ele>48.0</ele><time>2021-08-07T00:05:05Z</time></trkpt>
<trkpt lat="44.235524" lon="-76.616388"><ele>48.0</ele><time>2021-08-07T00:05:06Z</time></trkpt>
<trkpt lat="44.23554" lon="-76.61637"><ele>48.0</ele><time>2021-08-07T00:05:07Z</time></trkpt>
<trkpt lat="44.235556" lon="-76.616361"><ele>48.0</ele><time>2021-08-07T00:05:08Z</time></trkpt>
<trkpt lat="44.235572" lon="-76.616343"><ele>48.0</ele><time>2021-08-07T00:05:09Z</time></trkpt>
<trkpt lat="44.235585" lon="-76.616334"><ele>48.0</ele><time>2021-08-07T00:05:10Z</time></trkpt>
<trkpt lat="44.235598" lon="-76.616316"><ele>48.0</ele><time>2021-08-07T00:05:11Z</time></trkpt>
<trkpt lat="44.235614" lon="-76.616307"><ele>49.0</ele><time>2021-08-07T00:05:12Z</time></trkpt>
<trkpt lat="44.235624" lon="-76.616289"><ele>49.0</ele><time>2021-08-07T00:05:13Z</time></trkpt>
<trkpt lat="44.23564" lon="-76.61628"><ele>48.0</ele><time>2021-08-07T00:05:14Z</time></trkpt>
<trkpt lat="44.235653" lon="-76.616262"><ele>49.0</ele><time>2021-08-07T00:05:15Z</time></trkpt>
<trkpt lat="44.235666" lon="-76.616244"><ele>48.0</ele><time>2021-08-07T00:05:16Z</time></trkpt>
<trkpt lat="44.235679" lon="-76.616235"><ele>48.0</ele><time>2021-08-07T00:05:17Z</time></trkpt>
<trkpt lat="44.235695" lon="-76.616217"><ele>49.0</ele><time>2021-08-07T00:05:18Z</time></trkpt>
<trkpt lat="44.235711" lon="-76.616208"><ele>48.0</ele><time>2021-08-07T00:05:19Z</time></trkpt>
<trkpt lat="44.235727" lon="-76.61619"><ele>48.0</ele><time>2021-08-07T00:05:20Z</time></trkpt>
<trkpt lat="44.235743" lon="-76.616181"><ele>49.0</ele><time>2021-08-07T00:05:21Z</time></trkpt>
<trkpt lat="44.235759" lon="-76.616172"><ele>50.0</ele><time>2021-08-07T00:05:22Z</time></trkpt>
<trkpt lat="44.235776" lon="-76.616155"><ele>50.0</ele><time>2021-08-07T00:05:23Z</time></trkpt>
<trkpt lat="44.235792" lon="-76.616146"><ele>50.0</ele><time>2021-08-07T00:05:24Z</time></trkpt>
<trkpt lat="44.235808" lon="-76.616128"><ele>51.0</ele><time>2021-08-07T00:05:25Z</time></trkpt>
<trkpt lat="44.235824" lon="-76.616119"><ele>50.0</ele><time>2021-08-07T00:05:26Z</time></trkpt>
<trkpt lat="44.23584" lon="-76.616101"><ele>50.0</ele><time>2021-08-07T00:05:27Z</time></trkpt>
<trkpt lat="44.235856" lon="-76.616083"><ele>50.0</ele><time>2021-08-07T00:05:28Z</time></trkpt>
<trkpt lat="44.235872" lon="-76.616074"><ele>50.0</ele><time>2021-08-07T00:05:29Z</time></trkpt>
<trkpt lat="44.235889" lon="-76.616056"><ele>50.0</ele><time>2021-08-07T00:05:30Z</time></trkpt>
<trkpt lat="44.235905" lon="-76.616038"><ele>50.0</ele><time>2021-08-07T00:05:31Z</time></trkpt>
<trkpt lat="44.235918" lon="-76.616029"><ele>50.0</ele><time>2021-08-07T00:05:32Z</time></trkpt>
<trkpt lat="44.235934" lon="-76.616011"><ele>50.0</ele><time>2021-08-07T00:05:33Z</time></trkpt>
<trkpt lat="44.23595" lon="-76.615993"><ele>50.0</ele><time>2021-08-07T00:05:34Z</time></trkpt>
<trkpt lat="44.235966" lon="-76.615984"><ele>50.0</ele><time>2021-08-07T00:05:35Z</time></trkpt>
<trkpt lat="44.235982" lon="-76.615966"><ele>50.0</ele><time>2021-08-07T00:05:36Z</time></trkpt>
<trkpt lat="44.236002" lon="-76.615948"><ele>51.0</ele><time>2021-08-07T00:05:37Z</time></trkpt>
<trkpt lat="44.236018" lon="-76.615939"><ele>50.0</ele><time>2021-08-07T00:05:38Z</time></trkpt>
<trkpt lat="44.236034" lon="-76.615921"><ele>50.0</ele><time>2021-08-07T00:05:39Z</time></trkpt>
<trkpt lat="44.23605" lon="-76.615912"><ele>50.0</ele><time>2021-08-07T00:05:40Z</time></trkpt>
<trkpt lat="44.236066" lon="-76.615894"><ele>50.0</ele><time>2021-08-07T00:05:41Z</time></trkpt>
<trkpt lat="44.236082" lon="-76.615885"><ele>49.0</ele><time>2021-08-07T00:05:42Z</time></trkpt>
<trkpt lat="44.236099" lon="-76.615867"><ele>49.0</ele><time>2021-08-07T00:05:43Z</time></trkpt>
<trkpt lat="44.236115" lon="-76.615858"><ele>50.0</ele><time>2021-08-07T00:05:44Z</time></trkpt>
<trkpt lat="44.236131" lon="-76.61584"><ele>51.0</ele><time>2021-08-07T00:05:45Z</time></trkpt>
<trkpt lat="44.236147" lon="-76.615831"><ele>51.0</ele><time>2021-08-07T00:05:46Z</time></trkpt>
<trkpt lat="44.236157" lon="-76.615822"><ele>47.0</ele><time>2021-08-07T00:05:47Z</time></trkpt>
<trkpt lat="44.236163" lon="-76.615804"><ele>46.0</ele><time>2021-08-07T00:05:48Z</time></trkpt>
<trkpt lat="44.236173" lon="-76.615795"><ele>46.0</ele><time>2021-08-07T00:05:49Z</time></trkpt>
<trkpt lat="44.236182" lon="-76.615777"><ele>46.0</ele><time>2021-08-07T00:05:50Z</time></trkpt>
<trkpt lat="44.236192" lon="-76.615768"><ele>46.0</ele><time>2021-08-07T00:05:51Z</time></trkpt>
<trkpt lat="44.236202" lon="-76.61575"><ele>46.0</ele><time>2021-08-07T00:05:52Z</time></trkpt>
<trkpt lat="44.236215" lon="-76.615732"><ele>46.0</ele><time>2021-08-07T00:05:53Z</time></trkpt>
<trkpt lat="44.236224" lon="-76.615723"><ele>45.0</ele><time>2021-08-07T00:05:54Z</time></trkpt>
<trkpt lat="44.236237" lon="-76.615705"><ele>45.0</ele><time>2021-08-07T00:05:55Z</time></trkpt>
<trkpt lat="44.23625" lon="-76.615687"><ele>46.0</ele><time>2021-08-07T00:05:56Z</time></trkpt>
<trkpt lat="44.236266" lon="-76.615678"><ele>46.0</ele><time>2021-08-07T00:05:57Z</time></trkpt>
<trkpt lat="44.236279" lon="-76.61566"><ele>46.0</ele><time>2021-08-07T00:05:58Z</time></trkpt>
<trkpt lat="44.236292" lon="-76.615651"><ele>46.0</ele><time>2021-08-07T00:05:59Z</time></trkpt>
<trkpt lat="44.236308" lon="-76.615634"><ele>45.0</ele><time>2021-08-07T00:06:00Z</time></trkpt>
<trkpt lat="44.236321" lon="-76.615625"><ele>45.0</ele><time>2021-08-07T00:06:01Z</time></trkpt>
<trkpt lat="44.236334" lon="-76.615607"><ele>45.0</ele><time>2021-08-07T00:06:02Z</time></trkpt>
<trkpt lat="44.23635" lon="-76.615589"><ele>45.0</ele><time>2021-08-07T00:06:03Z</time></trkpt>
<trkpt lat="44.236363" lon="-76.61558"><ele>45.0</ele><time>2021-08-07T00:06:04Z</time></trkpt>
<trkpt lat="44.236379" lon="-76.615562"><ele>44.0</ele><time>2021-08-07T00:06:05Z</time></trkpt>
<trkpt lat="44.236396" lon="-76.615544"><ele>45.0</ele><time>2021-08-07T00:06:06Z</time></trkpt>
<trkpt lat="44.236412" lon="-76.615526"><ele>45.0</ele><time>2021-08-07T00:06:07Z</time></trkpt>
<trkpt lat="44.236428" lon="-76.615508"><ele>45.0</ele><time>2021-08-07T00:06:08Z</time></trkpt>
<trkpt lat="44.236441" lon="-76.615499"><ele>44.0</ele><time>2021-08-07T00:06:09Z</time></trkpt>
<trkpt lat="44.236457" lon="-76.615481"><ele>44.0</ele><time>2021-08-07T00:06:10Z</time></trkpt>
<trkpt lat="44.236473" lon="-76.615463"><ele>45.0</ele><time>2021-08-07T00:06:11Z</time></trkpt>
<trkpt lat="44.236489" lon="-76.615454"><ele>44.0</ele><time>2021-08-07T00:06:12Z</time></trkpt>
<trkpt lat="44.236505" lon="-76.615436"><ele>44.0</ele><time>2021-08-07T00:06:13Z</time></trkpt>
<trkpt lat="44.236522" lon="-76.615427"><ele>44.0</ele><time>2021-08-07T00:06:14Z</time></trkpt>
<trkpt lat="44.236534" lon="-76.615409"><ele>44.0</ele><time>2021-08-07T00:06:15Z</time></trkpt>
<trkpt lat="44.236547" lon="-76.615391"><ele>44.0</ele><time>2021-08-07T00:06:16Z</time></trkpt>
<trkpt lat="44.236564" lon="-76.615382"><ele>44.0</ele><time>2021-08-07T00:06:17Z</time></trkpt>
<trkpt lat="44.236576" lon="-76.615364"><ele>44.0</ele><time>2021-08-07T00:06:18Z</time></trkpt>
<trkpt lat="44.236593" lon="-76.615346"><ele>44.0</ele><time>2021-08-07T00:06:19Z</time></trkpt>
<trkpt lat="44.236609" lon="-76.615328"><ele>44.0</ele><time>2021-08-07T00:06:20Z</time></trkpt>
<trkpt lat="44.236622" lon="-76.615319"><ele>44.0</ele><time>2021-08-07T00:06:21Z</time></trkpt>
<trkpt lat="44.236638" lon="-76.615301"><ele>44.0</ele><time>2021-08-07T00:06:22Z</time></trkpt>
<trkpt lat="44.236654" lon="-76.615283"><ele>44.0</ele><time>2021-08-07T00:06:23Z</time></trkpt>
<trkpt lat="44.236667" lon="-76.615265"><ele>44.0</ele><time>2021-08-07T00:06:24Z</time></trkpt>
<trkpt lat="44.236683" lon="-76.615256"><ele>44.0</ele><time>2021-08-07T00:06:25Z</time></trkpt>
<trkpt lat="44.236696" lon="-76.615238"><ele>44.0</ele><time>2021-08-07T00:06:26Z</time></trkpt>
<trkpt lat="44.236709" lon="-76.61522"><ele>44.0</ele><time>2021-08-07T00:06:27Z</time></trkpt>
<trkpt lat="44.236725" lon="-76.615202"><ele>44.0</ele><time>2021-08-07T00:06:28Z</time></trkpt>
<trkpt lat="44.236738" lon="-76.615184"><ele>44.0</ele><time>2021-08-07T00:06:29Z</time></trkpt>
<trkpt lat="44.236754" lon="-76.615166"><ele>44.0</ele><time>2021-08-07T00:06:30Z</time></trkpt>
<trkpt lat="44.236767" lon="-76.615148"><ele>44.0</ele><time>2021-08-07T00:06:31Z</time></trkpt>
<trkpt lat="44.236783" lon="-76.61513"><ele>44.0</ele><time>2021-08-07T00:06:32Z</time></trkpt>
<trkpt lat="44.236796" lon="-76.615113"><ele>44.0</ele><time>2021-08-07T00:06:33Z</time></trkpt>
<trkpt lat="44.236812" lon="-76.615095"><ele>44.0</ele><time>2021-08-07T00:06:34Z</time></trkpt>
<trkpt lat="44.236828" lon="-76.615086"><ele>44.0</ele><time>2021-08-07T00:06:35Z</time></trkpt>
<trkpt lat="44.236841" lon="-76.615068"><ele>44.0</ele><time>2021-08-07T00:06:36Z</time></trkpt>
<trkpt lat="44.236854" lon="-76.61505"><ele>44.0</ele><time>2021-08-07T00:06:37Z</time></trkpt>
<trkpt lat="44.236867" lon="-76.615032"><ele>44.0</ele><time>2021-08-07T00:06:38Z</time></trkpt>
<trkpt lat="44.236877" lon="-76.615023"><ele>44.0</ele><time>2021-08-07T00:06:39Z</time></trkpt>
<trkpt lat="44.23689" lon="-76.615005"><ele>43.0</ele><time>2021-08-07T00:06:40Z</time></trkpt>
<trkpt lat="44.236903" lon="-76.614987"><ele>43.0</ele><time>2021-08-07T00:06:41Z</time></trkpt>
<trkpt lat="44.236912" lon="-76.614978"><ele>43.0</ele><time>2021-08-07T00:06:42Z</time></trkpt>
<trkpt lat="44.236928" lon="-76.61496"><ele>43.0</ele><time>2021-08-07T00:06:43Z</time></trkpt>
<trkpt lat="44.236941" lon="-76.614942"><ele>43.0</ele><time>2021-08-07T00:06:44Z</time></trkpt>
<trkpt lat="44.236954" lon="-76.614924"><ele>44.0</ele><time>2021-08-07T00:06:45Z</time></trkpt>
<trkpt lat="44.236967" lon="-76.614906"><ele>44.0</ele><time>2021-08-07T00:06:46Z</time></trkpt>
<trkpt lat="44.23698" lon="-76.614888"><ele>44.0</ele><time>2021-08-07T00:06:47Z</time></trkpt>
<trkpt lat="44.236993" lon="-76.614879"><ele>44.0</ele><time>2021-08-07T00:06:48Z</time></trkpt>
<trkpt lat="44.237006" lon="-76.614861"><ele>44.0</ele><time>2021-08-07T00:06:49Z</time></trkpt>
<trkpt lat="44.237019" lon="-76.614843"><ele>44.0</ele><time>2021-08-07T00:06:50Z</time></trkpt>
<trkpt lat="44.237028" lon="-76.614825"><ele>44.0</ele><time>2021-08-07T00:06:51Z</time></trkpt>
<trkpt lat="44.237041" lon="-76.614807"><ele>44.0</ele><time>2021-08-07T00:06:52Z</time></trkpt>
<trkpt lat="44.237061" lon="-76.614789"><ele>44.0</ele><time>2021-08-07T00:06:53Z</time></trkpt>
<trkpt lat="44.237077" lon="-76.614771"><ele>45.0</ele><time>2021-08-07T00:06:54Z</time></trkpt>
<trkpt lat="44.23709" lon="-76.614753"><ele>44.0</ele><time>2021-08-07T00:06:55Z</time></trkpt>
<trkpt lat="44.237106" lon="-76.614735"><ele>43.0</ele><time>2021-08-07T00:06:56Z</time></trkpt>
<trkpt lat="44.237119" lon="-76.614717"><ele>44.0</ele><time>2021-08-07T00:06:57Z</time></trkpt>
<trkpt lat="44.237132" lon="-76.614699"><ele>44.0</ele><time>2021-08-07T00:06:58Z</time></trkpt>
<trkpt lat="44.237145" lon="-76.614681"><ele>44.0</ele><time>2021-08-07T00:06:59Z</time></trkpt>
<trkpt lat="44.237161" lon="-76.614672"><ele>44.0</ele><time>2021-08-07T00:07:00Z</time></trkpt>
<trkpt lat="44.237174" lon="-76.614654"><ele>44.0</ele><time>2021-08-07T00:07:01Z</time></trkpt>
<trkpt lat="44.237187" lon="-76.614636"><ele>44.0</ele><time>2021-08-07T00:07:02Z</time></trkpt>
<trkpt lat="44.2372" lon="-76.614618"><ele>43.0</ele><time>2021-08-07T00:07:03Z</time></trkpt>
<trkpt lat="44.237209" lon="-76.6146"><ele>43.0</ele><time>2021-08-07T00:07:04Z</time></trkpt>
<trkpt lat="44.237222" lon="-76.614583"><ele>44.0</ele><time>2021-08-07T00:07:05Z</time></trkpt>
<trkpt lat="44.237235" lon="-76.614565"><ele>44.0</ele><time>2021-08-07T00:07:06Z</time></trkpt>
<trkpt lat="44.237248" lon="-76.614547"><ele>44.0</ele><time>2021-08-07T00:07:07Z</time></trkpt>
<trkpt lat="44.237258" lon="-76.614529"><ele>44.0</ele><time>2021-08-07T00:07:08Z</time></trkpt>
<trkpt lat="44.237271" lon="-76.614502"><ele>44.0</ele><time>2021-08-07T00:07:09Z</time></trkpt>
<trkpt lat="44.237284" lon="-76.614484"><ele>44.0</ele><time>2021-08-07T00:07:10Z</time></trkpt>
<trkpt lat="44.237293" lon="-76.614466"><ele>44.0</ele><time>2021-08-07T00:07:11Z</time></trkpt>
<trkpt lat="44.237306" lon="-76.614448"><ele>44.0</ele><time>2021-08-07T00:07:12Z</time></trkpt>
<trkpt lat="44.237316" lon="-76.61443"><ele>44.0</ele><time>2021-08-07T00:07:13Z</time></trkpt>
<trkpt lat="44.237329" lon="-76.614412"><ele>43.0</ele><time>2021-08-07T00:07:14Z</time></trkpt>
<trkpt lat="44.237342" lon="-76.614394"><ele>44.0</ele><time>2021-08-07T00:07:15Z</time></trkpt>
<trkpt lat="44.237355" lon="-76.614376"><ele>43.0</ele><time>2021-08-07T00:07:16Z</time></trkpt>
<trkpt lat="44.237368" lon="-76.614358"><ele>44.0</ele><time>2021-08-07T00:07:17Z</time></trkpt>
<trkpt lat="44.237377" lon="-76.61434"><ele>43.0</ele><time>2021-08-07T00:07:18Z</time></trkpt>
<trkpt lat="44.23739" lon="-76.614313"><ele>44.0</ele><time>2021-08-07T00:07:19Z</time></trkpt>
<trkpt lat="44.2374" lon="-76.614295"><ele>44.0</ele><time>2021-08-07T00:07:20Z</time></trkpt>
<trkpt lat="44.23741" lon="-76.614277"><ele>43.0</ele><time>2021-08-07T00:07:21Z</time></trkpt>
<trkpt lat="44.237422" lon="-76.614259"><ele>43.0</ele><time>2021-08-07T00:07:22Z</time></trkpt>
<trkpt lat="44.237432" lon="-76.614232"><ele>43.0</ele><time>2021-08-07T00:07:23Z</time></trkpt>
<trkpt lat="44.237445" lon="-76.614214"><ele>43.0</ele><time>2021-08-07T00:07:24Z</time></trkpt>
<trkpt lat="44.237455" lon="-76.614196"><ele>43.0</ele><time>2021-08-07T00:07:25Z</time></trkpt>
<trkpt lat="44.237468" lon="-76.614169"><ele>43.0</ele><time>2021-08-07T00:07:26Z</time></trkpt>
<trkpt lat="44.237481" lon="-76.614151"><ele>44.0</ele><time>2021-08-07T00:07:27Z</time></trkpt>
<trkpt lat="44.237493" lon="-76.614133"><ele>44.0</ele><time>2021-08-07T00:07:28Z</time></trkpt>
<trkpt lat="44.237503" lon="-76.614106"><ele>44.0</ele><time>2021-08-07T00:07:29Z</time></trkpt>
<trkpt lat="44.237516" lon="-76.614079"><ele>44.0</ele><time>2021-08-07T00:07:30Z</time></trkpt>
<trkpt lat="44.237529" lon="-76.614053"><ele>44.0</ele><time>2021-08-07T00:07:31Z</time></trkpt>
<trkpt lat="44.237548" lon="-76.614026"><ele>44.0</ele><time>2021-08-07T00:07:32Z</time></trkpt>
<trkpt lat="44.237568" lon="-76.613999"><ele>45.0</ele><time>2021-08-07T00:07:33Z</time></trkpt>
<trkpt lat="44.237584" lon="-76.613981"><ele>45.0</ele><time>2021-08-07T00:07:34Z</time></trkpt>
<trkpt lat="44.237597" lon="-76.613954"><ele>45.0</ele><time>2021-08-07T00:07:35Z</time></trkpt>
<trkpt lat="44.23761" lon="-76.613936"><ele>44.0</ele><time>2021-08-07T00:07:36Z</time></trkpt>
<trkpt lat="44.237613" lon="-76.613918"><ele>43.0</ele><time>2021-08-07T00:07:37Z</time></trkpt>
<trkpt lat="44.237619" lon="-76.613891"><ele>44.0</ele><time>2021-08-07T00:07:38Z</time></trkpt>
<trkpt lat="44.237629" lon="-76.613873"><ele>44.0</ele><time>2021-08-07T00:07:39Z</time></trkpt>
<trkpt lat="44.237636" lon="-76.613855"><ele>43.0</ele><time>2021-08-07T00:07:40Z</time></trkpt>
<trkpt lat="44.237648" lon="-76.613828"><ele>44.0</ele><time>2021-08-07T00:07:41Z</time></trkpt>
<trkpt lat="44.237658" lon="-76.61381"><ele>44.0</ele><time>2021-08-07T00:07:42Z</time></trkpt>
<trkpt lat="44.237668" lon="-76.613783"><ele>44.0</ele><time>2021-08-07T00:07:43Z</time></trkpt>
<trkpt lat="44.237678" lon="-76.613765"><ele>45.0</ele><time>2021-08-07T00:07:44Z</time></trkpt>
<trkpt lat="44.237687" lon="-76.613738"><ele>45.0</ele><time>2021-08-07T00:07:45Z</time></trkpt>
<trkpt lat="44.237697" lon="-76.61372"><ele>45.0</ele><time>2021-08-07T00:07:46Z</time></trkpt>
<trkpt lat="44.237707" lon="-76.613702"><ele>45.0</ele><time>2021-08-07T00:07:47Z</time></trkpt>
<trkpt lat="44.237713" lon="-76.613675"><ele>46.0</ele><time>2021-08-07T00:07:48Z</time></trkpt>
<trkpt lat="44.237723" lon="-76.613657"><ele>46.0</ele><time>2021-08-07T00:07:49Z</time></trkpt>
<trkpt lat="44.237732" lon="-76.613639"><ele>45.0</ele><time>2021-08-07T00:07:50Z</time></trkpt>
<trkpt lat="44.237739" lon="-76.613621"><ele>45.0</ele><time>2021-08-07T00:07:51Z</time></trkpt>
<trkpt lat="44.237749" lon="-76.613603"><ele>45.0</ele><time>2021-08-07T00:07:52Z</time></trkpt>
<trkpt lat="44.237755" lon="-76.613576"><ele>45.0</ele><time>2021-08-07T00:07:53Z</time></trkpt>
<trkpt lat="44.237765" lon="-76.613558"><ele>45.0</ele><time>2021-08-07T00:07:54Z</time></trkpt>
<trkpt lat="44.237774" lon="-76.613532"><ele>45.0</ele><time>2021-08-07T00:07:55Z</time></trkpt>
<trkpt lat="44.237784" lon="-76.613514"><ele>45.0</ele><time>2021-08-07T00:07:56Z</time></trkpt>
<trkpt lat="44.237791" lon="-76.613496"><ele>46.0</ele><time>2021-08-07T00:07:57Z</time></trkpt>
<trkpt lat="44.237797" lon="-76.613469"><ele>46.0</ele><time>2021-08-07T00:07:58Z</time></trkpt>
<trkpt lat="44.237803" lon="-76.613451"><ele>45.0</ele><time>2021-08-07T00:07:59Z</time></trkpt>
<trkpt lat="44.237813" lon="-76.613433"><ele>46.0</ele><time>2021-08-07T00:08:00Z</time></trkpt>
<trkpt lat="44.23782" lon="-76.613406"><ele>45.0</ele><time>2021-08-07T00:08:01Z</time></trkpt>
<trkpt lat="44.237833" lon="-76.613379"><ele>46.0</ele><time>2021-08-07T00:08:02Z</time></trkpt>
<trkpt lat="44.237842" lon="-76.613361"><ele>46.0</ele><time>2021-08-07T00:08:03Z</time></trkpt>
<trkpt lat="44.237852" lon="-76.613334"><ele>45.0</ele><time>2021-08-07T00:08:04Z</time></trkpt>
<trkpt lat="44.237858" lon="-76.613316"><ele>45.0</ele><time>2021-08-07T00:08:05Z</time></trkpt>
<trkpt lat="44.237875" lon="-76.61328"><ele>47.0</ele><time>2021-08-07T00:08:06Z</time></trkpt>
<trkpt lat="44.237884" lon="-76.613253"><ele>46.0</ele><time>2021-08-07T00:08:07Z</time></trkpt>
<trkpt lat="44.2379" lon="-76.613226"><ele>49.0</ele><time>2021-08-07T00:08:08Z</time></trkpt>
<trkpt lat="44.237913" lon="-76.613199"><ele>49.0</ele><time>2021-08-07T00:08:09Z</time></trkpt>
<trkpt lat="44.237923" lon="-76.613181"><ele>48.0</ele><time>2021-08-07T00:08:10Z</time></trkpt>
<trkpt lat="44.237929" lon="-76.613154"><ele>48.0</ele><time>2021-08-07T00:08:11Z</time></trkpt>
<trkpt lat="44.237929" lon="-76.613136"><ele>43.0</ele><time>2021-08-07T00:08:12Z</time></trkpt>
<trkpt lat="44.237933" lon="-76.613109"><ele>44.0</ele><time>2021-08-07T00:08:13Z</time></trkpt>
<trkpt lat="44.237936" lon="-76.613091"><ele>43.0</ele><time>2021-08-07T00:08:14Z</time></trkpt>
<trkpt lat="44.237939" lon="-76.613073"><ele>43.0</ele><time>2021-08-07T00:08:15Z</time></trkpt>
<trkpt lat="44.237942" lon="-76.613055"><ele>43.0</ele><time>2021-08-07T00:08:16Z</time></trkpt>
<trkpt lat="44.237949" lon="-76.613028"><ele>44.0</ele><time>2021-08-07T00:08:17Z</time></trkpt>
<trkpt lat="44.237958" lon="-76.613011"><ele>44.0</ele><time>2021-08-07T00:08:18Z</time></trkpt>
<trkpt lat="44.237968" lon="-76.612984"><ele>44.0</ele><time>2021-08-07T00:08:19Z</time></trkpt>
<trkpt lat="44.237978" lon="-76.612966"><ele>44.0</ele><time>2021-08-07T00:08:20Z</time></trkpt>
<trkpt lat="44.237988" lon="-76.612948"><ele>44.0</ele><time>2021-08-07T00:08:21Z</time></trkpt>
<trkpt lat="44.237997" lon="-76.612921"><ele>44.0</ele><time>2021-08-07T00:08:22Z</time></trkpt>
<trkpt lat="44.238007" lon="-76.612903"><ele>44.0</ele><time>2021-08-07T00:08:23Z</time></trkpt>
<trkpt lat="44.238017" lon="-76.612885"><ele>44.0</ele><time>2021-08-07T00:08:24Z</time></trkpt>
<trkpt lat="44.23803" lon="-76.612858"><ele>44.0</ele><time>2021-08-07T00:08:25Z</time></trkpt>
<trkpt lat="44.238039" lon="-76.61284"><ele>45.0</ele><time>2021-08-07T00:08:26Z</time></trkpt>
<trkpt lat="44.238049" lon="-76.612822"><ele>45.0</ele><time>2021-08-07T00:08:27Z</time></trkpt>
<trkpt lat="44.238059" lon="-76.612804"><ele>45.0</ele><time>2021-08-07T00:08:28Z</time></trkpt>
<trkpt lat="44.238068" lon="-76.612777"><ele>45.0</ele><time>2021-08-07T00:08:29Z</time></trkpt>
<trkpt lat="44.238078" lon="-76.612759"><ele>45.0</ele><time>2021-08-07T00:08:30Z</time></trkpt>
<trkpt lat="44.238088" lon="-76.612741"><ele>45.0</ele><time>2021-08-07T00:08:31Z</time></trkpt>
<trkpt lat="44.238101" lon="-76.612714"><ele>45.0</ele><time>2021-08-07T00:08:32Z</time></trkpt>
<trkpt lat="44.238113" lon="-76.612696"><ele>46.0</ele><time>2021-08-07T00:08:33Z</time></trkpt>
<trkpt lat="44.238123" lon="-76.612669"><ele>46.0</ele><time>2021-08-07T00:08:34Z</time></trkpt>
<trkpt lat="44.238136" lon="-76.612651"><ele>46.0</ele><time>2021-08-07T00:08:35Z</time></trkpt>
<trkpt lat="44.238146" lon="-76.612624"><ele>46.0</ele><time>2021-08-07T00:08:36Z</time></trkpt>
<trkpt lat="44.238159" lon="-76.612606"><ele>46.0</ele><time>2021-08-07T00:08:37Z</time></trkpt>
<trkpt lat="44.238168" lon="-76.612588"><ele>46.0</ele><time>2021-08-07T00:08:38Z</time></trkpt>
<trkpt lat="44.238178" lon="-76.612561"><ele>47.0</ele><time>2021-08-07T00:08:39Z</time></trkpt>
<trkpt lat="44.238191" lon="-76.612543"><ele>47.0</ele><time>2021-08-07T00:08:40Z</time></trkpt>
<trkpt lat="44.238201" lon="-76.612525"><ele>46.0</ele><time>2021-08-07T00:08:41Z</time></trkpt>
<trkpt lat="44.23821" lon="-76.612507"><ele>47.0</ele><time>2021-08-07T00:08:42Z</time></trkpt>
<trkpt lat="44.238223" lon="-76.612481"><ele>46.0</ele><time>2021-08-07T00:08:43Z</time></trkpt>
<trkpt lat="44.238233" lon="-76.612463"><ele>47.0</ele><time>2021-08-07T00:08:44Z</time></trkpt>
<trkpt lat="44.238243" lon="-76.612436"><ele>47.0</ele><time>2021-08-07T00:08:45Z</time></trkpt>
<trkpt lat="44.238252" lon="-76.612418"><ele>48.0</ele><time>2021-08-07T00:08:46Z</time></trkpt>
<trkpt lat="44.238262" lon="-76.612391"><ele>48.0</ele><time>2021-08-07T00:08:47Z</time></trkpt>
<trkpt lat="44.238275" lon="-76.612373"><ele>48.0</ele><time>2021-08-07T00:08:48Z</time></trkpt>
<trkpt lat="44.238285" lon="-76.612346"><ele>48.0</ele><time>2021-08-07T00:08:49Z</time></trkpt>
<trkpt lat="44.238294" lon="-76.612328"><ele>48.0</ele><time>2021-08-07T00:08:50Z</time></trkpt>
<trkpt lat="44.238301" lon="-76.61231"><ele>46.0</ele><time>2021-08-07T00:08:51Z</time></trkpt>
<trkpt lat="44.238304" lon="-76.612292"><ele>45.0</ele><time>2021-08-07T00:08:52Z</time></trkpt>
<trkpt lat="44.23831" lon="-76.612274"><ele>45.0</ele><time>2021-08-07T00:08:53Z</time></trkpt>
<trkpt lat="44.238317" lon="-76.612256"><ele>45.0</ele><time>2021-08-07T00:08:54Z</time></trkpt>
<trkpt lat="44.238323" lon="-76.612238"><ele>45.0</ele><time>2021-08-07T00:08:55Z</time></trkpt>
<trkpt lat="44.23833" lon="-76.612211"><ele>44.0</ele><time>2021-08-07T00:08:56Z</time></trkpt>
<trkpt lat="44.238336" lon="-76.612193"><ele>44.0</ele><time>2021-08-07T00:08:57Z</time></trkpt>
<trkpt lat="44.238346" lon="-76.612175"><ele>45.0</ele><time>2021-08-07T00:08:58Z</time></trkpt>
<trkpt lat="44.238356" lon="-76.612148"><ele>45.0</ele><time>2021-08-07T00:08:59Z</time></trkpt>
<trkpt lat="44.238362" lon="-76.61213"><ele>45.0</ele><time>2021-08-07T00:09:00Z</time></trkpt>
<trkpt lat="44.238372" lon="-76.612112"><ele>45.0</ele><time>2021-08-07T00:09:01Z</time></trkpt>
<trkpt lat="44.238385" lon="-76.612085"><ele>45.0</ele><time>2021-08-07T00:09:02Z</time></trkpt>
<trkpt lat="44.238394" lon="-76.612058"><ele>45.0</ele><time>2021-08-07T00:09:03Z</time></trkpt>
<trkpt lat="44.238401" lon="-76.61204"><ele>45.0</ele><time>2021-08-07T00:09:04Z</time></trkpt>
<trkpt lat="44.238414" lon="-76.612013"><ele>45.0</ele><time>2021-08-07T00:09:05Z</time></trkpt>
<trkpt lat="44.23842" lon="-76.611995"><ele>43.0</ele><time>2021-08-07T00:09:06Z</time></trkpt>
<trkpt lat="44.238427" lon="-76.611978"><ele>43.0</ele><time>2021-08-07T00:09:07Z</time></trkpt>
<trkpt lat="44.238433" lon="-76.611951"><ele>43.0</ele><time>2021-08-07T00:09:08Z</time></trkpt>
<trkpt lat="44.23844" lon="-76.611933"><ele>44.0</ele><time>2021-08-07T00:09:09Z</time></trkpt>
<trkpt lat="44.238449" lon="-76.611906"><ele>43.0</ele><time>2021-08-07T00:09:10Z</time></trkpt>
<trkpt lat="44.238459" lon="-76.611888"><ele>43.0</ele><time>2021-08-07T00:09:11Z</time></trkpt>
<trkpt lat="44.238465" lon="-76.61187"><ele>43.0</ele><time>2021-08-07T00:09:12Z</time></trkpt>
<trkpt lat="44.238472" lon="-76.611852"><ele>43.0</ele><time>2021-08-07T00:09:13Z</time></trkpt>
<trkpt lat="44.238482" lon="-76.611825"><ele>43.0</ele><time>2021-08-07T00:09:14Z</time></trkpt>
<trkpt lat="44.238488" lon="-76.611807"><ele>43.0</ele><time>2021-08-07T00:09:15Z</time></trkpt>
<trkpt lat="44.238498" lon="-76.611789"><ele>43.0</ele><time>2021-08-07T00:09:16Z</time></trkpt>
<trkpt lat="44.238504" lon="-76.611771"><ele>43.0</ele><time>2021-08-07T00:09:17Z</time></trkpt>
<trkpt lat="44.238514" lon="-76.611753"><ele>43.0</ele><time>2021-08-07T00:09:18Z</time></trkpt>
<trkpt lat="44.23852" lon="-76.611726"><ele>43.0</ele><time>2021-08-07T00:09:19Z</time></trkpt>
<trkpt lat="44.23853" lon="-76.611708"><ele>44.0</ele><time>2021-08-07T00:09:20Z</time></trkpt>
<trkpt lat="44.23854" lon="-76.61169"><ele>43.0</ele><time>2021-08-07T00:09:21Z</time></trkpt>
<trkpt lat="44.238546" lon="-76.611663"><ele>43.0</ele><time>2021-08-07T00:09:22Z</time></trkpt>
<trkpt lat="44.238556" lon="-76.611645"><ele>43.0</ele><time>2021-08-07T00:09:23Z</time></trkpt>
<trkpt lat="44.238562" lon="-76.611627"><ele>43.0</ele><time>2021-08-07T00:09:24Z</time></trkpt>
<trkpt lat="44.238569" lon="-76.611609"><ele>43.0</ele><time>2021-08-07T00:09:25Z</time></trkpt>
<trkpt lat="44.238572" lon="-76.611591"><ele>41.0</ele><time>2021-08-07T00:09:26Z</time></trkpt>
<trkpt lat="44.238575" lon="-76.611573"><ele>41.0</ele><time>2021-08-07T00:09:27Z</time></trkpt>
<trkpt lat="44.238578" lon="-76.611546"><ele>41.0</ele><time>2021-08-07T00:09:28Z</time></trkpt>
<trkpt lat="44.238588" lon="-76.611528"><ele>41.0</ele><time>2021-08-07T00:09:29Z</time></trkpt>
<trkpt lat="44.238595" lon="-76.611501"><ele>42.0</ele><time>2021-08-07T00:09:30Z</time></trkpt>
<trkpt lat="44.238604" lon="-76.611483"><ele>42.0</ele><time>2021-08-07T00:09:31Z</time></trkpt>
<trkpt lat="44.238611" lon="-76.611465"><ele>41.0</ele><time>2021-08-07T00:09:32Z</time></trkpt>
<trkpt lat="44.23862" lon="-76.611439"><ele>41.0</ele><time>2021-08-07T00:09:33Z</time></trkpt>
<trkpt lat="44.238627" lon="-76.611421"><ele>41.0</ele><time>2021-08-07T00:09:34Z</time></trkpt>
<trkpt lat="44.238637" lon="-76.611403"><ele>41.0</ele><time>2021-08-07T00:09:35Z</time></trkpt>
<trkpt lat="44.238646" lon="-76.611376"><ele>42.0</ele><time>2021-08-07T00:09:36Z</time></trkpt>
<trkpt lat="44.238659" lon="-76.611358"><ele>42.0</ele><time>2021-08-07T00:09:37Z</time></trkpt>
<trkpt lat="44.238675" lon="-76.611331"><ele>43.0</ele><time>2021-08-07T00:09:38Z</time></trkpt>
<trkpt lat="44.238688" lon="-76.611304"><ele>43.0</ele><time>2021-08-07T00:09:39Z</time></trkpt>
<trkpt lat="44.238695" lon="-76.611277"><ele>42.0</ele><time>2021-08-07T00:09:40Z</time></trkpt>
<trkpt lat="44.238701" lon="-76.61125"><ele>42.0</ele><time>2021-08-07T00:09:41Z</time></trkpt>
<trkpt lat="44.238708" lon="-76.611232"><ele>42.0</ele><time>2021-08-07T00:09:42Z</time></trkpt>
<trkpt lat="44.238714" lon="-76.611205"><ele>42.0</ele><time>2021-08-07T00:09:43Z</time></trkpt>
<trkpt lat="44.238721" lon="-76.611187"><ele>42.0</ele><time>2021-08-07T00:09:44Z</time></trkpt>
<trkpt lat="44.23873" lon="-76.611169"><ele>42.0</ele><time>2021-08-07T00:09:45Z</time></trkpt>
<trkpt lat="44.23874" lon="-76.611142"><ele>42.0</ele><time>2021-08-07T00:09:46Z</time></trkpt>
<trkpt lat="44.238753" lon="-76.611124"><ele>42.0</ele><time>2021-08-07T00:09:47Z</time></trkpt>
<trkpt lat="44.238763" lon="-76.611097"><ele>42.0</ele><time>2021-08-07T00:09:48Z</time></trkpt>
<trkpt lat="44.238775" lon="-76.611079"><ele>42.0</ele><time>2021-08-07T00:09:49Z</time></trkpt>
<trkpt lat="44.238785" lon="-76.611061"><ele>43.0</ele><time>2021-08-07T00:09:50Z</time></trkpt>
<trkpt lat="44.238798" lon="-76.611034"><ele>42.0</ele><time>2021-08-07T00:09:51Z</time></trkpt>
<trkpt lat="44.238808" lon="-76.611016"><ele>42.0</ele><time>2021-08-07T00:09:52Z</time></trkpt>
<trkpt lat="44.238821" lon="-76.610998"><ele>42.0</ele><time>2021-08-07T00:09:53Z</time></trkpt>
<trkpt lat="44.238834" lon="-76.610971"><ele>42.0</ele><time>2021-08-07T00:09:54Z</time></trkpt>
<trkpt lat="44.238843" lon="-76.610953"><ele>42.0</ele><time>2021-08-07T00:09:55Z</time></trkpt>
<trkpt lat="44.238853" lon="-76.610935"><ele>41.0</ele><time>2021-08-07T00:09:56Z</time></trkpt>
<trkpt lat="44.238866" lon="-76.610918"><ele>42.0</ele><time>2021-08-07T00:09:57Z</time></trkpt>
<trkpt lat="44.238872" lon="-76.610891"><ele>41.0</ele><time>2021-08-07T00:09:58Z</time></trkpt>
<trkpt lat="44.238882" lon="-76.610873"><ele>41.0</ele><time>2021-08-07T00:09:59Z</time></trkpt>
<trkpt lat="44.238892" lon="-76.610846"><ele>41.0</ele><time>2021-08-07T00:10:00Z</time></trkpt>
<trkpt lat="44.238901" lon="-76.610828"><ele>40.0</ele><time>2021-08-07T00:10:01Z</time></trkpt>
<trkpt lat="44.238914" lon="-76.610801"><ele>40.0</ele><time>2021-08-07T00:10:02Z</time></trkpt>
<trkpt lat="44.238924" lon="-76.610783"><ele>40.0</ele><time>2021-08-07T00:10:03Z</time></trkpt>
<trkpt lat="44.238934" lon="-76.610765"><ele>40.0</ele><time>2021-08-07T00:10:04Z</time></trkpt>
<trkpt lat="44.238943" lon="-76.610747"><ele>39.0</ele><time>2021-08-07T00:10:05Z</time></trkpt>
<trkpt lat="44.238956" lon="-76.61072"><ele>39.0</ele><time>2021-08-07T00:10:06Z</time></trkpt>
<trkpt lat="44.238966" lon="-76.610702"><ele>39.0</ele><time>2021-08-07T00:10:07Z</time></trkpt>
<trkpt lat="44.238976" lon="-76.610684"><ele>40.0</ele><time>2021-08-07T00:10:08Z</time></trkpt>
<trkpt lat="44.238985" lon="-76.610657"><ele>40.0</ele><time>2021-08-07T00:10:09Z</time></trkpt>
<trkpt lat="44.238995" lon="-76.61063"><ele>40.0</ele><time>2021-08-07T00:10:10Z</time></trkpt>
<trkpt lat="44.239008" lon="-76.610612"><ele>40.0</ele><time>2021-08-07T00:10:11Z</time></trkpt>
<trkpt lat="44.239018" lon="-76.610594"><ele>40.0</ele><time>2021-08-07T00:10:12Z</time></trkpt>
<trkpt lat="44.239024" lon="-76.610567"><ele>40.0</ele><time>2021-08-07T00:10:13Z</time></trkpt>
<trkpt lat="44.239034" lon="-76.610549"><ele>40.0</ele><time>2021-08-07T00:10:14Z</time></trkpt>
<trkpt lat="44.239043" lon="-76.610531"><ele>40.0</ele><time>2021-08-07T00:10:15Z</time></trkpt>
<trkpt lat="44.239053" lon="-76.610504"><ele>40.0</ele><time>2021-08-07T00:10:16Z</time></trkpt>
<trkpt lat="44.239063" lon="-76.610486"><ele>39.0</ele><time>2021-08-07T00:10:17Z</time></trkpt>
<trkpt lat="44.239072" lon="-76.610468"><ele>39.0</ele><time>2021-08-07T00:10:18Z</time></trkpt>
<trkpt lat="44.239079" lon="-76.61045"><ele>40.0</ele><time>2021-08-07T00:10:19Z</time></trkpt>
<trkpt lat="44.239089" lon="-76.610423"><ele>40.0</ele><time>2021-08-07T00:10:20Z</time></trkpt>
<trkpt lat="44.239095" lon="-76.610406"><ele>40.0</ele><time>2021-08-07T00:10:21Z</time></trkpt>
<trkpt lat="44.239105" lon="-76.610379"><ele>40.0</ele><time>2021-08-07T00:10:22Z</time></trkpt>
<trkpt lat="44.239111" lon="-76.610361"><ele>39.0</ele><time>2021-08-07T00:10:23Z</time></trkpt>
<trkpt lat="44.239118" lon="-76.610343"><ele>39.0</ele><time>2021-08-07T00:10:24Z</time></trkpt>
<trkpt lat="44.239127" lon="-76.610325"><ele>39.0</ele><time>2021-08-07T00:10:25Z</time></trkpt>
<trkpt lat="44.239134" lon="-76.610307"><ele>39.0</ele><time>2021-08-07T00:10:26Z</time></trkpt>
<trkpt lat="44.239144" lon="-76.610289"><ele>40.0</ele><time>2021-08-07T00:10:27Z</time></trkpt>
<trkpt lat="44.23915" lon="-76.610262"><ele>40.0</ele><time>2021-08-07T00:10:28Z</time></trkpt>
<trkpt lat="44.239163" lon="-76.610244"><ele>40.0</ele><time>2021-08-07T00:10:29Z</time></trkpt>
<trkpt lat="44.239173" lon="-76.610226"><ele>40.0</ele><time>2021-08-07T00:10:30Z</time></trkpt>
<trkpt lat="44.239182" lon="-76.610199"><ele>40.0</ele><time>2021-08-07T00:10:31Z</time></trkpt>
<trkpt lat="44.239192" lon="-76.610181"><ele>40.0</ele><time>2021-08-07T00:10:32Z</time></trkpt>
<trkpt lat="44.239202" lon="-76.610163"><ele>40.0</ele><time>2021-08-07T00:10:33Z</time></trkpt>
<trkpt lat="44.239211" lon="-76.610136"><ele>40.0</ele><time>2021-08-07T00:10:34Z</time></trkpt>
<trkpt lat="44.239221" lon="-76.610118"><ele>39.0</ele><time>2021-08-07T00:10:35Z</time></trkpt>
<trkpt lat="44.239231" lon="-76.6101"><ele>39.0</ele><time>2021-08-07T00:10:36Z</time></trkpt>
<trkpt lat="44.239237" lon="-76.610082"><ele>40.0</ele><time>2021-08-07T00:10:37Z</time></trkpt>
<trkpt lat="44.239247" lon="-76.610064"><ele>39.0</ele><time>2021-08-07T00:10:38Z</time></trkpt>
<trkpt lat="44.239257" lon="-76.610037"><ele>40.0</ele><time>2021-08-07T00:10:39Z</time></trkpt>
<trkpt lat="44.239266" lon="-76.610019"><ele>39.0</ele><time>2021-08-07T00:10:40Z</time></trkpt>
<trkpt lat="44.239273" lon="-76.610001"><ele>39.0</ele><time>2021-08-07T00:10:41Z</time></trkpt>
<trkpt lat="44.239282" lon="-76.609974"><ele>40.0</ele><time>2021-08-07T00:10:42Z</time></trkpt>
<trkpt lat="44.239292" lon="-76.609956"><ele>40.0</ele><time>2021-08-07T00:10:43Z</time></trkpt>
<trkpt lat="44.239302" lon="-76.609938"><ele>40.0</ele><time>2021-08-07T00:10:44Z</time></trkpt>
<trkpt lat="44.239311" lon="-76.60992"><ele>40.0</ele><time>2021-08-07T00:10:45Z</time></trkpt>
<trkpt lat="44.239321" lon="-76.609893"><ele>40.0</ele><time>2021-08-07T00:10:46Z</time></trkpt>
<trkpt lat="44.239328" lon="-76.609876"><ele>40.0</ele><time>2021-08-07T00:10:47Z</time></trkpt>
<trkpt lat="44.239337" lon="-76.609858"><ele>40.0</ele><time>2021-08-07T00:10:48Z</time></trkpt>
<trkpt lat="44.239347" lon="-76.60984"><ele>40.0</ele><time>2021-08-07T00:10:49Z</time></trkpt>
<trkpt lat="44.239357" lon="-76.609813"><ele>41.0</ele><time>2021-08-07T00:10:50Z</time></trkpt>
<trkpt lat="44.239366" lon="-76.609795"><ele>41.0</ele><time>2021-08-07T00:10:51Z</time></trkpt>
<trkpt lat="44.239376" lon="-76.609777"><ele>41.0</ele><time>2021-08-07T00:10:52Z</time></trkpt>
<trkpt lat="44.239386" lon="-76.60975"><ele>41.0</ele><time>2021-08-07T00:10:53Z</time></trkpt>
<trkpt lat="44.239392" lon="-76.609732"><ele>41.0</ele><time>2021-08-07T00:10:54Z</time></trkpt>
<trkpt lat="44.239402" lon="-76.609714"><ele>41.0</ele><time>2021-08-07T00:10:55Z</time></trkpt>
<trkpt lat="44.239412" lon="-76.609687"><ele>41.0</ele><time>2021-08-07T00:10:56Z</time></trkpt>
<trkpt lat="44.239418" lon="-76.609669"><ele>40.0</ele><time>2021-08-07T00:10:57Z</time></trkpt>
<trkpt lat="44.239424" lon="-76.609651"><ele>40.0</ele><time>2021-08-07T00:10:58Z</time></trkpt>
<trkpt lat="44.239434" lon="-76.609624"><ele>40.0</ele><time>2021-08-07T00:10:59Z</time></trkpt>
<trkpt lat="44.239441" lon="-76.609606"><ele>40.0</ele><time>2021-08-07T00:11:00Z</time></trkpt>
<trkpt lat="44.239447" lon="-76.609588"><ele>40.0</ele><time>2021-08-07T00:11:01Z</time></trkpt>
<trkpt lat="44.239454" lon="-76.609561"><ele>40.0</ele><time>2021-08-07T00:11:02Z</time></trkpt>
<trkpt lat="44.239463" lon="-76.609543"><ele>40.0</ele><time>2021-08-07T00:11:03Z</time></trkpt>
<trkpt lat="44.23947" lon="-76.609516"><ele>40.0</ele><time>2021-08-07T00:11:04Z</time></trkpt>
<trkpt lat="44.239476" lon="-76.609498"><ele>41.0</ele><time>2021-08-07T00:11:05Z</time></trkpt>
<trkpt lat="44.239483" lon="-76.60948"><ele>41.0</ele><time>2021-08-07T00:11:06Z</time></trkpt>
<trkpt lat="44.239492" lon="-76.609453"><ele>41.0</ele><time>2021-08-07T00:11:07Z</time></trkpt>
<trkpt lat="44.239499" lon="-76.609435"><ele>42.0</ele><time>2021-08-07T00:11:08Z</time></trkpt>
<trkpt lat="44.239508" lon="-76.609408"><ele>41.0</ele><time>2021-08-07T00:11:09Z</time></trkpt>
<trkpt lat="44.239515" lon="-76.60939"><ele>41.0</ele><time>2021-08-07T00:11:10Z</time></trkpt>
<trkpt lat="44.239521" lon="-76.609364"><ele>42.0</ele><time>2021-08-07T00:11:11Z</time></trkpt>
<trkpt lat="44.239528" lon="-76.609337"><ele>42.0</ele><time>2021-08-07T00:11:12Z</time></trkpt>
<trkpt lat="44.239534" lon="-76.609319"><ele>42.0</ele><time>2021-08-07T00:11:13Z</time></trkpt>
<trkpt lat="44.239541" lon="-76.609292"><ele>42.0</ele><time>2021-08-07T00:11:14Z</time></trkpt>
<trkpt lat="44.239547" lon="-76.609274"><ele>42.0</ele><time>2021-08-07T00:11:15Z</time></trkpt>
<trkpt lat="44.239554" lon="-76.609238"><ele>42.0</ele><time>2021-08-07T00:11:16Z</time></trkpt>
<trkpt lat="44.23956" lon="-76.609211"><ele>42.0</ele><time>2021-08-07T00:11:17Z</time></trkpt>
<trkpt lat="44.239563" lon="-76.609193"><ele>41.0</ele><time>2021-08-07T00:11:18Z</time></trkpt>
<trkpt lat="44.239567" lon="-76.609166"><ele>41.0</ele><time>2021-08-07T00:11:19Z</time></trkpt>
<trkpt lat="44.239573" lon="-76.609139"><ele>41.0</ele><time>2021-08-07T00:11:20Z</time></trkpt>
<trkpt lat="44.239579" lon="-76.609121"><ele>41.0</ele><time>2021-08-07T00:11:21Z</time></trkpt>
<trkpt lat="44.239586" lon="-76.609094"><ele>41.0</ele><time>2021-08-07T00:11:22Z</time></trkpt>
<trkpt lat="44.239592" lon="-76.609076"><ele>41.0</ele><time>2021-08-07T00:11:23Z</time></trkpt>
<trkpt lat="44.239599" lon="-76.609049"><ele>41.0</ele><time>2021-08-07T00:11:24Z</time></trkpt>
<trkpt lat="44.239605" lon="-76.609031"><ele>41.0</ele><time>2021-08-07T00:11:25Z</time></trkpt>
<trkpt lat="44.239612" lon="-76.609004"><ele>41.0</ele><time>2021-08-07T00:11:26Z</time></trkpt>
<trkpt lat="44.239618" lon="-76.608986"><ele>41.0</ele><time>2021-08-07T00:11:27Z</time></trkpt>
<trkpt lat="44.239628" lon="-76.608959"><ele>41.0</ele><time>2021-08-07T00:11:28Z</time></trkpt>
<trkpt lat="44.239634" lon="-76.608941"><ele>41.0</ele><time>2021-08-07T00:11:29Z</time></trkpt>
<trkpt lat="44.239641" lon="-76.608914"><ele>41.0</ele><time>2021-08-07T00:11:30Z</time></trkpt>
<trkpt lat="44.239647" lon="-76.608887"><ele>40.0</ele><time>2021-08-07T00:11:31Z</time></trkpt>
<trkpt lat="44.239654" lon="-76.608869"><ele>40.0</ele><time>2021-08-07T00:11:32Z</time></trkpt>
<trkpt lat="44.239663" lon="-76.608851"><ele>40.0</ele><time>2021-08-07T00:11:33Z</time></trkpt>
<trkpt lat="44.23967" lon="-76.608825"><ele>41.0</ele><time>2021-08-07T00:11:34Z</time></trkpt>
<trkpt lat="44.23968" lon="-76.608807"><ele>41.0</ele><time>2021-08-07T00:11:35Z</time></trkpt>
<trkpt lat="44.239686" lon="-76.608789"><ele>41.0</ele><time>2021-08-07T00:11:36Z</time></trkpt>
<trkpt lat="44.239696" lon="-76.608771"><ele>41.0</ele><time>2021-08-07T00:11:37Z</time></trkpt>
<trkpt lat="44.239702" lon="-76.608753"><ele>41.0</ele><time>2021-08-07T00:11:38Z</time></trkpt>
<trkpt lat="44.239709" lon="-76.608735"><ele>41.0</ele><time>2021-08-07T00:11:39Z</time></trkpt>
<trkpt lat="44.239712" lon="-76.608717"><ele>41.0</ele><time>2021-08-07T00:11:40Z</time></trkpt>
<trkpt lat="44.239718" lon="-76.608699"><ele>41.0</ele><time>2021-08-07T00:11:41Z</time></trkpt>
<trkpt lat="44.239725" lon="-76.608681"><ele>41.0</ele><time>2021-08-07T00:11:42Z</time></trkpt>
<trkpt lat="44.239731" lon="-76.608663"><ele>41.0</ele><time>2021-08-07T00:11:43Z</time></trkpt>
<trkpt lat="44.239734" lon="-76.608645"><ele>41.0</ele><time>2021-08-07T00:11:44Z</time></trkpt>
<trkpt lat="44.239741" lon="-76.608636"><ele>41.0</ele><time>2021-08-07T00:11:45Z</time></trkpt>
<trkpt lat="44.239744" lon="-76.608618"><ele>41.0</ele><time>2021-08-07T00:11:46Z</time></trkpt>
<trkpt lat="44.239747" lon="-76.608609"><ele>41.0</ele><time>2021-08-07T00:11:47Z</time></trkpt>
<trkpt lat="44.239751" lon="-76.608591"><ele>41.0</ele><time>2021-08-07T00:11:48Z</time></trkpt>
<trkpt lat="44.239754" lon="-76.608582"><ele>42.0</ele><time>2021-08-07T00:11:49Z</time></trkpt>
<trkpt lat="44.239757" lon="-76.608564"><ele>42.0</ele><time>2021-08-07T00:11:50Z</time></trkpt>
<trkpt lat="44.23976" lon="-76.608555"><ele>42.0</ele><time>2021-08-07T00:11:51Z</time></trkpt>
<trkpt lat="44.239763" lon="-76.608537"><ele>42.0</ele><time>2021-08-07T00:11:52Z</time></trkpt>
<trkpt lat="44.239763" lon="-76.608519"><ele>42.0</ele><time>2021-08-07T00:11:53Z</time></trkpt>
<trkpt lat="44.239767" lon="-76.60851"><ele>41.0</ele><time>2021-08-07T00:11:54Z</time></trkpt>
<trkpt lat="44.23977" lon="-76.608501"><ele>41.0</ele><time>2021-08-07T00:11:55Z</time></trkpt>
<trkpt lat="44.239773" lon="-76.608483"><ele>41.0</ele><time>2021-08-07T00:11:56Z</time></trkpt>
<trkpt lat="44.239773" lon="-76.608474"><ele>41.0</ele><time>2021-08-07T00:11:57Z</time></trkpt>
<trkpt lat="44.239776" lon="-76.608456"><ele>41.0</ele><time>2021-08-07T00:11:58Z</time></trkpt>
<trkpt lat="44.23978" lon="-76.608447"><ele>42.0</ele><time>2021-08-07T00:11:59Z</time></trkpt>
<trkpt lat="44.23978" lon="-76.608429"><ele>41.0</ele><time>2021-08-07T00:12:00Z</time></trkpt>
<trkpt lat="44.239783" lon="-76.60842"><ele>41.0</ele><time>2021-08-07T00:12:01Z</time></trkpt>
<trkpt lat="44.239783" lon="-76.608402"><ele>41.0</ele><time>2021-08-07T00:12:02Z</time></trkpt>
<trkpt lat="44.239783" lon="-76.608393"><ele>41.0</ele><time>2021-08-07T00:12:03Z</time></trkpt>
<trkpt lat="44.239786" lon="-76.608375"><ele>41.0</ele><time>2021-08-07T00:12:04Z</time></trkpt>
<trkpt lat="44.239786" lon="-76.608366"><ele>40.0</ele><time>2021-08-07T00:12:05Z</time></trkpt>
<trkpt lat="44.239786" lon="-76.608357"><ele>40.0</ele><time>2021-08-07T00:12:06Z</time></trkpt>
<trkpt lat="44.239786" lon="-76.608339"><ele>40.0</ele><time>2021-08-07T00:12:07Z</time></trkpt>
<trkpt lat="44.239786" lon="-76.60833"><ele>40.0</ele><time>2021-08-07T00:12:08Z</time></trkpt>
<trkpt lat="44.239786" lon="-76.608322"><ele>40.0</ele><time>2021-08-07T00:12:09Z</time></trkpt>
<trkpt lat="44.239786" lon="-76.608304"><ele>40.0</ele><time>2021-08-07T00:12:10Z</time></trkpt>
<trkpt lat="44.239786" lon="-76.608295"><ele>40.0</ele><time>2021-08-07T00:12:11Z</time></trkpt>
<trkpt lat="44.239786" lon="-76.608286"><ele>40.0</ele><time>2021-08-07T00:12:12Z</time></trkpt>
<trkpt lat="44.239789" lon="-76.608268"><ele>39.0</ele><time>2021-08-07T00:12:13Z</time></trkpt>
<trkpt lat="44.239789" lon="-76.608259"><ele>40.0</ele><time>2021-08-07T00:12:14Z</time></trkpt>
<trkpt lat="44.239789" lon="-76.60825"><ele>39.0</ele><time>2021-08-07T00:12:15Z</time></trkpt>
<trkpt lat="44.239789" lon="-76.608232"><ele>39.0</ele><time>2021-08-07T00:12:16Z</time></trkpt>
<trkpt lat="44.239789" lon="-76.608223"><ele>39.0</ele><time>2021-08-07T00:12:17Z</time></trkpt>
<trkpt lat="44.239789" lon="-76.608214"><ele>39.0</ele><time>2021-08-07T00:12:18Z</time></trkpt>
<trkpt lat="44.239789" lon="-76.608196"><ele>39.0</ele><time>2021-08-07T00:12:19Z</time></trkpt>
<trkpt lat="44.239789" lon="-76.608187"><ele>39.0</ele><time>2021-08-07T00:12:20Z</time></trkpt>
<trkpt lat="44.239789" lon="-76.608178"><ele>39.0</ele><time>2021-08-07T00:12:21Z</time></trkpt>
<trkpt lat="44.239789" lon="-76.60816"><ele>39.0</ele><time>2021-08-07T00:12:22Z</time></trkpt>
<trkpt lat="44.239786" lon="-76.608151"><ele>40.0</ele><time>2021-08-07T00:12:23Z</time></trkpt>
<trkpt lat="44.239783" lon="-76.608142"><ele>40.0</ele><time>2021-08-07T00:12:24Z</time></trkpt>
<trkpt lat="44.239783" lon="-76.608124"><ele>40.0</ele><time>2021-08-07T00:12:25Z</time></trkpt>
<trkpt lat="44.239783" lon="-76.608115"><ele>40.0</ele><time>2021-08-07T00:12:26Z</time></trkpt>
<trkpt lat="44.239783" lon="-76.608106"><ele>40.0</ele><time>2021-08-07T00:12:27Z</time></trkpt>
<trkpt lat="44.23978" lon="-76.608097"><ele>40.0</ele><time>2021-08-07T00:12:28Z</time></trkpt>
<trkpt lat="44.23978" lon="-76.608079"><ele>40.0</ele><time>2021-08-07T00:12:29Z</time></trkpt>
<trkpt lat="44.23978" lon="-76.60807"><ele>40.0</ele><time>2021-08-07T00:12:30Z</time></trkpt>
<trkpt lat="44.23978" lon="-76.608061"><ele>40.0</ele><time>2021-08-07T00:12:31Z</time></trkpt>
<trkpt lat="44.23978" lon="-76.608043"><ele>40.0</ele><time>2021-08-07T00:12:32Z</time></trkpt>
<trkpt lat="44.23978" lon="-76.608034"><ele>40.0</ele><time>2021-08-07T00:12:33Z</time></trkpt>
<trkpt lat="44.23978" lon="-76.608025"><ele>40.0</ele><time>2021-08-07T00:12:34Z</time></trkpt>
<trkpt lat="44.23978" lon="-76.608007"><ele>40.0</ele><time>2021-08-07T00:12:35Z</time></trkpt>
<trkpt lat="44.23978" lon="-76.607998"><ele>40.0</ele><time>2021-08-07T00:12:36Z</time></trkpt>
<trkpt lat="44.23978" lon="-76.607989"><ele>40.0</ele><time>2021-08-07T00:12:37Z</time></trkpt>
<trkpt lat="44.23978" lon="-76.60798"><ele>40.0</ele><time>2021-08-07T00:12:38Z</time></trkpt>
<trkpt lat="44.23978" lon="-76.607962"><ele>40.0</ele><time>2021-08-07T00:12:39Z</time></trkpt>
<trkpt lat="44.239776" lon="-76.607953"><ele>40.0</ele><time>2021-08-07T00:12:40Z</time></trkpt>
<trkpt lat="44.239776" lon="-76.607944"><ele>40.0</ele><time>2021-08-07T00:12:41Z</time></trkpt>
<trkpt lat="44.239776" lon="-76.607926"><ele>40.0</ele><time>2021-08-07T00:12:42Z</time></trkpt>
<trkpt lat="44.239776" lon="-76.607917"><ele>40.0</ele><time>2021-08-07T00:12:43Z</time></trkpt>
<trkpt lat="44.239776" lon="-76.607908"><ele>40.0</ele><time>2021-08-07T00:12:44Z</time></trkpt>
<trkpt lat="44.239776" lon="-76.607899"><ele>40.0</ele><time>2021-08-07T00:12:45Z</time></trkpt>
<trkpt lat="44.23978" lon="-76.60789"><ele>40.0</ele><time>2021-08-07T00:12:46Z</time></trkpt>
<trkpt lat="44.23978" lon="-76.607872"><ele>40.0</ele><time>2021-08-07T00:12:47Z</time></trkpt>
<trkpt lat="44.239776" lon="-76.607863"><ele>40.0</ele><time>2021-08-07T00:12:48Z</time></trkpt>
<trkpt lat="44.239776" lon="-76.607854"><ele>40.0</ele><time>2021-08-07T00:12:49Z</time></trkpt>
<trkpt lat="44.239776" lon="-76.607836"><ele>40.0</ele><time>2021-08-07T00:12:50Z</time></trkpt>
<trkpt lat="44.239773" lon="-76.607827"><ele>40.0</ele><time>2021-08-07T00:12:51Z</time></trkpt>
<trkpt lat="44.239773" lon="-76.607818"><ele>40.0</ele><time>2021-08-07T00:12:52Z</time></trkpt>
<trkpt lat="44.239773" lon="-76.607801"><ele>41.0</ele><time>2021-08-07T00:12:53Z</time></trkpt>
<trkpt lat="44.239773" lon="-76.607792"><ele>41.0</ele><time>2021-08-07T00:12:54Z</time></trkpt>
<trkpt lat="44.239773" lon="-76.607783"><ele>41.0</ele><time>2021-08-07T00:12:55Z</time></trkpt>
<trkpt lat="44.23977" lon="-76.607774"><ele>41.0</ele><time>2021-08-07T00:12:56Z</time></trkpt>
<trkpt lat="44.23977" lon="-76.607765"><ele>41.0</ele><time>2021-08-07T00:12:57Z</time></trkpt>
<trkpt lat="44.23977" lon="-76.607747"><ele>41.0</ele><time>2021-08-07T00:12:58Z</time></trkpt>
<trkpt lat="44.23977" lon="-76.607738"><ele>41.0</ele><time>2021-08-07T00:12:59Z</time></trkpt>
<trkpt lat="44.23977" lon="-76.607729"><ele>41.0</ele><time>2021-08-07T00:13:00Z</time></trkpt>
<trkpt lat="44.239767" lon="-76.60772"><ele>41.0</ele><time>2021-08-07T00:13:01Z</time></trkpt>
<trkpt lat="44.239767" lon="-76.607711"><ele>41.0</ele><time>2021-08-07T00:13:02Z</time></trkpt>
<trkpt lat="44.239767" lon="-76.607693"><ele>41.0</ele><time>2021-08-07T00:13:03Z</time></trkpt>
<trkpt lat="44.239767" lon="-76.607684"><ele>40.0</ele><time>2021-08-07T00:13:04Z</time></trkpt>
<trkpt lat="44.239767" lon="-76.607675"><ele>40.0</ele><time>2021-08-07T00:13:05Z</time></trkpt>
<trkpt lat="44.239767" lon="-76.607666"><ele>40.0</ele><time>2021-08-07T00:13:06Z</time></trkpt>
<trkpt lat="44.239763" lon="-76.607657"><ele>40.0</ele><time>2021-08-07T00:13:07Z</time></trkpt>
<trkpt lat="44.239763" lon="-76.607639"><ele>40.0</ele><time>2021-08-07T00:13:08Z</time></trkpt>
<trkpt lat="44.239763" lon="-76.60763"><ele>40.0</ele><time>2021-08-07T00:13:09Z</time></trkpt>
<trkpt lat="44.239763" lon="-76.607621"><ele>40.0</ele><time>2021-08-07T00:13:10Z</time></trkpt>
<trkpt lat="44.239763" lon="-76.607612"><ele>40.0</ele><time>2021-08-07T00:13:11Z</time></trkpt>
<trkpt lat="44.239763" lon="-76.607603"><ele>40.0</ele><time>2021-08-07T00:13:12Z</time></trkpt>
<trkpt lat="44.239763" lon="-76.607594"><ele>40.0</ele><time>2021-08-07T00:13:13Z</time></trkpt>
<trkpt lat="44.239763" lon="-76.607576"><ele>40.0</ele><time>2021-08-07T00:13:14Z</time></trkpt>
<trkpt lat="44.239763" lon="-76.607567"><ele>40.0</ele><time>2021-08-07T00:13:15Z</time></trkpt>
<trkpt lat="44.239763" lon="-76.607558"><ele>40.0</ele><time>2021-08-07T00:13:16Z</time></trkpt>
<trkpt lat="44.239763" lon="-76.607549"><ele>40.0</ele><time>2021-08-07T00:13:17Z</time></trkpt>
<trkpt lat="44.239763" lon="-76.60754"><ele>40.0</ele><time>2021-08-07T00:13:18Z</time></trkpt>
<trkpt lat="44.239763" lon="-76.607531"><ele>40.0</ele><time>2021-08-07T00:13:19Z</time></trkpt>
<trkpt lat="44.239763" lon="-76.607522"><ele>40.0</ele><time>2021-08-07T00:13:20Z</time></trkpt>
<trkpt lat="44.23976" lon="-76.607504"><ele>40.0</ele><time>2021-08-07T00:13:21Z</time></trkpt>
<trkpt lat="44.23976" lon="-76.607495"><ele>40.0</ele><time>2021-08-07T00:13:22Z</time></trkpt>
<trkpt lat="44.23976" lon="-76.607486"><ele>40.0</ele><time>2021-08-07T00:13:23Z</time></trkpt>
<trkpt lat="44.23976" lon="-76.607477"><ele>40.0</ele><time>2021-08-07T00:13:24Z</time></trkpt>
<trkpt lat="44.23976" lon="-76.607468"><ele>40.0</ele><time>2021-08-07T00:13:25Z</time></trkpt>
<trkpt lat="44.23976" lon="-76.607459"><ele>40.0</ele><time>2021-08-07T00:13:26Z</time></trkpt>
<trkpt lat="44.23976" lon="-76.60745"><ele>40.0</ele><time>2021-08-07T00:13:27Z</time></trkpt>
<trkpt lat="44.23976" lon="-76.607432"><ele>40.0</ele><time>2021-08-07T00:13:28Z</time></trkpt>
<trkpt lat="44.23976" lon="-76.607423"><ele>40.0</ele><time>2021-08-07T00:13:29Z</time></trkpt>
<trkpt lat="44.23976" lon="-76.607414"><ele>40.0</ele><time>2021-08-07T00:13:30Z</time></trkpt>
<trkpt lat="44.23976" lon="-76.607405"><ele>40.0</ele><time>2021-08-07T00:13:31Z</time></trkpt>
<trkpt lat="44.23976" lon="-76.607396"><ele>40.0</ele><time>2021-08-07T00:13:32Z</time></trkpt>
<trkpt lat="44.23976" lon="-76.607387"><ele>40.0</ele><time>2021-08-07T00:13:33Z</time></trkpt>
<trkpt lat="44.23976" lon="-76.607378"><ele>40.0</ele><time>2021-08-07T00:13:34Z</time></trkpt>
<trkpt lat="44.23976" lon="-76.607369"><ele>40.0</ele><time>2021-08-07T00:13:35Z</time></trkpt>
<trkpt lat="44.23976" lon="-76.60736"><ele>40.0</ele><time>2021-08-07T00:13:36Z</time></trkpt>
<trkpt lat="44.23976" lon="-76.607351"><ele>40.0</ele><time>2021-08-07T00:13:37Z</time></trkpt>
<trkpt lat="44.239763" lon="-76.607342"><ele>40.0</ele><time>2021-08-07T00:13:38Z</time></trkpt>
<trkpt lat="44.239763" lon="-76.607333"><ele>39.0</ele><time>2021-08-07T00:13:39Z</time></trkpt>
<trkpt lat="44.239763" lon="-76.607324"><ele>39.0</ele><time>2021-08-07T00:13:40Z</time></trkpt>
<trkpt lat="44.239763" lon="-76.607306"><ele>39.0</ele><time>2021-08-07T00:13:41Z</time></trkpt>
<trkpt lat="44.239763" lon="-76.607297"><ele>39.0</ele><time>2021-08-07T00:13:42Z</time></trkpt>
<trkpt lat="44.239763" lon="-76.607288"><ele>39.0</ele><time>2021-08-07T00:13:43Z</time></trkpt>
<trkpt lat="44.239763" lon="-76.607279"><ele>39.0</ele><time>2021-08-07T00:13:44Z</time></trkpt>
<trkpt lat="44.239763" lon="-76.607271"><ele>39.0</ele><time>2021-08-07T00:13:45Z</time></trkpt>
<trkpt lat="44.239763" lon="-76.607262"><ele>39.0</ele><time>2021-08-07T00:13:46Z</time></trkpt>
<trkpt lat="44.239763" lon="-76.607253"><ele>39.0</ele><time>2021-08-07T00:13:47Z</time></trkpt>
<trkpt lat="44.239763" lon="-76.607244"><ele>39.0</ele><time>2021-08-07T00:13:48Z</time></trkpt>
<trkpt lat="44.239763" lon="-76.607226"><ele>39.0</ele><time>2021-08-07T00:13:49Z</time></trkpt>
<trkpt lat="44.239763" lon="-76.607217"><ele>39.0</ele><time>2021-08-07T00:13:50Z</time></trkpt>
<trkpt lat="44.239763" lon="-76.607208"><ele>39.0</ele><time>2021-08-07T00:13:51Z</time></trkpt>
<trkpt lat="44.239763" lon="-76.607199"><ele>39.0</ele><time>2021-08-07T00:13:52Z</time></trkpt>
<trkpt lat="44.239763" lon="-76.60719"><ele>39.0</ele><time>2021-08-07T00:13:53Z</time></trkpt>
<trkpt lat="44.239763" lon="-76.607181"><ele>39.0</ele><time>2021-08-07T00:13:54Z</time></trkpt>
<trkpt lat="44.239763" lon="-76.607172"><ele>39.0</ele><time>2021-08-07T00:13:55Z</time></trkpt>
<trkpt lat="44.239767" lon="-76.607163"><ele>39.0</ele><time>2021-08-07T00:13:56Z</time></trkpt>
<trkpt lat="44.239767" lon="-76.607154"><ele>39.0</ele><time>2021-08-07T00:13:57Z</time></trkpt>
<trkpt lat="44.239767" lon="-76.607145"><ele>39.0</ele><time>2021-08-07T00:13:58Z</time></trkpt>
<trkpt lat="44.239767" lon="-76.607136"><ele>39.0</ele><time>2021-08-07T00:13:59Z</time></trkpt>
<trkpt lat="44.23977" lon="-76.607127"><ele>38.0</ele><time>2021-08-07T00:14:00Z</time></trkpt>
<trkpt lat="44.23977" lon="-76.607118"><ele>38.0</ele><time>2021-08-07T00:14:01Z</time></trkpt>
<trkpt lat="44.23977" lon="-76.607109"><ele>38.0</ele><time>2021-08-07T00:14:02Z</time></trkpt>
<trkpt lat="44.239773" lon="-76.6071"><ele>39.0</ele><time>2021-08-07T00:14:03Z</time></trkpt>
<trkpt lat="44.239773" lon="-76.607091"><ele>38.0</ele><time>2021-08-07T00:14:04Z</time></trkpt>
<trkpt lat="44.239773" lon="-76.607073"><ele>38.0</ele><time>2021-08-07T00:14:05Z</time></trkpt>
<trkpt lat="44.239776" lon="-76.607064"><ele>38.0</ele><time>2021-08-07T00:14:06Z</time></trkpt>
<trkpt lat="44.239776" lon="-76.607055"><ele>38.0</ele><time>2021-08-07T00:14:07Z</time></trkpt>
<trkpt lat="44.239776" lon="-76.607046"><ele>38.0</ele><time>2021-08-07T00:14:08Z</time></trkpt>
<trkpt lat="44.23978" lon="-76.607037"><ele>39.0</ele><time>2021-08-07T00:14:09Z</time></trkpt>
<trkpt lat="44.23978" lon="-76.607028"><ele>39.0</ele><time>2021-08-07T00:14:10Z</time></trkpt>
<trkpt lat="44.23978" lon="-76.60701"><ele>39.0</ele><time>2021-08-07T00:14:11Z</time></trkpt>
<trkpt lat="44.23978" lon="-76.607001"><ele>39.0</ele><time>2021-08-07T00:14:12Z</time></trkpt>
<trkpt lat="44.239783" lon="-76.606992"><ele>39.0</ele><time>2021-08-07T00:14:13Z</time></trkpt>
<trkpt lat="44.239783" lon="-76.606983"><ele>39.0</ele><time>2021-08-07T00:14:14Z</time></trkpt>
<trkpt lat="44.239783" lon="-76.606974"><ele>39.0</ele><time>2021-08-07T00:14:15Z</time></trkpt>
<trkpt lat="44.239786" lon="-76.606965"><ele>39.0</ele><time>2021-08-07T00:14:16Z</time></trkpt>
<trkpt lat="44.239786" lon="-76.606956"><ele>39.0</ele><time>2021-08-07T00:14:17Z</time></trkpt>
<trkpt lat="44.239789" lon="-76.606956"><ele>39.0</ele><time>2021-08-07T00:14:18Z</time></trkpt>
<trkpt lat="44.239793" lon="-76.606947"><ele>39.0</ele><time>2021-08-07T00:14:19Z</time></trkpt>
<trkpt lat="44.239793" lon="-76.606947"><ele>39.0</ele><time>2021-08-07T00:14:20Z</time></trkpt>
<trkpt lat="44.239796" lon="-76.606938"><ele>39.0</ele><time>2021-08-07T00:14:20Z</time></trkpt>
<trkpt lat="44.239799" lon="-76.606929"><ele>39.0</ele><time>2021-08-07T00:14:21Z</time></trkpt>
<trkpt lat="44.239799" lon="-76.60692"><ele>39.0</ele><time>2021-08-07T00:14:22Z</time></trkpt>
<trkpt lat="44.239799" lon="-76.606911"><ele>39.0</ele><time>2021-08-07T00:14:23Z</time></trkpt>
<trkpt lat="44.239802" lon="-76.606902"><ele>39.0</ele><time>2021-08-07T00:14:24Z</time></trkpt>
<trkpt lat="44.239802" lon="-76.606893"><ele>39.0</ele><time>2021-08-07T00:14:25Z</time></trkpt>
<trkpt lat="44.239802" lon="-76.606884"><ele>39.0</ele><time>2021-08-07T00:14:26Z</time></trkpt>
<trkpt lat="44.239805" lon="-76.606866"><ele>39.0</ele><time>2021-08-07T00:14:27Z</time></trkpt>
<trkpt lat="44.239809" lon="-76.606857"><ele>39.0</ele><time>2021-08-07T00:14:28Z</time></trkpt>
<trkpt lat="44.239812" lon="-76.606839"><ele>40.0</ele><time>2021-08-07T00:14:29Z</time></trkpt>
<trkpt lat="44.239818" lon="-76.606821"><ele>41.0</ele><time>2021-08-07T00:14:30Z</time></trkpt>
<trkpt lat="44.239825" lon="-76.606803"><ele>41.0</ele><time>2021-08-07T00:14:31Z</time></trkpt>
<trkpt lat="44.239828" lon="-76.606785"><ele>41.0</ele><time>2021-08-07T00:14:32Z</time></trkpt>
<trkpt lat="44.239831" lon="-76.606776"><ele>42.0</ele><time>2021-08-07T00:14:33Z</time></trkpt>
<trkpt lat="44.239835" lon="-76.606767"><ele>42.0</ele><time>2021-08-07T00:14:34Z</time></trkpt>
<trkpt lat="44.239841" lon="-76.60675"><ele>42.0</ele><time>2021-08-07T00:14:35Z</time></trkpt>
<trkpt lat="44.239844" lon="-76.606741"><ele>42.0</ele><time>2021-08-07T00:14:36Z</time></trkpt>
<trkpt lat="44.239851" lon="-76.606714"><ele>42.0</ele><time>2021-08-07T00:14:37Z</time></trkpt>
<trkpt lat="44.23986" lon="-76.606696"><ele>43.0</ele><time>2021-08-07T00:14:38Z</time></trkpt>
<trkpt lat="44.239867" lon="-76.606669"><ele>42.0</ele><time>2021-08-07T00:14:39Z</time></trkpt>
<trkpt lat="44.23987" lon="-76.606651"><ele>43.0</ele><time>2021-08-07T00:14:40Z</time></trkpt>
<trkpt lat="44.239876" lon="-76.606633"><ele>43.0</ele><time>2021-08-07T00:14:41Z</time></trkpt>
<trkpt lat="44.23988" lon="-76.606615"><ele>43.0</ele><time>2021-08-07T00:14:42Z</time></trkpt>
<trkpt lat="44.239886" lon="-76.606597"><ele>42.0</ele><time>2021-08-07T00:14:43Z</time></trkpt>
<trkpt lat="44.239889" lon="-76.606579"><ele>43.0</ele><time>2021-08-07T00:14:44Z</time></trkpt>
<trkpt lat="44.239893" lon="-76.606552"><ele>42.0</ele><time>2021-08-07T00:14:45Z</time></trkpt>
<trkpt lat="44.239896" lon="-76.606525"><ele>42.0</ele><time>2021-08-07T00:14:46Z</time></trkpt>
<trkpt lat="44.239899" lon="-76.606507"><ele>42.0</ele><time>2021-08-07T00:14:47Z</time></trkpt>
<trkpt lat="44.239902" lon="-76.606489"><ele>42.0</ele><time>2021-08-07T00:14:48Z</time></trkpt>
<trkpt lat="44.239909" lon="-76.606462"><ele>41.0</ele><time>2021-08-07T00:14:49Z</time></trkpt>
<trkpt lat="44.239915" lon="-76.606444"><ele>41.0</ele><time>2021-08-07T00:14:50Z</time></trkpt>
<trkpt lat="44.239918" lon="-76.606417"><ele>41.0</ele><time>2021-08-07T00:14:51Z</time></trkpt>
<trkpt lat="44.239925" lon="-76.606399"><ele>41.0</ele><time>2021-08-07T00:14:52Z</time></trkpt>
<trkpt lat="44.239931" lon="-76.606381"><ele>40.0</ele><time>2021-08-07T00:14:53Z</time></trkpt>
<trkpt lat="44.239938" lon="-76.606363"><ele>41.0</ele><time>2021-08-07T00:14:54Z</time></trkpt>
<trkpt lat="44.239944" lon="-76.606345"><ele>41.0</ele><time>2021-08-07T00:14:55Z</time></trkpt>
<trkpt lat="44.239948" lon="-76.606327"><ele>41.0</ele><time>2021-08-07T00:14:56Z</time></trkpt>
<trkpt lat="44.239954" lon="-76.6063"><ele>42.0</ele><time>2021-08-07T00:14:57Z</time></trkpt>
<trkpt lat="44.23996" lon="-76.606282"><ele>43.0</ele><time>2021-08-07T00:14:58Z</time></trkpt>
<trkpt lat="44.239967" lon="-76.606255"><ele>43.0</ele><time>2021-08-07T00:14:59Z</time></trkpt>
<trkpt lat="44.23997" lon="-76.606237"><ele>43.0</ele><time>2021-08-07T00:15:00Z</time></trkpt>
<trkpt lat="44.239977" lon="-76.606211"><ele>43.0</ele><time>2021-08-07T00:15:01Z</time></trkpt>
<trkpt lat="44.239983" lon="-76.606193"><ele>43.0</ele><time>2021-08-07T00:15:02Z</time></trkpt>
<trkpt lat="44.239986" lon="-76.606166"><ele>43.0</ele><time>2021-08-07T00:15:03Z</time></trkpt>
<trkpt lat="44.239993" lon="-76.606148"><ele>43.0</ele><time>2021-08-07T00:15:04Z</time></trkpt>
<trkpt lat="44.239999" lon="-76.606121"><ele>43.0</ele><time>2021-08-07T00:15:05Z</time></trkpt>
<trkpt lat="44.240006" lon="-76.606103"><ele>43.0</ele><time>2021-08-07T00:15:06Z</time></trkpt>
<trkpt lat="44.240012" lon="-76.606076"><ele>43.0</ele><time>2021-08-07T00:15:07Z</time></trkpt>
<trkpt lat="44.240019" lon="-76.606049"><ele>44.0</ele><time>2021-08-07T00:15:08Z</time></trkpt>
<trkpt lat="44.240025" lon="-76.606031"><ele>43.0</ele><time>2021-08-07T00:15:09Z</time></trkpt>
<trkpt lat="44.240031" lon="-76.606004"><ele>43.0</ele><time>2021-08-07T00:15:10Z</time></trkpt>
<trkpt lat="44.240038" lon="-76.605977"><ele>43.0</ele><time>2021-08-07T00:15:11Z</time></trkpt>
<trkpt lat="44.240044" lon="-76.605959"><ele>43.0</ele><time>2021-08-07T00:15:12Z</time></trkpt>
<trkpt lat="44.240051" lon="-76.605932"><ele>42.0</ele><time>2021-08-07T00:15:13Z</time></trkpt>
<trkpt lat="44.240054" lon="-76.605914"><ele>43.0</ele><time>2021-08-07T00:15:14Z</time></trkpt>
<trkpt lat="44.240061" lon="-76.605887"><ele>42.0</ele><time>2021-08-07T00:15:15Z</time></trkpt>
<trkpt lat="44.240067" lon="-76.605869"><ele>42.0</ele><time>2021-08-07T00:15:16Z</time></trkpt>
<trkpt lat="44.24007" lon="-76.605851"><ele>42.0</ele><time>2021-08-07T00:15:17Z</time></trkpt>
<trkpt lat="44.240077" lon="-76.605824"><ele>42.0</ele><time>2021-08-07T00:15:18Z</time></trkpt>
<trkpt lat="44.240086" lon="-76.605797"><ele>43.0</ele><time>2021-08-07T00:15:19Z</time></trkpt>
<trkpt lat="44.24009" lon="-76.605779"><ele>43.0</ele><time>2021-08-07T00:15:20Z</time></trkpt>
<trkpt lat="44.240096" lon="-76.605761"><ele>43.0</ele><time>2021-08-07T00:15:21Z</time></trkpt>
<trkpt lat="44.240103" lon="-76.605734"><ele>43.0</ele><time>2021-08-07T00:15:22Z</time></trkpt>
<trkpt lat="44.240106" lon="-76.605708"><ele>43.0</ele><time>2021-08-07T00:15:23Z</time></trkpt>
<trkpt lat="44.240112" lon="-76.60569"><ele>44.0</ele><time>2021-08-07T00:15:24Z</time></trkpt>
<trkpt lat="44.240119" lon="-76.605663"><ele>44.0</ele><time>2021-08-07T00:15:25Z</time></trkpt>
<trkpt lat="44.240125" lon="-76.605645"><ele>44.0</ele><time>2021-08-07T00:15:26Z</time></trkpt>
<trkpt lat="44.240128" lon="-76.605618"><ele>44.0</ele><time>2021-08-07T00:15:27Z</time></trkpt>
<trkpt lat="44.240135" lon="-76.6056"><ele>44.0</ele><time>2021-08-07T00:15:28Z</time></trkpt>
<trkpt lat="44.240138" lon="-76.605573"><ele>44.0</ele><time>2021-08-07T00:15:29Z</time></trkpt>
<trkpt lat="44.240144" lon="-76.605546"><ele>44.0</ele><time>2021-08-07T00:15:30Z</time></trkpt>
<trkpt lat="44.240148" lon="-76.605528"><ele>43.0</ele><time>2021-08-07T00:15:31Z</time></trkpt>
<trkpt lat="44.240151" lon="-76.605501"><ele>43.0</ele><time>2021-08-07T00:15:32Z</time></trkpt>
<trkpt lat="44.240157" lon="-76.605474"><ele>43.0</ele><time>2021-08-07T00:15:33Z</time></trkpt>
<trkpt lat="44.240161" lon="-76.605456"><ele>43.0</ele><time>2021-08-07T00:15:34Z</time></trkpt>
<trkpt lat="44.240167" lon="-76.605429"><ele>43.0</ele><time>2021-08-07T00:15:35Z</time></trkpt>
<trkpt lat="44.24017" lon="-76.605411"><ele>43.0</ele><time>2021-08-07T00:15:36Z</time></trkpt>
<trkpt lat="44.24018" lon="-76.605384"><ele>43.0</ele><time>2021-08-07T00:15:37Z</time></trkpt>
<trkpt lat="44.240203" lon="-76.605339"><ele>45.0</ele><time>2021-08-07T00:15:38Z</time></trkpt>
<trkpt lat="44.240222" lon="-76.605294"><ele>44.0</ele><time>2021-08-07T00:15:39Z</time></trkpt>
<trkpt lat="44.240232" lon="-76.605267"><ele>44.0</ele><time>2021-08-07T00:15:40Z</time></trkpt>
<trkpt lat="44.240216" lon="-76.605294"><ele>44.0</ele><time>2021-08-07T00:15:41Z</time></trkpt>
<trkpt lat="44.240212" lon="-76.605267"><ele>43.0</ele><time>2021-08-07T00:15:42Z</time></trkpt>
<trkpt lat="44.240216" lon="-76.605249"><ele>44.0</ele><time>2021-08-07T00:15:43Z</time></trkpt>
<trkpt lat="44.240222" lon="-76.605231"><ele>44.0</ele><time>2021-08-07T00:15:44Z</time></trkpt>
<trkpt lat="44.240228" lon="-76.605204"><ele>43.0</ele><time>2021-08-07T00:15:45Z</time></trkpt>
<trkpt lat="44.240235" lon="-76.605204"><ele>42.0</ele><time>2021-08-07T00:15:46Z</time></trkpt>
<trkpt lat="44.240235" lon="-76.605178"><ele>41.0</ele><time>2021-08-07T00:15:47Z</time></trkpt>
<trkpt lat="44.240238" lon="-76.605151"><ele>41.0</ele><time>2021-08-07T00:15:48Z</time></trkpt>
<trkpt lat="44.240241" lon="-76.605133"><ele>41.0</ele><time>2021-08-07T00:15:49Z</time></trkpt>
<trkpt lat="44.240245" lon="-76.605106"><ele>41.0</ele><time>2021-08-07T00:15:50Z</time></trkpt>
<trkpt lat="44.240251" lon="-76.605088"><ele>41.0</ele><time>2021-08-07T00:15:51Z</time></trkpt>
<trkpt lat="44.240254" lon="-76.605061"><ele>41.0</ele><time>2021-08-07T00:15:52Z</time></trkpt>
<trkpt lat="44.240258" lon="-76.605034"><ele>41.0</ele><time>2021-08-07T00:15:53Z</time></trkpt>
<trkpt lat="44.240261" lon="-76.605016"><ele>41.0</ele><time>2021-08-07T00:15:54Z</time></trkpt>
<trkpt lat="44.240264" lon="-76.604989"><ele>41.0</ele><time>2021-08-07T00:15:55Z</time></trkpt>
<trkpt lat="44.240267" lon="-76.604962"><ele>42.0</ele><time>2021-08-07T00:15:56Z</time></trkpt>
<trkpt lat="44.24027" lon="-76.604944"><ele>42.0</ele><time>2021-08-07T00:15:57Z</time></trkpt>
<trkpt lat="44.240277" lon="-76.604917"><ele>42.0</ele><time>2021-08-07T00:15:58Z</time></trkpt>
<trkpt lat="44.24028" lon="-76.60489"><ele>42.0</ele><time>2021-08-07T00:15:59Z</time></trkpt>
<trkpt lat="44.240283" lon="-76.604872"><ele>43.0</ele><time>2021-08-07T00:16:00Z</time></trkpt>
<trkpt lat="44.240287" lon="-76.604845"><ele>43.0</ele><time>2021-08-07T00:16:01Z</time></trkpt>
<trkpt lat="44.240293" lon="-76.604818"><ele>43.0</ele><time>2021-08-07T00:16:02Z</time></trkpt>
<trkpt lat="44.240296" lon="-76.6048"><ele>43.0</ele><time>2021-08-07T00:16:03Z</time></trkpt>
<trkpt lat="44.240299" lon="-76.604773"><ele>43.0</ele><time>2021-08-07T00:16:04Z</time></trkpt>
<trkpt lat="44.240303" lon="-76.604746"><ele>43.0</ele><time>2021-08-07T00:16:05Z</time></trkpt>
<trkpt lat="44.240309" lon="-76.604719"><ele>43.0</ele><time>2021-08-07T00:16:06Z</time></trkpt>
<trkpt lat="44.240312" lon="-76.604701"><ele>43.0</ele><time>2021-08-07T00:16:07Z</time></trkpt>
<trkpt lat="44.240316" lon="-76.604674"><ele>43.0</ele><time>2021-08-07T00:16:08Z</time></trkpt>
<trkpt lat="44.240319" lon="-76.604648"><ele>43.0</ele><time>2021-08-07T00:16:09Z</time></trkpt>
<trkpt lat="44.240322" lon="-76.60463"><ele>43.0</ele><time>2021-08-07T00:16:10Z</time></trkpt>
<trkpt lat="44.240325" lon="-76.604603"><ele>43.0</ele><time>2021-08-07T00:16:11Z</time></trkpt>
<trkpt lat="44.240329" lon="-76.604576"><ele>43.0</ele><time>2021-08-07T00:16:12Z</time></trkpt>
<trkpt lat="44.240329" lon="-76.604558"><ele>43.0</ele><time>2021-08-07T00:16:13Z</time></trkpt>
<trkpt lat="44.240332" lon="-76.604531"><ele>43.0</ele><time>2021-08-07T00:16:14Z</time></trkpt>
<trkpt lat="44.240335" lon="-76.604513"><ele>43.0</ele><time>2021-08-07T00:16:15Z</time></trkpt>
<trkpt lat="44.240335" lon="-76.604486"><ele>43.0</ele><time>2021-08-07T00:16:16Z</time></trkpt>
<trkpt lat="44.240335" lon="-76.604459"><ele>43.0</ele><time>2021-08-07T00:16:17Z</time></trkpt>
<trkpt lat="44.240338" lon="-76.604432"><ele>43.0</ele><time>2021-08-07T00:16:18Z</time></trkpt>
<trkpt lat="44.240338" lon="-76.604414"><ele>43.0</ele><time>2021-08-07T00:16:19Z</time></trkpt>
<trkpt lat="44.240341" lon="-76.604387"><ele>43.0</ele><time>2021-08-07T00:16:20Z</time></trkpt>
<trkpt lat="44.240341" lon="-76.60436"><ele>43.0</ele><time>2021-08-07T00:16:21Z</time></trkpt>
<trkpt lat="44.240345" lon="-76.604342"><ele>43.0</ele><time>2021-08-07T00:16:22Z</time></trkpt>
<trkpt lat="44.240345" lon="-76.604324"><ele>42.0</ele><time>2021-08-07T00:16:23Z</time></trkpt>
<trkpt lat="44.240345" lon="-76.604297"><ele>43.0</ele><time>2021-08-07T00:16:24Z</time></trkpt>
<trkpt lat="44.240345" lon="-76.604279"><ele>42.0</ele><time>2021-08-07T00:16:25Z</time></trkpt>
<trkpt lat="44.240348" lon="-76.604252"><ele>42.0</ele><time>2021-08-07T00:16:26Z</time></trkpt>
<trkpt lat="44.240348" lon="-76.604234"><ele>42.0</ele><time>2021-08-07T00:16:27Z</time></trkpt>
<trkpt lat="44.240348" lon="-76.604207"><ele>42.0</ele><time>2021-08-07T00:16:28Z</time></trkpt>
<trkpt lat="44.240348" lon="-76.60418"><ele>42.0</ele><time>2021-08-07T00:16:29Z</time></trkpt>
<trkpt lat="44.240348" lon="-76.604162"><ele>43.0</ele><time>2021-08-07T00:16:30Z</time></trkpt>
<trkpt lat="44.240348" lon="-76.604136"><ele>43.0</ele><time>2021-08-07T00:16:31Z</time></trkpt>
<trkpt lat="44.240345" lon="-76.604118"><ele>43.0</ele><time>2021-08-07T00:16:32Z</time></trkpt>
<trkpt lat="44.240345" lon="-76.6041"><ele>42.0</ele><time>2021-08-07T00:16:33Z</time></trkpt>
<trkpt lat="44.240345" lon="-76.604073"><ele>43.0</ele><time>2021-08-07T00:16:34Z</time></trkpt>
<trkpt lat="44.240345" lon="-76.604046"><ele>42.0</ele><time>2021-08-07T00:16:35Z</time></trkpt>
<trkpt lat="44.240341" lon="-76.604019"><ele>43.0</ele><time>2021-08-07T00:16:36Z</time></trkpt>
<trkpt lat="44.240341" lon="-76.604001"><ele>42.0</ele><time>2021-08-07T00:16:37Z</time></trkpt>
<trkpt lat="44.240341" lon="-76.603974"><ele>42.0</ele><time>2021-08-07T00:16:38Z</time></trkpt>
<trkpt lat="44.240341" lon="-76.603956"><ele>42.0</ele><time>2021-08-07T00:16:39Z</time></trkpt>
<trkpt lat="44.240341" lon="-76.603929"><ele>42.0</ele><time>2021-08-07T00:16:40Z</time></trkpt>
<trkpt lat="44.240341" lon="-76.603902"><ele>42.0</ele><time>2021-08-07T00:16:41Z</time></trkpt>
<trkpt lat="44.240341" lon="-76.603884"><ele>42.0</ele><time>2021-08-07T00:16:42Z</time></trkpt>
<trkpt lat="44.240338" lon="-76.603857"><ele>42.0</ele><time>2021-08-07T00:16:43Z</time></trkpt>
<trkpt lat="44.240338" lon="-76.60383"><ele>42.0</ele><time>2021-08-07T00:16:44Z</time></trkpt>
<trkpt lat="44.240335" lon="-76.603812"><ele>42.0</ele><time>2021-08-07T00:16:45Z</time></trkpt>
<trkpt lat="44.240332" lon="-76.603785"><ele>42.0</ele><time>2021-08-07T00:16:46Z</time></trkpt>
<trkpt lat="44.240329" lon="-76.603758"><ele>42.0</ele><time>2021-08-07T00:16:47Z</time></trkpt>
<trkpt lat="44.240329" lon="-76.60374"><ele>42.0</ele><time>2021-08-07T00:16:48Z</time></trkpt>
<trkpt lat="44.240325" lon="-76.603722"><ele>42.0</ele><time>2021-08-07T00:16:49Z</time></trkpt>
<trkpt lat="44.240322" lon="-76.603695"><ele>42.0</ele><time>2021-08-07T00:16:50Z</time></trkpt>
<trkpt lat="44.240319" lon="-76.603677"><ele>42.0</ele><time>2021-08-07T00:16:51Z</time></trkpt>
<trkpt lat="44.240319" lon="-76.603659"><ele>42.0</ele><time>2021-08-07T00:16:52Z</time></trkpt>
<trkpt lat="44.240316" lon="-76.603641"><ele>42.0</ele><time>2021-08-07T00:16:53Z</time></trkpt>
<trkpt lat="44.240312" lon="-76.603615"><ele>42.0</ele><time>2021-08-07T00:16:54Z</time></trkpt>
<trkpt lat="44.240309" lon="-76.603597"><ele>42.0</ele><time>2021-08-07T00:16:55Z</time></trkpt>
<trkpt lat="44.240303" lon="-76.603579"><ele>42.0</ele><time>2021-08-07T00:16:56Z</time></trkpt>
<trkpt lat="44.240299" lon="-76.603561"><ele>42.0</ele><time>2021-08-07T00:16:57Z</time></trkpt>
<trkpt lat="44.240296" lon="-76.603543"><ele>42.0</ele><time>2021-08-07T00:16:58Z</time></trkpt>
<trkpt lat="44.240296" lon="-76.603525"><ele>42.0</ele><time>2021-08-07T00:16:59Z</time></trkpt>
<trkpt lat="44.24029" lon="-76.603507"><ele>42.0</ele><time>2021-08-07T00:17:00Z</time></trkpt>
<trkpt lat="44.240293" lon="-76.603489"><ele>42.0</ele><time>2021-08-07T00:17:01Z</time></trkpt>
<trkpt lat="44.24029" lon="-76.603462"><ele>41.0</ele><time>2021-08-07T00:17:02Z</time></trkpt>
<trkpt lat="44.24029" lon="-76.603444"><ele>41.0</ele><time>2021-08-07T00:17:03Z</time></trkpt>
<trkpt lat="44.240287" lon="-76.603435"><ele>41.0</ele><time>2021-08-07T00:17:04Z</time></trkpt>
<trkpt lat="44.240283" lon="-76.603417"><ele>41.0</ele><time>2021-08-07T00:17:05Z</time></trkpt>
<trkpt lat="44.24028" lon="-76.603399"><ele>41.0</ele><time>2021-08-07T00:17:06Z</time></trkpt>
<trkpt lat="44.240277" lon="-76.60339"><ele>41.0</ele><time>2021-08-07T00:17:07Z</time></trkpt>
<trkpt lat="44.240274" lon="-76.603372"><ele>41.0</ele><time>2021-08-07T00:17:08Z</time></trkpt>
<trkpt lat="44.24027" lon="-76.603354"><ele>41.0</ele><time>2021-08-07T00:17:09Z</time></trkpt>
<trkpt lat="44.240264" lon="-76.603336"><ele>41.0</ele><time>2021-08-07T00:17:10Z</time></trkpt>
<trkpt lat="44.240261" lon="-76.603318"><ele>41.0</ele><time>2021-08-07T00:17:11Z</time></trkpt>
<trkpt lat="44.240258" lon="-76.603309"><ele>41.0</ele><time>2021-08-07T00:17:12Z</time></trkpt>
<trkpt lat="44.240254" lon="-76.603291"><ele>41.0</ele><time>2021-08-07T00:17:13Z</time></trkpt>
<trkpt lat="44.240251" lon="-76.603282"><ele>41.0</ele><time>2021-08-07T00:17:14Z</time></trkpt>
<trkpt lat="44.240245" lon="-76.603264"><ele>41.0</ele><time>2021-08-07T00:17:15Z</time></trkpt>
<trkpt lat="44.240241" lon="-76.603255"><ele>41.0</ele><time>2021-08-07T00:17:16Z</time></trkpt>
<trkpt lat="44.240238" lon="-76.603237"><ele>41.0</ele><time>2021-08-07T00:17:17Z</time></trkpt>
<trkpt lat="44.240235" lon="-76.603219"><ele>41.0</ele><time>2021-08-07T00:17:18Z</time></trkpt>
<trkpt lat="44.240232" lon="-76.60321"><ele>41.0</ele><time>2021-08-07T00:17:19Z</time></trkpt>
<trkpt lat="44.240228" lon="-76.603192"><ele>41.0</ele><time>2021-08-07T00:17:20Z</time></trkpt>
<trkpt lat="44.240225" lon="-76.603183"><ele>41.0</ele><time>2021-08-07T00:17:21Z</time></trkpt>
<trkpt lat="44.240222" lon="-76.603165"><ele>41.0</ele><time>2021-08-07T00:17:22Z</time></trkpt>
<trkpt lat="44.240219" lon="-76.603156"><ele>41.0</ele><time>2021-08-07T00:17:23Z</time></trkpt>
<trkpt lat="44.240216" lon="-76.603138"><ele>40.0</ele><time>2021-08-07T00:17:24Z</time></trkpt>
<trkpt lat="44.240212" lon="-76.603129"><ele>41.0</ele><time>2021-08-07T00:17:25Z</time></trkpt>
<trkpt lat="44.240209" lon="-76.603111"><ele>41.0</ele><time>2021-08-07T00:17:26Z</time></trkpt>
<trkpt lat="44.240206" lon="-76.603102"><ele>41.0</ele><time>2021-08-07T00:17:27Z</time></trkpt>
<trkpt lat="44.240203" lon="-76.603094"><ele>41.0</ele><time>2021-08-07T00:17:28Z</time></trkpt>
<trkpt lat="44.240199" lon="-76.603076"><ele>41.0</ele><time>2021-08-07T00:17:29Z</time></trkpt>
<trkpt lat="44.240196" lon="-76.603067"><ele>41.0</ele><time>2021-08-07T00:17:30Z</time></trkpt>
<trkpt lat="44.240193" lon="-76.603049"><ele>41.0</ele><time>2021-08-07T00:17:31Z</time></trkpt>
<trkpt lat="44.24019" lon="-76.60304"><ele>41.0</ele><time>2021-08-07T00:17:32Z</time></trkpt>
<trkpt lat="44.240186" lon="-76.603031"><ele>41.0</ele><time>2021-08-07T00:17:33Z</time></trkpt>
<trkpt lat="44.240183" lon="-76.603013"><ele>41.0</ele><time>2021-08-07T00:17:34Z</time></trkpt>
<trkpt lat="44.24018" lon="-76.603004"><ele>41.0</ele><time>2021-08-07T00:17:35Z</time></trkpt>
<trkpt lat="44.240177" lon="-76.602995"><ele>41.0</ele><time>2021-08-07T00:17:36Z</time></trkpt>
<trkpt lat="44.240174" lon="-76.602977"><ele>42.0</ele><time>2021-08-07T00:17:37Z</time></trkpt>
<trkpt lat="44.24017" lon="-76.602968"><ele>42.0</ele><time>2021-08-07T00:17:38Z</time></trkpt>
<trkpt lat="44.240167" lon="-76.602959"><ele>42.0</ele><time>2021-08-07T00:17:39Z</time></trkpt>
<trkpt lat="44.240164" lon="-76.60295"><ele>41.0</ele><time>2021-08-07T00:17:40Z</time></trkpt>
<trkpt lat="44.240161" lon="-76.602932"><ele>41.0</ele><time>2021-08-07T00:17:41Z</time></trkpt>
<trkpt lat="44.240161" lon="-76.602923"><ele>41.0</ele><time>2021-08-07T00:17:42Z</time></trkpt>
<trkpt lat="44.240157" lon="-76.602905"><ele>41.0</ele><time>2021-08-07T00:17:43Z</time></trkpt>
<trkpt lat="44.240154" lon="-76.602887"><ele>41.0</ele><time>2021-08-07T00:17:44Z</time></trkpt>
<trkpt lat="44.240151" lon="-76.602869"><ele>41.0</ele><time>2021-08-07T00:17:45Z</time></trkpt>
<trkpt lat="44.240151" lon="-76.602851"><ele>41.0</ele><time>2021-08-07T00:17:46Z</time></trkpt>
<trkpt lat="44.240148" lon="-76.602833"><ele>42.0</ele><time>2021-08-07T00:17:47Z</time></trkpt>
<trkpt lat="44.240148" lon="-76.602815"><ele>42.0</ele><time>2021-08-07T00:17:48Z</time></trkpt>
<trkpt lat="44.240144" lon="-76.602797"><ele>42.0</ele><time>2021-08-07T00:17:49Z</time></trkpt>
<trkpt lat="44.240141" lon="-76.602779"><ele>42.0</ele><time>2021-08-07T00:17:50Z</time></trkpt>
<trkpt lat="44.240138" lon="-76.602761"><ele>42.0</ele><time>2021-08-07T00:17:51Z</time></trkpt>
<trkpt lat="44.240135" lon="-76.602743"><ele>42.0</ele><time>2021-08-07T00:17:52Z</time></trkpt>
<trkpt lat="44.240128" lon="-76.602725"><ele>42.0</ele><time>2021-08-07T00:17:53Z</time></trkpt>
<trkpt lat="44.240122" lon="-76.602707"><ele>42.0</ele><time>2021-08-07T00:17:54Z</time></trkpt>
<trkpt lat="44.240115" lon="-76.602698"><ele>41.0</ele><time>2021-08-07T00:17:55Z</time></trkpt>
<trkpt lat="44.240109" lon="-76.602689"><ele>42.0</ele><time>2021-08-07T00:17:56Z</time></trkpt>
<trkpt lat="44.240099" lon="-76.60268"><ele>42.0</ele><time>2021-08-07T00:17:57Z</time></trkpt>
<trkpt lat="44.240093" lon="-76.602671"><ele>42.0</ele><time>2021-08-07T00:17:58Z</time></trkpt>
<trkpt lat="44.240086" lon="-76.602662"><ele>42.0</ele><time>2021-08-07T00:17:59Z</time></trkpt>
<trkpt lat="44.240077" lon="-76.602653"><ele>42.0</ele><time>2021-08-07T00:18:00Z</time></trkpt>
<trkpt lat="44.240067" lon="-76.602644"><ele>42.0</ele><time>2021-08-07T00:18:01Z</time></trkpt>
<trkpt lat="44.240057" lon="-76.602644"><ele>41.0</ele><time>2021-08-07T00:18:02Z</time></trkpt>
<trkpt lat="44.240048" lon="-76.602644"><ele>42.0</ele><time>2021-08-07T00:18:03Z</time></trkpt>
<trkpt lat="44.240038" lon="-76.602635"><ele>42.0</ele><time>2021-08-07T00:18:04Z</time></trkpt>
<trkpt lat="44.240028" lon="-76.602635"><ele>42.0</ele><time>2021-08-07T00:18:05Z</time></trkpt>
<trkpt lat="44.240019" lon="-76.602626"><ele>42.0</ele><time>2021-08-07T00:18:06Z</time></trkpt>
<trkpt lat="44.240009" lon="-76.602626"><ele>42.0</ele><time>2021-08-07T00:18:07Z</time></trkpt>
<trkpt lat="44.239999" lon="-76.602626"><ele>42.0</ele><time>2021-08-07T00:18:08Z</time></trkpt>
<trkpt lat="44.239993" lon="-76.602617"><ele>42.0</ele><time>2021-08-07T00:18:09Z</time></trkpt>
<trkpt lat="44.239983" lon="-76.602608"><ele>41.0</ele><time>2021-08-07T00:18:10Z</time></trkpt>
<trkpt lat="44.239973" lon="-76.602608"><ele>41.0</ele><time>2021-08-07T00:18:11Z</time></trkpt>
<trkpt lat="44.239967" lon="-76.602608"><ele>41.0</ele><time>2021-08-07T00:18:12Z</time></trkpt>
<trkpt lat="44.239957" lon="-76.602608"><ele>41.0</ele><time>2021-08-07T00:18:13Z</time></trkpt>
<trkpt lat="44.239948" lon="-76.602608"><ele>41.0</ele><time>2021-08-07T00:18:14Z</time></trkpt>
<trkpt lat="44.239941" lon="-76.602608"><ele>41.0</ele><time>2021-08-07T00:18:15Z</time></trkpt>
<trkpt lat="44.239931" lon="-76.602608"><ele>41.0</ele><time>2021-08-07T00:18:16Z</time></trkpt>
<trkpt lat="44.239922" lon="-76.602599"><ele>41.0</ele><time>2021-08-07T00:18:17Z</time></trkpt>
<trkpt lat="44.239915" lon="-76.602599"><ele>41.0</ele><time>2021-08-07T00:18:18Z</time></trkpt>
<trkpt lat="44.239906" lon="-76.602599"><ele>42.0</ele><time>2021-08-07T00:18:19Z</time></trkpt>
<trkpt lat="44.239896" lon="-76.602599"><ele>42.0</ele><time>2021-08-07T00:18:20Z</time></trkpt>
<trkpt lat="44.239886" lon="-76.602599"><ele>42.0</ele><time>2021-08-07T00:18:21Z</time></trkpt>
<trkpt lat="44.23988" lon="-76.602599"><ele>42.0</ele><time>2021-08-07T00:18:22Z</time></trkpt>
<trkpt lat="44.23987" lon="-76.602599"><ele>42.0</ele><time>2021-08-07T00:18:23Z</time></trkpt>
<trkpt lat="44.239864" lon="-76.602599"><ele>42.0</ele><time>2021-08-07T00:18:24Z</time></trkpt>
<trkpt lat="44.239857" lon="-76.602599"><ele>42.0</ele><time>2021-08-07T00:18:25Z</time></trkpt>
<trkpt lat="44.239847" lon="-76.602599"><ele>42.0</ele><time>2021-08-07T00:18:26Z</time></trkpt>
<trkpt lat="44.239841" lon="-76.602599"><ele>42.0</ele><time>2021-08-07T00:18:27Z</time></trkpt>
<trkpt lat="44.239831" lon="-76.602599"><ele>42.0</ele><time>2021-08-07T00:18:28Z</time></trkpt>
<trkpt lat="44.239825" lon="-76.60259"><ele>42.0</ele><time>2021-08-07T00:18:29Z</time></trkpt>
<trkpt lat="44.239815" lon="-76.60259"><ele>42.0</ele><time>2021-08-07T00:18:30Z</time></trkpt>
<trkpt lat="44.239809" lon="-76.60259"><ele>42.0</ele><time>2021-08-07T00:18:31Z</time></trkpt>
<trkpt lat="44.239802" lon="-76.60259"><ele>42.0</ele><time>2021-08-07T00:18:32Z</time></trkpt>
<trkpt lat="44.239796" lon="-76.60259"><ele>42.0</ele><time>2021-08-07T00:18:33Z</time></trkpt>
<trkpt lat="44.239786" lon="-76.60259"><ele>43.0</ele><time>2021-08-07T00:18:34Z</time></trkpt>
<trkpt lat="44.23978" lon="-76.60259"><ele>43.0</ele><time>2021-08-07T00:18:35Z</time></trkpt>
<trkpt lat="44.239773" lon="-76.602581"><ele>43.0</ele><time>2021-08-07T00:18:36Z</time></trkpt>
<trkpt lat="44.239763" lon="-76.602581"><ele>43.0</ele><time>2021-08-07T00:18:37Z</time></trkpt>
<trkpt lat="44.239757" lon="-76.602581"><ele>43.0</ele><time>2021-08-07T00:18:38Z</time></trkpt>
<trkpt lat="44.239751" lon="-76.602581"><ele>43.0</ele><time>2021-08-07T00:18:39Z</time></trkpt>
<trkpt lat="44.239744" lon="-76.602581"><ele>43.0</ele><time>2021-08-07T00:18:40Z</time></trkpt>
<trkpt lat="44.239734" lon="-76.602581"><ele>43.0</ele><time>2021-08-07T00:18:41Z</time></trkpt>
<trkpt lat="44.239728" lon="-76.60259"><ele>43.0</ele><time>2021-08-07T00:18:42Z</time></trkpt>
<trkpt lat="44.239722" lon="-76.60259"><ele>43.0</ele><time>2021-08-07T00:18:43Z</time></trkpt>
<trkpt lat="44.239715" lon="-76.602599"><ele>43.0</ele><time>2021-08-07T00:18:44Z</time></trkpt>
<trkpt lat="44.239709" lon="-76.602608"><ele>43.0</ele><time>2021-08-07T00:18:45Z</time></trkpt>
<trkpt lat="44.239702" lon="-76.602608"><ele>43.0</ele><time>2021-08-07T00:18:46Z</time></trkpt>
<trkpt lat="44.239699" lon="-76.602617"><ele>43.0</ele><time>2021-08-07T00:18:47Z</time></trkpt>
<trkpt lat="44.239696" lon="-76.602626"><ele>42.0</ele><time>2021-08-07T00:18:48Z</time></trkpt>
<trkpt lat="44.239705" lon="-76.602644"><ele>44.0</ele><time>2021-08-07T00:18:49Z</time></trkpt>
<trkpt lat="44.239692" lon="-76.602626"><ele>44.0</ele><time>2021-08-07T00:18:50Z</time></trkpt>
<trkpt lat="44.239689" lon="-76.602617"><ele>44.0</ele><time>2021-08-07T00:18:51Z</time></trkpt>
<trkpt lat="44.239689" lon="-76.602617"><ele>44.0</ele><time>2021-08-07T00:18:52Z</time></trkpt>
<trkpt lat="44.239686" lon="-76.602626"><ele>44.0</ele><time>2021-08-07T00:18:53Z</time></trkpt>
<trkpt lat="44.23968" lon="-76.602626"><ele>43.0</ele><time>2021-08-07T00:18:54Z</time></trkpt>
<trkpt lat="44.239676" lon="-76.602644"><ele>44.0</ele><time>2021-08-07T00:18:55Z</time></trkpt>
<trkpt lat="44.239673" lon="-76.602662"><ele>44.0</ele><time>2021-08-07T00:18:56Z</time></trkpt>
<trkpt lat="44.239673" lon="-76.602671"><ele>44.0</ele><time>2021-08-07T00:18:57Z</time></trkpt>
<trkpt lat="44.23967" lon="-76.602689"><ele>44.0</ele><time>2021-08-07T00:18:58Z</time></trkpt>
<trkpt lat="44.239667" lon="-76.602698"><ele>44.0</ele><time>2021-08-07T00:18:59Z</time></trkpt>
<trkpt lat="44.239667" lon="-76.602707"><ele>43.0</ele><time>2021-08-07T00:19:00Z</time></trkpt>
<trkpt lat="44.239663" lon="-76.602716"><ele>42.0</ele><time>2021-08-07T00:19:01Z</time></trkpt>
<trkpt lat="44.23966" lon="-76.602734"><ele>42.0</ele><time>2021-08-07T00:19:02Z</time></trkpt>
<trkpt lat="44.23966" lon="-76.602743"><ele>42.0</ele><time>2021-08-07T00:19:03Z</time></trkpt>
<trkpt lat="44.239657" lon="-76.602752"><ele>42.0</ele><time>2021-08-07T00:19:04Z</time></trkpt>
<trkpt lat="44.239657" lon="-76.602761"><ele>43.0</ele><time>2021-08-07T00:19:05Z</time></trkpt>
<trkpt lat="44.239654" lon="-76.602761"><ele>42.0</ele><time>2021-08-07T00:19:06Z</time></trkpt>
<trkpt lat="44.239654" lon="-76.60277"><ele>42.0</ele><time>2021-08-07T00:19:07Z</time></trkpt>
<trkpt lat="44.239654" lon="-76.602779"><ele>42.0</ele><time>2021-08-07T00:19:08Z</time></trkpt>
<trkpt lat="44.239654" lon="-76.602788"><ele>42.0</ele><time>2021-08-07T00:19:09Z</time></trkpt>
<trkpt lat="44.23965" lon="-76.602788"><ele>42.0</ele><time>2021-08-07T00:19:10Z</time></trkpt>
<trkpt lat="44.23965" lon="-76.602797"><ele>42.0</ele><time>2021-08-07T00:19:11Z</time></trkpt>
<trkpt lat="44.23965" lon="-76.602797"><ele>42.0</ele><time>2021-08-07T00:19:12Z</time></trkpt>
<trkpt lat="44.23965" lon="-76.602806"><ele>42.0</ele><time>2021-08-07T00:19:13Z</time></trkpt>
<trkpt lat="44.239647" lon="-76.602806"><ele>42.0</ele><time>2021-08-07T00:19:14Z</time></trkpt>
<trkpt lat="44.239647" lon="-76.602815"><ele>41.0</ele><time>2021-08-07T00:19:15Z</time></trkpt>
<trkpt lat="44.239647" lon="-76.602824"><ele>41.0</ele><time>2021-08-07T00:19:16Z</time></trkpt>
<trkpt lat="44.239647" lon="-76.602833"><ele>41.0</ele><time>2021-08-07T00:19:17Z</time></trkpt>
<trkpt lat="44.23965" lon="-76.602842"><ele>41.0</ele><time>2021-08-07T00:19:18Z</time></trkpt>
<trkpt lat="44.239657" lon="-76.602851"><ele>41.0</ele><time>2021-08-07T00:19:19Z</time></trkpt>
<trkpt lat="44.239663" lon="-76.602851"><ele>41.0</ele><time>2021-08-07T00:19:20Z</time></trkpt>
<trkpt lat="44.23967" lon="-76.602851"><ele>41.0</ele><time>2021-08-07T00:19:21Z</time></trkpt>
<trkpt lat="44.239673" lon="-76.602851"><ele>41.0</ele><time>2021-08-07T00:19:22Z</time></trkpt>
<trkpt lat="44.239673" lon="-76.602851"><ele>40.0</ele><time>2021-08-07T00:19:23Z</time></trkpt>
<trkpt lat="44.23967" lon="-76.602851"><ele>41.0</ele><time>2021-08-07T00:19:24Z</time></trkpt>
<trkpt lat="44.23967" lon="-76.602851"><ele>41.0</ele><time>2021-08-07T00:19:25Z</time></trkpt>
<trkpt lat="44.23967" lon="-76.602851"><ele>41.0</ele><time>2021-08-07T00:19:26Z</time></trkpt>
<trkpt lat="44.23967" lon="-76.602851"><ele>41.0</ele><time>2021-08-07T00:19:27Z</time></trkpt>
<trkpt lat="44.239673" lon="-76.602851"><ele>41.0</ele><time>2021-08-07T00:19:28Z</time></trkpt>
<trkpt lat="44.239673" lon="-76.602851"><ele>41.0</ele><time>2021-08-07T00:19:29Z</time></trkpt>
<trkpt lat="44.239673" lon="-76.602851"><ele>41.0</ele><time>2021-08-07T00:19:30Z</time></trkpt>
<trkpt lat="44.239673" lon="-76.602851"><ele>41.0</ele><time>2021-08-07T00:19:31Z</time></trkpt>
<trkpt lat="44.239673" lon="-76.602851"><ele>42.0</ele><time>2021-08-07T00:19:32Z</time></trkpt>
<trkpt lat="44.239676" lon="-76.602851"><ele>42.0</ele><time>2021-08-07T00:19:33Z</time></trkpt>
<trkpt lat="44.23968" lon="-76.602851"><ele>42.0</ele><time>2021-08-07T00:19:34Z</time></trkpt>
<trkpt lat="44.239676" lon="-76.602851"><ele>42.0</ele><time>2021-08-07T00:19:35Z</time></trkpt>
<trkpt lat="44.239676" lon="-76.602851"><ele>42.0</ele><time>2021-08-07T00:19:36Z</time></trkpt>
<trkpt lat="44.239676" lon="-76.602851"><ele>43.0</ele><time>2021-08-07T00:19:37Z</time></trkpt>
<trkpt lat="44.239673" lon="-76.602851"><ele>43.0</ele><time>2021-08-07T00:19:38Z</time></trkpt>
<trkpt lat="44.239673" lon="-76.602851"><ele>43.0</ele><time>2021-08-07T00:19:39Z</time></trkpt>
<trkpt lat="44.239676" lon="-76.602851"><ele>43.0</ele><time>2021-08-07T00:19:40Z</time></trkpt>
<trkpt lat="44.239676" lon="-76.602851"><ele>43.0</ele><time>2021-08-07T00:19:41Z</time></trkpt>
<trkpt lat="44.23968" lon="-76.602851"><ele>43.0</ele><time>2021-08-07T00:19:42Z</time></trkpt>
<trkpt lat="44.23968" lon="-76.602851"><ele>43.0</ele><time>2021-08-07T00:19:43Z</time></trkpt>
<trkpt lat="44.23968" lon="-76.602851"><ele>43.0</ele><time>2021-08-07T00:19:44Z</time></trkpt>
<trkpt lat="44.23968" lon="-76.602851"><ele>43.0</ele><time>2021-08-07T00:19:45Z</time></trkpt>
<trkpt lat="44.23968" lon="-76.602851"><ele>43.0</ele><time>2021-08-07T00:19:46Z</time></trkpt>
<trkpt lat="44.23968" lon="-76.602851"><ele>43.0</ele><time>2021-08-07T00:19:47Z</time></trkpt>
<trkpt lat="44.23968" lon="-76.602851"><ele>43.0</ele><time>2021-08-07T00:19:48Z</time></trkpt>
<trkpt lat="44.23968" lon="-76.602851"><ele>43.0</ele><time>2021-08-07T00:19:49Z</time></trkpt>
<trkpt lat="44.23968" lon="-76.602851"><ele>43.0</ele><time>2021-08-07T00:19:50Z</time></trkpt>
<trkpt lat="44.239676" lon="-76.602851"><ele>43.0</ele><time>2021-08-07T00:19:51Z</time></trkpt>
<trkpt lat="44.239676" lon="-76.602851"><ele>42.0</ele><time>2021-08-07T00:19:52Z</time></trkpt>
<trkpt lat="44.239673" lon="-76.602851"><ele>43.0</ele><time>2021-08-07T00:19:53Z</time></trkpt>
<trkpt lat="44.23967" lon="-76.602842"><ele>43.0</ele><time>2021-08-07T00:19:54Z</time></trkpt>
<trkpt lat="44.23967" lon="-76.602842"><ele>43.0</ele><time>2021-08-07T00:19:55Z</time></trkpt>
<trkpt lat="44.23967" lon="-76.602842"><ele>43.0</ele><time>2021-08-07T00:19:56Z</time></trkpt>
<trkpt lat="44.23967" lon="-76.602842"><ele>43.0</ele><time>2021-08-07T00:19:57Z</time></trkpt>
<trkpt lat="44.23967" lon="-76.602842"><ele>42.0</ele><time>2021-08-07T00:19:58Z</time></trkpt>
<trkpt lat="44.239673" lon="-76.602851"><ele>42.0</ele><time>2021-08-07T00:19:59Z</time></trkpt>
<trkpt lat="44.239673" lon="-76.602851"><ele>42.0</ele><time>2021-08-07T00:20:00Z</time></trkpt>
<trkpt lat="44.239673" lon="-76.602851"><ele>42.0</ele><time>2021-08-07T00:20:01Z</time></trkpt>
<trkpt lat="44.239673" lon="-76.602851"><ele>42.0</ele><time>2021-08-07T00:20:02Z</time></trkpt>
<trkpt lat="44.239676" lon="-76.602851"><ele>42.0</ele><time>2021-08-07T00:20:03Z</time></trkpt>
<trkpt lat="44.239676" lon="-76.602842"><ele>42.0</ele><time>2021-08-07T00:20:04Z</time></trkpt>
<trkpt lat="44.239676" lon="-76.602842"><ele>42.0</ele><time>2021-08-07T00:20:05Z</time></trkpt>
<trkpt lat="44.239676" lon="-76.602842"><ele>42.0</ele><time>2021-08-07T00:20:06Z</time></trkpt>
<trkpt lat="44.239676" lon="-76.602833"><ele>43.0</ele><time>2021-08-07T00:20:07Z</time></trkpt>
<trkpt lat="44.239676" lon="-76.602833"><ele>43.0</ele><time>2021-08-07T00:20:08Z</time></trkpt>
<trkpt lat="44.239676" lon="-76.602833"><ele>42.0</ele><time>2021-08-07T00:20:09Z</time></trkpt>
<trkpt lat="44.23968" lon="-76.602833"><ele>42.0</ele><time>2021-08-07T00:20:10Z</time></trkpt>
<trkpt lat="44.23968" lon="-76.602833"><ele>42.0</ele><time>2021-08-07T00:20:11Z</time></trkpt>
<trkpt lat="44.23968" lon="-76.602833"><ele>42.0</ele><time>2021-08-07T00:20:12Z</time></trkpt>
<trkpt lat="44.239686" lon="-76.602833"><ele>42.0</ele><time>2021-08-07T00:20:13Z</time></trkpt>
<trkpt lat="44.239686" lon="-76.602833"><ele>42.0</ele><time>2021-08-07T00:20:14Z</time></trkpt>
<trkpt lat="44.239692" lon="-76.602833"><ele>43.0</ele><time>2021-08-07T00:20:15Z</time></trkpt>
<trkpt lat="44.239692" lon="-76.602833"><ele>42.0</ele><time>2021-08-07T00:20:16Z</time></trkpt>
<trkpt lat="44.239692" lon="-76.602833"><ele>42.0</ele><time>2021-08-07T00:20:17Z</time></trkpt>
<trkpt lat="44.239689" lon="-76.602833"><ele>42.0</ele><time>2021-08-07T00:20:18Z</time></trkpt>
<trkpt lat="44.239689" lon="-76.602833"><ele>42.0</ele><time>2021-08-07T00:20:19Z</time></trkpt>
<trkpt lat="44.239686" lon="-76.602833"><ele>42.0</ele><time>2021-08-07T00:20:20Z</time></trkpt>
<trkpt lat="44.239683" lon="-76.602824"><ele>42.0</ele><time>2021-08-07T00:20:21Z</time></trkpt>
<trkpt lat="44.239683" lon="-76.602824"><ele>43.0</ele><time>2021-08-07T00:20:22Z</time></trkpt>
<trkpt lat="44.23968" lon="-76.602824"><ele>42.0</ele><time>2021-08-07T00:20:23Z</time></trkpt>
<trkpt lat="44.23968" lon="-76.602824"><ele>43.0</ele><time>2021-08-07T00:20:24Z</time></trkpt>
<trkpt lat="44.23968" lon="-76.602824"><ele>43.0</ele><time>2021-08-07T00:20:25Z</time></trkpt>
<trkpt lat="44.23968" lon="-76.602824"><ele>43.0</ele><time>2021-08-07T00:20:26Z</time></trkpt>
<trkpt lat="44.23968" lon="-76.602824"><ele>43.0</ele><time>2021-08-07T00:20:27Z</time></trkpt>
<trkpt lat="44.23968" lon="-76.602833"><ele>43.0</ele><time>2021-08-07T00:20:28Z</time></trkpt>
<trkpt lat="44.23968" lon="-76.602833"><ele>43.0</ele><time>2021-08-07T00:20:29Z</time></trkpt>
<trkpt lat="44.239673" lon="-76.602842"><ele>42.0</ele><time>2021-08-07T00:20:29Z</time></trkpt>
<trkpt lat="44.239673" lon="-76.602851"><ele>42.0</ele><time>2021-08-07T00:20:30Z</time></trkpt>
<trkpt lat="44.239667" lon="-76.60286"><ele>41.0</ele><time>2021-08-07T00:20:31Z</time></trkpt>
<trkpt lat="44.239663" lon="-76.602869"><ele>40.0</ele><time>2021-08-07T00:20:32Z</time></trkpt>
<trkpt lat="44.239663" lon="-76.60286"><ele>41.0</ele><time>2021-08-07T00:20:33Z</time></trkpt>
<trkpt lat="44.239663" lon="-76.60286"><ele>41.0</ele><time>2021-08-07T00:20:34Z</time></trkpt>
<trkpt lat="44.239663" lon="-76.60286"><ele>41.0</ele><time>2021-08-07T00:20:35Z</time></trkpt>
<trkpt lat="44.239663" lon="-76.60286"><ele>41.0</ele><time>2021-08-07T00:20:36Z</time></trkpt>
<trkpt lat="44.239667" lon="-76.602851"><ele>41.0</ele><time>2021-08-07T00:20:37Z</time></trkpt>
<trkpt lat="44.239667" lon="-76.602851"><ele>41.0</ele><time>2021-08-07T00:20:38Z</time></trkpt>
<trkpt lat="44.239667" lon="-76.602851"><ele>41.0</ele><time>2021-08-07T00:20:39Z</time></trkpt>
<trkpt lat="44.239663" lon="-76.602851"><ele>41.0</ele><time>2021-08-07T00:20:40Z</time></trkpt>
<trkpt lat="44.239663" lon="-76.602851"><ele>41.0</ele><time>2021-08-07T00:20:41Z</time></trkpt>
<trkpt lat="44.239663" lon="-76.602851"><ele>41.0</ele><time>2021-08-07T00:20:42Z</time></trkpt>
<trkpt lat="44.239667" lon="-76.602851"><ele>41.0</ele><time>2021-08-07T00:20:43Z</time></trkpt>
<trkpt lat="44.239667" lon="-76.602851"><ele>42.0</ele><time>2021-08-07T00:20:44Z</time></trkpt>
<trkpt lat="44.239667" lon="-76.602851"><ele>42.0</ele><time>2021-08-07T00:20:45Z</time></trkpt>
<trkpt lat="44.239667" lon="-76.602851"><ele>42.0</ele><time>2021-08-07T00:20:46Z</time></trkpt>
<trkpt lat="44.239667" lon="-76.602842"><ele>42.0</ele><time>2021-08-07T00:20:47Z</time></trkpt>
<trkpt lat="44.239667" lon="-76.602842"><ele>42.0</ele><time>2021-08-07T00:20:48Z</time></trkpt>
<trkpt lat="44.239667" lon="-76.602842"><ele>42.0</ele><time>2021-08-07T00:20:49Z</time></trkpt>
<trkpt lat="44.239667" lon="-76.602842"><ele>42.0</ele><time>2021-08-07T00:20:50Z</time></trkpt>
<trkpt lat="44.23967" lon="-76.602842"><ele>42.0</ele><time>2021-08-07T00:20:51Z</time></trkpt>
<trkpt lat="44.23967" lon="-76.602842"><ele>42.0</ele><time>2021-08-07T00:20:52Z</time></trkpt>
<trkpt lat="44.23967" lon="-76.602842"><ele>42.0</ele><time>2021-08-07T00:20:53Z</time></trkpt>
<trkpt lat="44.23967" lon="-76.602842"><ele>42.0</ele><time>2021-08-07T00:20:54Z</time></trkpt>
<trkpt lat="44.239667" lon="-76.602842"><ele>42.0</ele><time>2021-08-07T00:20:55Z</time></trkpt>
<trkpt lat="44.239667" lon="-76.602842"><ele>42.0</ele><time>2021-08-07T00:20:56Z</time></trkpt>
<trkpt lat="44.239663" lon="-76.602842"><ele>42.0</ele><time>2021-08-07T00:20:57Z</time></trkpt>
<trkpt lat="44.239663" lon="-76.602842"><ele>43.0</ele><time>2021-08-07T00:20:58Z</time></trkpt>
<trkpt lat="44.239667" lon="-76.602842"><ele>43.0</ele><time>2021-08-07T00:20:59Z</time></trkpt>
<trkpt lat="44.23967" lon="-76.602842"><ele>43.0</ele><time>2021-08-07T00:21:00Z</time></trkpt>
<trkpt lat="44.23967" lon="-76.602833"><ele>43.0</ele><time>2021-08-07T00:21:01Z</time></trkpt>
<trkpt lat="44.23967" lon="-76.602833"><ele>42.0</ele><time>2021-08-07T00:21:02Z</time></trkpt>
<trkpt lat="44.23967" lon="-76.602833"><ele>43.0</ele><time>2021-08-07T00:21:03Z</time></trkpt>
<trkpt lat="44.239673" lon="-76.602833"><ele>43.0</ele><time>2021-08-07T00:21:04Z</time></trkpt>
<trkpt lat="44.239673" lon="-76.602833"><ele>43.0</ele><time>2021-08-07T00:21:05Z</time></trkpt>
<trkpt lat="44.239676" lon="-76.602833"><ele>43.0</ele><time>2021-08-07T00:21:06Z</time></trkpt>
<trkpt lat="44.239676" lon="-76.602833"><ele>42.0</ele><time>2021-08-07T00:21:07Z</time></trkpt>
<trkpt lat="44.239676" lon="-76.602833"><ele>42.0</ele><time>2021-08-07T00:21:08Z</time></trkpt>
<trkpt lat="44.239676" lon="-76.602833"><ele>42.0</ele><time>2021-08-07T00:21:09Z</time></trkpt>
<trkpt lat="44.23968" lon="-76.602833"><ele>43.0</ele><time>2021-08-07T00:21:10Z</time></trkpt>
<trkpt lat="44.239683" lon="-76.602833"><ele>43.0</ele><time>2021-08-07T00:21:11Z</time></trkpt>
<trkpt lat="44.239686" lon="-76.602824"><ele>44.0</ele><time>2021-08-07T00:21:12Z</time></trkpt>
<trkpt lat="44.239686" lon="-76.602833"><ele>44.0</ele><time>2021-08-07T00:21:13Z</time></trkpt>
<trkpt lat="44.239686" lon="-76.602824"><ele>44.0</ele><time>2021-08-07T00:21:14Z</time></trkpt>
<trkpt lat="44.239689" lon="-76.602824"><ele>44.0</ele><time>2021-08-07T00:21:15Z</time></trkpt>
<trkpt lat="44.239696" lon="-76.602833"><ele>44.0</ele><time>2021-08-07T00:21:16Z</time></trkpt>
<trkpt lat="44.239702" lon="-76.602833"><ele>44.0</ele><time>2021-08-07T00:21:17Z</time></trkpt>
<trkpt lat="44.239705" lon="-76.602833"><ele>44.0</ele><time>2021-08-07T00:21:18Z</time></trkpt>
<trkpt lat="44.239709" lon="-76.602833"><ele>44.0</ele><time>2021-08-07T00:21:19Z</time></trkpt>
<trkpt lat="44.239709" lon="-76.602833"><ele>44.0</ele><time>2021-08-07T00:21:20Z</time></trkpt>
<trkpt lat="44.239709" lon="-76.602833"><ele>44.0</ele><time>2021-08-07T00:21:21Z</time></trkpt>
<trkpt lat="44.239709" lon="-76.602833"><ele>44.0</ele><time>2021-08-07T00:21:22Z</time></trkpt>
<trkpt lat="44.239709" lon="-76.602833"><ele>44.0</ele><time>2021-08-07T00:21:23Z</time></trkpt>
<trkpt lat="44.239709" lon="-76.602833"><ele>44.0</ele><time>2021-08-07T00:21:24Z</time></trkpt>
<trkpt lat="44.239709" lon="-76.602833"><ele>44.0</ele><time>2021-08-07T00:21:25Z</time></trkpt>
<trkpt lat="44.239712" lon="-76.602824"><ele>44.0</ele><time>2021-08-07T00:21:26Z</time></trkpt>
<trkpt lat="44.239715" lon="-76.602824"><ele>44.0</ele><time>2021-08-07T00:21:27Z</time></trkpt>
<trkpt lat="44.239715" lon="-76.602824"><ele>44.0</ele><time>2021-08-07T00:21:28Z</time></trkpt>
<trkpt lat="44.239715" lon="-76.602824"><ele>44.0</ele><time>2021-08-07T00:21:29Z</time></trkpt>
<trkpt lat="44.239715" lon="-76.602824"><ele>43.0</ele><time>2021-08-07T00:21:30Z</time></trkpt>
<trkpt lat="44.239715" lon="-76.602824"><ele>43.0</ele><time>2021-08-07T00:21:31Z</time></trkpt>
<trkpt lat="44.239715" lon="-76.602824"><ele>43.0</ele><time>2021-08-07T00:21:32Z</time></trkpt>
<trkpt lat="44.239715" lon="-76.602824"><ele>43.0</ele><time>2021-08-07T00:21:33Z</time></trkpt>
<trkpt lat="44.239712" lon="-76.602824"><ele>43.0</ele><time>2021-08-07T00:21:34Z</time></trkpt>
<trkpt lat="44.239712" lon="-76.602824"><ele>43.0</ele><time>2021-08-07T00:21:35Z</time></trkpt>
<trkpt lat="44.239712" lon="-76.602833"><ele>43.0</ele><time>2021-08-07T00:21:36Z</time></trkpt>
<trkpt lat="44.239712" lon="-76.602833"><ele>43.0</ele><time>2021-08-07T00:21:37Z</time></trkpt>
<trkpt lat="44.239712" lon="-76.602833"><ele>43.0</ele><time>2021-08-07T00:21:38Z</time></trkpt>
<trkpt lat="44.239712" lon="-76.602833"><ele>43.0</ele><time>2021-08-07T00:21:39Z</time></trkpt>
<trkpt lat="44.239709" lon="-76.602833"><ele>43.0</ele><time>2021-08-07T00:21:40Z</time></trkpt>
<trkpt lat="44.239705" lon="-76.602833"><ele>43.0</ele><time>2021-08-07T00:21:41Z</time></trkpt>
<trkpt lat="44.239705" lon="-76.602833"><ele>42.0</ele><time>2021-08-07T00:21:42Z</time></trkpt>
<trkpt lat="44.239702" lon="-76.602833"><ele>42.0</ele><time>2021-08-07T00:21:43Z</time></trkpt>
<trkpt lat="44.239702" lon="-76.602842"><ele>42.0</ele><time>2021-08-07T00:21:44Z</time></trkpt>
<trkpt lat="44.239705" lon="-76.602842"><ele>42.0</ele><time>2021-08-07T00:21:45Z</time></trkpt>
<trkpt lat="44.239705" lon="-76.602842"><ele>42.0</ele><time>2021-08-07T00:21:46Z</time></trkpt>
<trkpt lat="44.239705" lon="-76.602842"><ele>42.0</ele><time>2021-08-07T00:21:47Z</time></trkpt>
<trkpt lat="44.239709" lon="-76.602842"><ele>43.0</ele><time>2021-08-07T00:21:48Z</time></trkpt>
<trkpt lat="44.239709" lon="-76.602842"><ele>43.0</ele><time>2021-08-07T00:21:49Z</time></trkpt>
<trkpt lat="44.239709" lon="-76.602842"><ele>43.0</ele><time>2021-08-07T00:21:50Z</time></trkpt>
<trkpt lat="44.239709" lon="-76.602842"><ele>43.0</ele><time>2021-08-07T00:21:51Z</time></trkpt>
<trkpt lat="44.239709" lon="-76.602842"><ele>43.0</ele><time>2021-08-07T00:21:52Z</time></trkpt>
<trkpt lat="44.239709" lon="-76.602842"><ele>43.0</ele><time>2021-08-07T00:21:53Z</time></trkpt>
<trkpt lat="44.239709" lon="-76.602842"><ele>43.0</ele><time>2021-08-07T00:21:54Z</time></trkpt>
<trkpt lat="44.239709" lon="-76.602842"><ele>43.0</ele><time>2021-08-07T00:21:55Z</time></trkpt>
<trkpt lat="44.239709" lon="-76.602842"><ele>43.0</ele><time>2021-08-07T00:21:56Z</time></trkpt>
<trkpt lat="44.239709" lon="-76.602842"><ele>43.0</ele><time>2021-08-07T00:21:57Z</time></trkpt>
<trkpt lat="44.239709" lon="-76.602842"><ele>43.0</ele><time>2021-08-07T00:21:58Z</time></trkpt>
<trkpt lat="44.239709" lon="-76.602842"><ele>43.0</ele><time>2021-08-07T00:21:59Z</time></trkpt>
<trkpt lat="44.239709" lon="-76.602842"><ele>43.0</ele><time>2021-08-07T00:22:00Z</time></trkpt>
<trkpt lat="44.239709" lon="-76.602842"><ele>43.0</ele><time>2021-08-07T00:22:01Z</time></trkpt>
<trkpt lat="44.239709" lon="-76.602842"><ele>43.0</ele><time>2021-08-07T00:22:02Z</time></trkpt>
<trkpt lat="44.239709" lon="-76.602842"><ele>43.0</ele><time>2021-08-07T00:22:03Z</time></trkpt>
<trkpt lat="44.239705" lon="-76.602842"><ele>42.0</ele><time>2021-08-07T00:22:04Z</time></trkpt>
<trkpt lat="44.239705" lon="-76.602842"><ele>42.0</ele><time>2021-08-07T00:22:05Z</time></trkpt>
<trkpt lat="44.239705" lon="-76.602842"><ele>42.0</ele><time>2021-08-07T00:22:06Z</time></trkpt>
<trkpt lat="44.239705" lon="-76.602842"><ele>42.0</ele><time>2021-08-07T00:22:07Z</time></trkpt>
<trkpt lat="44.239702" lon="-76.602842"><ele>42.0</ele><time>2021-08-07T00:22:08Z</time></trkpt>
<trkpt lat="44.239702" lon="-76.602842"><ele>42.0</ele><time>2021-08-07T00:22:09Z</time></trkpt>
<trkpt lat="44.239702" lon="-76.602842"><ele>42.0</ele><time>2021-08-07T00:22:10Z</time></trkpt>
<trkpt lat="44.239702" lon="-76.602842"><ele>42.0</ele><time>2021-08-07T00:22:11Z</time></trkpt>
<trkpt lat="44.239702" lon="-76.602833"><ele>42.0</ele><time>2021-08-07T00:22:12Z</time></trkpt>
<trkpt lat="44.239702" lon="-76.602833"><ele>42.0</ele><time>2021-08-07T00:22:13Z</time></trkpt>
<trkpt lat="44.239702" lon="-76.602842"><ele>42.0</ele><time>2021-08-07T00:22:14Z</time></trkpt>
<trkpt lat="44.239709" lon="-76.602842"><ele>42.0</ele><time>2021-08-07T00:22:15Z</time></trkpt>
<trkpt lat="44.239709" lon="-76.602842"><ele>42.0</ele><time>2021-08-07T00:22:16Z</time></trkpt>
<trkpt lat="44.239712" lon="-76.602842"><ele>42.0</ele><time>2021-08-07T00:22:17Z</time></trkpt>
<trkpt lat="44.239712" lon="-76.602842"><ele>42.0</ele><time>2021-08-07T00:22:18Z</time></trkpt>
<trkpt lat="44.239712" lon="-76.602842"><ele>42.0</ele><time>2021-08-07T00:22:19Z</time></trkpt>
<trkpt lat="44.239709" lon="-76.602842"><ele>42.0</ele><time>2021-08-07T00:22:20Z</time></trkpt>
<trkpt lat="44.239712" lon="-76.602842"><ele>42.0</ele><time>2021-08-07T00:22:21Z</time></trkpt>
<trkpt lat="44.239712" lon="-76.602833"><ele>42.0</ele><time>2021-08-07T00:22:22Z</time></trkpt>
<trkpt lat="44.239712" lon="-76.602833"><ele>42.0</ele><time>2021-08-07T00:22:23Z</time></trkpt>
<trkpt lat="44.239712" lon="-76.602833"><ele>42.0</ele><time>2021-08-07T00:22:24Z</time></trkpt>
<trkpt lat="44.239712" lon="-76.602833"><ele>42.0</ele><time>2021-08-07T00:22:25Z</time></trkpt>
<trkpt lat="44.239712" lon="-76.602833"><ele>42.0</ele><time>2021-08-07T00:22:26Z</time></trkpt>
<trkpt lat="44.239712" lon="-76.602833"><ele>42.0</ele><time>2021-08-07T00:22:27Z</time></trkpt>
<trkpt lat="44.239712" lon="-76.602833"><ele>42.0</ele><time>2021-08-07T00:22:28Z</time></trkpt>
<trkpt lat="44.239712" lon="-76.602833"><ele>42.0</ele><time>2021-08-07T00:22:29Z</time></trkpt>
<trkpt lat="44.239712" lon="-76.602833"><ele>42.0</ele><time>2021-08-07T00:22:30Z</time></trkpt>
<trkpt lat="44.239712" lon="-76.602833"><ele>42.0</ele><time>2021-08-07T00:22:31Z</time></trkpt>
<trkpt lat="44.239709" lon="-76.602833"><ele>42.0</ele><time>2021-08-07T00:22:32Z</time></trkpt>
<trkpt lat="44.239705" lon="-76.602842"><ele>42.0</ele><time>2021-08-07T00:22:33Z</time></trkpt>
<trkpt lat="44.239689" lon="-76.602833"><ele>42.0</ele><time>2021-08-07T00:22:34Z</time></trkpt>
<trkpt lat="44.23967" lon="-76.602824"><ele>41.0</ele><time>2021-08-07T00:22:35Z</time></trkpt>
<trkpt lat="44.239663" lon="-76.602824"><ele>41.0</ele><time>2021-08-07T00:22:36Z</time></trkpt>
<trkpt lat="44.239667" lon="-76.602824"><ele>41.0</ele><time>2021-08-07T00:22:37Z</time></trkpt>
<trkpt lat="44.239673" lon="-76.602833"><ele>41.0</ele><time>2021-08-07T00:22:38Z</time></trkpt>
<trkpt lat="44.239673" lon="-76.602842"><ele>41.0</ele><time>2021-08-07T00:22:39Z</time></trkpt>
<trkpt lat="44.239673" lon="-76.602842"><ele>41.0</ele><time>2021-08-07T00:22:40Z</time></trkpt>
<trkpt lat="44.239676" lon="-76.602842"><ele>40.0</ele><time>2021-08-07T00:22:41Z</time></trkpt>
<trkpt lat="44.239676" lon="-76.602851"><ele>40.0</ele><time>2021-08-07T00:22:42Z</time></trkpt>
<trkpt lat="44.23968" lon="-76.602842"><ele>40.0</ele><time>2021-08-07T00:22:43Z</time></trkpt>
<trkpt lat="44.239683" lon="-76.602851"><ele>40.0</ele><time>2021-08-07T00:22:44Z</time></trkpt>
<trkpt lat="44.239686" lon="-76.602851"><ele>40.0</ele><time>2021-08-07T00:22:45Z</time></trkpt>
<trkpt lat="44.239689" lon="-76.602851"><ele>40.0</ele><time>2021-08-07T00:22:46Z</time></trkpt>
<trkpt lat="44.239692" lon="-76.602851"><ele>40.0</ele><time>2021-08-07T00:22:47Z</time></trkpt>
<trkpt lat="44.239692" lon="-76.602851"><ele>40.0</ele><time>2021-08-07T00:22:48Z</time></trkpt>
<trkpt lat="44.239696" lon="-76.602851"><ele>40.0</ele><time>2021-08-07T00:22:49Z</time></trkpt>
<trkpt lat="44.239696" lon="-76.602851"><ele>40.0</ele><time>2021-08-07T00:22:50Z</time></trkpt>
<trkpt lat="44.239696" lon="-76.602851"><ele>41.0</ele><time>2021-08-07T00:22:51Z</time></trkpt>
<trkpt lat="44.239699" lon="-76.602851"><ele>41.0</ele><time>2021-08-07T00:22:52Z</time></trkpt>
<trkpt lat="44.239699" lon="-76.602851"><ele>41.0</ele><time>2021-08-07T00:22:53Z</time></trkpt>
<trkpt lat="44.239696" lon="-76.602851"><ele>41.0</ele><time>2021-08-07T00:22:54Z</time></trkpt>
<trkpt lat="44.239696" lon="-76.602851"><ele>41.0</ele><time>2021-08-07T00:22:55Z</time></trkpt>
<trkpt lat="44.239696" lon="-76.602842"><ele>41.0</ele><time>2021-08-07T00:22:56Z</time></trkpt>
<trkpt lat="44.239696" lon="-76.602842"><ele>41.0</ele><time>2021-08-07T00:22:57Z</time></trkpt>
<trkpt lat="44.239696" lon="-76.602842"><ele>41.0</ele><time>2021-08-07T00:22:58Z</time></trkpt>
<trkpt lat="44.239696" lon="-76.602842"><ele>41.0</ele><time>2021-08-07T00:22:59Z</time></trkpt>
<trkpt lat="44.239696" lon="-76.602842"><ele>41.0</ele><time>2021-08-07T00:23:00Z</time></trkpt>
<trkpt lat="44.239696" lon="-76.602842"><ele>41.0</ele><time>2021-08-07T00:23:01Z</time></trkpt>
<trkpt lat="44.239696" lon="-76.602842"><ele>41.0</ele><time>2021-08-07T00:23:02Z</time></trkpt>
<trkpt lat="44.239696" lon="-76.602842"><ele>41.0</ele><time>2021-08-07T00:23:03Z</time></trkpt>
<trkpt lat="44.239696" lon="-76.602842"><ele>41.0</ele><time>2021-08-07T00:23:04Z</time></trkpt>
<trkpt lat="44.239696" lon="-76.602842"><ele>41.0</ele><time>2021-08-07T00:23:05Z</time></trkpt>
<trkpt lat="44.239696" lon="-76.602842"><ele>41.0</ele><time>2021-08-07T00:23:06Z</time></trkpt>
<trkpt lat="44.239696" lon="-76.602842"><ele>41.0</ele><time>2021-08-07T00:23:07Z</time></trkpt>
<trkpt lat="44.239696" lon="-76.602842"><ele>41.0</ele><time>2021-08-07T00:23:08Z</time></trkpt>
<trkpt lat="44.239696" lon="-76.602842"><ele>41.0</ele><time>2021-08-07T00:23:09Z</time></trkpt>
<trkpt lat="44.239696" lon="-76.602842"><ele>41.0</ele><time>2021-08-07T00:23:10Z</time></trkpt>
<trkpt lat="44.239696" lon="-76.602842"><ele>41.0</ele><time>2021-08-07T00:23:11Z</time></trkpt>
<trkpt lat="44.239696" lon="-76.602842"><ele>41.0</ele><time>2021-08-07T00:23:12Z</time></trkpt>
<trkpt lat="44.239696" lon="-76.602842"><ele>41.0</ele><time>2021-08-07T00:23:13Z</time></trkpt>
<trkpt lat="44.239696" lon="-76.602842"><ele>41.0</ele><time>2021-08-07T00:23:14Z</time></trkpt>
<trkpt lat="44.239696" lon="-76.602842"><ele>41.0</ele><time>2021-08-07T00:23:15Z</time></trkpt>
<trkpt lat="44.239696" lon="-76.602842"><ele>41.0</ele><time>2021-08-07T00:23:16Z</time></trkpt>
<trkpt lat="44.239696" lon="-76.602842"><ele>41.0</ele><time>2021-08-07T00:23:17Z</time></trkpt>
<trkpt lat="44.239696" lon="-76.602842"><ele>41.0</ele><time>2021-08-07T00:23:18Z</time></trkpt>
<trkpt lat="44.239696" lon="-76.602842"><ele>41.0</ele><time>2021-08-07T00:23:19Z</time></trkpt>
<trkpt lat="44.239696" lon="-76.602842"><ele>41.0</ele><time>2021-08-07T00:23:20Z</time></trkpt>
<trkpt lat="44.239696" lon="-76.602842"><ele>41.0</ele><time>2021-08-07T00:23:21Z</time></trkpt>
<trkpt lat="44.239696" lon="-76.602842"><ele>41.0</ele><time>2021-08-07T00:23:22Z</time></trkpt>
<trkpt lat="44.239696" lon="-76.602842"><ele>41.0</ele><time>2021-08-07T00:23:23Z</time></trkpt>
<trkpt lat="44.239696" lon="-76.602842"><ele>41.0</ele><time>2021-08-07T00:23:24Z</time></trkpt>
<trkpt lat="44.239696" lon="-76.602842"><ele>41.0</ele><time>2021-08-07T00:23:25Z</time></trkpt>
<trkpt lat="44.239696" lon="-76.602842"><ele>41.0</ele><time>2021-08-07T00:23:26Z</time></trkpt>
<trkpt lat="44.239699" lon="-76.602842"><ele>42.0</ele><time>2021-08-07T00:23:27Z</time></trkpt>
<trkpt lat="44.239699" lon="-76.602842"><ele>42.0</ele><time>2021-08-07T00:23:28Z</time></trkpt>
<trkpt lat="44.239696" lon="-76.602842"><ele>42.0</ele><time>2021-08-07T00:23:29Z</time></trkpt>
<trkpt lat="44.239696" lon="-76.602833"><ele>42.0</ele><time>2021-08-07T00:23:30Z</time></trkpt>
<trkpt lat="44.239696" lon="-76.602815"><ele>44.0</ele><time>2021-08-07T00:23:31Z</time></trkpt>
<trkpt lat="44.239686" lon="-76.602797"><ele>45.0</ele><time>2021-08-07T00:23:32Z</time></trkpt>
<trkpt lat="44.239683" lon="-76.602797"><ele>44.0</ele><time>2021-08-07T00:23:33Z</time></trkpt>
<trkpt lat="44.23968" lon="-76.602797"><ele>44.0</ele><time>2021-08-07T00:23:34Z</time></trkpt>
<trkpt lat="44.239676" lon="-76.602797"><ele>43.0</ele><time>2021-08-07T00:23:35Z</time></trkpt>
<trkpt lat="44.239676" lon="-76.602797"><ele>42.0</ele><time>2021-08-07T00:23:36Z</time></trkpt>
<trkpt lat="44.239676" lon="-76.602788"><ele>43.0</ele><time>2021-08-07T00:23:37Z</time></trkpt>
<trkpt lat="44.239673" lon="-76.602788"><ele>43.0</ele><time>2021-08-07T00:23:38Z</time></trkpt>
<trkpt lat="44.239673" lon="-76.602788"><ele>44.0</ele><time>2021-08-07T00:23:39Z</time></trkpt>
<trkpt lat="44.239673" lon="-76.602779"><ele>44.0</ele><time>2021-08-07T00:23:40Z</time></trkpt>
<trkpt lat="44.239673" lon="-76.60277"><ele>44.0</ele><time>2021-08-07T00:23:41Z</time></trkpt>
<trkpt lat="44.239673" lon="-76.60277"><ele>44.0</ele><time>2021-08-07T00:23:42Z</time></trkpt>
<trkpt lat="44.239673" lon="-76.602761"><ele>45.0</ele><time>2021-08-07T00:23:43Z</time></trkpt>
<trkpt lat="44.239676" lon="-76.602761"><ele>44.0</ele><time>2021-08-07T00:23:44Z</time></trkpt>
<trkpt lat="44.239676" lon="-76.602761"><ele>44.0</ele><time>2021-08-07T00:23:45Z</time></trkpt>
<trkpt lat="44.23968" lon="-76.602761"><ele>44.0</ele><time>2021-08-07T00:23:46Z</time></trkpt>
<trkpt lat="44.239683" lon="-76.602761"><ele>45.0</ele><time>2021-08-07T00:23:47Z</time></trkpt>
<trkpt lat="44.239683" lon="-76.602761"><ele>45.0</ele><time>2021-08-07T00:23:48Z</time></trkpt>
<trkpt lat="44.239686" lon="-76.602761"><ele>45.0</ele><time>2021-08-07T00:23:49Z</time></trkpt>
<trkpt lat="44.239686" lon="-76.602761"><ele>45.0</ele><time>2021-08-07T00:23:50Z</time></trkpt>
<trkpt lat="44.239689" lon="-76.602761"><ele>44.0</ele><time>2021-08-07T00:23:51Z</time></trkpt>
<trkpt lat="44.239689" lon="-76.602761"><ele>44.0</ele><time>2021-08-07T00:23:52Z</time></trkpt>
<trkpt lat="44.239692" lon="-76.602761"><ele>45.0</ele><time>2021-08-07T00:23:53Z</time></trkpt>
<trkpt lat="44.239692" lon="-76.602761"><ele>45.0</ele><time>2021-08-07T00:23:54Z</time></trkpt>
<trkpt lat="44.239692" lon="-76.602752"><ele>45.0</ele><time>2021-08-07T00:23:55Z</time></trkpt>
<trkpt lat="44.239692" lon="-76.602752"><ele>44.0</ele><time>2021-08-07T00:23:56Z</time></trkpt>
<trkpt lat="44.239696" lon="-76.602761"><ele>44.0</ele><time>2021-08-07T00:23:57Z</time></trkpt>
<trkpt lat="44.239696" lon="-76.602761"><ele>44.0</ele><time>2021-08-07T00:23:58Z</time></trkpt>
<trkpt lat="44.239696" lon="-76.602761"><ele>44.0</ele><time>2021-08-07T00:23:59Z</time></trkpt>
<trkpt lat="44.239699" lon="-76.602761"><ele>44.0</ele><time>2021-08-07T00:24:00Z</time></trkpt>
<trkpt lat="44.239699" lon="-76.602761"><ele>44.0</ele><time>2021-08-07T00:24:01Z</time></trkpt>
<trkpt lat="44.239702" lon="-76.602761"><ele>44.0</ele><time>2021-08-07T00:24:02Z</time></trkpt>
<trkpt lat="44.239705" lon="-76.602752"><ele>45.0</ele><time>2021-08-07T00:24:03Z</time></trkpt>
<trkpt lat="44.239702" lon="-76.602761"><ele>45.0</ele><time>2021-08-07T00:24:04Z</time></trkpt>
<trkpt lat="44.239699" lon="-76.602761"><ele>44.0</ele><time>2021-08-07T00:24:05Z</time></trkpt>
<trkpt lat="44.239692" lon="-76.60277"><ele>44.0</ele><time>2021-08-07T00:24:06Z</time></trkpt>
<trkpt lat="44.239689" lon="-76.60277"><ele>44.0</ele><time>2021-08-07T00:24:07Z</time></trkpt>
<trkpt lat="44.239686" lon="-76.60277"><ele>44.0</ele><time>2021-08-07T00:24:08Z</time></trkpt>
<trkpt lat="44.239689" lon="-76.602779"><ele>43.0</ele><time>2021-08-07T00:24:09Z</time></trkpt>
<trkpt lat="44.239692" lon="-76.602788"><ele>43.0</ele><time>2021-08-07T00:24:10Z</time></trkpt>
<trkpt lat="44.239692" lon="-76.602788"><ele>44.0</ele><time>2021-08-07T00:24:11Z</time></trkpt>
<trkpt lat="44.239692" lon="-76.602788"><ele>44.0</ele><time>2021-08-07T00:24:12Z</time></trkpt>
<trkpt lat="44.239689" lon="-76.602797"><ele>44.0</ele><time>2021-08-07T00:24:13Z</time></trkpt>
<trkpt lat="44.239689" lon="-76.602788"><ele>44.0</ele><time>2021-08-07T00:24:14Z</time></trkpt>
<trkpt lat="44.239692" lon="-76.602788"><ele>45.0</ele><time>2021-08-07T00:24:15Z</time></trkpt>
<trkpt lat="44.239692" lon="-76.602788"><ele>45.0</ele><time>2021-08-07T00:24:16Z</time></trkpt>
<trkpt lat="44.239689" lon="-76.602788"><ele>46.0</ele><time>2021-08-07T00:24:17Z</time></trkpt>
<trkpt lat="44.239689" lon="-76.602797"><ele>46.0</ele><time>2021-08-07T00:24:18Z</time></trkpt>
<trkpt lat="44.239686" lon="-76.602797"><ele>47.0</ele><time>2021-08-07T00:24:19Z</time></trkpt>
<trkpt lat="44.239686" lon="-76.602788"><ele>46.0</ele><time>2021-08-07T00:24:20Z</time></trkpt>
<trkpt lat="44.239686" lon="-76.602788"><ele>47.0</ele><time>2021-08-07T00:24:21Z</time></trkpt>
<trkpt lat="44.239689" lon="-76.602779"><ele>47.0</ele><time>2021-08-07T00:24:22Z</time></trkpt>
<trkpt lat="44.239689" lon="-76.602779"><ele>47.0</ele><time>2021-08-07T00:24:23Z</time></trkpt>
<trkpt lat="44.239689" lon="-76.602779"><ele>47.0</ele><time>2021-08-07T00:24:24Z</time></trkpt>
<trkpt lat="44.239689" lon="-76.602779"><ele>47.0</ele><time>2021-08-07T00:24:25Z</time></trkpt>
<trkpt lat="44.239692" lon="-76.602779"><ele>47.0</ele><time>2021-08-07T00:24:26Z</time></trkpt>
<trkpt lat="44.239692" lon="-76.602779"><ele>47.0</ele><time>2021-08-07T00:24:27Z</time></trkpt>
<trkpt lat="44.239692" lon="-76.60277"><ele>46.0</ele><time>2021-08-07T00:24:28Z</time></trkpt>
<trkpt lat="44.239689" lon="-76.602779"><ele>47.0</ele><time>2021-08-07T00:24:29Z</time></trkpt>
<trkpt lat="44.239689" lon="-76.602779"><ele>46.0</ele><time>2021-08-07T00:24:30Z</time></trkpt>
<trkpt lat="44.239689" lon="-76.602779"><ele>47.0</ele><time>2021-08-07T00:24:31Z</time></trkpt>
<trkpt lat="44.239689" lon="-76.602779"><ele>47.0</ele><time>2021-08-07T00:24:32Z</time></trkpt>
<trkpt lat="44.239689" lon="-76.602788"><ele>47.0</ele><time>2021-08-07T00:24:33Z</time></trkpt>
<trkpt lat="44.239686" lon="-76.602788"><ele>47.0</ele><time>2021-08-07T00:24:34Z</time></trkpt>
<trkpt lat="44.239686" lon="-76.602788"><ele>47.0</ele><time>2021-08-07T00:24:35Z</time></trkpt>
<trkpt lat="44.239686" lon="-76.602788"><ele>48.0</ele><time>2021-08-07T00:24:36Z</time></trkpt>
<trkpt lat="44.239689" lon="-76.602788"><ele>48.0</ele><time>2021-08-07T00:24:37Z</time></trkpt>
<trkpt lat="44.239689" lon="-76.602788"><ele>48.0</ele><time>2021-08-07T00:24:38Z</time></trkpt>
<trkpt lat="44.239689" lon="-76.602779"><ele>48.0</ele><time>2021-08-07T00:24:39Z</time></trkpt>
<trkpt lat="44.239689" lon="-76.602779"><ele>48.0</ele><time>2021-08-07T00:24:40Z</time></trkpt>
<trkpt lat="44.239689" lon="-76.602779"><ele>48.0</ele><time>2021-08-07T00:24:41Z</time></trkpt>
<trkpt lat="44.239689" lon="-76.602779"><ele>48.0</ele><time>2021-08-07T00:24:42Z</time></trkpt>
<trkpt lat="44.239689" lon="-76.602779"><ele>48.0</ele><time>2021-08-07T00:24:43Z</time></trkpt>
<trkpt lat="44.239692" lon="-76.602779"><ele>48.0</ele><time>2021-08-07T00:24:44Z</time></trkpt>
<trkpt lat="44.239692" lon="-76.602779"><ele>48.0</ele><time>2021-08-07T00:24:45Z</time></trkpt>
<trkpt lat="44.239696" lon="-76.602779"><ele>48.0</ele><time>2021-08-07T00:24:46Z</time></trkpt>
<trkpt lat="44.239699" lon="-76.60277"><ele>48.0</ele><time>2021-08-07T00:24:47Z</time></trkpt>
<trkpt lat="44.239702" lon="-76.60277"><ele>48.0</ele><time>2021-08-07T00:24:48Z</time></trkpt>
<trkpt lat="44.239702" lon="-76.60277"><ele>48.0</ele><time>2021-08-07T00:24:49Z</time></trkpt>
<trkpt lat="44.239699" lon="-76.60277"><ele>48.0</ele><time>2021-08-07T00:24:50Z</time></trkpt>
<trkpt lat="44.239699" lon="-76.60277"><ele>48.0</ele><time>2021-08-07T00:24:51Z</time></trkpt>
<trkpt lat="44.239699" lon="-76.60277"><ele>48.0</ele><time>2021-08-07T00:24:52Z</time></trkpt>
<trkpt lat="44.239699" lon="-76.60277"><ele>48.0</ele><time>2021-08-07T00:24:53Z</time></trkpt>
<trkpt lat="44.239702" lon="-76.60277"><ele>48.0</ele><time>2021-08-07T00:24:54Z</time></trkpt>
<trkpt lat="44.239705" lon="-76.602761"><ele>48.0</ele><time>2021-08-07T00:24:55Z</time></trkpt>
<trkpt lat="44.239705" lon="-76.602761"><ele>48.0</ele><time>2021-08-07T00:24:56Z</time></trkpt>
<trkpt lat="44.239709" lon="-76.60277"><ele>47.0</ele><time>2021-08-07T00:24:57Z</time></trkpt>
<trkpt lat="44.239709" lon="-76.60277"><ele>47.0</ele><time>2021-08-07T00:24:58Z</time></trkpt>
<trkpt lat="44.239712" lon="-76.60277"><ele>46.0</ele><time>2021-08-07T00:24:59Z</time></trkpt>
<trkpt lat="44.239712" lon="-76.602761"><ele>46.0</ele><time>2021-08-07T00:25:00Z</time></trkpt>
<trkpt lat="44.239718" lon="-76.602761"><ele>46.0</ele><time>2021-08-07T00:25:01Z</time></trkpt>
<trkpt lat="44.239722" lon="-76.602761"><ele>46.0</ele><time>2021-08-07T00:25:02Z</time></trkpt>
<trkpt lat="44.239722" lon="-76.602761"><ele>46.0</ele><time>2021-08-07T00:25:03Z</time></trkpt>
<trkpt lat="44.239722" lon="-76.602761"><ele>46.0</ele><time>2021-08-07T00:25:04Z</time></trkpt>
<trkpt lat="44.239722" lon="-76.602761"><ele>46.0</ele><time>2021-08-07T00:25:05Z</time></trkpt>
<trkpt lat="44.239722" lon="-76.602761"><ele>46.0</ele><time>2021-08-07T00:25:06Z</time></trkpt>
<trkpt lat="44.239722" lon="-76.60277"><ele>46.0</ele><time>2021-08-07T00:25:07Z</time></trkpt>
<trkpt lat="44.239722" lon="-76.60277"><ele>46.0</ele><time>2021-08-07T00:25:08Z</time></trkpt>
<trkpt lat="44.239722" lon="-76.602779"><ele>46.0</ele><time>2021-08-07T00:25:09Z</time></trkpt>
<trkpt lat="44.239722" lon="-76.602779"><ele>45.0</ele><time>2021-08-07T00:25:10Z</time></trkpt>
<trkpt lat="44.239718" lon="-76.602779"><ele>45.0</ele><time>2021-08-07T00:25:11Z</time></trkpt>
<trkpt lat="44.239718" lon="-76.602779"><ele>46.0</ele><time>2021-08-07T00:25:12Z</time></trkpt>
<trkpt lat="44.239722" lon="-76.602779"><ele>46.0</ele><time>2021-08-07T00:25:13Z</time></trkpt>
<trkpt lat="44.239722" lon="-76.602779"><ele>46.0</ele><time>2021-08-07T00:25:14Z</time></trkpt>
<trkpt lat="44.239725" lon="-76.602779"><ele>47.0</ele><time>2021-08-07T00:25:15Z</time></trkpt>
<trkpt lat="44.239728" lon="-76.602779"><ele>47.0</ele><time>2021-08-07T00:25:16Z</time></trkpt>
<trkpt lat="44.239728" lon="-76.602779"><ele>47.0</ele><time>2021-08-07T00:25:17Z</time></trkpt>
<trkpt lat="44.239725" lon="-76.602779"><ele>47.0</ele><time>2021-08-07T00:25:18Z</time></trkpt>
<trkpt lat="44.239722" lon="-76.60277"><ele>47.0</ele><time>2021-08-07T00:25:19Z</time></trkpt>
<trkpt lat="44.239722" lon="-76.60277"><ele>47.0</ele><time>2021-08-07T00:25:20Z</time></trkpt>
<trkpt lat="44.239722" lon="-76.60277"><ele>47.0</ele><time>2021-08-07T00:25:21Z</time></trkpt>
<trkpt lat="44.239722" lon="-76.60277"><ele>47.0</ele><time>2021-08-07T00:25:22Z</time></trkpt>
<trkpt lat="44.239722" lon="-76.60277"><ele>46.0</ele><time>2021-08-07T00:25:23Z</time></trkpt>
<trkpt lat="44.239722" lon="-76.60277"><ele>46.0</ele><time>2021-08-07T00:25:24Z</time></trkpt>
<trkpt lat="44.239722" lon="-76.602761"><ele>46.0</ele><time>2021-08-07T00:25:25Z</time></trkpt>
<trkpt lat="44.239722" lon="-76.602761"><ele>46.0</ele><time>2021-08-07T00:25:26Z</time></trkpt>
<trkpt lat="44.239718" lon="-76.602761"><ele>46.0</ele><time>2021-08-07T00:25:27Z</time></trkpt>
<trkpt lat="44.239718" lon="-76.602752"><ele>46.0</ele><time>2021-08-07T00:25:28Z</time></trkpt>
<trkpt lat="44.239718" lon="-76.602752"><ele>46.0</ele><time>2021-08-07T00:25:29Z</time></trkpt>
<trkpt lat="44.239718" lon="-76.602752"><ele>46.0</ele><time>2021-08-07T00:25:30Z</time></trkpt>
<trkpt lat="44.239718" lon="-76.602752"><ele>46.0</ele><time>2021-08-07T00:25:31Z</time></trkpt>
<trkpt lat="44.239718" lon="-76.602752"><ele>46.0</ele><time>2021-08-07T00:25:32Z</time></trkpt>
<trkpt lat="44.239715" lon="-76.602761"><ele>45.0</ele><time>2021-08-07T00:25:33Z</time></trkpt>
<trkpt lat="44.239712" lon="-76.602761"><ele>45.0</ele><time>2021-08-07T00:25:34Z</time></trkpt>
<trkpt lat="44.239709" lon="-76.602761"><ele>45.0</ele><time>2021-08-07T00:25:35Z</time></trkpt>
<trkpt lat="44.239709" lon="-76.602761"><ele>45.0</ele><time>2021-08-07T00:25:36Z</time></trkpt>
<trkpt lat="44.239709" lon="-76.602761"><ele>45.0</ele><time>2021-08-07T00:25:37Z</time></trkpt>
<trkpt lat="44.239709" lon="-76.602761"><ele>45.0</ele><time>2021-08-07T00:25:38Z</time></trkpt>
<trkpt lat="44.239709" lon="-76.602761"><ele>45.0</ele><time>2021-08-07T00:25:39Z</time></trkpt>
<trkpt lat="44.239709" lon="-76.602761"><ele>45.0</ele><time>2021-08-07T00:25:40Z</time></trkpt>
<trkpt lat="44.239709" lon="-76.602761"><ele>45.0</ele><time>2021-08-07T00:25:41Z</time></trkpt>
<trkpt lat="44.239709" lon="-76.602761"><ele>45.0</ele><time>2021-08-07T00:25:42Z</time></trkpt>
<trkpt lat="44.239709" lon="-76.602761"><ele>46.0</ele><time>2021-08-07T00:25:43Z</time></trkpt>
<trkpt lat="44.239705" lon="-76.602752"><ele>46.0</ele><time>2021-08-07T00:25:44Z</time></trkpt>
<trkpt lat="44.239705" lon="-76.602752"><ele>46.0</ele><time>2021-08-07T00:25:45Z</time></trkpt>
<trkpt lat="44.239709" lon="-76.602752"><ele>46.0</ele><time>2021-08-07T00:25:46Z</time></trkpt>
<trkpt lat="44.239709" lon="-76.602752"><ele>46.0</ele><time>2021-08-07T00:25:47Z</time></trkpt>
<trkpt lat="44.239712" lon="-76.602743"><ele>47.0</ele><time>2021-08-07T00:25:48Z</time></trkpt>
<trkpt lat="44.239715" lon="-76.602743"><ele>47.0</ele><time>2021-08-07T00:25:49Z</time></trkpt>
<trkpt lat="44.239715" lon="-76.602743"><ele>46.0</ele><time>2021-08-07T00:25:50Z</time></trkpt>
<trkpt lat="44.239718" lon="-76.602743"><ele>46.0</ele><time>2021-08-07T00:25:51Z</time></trkpt>
<trkpt lat="44.239715" lon="-76.602743"><ele>45.0</ele><time>2021-08-07T00:25:52Z</time></trkpt>
<trkpt lat="44.239712" lon="-76.602743"><ele>45.0</ele><time>2021-08-07T00:25:53Z</time></trkpt>
<trkpt lat="44.239709" lon="-76.602743"><ele>44.0</ele><time>2021-08-07T00:25:54Z</time></trkpt>
<trkpt lat="44.239705" lon="-76.602752"><ele>44.0</ele><time>2021-08-07T00:25:55Z</time></trkpt>
<trkpt lat="44.239702" lon="-76.602752"><ele>44.0</ele><time>2021-08-07T00:25:56Z</time></trkpt>
<trkpt lat="44.239699" lon="-76.602752"><ele>44.0</ele><time>2021-08-07T00:25:57Z</time></trkpt>
<trkpt lat="44.239696" lon="-76.602761"><ele>43.0</ele><time>2021-08-07T00:25:58Z</time></trkpt>
<trkpt lat="44.239696" lon="-76.602761"><ele>43.0</ele><time>2021-08-07T00:25:59Z</time></trkpt>
<trkpt lat="44.239696" lon="-76.602761"><ele>44.0</ele><time>2021-08-07T00:26:00Z</time></trkpt>
<trkpt lat="44.239696" lon="-76.602761"><ele>44.0</ele><time>2021-08-07T00:26:01Z</time></trkpt>
<trkpt lat="44.239696" lon="-76.602761"><ele>44.0</ele><time>2021-08-07T00:26:02Z</time></trkpt>
<trkpt lat="44.239696" lon="-76.602761"><ele>43.0</ele><time>2021-08-07T00:26:03Z</time></trkpt>
<trkpt lat="44.239699" lon="-76.602761"><ele>44.0</ele><time>2021-08-07T00:26:04Z</time></trkpt>
<trkpt lat="44.239699" lon="-76.602761"><ele>44.0</ele><time>2021-08-07T00:26:05Z</time></trkpt>
<trkpt lat="44.239699" lon="-76.602752"><ele>44.0</ele><time>2021-08-07T00:26:05Z</time></trkpt>
<trkpt lat="44.239699" lon="-76.602752"><ele>44.0</ele><time>2021-08-07T00:26:06Z</time></trkpt>
<trkpt lat="44.239702" lon="-76.602752"><ele>43.0</ele><time>2021-08-07T00:26:07Z</time></trkpt>
<trkpt lat="44.239699" lon="-76.602752"><ele>43.0</ele><time>2021-08-07T00:26:08Z</time></trkpt>
<trkpt lat="44.239699" lon="-76.602761"><ele>43.0</ele><time>2021-08-07T00:26:09Z</time></trkpt>
<trkpt lat="44.239699" lon="-76.602761"><ele>43.0</ele><time>2021-08-07T00:26:10Z</time></trkpt>
<trkpt lat="44.239699" lon="-76.602761"><ele>43.0</ele><time>2021-08-07T00:26:11Z</time></trkpt>
</trkseg></trk></gpx>
