<?xml version="1.0" encoding="UTF-8"?> <gpx xmlns:xsi="http://www.w3.org/2001/XMLSchema-instance" version="1.1" xmlns="http://www.topografix.com/GPX/1/1" creator="Galileo Offline Maps" xsi:schemaLocation="http://www.topografix.com/GPX/1/1 http://www.topografix.com/GPX/1/1/gpx.xsd"><trk><name>Untitled Track</name><desc></desc><type>TrackStyle_ff7f00c8</type><trkseg>
<trkpt lat="45.36376" lon="-75.822225"><ele>6.0</ele><time>2024-10-14T14:55:53Z</time></trkpt>
<trkpt lat="45.363763" lon="-75.822234"><ele>9.0</ele><time>2024-10-14T14:55:54Z</time></trkpt>
<trkpt lat="45.363782" lon="-75.822297"><ele>13.0</ele><time>2024-10-14T14:55:55Z</time></trkpt>
<trkpt lat="45.363782" lon="-75.82236"><ele>15.0</ele><time>2024-10-14T14:55:56Z</time></trkpt>
<trkpt lat="45.363785" lon="-75.822378"><ele>15.0</ele><time>2024-10-14T14:55:57Z</time></trkpt>
<trkpt lat="45.363788" lon="-75.822405"><ele>17.0</ele><time>2024-10-14T14:55:58Z</time></trkpt>
<trkpt lat="45.363795" lon="-75.822423"><ele>18.0</ele><time>2024-10-14T14:55:59Z</time></trkpt>
<trkpt lat="45.363801" lon="-75.822432"><ele>18.0</ele><time>2024-10-14T14:56:00Z</time></trkpt>
<trkpt lat="45.363807" lon="-75.82245"><ele>18.0</ele><time>2024-10-14T14:56:01Z</time></trkpt>
<trkpt lat="45.363817" lon="-75.822476"><ele>18.0</ele><time>2024-10-14T14:56:02Z</time></trkpt>
<trkpt lat="45.363823" lon="-75.822494"><ele>18.0</ele><time>2024-10-14T14:56:03Z</time></trkpt>
<trkpt lat="45.36383" lon="-75.822512"><ele>18.0</ele><time>2024-10-14T14:56:04Z</time></trkpt>
<trkpt lat="45.363836" lon="-75.82253"><ele>19.0</ele><time>2024-10-14T14:56:05Z</time></trkpt>
<trkpt lat="45.363845" lon="-75.822557"><ele>19.0</ele><time>2024-10-14T14:56:06Z</time></trkpt>
<trkpt lat="45.363852" lon="-75.822575"><ele>19.0</ele><time>2024-10-14T14:56:07Z</time></trkpt>
<trkpt lat="45.363858" lon="-75.822602"><ele>19.0</ele><time>2024-10-14T14:56:08Z</time></trkpt>
<trkpt lat="45.363868" lon="-75.82262"><ele>19.0</ele><time>2024-10-14T14:56:09Z</time></trkpt>
<trkpt lat="45.363874" lon="-75.822647"><ele>19.0</ele><time>2024-10-14T14:56:10Z</time></trkpt>
<trkpt lat="45.36388" lon="-75.822674"><ele>19.0</ele><time>2024-10-14T14:56:11Z</time></trkpt>
<trkpt lat="45.36389" lon="-75.822692"><ele>19.0</ele><time>2024-10-14T14:56:12Z</time></trkpt>
<trkpt lat="45.363896" lon="-75.822719"><ele>19.0</ele><time>2024-10-14T14:56:13Z</time></trkpt>
<trkpt lat="45.363902" lon="-75.822746"><ele>19.0</ele><time>2024-10-14T14:56:14Z</time></trkpt>
<trkpt lat="45.363912" lon="-75.822773"><ele>19.0</ele><time>2024-10-14T14:56:15Z</time></trkpt>
<trkpt lat="45.363921" lon="-75.8228"><ele>20.0</ele><time>2024-10-14T14:56:16Z</time></trkpt>
<trkpt lat="45.363931" lon="-75.822836"><ele>20.0</ele><time>2024-10-14T14:56:17Z</time></trkpt>
<trkpt lat="45.36394" lon="-75.822863"><ele>19.0</ele><time>2024-10-14T14:56:18Z</time></trkpt>
<trkpt lat="45.36395" lon="-75.82289"><ele>20.0</ele><time>2024-10-14T14:56:19Z</time></trkpt>
<trkpt lat="45.363963" lon="-75.822917"><ele>20.0</ele><time>2024-10-14T14:56:20Z</time></trkpt>
<trkpt lat="45.363975" lon="-75.822944"><ele>20.0</ele><time>2024-10-14T14:56:21Z</time></trkpt>
<trkpt lat="45.363988" lon="-75.822979"><ele>20.0</ele><time>2024-10-14T14:56:22Z</time></trkpt>
<trkpt lat="45.364001" lon="-75.823006"><ele>20.0</ele><time>2024-10-14T14:56:23Z</time></trkpt>
<trkpt lat="45.364013" lon="-75.823033"><ele>20.0</ele><time>2024-10-14T14:56:24Z</time></trkpt>
<trkpt lat="45.364026" lon="-75.82306"><ele>20.0</ele><time>2024-10-14T14:56:25Z</time></trkpt>
<trkpt lat="45.364039" lon="-75.823087"><ele>21.0</ele><time>2024-10-14T14:56:26Z</time></trkpt>
<trkpt lat="45.364051" lon="-75.823114"><ele>21.0</ele><time>2024-10-14T14:56:27Z</time></trkpt>
<trkpt lat="45.364064" lon="-75.823141"><ele>20.0</ele><time>2024-10-14T14:56:28Z</time></trkpt>
<trkpt lat="45.364073" lon="-75.823168"><ele>20.0</ele><time>2024-10-14T14:56:29Z</time></trkpt>
<trkpt lat="45.364086" lon="-75.823195"><ele>20.0</ele><time>2024-10-14T14:56:30Z</time></trkpt>
<trkpt lat="45.364099" lon="-75.823222"><ele>20.0</ele><time>2024-10-14T14:56:31Z</time></trkpt>
<trkpt lat="45.364111" lon="-75.823249"><ele>20.0</ele><time>2024-10-14T14:56:32Z</time></trkpt>
<trkpt lat="45.364124" lon="-75.823276"><ele>20.0</ele><time>2024-10-14T14:56:33Z</time></trkpt>
<trkpt lat="45.364137" lon="-75.823303"><ele>20.0</ele><time>2024-10-14T14:56:34Z</time></trkpt>
<trkpt lat="45.364149" lon="-75.823321"><ele>20.0</ele><time>2024-10-14T14:56:35Z</time></trkpt>
<trkpt lat="45.364162" lon="-75.823348"><ele>20.0</ele><time>2024-10-14T14:56:36Z</time></trkpt>
<trkpt lat="45.364175" lon="-75.823375"><ele>20.0</ele><time>2024-10-14T14:56:37Z</time></trkpt>
<trkpt lat="45.364187" lon="-75.823393"><ele>20.0</ele><time>2024-10-14T14:56:38Z</time></trkpt>
<trkpt lat="45.364197" lon="-75.82342"><ele>20.0</ele><time>2024-10-14T14:56:39Z</time></trkpt>
<trkpt lat="45.36421" lon="-75.823438"><ele>20.0</ele><time>2024-10-14T14:56:40Z</time></trkpt>
<trkpt lat="45.364222" lon="-75.823456"><ele>21.0</ele><time>2024-10-14T14:56:41Z</time></trkpt>
<trkpt lat="45.364232" lon="-75.823483"><ele>20.0</ele><time>2024-10-14T14:56:42Z</time></trkpt>
<trkpt lat="45.364244" lon="-75.8235"><ele>21.0</ele><time>2024-10-14T14:56:43Z</time></trkpt>
<trkpt lat="45.364257" lon="-75.823527"><ele>21.0</ele><time>2024-10-14T14:56:44Z</time></trkpt>
<trkpt lat="45.364267" lon="-75.823545"><ele>21.0</ele><time>2024-10-14T14:56:45Z</time></trkpt>
<trkpt lat="45.364279" lon="-75.823563"><ele>21.0</ele><time>2024-10-14T14:56:46Z</time></trkpt>
<trkpt lat="45.364289" lon="-75.82359"><ele>20.0</ele><time>2024-10-14T14:56:47Z</time></trkpt>
<trkpt lat="45.364298" lon="-75.823608"><ele>20.0</ele><time>2024-10-14T14:56:48Z</time></trkpt>
<trkpt lat="45.364311" lon="-75.823635"><ele>20.0</ele><time>2024-10-14T14:56:49Z</time></trkpt>
<trkpt lat="45.36432" lon="-75.823653"><ele>20.0</ele><time>2024-10-14T14:56:50Z</time></trkpt>
<trkpt lat="45.364333" lon="-75.823671"><ele>21.0</ele><time>2024-10-14T14:56:51Z</time></trkpt>
<trkpt lat="45.364342" lon="-75.823698"><ele>21.0</ele><time>2024-10-14T14:56:52Z</time></trkpt>
<trkpt lat="45.364355" lon="-75.823716"><ele>21.0</ele><time>2024-10-14T14:56:53Z</time></trkpt>
<trkpt lat="45.364365" lon="-75.823734"><ele>21.0</ele><time>2024-10-14T14:56:54Z</time></trkpt>
<trkpt lat="45.364377" lon="-75.823752"><ele>21.0</ele><time>2024-10-14T14:56:55Z</time></trkpt>
<trkpt lat="45.364387" lon="-75.82377"><ele>20.0</ele><time>2024-10-14T14:56:56Z</time></trkpt>
<trkpt lat="45.364399" lon="-75.823788"><ele>21.0</ele><time>2024-10-14T14:56:57Z</time></trkpt>
<trkpt lat="45.364409" lon="-75.823806"><ele>21.0</ele><time>2024-10-14T14:56:58Z</time></trkpt>
<trkpt lat="45.364422" lon="-75.823833"><ele>21.0</ele><time>2024-10-14T14:56:59Z</time></trkpt>
<trkpt lat="45.364431" lon="-75.823851"><ele>21.0</ele><time>2024-10-14T14:57:00Z</time></trkpt>
<trkpt lat="45.364444" lon="-75.823869"><ele>21.0</ele><time>2024-10-14T14:57:01Z</time></trkpt>
<trkpt lat="45.364453" lon="-75.823896"><ele>21.0</ele><time>2024-10-14T14:57:02Z</time></trkpt>
<trkpt lat="45.364466" lon="-75.823914"><ele>21.0</ele><time>2024-10-14T14:57:03Z</time></trkpt>
<trkpt lat="45.364475" lon="-75.823932"><ele>21.0</ele><time>2024-10-14T14:57:04Z</time></trkpt>
<trkpt lat="45.364488" lon="-75.82395"><ele>21.0</ele><time>2024-10-14T14:57:05Z</time></trkpt>
<trkpt lat="45.364501" lon="-75.823977"><ele>21.0</ele><time>2024-10-14T14:57:06Z</time></trkpt>
<trkpt lat="45.364517" lon="-75.823995"><ele>21.0</ele><time>2024-10-14T14:57:07Z</time></trkpt>
<trkpt lat="45.364529" lon="-75.824013"><ele>21.0</ele><time>2024-10-14T14:57:08Z</time></trkpt>
<trkpt lat="45.364545" lon="-75.82403"><ele>21.0</ele><time>2024-10-14T14:57:09Z</time></trkpt>
<trkpt lat="45.364558" lon="-75.824048"><ele>21.0</ele><time>2024-10-14T14:57:10Z</time></trkpt>
<trkpt lat="45.364574" lon="-75.824066"><ele>21.0</ele><time>2024-10-14T14:57:11Z</time></trkpt>
<trkpt lat="45.364589" lon="-75.824084"><ele>21.0</ele><time>2024-10-14T14:57:12Z</time></trkpt>
<trkpt lat="45.364602" lon="-75.824102"><ele>21.0</ele><time>2024-10-14T14:57:13Z</time></trkpt>
<trkpt lat="45.364618" lon="-75.824129"><ele>21.0</ele><time>2024-10-14T14:57:14Z</time></trkpt>
<trkpt lat="45.364631" lon="-75.824147"><ele>21.0</ele><time>2024-10-14T14:57:15Z</time></trkpt>
<trkpt lat="45.364643" lon="-75.824165"><ele>21.0</ele><time>2024-10-14T14:57:16Z</time></trkpt>
<trkpt lat="45.364653" lon="-75.824174"><ele>20.0</ele><time>2024-10-14T14:57:17Z</time></trkpt>
<trkpt lat="45.364665" lon="-75.824174"><ele>20.0</ele><time>2024-10-14T14:57:18Z</time></trkpt>
<trkpt lat="45.364678" lon="-75.82421"><ele>21.0</ele><time>2024-10-14T14:57:19Z</time></trkpt>
<trkpt lat="45.364691" lon="-75.824237"><ele>21.0</ele><time>2024-10-14T14:57:20Z</time></trkpt>
<trkpt lat="45.364703" lon="-75.824264"><ele>21.0</ele><time>2024-10-14T14:57:21Z</time></trkpt>
<trkpt lat="45.364716" lon="-75.824291"><ele>21.0</ele><time>2024-10-14T14:57:22Z</time></trkpt>
<trkpt lat="45.364729" lon="-75.824318"><ele>21.0</ele><time>2024-10-14T14:57:23Z</time></trkpt>
<trkpt lat="45.364741" lon="-75.824345"><ele>21.0</ele><time>2024-10-14T14:57:24Z</time></trkpt>
<trkpt lat="45.364751" lon="-75.824372"><ele>20.0</ele><time>2024-10-14T14:57:25Z</time></trkpt>
<trkpt lat="45.364764" lon="-75.82439"><ele>20.0</ele><time>2024-10-14T14:57:26Z</time></trkpt>
<trkpt lat="45.364776" lon="-75.824417"><ele>20.0</ele><time>2024-10-14T14:57:27Z</time></trkpt>
<trkpt lat="45.364786" lon="-75.824444"><ele>21.0</ele><time>2024-10-14T14:57:28Z</time></trkpt>
<trkpt lat="45.364798" lon="-75.824471"><ele>20.0</ele><time>2024-10-14T14:57:29Z</time></trkpt>
<trkpt lat="45.364811" lon="-75.824489"><ele>20.0</ele><time>2024-10-14T14:57:30Z</time></trkpt>
<trkpt lat="45.364821" lon="-75.824516"><ele>20.0</ele><time>2024-10-14T14:57:31Z</time></trkpt>
<trkpt lat="45.364833" lon="-75.824543"><ele>20.0</ele><time>2024-10-14T14:57:32Z</time></trkpt>
<trkpt lat="45.364843" lon="-75.82456"><ele>20.0</ele><time>2024-10-14T14:57:33Z</time></trkpt>
<trkpt lat="45.364855" lon="-75.824587"><ele>20.0</ele><time>2024-10-14T14:57:34Z</time></trkpt>
<trkpt lat="45.364865" lon="-75.824614"><ele>20.0</ele><time>2024-10-14T14:57:35Z</time></trkpt>
<trkpt lat="45.364874" lon="-75.824641"><ele>20.0</ele><time>2024-10-14T14:57:36Z</time></trkpt>
<trkpt lat="45.364887" lon="-75.824659"><ele>20.0</ele><time>2024-10-14T14:57:37Z</time></trkpt>
<trkpt lat="45.3649" lon="-75.824686"><ele>20.0</ele><time>2024-10-14T14:57:38Z</time></trkpt>
<trkpt lat="45.364912" lon="-75.824704"><ele>20.0</ele><time>2024-10-14T14:57:39Z</time></trkpt>
<trkpt lat="45.364925" lon="-75.824731"><ele>20.0</ele><time>2024-10-14T14:57:40Z</time></trkpt>
<trkpt lat="45.364938" lon="-75.824749"><ele>20.0</ele><time>2024-10-14T14:57:41Z</time></trkpt>
<trkpt lat="45.36495" lon="-75.824776"><ele>20.0</ele><time>2024-10-14T14:57:42Z</time></trkpt>
<trkpt lat="45.364963" lon="-75.824794"><ele>20.0</ele><time>2024-10-14T14:57:43Z</time></trkpt>
<trkpt lat="45.364976" lon="-75.824821"><ele>20.0</ele><time>2024-10-14T14:57:44Z</time></trkpt>
<trkpt lat="45.364988" lon="-75.824848"><ele>21.0</ele><time>2024-10-14T14:57:45Z</time></trkpt>
<trkpt lat="45.365001" lon="-75.824866"><ele>21.0</ele><time>2024-10-14T14:57:46Z</time></trkpt>
<trkpt lat="45.365014" lon="-75.824893"><ele>21.0</ele><time>2024-10-14T14:57:47Z</time></trkpt>
<trkpt lat="45.365026" lon="-75.82492"><ele>20.0</ele><time>2024-10-14T14:57:48Z</time></trkpt>
<trkpt lat="45.365039" lon="-75.824938"><ele>20.0</ele><time>2024-10-14T14:57:49Z</time></trkpt>
<trkpt lat="45.365052" lon="-75.824965"><ele>20.0</ele><time>2024-10-14T14:57:50Z</time></trkpt>
<trkpt lat="45.365064" lon="-75.824983"><ele>20.0</ele><time>2024-10-14T14:57:51Z</time></trkpt>
<trkpt lat="45.365074" lon="-75.82501"><ele>20.0</ele><time>2024-10-14T14:57:52Z</time></trkpt>
<trkpt lat="45.365087" lon="-75.825028"><ele>20.0</ele><time>2024-10-14T14:57:53Z</time></trkpt>
<trkpt lat="45.365096" lon="-75.825055"><ele>20.0</ele><time>2024-10-14T14:57:54Z</time></trkpt>
<trkpt lat="45.365109" lon="-75.825081"><ele>20.0</ele><time>2024-10-14T14:57:55Z</time></trkpt>
<trkpt lat="45.365118" lon="-75.825108"><ele>20.0</ele><time>2024-10-14T14:57:56Z</time></trkpt>
<trkpt lat="45.365128" lon="-75.825135"><ele>20.0</ele><time>2024-10-14T14:57:57Z</time></trkpt>
<trkpt lat="45.365137" lon="-75.825162"><ele>20.0</ele><time>2024-10-14T14:57:58Z</time></trkpt>
<trkpt lat="45.365147" lon="-75.82518"><ele>20.0</ele><time>2024-10-14T14:57:59Z</time></trkpt>
<trkpt lat="45.365159" lon="-75.825207"><ele>20.0</ele><time>2024-10-14T14:58:00Z</time></trkpt>
<trkpt lat="45.365172" lon="-75.825225"><ele>20.0</ele><time>2024-10-14T14:58:01Z</time></trkpt>
<trkpt lat="45.365188" lon="-75.825243"><ele>20.0</ele><time>2024-10-14T14:58:02Z</time></trkpt>
<trkpt lat="45.365201" lon="-75.82527"><ele>21.0</ele><time>2024-10-14T14:58:03Z</time></trkpt>
<trkpt lat="45.365213" lon="-75.825288"><ele>20.0</ele><time>2024-10-14T14:58:04Z</time></trkpt>
<trkpt lat="45.365223" lon="-75.825315"><ele>20.0</ele><time>2024-10-14T14:58:05Z</time></trkpt>
<trkpt lat="45.365232" lon="-75.825333"><ele>20.0</ele><time>2024-10-14T14:58:06Z</time></trkpt>
<trkpt lat="45.365242" lon="-75.82536"><ele>20.0</ele><time>2024-10-14T14:58:07Z</time></trkpt>
<trkpt lat="45.365251" lon="-75.825387"><ele>20.0</ele><time>2024-10-14T14:58:08Z</time></trkpt>
<trkpt lat="45.365261" lon="-75.825405"><ele>20.0</ele><time>2024-10-14T14:58:09Z</time></trkpt>
<trkpt lat="45.36527" lon="-75.825432"><ele>20.0</ele><time>2024-10-14T14:58:10Z</time></trkpt>
<trkpt lat="45.36528" lon="-75.825459"><ele>20.0</ele><time>2024-10-14T14:58:11Z</time></trkpt>
<trkpt lat="45.365286" lon="-75.825477"><ele>20.0</ele><time>2024-10-14T14:58:12Z</time></trkpt>
<trkpt lat="45.365296" lon="-75.825504"><ele>20.0</ele><time>2024-10-14T14:58:13Z</time></trkpt>
<trkpt lat="45.365305" lon="-75.825522"><ele>20.0</ele><time>2024-10-14T14:58:14Z</time></trkpt>
<trkpt lat="45.365315" lon="-75.825549"><ele>20.0</ele><time>2024-10-14T14:58:15Z</time></trkpt>
<trkpt lat="45.365321" lon="-75.825567"><ele>20.0</ele><time>2024-10-14T14:58:16Z</time></trkpt>
<trkpt lat="45.36533" lon="-75.825593"><ele>20.0</ele><time>2024-10-14T14:58:17Z</time></trkpt>
<trkpt lat="45.365337" lon="-75.82562"><ele>20.0</ele><time>2024-10-14T14:58:18Z</time></trkpt>
<trkpt lat="45.365346" lon="-75.825647"><ele>20.0</ele><time>2024-10-14T14:58:19Z</time></trkpt>
<trkpt lat="45.365352" lon="-75.825665"><ele>20.0</ele><time>2024-10-14T14:58:20Z</time></trkpt>
<trkpt lat="45.365362" lon="-75.825692"><ele>20.0</ele><time>2024-10-14T14:58:21Z</time></trkpt>
<trkpt lat="45.365371" lon="-75.825719"><ele>20.0</ele><time>2024-10-14T14:58:22Z</time></trkpt>
<trkpt lat="45.365378" lon="-75.825737"><ele>20.0</ele><time>2024-10-14T14:58:23Z</time></trkpt>
<trkpt lat="45.365384" lon="-75.825764"><ele>21.0</ele><time>2024-10-14T14:58:24Z</time></trkpt>
<trkpt lat="45.365394" lon="-75.825791"><ele>20.0</ele><time>2024-10-14T14:58:25Z</time></trkpt>
<trkpt lat="45.3654" lon="-75.825809"><ele>21.0</ele><time>2024-10-14T14:58:26Z</time></trkpt>
<trkpt lat="45.365409" lon="-75.825836"><ele>21.0</ele><time>2024-10-14T14:58:27Z</time></trkpt>
<trkpt lat="45.365416" lon="-75.825863"><ele>21.0</ele><time>2024-10-14T14:58:28Z</time></trkpt>
<trkpt lat="45.365422" lon="-75.82589"><ele>21.0</ele><time>2024-10-14T14:58:29Z</time></trkpt>
<trkpt lat="45.365428" lon="-75.825917"><ele>21.0</ele><time>2024-10-14T14:58:30Z</time></trkpt>
<trkpt lat="45.365435" lon="-75.825944"><ele>21.0</ele><time>2024-10-14T14:58:31Z</time></trkpt>
<trkpt lat="45.365438" lon="-75.825962"><ele>21.0</ele><time>2024-10-14T14:58:32Z</time></trkpt>
<trkpt lat="45.365444" lon="-75.825989"><ele>21.0</ele><time>2024-10-14T14:58:33Z</time></trkpt>
<trkpt lat="45.365451" lon="-75.826016"><ele>21.0</ele><time>2024-10-14T14:58:34Z</time></trkpt>
<trkpt lat="45.365454" lon="-75.826052"><ele>21.0</ele><time>2024-10-14T14:58:35Z</time></trkpt>
<trkpt lat="45.36546" lon="-75.826079"><ele>21.0</ele><time>2024-10-14T14:58:36Z</time></trkpt>
<trkpt lat="45.365463" lon="-75.826106"><ele>21.0</ele><time>2024-10-14T14:58:37Z</time></trkpt>
<trkpt lat="45.36547" lon="-75.826132"><ele>21.0</ele><time>2024-10-14T14:58:38Z</time></trkpt>
<trkpt lat="45.365473" lon="-75.826159"><ele>21.0</ele><time>2024-10-14T14:58:39Z</time></trkpt>
<trkpt lat="45.365476" lon="-75.826186"><ele>21.0</ele><time>2024-10-14T14:58:40Z</time></trkpt>
<trkpt lat="45.365479" lon="-75.826213"><ele>21.0</ele><time>2024-10-14T14:58:41Z</time></trkpt>
<trkpt lat="45.365482" lon="-75.82624"><ele>21.0</ele><time>2024-10-14T14:58:42Z</time></trkpt>
<trkpt lat="45.365485" lon="-75.826267"><ele>21.0</ele><time>2024-10-14T14:58:43Z</time></trkpt>
<trkpt lat="45.365485" lon="-75.826294"><ele>21.0</ele><time>2024-10-14T14:58:44Z</time></trkpt>
<trkpt lat="45.365489" lon="-75.826321"><ele>21.0</ele><time>2024-10-14T14:58:45Z</time></trkpt>
<trkpt lat="45.365489" lon="-75.826357"><ele>21.0</ele><time>2024-10-14T14:58:46Z</time></trkpt>
<trkpt lat="45.365492" lon="-75.826384"><ele>21.0</ele><time>2024-10-14T14:58:47Z</time></trkpt>
<trkpt lat="45.365495" lon="-75.826411"><ele>21.0</ele><time>2024-10-14T14:58:48Z</time></trkpt>
<trkpt lat="45.365495" lon="-75.826447"><ele>21.0</ele><time>2024-10-14T14:58:49Z</time></trkpt>
<trkpt lat="45.365498" lon="-75.826474"><ele>21.0</ele><time>2024-10-14T14:58:50Z</time></trkpt>
<trkpt lat="45.365501" lon="-75.826501"><ele>21.0</ele><time>2024-10-14T14:58:51Z</time></trkpt>
<trkpt lat="45.365504" lon="-75.826528"><ele>21.0</ele><time>2024-10-14T14:58:52Z</time></trkpt>
<trkpt lat="45.365508" lon="-75.826555"><ele>21.0</ele><time>2024-10-14T14:58:53Z</time></trkpt>
<trkpt lat="45.365511" lon="-75.826582"><ele>22.0</ele><time>2024-10-14T14:58:54Z</time></trkpt>
<trkpt lat="45.365514" lon="-75.826609"><ele>22.0</ele><time>2024-10-14T14:58:55Z</time></trkpt>
<trkpt lat="45.365517" lon="-75.826635"><ele>22.0</ele><time>2024-10-14T14:58:56Z</time></trkpt>
<trkpt lat="45.36552" lon="-75.826662"><ele>21.0</ele><time>2024-10-14T14:58:57Z</time></trkpt>
<trkpt lat="45.365527" lon="-75.826689"><ele>21.0</ele><time>2024-10-14T14:58:58Z</time></trkpt>
<trkpt lat="45.36553" lon="-75.826716"><ele>21.0</ele><time>2024-10-14T14:58:59Z</time></trkpt>
<trkpt lat="45.365533" lon="-75.826743"><ele>21.0</ele><time>2024-10-14T14:59:00Z</time></trkpt>
<trkpt lat="45.365536" lon="-75.826779"><ele>22.0</ele><time>2024-10-14T14:59:01Z</time></trkpt>
<trkpt lat="45.365539" lon="-75.826806"><ele>21.0</ele><time>2024-10-14T14:59:02Z</time></trkpt>
<trkpt lat="45.365542" lon="-75.826842"><ele>21.0</ele><time>2024-10-14T14:59:03Z</time></trkpt>
<trkpt lat="45.365549" lon="-75.826869"><ele>22.0</ele><time>2024-10-14T14:59:04Z</time></trkpt>
<trkpt lat="45.365555" lon="-75.826896"><ele>21.0</ele><time>2024-10-14T14:59:05Z</time></trkpt>
<trkpt lat="45.365565" lon="-75.826923"><ele>21.0</ele><time>2024-10-14T14:59:06Z</time></trkpt>
<trkpt lat="45.365574" lon="-75.82695"><ele>21.0</ele><time>2024-10-14T14:59:07Z</time></trkpt>
<trkpt lat="45.365587" lon="-75.826977"><ele>21.0</ele><time>2024-10-14T14:59:08Z</time></trkpt>
<trkpt lat="45.365603" lon="-75.826995"><ele>21.0</ele><time>2024-10-14T14:59:09Z</time></trkpt>
<trkpt lat="45.365615" lon="-75.827022"><ele>21.0</ele><time>2024-10-14T14:59:10Z</time></trkpt>
<trkpt lat="45.365628" lon="-75.82704"><ele>21.0</ele><time>2024-10-14T14:59:11Z</time></trkpt>
<trkpt lat="45.365641" lon="-75.827067"><ele>21.0</ele><time>2024-10-14T14:59:12Z</time></trkpt>
<trkpt lat="45.365653" lon="-75.827085"><ele>21.0</ele><time>2024-10-14T14:59:13Z</time></trkpt>
<trkpt lat="45.365666" lon="-75.827112"><ele>21.0</ele><time>2024-10-14T14:59:14Z</time></trkpt>
<trkpt lat="45.365675" lon="-75.82713"><ele>21.0</ele><time>2024-10-14T14:59:15Z</time></trkpt>
<trkpt lat="45.365688" lon="-75.827156"><ele>21.0</ele><time>2024-10-14T14:59:16Z</time></trkpt>
<trkpt lat="45.365701" lon="-75.827174"><ele>21.0</ele><time>2024-10-14T14:59:17Z</time></trkpt>
<trkpt lat="45.36571" lon="-75.827201"><ele>21.0</ele><time>2024-10-14T14:59:18Z</time></trkpt>
<trkpt lat="45.365723" lon="-75.827219"><ele>21.0</ele><time>2024-10-14T14:59:19Z</time></trkpt>
<trkpt lat="45.365736" lon="-75.827237"><ele>21.0</ele><time>2024-10-14T14:59:20Z</time></trkpt>
<trkpt lat="45.365748" lon="-75.827255"><ele>21.0</ele><time>2024-10-14T14:59:21Z</time></trkpt>
<trkpt lat="45.365761" lon="-75.827282"><ele>21.0</ele><time>2024-10-14T14:59:22Z</time></trkpt>
<trkpt lat="45.365774" lon="-75.8273"><ele>21.0</ele><time>2024-10-14T14:59:23Z</time></trkpt>
<trkpt lat="45.365786" lon="-75.827318"><ele>21.0</ele><time>2024-10-14T14:59:24Z</time></trkpt>
<trkpt lat="45.365799" lon="-75.827345"><ele>21.0</ele><time>2024-10-14T14:59:25Z</time></trkpt>
<trkpt lat="45.365812" lon="-75.827363"><ele>21.0</ele><time>2024-10-14T14:59:26Z</time></trkpt>
<trkpt lat="45.365824" lon="-75.827381"><ele>21.0</ele><time>2024-10-14T14:59:27Z</time></trkpt>
<trkpt lat="45.365837" lon="-75.827408"><ele>21.0</ele><time>2024-10-14T14:59:28Z</time></trkpt>
<trkpt lat="45.36585" lon="-75.827426"><ele>21.0</ele><time>2024-10-14T14:59:29Z</time></trkpt>
<trkpt lat="45.365862" lon="-75.827444"><ele>21.0</ele><time>2024-10-14T14:59:30Z</time></trkpt>
<trkpt lat="45.365875" lon="-75.827462"><ele>21.0</ele><time>2024-10-14T14:59:31Z</time></trkpt>
<trkpt lat="45.365888" lon="-75.82748"><ele>21.0</ele><time>2024-10-14T14:59:32Z</time></trkpt>
<trkpt lat="45.3659" lon="-75.827498"><ele>21.0</ele><time>2024-10-14T14:59:33Z</time></trkpt>
<trkpt lat="45.365913" lon="-75.827516"><ele>21.0</ele><time>2024-10-14T14:59:34Z</time></trkpt>
<trkpt lat="45.365922" lon="-75.827534"><ele>21.0</ele><time>2024-10-14T14:59:35Z</time></trkpt>
<trkpt lat="45.365932" lon="-75.827561"><ele>21.0</ele><time>2024-10-14T14:59:36Z</time></trkpt>
<trkpt lat="45.365938" lon="-75.827579"><ele>21.0</ele><time>2024-10-14T14:59:37Z</time></trkpt>
<trkpt lat="45.365948" lon="-75.827597"><ele>21.0</ele><time>2024-10-14T14:59:38Z</time></trkpt>
<trkpt lat="45.365957" lon="-75.827615"><ele>21.0</ele><time>2024-10-14T14:59:39Z</time></trkpt>
<trkpt lat="45.365964" lon="-75.827633"><ele>21.0</ele><time>2024-10-14T14:59:40Z</time></trkpt>
<trkpt lat="45.365973" lon="-75.827651"><ele>21.0</ele><time>2024-10-14T14:59:41Z</time></trkpt>
<trkpt lat="45.365979" lon="-75.827669"><ele>21.0</ele><time>2024-10-14T14:59:42Z</time></trkpt>
<trkpt lat="45.365986" lon="-75.827695"><ele>21.0</ele><time>2024-10-14T14:59:43Z</time></trkpt>
<trkpt lat="45.365995" lon="-75.827713"><ele>21.0</ele><time>2024-10-14T14:59:44Z</time></trkpt>
<trkpt lat="45.366002" lon="-75.827731"><ele>21.0</ele><time>2024-10-14T14:59:45Z</time></trkpt>
<trkpt lat="45.366008" lon="-75.827758"><ele>21.0</ele><time>2024-10-14T14:59:46Z</time></trkpt>
<trkpt lat="45.366014" lon="-75.827776"><ele>21.0</ele><time>2024-10-14T14:59:47Z</time></trkpt>
<trkpt lat="45.366021" lon="-75.827803"><ele>21.0</ele><time>2024-10-14T14:59:48Z</time></trkpt>
<trkpt lat="45.366027" lon="-75.827821"><ele>21.0</ele><time>2024-10-14T14:59:49Z</time></trkpt>
<trkpt lat="45.366033" lon="-75.827848"><ele>21.0</ele><time>2024-10-14T14:59:50Z</time></trkpt>
<trkpt lat="45.366043" lon="-75.827875"><ele>21.0</ele><time>2024-10-14T14:59:51Z</time></trkpt>
<trkpt lat="45.366049" lon="-75.827893"><ele>21.0</ele><time>2024-10-14T14:59:52Z</time></trkpt>
<trkpt lat="45.366059" lon="-75.82792"><ele>21.0</ele><time>2024-10-14T14:59:53Z</time></trkpt>
<trkpt lat="45.366068" lon="-75.827938"><ele>21.0</ele><time>2024-10-14T14:59:54Z</time></trkpt>
<trkpt lat="45.366074" lon="-75.827965"><ele>21.0</ele><time>2024-10-14T14:59:55Z</time></trkpt>
<trkpt lat="45.366084" lon="-75.827992"><ele>21.0</ele><time>2024-10-14T14:59:56Z</time></trkpt>
<trkpt lat="45.366093" lon="-75.82801"><ele>21.0</ele><time>2024-10-14T14:59:57Z</time></trkpt>
<trkpt lat="45.366103" lon="-75.828037"><ele>21.0</ele><time>2024-10-14T14:59:58Z</time></trkpt>
<trkpt lat="45.366109" lon="-75.828064"><ele>21.0</ele><time>2024-10-14T14:59:59Z</time></trkpt>
<trkpt lat="45.366122" lon="-75.828082"><ele>21.0</ele><time>2024-10-14T15:00:00Z</time></trkpt>
<trkpt lat="45.366131" lon="-75.828109"><ele>21.0</ele><time>2024-10-14T15:00:01Z</time></trkpt>
<trkpt lat="45.366141" lon="-75.828136"><ele>21.0</ele><time>2024-10-14T15:00:02Z</time></trkpt>
<trkpt lat="45.36615" lon="-75.828163"><ele>21.0</ele><time>2024-10-14T15:00:03Z</time></trkpt>
<trkpt lat="45.366163" lon="-75.82819"><ele>21.0</ele><time>2024-10-14T15:00:04Z</time></trkpt>
<trkpt lat="45.366176" lon="-75.828207"><ele>21.0</ele><time>2024-10-14T15:00:05Z</time></trkpt>
<trkpt lat="45.366185" lon="-75.828234"><ele>21.0</ele><time>2024-10-14T15:00:06Z</time></trkpt>
<trkpt lat="45.366195" lon="-75.828261"><ele>21.0</ele><time>2024-10-14T15:00:07Z</time></trkpt>
<trkpt lat="45.366204" lon="-75.828279"><ele>21.0</ele><time>2024-10-14T15:00:08Z</time></trkpt>
<trkpt lat="45.366214" lon="-75.828306"><ele>21.0</ele><time>2024-10-14T15:00:09Z</time></trkpt>
<trkpt lat="45.366223" lon="-75.828333"><ele>21.0</ele><time>2024-10-14T15:00:10Z</time></trkpt>
<trkpt lat="45.366233" lon="-75.82836"><ele>21.0</ele><time>2024-10-14T15:00:11Z</time></trkpt>
<trkpt lat="45.366245" lon="-75.828387"><ele>21.0</ele><time>2024-10-14T15:00:12Z</time></trkpt>
<trkpt lat="45.366255" lon="-75.828414"><ele>21.0</ele><time>2024-10-14T15:00:13Z</time></trkpt>
<trkpt lat="45.366264" lon="-75.828441"><ele>21.0</ele><time>2024-10-14T15:00:14Z</time></trkpt>
<trkpt lat="45.366277" lon="-75.828468"><ele>20.0</ele><time>2024-10-14T15:00:15Z</time></trkpt>
<trkpt lat="45.36629" lon="-75.828495"><ele>21.0</ele><time>2024-10-14T15:00:16Z</time></trkpt>
<trkpt lat="45.366302" lon="-75.828522"><ele>21.0</ele><time>2024-10-14T15:00:17Z</time></trkpt>
<trkpt lat="45.366312" lon="-75.828549"><ele>20.0</ele><time>2024-10-14T15:00:18Z</time></trkpt>
<trkpt lat="45.366324" lon="-75.828576"><ele>21.0</ele><time>2024-10-14T15:00:19Z</time></trkpt>
<trkpt lat="45.366337" lon="-75.828603"><ele>21.0</ele><time>2024-10-14T15:00:20Z</time></trkpt>
<trkpt lat="45.366347" lon="-75.828639"><ele>20.0</ele><time>2024-10-14T15:00:21Z</time></trkpt>
<trkpt lat="45.366359" lon="-75.828666"><ele>20.0</ele><time>2024-10-14T15:00:22Z</time></trkpt>
<trkpt lat="45.366369" lon="-75.828702"><ele>20.0</ele><time>2024-10-14T15:00:23Z</time></trkpt>
<trkpt lat="45.366381" lon="-75.828728"><ele>20.0</ele><time>2024-10-14T15:00:24Z</time></trkpt>
<trkpt lat="45.366394" lon="-75.828764"><ele>20.0</ele><time>2024-10-14T15:00:25Z</time></trkpt>
<trkpt lat="45.366407" lon="-75.828791"><ele>20.0</ele><time>2024-10-14T15:00:26Z</time></trkpt>
<trkpt lat="45.366416" lon="-75.828827"><ele>20.0</ele><time>2024-10-14T15:00:27Z</time></trkpt>
<trkpt lat="45.366429" lon="-75.828863"><ele>20.0</ele><time>2024-10-14T15:00:28Z</time></trkpt>
<trkpt lat="45.366442" lon="-75.82889"><ele>20.0</ele><time>2024-10-14T15:00:29Z</time></trkpt>
<trkpt lat="45.366457" lon="-75.828926"><ele>20.0</ele><time>2024-10-14T15:00:30Z</time></trkpt>
<trkpt lat="45.36647" lon="-75.828953"><ele>20.0</ele><time>2024-10-14T15:00:31Z</time></trkpt>
<trkpt lat="45.366483" lon="-75.82898"><ele>20.0</ele><time>2024-10-14T15:00:32Z</time></trkpt>
<trkpt lat="45.366492" lon="-75.829016"><ele>20.0</ele><time>2024-10-14T15:00:33Z</time></trkpt>
<trkpt lat="45.366505" lon="-75.829043"><ele>20.0</ele><time>2024-10-14T15:00:34Z</time></trkpt>
<trkpt lat="45.366514" lon="-75.829079"><ele>21.0</ele><time>2024-10-14T15:00:35Z</time></trkpt>
<trkpt lat="45.366524" lon="-75.829106"><ele>21.0</ele><time>2024-10-14T15:00:36Z</time></trkpt>
<trkpt lat="45.366533" lon="-75.829142"><ele>21.0</ele><time>2024-10-14T15:00:37Z</time></trkpt>
<trkpt lat="45.366543" lon="-75.829169"><ele>21.0</ele><time>2024-10-14T15:00:38Z</time></trkpt>
<trkpt lat="45.366552" lon="-75.829205"><ele>21.0</ele><time>2024-10-14T15:00:39Z</time></trkpt>
<trkpt lat="45.366562" lon="-75.829232"><ele>21.0</ele><time>2024-10-14T15:00:40Z</time></trkpt>
<trkpt lat="45.366575" lon="-75.829258"><ele>21.0</ele><time>2024-10-14T15:00:41Z</time></trkpt>
<trkpt lat="45.366584" lon="-75.829294"><ele>21.0</ele><time>2024-10-14T15:00:42Z</time></trkpt>
<trkpt lat="45.366597" lon="-75.829321"><ele>21.0</ele><time>2024-10-14T15:00:43Z</time></trkpt>
<trkpt lat="45.366606" lon="-75.829357"><ele>21.0</ele><time>2024-10-14T15:00:44Z</time></trkpt>
<trkpt lat="45.366616" lon="-75.829384"><ele>21.0</ele><time>2024-10-14T15:00:45Z</time></trkpt>
<trkpt lat="45.366625" lon="-75.82942"><ele>21.0</ele><time>2024-10-14T15:00:46Z</time></trkpt>
<trkpt lat="45.366638" lon="-75.829447"><ele>21.0</ele><time>2024-10-14T15:00:47Z</time></trkpt>
<trkpt lat="45.366651" lon="-75.829474"><ele>21.0</ele><time>2024-10-14T15:00:48Z</time></trkpt>
<trkpt lat="45.366663" lon="-75.829501"><ele>21.0</ele><time>2024-10-14T15:00:49Z</time></trkpt>
<trkpt lat="45.366679" lon="-75.829528"><ele>21.0</ele><time>2024-10-14T15:00:50Z</time></trkpt>
<trkpt lat="45.366695" lon="-75.829546"><ele>21.0</ele><time>2024-10-14T15:00:51Z</time></trkpt>
<trkpt lat="45.366708" lon="-75.829573"><ele>21.0</ele><time>2024-10-14T15:00:52Z</time></trkpt>
<trkpt lat="45.36672" lon="-75.829591"><ele>21.0</ele><time>2024-10-14T15:00:53Z</time></trkpt>
<trkpt lat="45.36673" lon="-75.829618"><ele>21.0</ele><time>2024-10-14T15:00:54Z</time></trkpt>
<trkpt lat="45.366742" lon="-75.829654"><ele>21.0</ele><time>2024-10-14T15:00:55Z</time></trkpt>
<trkpt lat="45.366752" lon="-75.829681"><ele>21.0</ele><time>2024-10-14T15:00:56Z</time></trkpt>
<trkpt lat="45.366765" lon="-75.829708"><ele>20.0</ele><time>2024-10-14T15:00:57Z</time></trkpt>
<trkpt lat="45.366777" lon="-75.829735"><ele>20.0</ele><time>2024-10-14T15:00:58Z</time></trkpt>
<trkpt lat="45.366787" lon="-75.829762"><ele>20.0</ele><time>2024-10-14T15:00:59Z</time></trkpt>
<trkpt lat="45.366803" lon="-75.829788"><ele>20.0</ele><time>2024-10-14T15:01:00Z</time></trkpt>
<trkpt lat="45.366815" lon="-75.829815"><ele>20.0</ele><time>2024-10-14T15:01:01Z</time></trkpt>
<trkpt lat="45.366831" lon="-75.829842"><ele>20.0</ele><time>2024-10-14T15:01:02Z</time></trkpt>
<trkpt lat="45.366844" lon="-75.829869"><ele>20.0</ele><time>2024-10-14T15:01:03Z</time></trkpt>
<trkpt lat="45.36686" lon="-75.829896"><ele>20.0</ele><time>2024-10-14T15:01:04Z</time></trkpt>
<trkpt lat="45.366872" lon="-75.829932"><ele>20.0</ele><time>2024-10-14T15:01:05Z</time></trkpt>
<trkpt lat="45.366885" lon="-75.82995"><ele>20.0</ele><time>2024-10-14T15:01:06Z</time></trkpt>
<trkpt lat="45.366898" lon="-75.829977"><ele>20.0</ele><time>2024-10-14T15:01:07Z</time></trkpt>
<trkpt lat="45.36691" lon="-75.830013"><ele>20.0</ele><time>2024-10-14T15:01:08Z</time></trkpt>
<trkpt lat="45.36692" lon="-75.83004"><ele>20.0</ele><time>2024-10-14T15:01:09Z</time></trkpt>
<trkpt lat="45.366932" lon="-75.830067"><ele>20.0</ele><time>2024-10-14T15:01:10Z</time></trkpt>
<trkpt lat="45.366945" lon="-75.830094"><ele>20.0</ele><time>2024-10-14T15:01:11Z</time></trkpt>
<trkpt lat="45.366958" lon="-75.830121"><ele>20.0</ele><time>2024-10-14T15:01:12Z</time></trkpt>
<trkpt lat="45.36697" lon="-75.830148"><ele>20.0</ele><time>2024-10-14T15:01:13Z</time></trkpt>
<trkpt lat="45.366983" lon="-75.830175"><ele>20.0</ele><time>2024-10-14T15:01:14Z</time></trkpt>
<trkpt lat="45.366993" lon="-75.830202"><ele>20.0</ele><time>2024-10-14T15:01:15Z</time></trkpt>
<trkpt lat="45.367005" lon="-75.830238"><ele>20.0</ele><time>2024-10-14T15:01:16Z</time></trkpt>
<trkpt lat="45.367015" lon="-75.830265"><ele>20.0</ele><time>2024-10-14T15:01:17Z</time></trkpt>
<trkpt lat="45.367027" lon="-75.830291"><ele>20.0</ele><time>2024-10-14T15:01:18Z</time></trkpt>
<trkpt lat="45.36704" lon="-75.830318"><ele>20.0</ele><time>2024-10-14T15:01:19Z</time></trkpt>
<trkpt lat="45.367053" lon="-75.830345"><ele>20.0</ele><time>2024-10-14T15:01:20Z</time></trkpt>
<trkpt lat="45.367069" lon="-75.830372"><ele>20.0</ele><time>2024-10-14T15:01:21Z</time></trkpt>
<trkpt lat="45.367084" lon="-75.830399"><ele>20.0</ele><time>2024-10-14T15:01:22Z</time></trkpt>
<trkpt lat="45.367097" lon="-75.830417"><ele>20.0</ele><time>2024-10-14T15:01:23Z</time></trkpt>
<trkpt lat="45.367113" lon="-75.830444"><ele>20.0</ele><time>2024-10-14T15:01:24Z</time></trkpt>
<trkpt lat="45.367126" lon="-75.830471"><ele>20.0</ele><time>2024-10-14T15:01:25Z</time></trkpt>
<trkpt lat="45.367135" lon="-75.830498"><ele>20.0</ele><time>2024-10-14T15:01:26Z</time></trkpt>
<trkpt lat="45.367148" lon="-75.830525"><ele>20.0</ele><time>2024-10-14T15:01:27Z</time></trkpt>
<trkpt lat="45.367157" lon="-75.830552"><ele>20.0</ele><time>2024-10-14T15:01:28Z</time></trkpt>
<trkpt lat="45.367167" lon="-75.830579"><ele>20.0</ele><time>2024-10-14T15:01:29Z</time></trkpt>
<trkpt lat="45.367179" lon="-75.830606"><ele>20.0</ele><time>2024-10-14T15:01:30Z</time></trkpt>
<trkpt lat="45.367192" lon="-75.830624"><ele>20.0</ele><time>2024-10-14T15:01:31Z</time></trkpt>
<trkpt lat="45.367205" lon="-75.830651"><ele>20.0</ele><time>2024-10-14T15:01:32Z</time></trkpt>
<trkpt lat="45.367217" lon="-75.830669"><ele>20.0</ele><time>2024-10-14T15:01:33Z</time></trkpt>
<trkpt lat="45.367227" lon="-75.830696"><ele>20.0</ele><time>2024-10-14T15:01:34Z</time></trkpt>
<trkpt lat="45.367236" lon="-75.830723"><ele>21.0</ele><time>2024-10-14T15:01:35Z</time></trkpt>
<trkpt lat="45.367243" lon="-75.830741"><ele>20.0</ele><time>2024-10-14T15:01:36Z</time></trkpt>
<trkpt lat="45.367252" lon="-75.830768"><ele>21.0</ele><time>2024-10-14T15:01:37Z</time></trkpt>
<trkpt lat="45.367262" lon="-75.830795"><ele>21.0</ele><time>2024-10-14T15:01:38Z</time></trkpt>
<trkpt lat="45.367268" lon="-75.830812"><ele>21.0</ele><time>2024-10-14T15:01:39Z</time></trkpt>
<trkpt lat="45.367274" lon="-75.830839"><ele>21.0</ele><time>2024-10-14T15:01:40Z</time></trkpt>
<trkpt lat="45.367284" lon="-75.830866"><ele>21.0</ele><time>2024-10-14T15:01:41Z</time></trkpt>
<trkpt lat="45.36729" lon="-75.830893"><ele>21.0</ele><time>2024-10-14T15:01:42Z</time></trkpt>
<trkpt lat="45.367296" lon="-75.83092"><ele>21.0</ele><time>2024-10-14T15:01:43Z</time></trkpt>
<trkpt lat="45.367303" lon="-75.830947"><ele>21.0</ele><time>2024-10-14T15:01:44Z</time></trkpt>
<trkpt lat="45.367312" lon="-75.830974"><ele>21.0</ele><time>2024-10-14T15:01:45Z</time></trkpt>
<trkpt lat="45.367319" lon="-75.831001"><ele>21.0</ele><time>2024-10-14T15:01:46Z</time></trkpt>
<trkpt lat="45.367325" lon="-75.831028"><ele>21.0</ele><time>2024-10-14T15:01:47Z</time></trkpt>
<trkpt lat="45.367334" lon="-75.831055"><ele>21.0</ele><time>2024-10-14T15:01:48Z</time></trkpt>
<trkpt lat="45.367341" lon="-75.831082"><ele>21.0</ele><time>2024-10-14T15:01:49Z</time></trkpt>
<trkpt lat="45.36735" lon="-75.831109"><ele>21.0</ele><time>2024-10-14T15:01:50Z</time></trkpt>
<trkpt lat="45.367357" lon="-75.831136"><ele>21.0</ele><time>2024-10-14T15:01:51Z</time></trkpt>
<trkpt lat="45.367366" lon="-75.831163"><ele>21.0</ele><time>2024-10-14T15:01:52Z</time></trkpt>
<trkpt lat="45.367372" lon="-75.831199"><ele>21.0</ele><time>2024-10-14T15:01:53Z</time></trkpt>
<trkpt lat="45.367382" lon="-75.831226"><ele>21.0</ele><time>2024-10-14T15:01:54Z</time></trkpt>
<trkpt lat="45.367391" lon="-75.831253"><ele>21.0</ele><time>2024-10-14T15:01:55Z</time></trkpt>
<trkpt lat="45.367401" lon="-75.83128"><ele>21.0</ele><time>2024-10-14T15:01:56Z</time></trkpt>
<trkpt lat="45.36741" lon="-75.831316"><ele>21.0</ele><time>2024-10-14T15:01:57Z</time></trkpt>
<trkpt lat="45.36742" lon="-75.831342"><ele>21.0</ele><time>2024-10-14T15:01:58Z</time></trkpt>
<trkpt lat="45.367433" lon="-75.831369"><ele>21.0</ele><time>2024-10-14T15:01:59Z</time></trkpt>
<trkpt lat="45.367442" lon="-75.831396"><ele>21.0</ele><time>2024-10-14T15:02:00Z</time></trkpt>
<trkpt lat="45.367452" lon="-75.831432"><ele>21.0</ele><time>2024-10-14T15:02:01Z</time></trkpt>
<trkpt lat="45.367461" lon="-75.831459"><ele>21.0</ele><time>2024-10-14T15:02:02Z</time></trkpt>
<trkpt lat="45.367471" lon="-75.831486"><ele>21.0</ele><time>2024-10-14T15:02:03Z</time></trkpt>
<trkpt lat="45.367483" lon="-75.831513"><ele>21.0</ele><time>2024-10-14T15:02:04Z</time></trkpt>
<trkpt lat="45.367496" lon="-75.83154"><ele>21.0</ele><time>2024-10-14T15:02:05Z</time></trkpt>
<trkpt lat="45.367505" lon="-75.831567"><ele>21.0</ele><time>2024-10-14T15:02:06Z</time></trkpt>
<trkpt lat="45.367515" lon="-75.831594"><ele>21.0</ele><time>2024-10-14T15:02:07Z</time></trkpt>
<trkpt lat="45.367524" lon="-75.831612"><ele>21.0</ele><time>2024-10-14T15:02:08Z</time></trkpt>
<trkpt lat="45.367534" lon="-75.831639"><ele>21.0</ele><time>2024-10-14T15:02:09Z</time></trkpt>
<trkpt lat="45.367543" lon="-75.831666"><ele>21.0</ele><time>2024-10-14T15:02:10Z</time></trkpt>
<trkpt lat="45.367553" lon="-75.831702"><ele>21.0</ele><time>2024-10-14T15:02:11Z</time></trkpt>
<trkpt lat="45.367562" lon="-75.831729"><ele>21.0</ele><time>2024-10-14T15:02:12Z</time></trkpt>
<trkpt lat="45.367572" lon="-75.831756"><ele>21.0</ele><time>2024-10-14T15:02:13Z</time></trkpt>
<trkpt lat="45.367578" lon="-75.831783"><ele>21.0</ele><time>2024-10-14T15:02:14Z</time></trkpt>
<trkpt lat="45.367588" lon="-75.831819"><ele>21.0</ele><time>2024-10-14T15:02:15Z</time></trkpt>
<trkpt lat="45.3676" lon="-75.831846"><ele>21.0</ele><time>2024-10-14T15:02:16Z</time></trkpt>
<trkpt lat="45.36761" lon="-75.831872"><ele>21.0</ele><time>2024-10-14T15:02:17Z</time></trkpt>
<trkpt lat="45.367619" lon="-75.831899"><ele>21.0</ele><time>2024-10-14T15:02:18Z</time></trkpt>
<trkpt lat="45.367629" lon="-75.831926"><ele>21.0</ele><time>2024-10-14T15:02:19Z</time></trkpt>
<trkpt lat="45.367638" lon="-75.831953"><ele>21.0</ele><time>2024-10-14T15:02:20Z</time></trkpt>
<trkpt lat="45.367648" lon="-75.83198"><ele>21.0</ele><time>2024-10-14T15:02:21Z</time></trkpt>
<trkpt lat="45.367657" lon="-75.832007"><ele>21.0</ele><time>2024-10-14T15:02:22Z</time></trkpt>
<trkpt lat="45.367667" lon="-75.832034"><ele>21.0</ele><time>2024-10-14T15:02:23Z</time></trkpt>
<trkpt lat="45.367676" lon="-75.832061"><ele>21.0</ele><time>2024-10-14T15:02:24Z</time></trkpt>
<trkpt lat="45.367683" lon="-75.832088"><ele>21.0</ele><time>2024-10-14T15:02:25Z</time></trkpt>
<trkpt lat="45.367692" lon="-75.832115"><ele>21.0</ele><time>2024-10-14T15:02:26Z</time></trkpt>
<trkpt lat="45.367699" lon="-75.832142"><ele>21.0</ele><time>2024-10-14T15:02:27Z</time></trkpt>
<trkpt lat="45.367708" lon="-75.832178"><ele>21.0</ele><time>2024-10-14T15:02:28Z</time></trkpt>
<trkpt lat="45.367718" lon="-75.832205"><ele>21.0</ele><time>2024-10-14T15:02:29Z</time></trkpt>
<trkpt lat="45.367727" lon="-75.832232"><ele>21.0</ele><time>2024-10-14T15:02:30Z</time></trkpt>
<trkpt lat="45.367737" lon="-75.832259"><ele>21.0</ele><time>2024-10-14T15:02:31Z</time></trkpt>
<trkpt lat="45.367749" lon="-75.832286"><ele>21.0</ele><time>2024-10-14T15:02:32Z</time></trkpt>
<trkpt lat="45.367759" lon="-75.832322"><ele>21.0</ele><time>2024-10-14T15:02:33Z</time></trkpt>
<trkpt lat="45.367768" lon="-75.832349"><ele>21.0</ele><time>2024-10-14T15:02:34Z</time></trkpt>
<trkpt lat="45.367784" lon="-75.832384"><ele>21.0</ele><time>2024-10-14T15:02:35Z</time></trkpt>
<trkpt lat="45.367797" lon="-75.832411"><ele>21.0</ele><time>2024-10-14T15:02:36Z</time></trkpt>
<trkpt lat="45.367813" lon="-75.832438"><ele>21.0</ele><time>2024-10-14T15:02:37Z</time></trkpt>
<trkpt lat="45.367825" lon="-75.832465"><ele>21.0</ele><time>2024-10-14T15:02:38Z</time></trkpt>
<trkpt lat="45.367841" lon="-75.832501"><ele>21.0</ele><time>2024-10-14T15:02:39Z</time></trkpt>
<trkpt lat="45.367854" lon="-75.832528"><ele>21.0</ele><time>2024-10-14T15:02:40Z</time></trkpt>
<trkpt lat="45.367866" lon="-75.832564"><ele>21.0</ele><time>2024-10-14T15:02:41Z</time></trkpt>
<trkpt lat="45.367879" lon="-75.832591"><ele>21.0</ele><time>2024-10-14T15:02:42Z</time></trkpt>
<trkpt lat="45.367892" lon="-75.832618"><ele>21.0</ele><time>2024-10-14T15:02:43Z</time></trkpt>
<trkpt lat="45.367904" lon="-75.832645"><ele>21.0</ele><time>2024-10-14T15:02:44Z</time></trkpt>
<trkpt lat="45.367917" lon="-75.832681"><ele>21.0</ele><time>2024-10-14T15:02:45Z</time></trkpt>
<trkpt lat="45.36793" lon="-75.832708"><ele>21.0</ele><time>2024-10-14T15:02:46Z</time></trkpt>
<trkpt lat="45.367942" lon="-75.832735"><ele>21.0</ele><time>2024-10-14T15:02:47Z</time></trkpt>
<trkpt lat="45.367955" lon="-75.832762"><ele>21.0</ele><time>2024-10-14T15:02:48Z</time></trkpt>
<trkpt lat="45.367971" lon="-75.832798"><ele>21.0</ele><time>2024-10-14T15:02:49Z</time></trkpt>
<trkpt lat="45.367983" lon="-75.832825"><ele>21.0</ele><time>2024-10-14T15:02:50Z</time></trkpt>
<trkpt lat="45.367996" lon="-75.832852"><ele>21.0</ele><time>2024-10-14T15:02:51Z</time></trkpt>
<trkpt lat="45.368009" lon="-75.832879"><ele>21.0</ele><time>2024-10-14T15:02:52Z</time></trkpt>
<trkpt lat="45.368021" lon="-75.832905"><ele>21.0</ele><time>2024-10-14T15:02:53Z</time></trkpt>
<trkpt lat="45.368034" lon="-75.832932"><ele>21.0</ele><time>2024-10-14T15:02:54Z</time></trkpt>
<trkpt lat="45.368047" lon="-75.832968"><ele>21.0</ele><time>2024-10-14T15:02:55Z</time></trkpt>
<trkpt lat="45.368056" lon="-75.832995"><ele>21.0</ele><time>2024-10-14T15:02:56Z</time></trkpt>
<trkpt lat="45.368069" lon="-75.833022"><ele>21.0</ele><time>2024-10-14T15:02:57Z</time></trkpt>
<trkpt lat="45.368082" lon="-75.833049"><ele>21.0</ele><time>2024-10-14T15:02:58Z</time></trkpt>
<trkpt lat="45.368091" lon="-75.833076"><ele>21.0</ele><time>2024-10-14T15:02:59Z</time></trkpt>
<trkpt lat="45.368104" lon="-75.833103"><ele>21.0</ele><time>2024-10-14T15:03:00Z</time></trkpt>
<trkpt lat="45.368116" lon="-75.83313"><ele>21.0</ele><time>2024-10-14T15:03:01Z</time></trkpt>
<trkpt lat="45.368129" lon="-75.833157"><ele>21.0</ele><time>2024-10-14T15:03:02Z</time></trkpt>
<trkpt lat="45.368142" lon="-75.833184"><ele>21.0</ele><time>2024-10-14T15:03:03Z</time></trkpt>
<trkpt lat="45.368151" lon="-75.833211"><ele>21.0</ele><time>2024-10-14T15:03:04Z</time></trkpt>
<trkpt lat="45.368161" lon="-75.833238"><ele>21.0</ele><time>2024-10-14T15:03:05Z</time></trkpt>
<trkpt lat="45.368173" lon="-75.833265"><ele>21.0</ele><time>2024-10-14T15:03:06Z</time></trkpt>
<trkpt lat="45.368183" lon="-75.833292"><ele>21.0</ele><time>2024-10-14T15:03:07Z</time></trkpt>
<trkpt lat="45.368192" lon="-75.833319"><ele>21.0</ele><time>2024-10-14T15:03:08Z</time></trkpt>
<trkpt lat="45.368205" lon="-75.833346"><ele>21.0</ele><time>2024-10-14T15:03:09Z</time></trkpt>
<trkpt lat="45.368215" lon="-75.833373"><ele>21.0</ele><time>2024-10-14T15:03:10Z</time></trkpt>
<trkpt lat="45.368227" lon="-75.833391"><ele>21.0</ele><time>2024-10-14T15:03:11Z</time></trkpt>
<trkpt lat="45.368237" lon="-75.833418"><ele>21.0</ele><time>2024-10-14T15:03:12Z</time></trkpt>
<trkpt lat="45.368249" lon="-75.833444"><ele>21.0</ele><time>2024-10-14T15:03:13Z</time></trkpt>
<trkpt lat="45.368259" lon="-75.833462"><ele>21.0</ele><time>2024-10-14T15:03:14Z</time></trkpt>
<trkpt lat="45.368268" lon="-75.833489"><ele>21.0</ele><time>2024-10-14T15:03:15Z</time></trkpt>
<trkpt lat="45.368278" lon="-75.833516"><ele>21.0</ele><time>2024-10-14T15:03:16Z</time></trkpt>
<trkpt lat="45.368287" lon="-75.833534"><ele>21.0</ele><time>2024-10-14T15:03:17Z</time></trkpt>
<trkpt lat="45.368297" lon="-75.833561"><ele>21.0</ele><time>2024-10-14T15:03:18Z</time></trkpt>
<trkpt lat="45.368306" lon="-75.833588"><ele>21.0</ele><time>2024-10-14T15:03:19Z</time></trkpt>
<trkpt lat="45.368316" lon="-75.833606"><ele>21.0</ele><time>2024-10-14T15:03:20Z</time></trkpt>
<trkpt lat="45.368329" lon="-75.833633"><ele>21.0</ele><time>2024-10-14T15:03:21Z</time></trkpt>
<trkpt lat="45.368338" lon="-75.83366"><ele>21.0</ele><time>2024-10-14T15:03:22Z</time></trkpt>
<trkpt lat="45.368351" lon="-75.833678"><ele>21.0</ele><time>2024-10-14T15:03:23Z</time></trkpt>
<trkpt lat="45.368363" lon="-75.833696"><ele>21.0</ele><time>2024-10-14T15:03:24Z</time></trkpt>
<trkpt lat="45.368376" lon="-75.833723"><ele>21.0</ele><time>2024-10-14T15:03:25Z</time></trkpt>
<trkpt lat="45.368386" lon="-75.833741"><ele>21.0</ele><time>2024-10-14T15:03:26Z</time></trkpt>
<trkpt lat="45.368398" lon="-75.833759"><ele>21.0</ele><time>2024-10-14T15:03:27Z</time></trkpt>
<trkpt lat="45.368408" lon="-75.833786"><ele>21.0</ele><time>2024-10-14T15:03:28Z</time></trkpt>
<trkpt lat="45.36842" lon="-75.833804"><ele>21.0</ele><time>2024-10-14T15:03:29Z</time></trkpt>
<trkpt lat="45.36843" lon="-75.833831"><ele>21.0</ele><time>2024-10-14T15:03:30Z</time></trkpt>
<trkpt lat="45.368436" lon="-75.833849"><ele>21.0</ele><time>2024-10-14T15:03:31Z</time></trkpt>
<trkpt lat="45.368446" lon="-75.833876"><ele>21.0</ele><time>2024-10-14T15:03:32Z</time></trkpt>
<trkpt lat="45.368455" lon="-75.833903"><ele>21.0</ele><time>2024-10-14T15:03:33Z</time></trkpt>
<trkpt lat="45.368462" lon="-75.83393"><ele>21.0</ele><time>2024-10-14T15:03:34Z</time></trkpt>
<trkpt lat="45.368471" lon="-75.833947"><ele>21.0</ele><time>2024-10-14T15:03:35Z</time></trkpt>
<trkpt lat="45.368481" lon="-75.833974"><ele>21.0</ele><time>2024-10-14T15:03:36Z</time></trkpt>
<trkpt lat="45.36849" lon="-75.834001"><ele>21.0</ele><time>2024-10-14T15:03:37Z</time></trkpt>
<trkpt lat="45.3685" lon="-75.834019"><ele>21.0</ele><time>2024-10-14T15:03:38Z</time></trkpt>
<trkpt lat="45.368509" lon="-75.834046"><ele>21.0</ele><time>2024-10-14T15:03:39Z</time></trkpt>
<trkpt lat="45.368519" lon="-75.834073"><ele>21.0</ele><time>2024-10-14T15:03:40Z</time></trkpt>
<trkpt lat="45.368528" lon="-75.8341"><ele>21.0</ele><time>2024-10-14T15:03:41Z</time></trkpt>
<trkpt lat="45.368538" lon="-75.834118"><ele>21.0</ele><time>2024-10-14T15:03:42Z</time></trkpt>
<trkpt lat="45.368547" lon="-75.834145"><ele>21.0</ele><time>2024-10-14T15:03:43Z</time></trkpt>
<trkpt lat="45.368557" lon="-75.834172"><ele>21.0</ele><time>2024-10-14T15:03:44Z</time></trkpt>
<trkpt lat="45.368566" lon="-75.83419"><ele>21.0</ele><time>2024-10-14T15:03:45Z</time></trkpt>
<trkpt lat="45.368579" lon="-75.834217"><ele>21.0</ele><time>2024-10-14T15:03:46Z</time></trkpt>
<trkpt lat="45.368588" lon="-75.834235"><ele>21.0</ele><time>2024-10-14T15:03:47Z</time></trkpt>
<trkpt lat="45.368598" lon="-75.834262"><ele>21.0</ele><time>2024-10-14T15:03:48Z</time></trkpt>
<trkpt lat="45.368607" lon="-75.834289"><ele>21.0</ele><time>2024-10-14T15:03:49Z</time></trkpt>
<trkpt lat="45.36862" lon="-75.834307"><ele>21.0</ele><time>2024-10-14T15:03:50Z</time></trkpt>
<trkpt lat="45.368629" lon="-75.834334"><ele>21.0</ele><time>2024-10-14T15:03:51Z</time></trkpt>
<trkpt lat="45.368639" lon="-75.834352"><ele>21.0</ele><time>2024-10-14T15:03:52Z</time></trkpt>
<trkpt lat="45.368652" lon="-75.834379"><ele>21.0</ele><time>2024-10-14T15:03:53Z</time></trkpt>
<trkpt lat="45.368661" lon="-75.834397"><ele>21.0</ele><time>2024-10-14T15:03:54Z</time></trkpt>
<trkpt lat="45.368674" lon="-75.834424"><ele>21.0</ele><time>2024-10-14T15:03:55Z</time></trkpt>
<trkpt lat="45.368683" lon="-75.834442"><ele>21.0</ele><time>2024-10-14T15:03:56Z</time></trkpt>
<trkpt lat="45.368696" lon="-75.834468"><ele>21.0</ele><time>2024-10-14T15:03:57Z</time></trkpt>
<trkpt lat="45.368705" lon="-75.834486"><ele>21.0</ele><time>2024-10-14T15:03:58Z</time></trkpt>
<trkpt lat="45.368712" lon="-75.834513"><ele>21.0</ele><time>2024-10-14T15:03:59Z</time></trkpt>
<trkpt lat="45.368721" lon="-75.83454"><ele>21.0</ele><time>2024-10-14T15:04:00Z</time></trkpt>
<trkpt lat="45.368731" lon="-75.834567"><ele>21.0</ele><time>2024-10-14T15:04:01Z</time></trkpt>
<trkpt lat="45.36874" lon="-75.834594"><ele>21.0</ele><time>2024-10-14T15:04:02Z</time></trkpt>
<trkpt lat="45.36875" lon="-75.834621"><ele>21.0</ele><time>2024-10-14T15:04:03Z</time></trkpt>
<trkpt lat="45.368759" lon="-75.834639"><ele>21.0</ele><time>2024-10-14T15:04:04Z</time></trkpt>
<trkpt lat="45.368769" lon="-75.834666"><ele>21.0</ele><time>2024-10-14T15:04:05Z</time></trkpt>
<trkpt lat="45.368778" lon="-75.834693"><ele>21.0</ele><time>2024-10-14T15:04:06Z</time></trkpt>
<trkpt lat="45.368791" lon="-75.83472"><ele>21.0</ele><time>2024-10-14T15:04:07Z</time></trkpt>
<trkpt lat="45.3688" lon="-75.834738"><ele>21.0</ele><time>2024-10-14T15:04:08Z</time></trkpt>
<trkpt lat="45.36881" lon="-75.834765"><ele>21.0</ele><time>2024-10-14T15:04:09Z</time></trkpt>
<trkpt lat="45.368819" lon="-75.834792"><ele>21.0</ele><time>2024-10-14T15:04:10Z</time></trkpt>
<trkpt lat="45.368829" lon="-75.834819"><ele>21.0</ele><time>2024-10-14T15:04:11Z</time></trkpt>
<trkpt lat="45.368841" lon="-75.834846"><ele>21.0</ele><time>2024-10-14T15:04:12Z</time></trkpt>
<trkpt lat="45.368851" lon="-75.834873"><ele>21.0</ele><time>2024-10-14T15:04:13Z</time></trkpt>
<trkpt lat="45.368864" lon="-75.8349"><ele>21.0</ele><time>2024-10-14T15:04:14Z</time></trkpt>
<trkpt lat="45.368876" lon="-75.834927"><ele>21.0</ele><time>2024-10-14T15:04:15Z</time></trkpt>
<trkpt lat="45.368889" lon="-75.834945"><ele>21.0</ele><time>2024-10-14T15:04:16Z</time></trkpt>
<trkpt lat="45.368902" lon="-75.834972"><ele>21.0</ele><time>2024-10-14T15:04:17Z</time></trkpt>
<trkpt lat="45.368911" lon="-75.834998"><ele>21.0</ele><time>2024-10-14T15:04:18Z</time></trkpt>
<trkpt lat="45.368924" lon="-75.835025"><ele>21.0</ele><time>2024-10-14T15:04:19Z</time></trkpt>
<trkpt lat="45.368936" lon="-75.835052"><ele>21.0</ele><time>2024-10-14T15:04:20Z</time></trkpt>
<trkpt lat="45.368949" lon="-75.835079"><ele>21.0</ele><time>2024-10-14T15:04:21Z</time></trkpt>
<trkpt lat="45.368959" lon="-75.835106"><ele>21.0</ele><time>2024-10-14T15:04:22Z</time></trkpt>
<trkpt lat="45.368971" lon="-75.835133"><ele>21.0</ele><time>2024-10-14T15:04:23Z</time></trkpt>
<trkpt lat="45.368981" lon="-75.835169"><ele>21.0</ele><time>2024-10-14T15:04:24Z</time></trkpt>
<trkpt lat="45.368993" lon="-75.835196"><ele>21.0</ele><time>2024-10-14T15:04:25Z</time></trkpt>
<trkpt lat="45.369006" lon="-75.835223"><ele>21.0</ele><time>2024-10-14T15:04:26Z</time></trkpt>
<trkpt lat="45.369022" lon="-75.835241"><ele>21.0</ele><time>2024-10-14T15:04:27Z</time></trkpt>
<trkpt lat="45.369038" lon="-75.835268"><ele>21.0</ele><time>2024-10-14T15:04:28Z</time></trkpt>
<trkpt lat="45.369054" lon="-75.835286"><ele>21.0</ele><time>2024-10-14T15:04:29Z</time></trkpt>
<trkpt lat="45.369069" lon="-75.835313"><ele>21.0</ele><time>2024-10-14T15:04:30Z</time></trkpt>
<trkpt lat="45.369082" lon="-75.83534"><ele>21.0</ele><time>2024-10-14T15:04:31Z</time></trkpt>
<trkpt lat="45.369098" lon="-75.835367"><ele>21.0</ele><time>2024-10-14T15:04:32Z</time></trkpt>
<trkpt lat="45.369111" lon="-75.835385"><ele>21.0</ele><time>2024-10-14T15:04:33Z</time></trkpt>
<trkpt lat="45.369126" lon="-75.835412"><ele>21.0</ele><time>2024-10-14T15:04:34Z</time></trkpt>
<trkpt lat="45.369139" lon="-75.835439"><ele>21.0</ele><time>2024-10-14T15:04:35Z</time></trkpt>
<trkpt lat="45.369155" lon="-75.835466"><ele>21.0</ele><time>2024-10-14T15:04:36Z</time></trkpt>
<trkpt lat="45.369171" lon="-75.835484"><ele>21.0</ele><time>2024-10-14T15:04:37Z</time></trkpt>
<trkpt lat="45.369187" lon="-75.83551"><ele>21.0</ele><time>2024-10-14T15:04:38Z</time></trkpt>
<trkpt lat="45.369199" lon="-75.835528"><ele>21.0</ele><time>2024-10-14T15:04:39Z</time></trkpt>
<trkpt lat="45.369215" lon="-75.835555"><ele>21.0</ele><time>2024-10-14T15:04:40Z</time></trkpt>
<trkpt lat="45.369231" lon="-75.835573"><ele>21.0</ele><time>2024-10-14T15:04:41Z</time></trkpt>
<trkpt lat="45.369247" lon="-75.8356"><ele>21.0</ele><time>2024-10-14T15:04:42Z</time></trkpt>
<trkpt lat="45.369259" lon="-75.835627"><ele>21.0</ele><time>2024-10-14T15:04:43Z</time></trkpt>
<trkpt lat="45.369275" lon="-75.835645"><ele>21.0</ele><time>2024-10-14T15:04:44Z</time></trkpt>
<trkpt lat="45.369291" lon="-75.835672"><ele>21.0</ele><time>2024-10-14T15:04:45Z</time></trkpt>
<trkpt lat="45.369304" lon="-75.83569"><ele>21.0</ele><time>2024-10-14T15:04:46Z</time></trkpt>
<trkpt lat="45.36932" lon="-75.835717"><ele>21.0</ele><time>2024-10-14T15:04:47Z</time></trkpt>
<trkpt lat="45.369332" lon="-75.835735"><ele>21.0</ele><time>2024-10-14T15:04:48Z</time></trkpt>
<trkpt lat="45.369348" lon="-75.835753"><ele>21.0</ele><time>2024-10-14T15:04:49Z</time></trkpt>
<trkpt lat="45.369361" lon="-75.83578"><ele>21.0</ele><time>2024-10-14T15:04:50Z</time></trkpt>
<trkpt lat="45.369377" lon="-75.835798"><ele>21.0</ele><time>2024-10-14T15:04:51Z</time></trkpt>
<trkpt lat="45.369389" lon="-75.835825"><ele>21.0</ele><time>2024-10-14T15:04:52Z</time></trkpt>
<trkpt lat="45.369402" lon="-75.835843"><ele>21.0</ele><time>2024-10-14T15:04:53Z</time></trkpt>
<trkpt lat="45.369418" lon="-75.835861"><ele>22.0</ele><time>2024-10-14T15:04:54Z</time></trkpt>
<trkpt lat="45.36943" lon="-75.835888"><ele>21.0</ele><time>2024-10-14T15:04:55Z</time></trkpt>
<trkpt lat="45.369443" lon="-75.835906"><ele>21.0</ele><time>2024-10-14T15:04:56Z</time></trkpt>
<trkpt lat="45.369456" lon="-75.835933"><ele>21.0</ele><time>2024-10-14T15:04:57Z</time></trkpt>
<trkpt lat="45.369468" lon="-75.835951"><ele>21.0</ele><time>2024-10-14T15:04:58Z</time></trkpt>
<trkpt lat="45.369481" lon="-75.835978"><ele>21.0</ele><time>2024-10-14T15:04:59Z</time></trkpt>
<trkpt lat="45.369494" lon="-75.835996"><ele>21.0</ele><time>2024-10-14T15:05:00Z</time></trkpt>
<trkpt lat="45.369503" lon="-75.836023"><ele>21.0</ele><time>2024-10-14T15:05:01Z</time></trkpt>
<trkpt lat="45.369516" lon="-75.83604"><ele>21.0</ele><time>2024-10-14T15:05:02Z</time></trkpt>
<trkpt lat="45.369528" lon="-75.836067"><ele>21.0</ele><time>2024-10-14T15:05:03Z</time></trkpt>
<trkpt lat="45.369541" lon="-75.836085"><ele>21.0</ele><time>2024-10-14T15:05:04Z</time></trkpt>
<trkpt lat="45.369554" lon="-75.836112"><ele>21.0</ele><time>2024-10-14T15:05:05Z</time></trkpt>
<trkpt lat="45.36957" lon="-75.83613"><ele>21.0</ele><time>2024-10-14T15:05:06Z</time></trkpt>
<trkpt lat="45.369582" lon="-75.836157"><ele>21.0</ele><time>2024-10-14T15:05:07Z</time></trkpt>
<trkpt lat="45.369595" lon="-75.836175"><ele>21.0</ele><time>2024-10-14T15:05:08Z</time></trkpt>
<trkpt lat="45.369611" lon="-75.836193"><ele>22.0</ele><time>2024-10-14T15:05:09Z</time></trkpt>
<trkpt lat="45.369627" lon="-75.836211"><ele>21.0</ele><time>2024-10-14T15:05:10Z</time></trkpt>
<trkpt lat="45.369642" lon="-75.836229"><ele>21.0</ele><time>2024-10-14T15:05:11Z</time></trkpt>
<trkpt lat="45.369658" lon="-75.836247"><ele>22.0</ele><time>2024-10-14T15:05:12Z</time></trkpt>
<trkpt lat="45.369677" lon="-75.836265"><ele>22.0</ele><time>2024-10-14T15:05:13Z</time></trkpt>
<trkpt lat="45.369693" lon="-75.836283"><ele>22.0</ele><time>2024-10-14T15:05:14Z</time></trkpt>
<trkpt lat="45.369709" lon="-75.836301"><ele>22.0</ele><time>2024-10-14T15:05:15Z</time></trkpt>
<trkpt lat="45.369725" lon="-75.836319"><ele>22.0</ele><time>2024-10-14T15:05:16Z</time></trkpt>
<trkpt lat="45.369741" lon="-75.836328"><ele>22.0</ele><time>2024-10-14T15:05:17Z</time></trkpt>
<trkpt lat="45.369756" lon="-75.836346"><ele>21.0</ele><time>2024-10-14T15:05:18Z</time></trkpt>
<trkpt lat="45.369772" lon="-75.836364"><ele>21.0</ele><time>2024-10-14T15:05:19Z</time></trkpt>
<trkpt lat="45.369785" lon="-75.836373"><ele>21.0</ele><time>2024-10-14T15:05:20Z</time></trkpt>
<trkpt lat="45.369798" lon="-75.836391"><ele>21.0</ele><time>2024-10-14T15:05:21Z</time></trkpt>
<trkpt lat="45.369807" lon="-75.836418"><ele>21.0</ele><time>2024-10-14T15:05:22Z</time></trkpt>
<trkpt lat="45.36982" lon="-75.836436"><ele>21.0</ele><time>2024-10-14T15:05:23Z</time></trkpt>
<trkpt lat="45.369829" lon="-75.836454"><ele>21.0</ele><time>2024-10-14T15:05:24Z</time></trkpt>
<trkpt lat="45.369842" lon="-75.836472"><ele>21.0</ele><time>2024-10-14T15:05:25Z</time></trkpt>
<trkpt lat="45.369851" lon="-75.836499"><ele>21.0</ele><time>2024-10-14T15:05:26Z</time></trkpt>
<trkpt lat="45.369864" lon="-75.836526"><ele>21.0</ele><time>2024-10-14T15:05:27Z</time></trkpt>
<trkpt lat="45.369874" lon="-75.836544"><ele>21.0</ele><time>2024-10-14T15:05:28Z</time></trkpt>
<trkpt lat="45.369886" lon="-75.83657"><ele>21.0</ele><time>2024-10-14T15:05:29Z</time></trkpt>
<trkpt lat="45.369899" lon="-75.836597"><ele>21.0</ele><time>2024-10-14T15:05:30Z</time></trkpt>
<trkpt lat="45.369912" lon="-75.836615"><ele>21.0</ele><time>2024-10-14T15:05:31Z</time></trkpt>
<trkpt lat="45.369924" lon="-75.836642"><ele>21.0</ele><time>2024-10-14T15:05:32Z</time></trkpt>
<trkpt lat="45.369934" lon="-75.836669"><ele>21.0</ele><time>2024-10-14T15:05:33Z</time></trkpt>
<trkpt lat="45.369943" lon="-75.836696"><ele>21.0</ele><time>2024-10-14T15:05:34Z</time></trkpt>
<trkpt lat="45.369953" lon="-75.836723"><ele>21.0</ele><time>2024-10-14T15:05:35Z</time></trkpt>
<trkpt lat="45.369965" lon="-75.836759"><ele>21.0</ele><time>2024-10-14T15:05:36Z</time></trkpt>
<trkpt lat="45.369975" lon="-75.836786"><ele>21.0</ele><time>2024-10-14T15:05:37Z</time></trkpt>
<trkpt lat="45.369988" lon="-75.836813"><ele>21.0</ele><time>2024-10-14T15:05:38Z</time></trkpt>
<trkpt lat="45.37" lon="-75.83684"><ele>21.0</ele><time>2024-10-14T15:05:39Z</time></trkpt>
<trkpt lat="45.370013" lon="-75.836867"><ele>21.0</ele><time>2024-10-14T15:05:40Z</time></trkpt>
<trkpt lat="45.370029" lon="-75.836903"><ele>21.0</ele><time>2024-10-14T15:05:41Z</time></trkpt>
<trkpt lat="45.370041" lon="-75.83693"><ele>21.0</ele><time>2024-10-14T15:05:42Z</time></trkpt>
<trkpt lat="45.370057" lon="-75.836957"><ele>21.0</ele><time>2024-10-14T15:05:43Z</time></trkpt>
<trkpt lat="45.37007" lon="-75.836984"><ele>21.0</ele><time>2024-10-14T15:05:44Z</time></trkpt>
<trkpt lat="45.370083" lon="-75.83702"><ele>21.0</ele><time>2024-10-14T15:05:45Z</time></trkpt>
<trkpt lat="45.370095" lon="-75.837047"><ele>21.0</ele><time>2024-10-14T15:05:46Z</time></trkpt>
<trkpt lat="45.370108" lon="-75.837082"><ele>21.0</ele><time>2024-10-14T15:05:47Z</time></trkpt>
<trkpt lat="45.37012" lon="-75.837109"><ele>21.0</ele><time>2024-10-14T15:05:48Z</time></trkpt>
<trkpt lat="45.370136" lon="-75.837145"><ele>21.0</ele><time>2024-10-14T15:05:49Z</time></trkpt>
<trkpt lat="45.370149" lon="-75.837172"><ele>21.0</ele><time>2024-10-14T15:05:50Z</time></trkpt>
<trkpt lat="45.370162" lon="-75.837199"><ele>21.0</ele><time>2024-10-14T15:05:51Z</time></trkpt>
<trkpt lat="45.370171" lon="-75.837235"><ele>21.0</ele><time>2024-10-14T15:05:52Z</time></trkpt>
<trkpt lat="45.370184" lon="-75.837262"><ele>21.0</ele><time>2024-10-14T15:05:53Z</time></trkpt>
<trkpt lat="45.370193" lon="-75.837289"><ele>21.0</ele><time>2024-10-14T15:05:54Z</time></trkpt>
<trkpt lat="45.370206" lon="-75.837325"><ele>21.0</ele><time>2024-10-14T15:05:55Z</time></trkpt>
<trkpt lat="45.370219" lon="-75.837352"><ele>21.0</ele><time>2024-10-14T15:05:56Z</time></trkpt>
<trkpt lat="45.370231" lon="-75.837379"><ele>21.0</ele><time>2024-10-14T15:05:57Z</time></trkpt>
<trkpt lat="45.370244" lon="-75.837415"><ele>21.0</ele><time>2024-10-14T15:05:58Z</time></trkpt>
<trkpt lat="45.370257" lon="-75.837442"><ele>21.0</ele><time>2024-10-14T15:05:59Z</time></trkpt>
<trkpt lat="45.370269" lon="-75.837469"><ele>21.0</ele><time>2024-10-14T15:06:00Z</time></trkpt>
<trkpt lat="45.370282" lon="-75.837496"><ele>21.0</ele><time>2024-10-14T15:06:01Z</time></trkpt>
<trkpt lat="45.370295" lon="-75.837523"><ele>21.0</ele><time>2024-10-14T15:06:02Z</time></trkpt>
<trkpt lat="45.370304" lon="-75.83755"><ele>21.0</ele><time>2024-10-14T15:06:03Z</time></trkpt>
<trkpt lat="45.370317" lon="-75.837577"><ele>21.0</ele><time>2024-10-14T15:06:04Z</time></trkpt>
<trkpt lat="45.370326" lon="-75.837603"><ele>21.0</ele><time>2024-10-14T15:06:05Z</time></trkpt>
<trkpt lat="45.370339" lon="-75.837639"><ele>21.0</ele><time>2024-10-14T15:06:06Z</time></trkpt>
<trkpt lat="45.370348" lon="-75.837666"><ele>21.0</ele><time>2024-10-14T15:06:07Z</time></trkpt>
<trkpt lat="45.370361" lon="-75.837693"><ele>21.0</ele><time>2024-10-14T15:06:08Z</time></trkpt>
<trkpt lat="45.370371" lon="-75.83772"><ele>21.0</ele><time>2024-10-14T15:06:09Z</time></trkpt>
<trkpt lat="45.37038" lon="-75.837747"><ele>21.0</ele><time>2024-10-14T15:06:10Z</time></trkpt>
<trkpt lat="45.370393" lon="-75.837783"><ele>21.0</ele><time>2024-10-14T15:06:11Z</time></trkpt>
<trkpt lat="45.370402" lon="-75.83781"><ele>21.0</ele><time>2024-10-14T15:06:12Z</time></trkpt>
<trkpt lat="45.370412" lon="-75.837837"><ele>21.0</ele><time>2024-10-14T15:06:13Z</time></trkpt>
<trkpt lat="45.370421" lon="-75.837864"><ele>21.0</ele><time>2024-10-14T15:06:14Z</time></trkpt>
<trkpt lat="45.370431" lon="-75.8379"><ele>21.0</ele><time>2024-10-14T15:06:15Z</time></trkpt>
<trkpt lat="45.37044" lon="-75.837927"><ele>21.0</ele><time>2024-10-14T15:06:16Z</time></trkpt>
<trkpt lat="45.37045" lon="-75.837954"><ele>21.0</ele><time>2024-10-14T15:06:17Z</time></trkpt>
<trkpt lat="45.370456" lon="-75.83799"><ele>21.0</ele><time>2024-10-14T15:06:18Z</time></trkpt>
<trkpt lat="45.370466" lon="-75.838017"><ele>21.0</ele><time>2024-10-14T15:06:19Z</time></trkpt>
<trkpt lat="45.370475" lon="-75.838053"><ele>21.0</ele><time>2024-10-14T15:06:20Z</time></trkpt>
<trkpt lat="45.370485" lon="-75.83808"><ele>21.0</ele><time>2024-10-14T15:06:21Z</time></trkpt>
<trkpt lat="45.370494" lon="-75.838116"><ele>21.0</ele><time>2024-10-14T15:06:22Z</time></trkpt>
<trkpt lat="45.370504" lon="-75.838142"><ele>21.0</ele><time>2024-10-14T15:06:23Z</time></trkpt>
<trkpt lat="45.370513" lon="-75.838169"><ele>21.0</ele><time>2024-10-14T15:06:24Z</time></trkpt>
<trkpt lat="45.370523" lon="-75.838205"><ele>21.0</ele><time>2024-10-14T15:06:25Z</time></trkpt>
<trkpt lat="45.370532" lon="-75.838232"><ele>21.0</ele><time>2024-10-14T15:06:26Z</time></trkpt>
<trkpt lat="45.370542" lon="-75.838259"><ele>21.0</ele><time>2024-10-14T15:06:27Z</time></trkpt>
<trkpt lat="45.370548" lon="-75.838295"><ele>21.0</ele><time>2024-10-14T15:06:28Z</time></trkpt>
<trkpt lat="45.370554" lon="-75.838322"><ele>21.0</ele><time>2024-10-14T15:06:29Z</time></trkpt>
<trkpt lat="45.370557" lon="-75.838358"><ele>21.0</ele><time>2024-10-14T15:06:30Z</time></trkpt>
<trkpt lat="45.370557" lon="-75.838394"><ele>22.0</ele><time>2024-10-14T15:06:31Z</time></trkpt>
<trkpt lat="45.370561" lon="-75.83843"><ele>22.0</ele><time>2024-10-14T15:06:32Z</time></trkpt>
<trkpt lat="45.370561" lon="-75.838466"><ele>22.0</ele><time>2024-10-14T15:06:33Z</time></trkpt>
<trkpt lat="45.370567" lon="-75.838493"><ele>22.0</ele><time>2024-10-14T15:06:34Z</time></trkpt>
<trkpt lat="45.37058" lon="-75.83852"><ele>22.0</ele><time>2024-10-14T15:06:35Z</time></trkpt>
<trkpt lat="45.370592" lon="-75.838538"><ele>22.0</ele><time>2024-10-14T15:06:36Z</time></trkpt>
<trkpt lat="45.370608" lon="-75.838556"><ele>22.0</ele><time>2024-10-14T15:06:37Z</time></trkpt>
<trkpt lat="45.370621" lon="-75.838565"><ele>22.0</ele><time>2024-10-14T15:06:38Z</time></trkpt>
<trkpt lat="45.370637" lon="-75.838565"><ele>23.0</ele><time>2024-10-14T15:06:39Z</time></trkpt>
<trkpt lat="45.370649" lon="-75.838556"><ele>23.0</ele><time>2024-10-14T15:06:40Z</time></trkpt>
<trkpt lat="45.370662" lon="-75.838547"><ele>23.0</ele><time>2024-10-14T15:06:41Z</time></trkpt>
<trkpt lat="45.370668" lon="-75.838538"><ele>23.0</ele><time>2024-10-14T15:06:42Z</time></trkpt>
<trkpt lat="45.370675" lon="-75.838529"><ele>23.0</ele><time>2024-10-14T15:06:43Z</time></trkpt>
<trkpt lat="45.370681" lon="-75.838511"><ele>23.0</ele><time>2024-10-14T15:06:44Z</time></trkpt>
<trkpt lat="45.370684" lon="-75.838502"><ele>23.0</ele><time>2024-10-14T15:06:45Z</time></trkpt>
<trkpt lat="45.370687" lon="-75.838484"><ele>23.0</ele><time>2024-10-14T15:06:46Z</time></trkpt>
<trkpt lat="45.370687" lon="-75.838466"><ele>23.0</ele><time>2024-10-14T15:06:47Z</time></trkpt>
<trkpt lat="45.37069" lon="-75.838448"><ele>23.0</ele><time>2024-10-14T15:06:48Z</time></trkpt>
<trkpt lat="45.37069" lon="-75.83843"><ele>23.0</ele><time>2024-10-14T15:06:49Z</time></trkpt>
<trkpt lat="45.370694" lon="-75.838412"><ele>23.0</ele><time>2024-10-14T15:06:50Z</time></trkpt>
<trkpt lat="45.370694" lon="-75.838394"><ele>23.0</ele><time>2024-10-14T15:06:51Z</time></trkpt>
<trkpt lat="45.370697" lon="-75.838376"><ele>23.0</ele><time>2024-10-14T15:06:52Z</time></trkpt>
<trkpt lat="45.3707" lon="-75.838349"><ele>23.0</ele><time>2024-10-14T15:06:53Z</time></trkpt>
<trkpt lat="45.370703" lon="-75.838331"><ele>23.0</ele><time>2024-10-14T15:06:54Z</time></trkpt>
<trkpt lat="45.370706" lon="-75.838313"><ele>23.0</ele><time>2024-10-14T15:06:55Z</time></trkpt>
<trkpt lat="45.370709" lon="-75.838286"><ele>24.0</ele><time>2024-10-14T15:06:56Z</time></trkpt>
<trkpt lat="45.370716" lon="-75.838268"><ele>24.0</ele><time>2024-10-14T15:06:57Z</time></trkpt>
<trkpt lat="45.370719" lon="-75.838241"><ele>23.0</ele><time>2024-10-14T15:06:58Z</time></trkpt>
<trkpt lat="45.370725" lon="-75.838223"><ele>24.0</ele><time>2024-10-14T15:06:59Z</time></trkpt>
<trkpt lat="45.370732" lon="-75.838196"><ele>24.0</ele><time>2024-10-14T15:07:00Z</time></trkpt>
<trkpt lat="45.370738" lon="-75.838169"><ele>24.0</ele><time>2024-10-14T15:07:01Z</time></trkpt>
<trkpt lat="45.370744" lon="-75.838151"><ele>24.0</ele><time>2024-10-14T15:07:02Z</time></trkpt>
<trkpt lat="45.370751" lon="-75.838133"><ele>24.0</ele><time>2024-10-14T15:07:03Z</time></trkpt>
<trkpt lat="45.37076" lon="-75.838107"><ele>24.0</ele><time>2024-10-14T15:07:04Z</time></trkpt>
<trkpt lat="45.370766" lon="-75.838089"><ele>24.0</ele><time>2024-10-14T15:07:05Z</time></trkpt>
<trkpt lat="45.370773" lon="-75.838071"><ele>24.0</ele><time>2024-10-14T15:07:06Z</time></trkpt>
<trkpt lat="45.370779" lon="-75.838044"><ele>24.0</ele><time>2024-10-14T15:07:07Z</time></trkpt>
<trkpt lat="45.370785" lon="-75.838026"><ele>24.0</ele><time>2024-10-14T15:07:08Z</time></trkpt>
<trkpt lat="45.370792" lon="-75.837999"><ele>24.0</ele><time>2024-10-14T15:07:09Z</time></trkpt>
<trkpt lat="45.370798" lon="-75.837972"><ele>24.0</ele><time>2024-10-14T15:07:10Z</time></trkpt>
<trkpt lat="45.370807" lon="-75.837954"><ele>24.0</ele><time>2024-10-14T15:07:11Z</time></trkpt>
<trkpt lat="45.370817" lon="-75.837927"><ele>24.0</ele><time>2024-10-14T15:07:12Z</time></trkpt>
<trkpt lat="45.370823" lon="-75.8379"><ele>24.0</ele><time>2024-10-14T15:07:13Z</time></trkpt>
<trkpt lat="45.370833" lon="-75.837873"><ele>24.0</ele><time>2024-10-14T15:07:14Z</time></trkpt>
<trkpt lat="45.370839" lon="-75.837846"><ele>24.0</ele><time>2024-10-14T15:07:15Z</time></trkpt>
<trkpt lat="45.370849" lon="-75.837819"><ele>24.0</ele><time>2024-10-14T15:07:16Z</time></trkpt>
<trkpt lat="45.370858" lon="-75.837792"><ele>24.0</ele><time>2024-10-14T15:07:17Z</time></trkpt>
<trkpt lat="45.370868" lon="-75.837765"><ele>24.0</ele><time>2024-10-14T15:07:18Z</time></trkpt>
<trkpt lat="45.370877" lon="-75.837738"><ele>24.0</ele><time>2024-10-14T15:07:19Z</time></trkpt>
<trkpt lat="45.370887" lon="-75.837711"><ele>24.0</ele><time>2024-10-14T15:07:20Z</time></trkpt>
<trkpt lat="45.370896" lon="-75.837684"><ele>24.0</ele><time>2024-10-14T15:07:21Z</time></trkpt>
<trkpt lat="45.370902" lon="-75.837657"><ele>24.0</ele><time>2024-10-14T15:07:22Z</time></trkpt>
<trkpt lat="45.370912" lon="-75.837621"><ele>24.0</ele><time>2024-10-14T15:07:23Z</time></trkpt>
<trkpt lat="45.370921" lon="-75.837595"><ele>23.0</ele><time>2024-10-14T15:07:24Z</time></trkpt>
<trkpt lat="45.370928" lon="-75.837568"><ele>24.0</ele><time>2024-10-14T15:07:25Z</time></trkpt>
<trkpt lat="45.370937" lon="-75.837541"><ele>23.0</ele><time>2024-10-14T15:07:26Z</time></trkpt>
<trkpt lat="45.370947" lon="-75.837505"><ele>24.0</ele><time>2024-10-14T15:07:27Z</time></trkpt>
<trkpt lat="45.370956" lon="-75.837478"><ele>23.0</ele><time>2024-10-14T15:07:28Z</time></trkpt>
<trkpt lat="45.370969" lon="-75.837451"><ele>23.0</ele><time>2024-10-14T15:07:29Z</time></trkpt>
<trkpt lat="45.370982" lon="-75.837415"><ele>23.0</ele><time>2024-10-14T15:07:30Z</time></trkpt>
<trkpt lat="45.370991" lon="-75.837397"><ele>22.0</ele><time>2024-10-14T15:07:31Z</time></trkpt>
<trkpt lat="45.371001" lon="-75.83737"><ele>23.0</ele><time>2024-10-14T15:07:32Z</time></trkpt>
<trkpt lat="45.371001" lon="-75.83737"><ele>23.0</ele><time>2024-10-14T15:07:32Z</time></trkpt>
<trkpt lat="45.37101" lon="-75.837334"><ele>23.0</ele><time>2024-10-14T15:07:33Z</time></trkpt>
<trkpt lat="45.37102" lon="-75.837307"><ele>22.0</ele><time>2024-10-14T15:07:34Z</time></trkpt>
<trkpt lat="45.371026" lon="-75.837271"><ele>23.0</ele><time>2024-10-14T15:07:35Z</time></trkpt>
<trkpt lat="45.371035" lon="-75.837244"><ele>23.0</ele><time>2024-10-14T15:07:36Z</time></trkpt>
<trkpt lat="45.371042" lon="-75.837217"><ele>23.0</ele><time>2024-10-14T15:07:37Z</time></trkpt>
<trkpt lat="45.371051" lon="-75.83719"><ele>23.0</ele><time>2024-10-14T15:07:38Z</time></trkpt>
<trkpt lat="45.371054" lon="-75.837163"><ele>23.0</ele><time>2024-10-14T15:07:39Z</time></trkpt>
<trkpt lat="45.371058" lon="-75.837136"><ele>23.0</ele><time>2024-10-14T15:07:40Z</time></trkpt>
<trkpt lat="45.371061" lon="-75.837109"><ele>23.0</ele><time>2024-10-14T15:07:41Z</time></trkpt>
<trkpt lat="45.371067" lon="-75.837082"><ele>23.0</ele><time>2024-10-14T15:07:42Z</time></trkpt>
<trkpt lat="45.37107" lon="-75.837056"><ele>23.0</ele><time>2024-10-14T15:07:43Z</time></trkpt>
<trkpt lat="45.371073" lon="-75.837029"><ele>24.0</ele><time>2024-10-14T15:07:44Z</time></trkpt>
<trkpt lat="45.371077" lon="-75.837002"><ele>24.0</ele><time>2024-10-14T15:07:45Z</time></trkpt>
<trkpt lat="45.37108" lon="-75.836984"><ele>24.0</ele><time>2024-10-14T15:07:46Z</time></trkpt>
<trkpt lat="45.371083" lon="-75.836957"><ele>24.0</ele><time>2024-10-14T15:07:47Z</time></trkpt>
<trkpt lat="45.371086" lon="-75.83693"><ele>25.0</ele><time>2024-10-14T15:07:48Z</time></trkpt>
<trkpt lat="45.371086" lon="-75.836903"><ele>25.0</ele><time>2024-10-14T15:07:49Z</time></trkpt>
<trkpt lat="45.371089" lon="-75.836876"><ele>25.0</ele><time>2024-10-14T15:07:50Z</time></trkpt>
<trkpt lat="45.371089" lon="-75.836849"><ele>24.0</ele><time>2024-10-14T15:07:51Z</time></trkpt>
<trkpt lat="45.371089" lon="-75.836822"><ele>25.0</ele><time>2024-10-14T15:07:52Z</time></trkpt>
<trkpt lat="45.371089" lon="-75.836795"><ele>25.0</ele><time>2024-10-14T15:07:53Z</time></trkpt>
<trkpt lat="45.371089" lon="-75.836768"><ele>25.0</ele><time>2024-10-14T15:07:54Z</time></trkpt>
<trkpt lat="45.371086" lon="-75.836741"><ele>24.0</ele><time>2024-10-14T15:07:55Z</time></trkpt>
<trkpt lat="45.371086" lon="-75.836714"><ele>25.0</ele><time>2024-10-14T15:07:56Z</time></trkpt>
<trkpt lat="45.371086" lon="-75.836678"><ele>24.0</ele><time>2024-10-14T15:07:57Z</time></trkpt>
<trkpt lat="45.371086" lon="-75.836651"><ele>24.0</ele><time>2024-10-14T15:07:58Z</time></trkpt>
<trkpt lat="45.371086" lon="-75.836624"><ele>24.0</ele><time>2024-10-14T15:07:59Z</time></trkpt>
<trkpt lat="45.371086" lon="-75.836597"><ele>24.0</ele><time>2024-10-14T15:08:00Z</time></trkpt>
<trkpt lat="45.371083" lon="-75.83657"><ele>24.0</ele><time>2024-10-14T15:08:01Z</time></trkpt>
<trkpt lat="45.371083" lon="-75.836535"><ele>24.0</ele><time>2024-10-14T15:08:02Z</time></trkpt>
<trkpt lat="45.37108" lon="-75.836508"><ele>24.0</ele><time>2024-10-14T15:08:03Z</time></trkpt>
<trkpt lat="45.37108" lon="-75.836472"><ele>24.0</ele><time>2024-10-14T15:08:04Z</time></trkpt>
<trkpt lat="45.37108" lon="-75.836445"><ele>24.0</ele><time>2024-10-14T15:08:05Z</time></trkpt>
<trkpt lat="45.37108" lon="-75.836409"><ele>24.0</ele><time>2024-10-14T15:08:06Z</time></trkpt>
<trkpt lat="45.371083" lon="-75.836373"><ele>24.0</ele><time>2024-10-14T15:08:07Z</time></trkpt>
<trkpt lat="45.371083" lon="-75.836346"><ele>24.0</ele><time>2024-10-14T15:08:08Z</time></trkpt>
<trkpt lat="45.371086" lon="-75.836319"><ele>24.0</ele><time>2024-10-14T15:08:09Z</time></trkpt>
<trkpt lat="45.371086" lon="-75.836283"><ele>24.0</ele><time>2024-10-14T15:08:10Z</time></trkpt>
<trkpt lat="45.371086" lon="-75.836256"><ele>24.0</ele><time>2024-10-14T15:08:11Z</time></trkpt>
<trkpt lat="45.371089" lon="-75.83622"><ele>24.0</ele><time>2024-10-14T15:08:12Z</time></trkpt>
<trkpt lat="45.371089" lon="-75.836193"><ele>24.0</ele><time>2024-10-14T15:08:13Z</time></trkpt>
<trkpt lat="45.371092" lon="-75.836175"><ele>24.0</ele><time>2024-10-14T15:08:14Z</time></trkpt>
<trkpt lat="45.371099" lon="-75.836148"><ele>24.0</ele><time>2024-10-14T15:08:15Z</time></trkpt>
<trkpt lat="45.371105" lon="-75.83613"><ele>24.0</ele><time>2024-10-14T15:08:16Z</time></trkpt>
<trkpt lat="45.371118" lon="-75.836121"><ele>24.0</ele><time>2024-10-14T15:08:17Z</time></trkpt>
<trkpt lat="45.371127" lon="-75.836112"><ele>24.0</ele><time>2024-10-14T15:08:18Z</time></trkpt>
<trkpt lat="45.371137" lon="-75.836112"><ele>24.0</ele><time>2024-10-14T15:08:19Z</time></trkpt>
<trkpt lat="45.371149" lon="-75.836112"><ele>24.0</ele><time>2024-10-14T15:08:20Z</time></trkpt>
<trkpt lat="45.371159" lon="-75.836112"><ele>24.0</ele><time>2024-10-14T15:08:21Z</time></trkpt>
<trkpt lat="45.371165" lon="-75.836121"><ele>24.0</ele><time>2024-10-14T15:08:22Z</time></trkpt>
<trkpt lat="45.371172" lon="-75.83613"><ele>24.0</ele><time>2024-10-14T15:08:23Z</time></trkpt>
<trkpt lat="45.371178" lon="-75.836139"><ele>24.0</ele><time>2024-10-14T15:08:24Z</time></trkpt>
<trkpt lat="45.371184" lon="-75.836148"><ele>24.0</ele><time>2024-10-14T15:08:25Z</time></trkpt>
<trkpt lat="45.371194" lon="-75.836166"><ele>24.0</ele><time>2024-10-14T15:08:26Z</time></trkpt>
<trkpt lat="45.3712" lon="-75.836175"><ele>24.0</ele><time>2024-10-14T15:08:27Z</time></trkpt>
<trkpt lat="45.371206" lon="-75.836193"><ele>24.0</ele><time>2024-10-14T15:08:28Z</time></trkpt>
<trkpt lat="45.371213" lon="-75.836211"><ele>24.0</ele><time>2024-10-14T15:08:29Z</time></trkpt>
<trkpt lat="45.371219" lon="-75.836229"><ele>24.0</ele><time>2024-10-14T15:08:30Z</time></trkpt>
<trkpt lat="45.371229" lon="-75.836247"><ele>24.0</ele><time>2024-10-14T15:08:31Z</time></trkpt>
<trkpt lat="45.371238" lon="-75.836265"><ele>24.0</ele><time>2024-10-14T15:08:32Z</time></trkpt>
<trkpt lat="45.371248" lon="-75.836274"><ele>24.0</ele><time>2024-10-14T15:08:33Z</time></trkpt>
<trkpt lat="45.371257" lon="-75.836292"><ele>24.0</ele><time>2024-10-14T15:08:34Z</time></trkpt>
<trkpt lat="45.37127" lon="-75.83631"><ele>24.0</ele><time>2024-10-14T15:08:35Z</time></trkpt>
<trkpt lat="45.371282" lon="-75.836328"><ele>24.0</ele><time>2024-10-14T15:08:36Z</time></trkpt>
<trkpt lat="45.371295" lon="-75.836346"><ele>24.0</ele><time>2024-10-14T15:08:37Z</time></trkpt>
<trkpt lat="45.371308" lon="-75.836364"><ele>24.0</ele><time>2024-10-14T15:08:38Z</time></trkpt>
<trkpt lat="45.371324" lon="-75.836382"><ele>24.0</ele><time>2024-10-14T15:08:39Z</time></trkpt>
<trkpt lat="45.371336" lon="-75.8364"><ele>24.0</ele><time>2024-10-14T15:08:40Z</time></trkpt>
<trkpt lat="45.371352" lon="-75.836418"><ele>24.0</ele><time>2024-10-14T15:08:41Z</time></trkpt>
<trkpt lat="45.371368" lon="-75.836427"><ele>24.0</ele><time>2024-10-14T15:08:42Z</time></trkpt>
<trkpt lat="45.371384" lon="-75.836445"><ele>24.0</ele><time>2024-10-14T15:08:43Z</time></trkpt>
<trkpt lat="45.371399" lon="-75.836463"><ele>24.0</ele><time>2024-10-14T15:08:44Z</time></trkpt>
<trkpt lat="45.371415" lon="-75.836481"><ele>24.0</ele><time>2024-10-14T15:08:45Z</time></trkpt>
<trkpt lat="45.371431" lon="-75.836499"><ele>24.0</ele><time>2024-10-14T15:08:46Z</time></trkpt>
<trkpt lat="45.371444" lon="-75.836517"><ele>24.0</ele><time>2024-10-14T15:08:47Z</time></trkpt>
<trkpt lat="45.37146" lon="-75.836526"><ele>24.0</ele><time>2024-10-14T15:08:48Z</time></trkpt>
<trkpt lat="45.371475" lon="-75.836544"><ele>24.0</ele><time>2024-10-14T15:08:49Z</time></trkpt>
<trkpt lat="45.371488" lon="-75.836561"><ele>24.0</ele><time>2024-10-14T15:08:50Z</time></trkpt>
<trkpt lat="45.371501" lon="-75.836579"><ele>24.0</ele><time>2024-10-14T15:08:51Z</time></trkpt>
<trkpt lat="45.371513" lon="-75.836597"><ele>24.0</ele><time>2024-10-14T15:08:52Z</time></trkpt>
<trkpt lat="45.371526" lon="-75.836615"><ele>24.0</ele><time>2024-10-14T15:08:53Z</time></trkpt>
<trkpt lat="45.371539" lon="-75.836633"><ele>24.0</ele><time>2024-10-14T15:08:54Z</time></trkpt>
<trkpt lat="45.371555" lon="-75.836651"><ele>24.0</ele><time>2024-10-14T15:08:55Z</time></trkpt>
<trkpt lat="45.371567" lon="-75.83666"><ele>24.0</ele><time>2024-10-14T15:08:56Z</time></trkpt>
<trkpt lat="45.371583" lon="-75.836678"><ele>24.0</ele><time>2024-10-14T15:08:57Z</time></trkpt>
<trkpt lat="45.371596" lon="-75.836705"><ele>24.0</ele><time>2024-10-14T15:08:58Z</time></trkpt>
<trkpt lat="45.371608" lon="-75.836723"><ele>24.0</ele><time>2024-10-14T15:08:59Z</time></trkpt>
<trkpt lat="45.371624" lon="-75.836741"><ele>24.0</ele><time>2024-10-14T15:09:00Z</time></trkpt>
<trkpt lat="45.371637" lon="-75.83675"><ele>24.0</ele><time>2024-10-14T15:09:01Z</time></trkpt>
<trkpt lat="45.371653" lon="-75.836768"><ele>24.0</ele><time>2024-10-14T15:09:02Z</time></trkpt>
<trkpt lat="45.371669" lon="-75.836786"><ele>24.0</ele><time>2024-10-14T15:09:03Z</time></trkpt>
<trkpt lat="45.371681" lon="-75.836804"><ele>24.0</ele><time>2024-10-14T15:09:04Z</time></trkpt>
<trkpt lat="45.371697" lon="-75.836822"><ele>24.0</ele><time>2024-10-14T15:09:05Z</time></trkpt>
<trkpt lat="45.37171" lon="-75.83684"><ele>24.0</ele><time>2024-10-14T15:09:06Z</time></trkpt>
<trkpt lat="45.371726" lon="-75.836858"><ele>24.0</ele><time>2024-10-14T15:09:07Z</time></trkpt>
<trkpt lat="45.371741" lon="-75.836876"><ele>24.0</ele><time>2024-10-14T15:09:08Z</time></trkpt>
<trkpt lat="45.371757" lon="-75.836894"><ele>24.0</ele><time>2024-10-14T15:09:09Z</time></trkpt>
<trkpt lat="45.371773" lon="-75.836912"><ele>24.0</ele><time>2024-10-14T15:09:10Z</time></trkpt>
<trkpt lat="45.371789" lon="-75.83693"><ele>24.0</ele><time>2024-10-14T15:09:11Z</time></trkpt>
<trkpt lat="45.371805" lon="-75.836948"><ele>24.0</ele><time>2024-10-14T15:09:12Z</time></trkpt>
<trkpt lat="45.371821" lon="-75.836966"><ele>24.0</ele><time>2024-10-14T15:09:13Z</time></trkpt>
<trkpt lat="45.371836" lon="-75.836984"><ele>24.0</ele><time>2024-10-14T15:09:14Z</time></trkpt>
<trkpt lat="45.371852" lon="-75.837002"><ele>24.0</ele><time>2024-10-14T15:09:15Z</time></trkpt>
<trkpt lat="45.371865" lon="-75.837011"><ele>24.0</ele><time>2024-10-14T15:09:16Z</time></trkpt>
<trkpt lat="45.371881" lon="-75.837029"><ele>24.0</ele><time>2024-10-14T15:09:17Z</time></trkpt>
<trkpt lat="45.371893" lon="-75.837047"><ele>24.0</ele><time>2024-10-14T15:09:18Z</time></trkpt>
<trkpt lat="45.371906" lon="-75.837056"><ele>24.0</ele><time>2024-10-14T15:09:19Z</time></trkpt>
<trkpt lat="45.371922" lon="-75.837074"><ele>24.0</ele><time>2024-10-14T15:09:20Z</time></trkpt>
<trkpt lat="45.371935" lon="-75.837091"><ele>24.0</ele><time>2024-10-14T15:09:21Z</time></trkpt>
<trkpt lat="45.371947" lon="-75.8371"><ele>24.0</ele><time>2024-10-14T15:09:22Z</time></trkpt>
<trkpt lat="45.371963" lon="-75.837109"><ele>24.0</ele><time>2024-10-14T15:09:23Z</time></trkpt>
<trkpt lat="45.371976" lon="-75.837118"><ele>24.0</ele><time>2024-10-14T15:09:24Z</time></trkpt>
<trkpt lat="45.371988" lon="-75.837127"><ele>24.0</ele><time>2024-10-14T15:09:25Z</time></trkpt>
<trkpt lat="45.372001" lon="-75.837136"><ele>24.0</ele><time>2024-10-14T15:09:26Z</time></trkpt>
<trkpt lat="45.372014" lon="-75.837145"><ele>24.0</ele><time>2024-10-14T15:09:27Z</time></trkpt>
<trkpt lat="45.372023" lon="-75.837163"><ele>24.0</ele><time>2024-10-14T15:09:28Z</time></trkpt>
<trkpt lat="45.372036" lon="-75.837172"><ele>24.0</ele><time>2024-10-14T15:09:29Z</time></trkpt>
<trkpt lat="45.372048" lon="-75.837181"><ele>25.0</ele><time>2024-10-14T15:09:30Z</time></trkpt>
<trkpt lat="45.372061" lon="-75.83719"><ele>25.0</ele><time>2024-10-14T15:09:31Z</time></trkpt>
<trkpt lat="45.372074" lon="-75.837199"><ele>24.0</ele><time>2024-10-14T15:09:32Z</time></trkpt>
<trkpt lat="45.372086" lon="-75.837217"><ele>25.0</ele><time>2024-10-14T15:09:33Z</time></trkpt>
<trkpt lat="45.372099" lon="-75.837226"><ele>25.0</ele><time>2024-10-14T15:09:34Z</time></trkpt>
<trkpt lat="45.372115" lon="-75.837244"><ele>25.0</ele><time>2024-10-14T15:09:35Z</time></trkpt>
<trkpt lat="45.372128" lon="-75.837253"><ele>25.0</ele><time>2024-10-14T15:09:36Z</time></trkpt>
<trkpt lat="45.372143" lon="-75.837262"><ele>25.0</ele><time>2024-10-14T15:09:37Z</time></trkpt>
<trkpt lat="45.372156" lon="-75.83728"><ele>25.0</ele><time>2024-10-14T15:09:38Z</time></trkpt>
<trkpt lat="45.372172" lon="-75.837289"><ele>25.0</ele><time>2024-10-14T15:09:39Z</time></trkpt>
<trkpt lat="45.372185" lon="-75.837298"><ele>25.0</ele><time>2024-10-14T15:09:40Z</time></trkpt>
<trkpt lat="45.3722" lon="-75.837307"><ele>25.0</ele><time>2024-10-14T15:09:41Z</time></trkpt>
<trkpt lat="45.372213" lon="-75.837316"><ele>25.0</ele><time>2024-10-14T15:09:42Z</time></trkpt>
<trkpt lat="45.372226" lon="-75.837334"><ele>25.0</ele><time>2024-10-14T15:09:43Z</time></trkpt>
<trkpt lat="45.372238" lon="-75.837352"><ele>25.0</ele><time>2024-10-14T15:09:44Z</time></trkpt>
<trkpt lat="45.372251" lon="-75.83737"><ele>25.0</ele><time>2024-10-14T15:09:45Z</time></trkpt>
<trkpt lat="45.372264" lon="-75.837388"><ele>24.0</ele><time>2024-10-14T15:09:46Z</time></trkpt>
<trkpt lat="45.372276" lon="-75.837415"><ele>24.0</ele><time>2024-10-14T15:09:47Z</time></trkpt>
<trkpt lat="45.372292" lon="-75.837433"><ele>24.0</ele><time>2024-10-14T15:09:48Z</time></trkpt>
<trkpt lat="45.372305" lon="-75.837451"><ele>24.0</ele><time>2024-10-14T15:09:49Z</time></trkpt>
<trkpt lat="45.372321" lon="-75.837478"><ele>24.0</ele><time>2024-10-14T15:09:50Z</time></trkpt>
<trkpt lat="45.372333" lon="-75.837496"><ele>24.0</ele><time>2024-10-14T15:09:51Z</time></trkpt>
<trkpt lat="45.372349" lon="-75.837523"><ele>24.0</ele><time>2024-10-14T15:09:52Z</time></trkpt>
<trkpt lat="45.372365" lon="-75.83755"><ele>24.0</ele><time>2024-10-14T15:09:53Z</time></trkpt>
<trkpt lat="45.372384" lon="-75.837577"><ele>24.0</ele><time>2024-10-14T15:09:54Z</time></trkpt>
<trkpt lat="45.3724" lon="-75.837595"><ele>24.0</ele><time>2024-10-14T15:09:55Z</time></trkpt>
<trkpt lat="45.372419" lon="-75.837612"><ele>24.0</ele><time>2024-10-14T15:09:56Z</time></trkpt>
<trkpt lat="45.372438" lon="-75.837639"><ele>24.0</ele><time>2024-10-14T15:09:57Z</time></trkpt>
<trkpt lat="45.372454" lon="-75.837666"><ele>24.0</ele><time>2024-10-14T15:09:58Z</time></trkpt>
<trkpt lat="45.37247" lon="-75.837684"><ele>24.0</ele><time>2024-10-14T15:09:59Z</time></trkpt>
<trkpt lat="45.372489" lon="-75.837711"><ele>24.0</ele><time>2024-10-14T15:10:00Z</time></trkpt>
<trkpt lat="45.372504" lon="-75.837729"><ele>24.0</ele><time>2024-10-14T15:10:01Z</time></trkpt>
<trkpt lat="45.372517" lon="-75.837756"><ele>24.0</ele><time>2024-10-14T15:10:02Z</time></trkpt>
<trkpt lat="45.372533" lon="-75.837783"><ele>24.0</ele><time>2024-10-14T15:10:03Z</time></trkpt>
<trkpt lat="45.372546" lon="-75.83781"><ele>24.0</ele><time>2024-10-14T15:10:04Z</time></trkpt>
<trkpt lat="45.372561" lon="-75.837837"><ele>24.0</ele><time>2024-10-14T15:10:05Z</time></trkpt>
<trkpt lat="45.372574" lon="-75.837864"><ele>24.0</ele><time>2024-10-14T15:10:06Z</time></trkpt>
<trkpt lat="45.37259" lon="-75.837891"><ele>24.0</ele><time>2024-10-14T15:10:07Z</time></trkpt>
<trkpt lat="45.372602" lon="-75.837909"><ele>24.0</ele><time>2024-10-14T15:10:08Z</time></trkpt>
<trkpt lat="45.372615" lon="-75.837945"><ele>24.0</ele><time>2024-10-14T15:10:09Z</time></trkpt>
<trkpt lat="45.372628" lon="-75.837972"><ele>24.0</ele><time>2024-10-14T15:10:10Z</time></trkpt>
<trkpt lat="45.37264" lon="-75.837999"><ele>24.0</ele><time>2024-10-14T15:10:11Z</time></trkpt>
<trkpt lat="45.372653" lon="-75.838026"><ele>24.0</ele><time>2024-10-14T15:10:12Z</time></trkpt>
<trkpt lat="45.372669" lon="-75.838053"><ele>24.0</ele><time>2024-10-14T15:10:13Z</time></trkpt>
<trkpt lat="45.372682" lon="-75.83808"><ele>24.0</ele><time>2024-10-14T15:10:14Z</time></trkpt>
<trkpt lat="45.372691" lon="-75.838107"><ele>24.0</ele><time>2024-10-14T15:10:15Z</time></trkpt>
<trkpt lat="45.372704" lon="-75.838133"><ele>24.0</ele><time>2024-10-14T15:10:16Z</time></trkpt>
<trkpt lat="45.372713" lon="-75.838169"><ele>24.0</ele><time>2024-10-14T15:10:17Z</time></trkpt>
<trkpt lat="45.372723" lon="-75.838196"><ele>24.0</ele><time>2024-10-14T15:10:18Z</time></trkpt>
<trkpt lat="45.372732" lon="-75.838223"><ele>24.0</ele><time>2024-10-14T15:10:19Z</time></trkpt>
<trkpt lat="45.372748" lon="-75.83825"><ele>24.0</ele><time>2024-10-14T15:10:20Z</time></trkpt>
<trkpt lat="45.372761" lon="-75.838277"><ele>24.0</ele><time>2024-10-14T15:10:21Z</time></trkpt>
<trkpt lat="45.372777" lon="-75.838295"><ele>24.0</ele><time>2024-10-14T15:10:22Z</time></trkpt>
<trkpt lat="45.372792" lon="-75.838313"><ele>24.0</ele><time>2024-10-14T15:10:23Z</time></trkpt>
<trkpt lat="45.372808" lon="-75.83834"><ele>24.0</ele><time>2024-10-14T15:10:24Z</time></trkpt>
<trkpt lat="45.372821" lon="-75.838358"><ele>24.0</ele><time>2024-10-14T15:10:25Z</time></trkpt>
<trkpt lat="45.372834" lon="-75.838376"><ele>24.0</ele><time>2024-10-14T15:10:26Z</time></trkpt>
<trkpt lat="45.372849" lon="-75.838403"><ele>24.0</ele><time>2024-10-14T15:10:27Z</time></trkpt>
<trkpt lat="45.372862" lon="-75.838421"><ele>24.0</ele><time>2024-10-14T15:10:28Z</time></trkpt>
<trkpt lat="45.372878" lon="-75.838439"><ele>24.0</ele><time>2024-10-14T15:10:29Z</time></trkpt>
<trkpt lat="45.372891" lon="-75.838466"><ele>24.0</ele><time>2024-10-14T15:10:30Z</time></trkpt>
<trkpt lat="45.372903" lon="-75.838484"><ele>24.0</ele><time>2024-10-14T15:10:31Z</time></trkpt>
<trkpt lat="45.372916" lon="-75.838511"><ele>24.0</ele><time>2024-10-14T15:10:32Z</time></trkpt>
<trkpt lat="45.372929" lon="-75.838529"><ele>24.0</ele><time>2024-10-14T15:10:33Z</time></trkpt>
<trkpt lat="45.372944" lon="-75.838547"><ele>24.0</ele><time>2024-10-14T15:10:34Z</time></trkpt>
<trkpt lat="45.372957" lon="-75.838574"><ele>24.0</ele><time>2024-10-14T15:10:35Z</time></trkpt>
<trkpt lat="45.37297" lon="-75.838592"><ele>24.0</ele><time>2024-10-14T15:10:36Z</time></trkpt>
<trkpt lat="45.372982" lon="-75.83861"><ele>24.0</ele><time>2024-10-14T15:10:37Z</time></trkpt>
<trkpt lat="45.372995" lon="-75.838637"><ele>24.0</ele><time>2024-10-14T15:10:38Z</time></trkpt>
<trkpt lat="45.373008" lon="-75.838654"><ele>24.0</ele><time>2024-10-14T15:10:39Z</time></trkpt>
<trkpt lat="45.37302" lon="-75.838672"><ele>24.0</ele><time>2024-10-14T15:10:40Z</time></trkpt>
<trkpt lat="45.373033" lon="-75.83869"><ele>23.0</ele><time>2024-10-14T15:10:41Z</time></trkpt>
<trkpt lat="45.373046" lon="-75.838708"><ele>24.0</ele><time>2024-10-14T15:10:42Z</time></trkpt>
<trkpt lat="45.373058" lon="-75.838735"><ele>24.0</ele><time>2024-10-14T15:10:43Z</time></trkpt>
<trkpt lat="45.373071" lon="-75.838753"><ele>24.0</ele><time>2024-10-14T15:10:44Z</time></trkpt>
<trkpt lat="45.373084" lon="-75.838771"><ele>24.0</ele><time>2024-10-14T15:10:45Z</time></trkpt>
<trkpt lat="45.373096" lon="-75.838789"><ele>24.0</ele><time>2024-10-14T15:10:46Z</time></trkpt>
<trkpt lat="45.373109" lon="-75.838816"><ele>24.0</ele><time>2024-10-14T15:10:47Z</time></trkpt>
<trkpt lat="45.373118" lon="-75.838834"><ele>24.0</ele><time>2024-10-14T15:10:48Z</time></trkpt>
<trkpt lat="45.373131" lon="-75.838861"><ele>24.0</ele><time>2024-10-14T15:10:49Z</time></trkpt>
<trkpt lat="45.373144" lon="-75.838879"><ele>24.0</ele><time>2024-10-14T15:10:50Z</time></trkpt>
<trkpt lat="45.373156" lon="-75.838906"><ele>24.0</ele><time>2024-10-14T15:10:51Z</time></trkpt>
<trkpt lat="45.373172" lon="-75.838924"><ele>24.0</ele><time>2024-10-14T15:10:52Z</time></trkpt>
<trkpt lat="45.373185" lon="-75.838942"><ele>24.0</ele><time>2024-10-14T15:10:53Z</time></trkpt>
<trkpt lat="45.373201" lon="-75.83896"><ele>24.0</ele><time>2024-10-14T15:10:54Z</time></trkpt>
<trkpt lat="45.373213" lon="-75.838978"><ele>24.0</ele><time>2024-10-14T15:10:55Z</time></trkpt>
<trkpt lat="45.373229" lon="-75.839005"><ele>24.0</ele><time>2024-10-14T15:10:56Z</time></trkpt>
<trkpt lat="45.373242" lon="-75.839023"><ele>24.0</ele><time>2024-10-14T15:10:57Z</time></trkpt>
<trkpt lat="45.373255" lon="-75.83905"><ele>24.0</ele><time>2024-10-14T15:10:58Z</time></trkpt>
<trkpt lat="45.37327" lon="-75.839068"><ele>24.0</ele><time>2024-10-14T15:10:59Z</time></trkpt>
<trkpt lat="45.373286" lon="-75.839095"><ele>24.0</ele><time>2024-10-14T15:11:00Z</time></trkpt>
<trkpt lat="45.373305" lon="-75.839122"><ele>24.0</ele><time>2024-10-14T15:11:01Z</time></trkpt>
<trkpt lat="45.373315" lon="-75.839149"><ele>24.0</ele><time>2024-10-14T15:11:02Z</time></trkpt>
<trkpt lat="45.373327" lon="-75.839166"><ele>25.0</ele><time>2024-10-14T15:11:03Z</time></trkpt>
<trkpt lat="45.373346" lon="-75.839184"><ele>25.0</ele><time>2024-10-14T15:11:04Z</time></trkpt>
<trkpt lat="45.373365" lon="-75.839202"><ele>25.0</ele><time>2024-10-14T15:11:05Z</time></trkpt>
<trkpt lat="45.373381" lon="-75.83922"><ele>24.0</ele><time>2024-10-14T15:11:06Z</time></trkpt>
<trkpt lat="45.3734" lon="-75.839238"><ele>25.0</ele><time>2024-10-14T15:11:07Z</time></trkpt>
<trkpt lat="45.373419" lon="-75.839256"><ele>25.0</ele><time>2024-10-14T15:11:08Z</time></trkpt>
<trkpt lat="45.373435" lon="-75.839274"><ele>25.0</ele><time>2024-10-14T15:11:09Z</time></trkpt>
<trkpt lat="45.373451" lon="-75.839292"><ele>24.0</ele><time>2024-10-14T15:11:10Z</time></trkpt>
<trkpt lat="45.37347" lon="-75.83931"><ele>24.0</ele><time>2024-10-14T15:11:11Z</time></trkpt>
<trkpt lat="45.373486" lon="-75.839337"><ele>24.0</ele><time>2024-10-14T15:11:12Z</time></trkpt>
<trkpt lat="45.373502" lon="-75.839355"><ele>24.0</ele><time>2024-10-14T15:11:13Z</time></trkpt>
<trkpt lat="45.373517" lon="-75.839373"><ele>24.0</ele><time>2024-10-14T15:11:14Z</time></trkpt>
<trkpt lat="45.373533" lon="-75.839391"><ele>24.0</ele><time>2024-10-14T15:11:15Z</time></trkpt>
<trkpt lat="45.373549" lon="-75.839418"><ele>24.0</ele><time>2024-10-14T15:11:16Z</time></trkpt>
<trkpt lat="45.373565" lon="-75.839436"><ele>24.0</ele><time>2024-10-14T15:11:17Z</time></trkpt>
<trkpt lat="45.373581" lon="-75.839463"><ele>24.0</ele><time>2024-10-14T15:11:18Z</time></trkpt>
<trkpt lat="45.373597" lon="-75.839481"><ele>24.0</ele><time>2024-10-14T15:11:19Z</time></trkpt>
<trkpt lat="45.373612" lon="-75.839508"><ele>24.0</ele><time>2024-10-14T15:11:20Z</time></trkpt>
<trkpt lat="45.373631" lon="-75.839526"><ele>24.0</ele><time>2024-10-14T15:11:21Z</time></trkpt>
<trkpt lat="45.373647" lon="-75.839553"><ele>24.0</ele><time>2024-10-14T15:11:22Z</time></trkpt>
<trkpt lat="45.37366" lon="-75.839571"><ele>24.0</ele><time>2024-10-14T15:11:23Z</time></trkpt>
<trkpt lat="45.373676" lon="-75.839598"><ele>24.0</ele><time>2024-10-14T15:11:24Z</time></trkpt>
<trkpt lat="45.373691" lon="-75.839616"><ele>24.0</ele><time>2024-10-14T15:11:25Z</time></trkpt>
<trkpt lat="45.373707" lon="-75.839634"><ele>25.0</ele><time>2024-10-14T15:11:26Z</time></trkpt>
<trkpt lat="45.373723" lon="-75.839661"><ele>25.0</ele><time>2024-10-14T15:11:27Z</time></trkpt>
<trkpt lat="45.373736" lon="-75.839679"><ele>25.0</ele><time>2024-10-14T15:11:28Z</time></trkpt>
<trkpt lat="45.373748" lon="-75.839705"><ele>25.0</ele><time>2024-10-14T15:11:29Z</time></trkpt>
<trkpt lat="45.373761" lon="-75.839723"><ele>25.0</ele><time>2024-10-14T15:11:30Z</time></trkpt>
<trkpt lat="45.373777" lon="-75.83975"><ele>25.0</ele><time>2024-10-14T15:11:31Z</time></trkpt>
<trkpt lat="45.37379" lon="-75.839768"><ele>25.0</ele><time>2024-10-14T15:11:32Z</time></trkpt>
<trkpt lat="45.373802" lon="-75.839786"><ele>25.0</ele><time>2024-10-14T15:11:33Z</time></trkpt>
<trkpt lat="45.373815" lon="-75.839813"><ele>25.0</ele><time>2024-10-14T15:11:34Z</time></trkpt>
<trkpt lat="45.373828" lon="-75.839831"><ele>25.0</ele><time>2024-10-14T15:11:35Z</time></trkpt>
<trkpt lat="45.37384" lon="-75.839858"><ele>25.0</ele><time>2024-10-14T15:11:36Z</time></trkpt>
<trkpt lat="45.373847" lon="-75.839876"><ele>25.0</ele><time>2024-10-14T15:11:37Z</time></trkpt>
<trkpt lat="45.373856" lon="-75.839903"><ele>25.0</ele><time>2024-10-14T15:11:38Z</time></trkpt>
<trkpt lat="45.373862" lon="-75.83993"><ele>25.0</ele><time>2024-10-14T15:11:39Z</time></trkpt>
<trkpt lat="45.373872" lon="-75.839957"><ele>25.0</ele><time>2024-10-14T15:11:40Z</time></trkpt>
<trkpt lat="45.373881" lon="-75.839984"><ele>25.0</ele><time>2024-10-14T15:11:41Z</time></trkpt>
<trkpt lat="45.373894" lon="-75.84002"><ele>25.0</ele><time>2024-10-14T15:11:42Z</time></trkpt>
<trkpt lat="45.373907" lon="-75.840047"><ele>25.0</ele><time>2024-10-14T15:11:43Z</time></trkpt>
<trkpt lat="45.373919" lon="-75.840074"><ele>25.0</ele><time>2024-10-14T15:11:44Z</time></trkpt>
<trkpt lat="45.373932" lon="-75.840101"><ele>25.0</ele><time>2024-10-14T15:11:45Z</time></trkpt>
<trkpt lat="45.373945" lon="-75.840128"><ele>25.0</ele><time>2024-10-14T15:11:46Z</time></trkpt>
<trkpt lat="45.373957" lon="-75.840155"><ele>25.0</ele><time>2024-10-14T15:11:47Z</time></trkpt>
<trkpt lat="45.373973" lon="-75.840173"><ele>25.0</ele><time>2024-10-14T15:11:48Z</time></trkpt>
<trkpt lat="45.373986" lon="-75.8402"><ele>25.0</ele><time>2024-10-14T15:11:49Z</time></trkpt>
<trkpt lat="45.373999" lon="-75.840226"><ele>25.0</ele><time>2024-10-14T15:11:50Z</time></trkpt>
<trkpt lat="45.374008" lon="-75.840253"><ele>25.0</ele><time>2024-10-14T15:11:51Z</time></trkpt>
<trkpt lat="45.374021" lon="-75.84028"><ele>25.0</ele><time>2024-10-14T15:11:52Z</time></trkpt>
<trkpt lat="45.374033" lon="-75.840307"><ele>25.0</ele><time>2024-10-14T15:11:53Z</time></trkpt>
<trkpt lat="45.374043" lon="-75.840343"><ele>24.0</ele><time>2024-10-14T15:11:54Z</time></trkpt>
<trkpt lat="45.374056" lon="-75.84037"><ele>24.0</ele><time>2024-10-14T15:11:55Z</time></trkpt>
<trkpt lat="45.374068" lon="-75.840397"><ele>24.0</ele><time>2024-10-14T15:11:56Z</time></trkpt>
<trkpt lat="45.374078" lon="-75.840424"><ele>24.0</ele><time>2024-10-14T15:11:57Z</time></trkpt>
<trkpt lat="45.37409" lon="-75.84046"><ele>24.0</ele><time>2024-10-14T15:11:58Z</time></trkpt>
<trkpt lat="45.374103" lon="-75.840487"><ele>24.0</ele><time>2024-10-14T15:11:59Z</time></trkpt>
<trkpt lat="45.374116" lon="-75.840523"><ele>24.0</ele><time>2024-10-14T15:12:00Z</time></trkpt>
<trkpt lat="45.374125" lon="-75.84055"><ele>24.0</ele><time>2024-10-14T15:12:01Z</time></trkpt>
<trkpt lat="45.374138" lon="-75.840577"><ele>24.0</ele><time>2024-10-14T15:12:02Z</time></trkpt>
<trkpt lat="45.374151" lon="-75.840613"><ele>24.0</ele><time>2024-10-14T15:12:03Z</time></trkpt>
<trkpt lat="45.374163" lon="-75.84064"><ele>24.0</ele><time>2024-10-14T15:12:04Z</time></trkpt>
<trkpt lat="45.374173" lon="-75.840667"><ele>24.0</ele><time>2024-10-14T15:12:05Z</time></trkpt>
<trkpt lat="45.374182" lon="-75.840694"><ele>24.0</ele><time>2024-10-14T15:12:06Z</time></trkpt>
<trkpt lat="45.374192" lon="-75.84073"><ele>24.0</ele><time>2024-10-14T15:12:07Z</time></trkpt>
<trkpt lat="45.374201" lon="-75.840765"><ele>24.0</ele><time>2024-10-14T15:12:08Z</time></trkpt>
<trkpt lat="45.374211" lon="-75.840792"><ele>24.0</ele><time>2024-10-14T15:12:09Z</time></trkpt>
<trkpt lat="45.374223" lon="-75.840828"><ele>24.0</ele><time>2024-10-14T15:12:10Z</time></trkpt>
<trkpt lat="45.374236" lon="-75.840855"><ele>24.0</ele><time>2024-10-14T15:12:11Z</time></trkpt>
<trkpt lat="45.374245" lon="-75.840882"><ele>24.0</ele><time>2024-10-14T15:12:12Z</time></trkpt>
<trkpt lat="45.374258" lon="-75.840909"><ele>24.0</ele><time>2024-10-14T15:12:13Z</time></trkpt>
<trkpt lat="45.374268" lon="-75.840945"><ele>24.0</ele><time>2024-10-14T15:12:14Z</time></trkpt>
<trkpt lat="45.37428" lon="-75.840972"><ele>24.0</ele><time>2024-10-14T15:12:15Z</time></trkpt>
<trkpt lat="45.37429" lon="-75.840999"><ele>24.0</ele><time>2024-10-14T15:12:16Z</time></trkpt>
<trkpt lat="45.374299" lon="-75.841026"><ele>24.0</ele><time>2024-10-14T15:12:17Z</time></trkpt>
<trkpt lat="45.374309" lon="-75.841062"><ele>24.0</ele><time>2024-10-14T15:12:18Z</time></trkpt>
<trkpt lat="45.374318" lon="-75.841089"><ele>24.0</ele><time>2024-10-14T15:12:19Z</time></trkpt>
<trkpt lat="45.374331" lon="-75.841116"><ele>24.0</ele><time>2024-10-14T15:12:20Z</time></trkpt>
<trkpt lat="45.374344" lon="-75.841143"><ele>24.0</ele><time>2024-10-14T15:12:21Z</time></trkpt>
<trkpt lat="45.374356" lon="-75.84117"><ele>24.0</ele><time>2024-10-14T15:12:22Z</time></trkpt>
<trkpt lat="45.374369" lon="-75.841197"><ele>24.0</ele><time>2024-10-14T15:12:23Z</time></trkpt>
<trkpt lat="45.374382" lon="-75.841224"><ele>24.0</ele><time>2024-10-14T15:12:24Z</time></trkpt>
<trkpt lat="45.374391" lon="-75.841251"><ele>24.0</ele><time>2024-10-14T15:12:25Z</time></trkpt>
<trkpt lat="45.374401" lon="-75.841286"><ele>24.0</ele><time>2024-10-14T15:12:26Z</time></trkpt>
<trkpt lat="45.374413" lon="-75.841313"><ele>24.0</ele><time>2024-10-14T15:12:27Z</time></trkpt>
<trkpt lat="45.374423" lon="-75.84134"><ele>24.0</ele><time>2024-10-14T15:12:28Z</time></trkpt>
<trkpt lat="45.374435" lon="-75.841367"><ele>24.0</ele><time>2024-10-14T15:12:29Z</time></trkpt>
<trkpt lat="45.374448" lon="-75.841394"><ele>24.0</ele><time>2024-10-14T15:12:30Z</time></trkpt>
<trkpt lat="45.374461" lon="-75.841421"><ele>24.0</ele><time>2024-10-14T15:12:31Z</time></trkpt>
<trkpt lat="45.37447" lon="-75.841457"><ele>24.0</ele><time>2024-10-14T15:12:32Z</time></trkpt>
<trkpt lat="45.374483" lon="-75.841484"><ele>24.0</ele><time>2024-10-14T15:12:33Z</time></trkpt>
<trkpt lat="45.374496" lon="-75.841511"><ele>24.0</ele><time>2024-10-14T15:12:34Z</time></trkpt>
<trkpt lat="45.374508" lon="-75.841538"><ele>24.0</ele><time>2024-10-14T15:12:35Z</time></trkpt>
<trkpt lat="45.374521" lon="-75.841574"><ele>24.0</ele><time>2024-10-14T15:12:36Z</time></trkpt>
<trkpt lat="45.374537" lon="-75.841601"><ele>24.0</ele><time>2024-10-14T15:12:37Z</time></trkpt>
<trkpt lat="45.374553" lon="-75.841628"><ele>24.0</ele><time>2024-10-14T15:12:38Z</time></trkpt>
<trkpt lat="45.374565" lon="-75.841655"><ele>24.0</ele><time>2024-10-14T15:12:39Z</time></trkpt>
<trkpt lat="45.374578" lon="-75.841691"><ele>24.0</ele><time>2024-10-14T15:12:40Z</time></trkpt>
<trkpt lat="45.374594" lon="-75.841718"><ele>24.0</ele><time>2024-10-14T15:12:41Z</time></trkpt>
<trkpt lat="45.374606" lon="-75.841754"><ele>24.0</ele><time>2024-10-14T15:12:42Z</time></trkpt>
<trkpt lat="45.374622" lon="-75.84178"><ele>24.0</ele><time>2024-10-14T15:12:43Z</time></trkpt>
<trkpt lat="45.374641" lon="-75.841807"><ele>24.0</ele><time>2024-10-14T15:12:44Z</time></trkpt>
<trkpt lat="45.374654" lon="-75.841834"><ele>24.0</ele><time>2024-10-14T15:12:45Z</time></trkpt>
<trkpt lat="45.37467" lon="-75.84187"><ele>24.0</ele><time>2024-10-14T15:12:46Z</time></trkpt>
<trkpt lat="45.374685" lon="-75.841897"><ele>24.0</ele><time>2024-10-14T15:12:47Z</time></trkpt>
<trkpt lat="45.374701" lon="-75.841933"><ele>24.0</ele><time>2024-10-14T15:12:48Z</time></trkpt>
<trkpt lat="45.374717" lon="-75.84196"><ele>24.0</ele><time>2024-10-14T15:12:49Z</time></trkpt>
<trkpt lat="45.374736" lon="-75.841987"><ele>24.0</ele><time>2024-10-14T15:12:50Z</time></trkpt>
<trkpt lat="45.374758" lon="-75.842014"><ele>24.0</ele><time>2024-10-14T15:12:51Z</time></trkpt>
<trkpt lat="45.374777" lon="-75.842032"><ele>24.0</ele><time>2024-10-14T15:12:52Z</time></trkpt>
<trkpt lat="45.374799" lon="-75.84205"><ele>24.0</ele><time>2024-10-14T15:12:53Z</time></trkpt>
<trkpt lat="45.374818" lon="-75.842068"><ele>24.0</ele><time>2024-10-14T15:12:54Z</time></trkpt>
<trkpt lat="45.374841" lon="-75.842095"><ele>24.0</ele><time>2024-10-14T15:12:55Z</time></trkpt>
<trkpt lat="45.37486" lon="-75.842122"><ele>24.0</ele><time>2024-10-14T15:12:56Z</time></trkpt>
<trkpt lat="45.374879" lon="-75.842149"><ele>24.0</ele><time>2024-10-14T15:12:57Z</time></trkpt>
<trkpt lat="45.374898" lon="-75.842176"><ele>24.0</ele><time>2024-10-14T15:12:58Z</time></trkpt>
<trkpt lat="45.374917" lon="-75.842203"><ele>24.0</ele><time>2024-10-14T15:12:59Z</time></trkpt>
<trkpt lat="45.374936" lon="-75.842221"><ele>24.0</ele><time>2024-10-14T15:13:00Z</time></trkpt>
<trkpt lat="45.374955" lon="-75.842248"><ele>24.0</ele><time>2024-10-14T15:13:01Z</time></trkpt>
<trkpt lat="45.374974" lon="-75.842275"><ele>24.0</ele><time>2024-10-14T15:13:02Z</time></trkpt>
<trkpt lat="45.374993" lon="-75.842301"><ele>24.0</ele><time>2024-10-14T15:13:03Z</time></trkpt>
<trkpt lat="45.375008" lon="-75.842328"><ele>24.0</ele><time>2024-10-14T15:13:04Z</time></trkpt>
<trkpt lat="45.375024" lon="-75.842355"><ele>24.0</ele><time>2024-10-14T15:13:05Z</time></trkpt>
<trkpt lat="45.375043" lon="-75.842382"><ele>24.0</ele><time>2024-10-14T15:13:06Z</time></trkpt>
<trkpt lat="45.375065" lon="-75.8424"><ele>24.0</ele><time>2024-10-14T15:13:07Z</time></trkpt>
<trkpt lat="45.375084" lon="-75.842418"><ele>24.0</ele><time>2024-10-14T15:13:08Z</time></trkpt>
<trkpt lat="45.375103" lon="-75.842445"><ele>24.0</ele><time>2024-10-14T15:13:09Z</time></trkpt>
<trkpt lat="45.375122" lon="-75.842463"><ele>25.0</ele><time>2024-10-14T15:13:10Z</time></trkpt>
<trkpt lat="45.375138" lon="-75.842481"><ele>24.0</ele><time>2024-10-14T15:13:11Z</time></trkpt>
<trkpt lat="45.375154" lon="-75.842508"><ele>24.0</ele><time>2024-10-14T15:13:12Z</time></trkpt>
<trkpt lat="45.37517" lon="-75.842526"><ele>25.0</ele><time>2024-10-14T15:13:13Z</time></trkpt>
<trkpt lat="45.375182" lon="-75.842553"><ele>25.0</ele><time>2024-10-14T15:13:14Z</time></trkpt>
<trkpt lat="45.375198" lon="-75.84258"><ele>25.0</ele><time>2024-10-14T15:13:15Z</time></trkpt>
<trkpt lat="45.375211" lon="-75.842607"><ele>24.0</ele><time>2024-10-14T15:13:16Z</time></trkpt>
<trkpt lat="45.375227" lon="-75.842625"><ele>24.0</ele><time>2024-10-14T15:13:17Z</time></trkpt>
<trkpt lat="45.375239" lon="-75.842652"><ele>24.0</ele><time>2024-10-14T15:13:18Z</time></trkpt>
<trkpt lat="45.375255" lon="-75.842679"><ele>24.0</ele><time>2024-10-14T15:13:19Z</time></trkpt>
<trkpt lat="45.375268" lon="-75.842697"><ele>24.0</ele><time>2024-10-14T15:13:20Z</time></trkpt>
<trkpt lat="45.375281" lon="-75.842724"><ele>25.0</ele><time>2024-10-14T15:13:21Z</time></trkpt>
<trkpt lat="45.375293" lon="-75.842751"><ele>24.0</ele><time>2024-10-14T15:13:22Z</time></trkpt>
<trkpt lat="45.375306" lon="-75.842778"><ele>24.0</ele><time>2024-10-14T15:13:23Z</time></trkpt>
<trkpt lat="45.375319" lon="-75.842805"><ele>24.0</ele><time>2024-10-14T15:13:24Z</time></trkpt>
<trkpt lat="45.375334" lon="-75.842831"><ele>25.0</ele><time>2024-10-14T15:13:25Z</time></trkpt>
<trkpt lat="45.375347" lon="-75.842858"><ele>25.0</ele><time>2024-10-14T15:13:26Z</time></trkpt>
<trkpt lat="45.375363" lon="-75.842885"><ele>25.0</ele><time>2024-10-14T15:13:27Z</time></trkpt>
<trkpt lat="45.375379" lon="-75.842912"><ele>25.0</ele><time>2024-10-14T15:13:28Z</time></trkpt>
<trkpt lat="45.375398" lon="-75.84293"><ele>25.0</ele><time>2024-10-14T15:13:29Z</time></trkpt>
<trkpt lat="45.37541" lon="-75.842957"><ele>25.0</ele><time>2024-10-14T15:13:30Z</time></trkpt>
<trkpt lat="45.375426" lon="-75.842984"><ele>25.0</ele><time>2024-10-14T15:13:31Z</time></trkpt>
<trkpt lat="45.375439" lon="-75.843002"><ele>25.0</ele><time>2024-10-14T15:13:32Z</time></trkpt>
<trkpt lat="45.375452" lon="-75.843029"><ele>25.0</ele><time>2024-10-14T15:13:33Z</time></trkpt>
<trkpt lat="45.375464" lon="-75.843056"><ele>24.0</ele><time>2024-10-14T15:13:34Z</time></trkpt>
<trkpt lat="45.375477" lon="-75.843083"><ele>24.0</ele><time>2024-10-14T15:13:35Z</time></trkpt>
<trkpt lat="45.375493" lon="-75.84311"><ele>25.0</ele><time>2024-10-14T15:13:36Z</time></trkpt>
<trkpt lat="45.375505" lon="-75.843137"><ele>25.0</ele><time>2024-10-14T15:13:37Z</time></trkpt>
<trkpt lat="45.375521" lon="-75.843164"><ele>25.0</ele><time>2024-10-14T15:13:38Z</time></trkpt>
<trkpt lat="45.375537" lon="-75.843191"><ele>25.0</ele><time>2024-10-14T15:13:39Z</time></trkpt>
<trkpt lat="45.375553" lon="-75.843209"><ele>25.0</ele><time>2024-10-14T15:13:40Z</time></trkpt>
<trkpt lat="45.375569" lon="-75.843236"><ele>25.0</ele><time>2024-10-14T15:13:41Z</time></trkpt>
<trkpt lat="45.375585" lon="-75.843263"><ele>25.0</ele><time>2024-10-14T15:13:42Z</time></trkpt>
<trkpt lat="45.375597" lon="-75.84329"><ele>25.0</ele><time>2024-10-14T15:13:43Z</time></trkpt>
<trkpt lat="45.375613" lon="-75.843317"><ele>25.0</ele><time>2024-10-14T15:13:44Z</time></trkpt>
<trkpt lat="45.375629" lon="-75.843343"><ele>25.0</ele><time>2024-10-14T15:13:45Z</time></trkpt>
<trkpt lat="45.375642" lon="-75.843379"><ele>25.0</ele><time>2024-10-14T15:13:46Z</time></trkpt>
<trkpt lat="45.375657" lon="-75.843406"><ele>25.0</ele><time>2024-10-14T15:13:47Z</time></trkpt>
<trkpt lat="45.37567" lon="-75.843433"><ele>25.0</ele><time>2024-10-14T15:13:48Z</time></trkpt>
<trkpt lat="45.375686" lon="-75.84346"><ele>25.0</ele><time>2024-10-14T15:13:49Z</time></trkpt>
<trkpt lat="45.375698" lon="-75.843487"><ele>25.0</ele><time>2024-10-14T15:13:50Z</time></trkpt>
<trkpt lat="45.375714" lon="-75.843514"><ele>24.0</ele><time>2024-10-14T15:13:51Z</time></trkpt>
<trkpt lat="45.375727" lon="-75.843541"><ele>25.0</ele><time>2024-10-14T15:13:52Z</time></trkpt>
<trkpt lat="45.37574" lon="-75.843568"><ele>24.0</ele><time>2024-10-14T15:13:53Z</time></trkpt>
<trkpt lat="45.375755" lon="-75.843595"><ele>24.0</ele><time>2024-10-14T15:13:54Z</time></trkpt>
<trkpt lat="45.375765" lon="-75.843631"><ele>24.0</ele><time>2024-10-14T15:13:55Z</time></trkpt>
<trkpt lat="45.375778" lon="-75.843658"><ele>24.0</ele><time>2024-10-14T15:13:56Z</time></trkpt>
<trkpt lat="45.37579" lon="-75.843685"><ele>24.0</ele><time>2024-10-14T15:13:57Z</time></trkpt>
<trkpt lat="45.3758" lon="-75.843712"><ele>24.0</ele><time>2024-10-14T15:13:58Z</time></trkpt>
<trkpt lat="45.375809" lon="-75.843748"><ele>24.0</ele><time>2024-10-14T15:13:59Z</time></trkpt>
<trkpt lat="45.375819" lon="-75.843775"><ele>24.0</ele><time>2024-10-14T15:14:00Z</time></trkpt>
<trkpt lat="45.375828" lon="-75.843802"><ele>24.0</ele><time>2024-10-14T15:14:01Z</time></trkpt>
<trkpt lat="45.375838" lon="-75.843829"><ele>24.0</ele><time>2024-10-14T15:14:02Z</time></trkpt>
<trkpt lat="45.375844" lon="-75.843856"><ele>24.0</ele><time>2024-10-14T15:14:03Z</time></trkpt>
<trkpt lat="45.375854" lon="-75.843891"><ele>25.0</ele><time>2024-10-14T15:14:04Z</time></trkpt>
<trkpt lat="45.37586" lon="-75.843918"><ele>25.0</ele><time>2024-10-14T15:14:05Z</time></trkpt>
<trkpt lat="45.375866" lon="-75.843945"><ele>25.0</ele><time>2024-10-14T15:14:06Z</time></trkpt>
<trkpt lat="45.375876" lon="-75.843972"><ele>25.0</ele><time>2024-10-14T15:14:07Z</time></trkpt>
<trkpt lat="45.375885" lon="-75.843999"><ele>25.0</ele><time>2024-10-14T15:14:08Z</time></trkpt>
<trkpt lat="45.375895" lon="-75.844017"><ele>25.0</ele><time>2024-10-14T15:14:09Z</time></trkpt>
<trkpt lat="45.375907" lon="-75.844035"><ele>25.0</ele><time>2024-10-14T15:14:10Z</time></trkpt>
<trkpt lat="45.375923" lon="-75.844044"><ele>25.0</ele><time>2024-10-14T15:14:11Z</time></trkpt>
<trkpt lat="45.375936" lon="-75.844053"><ele>25.0</ele><time>2024-10-14T15:14:12Z</time></trkpt>
<trkpt lat="45.375949" lon="-75.844053"><ele>25.0</ele><time>2024-10-14T15:14:13Z</time></trkpt>
<trkpt lat="45.375961" lon="-75.844044"><ele>25.0</ele><time>2024-10-14T15:14:14Z</time></trkpt>
<trkpt lat="45.375971" lon="-75.844035"><ele>24.0</ele><time>2024-10-14T15:14:15Z</time></trkpt>
<trkpt lat="45.375977" lon="-75.844026"><ele>25.0</ele><time>2024-10-14T15:14:16Z</time></trkpt>
<trkpt lat="45.375987" lon="-75.844017"><ele>25.0</ele><time>2024-10-14T15:14:17Z</time></trkpt>
<trkpt lat="45.37599" lon="-75.844008"><ele>25.0</ele><time>2024-10-14T15:14:18Z</time></trkpt>
<trkpt lat="45.375993" lon="-75.84399"><ele>25.0</ele><time>2024-10-14T15:14:19Z</time></trkpt>
<trkpt lat="45.375996" lon="-75.843981"><ele>25.0</ele><time>2024-10-14T15:14:20Z</time></trkpt>
<trkpt lat="45.375996" lon="-75.843963"><ele>25.0</ele><time>2024-10-14T15:14:21Z</time></trkpt>
<trkpt lat="45.375996" lon="-75.843945"><ele>25.0</ele><time>2024-10-14T15:14:22Z</time></trkpt>
<trkpt lat="45.375996" lon="-75.843927"><ele>25.0</ele><time>2024-10-14T15:14:23Z</time></trkpt>
<trkpt lat="45.375996" lon="-75.843909"><ele>25.0</ele><time>2024-10-14T15:14:24Z</time></trkpt>
<trkpt lat="45.375996" lon="-75.843891"><ele>25.0</ele><time>2024-10-14T15:14:25Z</time></trkpt>
<trkpt lat="45.375999" lon="-75.843873"><ele>25.0</ele><time>2024-10-14T15:14:26Z</time></trkpt>
<trkpt lat="45.375999" lon="-75.843856"><ele>25.0</ele><time>2024-10-14T15:14:27Z</time></trkpt>
<trkpt lat="45.376002" lon="-75.843838"><ele>25.0</ele><time>2024-10-14T15:14:28Z</time></trkpt>
<trkpt lat="45.376002" lon="-75.84382"><ele>25.0</ele><time>2024-10-14T15:14:29Z</time></trkpt>
<trkpt lat="45.376002" lon="-75.843802"><ele>25.0</ele><time>2024-10-14T15:14:30Z</time></trkpt>
<trkpt lat="45.376006" lon="-75.843784"><ele>25.0</ele><time>2024-10-14T15:14:31Z</time></trkpt>
<trkpt lat="45.376006" lon="-75.843766"><ele>25.0</ele><time>2024-10-14T15:14:32Z</time></trkpt>
<trkpt lat="45.376009" lon="-75.843748"><ele>25.0</ele><time>2024-10-14T15:14:33Z</time></trkpt>
<trkpt lat="45.376009" lon="-75.84373"><ele>25.0</ele><time>2024-10-14T15:14:34Z</time></trkpt>
<trkpt lat="45.376012" lon="-75.843712"><ele>25.0</ele><time>2024-10-14T15:14:35Z</time></trkpt>
<trkpt lat="45.376015" lon="-75.843694"><ele>25.0</ele><time>2024-10-14T15:14:36Z</time></trkpt>
<trkpt lat="45.376015" lon="-75.843667"><ele>25.0</ele><time>2024-10-14T15:14:37Z</time></trkpt>
<trkpt lat="45.376018" lon="-75.843649"><ele>25.0</ele><time>2024-10-14T15:14:38Z</time></trkpt>
<trkpt lat="45.376021" lon="-75.843631"><ele>25.0</ele><time>2024-10-14T15:14:39Z</time></trkpt>
<trkpt lat="45.376021" lon="-75.843613"><ele>25.0</ele><time>2024-10-14T15:14:40Z</time></trkpt>
<trkpt lat="45.376021" lon="-75.843595"><ele>25.0</ele><time>2024-10-14T15:14:41Z</time></trkpt>
<trkpt lat="45.376021" lon="-75.843568"><ele>25.0</ele><time>2024-10-14T15:14:42Z</time></trkpt>
<trkpt lat="45.376021" lon="-75.84355"><ele>25.0</ele><time>2024-10-14T15:14:43Z</time></trkpt>
<trkpt lat="45.376021" lon="-75.843523"><ele>25.0</ele><time>2024-10-14T15:14:44Z</time></trkpt>
<trkpt lat="45.376021" lon="-75.843505"><ele>25.0</ele><time>2024-10-14T15:14:45Z</time></trkpt>
<trkpt lat="45.376018" lon="-75.843478"><ele>25.0</ele><time>2024-10-14T15:14:46Z</time></trkpt>
<trkpt lat="45.376018" lon="-75.843451"><ele>25.0</ele><time>2024-10-14T15:14:47Z</time></trkpt>
<trkpt lat="45.376018" lon="-75.843433"><ele>25.0</ele><time>2024-10-14T15:14:48Z</time></trkpt>
<trkpt lat="45.376018" lon="-75.843406"><ele>25.0</ele><time>2024-10-14T15:14:49Z</time></trkpt>
<trkpt lat="45.376018" lon="-75.843379"><ele>25.0</ele><time>2024-10-14T15:14:50Z</time></trkpt>
<trkpt lat="45.376018" lon="-75.843352"><ele>25.0</ele><time>2024-10-14T15:14:51Z</time></trkpt>
<trkpt lat="45.376015" lon="-75.843326"><ele>25.0</ele><time>2024-10-14T15:14:52Z</time></trkpt>
<trkpt lat="45.376009" lon="-75.843299"><ele>25.0</ele><time>2024-10-14T15:14:53Z</time></trkpt>
<trkpt lat="45.376006" lon="-75.843272"><ele>25.0</ele><time>2024-10-14T15:14:54Z</time></trkpt>
<trkpt lat="45.376002" lon="-75.843236"><ele>25.0</ele><time>2024-10-14T15:14:55Z</time></trkpt>
<trkpt lat="45.375999" lon="-75.843209"><ele>25.0</ele><time>2024-10-14T15:14:56Z</time></trkpt>
<trkpt lat="45.375996" lon="-75.843173"><ele>25.0</ele><time>2024-10-14T15:14:57Z</time></trkpt>
<trkpt lat="45.375993" lon="-75.843146"><ele>25.0</ele><time>2024-10-14T15:14:58Z</time></trkpt>
<trkpt lat="45.375993" lon="-75.84311"><ele>25.0</ele><time>2024-10-14T15:14:59Z</time></trkpt>
<trkpt lat="45.37599" lon="-75.843083"><ele>25.0</ele><time>2024-10-14T15:15:00Z</time></trkpt>
<trkpt lat="45.37599" lon="-75.843056"><ele>25.0</ele><time>2024-10-14T15:15:01Z</time></trkpt>
<trkpt lat="45.375987" lon="-75.84302"><ele>25.0</ele><time>2024-10-14T15:15:02Z</time></trkpt>
<trkpt lat="45.375987" lon="-75.842993"><ele>25.0</ele><time>2024-10-14T15:15:03Z</time></trkpt>
<trkpt lat="45.375987" lon="-75.842957"><ele>25.0</ele><time>2024-10-14T15:15:04Z</time></trkpt>
<trkpt lat="45.375983" lon="-75.84293"><ele>25.0</ele><time>2024-10-14T15:15:05Z</time></trkpt>
<trkpt lat="45.375983" lon="-75.842894"><ele>25.0</ele><time>2024-10-14T15:15:06Z</time></trkpt>
<trkpt lat="45.37598" lon="-75.842867"><ele>25.0</ele><time>2024-10-14T15:15:07Z</time></trkpt>
<trkpt lat="45.37598" lon="-75.842831"><ele>25.0</ele><time>2024-10-14T15:15:08Z</time></trkpt>
<trkpt lat="45.37598" lon="-75.842805"><ele>25.0</ele><time>2024-10-14T15:15:09Z</time></trkpt>
<trkpt lat="45.375977" lon="-75.842778"><ele>25.0</ele><time>2024-10-14T15:15:10Z</time></trkpt>
<trkpt lat="45.375977" lon="-75.842742"><ele>25.0</ele><time>2024-10-14T15:15:11Z</time></trkpt>
<trkpt lat="45.375974" lon="-75.842715"><ele>25.0</ele><time>2024-10-14T15:15:12Z</time></trkpt>
<trkpt lat="45.375971" lon="-75.842688"><ele>25.0</ele><time>2024-10-14T15:15:13Z</time></trkpt>
<trkpt lat="45.375964" lon="-75.842652"><ele>25.0</ele><time>2024-10-14T15:15:14Z</time></trkpt>
<trkpt lat="45.375961" lon="-75.842625"><ele>25.0</ele><time>2024-10-14T15:15:15Z</time></trkpt>
<trkpt lat="45.375958" lon="-75.842598"><ele>25.0</ele><time>2024-10-14T15:15:16Z</time></trkpt>
<trkpt lat="45.375958" lon="-75.842562"><ele>25.0</ele><time>2024-10-14T15:15:17Z</time></trkpt>
<trkpt lat="45.375955" lon="-75.842535"><ele>25.0</ele><time>2024-10-14T15:15:18Z</time></trkpt>
<trkpt lat="45.375955" lon="-75.842499"><ele>25.0</ele><time>2024-10-14T15:15:19Z</time></trkpt>
<trkpt lat="45.375952" lon="-75.842463"><ele>25.0</ele><time>2024-10-14T15:15:20Z</time></trkpt>
<trkpt lat="45.375949" lon="-75.842427"><ele>25.0</ele><time>2024-10-14T15:15:21Z</time></trkpt>
<trkpt lat="45.375945" lon="-75.842391"><ele>25.0</ele><time>2024-10-14T15:15:22Z</time></trkpt>
<trkpt lat="45.375942" lon="-75.842355"><ele>25.0</ele><time>2024-10-14T15:15:23Z</time></trkpt>
<trkpt lat="45.375939" lon="-75.842319"><ele>25.0</ele><time>2024-10-14T15:15:24Z</time></trkpt>
<trkpt lat="45.375933" lon="-75.842284"><ele>25.0</ele><time>2024-10-14T15:15:25Z</time></trkpt>
<trkpt lat="45.37593" lon="-75.842248"><ele>25.0</ele><time>2024-10-14T15:15:26Z</time></trkpt>
<trkpt lat="45.375923" lon="-75.842212"><ele>25.0</ele><time>2024-10-14T15:15:27Z</time></trkpt>
<trkpt lat="45.37592" lon="-75.842185"><ele>25.0</ele><time>2024-10-14T15:15:28Z</time></trkpt>
<trkpt lat="45.375914" lon="-75.842149"><ele>25.0</ele><time>2024-10-14T15:15:29Z</time></trkpt>
<trkpt lat="45.375911" lon="-75.842113"><ele>25.0</ele><time>2024-10-14T15:15:30Z</time></trkpt>
<trkpt lat="45.375907" lon="-75.842077"><ele>25.0</ele><time>2024-10-14T15:15:31Z</time></trkpt>
<trkpt lat="45.375904" lon="-75.84205"><ele>25.0</ele><time>2024-10-14T15:15:32Z</time></trkpt>
<trkpt lat="45.375901" lon="-75.842014"><ele>25.0</ele><time>2024-10-14T15:15:33Z</time></trkpt>
<trkpt lat="45.375898" lon="-75.841978"><ele>25.0</ele><time>2024-10-14T15:15:34Z</time></trkpt>
<trkpt lat="45.375895" lon="-75.841942"><ele>25.0</ele><time>2024-10-14T15:15:35Z</time></trkpt>
<trkpt lat="45.375888" lon="-75.841906"><ele>25.0</ele><time>2024-10-14T15:15:36Z</time></trkpt>
<trkpt lat="45.375885" lon="-75.84187"><ele>25.0</ele><time>2024-10-14T15:15:37Z</time></trkpt>
<trkpt lat="45.375882" lon="-75.841834"><ele>25.0</ele><time>2024-10-14T15:15:38Z</time></trkpt>
<trkpt lat="45.375879" lon="-75.841798"><ele>25.0</ele><time>2024-10-14T15:15:39Z</time></trkpt>
<trkpt lat="45.375882" lon="-75.841763"><ele>25.0</ele><time>2024-10-14T15:15:40Z</time></trkpt>
<trkpt lat="45.375882" lon="-75.841718"><ele>25.0</ele><time>2024-10-14T15:15:41Z</time></trkpt>
<trkpt lat="45.375885" lon="-75.841682"><ele>25.0</ele><time>2024-10-14T15:15:42Z</time></trkpt>
<trkpt lat="45.375882" lon="-75.841646"><ele>25.0</ele><time>2024-10-14T15:15:43Z</time></trkpt>
<trkpt lat="45.375879" lon="-75.84161"><ele>25.0</ele><time>2024-10-14T15:15:44Z</time></trkpt>
<trkpt lat="45.375876" lon="-75.841574"><ele>25.0</ele><time>2024-10-14T15:15:45Z</time></trkpt>
<trkpt lat="45.375876" lon="-75.841538"><ele>25.0</ele><time>2024-10-14T15:15:46Z</time></trkpt>
<trkpt lat="45.375879" lon="-75.841502"><ele>25.0</ele><time>2024-10-14T15:15:47Z</time></trkpt>
<trkpt lat="45.375879" lon="-75.841466"><ele>25.0</ele><time>2024-10-14T15:15:48Z</time></trkpt>
<trkpt lat="45.375882" lon="-75.84143"><ele>25.0</ele><time>2024-10-14T15:15:49Z</time></trkpt>
<trkpt lat="45.375882" lon="-75.841394"><ele>25.0</ele><time>2024-10-14T15:15:50Z</time></trkpt>
<trkpt lat="45.375879" lon="-75.841358"><ele>25.0</ele><time>2024-10-14T15:15:51Z</time></trkpt>
<trkpt lat="45.375882" lon="-75.841322"><ele>25.0</ele><time>2024-10-14T15:15:52Z</time></trkpt>
<trkpt lat="45.375882" lon="-75.841286"><ele>25.0</ele><time>2024-10-14T15:15:53Z</time></trkpt>
<trkpt lat="45.375885" lon="-75.841251"><ele>25.0</ele><time>2024-10-14T15:15:54Z</time></trkpt>
<trkpt lat="45.375882" lon="-75.841215"><ele>25.0</ele><time>2024-10-14T15:15:55Z</time></trkpt>
<trkpt lat="45.375882" lon="-75.841179"><ele>25.0</ele><time>2024-10-14T15:15:56Z</time></trkpt>
<trkpt lat="45.375879" lon="-75.841143"><ele>25.0</ele><time>2024-10-14T15:15:57Z</time></trkpt>
<trkpt lat="45.375879" lon="-75.841107"><ele>25.0</ele><time>2024-10-14T15:15:58Z</time></trkpt>
<trkpt lat="45.375882" lon="-75.841071"><ele>25.0</ele><time>2024-10-14T15:15:59Z</time></trkpt>
<trkpt lat="45.375879" lon="-75.841035"><ele>25.0</ele><time>2024-10-14T15:16:00Z</time></trkpt>
<trkpt lat="45.375879" lon="-75.840999"><ele>25.0</ele><time>2024-10-14T15:16:01Z</time></trkpt>
<trkpt lat="45.375879" lon="-75.840963"><ele>25.0</ele><time>2024-10-14T15:16:02Z</time></trkpt>
<trkpt lat="45.375879" lon="-75.840918"><ele>25.0</ele><time>2024-10-14T15:16:03Z</time></trkpt>
<trkpt lat="45.375882" lon="-75.840882"><ele>25.0</ele><time>2024-10-14T15:16:04Z</time></trkpt>
<trkpt lat="45.375885" lon="-75.840846"><ele>25.0</ele><time>2024-10-14T15:16:05Z</time></trkpt>
<trkpt lat="45.375888" lon="-75.84081"><ele>25.0</ele><time>2024-10-14T15:16:06Z</time></trkpt>
<trkpt lat="45.375888" lon="-75.840783"><ele>25.0</ele><time>2024-10-14T15:16:07Z</time></trkpt>
<trkpt lat="45.375888" lon="-75.840747"><ele>25.0</ele><time>2024-10-14T15:16:08Z</time></trkpt>
<trkpt lat="45.375892" lon="-75.840703"><ele>25.0</ele><time>2024-10-14T15:16:09Z</time></trkpt>
<trkpt lat="45.375895" lon="-75.840667"><ele>25.0</ele><time>2024-10-14T15:16:10Z</time></trkpt>
<trkpt lat="45.375895" lon="-75.840631"><ele>25.0</ele><time>2024-10-14T15:16:11Z</time></trkpt>
<trkpt lat="45.375898" lon="-75.840604"><ele>25.0</ele><time>2024-10-14T15:16:12Z</time></trkpt>
<trkpt lat="45.375898" lon="-75.840568"><ele>25.0</ele><time>2024-10-14T15:16:13Z</time></trkpt>
<trkpt lat="45.375898" lon="-75.840532"><ele>25.0</ele><time>2024-10-14T15:16:14Z</time></trkpt>
<trkpt lat="45.375901" lon="-75.840496"><ele>25.0</ele><time>2024-10-14T15:16:15Z</time></trkpt>
<trkpt lat="45.375904" lon="-75.84046"><ele>25.0</ele><time>2024-10-14T15:16:16Z</time></trkpt>
<trkpt lat="45.375907" lon="-75.840424"><ele>25.0</ele><time>2024-10-14T15:16:17Z</time></trkpt>
<trkpt lat="45.375907" lon="-75.840388"><ele>25.0</ele><time>2024-10-14T15:16:18Z</time></trkpt>
<trkpt lat="45.375907" lon="-75.840352"><ele>25.0</ele><time>2024-10-14T15:16:19Z</time></trkpt>
<trkpt lat="45.375907" lon="-75.840316"><ele>25.0</ele><time>2024-10-14T15:16:20Z</time></trkpt>
<trkpt lat="45.375904" lon="-75.84028"><ele>25.0</ele><time>2024-10-14T15:16:21Z</time></trkpt>
<trkpt lat="45.375904" lon="-75.840253"><ele>25.0</ele><time>2024-10-14T15:16:22Z</time></trkpt>
<trkpt lat="45.375904" lon="-75.840217"><ele>25.0</ele><time>2024-10-14T15:16:23Z</time></trkpt>
<trkpt lat="45.375904" lon="-75.840182"><ele>25.0</ele><time>2024-10-14T15:16:24Z</time></trkpt>
<trkpt lat="45.375904" lon="-75.840146"><ele>25.0</ele><time>2024-10-14T15:16:25Z</time></trkpt>
<trkpt lat="45.375901" lon="-75.840119"><ele>25.0</ele><time>2024-10-14T15:16:26Z</time></trkpt>
<trkpt lat="45.375901" lon="-75.840083"><ele>25.0</ele><time>2024-10-14T15:16:27Z</time></trkpt>
<trkpt lat="45.375901" lon="-75.840056"><ele>25.0</ele><time>2024-10-14T15:16:28Z</time></trkpt>
<trkpt lat="45.375901" lon="-75.840029"><ele>25.0</ele><time>2024-10-14T15:16:29Z</time></trkpt>
<trkpt lat="45.375898" lon="-75.839993"><ele>25.0</ele><time>2024-10-14T15:16:30Z</time></trkpt>
<trkpt lat="45.375895" lon="-75.839966"><ele>25.0</ele><time>2024-10-14T15:16:31Z</time></trkpt>
<trkpt lat="45.375888" lon="-75.839939"><ele>26.0</ele><time>2024-10-14T15:16:32Z</time></trkpt>
<trkpt lat="45.375882" lon="-75.839912"><ele>26.0</ele><time>2024-10-14T15:16:33Z</time></trkpt>
<trkpt lat="45.375879" lon="-75.839876"><ele>26.0</ele><time>2024-10-14T15:16:34Z</time></trkpt>
<trkpt lat="45.375879" lon="-75.83984"><ele>26.0</ele><time>2024-10-14T15:16:35Z</time></trkpt>
<trkpt lat="45.375876" lon="-75.839795"><ele>26.0</ele><time>2024-10-14T15:16:36Z</time></trkpt>
<trkpt lat="45.375876" lon="-75.839768"><ele>26.0</ele><time>2024-10-14T15:16:37Z</time></trkpt>
<trkpt lat="45.375876" lon="-75.839741"><ele>26.0</ele><time>2024-10-14T15:16:38Z</time></trkpt>
<trkpt lat="45.375876" lon="-75.839714"><ele>25.0</ele><time>2024-10-14T15:16:39Z</time></trkpt>
<trkpt lat="45.375873" lon="-75.839679"><ele>25.0</ele><time>2024-10-14T15:16:40Z</time></trkpt>
<trkpt lat="45.375869" lon="-75.839652"><ele>25.0</ele><time>2024-10-14T15:16:41Z</time></trkpt>
<trkpt lat="45.375873" lon="-75.839616"><ele>25.0</ele><time>2024-10-14T15:16:42Z</time></trkpt>
<trkpt lat="45.375873" lon="-75.839589"><ele>25.0</ele><time>2024-10-14T15:16:43Z</time></trkpt>
<trkpt lat="45.375873" lon="-75.839553"><ele>25.0</ele><time>2024-10-14T15:16:44Z</time></trkpt>
<trkpt lat="45.375873" lon="-75.839526"><ele>25.0</ele><time>2024-10-14T15:16:45Z</time></trkpt>
<trkpt lat="45.375869" lon="-75.83949"><ele>25.0</ele><time>2024-10-14T15:16:46Z</time></trkpt>
<trkpt lat="45.375869" lon="-75.839463"><ele>25.0</ele><time>2024-10-14T15:16:47Z</time></trkpt>
<trkpt lat="45.375869" lon="-75.839436"><ele>25.0</ele><time>2024-10-14T15:16:48Z</time></trkpt>
<trkpt lat="45.375873" lon="-75.839409"><ele>25.0</ele><time>2024-10-14T15:16:49Z</time></trkpt>
<trkpt lat="45.375882" lon="-75.839391"><ele>25.0</ele><time>2024-10-14T15:16:50Z</time></trkpt>
<trkpt lat="45.375892" lon="-75.839382"><ele>25.0</ele><time>2024-10-14T15:16:51Z</time></trkpt>
<trkpt lat="45.375901" lon="-75.839373"><ele>25.0</ele><time>2024-10-14T15:16:52Z</time></trkpt>
<trkpt lat="45.375914" lon="-75.839364"><ele>25.0</ele><time>2024-10-14T15:16:53Z</time></trkpt>
<trkpt lat="45.375926" lon="-75.839364"><ele>25.0</ele><time>2024-10-14T15:16:54Z</time></trkpt>
<trkpt lat="45.375936" lon="-75.839373"><ele>25.0</ele><time>2024-10-14T15:16:55Z</time></trkpt>
<trkpt lat="45.375949" lon="-75.839373"><ele>25.0</ele><time>2024-10-14T15:16:56Z</time></trkpt>
<trkpt lat="45.375961" lon="-75.839382"><ele>25.0</ele><time>2024-10-14T15:16:57Z</time></trkpt>
<trkpt lat="45.375974" lon="-75.8394"><ele>25.0</ele><time>2024-10-14T15:16:58Z</time></trkpt>
<trkpt lat="45.375987" lon="-75.839409"><ele>25.0</ele><time>2024-10-14T15:16:59Z</time></trkpt>
<trkpt lat="45.375999" lon="-75.839418"><ele>25.0</ele><time>2024-10-14T15:17:00Z</time></trkpt>
<trkpt lat="45.376012" lon="-75.839436"><ele>25.0</ele><time>2024-10-14T15:17:01Z</time></trkpt>
<trkpt lat="45.376028" lon="-75.839445"><ele>24.0</ele><time>2024-10-14T15:17:02Z</time></trkpt>
<trkpt lat="45.376044" lon="-75.839454"><ele>25.0</ele><time>2024-10-14T15:17:03Z</time></trkpt>
<trkpt lat="45.376063" lon="-75.839472"><ele>25.0</ele><time>2024-10-14T15:17:04Z</time></trkpt>
<trkpt lat="45.376078" lon="-75.839481"><ele>25.0</ele><time>2024-10-14T15:17:05Z</time></trkpt>
<trkpt lat="45.376097" lon="-75.839499"><ele>25.0</ele><time>2024-10-14T15:17:06Z</time></trkpt>
<trkpt lat="45.376116" lon="-75.839508"><ele>25.0</ele><time>2024-10-14T15:17:07Z</time></trkpt>
<trkpt lat="45.376132" lon="-75.839517"><ele>25.0</ele><time>2024-10-14T15:17:08Z</time></trkpt>
<trkpt lat="45.376151" lon="-75.839526"><ele>25.0</ele><time>2024-10-14T15:17:09Z</time></trkpt>
<trkpt lat="45.37617" lon="-75.839544"><ele>25.0</ele><time>2024-10-14T15:17:10Z</time></trkpt>
<trkpt lat="45.376189" lon="-75.839553"><ele>25.0</ele><time>2024-10-14T15:17:11Z</time></trkpt>
<trkpt lat="45.376208" lon="-75.839571"><ele>25.0</ele><time>2024-10-14T15:17:12Z</time></trkpt>
<trkpt lat="45.376227" lon="-75.83958"><ele>25.0</ele><time>2024-10-14T15:17:13Z</time></trkpt>
<trkpt lat="45.376246" lon="-75.839607"><ele>25.0</ele><time>2024-10-14T15:17:14Z</time></trkpt>
<trkpt lat="45.376268" lon="-75.839616"><ele>25.0</ele><time>2024-10-14T15:17:15Z</time></trkpt>
<trkpt lat="45.37629" lon="-75.839634"><ele>25.0</ele><time>2024-10-14T15:17:16Z</time></trkpt>
<trkpt lat="45.376309" lon="-75.839634"><ele>25.0</ele><time>2024-10-14T15:17:17Z</time></trkpt>
<trkpt lat="45.376332" lon="-75.839634"><ele>25.0</ele><time>2024-10-14T15:17:18Z</time></trkpt>
<trkpt lat="45.376347" lon="-75.839625"><ele>25.0</ele><time>2024-10-14T15:17:19Z</time></trkpt>
<trkpt lat="45.376366" lon="-75.839625"><ele>25.0</ele><time>2024-10-14T15:17:20Z</time></trkpt>
<trkpt lat="45.376382" lon="-75.839625"><ele>25.0</ele><time>2024-10-14T15:17:21Z</time></trkpt>
<trkpt lat="45.376398" lon="-75.839625"><ele>25.0</ele><time>2024-10-14T15:17:22Z</time></trkpt>
<trkpt lat="45.376414" lon="-75.839634"><ele>25.0</ele><time>2024-10-14T15:17:23Z</time></trkpt>
<trkpt lat="45.37643" lon="-75.839643"><ele>25.0</ele><time>2024-10-14T15:17:24Z</time></trkpt>
<trkpt lat="45.376446" lon="-75.839652"><ele>25.0</ele><time>2024-10-14T15:17:25Z</time></trkpt>
<trkpt lat="45.376461" lon="-75.83967"><ele>25.0</ele><time>2024-10-14T15:17:26Z</time></trkpt>
<trkpt lat="45.37648" lon="-75.839679"><ele>25.0</ele><time>2024-10-14T15:17:27Z</time></trkpt>
<trkpt lat="45.376496" lon="-75.839696"><ele>25.0</ele><time>2024-10-14T15:17:28Z</time></trkpt>
<trkpt lat="45.376515" lon="-75.839705"><ele>25.0</ele><time>2024-10-14T15:17:29Z</time></trkpt>
<trkpt lat="45.376534" lon="-75.839723"><ele>25.0</ele><time>2024-10-14T15:17:30Z</time></trkpt>
<trkpt lat="45.376553" lon="-75.839732"><ele>25.0</ele><time>2024-10-14T15:17:31Z</time></trkpt>
<trkpt lat="45.376572" lon="-75.83975"><ele>25.0</ele><time>2024-10-14T15:17:32Z</time></trkpt>
<trkpt lat="45.376591" lon="-75.839759"><ele>25.0</ele><time>2024-10-14T15:17:33Z</time></trkpt>
<trkpt lat="45.376613" lon="-75.839777"><ele>25.0</ele><time>2024-10-14T15:17:34Z</time></trkpt>
<trkpt lat="45.376632" lon="-75.839786"><ele>25.0</ele><time>2024-10-14T15:17:35Z</time></trkpt>
<trkpt lat="45.376654" lon="-75.839795"><ele>25.0</ele><time>2024-10-14T15:17:36Z</time></trkpt>
<trkpt lat="45.376673" lon="-75.839804"><ele>25.0</ele><time>2024-10-14T15:17:37Z</time></trkpt>
<trkpt lat="45.376696" lon="-75.839822"><ele>25.0</ele><time>2024-10-14T15:17:38Z</time></trkpt>
<trkpt lat="45.376715" lon="-75.839831"><ele>25.0</ele><time>2024-10-14T15:17:39Z</time></trkpt>
<trkpt lat="45.376737" lon="-75.83984"><ele>25.0</ele><time>2024-10-14T15:17:40Z</time></trkpt>
<trkpt lat="45.376756" lon="-75.839849"><ele>25.0</ele><time>2024-10-14T15:17:41Z</time></trkpt>
<trkpt lat="45.376775" lon="-75.839867"><ele>25.0</ele><time>2024-10-14T15:17:42Z</time></trkpt>
<trkpt lat="45.376791" lon="-75.839885"><ele>25.0</ele><time>2024-10-14T15:17:43Z</time></trkpt>
<trkpt lat="45.37681" lon="-75.839903"><ele>25.0</ele><time>2024-10-14T15:17:44Z</time></trkpt>
<trkpt lat="45.376829" lon="-75.839921"><ele>25.0</ele><time>2024-10-14T15:17:45Z</time></trkpt>
<trkpt lat="45.376848" lon="-75.83993"><ele>25.0</ele><time>2024-10-14T15:17:46Z</time></trkpt>
<trkpt lat="45.376867" lon="-75.839948"><ele>25.0</ele><time>2024-10-14T15:17:47Z</time></trkpt>
<trkpt lat="45.376882" lon="-75.839957"><ele>25.0</ele><time>2024-10-14T15:17:48Z</time></trkpt>
<trkpt lat="45.376901" lon="-75.839966"><ele>25.0</ele><time>2024-10-14T15:17:49Z</time></trkpt>
<trkpt lat="45.376914" lon="-75.839984"><ele>25.0</ele><time>2024-10-14T15:17:50Z</time></trkpt>
<trkpt lat="45.37693" lon="-75.839993"><ele>25.0</ele><time>2024-10-14T15:17:51Z</time></trkpt>
<trkpt lat="45.376943" lon="-75.840011"><ele>25.0</ele><time>2024-10-14T15:17:52Z</time></trkpt>
<trkpt lat="45.376955" lon="-75.840029"><ele>25.0</ele><time>2024-10-14T15:17:53Z</time></trkpt>
<trkpt lat="45.376965" lon="-75.840047"><ele>25.0</ele><time>2024-10-14T15:17:54Z</time></trkpt>
<trkpt lat="45.376974" lon="-75.840065"><ele>25.0</ele><time>2024-10-14T15:17:55Z</time></trkpt>
<trkpt lat="45.376984" lon="-75.840092"><ele>25.0</ele><time>2024-10-14T15:17:56Z</time></trkpt>
<trkpt lat="45.376996" lon="-75.84011"><ele>25.0</ele><time>2024-10-14T15:17:57Z</time></trkpt>
<trkpt lat="45.377006" lon="-75.840128"><ele>25.0</ele><time>2024-10-14T15:17:58Z</time></trkpt>
<trkpt lat="45.377015" lon="-75.840155"><ele>25.0</ele><time>2024-10-14T15:17:59Z</time></trkpt>
<trkpt lat="45.377025" lon="-75.840173"><ele>25.0</ele><time>2024-10-14T15:18:00Z</time></trkpt>
<trkpt lat="45.377034" lon="-75.840191"><ele>25.0</ele><time>2024-10-14T15:18:01Z</time></trkpt>
<trkpt lat="45.377044" lon="-75.840208"><ele>25.0</ele><time>2024-10-14T15:18:02Z</time></trkpt>
<trkpt lat="45.377053" lon="-75.840235"><ele>25.0</ele><time>2024-10-14T15:18:03Z</time></trkpt>
<trkpt lat="45.377063" lon="-75.840253"><ele>25.0</ele><time>2024-10-14T15:18:04Z</time></trkpt>
<trkpt lat="45.377075" lon="-75.840271"><ele>25.0</ele><time>2024-10-14T15:18:05Z</time></trkpt>
<trkpt lat="45.377085" lon="-75.840298"><ele>25.0</ele><time>2024-10-14T15:18:06Z</time></trkpt>
<trkpt lat="45.377098" lon="-75.840316"><ele>25.0</ele><time>2024-10-14T15:18:07Z</time></trkpt>
<trkpt lat="45.37711" lon="-75.840334"><ele>25.0</ele><time>2024-10-14T15:18:08Z</time></trkpt>
<trkpt lat="45.377123" lon="-75.840352"><ele>25.0</ele><time>2024-10-14T15:18:09Z</time></trkpt>
<trkpt lat="45.377136" lon="-75.840361"><ele>25.0</ele><time>2024-10-14T15:18:10Z</time></trkpt>
<trkpt lat="45.377151" lon="-75.840379"><ele>25.0</ele><time>2024-10-14T15:18:11Z</time></trkpt>
<trkpt lat="45.377164" lon="-75.840397"><ele>25.0</ele><time>2024-10-14T15:18:12Z</time></trkpt>
<trkpt lat="45.377177" lon="-75.840415"><ele>25.0</ele><time>2024-10-14T15:18:13Z</time></trkpt>
<trkpt lat="45.377186" lon="-75.840433"><ele>25.0</ele><time>2024-10-14T15:18:14Z</time></trkpt>
<trkpt lat="45.377199" lon="-75.840442"><ele>25.0</ele><time>2024-10-14T15:18:15Z</time></trkpt>
<trkpt lat="45.377212" lon="-75.84046"><ele>25.0</ele><time>2024-10-14T15:18:16Z</time></trkpt>
<trkpt lat="45.377221" lon="-75.840478"><ele>25.0</ele><time>2024-10-14T15:18:17Z</time></trkpt>
<trkpt lat="45.377231" lon="-75.840496"><ele>25.0</ele><time>2024-10-14T15:18:18Z</time></trkpt>
<trkpt lat="45.377243" lon="-75.840514"><ele>25.0</ele><time>2024-10-14T15:18:19Z</time></trkpt>
<trkpt lat="45.377253" lon="-75.840541"><ele>25.0</ele><time>2024-10-14T15:18:20Z</time></trkpt>
<trkpt lat="45.377265" lon="-75.840559"><ele>25.0</ele><time>2024-10-14T15:18:21Z</time></trkpt>
<trkpt lat="45.377278" lon="-75.840577"><ele>25.0</ele><time>2024-10-14T15:18:22Z</time></trkpt>
<trkpt lat="45.377291" lon="-75.840595"><ele>25.0</ele><time>2024-10-14T15:18:23Z</time></trkpt>
<trkpt lat="45.377303" lon="-75.840613"><ele>25.0</ele><time>2024-10-14T15:18:24Z</time></trkpt>
<trkpt lat="45.377316" lon="-75.840631"><ele>25.0</ele><time>2024-10-14T15:18:25Z</time></trkpt>
<trkpt lat="45.377329" lon="-75.840649"><ele>25.0</ele><time>2024-10-14T15:18:26Z</time></trkpt>
<trkpt lat="45.377341" lon="-75.840667"><ele>25.0</ele><time>2024-10-14T15:18:27Z</time></trkpt>
<trkpt lat="45.377354" lon="-75.840685"><ele>25.0</ele><time>2024-10-14T15:18:28Z</time></trkpt>
<trkpt lat="45.377367" lon="-75.840703"><ele>26.0</ele><time>2024-10-14T15:18:29Z</time></trkpt>
<trkpt lat="45.377379" lon="-75.840721"><ele>26.0</ele><time>2024-10-14T15:18:30Z</time></trkpt>
<trkpt lat="45.377392" lon="-75.840738"><ele>25.0</ele><time>2024-10-14T15:18:31Z</time></trkpt>
<trkpt lat="45.377405" lon="-75.840756"><ele>25.0</ele><time>2024-10-14T15:18:32Z</time></trkpt>
<trkpt lat="45.377417" lon="-75.840774"><ele>25.0</ele><time>2024-10-14T15:18:33Z</time></trkpt>
<trkpt lat="45.37743" lon="-75.840801"><ele>26.0</ele><time>2024-10-14T15:18:34Z</time></trkpt>
<trkpt lat="45.37744" lon="-75.840819"><ele>26.0</ele><time>2024-10-14T15:18:35Z</time></trkpt>
<trkpt lat="45.377452" lon="-75.840837"><ele>26.0</ele><time>2024-10-14T15:18:36Z</time></trkpt>
<trkpt lat="45.377465" lon="-75.840864"><ele>25.0</ele><time>2024-10-14T15:18:37Z</time></trkpt>
<trkpt lat="45.377481" lon="-75.840873"><ele>25.0</ele><time>2024-10-14T15:18:38Z</time></trkpt>
<trkpt lat="45.377493" lon="-75.840882"><ele>25.0</ele><time>2024-10-14T15:18:39Z</time></trkpt>
<trkpt lat="45.377512" lon="-75.840882"><ele>25.0</ele><time>2024-10-14T15:18:40Z</time></trkpt>
<trkpt lat="45.377534" lon="-75.840891"><ele>25.0</ele><time>2024-10-14T15:18:41Z</time></trkpt>
<trkpt lat="45.377541" lon="-75.840882"><ele>26.0</ele><time>2024-10-14T15:18:42Z</time></trkpt>
<trkpt lat="45.377544" lon="-75.840864"><ele>26.0</ele><time>2024-10-14T15:18:43Z</time></trkpt>
<trkpt lat="45.377547" lon="-75.840855"><ele>26.0</ele><time>2024-10-14T15:18:44Z</time></trkpt>
<trkpt lat="45.37755" lon="-75.840837"><ele>26.0</ele><time>2024-10-14T15:18:45Z</time></trkpt>
<trkpt lat="45.377553" lon="-75.840828"><ele>26.0</ele><time>2024-10-14T15:18:46Z</time></trkpt>
<trkpt lat="45.377557" lon="-75.840819"><ele>26.0</ele><time>2024-10-14T15:18:47Z</time></trkpt>
<trkpt lat="45.377557" lon="-75.840801"><ele>26.0</ele><time>2024-10-14T15:18:48Z</time></trkpt>
<trkpt lat="45.37756" lon="-75.840792"><ele>26.0</ele><time>2024-10-14T15:18:49Z</time></trkpt>
<trkpt lat="45.37756" lon="-75.840774"><ele>26.0</ele><time>2024-10-14T15:18:50Z</time></trkpt>
<trkpt lat="45.377563" lon="-75.840756"><ele>26.0</ele><time>2024-10-14T15:18:51Z</time></trkpt>
<trkpt lat="45.377563" lon="-75.840747"><ele>26.0</ele><time>2024-10-14T15:18:52Z</time></trkpt>
<trkpt lat="45.377566" lon="-75.84073"><ele>26.0</ele><time>2024-10-14T15:18:53Z</time></trkpt>
<trkpt lat="45.377569" lon="-75.840712"><ele>26.0</ele><time>2024-10-14T15:18:54Z</time></trkpt>
<trkpt lat="45.377572" lon="-75.840703"><ele>26.0</ele><time>2024-10-14T15:18:55Z</time></trkpt>
<trkpt lat="45.377576" lon="-75.840685"><ele>26.0</ele><time>2024-10-14T15:18:56Z</time></trkpt>
<trkpt lat="45.377576" lon="-75.840667"><ele>26.0</ele><time>2024-10-14T15:18:57Z</time></trkpt>
<trkpt lat="45.377579" lon="-75.840658"><ele>26.0</ele><time>2024-10-14T15:18:58Z</time></trkpt>
<trkpt lat="45.377579" lon="-75.84064"><ele>26.0</ele><time>2024-10-14T15:18:59Z</time></trkpt>
<trkpt lat="45.377579" lon="-75.840622"><ele>26.0</ele><time>2024-10-14T15:19:00Z</time></trkpt>
<trkpt lat="45.377579" lon="-75.840604"><ele>26.0</ele><time>2024-10-14T15:19:01Z</time></trkpt>
<trkpt lat="45.377579" lon="-75.840586"><ele>26.0</ele><time>2024-10-14T15:19:02Z</time></trkpt>
<trkpt lat="45.377579" lon="-75.840568"><ele>26.0</ele><time>2024-10-14T15:19:03Z</time></trkpt>
<trkpt lat="45.377579" lon="-75.84055"><ele>26.0</ele><time>2024-10-14T15:19:04Z</time></trkpt>
<trkpt lat="45.377576" lon="-75.840532"><ele>26.0</ele><time>2024-10-14T15:19:05Z</time></trkpt>
<trkpt lat="45.377576" lon="-75.840514"><ele>26.0</ele><time>2024-10-14T15:19:06Z</time></trkpt>
<trkpt lat="45.377572" lon="-75.840496"><ele>26.0</ele><time>2024-10-14T15:19:07Z</time></trkpt>
<trkpt lat="45.377572" lon="-75.840478"><ele>26.0</ele><time>2024-10-14T15:19:08Z</time></trkpt>
<trkpt lat="45.377569" lon="-75.840451"><ele>26.0</ele><time>2024-10-14T15:19:09Z</time></trkpt>
<trkpt lat="45.377566" lon="-75.840433"><ele>26.0</ele><time>2024-10-14T15:19:10Z</time></trkpt>
<trkpt lat="45.377563" lon="-75.840406"><ele>26.0</ele><time>2024-10-14T15:19:11Z</time></trkpt>
<trkpt lat="45.37756" lon="-75.840379"><ele>26.0</ele><time>2024-10-14T15:19:12Z</time></trkpt>
<trkpt lat="45.37756" lon="-75.840361"><ele>26.0</ele><time>2024-10-14T15:19:13Z</time></trkpt>
<trkpt lat="45.377557" lon="-75.840334"><ele>26.0</ele><time>2024-10-14T15:19:14Z</time></trkpt>
<trkpt lat="45.37756" lon="-75.840316"><ele>26.0</ele><time>2024-10-14T15:19:15Z</time></trkpt>
<trkpt lat="45.377566" lon="-75.840289"><ele>26.0</ele><time>2024-10-14T15:19:16Z</time></trkpt>
<trkpt lat="45.377572" lon="-75.84028"><ele>26.0</ele><time>2024-10-14T15:19:17Z</time></trkpt>
<trkpt lat="45.377579" lon="-75.840271"><ele>26.0</ele><time>2024-10-14T15:19:18Z</time></trkpt>
<trkpt lat="45.377585" lon="-75.840262"><ele>26.0</ele><time>2024-10-14T15:19:19Z</time></trkpt>
<trkpt lat="45.377595" lon="-75.840253"><ele>26.0</ele><time>2024-10-14T15:19:20Z</time></trkpt>
<trkpt lat="45.377601" lon="-75.840253"><ele>26.0</ele><time>2024-10-14T15:19:21Z</time></trkpt>
<trkpt lat="45.37761" lon="-75.840262"><ele>26.0</ele><time>2024-10-14T15:19:22Z</time></trkpt>
<trkpt lat="45.37762" lon="-75.840271"><ele>26.0</ele><time>2024-10-14T15:19:23Z</time></trkpt>
<trkpt lat="45.377626" lon="-75.840289"><ele>26.0</ele><time>2024-10-14T15:19:24Z</time></trkpt>
<trkpt lat="45.377636" lon="-75.840307"><ele>26.0</ele><time>2024-10-14T15:19:25Z</time></trkpt>
<trkpt lat="45.377645" lon="-75.840325"><ele>26.0</ele><time>2024-10-14T15:19:26Z</time></trkpt>
<trkpt lat="45.377655" lon="-75.840334"><ele>26.0</ele><time>2024-10-14T15:19:27Z</time></trkpt>
<trkpt lat="45.377664" lon="-75.840352"><ele>26.0</ele><time>2024-10-14T15:19:28Z</time></trkpt>
<trkpt lat="45.377674" lon="-75.84037"><ele>26.0</ele><time>2024-10-14T15:19:29Z</time></trkpt>
<trkpt lat="45.377683" lon="-75.840397"><ele>26.0</ele><time>2024-10-14T15:19:30Z</time></trkpt>
<trkpt lat="45.377693" lon="-75.840415"><ele>26.0</ele><time>2024-10-14T15:19:31Z</time></trkpt>
<trkpt lat="45.377702" lon="-75.840433"><ele>26.0</ele><time>2024-10-14T15:19:32Z</time></trkpt>
<trkpt lat="45.377712" lon="-75.840451"><ele>26.0</ele><time>2024-10-14T15:19:33Z</time></trkpt>
<trkpt lat="45.377721" lon="-75.840478"><ele>26.0</ele><time>2024-10-14T15:19:34Z</time></trkpt>
<trkpt lat="45.377731" lon="-75.840496"><ele>26.0</ele><time>2024-10-14T15:19:35Z</time></trkpt>
<trkpt lat="45.377737" lon="-75.840523"><ele>26.0</ele><time>2024-10-14T15:19:36Z</time></trkpt>
<trkpt lat="45.377747" lon="-75.840541"><ele>26.0</ele><time>2024-10-14T15:19:37Z</time></trkpt>
<trkpt lat="45.377756" lon="-75.840568"><ele>26.0</ele><time>2024-10-14T15:19:38Z</time></trkpt>
<trkpt lat="45.377762" lon="-75.840586"><ele>26.0</ele><time>2024-10-14T15:19:39Z</time></trkpt>
<trkpt lat="45.377772" lon="-75.840613"><ele>26.0</ele><time>2024-10-14T15:19:40Z</time></trkpt>
<trkpt lat="45.377785" lon="-75.840631"><ele>26.0</ele><time>2024-10-14T15:19:41Z</time></trkpt>
<trkpt lat="45.377791" lon="-75.840658"><ele>26.0</ele><time>2024-10-14T15:19:42Z</time></trkpt>
<trkpt lat="45.3778" lon="-75.840685"><ele>26.0</ele><time>2024-10-14T15:19:43Z</time></trkpt>
<trkpt lat="45.37781" lon="-75.840703"><ele>26.0</ele><time>2024-10-14T15:19:44Z</time></trkpt>
<trkpt lat="45.377819" lon="-75.84073"><ele>26.0</ele><time>2024-10-14T15:19:45Z</time></trkpt>
<trkpt lat="45.377829" lon="-75.840756"><ele>26.0</ele><time>2024-10-14T15:19:46Z</time></trkpt>
<trkpt lat="45.377838" lon="-75.840774"><ele>26.0</ele><time>2024-10-14T15:19:47Z</time></trkpt>
<trkpt lat="45.377851" lon="-75.840801"><ele>25.0</ele><time>2024-10-14T15:19:48Z</time></trkpt>
<trkpt lat="45.377864" lon="-75.840819"><ele>25.0</ele><time>2024-10-14T15:19:49Z</time></trkpt>
<trkpt lat="45.377873" lon="-75.840846"><ele>25.0</ele><time>2024-10-14T15:19:50Z</time></trkpt>
<trkpt lat="45.377886" lon="-75.840873"><ele>25.0</ele><time>2024-10-14T15:19:51Z</time></trkpt>
<trkpt lat="45.377899" lon="-75.8409"><ele>26.0</ele><time>2024-10-14T15:19:52Z</time></trkpt>
<trkpt lat="45.377911" lon="-75.840918"><ele>26.0</ele><time>2024-10-14T15:19:53Z</time></trkpt>
<trkpt lat="45.377924" lon="-75.840945"><ele>26.0</ele><time>2024-10-14T15:19:54Z</time></trkpt>
<trkpt lat="45.377936" lon="-75.840963"><ele>25.0</ele><time>2024-10-14T15:19:55Z</time></trkpt>
<trkpt lat="45.377946" lon="-75.84099"><ele>25.0</ele><time>2024-10-14T15:19:56Z</time></trkpt>
<trkpt lat="45.377955" lon="-75.841017"><ele>25.0</ele><time>2024-10-14T15:19:57Z</time></trkpt>
<trkpt lat="45.377962" lon="-75.841044"><ele>25.0</ele><time>2024-10-14T15:19:58Z</time></trkpt>
<trkpt lat="45.377971" lon="-75.841071"><ele>25.0</ele><time>2024-10-14T15:19:59Z</time></trkpt>
<trkpt lat="45.377984" lon="-75.841098"><ele>25.0</ele><time>2024-10-14T15:20:00Z</time></trkpt>
<trkpt lat="45.377997" lon="-75.841116"><ele>25.0</ele><time>2024-10-14T15:20:01Z</time></trkpt>
<trkpt lat="45.378009" lon="-75.841143"><ele>25.0</ele><time>2024-10-14T15:20:02Z</time></trkpt>
<trkpt lat="45.378022" lon="-75.84117"><ele>25.0</ele><time>2024-10-14T15:20:03Z</time></trkpt>
<trkpt lat="45.378035" lon="-75.841197"><ele>25.0</ele><time>2024-10-14T15:20:04Z</time></trkpt>
<trkpt lat="45.378047" lon="-75.841215"><ele>24.0</ele><time>2024-10-14T15:20:05Z</time></trkpt>
<trkpt lat="45.378063" lon="-75.841242"><ele>24.0</ele><time>2024-10-14T15:20:06Z</time></trkpt>
<trkpt lat="45.378073" lon="-75.841268"><ele>24.0</ele><time>2024-10-14T15:20:07Z</time></trkpt>
<trkpt lat="45.378082" lon="-75.841295"><ele>24.0</ele><time>2024-10-14T15:20:08Z</time></trkpt>
<trkpt lat="45.378095" lon="-75.841322"><ele>25.0</ele><time>2024-10-14T15:20:09Z</time></trkpt>
<trkpt lat="45.378107" lon="-75.84134"><ele>25.0</ele><time>2024-10-14T15:20:10Z</time></trkpt>
<trkpt lat="45.378117" lon="-75.841367"><ele>25.0</ele><time>2024-10-14T15:20:11Z</time></trkpt>
<trkpt lat="45.37813" lon="-75.841394"><ele>24.0</ele><time>2024-10-14T15:20:12Z</time></trkpt>
<trkpt lat="45.378139" lon="-75.841421"><ele>25.0</ele><time>2024-10-14T15:20:13Z</time></trkpt>
<trkpt lat="45.378149" lon="-75.841448"><ele>25.0</ele><time>2024-10-14T15:20:14Z</time></trkpt>
<trkpt lat="45.378158" lon="-75.841466"><ele>25.0</ele><time>2024-10-14T15:20:15Z</time></trkpt>
<trkpt lat="45.378168" lon="-75.841493"><ele>25.0</ele><time>2024-10-14T15:20:16Z</time></trkpt>
<trkpt lat="45.378177" lon="-75.84152"><ele>25.0</ele><time>2024-10-14T15:20:17Z</time></trkpt>
<trkpt lat="45.378187" lon="-75.841538"><ele>25.0</ele><time>2024-10-14T15:20:18Z</time></trkpt>
<trkpt lat="45.378196" lon="-75.841565"><ele>25.0</ele><time>2024-10-14T15:20:19Z</time></trkpt>
<trkpt lat="45.378206" lon="-75.841592"><ele>25.0</ele><time>2024-10-14T15:20:20Z</time></trkpt>
<trkpt lat="45.378212" lon="-75.841619"><ele>25.0</ele><time>2024-10-14T15:20:21Z</time></trkpt>
<trkpt lat="45.378221" lon="-75.841637"><ele>25.0</ele><time>2024-10-14T15:20:22Z</time></trkpt>
<trkpt lat="45.378228" lon="-75.841664"><ele>25.0</ele><time>2024-10-14T15:20:23Z</time></trkpt>
<trkpt lat="45.378234" lon="-75.841691"><ele>25.0</ele><time>2024-10-14T15:20:24Z</time></trkpt>
<trkpt lat="45.37824" lon="-75.841718"><ele>25.0</ele><time>2024-10-14T15:20:25Z</time></trkpt>
<trkpt lat="45.378247" lon="-75.841736"><ele>25.0</ele><time>2024-10-14T15:20:26Z</time></trkpt>
<trkpt lat="45.378253" lon="-75.841763"><ele>25.0</ele><time>2024-10-14T15:20:27Z</time></trkpt>
<trkpt lat="45.378256" lon="-75.841789"><ele>25.0</ele><time>2024-10-14T15:20:28Z</time></trkpt>
<trkpt lat="45.378263" lon="-75.841807"><ele>25.0</ele><time>2024-10-14T15:20:29Z</time></trkpt>
<trkpt lat="45.378266" lon="-75.841834"><ele>25.0</ele><time>2024-10-14T15:20:30Z</time></trkpt>
<trkpt lat="45.378269" lon="-75.841861"><ele>25.0</ele><time>2024-10-14T15:20:31Z</time></trkpt>
<trkpt lat="45.378272" lon="-75.841879"><ele>25.0</ele><time>2024-10-14T15:20:32Z</time></trkpt>
<trkpt lat="45.378275" lon="-75.841906"><ele>25.0</ele><time>2024-10-14T15:20:33Z</time></trkpt>
<trkpt lat="45.378278" lon="-75.841933"><ele>25.0</ele><time>2024-10-14T15:20:34Z</time></trkpt>
<trkpt lat="45.378285" lon="-75.84196"><ele>25.0</ele><time>2024-10-14T15:20:35Z</time></trkpt>
<trkpt lat="45.378288" lon="-75.841987"><ele>25.0</ele><time>2024-10-14T15:20:36Z</time></trkpt>
<trkpt lat="45.378294" lon="-75.842014"><ele>25.0</ele><time>2024-10-14T15:20:37Z</time></trkpt>
<trkpt lat="45.378304" lon="-75.842041"><ele>25.0</ele><time>2024-10-14T15:20:38Z</time></trkpt>
<trkpt lat="45.378313" lon="-75.842059"><ele>25.0</ele><time>2024-10-14T15:20:39Z</time></trkpt>
<trkpt lat="45.378316" lon="-75.842086"><ele>25.0</ele><time>2024-10-14T15:20:40Z</time></trkpt>
<trkpt lat="45.378316" lon="-75.842122"><ele>25.0</ele><time>2024-10-14T15:20:41Z</time></trkpt>
<trkpt lat="45.37832" lon="-75.842149"><ele>25.0</ele><time>2024-10-14T15:20:42Z</time></trkpt>
<trkpt lat="45.378323" lon="-75.842176"><ele>25.0</ele><time>2024-10-14T15:20:43Z</time></trkpt>
<trkpt lat="45.378326" lon="-75.842203"><ele>25.0</ele><time>2024-10-14T15:20:44Z</time></trkpt>
<trkpt lat="45.378332" lon="-75.842221"><ele>25.0</ele><time>2024-10-14T15:20:45Z</time></trkpt>
<trkpt lat="45.378342" lon="-75.842248"><ele>25.0</ele><time>2024-10-14T15:20:46Z</time></trkpt>
<trkpt lat="45.378348" lon="-75.842275"><ele>25.0</ele><time>2024-10-14T15:20:47Z</time></trkpt>
<trkpt lat="45.378354" lon="-75.842293"><ele>25.0</ele><time>2024-10-14T15:20:48Z</time></trkpt>
<trkpt lat="45.378361" lon="-75.842319"><ele>25.0</ele><time>2024-10-14T15:20:49Z</time></trkpt>
<trkpt lat="45.37837" lon="-75.842346"><ele>25.0</ele><time>2024-10-14T15:20:50Z</time></trkpt>
<trkpt lat="45.378376" lon="-75.842364"><ele>25.0</ele><time>2024-10-14T15:20:51Z</time></trkpt>
<trkpt lat="45.378383" lon="-75.842391"><ele>25.0</ele><time>2024-10-14T15:20:52Z</time></trkpt>
<trkpt lat="45.378389" lon="-75.842418"><ele>26.0</ele><time>2024-10-14T15:20:53Z</time></trkpt>
<trkpt lat="45.378392" lon="-75.842445"><ele>26.0</ele><time>2024-10-14T15:20:54Z</time></trkpt>
<trkpt lat="45.378399" lon="-75.842472"><ele>25.0</ele><time>2024-10-14T15:20:55Z</time></trkpt>
<trkpt lat="45.378402" lon="-75.842499"><ele>26.0</ele><time>2024-10-14T15:20:56Z</time></trkpt>
<trkpt lat="45.378408" lon="-75.842526"><ele>26.0</ele><time>2024-10-14T15:20:57Z</time></trkpt>
<trkpt lat="45.378414" lon="-75.842553"><ele>26.0</ele><time>2024-10-14T15:20:58Z</time></trkpt>
<trkpt lat="45.378418" lon="-75.84258"><ele>26.0</ele><time>2024-10-14T15:20:59Z</time></trkpt>
<trkpt lat="45.378424" lon="-75.842607"><ele>26.0</ele><time>2024-10-14T15:21:00Z</time></trkpt>
<trkpt lat="45.37843" lon="-75.842634"><ele>26.0</ele><time>2024-10-14T15:21:01Z</time></trkpt>
<trkpt lat="45.378437" lon="-75.842661"><ele>26.0</ele><time>2024-10-14T15:21:02Z</time></trkpt>
<trkpt lat="45.378443" lon="-75.842697"><ele>26.0</ele><time>2024-10-14T15:21:03Z</time></trkpt>
<trkpt lat="45.378452" lon="-75.842724"><ele>26.0</ele><time>2024-10-14T15:21:04Z</time></trkpt>
<trkpt lat="45.378459" lon="-75.842742"><ele>26.0</ele><time>2024-10-14T15:21:05Z</time></trkpt>
<trkpt lat="45.378468" lon="-75.842769"><ele>26.0</ele><time>2024-10-14T15:21:06Z</time></trkpt>
<trkpt lat="45.378475" lon="-75.842796"><ele>26.0</ele><time>2024-10-14T15:21:07Z</time></trkpt>
<trkpt lat="45.378481" lon="-75.842822"><ele>26.0</ele><time>2024-10-14T15:21:08Z</time></trkpt>
<trkpt lat="45.378487" lon="-75.842849"><ele>26.0</ele><time>2024-10-14T15:21:09Z</time></trkpt>
<trkpt lat="45.378494" lon="-75.842876"><ele>26.0</ele><time>2024-10-14T15:21:10Z</time></trkpt>
<trkpt lat="45.3785" lon="-75.842903"><ele>25.0</ele><time>2024-10-14T15:21:11Z</time></trkpt>
<trkpt lat="45.378509" lon="-75.84293"><ele>25.0</ele><time>2024-10-14T15:21:12Z</time></trkpt>
<trkpt lat="45.378516" lon="-75.842957"><ele>25.0</ele><time>2024-10-14T15:21:13Z</time></trkpt>
<trkpt lat="45.378522" lon="-75.842975"><ele>25.0</ele><time>2024-10-14T15:21:14Z</time></trkpt>
<trkpt lat="45.378528" lon="-75.843002"><ele>25.0</ele><time>2024-10-14T15:21:15Z</time></trkpt>
<trkpt lat="45.378535" lon="-75.843029"><ele>26.0</ele><time>2024-10-14T15:21:16Z</time></trkpt>
<trkpt lat="45.378541" lon="-75.843056"><ele>26.0</ele><time>2024-10-14T15:21:17Z</time></trkpt>
<trkpt lat="45.378547" lon="-75.843074"><ele>25.0</ele><time>2024-10-14T15:21:18Z</time></trkpt>
<trkpt lat="45.378551" lon="-75.843101"><ele>25.0</ele><time>2024-10-14T15:21:19Z</time></trkpt>
<trkpt lat="45.378557" lon="-75.843128"><ele>26.0</ele><time>2024-10-14T15:21:20Z</time></trkpt>
<trkpt lat="45.378563" lon="-75.843146"><ele>26.0</ele><time>2024-10-14T15:21:21Z</time></trkpt>
<trkpt lat="45.378566" lon="-75.843173"><ele>26.0</ele><time>2024-10-14T15:21:22Z</time></trkpt>
<trkpt lat="45.37857" lon="-75.843209"><ele>25.0</ele><time>2024-10-14T15:21:23Z</time></trkpt>
<trkpt lat="45.378576" lon="-75.843236"><ele>25.0</ele><time>2024-10-14T15:21:24Z</time></trkpt>
<trkpt lat="45.378579" lon="-75.843272"><ele>25.0</ele><time>2024-10-14T15:21:25Z</time></trkpt>
<trkpt lat="45.378589" lon="-75.843299"><ele>25.0</ele><time>2024-10-14T15:21:26Z</time></trkpt>
<trkpt lat="45.378601" lon="-75.843335"><ele>25.0</ele><time>2024-10-14T15:21:27Z</time></trkpt>
<trkpt lat="45.378617" lon="-75.843352"><ele>25.0</ele><time>2024-10-14T15:21:28Z</time></trkpt>
<trkpt lat="45.37863" lon="-75.843379"><ele>25.0</ele><time>2024-10-14T15:21:29Z</time></trkpt>
<trkpt lat="45.378642" lon="-75.843406"><ele>25.0</ele><time>2024-10-14T15:21:30Z</time></trkpt>
<trkpt lat="45.378655" lon="-75.843433"><ele>25.0</ele><time>2024-10-14T15:21:31Z</time></trkpt>
<trkpt lat="45.378661" lon="-75.84346"><ele>25.0</ele><time>2024-10-14T15:21:32Z</time></trkpt>
<trkpt lat="45.378671" lon="-75.843487"><ele>25.0</ele><time>2024-10-14T15:21:33Z</time></trkpt>
<trkpt lat="45.37868" lon="-75.843523"><ele>25.0</ele><time>2024-10-14T15:21:34Z</time></trkpt>
<trkpt lat="45.378693" lon="-75.84355"><ele>25.0</ele><time>2024-10-14T15:21:35Z</time></trkpt>
<trkpt lat="45.378703" lon="-75.843577"><ele>25.0</ele><time>2024-10-14T15:21:36Z</time></trkpt>
<trkpt lat="45.378715" lon="-75.843595"><ele>25.0</ele><time>2024-10-14T15:21:37Z</time></trkpt>
<trkpt lat="45.378728" lon="-75.843622"><ele>24.0</ele><time>2024-10-14T15:21:38Z</time></trkpt>
<trkpt lat="45.378737" lon="-75.843649"><ele>24.0</ele><time>2024-10-14T15:21:39Z</time></trkpt>
<trkpt lat="45.37875" lon="-75.843667"><ele>24.0</ele><time>2024-10-14T15:21:40Z</time></trkpt>
<trkpt lat="45.378759" lon="-75.843694"><ele>24.0</ele><time>2024-10-14T15:21:41Z</time></trkpt>
<trkpt lat="45.378766" lon="-75.843721"><ele>24.0</ele><time>2024-10-14T15:21:42Z</time></trkpt>
<trkpt lat="45.378775" lon="-75.843739"><ele>24.0</ele><time>2024-10-14T15:21:43Z</time></trkpt>
<trkpt lat="45.378785" lon="-75.843766"><ele>24.0</ele><time>2024-10-14T15:21:44Z</time></trkpt>
<trkpt lat="45.378791" lon="-75.843784"><ele>24.0</ele><time>2024-10-14T15:21:45Z</time></trkpt>
<trkpt lat="45.378801" lon="-75.843811"><ele>24.0</ele><time>2024-10-14T15:21:46Z</time></trkpt>
<trkpt lat="45.37881" lon="-75.843829"><ele>24.0</ele><time>2024-10-14T15:21:47Z</time></trkpt>
<trkpt lat="45.37882" lon="-75.843856"><ele>24.0</ele><time>2024-10-14T15:21:48Z</time></trkpt>
<trkpt lat="45.378826" lon="-75.843882"><ele>24.0</ele><time>2024-10-14T15:21:49Z</time></trkpt>
<trkpt lat="45.378835" lon="-75.8439"><ele>24.0</ele><time>2024-10-14T15:21:50Z</time></trkpt>
<trkpt lat="45.378845" lon="-75.843918"><ele>24.0</ele><time>2024-10-14T15:21:51Z</time></trkpt>
<trkpt lat="45.378851" lon="-75.843936"><ele>24.0</ele><time>2024-10-14T15:21:52Z</time></trkpt>
<trkpt lat="45.378861" lon="-75.843963"><ele>24.0</ele><time>2024-10-14T15:21:53Z</time></trkpt>
<trkpt lat="45.378867" lon="-75.843981"><ele>24.0</ele><time>2024-10-14T15:21:54Z</time></trkpt>
<trkpt lat="45.378873" lon="-75.843999"><ele>24.0</ele><time>2024-10-14T15:21:55Z</time></trkpt>
<trkpt lat="45.37888" lon="-75.844026"><ele>25.0</ele><time>2024-10-14T15:21:56Z</time></trkpt>
<trkpt lat="45.378883" lon="-75.844053"><ele>25.0</ele><time>2024-10-14T15:21:57Z</time></trkpt>
<trkpt lat="45.378886" lon="-75.844071"><ele>25.0</ele><time>2024-10-14T15:21:58Z</time></trkpt>
<trkpt lat="45.378892" lon="-75.844098"><ele>25.0</ele><time>2024-10-14T15:21:59Z</time></trkpt>
<trkpt lat="45.378902" lon="-75.844125"><ele>25.0</ele><time>2024-10-14T15:22:00Z</time></trkpt>
<trkpt lat="45.378911" lon="-75.844143"><ele>24.0</ele><time>2024-10-14T15:22:01Z</time></trkpt>
<trkpt lat="45.378915" lon="-75.84417"><ele>24.0</ele><time>2024-10-14T15:22:02Z</time></trkpt>
<trkpt lat="45.378921" lon="-75.844197"><ele>23.0</ele><time>2024-10-14T15:22:03Z</time></trkpt>
<trkpt lat="45.378924" lon="-75.844215"><ele>24.0</ele><time>2024-10-14T15:22:04Z</time></trkpt>
<trkpt lat="45.378927" lon="-75.844251"><ele>23.0</ele><time>2024-10-14T15:22:05Z</time></trkpt>
<trkpt lat="45.37893" lon="-75.844278"><ele>24.0</ele><time>2024-10-14T15:22:06Z</time></trkpt>
<trkpt lat="45.378937" lon="-75.844305"><ele>24.0</ele><time>2024-10-14T15:22:07Z</time></trkpt>
<trkpt lat="45.378943" lon="-75.844341"><ele>24.0</ele><time>2024-10-14T15:22:08Z</time></trkpt>
<trkpt lat="45.378949" lon="-75.844368"><ele>24.0</ele><time>2024-10-14T15:22:09Z</time></trkpt>
<trkpt lat="45.378959" lon="-75.844394"><ele>24.0</ele><time>2024-10-14T15:22:10Z</time></trkpt>
<trkpt lat="45.378965" lon="-75.84443"><ele>24.0</ele><time>2024-10-14T15:22:11Z</time></trkpt>
<trkpt lat="45.378978" lon="-75.844475"><ele>23.0</ele><time>2024-10-14T15:22:12Z</time></trkpt>
<trkpt lat="45.378987" lon="-75.844502"><ele>23.0</ele><time>2024-10-14T15:22:13Z</time></trkpt>
<trkpt lat="45.378991" lon="-75.844529"><ele>23.0</ele><time>2024-10-14T15:22:14Z</time></trkpt>
<trkpt lat="45.378991" lon="-75.844556"><ele>23.0</ele><time>2024-10-14T15:22:15Z</time></trkpt>
<trkpt lat="45.379" lon="-75.844583"><ele>23.0</ele><time>2024-10-14T15:22:16Z</time></trkpt>
<trkpt lat="45.379013" lon="-75.844619"><ele>24.0</ele><time>2024-10-14T15:22:17Z</time></trkpt>
<trkpt lat="45.379025" lon="-75.844646"><ele>24.0</ele><time>2024-10-14T15:22:18Z</time></trkpt>
<trkpt lat="45.379038" lon="-75.844682"><ele>24.0</ele><time>2024-10-14T15:22:19Z</time></trkpt>
<trkpt lat="45.379054" lon="-75.844709"><ele>24.0</ele><time>2024-10-14T15:22:20Z</time></trkpt>
<trkpt lat="45.379063" lon="-75.844745"><ele>23.0</ele><time>2024-10-14T15:22:21Z</time></trkpt>
<trkpt lat="45.379076" lon="-75.844772"><ele>23.0</ele><time>2024-10-14T15:22:22Z</time></trkpt>
<trkpt lat="45.379086" lon="-75.844808"><ele>23.0</ele><time>2024-10-14T15:22:23Z</time></trkpt>
<trkpt lat="45.379098" lon="-75.844835"><ele>23.0</ele><time>2024-10-14T15:22:24Z</time></trkpt>
<trkpt lat="45.379111" lon="-75.844871"><ele>23.0</ele><time>2024-10-14T15:22:25Z</time></trkpt>
<trkpt lat="45.379124" lon="-75.844898"><ele>23.0</ele><time>2024-10-14T15:22:26Z</time></trkpt>
<trkpt lat="45.379133" lon="-75.844933"><ele>23.0</ele><time>2024-10-14T15:22:27Z</time></trkpt>
<trkpt lat="45.379143" lon="-75.844969"><ele>23.0</ele><time>2024-10-14T15:22:28Z</time></trkpt>
<trkpt lat="45.379155" lon="-75.845005"><ele>23.0</ele><time>2024-10-14T15:22:29Z</time></trkpt>
<trkpt lat="45.379168" lon="-75.845032"><ele>23.0</ele><time>2024-10-14T15:22:30Z</time></trkpt>
<trkpt lat="45.37918" lon="-75.845068"><ele>23.0</ele><time>2024-10-14T15:22:31Z</time></trkpt>
<trkpt lat="45.379193" lon="-75.845095"><ele>23.0</ele><time>2024-10-14T15:22:32Z</time></trkpt>
<trkpt lat="45.379203" lon="-75.845131"><ele>23.0</ele><time>2024-10-14T15:22:33Z</time></trkpt>
<trkpt lat="45.379212" lon="-75.845167"><ele>23.0</ele><time>2024-10-14T15:22:34Z</time></trkpt>
<trkpt lat="45.379222" lon="-75.845203"><ele>23.0</ele><time>2024-10-14T15:22:35Z</time></trkpt>
<trkpt lat="45.379234" lon="-75.84523"><ele>23.0</ele><time>2024-10-14T15:22:36Z</time></trkpt>
<trkpt lat="45.379244" lon="-75.845266"><ele>23.0</ele><time>2024-10-14T15:22:37Z</time></trkpt>
<trkpt lat="45.379256" lon="-75.845302"><ele>23.0</ele><time>2024-10-14T15:22:38Z</time></trkpt>
<trkpt lat="45.379266" lon="-75.845329"><ele>23.0</ele><time>2024-10-14T15:22:39Z</time></trkpt>
<trkpt lat="45.379275" lon="-75.845365"><ele>23.0</ele><time>2024-10-14T15:22:40Z</time></trkpt>
<trkpt lat="45.379285" lon="-75.845392"><ele>23.0</ele><time>2024-10-14T15:22:41Z</time></trkpt>
<trkpt lat="45.379298" lon="-75.845419"><ele>23.0</ele><time>2024-10-14T15:22:42Z</time></trkpt>
<trkpt lat="45.37931" lon="-75.845454"><ele>23.0</ele><time>2024-10-14T15:22:43Z</time></trkpt>
<trkpt lat="45.37932" lon="-75.845481"><ele>23.0</ele><time>2024-10-14T15:22:44Z</time></trkpt>
<trkpt lat="45.379329" lon="-75.845508"><ele>23.0</ele><time>2024-10-14T15:22:45Z</time></trkpt>
<trkpt lat="45.379339" lon="-75.845544"><ele>23.0</ele><time>2024-10-14T15:22:46Z</time></trkpt>
<trkpt lat="45.379348" lon="-75.845571"><ele>23.0</ele><time>2024-10-14T15:22:47Z</time></trkpt>
<trkpt lat="45.379355" lon="-75.845607"><ele>23.0</ele><time>2024-10-14T15:22:48Z</time></trkpt>
<trkpt lat="45.379364" lon="-75.845634"><ele>23.0</ele><time>2024-10-14T15:22:49Z</time></trkpt>
<trkpt lat="45.379374" lon="-75.84567"><ele>23.0</ele><time>2024-10-14T15:22:50Z</time></trkpt>
<trkpt lat="45.379386" lon="-75.845697"><ele>23.0</ele><time>2024-10-14T15:22:51Z</time></trkpt>
<trkpt lat="45.379399" lon="-75.845724"><ele>23.0</ele><time>2024-10-14T15:22:52Z</time></trkpt>
<trkpt lat="45.379408" lon="-75.84576"><ele>23.0</ele><time>2024-10-14T15:22:53Z</time></trkpt>
<trkpt lat="45.379421" lon="-75.845787"><ele>23.0</ele><time>2024-10-14T15:22:54Z</time></trkpt>
<trkpt lat="45.379434" lon="-75.845814"><ele>23.0</ele><time>2024-10-14T15:22:55Z</time></trkpt>
<trkpt lat="45.379443" lon="-75.84585"><ele>23.0</ele><time>2024-10-14T15:22:56Z</time></trkpt>
<trkpt lat="45.379453" lon="-75.845877"><ele>23.0</ele><time>2024-10-14T15:22:57Z</time></trkpt>
<trkpt lat="45.379462" lon="-75.845913"><ele>23.0</ele><time>2024-10-14T15:22:58Z</time></trkpt>
<trkpt lat="45.379472" lon="-75.84594"><ele>23.0</ele><time>2024-10-14T15:22:59Z</time></trkpt>
<trkpt lat="45.379484" lon="-75.845975"><ele>23.0</ele><time>2024-10-14T15:23:00Z</time></trkpt>
<trkpt lat="45.379494" lon="-75.846002"><ele>23.0</ele><time>2024-10-14T15:23:01Z</time></trkpt>
<trkpt lat="45.379503" lon="-75.846038"><ele>23.0</ele><time>2024-10-14T15:23:02Z</time></trkpt>
<trkpt lat="45.379513" lon="-75.846065"><ele>23.0</ele><time>2024-10-14T15:23:03Z</time></trkpt>
<trkpt lat="45.379522" lon="-75.846101"><ele>23.0</ele><time>2024-10-14T15:23:04Z</time></trkpt>
<trkpt lat="45.379535" lon="-75.846128"><ele>23.0</ele><time>2024-10-14T15:23:05Z</time></trkpt>
<trkpt lat="45.379545" lon="-75.846164"><ele>23.0</ele><time>2024-10-14T15:23:06Z</time></trkpt>
<trkpt lat="45.379554" lon="-75.846191"><ele>23.0</ele><time>2024-10-14T15:23:07Z</time></trkpt>
<trkpt lat="45.379563" lon="-75.846227"><ele>23.0</ele><time>2024-10-14T15:23:08Z</time></trkpt>
<trkpt lat="45.379573" lon="-75.846254"><ele>23.0</ele><time>2024-10-14T15:23:09Z</time></trkpt>
<trkpt lat="45.379582" lon="-75.84629"><ele>23.0</ele><time>2024-10-14T15:23:10Z</time></trkpt>
<trkpt lat="45.379592" lon="-75.846317"><ele>23.0</ele><time>2024-10-14T15:23:11Z</time></trkpt>
<trkpt lat="45.379601" lon="-75.846353"><ele>22.0</ele><time>2024-10-14T15:23:12Z</time></trkpt>
<trkpt lat="45.379608" lon="-75.84638"><ele>22.0</ele><time>2024-10-14T15:23:13Z</time></trkpt>
<trkpt lat="45.379614" lon="-75.846416"><ele>22.0</ele><time>2024-10-14T15:23:14Z</time></trkpt>
<trkpt lat="45.379624" lon="-75.846443"><ele>22.0</ele><time>2024-10-14T15:23:15Z</time></trkpt>
<trkpt lat="45.379636" lon="-75.84647"><ele>22.0</ele><time>2024-10-14T15:23:16Z</time></trkpt>
<trkpt lat="45.379649" lon="-75.846496"><ele>23.0</ele><time>2024-10-14T15:23:17Z</time></trkpt>
<trkpt lat="45.379662" lon="-75.846523"><ele>23.0</ele><time>2024-10-14T15:23:18Z</time></trkpt>
<trkpt lat="45.379674" lon="-75.84655"><ele>23.0</ele><time>2024-10-14T15:23:19Z</time></trkpt>
<trkpt lat="45.379684" lon="-75.846577"><ele>23.0</ele><time>2024-10-14T15:23:20Z</time></trkpt>
<trkpt lat="45.379693" lon="-75.846604"><ele>23.0</ele><time>2024-10-14T15:23:21Z</time></trkpt>
<trkpt lat="45.379703" lon="-75.846631"><ele>23.0</ele><time>2024-10-14T15:23:22Z</time></trkpt>
<trkpt lat="45.379715" lon="-75.846658"><ele>23.0</ele><time>2024-10-14T15:23:23Z</time></trkpt>
<trkpt lat="45.379725" lon="-75.846685"><ele>23.0</ele><time>2024-10-14T15:23:24Z</time></trkpt>
<trkpt lat="45.379734" lon="-75.846703"><ele>23.0</ele><time>2024-10-14T15:23:25Z</time></trkpt>
<trkpt lat="45.379741" lon="-75.84673"><ele>23.0</ele><time>2024-10-14T15:23:26Z</time></trkpt>
<trkpt lat="45.37975" lon="-75.846757"><ele>23.0</ele><time>2024-10-14T15:23:27Z</time></trkpt>
<trkpt lat="45.37976" lon="-75.846775"><ele>23.0</ele><time>2024-10-14T15:23:28Z</time></trkpt>
<trkpt lat="45.379769" lon="-75.846802"><ele>23.0</ele><time>2024-10-14T15:23:29Z</time></trkpt>
<trkpt lat="45.379779" lon="-75.846829"><ele>23.0</ele><time>2024-10-14T15:23:30Z</time></trkpt>
<trkpt lat="45.379788" lon="-75.846847"><ele>23.0</ele><time>2024-10-14T15:23:31Z</time></trkpt>
<trkpt lat="45.379798" lon="-75.846874"><ele>23.0</ele><time>2024-10-14T15:23:32Z</time></trkpt>
<trkpt lat="45.379807" lon="-75.846901"><ele>23.0</ele><time>2024-10-14T15:23:33Z</time></trkpt>
<trkpt lat="45.379814" lon="-75.846919"><ele>23.0</ele><time>2024-10-14T15:23:34Z</time></trkpt>
<trkpt lat="45.379823" lon="-75.846946"><ele>23.0</ele><time>2024-10-14T15:23:35Z</time></trkpt>
<trkpt lat="45.379829" lon="-75.846964"><ele>23.0</ele><time>2024-10-14T15:23:36Z</time></trkpt>
<trkpt lat="45.379839" lon="-75.846991"><ele>23.0</ele><time>2024-10-14T15:23:37Z</time></trkpt>
<trkpt lat="45.379848" lon="-75.847008"><ele>23.0</ele><time>2024-10-14T15:23:38Z</time></trkpt>
<trkpt lat="45.379858" lon="-75.847035"><ele>23.0</ele><time>2024-10-14T15:23:39Z</time></trkpt>
<trkpt lat="45.379864" lon="-75.847053"><ele>23.0</ele><time>2024-10-14T15:23:40Z</time></trkpt>
<trkpt lat="45.379874" lon="-75.84708"><ele>23.0</ele><time>2024-10-14T15:23:41Z</time></trkpt>
<trkpt lat="45.37988" lon="-75.847098"><ele>23.0</ele><time>2024-10-14T15:23:42Z</time></trkpt>
<trkpt lat="45.379886" lon="-75.847125"><ele>23.0</ele><time>2024-10-14T15:23:43Z</time></trkpt>
<trkpt lat="45.379896" lon="-75.847143"><ele>23.0</ele><time>2024-10-14T15:23:44Z</time></trkpt>
<trkpt lat="45.379902" lon="-75.847161"><ele>23.0</ele><time>2024-10-14T15:23:45Z</time></trkpt>
<trkpt lat="45.379912" lon="-75.847188"><ele>23.0</ele><time>2024-10-14T15:23:46Z</time></trkpt>
<trkpt lat="45.379918" lon="-75.847206"><ele>23.0</ele><time>2024-10-14T15:23:47Z</time></trkpt>
<trkpt lat="45.379924" lon="-75.847233"><ele>23.0</ele><time>2024-10-14T15:23:48Z</time></trkpt>
<trkpt lat="45.379934" lon="-75.847251"><ele>23.0</ele><time>2024-10-14T15:23:49Z</time></trkpt>
<trkpt lat="45.37994" lon="-75.847269"><ele>23.0</ele><time>2024-10-14T15:23:50Z</time></trkpt>
<trkpt lat="45.379943" lon="-75.847296"><ele>23.0</ele><time>2024-10-14T15:23:51Z</time></trkpt>
<trkpt lat="45.37995" lon="-75.847314"><ele>23.0</ele><time>2024-10-14T15:23:52Z</time></trkpt>
<trkpt lat="45.379956" lon="-75.847341"><ele>23.0</ele><time>2024-10-14T15:23:53Z</time></trkpt>
<trkpt lat="45.379962" lon="-75.847359"><ele>23.0</ele><time>2024-10-14T15:23:54Z</time></trkpt>
<trkpt lat="45.379972" lon="-75.847386"><ele>23.0</ele><time>2024-10-14T15:23:55Z</time></trkpt>
<trkpt lat="45.379981" lon="-75.847404"><ele>23.0</ele><time>2024-10-14T15:23:56Z</time></trkpt>
<trkpt lat="45.379991" lon="-75.847422"><ele>23.0</ele><time>2024-10-14T15:23:57Z</time></trkpt>
<trkpt lat="45.38" lon="-75.84744"><ele>23.0</ele><time>2024-10-14T15:23:58Z</time></trkpt>
<trkpt lat="45.38001" lon="-75.847458"><ele>23.0</ele><time>2024-10-14T15:23:59Z</time></trkpt>
<trkpt lat="45.380019" lon="-75.847467"><ele>23.0</ele><time>2024-10-14T15:24:00Z</time></trkpt>
<trkpt lat="45.380032" lon="-75.847485"><ele>23.0</ele><time>2024-10-14T15:24:01Z</time></trkpt>
<trkpt lat="45.380041" lon="-75.847503"><ele>23.0</ele><time>2024-10-14T15:24:02Z</time></trkpt>
<trkpt lat="45.380051" lon="-75.847512"><ele>22.0</ele><time>2024-10-14T15:24:03Z</time></trkpt>
<trkpt lat="45.38006" lon="-75.847529"><ele>23.0</ele><time>2024-10-14T15:24:04Z</time></trkpt>
<trkpt lat="45.380067" lon="-75.847547"><ele>22.0</ele><time>2024-10-14T15:24:05Z</time></trkpt>
<trkpt lat="45.380076" lon="-75.847565"><ele>23.0</ele><time>2024-10-14T15:24:06Z</time></trkpt>
<trkpt lat="45.380083" lon="-75.847583"><ele>23.0</ele><time>2024-10-14T15:24:07Z</time></trkpt>
<trkpt lat="45.380086" lon="-75.84761"><ele>23.0</ele><time>2024-10-14T15:24:08Z</time></trkpt>
<trkpt lat="45.380092" lon="-75.847628"><ele>23.0</ele><time>2024-10-14T15:24:09Z</time></trkpt>
<trkpt lat="45.380098" lon="-75.847655"><ele>22.0</ele><time>2024-10-14T15:24:10Z</time></trkpt>
<trkpt lat="45.380102" lon="-75.847673"><ele>22.0</ele><time>2024-10-14T15:24:11Z</time></trkpt>
<trkpt lat="45.380108" lon="-75.8477"><ele>23.0</ele><time>2024-10-14T15:24:12Z</time></trkpt>
<trkpt lat="45.380114" lon="-75.847727"><ele>23.0</ele><time>2024-10-14T15:24:13Z</time></trkpt>
<trkpt lat="45.380121" lon="-75.847754"><ele>23.0</ele><time>2024-10-14T15:24:14Z</time></trkpt>
<trkpt lat="45.38013" lon="-75.847772"><ele>22.0</ele><time>2024-10-14T15:24:15Z</time></trkpt>
<trkpt lat="45.380136" lon="-75.847799"><ele>23.0</ele><time>2024-10-14T15:24:16Z</time></trkpt>
<trkpt lat="45.380143" lon="-75.847817"><ele>23.0</ele><time>2024-10-14T15:24:17Z</time></trkpt>
<trkpt lat="45.380152" lon="-75.847844"><ele>23.0</ele><time>2024-10-14T15:24:18Z</time></trkpt>
<trkpt lat="45.380159" lon="-75.847862"><ele>23.0</ele><time>2024-10-14T15:24:19Z</time></trkpt>
<trkpt lat="45.380165" lon="-75.847889"><ele>23.0</ele><time>2024-10-14T15:24:20Z</time></trkpt>
<trkpt lat="45.380171" lon="-75.847907"><ele>23.0</ele><time>2024-10-14T15:24:21Z</time></trkpt>
<trkpt lat="45.380178" lon="-75.847934"><ele>23.0</ele><time>2024-10-14T15:24:22Z</time></trkpt>
<trkpt lat="45.380184" lon="-75.847952"><ele>23.0</ele><time>2024-10-14T15:24:23Z</time></trkpt>
<trkpt lat="45.38019" lon="-75.847979"><ele>23.0</ele><time>2024-10-14T15:24:24Z</time></trkpt>
<trkpt lat="45.380197" lon="-75.847997"><ele>23.0</ele><time>2024-10-14T15:24:25Z</time></trkpt>
<trkpt lat="45.380203" lon="-75.848024"><ele>23.0</ele><time>2024-10-14T15:24:26Z</time></trkpt>
<trkpt lat="45.380206" lon="-75.848041"><ele>23.0</ele><time>2024-10-14T15:24:27Z</time></trkpt>
<trkpt lat="45.380212" lon="-75.848068"><ele>23.0</ele><time>2024-10-14T15:24:28Z</time></trkpt>
<trkpt lat="45.380219" lon="-75.848086"><ele>23.0</ele><time>2024-10-14T15:24:29Z</time></trkpt>
<trkpt lat="45.380225" lon="-75.848113"><ele>23.0</ele><time>2024-10-14T15:24:30Z</time></trkpt>
<trkpt lat="45.380231" lon="-75.84814"><ele>24.0</ele><time>2024-10-14T15:24:31Z</time></trkpt>
<trkpt lat="45.380238" lon="-75.848167"><ele>24.0</ele><time>2024-10-14T15:24:32Z</time></trkpt>
<trkpt lat="45.380244" lon="-75.848194"><ele>23.0</ele><time>2024-10-14T15:24:33Z</time></trkpt>
<trkpt lat="45.38025" lon="-75.848221"><ele>24.0</ele><time>2024-10-14T15:24:34Z</time></trkpt>
<trkpt lat="45.38026" lon="-75.848257"><ele>23.0</ele><time>2024-10-14T15:24:35Z</time></trkpt>
<trkpt lat="45.380269" lon="-75.848275"><ele>23.0</ele><time>2024-10-14T15:24:36Z</time></trkpt>
<trkpt lat="45.380279" lon="-75.848302"><ele>23.0</ele><time>2024-10-14T15:24:37Z</time></trkpt>
<trkpt lat="45.380288" lon="-75.84832"><ele>22.0</ele><time>2024-10-14T15:24:38Z</time></trkpt>
<trkpt lat="45.380298" lon="-75.848356"><ele>24.0</ele><time>2024-10-14T15:24:39Z</time></trkpt>
<trkpt lat="45.380304" lon="-75.848383"><ele>25.0</ele><time>2024-10-14T15:24:40Z</time></trkpt>
<trkpt lat="45.380311" lon="-75.84841"><ele>24.0</ele><time>2024-10-14T15:24:41Z</time></trkpt>
<trkpt lat="45.380323" lon="-75.848428"><ele>24.0</ele><time>2024-10-14T15:24:42Z</time></trkpt>
<trkpt lat="45.380333" lon="-75.848446"><ele>24.0</ele><time>2024-10-14T15:24:43Z</time></trkpt>
<trkpt lat="45.380342" lon="-75.848473"><ele>24.0</ele><time>2024-10-14T15:24:44Z</time></trkpt>
<trkpt lat="45.380355" lon="-75.848491"><ele>25.0</ele><time>2024-10-14T15:24:45Z</time></trkpt>
<trkpt lat="45.380361" lon="-75.848518"><ele>25.0</ele><time>2024-10-14T15:24:46Z</time></trkpt>
<trkpt lat="45.380371" lon="-75.848545"><ele>24.0</ele><time>2024-10-14T15:24:47Z</time></trkpt>
<trkpt lat="45.38038" lon="-75.848563"><ele>24.0</ele><time>2024-10-14T15:24:48Z</time></trkpt>
<trkpt lat="45.38039" lon="-75.848589"><ele>24.0</ele><time>2024-10-14T15:24:49Z</time></trkpt>
<trkpt lat="45.380399" lon="-75.848607"><ele>24.0</ele><time>2024-10-14T15:24:50Z</time></trkpt>
<trkpt lat="45.380409" lon="-75.848625"><ele>24.0</ele><time>2024-10-14T15:24:51Z</time></trkpt>
<trkpt lat="45.380418" lon="-75.848652"><ele>24.0</ele><time>2024-10-14T15:24:52Z</time></trkpt>
<trkpt lat="45.380431" lon="-75.84867"><ele>24.0</ele><time>2024-10-14T15:24:53Z</time></trkpt>
<trkpt lat="45.38044" lon="-75.848688"><ele>24.0</ele><time>2024-10-14T15:24:54Z</time></trkpt>
<trkpt lat="45.380453" lon="-75.848706"><ele>24.0</ele><time>2024-10-14T15:24:55Z</time></trkpt>
<trkpt lat="45.380462" lon="-75.848724"><ele>24.0</ele><time>2024-10-14T15:24:56Z</time></trkpt>
<trkpt lat="45.380472" lon="-75.848742"><ele>24.0</ele><time>2024-10-14T15:24:57Z</time></trkpt>
<trkpt lat="45.380485" lon="-75.84876"><ele>24.0</ele><time>2024-10-14T15:24:58Z</time></trkpt>
<trkpt lat="45.380494" lon="-75.848778"><ele>24.0</ele><time>2024-10-14T15:24:59Z</time></trkpt>
<trkpt lat="45.380504" lon="-75.848796"><ele>24.0</ele><time>2024-10-14T15:25:00Z</time></trkpt>
<trkpt lat="45.380513" lon="-75.848814"><ele>24.0</ele><time>2024-10-14T15:25:01Z</time></trkpt>
<trkpt lat="45.380526" lon="-75.848832"><ele>24.0</ele><time>2024-10-14T15:25:02Z</time></trkpt>
<trkpt lat="45.380535" lon="-75.84885"><ele>23.0</ele><time>2024-10-14T15:25:03Z</time></trkpt>
<trkpt lat="45.380545" lon="-75.848868"><ele>23.0</ele><time>2024-10-14T15:25:04Z</time></trkpt>
<trkpt lat="45.380554" lon="-75.848886"><ele>23.0</ele><time>2024-10-14T15:25:05Z</time></trkpt>
<trkpt lat="45.380564" lon="-75.848904"><ele>23.0</ele><time>2024-10-14T15:25:06Z</time></trkpt>
<trkpt lat="45.380573" lon="-75.848922"><ele>23.0</ele><time>2024-10-14T15:25:07Z</time></trkpt>
<trkpt lat="45.380583" lon="-75.848949"><ele>23.0</ele><time>2024-10-14T15:25:08Z</time></trkpt>
<trkpt lat="45.380592" lon="-75.848967"><ele>23.0</ele><time>2024-10-14T15:25:09Z</time></trkpt>
<trkpt lat="45.380602" lon="-75.848985"><ele>23.0</ele><time>2024-10-14T15:25:10Z</time></trkpt>
<trkpt lat="45.380611" lon="-75.849003"><ele>23.0</ele><time>2024-10-14T15:25:11Z</time></trkpt>
<trkpt lat="45.380621" lon="-75.849021"><ele>23.0</ele><time>2024-10-14T15:25:12Z</time></trkpt>
<trkpt lat="45.38063" lon="-75.849039"><ele>23.0</ele><time>2024-10-14T15:25:13Z</time></trkpt>
<trkpt lat="45.38064" lon="-75.849066"><ele>22.0</ele><time>2024-10-14T15:25:14Z</time></trkpt>
<trkpt lat="45.380646" lon="-75.849084"><ele>22.0</ele><time>2024-10-14T15:25:15Z</time></trkpt>
<trkpt lat="45.380656" lon="-75.849101"><ele>22.0</ele><time>2024-10-14T15:25:16Z</time></trkpt>
<trkpt lat="45.380665" lon="-75.849128"><ele>22.0</ele><time>2024-10-14T15:25:17Z</time></trkpt>
<trkpt lat="45.380681" lon="-75.849155"><ele>23.0</ele><time>2024-10-14T15:25:18Z</time></trkpt>
<trkpt lat="45.380697" lon="-75.849173"><ele>23.0</ele><time>2024-10-14T15:25:19Z</time></trkpt>
<trkpt lat="45.380706" lon="-75.8492"><ele>23.0</ele><time>2024-10-14T15:25:20Z</time></trkpt>
<trkpt lat="45.380712" lon="-75.849218"><ele>23.0</ele><time>2024-10-14T15:25:21Z</time></trkpt>
<trkpt lat="45.380722" lon="-75.849236"><ele>23.0</ele><time>2024-10-14T15:25:22Z</time></trkpt>
<trkpt lat="45.380728" lon="-75.849254"><ele>23.0</ele><time>2024-10-14T15:25:23Z</time></trkpt>
<trkpt lat="45.380738" lon="-75.849281"><ele>24.0</ele><time>2024-10-14T15:25:24Z</time></trkpt>
<trkpt lat="45.380747" lon="-75.849299"><ele>24.0</ele><time>2024-10-14T15:25:25Z</time></trkpt>
<trkpt lat="45.380757" lon="-75.849326"><ele>24.0</ele><time>2024-10-14T15:25:26Z</time></trkpt>
<trkpt lat="45.380766" lon="-75.849344"><ele>24.0</ele><time>2024-10-14T15:25:27Z</time></trkpt>
<trkpt lat="45.380776" lon="-75.849371"><ele>24.0</ele><time>2024-10-14T15:25:29Z</time></trkpt>
<trkpt lat="45.380785" lon="-75.849389"><ele>24.0</ele><time>2024-10-14T15:25:29Z</time></trkpt>
<trkpt lat="45.380798" lon="-75.849416"><ele>24.0</ele><time>2024-10-14T15:25:30Z</time></trkpt>
<trkpt lat="45.380807" lon="-75.849434"><ele>24.0</ele><time>2024-10-14T15:25:31Z</time></trkpt>
<trkpt lat="45.380817" lon="-75.849461"><ele>24.0</ele><time>2024-10-14T15:25:32Z</time></trkpt>
<trkpt lat="45.380826" lon="-75.849479"><ele>24.0</ele><time>2024-10-14T15:25:33Z</time></trkpt>
<trkpt lat="45.380839" lon="-75.849497"><ele>24.0</ele><time>2024-10-14T15:25:34Z</time></trkpt>
<trkpt lat="45.380849" lon="-75.849524"><ele>24.0</ele><time>2024-10-14T15:25:35Z</time></trkpt>
<trkpt lat="45.380858" lon="-75.849551"><ele>24.0</ele><time>2024-10-14T15:25:36Z</time></trkpt>
<trkpt lat="45.380868" lon="-75.849578"><ele>24.0</ele><time>2024-10-14T15:25:37Z</time></trkpt>
<trkpt lat="45.38088" lon="-75.849596"><ele>24.0</ele><time>2024-10-14T15:25:38Z</time></trkpt>
<trkpt lat="45.38089" lon="-75.849622"><ele>24.0</ele><time>2024-10-14T15:25:39Z</time></trkpt>
<trkpt lat="45.380899" lon="-75.849649"><ele>24.0</ele><time>2024-10-14T15:25:40Z</time></trkpt>
<trkpt lat="45.380909" lon="-75.849667"><ele>24.0</ele><time>2024-10-14T15:25:41Z</time></trkpt>
<trkpt lat="45.380921" lon="-75.849694"><ele>24.0</ele><time>2024-10-14T15:25:42Z</time></trkpt>
<trkpt lat="45.380931" lon="-75.849721"><ele>24.0</ele><time>2024-10-14T15:25:43Z</time></trkpt>
<trkpt lat="45.38094" lon="-75.849748"><ele>24.0</ele><time>2024-10-14T15:25:44Z</time></trkpt>
<trkpt lat="45.38095" lon="-75.849766"><ele>24.0</ele><time>2024-10-14T15:25:45Z</time></trkpt>
<trkpt lat="45.380959" lon="-75.849793"><ele>24.0</ele><time>2024-10-14T15:25:46Z</time></trkpt>
<trkpt lat="45.380966" lon="-75.84982"><ele>24.0</ele><time>2024-10-14T15:25:47Z</time></trkpt>
<trkpt lat="45.380975" lon="-75.849838"><ele>24.0</ele><time>2024-10-14T15:25:48Z</time></trkpt>
<trkpt lat="45.380985" lon="-75.849865"><ele>24.0</ele><time>2024-10-14T15:25:49Z</time></trkpt>
<trkpt lat="45.380991" lon="-75.849883"><ele>24.0</ele><time>2024-10-14T15:25:50Z</time></trkpt>
<trkpt lat="45.380997" lon="-75.84991"><ele>24.0</ele><time>2024-10-14T15:25:51Z</time></trkpt>
<trkpt lat="45.381007" lon="-75.849928"><ele>24.0</ele><time>2024-10-14T15:25:52Z</time></trkpt>
<trkpt lat="45.381013" lon="-75.849955"><ele>24.0</ele><time>2024-10-14T15:25:53Z</time></trkpt>
<trkpt lat="45.38102" lon="-75.849973"><ele>24.0</ele><time>2024-10-14T15:25:54Z</time></trkpt>
<trkpt lat="45.381026" lon="-75.85"><ele>23.0</ele><time>2024-10-14T15:25:55Z</time></trkpt>
<trkpt lat="45.381032" lon="-75.850018"><ele>23.0</ele><time>2024-10-14T15:25:56Z</time></trkpt>
<trkpt lat="45.381039" lon="-75.850045"><ele>23.0</ele><time>2024-10-14T15:25:57Z</time></trkpt>
<trkpt lat="45.381045" lon="-75.850063"><ele>23.0</ele><time>2024-10-14T15:25:58Z</time></trkpt>
<trkpt lat="45.381048" lon="-75.85009"><ele>23.0</ele><time>2024-10-14T15:25:59Z</time></trkpt>
<trkpt lat="45.381051" lon="-75.850117"><ele>23.0</ele><time>2024-10-14T15:26:00Z</time></trkpt>
<trkpt lat="45.381058" lon="-75.850134"><ele>23.0</ele><time>2024-10-14T15:26:01Z</time></trkpt>
<trkpt lat="45.381061" lon="-75.850161"><ele>23.0</ele><time>2024-10-14T15:26:02Z</time></trkpt>
<trkpt lat="45.38107" lon="-75.850179"><ele>23.0</ele><time>2024-10-14T15:26:03Z</time></trkpt>
<trkpt lat="45.381083" lon="-75.850197"><ele>23.0</ele><time>2024-10-14T15:26:04Z</time></trkpt>
<trkpt lat="45.381095" lon="-75.850197"><ele>23.0</ele><time>2024-10-14T15:26:05Z</time></trkpt>
<trkpt lat="45.381105" lon="-75.850197"><ele>23.0</ele><time>2024-10-14T15:26:06Z</time></trkpt>
<trkpt lat="45.381118" lon="-75.850197"><ele>23.0</ele><time>2024-10-14T15:26:07Z</time></trkpt>
<trkpt lat="45.381124" lon="-75.850197"><ele>23.0</ele><time>2024-10-14T15:26:08Z</time></trkpt>
<trkpt lat="45.381133" lon="-75.850188"><ele>23.0</ele><time>2024-10-14T15:26:09Z</time></trkpt>
<trkpt lat="45.38114" lon="-75.850179"><ele>23.0</ele><time>2024-10-14T15:26:10Z</time></trkpt>
<trkpt lat="45.381146" lon="-75.85017"><ele>23.0</ele><time>2024-10-14T15:26:11Z</time></trkpt>
<trkpt lat="45.381146" lon="-75.850152"><ele>23.0</ele><time>2024-10-14T15:26:12Z</time></trkpt>
<trkpt lat="45.381149" lon="-75.850134"><ele>23.0</ele><time>2024-10-14T15:26:13Z</time></trkpt>
<trkpt lat="45.381146" lon="-75.850117"><ele>23.0</ele><time>2024-10-14T15:26:14Z</time></trkpt>
<trkpt lat="45.381146" lon="-75.85009"><ele>23.0</ele><time>2024-10-14T15:26:15Z</time></trkpt>
<trkpt lat="45.381146" lon="-75.850063"><ele>23.0</ele><time>2024-10-14T15:26:16Z</time></trkpt>
<trkpt lat="45.381146" lon="-75.850036"><ele>23.0</ele><time>2024-10-14T15:26:17Z</time></trkpt>
<trkpt lat="45.381146" lon="-75.850009"><ele>23.0</ele><time>2024-10-14T15:26:18Z</time></trkpt>
<trkpt lat="45.381149" lon="-75.849982"><ele>23.0</ele><time>2024-10-14T15:26:19Z</time></trkpt>
<trkpt lat="45.381156" lon="-75.849955"><ele>23.0</ele><time>2024-10-14T15:26:20Z</time></trkpt>
<trkpt lat="45.381159" lon="-75.849928"><ele>24.0</ele><time>2024-10-14T15:26:21Z</time></trkpt>
<trkpt lat="45.381165" lon="-75.849901"><ele>24.0</ele><time>2024-10-14T15:26:22Z</time></trkpt>
<trkpt lat="45.381168" lon="-75.849874"><ele>24.0</ele><time>2024-10-14T15:26:23Z</time></trkpt>
<trkpt lat="45.381178" lon="-75.849847"><ele>24.0</ele><time>2024-10-14T15:26:24Z</time></trkpt>
<trkpt lat="45.381181" lon="-75.84982"><ele>24.0</ele><time>2024-10-14T15:26:25Z</time></trkpt>
<trkpt lat="45.381187" lon="-75.849784"><ele>24.0</ele><time>2024-10-14T15:26:26Z</time></trkpt>
<trkpt lat="45.381194" lon="-75.849757"><ele>24.0</ele><time>2024-10-14T15:26:27Z</time></trkpt>
<trkpt lat="45.3812" lon="-75.84973"><ele>24.0</ele><time>2024-10-14T15:26:28Z</time></trkpt>
<trkpt lat="45.381206" lon="-75.849703"><ele>24.0</ele><time>2024-10-14T15:26:29Z</time></trkpt>
<trkpt lat="45.381216" lon="-75.849676"><ele>24.0</ele><time>2024-10-14T15:26:30Z</time></trkpt>
<trkpt lat="45.381222" lon="-75.849649"><ele>24.0</ele><time>2024-10-14T15:26:31Z</time></trkpt>
<trkpt lat="45.381232" lon="-75.849622"><ele>24.0</ele><time>2024-10-14T15:26:32Z</time></trkpt>
<trkpt lat="45.381238" lon="-75.849587"><ele>24.0</ele><time>2024-10-14T15:26:33Z</time></trkpt>
<trkpt lat="45.381244" lon="-75.84956"><ele>24.0</ele><time>2024-10-14T15:26:34Z</time></trkpt>
<trkpt lat="45.381254" lon="-75.849533"><ele>24.0</ele><time>2024-10-14T15:26:35Z</time></trkpt>
<trkpt lat="45.38126" lon="-75.849506"><ele>25.0</ele><time>2024-10-14T15:26:36Z</time></trkpt>
<trkpt lat="45.381266" lon="-75.849479"><ele>25.0</ele><time>2024-10-14T15:26:37Z</time></trkpt>
<trkpt lat="45.38127" lon="-75.849443"><ele>25.0</ele><time>2024-10-14T15:26:38Z</time></trkpt>
<trkpt lat="45.381276" lon="-75.849416"><ele>25.0</ele><time>2024-10-14T15:26:39Z</time></trkpt>
<trkpt lat="45.381282" lon="-75.849389"><ele>25.0</ele><time>2024-10-14T15:26:40Z</time></trkpt>
<trkpt lat="45.381289" lon="-75.849362"><ele>25.0</ele><time>2024-10-14T15:26:41Z</time></trkpt>
<trkpt lat="45.381295" lon="-75.849326"><ele>25.0</ele><time>2024-10-14T15:26:42Z</time></trkpt>
<trkpt lat="45.381298" lon="-75.849299"><ele>25.0</ele><time>2024-10-14T15:26:43Z</time></trkpt>
<trkpt lat="45.381301" lon="-75.849272"><ele>25.0</ele><time>2024-10-14T15:26:44Z</time></trkpt>
<trkpt lat="45.381304" lon="-75.849236"><ele>25.0</ele><time>2024-10-14T15:26:45Z</time></trkpt>
<trkpt lat="45.381301" lon="-75.849209"><ele>25.0</ele><time>2024-10-14T15:26:46Z</time></trkpt>
<trkpt lat="45.381301" lon="-75.849182"><ele>24.0</ele><time>2024-10-14T15:26:47Z</time></trkpt>
<trkpt lat="45.381298" lon="-75.849155"><ele>24.0</ele><time>2024-10-14T15:26:48Z</time></trkpt>
<trkpt lat="45.381295" lon="-75.849119"><ele>24.0</ele><time>2024-10-14T15:26:49Z</time></trkpt>
<trkpt lat="45.381289" lon="-75.849092"><ele>24.0</ele><time>2024-10-14T15:26:50Z</time></trkpt>
<trkpt lat="45.381285" lon="-75.849066"><ele>24.0</ele><time>2024-10-14T15:26:51Z</time></trkpt>
<trkpt lat="45.381285" lon="-75.849039"><ele>24.0</ele><time>2024-10-14T15:26:52Z</time></trkpt>
<trkpt lat="45.381282" lon="-75.849003"><ele>24.0</ele><time>2024-10-14T15:26:53Z</time></trkpt>
<trkpt lat="45.381282" lon="-75.848976"><ele>24.0</ele><time>2024-10-14T15:26:54Z</time></trkpt>
<trkpt lat="45.381279" lon="-75.848949"><ele>24.0</ele><time>2024-10-14T15:26:55Z</time></trkpt>
<trkpt lat="45.381276" lon="-75.848922"><ele>24.0</ele><time>2024-10-14T15:26:56Z</time></trkpt>
<trkpt lat="45.381273" lon="-75.848895"><ele>24.0</ele><time>2024-10-14T15:26:57Z</time></trkpt>
<trkpt lat="45.38127" lon="-75.848859"><ele>24.0</ele><time>2024-10-14T15:26:58Z</time></trkpt>
<trkpt lat="45.38127" lon="-75.848832"><ele>24.0</ele><time>2024-10-14T15:26:59Z</time></trkpt>
<trkpt lat="45.38127" lon="-75.848805"><ele>24.0</ele><time>2024-10-14T15:27:00Z</time></trkpt>
<trkpt lat="45.38127" lon="-75.848778"><ele>24.0</ele><time>2024-10-14T15:27:01Z</time></trkpt>
<trkpt lat="45.38127" lon="-75.848751"><ele>24.0</ele><time>2024-10-14T15:27:02Z</time></trkpt>
<trkpt lat="45.381273" lon="-75.848724"><ele>24.0</ele><time>2024-10-14T15:27:03Z</time></trkpt>
<trkpt lat="45.381279" lon="-75.848706"><ele>24.0</ele><time>2024-10-14T15:27:04Z</time></trkpt>
<trkpt lat="45.381282" lon="-75.848679"><ele>24.0</ele><time>2024-10-14T15:27:05Z</time></trkpt>
<trkpt lat="45.381285" lon="-75.848652"><ele>24.0</ele><time>2024-10-14T15:27:06Z</time></trkpt>
<trkpt lat="45.381289" lon="-75.848634"><ele>23.0</ele><time>2024-10-14T15:27:07Z</time></trkpt>
<trkpt lat="45.381292" lon="-75.848616"><ele>24.0</ele><time>2024-10-14T15:27:08Z</time></trkpt>
<trkpt lat="45.381295" lon="-75.848589"><ele>24.0</ele><time>2024-10-14T15:27:09Z</time></trkpt>
<trkpt lat="45.381301" lon="-75.848571"><ele>24.0</ele><time>2024-10-14T15:27:10Z</time></trkpt>
<trkpt lat="45.381304" lon="-75.848554"><ele>24.0</ele><time>2024-10-14T15:27:11Z</time></trkpt>
<trkpt lat="45.381304" lon="-75.848536"><ele>24.0</ele><time>2024-10-14T15:27:12Z</time></trkpt>
<trkpt lat="45.381308" lon="-75.848518"><ele>24.0</ele><time>2024-10-14T15:27:13Z</time></trkpt>
<trkpt lat="45.381308" lon="-75.848491"><ele>24.0</ele><time>2024-10-14T15:27:14Z</time></trkpt>
<trkpt lat="45.381308" lon="-75.848482"><ele>24.0</ele><time>2024-10-14T15:27:15Z</time></trkpt>
<trkpt lat="45.381308" lon="-75.848464"><ele>24.0</ele><time>2024-10-14T15:27:16Z</time></trkpt>
<trkpt lat="45.381314" lon="-75.848446"><ele>24.0</ele><time>2024-10-14T15:27:17Z</time></trkpt>
<trkpt lat="45.38132" lon="-75.848428"><ele>24.0</ele><time>2024-10-14T15:27:18Z</time></trkpt>
<trkpt lat="45.38133" lon="-75.84841"><ele>24.0</ele><time>2024-10-14T15:27:19Z</time></trkpt>
<trkpt lat="45.381333" lon="-75.848392"><ele>24.0</ele><time>2024-10-14T15:27:20Z</time></trkpt>
<trkpt lat="45.381336" lon="-75.848392"><ele>24.0</ele><time>2024-10-14T15:27:21Z</time></trkpt>
<trkpt lat="45.381339" lon="-75.848392"><ele>25.0</ele><time>2024-10-14T15:27:22Z</time></trkpt>
<trkpt lat="45.381346" lon="-75.848401"><ele>25.0</ele><time>2024-10-14T15:27:23Z</time></trkpt>
<trkpt lat="45.381349" lon="-75.848401"><ele>25.0</ele><time>2024-10-14T15:27:24Z</time></trkpt>
<trkpt lat="45.381355" lon="-75.84841"><ele>25.0</ele><time>2024-10-14T15:27:25Z</time></trkpt>
<trkpt lat="45.381361" lon="-75.84841"><ele>24.0</ele><time>2024-10-14T15:27:26Z</time></trkpt>
<trkpt lat="45.381368" lon="-75.848419"><ele>23.0</ele><time>2024-10-14T15:27:27Z</time></trkpt>
<trkpt lat="45.381374" lon="-75.848428"><ele>23.0</ele><time>2024-10-14T15:27:28Z</time></trkpt>
<trkpt lat="45.38138" lon="-75.848446"><ele>23.0</ele><time>2024-10-14T15:27:29Z</time></trkpt>
<trkpt lat="45.381387" lon="-75.848455"><ele>23.0</ele><time>2024-10-14T15:27:30Z</time></trkpt>
<trkpt lat="45.381393" lon="-75.848464"><ele>23.0</ele><time>2024-10-14T15:27:31Z</time></trkpt>
<trkpt lat="45.381399" lon="-75.848482"><ele>23.0</ele><time>2024-10-14T15:27:32Z</time></trkpt>
<trkpt lat="45.381406" lon="-75.848491"><ele>22.0</ele><time>2024-10-14T15:27:33Z</time></trkpt>
<trkpt lat="45.381415" lon="-75.8485"><ele>22.0</ele><time>2024-10-14T15:27:34Z</time></trkpt>
<trkpt lat="45.381422" lon="-75.848518"><ele>22.0</ele><time>2024-10-14T15:27:35Z</time></trkpt>
<trkpt lat="45.381428" lon="-75.848527"><ele>22.0</ele><time>2024-10-14T15:27:36Z</time></trkpt>
<trkpt lat="45.381437" lon="-75.848536"><ele>22.0</ele><time>2024-10-14T15:27:37Z</time></trkpt>
<trkpt lat="45.381444" lon="-75.848545"><ele>23.0</ele><time>2024-10-14T15:27:38Z</time></trkpt>
<trkpt lat="45.38145" lon="-75.848554"><ele>23.0</ele><time>2024-10-14T15:27:39Z</time></trkpt>
<trkpt lat="45.381456" lon="-75.848571"><ele>23.0</ele><time>2024-10-14T15:27:40Z</time></trkpt>
<trkpt lat="45.381463" lon="-75.84858"><ele>23.0</ele><time>2024-10-14T15:27:41Z</time></trkpt>
<trkpt lat="45.381469" lon="-75.848598"><ele>23.0</ele><time>2024-10-14T15:27:42Z</time></trkpt>
<trkpt lat="45.381475" lon="-75.848607"><ele>23.0</ele><time>2024-10-14T15:27:43Z</time></trkpt>
<trkpt lat="45.381482" lon="-75.848625"><ele>23.0</ele><time>2024-10-14T15:27:44Z</time></trkpt>
<trkpt lat="45.381488" lon="-75.848634"><ele>23.0</ele><time>2024-10-14T15:27:45Z</time></trkpt>
<trkpt lat="45.381494" lon="-75.848652"><ele>23.0</ele><time>2024-10-14T15:27:46Z</time></trkpt>
<trkpt lat="45.381501" lon="-75.848661"><ele>23.0</ele><time>2024-10-14T15:27:47Z</time></trkpt>
<trkpt lat="45.381507" lon="-75.848679"><ele>23.0</ele><time>2024-10-14T15:27:48Z</time></trkpt>
<trkpt lat="45.381513" lon="-75.848688"><ele>23.0</ele><time>2024-10-14T15:27:49Z</time></trkpt>
<trkpt lat="45.38152" lon="-75.848706"><ele>23.0</ele><time>2024-10-14T15:27:50Z</time></trkpt>
<trkpt lat="45.381529" lon="-75.848715"><ele>23.0</ele><time>2024-10-14T15:27:51Z</time></trkpt>
<trkpt lat="45.381535" lon="-75.848733"><ele>23.0</ele><time>2024-10-14T15:27:52Z</time></trkpt>
<trkpt lat="45.381542" lon="-75.848751"><ele>23.0</ele><time>2024-10-14T15:27:53Z</time></trkpt>
<trkpt lat="45.381548" lon="-75.84876"><ele>23.0</ele><time>2024-10-14T15:27:54Z</time></trkpt>
<trkpt lat="45.381558" lon="-75.848778"><ele>23.0</ele><time>2024-10-14T15:27:55Z</time></trkpt>
<trkpt lat="45.381564" lon="-75.848787"><ele>23.0</ele><time>2024-10-14T15:27:56Z</time></trkpt>
<trkpt lat="45.38157" lon="-75.848805"><ele>23.0</ele><time>2024-10-14T15:27:57Z</time></trkpt>
<trkpt lat="45.381577" lon="-75.848814"><ele>23.0</ele><time>2024-10-14T15:27:58Z</time></trkpt>
<trkpt lat="45.381586" lon="-75.848832"><ele>23.0</ele><time>2024-10-14T15:27:59Z</time></trkpt>
<trkpt lat="45.381592" lon="-75.848841"><ele>23.0</ele><time>2024-10-14T15:28:00Z</time></trkpt>
<trkpt lat="45.381599" lon="-75.848859"><ele>24.0</ele><time>2024-10-14T15:28:01Z</time></trkpt>
<trkpt lat="45.381608" lon="-75.848877"><ele>24.0</ele><time>2024-10-14T15:28:02Z</time></trkpt>
<trkpt lat="45.381615" lon="-75.848886"><ele>23.0</ele><time>2024-10-14T15:28:03Z</time></trkpt>
<trkpt lat="45.381621" lon="-75.848904"><ele>24.0</ele><time>2024-10-14T15:28:04Z</time></trkpt>
<trkpt lat="45.38163" lon="-75.848913"><ele>24.0</ele><time>2024-10-14T15:28:05Z</time></trkpt>
<trkpt lat="45.381637" lon="-75.848931"><ele>23.0</ele><time>2024-10-14T15:28:06Z</time></trkpt>
<trkpt lat="45.381646" lon="-75.84894"><ele>23.0</ele><time>2024-10-14T15:28:07Z</time></trkpt>
<trkpt lat="45.381653" lon="-75.848958"><ele>23.0</ele><time>2024-10-14T15:28:08Z</time></trkpt>
<trkpt lat="45.381659" lon="-75.848976"><ele>23.0</ele><time>2024-10-14T15:28:09Z</time></trkpt>
<trkpt lat="45.381665" lon="-75.848994"><ele>23.0</ele><time>2024-10-14T15:28:10Z</time></trkpt>
<trkpt lat="45.381672" lon="-75.849012"><ele>23.0</ele><time>2024-10-14T15:28:11Z</time></trkpt>
<trkpt lat="45.381678" lon="-75.84903"><ele>23.0</ele><time>2024-10-14T15:28:12Z</time></trkpt>
<trkpt lat="45.381684" lon="-75.849048"><ele>23.0</ele><time>2024-10-14T15:28:13Z</time></trkpt>
<trkpt lat="45.381687" lon="-75.849066"><ele>23.0</ele><time>2024-10-14T15:28:14Z</time></trkpt>
<trkpt lat="45.381697" lon="-75.849084"><ele>23.0</ele><time>2024-10-14T15:28:15Z</time></trkpt>
<trkpt lat="45.381703" lon="-75.849101"><ele>23.0</ele><time>2024-10-14T15:28:16Z</time></trkpt>
<trkpt lat="45.381713" lon="-75.849119"><ele>23.0</ele><time>2024-10-14T15:28:17Z</time></trkpt>
<trkpt lat="45.381719" lon="-75.849137"><ele>23.0</ele><time>2024-10-14T15:28:18Z</time></trkpt>
<trkpt lat="45.381725" lon="-75.849155"><ele>23.0</ele><time>2024-10-14T15:28:19Z</time></trkpt>
<trkpt lat="45.381735" lon="-75.849173"><ele>23.0</ele><time>2024-10-14T15:28:20Z</time></trkpt>
<trkpt lat="45.381741" lon="-75.849191"><ele>23.0</ele><time>2024-10-14T15:28:21Z</time></trkpt>
<trkpt lat="45.381751" lon="-75.849209"><ele>23.0</ele><time>2024-10-14T15:28:22Z</time></trkpt>
<trkpt lat="45.381757" lon="-75.849236"><ele>23.0</ele><time>2024-10-14T15:28:23Z</time></trkpt>
<trkpt lat="45.381767" lon="-75.849254"><ele>23.0</ele><time>2024-10-14T15:28:24Z</time></trkpt>
<trkpt lat="45.381773" lon="-75.849272"><ele>23.0</ele><time>2024-10-14T15:28:25Z</time></trkpt>
<trkpt lat="45.381782" lon="-75.849299"><ele>23.0</ele><time>2024-10-14T15:28:26Z</time></trkpt>
<trkpt lat="45.381789" lon="-75.849317"><ele>23.0</ele><time>2024-10-14T15:28:27Z</time></trkpt>
<trkpt lat="45.381798" lon="-75.849335"><ele>23.0</ele><time>2024-10-14T15:28:28Z</time></trkpt>
<trkpt lat="45.381805" lon="-75.849353"><ele>23.0</ele><time>2024-10-14T15:28:29Z</time></trkpt>
<trkpt lat="45.381808" lon="-75.84938"><ele>23.0</ele><time>2024-10-14T15:28:30Z</time></trkpt>
<trkpt lat="45.381811" lon="-75.849398"><ele>23.0</ele><time>2024-10-14T15:28:31Z</time></trkpt>
<trkpt lat="45.381811" lon="-75.849425"><ele>23.0</ele><time>2024-10-14T15:28:32Z</time></trkpt>
<trkpt lat="45.381811" lon="-75.849443"><ele>23.0</ele><time>2024-10-14T15:28:33Z</time></trkpt>
<trkpt lat="45.381808" lon="-75.849461"><ele>23.0</ele><time>2024-10-14T15:28:34Z</time></trkpt>
<trkpt lat="45.381808" lon="-75.849488"><ele>23.0</ele><time>2024-10-14T15:28:35Z</time></trkpt>
<trkpt lat="45.381805" lon="-75.849506"><ele>23.0</ele><time>2024-10-14T15:28:36Z</time></trkpt>
<trkpt lat="45.381801" lon="-75.849524"><ele>23.0</ele><time>2024-10-14T15:28:37Z</time></trkpt>
<trkpt lat="45.381798" lon="-75.849542"><ele>23.0</ele><time>2024-10-14T15:28:38Z</time></trkpt>
<trkpt lat="45.381798" lon="-75.84956"><ele>23.0</ele><time>2024-10-14T15:28:39Z</time></trkpt>
<trkpt lat="45.381795" lon="-75.849578"><ele>23.0</ele><time>2024-10-14T15:28:40Z</time></trkpt>
<trkpt lat="45.381792" lon="-75.849596"><ele>23.0</ele><time>2024-10-14T15:28:41Z</time></trkpt>
<trkpt lat="45.381789" lon="-75.849613"><ele>23.0</ele><time>2024-10-14T15:28:42Z</time></trkpt>
<trkpt lat="45.381786" lon="-75.849631"><ele>23.0</ele><time>2024-10-14T15:28:43Z</time></trkpt>
<trkpt lat="45.381779" lon="-75.849649"><ele>23.0</ele><time>2024-10-14T15:28:44Z</time></trkpt>
<trkpt lat="45.381776" lon="-75.849667"><ele>23.0</ele><time>2024-10-14T15:28:45Z</time></trkpt>
<trkpt lat="45.38177" lon="-75.849676"><ele>23.0</ele><time>2024-10-14T15:28:46Z</time></trkpt>
<trkpt lat="45.381767" lon="-75.849694"><ele>23.0</ele><time>2024-10-14T15:28:47Z</time></trkpt>
<trkpt lat="45.38176" lon="-75.849712"><ele>23.0</ele><time>2024-10-14T15:28:48Z</time></trkpt>
<trkpt lat="45.381757" lon="-75.849721"><ele>23.0</ele><time>2024-10-14T15:28:49Z</time></trkpt>
<trkpt lat="45.381754" lon="-75.849739"><ele>23.0</ele><time>2024-10-14T15:28:50Z</time></trkpt>
<trkpt lat="45.381751" lon="-75.849757"><ele>23.0</ele><time>2024-10-14T15:28:51Z</time></trkpt>
<trkpt lat="45.381748" lon="-75.849766"><ele>23.0</ele><time>2024-10-14T15:28:52Z</time></trkpt>
<trkpt lat="45.381748" lon="-75.849784"><ele>23.0</ele><time>2024-10-14T15:28:53Z</time></trkpt>
<trkpt lat="45.381744" lon="-75.849802"><ele>23.0</ele><time>2024-10-14T15:28:54Z</time></trkpt>
<trkpt lat="45.381744" lon="-75.849811"><ele>23.0</ele><time>2024-10-14T15:28:55Z</time></trkpt>
<trkpt lat="45.381741" lon="-75.849829"><ele>23.0</ele><time>2024-10-14T15:28:56Z</time></trkpt>
<trkpt lat="45.381741" lon="-75.849847"><ele>23.0</ele><time>2024-10-14T15:28:57Z</time></trkpt>
<trkpt lat="45.381738" lon="-75.849856"><ele>23.0</ele><time>2024-10-14T15:28:58Z</time></trkpt>
<trkpt lat="45.381738" lon="-75.849874"><ele>23.0</ele><time>2024-10-14T15:28:59Z</time></trkpt>
<trkpt lat="45.381735" lon="-75.849892"><ele>23.0</ele><time>2024-10-14T15:29:00Z</time></trkpt>
<trkpt lat="45.381732" lon="-75.849901"><ele>23.0</ele><time>2024-10-14T15:29:01Z</time></trkpt>
<trkpt lat="45.381729" lon="-75.849919"><ele>23.0</ele><time>2024-10-14T15:29:02Z</time></trkpt>
<trkpt lat="45.381725" lon="-75.849928"><ele>23.0</ele><time>2024-10-14T15:29:03Z</time></trkpt>
<trkpt lat="45.381722" lon="-75.849946"><ele>23.0</ele><time>2024-10-14T15:29:04Z</time></trkpt>
<trkpt lat="45.381719" lon="-75.849955"><ele>23.0</ele><time>2024-10-14T15:29:05Z</time></trkpt>
<trkpt lat="45.381716" lon="-75.849973"><ele>23.0</ele><time>2024-10-14T15:29:06Z</time></trkpt>
<trkpt lat="45.381713" lon="-75.849982"><ele>23.0</ele><time>2024-10-14T15:29:07Z</time></trkpt>
<trkpt lat="45.38171" lon="-75.85"><ele>23.0</ele><time>2024-10-14T15:29:08Z</time></trkpt>
<trkpt lat="45.381706" lon="-75.850009"><ele>23.0</ele><time>2024-10-14T15:29:09Z</time></trkpt>
<trkpt lat="45.381703" lon="-75.850027"><ele>23.0</ele><time>2024-10-14T15:29:10Z</time></trkpt>
<trkpt lat="45.3817" lon="-75.850045"><ele>23.0</ele><time>2024-10-14T15:29:11Z</time></trkpt>
<trkpt lat="45.381697" lon="-75.850054"><ele>23.0</ele><time>2024-10-14T15:29:12Z</time></trkpt>
<trkpt lat="45.381691" lon="-75.850072"><ele>23.0</ele><time>2024-10-14T15:29:13Z</time></trkpt>
<trkpt lat="45.381687" lon="-75.85009"><ele>23.0</ele><time>2024-10-14T15:29:14Z</time></trkpt>
<trkpt lat="45.381684" lon="-75.850099"><ele>23.0</ele><time>2024-10-14T15:29:15Z</time></trkpt>
<trkpt lat="45.381681" lon="-75.850117"><ele>23.0</ele><time>2024-10-14T15:29:16Z</time></trkpt>
<trkpt lat="45.381675" lon="-75.850134"><ele>23.0</ele><time>2024-10-14T15:29:17Z</time></trkpt>
<trkpt lat="45.381668" lon="-75.850152"><ele>23.0</ele><time>2024-10-14T15:29:18Z</time></trkpt>
<trkpt lat="45.381665" lon="-75.850161"><ele>23.0</ele><time>2024-10-14T15:29:19Z</time></trkpt>
<trkpt lat="45.381659" lon="-75.850179"><ele>23.0</ele><time>2024-10-14T15:29:20Z</time></trkpt>
<trkpt lat="45.381653" lon="-75.850197"><ele>23.0</ele><time>2024-10-14T15:29:21Z</time></trkpt>
<trkpt lat="45.381646" lon="-75.850215"><ele>23.0</ele><time>2024-10-14T15:29:22Z</time></trkpt>
<trkpt lat="45.38164" lon="-75.850233"><ele>23.0</ele><time>2024-10-14T15:29:23Z</time></trkpt>
<trkpt lat="45.381637" lon="-75.850251"><ele>22.0</ele><time>2024-10-14T15:29:24Z</time></trkpt>
<trkpt lat="45.38163" lon="-75.850269"><ele>23.0</ele><time>2024-10-14T15:29:25Z</time></trkpt>
<trkpt lat="45.381624" lon="-75.850287"><ele>23.0</ele><time>2024-10-14T15:29:26Z</time></trkpt>
<trkpt lat="45.381621" lon="-75.850305"><ele>22.0</ele><time>2024-10-14T15:29:27Z</time></trkpt>
<trkpt lat="45.381615" lon="-75.850332"><ele>22.0</ele><time>2024-10-14T15:29:28Z</time></trkpt>
<trkpt lat="45.381611" lon="-75.85035"><ele>22.0</ele><time>2024-10-14T15:29:29Z</time></trkpt>
<trkpt lat="45.381605" lon="-75.850368"><ele>22.0</ele><time>2024-10-14T15:29:30Z</time></trkpt>
<trkpt lat="45.381602" lon="-75.850386"><ele>22.0</ele><time>2024-10-14T15:29:31Z</time></trkpt>
<trkpt lat="45.381592" lon="-75.850404"><ele>22.0</ele><time>2024-10-14T15:29:32Z</time></trkpt>
<trkpt lat="45.381586" lon="-75.850422"><ele>22.0</ele><time>2024-10-14T15:29:33Z</time></trkpt>
<trkpt lat="45.38158" lon="-75.85044"><ele>22.0</ele><time>2024-10-14T15:29:34Z</time></trkpt>
<trkpt lat="45.381573" lon="-75.850458"><ele>22.0</ele><time>2024-10-14T15:29:35Z</time></trkpt>
<trkpt lat="45.381567" lon="-75.850476"><ele>22.0</ele><time>2024-10-14T15:29:36Z</time></trkpt>
<trkpt lat="45.381561" lon="-75.850494"><ele>22.0</ele><time>2024-10-14T15:29:37Z</time></trkpt>
<trkpt lat="45.381554" lon="-75.850512"><ele>22.0</ele><time>2024-10-14T15:29:38Z</time></trkpt>
<trkpt lat="45.381548" lon="-75.85053"><ele>22.0</ele><time>2024-10-14T15:29:39Z</time></trkpt>
<trkpt lat="45.381542" lon="-75.850548"><ele>22.0</ele><time>2024-10-14T15:29:40Z</time></trkpt>
<trkpt lat="45.381535" lon="-75.850566"><ele>22.0</ele><time>2024-10-14T15:29:41Z</time></trkpt>
<trkpt lat="45.381529" lon="-75.850584"><ele>22.0</ele><time>2024-10-14T15:29:42Z</time></trkpt>
<trkpt lat="45.381523" lon="-75.850602"><ele>22.0</ele><time>2024-10-14T15:29:43Z</time></trkpt>
<trkpt lat="45.381516" lon="-75.85062"><ele>22.0</ele><time>2024-10-14T15:29:44Z</time></trkpt>
<trkpt lat="45.38151" lon="-75.850638"><ele>22.0</ele><time>2024-10-14T15:29:45Z</time></trkpt>
<trkpt lat="45.381507" lon="-75.850655"><ele>22.0</ele><time>2024-10-14T15:29:46Z</time></trkpt>
<trkpt lat="45.381501" lon="-75.850673"><ele>22.0</ele><time>2024-10-14T15:29:47Z</time></trkpt>
<trkpt lat="45.381494" lon="-75.850691"><ele>22.0</ele><time>2024-10-14T15:29:48Z</time></trkpt>
<trkpt lat="45.381488" lon="-75.850709"><ele>22.0</ele><time>2024-10-14T15:29:49Z</time></trkpt>
<trkpt lat="45.381482" lon="-75.850727"><ele>22.0</ele><time>2024-10-14T15:29:50Z</time></trkpt>
<trkpt lat="45.381475" lon="-75.850745"><ele>22.0</ele><time>2024-10-14T15:29:51Z</time></trkpt>
<trkpt lat="45.381469" lon="-75.850772"><ele>22.0</ele><time>2024-10-14T15:29:52Z</time></trkpt>
<trkpt lat="45.381463" lon="-75.85079"><ele>22.0</ele><time>2024-10-14T15:29:53Z</time></trkpt>
<trkpt lat="45.381456" lon="-75.850808"><ele>22.0</ele><time>2024-10-14T15:29:54Z</time></trkpt>
<trkpt lat="45.38145" lon="-75.850826"><ele>22.0</ele><time>2024-10-14T15:29:55Z</time></trkpt>
<trkpt lat="45.381441" lon="-75.850844"><ele>22.0</ele><time>2024-10-14T15:29:56Z</time></trkpt>
<trkpt lat="45.381434" lon="-75.850862"><ele>22.0</ele><time>2024-10-14T15:29:57Z</time></trkpt>
<trkpt lat="45.381428" lon="-75.85088"><ele>22.0</ele><time>2024-10-14T15:29:58Z</time></trkpt>
<trkpt lat="45.381422" lon="-75.850898"><ele>22.0</ele><time>2024-10-14T15:29:59Z</time></trkpt>
<trkpt lat="45.381415" lon="-75.850916"><ele>22.0</ele><time>2024-10-14T15:30:00Z</time></trkpt>
<trkpt lat="45.381406" lon="-75.850934"><ele>22.0</ele><time>2024-10-14T15:30:01Z</time></trkpt>
<trkpt lat="45.381399" lon="-75.850961"><ele>22.0</ele><time>2024-10-14T15:30:02Z</time></trkpt>
<trkpt lat="45.38139" lon="-75.850979"><ele>22.0</ele><time>2024-10-14T15:30:03Z</time></trkpt>
<trkpt lat="45.38138" lon="-75.850997"><ele>22.0</ele><time>2024-10-14T15:30:04Z</time></trkpt>
<trkpt lat="45.381371" lon="-75.851015"><ele>22.0</ele><time>2024-10-14T15:30:05Z</time></trkpt>
<trkpt lat="45.381361" lon="-75.851042"><ele>22.0</ele><time>2024-10-14T15:30:06Z</time></trkpt>
<trkpt lat="45.381352" lon="-75.85106"><ele>22.0</ele><time>2024-10-14T15:30:07Z</time></trkpt>
<trkpt lat="45.381342" lon="-75.851078"><ele>22.0</ele><time>2024-10-14T15:30:08Z</time></trkpt>
<trkpt lat="45.38133" lon="-75.851105"><ele>22.0</ele><time>2024-10-14T15:30:09Z</time></trkpt>
<trkpt lat="45.38132" lon="-75.851123"><ele>22.0</ele><time>2024-10-14T15:30:10Z</time></trkpt>
<trkpt lat="45.381311" lon="-75.85115"><ele>22.0</ele><time>2024-10-14T15:30:11Z</time></trkpt>
<trkpt lat="45.381298" lon="-75.851168"><ele>22.0</ele><time>2024-10-14T15:30:12Z</time></trkpt>
<trkpt lat="45.381289" lon="-75.851194"><ele>22.0</ele><time>2024-10-14T15:30:13Z</time></trkpt>
<trkpt lat="45.381279" lon="-75.851212"><ele>22.0</ele><time>2024-10-14T15:30:14Z</time></trkpt>
<trkpt lat="45.38127" lon="-75.851239"><ele>22.0</ele><time>2024-10-14T15:30:15Z</time></trkpt>
<trkpt lat="45.38126" lon="-75.851266"><ele>22.0</ele><time>2024-10-14T15:30:16Z</time></trkpt>
<trkpt lat="45.381251" lon="-75.851284"><ele>22.0</ele><time>2024-10-14T15:30:17Z</time></trkpt>
<trkpt lat="45.381241" lon="-75.851311"><ele>22.0</ele><time>2024-10-14T15:30:18Z</time></trkpt>
<trkpt lat="45.381228" lon="-75.851329"><ele>22.0</ele><time>2024-10-14T15:30:19Z</time></trkpt>
<trkpt lat="45.381219" lon="-75.851356"><ele>22.0</ele><time>2024-10-14T15:30:20Z</time></trkpt>
<trkpt lat="45.381209" lon="-75.851383"><ele>21.0</ele><time>2024-10-14T15:30:21Z</time></trkpt>
<trkpt lat="45.3812" lon="-75.851401"><ele>22.0</ele><time>2024-10-14T15:30:22Z</time></trkpt>
<trkpt lat="45.38119" lon="-75.851428"><ele>22.0</ele><time>2024-10-14T15:30:23Z</time></trkpt>
<trkpt lat="45.381181" lon="-75.851455"><ele>22.0</ele><time>2024-10-14T15:30:24Z</time></trkpt>
<trkpt lat="45.381171" lon="-75.851482"><ele>22.0</ele><time>2024-10-14T15:30:25Z</time></trkpt>
<trkpt lat="45.381165" lon="-75.851509"><ele>22.0</ele><time>2024-10-14T15:30:26Z</time></trkpt>
<trkpt lat="45.381156" lon="-75.851536"><ele>22.0</ele><time>2024-10-14T15:30:27Z</time></trkpt>
<trkpt lat="45.381146" lon="-75.851563"><ele>22.0</ele><time>2024-10-14T15:30:28Z</time></trkpt>
<trkpt lat="45.381137" lon="-75.851581"><ele>22.0</ele><time>2024-10-14T15:30:29Z</time></trkpt>
<trkpt lat="45.381127" lon="-75.851608"><ele>22.0</ele><time>2024-10-14T15:30:30Z</time></trkpt>
<trkpt lat="45.381118" lon="-75.851635"><ele>22.0</ele><time>2024-10-14T15:30:31Z</time></trkpt>
<trkpt lat="45.381105" lon="-75.851662"><ele>22.0</ele><time>2024-10-14T15:30:32Z</time></trkpt>
<trkpt lat="45.381095" lon="-75.851689"><ele>22.0</ele><time>2024-10-14T15:30:33Z</time></trkpt>
<trkpt lat="45.381086" lon="-75.851715"><ele>22.0</ele><time>2024-10-14T15:30:34Z</time></trkpt>
<trkpt lat="45.381077" lon="-75.851742"><ele>22.0</ele><time>2024-10-14T15:30:35Z</time></trkpt>
<trkpt lat="45.381064" lon="-75.851769"><ele>22.0</ele><time>2024-10-14T15:30:36Z</time></trkpt>
<trkpt lat="45.381054" lon="-75.851796"><ele>22.0</ele><time>2024-10-14T15:30:37Z</time></trkpt>
<trkpt lat="45.381045" lon="-75.851814"><ele>22.0</ele><time>2024-10-14T15:30:38Z</time></trkpt>
<trkpt lat="45.381032" lon="-75.851841"><ele>22.0</ele><time>2024-10-14T15:30:39Z</time></trkpt>
<trkpt lat="45.381023" lon="-75.851868"><ele>22.0</ele><time>2024-10-14T15:30:40Z</time></trkpt>
<trkpt lat="45.381013" lon="-75.851895"><ele>22.0</ele><time>2024-10-14T15:30:41Z</time></trkpt>
<trkpt lat="45.381001" lon="-75.851913"><ele>22.0</ele><time>2024-10-14T15:30:42Z</time></trkpt>
<trkpt lat="45.380991" lon="-75.85194"><ele>22.0</ele><time>2024-10-14T15:30:43Z</time></trkpt>
<trkpt lat="45.380978" lon="-75.851958"><ele>22.0</ele><time>2024-10-14T15:30:44Z</time></trkpt>
<trkpt lat="45.380966" lon="-75.851985"><ele>22.0</ele><time>2024-10-14T15:30:45Z</time></trkpt>
<trkpt lat="45.380953" lon="-75.852003"><ele>22.0</ele><time>2024-10-14T15:30:46Z</time></trkpt>
<trkpt lat="45.38094" lon="-75.85203"><ele>22.0</ele><time>2024-10-14T15:30:47Z</time></trkpt>
<trkpt lat="45.380931" lon="-75.852048"><ele>22.0</ele><time>2024-10-14T15:30:48Z</time></trkpt>
<trkpt lat="45.380921" lon="-75.852075"><ele>22.0</ele><time>2024-10-14T15:30:49Z</time></trkpt>
<trkpt lat="45.380912" lon="-75.852093"><ele>22.0</ele><time>2024-10-14T15:30:50Z</time></trkpt>
<trkpt lat="45.380902" lon="-75.85212"><ele>22.0</ele><time>2024-10-14T15:30:51Z</time></trkpt>
<trkpt lat="45.380893" lon="-75.852138"><ele>22.0</ele><time>2024-10-14T15:30:52Z</time></trkpt>
<trkpt lat="45.380883" lon="-75.852156"><ele>22.0</ele><time>2024-10-14T15:30:53Z</time></trkpt>
<trkpt lat="45.380871" lon="-75.852174"><ele>22.0</ele><time>2024-10-14T15:30:54Z</time></trkpt>
<trkpt lat="45.380858" lon="-75.852192"><ele>22.0</ele><time>2024-10-14T15:30:55Z</time></trkpt>
<trkpt lat="45.380845" lon="-75.852219"><ele>22.0</ele><time>2024-10-14T15:30:56Z</time></trkpt>
<trkpt lat="45.380833" lon="-75.852236"><ele>22.0</ele><time>2024-10-14T15:30:57Z</time></trkpt>
<trkpt lat="45.38082" lon="-75.852254"><ele>22.0</ele><time>2024-10-14T15:30:58Z</time></trkpt>
<trkpt lat="45.380811" lon="-75.852272"><ele>21.0</ele><time>2024-10-14T15:30:59Z</time></trkpt>
<trkpt lat="45.380801" lon="-75.852299"><ele>22.0</ele><time>2024-10-14T15:31:00Z</time></trkpt>
<trkpt lat="45.380795" lon="-75.852326"><ele>22.0</ele><time>2024-10-14T15:31:01Z</time></trkpt>
<trkpt lat="45.380785" lon="-75.852344"><ele>22.0</ele><time>2024-10-14T15:31:02Z</time></trkpt>
<trkpt lat="45.380776" lon="-75.852362"><ele>21.0</ele><time>2024-10-14T15:31:03Z</time></trkpt>
<trkpt lat="45.380766" lon="-75.852389"><ele>22.0</ele><time>2024-10-14T15:31:04Z</time></trkpt>
<trkpt lat="45.380757" lon="-75.852416"><ele>22.0</ele><time>2024-10-14T15:31:05Z</time></trkpt>
<trkpt lat="45.380747" lon="-75.852434"><ele>22.0</ele><time>2024-10-14T15:31:06Z</time></trkpt>
<trkpt lat="45.380741" lon="-75.852452"><ele>22.0</ele><time>2024-10-14T15:31:07Z</time></trkpt>
<trkpt lat="45.380728" lon="-75.85247"><ele>22.0</ele><time>2024-10-14T15:31:08Z</time></trkpt>
<trkpt lat="45.380722" lon="-75.852506"><ele>22.0</ele><time>2024-10-14T15:31:09Z</time></trkpt>
<trkpt lat="45.380712" lon="-75.852533"><ele>22.0</ele><time>2024-10-14T15:31:10Z</time></trkpt>
<trkpt lat="45.380709" lon="-75.85256"><ele>22.0</ele><time>2024-10-14T15:31:11Z</time></trkpt>
<trkpt lat="45.380703" lon="-75.852587"><ele>22.0</ele><time>2024-10-14T15:31:12Z</time></trkpt>
<trkpt lat="45.3807" lon="-75.852614"><ele>22.0</ele><time>2024-10-14T15:31:13Z</time></trkpt>
<trkpt lat="45.380697" lon="-75.852641"><ele>22.0</ele><time>2024-10-14T15:31:14Z</time></trkpt>
<trkpt lat="45.380694" lon="-75.852668"><ele>22.0</ele><time>2024-10-14T15:31:15Z</time></trkpt>
<trkpt lat="45.38069" lon="-75.852704"><ele>22.0</ele><time>2024-10-14T15:31:16Z</time></trkpt>
<trkpt lat="45.380687" lon="-75.852731"><ele>22.0</ele><time>2024-10-14T15:31:17Z</time></trkpt>
<trkpt lat="45.380681" lon="-75.852757"><ele>22.0</ele><time>2024-10-14T15:31:18Z</time></trkpt>
<trkpt lat="45.380678" lon="-75.852784"><ele>22.0</ele><time>2024-10-14T15:31:19Z</time></trkpt>
<trkpt lat="45.380671" lon="-75.852811"><ele>22.0</ele><time>2024-10-14T15:31:20Z</time></trkpt>
<trkpt lat="45.380665" lon="-75.852838"><ele>22.0</ele><time>2024-10-14T15:31:21Z</time></trkpt>
<trkpt lat="45.380659" lon="-75.852865"><ele>22.0</ele><time>2024-10-14T15:31:22Z</time></trkpt>
<trkpt lat="45.380652" lon="-75.852892"><ele>22.0</ele><time>2024-10-14T15:31:23Z</time></trkpt>
<trkpt lat="45.380646" lon="-75.852919"><ele>22.0</ele><time>2024-10-14T15:31:24Z</time></trkpt>
<trkpt lat="45.38064" lon="-75.852946"><ele>22.0</ele><time>2024-10-14T15:31:25Z</time></trkpt>
<trkpt lat="45.380633" lon="-75.852973"><ele>23.0</ele><time>2024-10-14T15:31:26Z</time></trkpt>
<trkpt lat="45.380624" lon="-75.853"><ele>23.0</ele><time>2024-10-14T15:31:27Z</time></trkpt>
<trkpt lat="45.380618" lon="-75.853027"><ele>23.0</ele><time>2024-10-14T15:31:28Z</time></trkpt>
<trkpt lat="45.380611" lon="-75.853054"><ele>23.0</ele><time>2024-10-14T15:31:29Z</time></trkpt>
<trkpt lat="45.380602" lon="-75.853081"><ele>23.0</ele><time>2024-10-14T15:31:30Z</time></trkpt>
<trkpt lat="45.380595" lon="-75.853108"><ele>23.0</ele><time>2024-10-14T15:31:31Z</time></trkpt>
<trkpt lat="45.380586" lon="-75.853135"><ele>23.0</ele><time>2024-10-14T15:31:32Z</time></trkpt>
<trkpt lat="45.38058" lon="-75.853162"><ele>23.0</ele><time>2024-10-14T15:31:33Z</time></trkpt>
<trkpt lat="45.380573" lon="-75.853189"><ele>23.0</ele><time>2024-10-14T15:31:34Z</time></trkpt>
<trkpt lat="45.380564" lon="-75.853216"><ele>23.0</ele><time>2024-10-14T15:31:35Z</time></trkpt>
<trkpt lat="45.380557" lon="-75.853243"><ele>23.0</ele><time>2024-10-14T15:31:36Z</time></trkpt>
<trkpt lat="45.380548" lon="-75.853269"><ele>23.0</ele><time>2024-10-14T15:31:37Z</time></trkpt>
<trkpt lat="45.380535" lon="-75.853296"><ele>23.0</ele><time>2024-10-14T15:31:38Z</time></trkpt>
<trkpt lat="45.380529" lon="-75.853323"><ele>23.0</ele><time>2024-10-14T15:31:39Z</time></trkpt>
<trkpt lat="45.380519" lon="-75.85335"><ele>23.0</ele><time>2024-10-14T15:31:40Z</time></trkpt>
<trkpt lat="45.380513" lon="-75.853386"><ele>23.0</ele><time>2024-10-14T15:31:41Z</time></trkpt>
<trkpt lat="45.380507" lon="-75.853413"><ele>24.0</ele><time>2024-10-14T15:31:42Z</time></trkpt>
<trkpt lat="45.3805" lon="-75.85344"><ele>24.0</ele><time>2024-10-14T15:31:43Z</time></trkpt>
<trkpt lat="45.380494" lon="-75.853476"><ele>24.0</ele><time>2024-10-14T15:31:44Z</time></trkpt>
<trkpt lat="45.380488" lon="-75.853503"><ele>24.0</ele><time>2024-10-14T15:31:45Z</time></trkpt>
<trkpt lat="45.380481" lon="-75.853539"><ele>24.0</ele><time>2024-10-14T15:31:46Z</time></trkpt>
<trkpt lat="45.380478" lon="-75.853566"><ele>24.0</ele><time>2024-10-14T15:31:47Z</time></trkpt>
<trkpt lat="45.380472" lon="-75.853593"><ele>24.0</ele><time>2024-10-14T15:31:48Z</time></trkpt>
<trkpt lat="45.380469" lon="-75.853629"><ele>24.0</ele><time>2024-10-14T15:31:49Z</time></trkpt>
<trkpt lat="45.380462" lon="-75.853656"><ele>24.0</ele><time>2024-10-14T15:31:50Z</time></trkpt>
<trkpt lat="45.380456" lon="-75.853683"><ele>24.0</ele><time>2024-10-14T15:31:51Z</time></trkpt>
<trkpt lat="45.380447" lon="-75.853719"><ele>24.0</ele><time>2024-10-14T15:31:52Z</time></trkpt>
<trkpt lat="45.380437" lon="-75.853746"><ele>24.0</ele><time>2024-10-14T15:31:53Z</time></trkpt>
<trkpt lat="45.380428" lon="-75.853773"><ele>24.0</ele><time>2024-10-14T15:31:54Z</time></trkpt>
<trkpt lat="45.380418" lon="-75.853808"><ele>24.0</ele><time>2024-10-14T15:31:55Z</time></trkpt>
<trkpt lat="45.380409" lon="-75.853835"><ele>24.0</ele><time>2024-10-14T15:31:56Z</time></trkpt>
<trkpt lat="45.380399" lon="-75.853862"><ele>24.0</ele><time>2024-10-14T15:31:57Z</time></trkpt>
<trkpt lat="45.38039" lon="-75.853889"><ele>24.0</ele><time>2024-10-14T15:31:58Z</time></trkpt>
<trkpt lat="45.380383" lon="-75.853916"><ele>24.0</ele><time>2024-10-14T15:31:59Z</time></trkpt>
<trkpt lat="45.380374" lon="-75.853943"><ele>24.0</ele><time>2024-10-14T15:32:00Z</time></trkpt>
<trkpt lat="45.380361" lon="-75.85397"><ele>24.0</ele><time>2024-10-14T15:32:01Z</time></trkpt>
<trkpt lat="45.380352" lon="-75.853997"><ele>24.0</ele><time>2024-10-14T15:32:02Z</time></trkpt>
<trkpt lat="45.380342" lon="-75.854024"><ele>24.0</ele><time>2024-10-14T15:32:03Z</time></trkpt>
<trkpt lat="45.380333" lon="-75.854051"><ele>24.0</ele><time>2024-10-14T15:32:04Z</time></trkpt>
<trkpt lat="45.38032" lon="-75.854078"><ele>24.0</ele><time>2024-10-14T15:32:05Z</time></trkpt>
<trkpt lat="45.380311" lon="-75.854105"><ele>25.0</ele><time>2024-10-14T15:32:06Z</time></trkpt>
<trkpt lat="45.380298" lon="-75.854132"><ele>25.0</ele><time>2024-10-14T15:32:07Z</time></trkpt>
<trkpt lat="45.380285" lon="-75.854159"><ele>25.0</ele><time>2024-10-14T15:32:08Z</time></trkpt>
<trkpt lat="45.380276" lon="-75.854186"><ele>25.0</ele><time>2024-10-14T15:32:09Z</time></trkpt>
<trkpt lat="45.380263" lon="-75.854213"><ele>25.0</ele><time>2024-10-14T15:32:10Z</time></trkpt>
<trkpt lat="45.38025" lon="-75.854249"><ele>24.0</ele><time>2024-10-14T15:32:11Z</time></trkpt>
<trkpt lat="45.380241" lon="-75.854276"><ele>25.0</ele><time>2024-10-14T15:32:12Z</time></trkpt>
<trkpt lat="45.380231" lon="-75.854303"><ele>25.0</ele><time>2024-10-14T15:32:13Z</time></trkpt>
<trkpt lat="45.380222" lon="-75.854329"><ele>25.0</ele><time>2024-10-14T15:32:14Z</time></trkpt>
<trkpt lat="45.380212" lon="-75.854365"><ele>25.0</ele><time>2024-10-14T15:32:15Z</time></trkpt>
<trkpt lat="45.380203" lon="-75.854392"><ele>25.0</ele><time>2024-10-14T15:32:16Z</time></trkpt>
<trkpt lat="45.380193" lon="-75.854428"><ele>25.0</ele><time>2024-10-14T15:32:17Z</time></trkpt>
<trkpt lat="45.380181" lon="-75.854455"><ele>25.0</ele><time>2024-10-14T15:32:18Z</time></trkpt>
<trkpt lat="45.380171" lon="-75.854491"><ele>25.0</ele><time>2024-10-14T15:32:19Z</time></trkpt>
<trkpt lat="45.380162" lon="-75.854518"><ele>25.0</ele><time>2024-10-14T15:32:20Z</time></trkpt>
<trkpt lat="45.380152" lon="-75.854554"><ele>25.0</ele><time>2024-10-14T15:32:21Z</time></trkpt>
<trkpt lat="45.38014" lon="-75.854581"><ele>25.0</ele><time>2024-10-14T15:32:22Z</time></trkpt>
<trkpt lat="45.38013" lon="-75.854617"><ele>25.0</ele><time>2024-10-14T15:32:23Z</time></trkpt>
<trkpt lat="45.380121" lon="-75.854653"><ele>25.0</ele><time>2024-10-14T15:32:24Z</time></trkpt>
<trkpt lat="45.380108" lon="-75.85468"><ele>24.0</ele><time>2024-10-14T15:32:25Z</time></trkpt>
<trkpt lat="45.380095" lon="-75.854707"><ele>24.0</ele><time>2024-10-14T15:32:26Z</time></trkpt>
<trkpt lat="45.380083" lon="-75.854743"><ele>24.0</ele><time>2024-10-14T15:32:27Z</time></trkpt>
<trkpt lat="45.38007" lon="-75.854779"><ele>24.0</ele><time>2024-10-14T15:32:28Z</time></trkpt>
<trkpt lat="45.38006" lon="-75.854806"><ele>24.0</ele><time>2024-10-14T15:32:29Z</time></trkpt>
<trkpt lat="45.380048" lon="-75.854841"><ele>24.0</ele><time>2024-10-14T15:32:30Z</time></trkpt>
<trkpt lat="45.380038" lon="-75.854868"><ele>24.0</ele><time>2024-10-14T15:32:31Z</time></trkpt>
<trkpt lat="45.380026" lon="-75.854904"><ele>24.0</ele><time>2024-10-14T15:32:32Z</time></trkpt>
<trkpt lat="45.380013" lon="-75.85494"><ele>24.0</ele><time>2024-10-14T15:32:33Z</time></trkpt>
<trkpt lat="45.38" lon="-75.854967"><ele>24.0</ele><time>2024-10-14T15:32:34Z</time></trkpt>
<trkpt lat="45.379988" lon="-75.855003"><ele>24.0</ele><time>2024-10-14T15:32:35Z</time></trkpt>
<trkpt lat="45.379975" lon="-75.85503"><ele>24.0</ele><time>2024-10-14T15:32:36Z</time></trkpt>
<trkpt lat="45.379965" lon="-75.855066"><ele>24.0</ele><time>2024-10-14T15:32:37Z</time></trkpt>
<trkpt lat="45.379959" lon="-75.855102"><ele>24.0</ele><time>2024-10-14T15:32:38Z</time></trkpt>
<trkpt lat="45.37995" lon="-75.855138"><ele>24.0</ele><time>2024-10-14T15:32:39Z</time></trkpt>
<trkpt lat="45.37994" lon="-75.855165"><ele>24.0</ele><time>2024-10-14T15:32:40Z</time></trkpt>
<trkpt lat="45.379931" lon="-75.855201"><ele>24.0</ele><time>2024-10-14T15:32:41Z</time></trkpt>
<trkpt lat="45.379921" lon="-75.855237"><ele>24.0</ele><time>2024-10-14T15:32:42Z</time></trkpt>
<trkpt lat="45.379912" lon="-75.855264"><ele>24.0</ele><time>2024-10-14T15:32:43Z</time></trkpt>
<trkpt lat="45.379902" lon="-75.8553"><ele>24.0</ele><time>2024-10-14T15:32:44Z</time></trkpt>
<trkpt lat="45.379896" lon="-75.855336"><ele>24.0</ele><time>2024-10-14T15:32:45Z</time></trkpt>
<trkpt lat="45.379886" lon="-75.855371"><ele>24.0</ele><time>2024-10-14T15:32:46Z</time></trkpt>
<trkpt lat="45.37988" lon="-75.855398"><ele>24.0</ele><time>2024-10-14T15:32:47Z</time></trkpt>
<trkpt lat="45.379871" lon="-75.855434"><ele>24.0</ele><time>2024-10-14T15:32:48Z</time></trkpt>
<trkpt lat="45.379861" lon="-75.85547"><ele>24.0</ele><time>2024-10-14T15:32:49Z</time></trkpt>
<trkpt lat="45.379855" lon="-75.855506"><ele>24.0</ele><time>2024-10-14T15:32:50Z</time></trkpt>
<trkpt lat="45.379848" lon="-75.855542"><ele>25.0</ele><time>2024-10-14T15:32:51Z</time></trkpt>
<trkpt lat="45.379845" lon="-75.855569"><ele>24.0</ele><time>2024-10-14T15:32:52Z</time></trkpt>
<trkpt lat="45.379839" lon="-75.855614"><ele>24.0</ele><time>2024-10-14T15:32:53Z</time></trkpt>
<trkpt lat="45.379826" lon="-75.855641"><ele>24.0</ele><time>2024-10-14T15:32:54Z</time></trkpt>
<trkpt lat="45.379814" lon="-75.855677"><ele>24.0</ele><time>2024-10-14T15:32:55Z</time></trkpt>
<trkpt lat="45.379804" lon="-75.855713"><ele>24.0</ele><time>2024-10-14T15:32:56Z</time></trkpt>
<trkpt lat="45.379791" lon="-75.855749"><ele>24.0</ele><time>2024-10-14T15:32:57Z</time></trkpt>
<trkpt lat="45.379782" lon="-75.855785"><ele>24.0</ele><time>2024-10-14T15:32:58Z</time></trkpt>
<trkpt lat="45.379772" lon="-75.855812"><ele>24.0</ele><time>2024-10-14T15:32:59Z</time></trkpt>
<trkpt lat="45.379763" lon="-75.855848"><ele>24.0</ele><time>2024-10-14T15:33:00Z</time></trkpt>
<trkpt lat="45.37975" lon="-75.855883"><ele>24.0</ele><time>2024-10-14T15:33:01Z</time></trkpt>
<trkpt lat="45.379741" lon="-75.855919"><ele>24.0</ele><time>2024-10-14T15:33:02Z</time></trkpt>
<trkpt lat="45.379731" lon="-75.855946"><ele>24.0</ele><time>2024-10-14T15:33:03Z</time></trkpt>
<trkpt lat="45.379725" lon="-75.855982"><ele>24.0</ele><time>2024-10-14T15:33:04Z</time></trkpt>
<trkpt lat="45.379715" lon="-75.856018"><ele>24.0</ele><time>2024-10-14T15:33:05Z</time></trkpt>
<trkpt lat="45.379709" lon="-75.856045"><ele>24.0</ele><time>2024-10-14T15:33:06Z</time></trkpt>
<trkpt lat="45.3797" lon="-75.856081"><ele>24.0</ele><time>2024-10-14T15:33:07Z</time></trkpt>
<trkpt lat="45.379687" lon="-75.856108"><ele>24.0</ele><time>2024-10-14T15:33:08Z</time></trkpt>
<trkpt lat="45.379674" lon="-75.856144"><ele>24.0</ele><time>2024-10-14T15:33:09Z</time></trkpt>
<trkpt lat="45.379662" lon="-75.856171"><ele>24.0</ele><time>2024-10-14T15:33:10Z</time></trkpt>
<trkpt lat="45.379649" lon="-75.856207"><ele>24.0</ele><time>2024-10-14T15:33:11Z</time></trkpt>
<trkpt lat="45.379643" lon="-75.856243"><ele>24.0</ele><time>2024-10-14T15:33:12Z</time></trkpt>
<trkpt lat="45.379633" lon="-75.85627"><ele>24.0</ele><time>2024-10-14T15:33:13Z</time></trkpt>
<trkpt lat="45.379627" lon="-75.856306"><ele>24.0</ele><time>2024-10-14T15:33:14Z</time></trkpt>
<trkpt lat="45.37962" lon="-75.856342"><ele>24.0</ele><time>2024-10-14T15:33:15Z</time></trkpt>
<trkpt lat="45.379614" lon="-75.856378"><ele>24.0</ele><time>2024-10-14T15:33:16Z</time></trkpt>
<trkpt lat="45.379611" lon="-75.856404"><ele>24.0</ele><time>2024-10-14T15:33:17Z</time></trkpt>
<trkpt lat="45.379605" lon="-75.85644"><ele>24.0</ele><time>2024-10-14T15:33:18Z</time></trkpt>
<trkpt lat="45.379598" lon="-75.856476"><ele>24.0</ele><time>2024-10-14T15:33:19Z</time></trkpt>
<trkpt lat="45.379592" lon="-75.856512"><ele>24.0</ele><time>2024-10-14T15:33:20Z</time></trkpt>
<trkpt lat="45.379586" lon="-75.856539"><ele>24.0</ele><time>2024-10-14T15:33:21Z</time></trkpt>
<trkpt lat="45.379579" lon="-75.856575"><ele>24.0</ele><time>2024-10-14T15:33:22Z</time></trkpt>
<trkpt lat="45.379573" lon="-75.856611"><ele>24.0</ele><time>2024-10-14T15:33:23Z</time></trkpt>
<trkpt lat="45.379567" lon="-75.856647"><ele>24.0</ele><time>2024-10-14T15:33:24Z</time></trkpt>
<trkpt lat="45.379563" lon="-75.856674"><ele>23.0</ele><time>2024-10-14T15:33:25Z</time></trkpt>
<trkpt lat="45.379557" lon="-75.85671"><ele>24.0</ele><time>2024-10-14T15:33:26Z</time></trkpt>
<trkpt lat="45.379548" lon="-75.856746"><ele>23.0</ele><time>2024-10-14T15:33:27Z</time></trkpt>
<trkpt lat="45.379541" lon="-75.856782"><ele>23.0</ele><time>2024-10-14T15:33:28Z</time></trkpt>
<trkpt lat="45.379535" lon="-75.856809"><ele>23.0</ele><time>2024-10-14T15:33:29Z</time></trkpt>
<trkpt lat="45.379526" lon="-75.856845"><ele>23.0</ele><time>2024-10-14T15:33:30Z</time></trkpt>
<trkpt lat="45.379519" lon="-75.856881"><ele>23.0</ele><time>2024-10-14T15:33:31Z</time></trkpt>
<trkpt lat="45.379513" lon="-75.856917"><ele>23.0</ele><time>2024-10-14T15:33:32Z</time></trkpt>
<trkpt lat="45.379503" lon="-75.856952"><ele>23.0</ele><time>2024-10-14T15:33:33Z</time></trkpt>
<trkpt lat="45.379494" lon="-75.856979"><ele>23.0</ele><time>2024-10-14T15:33:34Z</time></trkpt>
<trkpt lat="45.379488" lon="-75.857015"><ele>23.0</ele><time>2024-10-14T15:33:35Z</time></trkpt>
<trkpt lat="45.379478" lon="-75.857051"><ele>23.0</ele><time>2024-10-14T15:33:36Z</time></trkpt>
<trkpt lat="45.379469" lon="-75.857087"><ele>24.0</ele><time>2024-10-14T15:33:37Z</time></trkpt>
<trkpt lat="45.379459" lon="-75.857114"><ele>23.0</ele><time>2024-10-14T15:33:38Z</time></trkpt>
<trkpt lat="45.37945" lon="-75.85715"><ele>24.0</ele><time>2024-10-14T15:33:39Z</time></trkpt>
<trkpt lat="45.37944" lon="-75.857186"><ele>24.0</ele><time>2024-10-14T15:33:40Z</time></trkpt>
<trkpt lat="45.379427" lon="-75.857213"><ele>24.0</ele><time>2024-10-14T15:33:41Z</time></trkpt>
<trkpt lat="45.379418" lon="-75.857249"><ele>24.0</ele><time>2024-10-14T15:33:42Z</time></trkpt>
<trkpt lat="45.379405" lon="-75.857285"><ele>24.0</ele><time>2024-10-14T15:33:43Z</time></trkpt>
<trkpt lat="45.379393" lon="-75.857312"><ele>24.0</ele><time>2024-10-14T15:33:44Z</time></trkpt>
<trkpt lat="45.37938" lon="-75.857348"><ele>24.0</ele><time>2024-10-14T15:33:45Z</time></trkpt>
<trkpt lat="45.379367" lon="-75.857375"><ele>24.0</ele><time>2024-10-14T15:33:46Z</time></trkpt>
<trkpt lat="45.379355" lon="-75.857411"><ele>24.0</ele><time>2024-10-14T15:33:47Z</time></trkpt>
<trkpt lat="45.379345" lon="-75.857446"><ele>24.0</ele><time>2024-10-14T15:33:48Z</time></trkpt>
<trkpt lat="45.379336" lon="-75.857473"><ele>24.0</ele><time>2024-10-14T15:33:49Z</time></trkpt>
<trkpt lat="45.379323" lon="-75.857509"><ele>24.0</ele><time>2024-10-14T15:33:50Z</time></trkpt>
<trkpt lat="45.379313" lon="-75.857545"><ele>24.0</ele><time>2024-10-14T15:33:51Z</time></trkpt>
<trkpt lat="45.379304" lon="-75.857572"><ele>24.0</ele><time>2024-10-14T15:33:52Z</time></trkpt>
<trkpt lat="45.379294" lon="-75.857608"><ele>24.0</ele><time>2024-10-14T15:33:53Z</time></trkpt>
<trkpt lat="45.379285" lon="-75.857644"><ele>24.0</ele><time>2024-10-14T15:33:54Z</time></trkpt>
<trkpt lat="45.379275" lon="-75.857671"><ele>24.0</ele><time>2024-10-14T15:33:55Z</time></trkpt>
<trkpt lat="45.379263" lon="-75.857707"><ele>24.0</ele><time>2024-10-14T15:33:56Z</time></trkpt>
<trkpt lat="45.379253" lon="-75.857743"><ele>24.0</ele><time>2024-10-14T15:33:57Z</time></trkpt>
<trkpt lat="45.379241" lon="-75.85777"><ele>24.0</ele><time>2024-10-14T15:33:58Z</time></trkpt>
<trkpt lat="45.379228" lon="-75.857797"><ele>24.0</ele><time>2024-10-14T15:33:59Z</time></trkpt>
<trkpt lat="45.379212" lon="-75.857824"><ele>24.0</ele><time>2024-10-14T15:34:00Z</time></trkpt>
<trkpt lat="45.379199" lon="-75.85786"><ele>24.0</ele><time>2024-10-14T15:34:01Z</time></trkpt>
<trkpt lat="45.37919" lon="-75.857887"><ele>24.0</ele><time>2024-10-14T15:34:02Z</time></trkpt>
<trkpt lat="45.379177" lon="-75.857914"><ele>24.0</ele><time>2024-10-14T15:34:03Z</time></trkpt>
<trkpt lat="45.379168" lon="-75.85795"><ele>24.0</ele><time>2024-10-14T15:34:04Z</time></trkpt>
<trkpt lat="45.379161" lon="-75.857976"><ele>24.0</ele><time>2024-10-14T15:34:05Z</time></trkpt>
<trkpt lat="45.379152" lon="-75.858012"><ele>24.0</ele><time>2024-10-14T15:34:06Z</time></trkpt>
<trkpt lat="45.379146" lon="-75.858039"><ele>24.0</ele><time>2024-10-14T15:34:07Z</time></trkpt>
<trkpt lat="45.379139" lon="-75.858075"><ele>24.0</ele><time>2024-10-14T15:34:08Z</time></trkpt>
<trkpt lat="45.37913" lon="-75.858111"><ele>24.0</ele><time>2024-10-14T15:34:09Z</time></trkpt>
<trkpt lat="45.37912" lon="-75.858147"><ele>24.0</ele><time>2024-10-14T15:34:10Z</time></trkpt>
<trkpt lat="45.379111" lon="-75.858183"><ele>24.0</ele><time>2024-10-14T15:34:11Z</time></trkpt>
<trkpt lat="45.379105" lon="-75.85821"><ele>24.0</ele><time>2024-10-14T15:34:12Z</time></trkpt>
<trkpt lat="45.379095" lon="-75.858246"><ele>24.0</ele><time>2024-10-14T15:34:13Z</time></trkpt>
<trkpt lat="45.379082" lon="-75.858282"><ele>23.0</ele><time>2024-10-14T15:34:14Z</time></trkpt>
<trkpt lat="45.379073" lon="-75.858309"><ele>23.0</ele><time>2024-10-14T15:34:15Z</time></trkpt>
<trkpt lat="45.37906" lon="-75.858345"><ele>24.0</ele><time>2024-10-14T15:34:16Z</time></trkpt>
<trkpt lat="45.379048" lon="-75.858372"><ele>23.0</ele><time>2024-10-14T15:34:17Z</time></trkpt>
<trkpt lat="45.379035" lon="-75.858408"><ele>24.0</ele><time>2024-10-14T15:34:18Z</time></trkpt>
<trkpt lat="45.379019" lon="-75.858435"><ele>23.0</ele><time>2024-10-14T15:34:19Z</time></trkpt>
<trkpt lat="45.379006" lon="-75.858462"><ele>23.0</ele><time>2024-10-14T15:34:20Z</time></trkpt>
<trkpt lat="45.378987" lon="-75.85848"><ele>23.0</ele><time>2024-10-14T15:34:21Z</time></trkpt>
<trkpt lat="45.378972" lon="-75.858506"><ele>23.0</ele><time>2024-10-14T15:34:22Z</time></trkpt>
<trkpt lat="45.378959" lon="-75.858533"><ele>23.0</ele><time>2024-10-14T15:34:23Z</time></trkpt>
<trkpt lat="45.378943" lon="-75.85856"><ele>23.0</ele><time>2024-10-14T15:34:24Z</time></trkpt>
<trkpt lat="45.37893" lon="-75.858587"><ele>23.0</ele><time>2024-10-14T15:34:25Z</time></trkpt>
<trkpt lat="45.378915" lon="-75.858614"><ele>23.0</ele><time>2024-10-14T15:34:26Z</time></trkpt>
<trkpt lat="45.378902" lon="-75.858641"><ele>23.0</ele><time>2024-10-14T15:34:27Z</time></trkpt>
<trkpt lat="45.378889" lon="-75.858668"><ele>23.0</ele><time>2024-10-14T15:34:28Z</time></trkpt>
<trkpt lat="45.378877" lon="-75.858686"><ele>23.0</ele><time>2024-10-14T15:34:29Z</time></trkpt>
<trkpt lat="45.378864" lon="-75.858713"><ele>23.0</ele><time>2024-10-14T15:34:30Z</time></trkpt>
<trkpt lat="45.378851" lon="-75.858731"><ele>23.0</ele><time>2024-10-14T15:34:31Z</time></trkpt>
<trkpt lat="45.378835" lon="-75.858749"><ele>23.0</ele><time>2024-10-14T15:34:32Z</time></trkpt>
<trkpt lat="45.378823" lon="-75.858776"><ele>23.0</ele><time>2024-10-14T15:34:33Z</time></trkpt>
<trkpt lat="45.378807" lon="-75.858785"><ele>23.0</ele><time>2024-10-14T15:34:34Z</time></trkpt>
<trkpt lat="45.378791" lon="-75.858803"><ele>23.0</ele><time>2024-10-14T15:34:35Z</time></trkpt>
<trkpt lat="45.378775" lon="-75.858812"><ele>23.0</ele><time>2024-10-14T15:34:36Z</time></trkpt>
<trkpt lat="45.378759" lon="-75.858821"><ele>23.0</ele><time>2024-10-14T15:34:37Z</time></trkpt>
<trkpt lat="45.37874" lon="-75.85883"><ele>23.0</ele><time>2024-10-14T15:34:38Z</time></trkpt>
<trkpt lat="45.378722" lon="-75.858839"><ele>23.0</ele><time>2024-10-14T15:34:39Z</time></trkpt>
<trkpt lat="45.378703" lon="-75.858839"><ele>23.0</ele><time>2024-10-14T15:34:40Z</time></trkpt>
<trkpt lat="45.37868" lon="-75.858839"><ele>23.0</ele><time>2024-10-14T15:34:41Z</time></trkpt>
<trkpt lat="45.378661" lon="-75.858839"><ele>23.0</ele><time>2024-10-14T15:34:42Z</time></trkpt>
<trkpt lat="45.378639" lon="-75.858839"><ele>23.0</ele><time>2024-10-14T15:34:43Z</time></trkpt>
<trkpt lat="45.37862" lon="-75.858839"><ele>23.0</ele><time>2024-10-14T15:34:44Z</time></trkpt>
<trkpt lat="45.378598" lon="-75.858848"><ele>23.0</ele><time>2024-10-14T15:34:45Z</time></trkpt>
<trkpt lat="45.378579" lon="-75.858848"><ele>23.0</ele><time>2024-10-14T15:34:46Z</time></trkpt>
<trkpt lat="45.378557" lon="-75.858857"><ele>23.0</ele><time>2024-10-14T15:34:47Z</time></trkpt>
<trkpt lat="45.378535" lon="-75.858857"><ele>23.0</ele><time>2024-10-14T15:34:48Z</time></trkpt>
<trkpt lat="45.378513" lon="-75.858866"><ele>23.0</ele><time>2024-10-14T15:34:49Z</time></trkpt>
<trkpt lat="45.37849" lon="-75.858866"><ele>23.0</ele><time>2024-10-14T15:34:50Z</time></trkpt>
<trkpt lat="45.378468" lon="-75.858875"><ele>23.0</ele><time>2024-10-14T15:34:51Z</time></trkpt>
<trkpt lat="45.378446" lon="-75.858875"><ele>23.0</ele><time>2024-10-14T15:34:52Z</time></trkpt>
<trkpt lat="45.378424" lon="-75.858884"><ele>23.0</ele><time>2024-10-14T15:34:53Z</time></trkpt>
<trkpt lat="45.378402" lon="-75.858884"><ele>23.0</ele><time>2024-10-14T15:34:54Z</time></trkpt>
<trkpt lat="45.37838" lon="-75.858893"><ele>23.0</ele><time>2024-10-14T15:34:55Z</time></trkpt>
<trkpt lat="45.378361" lon="-75.858911"><ele>23.0</ele><time>2024-10-14T15:34:56Z</time></trkpt>
<trkpt lat="45.378338" lon="-75.85892"><ele>23.0</ele><time>2024-10-14T15:34:57Z</time></trkpt>
<trkpt lat="45.378316" lon="-75.85892"><ele>23.0</ele><time>2024-10-14T15:34:58Z</time></trkpt>
<trkpt lat="45.378294" lon="-75.858929"><ele>23.0</ele><time>2024-10-14T15:34:59Z</time></trkpt>
<trkpt lat="45.378272" lon="-75.858938"><ele>23.0</ele><time>2024-10-14T15:35:00Z</time></trkpt>
<trkpt lat="45.37825" lon="-75.858938"><ele>23.0</ele><time>2024-10-14T15:35:01Z</time></trkpt>
<trkpt lat="45.378228" lon="-75.858947"><ele>23.0</ele><time>2024-10-14T15:35:02Z</time></trkpt>
<trkpt lat="45.378206" lon="-75.858956"><ele>23.0</ele><time>2024-10-14T15:35:03Z</time></trkpt>
<trkpt lat="45.378183" lon="-75.858965"><ele>23.0</ele><time>2024-10-14T15:35:04Z</time></trkpt>
<trkpt lat="45.378164" lon="-75.858974"><ele>23.0</ele><time>2024-10-14T15:35:05Z</time></trkpt>
<trkpt lat="45.378142" lon="-75.858983"><ele>23.0</ele><time>2024-10-14T15:35:06Z</time></trkpt>
<trkpt lat="45.378123" lon="-75.858992"><ele>23.0</ele><time>2024-10-14T15:35:07Z</time></trkpt>
<trkpt lat="45.378101" lon="-75.859001"><ele>23.0</ele><time>2024-10-14T15:35:08Z</time></trkpt>
<trkpt lat="45.378082" lon="-75.859009"><ele>23.0</ele><time>2024-10-14T15:35:09Z</time></trkpt>
<trkpt lat="45.378063" lon="-75.859018"><ele>23.0</ele><time>2024-10-14T15:35:10Z</time></trkpt>
<trkpt lat="45.378041" lon="-75.859027"><ele>23.0</ele><time>2024-10-14T15:35:11Z</time></trkpt>
<trkpt lat="45.378022" lon="-75.859036"><ele>23.0</ele><time>2024-10-14T15:35:12Z</time></trkpt>
<trkpt lat="45.378003" lon="-75.859045"><ele>23.0</ele><time>2024-10-14T15:35:13Z</time></trkpt>
<trkpt lat="45.377984" lon="-75.859054"><ele>23.0</ele><time>2024-10-14T15:35:14Z</time></trkpt>
<trkpt lat="45.377962" lon="-75.859063"><ele>23.0</ele><time>2024-10-14T15:35:15Z</time></trkpt>
<trkpt lat="45.377943" lon="-75.859063"><ele>23.0</ele><time>2024-10-14T15:35:16Z</time></trkpt>
<trkpt lat="45.377921" lon="-75.859072"><ele>23.0</ele><time>2024-10-14T15:35:17Z</time></trkpt>
<trkpt lat="45.377902" lon="-75.859081"><ele>23.0</ele><time>2024-10-14T15:35:18Z</time></trkpt>
<trkpt lat="45.377883" lon="-75.85909"><ele>23.0</ele><time>2024-10-14T15:35:19Z</time></trkpt>
<trkpt lat="45.377861" lon="-75.859099"><ele>23.0</ele><time>2024-10-14T15:35:20Z</time></trkpt>
<trkpt lat="45.377842" lon="-75.859108"><ele>23.0</ele><time>2024-10-14T15:35:21Z</time></trkpt>
<trkpt lat="45.377823" lon="-75.859117"><ele>23.0</ele><time>2024-10-14T15:35:22Z</time></trkpt>
<trkpt lat="45.377804" lon="-75.859126"><ele>23.0</ele><time>2024-10-14T15:35:23Z</time></trkpt>
<trkpt lat="45.377781" lon="-75.859126"><ele>23.0</ele><time>2024-10-14T15:35:24Z</time></trkpt>
<trkpt lat="45.377762" lon="-75.859135"><ele>23.0</ele><time>2024-10-14T15:35:25Z</time></trkpt>
<trkpt lat="45.377743" lon="-75.859144"><ele>23.0</ele><time>2024-10-14T15:35:26Z</time></trkpt>
<trkpt lat="45.377728" lon="-75.859153"><ele>23.0</ele><time>2024-10-14T15:35:27Z</time></trkpt>
<trkpt lat="45.377709" lon="-75.859162"><ele>23.0</ele><time>2024-10-14T15:35:28Z</time></trkpt>
<trkpt lat="45.37769" lon="-75.859171"><ele>23.0</ele><time>2024-10-14T15:35:29Z</time></trkpt>
<trkpt lat="45.377671" lon="-75.859189"><ele>23.0</ele><time>2024-10-14T15:35:30Z</time></trkpt>
<trkpt lat="45.377652" lon="-75.859189"><ele>23.0</ele><time>2024-10-14T15:35:31Z</time></trkpt>
<trkpt lat="45.377633" lon="-75.859207"><ele>23.0</ele><time>2024-10-14T15:35:32Z</time></trkpt>
<trkpt lat="45.377614" lon="-75.859207"><ele>23.0</ele><time>2024-10-14T15:35:33Z</time></trkpt>
<trkpt lat="45.377598" lon="-75.859216"><ele>23.0</ele><time>2024-10-14T15:35:34Z</time></trkpt>
<trkpt lat="45.377579" lon="-75.859225"><ele>23.0</ele><time>2024-10-14T15:35:35Z</time></trkpt>
<trkpt lat="45.37756" lon="-75.859234"><ele>23.0</ele><time>2024-10-14T15:35:36Z</time></trkpt>
<trkpt lat="45.377541" lon="-75.859243"><ele>23.0</ele><time>2024-10-14T15:35:37Z</time></trkpt>
<trkpt lat="45.377522" lon="-75.859252"><ele>23.0</ele><time>2024-10-14T15:35:38Z</time></trkpt>
<trkpt lat="45.377506" lon="-75.859261"><ele>23.0</ele><time>2024-10-14T15:35:39Z</time></trkpt>
<trkpt lat="45.377487" lon="-75.85927"><ele>23.0</ele><time>2024-10-14T15:35:40Z</time></trkpt>
<trkpt lat="45.377468" lon="-75.859279"><ele>23.0</ele><time>2024-10-14T15:35:41Z</time></trkpt>
<trkpt lat="45.377449" lon="-75.859288"><ele>23.0</ele><time>2024-10-14T15:35:42Z</time></trkpt>
<trkpt lat="45.377433" lon="-75.859288"><ele>23.0</ele><time>2024-10-14T15:35:43Z</time></trkpt>
<trkpt lat="45.377411" lon="-75.859297"><ele>23.0</ele><time>2024-10-14T15:35:44Z</time></trkpt>
<trkpt lat="45.377392" lon="-75.859306"><ele>23.0</ele><time>2024-10-14T15:35:45Z</time></trkpt>
<trkpt lat="45.377373" lon="-75.859315"><ele>23.0</ele><time>2024-10-14T15:35:46Z</time></trkpt>
<trkpt lat="45.377354" lon="-75.859324"><ele>23.0</ele><time>2024-10-14T15:35:47Z</time></trkpt>
<trkpt lat="45.377338" lon="-75.859333"><ele>23.0</ele><time>2024-10-14T15:35:48Z</time></trkpt>
<trkpt lat="45.377316" lon="-75.859342"><ele>23.0</ele><time>2024-10-14T15:35:49Z</time></trkpt>
<trkpt lat="45.377297" lon="-75.859351"><ele>23.0</ele><time>2024-10-14T15:35:50Z</time></trkpt>
<trkpt lat="45.377278" lon="-75.85936"><ele>23.0</ele><time>2024-10-14T15:35:51Z</time></trkpt>
<trkpt lat="45.377256" lon="-75.859369"><ele>23.0</ele><time>2024-10-14T15:35:52Z</time></trkpt>
<trkpt lat="45.377237" lon="-75.859378"><ele>23.0</ele><time>2024-10-14T15:35:53Z</time></trkpt>
<trkpt lat="45.377215" lon="-75.859387"><ele>23.0</ele><time>2024-10-14T15:35:54Z</time></trkpt>
<trkpt lat="45.377196" lon="-75.859396"><ele>23.0</ele><time>2024-10-14T15:35:55Z</time></trkpt>
<trkpt lat="45.377174" lon="-75.859396"><ele>23.0</ele><time>2024-10-14T15:35:56Z</time></trkpt>
<trkpt lat="45.377155" lon="-75.859405"><ele>23.0</ele><time>2024-10-14T15:35:57Z</time></trkpt>
<trkpt lat="45.377132" lon="-75.859414"><ele>23.0</ele><time>2024-10-14T15:35:58Z</time></trkpt>
<trkpt lat="45.37711" lon="-75.859423"><ele>23.0</ele><time>2024-10-14T15:35:59Z</time></trkpt>
<trkpt lat="45.377091" lon="-75.859432"><ele>23.0</ele><time>2024-10-14T15:36:00Z</time></trkpt>
<trkpt lat="45.377072" lon="-75.859432"><ele>23.0</ele><time>2024-10-14T15:36:01Z</time></trkpt>
<trkpt lat="45.37705" lon="-75.859441"><ele>23.0</ele><time>2024-10-14T15:36:02Z</time></trkpt>
<trkpt lat="45.377028" lon="-75.85945"><ele>23.0</ele><time>2024-10-14T15:36:03Z</time></trkpt>
<trkpt lat="45.377006" lon="-75.85945"><ele>23.0</ele><time>2024-10-14T15:36:04Z</time></trkpt>
<trkpt lat="45.376984" lon="-75.859459"><ele>23.0</ele><time>2024-10-14T15:36:05Z</time></trkpt>
<trkpt lat="45.376965" lon="-75.859468"><ele>23.0</ele><time>2024-10-14T15:36:06Z</time></trkpt>
<trkpt lat="45.376943" lon="-75.859477"><ele>23.0</ele><time>2024-10-14T15:36:07Z</time></trkpt>
<trkpt lat="45.37692" lon="-75.859495"><ele>23.0</ele><time>2024-10-14T15:36:08Z</time></trkpt>
<trkpt lat="45.376895" lon="-75.859495"><ele>23.0</ele><time>2024-10-14T15:36:09Z</time></trkpt>
<trkpt lat="45.376873" lon="-75.859504"><ele>23.0</ele><time>2024-10-14T15:36:10Z</time></trkpt>
<trkpt lat="45.376848" lon="-75.859513"><ele>23.0</ele><time>2024-10-14T15:36:11Z</time></trkpt>
<trkpt lat="45.376825" lon="-75.859522"><ele>23.0</ele><time>2024-10-14T15:36:12Z</time></trkpt>
<trkpt lat="45.3768" lon="-75.859522"><ele>23.0</ele><time>2024-10-14T15:36:13Z</time></trkpt>
<trkpt lat="45.376778" lon="-75.85953"><ele>23.0</ele><time>2024-10-14T15:36:14Z</time></trkpt>
<trkpt lat="45.376756" lon="-75.859539"><ele>23.0</ele><time>2024-10-14T15:36:15Z</time></trkpt>
<trkpt lat="45.376734" lon="-75.859557"><ele>23.0</ele><time>2024-10-14T15:36:16Z</time></trkpt>
<trkpt lat="45.376711" lon="-75.859566"><ele>23.0</ele><time>2024-10-14T15:36:17Z</time></trkpt>
<trkpt lat="45.376689" lon="-75.859575"><ele>23.0</ele><time>2024-10-14T15:36:18Z</time></trkpt>
<trkpt lat="45.376667" lon="-75.859593"><ele>23.0</ele><time>2024-10-14T15:36:19Z</time></trkpt>
<trkpt lat="45.376645" lon="-75.859602"><ele>23.0</ele><time>2024-10-14T15:36:20Z</time></trkpt>
<trkpt lat="45.376623" lon="-75.85962"><ele>23.0</ele><time>2024-10-14T15:36:21Z</time></trkpt>
<trkpt lat="45.376601" lon="-75.859629"><ele>23.0</ele><time>2024-10-14T15:36:22Z</time></trkpt>
<trkpt lat="45.376582" lon="-75.859638"><ele>23.0</ele><time>2024-10-14T15:36:23Z</time></trkpt>
<trkpt lat="45.37656" lon="-75.859647"><ele>23.0</ele><time>2024-10-14T15:36:24Z</time></trkpt>
<trkpt lat="45.376537" lon="-75.859656"><ele>23.0</ele><time>2024-10-14T15:36:25Z</time></trkpt>
<trkpt lat="45.376515" lon="-75.859674"><ele>23.0</ele><time>2024-10-14T15:36:26Z</time></trkpt>
<trkpt lat="45.376493" lon="-75.859683"><ele>22.0</ele><time>2024-10-14T15:36:27Z</time></trkpt>
<trkpt lat="45.376471" lon="-75.859692"><ele>22.0</ele><time>2024-10-14T15:36:28Z</time></trkpt>
<trkpt lat="45.376452" lon="-75.85971"><ele>22.0</ele><time>2024-10-14T15:36:29Z</time></trkpt>
<trkpt lat="45.37643" lon="-75.859719"><ele>22.0</ele><time>2024-10-14T15:36:30Z</time></trkpt>
<trkpt lat="45.376408" lon="-75.859728"><ele>22.0</ele><time>2024-10-14T15:36:31Z</time></trkpt>
<trkpt lat="45.376385" lon="-75.859737"><ele>22.0</ele><time>2024-10-14T15:36:32Z</time></trkpt>
<trkpt lat="45.376363" lon="-75.859755"><ele>22.0</ele><time>2024-10-14T15:36:33Z</time></trkpt>
<trkpt lat="45.376338" lon="-75.859764"><ele>23.0</ele><time>2024-10-14T15:36:34Z</time></trkpt>
<trkpt lat="45.376316" lon="-75.859773"><ele>22.0</ele><time>2024-10-14T15:36:35Z</time></trkpt>
<trkpt lat="45.376294" lon="-75.859782"><ele>22.0</ele><time>2024-10-14T15:36:36Z</time></trkpt>
<trkpt lat="45.376271" lon="-75.859791"><ele>22.0</ele><time>2024-10-14T15:36:37Z</time></trkpt>
<trkpt lat="45.376249" lon="-75.8598"><ele>22.0</ele><time>2024-10-14T15:36:38Z</time></trkpt>
<trkpt lat="45.376224" lon="-75.859809"><ele>23.0</ele><time>2024-10-14T15:36:39Z</time></trkpt>
<trkpt lat="45.376199" lon="-75.859809"><ele>23.0</ele><time>2024-10-14T15:36:40Z</time></trkpt>
<trkpt lat="45.376176" lon="-75.859818"><ele>23.0</ele><time>2024-10-14T15:36:41Z</time></trkpt>
<trkpt lat="45.376151" lon="-75.859827"><ele>23.0</ele><time>2024-10-14T15:36:42Z</time></trkpt>
<trkpt lat="45.376126" lon="-75.859836"><ele>23.0</ele><time>2024-10-14T15:36:43Z</time></trkpt>
<trkpt lat="45.376101" lon="-75.859845"><ele>23.0</ele><time>2024-10-14T15:36:44Z</time></trkpt>
<trkpt lat="45.376075" lon="-75.859845"><ele>23.0</ele><time>2024-10-14T15:36:45Z</time></trkpt>
<trkpt lat="45.37605" lon="-75.859854"><ele>23.0</ele><time>2024-10-14T15:36:46Z</time></trkpt>
<trkpt lat="45.376025" lon="-75.859863"><ele>23.0</ele><time>2024-10-14T15:36:47Z</time></trkpt>
<trkpt lat="45.375999" lon="-75.859863"><ele>23.0</ele><time>2024-10-14T15:36:48Z</time></trkpt>
<trkpt lat="45.375974" lon="-75.859872"><ele>23.0</ele><time>2024-10-14T15:36:49Z</time></trkpt>
<trkpt lat="45.375949" lon="-75.859872"><ele>23.0</ele><time>2024-10-14T15:36:50Z</time></trkpt>
<trkpt lat="45.375926" lon="-75.859881"><ele>23.0</ele><time>2024-10-14T15:36:51Z</time></trkpt>
<trkpt lat="45.375901" lon="-75.859881"><ele>23.0</ele><time>2024-10-14T15:36:52Z</time></trkpt>
<trkpt lat="45.375876" lon="-75.859881"><ele>23.0</ele><time>2024-10-14T15:36:53Z</time></trkpt>
<trkpt lat="45.37585" lon="-75.85989"><ele>23.0</ele><time>2024-10-14T15:36:54Z</time></trkpt>
<trkpt lat="45.375828" lon="-75.85989"><ele>23.0</ele><time>2024-10-14T15:36:55Z</time></trkpt>
<trkpt lat="45.375806" lon="-75.859899"><ele>23.0</ele><time>2024-10-14T15:36:56Z</time></trkpt>
<trkpt lat="45.375781" lon="-75.859899"><ele>23.0</ele><time>2024-10-14T15:36:57Z</time></trkpt>
<trkpt lat="45.375759" lon="-75.859908"><ele>23.0</ele><time>2024-10-14T15:36:58Z</time></trkpt>
<trkpt lat="45.37574" lon="-75.859908"><ele>23.0</ele><time>2024-10-14T15:36:59Z</time></trkpt>
<trkpt lat="45.375717" lon="-75.859908"><ele>23.0</ele><time>2024-10-14T15:37:00Z</time></trkpt>
<trkpt lat="45.375698" lon="-75.859908"><ele>23.0</ele><time>2024-10-14T15:37:01Z</time></trkpt>
<trkpt lat="45.375679" lon="-75.859917"><ele>23.0</ele><time>2024-10-14T15:37:02Z</time></trkpt>
<trkpt lat="45.37566" lon="-75.859917"><ele>23.0</ele><time>2024-10-14T15:37:03Z</time></trkpt>
<trkpt lat="45.375642" lon="-75.859926"><ele>23.0</ele><time>2024-10-14T15:37:04Z</time></trkpt>
<trkpt lat="45.375619" lon="-75.859926"><ele>23.0</ele><time>2024-10-14T15:37:05Z</time></trkpt>
<trkpt lat="45.3756" lon="-75.859935"><ele>23.0</ele><time>2024-10-14T15:37:06Z</time></trkpt>
<trkpt lat="45.375581" lon="-75.859935"><ele>23.0</ele><time>2024-10-14T15:37:07Z</time></trkpt>
<trkpt lat="45.375562" lon="-75.859944"><ele>23.0</ele><time>2024-10-14T15:37:08Z</time></trkpt>
<trkpt lat="45.375543" lon="-75.859944"><ele>23.0</ele><time>2024-10-14T15:37:09Z</time></trkpt>
<trkpt lat="45.375524" lon="-75.859953"><ele>23.0</ele><time>2024-10-14T15:37:10Z</time></trkpt>
<trkpt lat="45.375505" lon="-75.859953"><ele>24.0</ele><time>2024-10-14T15:37:11Z</time></trkpt>
<trkpt lat="45.375486" lon="-75.859953"><ele>24.0</ele><time>2024-10-14T15:37:12Z</time></trkpt>
<trkpt lat="45.375467" lon="-75.859953"><ele>24.0</ele><time>2024-10-14T15:37:13Z</time></trkpt>
<trkpt lat="45.375448" lon="-75.859953"><ele>24.0</ele><time>2024-10-14T15:37:14Z</time></trkpt>
<trkpt lat="45.375426" lon="-75.859953"><ele>24.0</ele><time>2024-10-14T15:37:15Z</time></trkpt>
<trkpt lat="45.375407" lon="-75.859953"><ele>24.0</ele><time>2024-10-14T15:37:16Z</time></trkpt>
<trkpt lat="45.375388" lon="-75.859953"><ele>24.0</ele><time>2024-10-14T15:37:17Z</time></trkpt>
<trkpt lat="45.375369" lon="-75.859953"><ele>24.0</ele><time>2024-10-14T15:37:18Z</time></trkpt>
<trkpt lat="45.375347" lon="-75.859962"><ele>24.0</ele><time>2024-10-14T15:37:19Z</time></trkpt>
<trkpt lat="45.375328" lon="-75.859962"><ele>24.0</ele><time>2024-10-14T15:37:20Z</time></trkpt>
<trkpt lat="45.375309" lon="-75.859962"><ele>24.0</ele><time>2024-10-14T15:37:21Z</time></trkpt>
<trkpt lat="45.37529" lon="-75.859962"><ele>24.0</ele><time>2024-10-14T15:37:22Z</time></trkpt>
<trkpt lat="45.375268" lon="-75.859953"><ele>24.0</ele><time>2024-10-14T15:37:23Z</time></trkpt>
<trkpt lat="45.375249" lon="-75.859953"><ele>24.0</ele><time>2024-10-14T15:37:24Z</time></trkpt>
<trkpt lat="45.375227" lon="-75.859944"><ele>24.0</ele><time>2024-10-14T15:37:25Z</time></trkpt>
<trkpt lat="45.375205" lon="-75.859944"><ele>24.0</ele><time>2024-10-14T15:37:26Z</time></trkpt>
<trkpt lat="45.375182" lon="-75.859944"><ele>24.0</ele><time>2024-10-14T15:37:27Z</time></trkpt>
<trkpt lat="45.37516" lon="-75.859935"><ele>24.0</ele><time>2024-10-14T15:37:28Z</time></trkpt>
<trkpt lat="45.375138" lon="-75.859935"><ele>24.0</ele><time>2024-10-14T15:37:29Z</time></trkpt>
<trkpt lat="45.375116" lon="-75.859935"><ele>24.0</ele><time>2024-10-14T15:37:30Z</time></trkpt>
<trkpt lat="45.375094" lon="-75.859935"><ele>24.0</ele><time>2024-10-14T15:37:31Z</time></trkpt>
<trkpt lat="45.375072" lon="-75.859944"><ele>24.0</ele><time>2024-10-14T15:37:32Z</time></trkpt>
<trkpt lat="45.37505" lon="-75.859944"><ele>24.0</ele><time>2024-10-14T15:37:33Z</time></trkpt>
<trkpt lat="45.375027" lon="-75.859944"><ele>24.0</ele><time>2024-10-14T15:37:34Z</time></trkpt>
<trkpt lat="45.375005" lon="-75.859944"><ele>24.0</ele><time>2024-10-14T15:37:35Z</time></trkpt>
<trkpt lat="45.374986" lon="-75.859944"><ele>24.0</ele><time>2024-10-14T15:37:36Z</time></trkpt>
<trkpt lat="45.374964" lon="-75.859944"><ele>24.0</ele><time>2024-10-14T15:37:37Z</time></trkpt>
<trkpt lat="45.374942" lon="-75.859953"><ele>24.0</ele><time>2024-10-14T15:37:38Z</time></trkpt>
<trkpt lat="45.37492" lon="-75.859953"><ele>24.0</ele><time>2024-10-14T15:37:39Z</time></trkpt>
<trkpt lat="45.374898" lon="-75.859953"><ele>24.0</ele><time>2024-10-14T15:37:40Z</time></trkpt>
<trkpt lat="45.374875" lon="-75.859962"><ele>24.0</ele><time>2024-10-14T15:37:41Z</time></trkpt>
<trkpt lat="45.374853" lon="-75.859962"><ele>24.0</ele><time>2024-10-14T15:37:42Z</time></trkpt>
<trkpt lat="45.374831" lon="-75.859962"><ele>24.0</ele><time>2024-10-14T15:37:43Z</time></trkpt>
<trkpt lat="45.374809" lon="-75.859962"><ele>24.0</ele><time>2024-10-14T15:37:44Z</time></trkpt>
<trkpt lat="45.374787" lon="-75.859962"><ele>24.0</ele><time>2024-10-14T15:37:45Z</time></trkpt>
<trkpt lat="45.374765" lon="-75.859962"><ele>24.0</ele><time>2024-10-14T15:37:46Z</time></trkpt>
<trkpt lat="45.374746" lon="-75.859971"><ele>25.0</ele><time>2024-10-14T15:37:47Z</time></trkpt>
<trkpt lat="45.374723" lon="-75.859962"><ele>25.0</ele><time>2024-10-14T15:37:48Z</time></trkpt>
<trkpt lat="45.374701" lon="-75.859962"><ele>25.0</ele><time>2024-10-14T15:37:49Z</time></trkpt>
<trkpt lat="45.374679" lon="-75.859962"><ele>24.0</ele><time>2024-10-14T15:37:50Z</time></trkpt>
<trkpt lat="45.37466" lon="-75.859971"><ele>24.0</ele><time>2024-10-14T15:37:51Z</time></trkpt>
<trkpt lat="45.374638" lon="-75.859971"><ele>24.0</ele><time>2024-10-14T15:37:52Z</time></trkpt>
<trkpt lat="45.374616" lon="-75.859971"><ele>24.0</ele><time>2024-10-14T15:37:53Z</time></trkpt>
<trkpt lat="45.374594" lon="-75.85998"><ele>24.0</ele><time>2024-10-14T15:37:54Z</time></trkpt>
<trkpt lat="45.374572" lon="-75.85998"><ele>24.0</ele><time>2024-10-14T15:37:55Z</time></trkpt>
<trkpt lat="45.374549" lon="-75.85998"><ele>24.0</ele><time>2024-10-14T15:37:56Z</time></trkpt>
<trkpt lat="45.374527" lon="-75.859989"><ele>24.0</ele><time>2024-10-14T15:37:57Z</time></trkpt>
<trkpt lat="45.374508" lon="-75.859989"><ele>24.0</ele><time>2024-10-14T15:37:58Z</time></trkpt>
<trkpt lat="45.374489" lon="-75.859998"><ele>24.0</ele><time>2024-10-14T15:37:59Z</time></trkpt>
<trkpt lat="45.374467" lon="-75.859998"><ele>24.0</ele><time>2024-10-14T15:38:00Z</time></trkpt>
<trkpt lat="45.374448" lon="-75.860007"><ele>25.0</ele><time>2024-10-14T15:38:01Z</time></trkpt>
<trkpt lat="45.374432" lon="-75.860025"><ele>26.0</ele><time>2024-10-14T15:38:02Z</time></trkpt>
<trkpt lat="45.37441" lon="-75.860034"><ele>27.0</ele><time>2024-10-14T15:38:03Z</time></trkpt>
<trkpt lat="45.374385" lon="-75.860025"><ele>27.0</ele><time>2024-10-14T15:38:04Z</time></trkpt>
<trkpt lat="45.374359" lon="-75.860016"><ele>26.0</ele><time>2024-10-14T15:38:05Z</time></trkpt>
<trkpt lat="45.374331" lon="-75.860016"><ele>25.0</ele><time>2024-10-14T15:38:06Z</time></trkpt>
<trkpt lat="45.374309" lon="-75.860025"><ele>25.0</ele><time>2024-10-14T15:38:07Z</time></trkpt>
<trkpt lat="45.374283" lon="-75.860025"><ele>25.0</ele><time>2024-10-14T15:38:08Z</time></trkpt>
<trkpt lat="45.374258" lon="-75.860025"><ele>25.0</ele><time>2024-10-14T15:38:09Z</time></trkpt>
<trkpt lat="45.374236" lon="-75.860025"><ele>25.0</ele><time>2024-10-14T15:38:10Z</time></trkpt>
<trkpt lat="45.374211" lon="-75.860034"><ele>25.0</ele><time>2024-10-14T15:38:11Z</time></trkpt>
<trkpt lat="45.374185" lon="-75.860034"><ele>25.0</ele><time>2024-10-14T15:38:12Z</time></trkpt>
<trkpt lat="45.374163" lon="-75.860034"><ele>25.0</ele><time>2024-10-14T15:38:13Z</time></trkpt>
<trkpt lat="45.374138" lon="-75.860043"><ele>24.0</ele><time>2024-10-14T15:38:14Z</time></trkpt>
<trkpt lat="45.374113" lon="-75.860043"><ele>24.0</ele><time>2024-10-14T15:38:15Z</time></trkpt>
<trkpt lat="45.37409" lon="-75.860052"><ele>24.0</ele><time>2024-10-14T15:38:16Z</time></trkpt>
<trkpt lat="45.374065" lon="-75.86006"><ele>24.0</ele><time>2024-10-14T15:38:17Z</time></trkpt>
<trkpt lat="45.374043" lon="-75.860069"><ele>24.0</ele><time>2024-10-14T15:38:18Z</time></trkpt>
<trkpt lat="45.374021" lon="-75.860078"><ele>24.0</ele><time>2024-10-14T15:38:19Z</time></trkpt>
<trkpt lat="45.373995" lon="-75.860078"><ele>24.0</ele><time>2024-10-14T15:38:20Z</time></trkpt>
<trkpt lat="45.373973" lon="-75.860087"><ele>24.0</ele><time>2024-10-14T15:38:21Z</time></trkpt>
<trkpt lat="45.373951" lon="-75.860096"><ele>24.0</ele><time>2024-10-14T15:38:22Z</time></trkpt>
<trkpt lat="45.373932" lon="-75.860105"><ele>24.0</ele><time>2024-10-14T15:38:23Z</time></trkpt>
<trkpt lat="45.373907" lon="-75.860114"><ele>23.0</ele><time>2024-10-14T15:38:24Z</time></trkpt>
<trkpt lat="45.373888" lon="-75.860123"><ele>23.0</ele><time>2024-10-14T15:38:25Z</time></trkpt>
<trkpt lat="45.373866" lon="-75.860141"><ele>24.0</ele><time>2024-10-14T15:38:26Z</time></trkpt>
<trkpt lat="45.373847" lon="-75.86015"><ele>24.0</ele><time>2024-10-14T15:38:27Z</time></trkpt>
<trkpt lat="45.373824" lon="-75.860159"><ele>24.0</ele><time>2024-10-14T15:38:28Z</time></trkpt>
<trkpt lat="45.373802" lon="-75.860168"><ele>24.0</ele><time>2024-10-14T15:38:29Z</time></trkpt>
<trkpt lat="45.37378" lon="-75.860177"><ele>24.0</ele><time>2024-10-14T15:38:30Z</time></trkpt>
<trkpt lat="45.373755" lon="-75.860177"><ele>24.0</ele><time>2024-10-14T15:38:31Z</time></trkpt>
<trkpt lat="45.373736" lon="-75.860186"><ele>23.0</ele><time>2024-10-14T15:38:32Z</time></trkpt>
<trkpt lat="45.373714" lon="-75.860195"><ele>23.0</ele><time>2024-10-14T15:38:33Z</time></trkpt>
<trkpt lat="45.373695" lon="-75.860204"><ele>24.0</ele><time>2024-10-14T15:38:34Z</time></trkpt>
<trkpt lat="45.373672" lon="-75.860204"><ele>24.0</ele><time>2024-10-14T15:38:35Z</time></trkpt>
<trkpt lat="45.37365" lon="-75.860213"><ele>24.0</ele><time>2024-10-14T15:38:36Z</time></trkpt>
<trkpt lat="45.373628" lon="-75.860222"><ele>24.0</ele><time>2024-10-14T15:38:37Z</time></trkpt>
<trkpt lat="45.373609" lon="-75.86024"><ele>23.0</ele><time>2024-10-14T15:38:38Z</time></trkpt>
<trkpt lat="45.373593" lon="-75.860258"><ele>24.0</ele><time>2024-10-14T15:38:39Z</time></trkpt>
<trkpt lat="45.373574" lon="-75.860267"><ele>23.0</ele><time>2024-10-14T15:38:40Z</time></trkpt>
<trkpt lat="45.373555" lon="-75.860294"><ele>23.0</ele><time>2024-10-14T15:38:41Z</time></trkpt>
<trkpt lat="45.37354" lon="-75.860312"><ele>24.0</ele><time>2024-10-14T15:38:42Z</time></trkpt>
<trkpt lat="45.373524" lon="-75.86033"><ele>24.0</ele><time>2024-10-14T15:38:43Z</time></trkpt>
<trkpt lat="45.373511" lon="-75.860348"><ele>23.0</ele><time>2024-10-14T15:38:44Z</time></trkpt>
<trkpt lat="45.373492" lon="-75.860366"><ele>24.0</ele><time>2024-10-14T15:38:45Z</time></trkpt>
<trkpt lat="45.373476" lon="-75.860384"><ele>23.0</ele><time>2024-10-14T15:38:46Z</time></trkpt>
<trkpt lat="45.37346" lon="-75.860402"><ele>24.0</ele><time>2024-10-14T15:38:47Z</time></trkpt>
<trkpt lat="45.373441" lon="-75.86042"><ele>24.0</ele><time>2024-10-14T15:38:48Z</time></trkpt>
<trkpt lat="45.373422" lon="-75.860447"><ele>23.0</ele><time>2024-10-14T15:38:49Z</time></trkpt>
<trkpt lat="45.373407" lon="-75.860465"><ele>23.0</ele><time>2024-10-14T15:38:50Z</time></trkpt>
<trkpt lat="45.373391" lon="-75.860483"><ele>23.0</ele><time>2024-10-14T15:38:51Z</time></trkpt>
<trkpt lat="45.373375" lon="-75.860501"><ele>23.0</ele><time>2024-10-14T15:38:52Z</time></trkpt>
<trkpt lat="45.373362" lon="-75.860528"><ele>23.0</ele><time>2024-10-14T15:38:53Z</time></trkpt>
<trkpt lat="45.373346" lon="-75.860546"><ele>24.0</ele><time>2024-10-14T15:38:54Z</time></trkpt>
<trkpt lat="45.373334" lon="-75.860573"><ele>23.0</ele><time>2024-10-14T15:38:55Z</time></trkpt>
<trkpt lat="45.373321" lon="-75.860599"><ele>23.0</ele><time>2024-10-14T15:38:56Z</time></trkpt>
<trkpt lat="45.373305" lon="-75.860617"><ele>24.0</ele><time>2024-10-14T15:38:57Z</time></trkpt>
<trkpt lat="45.373293" lon="-75.860635"><ele>24.0</ele><time>2024-10-14T15:38:58Z</time></trkpt>
<trkpt lat="45.373277" lon="-75.860662"><ele>24.0</ele><time>2024-10-14T15:38:59Z</time></trkpt>
<trkpt lat="45.373261" lon="-75.86068"><ele>24.0</ele><time>2024-10-14T15:39:00Z</time></trkpt>
<trkpt lat="45.373248" lon="-75.860698"><ele>24.0</ele><time>2024-10-14T15:39:01Z</time></trkpt>
<trkpt lat="45.373232" lon="-75.860716"><ele>24.0</ele><time>2024-10-14T15:39:02Z</time></trkpt>
<trkpt lat="45.373217" lon="-75.860734"><ele>24.0</ele><time>2024-10-14T15:39:03Z</time></trkpt>
<trkpt lat="45.373201" lon="-75.860752"><ele>24.0</ele><time>2024-10-14T15:39:04Z</time></trkpt>
<trkpt lat="45.373185" lon="-75.86077"><ele>24.0</ele><time>2024-10-14T15:39:05Z</time></trkpt>
<trkpt lat="45.373169" lon="-75.860797"><ele>24.0</ele><time>2024-10-14T15:39:06Z</time></trkpt>
<trkpt lat="45.37315" lon="-75.860806"><ele>24.0</ele><time>2024-10-14T15:39:07Z</time></trkpt>
<trkpt lat="45.373134" lon="-75.860824"><ele>24.0</ele><time>2024-10-14T15:39:08Z</time></trkpt>
<trkpt lat="45.373115" lon="-75.860842"><ele>24.0</ele><time>2024-10-14T15:39:09Z</time></trkpt>
<trkpt lat="45.373096" lon="-75.860851"><ele>24.0</ele><time>2024-10-14T15:39:10Z</time></trkpt>
<trkpt lat="45.373074" lon="-75.860869"><ele>23.0</ele><time>2024-10-14T15:39:11Z</time></trkpt>
<trkpt lat="45.373055" lon="-75.860878"><ele>23.0</ele><time>2024-10-14T15:39:12Z</time></trkpt>
<trkpt lat="45.373036" lon="-75.860887"><ele>23.0</ele><time>2024-10-14T15:39:13Z</time></trkpt>
<trkpt lat="45.37302" lon="-75.860905"><ele>23.0</ele><time>2024-10-14T15:39:14Z</time></trkpt>
<trkpt lat="45.373001" lon="-75.860905"><ele>24.0</ele><time>2024-10-14T15:39:15Z</time></trkpt>
<trkpt lat="45.372982" lon="-75.860914"><ele>24.0</ele><time>2024-10-14T15:39:16Z</time></trkpt>
<trkpt lat="45.372963" lon="-75.860914"><ele>24.0</ele><time>2024-10-14T15:39:17Z</time></trkpt>
<trkpt lat="45.372944" lon="-75.860914"><ele>24.0</ele><time>2024-10-14T15:39:18Z</time></trkpt>
<trkpt lat="45.372925" lon="-75.860905"><ele>24.0</ele><time>2024-10-14T15:39:19Z</time></trkpt>
<trkpt lat="45.372903" lon="-75.860905"><ele>24.0</ele><time>2024-10-14T15:39:20Z</time></trkpt>
<trkpt lat="45.372884" lon="-75.860887"><ele>24.0</ele><time>2024-10-14T15:39:21Z</time></trkpt>
<trkpt lat="45.372865" lon="-75.860878"><ele>24.0</ele><time>2024-10-14T15:39:22Z</time></trkpt>
<trkpt lat="45.372846" lon="-75.86086"><ele>24.0</ele><time>2024-10-14T15:39:23Z</time></trkpt>
<trkpt lat="45.372824" lon="-75.860851"><ele>24.0</ele><time>2024-10-14T15:39:24Z</time></trkpt>
<trkpt lat="45.372802" lon="-75.860842"><ele>24.0</ele><time>2024-10-14T15:39:25Z</time></trkpt>
<trkpt lat="45.37278" lon="-75.860833"><ele>24.0</ele><time>2024-10-14T15:39:26Z</time></trkpt>
<trkpt lat="45.372758" lon="-75.860824"><ele>24.0</ele><time>2024-10-14T15:39:27Z</time></trkpt>
<trkpt lat="45.372735" lon="-75.860824"><ele>24.0</ele><time>2024-10-14T15:39:28Z</time></trkpt>
<trkpt lat="45.372713" lon="-75.860824"><ele>24.0</ele><time>2024-10-14T15:39:29Z</time></trkpt>
<trkpt lat="45.372694" lon="-75.860824"><ele>24.0</ele><time>2024-10-14T15:39:30Z</time></trkpt>
<trkpt lat="45.372672" lon="-75.860815"><ele>24.0</ele><time>2024-10-14T15:39:31Z</time></trkpt>
<trkpt lat="45.372653" lon="-75.860806"><ele>24.0</ele><time>2024-10-14T15:39:32Z</time></trkpt>
<trkpt lat="45.372631" lon="-75.860797"><ele>24.0</ele><time>2024-10-14T15:39:33Z</time></trkpt>
<trkpt lat="45.372609" lon="-75.860788"><ele>24.0</ele><time>2024-10-14T15:39:34Z</time></trkpt>
<trkpt lat="45.37259" lon="-75.860779"><ele>24.0</ele><time>2024-10-14T15:39:35Z</time></trkpt>
<trkpt lat="45.372571" lon="-75.86077"><ele>24.0</ele><time>2024-10-14T15:39:36Z</time></trkpt>
<trkpt lat="45.372549" lon="-75.860752"><ele>24.0</ele><time>2024-10-14T15:39:37Z</time></trkpt>
<trkpt lat="45.372527" lon="-75.860743"><ele>24.0</ele><time>2024-10-14T15:39:38Z</time></trkpt>
<trkpt lat="45.372504" lon="-75.860734"><ele>24.0</ele><time>2024-10-14T15:39:39Z</time></trkpt>
<trkpt lat="45.372482" lon="-75.860725"><ele>24.0</ele><time>2024-10-14T15:39:40Z</time></trkpt>
<trkpt lat="45.37246" lon="-75.860716"><ele>25.0</ele><time>2024-10-14T15:39:41Z</time></trkpt>
<trkpt lat="45.372441" lon="-75.860707"><ele>24.0</ele><time>2024-10-14T15:39:42Z</time></trkpt>
<trkpt lat="45.372419" lon="-75.860698"><ele>24.0</ele><time>2024-10-14T15:39:43Z</time></trkpt>
<trkpt lat="45.372397" lon="-75.860689"><ele>24.0</ele><time>2024-10-14T15:39:44Z</time></trkpt>
<trkpt lat="45.372375" lon="-75.86068"><ele>24.0</ele><time>2024-10-14T15:39:45Z</time></trkpt>
<trkpt lat="45.372352" lon="-75.860671"><ele>25.0</ele><time>2024-10-14T15:39:46Z</time></trkpt>
<trkpt lat="45.37233" lon="-75.860662"><ele>25.0</ele><time>2024-10-14T15:39:47Z</time></trkpt>
<trkpt lat="45.372311" lon="-75.860653"><ele>25.0</ele><time>2024-10-14T15:39:48Z</time></trkpt>
<trkpt lat="45.372289" lon="-75.860644"><ele>25.0</ele><time>2024-10-14T15:39:49Z</time></trkpt>
<trkpt lat="45.372267" lon="-75.860635"><ele>25.0</ele><time>2024-10-14T15:39:50Z</time></trkpt>
<trkpt lat="45.372248" lon="-75.860617"><ele>25.0</ele><time>2024-10-14T15:39:51Z</time></trkpt>
<trkpt lat="45.372226" lon="-75.860608"><ele>26.0</ele><time>2024-10-14T15:39:52Z</time></trkpt>
<trkpt lat="45.3722" lon="-75.860608"><ele>25.0</ele><time>2024-10-14T15:39:53Z</time></trkpt>
<trkpt lat="45.372178" lon="-75.860599"><ele>25.0</ele><time>2024-10-14T15:39:54Z</time></trkpt>
<trkpt lat="45.372156" lon="-75.86059"><ele>25.0</ele><time>2024-10-14T15:39:55Z</time></trkpt>
<trkpt lat="45.372134" lon="-75.86059"><ele>25.0</ele><time>2024-10-14T15:39:56Z</time></trkpt>
<trkpt lat="45.372115" lon="-75.860581"><ele>25.0</ele><time>2024-10-14T15:39:57Z</time></trkpt>
<trkpt lat="45.372093" lon="-75.860573"><ele>25.0</ele><time>2024-10-14T15:39:58Z</time></trkpt>
<trkpt lat="45.372067" lon="-75.860573"><ele>25.0</ele><time>2024-10-14T15:39:59Z</time></trkpt>
<trkpt lat="45.372045" lon="-75.860564"><ele>24.0</ele><time>2024-10-14T15:40:00Z</time></trkpt>
<trkpt lat="45.37202" lon="-75.860555"><ele>24.0</ele><time>2024-10-14T15:40:01Z</time></trkpt>
<trkpt lat="45.371995" lon="-75.860537"><ele>25.0</ele><time>2024-10-14T15:40:02Z</time></trkpt>
<trkpt lat="45.371966" lon="-75.860528"><ele>25.0</ele><time>2024-10-14T15:40:03Z</time></trkpt>
<trkpt lat="45.371941" lon="-75.860528"><ele>25.0</ele><time>2024-10-14T15:40:04Z</time></trkpt>
<trkpt lat="45.371919" lon="-75.860528"><ele>25.0</ele><time>2024-10-14T15:40:05Z</time></trkpt>
<trkpt lat="45.371897" lon="-75.860528"><ele>24.0</ele><time>2024-10-14T15:40:06Z</time></trkpt>
<trkpt lat="45.371874" lon="-75.860519"><ele>24.0</ele><time>2024-10-14T15:40:07Z</time></trkpt>
<trkpt lat="45.371852" lon="-75.86051"><ele>24.0</ele><time>2024-10-14T15:40:08Z</time></trkpt>
<trkpt lat="45.371833" lon="-75.860501"><ele>24.0</ele><time>2024-10-14T15:40:09Z</time></trkpt>
<trkpt lat="45.371811" lon="-75.860492"><ele>24.0</ele><time>2024-10-14T15:40:10Z</time></trkpt>
<trkpt lat="45.371811" lon="-75.860492"><ele>24.0</ele><time>2024-10-14T15:40:11Z</time></trkpt>
<trkpt lat="45.371792" lon="-75.860483"><ele>23.0</ele><time>2024-10-14T15:40:11Z</time></trkpt>
<trkpt lat="45.371773" lon="-75.860492"><ele>23.0</ele><time>2024-10-14T15:40:12Z</time></trkpt>
<trkpt lat="45.371754" lon="-75.860492"><ele>22.0</ele><time>2024-10-14T15:40:13Z</time></trkpt>
<trkpt lat="45.371726" lon="-75.860483"><ele>24.0</ele><time>2024-10-14T15:40:14Z</time></trkpt>
<trkpt lat="45.371703" lon="-75.860474"><ele>23.0</ele><time>2024-10-14T15:40:15Z</time></trkpt>
<trkpt lat="45.371678" lon="-75.860465"><ele>23.0</ele><time>2024-10-14T15:40:16Z</time></trkpt>
<trkpt lat="45.371653" lon="-75.860456"><ele>23.0</ele><time>2024-10-14T15:40:17Z</time></trkpt>
<trkpt lat="45.371631" lon="-75.860447"><ele>23.0</ele><time>2024-10-14T15:40:18Z</time></trkpt>
<trkpt lat="45.371612" lon="-75.860438"><ele>23.0</ele><time>2024-10-14T15:40:19Z</time></trkpt>
<trkpt lat="45.371586" lon="-75.860429"><ele>23.0</ele><time>2024-10-14T15:40:20Z</time></trkpt>
<trkpt lat="45.371564" lon="-75.86042"><ele>23.0</ele><time>2024-10-14T15:40:21Z</time></trkpt>
<trkpt lat="45.371542" lon="-75.860402"><ele>23.0</ele><time>2024-10-14T15:40:22Z</time></trkpt>
<trkpt lat="45.37152" lon="-75.860393"><ele>23.0</ele><time>2024-10-14T15:40:23Z</time></trkpt>
<trkpt lat="45.371498" lon="-75.860384"><ele>24.0</ele><time>2024-10-14T15:40:24Z</time></trkpt>
<trkpt lat="45.371475" lon="-75.860375"><ele>23.0</ele><time>2024-10-14T15:40:25Z</time></trkpt>
<trkpt lat="45.371453" lon="-75.860366"><ele>23.0</ele><time>2024-10-14T15:40:26Z</time></trkpt>
<trkpt lat="45.371431" lon="-75.860357"><ele>23.0</ele><time>2024-10-14T15:40:27Z</time></trkpt>
<trkpt lat="45.371412" lon="-75.860348"><ele>24.0</ele><time>2024-10-14T15:40:28Z</time></trkpt>
<trkpt lat="45.37139" lon="-75.860339"><ele>24.0</ele><time>2024-10-14T15:40:29Z</time></trkpt>
<trkpt lat="45.371371" lon="-75.86033"><ele>24.0</ele><time>2024-10-14T15:40:30Z</time></trkpt>
<trkpt lat="45.371349" lon="-75.860321"><ele>23.0</ele><time>2024-10-14T15:40:31Z</time></trkpt>
<trkpt lat="45.371327" lon="-75.860312"><ele>23.0</ele><time>2024-10-14T15:40:32Z</time></trkpt>
<trkpt lat="45.371308" lon="-75.860312"><ele>23.0</ele><time>2024-10-14T15:40:33Z</time></trkpt>
<trkpt lat="45.371289" lon="-75.860303"><ele>23.0</ele><time>2024-10-14T15:40:34Z</time></trkpt>
<trkpt lat="45.371267" lon="-75.860303"><ele>23.0</ele><time>2024-10-14T15:40:35Z</time></trkpt>
<trkpt lat="45.371248" lon="-75.860294"><ele>23.0</ele><time>2024-10-14T15:40:36Z</time></trkpt>
<trkpt lat="45.371229" lon="-75.860294"><ele>23.0</ele><time>2024-10-14T15:40:37Z</time></trkpt>
<trkpt lat="45.37121" lon="-75.860285"><ele>23.0</ele><time>2024-10-14T15:40:38Z</time></trkpt>
<trkpt lat="45.371187" lon="-75.860276"><ele>24.0</ele><time>2024-10-14T15:40:39Z</time></trkpt>
<trkpt lat="45.371168" lon="-75.860267"><ele>23.0</ele><time>2024-10-14T15:40:40Z</time></trkpt>
<trkpt lat="45.371146" lon="-75.860249"><ele>24.0</ele><time>2024-10-14T15:40:41Z</time></trkpt>
<trkpt lat="45.371127" lon="-75.86024"><ele>24.0</ele><time>2024-10-14T15:40:42Z</time></trkpt>
<trkpt lat="45.371105" lon="-75.860231"><ele>24.0</ele><time>2024-10-14T15:40:43Z</time></trkpt>
<trkpt lat="45.371083" lon="-75.860222"><ele>24.0</ele><time>2024-10-14T15:40:44Z</time></trkpt>
<trkpt lat="45.371061" lon="-75.860213"><ele>24.0</ele><time>2024-10-14T15:40:45Z</time></trkpt>
<trkpt lat="45.371039" lon="-75.860195"><ele>24.0</ele><time>2024-10-14T15:40:46Z</time></trkpt>
<trkpt lat="45.37102" lon="-75.860186"><ele>24.0</ele><time>2024-10-14T15:40:47Z</time></trkpt>
<trkpt lat="45.370997" lon="-75.860177"><ele>24.0</ele><time>2024-10-14T15:40:48Z</time></trkpt>
<trkpt lat="45.370975" lon="-75.860168"><ele>24.0</ele><time>2024-10-14T15:40:49Z</time></trkpt>
<trkpt lat="45.370953" lon="-75.860159"><ele>24.0</ele><time>2024-10-14T15:40:50Z</time></trkpt>
<trkpt lat="45.370931" lon="-75.860141"><ele>24.0</ele><time>2024-10-14T15:40:51Z</time></trkpt>
<trkpt lat="45.370909" lon="-75.860123"><ele>24.0</ele><time>2024-10-14T15:40:52Z</time></trkpt>
<trkpt lat="45.370887" lon="-75.860114"><ele>24.0</ele><time>2024-10-14T15:40:53Z</time></trkpt>
<trkpt lat="45.370864" lon="-75.860105"><ele>24.0</ele><time>2024-10-14T15:40:54Z</time></trkpt>
<trkpt lat="45.370842" lon="-75.860087"><ele>24.0</ele><time>2024-10-14T15:40:55Z</time></trkpt>
<trkpt lat="45.37082" lon="-75.860078"><ele>24.0</ele><time>2024-10-14T15:40:56Z</time></trkpt>
<trkpt lat="45.370798" lon="-75.86006"><ele>24.0</ele><time>2024-10-14T15:40:57Z</time></trkpt>
<trkpt lat="45.370776" lon="-75.860052"><ele>24.0</ele><time>2024-10-14T15:40:58Z</time></trkpt>
<trkpt lat="45.370754" lon="-75.860034"><ele>24.0</ele><time>2024-10-14T15:40:59Z</time></trkpt>
<trkpt lat="45.370732" lon="-75.860007"><ele>24.0</ele><time>2024-10-14T15:41:00Z</time></trkpt>
<trkpt lat="45.370709" lon="-75.859989"><ele>24.0</ele><time>2024-10-14T15:41:01Z</time></trkpt>
<trkpt lat="45.370687" lon="-75.859971"><ele>24.0</ele><time>2024-10-14T15:41:02Z</time></trkpt>
<trkpt lat="45.370665" lon="-75.859953"><ele>24.0</ele><time>2024-10-14T15:41:03Z</time></trkpt>
<trkpt lat="45.370643" lon="-75.859944"><ele>24.0</ele><time>2024-10-14T15:41:04Z</time></trkpt>
<trkpt lat="45.370618" lon="-75.859926"><ele>24.0</ele><time>2024-10-14T15:41:05Z</time></trkpt>
<trkpt lat="45.370595" lon="-75.859908"><ele>24.0</ele><time>2024-10-14T15:41:06Z</time></trkpt>
<trkpt lat="45.370573" lon="-75.85989"><ele>24.0</ele><time>2024-10-14T15:41:07Z</time></trkpt>
<trkpt lat="45.370548" lon="-75.859872"><ele>24.0</ele><time>2024-10-14T15:41:08Z</time></trkpt>
<trkpt lat="45.370523" lon="-75.859854"><ele>24.0</ele><time>2024-10-14T15:41:09Z</time></trkpt>
<trkpt lat="45.370497" lon="-75.859836"><ele>24.0</ele><time>2024-10-14T15:41:10Z</time></trkpt>
<trkpt lat="45.370472" lon="-75.859818"><ele>24.0</ele><time>2024-10-14T15:41:11Z</time></trkpt>
<trkpt lat="45.370447" lon="-75.859809"><ele>24.0</ele><time>2024-10-14T15:41:12Z</time></trkpt>
<trkpt lat="45.370424" lon="-75.859791"><ele>24.0</ele><time>2024-10-14T15:41:13Z</time></trkpt>
<trkpt lat="45.370399" lon="-75.859773"><ele>24.0</ele><time>2024-10-14T15:41:14Z</time></trkpt>
<trkpt lat="45.370374" lon="-75.859764"><ele>24.0</ele><time>2024-10-14T15:41:15Z</time></trkpt>
<trkpt lat="45.370345" lon="-75.859746"><ele>24.0</ele><time>2024-10-14T15:41:16Z</time></trkpt>
<trkpt lat="45.370317" lon="-75.859728"><ele>24.0</ele><time>2024-10-14T15:41:17Z</time></trkpt>
<trkpt lat="45.370291" lon="-75.859719"><ele>24.0</ele><time>2024-10-14T15:41:18Z</time></trkpt>
<trkpt lat="45.370263" lon="-75.859701"><ele>25.0</ele><time>2024-10-14T15:41:19Z</time></trkpt>
<trkpt lat="45.370238" lon="-75.859683"><ele>25.0</ele><time>2024-10-14T15:41:20Z</time></trkpt>
<trkpt lat="45.370212" lon="-75.859665"><ele>25.0</ele><time>2024-10-14T15:41:21Z</time></trkpt>
<trkpt lat="45.370187" lon="-75.859647"><ele>25.0</ele><time>2024-10-14T15:41:22Z</time></trkpt>
<trkpt lat="45.370162" lon="-75.859638"><ele>25.0</ele><time>2024-10-14T15:41:23Z</time></trkpt>
<trkpt lat="45.370136" lon="-75.85962"><ele>25.0</ele><time>2024-10-14T15:41:24Z</time></trkpt>
<trkpt lat="45.370111" lon="-75.859611"><ele>24.0</ele><time>2024-10-14T15:41:25Z</time></trkpt>
<trkpt lat="45.370089" lon="-75.859593"><ele>24.0</ele><time>2024-10-14T15:41:26Z</time></trkpt>
<trkpt lat="45.370064" lon="-75.859584"><ele>24.0</ele><time>2024-10-14T15:41:27Z</time></trkpt>
<trkpt lat="45.370041" lon="-75.859575"><ele>24.0</ele><time>2024-10-14T15:41:28Z</time></trkpt>
<trkpt lat="45.370019" lon="-75.859566"><ele>24.0</ele><time>2024-10-14T15:41:29Z</time></trkpt>
<trkpt lat="45.369997" lon="-75.859557"><ele>24.0</ele><time>2024-10-14T15:41:30Z</time></trkpt>
<trkpt lat="45.369975" lon="-75.859548"><ele>24.0</ele><time>2024-10-14T15:41:31Z</time></trkpt>
<trkpt lat="45.369953" lon="-75.859539"><ele>24.0</ele><time>2024-10-14T15:41:32Z</time></trkpt>
<trkpt lat="45.369931" lon="-75.85953"><ele>24.0</ele><time>2024-10-14T15:41:33Z</time></trkpt>
<trkpt lat="45.369908" lon="-75.859513"><ele>24.0</ele><time>2024-10-14T15:41:34Z</time></trkpt>
<trkpt lat="45.369886" lon="-75.859495"><ele>24.0</ele><time>2024-10-14T15:41:35Z</time></trkpt>
<trkpt lat="45.369864" lon="-75.859486"><ele>24.0</ele><time>2024-10-14T15:41:36Z</time></trkpt>
<trkpt lat="45.369842" lon="-75.859477"><ele>24.0</ele><time>2024-10-14T15:41:37Z</time></trkpt>
<trkpt lat="45.36982" lon="-75.859468"><ele>24.0</ele><time>2024-10-14T15:41:38Z</time></trkpt>
<trkpt lat="45.369801" lon="-75.85945"><ele>24.0</ele><time>2024-10-14T15:41:39Z</time></trkpt>
<trkpt lat="45.369779" lon="-75.859441"><ele>24.0</ele><time>2024-10-14T15:41:40Z</time></trkpt>
<trkpt lat="45.369756" lon="-75.859432"><ele>24.0</ele><time>2024-10-14T15:41:41Z</time></trkpt>
<trkpt lat="45.369734" lon="-75.859414"><ele>24.0</ele><time>2024-10-14T15:41:42Z</time></trkpt>
<trkpt lat="45.369712" lon="-75.859405"><ele>24.0</ele><time>2024-10-14T15:41:43Z</time></trkpt>
<trkpt lat="45.369693" lon="-75.859396"><ele>24.0</ele><time>2024-10-14T15:41:44Z</time></trkpt>
<trkpt lat="45.369674" lon="-75.859387"><ele>24.0</ele><time>2024-10-14T15:41:45Z</time></trkpt>
<trkpt lat="45.369655" lon="-75.859378"><ele>24.0</ele><time>2024-10-14T15:41:46Z</time></trkpt>
<trkpt lat="45.369633" lon="-75.859369"><ele>24.0</ele><time>2024-10-14T15:41:47Z</time></trkpt>
<trkpt lat="45.369614" lon="-75.859351"><ele>24.0</ele><time>2024-10-14T15:41:48Z</time></trkpt>
<trkpt lat="45.369595" lon="-75.859342"><ele>24.0</ele><time>2024-10-14T15:41:49Z</time></trkpt>
<trkpt lat="45.369576" lon="-75.859333"><ele>24.0</ele><time>2024-10-14T15:41:50Z</time></trkpt>
<trkpt lat="45.36956" lon="-75.859324"><ele>24.0</ele><time>2024-10-14T15:41:51Z</time></trkpt>
<trkpt lat="45.369541" lon="-75.859306"><ele>24.0</ele><time>2024-10-14T15:41:52Z</time></trkpt>
<trkpt lat="45.369522" lon="-75.859297"><ele>24.0</ele><time>2024-10-14T15:41:53Z</time></trkpt>
<trkpt lat="45.369506" lon="-75.859288"><ele>24.0</ele><time>2024-10-14T15:41:54Z</time></trkpt>
<trkpt lat="45.369487" lon="-75.859279"><ele>24.0</ele><time>2024-10-14T15:41:55Z</time></trkpt>
<trkpt lat="45.369468" lon="-75.85927"><ele>24.0</ele><time>2024-10-14T15:41:56Z</time></trkpt>
<trkpt lat="45.369449" lon="-75.85927"><ele>25.0</ele><time>2024-10-14T15:41:57Z</time></trkpt>
<trkpt lat="45.369434" lon="-75.85927"><ele>25.0</ele><time>2024-10-14T15:41:58Z</time></trkpt>
<trkpt lat="45.369418" lon="-75.85927"><ele>25.0</ele><time>2024-10-14T15:41:59Z</time></trkpt>
<trkpt lat="45.369399" lon="-75.85927"><ele>25.0</ele><time>2024-10-14T15:42:00Z</time></trkpt>
<trkpt lat="45.36938" lon="-75.85927"><ele>24.0</ele><time>2024-10-14T15:42:01Z</time></trkpt>
<trkpt lat="45.369367" lon="-75.859279"><ele>24.0</ele><time>2024-10-14T15:42:02Z</time></trkpt>
<trkpt lat="45.369351" lon="-75.859279"><ele>24.0</ele><time>2024-10-14T15:42:03Z</time></trkpt>
<trkpt lat="45.369335" lon="-75.859288"><ele>24.0</ele><time>2024-10-14T15:42:04Z</time></trkpt>
<trkpt lat="45.369323" lon="-75.859297"><ele>24.0</ele><time>2024-10-14T15:42:05Z</time></trkpt>
<trkpt lat="45.369307" lon="-75.859306"><ele>24.0</ele><time>2024-10-14T15:42:06Z</time></trkpt>
<trkpt lat="45.369294" lon="-75.859315"><ele>24.0</ele><time>2024-10-14T15:42:07Z</time></trkpt>
<trkpt lat="45.369278" lon="-75.859333"><ele>24.0</ele><time>2024-10-14T15:42:08Z</time></trkpt>
<trkpt lat="45.369266" lon="-75.859342"><ele>24.0</ele><time>2024-10-14T15:42:09Z</time></trkpt>
<trkpt lat="45.369253" lon="-75.859351"><ele>24.0</ele><time>2024-10-14T15:42:10Z</time></trkpt>
<trkpt lat="45.369237" lon="-75.85936"><ele>24.0</ele><time>2024-10-14T15:42:11Z</time></trkpt>
<trkpt lat="45.369221" lon="-75.859369"><ele>24.0</ele><time>2024-10-14T15:42:12Z</time></trkpt>
<trkpt lat="45.369206" lon="-75.859378"><ele>24.0</ele><time>2024-10-14T15:42:13Z</time></trkpt>
<trkpt lat="45.36919" lon="-75.859387"><ele>24.0</ele><time>2024-10-14T15:42:14Z</time></trkpt>
<trkpt lat="45.369174" lon="-75.859396"><ele>24.0</ele><time>2024-10-14T15:42:15Z</time></trkpt>
<trkpt lat="45.369158" lon="-75.859405"><ele>24.0</ele><time>2024-10-14T15:42:16Z</time></trkpt>
<trkpt lat="45.369142" lon="-75.859423"><ele>24.0</ele><time>2024-10-14T15:42:17Z</time></trkpt>
<trkpt lat="45.369126" lon="-75.859432"><ele>24.0</ele><time>2024-10-14T15:42:18Z</time></trkpt>
<trkpt lat="45.369107" lon="-75.859441"><ele>24.0</ele><time>2024-10-14T15:42:19Z</time></trkpt>
<trkpt lat="45.369092" lon="-75.85945"><ele>24.0</ele><time>2024-10-14T15:42:20Z</time></trkpt>
<trkpt lat="45.369076" lon="-75.859459"><ele>24.0</ele><time>2024-10-14T15:42:21Z</time></trkpt>
<trkpt lat="45.36906" lon="-75.859468"><ele>24.0</ele><time>2024-10-14T15:42:22Z</time></trkpt>
<trkpt lat="45.369044" lon="-75.859477"><ele>24.0</ele><time>2024-10-14T15:42:23Z</time></trkpt>
<trkpt lat="45.369028" lon="-75.859486"><ele>24.0</ele><time>2024-10-14T15:42:24Z</time></trkpt>
<trkpt lat="45.369012" lon="-75.859486"><ele>24.0</ele><time>2024-10-14T15:42:25Z</time></trkpt>
<trkpt lat="45.368997" lon="-75.859495"><ele>24.0</ele><time>2024-10-14T15:42:26Z</time></trkpt>
<trkpt lat="45.368981" lon="-75.859504"><ele>24.0</ele><time>2024-10-14T15:42:27Z</time></trkpt>
<trkpt lat="45.368965" lon="-75.859504"><ele>24.0</ele><time>2024-10-14T15:42:28Z</time></trkpt>
<trkpt lat="45.368946" lon="-75.859513"><ele>24.0</ele><time>2024-10-14T15:42:29Z</time></trkpt>
<trkpt lat="45.36893" lon="-75.859522"><ele>24.0</ele><time>2024-10-14T15:42:30Z</time></trkpt>
<trkpt lat="45.368914" lon="-75.85953"><ele>24.0</ele><time>2024-10-14T15:42:31Z</time></trkpt>
<trkpt lat="45.368898" lon="-75.85953"><ele>24.0</ele><time>2024-10-14T15:42:32Z</time></trkpt>
<trkpt lat="45.368883" lon="-75.859539"><ele>24.0</ele><time>2024-10-14T15:42:33Z</time></trkpt>
<trkpt lat="45.368867" lon="-75.859548"><ele>24.0</ele><time>2024-10-14T15:42:34Z</time></trkpt>
<trkpt lat="45.368851" lon="-75.859557"><ele>24.0</ele><time>2024-10-14T15:42:35Z</time></trkpt>
<trkpt lat="45.368835" lon="-75.859557"><ele>24.0</ele><time>2024-10-14T15:42:36Z</time></trkpt>
<trkpt lat="45.368819" lon="-75.859566"><ele>24.0</ele><time>2024-10-14T15:42:37Z</time></trkpt>
<trkpt lat="45.3688" lon="-75.859575"><ele>24.0</ele><time>2024-10-14T15:42:38Z</time></trkpt>
<trkpt lat="45.368784" lon="-75.859575"><ele>24.0</ele><time>2024-10-14T15:42:39Z</time></trkpt>
<trkpt lat="45.368769" lon="-75.859584"><ele>24.0</ele><time>2024-10-14T15:42:40Z</time></trkpt>
<trkpt lat="45.368753" lon="-75.859593"><ele>24.0</ele><time>2024-10-14T15:42:41Z</time></trkpt>
<trkpt lat="45.368737" lon="-75.859602"><ele>23.0</ele><time>2024-10-14T15:42:42Z</time></trkpt>
<trkpt lat="45.368721" lon="-75.859602"><ele>23.0</ele><time>2024-10-14T15:42:43Z</time></trkpt>
<trkpt lat="45.368705" lon="-75.859611"><ele>23.0</ele><time>2024-10-14T15:42:44Z</time></trkpt>
<trkpt lat="45.368693" lon="-75.85962"><ele>23.0</ele><time>2024-10-14T15:42:45Z</time></trkpt>
<trkpt lat="45.368674" lon="-75.85962"><ele>23.0</ele><time>2024-10-14T15:42:46Z</time></trkpt>
<trkpt lat="45.368658" lon="-75.859629"><ele>23.0</ele><time>2024-10-14T15:42:47Z</time></trkpt>
<trkpt lat="45.368642" lon="-75.859638"><ele>24.0</ele><time>2024-10-14T15:42:48Z</time></trkpt>
<trkpt lat="45.368626" lon="-75.859638"><ele>24.0</ele><time>2024-10-14T15:42:49Z</time></trkpt>
<trkpt lat="45.36861" lon="-75.859647"><ele>24.0</ele><time>2024-10-14T15:42:50Z</time></trkpt>
<trkpt lat="45.368595" lon="-75.859647"><ele>24.0</ele><time>2024-10-14T15:42:51Z</time></trkpt>
<trkpt lat="45.368579" lon="-75.859647"><ele>24.0</ele><time>2024-10-14T15:42:52Z</time></trkpt>
<trkpt lat="45.368563" lon="-75.859656"><ele>24.0</ele><time>2024-10-14T15:42:53Z</time></trkpt>
<trkpt lat="45.368547" lon="-75.859656"><ele>24.0</ele><time>2024-10-14T15:42:54Z</time></trkpt>
<trkpt lat="45.368528" lon="-75.859656"><ele>24.0</ele><time>2024-10-14T15:42:55Z</time></trkpt>
<trkpt lat="45.368512" lon="-75.859665"><ele>24.0</ele><time>2024-10-14T15:42:56Z</time></trkpt>
<trkpt lat="45.3685" lon="-75.859665"><ele>24.0</ele><time>2024-10-14T15:42:57Z</time></trkpt>
<trkpt lat="45.368481" lon="-75.859665"><ele>24.0</ele><time>2024-10-14T15:42:58Z</time></trkpt>
<trkpt lat="45.368465" lon="-75.859674"><ele>24.0</ele><time>2024-10-14T15:42:59Z</time></trkpt>
<trkpt lat="45.368452" lon="-75.859674"><ele>24.0</ele><time>2024-10-14T15:43:00Z</time></trkpt>
<trkpt lat="45.368436" lon="-75.859674"><ele>24.0</ele><time>2024-10-14T15:43:01Z</time></trkpt>
<trkpt lat="45.36842" lon="-75.859683"><ele>24.0</ele><time>2024-10-14T15:43:02Z</time></trkpt>
<trkpt lat="45.368405" lon="-75.859683"><ele>24.0</ele><time>2024-10-14T15:43:03Z</time></trkpt>
<trkpt lat="45.368392" lon="-75.859692"><ele>24.0</ele><time>2024-10-14T15:43:04Z</time></trkpt>
<trkpt lat="45.368376" lon="-75.859692"><ele>24.0</ele><time>2024-10-14T15:43:05Z</time></trkpt>
<trkpt lat="45.36836" lon="-75.859701"><ele>24.0</ele><time>2024-10-14T15:43:06Z</time></trkpt>
<trkpt lat="45.368348" lon="-75.859701"><ele>24.0</ele><time>2024-10-14T15:43:07Z</time></trkpt>
<trkpt lat="45.368332" lon="-75.85971"><ele>24.0</ele><time>2024-10-14T15:43:08Z</time></trkpt>
<trkpt lat="45.368316" lon="-75.85971"><ele>24.0</ele><time>2024-10-14T15:43:09Z</time></trkpt>
<trkpt lat="45.368297" lon="-75.85971"><ele>24.0</ele><time>2024-10-14T15:43:10Z</time></trkpt>
<trkpt lat="45.368284" lon="-75.85971"><ele>24.0</ele><time>2024-10-14T15:43:11Z</time></trkpt>
<trkpt lat="45.368268" lon="-75.85971"><ele>24.0</ele><time>2024-10-14T15:43:12Z</time></trkpt>
<trkpt lat="45.368249" lon="-75.85971"><ele>24.0</ele><time>2024-10-14T15:43:13Z</time></trkpt>
<trkpt lat="45.368234" lon="-75.859719"><ele>24.0</ele><time>2024-10-14T15:43:14Z</time></trkpt>
<trkpt lat="45.368218" lon="-75.859719"><ele>25.0</ele><time>2024-10-14T15:43:15Z</time></trkpt>
<trkpt lat="45.368202" lon="-75.859719"><ele>25.0</ele><time>2024-10-14T15:43:16Z</time></trkpt>
<trkpt lat="45.368186" lon="-75.859719"><ele>25.0</ele><time>2024-10-14T15:43:17Z</time></trkpt>
<trkpt lat="45.36817" lon="-75.859728"><ele>24.0</ele><time>2024-10-14T15:43:18Z</time></trkpt>
<trkpt lat="45.368154" lon="-75.859737"><ele>25.0</ele><time>2024-10-14T15:43:19Z</time></trkpt>
<trkpt lat="45.368139" lon="-75.859737"><ele>24.0</ele><time>2024-10-14T15:43:20Z</time></trkpt>
<trkpt lat="45.368123" lon="-75.859746"><ele>24.0</ele><time>2024-10-14T15:43:21Z</time></trkpt>
<trkpt lat="45.368107" lon="-75.859746"><ele>24.0</ele><time>2024-10-14T15:43:22Z</time></trkpt>
<trkpt lat="45.368091" lon="-75.859755"><ele>24.0</ele><time>2024-10-14T15:43:23Z</time></trkpt>
<trkpt lat="45.368075" lon="-75.859764"><ele>24.0</ele><time>2024-10-14T15:43:24Z</time></trkpt>
<trkpt lat="45.368056" lon="-75.859764"><ele>24.0</ele><time>2024-10-14T15:43:25Z</time></trkpt>
<trkpt lat="45.36804" lon="-75.859764"><ele>25.0</ele><time>2024-10-14T15:43:26Z</time></trkpt>
<trkpt lat="45.368025" lon="-75.859773"><ele>24.0</ele><time>2024-10-14T15:43:27Z</time></trkpt>
<trkpt lat="45.368009" lon="-75.859773"><ele>25.0</ele><time>2024-10-14T15:43:28Z</time></trkpt>
<trkpt lat="45.367993" lon="-75.859773"><ele>25.0</ele><time>2024-10-14T15:43:29Z</time></trkpt>
<trkpt lat="45.367977" lon="-75.859782"><ele>25.0</ele><time>2024-10-14T15:43:30Z</time></trkpt>
<trkpt lat="45.367961" lon="-75.859782"><ele>25.0</ele><time>2024-10-14T15:43:31Z</time></trkpt>
<trkpt lat="45.367946" lon="-75.859782"><ele>25.0</ele><time>2024-10-14T15:43:32Z</time></trkpt>
<trkpt lat="45.36793" lon="-75.859791"><ele>25.0</ele><time>2024-10-14T15:43:33Z</time></trkpt>
<trkpt lat="45.367911" lon="-75.859791"><ele>25.0</ele><time>2024-10-14T15:43:34Z</time></trkpt>
<trkpt lat="45.367898" lon="-75.859791"><ele>25.0</ele><time>2024-10-14T15:43:35Z</time></trkpt>
<trkpt lat="45.367882" lon="-75.859791"><ele>25.0</ele><time>2024-10-14T15:43:36Z</time></trkpt>
<trkpt lat="45.367866" lon="-75.859791"><ele>25.0</ele><time>2024-10-14T15:43:37Z</time></trkpt>
<trkpt lat="45.367851" lon="-75.8598"><ele>25.0</ele><time>2024-10-14T15:43:38Z</time></trkpt>
<trkpt lat="45.367835" lon="-75.8598"><ele>25.0</ele><time>2024-10-14T15:43:39Z</time></trkpt>
<trkpt lat="45.367819" lon="-75.8598"><ele>25.0</ele><time>2024-10-14T15:43:40Z</time></trkpt>
<trkpt lat="45.367803" lon="-75.8598"><ele>25.0</ele><time>2024-10-14T15:43:41Z</time></trkpt>
<trkpt lat="45.367787" lon="-75.8598"><ele>25.0</ele><time>2024-10-14T15:43:42Z</time></trkpt>
<trkpt lat="45.367771" lon="-75.8598"><ele>25.0</ele><time>2024-10-14T15:43:43Z</time></trkpt>
<trkpt lat="45.367756" lon="-75.8598"><ele>25.0</ele><time>2024-10-14T15:43:44Z</time></trkpt>
<trkpt lat="45.36774" lon="-75.859809"><ele>25.0</ele><time>2024-10-14T15:43:45Z</time></trkpt>
<trkpt lat="45.367721" lon="-75.859809"><ele>25.0</ele><time>2024-10-14T15:43:46Z</time></trkpt>
<trkpt lat="45.367708" lon="-75.859809"><ele>25.0</ele><time>2024-10-14T15:43:47Z</time></trkpt>
<trkpt lat="45.367686" lon="-75.859809"><ele>25.0</ele><time>2024-10-14T15:43:48Z</time></trkpt>
<trkpt lat="45.36767" lon="-75.859809"><ele>25.0</ele><time>2024-10-14T15:43:49Z</time></trkpt>
<trkpt lat="45.367654" lon="-75.859809"><ele>25.0</ele><time>2024-10-14T15:43:50Z</time></trkpt>
<trkpt lat="45.367638" lon="-75.859818"><ele>25.0</ele><time>2024-10-14T15:43:51Z</time></trkpt>
<trkpt lat="45.367626" lon="-75.859818"><ele>25.0</ele><time>2024-10-14T15:43:52Z</time></trkpt>
<trkpt lat="45.367607" lon="-75.859827"><ele>25.0</ele><time>2024-10-14T15:43:53Z</time></trkpt>
<trkpt lat="45.367591" lon="-75.859827"><ele>25.0</ele><time>2024-10-14T15:43:54Z</time></trkpt>
<trkpt lat="45.367572" lon="-75.859836"><ele>25.0</ele><time>2024-10-14T15:43:55Z</time></trkpt>
<trkpt lat="45.367556" lon="-75.859836"><ele>25.0</ele><time>2024-10-14T15:43:56Z</time></trkpt>
<trkpt lat="45.36754" lon="-75.859845"><ele>25.0</ele><time>2024-10-14T15:43:57Z</time></trkpt>
<trkpt lat="45.367521" lon="-75.859845"><ele>25.0</ele><time>2024-10-14T15:43:58Z</time></trkpt>
<trkpt lat="45.367505" lon="-75.859845"><ele>25.0</ele><time>2024-10-14T15:43:59Z</time></trkpt>
<trkpt lat="45.36749" lon="-75.859845"><ele>25.0</ele><time>2024-10-14T15:44:00Z</time></trkpt>
<trkpt lat="45.367474" lon="-75.859845"><ele>25.0</ele><time>2024-10-14T15:44:01Z</time></trkpt>
<trkpt lat="45.367458" lon="-75.859845"><ele>25.0</ele><time>2024-10-14T15:44:02Z</time></trkpt>
<trkpt lat="45.367442" lon="-75.859836"><ele>25.0</ele><time>2024-10-14T15:44:03Z</time></trkpt>
<trkpt lat="45.367426" lon="-75.859836"><ele>25.0</ele><time>2024-10-14T15:44:04Z</time></trkpt>
<trkpt lat="45.36741" lon="-75.859827"><ele>25.0</ele><time>2024-10-14T15:44:05Z</time></trkpt>
<trkpt lat="45.367395" lon="-75.859818"><ele>25.0</ele><time>2024-10-14T15:44:06Z</time></trkpt>
<trkpt lat="45.367379" lon="-75.859809"><ele>25.0</ele><time>2024-10-14T15:44:07Z</time></trkpt>
<trkpt lat="45.367363" lon="-75.8598"><ele>25.0</ele><time>2024-10-14T15:44:08Z</time></trkpt>
<trkpt lat="45.36735" lon="-75.859791"><ele>25.0</ele><time>2024-10-14T15:44:09Z</time></trkpt>
<trkpt lat="45.367334" lon="-75.859782"><ele>25.0</ele><time>2024-10-14T15:44:10Z</time></trkpt>
<trkpt lat="45.367322" lon="-75.859764"><ele>25.0</ele><time>2024-10-14T15:44:11Z</time></trkpt>
<trkpt lat="45.367306" lon="-75.859755"><ele>25.0</ele><time>2024-10-14T15:44:12Z</time></trkpt>
<trkpt lat="45.36729" lon="-75.859737"><ele>25.0</ele><time>2024-10-14T15:44:13Z</time></trkpt>
<trkpt lat="45.367277" lon="-75.859728"><ele>25.0</ele><time>2024-10-14T15:44:14Z</time></trkpt>
<trkpt lat="45.367262" lon="-75.85971"><ele>25.0</ele><time>2024-10-14T15:44:15Z</time></trkpt>
<trkpt lat="45.367246" lon="-75.859701"><ele>25.0</ele><time>2024-10-14T15:44:16Z</time></trkpt>
<trkpt lat="45.36723" lon="-75.859683"><ele>25.0</ele><time>2024-10-14T15:44:17Z</time></trkpt>
<trkpt lat="45.367214" lon="-75.859665"><ele>25.0</ele><time>2024-10-14T15:44:18Z</time></trkpt>
<trkpt lat="45.367198" lon="-75.859656"><ele>25.0</ele><time>2024-10-14T15:44:19Z</time></trkpt>
<trkpt lat="45.367182" lon="-75.859638"><ele>25.0</ele><time>2024-10-14T15:44:20Z</time></trkpt>
<trkpt lat="45.367167" lon="-75.85962"><ele>24.0</ele><time>2024-10-14T15:44:21Z</time></trkpt>
<trkpt lat="45.367148" lon="-75.859602"><ele>24.0</ele><time>2024-10-14T15:44:22Z</time></trkpt>
<trkpt lat="45.367132" lon="-75.859593"><ele>24.0</ele><time>2024-10-14T15:44:23Z</time></trkpt>
<trkpt lat="45.367116" lon="-75.859575"><ele>24.0</ele><time>2024-10-14T15:44:24Z</time></trkpt>
<trkpt lat="45.3671" lon="-75.859566"><ele>24.0</ele><time>2024-10-14T15:44:25Z</time></trkpt>
<trkpt lat="45.367081" lon="-75.859548"><ele>24.0</ele><time>2024-10-14T15:44:26Z</time></trkpt>
<trkpt lat="45.367065" lon="-75.85953"><ele>24.0</ele><time>2024-10-14T15:44:27Z</time></trkpt>
<trkpt lat="45.36705" lon="-75.859522"><ele>24.0</ele><time>2024-10-14T15:44:28Z</time></trkpt>
<trkpt lat="45.367034" lon="-75.859504"><ele>24.0</ele><time>2024-10-14T15:44:29Z</time></trkpt>
<trkpt lat="45.367018" lon="-75.859486"><ele>24.0</ele><time>2024-10-14T15:44:30Z</time></trkpt>
<trkpt lat="45.367002" lon="-75.859468"><ele>24.0</ele><time>2024-10-14T15:44:31Z</time></trkpt>
<trkpt lat="45.366986" lon="-75.85945"><ele>24.0</ele><time>2024-10-14T15:44:32Z</time></trkpt>
<trkpt lat="45.36697" lon="-75.859441"><ele>24.0</ele><time>2024-10-14T15:44:33Z</time></trkpt>
<trkpt lat="45.366955" lon="-75.859423"><ele>24.0</ele><time>2024-10-14T15:44:34Z</time></trkpt>
<trkpt lat="45.366942" lon="-75.859405"><ele>24.0</ele><time>2024-10-14T15:44:35Z</time></trkpt>
<trkpt lat="45.366923" lon="-75.859387"><ele>24.0</ele><time>2024-10-14T15:44:36Z</time></trkpt>
<trkpt lat="45.366907" lon="-75.859369"><ele>24.0</ele><time>2024-10-14T15:44:37Z</time></trkpt>
<trkpt lat="45.366891" lon="-75.85936"><ele>24.0</ele><time>2024-10-14T15:44:38Z</time></trkpt>
<trkpt lat="45.366875" lon="-75.859342"><ele>24.0</ele><time>2024-10-14T15:44:39Z</time></trkpt>
<trkpt lat="45.366853" lon="-75.859324"><ele>25.0</ele><time>2024-10-14T15:44:40Z</time></trkpt>
<trkpt lat="45.366834" lon="-75.859297"><ele>24.0</ele><time>2024-10-14T15:44:41Z</time></trkpt>
<trkpt lat="45.366809" lon="-75.85927"><ele>23.0</ele><time>2024-10-14T15:44:42Z</time></trkpt>
<trkpt lat="45.366793" lon="-75.859252"><ele>23.0</ele><time>2024-10-14T15:44:43Z</time></trkpt>
<trkpt lat="45.366784" lon="-75.859243"><ele>24.0</ele><time>2024-10-14T15:44:44Z</time></trkpt>
<trkpt lat="45.366777" lon="-75.859225"><ele>24.0</ele><time>2024-10-14T15:44:45Z</time></trkpt>
<trkpt lat="45.366761" lon="-75.859207"><ele>24.0</ele><time>2024-10-14T15:44:46Z</time></trkpt>
<trkpt lat="45.366746" lon="-75.859189"><ele>24.0</ele><time>2024-10-14T15:44:47Z</time></trkpt>
<trkpt lat="45.366733" lon="-75.859171"><ele>23.0</ele><time>2024-10-14T15:44:48Z</time></trkpt>
<trkpt lat="45.366717" lon="-75.859153"><ele>23.0</ele><time>2024-10-14T15:44:49Z</time></trkpt>
<trkpt lat="45.366704" lon="-75.859135"><ele>24.0</ele><time>2024-10-14T15:44:50Z</time></trkpt>
<trkpt lat="45.366689" lon="-75.859117"><ele>24.0</ele><time>2024-10-14T15:44:51Z</time></trkpt>
<trkpt lat="45.366673" lon="-75.859099"><ele>24.0</ele><time>2024-10-14T15:44:52Z</time></trkpt>
<trkpt lat="45.366663" lon="-75.859072"><ele>24.0</ele><time>2024-10-14T15:44:53Z</time></trkpt>
<trkpt lat="45.366647" lon="-75.859054"><ele>24.0</ele><time>2024-10-14T15:44:54Z</time></trkpt>
<trkpt lat="45.366635" lon="-75.859036"><ele>24.0</ele><time>2024-10-14T15:44:55Z</time></trkpt>
<trkpt lat="45.366622" lon="-75.859009"><ele>24.0</ele><time>2024-10-14T15:44:56Z</time></trkpt>
<trkpt lat="45.366609" lon="-75.858992"><ele>24.0</ele><time>2024-10-14T15:44:57Z</time></trkpt>
<trkpt lat="45.366594" lon="-75.858974"><ele>24.0</ele><time>2024-10-14T15:44:58Z</time></trkpt>
<trkpt lat="45.366581" lon="-75.858956"><ele>23.0</ele><time>2024-10-14T15:44:59Z</time></trkpt>
<trkpt lat="45.366565" lon="-75.858929"><ele>23.0</ele><time>2024-10-14T15:45:00Z</time></trkpt>
<trkpt lat="45.366552" lon="-75.858911"><ele>23.0</ele><time>2024-10-14T15:45:01Z</time></trkpt>
<trkpt lat="45.366543" lon="-75.858893"><ele>23.0</ele><time>2024-10-14T15:45:02Z</time></trkpt>
<trkpt lat="45.36653" lon="-75.858866"><ele>23.0</ele><time>2024-10-14T15:45:03Z</time></trkpt>
<trkpt lat="45.366518" lon="-75.858839"><ele>23.0</ele><time>2024-10-14T15:45:04Z</time></trkpt>
<trkpt lat="45.366508" lon="-75.858821"><ele>23.0</ele><time>2024-10-14T15:45:05Z</time></trkpt>
<trkpt lat="45.366499" lon="-75.858794"><ele>23.0</ele><time>2024-10-14T15:45:06Z</time></trkpt>
<trkpt lat="45.366489" lon="-75.858767"><ele>23.0</ele><time>2024-10-14T15:45:07Z</time></trkpt>
<trkpt lat="45.366483" lon="-75.85874"><ele>23.0</ele><time>2024-10-14T15:45:08Z</time></trkpt>
<trkpt lat="45.366473" lon="-75.858713"><ele>23.0</ele><time>2024-10-14T15:45:09Z</time></trkpt>
<trkpt lat="45.366464" lon="-75.858677"><ele>23.0</ele><time>2024-10-14T15:45:10Z</time></trkpt>
<trkpt lat="45.366457" lon="-75.85865"><ele>22.0</ele><time>2024-10-14T15:45:11Z</time></trkpt>
<trkpt lat="45.366451" lon="-75.858623"><ele>23.0</ele><time>2024-10-14T15:45:12Z</time></trkpt>
<trkpt lat="45.366442" lon="-75.858596"><ele>23.0</ele><time>2024-10-14T15:45:13Z</time></trkpt>
<trkpt lat="45.366432" lon="-75.85856"><ele>23.0</ele><time>2024-10-14T15:45:14Z</time></trkpt>
<trkpt lat="45.366423" lon="-75.858533"><ele>23.0</ele><time>2024-10-14T15:45:15Z</time></trkpt>
<trkpt lat="45.36641" lon="-75.858506"><ele>23.0</ele><time>2024-10-14T15:45:16Z</time></trkpt>
<trkpt lat="45.366397" lon="-75.85848"><ele>22.0</ele><time>2024-10-14T15:45:17Z</time></trkpt>
<trkpt lat="45.366381" lon="-75.858453"><ele>22.0</ele><time>2024-10-14T15:45:18Z</time></trkpt>
<trkpt lat="45.366366" lon="-75.858435"><ele>22.0</ele><time>2024-10-14T15:45:19Z</time></trkpt>
<trkpt lat="45.36635" lon="-75.858417"><ele>23.0</ele><time>2024-10-14T15:45:20Z</time></trkpt>
<trkpt lat="45.366337" lon="-75.85839"><ele>23.0</ele><time>2024-10-14T15:45:21Z</time></trkpt>
<trkpt lat="45.366324" lon="-75.858363"><ele>22.0</ele><time>2024-10-14T15:45:22Z</time></trkpt>
<trkpt lat="45.366312" lon="-75.858336"><ele>22.0</ele><time>2024-10-14T15:45:23Z</time></trkpt>
<trkpt lat="45.366299" lon="-75.858309"><ele>23.0</ele><time>2024-10-14T15:45:24Z</time></trkpt>
<trkpt lat="45.36629" lon="-75.858282"><ele>22.0</ele><time>2024-10-14T15:45:25Z</time></trkpt>
<trkpt lat="45.366277" lon="-75.858255"><ele>22.0</ele><time>2024-10-14T15:45:26Z</time></trkpt>
<trkpt lat="45.366268" lon="-75.858228"><ele>23.0</ele><time>2024-10-14T15:45:27Z</time></trkpt>
<trkpt lat="45.366255" lon="-75.858201"><ele>23.0</ele><time>2024-10-14T15:45:28Z</time></trkpt>
<trkpt lat="45.366242" lon="-75.858174"><ele>22.0</ele><time>2024-10-14T15:45:29Z</time></trkpt>
<trkpt lat="45.366233" lon="-75.858147"><ele>22.0</ele><time>2024-10-14T15:45:30Z</time></trkpt>
<trkpt lat="45.366226" lon="-75.85812"><ele>22.0</ele><time>2024-10-14T15:45:31Z</time></trkpt>
<trkpt lat="45.36622" lon="-75.858093"><ele>23.0</ele><time>2024-10-14T15:45:32Z</time></trkpt>
<trkpt lat="45.366211" lon="-75.858057"><ele>22.0</ele><time>2024-10-14T15:45:33Z</time></trkpt>
<trkpt lat="45.366201" lon="-75.85803"><ele>23.0</ele><time>2024-10-14T15:45:34Z</time></trkpt>
<trkpt lat="45.366192" lon="-75.858003"><ele>23.0</ele><time>2024-10-14T15:45:35Z</time></trkpt>
<trkpt lat="45.366182" lon="-75.857967"><ele>22.0</ele><time>2024-10-14T15:45:36Z</time></trkpt>
<trkpt lat="45.366179" lon="-75.857941"><ele>23.0</ele><time>2024-10-14T15:45:37Z</time></trkpt>
<trkpt lat="45.366173" lon="-75.857914"><ele>22.0</ele><time>2024-10-14T15:45:38Z</time></trkpt>
<trkpt lat="45.366166" lon="-75.857887"><ele>22.0</ele><time>2024-10-14T15:45:39Z</time></trkpt>
<trkpt lat="45.366163" lon="-75.857851"><ele>22.0</ele><time>2024-10-14T15:45:40Z</time></trkpt>
<trkpt lat="45.36616" lon="-75.857824"><ele>22.0</ele><time>2024-10-14T15:45:41Z</time></trkpt>
<trkpt lat="45.36615" lon="-75.857797"><ele>22.0</ele><time>2024-10-14T15:45:42Z</time></trkpt>
<trkpt lat="45.366141" lon="-75.85777"><ele>22.0</ele><time>2024-10-14T15:45:43Z</time></trkpt>
<trkpt lat="45.366131" lon="-75.857743"><ele>22.0</ele><time>2024-10-14T15:45:44Z</time></trkpt>
<trkpt lat="45.366119" lon="-75.857716"><ele>22.0</ele><time>2024-10-14T15:45:45Z</time></trkpt>
<trkpt lat="45.366106" lon="-75.857689"><ele>22.0</ele><time>2024-10-14T15:45:46Z</time></trkpt>
<trkpt lat="45.366097" lon="-75.857662"><ele>22.0</ele><time>2024-10-14T15:45:47Z</time></trkpt>
<trkpt lat="45.366084" lon="-75.857635"><ele>22.0</ele><time>2024-10-14T15:45:48Z</time></trkpt>
<trkpt lat="45.366074" lon="-75.857608"><ele>22.0</ele><time>2024-10-14T15:45:49Z</time></trkpt>
<trkpt lat="45.366062" lon="-75.857581"><ele>22.0</ele><time>2024-10-14T15:45:50Z</time></trkpt>
<trkpt lat="45.366052" lon="-75.857554"><ele>22.0</ele><time>2024-10-14T15:45:51Z</time></trkpt>
<trkpt lat="45.366043" lon="-75.857527"><ele>22.0</ele><time>2024-10-14T15:45:52Z</time></trkpt>
<trkpt lat="45.366033" lon="-75.8575"><ele>22.0</ele><time>2024-10-14T15:45:53Z</time></trkpt>
<trkpt lat="45.366017" lon="-75.857473"><ele>22.0</ele><time>2024-10-14T15:45:54Z</time></trkpt>
<trkpt lat="45.366005" lon="-75.857446"><ele>22.0</ele><time>2024-10-14T15:45:55Z</time></trkpt>
<trkpt lat="45.365995" lon="-75.85742"><ele>22.0</ele><time>2024-10-14T15:45:56Z</time></trkpt>
<trkpt lat="45.365986" lon="-75.857393"><ele>22.0</ele><time>2024-10-14T15:45:57Z</time></trkpt>
<trkpt lat="45.365976" lon="-75.857366"><ele>22.0</ele><time>2024-10-14T15:45:58Z</time></trkpt>
<trkpt lat="45.365967" lon="-75.857339"><ele>22.0</ele><time>2024-10-14T15:45:59Z</time></trkpt>
<trkpt lat="45.365957" lon="-75.857312"><ele>22.0</ele><time>2024-10-14T15:46:00Z</time></trkpt>
<trkpt lat="45.365945" lon="-75.857285"><ele>22.0</ele><time>2024-10-14T15:46:01Z</time></trkpt>
<trkpt lat="45.365935" lon="-75.857258"><ele>22.0</ele><time>2024-10-14T15:46:02Z</time></trkpt>
<trkpt lat="45.365922" lon="-75.85724"><ele>22.0</ele><time>2024-10-14T15:46:03Z</time></trkpt>
<trkpt lat="45.36591" lon="-75.857213"><ele>22.0</ele><time>2024-10-14T15:46:04Z</time></trkpt>
<trkpt lat="45.365894" lon="-75.857186"><ele>22.0</ele><time>2024-10-14T15:46:05Z</time></trkpt>
<trkpt lat="45.365881" lon="-75.857168"><ele>22.0</ele><time>2024-10-14T15:46:06Z</time></trkpt>
<trkpt lat="45.365869" lon="-75.857141"><ele>22.0</ele><time>2024-10-14T15:46:07Z</time></trkpt>
<trkpt lat="45.365853" lon="-75.857123"><ele>22.0</ele><time>2024-10-14T15:46:08Z</time></trkpt>
<trkpt lat="45.36584" lon="-75.857096"><ele>22.0</ele><time>2024-10-14T15:46:09Z</time></trkpt>
<trkpt lat="45.365827" lon="-75.857078"><ele>22.0</ele><time>2024-10-14T15:46:10Z</time></trkpt>
<trkpt lat="45.365815" lon="-75.857051"><ele>22.0</ele><time>2024-10-14T15:46:11Z</time></trkpt>
<trkpt lat="45.365805" lon="-75.857024"><ele>22.0</ele><time>2024-10-14T15:46:12Z</time></trkpt>
<trkpt lat="45.365793" lon="-75.856997"><ele>22.0</ele><time>2024-10-14T15:46:13Z</time></trkpt>
<trkpt lat="45.365783" lon="-75.85697"><ele>22.0</ele><time>2024-10-14T15:46:14Z</time></trkpt>
<trkpt lat="45.36577" lon="-75.856943"><ele>22.0</ele><time>2024-10-14T15:46:15Z</time></trkpt>
<trkpt lat="45.365758" lon="-75.856917"><ele>22.0</ele><time>2024-10-14T15:46:16Z</time></trkpt>
<trkpt lat="45.365748" lon="-75.85689"><ele>22.0</ele><time>2024-10-14T15:46:17Z</time></trkpt>
<trkpt lat="45.365739" lon="-75.856863"><ele>22.0</ele><time>2024-10-14T15:46:18Z</time></trkpt>
<trkpt lat="45.365729" lon="-75.856827"><ele>22.0</ele><time>2024-10-14T15:46:19Z</time></trkpt>
<trkpt lat="45.365723" lon="-75.8568"><ele>22.0</ele><time>2024-10-14T15:46:20Z</time></trkpt>
<trkpt lat="45.36571" lon="-75.856773"><ele>22.0</ele><time>2024-10-14T15:46:21Z</time></trkpt>
<trkpt lat="45.365704" lon="-75.856737"><ele>22.0</ele><time>2024-10-14T15:46:22Z</time></trkpt>
<trkpt lat="45.365694" lon="-75.85671"><ele>22.0</ele><time>2024-10-14T15:46:23Z</time></trkpt>
<trkpt lat="45.365685" lon="-75.856674"><ele>22.0</ele><time>2024-10-14T15:46:24Z</time></trkpt>
<trkpt lat="45.365672" lon="-75.856647"><ele>22.0</ele><time>2024-10-14T15:46:25Z</time></trkpt>
<trkpt lat="45.365663" lon="-75.85662"><ele>22.0</ele><time>2024-10-14T15:46:26Z</time></trkpt>
<trkpt lat="45.365653" lon="-75.856593"><ele>22.0</ele><time>2024-10-14T15:46:27Z</time></trkpt>
<trkpt lat="45.365644" lon="-75.856557"><ele>22.0</ele><time>2024-10-14T15:46:28Z</time></trkpt>
<trkpt lat="45.365634" lon="-75.85653"><ele>22.0</ele><time>2024-10-14T15:46:29Z</time></trkpt>
<trkpt lat="45.365628" lon="-75.856503"><ele>22.0</ele><time>2024-10-14T15:46:30Z</time></trkpt>
<trkpt lat="45.365618" lon="-75.856476"><ele>22.0</ele><time>2024-10-14T15:46:31Z</time></trkpt>
<trkpt lat="45.365609" lon="-75.85644"><ele>22.0</ele><time>2024-10-14T15:46:32Z</time></trkpt>
<trkpt lat="45.365599" lon="-75.856413"><ele>22.0</ele><time>2024-10-14T15:46:33Z</time></trkpt>
<trkpt lat="45.36559" lon="-75.856387"><ele>22.0</ele><time>2024-10-14T15:46:34Z</time></trkpt>
<trkpt lat="45.36558" lon="-75.856351"><ele>22.0</ele><time>2024-10-14T15:46:35Z</time></trkpt>
<trkpt lat="45.365571" lon="-75.856324"><ele>22.0</ele><time>2024-10-14T15:46:36Z</time></trkpt>
<trkpt lat="45.365561" lon="-75.856288"><ele>22.0</ele><time>2024-10-14T15:46:37Z</time></trkpt>
<trkpt lat="45.365552" lon="-75.856261"><ele>22.0</ele><time>2024-10-14T15:46:38Z</time></trkpt>
<trkpt lat="45.365542" lon="-75.856234"><ele>22.0</ele><time>2024-10-14T15:46:39Z</time></trkpt>
<trkpt lat="45.36553" lon="-75.856207"><ele>21.0</ele><time>2024-10-14T15:46:40Z</time></trkpt>
<trkpt lat="45.36552" lon="-75.85618"><ele>22.0</ele><time>2024-10-14T15:46:41Z</time></trkpt>
<trkpt lat="45.365508" lon="-75.856144"><ele>22.0</ele><time>2024-10-14T15:46:42Z</time></trkpt>
<trkpt lat="45.365495" lon="-75.856117"><ele>22.0</ele><time>2024-10-14T15:46:43Z</time></trkpt>
<trkpt lat="45.365482" lon="-75.85609"><ele>22.0</ele><time>2024-10-14T15:46:44Z</time></trkpt>
<trkpt lat="45.365466" lon="-75.856063"><ele>21.0</ele><time>2024-10-14T15:46:45Z</time></trkpt>
<trkpt lat="45.365454" lon="-75.856036"><ele>21.0</ele><time>2024-10-14T15:46:46Z</time></trkpt>
<trkpt lat="45.365441" lon="-75.856009"><ele>21.0</ele><time>2024-10-14T15:46:47Z</time></trkpt>
<trkpt lat="45.365428" lon="-75.855982"><ele>21.0</ele><time>2024-10-14T15:46:48Z</time></trkpt>
<trkpt lat="45.365416" lon="-75.855955"><ele>21.0</ele><time>2024-10-14T15:46:49Z</time></trkpt>
<trkpt lat="45.3654" lon="-75.855928"><ele>21.0</ele><time>2024-10-14T15:46:50Z</time></trkpt>
<trkpt lat="45.365387" lon="-75.855901"><ele>21.0</ele><time>2024-10-14T15:46:51Z</time></trkpt>
<trkpt lat="45.365371" lon="-75.855874"><ele>21.0</ele><time>2024-10-14T15:46:52Z</time></trkpt>
<trkpt lat="45.365359" lon="-75.855839"><ele>21.0</ele><time>2024-10-14T15:46:53Z</time></trkpt>
<trkpt lat="45.365346" lon="-75.855812"><ele>21.0</ele><time>2024-10-14T15:46:54Z</time></trkpt>
<trkpt lat="45.365337" lon="-75.855785"><ele>21.0</ele><time>2024-10-14T15:46:55Z</time></trkpt>
<trkpt lat="45.365324" lon="-75.855758"><ele>21.0</ele><time>2024-10-14T15:46:56Z</time></trkpt>
<trkpt lat="45.365315" lon="-75.855731"><ele>21.0</ele><time>2024-10-14T15:46:57Z</time></trkpt>
<trkpt lat="45.365302" lon="-75.855704"><ele>21.0</ele><time>2024-10-14T15:46:58Z</time></trkpt>
<trkpt lat="45.365289" lon="-75.855668"><ele>21.0</ele><time>2024-10-14T15:46:59Z</time></trkpt>
<trkpt lat="45.365277" lon="-75.855641"><ele>21.0</ele><time>2024-10-14T15:47:00Z</time></trkpt>
<trkpt lat="45.365264" lon="-75.855614"><ele>21.0</ele><time>2024-10-14T15:47:01Z</time></trkpt>
<trkpt lat="45.365251" lon="-75.855587"><ele>21.0</ele><time>2024-10-14T15:47:02Z</time></trkpt>
<trkpt lat="45.365239" lon="-75.855569"><ele>21.0</ele><time>2024-10-14T15:47:03Z</time></trkpt>
<trkpt lat="45.365223" lon="-75.855542"><ele>21.0</ele><time>2024-10-14T15:47:04Z</time></trkpt>
<trkpt lat="45.36521" lon="-75.855515"><ele>21.0</ele><time>2024-10-14T15:47:05Z</time></trkpt>
<trkpt lat="45.365201" lon="-75.855488"><ele>21.0</ele><time>2024-10-14T15:47:06Z</time></trkpt>
<trkpt lat="45.365188" lon="-75.855461"><ele>21.0</ele><time>2024-10-14T15:47:07Z</time></trkpt>
<trkpt lat="45.365175" lon="-75.855434"><ele>21.0</ele><time>2024-10-14T15:47:08Z</time></trkpt>
<trkpt lat="45.365166" lon="-75.855407"><ele>21.0</ele><time>2024-10-14T15:47:09Z</time></trkpt>
<trkpt lat="45.365153" lon="-75.85538"><ele>21.0</ele><time>2024-10-14T15:47:10Z</time></trkpt>
<trkpt lat="45.36514" lon="-75.855353"><ele>21.0</ele><time>2024-10-14T15:47:11Z</time></trkpt>
<trkpt lat="45.365128" lon="-75.855327"><ele>21.0</ele><time>2024-10-14T15:47:12Z</time></trkpt>
<trkpt lat="45.365118" lon="-75.855309"><ele>21.0</ele><time>2024-10-14T15:47:13Z</time></trkpt>
<trkpt lat="45.365109" lon="-75.855282"><ele>21.0</ele><time>2024-10-14T15:47:14Z</time></trkpt>
<trkpt lat="45.365099" lon="-75.855255"><ele>21.0</ele><time>2024-10-14T15:47:15Z</time></trkpt>
<trkpt lat="45.365087" lon="-75.855228"><ele>21.0</ele><time>2024-10-14T15:47:16Z</time></trkpt>
<trkpt lat="45.365077" lon="-75.855201"><ele>21.0</ele><time>2024-10-14T15:47:17Z</time></trkpt>
<trkpt lat="45.365071" lon="-75.855174"><ele>21.0</ele><time>2024-10-14T15:47:18Z</time></trkpt>
<trkpt lat="45.365061" lon="-75.855147"><ele>21.0</ele><time>2024-10-14T15:47:19Z</time></trkpt>
<trkpt lat="45.365049" lon="-75.85512"><ele>21.0</ele><time>2024-10-14T15:47:20Z</time></trkpt>
<trkpt lat="45.365042" lon="-75.855093"><ele>21.0</ele><time>2024-10-14T15:47:21Z</time></trkpt>
<trkpt lat="45.365033" lon="-75.855066"><ele>21.0</ele><time>2024-10-14T15:47:22Z</time></trkpt>
<trkpt lat="45.36502" lon="-75.855039"><ele>21.0</ele><time>2024-10-14T15:47:23Z</time></trkpt>
<trkpt lat="45.365011" lon="-75.855012"><ele>21.0</ele><time>2024-10-14T15:47:24Z</time></trkpt>
<trkpt lat="45.365001" lon="-75.854985"><ele>21.0</ele><time>2024-10-14T15:47:25Z</time></trkpt>
<trkpt lat="45.364992" lon="-75.854967"><ele>21.0</ele><time>2024-10-14T15:47:26Z</time></trkpt>
<trkpt lat="45.364979" lon="-75.85494"><ele>21.0</ele><time>2024-10-14T15:47:27Z</time></trkpt>
<trkpt lat="45.364969" lon="-75.854913"><ele>21.0</ele><time>2024-10-14T15:47:28Z</time></trkpt>
<trkpt lat="45.364957" lon="-75.854886"><ele>21.0</ele><time>2024-10-14T15:47:29Z</time></trkpt>
<trkpt lat="45.364947" lon="-75.854859"><ele>21.0</ele><time>2024-10-14T15:47:30Z</time></trkpt>
<trkpt lat="45.364938" lon="-75.854832"><ele>21.0</ele><time>2024-10-14T15:47:31Z</time></trkpt>
<trkpt lat="45.364928" lon="-75.854806"><ele>21.0</ele><time>2024-10-14T15:47:32Z</time></trkpt>
<trkpt lat="45.364916" lon="-75.854779"><ele>21.0</ele><time>2024-10-14T15:47:33Z</time></trkpt>
<trkpt lat="45.364903" lon="-75.854752"><ele>21.0</ele><time>2024-10-14T15:47:34Z</time></trkpt>
<trkpt lat="45.364893" lon="-75.854725"><ele>21.0</ele><time>2024-10-14T15:47:35Z</time></trkpt>
<trkpt lat="45.364884" lon="-75.854698"><ele>21.0</ele><time>2024-10-14T15:47:36Z</time></trkpt>
<trkpt lat="45.364871" lon="-75.854671"><ele>21.0</ele><time>2024-10-14T15:47:37Z</time></trkpt>
<trkpt lat="45.364862" lon="-75.854644"><ele>21.0</ele><time>2024-10-14T15:47:38Z</time></trkpt>
<trkpt lat="45.364849" lon="-75.854617"><ele>21.0</ele><time>2024-10-14T15:47:39Z</time></trkpt>
<trkpt lat="45.36484" lon="-75.85459"><ele>21.0</ele><time>2024-10-14T15:47:40Z</time></trkpt>
<trkpt lat="45.364827" lon="-75.854563"><ele>21.0</ele><time>2024-10-14T15:47:41Z</time></trkpt>
<trkpt lat="45.364817" lon="-75.854536"><ele>21.0</ele><time>2024-10-14T15:47:42Z</time></trkpt>
<trkpt lat="45.364811" lon="-75.854509"><ele>21.0</ele><time>2024-10-14T15:47:43Z</time></trkpt>
<trkpt lat="45.364802" lon="-75.854482"><ele>21.0</ele><time>2024-10-14T15:47:44Z</time></trkpt>
<trkpt lat="45.364792" lon="-75.854455"><ele>21.0</ele><time>2024-10-14T15:47:45Z</time></trkpt>
<trkpt lat="45.364779" lon="-75.854428"><ele>21.0</ele><time>2024-10-14T15:47:46Z</time></trkpt>
<trkpt lat="45.364773" lon="-75.854401"><ele>21.0</ele><time>2024-10-14T15:47:47Z</time></trkpt>
<trkpt lat="45.364764" lon="-75.854374"><ele>21.0</ele><time>2024-10-14T15:47:48Z</time></trkpt>
<trkpt lat="45.364754" lon="-75.854347"><ele>21.0</ele><time>2024-10-14T15:47:49Z</time></trkpt>
<trkpt lat="45.364741" lon="-75.854311"><ele>21.0</ele><time>2024-10-14T15:47:50Z</time></trkpt>
<trkpt lat="45.364732" lon="-75.854285"><ele>21.0</ele><time>2024-10-14T15:47:51Z</time></trkpt>
<trkpt lat="45.364722" lon="-75.854258"><ele>21.0</ele><time>2024-10-14T15:47:52Z</time></trkpt>
<trkpt lat="45.364713" lon="-75.854231"><ele>21.0</ele><time>2024-10-14T15:47:53Z</time></trkpt>
<trkpt lat="45.364703" lon="-75.854204"><ele>21.0</ele><time>2024-10-14T15:47:54Z</time></trkpt>
<trkpt lat="45.364694" lon="-75.854177"><ele>21.0</ele><time>2024-10-14T15:47:55Z</time></trkpt>
<trkpt lat="45.364681" lon="-75.85415"><ele>21.0</ele><time>2024-10-14T15:47:56Z</time></trkpt>
<trkpt lat="45.364672" lon="-75.854123"><ele>21.0</ele><time>2024-10-14T15:47:57Z</time></trkpt>
<trkpt lat="45.364662" lon="-75.854096"><ele>21.0</ele><time>2024-10-14T15:47:58Z</time></trkpt>
<trkpt lat="45.36465" lon="-75.854069"><ele>21.0</ele><time>2024-10-14T15:47:59Z</time></trkpt>
<trkpt lat="45.36464" lon="-75.854042"><ele>21.0</ele><time>2024-10-14T15:48:00Z</time></trkpt>
<trkpt lat="45.364631" lon="-75.854015"><ele>21.0</ele><time>2024-10-14T15:48:01Z</time></trkpt>
<trkpt lat="45.364618" lon="-75.853988"><ele>21.0</ele><time>2024-10-14T15:48:02Z</time></trkpt>
<trkpt lat="45.364608" lon="-75.853961"><ele>21.0</ele><time>2024-10-14T15:48:03Z</time></trkpt>
<trkpt lat="45.364599" lon="-75.853934"><ele>21.0</ele><time>2024-10-14T15:48:04Z</time></trkpt>
<trkpt lat="45.364589" lon="-75.853907"><ele>21.0</ele><time>2024-10-14T15:48:05Z</time></trkpt>
<trkpt lat="45.36458" lon="-75.85388"><ele>21.0</ele><time>2024-10-14T15:48:06Z</time></trkpt>
<trkpt lat="45.364567" lon="-75.853853"><ele>21.0</ele><time>2024-10-14T15:48:07Z</time></trkpt>
<trkpt lat="45.364558" lon="-75.853826"><ele>21.0</ele><time>2024-10-14T15:48:08Z</time></trkpt>
<trkpt lat="45.364545" lon="-75.85379"><ele>21.0</ele><time>2024-10-14T15:48:09Z</time></trkpt>
<trkpt lat="45.364536" lon="-75.853764"><ele>21.0</ele><time>2024-10-14T15:48:10Z</time></trkpt>
<trkpt lat="45.364523" lon="-75.853737"><ele>22.0</ele><time>2024-10-14T15:48:11Z</time></trkpt>
<trkpt lat="45.364513" lon="-75.85371"><ele>21.0</ele><time>2024-10-14T15:48:12Z</time></trkpt>
<trkpt lat="45.364504" lon="-75.853683"><ele>21.0</ele><time>2024-10-14T15:48:13Z</time></trkpt>
<trkpt lat="45.364491" lon="-75.853656"><ele>21.0</ele><time>2024-10-14T15:48:14Z</time></trkpt>
<trkpt lat="45.364482" lon="-75.853629"><ele>21.0</ele><time>2024-10-14T15:48:15Z</time></trkpt>
<trkpt lat="45.364472" lon="-75.853593"><ele>21.0</ele><time>2024-10-14T15:48:16Z</time></trkpt>
<trkpt lat="45.364463" lon="-75.853566"><ele>21.0</ele><time>2024-10-14T15:48:17Z</time></trkpt>
<trkpt lat="45.364453" lon="-75.853539"><ele>21.0</ele><time>2024-10-14T15:48:18Z</time></trkpt>
<trkpt lat="45.364441" lon="-75.853512"><ele>22.0</ele><time>2024-10-14T15:48:19Z</time></trkpt>
<trkpt lat="45.364431" lon="-75.853485"><ele>21.0</ele><time>2024-10-14T15:48:20Z</time></trkpt>
<trkpt lat="45.364422" lon="-75.853458"><ele>21.0</ele><time>2024-10-14T15:48:21Z</time></trkpt>
<trkpt lat="45.364412" lon="-75.853431"><ele>21.0</ele><time>2024-10-14T15:48:22Z</time></trkpt>
<trkpt lat="45.364399" lon="-75.853404"><ele>21.0</ele><time>2024-10-14T15:48:23Z</time></trkpt>
<trkpt lat="45.36439" lon="-75.853377"><ele>21.0</ele><time>2024-10-14T15:48:24Z</time></trkpt>
<trkpt lat="45.364377" lon="-75.853341"><ele>21.0</ele><time>2024-10-14T15:48:25Z</time></trkpt>
<trkpt lat="45.364368" lon="-75.853314"><ele>21.0</ele><time>2024-10-14T15:48:26Z</time></trkpt>
<trkpt lat="45.364358" lon="-75.853287"><ele>21.0</ele><time>2024-10-14T15:48:27Z</time></trkpt>
<trkpt lat="45.364349" lon="-75.853261"><ele>22.0</ele><time>2024-10-14T15:48:28Z</time></trkpt>
<trkpt lat="45.364339" lon="-75.853234"><ele>22.0</ele><time>2024-10-14T15:48:29Z</time></trkpt>
<trkpt lat="45.36433" lon="-75.853198"><ele>21.0</ele><time>2024-10-14T15:48:30Z</time></trkpt>
<trkpt lat="45.364323" lon="-75.853171"><ele>22.0</ele><time>2024-10-14T15:48:31Z</time></trkpt>
<trkpt lat="45.364314" lon="-75.853144"><ele>22.0</ele><time>2024-10-14T15:48:32Z</time></trkpt>
<trkpt lat="45.364308" lon="-75.853117"><ele>22.0</ele><time>2024-10-14T15:48:33Z</time></trkpt>
<trkpt lat="45.364301" lon="-75.85309"><ele>22.0</ele><time>2024-10-14T15:48:34Z</time></trkpt>
<trkpt lat="45.364298" lon="-75.853063"><ele>21.0</ele><time>2024-10-14T15:48:35Z</time></trkpt>
<trkpt lat="45.364292" lon="-75.853036"><ele>22.0</ele><time>2024-10-14T15:48:36Z</time></trkpt>
<trkpt lat="45.364285" lon="-75.853"><ele>22.0</ele><time>2024-10-14T15:48:37Z</time></trkpt>
<trkpt lat="45.364279" lon="-75.852973"><ele>21.0</ele><time>2024-10-14T15:48:38Z</time></trkpt>
<trkpt lat="45.364273" lon="-75.852946"><ele>22.0</ele><time>2024-10-14T15:48:39Z</time></trkpt>
<trkpt lat="45.364267" lon="-75.852919"><ele>21.0</ele><time>2024-10-14T15:48:40Z</time></trkpt>
<trkpt lat="45.36426" lon="-75.852892"><ele>21.0</ele><time>2024-10-14T15:48:41Z</time></trkpt>
<trkpt lat="45.364254" lon="-75.852865"><ele>21.0</ele><time>2024-10-14T15:48:42Z</time></trkpt>
<trkpt lat="45.364248" lon="-75.852847"><ele>21.0</ele><time>2024-10-14T15:48:43Z</time></trkpt>
<trkpt lat="45.364241" lon="-75.85282"><ele>21.0</ele><time>2024-10-14T15:48:44Z</time></trkpt>
<trkpt lat="45.364232" lon="-75.852793"><ele>21.0</ele><time>2024-10-14T15:48:45Z</time></trkpt>
<trkpt lat="45.364222" lon="-75.852766"><ele>21.0</ele><time>2024-10-14T15:48:46Z</time></trkpt>
<trkpt lat="45.364213" lon="-75.85274"><ele>21.0</ele><time>2024-10-14T15:48:47Z</time></trkpt>
<trkpt lat="45.364203" lon="-75.852713"><ele>21.0</ele><time>2024-10-14T15:48:48Z</time></trkpt>
<trkpt lat="45.364194" lon="-75.852686"><ele>22.0</ele><time>2024-10-14T15:48:49Z</time></trkpt>
<trkpt lat="45.364187" lon="-75.852668"><ele>21.0</ele><time>2024-10-14T15:48:50Z</time></trkpt>
<trkpt lat="45.364178" lon="-75.852641"><ele>22.0</ele><time>2024-10-14T15:48:51Z</time></trkpt>
<trkpt lat="45.364168" lon="-75.852614"><ele>21.0</ele><time>2024-10-14T15:48:52Z</time></trkpt>
<trkpt lat="45.364159" lon="-75.852587"><ele>22.0</ele><time>2024-10-14T15:48:53Z</time></trkpt>
<trkpt lat="45.364149" lon="-75.85256"><ele>21.0</ele><time>2024-10-14T15:48:54Z</time></trkpt>
<trkpt lat="45.36414" lon="-75.852542"><ele>21.0</ele><time>2024-10-14T15:48:55Z</time></trkpt>
<trkpt lat="45.364134" lon="-75.852515"><ele>21.0</ele><time>2024-10-14T15:48:56Z</time></trkpt>
<trkpt lat="45.364124" lon="-75.852488"><ele>21.0</ele><time>2024-10-14T15:48:57Z</time></trkpt>
<trkpt lat="45.364115" lon="-75.852461"><ele>22.0</ele><time>2024-10-14T15:48:58Z</time></trkpt>
<trkpt lat="45.364105" lon="-75.852434"><ele>21.0</ele><time>2024-10-14T15:48:59Z</time></trkpt>
<trkpt lat="45.364099" lon="-75.852407"><ele>21.0</ele><time>2024-10-14T15:49:00Z</time></trkpt>
<trkpt lat="45.364089" lon="-75.85238"><ele>21.0</ele><time>2024-10-14T15:49:01Z</time></trkpt>
<trkpt lat="45.36408" lon="-75.852353"><ele>22.0</ele><time>2024-10-14T15:49:02Z</time></trkpt>
<trkpt lat="45.36407" lon="-75.852317"><ele>21.0</ele><time>2024-10-14T15:49:03Z</time></trkpt>
<trkpt lat="45.364061" lon="-75.85229"><ele>21.0</ele><time>2024-10-14T15:49:04Z</time></trkpt>
<trkpt lat="45.364051" lon="-75.852263"><ele>21.0</ele><time>2024-10-14T15:49:05Z</time></trkpt>
<trkpt lat="45.364039" lon="-75.852236"><ele>21.0</ele><time>2024-10-14T15:49:06Z</time></trkpt>
<trkpt lat="45.364029" lon="-75.85221"><ele>21.0</ele><time>2024-10-14T15:49:07Z</time></trkpt>
<trkpt lat="45.36402" lon="-75.852183"><ele>21.0</ele><time>2024-10-14T15:49:08Z</time></trkpt>
<trkpt lat="45.36401" lon="-75.852156"><ele>21.0</ele><time>2024-10-14T15:49:09Z</time></trkpt>
<trkpt lat="45.363997" lon="-75.852129"><ele>21.0</ele><time>2024-10-14T15:49:10Z</time></trkpt>
<trkpt lat="45.363988" lon="-75.852102"><ele>21.0</ele><time>2024-10-14T15:49:11Z</time></trkpt>
<trkpt lat="45.363978" lon="-75.852066"><ele>21.0</ele><time>2024-10-14T15:49:12Z</time></trkpt>
<trkpt lat="45.363969" lon="-75.852039"><ele>21.0</ele><time>2024-10-14T15:49:13Z</time></trkpt>
<trkpt lat="45.363959" lon="-75.852012"><ele>21.0</ele><time>2024-10-14T15:49:14Z</time></trkpt>
<trkpt lat="45.363953" lon="-75.851985"><ele>21.0</ele><time>2024-10-14T15:49:15Z</time></trkpt>
<trkpt lat="45.363944" lon="-75.851949"><ele>21.0</ele><time>2024-10-14T15:49:16Z</time></trkpt>
<trkpt lat="45.363934" lon="-75.851922"><ele>21.0</ele><time>2024-10-14T15:49:17Z</time></trkpt>
<trkpt lat="45.363925" lon="-75.851895"><ele>21.0</ele><time>2024-10-14T15:49:18Z</time></trkpt>
<trkpt lat="45.363918" lon="-75.851868"><ele>21.0</ele><time>2024-10-14T15:49:19Z</time></trkpt>
<trkpt lat="45.363909" lon="-75.851841"><ele>21.0</ele><time>2024-10-14T15:49:20Z</time></trkpt>
<trkpt lat="45.363902" lon="-75.851814"><ele>21.0</ele><time>2024-10-14T15:49:21Z</time></trkpt>
<trkpt lat="45.363893" lon="-75.851778"><ele>21.0</ele><time>2024-10-14T15:49:22Z</time></trkpt>
<trkpt lat="45.363883" lon="-75.851751"><ele>22.0</ele><time>2024-10-14T15:49:23Z</time></trkpt>
<trkpt lat="45.363871" lon="-75.851724"><ele>21.0</ele><time>2024-10-14T15:49:24Z</time></trkpt>
<trkpt lat="45.363861" lon="-75.851697"><ele>22.0</ele><time>2024-10-14T15:49:25Z</time></trkpt>
<trkpt lat="45.363852" lon="-75.851662"><ele>21.0</ele><time>2024-10-14T15:49:26Z</time></trkpt>
<trkpt lat="45.363845" lon="-75.851626"><ele>21.0</ele><time>2024-10-14T15:49:27Z</time></trkpt>
<trkpt lat="45.363839" lon="-75.851599"><ele>21.0</ele><time>2024-10-14T15:49:28Z</time></trkpt>
<trkpt lat="45.36383" lon="-75.851563"><ele>21.0</ele><time>2024-10-14T15:49:29Z</time></trkpt>
<trkpt lat="45.363823" lon="-75.851527"><ele>21.0</ele><time>2024-10-14T15:49:30Z</time></trkpt>
<trkpt lat="45.363817" lon="-75.851491"><ele>21.0</ele><time>2024-10-14T15:49:31Z</time></trkpt>
<trkpt lat="45.363811" lon="-75.851455"><ele>21.0</ele><time>2024-10-14T15:49:32Z</time></trkpt>
<trkpt lat="45.363804" lon="-75.851419"><ele>21.0</ele><time>2024-10-14T15:49:33Z</time></trkpt>
<trkpt lat="45.363798" lon="-75.851383"><ele>21.0</ele><time>2024-10-14T15:49:34Z</time></trkpt>
<trkpt lat="45.363792" lon="-75.851347"><ele>21.0</ele><time>2024-10-14T15:49:35Z</time></trkpt>
<trkpt lat="45.363785" lon="-75.851311"><ele>21.0</ele><time>2024-10-14T15:49:36Z</time></trkpt>
<trkpt lat="45.363776" lon="-75.851275"><ele>21.0</ele><time>2024-10-14T15:49:37Z</time></trkpt>
<trkpt lat="45.363769" lon="-75.851239"><ele>21.0</ele><time>2024-10-14T15:49:38Z</time></trkpt>
<trkpt lat="45.36376" lon="-75.851212"><ele>21.0</ele><time>2024-10-14T15:49:39Z</time></trkpt>
<trkpt lat="45.36375" lon="-75.851176"><ele>21.0</ele><time>2024-10-14T15:49:40Z</time></trkpt>
<trkpt lat="45.363744" lon="-75.851141"><ele>21.0</ele><time>2024-10-14T15:49:41Z</time></trkpt>
<trkpt lat="45.363731" lon="-75.851114"><ele>21.0</ele><time>2024-10-14T15:49:42Z</time></trkpt>
<trkpt lat="45.363719" lon="-75.851078"><ele>21.0</ele><time>2024-10-14T15:49:43Z</time></trkpt>
<trkpt lat="45.363709" lon="-75.851042"><ele>21.0</ele><time>2024-10-14T15:49:44Z</time></trkpt>
<trkpt lat="45.3637" lon="-75.851015"><ele>21.0</ele><time>2024-10-14T15:49:45Z</time></trkpt>
<trkpt lat="45.363693" lon="-75.850979"><ele>21.0</ele><time>2024-10-14T15:49:46Z</time></trkpt>
<trkpt lat="45.363687" lon="-75.850943"><ele>21.0</ele><time>2024-10-14T15:49:47Z</time></trkpt>
<trkpt lat="45.363678" lon="-75.850916"><ele>21.0</ele><time>2024-10-14T15:49:48Z</time></trkpt>
<trkpt lat="45.363668" lon="-75.85088"><ele>21.0</ele><time>2024-10-14T15:49:49Z</time></trkpt>
<trkpt lat="45.363659" lon="-75.850844"><ele>21.0</ele><time>2024-10-14T15:49:50Z</time></trkpt>
<trkpt lat="45.363652" lon="-75.850808"><ele>21.0</ele><time>2024-10-14T15:49:51Z</time></trkpt>
<trkpt lat="45.363643" lon="-75.850772"><ele>21.0</ele><time>2024-10-14T15:49:52Z</time></trkpt>
<trkpt lat="45.363636" lon="-75.850736"><ele>21.0</ele><time>2024-10-14T15:49:53Z</time></trkpt>
<trkpt lat="45.363627" lon="-75.8507"><ele>21.0</ele><time>2024-10-14T15:49:54Z</time></trkpt>
<trkpt lat="45.363621" lon="-75.850664"><ele>21.0</ele><time>2024-10-14T15:49:55Z</time></trkpt>
<trkpt lat="45.363611" lon="-75.850629"><ele>22.0</ele><time>2024-10-14T15:49:56Z</time></trkpt>
<trkpt lat="45.363605" lon="-75.850584"><ele>22.0</ele><time>2024-10-14T15:49:57Z</time></trkpt>
<trkpt lat="45.363595" lon="-75.850548"><ele>22.0</ele><time>2024-10-14T15:49:58Z</time></trkpt>
<trkpt lat="45.363589" lon="-75.850512"><ele>22.0</ele><time>2024-10-14T15:49:59Z</time></trkpt>
<trkpt lat="45.363583" lon="-75.850476"><ele>22.0</ele><time>2024-10-14T15:50:00Z</time></trkpt>
<trkpt lat="45.363576" lon="-75.85044"><ele>21.0</ele><time>2024-10-14T15:50:01Z</time></trkpt>
<trkpt lat="45.363567" lon="-75.850404"><ele>22.0</ele><time>2024-10-14T15:50:02Z</time></trkpt>
<trkpt lat="45.363557" lon="-75.850368"><ele>22.0</ele><time>2024-10-14T15:50:03Z</time></trkpt>
<trkpt lat="45.363545" lon="-75.850332"><ele>21.0</ele><time>2024-10-14T15:50:04Z</time></trkpt>
<trkpt lat="45.363535" lon="-75.850296"><ele>21.0</ele><time>2024-10-14T15:50:05Z</time></trkpt>
<trkpt lat="45.363526" lon="-75.85026"><ele>21.0</ele><time>2024-10-14T15:50:06Z</time></trkpt>
<trkpt lat="45.363519" lon="-75.850224"><ele>21.0</ele><time>2024-10-14T15:50:07Z</time></trkpt>
<trkpt lat="45.363516" lon="-75.850188"><ele>21.0</ele><time>2024-10-14T15:50:08Z</time></trkpt>
<trkpt lat="45.363516" lon="-75.850152"><ele>22.0</ele><time>2024-10-14T15:50:09Z</time></trkpt>
<trkpt lat="45.363519" lon="-75.850117"><ele>21.0</ele><time>2024-10-14T15:50:10Z</time></trkpt>
<trkpt lat="45.363519" lon="-75.850081"><ele>21.0</ele><time>2024-10-14T15:50:11Z</time></trkpt>
<trkpt lat="45.363516" lon="-75.850036"><ele>22.0</ele><time>2024-10-14T15:50:12Z</time></trkpt>
<trkpt lat="45.363513" lon="-75.85"><ele>21.0</ele><time>2024-10-14T15:50:13Z</time></trkpt>
<trkpt lat="45.36351" lon="-75.849964"><ele>22.0</ele><time>2024-10-14T15:50:14Z</time></trkpt>
<trkpt lat="45.363507" lon="-75.849928"><ele>21.0</ele><time>2024-10-14T15:50:15Z</time></trkpt>
<trkpt lat="45.363507" lon="-75.849892"><ele>21.0</ele><time>2024-10-14T15:50:16Z</time></trkpt>
<trkpt lat="45.363507" lon="-75.849865"><ele>22.0</ele><time>2024-10-14T15:50:17Z</time></trkpt>
<trkpt lat="45.36351" lon="-75.849829"><ele>22.0</ele><time>2024-10-14T15:50:18Z</time></trkpt>
<trkpt lat="45.36351" lon="-75.849793"><ele>22.0</ele><time>2024-10-14T15:50:19Z</time></trkpt>
<trkpt lat="45.363513" lon="-75.849766"><ele>22.0</ele><time>2024-10-14T15:50:20Z</time></trkpt>
<trkpt lat="45.36351" lon="-75.84973"><ele>22.0</ele><time>2024-10-14T15:50:21Z</time></trkpt>
<trkpt lat="45.36351" lon="-75.849694"><ele>22.0</ele><time>2024-10-14T15:50:22Z</time></trkpt>
<trkpt lat="45.363507" lon="-75.849658"><ele>22.0</ele><time>2024-10-14T15:50:23Z</time></trkpt>
<trkpt lat="45.363507" lon="-75.849631"><ele>22.0</ele><time>2024-10-14T15:50:24Z</time></trkpt>
<trkpt lat="45.363503" lon="-75.849596"><ele>22.0</ele><time>2024-10-14T15:50:25Z</time></trkpt>
<trkpt lat="45.363507" lon="-75.849569"><ele>22.0</ele><time>2024-10-14T15:50:26Z</time></trkpt>
<trkpt lat="45.36351" lon="-75.849533"><ele>22.0</ele><time>2024-10-14T15:50:27Z</time></trkpt>
<trkpt lat="45.363513" lon="-75.849506"><ele>22.0</ele><time>2024-10-14T15:50:28Z</time></trkpt>
<trkpt lat="45.363516" lon="-75.84947"><ele>22.0</ele><time>2024-10-14T15:50:29Z</time></trkpt>
<trkpt lat="45.363516" lon="-75.849443"><ele>23.0</ele><time>2024-10-14T15:50:30Z</time></trkpt>
<trkpt lat="45.363513" lon="-75.849416"><ele>23.0</ele><time>2024-10-14T15:50:31Z</time></trkpt>
<trkpt lat="45.36351" lon="-75.84938"><ele>22.0</ele><time>2024-10-14T15:50:32Z</time></trkpt>
<trkpt lat="45.363507" lon="-75.849353"><ele>22.0</ele><time>2024-10-14T15:50:33Z</time></trkpt>
<trkpt lat="45.363503" lon="-75.849317"><ele>22.0</ele><time>2024-10-14T15:50:34Z</time></trkpt>
<trkpt lat="45.363503" lon="-75.84929"><ele>22.0</ele><time>2024-10-14T15:50:35Z</time></trkpt>
<trkpt lat="45.363503" lon="-75.849254"><ele>22.0</ele><time>2024-10-14T15:50:36Z</time></trkpt>
<trkpt lat="45.363507" lon="-75.849227"><ele>22.0</ele><time>2024-10-14T15:50:37Z</time></trkpt>
<trkpt lat="45.363507" lon="-75.8492"><ele>22.0</ele><time>2024-10-14T15:50:38Z</time></trkpt>
<trkpt lat="45.36351" lon="-75.849164"><ele>22.0</ele><time>2024-10-14T15:50:39Z</time></trkpt>
<trkpt lat="45.363513" lon="-75.849137"><ele>22.0</ele><time>2024-10-14T15:50:40Z</time></trkpt>
<trkpt lat="45.363513" lon="-75.849101"><ele>22.0</ele><time>2024-10-14T15:50:41Z</time></trkpt>
<trkpt lat="45.363516" lon="-75.849075"><ele>22.0</ele><time>2024-10-14T15:50:42Z</time></trkpt>
<trkpt lat="45.363516" lon="-75.849039"><ele>22.0</ele><time>2024-10-14T15:50:43Z</time></trkpt>
<trkpt lat="45.363516" lon="-75.849012"><ele>22.0</ele><time>2024-10-14T15:50:44Z</time></trkpt>
<trkpt lat="45.363516" lon="-75.848976"><ele>23.0</ele><time>2024-10-14T15:50:45Z</time></trkpt>
<trkpt lat="45.363516" lon="-75.848949"><ele>23.0</ele><time>2024-10-14T15:50:46Z</time></trkpt>
<trkpt lat="45.363513" lon="-75.848913"><ele>23.0</ele><time>2024-10-14T15:50:47Z</time></trkpt>
<trkpt lat="45.363513" lon="-75.848886"><ele>23.0</ele><time>2024-10-14T15:50:48Z</time></trkpt>
<trkpt lat="45.363516" lon="-75.84885"><ele>23.0</ele><time>2024-10-14T15:50:49Z</time></trkpt>
<trkpt lat="45.363516" lon="-75.848814"><ele>23.0</ele><time>2024-10-14T15:50:50Z</time></trkpt>
<trkpt lat="45.363516" lon="-75.848787"><ele>23.0</ele><time>2024-10-14T15:50:51Z</time></trkpt>
<trkpt lat="45.363519" lon="-75.848751"><ele>23.0</ele><time>2024-10-14T15:50:52Z</time></trkpt>
<trkpt lat="45.363519" lon="-75.848724"><ele>23.0</ele><time>2024-10-14T15:50:53Z</time></trkpt>
<trkpt lat="45.363519" lon="-75.848688"><ele>23.0</ele><time>2024-10-14T15:50:54Z</time></trkpt>
<trkpt lat="45.363519" lon="-75.848661"><ele>23.0</ele><time>2024-10-14T15:50:55Z</time></trkpt>
<trkpt lat="45.363519" lon="-75.848625"><ele>23.0</ele><time>2024-10-14T15:50:56Z</time></trkpt>
<trkpt lat="45.363522" lon="-75.848598"><ele>23.0</ele><time>2024-10-14T15:50:57Z</time></trkpt>
<trkpt lat="45.363526" lon="-75.848571"><ele>23.0</ele><time>2024-10-14T15:50:58Z</time></trkpt>
<trkpt lat="45.363526" lon="-75.848536"><ele>23.0</ele><time>2024-10-14T15:50:59Z</time></trkpt>
<trkpt lat="45.363526" lon="-75.848509"><ele>23.0</ele><time>2024-10-14T15:51:00Z</time></trkpt>
<trkpt lat="45.363529" lon="-75.848473"><ele>23.0</ele><time>2024-10-14T15:51:01Z</time></trkpt>
<trkpt lat="45.363529" lon="-75.848446"><ele>23.0</ele><time>2024-10-14T15:51:02Z</time></trkpt>
<trkpt lat="45.363529" lon="-75.84841"><ele>23.0</ele><time>2024-10-14T15:51:03Z</time></trkpt>
<trkpt lat="45.363529" lon="-75.848383"><ele>23.0</ele><time>2024-10-14T15:51:04Z</time></trkpt>
<trkpt lat="45.363529" lon="-75.848347"><ele>23.0</ele><time>2024-10-14T15:51:05Z</time></trkpt>
<trkpt lat="45.363529" lon="-75.84832"><ele>23.0</ele><time>2024-10-14T15:51:06Z</time></trkpt>
<trkpt lat="45.363529" lon="-75.848284"><ele>23.0</ele><time>2024-10-14T15:51:07Z</time></trkpt>
<trkpt lat="45.363526" lon="-75.848257"><ele>22.0</ele><time>2024-10-14T15:51:08Z</time></trkpt>
<trkpt lat="45.363529" lon="-75.848221"><ele>23.0</ele><time>2024-10-14T15:51:09Z</time></trkpt>
<trkpt lat="45.363529" lon="-75.848185"><ele>23.0</ele><time>2024-10-14T15:51:10Z</time></trkpt>
<trkpt lat="45.363529" lon="-75.848149"><ele>23.0</ele><time>2024-10-14T15:51:11Z</time></trkpt>
<trkpt lat="45.363532" lon="-75.848122"><ele>23.0</ele><time>2024-10-14T15:51:12Z</time></trkpt>
<trkpt lat="45.363532" lon="-75.848086"><ele>23.0</ele><time>2024-10-14T15:51:13Z</time></trkpt>
<trkpt lat="45.363532" lon="-75.84805"><ele>23.0</ele><time>2024-10-14T15:51:14Z</time></trkpt>
<trkpt lat="45.363535" lon="-75.848015"><ele>23.0</ele><time>2024-10-14T15:51:15Z</time></trkpt>
<trkpt lat="45.363535" lon="-75.847988"><ele>23.0</ele><time>2024-10-14T15:51:16Z</time></trkpt>
<trkpt lat="45.363535" lon="-75.847952"><ele>23.0</ele><time>2024-10-14T15:51:17Z</time></trkpt>
<trkpt lat="45.363538" lon="-75.847925"><ele>23.0</ele><time>2024-10-14T15:51:18Z</time></trkpt>
<trkpt lat="45.363541" lon="-75.847889"><ele>23.0</ele><time>2024-10-14T15:51:19Z</time></trkpt>
<trkpt lat="45.363541" lon="-75.847862"><ele>23.0</ele><time>2024-10-14T15:51:20Z</time></trkpt>
<trkpt lat="45.363545" lon="-75.847826"><ele>23.0</ele><time>2024-10-14T15:51:21Z</time></trkpt>
<trkpt lat="45.363548" lon="-75.847799"><ele>23.0</ele><time>2024-10-14T15:51:22Z</time></trkpt>
<trkpt lat="45.363551" lon="-75.847763"><ele>23.0</ele><time>2024-10-14T15:51:23Z</time></trkpt>
<trkpt lat="45.363554" lon="-75.847727"><ele>23.0</ele><time>2024-10-14T15:51:24Z</time></trkpt>
<trkpt lat="45.363554" lon="-75.8477"><ele>23.0</ele><time>2024-10-14T15:51:25Z</time></trkpt>
<trkpt lat="45.363557" lon="-75.847673"><ele>23.0</ele><time>2024-10-14T15:51:26Z</time></trkpt>
<trkpt lat="45.36356" lon="-75.847646"><ele>23.0</ele><time>2024-10-14T15:51:27Z</time></trkpt>
<trkpt lat="45.363564" lon="-75.84761"><ele>23.0</ele><time>2024-10-14T15:51:28Z</time></trkpt>
<trkpt lat="45.363567" lon="-75.847583"><ele>23.0</ele><time>2024-10-14T15:51:29Z</time></trkpt>
<trkpt lat="45.363573" lon="-75.847556"><ele>23.0</ele><time>2024-10-14T15:51:30Z</time></trkpt>
<trkpt lat="45.363579" lon="-75.847529"><ele>23.0</ele><time>2024-10-14T15:51:31Z</time></trkpt>
<trkpt lat="45.363583" lon="-75.847503"><ele>23.0</ele><time>2024-10-14T15:51:32Z</time></trkpt>
<trkpt lat="45.363589" lon="-75.847476"><ele>23.0</ele><time>2024-10-14T15:51:33Z</time></trkpt>
<trkpt lat="45.363592" lon="-75.847449"><ele>23.0</ele><time>2024-10-14T15:51:34Z</time></trkpt>
<trkpt lat="45.363595" lon="-75.847422"><ele>23.0</ele><time>2024-10-14T15:51:35Z</time></trkpt>
<trkpt lat="45.363598" lon="-75.847395"><ele>23.0</ele><time>2024-10-14T15:51:36Z</time></trkpt>
<trkpt lat="45.363602" lon="-75.847368"><ele>23.0</ele><time>2024-10-14T15:51:37Z</time></trkpt>
<trkpt lat="45.363605" lon="-75.847341"><ele>23.0</ele><time>2024-10-14T15:51:38Z</time></trkpt>
<trkpt lat="45.363608" lon="-75.847314"><ele>23.0</ele><time>2024-10-14T15:51:39Z</time></trkpt>
<trkpt lat="45.363611" lon="-75.847287"><ele>23.0</ele><time>2024-10-14T15:51:40Z</time></trkpt>
<trkpt lat="45.363617" lon="-75.84726"><ele>23.0</ele><time>2024-10-14T15:51:41Z</time></trkpt>
<trkpt lat="45.363624" lon="-75.847242"><ele>23.0</ele><time>2024-10-14T15:51:42Z</time></trkpt>
<trkpt lat="45.363627" lon="-75.847215"><ele>23.0</ele><time>2024-10-14T15:51:43Z</time></trkpt>
<trkpt lat="45.363633" lon="-75.847188"><ele>23.0</ele><time>2024-10-14T15:51:44Z</time></trkpt>
<trkpt lat="45.363636" lon="-75.847161"><ele>23.0</ele><time>2024-10-14T15:51:45Z</time></trkpt>
<trkpt lat="45.36364" lon="-75.847134"><ele>23.0</ele><time>2024-10-14T15:51:46Z</time></trkpt>
<trkpt lat="45.36364" lon="-75.847107"><ele>23.0</ele><time>2024-10-14T15:51:47Z</time></trkpt>
<trkpt lat="45.36364" lon="-75.84708"><ele>23.0</ele><time>2024-10-14T15:51:48Z</time></trkpt>
<trkpt lat="45.36364" lon="-75.847053"><ele>23.0</ele><time>2024-10-14T15:51:49Z</time></trkpt>
<trkpt lat="45.36364" lon="-75.847026"><ele>23.0</ele><time>2024-10-14T15:51:50Z</time></trkpt>
<trkpt lat="45.363643" lon="-75.846999"><ele>23.0</ele><time>2024-10-14T15:51:51Z</time></trkpt>
<trkpt lat="45.363643" lon="-75.846973"><ele>23.0</ele><time>2024-10-14T15:51:52Z</time></trkpt>
<trkpt lat="45.363646" lon="-75.846937"><ele>23.0</ele><time>2024-10-14T15:51:53Z</time></trkpt>
<trkpt lat="45.363649" lon="-75.84691"><ele>23.0</ele><time>2024-10-14T15:51:54Z</time></trkpt>
<trkpt lat="45.363655" lon="-75.846883"><ele>23.0</ele><time>2024-10-14T15:51:55Z</time></trkpt>
<trkpt lat="45.363659" lon="-75.846856"><ele>23.0</ele><time>2024-10-14T15:51:56Z</time></trkpt>
<trkpt lat="45.363662" lon="-75.846829"><ele>23.0</ele><time>2024-10-14T15:51:57Z</time></trkpt>
<trkpt lat="45.363668" lon="-75.846802"><ele>23.0</ele><time>2024-10-14T15:51:58Z</time></trkpt>
<trkpt lat="45.363671" lon="-75.846775"><ele>23.0</ele><time>2024-10-14T15:51:59Z</time></trkpt>
<trkpt lat="45.363674" lon="-75.846748"><ele>23.0</ele><time>2024-10-14T15:52:00Z</time></trkpt>
<trkpt lat="45.363681" lon="-75.846721"><ele>23.0</ele><time>2024-10-14T15:52:01Z</time></trkpt>
<trkpt lat="45.363684" lon="-75.846694"><ele>23.0</ele><time>2024-10-14T15:52:02Z</time></trkpt>
<trkpt lat="45.363687" lon="-75.846667"><ele>23.0</ele><time>2024-10-14T15:52:03Z</time></trkpt>
<trkpt lat="45.363693" lon="-75.84664"><ele>22.0</ele><time>2024-10-14T15:52:04Z</time></trkpt>
<trkpt lat="45.363697" lon="-75.846613"><ele>23.0</ele><time>2024-10-14T15:52:05Z</time></trkpt>
<trkpt lat="45.363703" lon="-75.846586"><ele>22.0</ele><time>2024-10-14T15:52:06Z</time></trkpt>
<trkpt lat="45.363706" lon="-75.846559"><ele>22.0</ele><time>2024-10-14T15:52:07Z</time></trkpt>
<trkpt lat="45.363709" lon="-75.846532"><ele>22.0</ele><time>2024-10-14T15:52:08Z</time></trkpt>
<trkpt lat="45.363712" lon="-75.846505"><ele>22.0</ele><time>2024-10-14T15:52:09Z</time></trkpt>
<trkpt lat="45.363719" lon="-75.846487"><ele>22.0</ele><time>2024-10-14T15:52:10Z</time></trkpt>
<trkpt lat="45.363722" lon="-75.846461"><ele>22.0</ele><time>2024-10-14T15:52:11Z</time></trkpt>
<trkpt lat="45.363725" lon="-75.846434"><ele>22.0</ele><time>2024-10-14T15:52:12Z</time></trkpt>
<trkpt lat="45.363725" lon="-75.846407"><ele>22.0</ele><time>2024-10-14T15:52:13Z</time></trkpt>
<trkpt lat="45.363728" lon="-75.84638"><ele>22.0</ele><time>2024-10-14T15:52:14Z</time></trkpt>
<trkpt lat="45.363731" lon="-75.846353"><ele>22.0</ele><time>2024-10-14T15:52:15Z</time></trkpt>
<trkpt lat="45.363735" lon="-75.846326"><ele>22.0</ele><time>2024-10-14T15:52:16Z</time></trkpt>
<trkpt lat="45.363735" lon="-75.846299"><ele>23.0</ele><time>2024-10-14T15:52:17Z</time></trkpt>
<trkpt lat="45.363738" lon="-75.846272"><ele>23.0</ele><time>2024-10-14T15:52:18Z</time></trkpt>
<trkpt lat="45.363744" lon="-75.846245"><ele>23.0</ele><time>2024-10-14T15:52:19Z</time></trkpt>
<trkpt lat="45.363747" lon="-75.846218"><ele>23.0</ele><time>2024-10-14T15:52:20Z</time></trkpt>
<trkpt lat="45.36375" lon="-75.846191"><ele>22.0</ele><time>2024-10-14T15:52:21Z</time></trkpt>
<trkpt lat="45.363754" lon="-75.846164"><ele>22.0</ele><time>2024-10-14T15:52:22Z</time></trkpt>
<trkpt lat="45.363757" lon="-75.846146"><ele>22.0</ele><time>2024-10-14T15:52:23Z</time></trkpt>
<trkpt lat="45.36376" lon="-75.846119"><ele>22.0</ele><time>2024-10-14T15:52:24Z</time></trkpt>
<trkpt lat="45.363763" lon="-75.846092"><ele>23.0</ele><time>2024-10-14T15:52:25Z</time></trkpt>
<trkpt lat="45.363763" lon="-75.846065"><ele>23.0</ele><time>2024-10-14T15:52:26Z</time></trkpt>
<trkpt lat="45.363763" lon="-75.846038"><ele>22.0</ele><time>2024-10-14T15:52:27Z</time></trkpt>
<trkpt lat="45.363763" lon="-75.846011"><ele>22.0</ele><time>2024-10-14T15:52:28Z</time></trkpt>
<trkpt lat="45.36376" lon="-75.845975"><ele>22.0</ele><time>2024-10-14T15:52:29Z</time></trkpt>
<trkpt lat="45.36376" lon="-75.845949"><ele>22.0</ele><time>2024-10-14T15:52:30Z</time></trkpt>
<trkpt lat="45.363763" lon="-75.845913"><ele>22.0</ele><time>2024-10-14T15:52:31Z</time></trkpt>
<trkpt lat="45.363766" lon="-75.845886"><ele>23.0</ele><time>2024-10-14T15:52:32Z</time></trkpt>
<trkpt lat="45.363769" lon="-75.84585"><ele>22.0</ele><time>2024-10-14T15:52:33Z</time></trkpt>
<trkpt lat="45.363773" lon="-75.845823"><ele>23.0</ele><time>2024-10-14T15:52:34Z</time></trkpt>
<trkpt lat="45.363776" lon="-75.845796"><ele>23.0</ele><time>2024-10-14T15:52:35Z</time></trkpt>
<trkpt lat="45.363776" lon="-75.84576"><ele>23.0</ele><time>2024-10-14T15:52:36Z</time></trkpt>
<trkpt lat="45.363779" lon="-75.845733"><ele>22.0</ele><time>2024-10-14T15:52:37Z</time></trkpt>
<trkpt lat="45.363788" lon="-75.845697"><ele>22.0</ele><time>2024-10-14T15:52:38Z</time></trkpt>
<trkpt lat="45.363792" lon="-75.84567"><ele>23.0</ele><time>2024-10-14T15:52:39Z</time></trkpt>
<trkpt lat="45.363795" lon="-75.845643"><ele>22.0</ele><time>2024-10-14T15:52:40Z</time></trkpt>
<trkpt lat="45.363795" lon="-75.845616"><ele>23.0</ele><time>2024-10-14T15:52:41Z</time></trkpt>
<trkpt lat="45.363798" lon="-75.84558"><ele>22.0</ele><time>2024-10-14T15:52:42Z</time></trkpt>
<trkpt lat="45.363798" lon="-75.845553"><ele>22.0</ele><time>2024-10-14T15:52:43Z</time></trkpt>
<trkpt lat="45.363798" lon="-75.845517"><ele>22.0</ele><time>2024-10-14T15:52:44Z</time></trkpt>
<trkpt lat="45.363798" lon="-75.84549"><ele>22.0</ele><time>2024-10-14T15:52:45Z</time></trkpt>
<trkpt lat="45.363798" lon="-75.845463"><ele>22.0</ele><time>2024-10-14T15:52:46Z</time></trkpt>
<trkpt lat="45.363801" lon="-75.845428"><ele>22.0</ele><time>2024-10-14T15:52:47Z</time></trkpt>
<trkpt lat="45.363801" lon="-75.845401"><ele>22.0</ele><time>2024-10-14T15:52:48Z</time></trkpt>
<trkpt lat="45.363804" lon="-75.845365"><ele>22.0</ele><time>2024-10-14T15:52:49Z</time></trkpt>
<trkpt lat="45.363804" lon="-75.845338"><ele>23.0</ele><time>2024-10-14T15:52:50Z</time></trkpt>
<trkpt lat="45.363801" lon="-75.845311"><ele>23.0</ele><time>2024-10-14T15:52:51Z</time></trkpt>
<trkpt lat="45.363804" lon="-75.845275"><ele>23.0</ele><time>2024-10-14T15:52:52Z</time></trkpt>
<trkpt lat="45.363804" lon="-75.845248"><ele>23.0</ele><time>2024-10-14T15:52:53Z</time></trkpt>
<trkpt lat="45.363807" lon="-75.845212"><ele>23.0</ele><time>2024-10-14T15:52:54Z</time></trkpt>
<trkpt lat="45.363807" lon="-75.845185"><ele>23.0</ele><time>2024-10-14T15:52:55Z</time></trkpt>
<trkpt lat="45.363811" lon="-75.845158"><ele>23.0</ele><time>2024-10-14T15:52:56Z</time></trkpt>
<trkpt lat="45.363811" lon="-75.845122"><ele>23.0</ele><time>2024-10-14T15:52:57Z</time></trkpt>
<trkpt lat="45.363811" lon="-75.845095"><ele>23.0</ele><time>2024-10-14T15:52:58Z</time></trkpt>
<trkpt lat="45.363814" lon="-75.845059"><ele>23.0</ele><time>2024-10-14T15:52:59Z</time></trkpt>
<trkpt lat="45.363817" lon="-75.845032"><ele>23.0</ele><time>2024-10-14T15:53:00Z</time></trkpt>
<trkpt lat="45.363817" lon="-75.845005"><ele>23.0</ele><time>2024-10-14T15:53:01Z</time></trkpt>
<trkpt lat="45.36382" lon="-75.844978"><ele>23.0</ele><time>2024-10-14T15:53:02Z</time></trkpt>
<trkpt lat="45.36382" lon="-75.844942"><ele>23.0</ele><time>2024-10-14T15:53:03Z</time></trkpt>
<trkpt lat="45.363823" lon="-75.844915"><ele>23.0</ele><time>2024-10-14T15:53:04Z</time></trkpt>
<trkpt lat="45.363826" lon="-75.844889"><ele>23.0</ele><time>2024-10-14T15:53:05Z</time></trkpt>
<trkpt lat="45.363826" lon="-75.844862"><ele>23.0</ele><time>2024-10-14T15:53:06Z</time></trkpt>
<trkpt lat="45.36383" lon="-75.844835"><ele>23.0</ele><time>2024-10-14T15:53:07Z</time></trkpt>
<trkpt lat="45.363836" lon="-75.844808"><ele>23.0</ele><time>2024-10-14T15:53:08Z</time></trkpt>
<trkpt lat="45.363836" lon="-75.844781"><ele>23.0</ele><time>2024-10-14T15:53:09Z</time></trkpt>
<trkpt lat="45.363836" lon="-75.844745"><ele>23.0</ele><time>2024-10-14T15:53:10Z</time></trkpt>
<trkpt lat="45.363839" lon="-75.844718"><ele>23.0</ele><time>2024-10-14T15:53:11Z</time></trkpt>
<trkpt lat="45.363842" lon="-75.844691"><ele>23.0</ele><time>2024-10-14T15:53:12Z</time></trkpt>
<trkpt lat="45.363842" lon="-75.844664"><ele>23.0</ele><time>2024-10-14T15:53:13Z</time></trkpt>
<trkpt lat="45.363845" lon="-75.844637"><ele>23.0</ele><time>2024-10-14T15:53:14Z</time></trkpt>
<trkpt lat="45.363845" lon="-75.844601"><ele>23.0</ele><time>2024-10-14T15:53:15Z</time></trkpt>
<trkpt lat="45.363849" lon="-75.844574"><ele>23.0</ele><time>2024-10-14T15:53:16Z</time></trkpt>
<trkpt lat="45.363849" lon="-75.844547"><ele>23.0</ele><time>2024-10-14T15:53:17Z</time></trkpt>
<trkpt lat="45.363852" lon="-75.844511"><ele>23.0</ele><time>2024-10-14T15:53:18Z</time></trkpt>
<trkpt lat="45.363855" lon="-75.844484"><ele>23.0</ele><time>2024-10-14T15:53:19Z</time></trkpt>
<trkpt lat="45.363858" lon="-75.844457"><ele>23.0</ele><time>2024-10-14T15:53:20Z</time></trkpt>
<trkpt lat="45.363861" lon="-75.844421"><ele>23.0</ele><time>2024-10-14T15:53:21Z</time></trkpt>
<trkpt lat="45.363864" lon="-75.844394"><ele>23.0</ele><time>2024-10-14T15:53:22Z</time></trkpt>
<trkpt lat="45.363868" lon="-75.844368"><ele>23.0</ele><time>2024-10-14T15:53:23Z</time></trkpt>
<trkpt lat="45.363871" lon="-75.844341"><ele>23.0</ele><time>2024-10-14T15:53:24Z</time></trkpt>
<trkpt lat="45.363874" lon="-75.844305"><ele>23.0</ele><time>2024-10-14T15:53:25Z</time></trkpt>
<trkpt lat="45.363874" lon="-75.844278"><ele>23.0</ele><time>2024-10-14T15:53:26Z</time></trkpt>
<trkpt lat="45.363877" lon="-75.844251"><ele>23.0</ele><time>2024-10-14T15:53:27Z</time></trkpt>
<trkpt lat="45.36388" lon="-75.844215"><ele>23.0</ele><time>2024-10-14T15:53:28Z</time></trkpt>
<trkpt lat="45.36388" lon="-75.844188"><ele>23.0</ele><time>2024-10-14T15:53:29Z</time></trkpt>
<trkpt lat="45.363883" lon="-75.844152"><ele>23.0</ele><time>2024-10-14T15:53:30Z</time></trkpt>
<trkpt lat="45.363887" lon="-75.844116"><ele>23.0</ele><time>2024-10-14T15:53:31Z</time></trkpt>
<trkpt lat="45.36389" lon="-75.844089"><ele>23.0</ele><time>2024-10-14T15:53:32Z</time></trkpt>
<trkpt lat="45.363896" lon="-75.844053"><ele>23.0</ele><time>2024-10-14T15:53:33Z</time></trkpt>
<trkpt lat="45.363902" lon="-75.844026"><ele>23.0</ele><time>2024-10-14T15:53:34Z</time></trkpt>
<trkpt lat="45.363909" lon="-75.84399"><ele>23.0</ele><time>2024-10-14T15:53:35Z</time></trkpt>
<trkpt lat="45.363918" lon="-75.843963"><ele>23.0</ele><time>2024-10-14T15:53:36Z</time></trkpt>
<trkpt lat="45.363925" lon="-75.843936"><ele>23.0</ele><time>2024-10-14T15:53:37Z</time></trkpt>
<trkpt lat="45.363931" lon="-75.843909"><ele>23.0</ele><time>2024-10-14T15:53:38Z</time></trkpt>
<trkpt lat="45.363937" lon="-75.843873"><ele>23.0</ele><time>2024-10-14T15:53:39Z</time></trkpt>
<trkpt lat="45.363944" lon="-75.843847"><ele>23.0</ele><time>2024-10-14T15:53:40Z</time></trkpt>
<trkpt lat="45.36395" lon="-75.84382"><ele>22.0</ele><time>2024-10-14T15:53:41Z</time></trkpt>
<trkpt lat="45.363956" lon="-75.843793"><ele>22.0</ele><time>2024-10-14T15:53:42Z</time></trkpt>
<trkpt lat="45.363963" lon="-75.843757"><ele>22.0</ele><time>2024-10-14T15:53:43Z</time></trkpt>
<trkpt lat="45.363969" lon="-75.84373"><ele>22.0</ele><time>2024-10-14T15:53:44Z</time></trkpt>
<trkpt lat="45.363975" lon="-75.843703"><ele>22.0</ele><time>2024-10-14T15:53:45Z</time></trkpt>
<trkpt lat="45.363982" lon="-75.843676"><ele>22.0</ele><time>2024-10-14T15:53:46Z</time></trkpt>
<trkpt lat="45.363988" lon="-75.84364"><ele>22.0</ele><time>2024-10-14T15:53:47Z</time></trkpt>
<trkpt lat="45.363997" lon="-75.843613"><ele>22.0</ele><time>2024-10-14T15:53:48Z</time></trkpt>
<trkpt lat="45.364004" lon="-75.843586"><ele>22.0</ele><time>2024-10-14T15:53:49Z</time></trkpt>
<trkpt lat="45.36401" lon="-75.843559"><ele>22.0</ele><time>2024-10-14T15:53:50Z</time></trkpt>
<trkpt lat="45.364016" lon="-75.843532"><ele>22.0</ele><time>2024-10-14T15:53:51Z</time></trkpt>
<trkpt lat="45.364026" lon="-75.843505"><ele>22.0</ele><time>2024-10-14T15:53:52Z</time></trkpt>
<trkpt lat="45.364035" lon="-75.843478"><ele>22.0</ele><time>2024-10-14T15:53:53Z</time></trkpt>
<trkpt lat="45.364045" lon="-75.843451"><ele>22.0</ele><time>2024-10-14T15:53:54Z</time></trkpt>
<trkpt lat="45.364054" lon="-75.843424"><ele>22.0</ele><time>2024-10-14T15:53:55Z</time></trkpt>
<trkpt lat="45.364064" lon="-75.843397"><ele>22.0</ele><time>2024-10-14T15:53:56Z</time></trkpt>
<trkpt lat="45.364073" lon="-75.84337"><ele>22.0</ele><time>2024-10-14T15:53:57Z</time></trkpt>
<trkpt lat="45.364086" lon="-75.843343"><ele>22.0</ele><time>2024-10-14T15:53:58Z</time></trkpt>
<trkpt lat="45.364096" lon="-75.843317"><ele>22.0</ele><time>2024-10-14T15:53:59Z</time></trkpt>
<trkpt lat="45.364105" lon="-75.84329"><ele>22.0</ele><time>2024-10-14T15:54:00Z</time></trkpt>
<trkpt lat="45.364115" lon="-75.843263"><ele>22.0</ele><time>2024-10-14T15:54:01Z</time></trkpt>
<trkpt lat="45.364124" lon="-75.843227"><ele>22.0</ele><time>2024-10-14T15:54:02Z</time></trkpt>
<trkpt lat="45.364137" lon="-75.8432"><ele>22.0</ele><time>2024-10-14T15:54:03Z</time></trkpt>
<trkpt lat="45.364149" lon="-75.843173"><ele>22.0</ele><time>2024-10-14T15:54:04Z</time></trkpt>
<trkpt lat="45.364165" lon="-75.843146"><ele>22.0</ele><time>2024-10-14T15:54:05Z</time></trkpt>
<trkpt lat="45.364178" lon="-75.843119"><ele>22.0</ele><time>2024-10-14T15:54:06Z</time></trkpt>
<trkpt lat="45.364191" lon="-75.843092"><ele>22.0</ele><time>2024-10-14T15:54:07Z</time></trkpt>
<trkpt lat="45.3642" lon="-75.843065"><ele>22.0</ele><time>2024-10-14T15:54:08Z</time></trkpt>
<trkpt lat="45.364206" lon="-75.843029"><ele>22.0</ele><time>2024-10-14T15:54:09Z</time></trkpt>
<trkpt lat="45.364213" lon="-75.843002"><ele>22.0</ele><time>2024-10-14T15:54:10Z</time></trkpt>
<trkpt lat="45.364216" lon="-75.842975"><ele>22.0</ele><time>2024-10-14T15:54:11Z</time></trkpt>
<trkpt lat="45.364219" lon="-75.842939"><ele>22.0</ele><time>2024-10-14T15:54:12Z</time></trkpt>
<trkpt lat="45.364225" lon="-75.842912"><ele>22.0</ele><time>2024-10-14T15:54:13Z</time></trkpt>
<trkpt lat="45.364232" lon="-75.842885"><ele>22.0</ele><time>2024-10-14T15:54:14Z</time></trkpt>
<trkpt lat="45.364238" lon="-75.842858"><ele>22.0</ele><time>2024-10-14T15:54:15Z</time></trkpt>
<trkpt lat="45.364244" lon="-75.842831"><ele>22.0</ele><time>2024-10-14T15:54:16Z</time></trkpt>
<trkpt lat="45.364251" lon="-75.842805"><ele>22.0</ele><time>2024-10-14T15:54:17Z</time></trkpt>
<trkpt lat="45.364257" lon="-75.842778"><ele>22.0</ele><time>2024-10-14T15:54:18Z</time></trkpt>
<trkpt lat="45.36426" lon="-75.842742"><ele>22.0</ele><time>2024-10-14T15:54:19Z</time></trkpt>
<trkpt lat="45.36426" lon="-75.842715"><ele>22.0</ele><time>2024-10-14T15:54:20Z</time></trkpt>
<trkpt lat="45.364263" lon="-75.842688"><ele>22.0</ele><time>2024-10-14T15:54:21Z</time></trkpt>
<trkpt lat="45.364267" lon="-75.842652"><ele>22.0</ele><time>2024-10-14T15:54:22Z</time></trkpt>
<trkpt lat="45.36427" lon="-75.842625"><ele>22.0</ele><time>2024-10-14T15:54:23Z</time></trkpt>
<trkpt lat="45.364273" lon="-75.842598"><ele>22.0</ele><time>2024-10-14T15:54:24Z</time></trkpt>
<trkpt lat="45.364279" lon="-75.842571"><ele>22.0</ele><time>2024-10-14T15:54:25Z</time></trkpt>
<trkpt lat="45.364282" lon="-75.842535"><ele>22.0</ele><time>2024-10-14T15:54:26Z</time></trkpt>
<trkpt lat="45.364285" lon="-75.842508"><ele>22.0</ele><time>2024-10-14T15:54:27Z</time></trkpt>
<trkpt lat="45.364289" lon="-75.842472"><ele>22.0</ele><time>2024-10-14T15:54:28Z</time></trkpt>
<trkpt lat="45.364292" lon="-75.842445"><ele>22.0</ele><time>2024-10-14T15:54:29Z</time></trkpt>
<trkpt lat="45.364295" lon="-75.842409"><ele>22.0</ele><time>2024-10-14T15:54:30Z</time></trkpt>
<trkpt lat="45.364301" lon="-75.842373"><ele>22.0</ele><time>2024-10-14T15:54:31Z</time></trkpt>
<trkpt lat="45.364308" lon="-75.842346"><ele>22.0</ele><time>2024-10-14T15:54:32Z</time></trkpt>
<trkpt lat="45.364311" lon="-75.84231"><ele>22.0</ele><time>2024-10-14T15:54:33Z</time></trkpt>
<trkpt lat="45.364314" lon="-75.842275"><ele>22.0</ele><time>2024-10-14T15:54:34Z</time></trkpt>
<trkpt lat="45.36432" lon="-75.842239"><ele>22.0</ele><time>2024-10-14T15:54:35Z</time></trkpt>
<trkpt lat="45.364327" lon="-75.842203"><ele>21.0</ele><time>2024-10-14T15:54:36Z</time></trkpt>
<trkpt lat="45.36433" lon="-75.842158"><ele>22.0</ele><time>2024-10-14T15:54:37Z</time></trkpt>
<trkpt lat="45.364336" lon="-75.842122"><ele>21.0</ele><time>2024-10-14T15:54:38Z</time></trkpt>
<trkpt lat="45.364342" lon="-75.842086"><ele>21.0</ele><time>2024-10-14T15:54:39Z</time></trkpt>
<trkpt lat="45.364349" lon="-75.84205"><ele>22.0</ele><time>2024-10-14T15:54:40Z</time></trkpt>
<trkpt lat="45.364355" lon="-75.842014"><ele>21.0</ele><time>2024-10-14T15:54:41Z</time></trkpt>
<trkpt lat="45.364361" lon="-75.841978"><ele>21.0</ele><time>2024-10-14T15:54:42Z</time></trkpt>
<trkpt lat="45.364371" lon="-75.841942"><ele>22.0</ele><time>2024-10-14T15:54:43Z</time></trkpt>
<trkpt lat="45.364377" lon="-75.841906"><ele>21.0</ele><time>2024-10-14T15:54:44Z</time></trkpt>
<trkpt lat="45.364387" lon="-75.841879"><ele>21.0</ele><time>2024-10-14T15:54:45Z</time></trkpt>
<trkpt lat="45.364396" lon="-75.841843"><ele>21.0</ele><time>2024-10-14T15:54:46Z</time></trkpt>
<trkpt lat="45.364406" lon="-75.841816"><ele>21.0</ele><time>2024-10-14T15:54:47Z</time></trkpt>
<trkpt lat="45.364412" lon="-75.84178"><ele>21.0</ele><time>2024-10-14T15:54:48Z</time></trkpt>
<trkpt lat="45.364415" lon="-75.841754"><ele>21.0</ele><time>2024-10-14T15:54:49Z</time></trkpt>
<trkpt lat="45.364422" lon="-75.841718"><ele>21.0</ele><time>2024-10-14T15:54:50Z</time></trkpt>
<trkpt lat="45.364425" lon="-75.841682"><ele>21.0</ele><time>2024-10-14T15:54:51Z</time></trkpt>
<trkpt lat="45.364428" lon="-75.841655"><ele>21.0</ele><time>2024-10-14T15:54:52Z</time></trkpt>
<trkpt lat="45.364434" lon="-75.841619"><ele>21.0</ele><time>2024-10-14T15:54:53Z</time></trkpt>
<trkpt lat="45.364434" lon="-75.841592"><ele>21.0</ele><time>2024-10-14T15:54:54Z</time></trkpt>
<trkpt lat="45.364437" lon="-75.841556"><ele>21.0</ele><time>2024-10-14T15:54:55Z</time></trkpt>
<trkpt lat="45.364441" lon="-75.84152"><ele>21.0</ele><time>2024-10-14T15:54:56Z</time></trkpt>
<trkpt lat="45.364447" lon="-75.841484"><ele>21.0</ele><time>2024-10-14T15:54:57Z</time></trkpt>
<trkpt lat="45.36445" lon="-75.841457"><ele>21.0</ele><time>2024-10-14T15:54:58Z</time></trkpt>
<trkpt lat="45.364456" lon="-75.841421"><ele>21.0</ele><time>2024-10-14T15:54:59Z</time></trkpt>
<trkpt lat="45.364466" lon="-75.841385"><ele>22.0</ele><time>2024-10-14T15:55:00Z</time></trkpt>
<trkpt lat="45.364472" lon="-75.841358"><ele>21.0</ele><time>2024-10-14T15:55:01Z</time></trkpt>
<trkpt lat="45.364479" lon="-75.841322"><ele>22.0</ele><time>2024-10-14T15:55:02Z</time></trkpt>
<trkpt lat="45.364485" lon="-75.841286"><ele>22.0</ele><time>2024-10-14T15:55:03Z</time></trkpt>
<trkpt lat="45.364491" lon="-75.841259"><ele>22.0</ele><time>2024-10-14T15:55:04Z</time></trkpt>
<trkpt lat="45.364498" lon="-75.841224"><ele>22.0</ele><time>2024-10-14T15:55:05Z</time></trkpt>
<trkpt lat="45.364504" lon="-75.841197"><ele>22.0</ele><time>2024-10-14T15:55:06Z</time></trkpt>
<trkpt lat="45.36451" lon="-75.841161"><ele>22.0</ele><time>2024-10-14T15:55:07Z</time></trkpt>
<trkpt lat="45.36452" lon="-75.841134"><ele>22.0</ele><time>2024-10-14T15:55:08Z</time></trkpt>
<trkpt lat="45.364529" lon="-75.841107"><ele>22.0</ele><time>2024-10-14T15:55:09Z</time></trkpt>
<trkpt lat="45.364539" lon="-75.841071"><ele>22.0</ele><time>2024-10-14T15:55:10Z</time></trkpt>
<trkpt lat="45.364548" lon="-75.841044"><ele>22.0</ele><time>2024-10-14T15:55:11Z</time></trkpt>
<trkpt lat="45.364558" lon="-75.841017"><ele>22.0</ele><time>2024-10-14T15:55:12Z</time></trkpt>
<trkpt lat="45.36457" lon="-75.84099"><ele>22.0</ele><time>2024-10-14T15:55:13Z</time></trkpt>
<trkpt lat="45.364583" lon="-75.840972"><ele>22.0</ele><time>2024-10-14T15:55:14Z</time></trkpt>
<trkpt lat="45.364593" lon="-75.840945"><ele>22.0</ele><time>2024-10-14T15:55:15Z</time></trkpt>
<trkpt lat="45.364602" lon="-75.840918"><ele>22.0</ele><time>2024-10-14T15:55:16Z</time></trkpt>
<trkpt lat="45.364608" lon="-75.840891"><ele>22.0</ele><time>2024-10-14T15:55:17Z</time></trkpt>
<trkpt lat="45.364615" lon="-75.840864"><ele>22.0</ele><time>2024-10-14T15:55:18Z</time></trkpt>
<trkpt lat="45.364618" lon="-75.840846"><ele>22.0</ele><time>2024-10-14T15:55:19Z</time></trkpt>
<trkpt lat="45.364621" lon="-75.840819"><ele>22.0</ele><time>2024-10-14T15:55:20Z</time></trkpt>
<trkpt lat="45.364627" lon="-75.840783"><ele>23.0</ele><time>2024-10-14T15:55:21Z</time></trkpt>
<trkpt lat="45.364634" lon="-75.840756"><ele>23.0</ele><time>2024-10-14T15:55:22Z</time></trkpt>
<trkpt lat="45.364634" lon="-75.840756"><ele>23.0</ele><time>2024-10-14T15:55:23Z</time></trkpt>
<trkpt lat="45.36464" lon="-75.840721"><ele>22.0</ele><time>2024-10-14T15:55:23Z</time></trkpt>
<trkpt lat="45.364646" lon="-75.840694"><ele>21.0</ele><time>2024-10-14T15:55:24Z</time></trkpt>
<trkpt lat="45.36465" lon="-75.840658"><ele>22.0</ele><time>2024-10-14T15:55:25Z</time></trkpt>
</trkseg></trk></gpx>
