<?xml version="1.0" encoding="UTF-8"?> <gpx xmlns:xsi="http://www.w3.org/2001/XMLSchema-instance" version="1.1" xmlns="http://www.topografix.com/GPX/1/1" creator="Galileo Offline Maps" xsi:schemaLocation="http://www.topografix.com/GPX/1/1 http://www.topografix.com/GPX/1/1/gpx.xsd"><trk><name>Untitled Track</name><desc></desc><type>TrackStyle_ff7f00c8</type><trkseg>
<trkpt lat="45.369731" lon="-75.811203"><ele>24.0</ele><time>2024-06-08T16:08:08Z</time></trkpt>
<trkpt lat="45.369725" lon="-75.811221"><ele>25.0</ele><time>2024-06-08T16:08:09Z</time></trkpt>
<trkpt lat="45.369722" lon="-75.81123"><ele>24.0</ele><time>2024-06-08T16:08:10Z</time></trkpt>
<trkpt lat="45.369709" lon="-75.81123"><ele>24.0</ele><time>2024-06-08T16:08:11Z</time></trkpt>
<trkpt lat="45.369693" lon="-75.81123"><ele>24.0</ele><time>2024-06-08T16:08:12Z</time></trkpt>
<trkpt lat="45.369677" lon="-75.811239"><ele>24.0</ele><time>2024-06-08T16:08:13Z</time></trkpt>
<trkpt lat="45.369665" lon="-75.811248"><ele>23.0</ele><time>2024-06-08T16:08:14Z</time></trkpt>
<trkpt lat="45.369655" lon="-75.811257"><ele>24.0</ele><time>2024-06-08T16:08:15Z</time></trkpt>
<trkpt lat="45.369642" lon="-75.811266"><ele>23.0</ele><time>2024-06-08T16:08:16Z</time></trkpt>
<trkpt lat="45.369627" lon="-75.811275"><ele>23.0</ele><time>2024-06-08T16:08:17Z</time></trkpt>
<trkpt lat="45.369614" lon="-75.811275"><ele>23.0</ele><time>2024-06-08T16:08:18Z</time></trkpt>
<trkpt lat="45.369598" lon="-75.811284"><ele>22.0</ele><time>2024-06-08T16:08:19Z</time></trkpt>
<trkpt lat="45.369585" lon="-75.811293"><ele>22.0</ele><time>2024-06-08T16:08:20Z</time></trkpt>
<trkpt lat="45.36957" lon="-75.811302"><ele>22.0</ele><time>2024-06-08T16:08:21Z</time></trkpt>
<trkpt lat="45.369554" lon="-75.811311"><ele>22.0</ele><time>2024-06-08T16:08:22Z</time></trkpt>
<trkpt lat="45.369538" lon="-75.81132"><ele>22.0</ele><time>2024-06-08T16:08:23Z</time></trkpt>
<trkpt lat="45.369522" lon="-75.811329"><ele>22.0</ele><time>2024-06-08T16:08:24Z</time></trkpt>
<trkpt lat="45.369506" lon="-75.811338"><ele>22.0</ele><time>2024-06-08T16:08:25Z</time></trkpt>
<trkpt lat="45.369494" lon="-75.811347"><ele>22.0</ele><time>2024-06-08T16:08:26Z</time></trkpt>
<trkpt lat="45.369481" lon="-75.811356"><ele>22.0</ele><time>2024-06-08T16:08:27Z</time></trkpt>
<trkpt lat="45.369468" lon="-75.811365"><ele>22.0</ele><time>2024-06-08T16:08:28Z</time></trkpt>
<trkpt lat="45.369456" lon="-75.811374"><ele>22.0</ele><time>2024-06-08T16:08:29Z</time></trkpt>
<trkpt lat="45.369443" lon="-75.811383"><ele>22.0</ele><time>2024-06-08T16:08:30Z</time></trkpt>
<trkpt lat="45.36943" lon="-75.811401"><ele>22.0</ele><time>2024-06-08T16:08:31Z</time></trkpt>
<trkpt lat="45.369421" lon="-75.81141"><ele>22.0</ele><time>2024-06-08T16:08:32Z</time></trkpt>
<trkpt lat="45.369408" lon="-75.811419"><ele>22.0</ele><time>2024-06-08T16:08:33Z</time></trkpt>
<trkpt lat="45.369399" lon="-75.811437"><ele>22.0</ele><time>2024-06-08T16:08:34Z</time></trkpt>
<trkpt lat="45.369386" lon="-75.811446"><ele>22.0</ele><time>2024-06-08T16:08:35Z</time></trkpt>
<trkpt lat="45.369377" lon="-75.811455"><ele>22.0</ele><time>2024-06-08T16:08:36Z</time></trkpt>
<trkpt lat="45.369364" lon="-75.811464"><ele>22.0</ele><time>2024-06-08T16:08:37Z</time></trkpt>
<trkpt lat="45.369351" lon="-75.811473"><ele>22.0</ele><time>2024-06-08T16:08:38Z</time></trkpt>
<trkpt lat="45.369342" lon="-75.811482"><ele>22.0</ele><time>2024-06-08T16:08:39Z</time></trkpt>
<trkpt lat="45.369329" lon="-75.81149"><ele>22.0</ele><time>2024-06-08T16:08:40Z</time></trkpt>
<trkpt lat="45.369316" lon="-75.811499"><ele>22.0</ele><time>2024-06-08T16:08:41Z</time></trkpt>
<trkpt lat="45.369301" lon="-75.811499"><ele>22.0</ele><time>2024-06-08T16:08:42Z</time></trkpt>
<trkpt lat="45.369285" lon="-75.811508"><ele>22.0</ele><time>2024-06-08T16:08:43Z</time></trkpt>
<trkpt lat="45.369272" lon="-75.811508"><ele>22.0</ele><time>2024-06-08T16:08:44Z</time></trkpt>
<trkpt lat="45.369253" lon="-75.811517"><ele>22.0</ele><time>2024-06-08T16:08:45Z</time></trkpt>
<trkpt lat="45.369234" lon="-75.811517"><ele>22.0</ele><time>2024-06-08T16:08:46Z</time></trkpt>
<trkpt lat="45.369218" lon="-75.811517"><ele>22.0</ele><time>2024-06-08T16:08:47Z</time></trkpt>
<trkpt lat="45.369202" lon="-75.811517"><ele>23.0</ele><time>2024-06-08T16:08:48Z</time></trkpt>
<trkpt lat="45.369183" lon="-75.811517"><ele>22.0</ele><time>2024-06-08T16:08:49Z</time></trkpt>
<trkpt lat="45.369168" lon="-75.811526"><ele>23.0</ele><time>2024-06-08T16:08:50Z</time></trkpt>
<trkpt lat="45.369152" lon="-75.811526"><ele>23.0</ele><time>2024-06-08T16:08:51Z</time></trkpt>
<trkpt lat="45.369133" lon="-75.811535"><ele>23.0</ele><time>2024-06-08T16:08:52Z</time></trkpt>
<trkpt lat="45.369117" lon="-75.811535"><ele>23.0</ele><time>2024-06-08T16:08:53Z</time></trkpt>
<trkpt lat="45.369101" lon="-75.811544"><ele>23.0</ele><time>2024-06-08T16:08:54Z</time></trkpt>
<trkpt lat="45.369085" lon="-75.811553"><ele>23.0</ele><time>2024-06-08T16:08:55Z</time></trkpt>
<trkpt lat="45.369069" lon="-75.811562"><ele>23.0</ele><time>2024-06-08T16:08:56Z</time></trkpt>
<trkpt lat="45.36905" lon="-75.811571"><ele>23.0</ele><time>2024-06-08T16:08:57Z</time></trkpt>
<trkpt lat="45.369035" lon="-75.81158"><ele>23.0</ele><time>2024-06-08T16:08:58Z</time></trkpt>
<trkpt lat="45.369019" lon="-75.811589"><ele>23.0</ele><time>2024-06-08T16:08:59Z</time></trkpt>
<trkpt lat="45.369003" lon="-75.811598"><ele>23.0</ele><time>2024-06-08T16:09:00Z</time></trkpt>
<trkpt lat="45.36899" lon="-75.811616"><ele>23.0</ele><time>2024-06-08T16:09:01Z</time></trkpt>
<trkpt lat="45.368974" lon="-75.811625"><ele>23.0</ele><time>2024-06-08T16:09:02Z</time></trkpt>
<trkpt lat="45.368962" lon="-75.811634"><ele>23.0</ele><time>2024-06-08T16:09:03Z</time></trkpt>
<trkpt lat="45.368946" lon="-75.811643"><ele>22.0</ele><time>2024-06-08T16:09:04Z</time></trkpt>
<trkpt lat="45.368933" lon="-75.811652"><ele>22.0</ele><time>2024-06-08T16:09:05Z</time></trkpt>
<trkpt lat="45.368921" lon="-75.81167"><ele>22.0</ele><time>2024-06-08T16:09:06Z</time></trkpt>
<trkpt lat="45.368911" lon="-75.811679"><ele>22.0</ele><time>2024-06-08T16:09:07Z</time></trkpt>
<trkpt lat="45.368895" lon="-75.811688"><ele>22.0</ele><time>2024-06-08T16:09:08Z</time></trkpt>
<trkpt lat="45.368879" lon="-75.811697"><ele>22.0</ele><time>2024-06-08T16:09:09Z</time></trkpt>
<trkpt lat="45.368864" lon="-75.811706"><ele>22.0</ele><time>2024-06-08T16:09:10Z</time></trkpt>
<trkpt lat="45.368848" lon="-75.811706"><ele>22.0</ele><time>2024-06-08T16:09:11Z</time></trkpt>
<trkpt lat="45.368829" lon="-75.811715"><ele>22.0</ele><time>2024-06-08T16:09:12Z</time></trkpt>
<trkpt lat="45.368813" lon="-75.811724"><ele>22.0</ele><time>2024-06-08T16:09:13Z</time></trkpt>
<trkpt lat="45.368794" lon="-75.811733"><ele>22.0</ele><time>2024-06-08T16:09:14Z</time></trkpt>
<trkpt lat="45.368778" lon="-75.811742"><ele>22.0</ele><time>2024-06-08T16:09:15Z</time></trkpt>
<trkpt lat="45.368762" lon="-75.811751"><ele>22.0</ele><time>2024-06-08T16:09:16Z</time></trkpt>
<trkpt lat="45.368746" lon="-75.81176"><ele>22.0</ele><time>2024-06-08T16:09:17Z</time></trkpt>
<trkpt lat="45.368731" lon="-75.811778"><ele>22.0</ele><time>2024-06-08T16:09:18Z</time></trkpt>
<trkpt lat="45.368718" lon="-75.811787"><ele>22.0</ele><time>2024-06-08T16:09:19Z</time></trkpt>
<trkpt lat="45.368705" lon="-75.811805"><ele>22.0</ele><time>2024-06-08T16:09:20Z</time></trkpt>
<trkpt lat="45.36869" lon="-75.811814"><ele>22.0</ele><time>2024-06-08T16:09:21Z</time></trkpt>
<trkpt lat="45.368677" lon="-75.811823"><ele>22.0</ele><time>2024-06-08T16:09:22Z</time></trkpt>
<trkpt lat="45.368661" lon="-75.811841"><ele>22.0</ele><time>2024-06-08T16:09:23Z</time></trkpt>
<trkpt lat="45.368645" lon="-75.81185"><ele>22.0</ele><time>2024-06-08T16:09:24Z</time></trkpt>
<trkpt lat="45.368626" lon="-75.81185"><ele>22.0</ele><time>2024-06-08T16:09:25Z</time></trkpt>
<trkpt lat="45.368607" lon="-75.81185"><ele>22.0</ele><time>2024-06-08T16:09:26Z</time></trkpt>
<trkpt lat="45.368588" lon="-75.81185"><ele>22.0</ele><time>2024-06-08T16:09:27Z</time></trkpt>
<trkpt lat="45.368566" lon="-75.81185"><ele>22.0</ele><time>2024-06-08T16:09:28Z</time></trkpt>
<trkpt lat="45.368547" lon="-75.81185"><ele>22.0</ele><time>2024-06-08T16:09:29Z</time></trkpt>
<trkpt lat="45.368528" lon="-75.811859"><ele>22.0</ele><time>2024-06-08T16:09:30Z</time></trkpt>
<trkpt lat="45.368506" lon="-75.811859"><ele>22.0</ele><time>2024-06-08T16:09:31Z</time></trkpt>
<trkpt lat="45.36849" lon="-75.811868"><ele>22.0</ele><time>2024-06-08T16:09:32Z</time></trkpt>
<trkpt lat="45.368471" lon="-75.811877"><ele>22.0</ele><time>2024-06-08T16:09:33Z</time></trkpt>
<trkpt lat="45.368449" lon="-75.811886"><ele>22.0</ele><time>2024-06-08T16:09:34Z</time></trkpt>
<trkpt lat="45.36843" lon="-75.811895"><ele>22.0</ele><time>2024-06-08T16:09:35Z</time></trkpt>
<trkpt lat="45.368408" lon="-75.811895"><ele>22.0</ele><time>2024-06-08T16:09:36Z</time></trkpt>
<trkpt lat="45.368386" lon="-75.811904"><ele>22.0</ele><time>2024-06-08T16:09:37Z</time></trkpt>
<trkpt lat="45.368367" lon="-75.811913"><ele>23.0</ele><time>2024-06-08T16:09:38Z</time></trkpt>
<trkpt lat="45.368344" lon="-75.811922"><ele>22.0</ele><time>2024-06-08T16:09:39Z</time></trkpt>
<trkpt lat="45.368322" lon="-75.811931"><ele>22.0</ele><time>2024-06-08T16:09:40Z</time></trkpt>
<trkpt lat="45.368303" lon="-75.811931"><ele>22.0</ele><time>2024-06-08T16:09:41Z</time></trkpt>
<trkpt lat="45.368281" lon="-75.81194"><ele>22.0</ele><time>2024-06-08T16:09:42Z</time></trkpt>
<trkpt lat="45.368259" lon="-75.81194"><ele>22.0</ele><time>2024-06-08T16:09:43Z</time></trkpt>
<trkpt lat="45.368234" lon="-75.811949"><ele>22.0</ele><time>2024-06-08T16:09:44Z</time></trkpt>
<trkpt lat="45.368215" lon="-75.811949"><ele>22.0</ele><time>2024-06-08T16:09:45Z</time></trkpt>
<trkpt lat="45.368196" lon="-75.811967"><ele>22.0</ele><time>2024-06-08T16:09:46Z</time></trkpt>
<trkpt lat="45.368177" lon="-75.811976"><ele>22.0</ele><time>2024-06-08T16:09:47Z</time></trkpt>
<trkpt lat="45.368154" lon="-75.811985"><ele>22.0</ele><time>2024-06-08T16:09:48Z</time></trkpt>
<trkpt lat="45.368135" lon="-75.811994"><ele>22.0</ele><time>2024-06-08T16:09:49Z</time></trkpt>
<trkpt lat="45.368113" lon="-75.811994"><ele>23.0</ele><time>2024-06-08T16:09:50Z</time></trkpt>
<trkpt lat="45.368091" lon="-75.811994"><ele>22.0</ele><time>2024-06-08T16:09:51Z</time></trkpt>
<trkpt lat="45.368069" lon="-75.812003"><ele>23.0</ele><time>2024-06-08T16:09:52Z</time></trkpt>
<trkpt lat="45.368044" lon="-75.812003"><ele>23.0</ele><time>2024-06-08T16:09:53Z</time></trkpt>
<trkpt lat="45.368021" lon="-75.812011"><ele>22.0</ele><time>2024-06-08T16:09:54Z</time></trkpt>
<trkpt lat="45.367999" lon="-75.812011"><ele>23.0</ele><time>2024-06-08T16:09:55Z</time></trkpt>
<trkpt lat="45.367977" lon="-75.812011"><ele>23.0</ele><time>2024-06-08T16:09:56Z</time></trkpt>
<trkpt lat="45.367955" lon="-75.81202"><ele>23.0</ele><time>2024-06-08T16:09:57Z</time></trkpt>
<trkpt lat="45.367933" lon="-75.81202"><ele>22.0</ele><time>2024-06-08T16:09:58Z</time></trkpt>
<trkpt lat="45.367908" lon="-75.81202"><ele>23.0</ele><time>2024-06-08T16:09:59Z</time></trkpt>
<trkpt lat="45.367885" lon="-75.81202"><ele>23.0</ele><time>2024-06-08T16:10:00Z</time></trkpt>
<trkpt lat="45.367866" lon="-75.81202"><ele>23.0</ele><time>2024-06-08T16:10:01Z</time></trkpt>
<trkpt lat="45.367844" lon="-75.812029"><ele>23.0</ele><time>2024-06-08T16:10:02Z</time></trkpt>
<trkpt lat="45.367822" lon="-75.812029"><ele>23.0</ele><time>2024-06-08T16:10:03Z</time></trkpt>
<trkpt lat="45.367803" lon="-75.812038"><ele>23.0</ele><time>2024-06-08T16:10:04Z</time></trkpt>
<trkpt lat="45.367781" lon="-75.812038"><ele>22.0</ele><time>2024-06-08T16:10:05Z</time></trkpt>
<trkpt lat="45.367759" lon="-75.812047"><ele>23.0</ele><time>2024-06-08T16:10:06Z</time></trkpt>
<trkpt lat="45.36774" lon="-75.812047"><ele>23.0</ele><time>2024-06-08T16:10:07Z</time></trkpt>
<trkpt lat="45.367721" lon="-75.812056"><ele>23.0</ele><time>2024-06-08T16:10:08Z</time></trkpt>
<trkpt lat="45.367699" lon="-75.812065"><ele>23.0</ele><time>2024-06-08T16:10:09Z</time></trkpt>
<trkpt lat="45.36768" lon="-75.812065"><ele>23.0</ele><time>2024-06-08T16:10:10Z</time></trkpt>
<trkpt lat="45.367657" lon="-75.812074"><ele>23.0</ele><time>2024-06-08T16:10:11Z</time></trkpt>
<trkpt lat="45.367632" lon="-75.812074"><ele>22.0</ele><time>2024-06-08T16:10:12Z</time></trkpt>
<trkpt lat="45.367613" lon="-75.812074"><ele>23.0</ele><time>2024-06-08T16:10:13Z</time></trkpt>
<trkpt lat="45.367594" lon="-75.812074"><ele>23.0</ele><time>2024-06-08T16:10:14Z</time></trkpt>
<trkpt lat="45.367575" lon="-75.812074"><ele>23.0</ele><time>2024-06-08T16:10:15Z</time></trkpt>
<trkpt lat="45.367556" lon="-75.812083"><ele>23.0</ele><time>2024-06-08T16:10:16Z</time></trkpt>
<trkpt lat="45.367537" lon="-75.812083"><ele>24.0</ele><time>2024-06-08T16:10:17Z</time></trkpt>
<trkpt lat="45.367518" lon="-75.812083"><ele>23.0</ele><time>2024-06-08T16:10:18Z</time></trkpt>
<trkpt lat="45.367502" lon="-75.812092"><ele>23.0</ele><time>2024-06-08T16:10:19Z</time></trkpt>
<trkpt lat="45.367486" lon="-75.812101"><ele>23.0</ele><time>2024-06-08T16:10:20Z</time></trkpt>
<trkpt lat="45.367471" lon="-75.81211"><ele>23.0</ele><time>2024-06-08T16:10:21Z</time></trkpt>
<trkpt lat="45.367464" lon="-75.812128"><ele>23.0</ele><time>2024-06-08T16:10:22Z</time></trkpt>
<trkpt lat="45.367461" lon="-75.812137"><ele>23.0</ele><time>2024-06-08T16:10:23Z</time></trkpt>
<trkpt lat="45.367458" lon="-75.812155"><ele>23.0</ele><time>2024-06-08T16:10:24Z</time></trkpt>
<trkpt lat="45.367458" lon="-75.812164"><ele>24.0</ele><time>2024-06-08T16:10:25Z</time></trkpt>
<trkpt lat="45.367455" lon="-75.812173"><ele>23.0</ele><time>2024-06-08T16:10:26Z</time></trkpt>
<trkpt lat="45.367455" lon="-75.812191"><ele>24.0</ele><time>2024-06-08T16:10:27Z</time></trkpt>
<trkpt lat="45.367458" lon="-75.8122"><ele>24.0</ele><time>2024-06-08T16:10:28Z</time></trkpt>
<trkpt lat="45.367461" lon="-75.812209"><ele>24.0</ele><time>2024-06-08T16:10:29Z</time></trkpt>
<trkpt lat="45.367464" lon="-75.812218"><ele>24.0</ele><time>2024-06-08T16:10:30Z</time></trkpt>
<trkpt lat="45.367467" lon="-75.812227"><ele>24.0</ele><time>2024-06-08T16:10:31Z</time></trkpt>
<trkpt lat="45.367474" lon="-75.812236"><ele>23.0</ele><time>2024-06-08T16:10:32Z</time></trkpt>
<trkpt lat="45.36748" lon="-75.812236"><ele>23.0</ele><time>2024-06-08T16:10:33Z</time></trkpt>
<trkpt lat="45.367486" lon="-75.812245"><ele>24.0</ele><time>2024-06-08T16:10:34Z</time></trkpt>
<trkpt lat="45.367496" lon="-75.812254"><ele>24.0</ele><time>2024-06-08T16:10:35Z</time></trkpt>
<trkpt lat="45.367505" lon="-75.812254"><ele>24.0</ele><time>2024-06-08T16:10:36Z</time></trkpt>
<trkpt lat="45.367515" lon="-75.812263"><ele>23.0</ele><time>2024-06-08T16:10:37Z</time></trkpt>
<trkpt lat="45.367528" lon="-75.812263"><ele>24.0</ele><time>2024-06-08T16:10:38Z</time></trkpt>
<trkpt lat="45.367537" lon="-75.812272"><ele>24.0</ele><time>2024-06-08T16:10:39Z</time></trkpt>
<trkpt lat="45.36755" lon="-75.812281"><ele>23.0</ele><time>2024-06-08T16:10:40Z</time></trkpt>
<trkpt lat="45.367562" lon="-75.81229"><ele>24.0</ele><time>2024-06-08T16:10:41Z</time></trkpt>
<trkpt lat="45.367572" lon="-75.812299"><ele>23.0</ele><time>2024-06-08T16:10:42Z</time></trkpt>
<trkpt lat="45.367585" lon="-75.812308"><ele>23.0</ele><time>2024-06-08T16:10:43Z</time></trkpt>
<trkpt lat="45.367597" lon="-75.812317"><ele>24.0</ele><time>2024-06-08T16:10:44Z</time></trkpt>
<trkpt lat="45.36761" lon="-75.812317"><ele>23.0</ele><time>2024-06-08T16:10:45Z</time></trkpt>
<trkpt lat="45.367626" lon="-75.812326"><ele>23.0</ele><time>2024-06-08T16:10:46Z</time></trkpt>
<trkpt lat="45.367638" lon="-75.812335"><ele>23.0</ele><time>2024-06-08T16:10:47Z</time></trkpt>
<trkpt lat="45.367651" lon="-75.812344"><ele>23.0</ele><time>2024-06-08T16:10:48Z</time></trkpt>
<trkpt lat="45.367664" lon="-75.812353"><ele>23.0</ele><time>2024-06-08T16:10:49Z</time></trkpt>
<trkpt lat="45.367676" lon="-75.812353"><ele>23.0</ele><time>2024-06-08T16:10:50Z</time></trkpt>
<trkpt lat="45.367686" lon="-75.812362"><ele>23.0</ele><time>2024-06-08T16:10:51Z</time></trkpt>
<trkpt lat="45.367702" lon="-75.812371"><ele>23.0</ele><time>2024-06-08T16:10:52Z</time></trkpt>
<trkpt lat="45.367714" lon="-75.81238"><ele>23.0</ele><time>2024-06-08T16:10:53Z</time></trkpt>
<trkpt lat="45.367727" lon="-75.812389"><ele>23.0</ele><time>2024-06-08T16:10:54Z</time></trkpt>
<trkpt lat="45.367743" lon="-75.812398"><ele>23.0</ele><time>2024-06-08T16:10:55Z</time></trkpt>
<trkpt lat="45.367756" lon="-75.812407"><ele>23.0</ele><time>2024-06-08T16:10:56Z</time></trkpt>
<trkpt lat="45.367771" lon="-75.812416"><ele>23.0</ele><time>2024-06-08T16:10:57Z</time></trkpt>
<trkpt lat="45.367784" lon="-75.812425"><ele>23.0</ele><time>2024-06-08T16:10:58Z</time></trkpt>
<trkpt lat="45.3678" lon="-75.812434"><ele>23.0</ele><time>2024-06-08T16:10:59Z</time></trkpt>
<trkpt lat="45.367816" lon="-75.812434"><ele>23.0</ele><time>2024-06-08T16:11:00Z</time></trkpt>
<trkpt lat="45.367835" lon="-75.812452"><ele>23.0</ele><time>2024-06-08T16:11:01Z</time></trkpt>
<trkpt lat="45.367851" lon="-75.812461"><ele>23.0</ele><time>2024-06-08T16:11:02Z</time></trkpt>
<trkpt lat="45.367863" lon="-75.81247"><ele>23.0</ele><time>2024-06-08T16:11:03Z</time></trkpt>
<trkpt lat="45.367879" lon="-75.812488"><ele>23.0</ele><time>2024-06-08T16:11:04Z</time></trkpt>
<trkpt lat="45.367892" lon="-75.812497"><ele>23.0</ele><time>2024-06-08T16:11:05Z</time></trkpt>
<trkpt lat="45.367904" lon="-75.812506"><ele>23.0</ele><time>2024-06-08T16:11:06Z</time></trkpt>
<trkpt lat="45.367917" lon="-75.812524"><ele>23.0</ele><time>2024-06-08T16:11:07Z</time></trkpt>
<trkpt lat="45.36793" lon="-75.812532"><ele>23.0</ele><time>2024-06-08T16:11:08Z</time></trkpt>
<trkpt lat="45.367942" lon="-75.81255"><ele>23.0</ele><time>2024-06-08T16:11:09Z</time></trkpt>
<trkpt lat="45.367955" lon="-75.812559"><ele>23.0</ele><time>2024-06-08T16:11:10Z</time></trkpt>
<trkpt lat="45.367968" lon="-75.812577"><ele>23.0</ele><time>2024-06-08T16:11:11Z</time></trkpt>
<trkpt lat="45.36798" lon="-75.812586"><ele>24.0</ele><time>2024-06-08T16:11:12Z</time></trkpt>
<trkpt lat="45.367993" lon="-75.812595"><ele>24.0</ele><time>2024-06-08T16:11:13Z</time></trkpt>
<trkpt lat="45.368006" lon="-75.812604"><ele>24.0</ele><time>2024-06-08T16:11:14Z</time></trkpt>
<trkpt lat="45.368021" lon="-75.812613"><ele>24.0</ele><time>2024-06-08T16:11:15Z</time></trkpt>
<trkpt lat="45.368034" lon="-75.812622"><ele>23.0</ele><time>2024-06-08T16:11:16Z</time></trkpt>
<trkpt lat="45.368044" lon="-75.81264"><ele>23.0</ele><time>2024-06-08T16:11:17Z</time></trkpt>
<trkpt lat="45.368056" lon="-75.812649"><ele>23.0</ele><time>2024-06-08T16:11:18Z</time></trkpt>
<trkpt lat="45.368069" lon="-75.812649"><ele>23.0</ele><time>2024-06-08T16:11:19Z</time></trkpt>
<trkpt lat="45.368082" lon="-75.812658"><ele>23.0</ele><time>2024-06-08T16:11:20Z</time></trkpt>
<trkpt lat="45.368097" lon="-75.812667"><ele>23.0</ele><time>2024-06-08T16:11:21Z</time></trkpt>
<trkpt lat="45.36811" lon="-75.812676"><ele>23.0</ele><time>2024-06-08T16:11:22Z</time></trkpt>
<trkpt lat="45.368123" lon="-75.812685"><ele>23.0</ele><time>2024-06-08T16:11:23Z</time></trkpt>
<trkpt lat="45.368139" lon="-75.812694"><ele>24.0</ele><time>2024-06-08T16:11:24Z</time></trkpt>
<trkpt lat="45.368154" lon="-75.812703"><ele>24.0</ele><time>2024-06-08T16:11:25Z</time></trkpt>
<trkpt lat="45.368167" lon="-75.812712"><ele>24.0</ele><time>2024-06-08T16:11:26Z</time></trkpt>
<trkpt lat="45.36818" lon="-75.812721"><ele>23.0</ele><time>2024-06-08T16:11:27Z</time></trkpt>
<trkpt lat="45.368196" lon="-75.81273"><ele>23.0</ele><time>2024-06-08T16:11:28Z</time></trkpt>
<trkpt lat="45.368208" lon="-75.812739"><ele>23.0</ele><time>2024-06-08T16:11:29Z</time></trkpt>
<trkpt lat="45.368221" lon="-75.812748"><ele>23.0</ele><time>2024-06-08T16:11:30Z</time></trkpt>
<trkpt lat="45.368234" lon="-75.812757"><ele>23.0</ele><time>2024-06-08T16:11:31Z</time></trkpt>
<trkpt lat="45.368246" lon="-75.812766"><ele>23.0</ele><time>2024-06-08T16:11:32Z</time></trkpt>
<trkpt lat="45.368259" lon="-75.812775"><ele>23.0</ele><time>2024-06-08T16:11:33Z</time></trkpt>
<trkpt lat="45.368275" lon="-75.812784"><ele>23.0</ele><time>2024-06-08T16:11:34Z</time></trkpt>
<trkpt lat="45.368287" lon="-75.812793"><ele>23.0</ele><time>2024-06-08T16:11:35Z</time></trkpt>
<trkpt lat="45.3683" lon="-75.812802"><ele>23.0</ele><time>2024-06-08T16:11:36Z</time></trkpt>
<trkpt lat="45.368313" lon="-75.812811"><ele>23.0</ele><time>2024-06-08T16:11:37Z</time></trkpt>
<trkpt lat="45.368325" lon="-75.812811"><ele>23.0</ele><time>2024-06-08T16:11:38Z</time></trkpt>
<trkpt lat="45.368338" lon="-75.81282"><ele>23.0</ele><time>2024-06-08T16:11:39Z</time></trkpt>
<trkpt lat="45.368354" lon="-75.81282"><ele>23.0</ele><time>2024-06-08T16:11:40Z</time></trkpt>
<trkpt lat="45.368367" lon="-75.812829"><ele>23.0</ele><time>2024-06-08T16:11:41Z</time></trkpt>
<trkpt lat="45.368379" lon="-75.812829"><ele>23.0</ele><time>2024-06-08T16:11:42Z</time></trkpt>
<trkpt lat="45.368395" lon="-75.812838"><ele>23.0</ele><time>2024-06-08T16:11:43Z</time></trkpt>
<trkpt lat="45.368408" lon="-75.812838"><ele>23.0</ele><time>2024-06-08T16:11:44Z</time></trkpt>
<trkpt lat="45.368424" lon="-75.812847"><ele>23.0</ele><time>2024-06-08T16:11:45Z</time></trkpt>
<trkpt lat="45.368436" lon="-75.812856"><ele>23.0</ele><time>2024-06-08T16:11:46Z</time></trkpt>
<trkpt lat="45.368452" lon="-75.812856"><ele>23.0</ele><time>2024-06-08T16:11:47Z</time></trkpt>
<trkpt lat="45.368465" lon="-75.812865"><ele>23.0</ele><time>2024-06-08T16:11:48Z</time></trkpt>
<trkpt lat="45.368481" lon="-75.812865"><ele>23.0</ele><time>2024-06-08T16:11:49Z</time></trkpt>
<trkpt lat="45.368493" lon="-75.812865"><ele>23.0</ele><time>2024-06-08T16:11:50Z</time></trkpt>
<trkpt lat="45.368509" lon="-75.812865"><ele>23.0</ele><time>2024-06-08T16:11:51Z</time></trkpt>
<trkpt lat="45.368522" lon="-75.812874"><ele>23.0</ele><time>2024-06-08T16:11:52Z</time></trkpt>
<trkpt lat="45.368534" lon="-75.812874"><ele>23.0</ele><time>2024-06-08T16:11:53Z</time></trkpt>
<trkpt lat="45.368544" lon="-75.812883"><ele>23.0</ele><time>2024-06-08T16:11:54Z</time></trkpt>
<trkpt lat="45.36855" lon="-75.812901"><ele>23.0</ele><time>2024-06-08T16:11:55Z</time></trkpt>
<trkpt lat="45.368557" lon="-75.81291"><ele>23.0</ele><time>2024-06-08T16:11:56Z</time></trkpt>
<trkpt lat="45.36856" lon="-75.812919"><ele>23.0</ele><time>2024-06-08T16:11:57Z</time></trkpt>
<trkpt lat="45.368557" lon="-75.812928"><ele>23.0</ele><time>2024-06-08T16:11:58Z</time></trkpt>
<trkpt lat="45.368553" lon="-75.812937"><ele>23.0</ele><time>2024-06-08T16:11:59Z</time></trkpt>
<trkpt lat="45.368553" lon="-75.812946"><ele>23.0</ele><time>2024-06-08T16:12:00Z</time></trkpt>
<trkpt lat="45.368553" lon="-75.812955"><ele>23.0</ele><time>2024-06-08T16:12:01Z</time></trkpt>
<trkpt lat="45.368553" lon="-75.812955"><ele>23.0</ele><time>2024-06-08T16:12:02Z</time></trkpt>
<trkpt lat="45.36855" lon="-75.812964"><ele>23.0</ele><time>2024-06-08T16:12:03Z</time></trkpt>
<trkpt lat="45.36855" lon="-75.812964"><ele>23.0</ele><time>2024-06-08T16:12:04Z</time></trkpt>
<trkpt lat="45.36855" lon="-75.812973"><ele>23.0</ele><time>2024-06-08T16:12:05Z</time></trkpt>
<trkpt lat="45.368547" lon="-75.812973"><ele>23.0</ele><time>2024-06-08T16:12:06Z</time></trkpt>
<trkpt lat="45.368541" lon="-75.812982"><ele>23.0</ele><time>2024-06-08T16:12:07Z</time></trkpt>
<trkpt lat="45.368534" lon="-75.812982"><ele>23.0</ele><time>2024-06-08T16:12:08Z</time></trkpt>
<trkpt lat="45.368525" lon="-75.812982"><ele>23.0</ele><time>2024-06-08T16:12:09Z</time></trkpt>
<trkpt lat="45.368515" lon="-75.812991"><ele>23.0</ele><time>2024-06-08T16:12:10Z</time></trkpt>
<trkpt lat="45.368503" lon="-75.812991"><ele>23.0</ele><time>2024-06-08T16:12:11Z</time></trkpt>
<trkpt lat="45.368493" lon="-75.812991"><ele>23.0</ele><time>2024-06-08T16:12:12Z</time></trkpt>
<trkpt lat="45.368481" lon="-75.813"><ele>23.0</ele><time>2024-06-08T16:12:13Z</time></trkpt>
<trkpt lat="45.368471" lon="-75.813"><ele>23.0</ele><time>2024-06-08T16:12:14Z</time></trkpt>
<trkpt lat="45.368458" lon="-75.813009"><ele>23.0</ele><time>2024-06-08T16:12:15Z</time></trkpt>
<trkpt lat="45.368449" lon="-75.813018"><ele>23.0</ele><time>2024-06-08T16:12:16Z</time></trkpt>
<trkpt lat="45.368436" lon="-75.813018"><ele>23.0</ele><time>2024-06-08T16:12:17Z</time></trkpt>
<trkpt lat="45.368424" lon="-75.813036"><ele>23.0</ele><time>2024-06-08T16:12:18Z</time></trkpt>
<trkpt lat="45.368411" lon="-75.813045"><ele>23.0</ele><time>2024-06-08T16:12:19Z</time></trkpt>
<trkpt lat="45.368398" lon="-75.813045"><ele>23.0</ele><time>2024-06-08T16:12:20Z</time></trkpt>
<trkpt lat="45.368382" lon="-75.813054"><ele>23.0</ele><time>2024-06-08T16:12:21Z</time></trkpt>
<trkpt lat="45.36837" lon="-75.813071"><ele>23.0</ele><time>2024-06-08T16:12:22Z</time></trkpt>
<trkpt lat="45.368354" lon="-75.81308"><ele>23.0</ele><time>2024-06-08T16:12:23Z</time></trkpt>
<trkpt lat="45.368341" lon="-75.813089"><ele>23.0</ele><time>2024-06-08T16:12:24Z</time></trkpt>
<trkpt lat="45.368325" lon="-75.813098"><ele>23.0</ele><time>2024-06-08T16:12:25Z</time></trkpt>
<trkpt lat="45.368313" lon="-75.813107"><ele>23.0</ele><time>2024-06-08T16:12:26Z</time></trkpt>
<trkpt lat="45.368297" lon="-75.813116"><ele>23.0</ele><time>2024-06-08T16:12:27Z</time></trkpt>
<trkpt lat="45.368281" lon="-75.813125"><ele>23.0</ele><time>2024-06-08T16:12:28Z</time></trkpt>
<trkpt lat="45.368268" lon="-75.813134"><ele>23.0</ele><time>2024-06-08T16:12:29Z</time></trkpt>
<trkpt lat="45.368253" lon="-75.813143"><ele>23.0</ele><time>2024-06-08T16:12:30Z</time></trkpt>
<trkpt lat="45.368234" lon="-75.813152"><ele>23.0</ele><time>2024-06-08T16:12:31Z</time></trkpt>
<trkpt lat="45.368218" lon="-75.813161"><ele>23.0</ele><time>2024-06-08T16:12:32Z</time></trkpt>
<trkpt lat="45.368202" lon="-75.81317"><ele>22.0</ele><time>2024-06-08T16:12:33Z</time></trkpt>
<trkpt lat="45.368186" lon="-75.813179"><ele>22.0</ele><time>2024-06-08T16:12:34Z</time></trkpt>
<trkpt lat="45.36817" lon="-75.813188"><ele>22.0</ele><time>2024-06-08T16:12:35Z</time></trkpt>
<trkpt lat="45.368154" lon="-75.813197"><ele>22.0</ele><time>2024-06-08T16:12:36Z</time></trkpt>
<trkpt lat="45.368135" lon="-75.813206"><ele>22.0</ele><time>2024-06-08T16:12:37Z</time></trkpt>
<trkpt lat="45.36812" lon="-75.813215"><ele>22.0</ele><time>2024-06-08T16:12:38Z</time></trkpt>
<trkpt lat="45.368104" lon="-75.813224"><ele>22.0</ele><time>2024-06-08T16:12:39Z</time></trkpt>
<trkpt lat="45.368088" lon="-75.813233"><ele>22.0</ele><time>2024-06-08T16:12:40Z</time></trkpt>
<trkpt lat="45.368072" lon="-75.813242"><ele>22.0</ele><time>2024-06-08T16:12:41Z</time></trkpt>
<trkpt lat="45.368053" lon="-75.813251"><ele>22.0</ele><time>2024-06-08T16:12:42Z</time></trkpt>
<trkpt lat="45.368037" lon="-75.81326"><ele>22.0</ele><time>2024-06-08T16:12:43Z</time></trkpt>
<trkpt lat="45.368025" lon="-75.813269"><ele>22.0</ele><time>2024-06-08T16:12:44Z</time></trkpt>
<trkpt lat="45.368009" lon="-75.813278"><ele>22.0</ele><time>2024-06-08T16:12:45Z</time></trkpt>
<trkpt lat="45.367996" lon="-75.813296"><ele>22.0</ele><time>2024-06-08T16:12:46Z</time></trkpt>
<trkpt lat="45.36798" lon="-75.813305"><ele>22.0</ele><time>2024-06-08T16:12:47Z</time></trkpt>
<trkpt lat="45.367968" lon="-75.813314"><ele>22.0</ele><time>2024-06-08T16:12:48Z</time></trkpt>
<trkpt lat="45.367952" lon="-75.813323"><ele>22.0</ele><time>2024-06-08T16:12:49Z</time></trkpt>
<trkpt lat="45.367939" lon="-75.813332"><ele>22.0</ele><time>2024-06-08T16:12:50Z</time></trkpt>
<trkpt lat="45.367927" lon="-75.813341"><ele>22.0</ele><time>2024-06-08T16:12:51Z</time></trkpt>
<trkpt lat="45.367911" lon="-75.81335"><ele>22.0</ele><time>2024-06-08T16:12:52Z</time></trkpt>
<trkpt lat="45.367895" lon="-75.813359"><ele>22.0</ele><time>2024-06-08T16:12:53Z</time></trkpt>
<trkpt lat="45.367882" lon="-75.813368"><ele>22.0</ele><time>2024-06-08T16:12:54Z</time></trkpt>
<trkpt lat="45.367866" lon="-75.813377"><ele>22.0</ele><time>2024-06-08T16:12:55Z</time></trkpt>
<trkpt lat="45.367851" lon="-75.813386"><ele>22.0</ele><time>2024-06-08T16:12:56Z</time></trkpt>
<trkpt lat="45.367835" lon="-75.813395"><ele>22.0</ele><time>2024-06-08T16:12:57Z</time></trkpt>
<trkpt lat="45.367819" lon="-75.813404"><ele>22.0</ele><time>2024-06-08T16:12:58Z</time></trkpt>
<trkpt lat="45.367803" lon="-75.813413"><ele>22.0</ele><time>2024-06-08T16:12:59Z</time></trkpt>
<trkpt lat="45.367787" lon="-75.813422"><ele>22.0</ele><time>2024-06-08T16:13:00Z</time></trkpt>
<trkpt lat="45.367771" lon="-75.813431"><ele>22.0</ele><time>2024-06-08T16:13:01Z</time></trkpt>
<trkpt lat="45.367756" lon="-75.81344"><ele>22.0</ele><time>2024-06-08T16:13:02Z</time></trkpt>
<trkpt lat="45.36774" lon="-75.813458"><ele>22.0</ele><time>2024-06-08T16:13:03Z</time></trkpt>
<trkpt lat="45.367724" lon="-75.813467"><ele>22.0</ele><time>2024-06-08T16:13:04Z</time></trkpt>
<trkpt lat="45.367708" lon="-75.813476"><ele>22.0</ele><time>2024-06-08T16:13:05Z</time></trkpt>
<trkpt lat="45.367692" lon="-75.813485"><ele>22.0</ele><time>2024-06-08T16:13:06Z</time></trkpt>
<trkpt lat="45.367676" lon="-75.813494"><ele>22.0</ele><time>2024-06-08T16:13:07Z</time></trkpt>
<trkpt lat="45.367664" lon="-75.813512"><ele>22.0</ele><time>2024-06-08T16:13:08Z</time></trkpt>
<trkpt lat="45.367657" lon="-75.81353"><ele>22.0</ele><time>2024-06-08T16:13:09Z</time></trkpt>
<trkpt lat="45.367654" lon="-75.813539"><ele>22.0</ele><time>2024-06-08T16:13:10Z</time></trkpt>
<trkpt lat="45.367651" lon="-75.813548"><ele>22.0</ele><time>2024-06-08T16:13:11Z</time></trkpt>
<trkpt lat="45.367654" lon="-75.813566"><ele>22.0</ele><time>2024-06-08T16:13:12Z</time></trkpt>
<trkpt lat="45.367657" lon="-75.813575"><ele>22.0</ele><time>2024-06-08T16:13:13Z</time></trkpt>
<trkpt lat="45.367667" lon="-75.813583"><ele>22.0</ele><time>2024-06-08T16:13:14Z</time></trkpt>
<trkpt lat="45.367676" lon="-75.813592"><ele>22.0</ele><time>2024-06-08T16:13:15Z</time></trkpt>
<trkpt lat="45.367692" lon="-75.813601"><ele>22.0</ele><time>2024-06-08T16:13:16Z</time></trkpt>
<trkpt lat="45.367708" lon="-75.813601"><ele>22.0</ele><time>2024-06-08T16:13:17Z</time></trkpt>
<trkpt lat="45.367724" lon="-75.81361"><ele>22.0</ele><time>2024-06-08T16:13:18Z</time></trkpt>
<trkpt lat="45.36774" lon="-75.81361"><ele>22.0</ele><time>2024-06-08T16:13:19Z</time></trkpt>
<trkpt lat="45.367752" lon="-75.813619"><ele>22.0</ele><time>2024-06-08T16:13:20Z</time></trkpt>
<trkpt lat="45.367765" lon="-75.813628"><ele>22.0</ele><time>2024-06-08T16:13:21Z</time></trkpt>
<trkpt lat="45.367778" lon="-75.813637"><ele>23.0</ele><time>2024-06-08T16:13:22Z</time></trkpt>
<trkpt lat="45.36779" lon="-75.813655"><ele>23.0</ele><time>2024-06-08T16:13:23Z</time></trkpt>
<trkpt lat="45.367803" lon="-75.813664"><ele>23.0</ele><time>2024-06-08T16:13:24Z</time></trkpt>
<trkpt lat="45.367819" lon="-75.813682"><ele>23.0</ele><time>2024-06-08T16:13:25Z</time></trkpt>
<trkpt lat="45.367832" lon="-75.813691"><ele>23.0</ele><time>2024-06-08T16:13:26Z</time></trkpt>
<trkpt lat="45.367844" lon="-75.813709"><ele>23.0</ele><time>2024-06-08T16:13:27Z</time></trkpt>
<trkpt lat="45.367857" lon="-75.813718"><ele>23.0</ele><time>2024-06-08T16:13:28Z</time></trkpt>
<trkpt lat="45.36787" lon="-75.813736"><ele>23.0</ele><time>2024-06-08T16:13:29Z</time></trkpt>
<trkpt lat="45.367885" lon="-75.813745"><ele>23.0</ele><time>2024-06-08T16:13:30Z</time></trkpt>
<trkpt lat="45.367901" lon="-75.813763"><ele>23.0</ele><time>2024-06-08T16:13:31Z</time></trkpt>
<trkpt lat="45.36792" lon="-75.813772"><ele>23.0</ele><time>2024-06-08T16:13:32Z</time></trkpt>
<trkpt lat="45.367936" lon="-75.813781"><ele>23.0</ele><time>2024-06-08T16:13:33Z</time></trkpt>
<trkpt lat="45.367952" lon="-75.81379"><ele>23.0</ele><time>2024-06-08T16:13:34Z</time></trkpt>
<trkpt lat="45.367968" lon="-75.81379"><ele>23.0</ele><time>2024-06-08T16:13:35Z</time></trkpt>
<trkpt lat="45.367987" lon="-75.813799"><ele>23.0</ele><time>2024-06-08T16:13:36Z</time></trkpt>
<trkpt lat="45.368006" lon="-75.813808"><ele>23.0</ele><time>2024-06-08T16:13:37Z</time></trkpt>
<trkpt lat="45.368021" lon="-75.813817"><ele>23.0</ele><time>2024-06-08T16:13:38Z</time></trkpt>
<trkpt lat="45.36804" lon="-75.813826"><ele>23.0</ele><time>2024-06-08T16:13:39Z</time></trkpt>
<trkpt lat="45.368056" lon="-75.813835"><ele>23.0</ele><time>2024-06-08T16:13:40Z</time></trkpt>
<trkpt lat="45.368075" lon="-75.813853"><ele>22.0</ele><time>2024-06-08T16:13:41Z</time></trkpt>
<trkpt lat="45.368091" lon="-75.813862"><ele>22.0</ele><time>2024-06-08T16:13:42Z</time></trkpt>
<trkpt lat="45.36811" lon="-75.813871"><ele>22.0</ele><time>2024-06-08T16:13:43Z</time></trkpt>
<trkpt lat="45.368126" lon="-75.813889"><ele>22.0</ele><time>2024-06-08T16:13:44Z</time></trkpt>
<trkpt lat="45.368145" lon="-75.813898"><ele>22.0</ele><time>2024-06-08T16:13:45Z</time></trkpt>
<trkpt lat="45.368167" lon="-75.813907"><ele>22.0</ele><time>2024-06-08T16:13:46Z</time></trkpt>
<trkpt lat="45.368186" lon="-75.813916"><ele>22.0</ele><time>2024-06-08T16:13:47Z</time></trkpt>
<trkpt lat="45.368205" lon="-75.813925"><ele>22.0</ele><time>2024-06-08T16:13:48Z</time></trkpt>
<trkpt lat="45.368224" lon="-75.813934"><ele>22.0</ele><time>2024-06-08T16:13:49Z</time></trkpt>
<trkpt lat="45.368243" lon="-75.813943"><ele>22.0</ele><time>2024-06-08T16:13:50Z</time></trkpt>
<trkpt lat="45.368262" lon="-75.813961"><ele>22.0</ele><time>2024-06-08T16:13:51Z</time></trkpt>
<trkpt lat="45.368281" lon="-75.81397"><ele>22.0</ele><time>2024-06-08T16:13:52Z</time></trkpt>
<trkpt lat="45.3683" lon="-75.813979"><ele>22.0</ele><time>2024-06-08T16:13:53Z</time></trkpt>
<trkpt lat="45.368319" lon="-75.813988"><ele>22.0</ele><time>2024-06-08T16:13:54Z</time></trkpt>
<trkpt lat="45.368338" lon="-75.813997"><ele>22.0</ele><time>2024-06-08T16:13:55Z</time></trkpt>
<trkpt lat="45.368357" lon="-75.814015"><ele>22.0</ele><time>2024-06-08T16:13:56Z</time></trkpt>
<trkpt lat="45.368376" lon="-75.814024"><ele>22.0</ele><time>2024-06-08T16:13:57Z</time></trkpt>
<trkpt lat="45.368395" lon="-75.814033"><ele>22.0</ele><time>2024-06-08T16:13:58Z</time></trkpt>
<trkpt lat="45.368414" lon="-75.814042"><ele>22.0</ele><time>2024-06-08T16:13:59Z</time></trkpt>
<trkpt lat="45.368433" lon="-75.814051"><ele>22.0</ele><time>2024-06-08T16:14:00Z</time></trkpt>
<trkpt lat="45.368449" lon="-75.81406"><ele>22.0</ele><time>2024-06-08T16:14:01Z</time></trkpt>
<trkpt lat="45.368468" lon="-75.814078"><ele>22.0</ele><time>2024-06-08T16:14:02Z</time></trkpt>
<trkpt lat="45.368487" lon="-75.814087"><ele>22.0</ele><time>2024-06-08T16:14:03Z</time></trkpt>
<trkpt lat="45.368506" lon="-75.814096"><ele>22.0</ele><time>2024-06-08T16:14:04Z</time></trkpt>
<trkpt lat="45.368525" lon="-75.814104"><ele>22.0</ele><time>2024-06-08T16:14:05Z</time></trkpt>
<trkpt lat="45.368544" lon="-75.814113"><ele>22.0</ele><time>2024-06-08T16:14:06Z</time></trkpt>
<trkpt lat="45.368563" lon="-75.814131"><ele>22.0</ele><time>2024-06-08T16:14:07Z</time></trkpt>
<trkpt lat="45.368582" lon="-75.81414"><ele>22.0</ele><time>2024-06-08T16:14:08Z</time></trkpt>
<trkpt lat="45.368598" lon="-75.814149"><ele>21.0</ele><time>2024-06-08T16:14:09Z</time></trkpt>
<trkpt lat="45.368617" lon="-75.814158"><ele>21.0</ele><time>2024-06-08T16:14:10Z</time></trkpt>
<trkpt lat="45.368636" lon="-75.814176"><ele>21.0</ele><time>2024-06-08T16:14:11Z</time></trkpt>
<trkpt lat="45.368655" lon="-75.814185"><ele>21.0</ele><time>2024-06-08T16:14:12Z</time></trkpt>
<trkpt lat="45.368674" lon="-75.814194"><ele>21.0</ele><time>2024-06-08T16:14:13Z</time></trkpt>
<trkpt lat="45.368693" lon="-75.814203"><ele>21.0</ele><time>2024-06-08T16:14:14Z</time></trkpt>
<trkpt lat="45.368712" lon="-75.814212"><ele>21.0</ele><time>2024-06-08T16:14:15Z</time></trkpt>
<trkpt lat="45.368727" lon="-75.814221"><ele>22.0</ele><time>2024-06-08T16:14:16Z</time></trkpt>
<trkpt lat="45.368746" lon="-75.81423"><ele>22.0</ele><time>2024-06-08T16:14:17Z</time></trkpt>
<trkpt lat="45.368762" lon="-75.814248"><ele>22.0</ele><time>2024-06-08T16:14:18Z</time></trkpt>
<trkpt lat="45.368781" lon="-75.814257"><ele>22.0</ele><time>2024-06-08T16:14:19Z</time></trkpt>
<trkpt lat="45.368797" lon="-75.814266"><ele>22.0</ele><time>2024-06-08T16:14:20Z</time></trkpt>
<trkpt lat="45.368813" lon="-75.814284"><ele>22.0</ele><time>2024-06-08T16:14:21Z</time></trkpt>
<trkpt lat="45.368832" lon="-75.814293"><ele>22.0</ele><time>2024-06-08T16:14:22Z</time></trkpt>
<trkpt lat="45.368851" lon="-75.814302"><ele>22.0</ele><time>2024-06-08T16:14:23Z</time></trkpt>
<trkpt lat="45.368867" lon="-75.814311"><ele>22.0</ele><time>2024-06-08T16:14:24Z</time></trkpt>
<trkpt lat="45.368886" lon="-75.814329"><ele>22.0</ele><time>2024-06-08T16:14:25Z</time></trkpt>
<trkpt lat="45.368902" lon="-75.814338"><ele>22.0</ele><time>2024-06-08T16:14:26Z</time></trkpt>
<trkpt lat="45.368917" lon="-75.814347"><ele>23.0</ele><time>2024-06-08T16:14:27Z</time></trkpt>
<trkpt lat="45.368933" lon="-75.814365"><ele>23.0</ele><time>2024-06-08T16:14:28Z</time></trkpt>
<trkpt lat="45.368949" lon="-75.814374"><ele>23.0</ele><time>2024-06-08T16:14:29Z</time></trkpt>
<trkpt lat="45.368965" lon="-75.814383"><ele>23.0</ele><time>2024-06-08T16:14:30Z</time></trkpt>
<trkpt lat="45.368984" lon="-75.814392"><ele>23.0</ele><time>2024-06-08T16:14:31Z</time></trkpt>
<trkpt lat="45.369" lon="-75.814392"><ele>23.0</ele><time>2024-06-08T16:14:32Z</time></trkpt>
<trkpt lat="45.369019" lon="-75.814401"><ele>23.0</ele><time>2024-06-08T16:14:33Z</time></trkpt>
<trkpt lat="45.369035" lon="-75.814419"><ele>23.0</ele><time>2024-06-08T16:14:34Z</time></trkpt>
<trkpt lat="45.36905" lon="-75.814428"><ele>22.0</ele><time>2024-06-08T16:14:35Z</time></trkpt>
<trkpt lat="45.369066" lon="-75.814437"><ele>23.0</ele><time>2024-06-08T16:14:36Z</time></trkpt>
<trkpt lat="45.369082" lon="-75.814455"><ele>23.0</ele><time>2024-06-08T16:14:37Z</time></trkpt>
<trkpt lat="45.369098" lon="-75.814464"><ele>23.0</ele><time>2024-06-08T16:14:38Z</time></trkpt>
<trkpt lat="45.369111" lon="-75.814473"><ele>23.0</ele><time>2024-06-08T16:14:39Z</time></trkpt>
<trkpt lat="45.36913" lon="-75.814482"><ele>23.0</ele><time>2024-06-08T16:14:40Z</time></trkpt>
<trkpt lat="45.369145" lon="-75.814491"><ele>23.0</ele><time>2024-06-08T16:14:41Z</time></trkpt>
<trkpt lat="45.369164" lon="-75.8145"><ele>23.0</ele><time>2024-06-08T16:14:42Z</time></trkpt>
<trkpt lat="45.369183" lon="-75.8145"><ele>23.0</ele><time>2024-06-08T16:14:43Z</time></trkpt>
<trkpt lat="45.369202" lon="-75.814509"><ele>23.0</ele><time>2024-06-08T16:14:44Z</time></trkpt>
<trkpt lat="45.369225" lon="-75.814518"><ele>23.0</ele><time>2024-06-08T16:14:45Z</time></trkpt>
<trkpt lat="45.369244" lon="-75.814527"><ele>23.0</ele><time>2024-06-08T16:14:46Z</time></trkpt>
<trkpt lat="45.369263" lon="-75.814536"><ele>23.0</ele><time>2024-06-08T16:14:47Z</time></trkpt>
<trkpt lat="45.369282" lon="-75.814545"><ele>23.0</ele><time>2024-06-08T16:14:48Z</time></trkpt>
<trkpt lat="45.369301" lon="-75.814563"><ele>23.0</ele><time>2024-06-08T16:14:49Z</time></trkpt>
<trkpt lat="45.36932" lon="-75.814572"><ele>23.0</ele><time>2024-06-08T16:14:50Z</time></trkpt>
<trkpt lat="45.369342" lon="-75.814581"><ele>23.0</ele><time>2024-06-08T16:14:51Z</time></trkpt>
<trkpt lat="45.369361" lon="-75.81459"><ele>23.0</ele><time>2024-06-08T16:14:52Z</time></trkpt>
<trkpt lat="45.369383" lon="-75.814599"><ele>23.0</ele><time>2024-06-08T16:14:53Z</time></trkpt>
<trkpt lat="45.369405" lon="-75.814608"><ele>23.0</ele><time>2024-06-08T16:14:54Z</time></trkpt>
<trkpt lat="45.369427" lon="-75.814617"><ele>23.0</ele><time>2024-06-08T16:14:55Z</time></trkpt>
<trkpt lat="45.369449" lon="-75.814634"><ele>23.0</ele><time>2024-06-08T16:14:56Z</time></trkpt>
<trkpt lat="45.369471" lon="-75.814652"><ele>23.0</ele><time>2024-06-08T16:14:57Z</time></trkpt>
<trkpt lat="45.36949" lon="-75.814661"><ele>23.0</ele><time>2024-06-08T16:14:58Z</time></trkpt>
<trkpt lat="45.369513" lon="-75.814679"><ele>23.0</ele><time>2024-06-08T16:14:59Z</time></trkpt>
<trkpt lat="45.369538" lon="-75.814688"><ele>23.0</ele><time>2024-06-08T16:15:00Z</time></trkpt>
<trkpt lat="45.36956" lon="-75.814706"><ele>23.0</ele><time>2024-06-08T16:15:01Z</time></trkpt>
<trkpt lat="45.369585" lon="-75.814715"><ele>23.0</ele><time>2024-06-08T16:15:02Z</time></trkpt>
<trkpt lat="45.369611" lon="-75.814733"><ele>23.0</ele><time>2024-06-08T16:15:03Z</time></trkpt>
<trkpt lat="45.369633" lon="-75.814751"><ele>23.0</ele><time>2024-06-08T16:15:04Z</time></trkpt>
<trkpt lat="45.369655" lon="-75.814778"><ele>23.0</ele><time>2024-06-08T16:15:05Z</time></trkpt>
<trkpt lat="45.369677" lon="-75.814796"><ele>23.0</ele><time>2024-06-08T16:15:06Z</time></trkpt>
<trkpt lat="45.369699" lon="-75.814814"><ele>23.0</ele><time>2024-06-08T16:15:07Z</time></trkpt>
<trkpt lat="45.369725" lon="-75.814832"><ele>23.0</ele><time>2024-06-08T16:15:08Z</time></trkpt>
<trkpt lat="45.369747" lon="-75.81485"><ele>23.0</ele><time>2024-06-08T16:15:09Z</time></trkpt>
<trkpt lat="45.369772" lon="-75.814877"><ele>24.0</ele><time>2024-06-08T16:15:10Z</time></trkpt>
<trkpt lat="45.369794" lon="-75.814895"><ele>24.0</ele><time>2024-06-08T16:15:11Z</time></trkpt>
<trkpt lat="45.369813" lon="-75.814913"><ele>24.0</ele><time>2024-06-08T16:15:12Z</time></trkpt>
<trkpt lat="45.369836" lon="-75.81494"><ele>24.0</ele><time>2024-06-08T16:15:13Z</time></trkpt>
<trkpt lat="45.369858" lon="-75.814967"><ele>24.0</ele><time>2024-06-08T16:15:14Z</time></trkpt>
<trkpt lat="45.36988" lon="-75.814985"><ele>24.0</ele><time>2024-06-08T16:15:15Z</time></trkpt>
<trkpt lat="45.369902" lon="-75.815003"><ele>24.0</ele><time>2024-06-08T16:15:16Z</time></trkpt>
<trkpt lat="45.369924" lon="-75.81503"><ele>24.0</ele><time>2024-06-08T16:15:17Z</time></trkpt>
<trkpt lat="45.369946" lon="-75.815048"><ele>24.0</ele><time>2024-06-08T16:15:18Z</time></trkpt>
<trkpt lat="45.369965" lon="-75.815075"><ele>24.0</ele><time>2024-06-08T16:15:19Z</time></trkpt>
<trkpt lat="45.369988" lon="-75.815102"><ele>24.0</ele><time>2024-06-08T16:15:20Z</time></trkpt>
<trkpt lat="45.370007" lon="-75.81512"><ele>24.0</ele><time>2024-06-08T16:15:21Z</time></trkpt>
<trkpt lat="45.370029" lon="-75.815146"><ele>24.0</ele><time>2024-06-08T16:15:22Z</time></trkpt>
<trkpt lat="45.370051" lon="-75.815173"><ele>24.0</ele><time>2024-06-08T16:15:23Z</time></trkpt>
<trkpt lat="45.37007" lon="-75.815191"><ele>24.0</ele><time>2024-06-08T16:15:24Z</time></trkpt>
<trkpt lat="45.370092" lon="-75.815218"><ele>24.0</ele><time>2024-06-08T16:15:25Z</time></trkpt>
<trkpt lat="45.370111" lon="-75.815245"><ele>24.0</ele><time>2024-06-08T16:15:26Z</time></trkpt>
<trkpt lat="45.370133" lon="-75.815263"><ele>24.0</ele><time>2024-06-08T16:15:27Z</time></trkpt>
<trkpt lat="45.370152" lon="-75.81529"><ele>24.0</ele><time>2024-06-08T16:15:28Z</time></trkpt>
<trkpt lat="45.370174" lon="-75.815317"><ele>24.0</ele><time>2024-06-08T16:15:29Z</time></trkpt>
<trkpt lat="45.370193" lon="-75.815344"><ele>24.0</ele><time>2024-06-08T16:15:30Z</time></trkpt>
<trkpt lat="45.370212" lon="-75.815362"><ele>24.0</ele><time>2024-06-08T16:15:31Z</time></trkpt>
<trkpt lat="45.370234" lon="-75.815389"><ele>24.0</ele><time>2024-06-08T16:15:32Z</time></trkpt>
<trkpt lat="45.370257" lon="-75.815416"><ele>24.0</ele><time>2024-06-08T16:15:33Z</time></trkpt>
<trkpt lat="45.370279" lon="-75.815434"><ele>24.0</ele><time>2024-06-08T16:15:34Z</time></trkpt>
<trkpt lat="45.370301" lon="-75.815452"><ele>24.0</ele><time>2024-06-08T16:15:35Z</time></trkpt>
<trkpt lat="45.370323" lon="-75.815479"><ele>24.0</ele><time>2024-06-08T16:15:36Z</time></trkpt>
<trkpt lat="45.370345" lon="-75.815497"><ele>24.0</ele><time>2024-06-08T16:15:37Z</time></trkpt>
<trkpt lat="45.370367" lon="-75.815524"><ele>24.0</ele><time>2024-06-08T16:15:38Z</time></trkpt>
<trkpt lat="45.37039" lon="-75.815551"><ele>24.0</ele><time>2024-06-08T16:15:39Z</time></trkpt>
<trkpt lat="45.370409" lon="-75.815569"><ele>24.0</ele><time>2024-06-08T16:15:40Z</time></trkpt>
<trkpt lat="45.370434" lon="-75.815596"><ele>24.0</ele><time>2024-06-08T16:15:41Z</time></trkpt>
<trkpt lat="45.370453" lon="-75.815614"><ele>24.0</ele><time>2024-06-08T16:15:42Z</time></trkpt>
<trkpt lat="45.370475" lon="-75.815641"><ele>24.0</ele><time>2024-06-08T16:15:43Z</time></trkpt>
<trkpt lat="45.370497" lon="-75.815667"><ele>24.0</ele><time>2024-06-08T16:15:44Z</time></trkpt>
<trkpt lat="45.370519" lon="-75.815685"><ele>24.0</ele><time>2024-06-08T16:15:45Z</time></trkpt>
<trkpt lat="45.370548" lon="-75.815703"><ele>24.0</ele><time>2024-06-08T16:15:46Z</time></trkpt>
<trkpt lat="45.370573" lon="-75.815721"><ele>24.0</ele><time>2024-06-08T16:15:47Z</time></trkpt>
<trkpt lat="45.370599" lon="-75.815739"><ele>25.0</ele><time>2024-06-08T16:15:48Z</time></trkpt>
<trkpt lat="45.370621" lon="-75.815757"><ele>25.0</ele><time>2024-06-08T16:15:49Z</time></trkpt>
<trkpt lat="45.370643" lon="-75.815784"><ele>25.0</ele><time>2024-06-08T16:15:50Z</time></trkpt>
<trkpt lat="45.370665" lon="-75.815802"><ele>25.0</ele><time>2024-06-08T16:15:51Z</time></trkpt>
<trkpt lat="45.37069" lon="-75.815829"><ele>24.0</ele><time>2024-06-08T16:15:52Z</time></trkpt>
<trkpt lat="45.370713" lon="-75.815847"><ele>25.0</ele><time>2024-06-08T16:15:53Z</time></trkpt>
<trkpt lat="45.370738" lon="-75.815865"><ele>24.0</ele><time>2024-06-08T16:15:54Z</time></trkpt>
<trkpt lat="45.37076" lon="-75.815892"><ele>24.0</ele><time>2024-06-08T16:15:55Z</time></trkpt>
<trkpt lat="45.370785" lon="-75.81591"><ele>24.0</ele><time>2024-06-08T16:15:56Z</time></trkpt>
<trkpt lat="45.370807" lon="-75.815928"><ele>24.0</ele><time>2024-06-08T16:15:57Z</time></trkpt>
<trkpt lat="45.37083" lon="-75.815955"><ele>24.0</ele><time>2024-06-08T16:15:58Z</time></trkpt>
<trkpt lat="45.370852" lon="-75.815982"><ele>24.0</ele><time>2024-06-08T16:15:59Z</time></trkpt>
<trkpt lat="45.370874" lon="-75.816"><ele>24.0</ele><time>2024-06-08T16:16:00Z</time></trkpt>
<trkpt lat="45.370896" lon="-75.816027"><ele>24.0</ele><time>2024-06-08T16:16:01Z</time></trkpt>
<trkpt lat="45.370918" lon="-75.816045"><ele>24.0</ele><time>2024-06-08T16:16:02Z</time></trkpt>
<trkpt lat="45.37094" lon="-75.816063"><ele>24.0</ele><time>2024-06-08T16:16:03Z</time></trkpt>
<trkpt lat="45.370966" lon="-75.81609"><ele>24.0</ele><time>2024-06-08T16:16:04Z</time></trkpt>
<trkpt lat="45.370988" lon="-75.816108"><ele>24.0</ele><time>2024-06-08T16:16:05Z</time></trkpt>
<trkpt lat="45.371007" lon="-75.816135"><ele>24.0</ele><time>2024-06-08T16:16:06Z</time></trkpt>
<trkpt lat="45.371029" lon="-75.816153"><ele>24.0</ele><time>2024-06-08T16:16:07Z</time></trkpt>
<trkpt lat="45.371051" lon="-75.81618"><ele>24.0</ele><time>2024-06-08T16:16:08Z</time></trkpt>
<trkpt lat="45.371077" lon="-75.816197"><ele>24.0</ele><time>2024-06-08T16:16:09Z</time></trkpt>
<trkpt lat="45.371099" lon="-75.816215"><ele>24.0</ele><time>2024-06-08T16:16:10Z</time></trkpt>
<trkpt lat="45.371121" lon="-75.816242"><ele>24.0</ele><time>2024-06-08T16:16:11Z</time></trkpt>
<trkpt lat="45.37114" lon="-75.816251"><ele>24.0</ele><time>2024-06-08T16:16:12Z</time></trkpt>
<trkpt lat="45.371168" lon="-75.816278"><ele>25.0</ele><time>2024-06-08T16:16:13Z</time></trkpt>
<trkpt lat="45.371194" lon="-75.816296"><ele>25.0</ele><time>2024-06-08T16:16:14Z</time></trkpt>
<trkpt lat="45.371219" lon="-75.816314"><ele>25.0</ele><time>2024-06-08T16:16:15Z</time></trkpt>
<trkpt lat="45.371241" lon="-75.816341"><ele>24.0</ele><time>2024-06-08T16:16:16Z</time></trkpt>
<trkpt lat="45.371267" lon="-75.816368"><ele>24.0</ele><time>2024-06-08T16:16:17Z</time></trkpt>
<trkpt lat="45.371286" lon="-75.816404"><ele>25.0</ele><time>2024-06-08T16:16:18Z</time></trkpt>
<trkpt lat="45.371301" lon="-75.816431"><ele>25.0</ele><time>2024-06-08T16:16:19Z</time></trkpt>
<trkpt lat="45.371324" lon="-75.81644"><ele>25.0</ele><time>2024-06-08T16:16:20Z</time></trkpt>
<trkpt lat="45.371352" lon="-75.816458"><ele>24.0</ele><time>2024-06-08T16:16:21Z</time></trkpt>
<trkpt lat="45.371377" lon="-75.816467"><ele>25.0</ele><time>2024-06-08T16:16:22Z</time></trkpt>
<trkpt lat="45.371399" lon="-75.816485"><ele>25.0</ele><time>2024-06-08T16:16:23Z</time></trkpt>
<trkpt lat="45.371422" lon="-75.816503"><ele>25.0</ele><time>2024-06-08T16:16:24Z</time></trkpt>
<trkpt lat="45.371444" lon="-75.81653"><ele>25.0</ele><time>2024-06-08T16:16:25Z</time></trkpt>
<trkpt lat="45.371463" lon="-75.816557"><ele>25.0</ele><time>2024-06-08T16:16:26Z</time></trkpt>
<trkpt lat="45.371485" lon="-75.816575"><ele>25.0</ele><time>2024-06-08T16:16:27Z</time></trkpt>
<trkpt lat="45.37151" lon="-75.816593"><ele>25.0</ele><time>2024-06-08T16:16:28Z</time></trkpt>
<trkpt lat="45.371532" lon="-75.81662"><ele>25.0</ele><time>2024-06-08T16:16:29Z</time></trkpt>
<trkpt lat="45.371555" lon="-75.816638"><ele>25.0</ele><time>2024-06-08T16:16:30Z</time></trkpt>
<trkpt lat="45.371577" lon="-75.816665"><ele>25.0</ele><time>2024-06-08T16:16:31Z</time></trkpt>
<trkpt lat="45.371599" lon="-75.816683"><ele>25.0</ele><time>2024-06-08T16:16:32Z</time></trkpt>
<trkpt lat="45.371621" lon="-75.81671"><ele>25.0</ele><time>2024-06-08T16:16:33Z</time></trkpt>
<trkpt lat="45.371643" lon="-75.816727"><ele>25.0</ele><time>2024-06-08T16:16:34Z</time></trkpt>
<trkpt lat="45.371665" lon="-75.816754"><ele>25.0</ele><time>2024-06-08T16:16:35Z</time></trkpt>
<trkpt lat="45.371688" lon="-75.816772"><ele>25.0</ele><time>2024-06-08T16:16:36Z</time></trkpt>
<trkpt lat="45.371707" lon="-75.816799"><ele>25.0</ele><time>2024-06-08T16:16:37Z</time></trkpt>
<trkpt lat="45.371729" lon="-75.816826"><ele>25.0</ele><time>2024-06-08T16:16:38Z</time></trkpt>
<trkpt lat="45.371751" lon="-75.816844"><ele>25.0</ele><time>2024-06-08T16:16:39Z</time></trkpt>
<trkpt lat="45.37177" lon="-75.816871"><ele>25.0</ele><time>2024-06-08T16:16:40Z</time></trkpt>
<trkpt lat="45.371792" lon="-75.816898"><ele>25.0</ele><time>2024-06-08T16:16:41Z</time></trkpt>
<trkpt lat="45.371811" lon="-75.816925"><ele>25.0</ele><time>2024-06-08T16:16:42Z</time></trkpt>
<trkpt lat="45.37183" lon="-75.816952"><ele>25.0</ele><time>2024-06-08T16:16:43Z</time></trkpt>
<trkpt lat="45.371852" lon="-75.81697"><ele>25.0</ele><time>2024-06-08T16:16:44Z</time></trkpt>
<trkpt lat="45.371878" lon="-75.816988"><ele>25.0</ele><time>2024-06-08T16:16:45Z</time></trkpt>
<trkpt lat="45.371903" lon="-75.817006"><ele>25.0</ele><time>2024-06-08T16:16:46Z</time></trkpt>
<trkpt lat="45.371925" lon="-75.817024"><ele>25.0</ele><time>2024-06-08T16:16:47Z</time></trkpt>
<trkpt lat="45.37195" lon="-75.817051"><ele>25.0</ele><time>2024-06-08T16:16:48Z</time></trkpt>
<trkpt lat="45.371969" lon="-75.817069"><ele>25.0</ele><time>2024-06-08T16:16:49Z</time></trkpt>
<trkpt lat="45.371995" lon="-75.817096"><ele>25.0</ele><time>2024-06-08T16:16:50Z</time></trkpt>
<trkpt lat="45.372017" lon="-75.817114"><ele>25.0</ele><time>2024-06-08T16:16:51Z</time></trkpt>
<trkpt lat="45.372042" lon="-75.817132"><ele>25.0</ele><time>2024-06-08T16:16:52Z</time></trkpt>
<trkpt lat="45.372067" lon="-75.817159"><ele>25.0</ele><time>2024-06-08T16:16:53Z</time></trkpt>
<trkpt lat="45.372093" lon="-75.817177"><ele>25.0</ele><time>2024-06-08T16:16:54Z</time></trkpt>
<trkpt lat="45.372118" lon="-75.817195"><ele>25.0</ele><time>2024-06-08T16:16:55Z</time></trkpt>
<trkpt lat="45.372143" lon="-75.817213"><ele>25.0</ele><time>2024-06-08T16:16:56Z</time></trkpt>
<trkpt lat="45.372169" lon="-75.817231"><ele>25.0</ele><time>2024-06-08T16:16:57Z</time></trkpt>
<trkpt lat="45.372194" lon="-75.817248"><ele>25.0</ele><time>2024-06-08T16:16:58Z</time></trkpt>
<trkpt lat="45.372223" lon="-75.817266"><ele>25.0</ele><time>2024-06-08T16:16:59Z</time></trkpt>
<trkpt lat="45.372248" lon="-75.817275"><ele>25.0</ele><time>2024-06-08T16:17:00Z</time></trkpt>
<trkpt lat="45.372273" lon="-75.817293"><ele>25.0</ele><time>2024-06-08T16:17:01Z</time></trkpt>
<trkpt lat="45.372299" lon="-75.817311"><ele>25.0</ele><time>2024-06-08T16:17:02Z</time></trkpt>
<trkpt lat="45.372321" lon="-75.817338"><ele>25.0</ele><time>2024-06-08T16:17:03Z</time></trkpt>
<trkpt lat="45.372346" lon="-75.817356"><ele>25.0</ele><time>2024-06-08T16:17:04Z</time></trkpt>
<trkpt lat="45.372368" lon="-75.817374"><ele>24.0</ele><time>2024-06-08T16:17:05Z</time></trkpt>
<trkpt lat="45.37239" lon="-75.817401"><ele>25.0</ele><time>2024-06-08T16:17:06Z</time></trkpt>
<trkpt lat="45.372416" lon="-75.817419"><ele>25.0</ele><time>2024-06-08T16:17:07Z</time></trkpt>
<trkpt lat="45.372441" lon="-75.817437"><ele>24.0</ele><time>2024-06-08T16:17:08Z</time></trkpt>
<trkpt lat="45.372466" lon="-75.817455"><ele>24.0</ele><time>2024-06-08T16:17:09Z</time></trkpt>
<trkpt lat="45.372492" lon="-75.817473"><ele>24.0</ele><time>2024-06-08T16:17:10Z</time></trkpt>
<trkpt lat="45.372514" lon="-75.817491"><ele>24.0</ele><time>2024-06-08T16:17:11Z</time></trkpt>
<trkpt lat="45.372539" lon="-75.817509"><ele>24.0</ele><time>2024-06-08T16:17:12Z</time></trkpt>
<trkpt lat="45.372561" lon="-75.817536"><ele>24.0</ele><time>2024-06-08T16:17:13Z</time></trkpt>
<trkpt lat="45.372583" lon="-75.817554"><ele>24.0</ele><time>2024-06-08T16:17:14Z</time></trkpt>
<trkpt lat="45.372606" lon="-75.817581"><ele>24.0</ele><time>2024-06-08T16:17:15Z</time></trkpt>
<trkpt lat="45.372631" lon="-75.817599"><ele>24.0</ele><time>2024-06-08T16:17:16Z</time></trkpt>
<trkpt lat="45.372659" lon="-75.817608"><ele>24.0</ele><time>2024-06-08T16:17:17Z</time></trkpt>
<trkpt lat="45.372685" lon="-75.817626"><ele>24.0</ele><time>2024-06-08T16:17:18Z</time></trkpt>
<trkpt lat="45.372707" lon="-75.817644"><ele>24.0</ele><time>2024-06-08T16:17:19Z</time></trkpt>
<trkpt lat="45.372732" lon="-75.817662"><ele>24.0</ele><time>2024-06-08T16:17:20Z</time></trkpt>
<trkpt lat="45.372754" lon="-75.81768"><ele>24.0</ele><time>2024-06-08T16:17:21Z</time></trkpt>
<trkpt lat="45.37278" lon="-75.817698"><ele>24.0</ele><time>2024-06-08T16:17:22Z</time></trkpt>
<trkpt lat="45.372802" lon="-75.817716"><ele>24.0</ele><time>2024-06-08T16:17:23Z</time></trkpt>
<trkpt lat="45.372827" lon="-75.817734"><ele>24.0</ele><time>2024-06-08T16:17:24Z</time></trkpt>
<trkpt lat="45.372853" lon="-75.817752"><ele>24.0</ele><time>2024-06-08T16:17:25Z</time></trkpt>
<trkpt lat="45.372875" lon="-75.817778"><ele>24.0</ele><time>2024-06-08T16:17:26Z</time></trkpt>
<trkpt lat="45.372897" lon="-75.817796"><ele>24.0</ele><time>2024-06-08T16:17:27Z</time></trkpt>
<trkpt lat="45.372922" lon="-75.817814"><ele>24.0</ele><time>2024-06-08T16:17:28Z</time></trkpt>
<trkpt lat="45.372948" lon="-75.817832"><ele>23.0</ele><time>2024-06-08T16:17:29Z</time></trkpt>
<trkpt lat="45.372973" lon="-75.817841"><ele>23.0</ele><time>2024-06-08T16:17:30Z</time></trkpt>
<trkpt lat="45.372998" lon="-75.817859"><ele>24.0</ele><time>2024-06-08T16:17:31Z</time></trkpt>
<trkpt lat="45.373024" lon="-75.817868"><ele>23.0</ele><time>2024-06-08T16:17:32Z</time></trkpt>
<trkpt lat="45.373049" lon="-75.817886"><ele>23.0</ele><time>2024-06-08T16:17:33Z</time></trkpt>
<trkpt lat="45.373071" lon="-75.817913"><ele>23.0</ele><time>2024-06-08T16:17:34Z</time></trkpt>
<trkpt lat="45.373093" lon="-75.817931"><ele>23.0</ele><time>2024-06-08T16:17:35Z</time></trkpt>
<trkpt lat="45.373115" lon="-75.817949"><ele>23.0</ele><time>2024-06-08T16:17:36Z</time></trkpt>
<trkpt lat="45.373137" lon="-75.817976"><ele>23.0</ele><time>2024-06-08T16:17:37Z</time></trkpt>
<trkpt lat="45.37316" lon="-75.817994"><ele>23.0</ele><time>2024-06-08T16:17:38Z</time></trkpt>
<trkpt lat="45.373182" lon="-75.818012"><ele>23.0</ele><time>2024-06-08T16:17:39Z</time></trkpt>
<trkpt lat="45.373204" lon="-75.818039"><ele>23.0</ele><time>2024-06-08T16:17:40Z</time></trkpt>
<trkpt lat="45.373226" lon="-75.818057"><ele>23.0</ele><time>2024-06-08T16:17:41Z</time></trkpt>
<trkpt lat="45.373245" lon="-75.818084"><ele>23.0</ele><time>2024-06-08T16:17:42Z</time></trkpt>
<trkpt lat="45.373267" lon="-75.818102"><ele>23.0</ele><time>2024-06-08T16:17:43Z</time></trkpt>
<trkpt lat="45.373286" lon="-75.818129"><ele>23.0</ele><time>2024-06-08T16:17:44Z</time></trkpt>
<trkpt lat="45.373308" lon="-75.818156"><ele>23.0</ele><time>2024-06-08T16:17:45Z</time></trkpt>
<trkpt lat="45.373331" lon="-75.818174"><ele>23.0</ele><time>2024-06-08T16:17:46Z</time></trkpt>
<trkpt lat="45.37335" lon="-75.818201"><ele>23.0</ele><time>2024-06-08T16:17:47Z</time></trkpt>
<trkpt lat="45.373372" lon="-75.818219"><ele>23.0</ele><time>2024-06-08T16:17:48Z</time></trkpt>
<trkpt lat="45.373391" lon="-75.818246"><ele>23.0</ele><time>2024-06-08T16:17:49Z</time></trkpt>
<trkpt lat="45.37341" lon="-75.818273"><ele>23.0</ele><time>2024-06-08T16:17:50Z</time></trkpt>
<trkpt lat="45.373429" lon="-75.81829"><ele>23.0</ele><time>2024-06-08T16:17:51Z</time></trkpt>
<trkpt lat="45.373448" lon="-75.818317"><ele>23.0</ele><time>2024-06-08T16:17:52Z</time></trkpt>
<trkpt lat="45.37347" lon="-75.818344"><ele>23.0</ele><time>2024-06-08T16:17:53Z</time></trkpt>
<trkpt lat="45.373492" lon="-75.818362"><ele>23.0</ele><time>2024-06-08T16:17:54Z</time></trkpt>
<trkpt lat="45.373511" lon="-75.818389"><ele>23.0</ele><time>2024-06-08T16:17:55Z</time></trkpt>
<trkpt lat="45.37353" lon="-75.818407"><ele>24.0</ele><time>2024-06-08T16:17:56Z</time></trkpt>
<trkpt lat="45.373549" lon="-75.818434"><ele>23.0</ele><time>2024-06-08T16:17:57Z</time></trkpt>
<trkpt lat="45.373568" lon="-75.818461"><ele>23.0</ele><time>2024-06-08T16:17:58Z</time></trkpt>
<trkpt lat="45.373587" lon="-75.818479"><ele>23.0</ele><time>2024-06-08T16:17:59Z</time></trkpt>
<trkpt lat="45.373609" lon="-75.818506"><ele>24.0</ele><time>2024-06-08T16:18:00Z</time></trkpt>
<trkpt lat="45.373628" lon="-75.818524"><ele>23.0</ele><time>2024-06-08T16:18:01Z</time></trkpt>
<trkpt lat="45.373647" lon="-75.818551"><ele>23.0</ele><time>2024-06-08T16:18:02Z</time></trkpt>
<trkpt lat="45.373666" lon="-75.818578"><ele>23.0</ele><time>2024-06-08T16:18:03Z</time></trkpt>
<trkpt lat="45.373685" lon="-75.818605"><ele>23.0</ele><time>2024-06-08T16:18:04Z</time></trkpt>
<trkpt lat="45.373701" lon="-75.818623"><ele>23.0</ele><time>2024-06-08T16:18:05Z</time></trkpt>
<trkpt lat="45.37372" lon="-75.81865"><ele>23.0</ele><time>2024-06-08T16:18:06Z</time></trkpt>
<trkpt lat="45.373739" lon="-75.818677"><ele>23.0</ele><time>2024-06-08T16:18:07Z</time></trkpt>
<trkpt lat="45.373758" lon="-75.818704"><ele>23.0</ele><time>2024-06-08T16:18:08Z</time></trkpt>
<trkpt lat="45.373777" lon="-75.818722"><ele>23.0</ele><time>2024-06-08T16:18:09Z</time></trkpt>
<trkpt lat="45.373796" lon="-75.81874"><ele>23.0</ele><time>2024-06-08T16:18:10Z</time></trkpt>
<trkpt lat="45.373818" lon="-75.818767"><ele>23.0</ele><time>2024-06-08T16:18:11Z</time></trkpt>
<trkpt lat="45.373837" lon="-75.818794"><ele>23.0</ele><time>2024-06-08T16:18:12Z</time></trkpt>
<trkpt lat="45.373859" lon="-75.818811"><ele>23.0</ele><time>2024-06-08T16:18:13Z</time></trkpt>
<trkpt lat="45.373881" lon="-75.818829"><ele>23.0</ele><time>2024-06-08T16:18:14Z</time></trkpt>
<trkpt lat="45.373904" lon="-75.818847"><ele>23.0</ele><time>2024-06-08T16:18:15Z</time></trkpt>
<trkpt lat="45.373923" lon="-75.818874"><ele>23.0</ele><time>2024-06-08T16:18:16Z</time></trkpt>
<trkpt lat="45.373942" lon="-75.818892"><ele>23.0</ele><time>2024-06-08T16:18:17Z</time></trkpt>
<trkpt lat="45.373961" lon="-75.818919"><ele>23.0</ele><time>2024-06-08T16:18:18Z</time></trkpt>
<trkpt lat="45.373983" lon="-75.818937"><ele>23.0</ele><time>2024-06-08T16:18:19Z</time></trkpt>
<trkpt lat="45.374005" lon="-75.818964"><ele>23.0</ele><time>2024-06-08T16:18:20Z</time></trkpt>
<trkpt lat="45.374027" lon="-75.818982"><ele>23.0</ele><time>2024-06-08T16:18:21Z</time></trkpt>
<trkpt lat="45.374052" lon="-75.819"><ele>23.0</ele><time>2024-06-08T16:18:22Z</time></trkpt>
<trkpt lat="45.374075" lon="-75.819027"><ele>23.0</ele><time>2024-06-08T16:18:23Z</time></trkpt>
<trkpt lat="45.374097" lon="-75.819045"><ele>23.0</ele><time>2024-06-08T16:18:24Z</time></trkpt>
<trkpt lat="45.374122" lon="-75.819054"><ele>23.0</ele><time>2024-06-08T16:18:25Z</time></trkpt>
<trkpt lat="45.374147" lon="-75.819072"><ele>23.0</ele><time>2024-06-08T16:18:26Z</time></trkpt>
<trkpt lat="45.374173" lon="-75.81909"><ele>23.0</ele><time>2024-06-08T16:18:27Z</time></trkpt>
<trkpt lat="45.374198" lon="-75.819117"><ele>23.0</ele><time>2024-06-08T16:18:28Z</time></trkpt>
<trkpt lat="45.37422" lon="-75.819135"><ele>23.0</ele><time>2024-06-08T16:18:29Z</time></trkpt>
<trkpt lat="45.374242" lon="-75.819153"><ele>23.0</ele><time>2024-06-08T16:18:30Z</time></trkpt>
<trkpt lat="45.374264" lon="-75.819171"><ele>23.0</ele><time>2024-06-08T16:18:31Z</time></trkpt>
<trkpt lat="45.37429" lon="-75.819189"><ele>23.0</ele><time>2024-06-08T16:18:32Z</time></trkpt>
<trkpt lat="45.374312" lon="-75.819216"><ele>23.0</ele><time>2024-06-08T16:18:33Z</time></trkpt>
<trkpt lat="45.374331" lon="-75.819234"><ele>23.0</ele><time>2024-06-08T16:18:34Z</time></trkpt>
<trkpt lat="45.374356" lon="-75.819261"><ele>23.0</ele><time>2024-06-08T16:18:35Z</time></trkpt>
<trkpt lat="45.374378" lon="-75.819279"><ele>23.0</ele><time>2024-06-08T16:18:36Z</time></trkpt>
<trkpt lat="45.374401" lon="-75.819306"><ele>23.0</ele><time>2024-06-08T16:18:37Z</time></trkpt>
<trkpt lat="45.374426" lon="-75.819323"><ele>23.0</ele><time>2024-06-08T16:18:38Z</time></trkpt>
<trkpt lat="45.374451" lon="-75.819341"><ele>23.0</ele><time>2024-06-08T16:18:39Z</time></trkpt>
<trkpt lat="45.374473" lon="-75.819359"><ele>23.0</ele><time>2024-06-08T16:18:40Z</time></trkpt>
<trkpt lat="45.374499" lon="-75.819377"><ele>23.0</ele><time>2024-06-08T16:18:41Z</time></trkpt>
<trkpt lat="45.374521" lon="-75.819395"><ele>23.0</ele><time>2024-06-08T16:18:42Z</time></trkpt>
<trkpt lat="45.374543" lon="-75.819422"><ele>23.0</ele><time>2024-06-08T16:18:43Z</time></trkpt>
<trkpt lat="45.374565" lon="-75.81944"><ele>23.0</ele><time>2024-06-08T16:18:44Z</time></trkpt>
<trkpt lat="45.374584" lon="-75.819467"><ele>23.0</ele><time>2024-06-08T16:18:45Z</time></trkpt>
<trkpt lat="45.374606" lon="-75.819494"><ele>24.0</ele><time>2024-06-08T16:18:46Z</time></trkpt>
<trkpt lat="45.374629" lon="-75.819512"><ele>23.0</ele><time>2024-06-08T16:18:47Z</time></trkpt>
<trkpt lat="45.374654" lon="-75.81953"><ele>23.0</ele><time>2024-06-08T16:18:48Z</time></trkpt>
<trkpt lat="45.374676" lon="-75.819557"><ele>24.0</ele><time>2024-06-08T16:18:49Z</time></trkpt>
<trkpt lat="45.374695" lon="-75.819575"><ele>24.0</ele><time>2024-06-08T16:18:50Z</time></trkpt>
<trkpt lat="45.374714" lon="-75.819602"><ele>23.0</ele><time>2024-06-08T16:18:51Z</time></trkpt>
<trkpt lat="45.374736" lon="-75.81962"><ele>23.0</ele><time>2024-06-08T16:18:52Z</time></trkpt>
<trkpt lat="45.374761" lon="-75.819647"><ele>24.0</ele><time>2024-06-08T16:18:53Z</time></trkpt>
<trkpt lat="45.374784" lon="-75.819665"><ele>23.0</ele><time>2024-06-08T16:18:54Z</time></trkpt>
<trkpt lat="45.374803" lon="-75.819692"><ele>23.0</ele><time>2024-06-08T16:18:55Z</time></trkpt>
<trkpt lat="45.374825" lon="-75.81971"><ele>23.0</ele><time>2024-06-08T16:18:56Z</time></trkpt>
<trkpt lat="45.374841" lon="-75.819737"><ele>23.0</ele><time>2024-06-08T16:18:57Z</time></trkpt>
<trkpt lat="45.37486" lon="-75.819764"><ele>23.0</ele><time>2024-06-08T16:18:58Z</time></trkpt>
<trkpt lat="45.374882" lon="-75.819782"><ele>23.0</ele><time>2024-06-08T16:18:59Z</time></trkpt>
<trkpt lat="45.374901" lon="-75.819809"><ele>23.0</ele><time>2024-06-08T16:19:00Z</time></trkpt>
<trkpt lat="45.374923" lon="-75.819827"><ele>23.0</ele><time>2024-06-08T16:19:01Z</time></trkpt>
<trkpt lat="45.374942" lon="-75.819853"><ele>23.0</ele><time>2024-06-08T16:19:02Z</time></trkpt>
<trkpt lat="45.374961" lon="-75.81988"><ele>23.0</ele><time>2024-06-08T16:19:03Z</time></trkpt>
<trkpt lat="45.374977" lon="-75.819898"><ele>23.0</ele><time>2024-06-08T16:19:04Z</time></trkpt>
<trkpt lat="45.374996" lon="-75.819925"><ele>23.0</ele><time>2024-06-08T16:19:05Z</time></trkpt>
<trkpt lat="45.375012" lon="-75.819952"><ele>23.0</ele><time>2024-06-08T16:19:06Z</time></trkpt>
<trkpt lat="45.375027" lon="-75.819979"><ele>23.0</ele><time>2024-06-08T16:19:07Z</time></trkpt>
<trkpt lat="45.375046" lon="-75.820006"><ele>23.0</ele><time>2024-06-08T16:19:08Z</time></trkpt>
<trkpt lat="45.375069" lon="-75.820024"><ele>23.0</ele><time>2024-06-08T16:19:09Z</time></trkpt>
<trkpt lat="45.375094" lon="-75.820051"><ele>23.0</ele><time>2024-06-08T16:19:10Z</time></trkpt>
<trkpt lat="45.37511" lon="-75.820078"><ele>23.0</ele><time>2024-06-08T16:19:11Z</time></trkpt>
<trkpt lat="45.375122" lon="-75.820114"><ele>23.0</ele><time>2024-06-08T16:19:12Z</time></trkpt>
<trkpt lat="45.375129" lon="-75.820141"><ele>23.0</ele><time>2024-06-08T16:19:13Z</time></trkpt>
<trkpt lat="45.375132" lon="-75.820177"><ele>23.0</ele><time>2024-06-08T16:19:14Z</time></trkpt>
<trkpt lat="45.375132" lon="-75.820204"><ele>23.0</ele><time>2024-06-08T16:19:15Z</time></trkpt>
<trkpt lat="45.375129" lon="-75.820222"><ele>23.0</ele><time>2024-06-08T16:19:16Z</time></trkpt>
<trkpt lat="45.375126" lon="-75.82024"><ele>23.0</ele><time>2024-06-08T16:19:17Z</time></trkpt>
<trkpt lat="45.375119" lon="-75.820258"><ele>23.0</ele><time>2024-06-08T16:19:18Z</time></trkpt>
<trkpt lat="45.375113" lon="-75.820267"><ele>23.0</ele><time>2024-06-08T16:19:19Z</time></trkpt>
<trkpt lat="45.375107" lon="-75.820285"><ele>23.0</ele><time>2024-06-08T16:19:20Z</time></trkpt>
<trkpt lat="45.375094" lon="-75.820294"><ele>23.0</ele><time>2024-06-08T16:19:21Z</time></trkpt>
<trkpt lat="45.375081" lon="-75.820294"><ele>22.0</ele><time>2024-06-08T16:19:22Z</time></trkpt>
<trkpt lat="45.375065" lon="-75.820303"><ele>23.0</ele><time>2024-06-08T16:19:23Z</time></trkpt>
<trkpt lat="45.37505" lon="-75.820303"><ele>22.0</ele><time>2024-06-08T16:19:24Z</time></trkpt>
<trkpt lat="45.375034" lon="-75.820312"><ele>23.0</ele><time>2024-06-08T16:19:25Z</time></trkpt>
<trkpt lat="45.375015" lon="-75.82033"><ele>23.0</ele><time>2024-06-08T16:19:26Z</time></trkpt>
<trkpt lat="45.375002" lon="-75.820339"><ele>23.0</ele><time>2024-06-08T16:19:27Z</time></trkpt>
<trkpt lat="45.374989" lon="-75.820348"><ele>23.0</ele><time>2024-06-08T16:19:28Z</time></trkpt>
<trkpt lat="45.374974" lon="-75.820365"><ele>23.0</ele><time>2024-06-08T16:19:29Z</time></trkpt>
<trkpt lat="45.374958" lon="-75.820374"><ele>23.0</ele><time>2024-06-08T16:19:30Z</time></trkpt>
<trkpt lat="45.374942" lon="-75.820383"><ele>23.0</ele><time>2024-06-08T16:19:31Z</time></trkpt>
<trkpt lat="45.374923" lon="-75.820383"><ele>23.0</ele><time>2024-06-08T16:19:32Z</time></trkpt>
<trkpt lat="45.37491" lon="-75.820392"><ele>22.0</ele><time>2024-06-08T16:19:33Z</time></trkpt>
<trkpt lat="45.374894" lon="-75.820401"><ele>23.0</ele><time>2024-06-08T16:19:34Z</time></trkpt>
<trkpt lat="45.374875" lon="-75.820419"><ele>23.0</ele><time>2024-06-08T16:19:35Z</time></trkpt>
<trkpt lat="45.374856" lon="-75.820428"><ele>23.0</ele><time>2024-06-08T16:19:36Z</time></trkpt>
<trkpt lat="45.374837" lon="-75.820446"><ele>23.0</ele><time>2024-06-08T16:19:37Z</time></trkpt>
<trkpt lat="45.374822" lon="-75.820455"><ele>23.0</ele><time>2024-06-08T16:19:38Z</time></trkpt>
<trkpt lat="45.374803" lon="-75.820473"><ele>23.0</ele><time>2024-06-08T16:19:39Z</time></trkpt>
<trkpt lat="45.37479" lon="-75.820491"><ele>23.0</ele><time>2024-06-08T16:19:40Z</time></trkpt>
<trkpt lat="45.374774" lon="-75.820509"><ele>23.0</ele><time>2024-06-08T16:19:41Z</time></trkpt>
<trkpt lat="45.374755" lon="-75.820527"><ele>23.0</ele><time>2024-06-08T16:19:42Z</time></trkpt>
<trkpt lat="45.374739" lon="-75.820536"><ele>23.0</ele><time>2024-06-08T16:19:43Z</time></trkpt>
<trkpt lat="45.374723" lon="-75.820545"><ele>23.0</ele><time>2024-06-08T16:19:44Z</time></trkpt>
<trkpt lat="45.374708" lon="-75.820563"><ele>23.0</ele><time>2024-06-08T16:19:45Z</time></trkpt>
<trkpt lat="45.374692" lon="-75.820581"><ele>23.0</ele><time>2024-06-08T16:19:46Z</time></trkpt>
<trkpt lat="45.374676" lon="-75.82059"><ele>23.0</ele><time>2024-06-08T16:19:47Z</time></trkpt>
<trkpt lat="45.37466" lon="-75.820599"><ele>23.0</ele><time>2024-06-08T16:19:48Z</time></trkpt>
<trkpt lat="45.374641" lon="-75.820617"><ele>23.0</ele><time>2024-06-08T16:19:49Z</time></trkpt>
<trkpt lat="45.374625" lon="-75.820626"><ele>22.0</ele><time>2024-06-08T16:19:50Z</time></trkpt>
<trkpt lat="45.37461" lon="-75.820635"><ele>23.0</ele><time>2024-06-08T16:19:51Z</time></trkpt>
<trkpt lat="45.374591" lon="-75.820644"><ele>23.0</ele><time>2024-06-08T16:19:52Z</time></trkpt>
<trkpt lat="45.374575" lon="-75.820662"><ele>23.0</ele><time>2024-06-08T16:19:53Z</time></trkpt>
<trkpt lat="45.374559" lon="-75.820671"><ele>23.0</ele><time>2024-06-08T16:19:54Z</time></trkpt>
<trkpt lat="45.37454" lon="-75.82068"><ele>23.0</ele><time>2024-06-08T16:19:55Z</time></trkpt>
<trkpt lat="45.374518" lon="-75.820689"><ele>23.0</ele><time>2024-06-08T16:19:56Z</time></trkpt>
<trkpt lat="45.374499" lon="-75.820698"><ele>23.0</ele><time>2024-06-08T16:19:57Z</time></trkpt>
<trkpt lat="45.37448" lon="-75.820716"><ele>23.0</ele><time>2024-06-08T16:19:58Z</time></trkpt>
<trkpt lat="45.374458" lon="-75.820725"><ele>23.0</ele><time>2024-06-08T16:19:59Z</time></trkpt>
<trkpt lat="45.374439" lon="-75.820734"><ele>23.0</ele><time>2024-06-08T16:20:00Z</time></trkpt>
<trkpt lat="45.37442" lon="-75.820752"><ele>23.0</ele><time>2024-06-08T16:20:01Z</time></trkpt>
<trkpt lat="45.374404" lon="-75.820761"><ele>23.0</ele><time>2024-06-08T16:20:02Z</time></trkpt>
<trkpt lat="45.374385" lon="-75.820779"><ele>23.0</ele><time>2024-06-08T16:20:03Z</time></trkpt>
<trkpt lat="45.374366" lon="-75.820788"><ele>23.0</ele><time>2024-06-08T16:20:04Z</time></trkpt>
<trkpt lat="45.37435" lon="-75.820806"><ele>23.0</ele><time>2024-06-08T16:20:05Z</time></trkpt>
<trkpt lat="45.374331" lon="-75.820815"><ele>23.0</ele><time>2024-06-08T16:20:06Z</time></trkpt>
<trkpt lat="45.374312" lon="-75.820833"><ele>24.0</ele><time>2024-06-08T16:20:07Z</time></trkpt>
<trkpt lat="45.374296" lon="-75.820842"><ele>23.0</ele><time>2024-06-08T16:20:08Z</time></trkpt>
<trkpt lat="45.374277" lon="-75.82086"><ele>23.0</ele><time>2024-06-08T16:20:09Z</time></trkpt>
<trkpt lat="45.374258" lon="-75.820869"><ele>24.0</ele><time>2024-06-08T16:20:10Z</time></trkpt>
<trkpt lat="45.374242" lon="-75.820887"><ele>24.0</ele><time>2024-06-08T16:20:11Z</time></trkpt>
<trkpt lat="45.374223" lon="-75.820904"><ele>24.0</ele><time>2024-06-08T16:20:12Z</time></trkpt>
<trkpt lat="45.374207" lon="-75.820922"><ele>24.0</ele><time>2024-06-08T16:20:13Z</time></trkpt>
<trkpt lat="45.374188" lon="-75.820931"><ele>24.0</ele><time>2024-06-08T16:20:14Z</time></trkpt>
<trkpt lat="45.37417" lon="-75.82094"><ele>24.0</ele><time>2024-06-08T16:20:15Z</time></trkpt>
<trkpt lat="45.374154" lon="-75.820949"><ele>24.0</ele><time>2024-06-08T16:20:16Z</time></trkpt>
<trkpt lat="45.374132" lon="-75.820967"><ele>24.0</ele><time>2024-06-08T16:20:17Z</time></trkpt>
<trkpt lat="45.374109" lon="-75.820985"><ele>24.0</ele><time>2024-06-08T16:20:18Z</time></trkpt>
<trkpt lat="45.374094" lon="-75.820994"><ele>24.0</ele><time>2024-06-08T16:20:19Z</time></trkpt>
<trkpt lat="45.374078" lon="-75.821012"><ele>25.0</ele><time>2024-06-08T16:20:20Z</time></trkpt>
<trkpt lat="45.374059" lon="-75.821021"><ele>24.0</ele><time>2024-06-08T16:20:21Z</time></trkpt>
<trkpt lat="45.37404" lon="-75.82103"><ele>24.0</ele><time>2024-06-08T16:20:22Z</time></trkpt>
<trkpt lat="45.374024" lon="-75.821039"><ele>25.0</ele><time>2024-06-08T16:20:23Z</time></trkpt>
<trkpt lat="45.374005" lon="-75.821048"><ele>25.0</ele><time>2024-06-08T16:20:24Z</time></trkpt>
<trkpt lat="45.373986" lon="-75.821066"><ele>25.0</ele><time>2024-06-08T16:20:25Z</time></trkpt>
<trkpt lat="45.373967" lon="-75.821075"><ele>25.0</ele><time>2024-06-08T16:20:26Z</time></trkpt>
<trkpt lat="45.373948" lon="-75.821093"><ele>25.0</ele><time>2024-06-08T16:20:27Z</time></trkpt>
<trkpt lat="45.373929" lon="-75.821102"><ele>25.0</ele><time>2024-06-08T16:20:28Z</time></trkpt>
<trkpt lat="45.37391" lon="-75.821111"><ele>25.0</ele><time>2024-06-08T16:20:29Z</time></trkpt>
<trkpt lat="45.373891" lon="-75.821129"><ele>25.0</ele><time>2024-06-08T16:20:30Z</time></trkpt>
<trkpt lat="45.373872" lon="-75.821138"><ele>25.0</ele><time>2024-06-08T16:20:31Z</time></trkpt>
<trkpt lat="45.373853" lon="-75.821147"><ele>25.0</ele><time>2024-06-08T16:20:32Z</time></trkpt>
<trkpt lat="45.373834" lon="-75.821165"><ele>25.0</ele><time>2024-06-08T16:20:33Z</time></trkpt>
<trkpt lat="45.373815" lon="-75.821174"><ele>25.0</ele><time>2024-06-08T16:20:34Z</time></trkpt>
<trkpt lat="45.373793" lon="-75.821183"><ele>25.0</ele><time>2024-06-08T16:20:35Z</time></trkpt>
<trkpt lat="45.373774" lon="-75.821192"><ele>25.0</ele><time>2024-06-08T16:20:36Z</time></trkpt>
<trkpt lat="45.373755" lon="-75.821201"><ele>25.0</ele><time>2024-06-08T16:20:37Z</time></trkpt>
<trkpt lat="45.373736" lon="-75.821219"><ele>25.0</ele><time>2024-06-08T16:20:38Z</time></trkpt>
<trkpt lat="45.373717" lon="-75.821237"><ele>25.0</ele><time>2024-06-08T16:20:39Z</time></trkpt>
<trkpt lat="45.373698" lon="-75.821246"><ele>24.0</ele><time>2024-06-08T16:20:40Z</time></trkpt>
<trkpt lat="45.373679" lon="-75.821264"><ele>24.0</ele><time>2024-06-08T16:20:41Z</time></trkpt>
<trkpt lat="45.37366" lon="-75.821282"><ele>24.0</ele><time>2024-06-08T16:20:42Z</time></trkpt>
<trkpt lat="45.373644" lon="-75.821291"><ele>24.0</ele><time>2024-06-08T16:20:43Z</time></trkpt>
<trkpt lat="45.373625" lon="-75.821309"><ele>24.0</ele><time>2024-06-08T16:20:44Z</time></trkpt>
<trkpt lat="45.373609" lon="-75.821327"><ele>24.0</ele><time>2024-06-08T16:20:45Z</time></trkpt>
<trkpt lat="45.373593" lon="-75.821336"><ele>24.0</ele><time>2024-06-08T16:20:46Z</time></trkpt>
<trkpt lat="45.373578" lon="-75.821354"><ele>24.0</ele><time>2024-06-08T16:20:47Z</time></trkpt>
<trkpt lat="45.373562" lon="-75.821363"><ele>24.0</ele><time>2024-06-08T16:20:48Z</time></trkpt>
<trkpt lat="45.373546" lon="-75.821381"><ele>25.0</ele><time>2024-06-08T16:20:49Z</time></trkpt>
<trkpt lat="45.373527" lon="-75.82139"><ele>24.0</ele><time>2024-06-08T16:20:50Z</time></trkpt>
<trkpt lat="45.373508" lon="-75.821399"><ele>24.0</ele><time>2024-06-08T16:20:51Z</time></trkpt>
<trkpt lat="45.373489" lon="-75.821399"><ele>24.0</ele><time>2024-06-08T16:20:52Z</time></trkpt>
<trkpt lat="45.37347" lon="-75.821408"><ele>24.0</ele><time>2024-06-08T16:20:53Z</time></trkpt>
<trkpt lat="45.373451" lon="-75.821416"><ele>24.0</ele><time>2024-06-08T16:20:54Z</time></trkpt>
<trkpt lat="45.373429" lon="-75.821425"><ele>24.0</ele><time>2024-06-08T16:20:55Z</time></trkpt>
<trkpt lat="45.373407" lon="-75.821434"><ele>24.0</ele><time>2024-06-08T16:20:56Z</time></trkpt>
<trkpt lat="45.373384" lon="-75.821443"><ele>24.0</ele><time>2024-06-08T16:20:57Z</time></trkpt>
<trkpt lat="45.373362" lon="-75.821461"><ele>24.0</ele><time>2024-06-08T16:20:58Z</time></trkpt>
<trkpt lat="45.37334" lon="-75.82147"><ele>24.0</ele><time>2024-06-08T16:20:59Z</time></trkpt>
<trkpt lat="45.373318" lon="-75.821479"><ele>24.0</ele><time>2024-06-08T16:21:00Z</time></trkpt>
<trkpt lat="45.373299" lon="-75.821497"><ele>24.0</ele><time>2024-06-08T16:21:01Z</time></trkpt>
<trkpt lat="45.37328" lon="-75.821506"><ele>24.0</ele><time>2024-06-08T16:21:02Z</time></trkpt>
<trkpt lat="45.373258" lon="-75.821524"><ele>24.0</ele><time>2024-06-08T16:21:03Z</time></trkpt>
<trkpt lat="45.373239" lon="-75.821533"><ele>24.0</ele><time>2024-06-08T16:21:04Z</time></trkpt>
<trkpt lat="45.373217" lon="-75.821542"><ele>24.0</ele><time>2024-06-08T16:21:05Z</time></trkpt>
<trkpt lat="45.373198" lon="-75.821551"><ele>24.0</ele><time>2024-06-08T16:21:06Z</time></trkpt>
<trkpt lat="45.373179" lon="-75.82156"><ele>24.0</ele><time>2024-06-08T16:21:07Z</time></trkpt>
<trkpt lat="45.373156" lon="-75.821578"><ele>24.0</ele><time>2024-06-08T16:21:08Z</time></trkpt>
<trkpt lat="45.373137" lon="-75.821587"><ele>24.0</ele><time>2024-06-08T16:21:09Z</time></trkpt>
<trkpt lat="45.373115" lon="-75.821596"><ele>24.0</ele><time>2024-06-08T16:21:10Z</time></trkpt>
<trkpt lat="45.373093" lon="-75.821605"><ele>24.0</ele><time>2024-06-08T16:21:11Z</time></trkpt>
<trkpt lat="45.373071" lon="-75.821605"><ele>24.0</ele><time>2024-06-08T16:21:12Z</time></trkpt>
<trkpt lat="45.373052" lon="-75.821614"><ele>23.0</ele><time>2024-06-08T16:21:13Z</time></trkpt>
<trkpt lat="45.37303" lon="-75.821623"><ele>24.0</ele><time>2024-06-08T16:21:14Z</time></trkpt>
<trkpt lat="45.373008" lon="-75.821632"><ele>23.0</ele><time>2024-06-08T16:21:15Z</time></trkpt>
<trkpt lat="45.372986" lon="-75.821641"><ele>24.0</ele><time>2024-06-08T16:21:16Z</time></trkpt>
<trkpt lat="45.372963" lon="-75.82165"><ele>23.0</ele><time>2024-06-08T16:21:17Z</time></trkpt>
<trkpt lat="45.372941" lon="-75.821659"><ele>24.0</ele><time>2024-06-08T16:21:18Z</time></trkpt>
<trkpt lat="45.372919" lon="-75.821668"><ele>24.0</ele><time>2024-06-08T16:21:19Z</time></trkpt>
<trkpt lat="45.372897" lon="-75.821677"><ele>23.0</ele><time>2024-06-08T16:21:20Z</time></trkpt>
<trkpt lat="45.372875" lon="-75.821686"><ele>23.0</ele><time>2024-06-08T16:21:21Z</time></trkpt>
<trkpt lat="45.372849" lon="-75.821695"><ele>24.0</ele><time>2024-06-08T16:21:22Z</time></trkpt>
<trkpt lat="45.372827" lon="-75.821704"><ele>23.0</ele><time>2024-06-08T16:21:23Z</time></trkpt>
<trkpt lat="45.372805" lon="-75.821713"><ele>23.0</ele><time>2024-06-08T16:21:24Z</time></trkpt>
<trkpt lat="45.372783" lon="-75.821722"><ele>23.0</ele><time>2024-06-08T16:21:25Z</time></trkpt>
<trkpt lat="45.372761" lon="-75.821731"><ele>23.0</ele><time>2024-06-08T16:21:26Z</time></trkpt>
<trkpt lat="45.372742" lon="-75.82174"><ele>23.0</ele><time>2024-06-08T16:21:27Z</time></trkpt>
<trkpt lat="45.37272" lon="-75.821749"><ele>23.0</ele><time>2024-06-08T16:21:28Z</time></trkpt>
<trkpt lat="45.372697" lon="-75.821758"><ele>23.0</ele><time>2024-06-08T16:21:29Z</time></trkpt>
<trkpt lat="45.372675" lon="-75.821767"><ele>23.0</ele><time>2024-06-08T16:21:30Z</time></trkpt>
<trkpt lat="45.372656" lon="-75.821776"><ele>23.0</ele><time>2024-06-08T16:21:31Z</time></trkpt>
<trkpt lat="45.372637" lon="-75.821794"><ele>23.0</ele><time>2024-06-08T16:21:32Z</time></trkpt>
<trkpt lat="45.372618" lon="-75.821803"><ele>23.0</ele><time>2024-06-08T16:21:33Z</time></trkpt>
<trkpt lat="45.372596" lon="-75.821812"><ele>23.0</ele><time>2024-06-08T16:21:34Z</time></trkpt>
<trkpt lat="45.372577" lon="-75.821821"><ele>23.0</ele><time>2024-06-08T16:21:35Z</time></trkpt>
<trkpt lat="45.372555" lon="-75.82183"><ele>23.0</ele><time>2024-06-08T16:21:36Z</time></trkpt>
<trkpt lat="45.372536" lon="-75.821839"><ele>24.0</ele><time>2024-06-08T16:21:37Z</time></trkpt>
<trkpt lat="45.372514" lon="-75.821848"><ele>23.0</ele><time>2024-06-08T16:21:38Z</time></trkpt>
<trkpt lat="45.372495" lon="-75.821857"><ele>23.0</ele><time>2024-06-08T16:21:39Z</time></trkpt>
<trkpt lat="45.372473" lon="-75.821866"><ele>23.0</ele><time>2024-06-08T16:21:40Z</time></trkpt>
<trkpt lat="45.372454" lon="-75.821875"><ele>24.0</ele><time>2024-06-08T16:21:41Z</time></trkpt>
<trkpt lat="45.372435" lon="-75.821884"><ele>23.0</ele><time>2024-06-08T16:21:42Z</time></trkpt>
<trkpt lat="45.372413" lon="-75.821893"><ele>24.0</ele><time>2024-06-08T16:21:43Z</time></trkpt>
<trkpt lat="45.37239" lon="-75.821902"><ele>23.0</ele><time>2024-06-08T16:21:44Z</time></trkpt>
<trkpt lat="45.372368" lon="-75.821911"><ele>23.0</ele><time>2024-06-08T16:21:45Z</time></trkpt>
<trkpt lat="45.372349" lon="-75.82192"><ele>23.0</ele><time>2024-06-08T16:21:46Z</time></trkpt>
<trkpt lat="45.372327" lon="-75.821929"><ele>23.0</ele><time>2024-06-08T16:21:47Z</time></trkpt>
<trkpt lat="45.372305" lon="-75.821937"><ele>24.0</ele><time>2024-06-08T16:21:48Z</time></trkpt>
<trkpt lat="45.372283" lon="-75.821946"><ele>24.0</ele><time>2024-06-08T16:21:49Z</time></trkpt>
<trkpt lat="45.372261" lon="-75.821955"><ele>24.0</ele><time>2024-06-08T16:21:50Z</time></trkpt>
<trkpt lat="45.372242" lon="-75.821964"><ele>24.0</ele><time>2024-06-08T16:21:51Z</time></trkpt>
<trkpt lat="45.372219" lon="-75.821973"><ele>24.0</ele><time>2024-06-08T16:21:52Z</time></trkpt>
<trkpt lat="45.372197" lon="-75.821982"><ele>23.0</ele><time>2024-06-08T16:21:53Z</time></trkpt>
<trkpt lat="45.372175" lon="-75.821991"><ele>23.0</ele><time>2024-06-08T16:21:54Z</time></trkpt>
<trkpt lat="45.372153" lon="-75.822"><ele>23.0</ele><time>2024-06-08T16:21:55Z</time></trkpt>
<trkpt lat="45.372134" lon="-75.822009"><ele>23.0</ele><time>2024-06-08T16:21:56Z</time></trkpt>
<trkpt lat="45.372112" lon="-75.822018"><ele>23.0</ele><time>2024-06-08T16:21:57Z</time></trkpt>
<trkpt lat="45.37209" lon="-75.822027"><ele>23.0</ele><time>2024-06-08T16:21:58Z</time></trkpt>
<trkpt lat="45.372067" lon="-75.822036"><ele>23.0</ele><time>2024-06-08T16:21:59Z</time></trkpt>
<trkpt lat="45.372048" lon="-75.822045"><ele>23.0</ele><time>2024-06-08T16:22:00Z</time></trkpt>
<trkpt lat="45.372026" lon="-75.822063"><ele>23.0</ele><time>2024-06-08T16:22:01Z</time></trkpt>
<trkpt lat="45.372007" lon="-75.822072"><ele>23.0</ele><time>2024-06-08T16:22:02Z</time></trkpt>
<trkpt lat="45.371985" lon="-75.82209"><ele>23.0</ele><time>2024-06-08T16:22:03Z</time></trkpt>
<trkpt lat="45.371966" lon="-75.822099"><ele>23.0</ele><time>2024-06-08T16:22:04Z</time></trkpt>
<trkpt lat="45.371947" lon="-75.822108"><ele>23.0</ele><time>2024-06-08T16:22:05Z</time></trkpt>
<trkpt lat="45.371928" lon="-75.822117"><ele>23.0</ele><time>2024-06-08T16:22:06Z</time></trkpt>
<trkpt lat="45.371909" lon="-75.822135"><ele>23.0</ele><time>2024-06-08T16:22:07Z</time></trkpt>
<trkpt lat="45.37189" lon="-75.822144"><ele>23.0</ele><time>2024-06-08T16:22:08Z</time></trkpt>
<trkpt lat="45.371874" lon="-75.822162"><ele>23.0</ele><time>2024-06-08T16:22:09Z</time></trkpt>
<trkpt lat="45.371855" lon="-75.82218"><ele>23.0</ele><time>2024-06-08T16:22:10Z</time></trkpt>
<trkpt lat="45.371836" lon="-75.822189"><ele>23.0</ele><time>2024-06-08T16:22:11Z</time></trkpt>
<trkpt lat="45.371817" lon="-75.822198"><ele>24.0</ele><time>2024-06-08T16:22:12Z</time></trkpt>
<trkpt lat="45.371798" lon="-75.822207"><ele>23.0</ele><time>2024-06-08T16:22:13Z</time></trkpt>
<trkpt lat="45.371779" lon="-75.822225"><ele>24.0</ele><time>2024-06-08T16:22:14Z</time></trkpt>
<trkpt lat="45.37176" lon="-75.822234"><ele>23.0</ele><time>2024-06-08T16:22:15Z</time></trkpt>
<trkpt lat="45.371741" lon="-75.822243"><ele>23.0</ele><time>2024-06-08T16:22:16Z</time></trkpt>
<trkpt lat="45.371722" lon="-75.822252"><ele>23.0</ele><time>2024-06-08T16:22:17Z</time></trkpt>
<trkpt lat="45.371703" lon="-75.822261"><ele>23.0</ele><time>2024-06-08T16:22:18Z</time></trkpt>
<trkpt lat="45.371684" lon="-75.82227"><ele>23.0</ele><time>2024-06-08T16:22:19Z</time></trkpt>
<trkpt lat="45.371665" lon="-75.822288"><ele>23.0</ele><time>2024-06-08T16:22:20Z</time></trkpt>
<trkpt lat="45.371646" lon="-75.822297"><ele>23.0</ele><time>2024-06-08T16:22:21Z</time></trkpt>
<trkpt lat="45.371624" lon="-75.822306"><ele>23.0</ele><time>2024-06-08T16:22:22Z</time></trkpt>
<trkpt lat="45.371605" lon="-75.822315"><ele>23.0</ele><time>2024-06-08T16:22:23Z</time></trkpt>
<trkpt lat="45.371583" lon="-75.822324"><ele>23.0</ele><time>2024-06-08T16:22:24Z</time></trkpt>
<trkpt lat="45.371564" lon="-75.822333"><ele>23.0</ele><time>2024-06-08T16:22:25Z</time></trkpt>
<trkpt lat="45.371545" lon="-75.822342"><ele>23.0</ele><time>2024-06-08T16:22:26Z</time></trkpt>
<trkpt lat="45.371523" lon="-75.82236"><ele>23.0</ele><time>2024-06-08T16:22:27Z</time></trkpt>
<trkpt lat="45.371504" lon="-75.822369"><ele>23.0</ele><time>2024-06-08T16:22:28Z</time></trkpt>
<trkpt lat="45.371485" lon="-75.822378"><ele>23.0</ele><time>2024-06-08T16:22:29Z</time></trkpt>
<trkpt lat="45.371466" lon="-75.822387"><ele>23.0</ele><time>2024-06-08T16:22:30Z</time></trkpt>
<trkpt lat="45.371447" lon="-75.822396"><ele>23.0</ele><time>2024-06-08T16:22:31Z</time></trkpt>
<trkpt lat="45.371428" lon="-75.822396"><ele>23.0</ele><time>2024-06-08T16:22:32Z</time></trkpt>
<trkpt lat="45.371412" lon="-75.822405"><ele>23.0</ele><time>2024-06-08T16:22:33Z</time></trkpt>
<trkpt lat="45.371396" lon="-75.822414"><ele>22.0</ele><time>2024-06-08T16:22:34Z</time></trkpt>
<trkpt lat="45.371387" lon="-75.822432"><ele>22.0</ele><time>2024-06-08T16:22:35Z</time></trkpt>
<trkpt lat="45.371381" lon="-75.822441"><ele>22.0</ele><time>2024-06-08T16:22:36Z</time></trkpt>
<trkpt lat="45.371377" lon="-75.822458"><ele>22.0</ele><time>2024-06-08T16:22:37Z</time></trkpt>
<trkpt lat="45.371377" lon="-75.822467"><ele>22.0</ele><time>2024-06-08T16:22:38Z</time></trkpt>
<trkpt lat="45.371381" lon="-75.822485"><ele>22.0</ele><time>2024-06-08T16:22:39Z</time></trkpt>
<trkpt lat="45.371384" lon="-75.822503"><ele>23.0</ele><time>2024-06-08T16:22:40Z</time></trkpt>
<trkpt lat="45.37139" lon="-75.822512"><ele>22.0</ele><time>2024-06-08T16:22:41Z</time></trkpt>
<trkpt lat="45.371406" lon="-75.822521"><ele>23.0</ele><time>2024-06-08T16:22:42Z</time></trkpt>
<trkpt lat="45.371422" lon="-75.822521"><ele>23.0</ele><time>2024-06-08T16:22:43Z</time></trkpt>
<trkpt lat="45.371437" lon="-75.82253"><ele>23.0</ele><time>2024-06-08T16:22:44Z</time></trkpt>
<trkpt lat="45.371456" lon="-75.822539"><ele>23.0</ele><time>2024-06-08T16:22:45Z</time></trkpt>
<trkpt lat="45.371466" lon="-75.822548"><ele>23.0</ele><time>2024-06-08T16:22:46Z</time></trkpt>
<trkpt lat="45.371475" lon="-75.822557"><ele>23.0</ele><time>2024-06-08T16:22:47Z</time></trkpt>
<trkpt lat="45.371488" lon="-75.822575"><ele>23.0</ele><time>2024-06-08T16:22:48Z</time></trkpt>
<trkpt lat="45.371501" lon="-75.822593"><ele>23.0</ele><time>2024-06-08T16:22:49Z</time></trkpt>
<trkpt lat="45.371517" lon="-75.822611"><ele>23.0</ele><time>2024-06-08T16:22:50Z</time></trkpt>
<trkpt lat="45.371536" lon="-75.82262"><ele>23.0</ele><time>2024-06-08T16:22:51Z</time></trkpt>
<trkpt lat="45.371555" lon="-75.82262"><ele>23.0</ele><time>2024-06-08T16:22:52Z</time></trkpt>
<trkpt lat="45.371574" lon="-75.822629"><ele>23.0</ele><time>2024-06-08T16:22:53Z</time></trkpt>
<trkpt lat="45.371593" lon="-75.822638"><ele>23.0</ele><time>2024-06-08T16:22:54Z</time></trkpt>
<trkpt lat="45.371612" lon="-75.822638"><ele>23.0</ele><time>2024-06-08T16:22:55Z</time></trkpt>
<trkpt lat="45.371634" lon="-75.822647"><ele>23.0</ele><time>2024-06-08T16:22:56Z</time></trkpt>
<trkpt lat="45.371653" lon="-75.822647"><ele>23.0</ele><time>2024-06-08T16:22:57Z</time></trkpt>
<trkpt lat="45.371672" lon="-75.822656"><ele>23.0</ele><time>2024-06-08T16:22:58Z</time></trkpt>
<trkpt lat="45.371691" lon="-75.822665"><ele>23.0</ele><time>2024-06-08T16:22:59Z</time></trkpt>
<trkpt lat="45.37171" lon="-75.822674"><ele>23.0</ele><time>2024-06-08T16:23:00Z</time></trkpt>
<trkpt lat="45.371729" lon="-75.822683"><ele>23.0</ele><time>2024-06-08T16:23:01Z</time></trkpt>
<trkpt lat="45.371741" lon="-75.822692"><ele>23.0</ele><time>2024-06-08T16:23:02Z</time></trkpt>
<trkpt lat="45.371757" lon="-75.82271"><ele>24.0</ele><time>2024-06-08T16:23:03Z</time></trkpt>
<trkpt lat="45.371773" lon="-75.822728"><ele>23.0</ele><time>2024-06-08T16:23:04Z</time></trkpt>
<trkpt lat="45.371789" lon="-75.822746"><ele>23.0</ele><time>2024-06-08T16:23:05Z</time></trkpt>
<trkpt lat="45.371808" lon="-75.822755"><ele>24.0</ele><time>2024-06-08T16:23:06Z</time></trkpt>
<trkpt lat="45.37183" lon="-75.822773"><ele>23.0</ele><time>2024-06-08T16:23:07Z</time></trkpt>
<trkpt lat="45.371846" lon="-75.822782"><ele>23.0</ele><time>2024-06-08T16:23:08Z</time></trkpt>
<trkpt lat="45.371865" lon="-75.822791"><ele>23.0</ele><time>2024-06-08T16:23:09Z</time></trkpt>
<trkpt lat="45.371884" lon="-75.8228"><ele>23.0</ele><time>2024-06-08T16:23:10Z</time></trkpt>
<trkpt lat="45.371903" lon="-75.822809"><ele>23.0</ele><time>2024-06-08T16:23:11Z</time></trkpt>
<trkpt lat="45.371919" lon="-75.822818"><ele>23.0</ele><time>2024-06-08T16:23:12Z</time></trkpt>
<trkpt lat="45.371941" lon="-75.822827"><ele>23.0</ele><time>2024-06-08T16:23:13Z</time></trkpt>
<trkpt lat="45.37196" lon="-75.822836"><ele>23.0</ele><time>2024-06-08T16:23:14Z</time></trkpt>
<trkpt lat="45.371979" lon="-75.822845"><ele>23.0</ele><time>2024-06-08T16:23:15Z</time></trkpt>
<trkpt lat="45.372001" lon="-75.822854"><ele>23.0</ele><time>2024-06-08T16:23:16Z</time></trkpt>
<trkpt lat="45.37202" lon="-75.822863"><ele>23.0</ele><time>2024-06-08T16:23:17Z</time></trkpt>
<trkpt lat="45.372036" lon="-75.822872"><ele>23.0</ele><time>2024-06-08T16:23:18Z</time></trkpt>
<trkpt lat="45.372052" lon="-75.82289"><ele>23.0</ele><time>2024-06-08T16:23:19Z</time></trkpt>
<trkpt lat="45.372064" lon="-75.822908"><ele>23.0</ele><time>2024-06-08T16:23:20Z</time></trkpt>
<trkpt lat="45.372077" lon="-75.822926"><ele>23.0</ele><time>2024-06-08T16:23:21Z</time></trkpt>
<trkpt lat="45.372086" lon="-75.822944"><ele>23.0</ele><time>2024-06-08T16:23:22Z</time></trkpt>
<trkpt lat="45.372099" lon="-75.822971"><ele>23.0</ele><time>2024-06-08T16:23:23Z</time></trkpt>
<trkpt lat="45.372115" lon="-75.822988"><ele>23.0</ele><time>2024-06-08T16:23:24Z</time></trkpt>
<trkpt lat="45.372128" lon="-75.823006"><ele>23.0</ele><time>2024-06-08T16:23:25Z</time></trkpt>
<trkpt lat="45.372143" lon="-75.823024"><ele>23.0</ele><time>2024-06-08T16:23:26Z</time></trkpt>
<trkpt lat="45.372156" lon="-75.823042"><ele>23.0</ele><time>2024-06-08T16:23:27Z</time></trkpt>
<trkpt lat="45.372169" lon="-75.82306"><ele>23.0</ele><time>2024-06-08T16:23:28Z</time></trkpt>
<trkpt lat="45.372178" lon="-75.823078"><ele>23.0</ele><time>2024-06-08T16:23:29Z</time></trkpt>
<trkpt lat="45.372188" lon="-75.823096"><ele>23.0</ele><time>2024-06-08T16:23:30Z</time></trkpt>
<trkpt lat="45.372194" lon="-75.823114"><ele>23.0</ele><time>2024-06-08T16:23:31Z</time></trkpt>
<trkpt lat="45.372204" lon="-75.823141"><ele>23.0</ele><time>2024-06-08T16:23:32Z</time></trkpt>
<trkpt lat="45.37221" lon="-75.823159"><ele>23.0</ele><time>2024-06-08T16:23:33Z</time></trkpt>
<trkpt lat="45.372223" lon="-75.823177"><ele>23.0</ele><time>2024-06-08T16:23:34Z</time></trkpt>
<trkpt lat="45.372232" lon="-75.823195"><ele>23.0</ele><time>2024-06-08T16:23:35Z</time></trkpt>
<trkpt lat="45.372245" lon="-75.823204"><ele>23.0</ele><time>2024-06-08T16:23:36Z</time></trkpt>
<trkpt lat="45.372257" lon="-75.823222"><ele>22.0</ele><time>2024-06-08T16:23:37Z</time></trkpt>
<trkpt lat="45.372273" lon="-75.82324"><ele>23.0</ele><time>2024-06-08T16:23:38Z</time></trkpt>
<trkpt lat="45.372289" lon="-75.823258"><ele>22.0</ele><time>2024-06-08T16:23:39Z</time></trkpt>
<trkpt lat="45.372308" lon="-75.823267"><ele>23.0</ele><time>2024-06-08T16:23:40Z</time></trkpt>
<trkpt lat="45.372327" lon="-75.823276"><ele>23.0</ele><time>2024-06-08T16:23:41Z</time></trkpt>
<trkpt lat="45.372346" lon="-75.823294"><ele>23.0</ele><time>2024-06-08T16:23:42Z</time></trkpt>
<trkpt lat="45.372362" lon="-75.823303"><ele>23.0</ele><time>2024-06-08T16:23:43Z</time></trkpt>
<trkpt lat="45.372378" lon="-75.823321"><ele>23.0</ele><time>2024-06-08T16:23:44Z</time></trkpt>
<trkpt lat="45.372394" lon="-75.823339"><ele>22.0</ele><time>2024-06-08T16:23:45Z</time></trkpt>
<trkpt lat="45.372406" lon="-75.823357"><ele>23.0</ele><time>2024-06-08T16:23:46Z</time></trkpt>
<trkpt lat="45.372419" lon="-75.823384"><ele>22.0</ele><time>2024-06-08T16:23:47Z</time></trkpt>
<trkpt lat="45.372432" lon="-75.823402"><ele>22.0</ele><time>2024-06-08T16:23:48Z</time></trkpt>
<trkpt lat="45.372447" lon="-75.82342"><ele>22.0</ele><time>2024-06-08T16:23:49Z</time></trkpt>
<trkpt lat="45.37246" lon="-75.823438"><ele>22.0</ele><time>2024-06-08T16:23:50Z</time></trkpt>
<trkpt lat="45.372473" lon="-75.823465"><ele>22.0</ele><time>2024-06-08T16:23:51Z</time></trkpt>
<trkpt lat="45.372485" lon="-75.823483"><ele>22.0</ele><time>2024-06-08T16:23:52Z</time></trkpt>
<trkpt lat="45.372495" lon="-75.8235"><ele>22.0</ele><time>2024-06-08T16:23:53Z</time></trkpt>
<trkpt lat="45.372508" lon="-75.823518"><ele>22.0</ele><time>2024-06-08T16:23:54Z</time></trkpt>
<trkpt lat="45.372517" lon="-75.823536"><ele>22.0</ele><time>2024-06-08T16:23:55Z</time></trkpt>
<trkpt lat="45.372527" lon="-75.823563"><ele>22.0</ele><time>2024-06-08T16:23:56Z</time></trkpt>
<trkpt lat="45.372536" lon="-75.823581"><ele>22.0</ele><time>2024-06-08T16:23:57Z</time></trkpt>
<trkpt lat="45.372549" lon="-75.823599"><ele>22.0</ele><time>2024-06-08T16:23:58Z</time></trkpt>
<trkpt lat="45.372558" lon="-75.823626"><ele>22.0</ele><time>2024-06-08T16:23:59Z</time></trkpt>
<trkpt lat="45.372568" lon="-75.823644"><ele>22.0</ele><time>2024-06-08T16:24:00Z</time></trkpt>
<trkpt lat="45.372577" lon="-75.823662"><ele>22.0</ele><time>2024-06-08T16:24:01Z</time></trkpt>
<trkpt lat="45.37259" lon="-75.82368"><ele>22.0</ele><time>2024-06-08T16:24:02Z</time></trkpt>
<trkpt lat="45.372599" lon="-75.823707"><ele>22.0</ele><time>2024-06-08T16:24:03Z</time></trkpt>
<trkpt lat="45.372609" lon="-75.823725"><ele>22.0</ele><time>2024-06-08T16:24:04Z</time></trkpt>
<trkpt lat="45.372621" lon="-75.823743"><ele>22.0</ele><time>2024-06-08T16:24:05Z</time></trkpt>
<trkpt lat="45.372634" lon="-75.823752"><ele>22.0</ele><time>2024-06-08T16:24:06Z</time></trkpt>
<trkpt lat="45.37265" lon="-75.82377"><ele>22.0</ele><time>2024-06-08T16:24:07Z</time></trkpt>
<trkpt lat="45.372666" lon="-75.823788"><ele>22.0</ele><time>2024-06-08T16:24:08Z</time></trkpt>
<trkpt lat="45.372682" lon="-75.823797"><ele>22.0</ele><time>2024-06-08T16:24:09Z</time></trkpt>
<trkpt lat="45.372697" lon="-75.823815"><ele>22.0</ele><time>2024-06-08T16:24:10Z</time></trkpt>
<trkpt lat="45.372713" lon="-75.823833"><ele>22.0</ele><time>2024-06-08T16:24:11Z</time></trkpt>
<trkpt lat="45.372729" lon="-75.823851"><ele>22.0</ele><time>2024-06-08T16:24:12Z</time></trkpt>
<trkpt lat="45.372745" lon="-75.823869"><ele>22.0</ele><time>2024-06-08T16:24:13Z</time></trkpt>
<trkpt lat="45.372764" lon="-75.823878"><ele>22.0</ele><time>2024-06-08T16:24:14Z</time></trkpt>
<trkpt lat="45.372786" lon="-75.823887"><ele>22.0</ele><time>2024-06-08T16:24:15Z</time></trkpt>
<trkpt lat="45.372805" lon="-75.823896"><ele>22.0</ele><time>2024-06-08T16:24:16Z</time></trkpt>
<trkpt lat="45.372827" lon="-75.823905"><ele>22.0</ele><time>2024-06-08T16:24:17Z</time></trkpt>
<trkpt lat="45.372846" lon="-75.823914"><ele>22.0</ele><time>2024-06-08T16:24:18Z</time></trkpt>
<trkpt lat="45.372865" lon="-75.823923"><ele>22.0</ele><time>2024-06-08T16:24:19Z</time></trkpt>
<trkpt lat="45.372884" lon="-75.823941"><ele>23.0</ele><time>2024-06-08T16:24:20Z</time></trkpt>
<trkpt lat="45.3729" lon="-75.82395"><ele>23.0</ele><time>2024-06-08T16:24:21Z</time></trkpt>
<trkpt lat="45.372916" lon="-75.823968"><ele>23.0</ele><time>2024-06-08T16:24:22Z</time></trkpt>
<trkpt lat="45.372932" lon="-75.823986"><ele>23.0</ele><time>2024-06-08T16:24:23Z</time></trkpt>
<trkpt lat="45.372948" lon="-75.824004"><ele>23.0</ele><time>2024-06-08T16:24:24Z</time></trkpt>
<trkpt lat="45.372963" lon="-75.824013"><ele>23.0</ele><time>2024-06-08T16:24:25Z</time></trkpt>
<trkpt lat="45.372979" lon="-75.82403"><ele>23.0</ele><time>2024-06-08T16:24:26Z</time></trkpt>
<trkpt lat="45.372995" lon="-75.824039"><ele>23.0</ele><time>2024-06-08T16:24:27Z</time></trkpt>
<trkpt lat="45.373014" lon="-75.824048"><ele>23.0</ele><time>2024-06-08T16:24:28Z</time></trkpt>
<trkpt lat="45.37303" lon="-75.824066"><ele>23.0</ele><time>2024-06-08T16:24:29Z</time></trkpt>
<trkpt lat="45.373043" lon="-75.824084"><ele>23.0</ele><time>2024-06-08T16:24:30Z</time></trkpt>
<trkpt lat="45.373058" lon="-75.824102"><ele>23.0</ele><time>2024-06-08T16:24:31Z</time></trkpt>
<trkpt lat="45.373074" lon="-75.82412"><ele>23.0</ele><time>2024-06-08T16:24:32Z</time></trkpt>
<trkpt lat="45.373087" lon="-75.824129"><ele>23.0</ele><time>2024-06-08T16:24:33Z</time></trkpt>
<trkpt lat="45.373106" lon="-75.824147"><ele>23.0</ele><time>2024-06-08T16:24:34Z</time></trkpt>
<trkpt lat="45.373118" lon="-75.824165"><ele>23.0</ele><time>2024-06-08T16:24:35Z</time></trkpt>
<trkpt lat="45.373134" lon="-75.824174"><ele>23.0</ele><time>2024-06-08T16:24:36Z</time></trkpt>
<trkpt lat="45.37315" lon="-75.824192"><ele>23.0</ele><time>2024-06-08T16:24:37Z</time></trkpt>
<trkpt lat="45.373163" lon="-75.82421"><ele>23.0</ele><time>2024-06-08T16:24:38Z</time></trkpt>
<trkpt lat="45.373179" lon="-75.824228"><ele>23.0</ele><time>2024-06-08T16:24:39Z</time></trkpt>
<trkpt lat="45.373191" lon="-75.824237"><ele>23.0</ele><time>2024-06-08T16:24:40Z</time></trkpt>
<trkpt lat="45.373207" lon="-75.824255"><ele>23.0</ele><time>2024-06-08T16:24:41Z</time></trkpt>
<trkpt lat="45.37322" lon="-75.824273"><ele>23.0</ele><time>2024-06-08T16:24:42Z</time></trkpt>
<trkpt lat="45.373232" lon="-75.824291"><ele>23.0</ele><time>2024-06-08T16:24:43Z</time></trkpt>
<trkpt lat="45.373248" lon="-75.824309"><ele>23.0</ele><time>2024-06-08T16:24:44Z</time></trkpt>
<trkpt lat="45.373261" lon="-75.824327"><ele>23.0</ele><time>2024-06-08T16:24:45Z</time></trkpt>
<trkpt lat="45.373274" lon="-75.824345"><ele>23.0</ele><time>2024-06-08T16:24:46Z</time></trkpt>
<trkpt lat="45.373289" lon="-75.824363"><ele>23.0</ele><time>2024-06-08T16:24:47Z</time></trkpt>
<trkpt lat="45.373308" lon="-75.824381"><ele>23.0</ele><time>2024-06-08T16:24:48Z</time></trkpt>
<trkpt lat="45.373327" lon="-75.824399"><ele>23.0</ele><time>2024-06-08T16:24:49Z</time></trkpt>
<trkpt lat="45.373346" lon="-75.824408"><ele>23.0</ele><time>2024-06-08T16:24:50Z</time></trkpt>
<trkpt lat="45.373362" lon="-75.824435"><ele>23.0</ele><time>2024-06-08T16:24:51Z</time></trkpt>
<trkpt lat="45.373375" lon="-75.824453"><ele>23.0</ele><time>2024-06-08T16:24:52Z</time></trkpt>
<trkpt lat="45.373394" lon="-75.824471"><ele>23.0</ele><time>2024-06-08T16:24:53Z</time></trkpt>
<trkpt lat="45.373407" lon="-75.824489"><ele>23.0</ele><time>2024-06-08T16:24:54Z</time></trkpt>
<trkpt lat="45.373422" lon="-75.824507"><ele>23.0</ele><time>2024-06-08T16:24:55Z</time></trkpt>
<trkpt lat="45.373438" lon="-75.824525"><ele>22.0</ele><time>2024-06-08T16:24:56Z</time></trkpt>
<trkpt lat="45.373457" lon="-75.824543"><ele>23.0</ele><time>2024-06-08T16:24:57Z</time></trkpt>
<trkpt lat="45.373473" lon="-75.824551"><ele>23.0</ele><time>2024-06-08T16:24:58Z</time></trkpt>
<trkpt lat="45.373492" lon="-75.824569"><ele>23.0</ele><time>2024-06-08T16:24:59Z</time></trkpt>
<trkpt lat="45.373511" lon="-75.824587"><ele>23.0</ele><time>2024-06-08T16:25:00Z</time></trkpt>
<trkpt lat="45.373533" lon="-75.824596"><ele>23.0</ele><time>2024-06-08T16:25:01Z</time></trkpt>
<trkpt lat="45.373552" lon="-75.824605"><ele>23.0</ele><time>2024-06-08T16:25:02Z</time></trkpt>
<trkpt lat="45.373574" lon="-75.824614"><ele>23.0</ele><time>2024-06-08T16:25:03Z</time></trkpt>
<trkpt lat="45.373593" lon="-75.824623"><ele>23.0</ele><time>2024-06-08T16:25:04Z</time></trkpt>
<trkpt lat="45.373612" lon="-75.824632"><ele>23.0</ele><time>2024-06-08T16:25:05Z</time></trkpt>
<trkpt lat="45.373628" lon="-75.824641"><ele>24.0</ele><time>2024-06-08T16:25:06Z</time></trkpt>
<trkpt lat="45.373644" lon="-75.824659"><ele>23.0</ele><time>2024-06-08T16:25:07Z</time></trkpt>
<trkpt lat="45.373663" lon="-75.824677"><ele>23.0</ele><time>2024-06-08T16:25:08Z</time></trkpt>
<trkpt lat="45.373679" lon="-75.824695"><ele>23.0</ele><time>2024-06-08T16:25:09Z</time></trkpt>
<trkpt lat="45.373695" lon="-75.824713"><ele>23.0</ele><time>2024-06-08T16:25:10Z</time></trkpt>
<trkpt lat="45.37371" lon="-75.824731"><ele>23.0</ele><time>2024-06-08T16:25:11Z</time></trkpt>
<trkpt lat="45.37372" lon="-75.824749"><ele>23.0</ele><time>2024-06-08T16:25:12Z</time></trkpt>
<trkpt lat="45.373729" lon="-75.824776"><ele>23.0</ele><time>2024-06-08T16:25:13Z</time></trkpt>
<trkpt lat="45.373739" lon="-75.824794"><ele>23.0</ele><time>2024-06-08T16:25:14Z</time></trkpt>
<trkpt lat="45.373745" lon="-75.824821"><ele>23.0</ele><time>2024-06-08T16:25:15Z</time></trkpt>
<trkpt lat="45.373755" lon="-75.824839"><ele>24.0</ele><time>2024-06-08T16:25:16Z</time></trkpt>
<trkpt lat="45.373764" lon="-75.824857"><ele>23.0</ele><time>2024-06-08T16:25:17Z</time></trkpt>
<trkpt lat="45.373774" lon="-75.824875"><ele>24.0</ele><time>2024-06-08T16:25:18Z</time></trkpt>
<trkpt lat="45.373783" lon="-75.824893"><ele>24.0</ele><time>2024-06-08T16:25:19Z</time></trkpt>
<trkpt lat="45.373796" lon="-75.824911"><ele>24.0</ele><time>2024-06-08T16:25:20Z</time></trkpt>
<trkpt lat="45.373809" lon="-75.824929"><ele>24.0</ele><time>2024-06-08T16:25:21Z</time></trkpt>
<trkpt lat="45.373821" lon="-75.824938"><ele>23.0</ele><time>2024-06-08T16:25:22Z</time></trkpt>
<trkpt lat="45.373834" lon="-75.824956"><ele>24.0</ele><time>2024-06-08T16:25:23Z</time></trkpt>
<trkpt lat="45.37385" lon="-75.824974"><ele>24.0</ele><time>2024-06-08T16:25:24Z</time></trkpt>
<trkpt lat="45.373862" lon="-75.824992"><ele>24.0</ele><time>2024-06-08T16:25:25Z</time></trkpt>
<trkpt lat="45.373875" lon="-75.82501"><ele>24.0</ele><time>2024-06-08T16:25:26Z</time></trkpt>
<trkpt lat="45.373888" lon="-75.825028"><ele>24.0</ele><time>2024-06-08T16:25:27Z</time></trkpt>
<trkpt lat="45.3739" lon="-75.825046"><ele>24.0</ele><time>2024-06-08T16:25:28Z</time></trkpt>
<trkpt lat="45.373916" lon="-75.825055"><ele>24.0</ele><time>2024-06-08T16:25:29Z</time></trkpt>
<trkpt lat="45.373932" lon="-75.825072"><ele>24.0</ele><time>2024-06-08T16:25:30Z</time></trkpt>
<trkpt lat="45.373948" lon="-75.82509"><ele>24.0</ele><time>2024-06-08T16:25:31Z</time></trkpt>
<trkpt lat="45.373964" lon="-75.825108"><ele>24.0</ele><time>2024-06-08T16:25:32Z</time></trkpt>
<trkpt lat="45.37398" lon="-75.825117"><ele>24.0</ele><time>2024-06-08T16:25:33Z</time></trkpt>
<trkpt lat="45.373999" lon="-75.825135"><ele>24.0</ele><time>2024-06-08T16:25:34Z</time></trkpt>
<trkpt lat="45.374014" lon="-75.825153"><ele>24.0</ele><time>2024-06-08T16:25:35Z</time></trkpt>
<trkpt lat="45.37403" lon="-75.825171"><ele>24.0</ele><time>2024-06-08T16:25:36Z</time></trkpt>
<trkpt lat="45.374049" lon="-75.82518"><ele>24.0</ele><time>2024-06-08T16:25:37Z</time></trkpt>
<trkpt lat="45.374065" lon="-75.825198"><ele>24.0</ele><time>2024-06-08T16:25:38Z</time></trkpt>
<trkpt lat="45.374084" lon="-75.825216"><ele>24.0</ele><time>2024-06-08T16:25:39Z</time></trkpt>
<trkpt lat="45.3741" lon="-75.825234"><ele>24.0</ele><time>2024-06-08T16:25:40Z</time></trkpt>
<trkpt lat="45.374116" lon="-75.825243"><ele>24.0</ele><time>2024-06-08T16:25:41Z</time></trkpt>
<trkpt lat="45.374135" lon="-75.825261"><ele>24.0</ele><time>2024-06-08T16:25:42Z</time></trkpt>
<trkpt lat="45.374151" lon="-75.82527"><ele>24.0</ele><time>2024-06-08T16:25:43Z</time></trkpt>
<trkpt lat="45.374173" lon="-75.825279"><ele>24.0</ele><time>2024-06-08T16:25:44Z</time></trkpt>
<trkpt lat="45.374188" lon="-75.825297"><ele>24.0</ele><time>2024-06-08T16:25:45Z</time></trkpt>
<trkpt lat="45.374207" lon="-75.825306"><ele>24.0</ele><time>2024-06-08T16:25:46Z</time></trkpt>
<trkpt lat="45.374223" lon="-75.825324"><ele>24.0</ele><time>2024-06-08T16:25:47Z</time></trkpt>
<trkpt lat="45.374242" lon="-75.825342"><ele>24.0</ele><time>2024-06-08T16:25:48Z</time></trkpt>
<trkpt lat="45.374261" lon="-75.825351"><ele>24.0</ele><time>2024-06-08T16:25:49Z</time></trkpt>
<trkpt lat="45.37428" lon="-75.825369"><ele>24.0</ele><time>2024-06-08T16:25:50Z</time></trkpt>
<trkpt lat="45.374299" lon="-75.825378"><ele>24.0</ele><time>2024-06-08T16:25:51Z</time></trkpt>
<trkpt lat="45.374315" lon="-75.825396"><ele>23.0</ele><time>2024-06-08T16:25:52Z</time></trkpt>
<trkpt lat="45.374334" lon="-75.825405"><ele>23.0</ele><time>2024-06-08T16:25:53Z</time></trkpt>
<trkpt lat="45.374353" lon="-75.825414"><ele>23.0</ele><time>2024-06-08T16:25:54Z</time></trkpt>
<trkpt lat="45.374372" lon="-75.825423"><ele>24.0</ele><time>2024-06-08T16:25:55Z</time></trkpt>
<trkpt lat="45.374391" lon="-75.825432"><ele>24.0</ele><time>2024-06-08T16:25:56Z</time></trkpt>
<trkpt lat="45.374407" lon="-75.825441"><ele>23.0</ele><time>2024-06-08T16:25:57Z</time></trkpt>
<trkpt lat="45.374423" lon="-75.825459"><ele>24.0</ele><time>2024-06-08T16:25:58Z</time></trkpt>
<trkpt lat="45.374439" lon="-75.825477"><ele>23.0</ele><time>2024-06-08T16:25:59Z</time></trkpt>
<trkpt lat="45.374451" lon="-75.825495"><ele>24.0</ele><time>2024-06-08T16:26:00Z</time></trkpt>
<trkpt lat="45.374467" lon="-75.825504"><ele>23.0</ele><time>2024-06-08T16:26:01Z</time></trkpt>
<trkpt lat="45.374483" lon="-75.825522"><ele>24.0</ele><time>2024-06-08T16:26:02Z</time></trkpt>
<trkpt lat="45.374499" lon="-75.82554"><ele>24.0</ele><time>2024-06-08T16:26:03Z</time></trkpt>
<trkpt lat="45.374518" lon="-75.825549"><ele>23.0</ele><time>2024-06-08T16:26:04Z</time></trkpt>
<trkpt lat="45.374534" lon="-75.825558"><ele>23.0</ele><time>2024-06-08T16:26:05Z</time></trkpt>
<trkpt lat="45.374553" lon="-75.825576"><ele>23.0</ele><time>2024-06-08T16:26:06Z</time></trkpt>
<trkpt lat="45.374572" lon="-75.825585"><ele>23.0</ele><time>2024-06-08T16:26:07Z</time></trkpt>
<trkpt lat="45.374587" lon="-75.825602"><ele>23.0</ele><time>2024-06-08T16:26:08Z</time></trkpt>
<trkpt lat="45.374597" lon="-75.82562"><ele>23.0</ele><time>2024-06-08T16:26:09Z</time></trkpt>
<trkpt lat="45.3746" lon="-75.825638"><ele>23.0</ele><time>2024-06-08T16:26:10Z</time></trkpt>
<trkpt lat="45.374597" lon="-75.825647"><ele>22.0</ele><time>2024-06-08T16:26:11Z</time></trkpt>
<trkpt lat="45.374597" lon="-75.825665"><ele>23.0</ele><time>2024-06-08T16:26:12Z</time></trkpt>
<trkpt lat="45.374597" lon="-75.825683"><ele>22.0</ele><time>2024-06-08T16:26:13Z</time></trkpt>
<trkpt lat="45.374594" lon="-75.825701"><ele>22.0</ele><time>2024-06-08T16:26:14Z</time></trkpt>
<trkpt lat="45.374591" lon="-75.82571"><ele>22.0</ele><time>2024-06-08T16:26:15Z</time></trkpt>
<trkpt lat="45.374584" lon="-75.82571"><ele>22.0</ele><time>2024-06-08T16:26:16Z</time></trkpt>
<trkpt lat="45.374575" lon="-75.825719"><ele>22.0</ele><time>2024-06-08T16:26:17Z</time></trkpt>
<trkpt lat="45.374568" lon="-75.825728"><ele>22.0</ele><time>2024-06-08T16:26:18Z</time></trkpt>
<trkpt lat="45.374559" lon="-75.825728"><ele>22.0</ele><time>2024-06-08T16:26:19Z</time></trkpt>
<trkpt lat="45.374549" lon="-75.825737"><ele>22.0</ele><time>2024-06-08T16:26:20Z</time></trkpt>
<trkpt lat="45.374543" lon="-75.825737"><ele>22.0</ele><time>2024-06-08T16:26:21Z</time></trkpt>
<trkpt lat="45.374534" lon="-75.825746"><ele>22.0</ele><time>2024-06-08T16:26:22Z</time></trkpt>
<trkpt lat="45.374527" lon="-75.825755"><ele>22.0</ele><time>2024-06-08T16:26:23Z</time></trkpt>
<trkpt lat="45.374518" lon="-75.825764"><ele>22.0</ele><time>2024-06-08T16:26:24Z</time></trkpt>
<trkpt lat="45.374511" lon="-75.825764"><ele>22.0</ele><time>2024-06-08T16:26:25Z</time></trkpt>
<trkpt lat="45.374502" lon="-75.825773"><ele>22.0</ele><time>2024-06-08T16:26:26Z</time></trkpt>
<trkpt lat="45.374492" lon="-75.825773"><ele>22.0</ele><time>2024-06-08T16:26:27Z</time></trkpt>
<trkpt lat="45.37448" lon="-75.825773"><ele>23.0</ele><time>2024-06-08T16:26:28Z</time></trkpt>
<trkpt lat="45.37447" lon="-75.825782"><ele>23.0</ele><time>2024-06-08T16:26:29Z</time></trkpt>
<trkpt lat="45.374451" lon="-75.825791"><ele>23.0</ele><time>2024-06-08T16:26:30Z</time></trkpt>
<trkpt lat="45.374429" lon="-75.825809"><ele>23.0</ele><time>2024-06-08T16:26:31Z</time></trkpt>
<trkpt lat="45.374426" lon="-75.825818"><ele>23.0</ele><time>2024-06-08T16:26:32Z</time></trkpt>
<trkpt lat="45.374423" lon="-75.825809"><ele>24.0</ele><time>2024-06-08T16:26:33Z</time></trkpt>
<trkpt lat="45.374416" lon="-75.825809"><ele>25.0</ele><time>2024-06-08T16:26:34Z</time></trkpt>
<trkpt lat="45.374407" lon="-75.825809"><ele>25.0</ele><time>2024-06-08T16:26:35Z</time></trkpt>
<trkpt lat="45.374394" lon="-75.825818"><ele>24.0</ele><time>2024-06-08T16:26:36Z</time></trkpt>
<trkpt lat="45.374378" lon="-75.825827"><ele>25.0</ele><time>2024-06-08T16:26:37Z</time></trkpt>
<trkpt lat="45.374366" lon="-75.825836"><ele>25.0</ele><time>2024-06-08T16:26:38Z</time></trkpt>
<trkpt lat="45.374353" lon="-75.825836"><ele>25.0</ele><time>2024-06-08T16:26:39Z</time></trkpt>
<trkpt lat="45.37434" lon="-75.825845"><ele>25.0</ele><time>2024-06-08T16:26:40Z</time></trkpt>
<trkpt lat="45.374325" lon="-75.825854"><ele>25.0</ele><time>2024-06-08T16:26:41Z</time></trkpt>
<trkpt lat="45.374309" lon="-75.825854"><ele>25.0</ele><time>2024-06-08T16:26:42Z</time></trkpt>
<trkpt lat="45.374296" lon="-75.825863"><ele>24.0</ele><time>2024-06-08T16:26:43Z</time></trkpt>
<trkpt lat="45.374283" lon="-75.825863"><ele>24.0</ele><time>2024-06-08T16:26:44Z</time></trkpt>
<trkpt lat="45.374271" lon="-75.825872"><ele>24.0</ele><time>2024-06-08T16:26:45Z</time></trkpt>
<trkpt lat="45.374258" lon="-75.825872"><ele>24.0</ele><time>2024-06-08T16:26:46Z</time></trkpt>
<trkpt lat="45.374249" lon="-75.825881"><ele>24.0</ele><time>2024-06-08T16:26:47Z</time></trkpt>
<trkpt lat="45.374236" lon="-75.825881"><ele>24.0</ele><time>2024-06-08T16:26:48Z</time></trkpt>
<trkpt lat="45.374226" lon="-75.82589"><ele>24.0</ele><time>2024-06-08T16:26:49Z</time></trkpt>
<trkpt lat="45.374214" lon="-75.825899"><ele>24.0</ele><time>2024-06-08T16:26:50Z</time></trkpt>
<trkpt lat="45.374204" lon="-75.825908"><ele>24.0</ele><time>2024-06-08T16:26:51Z</time></trkpt>
<trkpt lat="45.374192" lon="-75.825917"><ele>24.0</ele><time>2024-06-08T16:26:52Z</time></trkpt>
<trkpt lat="45.374185" lon="-75.825926"><ele>23.0</ele><time>2024-06-08T16:26:53Z</time></trkpt>
<trkpt lat="45.374173" lon="-75.825935"><ele>24.0</ele><time>2024-06-08T16:26:54Z</time></trkpt>
<trkpt lat="45.374163" lon="-75.825944"><ele>23.0</ele><time>2024-06-08T16:26:55Z</time></trkpt>
<trkpt lat="45.374154" lon="-75.825953"><ele>23.0</ele><time>2024-06-08T16:26:56Z</time></trkpt>
<trkpt lat="45.374144" lon="-75.825962"><ele>23.0</ele><time>2024-06-08T16:26:57Z</time></trkpt>
<trkpt lat="45.374135" lon="-75.825971"><ele>23.0</ele><time>2024-06-08T16:26:58Z</time></trkpt>
<trkpt lat="45.374125" lon="-75.82598"><ele>23.0</ele><time>2024-06-08T16:26:59Z</time></trkpt>
<trkpt lat="45.374113" lon="-75.82598"><ele>23.0</ele><time>2024-06-08T16:27:00Z</time></trkpt>
<trkpt lat="45.374103" lon="-75.825989"><ele>23.0</ele><time>2024-06-08T16:27:01Z</time></trkpt>
<trkpt lat="45.37409" lon="-75.825989"><ele>23.0</ele><time>2024-06-08T16:27:02Z</time></trkpt>
<trkpt lat="45.374078" lon="-75.825989"><ele>23.0</ele><time>2024-06-08T16:27:03Z</time></trkpt>
<trkpt lat="45.374065" lon="-75.825998"><ele>23.0</ele><time>2024-06-08T16:27:04Z</time></trkpt>
<trkpt lat="45.374052" lon="-75.825998"><ele>23.0</ele><time>2024-06-08T16:27:05Z</time></trkpt>
<trkpt lat="45.374037" lon="-75.826007"><ele>23.0</ele><time>2024-06-08T16:27:06Z</time></trkpt>
<trkpt lat="45.374021" lon="-75.826007"><ele>23.0</ele><time>2024-06-08T16:27:07Z</time></trkpt>
<trkpt lat="45.374005" lon="-75.826016"><ele>23.0</ele><time>2024-06-08T16:27:08Z</time></trkpt>
<trkpt lat="45.373989" lon="-75.826016"><ele>23.0</ele><time>2024-06-08T16:27:09Z</time></trkpt>
<trkpt lat="45.373973" lon="-75.826025"><ele>23.0</ele><time>2024-06-08T16:27:10Z</time></trkpt>
<trkpt lat="45.373957" lon="-75.826034"><ele>23.0</ele><time>2024-06-08T16:27:11Z</time></trkpt>
<trkpt lat="45.373942" lon="-75.826034"><ele>23.0</ele><time>2024-06-08T16:27:12Z</time></trkpt>
<trkpt lat="45.373926" lon="-75.826043"><ele>23.0</ele><time>2024-06-08T16:27:13Z</time></trkpt>
<trkpt lat="45.37391" lon="-75.826052"><ele>24.0</ele><time>2024-06-08T16:27:14Z</time></trkpt>
<trkpt lat="45.373891" lon="-75.826061"><ele>24.0</ele><time>2024-06-08T16:27:15Z</time></trkpt>
<trkpt lat="45.373875" lon="-75.82607"><ele>24.0</ele><time>2024-06-08T16:27:16Z</time></trkpt>
<trkpt lat="45.373859" lon="-75.826079"><ele>23.0</ele><time>2024-06-08T16:27:17Z</time></trkpt>
<trkpt lat="45.37384" lon="-75.826079"><ele>24.0</ele><time>2024-06-08T16:27:18Z</time></trkpt>
<trkpt lat="45.373824" lon="-75.826088"><ele>24.0</ele><time>2024-06-08T16:27:19Z</time></trkpt>
<trkpt lat="45.373805" lon="-75.826097"><ele>23.0</ele><time>2024-06-08T16:27:20Z</time></trkpt>
<trkpt lat="45.37379" lon="-75.826106"><ele>24.0</ele><time>2024-06-08T16:27:21Z</time></trkpt>
<trkpt lat="45.373771" lon="-75.826114"><ele>23.0</ele><time>2024-06-08T16:27:22Z</time></trkpt>
<trkpt lat="45.373755" lon="-75.826123"><ele>23.0</ele><time>2024-06-08T16:27:23Z</time></trkpt>
<trkpt lat="45.373736" lon="-75.826132"><ele>23.0</ele><time>2024-06-08T16:27:24Z</time></trkpt>
<trkpt lat="45.37372" lon="-75.826141"><ele>24.0</ele><time>2024-06-08T16:27:25Z</time></trkpt>
<trkpt lat="45.373701" lon="-75.826141"><ele>23.0</ele><time>2024-06-08T16:27:26Z</time></trkpt>
<trkpt lat="45.373685" lon="-75.82615"><ele>23.0</ele><time>2024-06-08T16:27:27Z</time></trkpt>
<trkpt lat="45.373666" lon="-75.826159"><ele>23.0</ele><time>2024-06-08T16:27:28Z</time></trkpt>
<trkpt lat="45.37365" lon="-75.826168"><ele>24.0</ele><time>2024-06-08T16:27:29Z</time></trkpt>
<trkpt lat="45.373631" lon="-75.826177"><ele>23.0</ele><time>2024-06-08T16:27:30Z</time></trkpt>
<trkpt lat="45.373616" lon="-75.826186"><ele>23.0</ele><time>2024-06-08T16:27:31Z</time></trkpt>
<trkpt lat="45.373597" lon="-75.826195"><ele>23.0</ele><time>2024-06-08T16:27:32Z</time></trkpt>
<trkpt lat="45.373578" lon="-75.826204"><ele>23.0</ele><time>2024-06-08T16:27:33Z</time></trkpt>
<trkpt lat="45.373559" lon="-75.826213"><ele>23.0</ele><time>2024-06-08T16:27:34Z</time></trkpt>
<trkpt lat="45.37354" lon="-75.826213"><ele>23.0</ele><time>2024-06-08T16:27:35Z</time></trkpt>
<trkpt lat="45.373521" lon="-75.826222"><ele>23.0</ele><time>2024-06-08T16:27:36Z</time></trkpt>
<trkpt lat="45.373505" lon="-75.826231"><ele>23.0</ele><time>2024-06-08T16:27:37Z</time></trkpt>
<trkpt lat="45.373486" lon="-75.82624"><ele>23.0</ele><time>2024-06-08T16:27:38Z</time></trkpt>
<trkpt lat="45.373467" lon="-75.826249"><ele>24.0</ele><time>2024-06-08T16:27:39Z</time></trkpt>
<trkpt lat="45.373451" lon="-75.826258"><ele>24.0</ele><time>2024-06-08T16:27:40Z</time></trkpt>
<trkpt lat="45.373432" lon="-75.826267"><ele>23.0</ele><time>2024-06-08T16:27:41Z</time></trkpt>
<trkpt lat="45.373416" lon="-75.826276"><ele>24.0</ele><time>2024-06-08T16:27:42Z</time></trkpt>
<trkpt lat="45.3734" lon="-75.826285"><ele>23.0</ele><time>2024-06-08T16:27:43Z</time></trkpt>
<trkpt lat="45.373384" lon="-75.826294"><ele>24.0</ele><time>2024-06-08T16:27:44Z</time></trkpt>
<trkpt lat="45.373365" lon="-75.826303"><ele>24.0</ele><time>2024-06-08T16:27:45Z</time></trkpt>
<trkpt lat="45.37335" lon="-75.826312"><ele>24.0</ele><time>2024-06-08T16:27:46Z</time></trkpt>
<trkpt lat="45.373334" lon="-75.826321"><ele>24.0</ele><time>2024-06-08T16:27:47Z</time></trkpt>
<trkpt lat="45.373315" lon="-75.82633"><ele>24.0</ele><time>2024-06-08T16:27:48Z</time></trkpt>
<trkpt lat="45.373296" lon="-75.826339"><ele>24.0</ele><time>2024-06-08T16:27:49Z</time></trkpt>
<trkpt lat="45.373277" lon="-75.826348"><ele>24.0</ele><time>2024-06-08T16:27:50Z</time></trkpt>
<trkpt lat="45.373258" lon="-75.826348"><ele>24.0</ele><time>2024-06-08T16:27:51Z</time></trkpt>
<trkpt lat="45.373242" lon="-75.826357"><ele>24.0</ele><time>2024-06-08T16:27:52Z</time></trkpt>
<trkpt lat="45.373223" lon="-75.826366"><ele>24.0</ele><time>2024-06-08T16:27:53Z</time></trkpt>
<trkpt lat="45.373207" lon="-75.826375"><ele>25.0</ele><time>2024-06-08T16:27:54Z</time></trkpt>
<trkpt lat="45.373188" lon="-75.826375"><ele>25.0</ele><time>2024-06-08T16:27:55Z</time></trkpt>
<trkpt lat="45.373172" lon="-75.826384"><ele>25.0</ele><time>2024-06-08T16:27:56Z</time></trkpt>
<trkpt lat="45.373156" lon="-75.826393"><ele>25.0</ele><time>2024-06-08T16:27:57Z</time></trkpt>
<trkpt lat="45.373137" lon="-75.826402"><ele>25.0</ele><time>2024-06-08T16:27:58Z</time></trkpt>
<trkpt lat="45.373122" lon="-75.826402"><ele>25.0</ele><time>2024-06-08T16:27:59Z</time></trkpt>
<trkpt lat="45.373106" lon="-75.826411"><ele>25.0</ele><time>2024-06-08T16:28:00Z</time></trkpt>
<trkpt lat="45.373087" lon="-75.82642"><ele>25.0</ele><time>2024-06-08T16:28:01Z</time></trkpt>
<trkpt lat="45.373071" lon="-75.82642"><ele>25.0</ele><time>2024-06-08T16:28:02Z</time></trkpt>
<trkpt lat="45.373055" lon="-75.826429"><ele>25.0</ele><time>2024-06-08T16:28:03Z</time></trkpt>
<trkpt lat="45.373043" lon="-75.826438"><ele>25.0</ele><time>2024-06-08T16:28:04Z</time></trkpt>
<trkpt lat="45.373027" lon="-75.826447"><ele>25.0</ele><time>2024-06-08T16:28:05Z</time></trkpt>
<trkpt lat="45.373011" lon="-75.826447"><ele>25.0</ele><time>2024-06-08T16:28:06Z</time></trkpt>
<trkpt lat="45.372995" lon="-75.826456"><ele>25.0</ele><time>2024-06-08T16:28:07Z</time></trkpt>
<trkpt lat="45.372982" lon="-75.826465"><ele>25.0</ele><time>2024-06-08T16:28:08Z</time></trkpt>
<trkpt lat="45.372967" lon="-75.826465"><ele>25.0</ele><time>2024-06-08T16:28:09Z</time></trkpt>
<trkpt lat="45.372954" lon="-75.826474"><ele>25.0</ele><time>2024-06-08T16:28:10Z</time></trkpt>
<trkpt lat="45.372938" lon="-75.826483"><ele>25.0</ele><time>2024-06-08T16:28:11Z</time></trkpt>
<trkpt lat="45.372925" lon="-75.826492"><ele>25.0</ele><time>2024-06-08T16:28:12Z</time></trkpt>
<trkpt lat="45.37291" lon="-75.826492"><ele>25.0</ele><time>2024-06-08T16:28:13Z</time></trkpt>
<trkpt lat="45.372897" lon="-75.826501"><ele>25.0</ele><time>2024-06-08T16:28:14Z</time></trkpt>
<trkpt lat="45.372884" lon="-75.826501"><ele>25.0</ele><time>2024-06-08T16:28:15Z</time></trkpt>
<trkpt lat="45.372872" lon="-75.82651"><ele>25.0</ele><time>2024-06-08T16:28:16Z</time></trkpt>
<trkpt lat="45.372856" lon="-75.82651"><ele>25.0</ele><time>2024-06-08T16:28:17Z</time></trkpt>
<trkpt lat="45.372843" lon="-75.826519"><ele>25.0</ele><time>2024-06-08T16:28:18Z</time></trkpt>
<trkpt lat="45.37283" lon="-75.826519"><ele>24.0</ele><time>2024-06-08T16:28:19Z</time></trkpt>
<trkpt lat="45.372818" lon="-75.826519"><ele>25.0</ele><time>2024-06-08T16:28:20Z</time></trkpt>
<trkpt lat="45.372805" lon="-75.826519"><ele>24.0</ele><time>2024-06-08T16:28:21Z</time></trkpt>
<trkpt lat="45.372796" lon="-75.826519"><ele>25.0</ele><time>2024-06-08T16:28:22Z</time></trkpt>
<trkpt lat="45.372786" lon="-75.826528"><ele>24.0</ele><time>2024-06-08T16:28:23Z</time></trkpt>
<trkpt lat="45.372777" lon="-75.826528"><ele>24.0</ele><time>2024-06-08T16:28:24Z</time></trkpt>
<trkpt lat="45.372773" lon="-75.826537"><ele>24.0</ele><time>2024-06-08T16:28:25Z</time></trkpt>
<trkpt lat="45.37277" lon="-75.826546"><ele>24.0</ele><time>2024-06-08T16:28:26Z</time></trkpt>
<trkpt lat="45.372767" lon="-75.826555"><ele>24.0</ele><time>2024-06-08T16:28:27Z</time></trkpt>
<trkpt lat="45.372767" lon="-75.826555"><ele>24.0</ele><time>2024-06-08T16:28:28Z</time></trkpt>
<trkpt lat="45.37277" lon="-75.826564"><ele>24.0</ele><time>2024-06-08T16:28:29Z</time></trkpt>
<trkpt lat="45.37277" lon="-75.826573"><ele>24.0</ele><time>2024-06-08T16:28:30Z</time></trkpt>
<trkpt lat="45.372773" lon="-75.826573"><ele>24.0</ele><time>2024-06-08T16:28:31Z</time></trkpt>
<trkpt lat="45.372777" lon="-75.826591"><ele>24.0</ele><time>2024-06-08T16:28:32Z</time></trkpt>
<trkpt lat="45.37278" lon="-75.826591"><ele>24.0</ele><time>2024-06-08T16:28:33Z</time></trkpt>
<trkpt lat="45.372783" lon="-75.8266"><ele>24.0</ele><time>2024-06-08T16:28:34Z</time></trkpt>
<trkpt lat="45.372792" lon="-75.8266"><ele>24.0</ele><time>2024-06-08T16:28:35Z</time></trkpt>
<trkpt lat="45.372799" lon="-75.8266"><ele>24.0</ele><time>2024-06-08T16:28:36Z</time></trkpt>
<trkpt lat="45.372808" lon="-75.8266"><ele>24.0</ele><time>2024-06-08T16:28:37Z</time></trkpt>
<trkpt lat="45.372818" lon="-75.8266"><ele>24.0</ele><time>2024-06-08T16:28:38Z</time></trkpt>
<trkpt lat="45.372827" lon="-75.826609"><ele>24.0</ele><time>2024-06-08T16:28:39Z</time></trkpt>
<trkpt lat="45.372834" lon="-75.826609"><ele>24.0</ele><time>2024-06-08T16:28:40Z</time></trkpt>
<trkpt lat="45.372843" lon="-75.826618"><ele>24.0</ele><time>2024-06-08T16:28:41Z</time></trkpt>
<trkpt lat="45.372853" lon="-75.826627"><ele>24.0</ele><time>2024-06-08T16:28:42Z</time></trkpt>
<trkpt lat="45.372862" lon="-75.826635"><ele>24.0</ele><time>2024-06-08T16:28:43Z</time></trkpt>
<trkpt lat="45.372872" lon="-75.826644"><ele>24.0</ele><time>2024-06-08T16:28:44Z</time></trkpt>
<trkpt lat="45.372881" lon="-75.826644"><ele>24.0</ele><time>2024-06-08T16:28:45Z</time></trkpt>
<trkpt lat="45.372894" lon="-75.826653"><ele>24.0</ele><time>2024-06-08T16:28:46Z</time></trkpt>
<trkpt lat="45.372903" lon="-75.826662"><ele>24.0</ele><time>2024-06-08T16:28:47Z</time></trkpt>
<trkpt lat="45.372916" lon="-75.826671"><ele>24.0</ele><time>2024-06-08T16:28:48Z</time></trkpt>
<trkpt lat="45.372925" lon="-75.826671"><ele>24.0</ele><time>2024-06-08T16:28:49Z</time></trkpt>
<trkpt lat="45.372938" lon="-75.82668"><ele>24.0</ele><time>2024-06-08T16:28:50Z</time></trkpt>
<trkpt lat="45.372951" lon="-75.826689"><ele>24.0</ele><time>2024-06-08T16:28:51Z</time></trkpt>
<trkpt lat="45.37296" lon="-75.826698"><ele>24.0</ele><time>2024-06-08T16:28:52Z</time></trkpt>
<trkpt lat="45.372973" lon="-75.826707"><ele>24.0</ele><time>2024-06-08T16:28:53Z</time></trkpt>
<trkpt lat="45.372982" lon="-75.826716"><ele>24.0</ele><time>2024-06-08T16:28:54Z</time></trkpt>
<trkpt lat="45.372995" lon="-75.826725"><ele>24.0</ele><time>2024-06-08T16:28:55Z</time></trkpt>
<trkpt lat="45.373005" lon="-75.826734"><ele>24.0</ele><time>2024-06-08T16:28:56Z</time></trkpt>
<trkpt lat="45.373014" lon="-75.826743"><ele>24.0</ele><time>2024-06-08T16:28:57Z</time></trkpt>
<trkpt lat="45.373027" lon="-75.826752"><ele>24.0</ele><time>2024-06-08T16:28:58Z</time></trkpt>
<trkpt lat="45.373036" lon="-75.826761"><ele>24.0</ele><time>2024-06-08T16:28:59Z</time></trkpt>
<trkpt lat="45.373046" lon="-75.82677"><ele>24.0</ele><time>2024-06-08T16:29:00Z</time></trkpt>
<trkpt lat="45.373058" lon="-75.826779"><ele>24.0</ele><time>2024-06-08T16:29:01Z</time></trkpt>
<trkpt lat="45.373068" lon="-75.826788"><ele>25.0</ele><time>2024-06-08T16:29:02Z</time></trkpt>
<trkpt lat="45.373077" lon="-75.826797"><ele>25.0</ele><time>2024-06-08T16:29:03Z</time></trkpt>
<trkpt lat="45.373087" lon="-75.826806"><ele>25.0</ele><time>2024-06-08T16:29:04Z</time></trkpt>
<trkpt lat="45.3731" lon="-75.826824"><ele>25.0</ele><time>2024-06-08T16:29:05Z</time></trkpt>
<trkpt lat="45.373109" lon="-75.826833"><ele>25.0</ele><time>2024-06-08T16:29:06Z</time></trkpt>
<trkpt lat="45.373118" lon="-75.826842"><ele>25.0</ele><time>2024-06-08T16:29:07Z</time></trkpt>
<trkpt lat="45.373131" lon="-75.826851"><ele>24.0</ele><time>2024-06-08T16:29:08Z</time></trkpt>
<trkpt lat="45.373147" lon="-75.826851"><ele>25.0</ele><time>2024-06-08T16:29:09Z</time></trkpt>
<trkpt lat="45.37316" lon="-75.82686"><ele>24.0</ele><time>2024-06-08T16:29:10Z</time></trkpt>
<trkpt lat="45.373175" lon="-75.82686"><ele>25.0</ele><time>2024-06-08T16:29:11Z</time></trkpt>
<trkpt lat="45.373191" lon="-75.826869"><ele>24.0</ele><time>2024-06-08T16:29:12Z</time></trkpt>
<trkpt lat="45.373204" lon="-75.826878"><ele>25.0</ele><time>2024-06-08T16:29:13Z</time></trkpt>
<trkpt lat="45.37322" lon="-75.826878"><ele>25.0</ele><time>2024-06-08T16:29:14Z</time></trkpt>
<trkpt lat="45.373236" lon="-75.826887"><ele>24.0</ele><time>2024-06-08T16:29:15Z</time></trkpt>
<trkpt lat="45.373248" lon="-75.826896"><ele>24.0</ele><time>2024-06-08T16:29:16Z</time></trkpt>
<trkpt lat="45.373264" lon="-75.826905"><ele>25.0</ele><time>2024-06-08T16:29:17Z</time></trkpt>
<trkpt lat="45.373277" lon="-75.826905"><ele>24.0</ele><time>2024-06-08T16:29:18Z</time></trkpt>
<trkpt lat="45.373289" lon="-75.826914"><ele>24.0</ele><time>2024-06-08T16:29:19Z</time></trkpt>
<trkpt lat="45.373305" lon="-75.826914"><ele>25.0</ele><time>2024-06-08T16:29:20Z</time></trkpt>
<trkpt lat="45.373318" lon="-75.826923"><ele>24.0</ele><time>2024-06-08T16:29:21Z</time></trkpt>
<trkpt lat="45.373334" lon="-75.826932"><ele>24.0</ele><time>2024-06-08T16:29:22Z</time></trkpt>
<trkpt lat="45.37335" lon="-75.826932"><ele>24.0</ele><time>2024-06-08T16:29:23Z</time></trkpt>
<trkpt lat="45.373362" lon="-75.826941"><ele>24.0</ele><time>2024-06-08T16:29:24Z</time></trkpt>
<trkpt lat="45.373378" lon="-75.82695"><ele>24.0</ele><time>2024-06-08T16:29:25Z</time></trkpt>
<trkpt lat="45.373391" lon="-75.82695"><ele>24.0</ele><time>2024-06-08T16:29:26Z</time></trkpt>
<trkpt lat="45.373403" lon="-75.826959"><ele>24.0</ele><time>2024-06-08T16:29:27Z</time></trkpt>
<trkpt lat="45.373416" lon="-75.826968"><ele>24.0</ele><time>2024-06-08T16:29:28Z</time></trkpt>
<trkpt lat="45.373429" lon="-75.826977"><ele>24.0</ele><time>2024-06-08T16:29:29Z</time></trkpt>
<trkpt lat="45.373445" lon="-75.826986"><ele>24.0</ele><time>2024-06-08T16:29:30Z</time></trkpt>
<trkpt lat="45.373457" lon="-75.826995"><ele>24.0</ele><time>2024-06-08T16:29:31Z</time></trkpt>
<trkpt lat="45.373473" lon="-75.827004"><ele>24.0</ele><time>2024-06-08T16:29:32Z</time></trkpt>
<trkpt lat="45.373486" lon="-75.827013"><ele>24.0</ele><time>2024-06-08T16:29:33Z</time></trkpt>
<trkpt lat="45.373495" lon="-75.827022"><ele>24.0</ele><time>2024-06-08T16:29:34Z</time></trkpt>
<trkpt lat="45.373508" lon="-75.827031"><ele>24.0</ele><time>2024-06-08T16:29:35Z</time></trkpt>
<trkpt lat="45.373524" lon="-75.82704"><ele>24.0</ele><time>2024-06-08T16:29:36Z</time></trkpt>
<trkpt lat="45.37354" lon="-75.827049"><ele>24.0</ele><time>2024-06-08T16:29:37Z</time></trkpt>
<trkpt lat="45.373552" lon="-75.827058"><ele>24.0</ele><time>2024-06-08T16:29:38Z</time></trkpt>
<trkpt lat="45.373565" lon="-75.827067"><ele>23.0</ele><time>2024-06-08T16:29:39Z</time></trkpt>
<trkpt lat="45.373578" lon="-75.827076"><ele>23.0</ele><time>2024-06-08T16:29:40Z</time></trkpt>
<trkpt lat="45.37359" lon="-75.827085"><ele>23.0</ele><time>2024-06-08T16:29:41Z</time></trkpt>
<trkpt lat="45.373603" lon="-75.827085"><ele>23.0</ele><time>2024-06-08T16:29:42Z</time></trkpt>
<trkpt lat="45.373616" lon="-75.827094"><ele>23.0</ele><time>2024-06-08T16:29:43Z</time></trkpt>
<trkpt lat="45.373628" lon="-75.827103"><ele>23.0</ele><time>2024-06-08T16:29:44Z</time></trkpt>
<trkpt lat="45.373641" lon="-75.827112"><ele>23.0</ele><time>2024-06-08T16:29:45Z</time></trkpt>
<trkpt lat="45.373653" lon="-75.827112"><ele>23.0</ele><time>2024-06-08T16:29:46Z</time></trkpt>
<trkpt lat="45.373666" lon="-75.827121"><ele>23.0</ele><time>2024-06-08T16:29:47Z</time></trkpt>
<trkpt lat="45.373679" lon="-75.82713"><ele>23.0</ele><time>2024-06-08T16:29:48Z</time></trkpt>
<trkpt lat="45.373691" lon="-75.827139"><ele>23.0</ele><time>2024-06-08T16:29:49Z</time></trkpt>
<trkpt lat="45.373704" lon="-75.827139"><ele>23.0</ele><time>2024-06-08T16:29:50Z</time></trkpt>
<trkpt lat="45.37372" lon="-75.827139"><ele>23.0</ele><time>2024-06-08T16:29:51Z</time></trkpt>
<trkpt lat="45.373739" lon="-75.827148"><ele>23.0</ele><time>2024-06-08T16:29:52Z</time></trkpt>
<trkpt lat="45.373752" lon="-75.827148"><ele>23.0</ele><time>2024-06-08T16:29:53Z</time></trkpt>
<trkpt lat="45.373764" lon="-75.827156"><ele>23.0</ele><time>2024-06-08T16:29:54Z</time></trkpt>
<trkpt lat="45.373777" lon="-75.827165"><ele>23.0</ele><time>2024-06-08T16:29:55Z</time></trkpt>
<trkpt lat="45.373786" lon="-75.827174"><ele>23.0</ele><time>2024-06-08T16:29:56Z</time></trkpt>
<trkpt lat="45.373799" lon="-75.827183"><ele>23.0</ele><time>2024-06-08T16:29:57Z</time></trkpt>
<trkpt lat="45.373812" lon="-75.827192"><ele>23.0</ele><time>2024-06-08T16:29:58Z</time></trkpt>
<trkpt lat="45.373824" lon="-75.827201"><ele>23.0</ele><time>2024-06-08T16:29:59Z</time></trkpt>
<trkpt lat="45.373837" lon="-75.827201"><ele>24.0</ele><time>2024-06-08T16:30:00Z</time></trkpt>
<trkpt lat="45.37385" lon="-75.827219"><ele>24.0</ele><time>2024-06-08T16:30:01Z</time></trkpt>
<trkpt lat="45.373859" lon="-75.827228"><ele>24.0</ele><time>2024-06-08T16:30:02Z</time></trkpt>
<trkpt lat="45.373875" lon="-75.827237"><ele>24.0</ele><time>2024-06-08T16:30:03Z</time></trkpt>
<trkpt lat="45.373888" lon="-75.827237"><ele>23.0</ele><time>2024-06-08T16:30:04Z</time></trkpt>
<trkpt lat="45.3739" lon="-75.827246"><ele>24.0</ele><time>2024-06-08T16:30:05Z</time></trkpt>
<trkpt lat="45.373913" lon="-75.827255"><ele>23.0</ele><time>2024-06-08T16:30:06Z</time></trkpt>
<trkpt lat="45.373926" lon="-75.827264"><ele>23.0</ele><time>2024-06-08T16:30:07Z</time></trkpt>
<trkpt lat="45.373938" lon="-75.827273"><ele>23.0</ele><time>2024-06-08T16:30:08Z</time></trkpt>
<trkpt lat="45.373951" lon="-75.827282"><ele>24.0</ele><time>2024-06-08T16:30:09Z</time></trkpt>
<trkpt lat="45.373964" lon="-75.827291"><ele>23.0</ele><time>2024-06-08T16:30:10Z</time></trkpt>
<trkpt lat="45.373976" lon="-75.827291"><ele>23.0</ele><time>2024-06-08T16:30:11Z</time></trkpt>
<trkpt lat="45.373989" lon="-75.8273"><ele>23.0</ele><time>2024-06-08T16:30:12Z</time></trkpt>
<trkpt lat="45.374002" lon="-75.827309"><ele>23.0</ele><time>2024-06-08T16:30:13Z</time></trkpt>
<trkpt lat="45.374014" lon="-75.827318"><ele>23.0</ele><time>2024-06-08T16:30:14Z</time></trkpt>
<trkpt lat="45.374027" lon="-75.827318"><ele>23.0</ele><time>2024-06-08T16:30:15Z</time></trkpt>
<trkpt lat="45.37404" lon="-75.827327"><ele>23.0</ele><time>2024-06-08T16:30:16Z</time></trkpt>
<trkpt lat="45.374052" lon="-75.827336"><ele>23.0</ele><time>2024-06-08T16:30:17Z</time></trkpt>
<trkpt lat="45.374065" lon="-75.827345"><ele>23.0</ele><time>2024-06-08T16:30:18Z</time></trkpt>
<trkpt lat="45.374078" lon="-75.827354"><ele>23.0</ele><time>2024-06-08T16:30:19Z</time></trkpt>
<trkpt lat="45.37409" lon="-75.827354"><ele>23.0</ele><time>2024-06-08T16:30:20Z</time></trkpt>
<trkpt lat="45.374106" lon="-75.827363"><ele>23.0</ele><time>2024-06-08T16:30:21Z</time></trkpt>
<trkpt lat="45.374119" lon="-75.827372"><ele>23.0</ele><time>2024-06-08T16:30:22Z</time></trkpt>
<trkpt lat="45.374132" lon="-75.827372"><ele>23.0</ele><time>2024-06-08T16:30:23Z</time></trkpt>
<trkpt lat="45.374147" lon="-75.827381"><ele>23.0</ele><time>2024-06-08T16:30:24Z</time></trkpt>
<trkpt lat="45.37416" lon="-75.827381"><ele>23.0</ele><time>2024-06-08T16:30:25Z</time></trkpt>
<trkpt lat="45.37417" lon="-75.82739"><ele>23.0</ele><time>2024-06-08T16:30:26Z</time></trkpt>
<trkpt lat="45.374182" lon="-75.82739"><ele>23.0</ele><time>2024-06-08T16:30:27Z</time></trkpt>
<trkpt lat="45.374195" lon="-75.82739"><ele>23.0</ele><time>2024-06-08T16:30:28Z</time></trkpt>
<trkpt lat="45.374207" lon="-75.82739"><ele>24.0</ele><time>2024-06-08T16:30:29Z</time></trkpt>
<trkpt lat="45.374223" lon="-75.827399"><ele>24.0</ele><time>2024-06-08T16:30:30Z</time></trkpt>
<trkpt lat="45.374236" lon="-75.827399"><ele>23.0</ele><time>2024-06-08T16:30:31Z</time></trkpt>
<trkpt lat="45.374249" lon="-75.827408"><ele>23.0</ele><time>2024-06-08T16:30:32Z</time></trkpt>
<trkpt lat="45.374258" lon="-75.827417"><ele>23.0</ele><time>2024-06-08T16:30:33Z</time></trkpt>
<trkpt lat="45.374271" lon="-75.827417"><ele>23.0</ele><time>2024-06-08T16:30:34Z</time></trkpt>
<trkpt lat="45.374283" lon="-75.827426"><ele>23.0</ele><time>2024-06-08T16:30:35Z</time></trkpt>
<trkpt lat="45.374293" lon="-75.827435"><ele>23.0</ele><time>2024-06-08T16:30:36Z</time></trkpt>
<trkpt lat="45.374306" lon="-75.827444"><ele>23.0</ele><time>2024-06-08T16:30:37Z</time></trkpt>
<trkpt lat="45.374318" lon="-75.827444"><ele>23.0</ele><time>2024-06-08T16:30:38Z</time></trkpt>
<trkpt lat="45.374331" lon="-75.827453"><ele>23.0</ele><time>2024-06-08T16:30:39Z</time></trkpt>
<trkpt lat="45.37434" lon="-75.827462"><ele>23.0</ele><time>2024-06-08T16:30:40Z</time></trkpt>
<trkpt lat="45.374353" lon="-75.827462"><ele>23.0</ele><time>2024-06-08T16:30:41Z</time></trkpt>
<trkpt lat="45.374363" lon="-75.827471"><ele>23.0</ele><time>2024-06-08T16:30:42Z</time></trkpt>
<trkpt lat="45.374372" lon="-75.82748"><ele>23.0</ele><time>2024-06-08T16:30:43Z</time></trkpt>
<trkpt lat="45.374385" lon="-75.82748"><ele>23.0</ele><time>2024-06-08T16:30:44Z</time></trkpt>
<trkpt lat="45.374394" lon="-75.827489"><ele>23.0</ele><time>2024-06-08T16:30:45Z</time></trkpt>
<trkpt lat="45.374404" lon="-75.827498"><ele>23.0</ele><time>2024-06-08T16:30:46Z</time></trkpt>
<trkpt lat="45.374413" lon="-75.827498"><ele>23.0</ele><time>2024-06-08T16:30:47Z</time></trkpt>
<trkpt lat="45.374426" lon="-75.827507"><ele>23.0</ele><time>2024-06-08T16:30:48Z</time></trkpt>
<trkpt lat="45.374435" lon="-75.827516"><ele>23.0</ele><time>2024-06-08T16:30:49Z</time></trkpt>
<trkpt lat="45.374448" lon="-75.827525"><ele>23.0</ele><time>2024-06-08T16:30:50Z</time></trkpt>
<trkpt lat="45.374461" lon="-75.827534"><ele>23.0</ele><time>2024-06-08T16:30:51Z</time></trkpt>
<trkpt lat="45.37447" lon="-75.827543"><ele>23.0</ele><time>2024-06-08T16:30:52Z</time></trkpt>
<trkpt lat="45.374483" lon="-75.827552"><ele>23.0</ele><time>2024-06-08T16:30:53Z</time></trkpt>
<trkpt lat="45.374492" lon="-75.827561"><ele>23.0</ele><time>2024-06-08T16:30:54Z</time></trkpt>
<trkpt lat="45.374505" lon="-75.82757"><ele>23.0</ele><time>2024-06-08T16:30:55Z</time></trkpt>
<trkpt lat="45.374515" lon="-75.827579"><ele>23.0</ele><time>2024-06-08T16:30:56Z</time></trkpt>
<trkpt lat="45.374527" lon="-75.827588"><ele>23.0</ele><time>2024-06-08T16:30:57Z</time></trkpt>
<trkpt lat="45.374537" lon="-75.827597"><ele>23.0</ele><time>2024-06-08T16:30:58Z</time></trkpt>
<trkpt lat="45.374549" lon="-75.827606"><ele>23.0</ele><time>2024-06-08T16:30:59Z</time></trkpt>
<trkpt lat="45.374559" lon="-75.827615"><ele>23.0</ele><time>2024-06-08T16:31:00Z</time></trkpt>
<trkpt lat="45.374572" lon="-75.827624"><ele>23.0</ele><time>2024-06-08T16:31:01Z</time></trkpt>
<trkpt lat="45.374584" lon="-75.827624"><ele>23.0</ele><time>2024-06-08T16:31:02Z</time></trkpt>
<trkpt lat="45.374594" lon="-75.827633"><ele>23.0</ele><time>2024-06-08T16:31:03Z</time></trkpt>
<trkpt lat="45.374606" lon="-75.827642"><ele>23.0</ele><time>2024-06-08T16:31:04Z</time></trkpt>
<trkpt lat="45.374619" lon="-75.827651"><ele>23.0</ele><time>2024-06-08T16:31:05Z</time></trkpt>
<trkpt lat="45.374629" lon="-75.82766"><ele>23.0</ele><time>2024-06-08T16:31:06Z</time></trkpt>
<trkpt lat="45.374641" lon="-75.827669"><ele>23.0</ele><time>2024-06-08T16:31:07Z</time></trkpt>
<trkpt lat="45.374654" lon="-75.827677"><ele>23.0</ele><time>2024-06-08T16:31:08Z</time></trkpt>
<trkpt lat="45.374667" lon="-75.827686"><ele>23.0</ele><time>2024-06-08T16:31:09Z</time></trkpt>
<trkpt lat="45.374679" lon="-75.827695"><ele>23.0</ele><time>2024-06-08T16:31:10Z</time></trkpt>
<trkpt lat="45.374692" lon="-75.827704"><ele>23.0</ele><time>2024-06-08T16:31:11Z</time></trkpt>
<trkpt lat="45.374704" lon="-75.827713"><ele>23.0</ele><time>2024-06-08T16:31:12Z</time></trkpt>
<trkpt lat="45.374714" lon="-75.827722"><ele>23.0</ele><time>2024-06-08T16:31:13Z</time></trkpt>
<trkpt lat="45.374727" lon="-75.827722"><ele>23.0</ele><time>2024-06-08T16:31:14Z</time></trkpt>
<trkpt lat="45.374739" lon="-75.827731"><ele>23.0</ele><time>2024-06-08T16:31:15Z</time></trkpt>
<trkpt lat="45.374752" lon="-75.82774"><ele>23.0</ele><time>2024-06-08T16:31:16Z</time></trkpt>
<trkpt lat="45.374765" lon="-75.827749"><ele>23.0</ele><time>2024-06-08T16:31:17Z</time></trkpt>
<trkpt lat="45.374777" lon="-75.827758"><ele>23.0</ele><time>2024-06-08T16:31:18Z</time></trkpt>
<trkpt lat="45.37479" lon="-75.827758"><ele>23.0</ele><time>2024-06-08T16:31:19Z</time></trkpt>
<trkpt lat="45.374803" lon="-75.827767"><ele>23.0</ele><time>2024-06-08T16:31:20Z</time></trkpt>
<trkpt lat="45.374815" lon="-75.827776"><ele>23.0</ele><time>2024-06-08T16:31:21Z</time></trkpt>
<trkpt lat="45.374828" lon="-75.827785"><ele>23.0</ele><time>2024-06-08T16:31:22Z</time></trkpt>
<trkpt lat="45.374837" lon="-75.827785"><ele>23.0</ele><time>2024-06-08T16:31:23Z</time></trkpt>
<trkpt lat="45.37485" lon="-75.827794"><ele>23.0</ele><time>2024-06-08T16:31:24Z</time></trkpt>
<trkpt lat="45.374863" lon="-75.827803"><ele>23.0</ele><time>2024-06-08T16:31:25Z</time></trkpt>
<trkpt lat="45.374875" lon="-75.827803"><ele>23.0</ele><time>2024-06-08T16:31:26Z</time></trkpt>
<trkpt lat="45.374888" lon="-75.827812"><ele>23.0</ele><time>2024-06-08T16:31:27Z</time></trkpt>
<trkpt lat="45.374901" lon="-75.827821"><ele>23.0</ele><time>2024-06-08T16:31:28Z</time></trkpt>
<trkpt lat="45.374913" lon="-75.82783"><ele>23.0</ele><time>2024-06-08T16:31:29Z</time></trkpt>
<trkpt lat="45.374926" lon="-75.82783"><ele>23.0</ele><time>2024-06-08T16:31:30Z</time></trkpt>
<trkpt lat="45.374939" lon="-75.827839"><ele>23.0</ele><time>2024-06-08T16:31:31Z</time></trkpt>
<trkpt lat="45.374951" lon="-75.827848"><ele>23.0</ele><time>2024-06-08T16:31:32Z</time></trkpt>
<trkpt lat="45.374961" lon="-75.827857"><ele>23.0</ele><time>2024-06-08T16:31:33Z</time></trkpt>
<trkpt lat="45.374974" lon="-75.827866"><ele>23.0</ele><time>2024-06-08T16:31:34Z</time></trkpt>
<trkpt lat="45.374986" lon="-75.827875"><ele>23.0</ele><time>2024-06-08T16:31:35Z</time></trkpt>
<trkpt lat="45.374999" lon="-75.827884"><ele>23.0</ele><time>2024-06-08T16:31:36Z</time></trkpt>
<trkpt lat="45.375012" lon="-75.827884"><ele>23.0</ele><time>2024-06-08T16:31:37Z</time></trkpt>
<trkpt lat="45.375024" lon="-75.827893"><ele>23.0</ele><time>2024-06-08T16:31:38Z</time></trkpt>
<trkpt lat="45.375037" lon="-75.827902"><ele>23.0</ele><time>2024-06-08T16:31:39Z</time></trkpt>
<trkpt lat="45.375053" lon="-75.827902"><ele>23.0</ele><time>2024-06-08T16:31:40Z</time></trkpt>
<trkpt lat="45.375065" lon="-75.827911"><ele>23.0</ele><time>2024-06-08T16:31:41Z</time></trkpt>
<trkpt lat="45.375078" lon="-75.82792"><ele>23.0</ele><time>2024-06-08T16:31:42Z</time></trkpt>
<trkpt lat="45.375088" lon="-75.82792"><ele>23.0</ele><time>2024-06-08T16:31:43Z</time></trkpt>
<trkpt lat="45.3751" lon="-75.827929"><ele>23.0</ele><time>2024-06-08T16:31:44Z</time></trkpt>
<trkpt lat="45.375113" lon="-75.827938"><ele>23.0</ele><time>2024-06-08T16:31:45Z</time></trkpt>
<trkpt lat="45.375126" lon="-75.827947"><ele>22.0</ele><time>2024-06-08T16:31:46Z</time></trkpt>
<trkpt lat="45.375138" lon="-75.827947"><ele>22.0</ele><time>2024-06-08T16:31:47Z</time></trkpt>
<trkpt lat="45.375151" lon="-75.827956"><ele>22.0</ele><time>2024-06-08T16:31:48Z</time></trkpt>
<trkpt lat="45.375164" lon="-75.827965"><ele>22.0</ele><time>2024-06-08T16:31:49Z</time></trkpt>
<trkpt lat="45.375176" lon="-75.827965"><ele>22.0</ele><time>2024-06-08T16:31:50Z</time></trkpt>
<trkpt lat="45.375189" lon="-75.827974"><ele>22.0</ele><time>2024-06-08T16:31:51Z</time></trkpt>
<trkpt lat="45.375205" lon="-75.827974"><ele>22.0</ele><time>2024-06-08T16:31:52Z</time></trkpt>
<trkpt lat="45.375217" lon="-75.827983"><ele>22.0</ele><time>2024-06-08T16:31:53Z</time></trkpt>
<trkpt lat="45.37523" lon="-75.827983"><ele>22.0</ele><time>2024-06-08T16:31:54Z</time></trkpt>
<trkpt lat="45.375239" lon="-75.827992"><ele>23.0</ele><time>2024-06-08T16:31:55Z</time></trkpt>
<trkpt lat="45.375249" lon="-75.828001"><ele>23.0</ele><time>2024-06-08T16:31:56Z</time></trkpt>
<trkpt lat="45.375255" lon="-75.82801"><ele>23.0</ele><time>2024-06-08T16:31:57Z</time></trkpt>
<trkpt lat="45.375262" lon="-75.828019"><ele>23.0</ele><time>2024-06-08T16:31:58Z</time></trkpt>
<trkpt lat="45.375265" lon="-75.828028"><ele>23.0</ele><time>2024-06-08T16:31:59Z</time></trkpt>
<trkpt lat="45.375268" lon="-75.828037"><ele>23.0</ele><time>2024-06-08T16:32:00Z</time></trkpt>
<trkpt lat="45.375268" lon="-75.828046"><ele>23.0</ele><time>2024-06-08T16:32:01Z</time></trkpt>
<trkpt lat="45.375271" lon="-75.828055"><ele>23.0</ele><time>2024-06-08T16:32:02Z</time></trkpt>
<trkpt lat="45.375268" lon="-75.828073"><ele>23.0</ele><time>2024-06-08T16:32:03Z</time></trkpt>
<trkpt lat="45.375265" lon="-75.828073"><ele>23.0</ele><time>2024-06-08T16:32:04Z</time></trkpt>
<trkpt lat="45.375262" lon="-75.828082"><ele>23.0</ele><time>2024-06-08T16:32:05Z</time></trkpt>
<trkpt lat="45.375255" lon="-75.828082"><ele>23.0</ele><time>2024-06-08T16:32:06Z</time></trkpt>
<trkpt lat="45.375252" lon="-75.828091"><ele>23.0</ele><time>2024-06-08T16:32:07Z</time></trkpt>
<trkpt lat="45.375246" lon="-75.828091"><ele>23.0</ele><time>2024-06-08T16:32:08Z</time></trkpt>
<trkpt lat="45.375239" lon="-75.828091"><ele>23.0</ele><time>2024-06-08T16:32:09Z</time></trkpt>
<trkpt lat="45.375233" lon="-75.828091"><ele>23.0</ele><time>2024-06-08T16:32:10Z</time></trkpt>
<trkpt lat="45.375224" lon="-75.8281"><ele>23.0</ele><time>2024-06-08T16:32:11Z</time></trkpt>
<trkpt lat="45.375217" lon="-75.8281"><ele>23.0</ele><time>2024-06-08T16:32:12Z</time></trkpt>
<trkpt lat="45.375208" lon="-75.8281"><ele>23.0</ele><time>2024-06-08T16:32:13Z</time></trkpt>
<trkpt lat="45.375201" lon="-75.8281"><ele>24.0</ele><time>2024-06-08T16:32:14Z</time></trkpt>
<trkpt lat="45.375189" lon="-75.8281"><ele>24.0</ele><time>2024-06-08T16:32:15Z</time></trkpt>
<trkpt lat="45.375179" lon="-75.8281"><ele>24.0</ele><time>2024-06-08T16:32:16Z</time></trkpt>
<trkpt lat="45.37517" lon="-75.8281"><ele>24.0</ele><time>2024-06-08T16:32:17Z</time></trkpt>
<trkpt lat="45.37516" lon="-75.828091"><ele>24.0</ele><time>2024-06-08T16:32:18Z</time></trkpt>
<trkpt lat="45.375154" lon="-75.8281"><ele>24.0</ele><time>2024-06-08T16:32:19Z</time></trkpt>
<trkpt lat="45.375148" lon="-75.8281"><ele>24.0</ele><time>2024-06-08T16:32:20Z</time></trkpt>
<trkpt lat="45.375138" lon="-75.8281"><ele>24.0</ele><time>2024-06-08T16:32:21Z</time></trkpt>
<trkpt lat="45.375129" lon="-75.8281"><ele>24.0</ele><time>2024-06-08T16:32:22Z</time></trkpt>
<trkpt lat="45.375116" lon="-75.8281"><ele>24.0</ele><time>2024-06-08T16:32:23Z</time></trkpt>
<trkpt lat="45.375103" lon="-75.8281"><ele>24.0</ele><time>2024-06-08T16:32:24Z</time></trkpt>
<trkpt lat="45.375094" lon="-75.8281"><ele>24.0</ele><time>2024-06-08T16:32:25Z</time></trkpt>
<trkpt lat="45.375081" lon="-75.828091"><ele>24.0</ele><time>2024-06-08T16:32:26Z</time></trkpt>
<trkpt lat="45.375069" lon="-75.828091"><ele>24.0</ele><time>2024-06-08T16:32:27Z</time></trkpt>
<trkpt lat="45.375059" lon="-75.828091"><ele>24.0</ele><time>2024-06-08T16:32:28Z</time></trkpt>
<trkpt lat="45.375046" lon="-75.828091"><ele>24.0</ele><time>2024-06-08T16:32:29Z</time></trkpt>
<trkpt lat="45.375037" lon="-75.8281"><ele>24.0</ele><time>2024-06-08T16:32:30Z</time></trkpt>
<trkpt lat="45.375027" lon="-75.828109"><ele>24.0</ele><time>2024-06-08T16:32:31Z</time></trkpt>
<trkpt lat="45.375018" lon="-75.828109"><ele>24.0</ele><time>2024-06-08T16:32:32Z</time></trkpt>
<trkpt lat="45.375008" lon="-75.828118"><ele>24.0</ele><time>2024-06-08T16:32:33Z</time></trkpt>
<trkpt lat="45.375002" lon="-75.828127"><ele>24.0</ele><time>2024-06-08T16:32:34Z</time></trkpt>
<trkpt lat="45.374993" lon="-75.828136"><ele>24.0</ele><time>2024-06-08T16:32:35Z</time></trkpt>
<trkpt lat="45.374983" lon="-75.828136"><ele>24.0</ele><time>2024-06-08T16:32:36Z</time></trkpt>
<trkpt lat="45.374974" lon="-75.828145"><ele>24.0</ele><time>2024-06-08T16:32:37Z</time></trkpt>
<trkpt lat="45.374964" lon="-75.828154"><ele>24.0</ele><time>2024-06-08T16:32:38Z</time></trkpt>
<trkpt lat="45.374955" lon="-75.828163"><ele>24.0</ele><time>2024-06-08T16:32:39Z</time></trkpt>
<trkpt lat="45.374942" lon="-75.828172"><ele>24.0</ele><time>2024-06-08T16:32:40Z</time></trkpt>
<trkpt lat="45.374936" lon="-75.828181"><ele>24.0</ele><time>2024-06-08T16:32:41Z</time></trkpt>
<trkpt lat="45.374929" lon="-75.828181"><ele>24.0</ele><time>2024-06-08T16:32:42Z</time></trkpt>
<trkpt lat="45.37492" lon="-75.82819"><ele>24.0</ele><time>2024-06-08T16:32:43Z</time></trkpt>
<trkpt lat="45.37491" lon="-75.828198"><ele>25.0</ele><time>2024-06-08T16:32:44Z</time></trkpt>
<trkpt lat="45.374904" lon="-75.828198"><ele>25.0</ele><time>2024-06-08T16:32:45Z</time></trkpt>
<trkpt lat="45.374894" lon="-75.828207"><ele>25.0</ele><time>2024-06-08T16:32:46Z</time></trkpt>
<trkpt lat="45.374885" lon="-75.828207"><ele>25.0</ele><time>2024-06-08T16:32:47Z</time></trkpt>
<trkpt lat="45.374875" lon="-75.828216"><ele>24.0</ele><time>2024-06-08T16:32:48Z</time></trkpt>
<trkpt lat="45.374866" lon="-75.828225"><ele>24.0</ele><time>2024-06-08T16:32:49Z</time></trkpt>
<trkpt lat="45.374856" lon="-75.828225"><ele>24.0</ele><time>2024-06-08T16:32:50Z</time></trkpt>
<trkpt lat="45.374844" lon="-75.828234"><ele>24.0</ele><time>2024-06-08T16:32:51Z</time></trkpt>
<trkpt lat="45.374834" lon="-75.828234"><ele>24.0</ele><time>2024-06-08T16:32:52Z</time></trkpt>
<trkpt lat="45.374822" lon="-75.828243"><ele>25.0</ele><time>2024-06-08T16:32:53Z</time></trkpt>
<trkpt lat="45.374812" lon="-75.828252"><ele>25.0</ele><time>2024-06-08T16:32:54Z</time></trkpt>
<trkpt lat="45.374799" lon="-75.828252"><ele>24.0</ele><time>2024-06-08T16:32:55Z</time></trkpt>
<trkpt lat="45.37479" lon="-75.828261"><ele>25.0</ele><time>2024-06-08T16:32:56Z</time></trkpt>
<trkpt lat="45.37478" lon="-75.828261"><ele>24.0</ele><time>2024-06-08T16:32:57Z</time></trkpt>
<trkpt lat="45.374768" lon="-75.82827"><ele>24.0</ele><time>2024-06-08T16:32:58Z</time></trkpt>
<trkpt lat="45.374758" lon="-75.82827"><ele>25.0</ele><time>2024-06-08T16:32:59Z</time></trkpt>
<trkpt lat="45.374746" lon="-75.828279"><ele>24.0</ele><time>2024-06-08T16:33:00Z</time></trkpt>
<trkpt lat="45.374736" lon="-75.828288"><ele>25.0</ele><time>2024-06-08T16:33:01Z</time></trkpt>
<trkpt lat="45.374727" lon="-75.828288"><ele>24.0</ele><time>2024-06-08T16:33:02Z</time></trkpt>
<trkpt lat="45.374717" lon="-75.828297"><ele>24.0</ele><time>2024-06-08T16:33:03Z</time></trkpt>
<trkpt lat="45.374704" lon="-75.828306"><ele>24.0</ele><time>2024-06-08T16:33:04Z</time></trkpt>
<trkpt lat="45.374695" lon="-75.828306"><ele>24.0</ele><time>2024-06-08T16:33:05Z</time></trkpt>
<trkpt lat="45.374685" lon="-75.828315"><ele>25.0</ele><time>2024-06-08T16:33:06Z</time></trkpt>
<trkpt lat="45.374673" lon="-75.828324"><ele>25.0</ele><time>2024-06-08T16:33:07Z</time></trkpt>
<trkpt lat="45.374663" lon="-75.828333"><ele>25.0</ele><time>2024-06-08T16:33:08Z</time></trkpt>
<trkpt lat="45.374654" lon="-75.828333"><ele>24.0</ele><time>2024-06-08T16:33:09Z</time></trkpt>
<trkpt lat="45.374641" lon="-75.828342"><ele>24.0</ele><time>2024-06-08T16:33:10Z</time></trkpt>
<trkpt lat="45.374632" lon="-75.828342"><ele>24.0</ele><time>2024-06-08T16:33:11Z</time></trkpt>
<trkpt lat="45.374619" lon="-75.828351"><ele>24.0</ele><time>2024-06-08T16:33:12Z</time></trkpt>
<trkpt lat="45.37461" lon="-75.82836"><ele>24.0</ele><time>2024-06-08T16:33:13Z</time></trkpt>
<trkpt lat="45.3746" lon="-75.82836"><ele>25.0</ele><time>2024-06-08T16:33:14Z</time></trkpt>
<trkpt lat="45.374587" lon="-75.828369"><ele>24.0</ele><time>2024-06-08T16:33:15Z</time></trkpt>
<trkpt lat="45.374575" lon="-75.828369"><ele>24.0</ele><time>2024-06-08T16:33:16Z</time></trkpt>
<trkpt lat="45.374565" lon="-75.828378"><ele>25.0</ele><time>2024-06-08T16:33:17Z</time></trkpt>
<trkpt lat="45.374553" lon="-75.828378"><ele>24.0</ele><time>2024-06-08T16:33:18Z</time></trkpt>
<trkpt lat="45.37454" lon="-75.828378"><ele>24.0</ele><time>2024-06-08T16:33:19Z</time></trkpt>
<trkpt lat="45.374527" lon="-75.828387"><ele>25.0</ele><time>2024-06-08T16:33:20Z</time></trkpt>
<trkpt lat="45.374515" lon="-75.828387"><ele>24.0</ele><time>2024-06-08T16:33:21Z</time></trkpt>
<trkpt lat="45.374502" lon="-75.828387"><ele>24.0</ele><time>2024-06-08T16:33:22Z</time></trkpt>
<trkpt lat="45.374489" lon="-75.828387"><ele>24.0</ele><time>2024-06-08T16:33:23Z</time></trkpt>
<trkpt lat="45.374477" lon="-75.828396"><ele>24.0</ele><time>2024-06-08T16:33:24Z</time></trkpt>
<trkpt lat="45.374464" lon="-75.828396"><ele>25.0</ele><time>2024-06-08T16:33:25Z</time></trkpt>
<trkpt lat="45.374451" lon="-75.828405"><ele>25.0</ele><time>2024-06-08T16:33:26Z</time></trkpt>
<trkpt lat="45.374439" lon="-75.828405"><ele>25.0</ele><time>2024-06-08T16:33:27Z</time></trkpt>
<trkpt lat="45.374426" lon="-75.828414"><ele>25.0</ele><time>2024-06-08T16:33:28Z</time></trkpt>
<trkpt lat="45.374413" lon="-75.828414"><ele>24.0</ele><time>2024-06-08T16:33:29Z</time></trkpt>
<trkpt lat="45.374401" lon="-75.828423"><ele>25.0</ele><time>2024-06-08T16:33:30Z</time></trkpt>
<trkpt lat="45.374388" lon="-75.828423"><ele>24.0</ele><time>2024-06-08T16:33:31Z</time></trkpt>
<trkpt lat="45.374378" lon="-75.828432"><ele>25.0</ele><time>2024-06-08T16:33:32Z</time></trkpt>
<trkpt lat="45.374366" lon="-75.828432"><ele>25.0</ele><time>2024-06-08T16:33:33Z</time></trkpt>
<trkpt lat="45.374353" lon="-75.828441"><ele>25.0</ele><time>2024-06-08T16:33:34Z</time></trkpt>
<trkpt lat="45.37434" lon="-75.82845"><ele>25.0</ele><time>2024-06-08T16:33:35Z</time></trkpt>
<trkpt lat="45.374331" lon="-75.82845"><ele>25.0</ele><time>2024-06-08T16:33:36Z</time></trkpt>
<trkpt lat="45.374318" lon="-75.828459"><ele>25.0</ele><time>2024-06-08T16:33:37Z</time></trkpt>
<trkpt lat="45.374306" lon="-75.828468"><ele>25.0</ele><time>2024-06-08T16:33:38Z</time></trkpt>
<trkpt lat="45.374293" lon="-75.828468"><ele>25.0</ele><time>2024-06-08T16:33:39Z</time></trkpt>
<trkpt lat="45.37428" lon="-75.828477"><ele>25.0</ele><time>2024-06-08T16:33:40Z</time></trkpt>
<trkpt lat="45.374271" lon="-75.828486"><ele>25.0</ele><time>2024-06-08T16:33:41Z</time></trkpt>
<trkpt lat="45.374258" lon="-75.828486"><ele>25.0</ele><time>2024-06-08T16:33:42Z</time></trkpt>
<trkpt lat="45.374249" lon="-75.828495"><ele>25.0</ele><time>2024-06-08T16:33:43Z</time></trkpt>
<trkpt lat="45.374236" lon="-75.828504"><ele>25.0</ele><time>2024-06-08T16:33:44Z</time></trkpt>
<trkpt lat="45.374226" lon="-75.828513"><ele>25.0</ele><time>2024-06-08T16:33:45Z</time></trkpt>
<trkpt lat="45.374214" lon="-75.828522"><ele>25.0</ele><time>2024-06-08T16:33:46Z</time></trkpt>
<trkpt lat="45.374204" lon="-75.828522"><ele>25.0</ele><time>2024-06-08T16:33:47Z</time></trkpt>
<trkpt lat="45.374195" lon="-75.828531"><ele>25.0</ele><time>2024-06-08T16:33:48Z</time></trkpt>
<trkpt lat="45.374182" lon="-75.82854"><ele>25.0</ele><time>2024-06-08T16:33:49Z</time></trkpt>
<trkpt lat="45.374173" lon="-75.828549"><ele>25.0</ele><time>2024-06-08T16:33:50Z</time></trkpt>
<trkpt lat="45.37416" lon="-75.828549"><ele>25.0</ele><time>2024-06-08T16:33:51Z</time></trkpt>
<trkpt lat="45.374151" lon="-75.828558"><ele>25.0</ele><time>2024-06-08T16:33:52Z</time></trkpt>
<trkpt lat="45.374138" lon="-75.828567"><ele>25.0</ele><time>2024-06-08T16:33:53Z</time></trkpt>
<trkpt lat="45.374128" lon="-75.828576"><ele>25.0</ele><time>2024-06-08T16:33:54Z</time></trkpt>
<trkpt lat="45.374116" lon="-75.828585"><ele>25.0</ele><time>2024-06-08T16:33:55Z</time></trkpt>
<trkpt lat="45.374106" lon="-75.828594"><ele>25.0</ele><time>2024-06-08T16:33:56Z</time></trkpt>
<trkpt lat="45.374097" lon="-75.828594"><ele>25.0</ele><time>2024-06-08T16:33:57Z</time></trkpt>
<trkpt lat="45.374087" lon="-75.828603"><ele>25.0</ele><time>2024-06-08T16:33:58Z</time></trkpt>
<trkpt lat="45.374075" lon="-75.828612"><ele>25.0</ele><time>2024-06-08T16:33:59Z</time></trkpt>
<trkpt lat="45.374065" lon="-75.828621"><ele>25.0</ele><time>2024-06-08T16:34:00Z</time></trkpt>
<trkpt lat="45.374056" lon="-75.828621"><ele>25.0</ele><time>2024-06-08T16:34:01Z</time></trkpt>
<trkpt lat="45.374046" lon="-75.82863"><ele>25.0</ele><time>2024-06-08T16:34:02Z</time></trkpt>
<trkpt lat="45.374037" lon="-75.828639"><ele>25.0</ele><time>2024-06-08T16:34:03Z</time></trkpt>
<trkpt lat="45.374024" lon="-75.828648"><ele>25.0</ele><time>2024-06-08T16:34:04Z</time></trkpt>
<trkpt lat="45.374014" lon="-75.828648"><ele>25.0</ele><time>2024-06-08T16:34:05Z</time></trkpt>
<trkpt lat="45.374005" lon="-75.828657"><ele>25.0</ele><time>2024-06-08T16:34:06Z</time></trkpt>
<trkpt lat="45.373992" lon="-75.828666"><ele>25.0</ele><time>2024-06-08T16:34:07Z</time></trkpt>
<trkpt lat="45.373983" lon="-75.828675"><ele>25.0</ele><time>2024-06-08T16:34:08Z</time></trkpt>
<trkpt lat="45.373973" lon="-75.828675"><ele>25.0</ele><time>2024-06-08T16:34:09Z</time></trkpt>
<trkpt lat="45.373964" lon="-75.828684"><ele>25.0</ele><time>2024-06-08T16:34:10Z</time></trkpt>
<trkpt lat="45.373951" lon="-75.828693"><ele>25.0</ele><time>2024-06-08T16:34:11Z</time></trkpt>
<trkpt lat="45.373942" lon="-75.828693"><ele>25.0</ele><time>2024-06-08T16:34:12Z</time></trkpt>
<trkpt lat="45.373929" lon="-75.828702"><ele>25.0</ele><time>2024-06-08T16:34:13Z</time></trkpt>
<trkpt lat="45.373919" lon="-75.828702"><ele>25.0</ele><time>2024-06-08T16:34:14Z</time></trkpt>
<trkpt lat="45.373907" lon="-75.828711"><ele>25.0</ele><time>2024-06-08T16:34:15Z</time></trkpt>
<trkpt lat="45.373897" lon="-75.82872"><ele>25.0</ele><time>2024-06-08T16:34:16Z</time></trkpt>
<trkpt lat="45.373885" lon="-75.82872"><ele>25.0</ele><time>2024-06-08T16:34:17Z</time></trkpt>
<trkpt lat="45.373875" lon="-75.828728"><ele>25.0</ele><time>2024-06-08T16:34:18Z</time></trkpt>
<trkpt lat="45.373862" lon="-75.828737"><ele>25.0</ele><time>2024-06-08T16:34:19Z</time></trkpt>
<trkpt lat="45.37385" lon="-75.828737"><ele>25.0</ele><time>2024-06-08T16:34:20Z</time></trkpt>
<trkpt lat="45.37384" lon="-75.828746"><ele>25.0</ele><time>2024-06-08T16:34:21Z</time></trkpt>
<trkpt lat="45.373828" lon="-75.828755"><ele>25.0</ele><time>2024-06-08T16:34:22Z</time></trkpt>
<trkpt lat="45.373818" lon="-75.828764"><ele>25.0</ele><time>2024-06-08T16:34:23Z</time></trkpt>
<trkpt lat="45.373805" lon="-75.828773"><ele>25.0</ele><time>2024-06-08T16:34:24Z</time></trkpt>
<trkpt lat="45.373796" lon="-75.828782"><ele>25.0</ele><time>2024-06-08T16:34:25Z</time></trkpt>
<trkpt lat="45.373783" lon="-75.828791"><ele>25.0</ele><time>2024-06-08T16:34:26Z</time></trkpt>
<trkpt lat="45.373774" lon="-75.828791"><ele>25.0</ele><time>2024-06-08T16:34:27Z</time></trkpt>
<trkpt lat="45.373761" lon="-75.8288"><ele>25.0</ele><time>2024-06-08T16:34:28Z</time></trkpt>
<trkpt lat="45.373748" lon="-75.828809"><ele>25.0</ele><time>2024-06-08T16:34:29Z</time></trkpt>
<trkpt lat="45.373739" lon="-75.828818"><ele>25.0</ele><time>2024-06-08T16:34:30Z</time></trkpt>
<trkpt lat="45.373729" lon="-75.828827"><ele>25.0</ele><time>2024-06-08T16:34:31Z</time></trkpt>
<trkpt lat="45.373717" lon="-75.828827"><ele>25.0</ele><time>2024-06-08T16:34:32Z</time></trkpt>
<trkpt lat="45.373707" lon="-75.828836"><ele>25.0</ele><time>2024-06-08T16:34:33Z</time></trkpt>
<trkpt lat="45.373698" lon="-75.828845"><ele>25.0</ele><time>2024-06-08T16:34:34Z</time></trkpt>
<trkpt lat="45.373685" lon="-75.828854"><ele>25.0</ele><time>2024-06-08T16:34:35Z</time></trkpt>
<trkpt lat="45.373676" lon="-75.828854"><ele>25.0</ele><time>2024-06-08T16:34:36Z</time></trkpt>
<trkpt lat="45.373666" lon="-75.828863"><ele>25.0</ele><time>2024-06-08T16:34:37Z</time></trkpt>
<trkpt lat="45.373653" lon="-75.828872"><ele>25.0</ele><time>2024-06-08T16:34:38Z</time></trkpt>
<trkpt lat="45.373644" lon="-75.828881"><ele>25.0</ele><time>2024-06-08T16:34:39Z</time></trkpt>
<trkpt lat="45.373635" lon="-75.828881"><ele>25.0</ele><time>2024-06-08T16:34:40Z</time></trkpt>
<trkpt lat="45.373622" lon="-75.82889"><ele>25.0</ele><time>2024-06-08T16:34:41Z</time></trkpt>
<trkpt lat="45.373612" lon="-75.828899"><ele>25.0</ele><time>2024-06-08T16:34:42Z</time></trkpt>
<trkpt lat="45.373603" lon="-75.828899"><ele>25.0</ele><time>2024-06-08T16:34:43Z</time></trkpt>
<trkpt lat="45.37359" lon="-75.828908"><ele>25.0</ele><time>2024-06-08T16:34:44Z</time></trkpt>
<trkpt lat="45.373581" lon="-75.828908"><ele>25.0</ele><time>2024-06-08T16:34:45Z</time></trkpt>
<trkpt lat="45.373568" lon="-75.828917"><ele>25.0</ele><time>2024-06-08T16:34:46Z</time></trkpt>
<trkpt lat="45.373559" lon="-75.828926"><ele>25.0</ele><time>2024-06-08T16:34:47Z</time></trkpt>
<trkpt lat="45.373549" lon="-75.828926"><ele>25.0</ele><time>2024-06-08T16:34:48Z</time></trkpt>
<trkpt lat="45.37354" lon="-75.828935"><ele>25.0</ele><time>2024-06-08T16:34:49Z</time></trkpt>
<trkpt lat="45.37353" lon="-75.828944"><ele>25.0</ele><time>2024-06-08T16:34:50Z</time></trkpt>
<trkpt lat="45.373517" lon="-75.828944"><ele>25.0</ele><time>2024-06-08T16:34:51Z</time></trkpt>
<trkpt lat="45.373508" lon="-75.828953"><ele>25.0</ele><time>2024-06-08T16:34:52Z</time></trkpt>
<trkpt lat="45.373498" lon="-75.828953"><ele>25.0</ele><time>2024-06-08T16:34:53Z</time></trkpt>
<trkpt lat="45.373492" lon="-75.828953"><ele>25.0</ele><time>2024-06-08T16:34:54Z</time></trkpt>
<trkpt lat="45.373483" lon="-75.828953"><ele>24.0</ele><time>2024-06-08T16:34:55Z</time></trkpt>
<trkpt lat="45.373476" lon="-75.828962"><ele>24.0</ele><time>2024-06-08T16:34:56Z</time></trkpt>
<trkpt lat="45.37347" lon="-75.828962"><ele>24.0</ele><time>2024-06-08T16:34:57Z</time></trkpt>
<trkpt lat="45.373464" lon="-75.828962"><ele>24.0</ele><time>2024-06-08T16:34:58Z</time></trkpt>
<trkpt lat="45.37346" lon="-75.828971"><ele>24.0</ele><time>2024-06-08T16:34:59Z</time></trkpt>
<trkpt lat="45.37346" lon="-75.828971"><ele>24.0</ele><time>2024-06-08T16:35:00Z</time></trkpt>
<trkpt lat="45.373457" lon="-75.82898"><ele>24.0</ele><time>2024-06-08T16:35:01Z</time></trkpt>
<trkpt lat="45.373457" lon="-75.82898"><ele>24.0</ele><time>2024-06-08T16:35:02Z</time></trkpt>
<trkpt lat="45.373457" lon="-75.828989"><ele>24.0</ele><time>2024-06-08T16:35:03Z</time></trkpt>
<trkpt lat="45.373457" lon="-75.828989"><ele>24.0</ele><time>2024-06-08T16:35:04Z</time></trkpt>
<trkpt lat="45.37346" lon="-75.828998"><ele>24.0</ele><time>2024-06-08T16:35:05Z</time></trkpt>
<trkpt lat="45.37346" lon="-75.828998"><ele>24.0</ele><time>2024-06-08T16:35:06Z</time></trkpt>
<trkpt lat="45.373464" lon="-75.829007"><ele>24.0</ele><time>2024-06-08T16:35:07Z</time></trkpt>
<trkpt lat="45.373467" lon="-75.829007"><ele>24.0</ele><time>2024-06-08T16:35:08Z</time></trkpt>
<trkpt lat="45.37347" lon="-75.829007"><ele>24.0</ele><time>2024-06-08T16:35:09Z</time></trkpt>
<trkpt lat="45.373476" lon="-75.829016"><ele>24.0</ele><time>2024-06-08T16:35:10Z</time></trkpt>
<trkpt lat="45.373483" lon="-75.829016"><ele>24.0</ele><time>2024-06-08T16:35:11Z</time></trkpt>
<trkpt lat="45.373489" lon="-75.829016"><ele>23.0</ele><time>2024-06-08T16:35:12Z</time></trkpt>
<trkpt lat="45.373495" lon="-75.829025"><ele>23.0</ele><time>2024-06-08T16:35:13Z</time></trkpt>
<trkpt lat="45.373502" lon="-75.829025"><ele>23.0</ele><time>2024-06-08T16:35:14Z</time></trkpt>
<trkpt lat="45.373508" lon="-75.829025"><ele>23.0</ele><time>2024-06-08T16:35:15Z</time></trkpt>
<trkpt lat="45.373514" lon="-75.829034"><ele>23.0</ele><time>2024-06-08T16:35:16Z</time></trkpt>
<trkpt lat="45.373524" lon="-75.829034"><ele>23.0</ele><time>2024-06-08T16:35:17Z</time></trkpt>
<trkpt lat="45.37353" lon="-75.829043"><ele>23.0</ele><time>2024-06-08T16:35:18Z</time></trkpt>
<trkpt lat="45.373536" lon="-75.829043"><ele>23.0</ele><time>2024-06-08T16:35:19Z</time></trkpt>
<trkpt lat="45.373546" lon="-75.829052"><ele>23.0</ele><time>2024-06-08T16:35:20Z</time></trkpt>
<trkpt lat="45.373552" lon="-75.829061"><ele>23.0</ele><time>2024-06-08T16:35:21Z</time></trkpt>
<trkpt lat="45.373562" lon="-75.829061"><ele>23.0</ele><time>2024-06-08T16:35:22Z</time></trkpt>
<trkpt lat="45.373571" lon="-75.82907"><ele>23.0</ele><time>2024-06-08T16:35:23Z</time></trkpt>
<trkpt lat="45.373581" lon="-75.829079"><ele>23.0</ele><time>2024-06-08T16:35:24Z</time></trkpt>
<trkpt lat="45.37359" lon="-75.829079"><ele>23.0</ele><time>2024-06-08T16:35:25Z</time></trkpt>
<trkpt lat="45.373597" lon="-75.829088"><ele>22.0</ele><time>2024-06-08T16:35:26Z</time></trkpt>
<trkpt lat="45.373606" lon="-75.829097"><ele>23.0</ele><time>2024-06-08T16:35:27Z</time></trkpt>
<trkpt lat="45.373616" lon="-75.829097"><ele>23.0</ele><time>2024-06-08T16:35:28Z</time></trkpt>
<trkpt lat="45.373625" lon="-75.829106"><ele>23.0</ele><time>2024-06-08T16:35:29Z</time></trkpt>
<trkpt lat="45.373638" lon="-75.829115"><ele>23.0</ele><time>2024-06-08T16:35:30Z</time></trkpt>
<trkpt lat="45.37365" lon="-75.829115"><ele>23.0</ele><time>2024-06-08T16:35:31Z</time></trkpt>
<trkpt lat="45.37366" lon="-75.829124"><ele>23.0</ele><time>2024-06-08T16:35:32Z</time></trkpt>
<trkpt lat="45.373672" lon="-75.829124"><ele>23.0</ele><time>2024-06-08T16:35:33Z</time></trkpt>
<trkpt lat="45.373685" lon="-75.829133"><ele>23.0</ele><time>2024-06-08T16:35:34Z</time></trkpt>
<trkpt lat="45.373698" lon="-75.829133"><ele>23.0</ele><time>2024-06-08T16:35:35Z</time></trkpt>
<trkpt lat="45.37371" lon="-75.829142"><ele>23.0</ele><time>2024-06-08T16:35:36Z</time></trkpt>
<trkpt lat="45.373723" lon="-75.829151"><ele>23.0</ele><time>2024-06-08T16:35:37Z</time></trkpt>
<trkpt lat="45.373736" lon="-75.829151"><ele>24.0</ele><time>2024-06-08T16:35:38Z</time></trkpt>
<trkpt lat="45.373748" lon="-75.82916"><ele>23.0</ele><time>2024-06-08T16:35:39Z</time></trkpt>
<trkpt lat="45.373761" lon="-75.829169"><ele>23.0</ele><time>2024-06-08T16:35:40Z</time></trkpt>
<trkpt lat="45.373777" lon="-75.829178"><ele>24.0</ele><time>2024-06-08T16:35:41Z</time></trkpt>
<trkpt lat="45.37379" lon="-75.829178"><ele>24.0</ele><time>2024-06-08T16:35:42Z</time></trkpt>
<trkpt lat="45.373805" lon="-75.829178"><ele>24.0</ele><time>2024-06-08T16:35:43Z</time></trkpt>
<trkpt lat="45.373818" lon="-75.829187"><ele>24.0</ele><time>2024-06-08T16:35:44Z</time></trkpt>
<trkpt lat="45.373837" lon="-75.829196"><ele>24.0</ele><time>2024-06-08T16:35:45Z</time></trkpt>
<trkpt lat="45.373856" lon="-75.829205"><ele>24.0</ele><time>2024-06-08T16:35:46Z</time></trkpt>
<trkpt lat="45.373869" lon="-75.829214"><ele>24.0</ele><time>2024-06-08T16:35:47Z</time></trkpt>
<trkpt lat="45.373885" lon="-75.829214"><ele>24.0</ele><time>2024-06-08T16:35:48Z</time></trkpt>
<trkpt lat="45.373897" lon="-75.829223"><ele>24.0</ele><time>2024-06-08T16:35:49Z</time></trkpt>
<trkpt lat="45.37391" lon="-75.829232"><ele>24.0</ele><time>2024-06-08T16:35:50Z</time></trkpt>
<trkpt lat="45.373919" lon="-75.829241"><ele>24.0</ele><time>2024-06-08T16:35:51Z</time></trkpt>
<trkpt lat="45.373929" lon="-75.829249"><ele>24.0</ele><time>2024-06-08T16:35:52Z</time></trkpt>
<trkpt lat="45.373938" lon="-75.829258"><ele>23.0</ele><time>2024-06-08T16:35:53Z</time></trkpt>
<trkpt lat="45.373954" lon="-75.829267"><ele>23.0</ele><time>2024-06-08T16:35:54Z</time></trkpt>
<trkpt lat="45.373967" lon="-75.829276"><ele>23.0</ele><time>2024-06-08T16:35:55Z</time></trkpt>
<trkpt lat="45.37398" lon="-75.829285"><ele>23.0</ele><time>2024-06-08T16:35:56Z</time></trkpt>
<trkpt lat="45.373995" lon="-75.829294"><ele>23.0</ele><time>2024-06-08T16:35:57Z</time></trkpt>
<trkpt lat="45.374008" lon="-75.829303"><ele>23.0</ele><time>2024-06-08T16:35:58Z</time></trkpt>
<trkpt lat="45.374021" lon="-75.829312"><ele>23.0</ele><time>2024-06-08T16:35:59Z</time></trkpt>
<trkpt lat="45.374037" lon="-75.829321"><ele>24.0</ele><time>2024-06-08T16:36:00Z</time></trkpt>
<trkpt lat="45.374049" lon="-75.82933"><ele>24.0</ele><time>2024-06-08T16:36:01Z</time></trkpt>
<trkpt lat="45.374065" lon="-75.829339"><ele>24.0</ele><time>2024-06-08T16:36:02Z</time></trkpt>
<trkpt lat="45.374078" lon="-75.829348"><ele>24.0</ele><time>2024-06-08T16:36:03Z</time></trkpt>
<trkpt lat="45.374094" lon="-75.829357"><ele>24.0</ele><time>2024-06-08T16:36:04Z</time></trkpt>
<trkpt lat="45.374109" lon="-75.829366"><ele>24.0</ele><time>2024-06-08T16:36:05Z</time></trkpt>
<trkpt lat="45.374125" lon="-75.829366"><ele>24.0</ele><time>2024-06-08T16:36:06Z</time></trkpt>
<trkpt lat="45.374141" lon="-75.829375"><ele>24.0</ele><time>2024-06-08T16:36:07Z</time></trkpt>
<trkpt lat="45.374157" lon="-75.829384"><ele>24.0</ele><time>2024-06-08T16:36:08Z</time></trkpt>
<trkpt lat="45.374173" lon="-75.829393"><ele>24.0</ele><time>2024-06-08T16:36:09Z</time></trkpt>
<trkpt lat="45.374192" lon="-75.829402"><ele>24.0</ele><time>2024-06-08T16:36:10Z</time></trkpt>
<trkpt lat="45.374207" lon="-75.829411"><ele>24.0</ele><time>2024-06-08T16:36:11Z</time></trkpt>
<trkpt lat="45.374223" lon="-75.82942"><ele>24.0</ele><time>2024-06-08T16:36:12Z</time></trkpt>
<trkpt lat="45.374239" lon="-75.82942"><ele>24.0</ele><time>2024-06-08T16:36:13Z</time></trkpt>
<trkpt lat="45.374255" lon="-75.829429"><ele>24.0</ele><time>2024-06-08T16:36:14Z</time></trkpt>
<trkpt lat="45.374271" lon="-75.829438"><ele>24.0</ele><time>2024-06-08T16:36:15Z</time></trkpt>
<trkpt lat="45.374287" lon="-75.829447"><ele>24.0</ele><time>2024-06-08T16:36:16Z</time></trkpt>
<trkpt lat="45.374302" lon="-75.829456"><ele>24.0</ele><time>2024-06-08T16:36:17Z</time></trkpt>
<trkpt lat="45.374318" lon="-75.829456"><ele>24.0</ele><time>2024-06-08T16:36:18Z</time></trkpt>
<trkpt lat="45.374334" lon="-75.829465"><ele>24.0</ele><time>2024-06-08T16:36:19Z</time></trkpt>
<trkpt lat="45.37435" lon="-75.829474"><ele>24.0</ele><time>2024-06-08T16:36:20Z</time></trkpt>
<trkpt lat="45.374366" lon="-75.829474"><ele>24.0</ele><time>2024-06-08T16:36:21Z</time></trkpt>
<trkpt lat="45.374382" lon="-75.829483"><ele>24.0</ele><time>2024-06-08T16:36:22Z</time></trkpt>
<trkpt lat="45.374397" lon="-75.829492"><ele>24.0</ele><time>2024-06-08T16:36:23Z</time></trkpt>
<trkpt lat="45.374413" lon="-75.829492"><ele>25.0</ele><time>2024-06-08T16:36:24Z</time></trkpt>
<trkpt lat="45.374429" lon="-75.829501"><ele>24.0</ele><time>2024-06-08T16:36:25Z</time></trkpt>
<trkpt lat="45.374442" lon="-75.829501"><ele>25.0</ele><time>2024-06-08T16:36:26Z</time></trkpt>
<trkpt lat="45.374458" lon="-75.82951"><ele>25.0</ele><time>2024-06-08T16:36:27Z</time></trkpt>
<trkpt lat="45.374473" lon="-75.829519"><ele>25.0</ele><time>2024-06-08T16:36:28Z</time></trkpt>
<trkpt lat="45.374492" lon="-75.829528"><ele>25.0</ele><time>2024-06-08T16:36:29Z</time></trkpt>
<trkpt lat="45.374508" lon="-75.829537"><ele>25.0</ele><time>2024-06-08T16:36:30Z</time></trkpt>
<trkpt lat="45.374524" lon="-75.829546"><ele>25.0</ele><time>2024-06-08T16:36:31Z</time></trkpt>
<trkpt lat="45.37454" lon="-75.829555"><ele>25.0</ele><time>2024-06-08T16:36:32Z</time></trkpt>
<trkpt lat="45.374556" lon="-75.829555"><ele>24.0</ele><time>2024-06-08T16:36:33Z</time></trkpt>
<trkpt lat="45.374568" lon="-75.829564"><ele>24.0</ele><time>2024-06-08T16:36:34Z</time></trkpt>
<trkpt lat="45.374587" lon="-75.829564"><ele>24.0</ele><time>2024-06-08T16:36:35Z</time></trkpt>
<trkpt lat="45.374603" lon="-75.829573"><ele>25.0</ele><time>2024-06-08T16:36:36Z</time></trkpt>
<trkpt lat="45.374616" lon="-75.829582"><ele>24.0</ele><time>2024-06-08T16:36:37Z</time></trkpt>
<trkpt lat="45.374629" lon="-75.829591"><ele>24.0</ele><time>2024-06-08T16:36:38Z</time></trkpt>
<trkpt lat="45.374641" lon="-75.8296"><ele>24.0</ele><time>2024-06-08T16:36:39Z</time></trkpt>
<trkpt lat="45.374654" lon="-75.829618"><ele>24.0</ele><time>2024-06-08T16:36:40Z</time></trkpt>
<trkpt lat="45.374663" lon="-75.829636"><ele>24.0</ele><time>2024-06-08T16:36:41Z</time></trkpt>
<trkpt lat="45.374676" lon="-75.829645"><ele>24.0</ele><time>2024-06-08T16:36:42Z</time></trkpt>
<trkpt lat="45.374689" lon="-75.829654"><ele>25.0</ele><time>2024-06-08T16:36:43Z</time></trkpt>
<trkpt lat="45.374701" lon="-75.829672"><ele>25.0</ele><time>2024-06-08T16:36:44Z</time></trkpt>
<trkpt lat="45.374714" lon="-75.829681"><ele>25.0</ele><time>2024-06-08T16:36:45Z</time></trkpt>
<trkpt lat="45.374727" lon="-75.82969"><ele>25.0</ele><time>2024-06-08T16:36:46Z</time></trkpt>
<trkpt lat="45.374742" lon="-75.829708"><ele>25.0</ele><time>2024-06-08T16:36:47Z</time></trkpt>
<trkpt lat="45.374755" lon="-75.829717"><ele>25.0</ele><time>2024-06-08T16:36:48Z</time></trkpt>
<trkpt lat="45.374768" lon="-75.829726"><ele>25.0</ele><time>2024-06-08T16:36:49Z</time></trkpt>
<trkpt lat="45.374784" lon="-75.829735"><ele>25.0</ele><time>2024-06-08T16:36:50Z</time></trkpt>
<trkpt lat="45.374796" lon="-75.829744"><ele>25.0</ele><time>2024-06-08T16:36:51Z</time></trkpt>
<trkpt lat="45.374809" lon="-75.829762"><ele>25.0</ele><time>2024-06-08T16:36:52Z</time></trkpt>
<trkpt lat="45.374825" lon="-75.82977"><ele>25.0</ele><time>2024-06-08T16:36:53Z</time></trkpt>
<trkpt lat="45.374837" lon="-75.829779"><ele>25.0</ele><time>2024-06-08T16:36:54Z</time></trkpt>
<trkpt lat="45.374853" lon="-75.829797"><ele>25.0</ele><time>2024-06-08T16:36:55Z</time></trkpt>
<trkpt lat="45.374866" lon="-75.829806"><ele>25.0</ele><time>2024-06-08T16:36:56Z</time></trkpt>
<trkpt lat="45.374879" lon="-75.829824"><ele>25.0</ele><time>2024-06-08T16:36:57Z</time></trkpt>
<trkpt lat="45.374894" lon="-75.829833"><ele>25.0</ele><time>2024-06-08T16:36:58Z</time></trkpt>
<trkpt lat="45.37491" lon="-75.829842"><ele>25.0</ele><time>2024-06-08T16:36:59Z</time></trkpt>
<trkpt lat="45.374923" lon="-75.82986"><ele>25.0</ele><time>2024-06-08T16:37:00Z</time></trkpt>
<trkpt lat="45.374939" lon="-75.829869"><ele>25.0</ele><time>2024-06-08T16:37:01Z</time></trkpt>
<trkpt lat="45.374955" lon="-75.829887"><ele>25.0</ele><time>2024-06-08T16:37:02Z</time></trkpt>
<trkpt lat="45.374967" lon="-75.829896"><ele>25.0</ele><time>2024-06-08T16:37:03Z</time></trkpt>
<trkpt lat="45.374983" lon="-75.829914"><ele>25.0</ele><time>2024-06-08T16:37:04Z</time></trkpt>
<trkpt lat="45.374999" lon="-75.829923"><ele>25.0</ele><time>2024-06-08T16:37:05Z</time></trkpt>
<trkpt lat="45.375015" lon="-75.829941"><ele>25.0</ele><time>2024-06-08T16:37:06Z</time></trkpt>
<trkpt lat="45.375031" lon="-75.829959"><ele>25.0</ele><time>2024-06-08T16:37:07Z</time></trkpt>
<trkpt lat="45.37505" lon="-75.829968"><ele>25.0</ele><time>2024-06-08T16:37:08Z</time></trkpt>
<trkpt lat="45.375069" lon="-75.829986"><ele>25.0</ele><time>2024-06-08T16:37:09Z</time></trkpt>
<trkpt lat="45.375081" lon="-75.829995"><ele>25.0</ele><time>2024-06-08T16:37:10Z</time></trkpt>
<trkpt lat="45.375097" lon="-75.830004"><ele>25.0</ele><time>2024-06-08T16:37:11Z</time></trkpt>
<trkpt lat="45.375113" lon="-75.830022"><ele>25.0</ele><time>2024-06-08T16:37:12Z</time></trkpt>
<trkpt lat="45.375126" lon="-75.83004"><ele>24.0</ele><time>2024-06-08T16:37:13Z</time></trkpt>
<trkpt lat="45.375141" lon="-75.830058"><ele>24.0</ele><time>2024-06-08T16:37:14Z</time></trkpt>
<trkpt lat="45.375154" lon="-75.830067"><ele>24.0</ele><time>2024-06-08T16:37:15Z</time></trkpt>
<trkpt lat="45.37517" lon="-75.830076"><ele>24.0</ele><time>2024-06-08T16:37:16Z</time></trkpt>
<trkpt lat="45.375189" lon="-75.830085"><ele>24.0</ele><time>2024-06-08T16:37:17Z</time></trkpt>
<trkpt lat="45.375205" lon="-75.830103"><ele>24.0</ele><time>2024-06-08T16:37:18Z</time></trkpt>
<trkpt lat="45.375224" lon="-75.830112"><ele>24.0</ele><time>2024-06-08T16:37:19Z</time></trkpt>
<trkpt lat="45.375236" lon="-75.830121"><ele>24.0</ele><time>2024-06-08T16:37:20Z</time></trkpt>
<trkpt lat="45.375249" lon="-75.830139"><ele>24.0</ele><time>2024-06-08T16:37:21Z</time></trkpt>
<trkpt lat="45.375262" lon="-75.830157"><ele>24.0</ele><time>2024-06-08T16:37:22Z</time></trkpt>
<trkpt lat="45.375271" lon="-75.830184"><ele>24.0</ele><time>2024-06-08T16:37:23Z</time></trkpt>
<trkpt lat="45.375281" lon="-75.830193"><ele>24.0</ele><time>2024-06-08T16:37:24Z</time></trkpt>
<trkpt lat="45.375293" lon="-75.830211"><ele>24.0</ele><time>2024-06-08T16:37:25Z</time></trkpt>
<trkpt lat="45.375309" lon="-75.830229"><ele>24.0</ele><time>2024-06-08T16:37:26Z</time></trkpt>
<trkpt lat="45.375322" lon="-75.830238"><ele>24.0</ele><time>2024-06-08T16:37:27Z</time></trkpt>
<trkpt lat="45.375338" lon="-75.830247"><ele>24.0</ele><time>2024-06-08T16:37:28Z</time></trkpt>
<trkpt lat="45.375353" lon="-75.830265"><ele>24.0</ele><time>2024-06-08T16:37:29Z</time></trkpt>
<trkpt lat="45.375369" lon="-75.830274"><ele>24.0</ele><time>2024-06-08T16:37:30Z</time></trkpt>
<trkpt lat="45.375388" lon="-75.830283"><ele>24.0</ele><time>2024-06-08T16:37:31Z</time></trkpt>
<trkpt lat="45.375404" lon="-75.8303"><ele>24.0</ele><time>2024-06-08T16:37:32Z</time></trkpt>
<trkpt lat="45.37542" lon="-75.830309"><ele>24.0</ele><time>2024-06-08T16:37:33Z</time></trkpt>
<trkpt lat="45.375439" lon="-75.830327"><ele>24.0</ele><time>2024-06-08T16:37:34Z</time></trkpt>
<trkpt lat="45.375461" lon="-75.830336"><ele>24.0</ele><time>2024-06-08T16:37:35Z</time></trkpt>
<trkpt lat="45.37548" lon="-75.830345"><ele>24.0</ele><time>2024-06-08T16:37:36Z</time></trkpt>
<trkpt lat="45.375496" lon="-75.830363"><ele>24.0</ele><time>2024-06-08T16:37:37Z</time></trkpt>
<trkpt lat="45.375509" lon="-75.830381"><ele>24.0</ele><time>2024-06-08T16:37:38Z</time></trkpt>
<trkpt lat="45.375512" lon="-75.830399"><ele>24.0</ele><time>2024-06-08T16:37:39Z</time></trkpt>
<trkpt lat="45.375515" lon="-75.830417"><ele>23.0</ele><time>2024-06-08T16:37:40Z</time></trkpt>
<trkpt lat="45.375515" lon="-75.830435"><ele>23.0</ele><time>2024-06-08T16:37:41Z</time></trkpt>
<trkpt lat="45.375512" lon="-75.830453"><ele>24.0</ele><time>2024-06-08T16:37:42Z</time></trkpt>
<trkpt lat="45.375505" lon="-75.830462"><ele>24.0</ele><time>2024-06-08T16:37:43Z</time></trkpt>
<trkpt lat="45.375493" lon="-75.830471"><ele>24.0</ele><time>2024-06-08T16:37:44Z</time></trkpt>
<trkpt lat="45.37548" lon="-75.83048"><ele>23.0</ele><time>2024-06-08T16:37:45Z</time></trkpt>
<trkpt lat="45.375464" lon="-75.830471"><ele>24.0</ele><time>2024-06-08T16:37:46Z</time></trkpt>
<trkpt lat="45.375448" lon="-75.830462"><ele>23.0</ele><time>2024-06-08T16:37:47Z</time></trkpt>
<trkpt lat="45.375433" lon="-75.830453"><ele>23.0</ele><time>2024-06-08T16:37:48Z</time></trkpt>
<trkpt lat="45.375417" lon="-75.830435"><ele>23.0</ele><time>2024-06-08T16:37:49Z</time></trkpt>
<trkpt lat="45.375404" lon="-75.830417"><ele>23.0</ele><time>2024-06-08T16:37:50Z</time></trkpt>
<trkpt lat="45.375388" lon="-75.830399"><ele>23.0</ele><time>2024-06-08T16:37:51Z</time></trkpt>
<trkpt lat="45.375379" lon="-75.830372"><ele>23.0</ele><time>2024-06-08T16:37:52Z</time></trkpt>
<trkpt lat="45.375369" lon="-75.830345"><ele>24.0</ele><time>2024-06-08T16:37:53Z</time></trkpt>
<trkpt lat="45.375366" lon="-75.830318"><ele>24.0</ele><time>2024-06-08T16:37:54Z</time></trkpt>
<trkpt lat="45.375366" lon="-75.830291"><ele>24.0</ele><time>2024-06-08T16:37:55Z</time></trkpt>
<trkpt lat="45.375369" lon="-75.830265"><ele>24.0</ele><time>2024-06-08T16:37:56Z</time></trkpt>
<trkpt lat="45.375372" lon="-75.830247"><ele>24.0</ele><time>2024-06-08T16:37:57Z</time></trkpt>
<trkpt lat="45.375372" lon="-75.83022"><ele>24.0</ele><time>2024-06-08T16:37:58Z</time></trkpt>
<trkpt lat="45.375366" lon="-75.830184"><ele>24.0</ele><time>2024-06-08T16:37:59Z</time></trkpt>
<trkpt lat="45.375353" lon="-75.830166"><ele>24.0</ele><time>2024-06-08T16:38:00Z</time></trkpt>
<trkpt lat="45.375341" lon="-75.830148"><ele>24.0</ele><time>2024-06-08T16:38:01Z</time></trkpt>
<trkpt lat="45.375322" lon="-75.83013"><ele>24.0</ele><time>2024-06-08T16:38:02Z</time></trkpt>
<trkpt lat="45.375303" lon="-75.830121"><ele>24.0</ele><time>2024-06-08T16:38:03Z</time></trkpt>
<trkpt lat="45.375284" lon="-75.830121"><ele>24.0</ele><time>2024-06-08T16:38:04Z</time></trkpt>
<trkpt lat="45.375262" lon="-75.830112"><ele>24.0</ele><time>2024-06-08T16:38:05Z</time></trkpt>
<trkpt lat="45.375243" lon="-75.830112"><ele>24.0</ele><time>2024-06-08T16:38:06Z</time></trkpt>
<trkpt lat="45.37522" lon="-75.830112"><ele>24.0</ele><time>2024-06-08T16:38:07Z</time></trkpt>
<trkpt lat="45.375198" lon="-75.830121"><ele>24.0</ele><time>2024-06-08T16:38:08Z</time></trkpt>
<trkpt lat="45.375179" lon="-75.83013"><ele>24.0</ele><time>2024-06-08T16:38:09Z</time></trkpt>
<trkpt lat="45.37516" lon="-75.830139"><ele>24.0</ele><time>2024-06-08T16:38:10Z</time></trkpt>
<trkpt lat="45.375138" lon="-75.830148"><ele>24.0</ele><time>2024-06-08T16:38:11Z</time></trkpt>
<trkpt lat="45.375119" lon="-75.830157"><ele>24.0</ele><time>2024-06-08T16:38:12Z</time></trkpt>
<trkpt lat="45.375097" lon="-75.830166"><ele>24.0</ele><time>2024-06-08T16:38:13Z</time></trkpt>
<trkpt lat="45.375075" lon="-75.830175"><ele>24.0</ele><time>2024-06-08T16:38:14Z</time></trkpt>
<trkpt lat="45.375056" lon="-75.830184"><ele>25.0</ele><time>2024-06-08T16:38:15Z</time></trkpt>
<trkpt lat="45.375037" lon="-75.830202"><ele>25.0</ele><time>2024-06-08T16:38:16Z</time></trkpt>
<trkpt lat="45.375015" lon="-75.830211"><ele>25.0</ele><time>2024-06-08T16:38:17Z</time></trkpt>
<trkpt lat="45.374993" lon="-75.83022"><ele>25.0</ele><time>2024-06-08T16:38:18Z</time></trkpt>
<trkpt lat="45.37497" lon="-75.830229"><ele>25.0</ele><time>2024-06-08T16:38:19Z</time></trkpt>
<trkpt lat="45.374948" lon="-75.830238"><ele>25.0</ele><time>2024-06-08T16:38:20Z</time></trkpt>
<trkpt lat="45.374926" lon="-75.830247"><ele>25.0</ele><time>2024-06-08T16:38:21Z</time></trkpt>
<trkpt lat="45.374904" lon="-75.830265"><ele>25.0</ele><time>2024-06-08T16:38:22Z</time></trkpt>
<trkpt lat="45.374882" lon="-75.830283"><ele>25.0</ele><time>2024-06-08T16:38:23Z</time></trkpt>
<trkpt lat="45.37486" lon="-75.8303"><ele>26.0</ele><time>2024-06-08T16:38:24Z</time></trkpt>
<trkpt lat="45.374837" lon="-75.830318"><ele>26.0</ele><time>2024-06-08T16:38:25Z</time></trkpt>
<trkpt lat="45.374818" lon="-75.830336"><ele>26.0</ele><time>2024-06-08T16:38:26Z</time></trkpt>
<trkpt lat="45.374803" lon="-75.830363"><ele>25.0</ele><time>2024-06-08T16:38:27Z</time></trkpt>
<trkpt lat="45.374787" lon="-75.830381"><ele>25.0</ele><time>2024-06-08T16:38:28Z</time></trkpt>
<trkpt lat="45.374768" lon="-75.830399"><ele>25.0</ele><time>2024-06-08T16:38:29Z</time></trkpt>
<trkpt lat="45.374749" lon="-75.830417"><ele>25.0</ele><time>2024-06-08T16:38:30Z</time></trkpt>
<trkpt lat="45.37473" lon="-75.830435"><ele>25.0</ele><time>2024-06-08T16:38:31Z</time></trkpt>
<trkpt lat="45.374708" lon="-75.830444"><ele>25.0</ele><time>2024-06-08T16:38:32Z</time></trkpt>
<trkpt lat="45.374682" lon="-75.830453"><ele>25.0</ele><time>2024-06-08T16:38:33Z</time></trkpt>
<trkpt lat="45.374657" lon="-75.830462"><ele>25.0</ele><time>2024-06-08T16:38:34Z</time></trkpt>
<trkpt lat="45.374632" lon="-75.830471"><ele>25.0</ele><time>2024-06-08T16:38:35Z</time></trkpt>
<trkpt lat="45.3746" lon="-75.830471"><ele>25.0</ele><time>2024-06-08T16:38:36Z</time></trkpt>
<trkpt lat="45.374572" lon="-75.830471"><ele>25.0</ele><time>2024-06-08T16:38:37Z</time></trkpt>
<trkpt lat="45.374543" lon="-75.830471"><ele>25.0</ele><time>2024-06-08T16:38:38Z</time></trkpt>
<trkpt lat="45.374511" lon="-75.830462"><ele>25.0</ele><time>2024-06-08T16:38:39Z</time></trkpt>
<trkpt lat="45.374483" lon="-75.830444"><ele>25.0</ele><time>2024-06-08T16:38:40Z</time></trkpt>
<trkpt lat="45.374454" lon="-75.830435"><ele>25.0</ele><time>2024-06-08T16:38:41Z</time></trkpt>
<trkpt lat="45.374426" lon="-75.830426"><ele>25.0</ele><time>2024-06-08T16:38:42Z</time></trkpt>
<trkpt lat="45.374397" lon="-75.830417"><ele>25.0</ele><time>2024-06-08T16:38:43Z</time></trkpt>
<trkpt lat="45.374369" lon="-75.830408"><ele>25.0</ele><time>2024-06-08T16:38:44Z</time></trkpt>
<trkpt lat="45.37434" lon="-75.830399"><ele>25.0</ele><time>2024-06-08T16:38:45Z</time></trkpt>
<trkpt lat="45.374312" lon="-75.830381"><ele>25.0</ele><time>2024-06-08T16:38:46Z</time></trkpt>
<trkpt lat="45.374283" lon="-75.830372"><ele>25.0</ele><time>2024-06-08T16:38:47Z</time></trkpt>
<trkpt lat="45.374258" lon="-75.830363"><ele>25.0</ele><time>2024-06-08T16:38:48Z</time></trkpt>
<trkpt lat="45.374233" lon="-75.830345"><ele>25.0</ele><time>2024-06-08T16:38:49Z</time></trkpt>
<trkpt lat="45.374204" lon="-75.830336"><ele>25.0</ele><time>2024-06-08T16:38:50Z</time></trkpt>
<trkpt lat="45.374179" lon="-75.830336"><ele>25.0</ele><time>2024-06-08T16:38:51Z</time></trkpt>
<trkpt lat="45.374151" lon="-75.830345"><ele>25.0</ele><time>2024-06-08T16:38:52Z</time></trkpt>
<trkpt lat="45.374122" lon="-75.830354"><ele>25.0</ele><time>2024-06-08T16:38:53Z</time></trkpt>
<trkpt lat="45.374097" lon="-75.830354"><ele>25.0</ele><time>2024-06-08T16:38:54Z</time></trkpt>
<trkpt lat="45.374068" lon="-75.830354"><ele>25.0</ele><time>2024-06-08T16:38:55Z</time></trkpt>
<trkpt lat="45.374043" lon="-75.830363"><ele>25.0</ele><time>2024-06-08T16:38:56Z</time></trkpt>
<trkpt lat="45.374014" lon="-75.830372"><ele>25.0</ele><time>2024-06-08T16:38:57Z</time></trkpt>
<trkpt lat="45.373986" lon="-75.830372"><ele>25.0</ele><time>2024-06-08T16:38:58Z</time></trkpt>
<trkpt lat="45.373957" lon="-75.830363"><ele>25.0</ele><time>2024-06-08T16:38:59Z</time></trkpt>
<trkpt lat="45.373929" lon="-75.830363"><ele>25.0</ele><time>2024-06-08T16:39:00Z</time></trkpt>
<trkpt lat="45.373904" lon="-75.830363"><ele>25.0</ele><time>2024-06-08T16:39:01Z</time></trkpt>
<trkpt lat="45.373875" lon="-75.830372"><ele>25.0</ele><time>2024-06-08T16:39:02Z</time></trkpt>
<trkpt lat="45.37385" lon="-75.830381"><ele>25.0</ele><time>2024-06-08T16:39:03Z</time></trkpt>
<trkpt lat="45.373821" lon="-75.830381"><ele>25.0</ele><time>2024-06-08T16:39:04Z</time></trkpt>
<trkpt lat="45.373793" lon="-75.83039"><ele>25.0</ele><time>2024-06-08T16:39:05Z</time></trkpt>
<trkpt lat="45.373767" lon="-75.83039"><ele>25.0</ele><time>2024-06-08T16:39:06Z</time></trkpt>
<trkpt lat="45.373739" lon="-75.830399"><ele>25.0</ele><time>2024-06-08T16:39:07Z</time></trkpt>
<trkpt lat="45.37371" lon="-75.830399"><ele>25.0</ele><time>2024-06-08T16:39:08Z</time></trkpt>
<trkpt lat="45.373682" lon="-75.830399"><ele>25.0</ele><time>2024-06-08T16:39:09Z</time></trkpt>
<trkpt lat="45.373657" lon="-75.830408"><ele>25.0</ele><time>2024-06-08T16:39:10Z</time></trkpt>
<trkpt lat="45.373628" lon="-75.830408"><ele>25.0</ele><time>2024-06-08T16:39:11Z</time></trkpt>
<trkpt lat="45.3736" lon="-75.830408"><ele>25.0</ele><time>2024-06-08T16:39:12Z</time></trkpt>
<trkpt lat="45.373571" lon="-75.830408"><ele>25.0</ele><time>2024-06-08T16:39:13Z</time></trkpt>
<trkpt lat="45.373546" lon="-75.830417"><ele>25.0</ele><time>2024-06-08T16:39:14Z</time></trkpt>
<trkpt lat="45.373517" lon="-75.830417"><ele>25.0</ele><time>2024-06-08T16:39:15Z</time></trkpt>
<trkpt lat="45.373492" lon="-75.830426"><ele>25.0</ele><time>2024-06-08T16:39:16Z</time></trkpt>
<trkpt lat="45.373464" lon="-75.830435"><ele>25.0</ele><time>2024-06-08T16:39:17Z</time></trkpt>
<trkpt lat="45.373438" lon="-75.830435"><ele>25.0</ele><time>2024-06-08T16:39:18Z</time></trkpt>
<trkpt lat="45.37341" lon="-75.830435"><ele>25.0</ele><time>2024-06-08T16:39:19Z</time></trkpt>
<trkpt lat="45.373378" lon="-75.830435"><ele>25.0</ele><time>2024-06-08T16:39:20Z</time></trkpt>
<trkpt lat="45.37335" lon="-75.830435"><ele>25.0</ele><time>2024-06-08T16:39:21Z</time></trkpt>
<trkpt lat="45.373318" lon="-75.830426"><ele>24.0</ele><time>2024-06-08T16:39:22Z</time></trkpt>
<trkpt lat="45.373289" lon="-75.830399"><ele>24.0</ele><time>2024-06-08T16:39:23Z</time></trkpt>
<trkpt lat="45.373264" lon="-75.830381"><ele>24.0</ele><time>2024-06-08T16:39:24Z</time></trkpt>
<trkpt lat="45.373239" lon="-75.830363"><ele>24.0</ele><time>2024-06-08T16:39:25Z</time></trkpt>
<trkpt lat="45.373213" lon="-75.830345"><ele>24.0</ele><time>2024-06-08T16:39:26Z</time></trkpt>
<trkpt lat="45.373188" lon="-75.830327"><ele>24.0</ele><time>2024-06-08T16:39:27Z</time></trkpt>
<trkpt lat="45.37316" lon="-75.830318"><ele>24.0</ele><time>2024-06-08T16:39:28Z</time></trkpt>
<trkpt lat="45.373128" lon="-75.830309"><ele>24.0</ele><time>2024-06-08T16:39:29Z</time></trkpt>
<trkpt lat="45.3731" lon="-75.8303"><ele>24.0</ele><time>2024-06-08T16:39:30Z</time></trkpt>
<trkpt lat="45.373071" lon="-75.830291"><ele>24.0</ele><time>2024-06-08T16:39:31Z</time></trkpt>
<trkpt lat="45.373043" lon="-75.830274"><ele>24.0</ele><time>2024-06-08T16:39:32Z</time></trkpt>
<trkpt lat="45.373014" lon="-75.830256"><ele>24.0</ele><time>2024-06-08T16:39:33Z</time></trkpt>
<trkpt lat="45.372982" lon="-75.830238"><ele>24.0</ele><time>2024-06-08T16:39:34Z</time></trkpt>
<trkpt lat="45.372951" lon="-75.83022"><ele>24.0</ele><time>2024-06-08T16:39:35Z</time></trkpt>
<trkpt lat="45.372922" lon="-75.830202"><ele>24.0</ele><time>2024-06-08T16:39:36Z</time></trkpt>
<trkpt lat="45.372897" lon="-75.830184"><ele>24.0</ele><time>2024-06-08T16:39:37Z</time></trkpt>
<trkpt lat="45.372868" lon="-75.830175"><ele>23.0</ele><time>2024-06-08T16:39:38Z</time></trkpt>
<trkpt lat="45.37284" lon="-75.830157"><ele>23.0</ele><time>2024-06-08T16:39:39Z</time></trkpt>
<trkpt lat="45.372811" lon="-75.830148"><ele>23.0</ele><time>2024-06-08T16:39:40Z</time></trkpt>
<trkpt lat="45.372783" lon="-75.830148"><ele>23.0</ele><time>2024-06-08T16:39:41Z</time></trkpt>
<trkpt lat="45.372754" lon="-75.83013"><ele>23.0</ele><time>2024-06-08T16:39:42Z</time></trkpt>
<trkpt lat="45.372726" lon="-75.83013"><ele>23.0</ele><time>2024-06-08T16:39:43Z</time></trkpt>
<trkpt lat="45.372697" lon="-75.830121"><ele>23.0</ele><time>2024-06-08T16:39:44Z</time></trkpt>
<trkpt lat="45.372666" lon="-75.830112"><ele>23.0</ele><time>2024-06-08T16:39:45Z</time></trkpt>
<trkpt lat="45.372637" lon="-75.830103"><ele>23.0</ele><time>2024-06-08T16:39:46Z</time></trkpt>
<trkpt lat="45.372609" lon="-75.830094"><ele>23.0</ele><time>2024-06-08T16:39:47Z</time></trkpt>
<trkpt lat="45.37258" lon="-75.830085"><ele>23.0</ele><time>2024-06-08T16:39:48Z</time></trkpt>
<trkpt lat="45.372555" lon="-75.830076"><ele>24.0</ele><time>2024-06-08T16:39:49Z</time></trkpt>
<trkpt lat="45.372527" lon="-75.830067"><ele>24.0</ele><time>2024-06-08T16:39:50Z</time></trkpt>
<trkpt lat="45.372498" lon="-75.830067"><ele>24.0</ele><time>2024-06-08T16:39:51Z</time></trkpt>
<trkpt lat="45.37247" lon="-75.830058"><ele>24.0</ele><time>2024-06-08T16:39:52Z</time></trkpt>
<trkpt lat="45.372441" lon="-75.830058"><ele>24.0</ele><time>2024-06-08T16:39:53Z</time></trkpt>
<trkpt lat="45.372409" lon="-75.830049"><ele>24.0</ele><time>2024-06-08T16:39:54Z</time></trkpt>
<trkpt lat="45.372381" lon="-75.83004"><ele>24.0</ele><time>2024-06-08T16:39:55Z</time></trkpt>
<trkpt lat="45.372352" lon="-75.830031"><ele>24.0</ele><time>2024-06-08T16:39:56Z</time></trkpt>
<trkpt lat="45.372324" lon="-75.830022"><ele>24.0</ele><time>2024-06-08T16:39:57Z</time></trkpt>
<trkpt lat="45.372295" lon="-75.830013"><ele>24.0</ele><time>2024-06-08T16:39:58Z</time></trkpt>
<trkpt lat="45.372267" lon="-75.830004"><ele>24.0</ele><time>2024-06-08T16:39:59Z</time></trkpt>
<trkpt lat="45.372242" lon="-75.829986"><ele>24.0</ele><time>2024-06-08T16:40:00Z</time></trkpt>
<trkpt lat="45.372213" lon="-75.829977"><ele>24.0</ele><time>2024-06-08T16:40:01Z</time></trkpt>
<trkpt lat="45.372185" lon="-75.829959"><ele>24.0</ele><time>2024-06-08T16:40:02Z</time></trkpt>
<trkpt lat="45.372159" lon="-75.82995"><ele>24.0</ele><time>2024-06-08T16:40:03Z</time></trkpt>
<trkpt lat="45.372131" lon="-75.829932"><ele>24.0</ele><time>2024-06-08T16:40:04Z</time></trkpt>
<trkpt lat="45.372105" lon="-75.829923"><ele>24.0</ele><time>2024-06-08T16:40:05Z</time></trkpt>
<trkpt lat="45.37208" lon="-75.829905"><ele>24.0</ele><time>2024-06-08T16:40:06Z</time></trkpt>
<trkpt lat="45.372052" lon="-75.829887"><ele>24.0</ele><time>2024-06-08T16:40:07Z</time></trkpt>
<trkpt lat="45.372023" lon="-75.829878"><ele>24.0</ele><time>2024-06-08T16:40:08Z</time></trkpt>
<trkpt lat="45.371995" lon="-75.829869"><ele>24.0</ele><time>2024-06-08T16:40:09Z</time></trkpt>
<trkpt lat="45.371966" lon="-75.82986"><ele>24.0</ele><time>2024-06-08T16:40:10Z</time></trkpt>
<trkpt lat="45.371941" lon="-75.829842"><ele>24.0</ele><time>2024-06-08T16:40:11Z</time></trkpt>
<trkpt lat="45.371912" lon="-75.829815"><ele>24.0</ele><time>2024-06-08T16:40:12Z</time></trkpt>
<trkpt lat="45.37189" lon="-75.829788"><ele>24.0</ele><time>2024-06-08T16:40:13Z</time></trkpt>
<trkpt lat="45.371868" lon="-75.829762"><ele>24.0</ele><time>2024-06-08T16:40:14Z</time></trkpt>
<trkpt lat="45.371846" lon="-75.829735"><ele>24.0</ele><time>2024-06-08T16:40:15Z</time></trkpt>
<trkpt lat="45.371821" lon="-75.829708"><ele>24.0</ele><time>2024-06-08T16:40:16Z</time></trkpt>
<trkpt lat="45.371795" lon="-75.82969"><ele>24.0</ele><time>2024-06-08T16:40:17Z</time></trkpt>
<trkpt lat="45.371767" lon="-75.829681"><ele>23.0</ele><time>2024-06-08T16:40:18Z</time></trkpt>
<trkpt lat="45.371741" lon="-75.829672"><ele>23.0</ele><time>2024-06-08T16:40:19Z</time></trkpt>
<trkpt lat="45.371713" lon="-75.829654"><ele>23.0</ele><time>2024-06-08T16:40:20Z</time></trkpt>
<trkpt lat="45.371688" lon="-75.829645"><ele>23.0</ele><time>2024-06-08T16:40:21Z</time></trkpt>
<trkpt lat="45.371659" lon="-75.829627"><ele>23.0</ele><time>2024-06-08T16:40:22Z</time></trkpt>
<trkpt lat="45.371631" lon="-75.829618"><ele>23.0</ele><time>2024-06-08T16:40:23Z</time></trkpt>
<trkpt lat="45.371605" lon="-75.8296"><ele>23.0</ele><time>2024-06-08T16:40:24Z</time></trkpt>
<trkpt lat="45.371577" lon="-75.829591"><ele>23.0</ele><time>2024-06-08T16:40:25Z</time></trkpt>
<trkpt lat="45.371548" lon="-75.829573"><ele>23.0</ele><time>2024-06-08T16:40:26Z</time></trkpt>
<trkpt lat="45.371523" lon="-75.829573"><ele>23.0</ele><time>2024-06-08T16:40:27Z</time></trkpt>
<trkpt lat="45.371498" lon="-75.829573"><ele>23.0</ele><time>2024-06-08T16:40:28Z</time></trkpt>
<trkpt lat="45.371469" lon="-75.829573"><ele>24.0</ele><time>2024-06-08T16:40:29Z</time></trkpt>
<trkpt lat="45.371441" lon="-75.829564"><ele>23.0</ele><time>2024-06-08T16:40:30Z</time></trkpt>
<trkpt lat="45.371415" lon="-75.829546"><ele>24.0</ele><time>2024-06-08T16:40:31Z</time></trkpt>
<trkpt lat="45.371387" lon="-75.829528"><ele>24.0</ele><time>2024-06-08T16:40:32Z</time></trkpt>
<trkpt lat="45.371362" lon="-75.82951"><ele>24.0</ele><time>2024-06-08T16:40:33Z</time></trkpt>
<trkpt lat="45.371333" lon="-75.829501"><ele>24.0</ele><time>2024-06-08T16:40:34Z</time></trkpt>
<trkpt lat="45.371305" lon="-75.829483"><ele>23.0</ele><time>2024-06-08T16:40:35Z</time></trkpt>
<trkpt lat="45.371279" lon="-75.829456"><ele>23.0</ele><time>2024-06-08T16:40:36Z</time></trkpt>
<trkpt lat="45.371257" lon="-75.829429"><ele>23.0</ele><time>2024-06-08T16:40:37Z</time></trkpt>
<trkpt lat="45.371238" lon="-75.829402"><ele>24.0</ele><time>2024-06-08T16:40:38Z</time></trkpt>
<trkpt lat="45.371216" lon="-75.829366"><ele>23.0</ele><time>2024-06-08T16:40:39Z</time></trkpt>
<trkpt lat="45.371191" lon="-75.829348"><ele>23.0</ele><time>2024-06-08T16:40:40Z</time></trkpt>
<trkpt lat="45.371165" lon="-75.82933"><ele>23.0</ele><time>2024-06-08T16:40:41Z</time></trkpt>
<trkpt lat="45.371137" lon="-75.829312"><ele>23.0</ele><time>2024-06-08T16:40:42Z</time></trkpt>
<trkpt lat="45.371111" lon="-75.829294"><ele>23.0</ele><time>2024-06-08T16:40:43Z</time></trkpt>
<trkpt lat="45.371086" lon="-75.829276"><ele>23.0</ele><time>2024-06-08T16:40:44Z</time></trkpt>
<trkpt lat="45.371061" lon="-75.829258"><ele>23.0</ele><time>2024-06-08T16:40:45Z</time></trkpt>
<trkpt lat="45.371035" lon="-75.829241"><ele>23.0</ele><time>2024-06-08T16:40:46Z</time></trkpt>
<trkpt lat="45.37101" lon="-75.829241"><ele>23.0</ele><time>2024-06-08T16:40:47Z</time></trkpt>
<trkpt lat="45.370982" lon="-75.829232"><ele>23.0</ele><time>2024-06-08T16:40:48Z</time></trkpt>
<trkpt lat="45.370956" lon="-75.829232"><ele>23.0</ele><time>2024-06-08T16:40:49Z</time></trkpt>
<trkpt lat="45.370931" lon="-75.829232"><ele>23.0</ele><time>2024-06-08T16:40:50Z</time></trkpt>
<trkpt lat="45.370906" lon="-75.829232"><ele>23.0</ele><time>2024-06-08T16:40:51Z</time></trkpt>
<trkpt lat="45.37088" lon="-75.829232"><ele>23.0</ele><time>2024-06-08T16:40:52Z</time></trkpt>
<trkpt lat="45.370855" lon="-75.829232"><ele>23.0</ele><time>2024-06-08T16:40:53Z</time></trkpt>
<trkpt lat="45.37083" lon="-75.829241"><ele>23.0</ele><time>2024-06-08T16:40:54Z</time></trkpt>
<trkpt lat="45.370807" lon="-75.829249"><ele>23.0</ele><time>2024-06-08T16:40:55Z</time></trkpt>
<trkpt lat="45.370779" lon="-75.829249"><ele>23.0</ele><time>2024-06-08T16:40:56Z</time></trkpt>
<trkpt lat="45.370754" lon="-75.829241"><ele>23.0</ele><time>2024-06-08T16:40:57Z</time></trkpt>
<trkpt lat="45.370725" lon="-75.829232"><ele>23.0</ele><time>2024-06-08T16:40:58Z</time></trkpt>
<trkpt lat="45.370697" lon="-75.829223"><ele>23.0</ele><time>2024-06-08T16:40:59Z</time></trkpt>
<trkpt lat="45.370668" lon="-75.829214"><ele>23.0</ele><time>2024-06-08T16:41:00Z</time></trkpt>
<trkpt lat="45.370643" lon="-75.829196"><ele>23.0</ele><time>2024-06-08T16:41:01Z</time></trkpt>
<trkpt lat="45.370618" lon="-75.829178"><ele>23.0</ele><time>2024-06-08T16:41:02Z</time></trkpt>
<trkpt lat="45.370592" lon="-75.82916"><ele>23.0</ele><time>2024-06-08T16:41:03Z</time></trkpt>
<trkpt lat="45.370567" lon="-75.829142"><ele>23.0</ele><time>2024-06-08T16:41:04Z</time></trkpt>
<trkpt lat="45.370538" lon="-75.829142"><ele>23.0</ele><time>2024-06-08T16:41:05Z</time></trkpt>
<trkpt lat="45.370513" lon="-75.829133"><ele>23.0</ele><time>2024-06-08T16:41:06Z</time></trkpt>
<trkpt lat="45.370485" lon="-75.829124"><ele>23.0</ele><time>2024-06-08T16:41:07Z</time></trkpt>
<trkpt lat="45.370453" lon="-75.829106"><ele>23.0</ele><time>2024-06-08T16:41:08Z</time></trkpt>
<trkpt lat="45.370428" lon="-75.829097"><ele>23.0</ele><time>2024-06-08T16:41:09Z</time></trkpt>
<trkpt lat="45.370399" lon="-75.829088"><ele>23.0</ele><time>2024-06-08T16:41:10Z</time></trkpt>
<trkpt lat="45.370374" lon="-75.82907"><ele>23.0</ele><time>2024-06-08T16:41:11Z</time></trkpt>
<trkpt lat="45.370345" lon="-75.829061"><ele>23.0</ele><time>2024-06-08T16:41:12Z</time></trkpt>
<trkpt lat="45.370317" lon="-75.829052"><ele>23.0</ele><time>2024-06-08T16:41:13Z</time></trkpt>
<trkpt lat="45.370288" lon="-75.829043"><ele>23.0</ele><time>2024-06-08T16:41:14Z</time></trkpt>
<trkpt lat="45.370263" lon="-75.829034"><ele>23.0</ele><time>2024-06-08T16:41:15Z</time></trkpt>
<trkpt lat="45.370234" lon="-75.829016"><ele>23.0</ele><time>2024-06-08T16:41:16Z</time></trkpt>
<trkpt lat="45.370209" lon="-75.829007"><ele>23.0</ele><time>2024-06-08T16:41:17Z</time></trkpt>
<trkpt lat="45.370184" lon="-75.828998"><ele>23.0</ele><time>2024-06-08T16:41:18Z</time></trkpt>
<trkpt lat="45.370155" lon="-75.82898"><ele>23.0</ele><time>2024-06-08T16:41:19Z</time></trkpt>
<trkpt lat="45.370127" lon="-75.828971"><ele>23.0</ele><time>2024-06-08T16:41:20Z</time></trkpt>
<trkpt lat="45.370102" lon="-75.828962"><ele>22.0</ele><time>2024-06-08T16:41:21Z</time></trkpt>
<trkpt lat="45.370073" lon="-75.828953"><ele>23.0</ele><time>2024-06-08T16:41:22Z</time></trkpt>
<trkpt lat="45.370048" lon="-75.828944"><ele>23.0</ele><time>2024-06-08T16:41:23Z</time></trkpt>
<trkpt lat="45.370019" lon="-75.828935"><ele>23.0</ele><time>2024-06-08T16:41:24Z</time></trkpt>
<trkpt lat="45.369994" lon="-75.828926"><ele>23.0</ele><time>2024-06-08T16:41:25Z</time></trkpt>
<trkpt lat="45.369969" lon="-75.828935"><ele>23.0</ele><time>2024-06-08T16:41:26Z</time></trkpt>
<trkpt lat="45.36995" lon="-75.828944"><ele>23.0</ele><time>2024-06-08T16:41:27Z</time></trkpt>
<trkpt lat="45.369934" lon="-75.828953"><ele>23.0</ele><time>2024-06-08T16:41:28Z</time></trkpt>
<trkpt lat="45.369921" lon="-75.828953"><ele>23.0</ele><time>2024-06-08T16:41:29Z</time></trkpt>
<trkpt lat="45.369921" lon="-75.828953"><ele>22.0</ele><time>2024-06-08T16:41:30Z</time></trkpt>
<trkpt lat="45.369861" lon="-75.829007"><ele>23.0</ele><time>2024-06-08T16:41:31Z</time></trkpt>
<trkpt lat="45.369893" lon="-75.829025"><ele>23.0</ele><time>2024-06-08T16:41:32Z</time></trkpt>
<trkpt lat="45.369902" lon="-75.829025"><ele>24.0</ele><time>2024-06-08T16:41:33Z</time></trkpt>
<trkpt lat="45.369905" lon="-75.829034"><ele>24.0</ele><time>2024-06-08T16:41:34Z</time></trkpt>
<trkpt lat="45.369908" lon="-75.829043"><ele>24.0</ele><time>2024-06-08T16:41:35Z</time></trkpt>
<trkpt lat="45.369915" lon="-75.829061"><ele>24.0</ele><time>2024-06-08T16:41:36Z</time></trkpt>
<trkpt lat="45.369921" lon="-75.82907"><ele>24.0</ele><time>2024-06-08T16:41:37Z</time></trkpt>
<trkpt lat="45.369931" lon="-75.829079"><ele>24.0</ele><time>2024-06-08T16:41:38Z</time></trkpt>
<trkpt lat="45.36994" lon="-75.829097"><ele>24.0</ele><time>2024-06-08T16:41:39Z</time></trkpt>
<trkpt lat="45.369953" lon="-75.829115"><ele>24.0</ele><time>2024-06-08T16:41:40Z</time></trkpt>
<trkpt lat="45.369965" lon="-75.829133"><ele>24.0</ele><time>2024-06-08T16:41:41Z</time></trkpt>
<trkpt lat="45.369978" lon="-75.829142"><ele>24.0</ele><time>2024-06-08T16:41:42Z</time></trkpt>
<trkpt lat="45.369994" lon="-75.82916"><ele>24.0</ele><time>2024-06-08T16:41:43Z</time></trkpt>
<trkpt lat="45.370003" lon="-75.829178"><ele>24.0</ele><time>2024-06-08T16:41:44Z</time></trkpt>
<trkpt lat="45.370016" lon="-75.829205"><ele>24.0</ele><time>2024-06-08T16:41:45Z</time></trkpt>
<trkpt lat="45.370026" lon="-75.829223"><ele>24.0</ele><time>2024-06-08T16:41:46Z</time></trkpt>
<trkpt lat="45.370038" lon="-75.829249"><ele>24.0</ele><time>2024-06-08T16:41:47Z</time></trkpt>
<trkpt lat="45.370051" lon="-75.829267"><ele>24.0</ele><time>2024-06-08T16:41:48Z</time></trkpt>
<trkpt lat="45.370064" lon="-75.829294"><ele>24.0</ele><time>2024-06-08T16:41:49Z</time></trkpt>
<trkpt lat="45.370076" lon="-75.829312"><ele>24.0</ele><time>2024-06-08T16:41:50Z</time></trkpt>
<trkpt lat="45.370089" lon="-75.829339"><ele>24.0</ele><time>2024-06-08T16:41:51Z</time></trkpt>
<trkpt lat="45.370102" lon="-75.829357"><ele>24.0</ele><time>2024-06-08T16:41:52Z</time></trkpt>
<trkpt lat="45.370117" lon="-75.829384"><ele>24.0</ele><time>2024-06-08T16:41:53Z</time></trkpt>
<trkpt lat="45.370133" lon="-75.829411"><ele>24.0</ele><time>2024-06-08T16:41:54Z</time></trkpt>
<trkpt lat="45.370149" lon="-75.829429"><ele>25.0</ele><time>2024-06-08T16:41:55Z</time></trkpt>
<trkpt lat="45.370168" lon="-75.829456"><ele>25.0</ele><time>2024-06-08T16:41:56Z</time></trkpt>
<trkpt lat="45.370184" lon="-75.829474"><ele>25.0</ele><time>2024-06-08T16:41:57Z</time></trkpt>
<trkpt lat="45.370203" lon="-75.829492"><ele>25.0</ele><time>2024-06-08T16:41:58Z</time></trkpt>
<trkpt lat="45.370225" lon="-75.82951"><ele>25.0</ele><time>2024-06-08T16:41:59Z</time></trkpt>
<trkpt lat="45.370244" lon="-75.829528"><ele>25.0</ele><time>2024-06-08T16:42:00Z</time></trkpt>
<trkpt lat="45.37026" lon="-75.829555"><ele>25.0</ele><time>2024-06-08T16:42:01Z</time></trkpt>
<trkpt lat="45.370276" lon="-75.829573"><ele>25.0</ele><time>2024-06-08T16:42:02Z</time></trkpt>
<trkpt lat="45.370295" lon="-75.829591"><ele>25.0</ele><time>2024-06-08T16:42:03Z</time></trkpt>
<trkpt lat="45.370314" lon="-75.829609"><ele>25.0</ele><time>2024-06-08T16:42:04Z</time></trkpt>
<trkpt lat="45.370333" lon="-75.829627"><ele>25.0</ele><time>2024-06-08T16:42:05Z</time></trkpt>
<trkpt lat="45.370348" lon="-75.829645"><ele>25.0</ele><time>2024-06-08T16:42:06Z</time></trkpt>
<trkpt lat="45.370367" lon="-75.829672"><ele>25.0</ele><time>2024-06-08T16:42:07Z</time></trkpt>
<trkpt lat="45.370386" lon="-75.82969"><ele>25.0</ele><time>2024-06-08T16:42:08Z</time></trkpt>
<trkpt lat="45.370405" lon="-75.829708"><ele>25.0</ele><time>2024-06-08T16:42:09Z</time></trkpt>
<trkpt lat="45.370421" lon="-75.829726"><ele>25.0</ele><time>2024-06-08T16:42:10Z</time></trkpt>
<trkpt lat="45.37044" lon="-75.829753"><ele>25.0</ele><time>2024-06-08T16:42:11Z</time></trkpt>
<trkpt lat="45.370459" lon="-75.82977"><ele>25.0</ele><time>2024-06-08T16:42:12Z</time></trkpt>
<trkpt lat="45.370478" lon="-75.829788"><ele>25.0</ele><time>2024-06-08T16:42:13Z</time></trkpt>
<trkpt lat="45.370497" lon="-75.829806"><ele>25.0</ele><time>2024-06-08T16:42:14Z</time></trkpt>
<trkpt lat="45.370516" lon="-75.829824"><ele>25.0</ele><time>2024-06-08T16:42:15Z</time></trkpt>
<trkpt lat="45.370532" lon="-75.829851"><ele>26.0</ele><time>2024-06-08T16:42:16Z</time></trkpt>
<trkpt lat="45.370551" lon="-75.829869"><ele>25.0</ele><time>2024-06-08T16:42:17Z</time></trkpt>
<trkpt lat="45.37057" lon="-75.829887"><ele>25.0</ele><time>2024-06-08T16:42:18Z</time></trkpt>
<trkpt lat="45.370592" lon="-75.829905"><ele>25.0</ele><time>2024-06-08T16:42:19Z</time></trkpt>
<trkpt lat="45.370611" lon="-75.829932"><ele>26.0</ele><time>2024-06-08T16:42:20Z</time></trkpt>
<trkpt lat="45.37063" lon="-75.82995"><ele>26.0</ele><time>2024-06-08T16:42:21Z</time></trkpt>
<trkpt lat="45.370649" lon="-75.829968"><ele>25.0</ele><time>2024-06-08T16:42:22Z</time></trkpt>
<trkpt lat="45.370671" lon="-75.829986"><ele>26.0</ele><time>2024-06-08T16:42:23Z</time></trkpt>
<trkpt lat="45.37069" lon="-75.830013"><ele>26.0</ele><time>2024-06-08T16:42:24Z</time></trkpt>
<trkpt lat="45.370709" lon="-75.830031"><ele>26.0</ele><time>2024-06-08T16:42:25Z</time></trkpt>
<trkpt lat="45.370728" lon="-75.830058"><ele>25.0</ele><time>2024-06-08T16:42:26Z</time></trkpt>
<trkpt lat="45.370747" lon="-75.830076"><ele>25.0</ele><time>2024-06-08T16:42:27Z</time></trkpt>
<trkpt lat="45.370769" lon="-75.830094"><ele>25.0</ele><time>2024-06-08T16:42:28Z</time></trkpt>
<trkpt lat="45.370788" lon="-75.830112"><ele>25.0</ele><time>2024-06-08T16:42:29Z</time></trkpt>
<trkpt lat="45.370811" lon="-75.830139"><ele>25.0</ele><time>2024-06-08T16:42:30Z</time></trkpt>
<trkpt lat="45.37083" lon="-75.830157"><ele>25.0</ele><time>2024-06-08T16:42:31Z</time></trkpt>
<trkpt lat="45.370849" lon="-75.830175"><ele>26.0</ele><time>2024-06-08T16:42:32Z</time></trkpt>
<trkpt lat="45.370871" lon="-75.830193"><ele>25.0</ele><time>2024-06-08T16:42:33Z</time></trkpt>
<trkpt lat="45.37089" lon="-75.830211"><ele>25.0</ele><time>2024-06-08T16:42:34Z</time></trkpt>
<trkpt lat="45.370912" lon="-75.830229"><ele>25.0</ele><time>2024-06-08T16:42:35Z</time></trkpt>
<trkpt lat="45.370934" lon="-75.830247"><ele>25.0</ele><time>2024-06-08T16:42:36Z</time></trkpt>
<trkpt lat="45.370956" lon="-75.830265"><ele>25.0</ele><time>2024-06-08T16:42:37Z</time></trkpt>
<trkpt lat="45.370975" lon="-75.830283"><ele>25.0</ele><time>2024-06-08T16:42:38Z</time></trkpt>
<trkpt lat="45.370994" lon="-75.8303"><ele>25.0</ele><time>2024-06-08T16:42:39Z</time></trkpt>
<trkpt lat="45.371013" lon="-75.830327"><ele>25.0</ele><time>2024-06-08T16:42:40Z</time></trkpt>
<trkpt lat="45.371032" lon="-75.830345"><ele>25.0</ele><time>2024-06-08T16:42:41Z</time></trkpt>
<trkpt lat="45.371051" lon="-75.830372"><ele>25.0</ele><time>2024-06-08T16:42:42Z</time></trkpt>
<trkpt lat="45.37107" lon="-75.83039"><ele>25.0</ele><time>2024-06-08T16:42:43Z</time></trkpt>
<trkpt lat="45.371086" lon="-75.830408"><ele>25.0</ele><time>2024-06-08T16:42:44Z</time></trkpt>
<trkpt lat="45.371105" lon="-75.830435"><ele>25.0</ele><time>2024-06-08T16:42:45Z</time></trkpt>
<trkpt lat="45.371121" lon="-75.830453"><ele>25.0</ele><time>2024-06-08T16:42:46Z</time></trkpt>
<trkpt lat="45.37114" lon="-75.83048"><ele>25.0</ele><time>2024-06-08T16:42:47Z</time></trkpt>
<trkpt lat="45.371159" lon="-75.830498"><ele>25.0</ele><time>2024-06-08T16:42:48Z</time></trkpt>
<trkpt lat="45.371178" lon="-75.830516"><ele>25.0</ele><time>2024-06-08T16:42:49Z</time></trkpt>
<trkpt lat="45.371197" lon="-75.830534"><ele>25.0</ele><time>2024-06-08T16:42:50Z</time></trkpt>
<trkpt lat="45.371216" lon="-75.830552"><ele>25.0</ele><time>2024-06-08T16:42:51Z</time></trkpt>
<trkpt lat="45.371235" lon="-75.830579"><ele>25.0</ele><time>2024-06-08T16:42:52Z</time></trkpt>
<trkpt lat="45.371251" lon="-75.830597"><ele>25.0</ele><time>2024-06-08T16:42:53Z</time></trkpt>
<trkpt lat="45.371267" lon="-75.830615"><ele>25.0</ele><time>2024-06-08T16:42:54Z</time></trkpt>
<trkpt lat="45.371286" lon="-75.830633"><ele>26.0</ele><time>2024-06-08T16:42:55Z</time></trkpt>
<trkpt lat="45.371301" lon="-75.83066"><ele>25.0</ele><time>2024-06-08T16:42:56Z</time></trkpt>
<trkpt lat="45.37132" lon="-75.830669"><ele>26.0</ele><time>2024-06-08T16:42:57Z</time></trkpt>
<trkpt lat="45.371339" lon="-75.830687"><ele>26.0</ele><time>2024-06-08T16:42:58Z</time></trkpt>
<trkpt lat="45.371362" lon="-75.830705"><ele>26.0</ele><time>2024-06-08T16:42:59Z</time></trkpt>
<trkpt lat="45.371381" lon="-75.830723"><ele>26.0</ele><time>2024-06-08T16:43:00Z</time></trkpt>
<trkpt lat="45.371399" lon="-75.830741"><ele>26.0</ele><time>2024-06-08T16:43:01Z</time></trkpt>
<trkpt lat="45.371418" lon="-75.830759"><ele>26.0</ele><time>2024-06-08T16:43:02Z</time></trkpt>
<trkpt lat="45.371437" lon="-75.830777"><ele>25.0</ele><time>2024-06-08T16:43:03Z</time></trkpt>
<trkpt lat="45.371456" lon="-75.830795"><ele>25.0</ele><time>2024-06-08T16:43:04Z</time></trkpt>
<trkpt lat="45.371479" lon="-75.830812"><ele>26.0</ele><time>2024-06-08T16:43:05Z</time></trkpt>
<trkpt lat="45.371498" lon="-75.83083"><ele>25.0</ele><time>2024-06-08T16:43:06Z</time></trkpt>
<trkpt lat="45.37152" lon="-75.830848"><ele>25.0</ele><time>2024-06-08T16:43:07Z</time></trkpt>
<trkpt lat="45.371542" lon="-75.830866"><ele>25.0</ele><time>2024-06-08T16:43:08Z</time></trkpt>
<trkpt lat="45.371561" lon="-75.830884"><ele>25.0</ele><time>2024-06-08T16:43:09Z</time></trkpt>
<trkpt lat="45.37158" lon="-75.830911"><ele>25.0</ele><time>2024-06-08T16:43:10Z</time></trkpt>
<trkpt lat="45.371599" lon="-75.830929"><ele>25.0</ele><time>2024-06-08T16:43:11Z</time></trkpt>
<trkpt lat="45.371618" lon="-75.830956"><ele>25.0</ele><time>2024-06-08T16:43:12Z</time></trkpt>
<trkpt lat="45.371637" lon="-75.830974"><ele>26.0</ele><time>2024-06-08T16:43:13Z</time></trkpt>
<trkpt lat="45.371656" lon="-75.830992"><ele>25.0</ele><time>2024-06-08T16:43:14Z</time></trkpt>
<trkpt lat="45.371675" lon="-75.831019"><ele>25.0</ele><time>2024-06-08T16:43:15Z</time></trkpt>
<trkpt lat="45.371697" lon="-75.831037"><ele>25.0</ele><time>2024-06-08T16:43:16Z</time></trkpt>
<trkpt lat="45.371722" lon="-75.831046"><ele>25.0</ele><time>2024-06-08T16:43:17Z</time></trkpt>
<trkpt lat="45.371745" lon="-75.831064"><ele>25.0</ele><time>2024-06-08T16:43:18Z</time></trkpt>
<trkpt lat="45.37177" lon="-75.831082"><ele>25.0</ele><time>2024-06-08T16:43:19Z</time></trkpt>
<trkpt lat="45.371792" lon="-75.8311"><ele>25.0</ele><time>2024-06-08T16:43:20Z</time></trkpt>
<trkpt lat="45.371821" lon="-75.831118"><ele>25.0</ele><time>2024-06-08T16:43:21Z</time></trkpt>
<trkpt lat="45.371843" lon="-75.831136"><ele>25.0</ele><time>2024-06-08T16:43:22Z</time></trkpt>
<trkpt lat="45.371868" lon="-75.831145"><ele>25.0</ele><time>2024-06-08T16:43:23Z</time></trkpt>
<trkpt lat="45.371893" lon="-75.831163"><ele>25.0</ele><time>2024-06-08T16:43:24Z</time></trkpt>
<trkpt lat="45.371916" lon="-75.831172"><ele>25.0</ele><time>2024-06-08T16:43:25Z</time></trkpt>
<trkpt lat="45.371941" lon="-75.83119"><ele>25.0</ele><time>2024-06-08T16:43:26Z</time></trkpt>
<trkpt lat="45.371963" lon="-75.831199"><ele>24.0</ele><time>2024-06-08T16:43:27Z</time></trkpt>
<trkpt lat="45.371988" lon="-75.831217"><ele>25.0</ele><time>2024-06-08T16:43:28Z</time></trkpt>
<trkpt lat="45.37201" lon="-75.831235"><ele>25.0</ele><time>2024-06-08T16:43:29Z</time></trkpt>
<trkpt lat="45.372033" lon="-75.831244"><ele>25.0</ele><time>2024-06-08T16:43:30Z</time></trkpt>
<trkpt lat="45.372058" lon="-75.831262"><ele>25.0</ele><time>2024-06-08T16:43:31Z</time></trkpt>
<trkpt lat="45.372083" lon="-75.831271"><ele>25.0</ele><time>2024-06-08T16:43:32Z</time></trkpt>
<trkpt lat="45.372105" lon="-75.83128"><ele>24.0</ele><time>2024-06-08T16:43:33Z</time></trkpt>
<trkpt lat="45.372128" lon="-75.831298"><ele>25.0</ele><time>2024-06-08T16:43:34Z</time></trkpt>
<trkpt lat="45.372153" lon="-75.831307"><ele>25.0</ele><time>2024-06-08T16:43:35Z</time></trkpt>
<trkpt lat="45.372175" lon="-75.831316"><ele>25.0</ele><time>2024-06-08T16:43:36Z</time></trkpt>
<trkpt lat="45.3722" lon="-75.831333"><ele>23.0</ele><time>2024-06-08T16:43:37Z</time></trkpt>
<trkpt lat="45.372219" lon="-75.831351"><ele>24.0</ele><time>2024-06-08T16:43:38Z</time></trkpt>
<trkpt lat="45.372242" lon="-75.83136"><ele>25.0</ele><time>2024-06-08T16:43:39Z</time></trkpt>
<trkpt lat="45.372264" lon="-75.831378"><ele>25.0</ele><time>2024-06-08T16:43:40Z</time></trkpt>
<trkpt lat="45.372286" lon="-75.831387"><ele>25.0</ele><time>2024-06-08T16:43:41Z</time></trkpt>
<trkpt lat="45.372311" lon="-75.831396"><ele>25.0</ele><time>2024-06-08T16:43:42Z</time></trkpt>
<trkpt lat="45.372337" lon="-75.831405"><ele>25.0</ele><time>2024-06-08T16:43:43Z</time></trkpt>
<trkpt lat="45.372362" lon="-75.831423"><ele>26.0</ele><time>2024-06-08T16:43:44Z</time></trkpt>
<trkpt lat="45.372384" lon="-75.831423"><ele>26.0</ele><time>2024-06-08T16:43:45Z</time></trkpt>
<trkpt lat="45.372409" lon="-75.831441"><ele>26.0</ele><time>2024-06-08T16:43:46Z</time></trkpt>
<trkpt lat="45.372432" lon="-75.83145"><ele>26.0</ele><time>2024-06-08T16:43:47Z</time></trkpt>
<trkpt lat="45.372454" lon="-75.831468"><ele>26.0</ele><time>2024-06-08T16:43:48Z</time></trkpt>
<trkpt lat="45.372476" lon="-75.831477"><ele>26.0</ele><time>2024-06-08T16:43:49Z</time></trkpt>
<trkpt lat="45.372501" lon="-75.831495"><ele>26.0</ele><time>2024-06-08T16:43:50Z</time></trkpt>
<trkpt lat="45.372523" lon="-75.831504"><ele>26.0</ele><time>2024-06-08T16:43:51Z</time></trkpt>
<trkpt lat="45.372546" lon="-75.831513"><ele>26.0</ele><time>2024-06-08T16:43:52Z</time></trkpt>
<trkpt lat="45.372568" lon="-75.831531"><ele>26.0</ele><time>2024-06-08T16:43:53Z</time></trkpt>
<trkpt lat="45.37259" lon="-75.83154"><ele>26.0</ele><time>2024-06-08T16:43:54Z</time></trkpt>
<trkpt lat="45.372612" lon="-75.831558"><ele>26.0</ele><time>2024-06-08T16:43:55Z</time></trkpt>
<trkpt lat="45.372634" lon="-75.831576"><ele>26.0</ele><time>2024-06-08T16:43:56Z</time></trkpt>
<trkpt lat="45.372656" lon="-75.831594"><ele>26.0</ele><time>2024-06-08T16:43:57Z</time></trkpt>
<trkpt lat="45.372678" lon="-75.831612"><ele>26.0</ele><time>2024-06-08T16:43:58Z</time></trkpt>
<trkpt lat="45.372701" lon="-75.83163"><ele>25.0</ele><time>2024-06-08T16:43:59Z</time></trkpt>
<trkpt lat="45.372723" lon="-75.831639"><ele>25.0</ele><time>2024-06-08T16:44:00Z</time></trkpt>
<trkpt lat="45.372745" lon="-75.831657"><ele>25.0</ele><time>2024-06-08T16:44:01Z</time></trkpt>
<trkpt lat="45.372767" lon="-75.831675"><ele>25.0</ele><time>2024-06-08T16:44:02Z</time></trkpt>
<trkpt lat="45.372789" lon="-75.831693"><ele>25.0</ele><time>2024-06-08T16:44:03Z</time></trkpt>
<trkpt lat="45.372811" lon="-75.831711"><ele>25.0</ele><time>2024-06-08T16:44:04Z</time></trkpt>
<trkpt lat="45.37283" lon="-75.831729"><ele>25.0</ele><time>2024-06-08T16:44:05Z</time></trkpt>
<trkpt lat="45.372853" lon="-75.831756"><ele>25.0</ele><time>2024-06-08T16:44:06Z</time></trkpt>
<trkpt lat="45.372875" lon="-75.831774"><ele>25.0</ele><time>2024-06-08T16:44:07Z</time></trkpt>
<trkpt lat="45.372894" lon="-75.831792"><ele>25.0</ele><time>2024-06-08T16:44:08Z</time></trkpt>
<trkpt lat="45.372916" lon="-75.83181"><ele>25.0</ele><time>2024-06-08T16:44:09Z</time></trkpt>
<trkpt lat="45.372938" lon="-75.831837"><ele>25.0</ele><time>2024-06-08T16:44:10Z</time></trkpt>
<trkpt lat="45.372957" lon="-75.831854"><ele>25.0</ele><time>2024-06-08T16:44:11Z</time></trkpt>
<trkpt lat="45.372979" lon="-75.831872"><ele>24.0</ele><time>2024-06-08T16:44:12Z</time></trkpt>
<trkpt lat="45.373001" lon="-75.83189"><ele>24.0</ele><time>2024-06-08T16:44:13Z</time></trkpt>
<trkpt lat="45.37302" lon="-75.831908"><ele>24.0</ele><time>2024-06-08T16:44:14Z</time></trkpt>
<trkpt lat="45.373043" lon="-75.831935"><ele>24.0</ele><time>2024-06-08T16:44:15Z</time></trkpt>
<trkpt lat="45.373062" lon="-75.831953"><ele>24.0</ele><time>2024-06-08T16:44:16Z</time></trkpt>
<trkpt lat="45.373084" lon="-75.831971"><ele>24.0</ele><time>2024-06-08T16:44:17Z</time></trkpt>
<trkpt lat="45.373106" lon="-75.831989"><ele>24.0</ele><time>2024-06-08T16:44:18Z</time></trkpt>
<trkpt lat="45.373128" lon="-75.832007"><ele>24.0</ele><time>2024-06-08T16:44:19Z</time></trkpt>
<trkpt lat="45.37315" lon="-75.832025"><ele>24.0</ele><time>2024-06-08T16:44:20Z</time></trkpt>
<trkpt lat="45.373172" lon="-75.832043"><ele>25.0</ele><time>2024-06-08T16:44:21Z</time></trkpt>
<trkpt lat="45.373194" lon="-75.832061"><ele>24.0</ele><time>2024-06-08T16:44:22Z</time></trkpt>
<trkpt lat="45.373217" lon="-75.832079"><ele>25.0</ele><time>2024-06-08T16:44:23Z</time></trkpt>
<trkpt lat="45.373239" lon="-75.832097"><ele>24.0</ele><time>2024-06-08T16:44:24Z</time></trkpt>
<trkpt lat="45.373261" lon="-75.832124"><ele>24.0</ele><time>2024-06-08T16:44:25Z</time></trkpt>
<trkpt lat="45.373283" lon="-75.832142"><ele>24.0</ele><time>2024-06-08T16:44:26Z</time></trkpt>
<trkpt lat="45.373302" lon="-75.832169"><ele>24.0</ele><time>2024-06-08T16:44:27Z</time></trkpt>
<trkpt lat="45.373324" lon="-75.832187"><ele>24.0</ele><time>2024-06-08T16:44:28Z</time></trkpt>
<trkpt lat="45.37335" lon="-75.832205"><ele>24.0</ele><time>2024-06-08T16:44:29Z</time></trkpt>
<trkpt lat="45.373375" lon="-75.832223"><ele>24.0</ele><time>2024-06-08T16:44:30Z</time></trkpt>
<trkpt lat="45.3734" lon="-75.832241"><ele>24.0</ele><time>2024-06-08T16:44:31Z</time></trkpt>
<trkpt lat="45.373422" lon="-75.832259"><ele>24.0</ele><time>2024-06-08T16:44:32Z</time></trkpt>
<trkpt lat="45.373445" lon="-75.832277"><ele>24.0</ele><time>2024-06-08T16:44:33Z</time></trkpt>
<trkpt lat="45.37347" lon="-75.832295"><ele>24.0</ele><time>2024-06-08T16:44:34Z</time></trkpt>
<trkpt lat="45.373495" lon="-75.832313"><ele>24.0</ele><time>2024-06-08T16:44:35Z</time></trkpt>
<trkpt lat="45.373517" lon="-75.832331"><ele>24.0</ele><time>2024-06-08T16:44:36Z</time></trkpt>
<trkpt lat="45.373543" lon="-75.832349"><ele>24.0</ele><time>2024-06-08T16:44:37Z</time></trkpt>
<trkpt lat="45.373568" lon="-75.832367"><ele>24.0</ele><time>2024-06-08T16:44:38Z</time></trkpt>
<trkpt lat="45.37359" lon="-75.832384"><ele>24.0</ele><time>2024-06-08T16:44:39Z</time></trkpt>
<trkpt lat="45.373612" lon="-75.832402"><ele>24.0</ele><time>2024-06-08T16:44:40Z</time></trkpt>
<trkpt lat="45.373635" lon="-75.83242"><ele>24.0</ele><time>2024-06-08T16:44:41Z</time></trkpt>
<trkpt lat="45.373657" lon="-75.832438"><ele>24.0</ele><time>2024-06-08T16:44:42Z</time></trkpt>
<trkpt lat="45.373679" lon="-75.832465"><ele>24.0</ele><time>2024-06-08T16:44:43Z</time></trkpt>
<trkpt lat="45.373701" lon="-75.832483"><ele>25.0</ele><time>2024-06-08T16:44:44Z</time></trkpt>
<trkpt lat="45.37372" lon="-75.83251"><ele>25.0</ele><time>2024-06-08T16:44:45Z</time></trkpt>
<trkpt lat="45.373739" lon="-75.832528"><ele>25.0</ele><time>2024-06-08T16:44:46Z</time></trkpt>
<trkpt lat="45.373761" lon="-75.832555"><ele>25.0</ele><time>2024-06-08T16:44:47Z</time></trkpt>
<trkpt lat="45.37378" lon="-75.832573"><ele>25.0</ele><time>2024-06-08T16:44:48Z</time></trkpt>
<trkpt lat="45.373802" lon="-75.832591"><ele>25.0</ele><time>2024-06-08T16:44:49Z</time></trkpt>
<trkpt lat="45.373821" lon="-75.832618"><ele>24.0</ele><time>2024-06-08T16:44:50Z</time></trkpt>
<trkpt lat="45.373843" lon="-75.832636"><ele>25.0</ele><time>2024-06-08T16:44:51Z</time></trkpt>
<trkpt lat="45.373866" lon="-75.832654"><ele>25.0</ele><time>2024-06-08T16:44:52Z</time></trkpt>
<trkpt lat="45.373888" lon="-75.832672"><ele>24.0</ele><time>2024-06-08T16:44:53Z</time></trkpt>
<trkpt lat="45.373907" lon="-75.83269"><ele>24.0</ele><time>2024-06-08T16:44:54Z</time></trkpt>
<trkpt lat="45.373929" lon="-75.832717"><ele>24.0</ele><time>2024-06-08T16:44:55Z</time></trkpt>
<trkpt lat="45.373951" lon="-75.832735"><ele>24.0</ele><time>2024-06-08T16:44:56Z</time></trkpt>
<trkpt lat="45.373976" lon="-75.832744"><ele>24.0</ele><time>2024-06-08T16:44:57Z</time></trkpt>
<trkpt lat="45.374002" lon="-75.832762"><ele>24.0</ele><time>2024-06-08T16:44:58Z</time></trkpt>
<trkpt lat="45.374024" lon="-75.832771"><ele>24.0</ele><time>2024-06-08T16:44:59Z</time></trkpt>
<trkpt lat="45.374046" lon="-75.832789"><ele>24.0</ele><time>2024-06-08T16:45:00Z</time></trkpt>
<trkpt lat="45.374068" lon="-75.832807"><ele>24.0</ele><time>2024-06-08T16:45:01Z</time></trkpt>
<trkpt lat="45.37409" lon="-75.832825"><ele>24.0</ele><time>2024-06-08T16:45:02Z</time></trkpt>
<trkpt lat="45.374116" lon="-75.832843"><ele>24.0</ele><time>2024-06-08T16:45:03Z</time></trkpt>
<trkpt lat="45.374138" lon="-75.832861"><ele>24.0</ele><time>2024-06-08T16:45:04Z</time></trkpt>
<trkpt lat="45.37416" lon="-75.832879"><ele>24.0</ele><time>2024-06-08T16:45:05Z</time></trkpt>
<trkpt lat="45.374182" lon="-75.832897"><ele>24.0</ele><time>2024-06-08T16:45:06Z</time></trkpt>
<trkpt lat="45.374204" lon="-75.832914"><ele>24.0</ele><time>2024-06-08T16:45:07Z</time></trkpt>
<trkpt lat="45.37423" lon="-75.832932"><ele>24.0</ele><time>2024-06-08T16:45:08Z</time></trkpt>
<trkpt lat="45.374252" lon="-75.83295"><ele>24.0</ele><time>2024-06-08T16:45:09Z</time></trkpt>
<trkpt lat="45.374274" lon="-75.832968"><ele>24.0</ele><time>2024-06-08T16:45:10Z</time></trkpt>
<trkpt lat="45.374296" lon="-75.832986"><ele>24.0</ele><time>2024-06-08T16:45:11Z</time></trkpt>
<trkpt lat="45.374318" lon="-75.833004"><ele>24.0</ele><time>2024-06-08T16:45:12Z</time></trkpt>
<trkpt lat="45.374344" lon="-75.833022"><ele>24.0</ele><time>2024-06-08T16:45:13Z</time></trkpt>
<trkpt lat="45.374366" lon="-75.83304"><ele>24.0</ele><time>2024-06-08T16:45:14Z</time></trkpt>
<trkpt lat="45.374388" lon="-75.833058"><ele>24.0</ele><time>2024-06-08T16:45:15Z</time></trkpt>
<trkpt lat="45.37441" lon="-75.833076"><ele>24.0</ele><time>2024-06-08T16:45:16Z</time></trkpt>
<trkpt lat="45.374435" lon="-75.833085"><ele>24.0</ele><time>2024-06-08T16:45:17Z</time></trkpt>
<trkpt lat="45.374458" lon="-75.833103"><ele>24.0</ele><time>2024-06-08T16:45:18Z</time></trkpt>
<trkpt lat="45.37448" lon="-75.833121"><ele>24.0</ele><time>2024-06-08T16:45:19Z</time></trkpt>
<trkpt lat="45.374502" lon="-75.833139"><ele>24.0</ele><time>2024-06-08T16:45:20Z</time></trkpt>
<trkpt lat="45.374524" lon="-75.833166"><ele>24.0</ele><time>2024-06-08T16:45:21Z</time></trkpt>
<trkpt lat="45.374546" lon="-75.833184"><ele>24.0</ele><time>2024-06-08T16:45:22Z</time></trkpt>
<trkpt lat="45.374572" lon="-75.833193"><ele>24.0</ele><time>2024-06-08T16:45:23Z</time></trkpt>
<trkpt lat="45.374597" lon="-75.833211"><ele>24.0</ele><time>2024-06-08T16:45:24Z</time></trkpt>
<trkpt lat="45.374619" lon="-75.83322"><ele>24.0</ele><time>2024-06-08T16:45:25Z</time></trkpt>
<trkpt lat="45.374641" lon="-75.833238"><ele>24.0</ele><time>2024-06-08T16:45:26Z</time></trkpt>
<trkpt lat="45.374663" lon="-75.833256"><ele>24.0</ele><time>2024-06-08T16:45:27Z</time></trkpt>
<trkpt lat="45.374685" lon="-75.833274"><ele>24.0</ele><time>2024-06-08T16:45:28Z</time></trkpt>
<trkpt lat="45.374711" lon="-75.833292"><ele>24.0</ele><time>2024-06-08T16:45:29Z</time></trkpt>
<trkpt lat="45.374733" lon="-75.83331"><ele>24.0</ele><time>2024-06-08T16:45:30Z</time></trkpt>
<trkpt lat="45.374755" lon="-75.833328"><ele>24.0</ele><time>2024-06-08T16:45:31Z</time></trkpt>
<trkpt lat="45.374777" lon="-75.833346"><ele>24.0</ele><time>2024-06-08T16:45:32Z</time></trkpt>
<trkpt lat="45.374799" lon="-75.833364"><ele>24.0</ele><time>2024-06-08T16:45:33Z</time></trkpt>
<trkpt lat="45.374822" lon="-75.833382"><ele>24.0</ele><time>2024-06-08T16:45:34Z</time></trkpt>
<trkpt lat="45.374844" lon="-75.8334"><ele>24.0</ele><time>2024-06-08T16:45:35Z</time></trkpt>
<trkpt lat="45.374866" lon="-75.833418"><ele>24.0</ele><time>2024-06-08T16:45:36Z</time></trkpt>
<trkpt lat="45.374885" lon="-75.833444"><ele>24.0</ele><time>2024-06-08T16:45:37Z</time></trkpt>
<trkpt lat="45.374904" lon="-75.833462"><ele>24.0</ele><time>2024-06-08T16:45:38Z</time></trkpt>
<trkpt lat="45.374926" lon="-75.83348"><ele>24.0</ele><time>2024-06-08T16:45:39Z</time></trkpt>
<trkpt lat="45.374948" lon="-75.833498"><ele>24.0</ele><time>2024-06-08T16:45:40Z</time></trkpt>
<trkpt lat="45.37497" lon="-75.833516"><ele>24.0</ele><time>2024-06-08T16:45:41Z</time></trkpt>
<trkpt lat="45.374989" lon="-75.833534"><ele>24.0</ele><time>2024-06-08T16:45:42Z</time></trkpt>
<trkpt lat="45.375012" lon="-75.833552"><ele>24.0</ele><time>2024-06-08T16:45:43Z</time></trkpt>
<trkpt lat="45.375034" lon="-75.83357"><ele>25.0</ele><time>2024-06-08T16:45:44Z</time></trkpt>
<trkpt lat="45.375056" lon="-75.833588"><ele>24.0</ele><time>2024-06-08T16:45:45Z</time></trkpt>
<trkpt lat="45.375078" lon="-75.833606"><ele>25.0</ele><time>2024-06-08T16:45:46Z</time></trkpt>
<trkpt lat="45.375097" lon="-75.833624"><ele>24.0</ele><time>2024-06-08T16:45:47Z</time></trkpt>
<trkpt lat="45.375119" lon="-75.833642"><ele>25.0</ele><time>2024-06-08T16:45:48Z</time></trkpt>
<trkpt lat="45.375141" lon="-75.83366"><ele>24.0</ele><time>2024-06-08T16:45:49Z</time></trkpt>
<trkpt lat="45.375164" lon="-75.833669"><ele>25.0</ele><time>2024-06-08T16:45:50Z</time></trkpt>
<trkpt lat="45.375186" lon="-75.833687"><ele>24.0</ele><time>2024-06-08T16:45:51Z</time></trkpt>
<trkpt lat="45.375208" lon="-75.833705"><ele>24.0</ele><time>2024-06-08T16:45:52Z</time></trkpt>
<trkpt lat="45.37523" lon="-75.833723"><ele>25.0</ele><time>2024-06-08T16:45:53Z</time></trkpt>
<trkpt lat="45.375249" lon="-75.833741"><ele>25.0</ele><time>2024-06-08T16:45:54Z</time></trkpt>
<trkpt lat="45.375268" lon="-75.833759"><ele>25.0</ele><time>2024-06-08T16:45:55Z</time></trkpt>
<trkpt lat="45.375287" lon="-75.833786"><ele>25.0</ele><time>2024-06-08T16:45:56Z</time></trkpt>
<trkpt lat="45.375303" lon="-75.833804"><ele>25.0</ele><time>2024-06-08T16:45:57Z</time></trkpt>
<trkpt lat="45.375322" lon="-75.833822"><ele>25.0</ele><time>2024-06-08T16:45:58Z</time></trkpt>
<trkpt lat="45.375341" lon="-75.833849"><ele>25.0</ele><time>2024-06-08T16:45:59Z</time></trkpt>
<trkpt lat="45.375357" lon="-75.833867"><ele>25.0</ele><time>2024-06-08T16:46:00Z</time></trkpt>
<trkpt lat="45.375376" lon="-75.833885"><ele>25.0</ele><time>2024-06-08T16:46:01Z</time></trkpt>
<trkpt lat="45.375391" lon="-75.833912"><ele>25.0</ele><time>2024-06-08T16:46:02Z</time></trkpt>
<trkpt lat="45.37541" lon="-75.83393"><ele>25.0</ele><time>2024-06-08T16:46:03Z</time></trkpt>
<trkpt lat="45.375429" lon="-75.833956"><ele>25.0</ele><time>2024-06-08T16:46:04Z</time></trkpt>
<trkpt lat="45.375445" lon="-75.833974"><ele>25.0</ele><time>2024-06-08T16:46:05Z</time></trkpt>
<trkpt lat="45.375461" lon="-75.834001"><ele>25.0</ele><time>2024-06-08T16:46:06Z</time></trkpt>
<trkpt lat="45.37548" lon="-75.834019"><ele>25.0</ele><time>2024-06-08T16:46:07Z</time></trkpt>
<trkpt lat="45.375499" lon="-75.834037"><ele>25.0</ele><time>2024-06-08T16:46:08Z</time></trkpt>
<trkpt lat="45.375518" lon="-75.834064"><ele>25.0</ele><time>2024-06-08T16:46:09Z</time></trkpt>
<trkpt lat="45.375537" lon="-75.834082"><ele>25.0</ele><time>2024-06-08T16:46:10Z</time></trkpt>
<trkpt lat="45.375556" lon="-75.8341"><ele>25.0</ele><time>2024-06-08T16:46:11Z</time></trkpt>
<trkpt lat="45.375578" lon="-75.834127"><ele>25.0</ele><time>2024-06-08T16:46:12Z</time></trkpt>
<trkpt lat="45.375597" lon="-75.834154"><ele>24.0</ele><time>2024-06-08T16:46:13Z</time></trkpt>
<trkpt lat="45.375623" lon="-75.83419"><ele>24.0</ele><time>2024-06-08T16:46:14Z</time></trkpt>
<trkpt lat="45.375638" lon="-75.834217"><ele>23.0</ele><time>2024-06-08T16:46:15Z</time></trkpt>
<trkpt lat="45.375645" lon="-75.834244"><ele>24.0</ele><time>2024-06-08T16:46:16Z</time></trkpt>
<trkpt lat="45.37566" lon="-75.834271"><ele>24.0</ele><time>2024-06-08T16:46:17Z</time></trkpt>
<trkpt lat="45.375676" lon="-75.834298"><ele>24.0</ele><time>2024-06-08T16:46:18Z</time></trkpt>
<trkpt lat="45.375698" lon="-75.834316"><ele>24.0</ele><time>2024-06-08T16:46:19Z</time></trkpt>
<trkpt lat="45.375721" lon="-75.834334"><ele>24.0</ele><time>2024-06-08T16:46:20Z</time></trkpt>
<trkpt lat="45.37574" lon="-75.834343"><ele>23.0</ele><time>2024-06-08T16:46:21Z</time></trkpt>
<trkpt lat="45.375755" lon="-75.834361"><ele>24.0</ele><time>2024-06-08T16:46:22Z</time></trkpt>
<trkpt lat="45.375774" lon="-75.834388"><ele>24.0</ele><time>2024-06-08T16:46:23Z</time></trkpt>
<trkpt lat="45.375793" lon="-75.834406"><ele>24.0</ele><time>2024-06-08T16:46:24Z</time></trkpt>
<trkpt lat="45.375816" lon="-75.834424"><ele>24.0</ele><time>2024-06-08T16:46:25Z</time></trkpt>
<trkpt lat="45.375831" lon="-75.834442"><ele>24.0</ele><time>2024-06-08T16:46:26Z</time></trkpt>
<trkpt lat="45.37585" lon="-75.834468"><ele>24.0</ele><time>2024-06-08T16:46:27Z</time></trkpt>
<trkpt lat="45.375869" lon="-75.834486"><ele>24.0</ele><time>2024-06-08T16:46:28Z</time></trkpt>
<trkpt lat="45.375888" lon="-75.834513"><ele>24.0</ele><time>2024-06-08T16:46:29Z</time></trkpt>
<trkpt lat="45.375907" lon="-75.83454"><ele>24.0</ele><time>2024-06-08T16:46:30Z</time></trkpt>
<trkpt lat="45.375923" lon="-75.834558"><ele>23.0</ele><time>2024-06-08T16:46:31Z</time></trkpt>
<trkpt lat="45.375936" lon="-75.834585"><ele>23.0</ele><time>2024-06-08T16:46:32Z</time></trkpt>
<trkpt lat="45.375952" lon="-75.834612"><ele>24.0</ele><time>2024-06-08T16:46:33Z</time></trkpt>
<trkpt lat="45.375968" lon="-75.834639"><ele>24.0</ele><time>2024-06-08T16:46:34Z</time></trkpt>
<trkpt lat="45.375983" lon="-75.834657"><ele>24.0</ele><time>2024-06-08T16:46:35Z</time></trkpt>
<trkpt lat="45.376002" lon="-75.834693"><ele>23.0</ele><time>2024-06-08T16:46:36Z</time></trkpt>
<trkpt lat="45.376015" lon="-75.834711"><ele>23.0</ele><time>2024-06-08T16:46:37Z</time></trkpt>
<trkpt lat="45.376031" lon="-75.834747"><ele>23.0</ele><time>2024-06-08T16:46:38Z</time></trkpt>
<trkpt lat="45.37604" lon="-75.834765"><ele>23.0</ele><time>2024-06-08T16:46:39Z</time></trkpt>
<trkpt lat="45.376053" lon="-75.834792"><ele>23.0</ele><time>2024-06-08T16:46:40Z</time></trkpt>
<trkpt lat="45.376063" lon="-75.834819"><ele>23.0</ele><time>2024-06-08T16:46:41Z</time></trkpt>
<trkpt lat="45.376072" lon="-75.834846"><ele>23.0</ele><time>2024-06-08T16:46:42Z</time></trkpt>
<trkpt lat="45.376082" lon="-75.834864"><ele>23.0</ele><time>2024-06-08T16:46:43Z</time></trkpt>
<trkpt lat="45.376097" lon="-75.834891"><ele>23.0</ele><time>2024-06-08T16:46:44Z</time></trkpt>
<trkpt lat="45.376113" lon="-75.834909"><ele>24.0</ele><time>2024-06-08T16:46:45Z</time></trkpt>
<trkpt lat="45.376132" lon="-75.834927"><ele>24.0</ele><time>2024-06-08T16:46:46Z</time></trkpt>
<trkpt lat="45.376148" lon="-75.834945"><ele>24.0</ele><time>2024-06-08T16:46:47Z</time></trkpt>
<trkpt lat="45.376167" lon="-75.834963"><ele>24.0</ele><time>2024-06-08T16:46:48Z</time></trkpt>
<trkpt lat="45.376183" lon="-75.834981"><ele>24.0</ele><time>2024-06-08T16:46:49Z</time></trkpt>
<trkpt lat="45.376202" lon="-75.834998"><ele>24.0</ele><time>2024-06-08T16:46:50Z</time></trkpt>
<trkpt lat="45.376221" lon="-75.835016"><ele>24.0</ele><time>2024-06-08T16:46:51Z</time></trkpt>
<trkpt lat="45.376237" lon="-75.835034"><ele>24.0</ele><time>2024-06-08T16:46:52Z</time></trkpt>
<trkpt lat="45.376256" lon="-75.835052"><ele>24.0</ele><time>2024-06-08T16:46:53Z</time></trkpt>
<trkpt lat="45.376271" lon="-75.83507"><ele>25.0</ele><time>2024-06-08T16:46:54Z</time></trkpt>
<trkpt lat="45.376284" lon="-75.835079"><ele>24.0</ele><time>2024-06-08T16:46:55Z</time></trkpt>
<trkpt lat="45.376294" lon="-75.835088"><ele>24.0</ele><time>2024-06-08T16:46:56Z</time></trkpt>
<trkpt lat="45.376303" lon="-75.835097"><ele>24.0</ele><time>2024-06-08T16:46:57Z</time></trkpt>
<trkpt lat="45.376309" lon="-75.835097"><ele>24.0</ele><time>2024-06-08T16:46:58Z</time></trkpt>
<trkpt lat="45.376316" lon="-75.835097"><ele>24.0</ele><time>2024-06-08T16:46:59Z</time></trkpt>
<trkpt lat="45.376319" lon="-75.835097"><ele>24.0</ele><time>2024-06-08T16:47:00Z</time></trkpt>
<trkpt lat="45.376319" lon="-75.835097"><ele>24.0</ele><time>2024-06-08T16:47:01Z</time></trkpt>
<trkpt lat="45.376319" lon="-75.835097"><ele>24.0</ele><time>2024-06-08T16:47:02Z</time></trkpt>
<trkpt lat="45.376319" lon="-75.835097"><ele>24.0</ele><time>2024-06-08T16:47:03Z</time></trkpt>
<trkpt lat="45.376319" lon="-75.835106"><ele>24.0</ele><time>2024-06-08T16:47:04Z</time></trkpt>
<trkpt lat="45.376319" lon="-75.835106"><ele>24.0</ele><time>2024-06-08T16:47:05Z</time></trkpt>
<trkpt lat="45.376319" lon="-75.835106"><ele>23.0</ele><time>2024-06-08T16:47:06Z</time></trkpt>
<trkpt lat="45.376319" lon="-75.835106"><ele>23.0</ele><time>2024-06-08T16:47:07Z</time></trkpt>
<trkpt lat="45.376319" lon="-75.835106"><ele>24.0</ele><time>2024-06-08T16:47:08Z</time></trkpt>
<trkpt lat="45.376319" lon="-75.835106"><ele>24.0</ele><time>2024-06-08T16:47:09Z</time></trkpt>
<trkpt lat="45.376319" lon="-75.835106"><ele>24.0</ele><time>2024-06-08T16:47:10Z</time></trkpt>
<trkpt lat="45.376319" lon="-75.835106"><ele>24.0</ele><time>2024-06-08T16:47:11Z</time></trkpt>
<trkpt lat="45.376319" lon="-75.835106"><ele>24.0</ele><time>2024-06-08T16:47:12Z</time></trkpt>
<trkpt lat="45.376319" lon="-75.835097"><ele>24.0</ele><time>2024-06-08T16:47:13Z</time></trkpt>
<trkpt lat="45.376322" lon="-75.835106"><ele>24.0</ele><time>2024-06-08T16:47:14Z</time></trkpt>
<trkpt lat="45.376319" lon="-75.835106"><ele>24.0</ele><time>2024-06-08T16:47:15Z</time></trkpt>
<trkpt lat="45.376319" lon="-75.835106"><ele>24.0</ele><time>2024-06-08T16:47:16Z</time></trkpt>
<trkpt lat="45.376319" lon="-75.835106"><ele>24.0</ele><time>2024-06-08T16:47:17Z</time></trkpt>
<trkpt lat="45.376319" lon="-75.835106"><ele>24.0</ele><time>2024-06-08T16:47:18Z</time></trkpt>
<trkpt lat="45.376319" lon="-75.835106"><ele>24.0</ele><time>2024-06-08T16:47:19Z</time></trkpt>
<trkpt lat="45.376319" lon="-75.835106"><ele>24.0</ele><time>2024-06-08T16:47:20Z</time></trkpt>
<trkpt lat="45.376319" lon="-75.835106"><ele>24.0</ele><time>2024-06-08T16:47:21Z</time></trkpt>
<trkpt lat="45.376319" lon="-75.835106"><ele>24.0</ele><time>2024-06-08T16:47:22Z</time></trkpt>
<trkpt lat="45.376319" lon="-75.835106"><ele>24.0</ele><time>2024-06-08T16:47:23Z</time></trkpt>
<trkpt lat="45.376319" lon="-75.835097"><ele>24.0</ele><time>2024-06-08T16:47:24Z</time></trkpt>
<trkpt lat="45.376319" lon="-75.835097"><ele>24.0</ele><time>2024-06-08T16:47:25Z</time></trkpt>
<trkpt lat="45.376319" lon="-75.835097"><ele>24.0</ele><time>2024-06-08T16:47:26Z</time></trkpt>
<trkpt lat="45.376319" lon="-75.835088"><ele>24.0</ele><time>2024-06-08T16:47:27Z</time></trkpt>
<trkpt lat="45.376319" lon="-75.835088"><ele>24.0</ele><time>2024-06-08T16:47:28Z</time></trkpt>
<trkpt lat="45.376319" lon="-75.835088"><ele>24.0</ele><time>2024-06-08T16:47:29Z</time></trkpt>
<trkpt lat="45.376319" lon="-75.835088"><ele>23.0</ele><time>2024-06-08T16:47:30Z</time></trkpt>
<trkpt lat="45.376319" lon="-75.835088"><ele>23.0</ele><time>2024-06-08T16:47:31Z</time></trkpt>
<trkpt lat="45.376319" lon="-75.835079"><ele>23.0</ele><time>2024-06-08T16:47:32Z</time></trkpt>
<trkpt lat="45.376322" lon="-75.835079"><ele>23.0</ele><time>2024-06-08T16:47:33Z</time></trkpt>
<trkpt lat="45.376322" lon="-75.835079"><ele>23.0</ele><time>2024-06-08T16:47:34Z</time></trkpt>
<trkpt lat="45.376328" lon="-75.83507"><ele>23.0</ele><time>2024-06-08T16:47:35Z</time></trkpt>
<trkpt lat="45.376332" lon="-75.83507"><ele>23.0</ele><time>2024-06-08T16:47:36Z</time></trkpt>
<trkpt lat="45.376335" lon="-75.835061"><ele>23.0</ele><time>2024-06-08T16:47:37Z</time></trkpt>
<trkpt lat="45.376335" lon="-75.835052"><ele>23.0</ele><time>2024-06-08T16:47:38Z</time></trkpt>
<trkpt lat="45.376335" lon="-75.835034"><ele>23.0</ele><time>2024-06-08T16:47:39Z</time></trkpt>
<trkpt lat="45.376335" lon="-75.835025"><ele>23.0</ele><time>2024-06-08T16:47:40Z</time></trkpt>
<trkpt lat="45.376335" lon="-75.835016"><ele>23.0</ele><time>2024-06-08T16:47:41Z</time></trkpt>
<trkpt lat="45.376332" lon="-75.834998"><ele>23.0</ele><time>2024-06-08T16:47:42Z</time></trkpt>
<trkpt lat="45.376328" lon="-75.834981"><ele>23.0</ele><time>2024-06-08T16:47:43Z</time></trkpt>
<trkpt lat="45.376325" lon="-75.834963"><ele>23.0</ele><time>2024-06-08T16:47:44Z</time></trkpt>
<trkpt lat="45.376322" lon="-75.834945"><ele>23.0</ele><time>2024-06-08T16:47:45Z</time></trkpt>
<trkpt lat="45.376319" lon="-75.834927"><ele>23.0</ele><time>2024-06-08T16:47:46Z</time></trkpt>
<trkpt lat="45.376313" lon="-75.834909"><ele>23.0</ele><time>2024-06-08T16:47:47Z</time></trkpt>
<trkpt lat="45.376303" lon="-75.834891"><ele>23.0</ele><time>2024-06-08T16:47:48Z</time></trkpt>
<trkpt lat="45.376294" lon="-75.834873"><ele>23.0</ele><time>2024-06-08T16:47:49Z</time></trkpt>
<trkpt lat="45.376281" lon="-75.834855"><ele>23.0</ele><time>2024-06-08T16:47:50Z</time></trkpt>
<trkpt lat="45.376268" lon="-75.834837"><ele>23.0</ele><time>2024-06-08T16:47:51Z</time></trkpt>
<trkpt lat="45.376252" lon="-75.834828"><ele>23.0</ele><time>2024-06-08T16:47:52Z</time></trkpt>
<trkpt lat="45.376237" lon="-75.834819"><ele>23.0</ele><time>2024-06-08T16:47:53Z</time></trkpt>
<trkpt lat="45.376221" lon="-75.83481"><ele>23.0</ele><time>2024-06-08T16:47:54Z</time></trkpt>
<trkpt lat="45.376202" lon="-75.834801"><ele>23.0</ele><time>2024-06-08T16:47:55Z</time></trkpt>
<trkpt lat="45.376186" lon="-75.834801"><ele>23.0</ele><time>2024-06-08T16:47:56Z</time></trkpt>
<trkpt lat="45.376167" lon="-75.834792"><ele>23.0</ele><time>2024-06-08T16:47:57Z</time></trkpt>
<trkpt lat="45.376148" lon="-75.834792"><ele>23.0</ele><time>2024-06-08T16:47:58Z</time></trkpt>
<trkpt lat="45.376129" lon="-75.834783"><ele>23.0</ele><time>2024-06-08T16:47:59Z</time></trkpt>
<trkpt lat="45.376107" lon="-75.834783"><ele>23.0</ele><time>2024-06-08T16:48:00Z</time></trkpt>
<trkpt lat="45.376088" lon="-75.834783"><ele>23.0</ele><time>2024-06-08T16:48:01Z</time></trkpt>
<trkpt lat="45.376066" lon="-75.834774"><ele>23.0</ele><time>2024-06-08T16:48:02Z</time></trkpt>
<trkpt lat="45.376044" lon="-75.834783"><ele>23.0</ele><time>2024-06-08T16:48:03Z</time></trkpt>
<trkpt lat="45.376025" lon="-75.834783"><ele>23.0</ele><time>2024-06-08T16:48:04Z</time></trkpt>
<trkpt lat="45.376002" lon="-75.834783"><ele>23.0</ele><time>2024-06-08T16:48:05Z</time></trkpt>
<trkpt lat="45.37598" lon="-75.834774"><ele>23.0</ele><time>2024-06-08T16:48:06Z</time></trkpt>
<trkpt lat="45.375955" lon="-75.834774"><ele>23.0</ele><time>2024-06-08T16:48:07Z</time></trkpt>
<trkpt lat="45.375933" lon="-75.834774"><ele>23.0</ele><time>2024-06-08T16:48:08Z</time></trkpt>
<trkpt lat="45.375911" lon="-75.834783"><ele>23.0</ele><time>2024-06-08T16:48:09Z</time></trkpt>
<trkpt lat="45.375892" lon="-75.834783"><ele>23.0</ele><time>2024-06-08T16:48:10Z</time></trkpt>
<trkpt lat="45.375873" lon="-75.834792"><ele>23.0</ele><time>2024-06-08T16:48:11Z</time></trkpt>
<trkpt lat="45.37585" lon="-75.834801"><ele>23.0</ele><time>2024-06-08T16:48:12Z</time></trkpt>
<trkpt lat="45.375831" lon="-75.83481"><ele>23.0</ele><time>2024-06-08T16:48:13Z</time></trkpt>
<trkpt lat="45.375812" lon="-75.834819"><ele>23.0</ele><time>2024-06-08T16:48:14Z</time></trkpt>
<trkpt lat="45.375797" lon="-75.834828"><ele>23.0</ele><time>2024-06-08T16:48:15Z</time></trkpt>
<trkpt lat="45.375778" lon="-75.834837"><ele>23.0</ele><time>2024-06-08T16:48:16Z</time></trkpt>
<trkpt lat="45.375762" lon="-75.834846"><ele>23.0</ele><time>2024-06-08T16:48:17Z</time></trkpt>
<trkpt lat="45.375746" lon="-75.834846"><ele>23.0</ele><time>2024-06-08T16:48:18Z</time></trkpt>
<trkpt lat="45.375727" lon="-75.834846"><ele>23.0</ele><time>2024-06-08T16:48:19Z</time></trkpt>
<trkpt lat="45.375705" lon="-75.834846"><ele>23.0</ele><time>2024-06-08T16:48:20Z</time></trkpt>
<trkpt lat="45.375686" lon="-75.834846"><ele>23.0</ele><time>2024-06-08T16:48:21Z</time></trkpt>
<trkpt lat="45.375664" lon="-75.834846"><ele>23.0</ele><time>2024-06-08T16:48:22Z</time></trkpt>
<trkpt lat="45.375645" lon="-75.834855"><ele>23.0</ele><time>2024-06-08T16:48:23Z</time></trkpt>
<trkpt lat="45.375626" lon="-75.834855"><ele>23.0</ele><time>2024-06-08T16:48:24Z</time></trkpt>
<trkpt lat="45.375604" lon="-75.834864"><ele>23.0</ele><time>2024-06-08T16:48:25Z</time></trkpt>
<trkpt lat="45.375585" lon="-75.834873"><ele>23.0</ele><time>2024-06-08T16:48:26Z</time></trkpt>
<trkpt lat="45.375566" lon="-75.834882"><ele>23.0</ele><time>2024-06-08T16:48:27Z</time></trkpt>
<trkpt lat="45.375547" lon="-75.834891"><ele>23.0</ele><time>2024-06-08T16:48:28Z</time></trkpt>
<trkpt lat="45.375528" lon="-75.8349"><ele>23.0</ele><time>2024-06-08T16:48:29Z</time></trkpt>
<trkpt lat="45.375509" lon="-75.834909"><ele>23.0</ele><time>2024-06-08T16:48:30Z</time></trkpt>
<trkpt lat="45.37549" lon="-75.834909"><ele>23.0</ele><time>2024-06-08T16:48:31Z</time></trkpt>
<trkpt lat="45.375471" lon="-75.834918"><ele>23.0</ele><time>2024-06-08T16:48:32Z</time></trkpt>
<trkpt lat="45.375452" lon="-75.834918"><ele>23.0</ele><time>2024-06-08T16:48:33Z</time></trkpt>
<trkpt lat="45.375433" lon="-75.834927"><ele>23.0</ele><time>2024-06-08T16:48:34Z</time></trkpt>
<trkpt lat="45.375414" lon="-75.834936"><ele>23.0</ele><time>2024-06-08T16:48:35Z</time></trkpt>
<trkpt lat="45.375398" lon="-75.834945"><ele>23.0</ele><time>2024-06-08T16:48:36Z</time></trkpt>
<trkpt lat="45.375382" lon="-75.834954"><ele>23.0</ele><time>2024-06-08T16:48:37Z</time></trkpt>
<trkpt lat="45.375363" lon="-75.834963"><ele>23.0</ele><time>2024-06-08T16:48:38Z</time></trkpt>
<trkpt lat="45.375344" lon="-75.834972"><ele>23.0</ele><time>2024-06-08T16:48:39Z</time></trkpt>
<trkpt lat="45.375325" lon="-75.834981"><ele>23.0</ele><time>2024-06-08T16:48:40Z</time></trkpt>
<trkpt lat="45.375306" lon="-75.834981"><ele>23.0</ele><time>2024-06-08T16:48:41Z</time></trkpt>
<trkpt lat="45.375287" lon="-75.834989"><ele>23.0</ele><time>2024-06-08T16:48:42Z</time></trkpt>
<trkpt lat="45.375271" lon="-75.834998"><ele>23.0</ele><time>2024-06-08T16:48:43Z</time></trkpt>
<trkpt lat="45.375252" lon="-75.835007"><ele>23.0</ele><time>2024-06-08T16:48:44Z</time></trkpt>
<trkpt lat="45.375236" lon="-75.835016"><ele>23.0</ele><time>2024-06-08T16:48:45Z</time></trkpt>
<trkpt lat="45.375224" lon="-75.835025"><ele>23.0</ele><time>2024-06-08T16:48:46Z</time></trkpt>
<trkpt lat="45.375208" lon="-75.835034"><ele>23.0</ele><time>2024-06-08T16:48:47Z</time></trkpt>
<trkpt lat="45.375192" lon="-75.835043"><ele>23.0</ele><time>2024-06-08T16:48:48Z</time></trkpt>
<trkpt lat="45.375179" lon="-75.835052"><ele>23.0</ele><time>2024-06-08T16:48:49Z</time></trkpt>
<trkpt lat="45.375164" lon="-75.835052"><ele>23.0</ele><time>2024-06-08T16:48:50Z</time></trkpt>
<trkpt lat="45.375148" lon="-75.835061"><ele>23.0</ele><time>2024-06-08T16:48:51Z</time></trkpt>
<trkpt lat="45.375132" lon="-75.83507"><ele>23.0</ele><time>2024-06-08T16:48:52Z</time></trkpt>
<trkpt lat="45.375116" lon="-75.83507"><ele>23.0</ele><time>2024-06-08T16:48:53Z</time></trkpt>
<trkpt lat="45.375097" lon="-75.83507"><ele>23.0</ele><time>2024-06-08T16:48:54Z</time></trkpt>
<trkpt lat="45.375081" lon="-75.835079"><ele>23.0</ele><time>2024-06-08T16:48:55Z</time></trkpt>
<trkpt lat="45.375065" lon="-75.835088"><ele>23.0</ele><time>2024-06-08T16:48:56Z</time></trkpt>
<trkpt lat="45.37505" lon="-75.835097"><ele>23.0</ele><time>2024-06-08T16:48:57Z</time></trkpt>
<trkpt lat="45.375037" lon="-75.835106"><ele>23.0</ele><time>2024-06-08T16:48:58Z</time></trkpt>
<trkpt lat="45.375021" lon="-75.835115"><ele>23.0</ele><time>2024-06-08T16:48:59Z</time></trkpt>
<trkpt lat="45.375005" lon="-75.835124"><ele>23.0</ele><time>2024-06-08T16:49:00Z</time></trkpt>
<trkpt lat="45.374993" lon="-75.835124"><ele>23.0</ele><time>2024-06-08T16:49:01Z</time></trkpt>
<trkpt lat="45.374974" lon="-75.835133"><ele>23.0</ele><time>2024-06-08T16:49:02Z</time></trkpt>
<trkpt lat="45.374958" lon="-75.835142"><ele>23.0</ele><time>2024-06-08T16:49:03Z</time></trkpt>
<trkpt lat="45.374939" lon="-75.835142"><ele>23.0</ele><time>2024-06-08T16:49:04Z</time></trkpt>
<trkpt lat="45.374923" lon="-75.835142"><ele>23.0</ele><time>2024-06-08T16:49:05Z</time></trkpt>
<trkpt lat="45.374904" lon="-75.835151"><ele>23.0</ele><time>2024-06-08T16:49:06Z</time></trkpt>
<trkpt lat="45.374888" lon="-75.835151"><ele>23.0</ele><time>2024-06-08T16:49:07Z</time></trkpt>
<trkpt lat="45.374872" lon="-75.83516"><ele>23.0</ele><time>2024-06-08T16:49:08Z</time></trkpt>
<trkpt lat="45.374856" lon="-75.835169"><ele>23.0</ele><time>2024-06-08T16:49:09Z</time></trkpt>
<trkpt lat="45.374841" lon="-75.835169"><ele>23.0</ele><time>2024-06-08T16:49:10Z</time></trkpt>
<trkpt lat="45.374825" lon="-75.835169"><ele>23.0</ele><time>2024-06-08T16:49:11Z</time></trkpt>
<trkpt lat="45.374806" lon="-75.835178"><ele>23.0</ele><time>2024-06-08T16:49:12Z</time></trkpt>
<trkpt lat="45.374787" lon="-75.835178"><ele>23.0</ele><time>2024-06-08T16:49:13Z</time></trkpt>
<trkpt lat="45.374768" lon="-75.835169"><ele>23.0</ele><time>2024-06-08T16:49:14Z</time></trkpt>
<trkpt lat="45.374749" lon="-75.835169"><ele>23.0</ele><time>2024-06-08T16:49:15Z</time></trkpt>
<trkpt lat="45.374727" lon="-75.835178"><ele>23.0</ele><time>2024-06-08T16:49:16Z</time></trkpt>
<trkpt lat="45.374708" lon="-75.835178"><ele>23.0</ele><time>2024-06-08T16:49:17Z</time></trkpt>
<trkpt lat="45.374685" lon="-75.835187"><ele>23.0</ele><time>2024-06-08T16:49:18Z</time></trkpt>
<trkpt lat="45.374663" lon="-75.835187"><ele>23.0</ele><time>2024-06-08T16:49:19Z</time></trkpt>
<trkpt lat="45.374644" lon="-75.835196"><ele>23.0</ele><time>2024-06-08T16:49:20Z</time></trkpt>
<trkpt lat="45.374622" lon="-75.835196"><ele>23.0</ele><time>2024-06-08T16:49:21Z</time></trkpt>
<trkpt lat="45.3746" lon="-75.835205"><ele>23.0</ele><time>2024-06-08T16:49:22Z</time></trkpt>
<trkpt lat="45.374581" lon="-75.835205"><ele>23.0</ele><time>2024-06-08T16:49:23Z</time></trkpt>
<trkpt lat="45.374562" lon="-75.835214"><ele>23.0</ele><time>2024-06-08T16:49:24Z</time></trkpt>
<trkpt lat="45.374543" lon="-75.835223"><ele>23.0</ele><time>2024-06-08T16:49:25Z</time></trkpt>
<trkpt lat="45.374524" lon="-75.835232"><ele>23.0</ele><time>2024-06-08T16:49:26Z</time></trkpt>
<trkpt lat="45.374508" lon="-75.835241"><ele>23.0</ele><time>2024-06-08T16:49:27Z</time></trkpt>
<trkpt lat="45.374489" lon="-75.835241"><ele>23.0</ele><time>2024-06-08T16:49:28Z</time></trkpt>
<trkpt lat="45.37447" lon="-75.835241"><ele>23.0</ele><time>2024-06-08T16:49:29Z</time></trkpt>
<trkpt lat="45.374451" lon="-75.835241"><ele>23.0</ele><time>2024-06-08T16:49:30Z</time></trkpt>
<trkpt lat="45.374429" lon="-75.835241"><ele>23.0</ele><time>2024-06-08T16:49:31Z</time></trkpt>
<trkpt lat="45.37441" lon="-75.835232"><ele>23.0</ele><time>2024-06-08T16:49:32Z</time></trkpt>
<trkpt lat="45.374388" lon="-75.835232"><ele>23.0</ele><time>2024-06-08T16:49:33Z</time></trkpt>
<trkpt lat="45.374369" lon="-75.835241"><ele>23.0</ele><time>2024-06-08T16:49:34Z</time></trkpt>
<trkpt lat="45.374347" lon="-75.835241"><ele>23.0</ele><time>2024-06-08T16:49:35Z</time></trkpt>
<trkpt lat="45.374328" lon="-75.835241"><ele>23.0</ele><time>2024-06-08T16:49:36Z</time></trkpt>
<trkpt lat="45.374306" lon="-75.835241"><ele>23.0</ele><time>2024-06-08T16:49:37Z</time></trkpt>
<trkpt lat="45.374283" lon="-75.835232"><ele>23.0</ele><time>2024-06-08T16:49:38Z</time></trkpt>
<trkpt lat="45.374261" lon="-75.835241"><ele>23.0</ele><time>2024-06-08T16:49:39Z</time></trkpt>
<trkpt lat="45.374242" lon="-75.835241"><ele>22.0</ele><time>2024-06-08T16:49:40Z</time></trkpt>
<trkpt lat="45.37422" lon="-75.835241"><ele>22.0</ele><time>2024-06-08T16:49:41Z</time></trkpt>
<trkpt lat="45.374198" lon="-75.835241"><ele>22.0</ele><time>2024-06-08T16:49:42Z</time></trkpt>
<trkpt lat="45.374179" lon="-75.835241"><ele>22.0</ele><time>2024-06-08T16:49:43Z</time></trkpt>
<trkpt lat="45.374157" lon="-75.835241"><ele>22.0</ele><time>2024-06-08T16:49:44Z</time></trkpt>
<trkpt lat="45.374138" lon="-75.83525"><ele>22.0</ele><time>2024-06-08T16:49:45Z</time></trkpt>
<trkpt lat="45.374119" lon="-75.83525"><ele>22.0</ele><time>2024-06-08T16:49:46Z</time></trkpt>
<trkpt lat="45.3741" lon="-75.835259"><ele>23.0</ele><time>2024-06-08T16:49:47Z</time></trkpt>
<trkpt lat="45.374081" lon="-75.835268"><ele>22.0</ele><time>2024-06-08T16:49:48Z</time></trkpt>
<trkpt lat="45.374065" lon="-75.835277"><ele>23.0</ele><time>2024-06-08T16:49:49Z</time></trkpt>
<trkpt lat="45.374046" lon="-75.835286"><ele>23.0</ele><time>2024-06-08T16:49:50Z</time></trkpt>
<trkpt lat="45.374027" lon="-75.835295"><ele>23.0</ele><time>2024-06-08T16:49:51Z</time></trkpt>
<trkpt lat="45.374008" lon="-75.835295"><ele>23.0</ele><time>2024-06-08T16:49:52Z</time></trkpt>
<trkpt lat="45.373989" lon="-75.835295"><ele>23.0</ele><time>2024-06-08T16:49:53Z</time></trkpt>
<trkpt lat="45.37397" lon="-75.835295"><ele>23.0</ele><time>2024-06-08T16:49:54Z</time></trkpt>
<trkpt lat="45.373951" lon="-75.835304"><ele>23.0</ele><time>2024-06-08T16:49:55Z</time></trkpt>
<trkpt lat="45.373935" lon="-75.835313"><ele>23.0</ele><time>2024-06-08T16:49:56Z</time></trkpt>
<trkpt lat="45.373916" lon="-75.835322"><ele>23.0</ele><time>2024-06-08T16:49:57Z</time></trkpt>
<trkpt lat="45.3739" lon="-75.835331"><ele>23.0</ele><time>2024-06-08T16:49:58Z</time></trkpt>
<trkpt lat="45.373881" lon="-75.83534"><ele>23.0</ele><time>2024-06-08T16:49:59Z</time></trkpt>
<trkpt lat="45.373862" lon="-75.83534"><ele>23.0</ele><time>2024-06-08T16:50:00Z</time></trkpt>
<trkpt lat="45.373847" lon="-75.835349"><ele>23.0</ele><time>2024-06-08T16:50:01Z</time></trkpt>
<trkpt lat="45.373831" lon="-75.835358"><ele>23.0</ele><time>2024-06-08T16:50:02Z</time></trkpt>
<trkpt lat="45.373815" lon="-75.835367"><ele>23.0</ele><time>2024-06-08T16:50:03Z</time></trkpt>
<trkpt lat="45.373799" lon="-75.835376"><ele>23.0</ele><time>2024-06-08T16:50:04Z</time></trkpt>
<trkpt lat="45.373783" lon="-75.835376"><ele>23.0</ele><time>2024-06-08T16:50:05Z</time></trkpt>
<trkpt lat="45.373767" lon="-75.835385"><ele>23.0</ele><time>2024-06-08T16:50:06Z</time></trkpt>
<trkpt lat="45.373752" lon="-75.835385"><ele>23.0</ele><time>2024-06-08T16:50:07Z</time></trkpt>
<trkpt lat="45.373733" lon="-75.835385"><ele>23.0</ele><time>2024-06-08T16:50:08Z</time></trkpt>
<trkpt lat="45.373717" lon="-75.835385"><ele>23.0</ele><time>2024-06-08T16:50:09Z</time></trkpt>
<trkpt lat="45.373698" lon="-75.835385"><ele>23.0</ele><time>2024-06-08T16:50:10Z</time></trkpt>
<trkpt lat="45.373679" lon="-75.835385"><ele>23.0</ele><time>2024-06-08T16:50:11Z</time></trkpt>
<trkpt lat="45.37366" lon="-75.835385"><ele>23.0</ele><time>2024-06-08T16:50:12Z</time></trkpt>
<trkpt lat="45.373638" lon="-75.835385"><ele>23.0</ele><time>2024-06-08T16:50:13Z</time></trkpt>
<trkpt lat="45.373619" lon="-75.835385"><ele>23.0</ele><time>2024-06-08T16:50:14Z</time></trkpt>
<trkpt lat="45.373597" lon="-75.835385"><ele>23.0</ele><time>2024-06-08T16:50:15Z</time></trkpt>
<trkpt lat="45.373578" lon="-75.835394"><ele>23.0</ele><time>2024-06-08T16:50:16Z</time></trkpt>
<trkpt lat="45.373555" lon="-75.835394"><ele>23.0</ele><time>2024-06-08T16:50:17Z</time></trkpt>
<trkpt lat="45.373536" lon="-75.835394"><ele>23.0</ele><time>2024-06-08T16:50:18Z</time></trkpt>
<trkpt lat="45.373514" lon="-75.835403"><ele>23.0</ele><time>2024-06-08T16:50:19Z</time></trkpt>
<trkpt lat="45.373492" lon="-75.835403"><ele>23.0</ele><time>2024-06-08T16:50:20Z</time></trkpt>
<trkpt lat="45.373473" lon="-75.835412"><ele>23.0</ele><time>2024-06-08T16:50:21Z</time></trkpt>
<trkpt lat="45.373451" lon="-75.835412"><ele>23.0</ele><time>2024-06-08T16:50:22Z</time></trkpt>
<trkpt lat="45.373432" lon="-75.835421"><ele>23.0</ele><time>2024-06-08T16:50:23Z</time></trkpt>
<trkpt lat="45.373413" lon="-75.835421"><ele>23.0</ele><time>2024-06-08T16:50:24Z</time></trkpt>
<trkpt lat="45.373394" lon="-75.83543"><ele>23.0</ele><time>2024-06-08T16:50:25Z</time></trkpt>
<trkpt lat="45.373375" lon="-75.83543"><ele>23.0</ele><time>2024-06-08T16:50:26Z</time></trkpt>
<trkpt lat="45.373356" lon="-75.83543"><ele>23.0</ele><time>2024-06-08T16:50:27Z</time></trkpt>
<trkpt lat="45.373337" lon="-75.83543"><ele>23.0</ele><time>2024-06-08T16:50:28Z</time></trkpt>
<trkpt lat="45.373321" lon="-75.83543"><ele>23.0</ele><time>2024-06-08T16:50:29Z</time></trkpt>
<trkpt lat="45.373302" lon="-75.835439"><ele>23.0</ele><time>2024-06-08T16:50:30Z</time></trkpt>
<trkpt lat="45.373286" lon="-75.835439"><ele>23.0</ele><time>2024-06-08T16:50:31Z</time></trkpt>
<trkpt lat="45.37327" lon="-75.835439"><ele>23.0</ele><time>2024-06-08T16:50:32Z</time></trkpt>
<trkpt lat="45.373255" lon="-75.835448"><ele>23.0</ele><time>2024-06-08T16:50:33Z</time></trkpt>
<trkpt lat="45.373239" lon="-75.835448"><ele>23.0</ele><time>2024-06-08T16:50:34Z</time></trkpt>
<trkpt lat="45.373223" lon="-75.835457"><ele>23.0</ele><time>2024-06-08T16:50:35Z</time></trkpt>
<trkpt lat="45.37321" lon="-75.835466"><ele>23.0</ele><time>2024-06-08T16:50:36Z</time></trkpt>
<trkpt lat="45.373198" lon="-75.835466"><ele>23.0</ele><time>2024-06-08T16:50:37Z</time></trkpt>
<trkpt lat="45.373182" lon="-75.835475"><ele>23.0</ele><time>2024-06-08T16:50:38Z</time></trkpt>
<trkpt lat="45.373169" lon="-75.835484"><ele>23.0</ele><time>2024-06-08T16:50:39Z</time></trkpt>
<trkpt lat="45.373156" lon="-75.835484"><ele>23.0</ele><time>2024-06-08T16:50:40Z</time></trkpt>
<trkpt lat="45.373144" lon="-75.835493"><ele>23.0</ele><time>2024-06-08T16:50:41Z</time></trkpt>
<trkpt lat="45.373131" lon="-75.835493"><ele>23.0</ele><time>2024-06-08T16:50:42Z</time></trkpt>
<trkpt lat="45.373115" lon="-75.835493"><ele>24.0</ele><time>2024-06-08T16:50:43Z</time></trkpt>
<trkpt lat="45.373103" lon="-75.835502"><ele>23.0</ele><time>2024-06-08T16:50:44Z</time></trkpt>
<trkpt lat="45.373087" lon="-75.835502"><ele>23.0</ele><time>2024-06-08T16:50:45Z</time></trkpt>
<trkpt lat="45.373074" lon="-75.835502"><ele>23.0</ele><time>2024-06-08T16:50:46Z</time></trkpt>
<trkpt lat="45.373058" lon="-75.835502"><ele>23.0</ele><time>2024-06-08T16:50:47Z</time></trkpt>
<trkpt lat="45.373043" lon="-75.835502"><ele>23.0</ele><time>2024-06-08T16:50:48Z</time></trkpt>
<trkpt lat="45.37303" lon="-75.835502"><ele>23.0</ele><time>2024-06-08T16:50:49Z</time></trkpt>
<trkpt lat="45.373017" lon="-75.835502"><ele>23.0</ele><time>2024-06-08T16:50:50Z</time></trkpt>
<trkpt lat="45.373005" lon="-75.83551"><ele>23.0</ele><time>2024-06-08T16:50:51Z</time></trkpt>
<trkpt lat="45.372995" lon="-75.83551"><ele>23.0</ele><time>2024-06-08T16:50:52Z</time></trkpt>
<trkpt lat="45.372989" lon="-75.835519"><ele>23.0</ele><time>2024-06-08T16:50:53Z</time></trkpt>
<trkpt lat="45.372986" lon="-75.835528"><ele>23.0</ele><time>2024-06-08T16:50:54Z</time></trkpt>
<trkpt lat="45.372979" lon="-75.835537"><ele>23.0</ele><time>2024-06-08T16:50:55Z</time></trkpt>
<trkpt lat="45.372979" lon="-75.835546"><ele>23.0</ele><time>2024-06-08T16:50:56Z</time></trkpt>
<trkpt lat="45.372976" lon="-75.835555"><ele>23.0</ele><time>2024-06-08T16:50:57Z</time></trkpt>
<trkpt lat="45.372979" lon="-75.835555"><ele>23.0</ele><time>2024-06-08T16:50:58Z</time></trkpt>
<trkpt lat="45.372982" lon="-75.835564"><ele>23.0</ele><time>2024-06-08T16:50:59Z</time></trkpt>
<trkpt lat="45.372989" lon="-75.835573"><ele>23.0</ele><time>2024-06-08T16:51:00Z</time></trkpt>
<trkpt lat="45.372995" lon="-75.835582"><ele>23.0</ele><time>2024-06-08T16:51:01Z</time></trkpt>
<trkpt lat="45.373008" lon="-75.835591"><ele>23.0</ele><time>2024-06-08T16:51:02Z</time></trkpt>
<trkpt lat="45.373017" lon="-75.8356"><ele>23.0</ele><time>2024-06-08T16:51:03Z</time></trkpt>
<trkpt lat="45.373027" lon="-75.835609"><ele>23.0</ele><time>2024-06-08T16:51:04Z</time></trkpt>
<trkpt lat="45.373039" lon="-75.835618"><ele>23.0</ele><time>2024-06-08T16:51:05Z</time></trkpt>
<trkpt lat="45.373052" lon="-75.835627"><ele>23.0</ele><time>2024-06-08T16:51:06Z</time></trkpt>
<trkpt lat="45.373065" lon="-75.835636"><ele>24.0</ele><time>2024-06-08T16:51:07Z</time></trkpt>
<trkpt lat="45.373077" lon="-75.835645"><ele>24.0</ele><time>2024-06-08T16:51:08Z</time></trkpt>
<trkpt lat="45.37309" lon="-75.835654"><ele>24.0</ele><time>2024-06-08T16:51:09Z</time></trkpt>
<trkpt lat="45.373103" lon="-75.835672"><ele>24.0</ele><time>2024-06-08T16:51:10Z</time></trkpt>
<trkpt lat="45.373115" lon="-75.835681"><ele>24.0</ele><time>2024-06-08T16:51:11Z</time></trkpt>
<trkpt lat="45.373128" lon="-75.83569"><ele>24.0</ele><time>2024-06-08T16:51:12Z</time></trkpt>
<trkpt lat="45.373141" lon="-75.835708"><ele>24.0</ele><time>2024-06-08T16:51:13Z</time></trkpt>
<trkpt lat="45.373153" lon="-75.835717"><ele>24.0</ele><time>2024-06-08T16:51:14Z</time></trkpt>
<trkpt lat="45.373166" lon="-75.835735"><ele>24.0</ele><time>2024-06-08T16:51:15Z</time></trkpt>
<trkpt lat="45.373179" lon="-75.835744"><ele>24.0</ele><time>2024-06-08T16:51:16Z</time></trkpt>
<trkpt lat="45.373191" lon="-75.835753"><ele>24.0</ele><time>2024-06-08T16:51:17Z</time></trkpt>
<trkpt lat="45.373207" lon="-75.835771"><ele>24.0</ele><time>2024-06-08T16:51:18Z</time></trkpt>
<trkpt lat="45.37322" lon="-75.83578"><ele>24.0</ele><time>2024-06-08T16:51:19Z</time></trkpt>
<trkpt lat="45.373236" lon="-75.835789"><ele>24.0</ele><time>2024-06-08T16:51:20Z</time></trkpt>
<trkpt lat="45.373248" lon="-75.835807"><ele>24.0</ele><time>2024-06-08T16:51:21Z</time></trkpt>
<trkpt lat="45.373264" lon="-75.835816"><ele>24.0</ele><time>2024-06-08T16:51:22Z</time></trkpt>
<trkpt lat="45.37328" lon="-75.835825"><ele>24.0</ele><time>2024-06-08T16:51:23Z</time></trkpt>
<trkpt lat="45.373299" lon="-75.835834"><ele>24.0</ele><time>2024-06-08T16:51:24Z</time></trkpt>
<trkpt lat="45.373312" lon="-75.835843"><ele>24.0</ele><time>2024-06-08T16:51:25Z</time></trkpt>
<trkpt lat="45.373327" lon="-75.835861"><ele>24.0</ele><time>2024-06-08T16:51:26Z</time></trkpt>
<trkpt lat="45.37334" lon="-75.83587"><ele>24.0</ele><time>2024-06-08T16:51:27Z</time></trkpt>
<trkpt lat="45.373356" lon="-75.835888"><ele>25.0</ele><time>2024-06-08T16:51:28Z</time></trkpt>
<trkpt lat="45.373369" lon="-75.835906"><ele>25.0</ele><time>2024-06-08T16:51:29Z</time></trkpt>
<trkpt lat="45.373384" lon="-75.835915"><ele>25.0</ele><time>2024-06-08T16:51:30Z</time></trkpt>
<trkpt lat="45.3734" lon="-75.835933"><ele>25.0</ele><time>2024-06-08T16:51:31Z</time></trkpt>
<trkpt lat="45.373416" lon="-75.835951"><ele>25.0</ele><time>2024-06-08T16:51:32Z</time></trkpt>
<trkpt lat="45.373432" lon="-75.83596"><ele>25.0</ele><time>2024-06-08T16:51:33Z</time></trkpt>
<trkpt lat="45.373445" lon="-75.835978"><ele>25.0</ele><time>2024-06-08T16:51:34Z</time></trkpt>
<trkpt lat="45.37346" lon="-75.835996"><ele>25.0</ele><time>2024-06-08T16:51:35Z</time></trkpt>
<trkpt lat="45.373476" lon="-75.836014"><ele>25.0</ele><time>2024-06-08T16:51:36Z</time></trkpt>
<trkpt lat="45.373495" lon="-75.836023"><ele>25.0</ele><time>2024-06-08T16:51:37Z</time></trkpt>
<trkpt lat="45.373511" lon="-75.83604"><ele>25.0</ele><time>2024-06-08T16:51:38Z</time></trkpt>
<trkpt lat="45.373524" lon="-75.836058"><ele>25.0</ele><time>2024-06-08T16:51:39Z</time></trkpt>
<trkpt lat="45.373543" lon="-75.836076"><ele>25.0</ele><time>2024-06-08T16:51:40Z</time></trkpt>
<trkpt lat="45.373559" lon="-75.836094"><ele>25.0</ele><time>2024-06-08T16:51:41Z</time></trkpt>
<trkpt lat="45.373574" lon="-75.836103"><ele>25.0</ele><time>2024-06-08T16:51:42Z</time></trkpt>
<trkpt lat="45.373593" lon="-75.836121"><ele>25.0</ele><time>2024-06-08T16:51:43Z</time></trkpt>
<trkpt lat="45.373609" lon="-75.836139"><ele>25.0</ele><time>2024-06-08T16:51:44Z</time></trkpt>
<trkpt lat="45.373625" lon="-75.836157"><ele>25.0</ele><time>2024-06-08T16:51:45Z</time></trkpt>
<trkpt lat="45.373641" lon="-75.836175"><ele>25.0</ele><time>2024-06-08T16:51:46Z</time></trkpt>
<trkpt lat="45.373657" lon="-75.836193"><ele>25.0</ele><time>2024-06-08T16:51:47Z</time></trkpt>
<trkpt lat="45.373672" lon="-75.836211"><ele>25.0</ele><time>2024-06-08T16:51:48Z</time></trkpt>
<trkpt lat="45.373688" lon="-75.836229"><ele>25.0</ele><time>2024-06-08T16:51:49Z</time></trkpt>
<trkpt lat="45.373704" lon="-75.836238"><ele>25.0</ele><time>2024-06-08T16:51:50Z</time></trkpt>
<trkpt lat="45.373723" lon="-75.836256"><ele>25.0</ele><time>2024-06-08T16:51:51Z</time></trkpt>
<trkpt lat="45.373739" lon="-75.836274"><ele>25.0</ele><time>2024-06-08T16:51:52Z</time></trkpt>
<trkpt lat="45.373758" lon="-75.836292"><ele>25.0</ele><time>2024-06-08T16:51:53Z</time></trkpt>
<trkpt lat="45.373774" lon="-75.83631"><ele>25.0</ele><time>2024-06-08T16:51:54Z</time></trkpt>
<trkpt lat="45.373793" lon="-75.836328"><ele>25.0</ele><time>2024-06-08T16:51:55Z</time></trkpt>
<trkpt lat="45.373809" lon="-75.836346"><ele>25.0</ele><time>2024-06-08T16:51:56Z</time></trkpt>
<trkpt lat="45.373828" lon="-75.836364"><ele>25.0</ele><time>2024-06-08T16:51:57Z</time></trkpt>
<trkpt lat="45.373843" lon="-75.836382"><ele>25.0</ele><time>2024-06-08T16:51:58Z</time></trkpt>
<trkpt lat="45.373862" lon="-75.836391"><ele>25.0</ele><time>2024-06-08T16:51:59Z</time></trkpt>
<trkpt lat="45.373878" lon="-75.836409"><ele>25.0</ele><time>2024-06-08T16:52:00Z</time></trkpt>
<trkpt lat="45.373897" lon="-75.836427"><ele>25.0</ele><time>2024-06-08T16:52:01Z</time></trkpt>
<trkpt lat="45.373916" lon="-75.836445"><ele>25.0</ele><time>2024-06-08T16:52:02Z</time></trkpt>
<trkpt lat="45.373932" lon="-75.836463"><ele>25.0</ele><time>2024-06-08T16:52:03Z</time></trkpt>
<trkpt lat="45.373951" lon="-75.836481"><ele>25.0</ele><time>2024-06-08T16:52:04Z</time></trkpt>
<trkpt lat="45.37397" lon="-75.83649"><ele>25.0</ele><time>2024-06-08T16:52:05Z</time></trkpt>
<trkpt lat="45.373989" lon="-75.836508"><ele>25.0</ele><time>2024-06-08T16:52:06Z</time></trkpt>
<trkpt lat="45.374008" lon="-75.836517"><ele>25.0</ele><time>2024-06-08T16:52:07Z</time></trkpt>
<trkpt lat="45.374024" lon="-75.836535"><ele>25.0</ele><time>2024-06-08T16:52:08Z</time></trkpt>
<trkpt lat="45.374043" lon="-75.836544"><ele>25.0</ele><time>2024-06-08T16:52:09Z</time></trkpt>
<trkpt lat="45.374062" lon="-75.836561"><ele>24.0</ele><time>2024-06-08T16:52:10Z</time></trkpt>
<trkpt lat="45.374081" lon="-75.83657"><ele>25.0</ele><time>2024-06-08T16:52:11Z</time></trkpt>
<trkpt lat="45.374097" lon="-75.836579"><ele>24.0</ele><time>2024-06-08T16:52:12Z</time></trkpt>
<trkpt lat="45.374113" lon="-75.836597"><ele>25.0</ele><time>2024-06-08T16:52:13Z</time></trkpt>
<trkpt lat="45.374119" lon="-75.836615"><ele>24.0</ele><time>2024-06-08T16:52:14Z</time></trkpt>
<trkpt lat="45.374122" lon="-75.836633"><ele>24.0</ele><time>2024-06-08T16:52:15Z</time></trkpt>
<trkpt lat="45.374119" lon="-75.836651"><ele>25.0</ele><time>2024-06-08T16:52:16Z</time></trkpt>
<trkpt lat="45.374113" lon="-75.836669"><ele>25.0</ele><time>2024-06-08T16:52:17Z</time></trkpt>
<trkpt lat="45.374106" lon="-75.836678"><ele>24.0</ele><time>2024-06-08T16:52:18Z</time></trkpt>
<trkpt lat="45.374094" lon="-75.836678"><ele>24.0</ele><time>2024-06-08T16:52:19Z</time></trkpt>
<trkpt lat="45.374084" lon="-75.836678"><ele>24.0</ele><time>2024-06-08T16:52:20Z</time></trkpt>
<trkpt lat="45.374075" lon="-75.836678"><ele>24.0</ele><time>2024-06-08T16:52:21Z</time></trkpt>
<trkpt lat="45.374062" lon="-75.836678"><ele>24.0</ele><time>2024-06-08T16:52:22Z</time></trkpt>
<trkpt lat="45.374049" lon="-75.836669"><ele>24.0</ele><time>2024-06-08T16:52:23Z</time></trkpt>
<trkpt lat="45.374033" lon="-75.83666"><ele>24.0</ele><time>2024-06-08T16:52:24Z</time></trkpt>
<trkpt lat="45.374021" lon="-75.836651"><ele>24.0</ele><time>2024-06-08T16:52:25Z</time></trkpt>
<trkpt lat="45.374008" lon="-75.836642"><ele>24.0</ele><time>2024-06-08T16:52:26Z</time></trkpt>
<trkpt lat="45.373992" lon="-75.836633"><ele>24.0</ele><time>2024-06-08T16:52:27Z</time></trkpt>
<trkpt lat="45.373976" lon="-75.836624"><ele>24.0</ele><time>2024-06-08T16:52:28Z</time></trkpt>
<trkpt lat="45.373961" lon="-75.836624"><ele>24.0</ele><time>2024-06-08T16:52:29Z</time></trkpt>
<trkpt lat="45.373945" lon="-75.836624"><ele>24.0</ele><time>2024-06-08T16:52:30Z</time></trkpt>
<trkpt lat="45.373932" lon="-75.836624"><ele>24.0</ele><time>2024-06-08T16:52:31Z</time></trkpt>
<trkpt lat="45.373916" lon="-75.836624"><ele>24.0</ele><time>2024-06-08T16:52:32Z</time></trkpt>
<trkpt lat="45.373904" lon="-75.836624"><ele>24.0</ele><time>2024-06-08T16:52:33Z</time></trkpt>
<trkpt lat="45.373888" lon="-75.836624"><ele>24.0</ele><time>2024-06-08T16:52:34Z</time></trkpt>
<trkpt lat="45.373875" lon="-75.836624"><ele>24.0</ele><time>2024-06-08T16:52:35Z</time></trkpt>
<trkpt lat="45.373859" lon="-75.836633"><ele>24.0</ele><time>2024-06-08T16:52:36Z</time></trkpt>
<trkpt lat="45.373847" lon="-75.836633"><ele>24.0</ele><time>2024-06-08T16:52:37Z</time></trkpt>
<trkpt lat="45.373834" lon="-75.836633"><ele>23.0</ele><time>2024-06-08T16:52:38Z</time></trkpt>
<trkpt lat="45.373821" lon="-75.836642"><ele>23.0</ele><time>2024-06-08T16:52:39Z</time></trkpt>
<trkpt lat="45.373809" lon="-75.836642"><ele>23.0</ele><time>2024-06-08T16:52:40Z</time></trkpt>
<trkpt lat="45.373796" lon="-75.836642"><ele>23.0</ele><time>2024-06-08T16:52:41Z</time></trkpt>
<trkpt lat="45.373783" lon="-75.836651"><ele>23.0</ele><time>2024-06-08T16:52:42Z</time></trkpt>
<trkpt lat="45.373771" lon="-75.836651"><ele>23.0</ele><time>2024-06-08T16:52:43Z</time></trkpt>
<trkpt lat="45.373758" lon="-75.836651"><ele>23.0</ele><time>2024-06-08T16:52:44Z</time></trkpt>
<trkpt lat="45.373745" lon="-75.83666"><ele>23.0</ele><time>2024-06-08T16:52:45Z</time></trkpt>
<trkpt lat="45.373733" lon="-75.83666"><ele>23.0</ele><time>2024-06-08T16:52:46Z</time></trkpt>
<trkpt lat="45.37372" lon="-75.83666"><ele>23.0</ele><time>2024-06-08T16:52:47Z</time></trkpt>
<trkpt lat="45.373707" lon="-75.836669"><ele>23.0</ele><time>2024-06-08T16:52:48Z</time></trkpt>
<trkpt lat="45.373695" lon="-75.836669"><ele>23.0</ele><time>2024-06-08T16:52:49Z</time></trkpt>
<trkpt lat="45.373679" lon="-75.836669"><ele>23.0</ele><time>2024-06-08T16:52:50Z</time></trkpt>
<trkpt lat="45.373666" lon="-75.836678"><ele>23.0</ele><time>2024-06-08T16:52:51Z</time></trkpt>
<trkpt lat="45.37365" lon="-75.836678"><ele>23.0</ele><time>2024-06-08T16:52:52Z</time></trkpt>
<trkpt lat="45.373638" lon="-75.836678"><ele>23.0</ele><time>2024-06-08T16:52:53Z</time></trkpt>
<trkpt lat="45.373622" lon="-75.836678"><ele>23.0</ele><time>2024-06-08T16:52:54Z</time></trkpt>
<trkpt lat="45.373609" lon="-75.836687"><ele>23.0</ele><time>2024-06-08T16:52:55Z</time></trkpt>
<trkpt lat="45.373597" lon="-75.836687"><ele>23.0</ele><time>2024-06-08T16:52:56Z</time></trkpt>
<trkpt lat="45.373584" lon="-75.836696"><ele>23.0</ele><time>2024-06-08T16:52:57Z</time></trkpt>
<trkpt lat="45.373574" lon="-75.836696"><ele>23.0</ele><time>2024-06-08T16:52:58Z</time></trkpt>
<trkpt lat="45.373562" lon="-75.836705"><ele>23.0</ele><time>2024-06-08T16:52:59Z</time></trkpt>
<trkpt lat="45.373552" lon="-75.836705"><ele>23.0</ele><time>2024-06-08T16:53:00Z</time></trkpt>
<trkpt lat="45.37354" lon="-75.836714"><ele>23.0</ele><time>2024-06-08T16:53:01Z</time></trkpt>
<trkpt lat="45.37353" lon="-75.836714"><ele>23.0</ele><time>2024-06-08T16:53:02Z</time></trkpt>
<trkpt lat="45.373521" lon="-75.836714"><ele>23.0</ele><time>2024-06-08T16:53:03Z</time></trkpt>
<trkpt lat="45.373511" lon="-75.836714"><ele>23.0</ele><time>2024-06-08T16:53:04Z</time></trkpt>
<trkpt lat="45.373505" lon="-75.836723"><ele>23.0</ele><time>2024-06-08T16:53:05Z</time></trkpt>
<trkpt lat="45.373495" lon="-75.836723"><ele>23.0</ele><time>2024-06-08T16:53:06Z</time></trkpt>
<trkpt lat="45.373483" lon="-75.836723"><ele>23.0</ele><time>2024-06-08T16:53:07Z</time></trkpt>
<trkpt lat="45.373473" lon="-75.836723"><ele>23.0</ele><time>2024-06-08T16:53:08Z</time></trkpt>
<trkpt lat="45.373464" lon="-75.836723"><ele>23.0</ele><time>2024-06-08T16:53:09Z</time></trkpt>
<trkpt lat="45.373451" lon="-75.836714"><ele>23.0</ele><time>2024-06-08T16:53:10Z</time></trkpt>
<trkpt lat="45.373438" lon="-75.836714"><ele>23.0</ele><time>2024-06-08T16:53:11Z</time></trkpt>
<trkpt lat="45.373429" lon="-75.836705"><ele>23.0</ele><time>2024-06-08T16:53:12Z</time></trkpt>
<trkpt lat="45.373416" lon="-75.836705"><ele>23.0</ele><time>2024-06-08T16:53:13Z</time></trkpt>
<trkpt lat="45.373403" lon="-75.836696"><ele>24.0</ele><time>2024-06-08T16:53:14Z</time></trkpt>
<trkpt lat="45.373388" lon="-75.836696"><ele>24.0</ele><time>2024-06-08T16:53:15Z</time></trkpt>
<trkpt lat="45.373375" lon="-75.836687"><ele>23.0</ele><time>2024-06-08T16:53:16Z</time></trkpt>
<trkpt lat="45.373362" lon="-75.836687"><ele>24.0</ele><time>2024-06-08T16:53:17Z</time></trkpt>
<trkpt lat="45.37335" lon="-75.836687"><ele>24.0</ele><time>2024-06-08T16:53:18Z</time></trkpt>
<trkpt lat="45.373337" lon="-75.836678"><ele>24.0</ele><time>2024-06-08T16:53:19Z</time></trkpt>
<trkpt lat="45.373321" lon="-75.836678"><ele>23.0</ele><time>2024-06-08T16:53:20Z</time></trkpt>
<trkpt lat="45.373308" lon="-75.836678"><ele>24.0</ele><time>2024-06-08T16:53:21Z</time></trkpt>
<trkpt lat="45.373296" lon="-75.836678"><ele>23.0</ele><time>2024-06-08T16:53:22Z</time></trkpt>
<trkpt lat="45.37328" lon="-75.836669"><ele>24.0</ele><time>2024-06-08T16:53:23Z</time></trkpt>
<trkpt lat="45.373267" lon="-75.836669"><ele>23.0</ele><time>2024-06-08T16:53:24Z</time></trkpt>
<trkpt lat="45.373251" lon="-75.836669"><ele>24.0</ele><time>2024-06-08T16:53:25Z</time></trkpt>
<trkpt lat="45.373236" lon="-75.83666"><ele>24.0</ele><time>2024-06-08T16:53:26Z</time></trkpt>
<trkpt lat="45.37322" lon="-75.83666"><ele>24.0</ele><time>2024-06-08T16:53:27Z</time></trkpt>
<trkpt lat="45.373204" lon="-75.83666"><ele>24.0</ele><time>2024-06-08T16:53:28Z</time></trkpt>
<trkpt lat="45.373188" lon="-75.836651"><ele>24.0</ele><time>2024-06-08T16:53:29Z</time></trkpt>
<trkpt lat="45.373172" lon="-75.836651"><ele>23.0</ele><time>2024-06-08T16:53:30Z</time></trkpt>
<trkpt lat="45.373156" lon="-75.836651"><ele>24.0</ele><time>2024-06-08T16:53:31Z</time></trkpt>
<trkpt lat="45.373137" lon="-75.836642"><ele>24.0</ele><time>2024-06-08T16:53:32Z</time></trkpt>
<trkpt lat="45.373122" lon="-75.836642"><ele>24.0</ele><time>2024-06-08T16:53:33Z</time></trkpt>
<trkpt lat="45.373103" lon="-75.836642"><ele>24.0</ele><time>2024-06-08T16:53:34Z</time></trkpt>
<trkpt lat="45.373087" lon="-75.836633"><ele>23.0</ele><time>2024-06-08T16:53:35Z</time></trkpt>
<trkpt lat="45.373065" lon="-75.836633"><ele>24.0</ele><time>2024-06-08T16:53:36Z</time></trkpt>
<trkpt lat="45.373046" lon="-75.836624"><ele>24.0</ele><time>2024-06-08T16:53:37Z</time></trkpt>
<trkpt lat="45.373027" lon="-75.836624"><ele>24.0</ele><time>2024-06-08T16:53:38Z</time></trkpt>
<trkpt lat="45.373008" lon="-75.836615"><ele>24.0</ele><time>2024-06-08T16:53:39Z</time></trkpt>
<trkpt lat="45.372989" lon="-75.836606"><ele>24.0</ele><time>2024-06-08T16:53:40Z</time></trkpt>
<trkpt lat="45.372967" lon="-75.836606"><ele>24.0</ele><time>2024-06-08T16:53:41Z</time></trkpt>
<trkpt lat="45.372948" lon="-75.836597"><ele>24.0</ele><time>2024-06-08T16:53:42Z</time></trkpt>
<trkpt lat="45.372929" lon="-75.836597"><ele>24.0</ele><time>2024-06-08T16:53:43Z</time></trkpt>
<trkpt lat="45.372906" lon="-75.836597"><ele>23.0</ele><time>2024-06-08T16:53:44Z</time></trkpt>
<trkpt lat="45.372887" lon="-75.836588"><ele>24.0</ele><time>2024-06-08T16:53:45Z</time></trkpt>
<trkpt lat="45.372868" lon="-75.836588"><ele>24.0</ele><time>2024-06-08T16:53:46Z</time></trkpt>
<trkpt lat="45.372849" lon="-75.836588"><ele>23.0</ele><time>2024-06-08T16:53:47Z</time></trkpt>
<trkpt lat="45.37283" lon="-75.836597"><ele>24.0</ele><time>2024-06-08T16:53:48Z</time></trkpt>
<trkpt lat="45.372811" lon="-75.836597"><ele>23.0</ele><time>2024-06-08T16:53:49Z</time></trkpt>
<trkpt lat="45.372792" lon="-75.836597"><ele>23.0</ele><time>2024-06-08T16:53:50Z</time></trkpt>
<trkpt lat="45.372777" lon="-75.836597"><ele>23.0</ele><time>2024-06-08T16:53:51Z</time></trkpt>
<trkpt lat="45.372758" lon="-75.836606"><ele>23.0</ele><time>2024-06-08T16:53:52Z</time></trkpt>
<trkpt lat="45.372742" lon="-75.836606"><ele>23.0</ele><time>2024-06-08T16:53:53Z</time></trkpt>
<trkpt lat="45.372726" lon="-75.836606"><ele>23.0</ele><time>2024-06-08T16:53:54Z</time></trkpt>
<trkpt lat="45.372707" lon="-75.836606"><ele>23.0</ele><time>2024-06-08T16:53:55Z</time></trkpt>
<trkpt lat="45.372691" lon="-75.836606"><ele>23.0</ele><time>2024-06-08T16:53:56Z</time></trkpt>
<trkpt lat="45.372675" lon="-75.836606"><ele>23.0</ele><time>2024-06-08T16:53:57Z</time></trkpt>
<trkpt lat="45.372659" lon="-75.836615"><ele>23.0</ele><time>2024-06-08T16:53:58Z</time></trkpt>
<trkpt lat="45.372644" lon="-75.836615"><ele>23.0</ele><time>2024-06-08T16:53:59Z</time></trkpt>
<trkpt lat="45.372628" lon="-75.836615"><ele>23.0</ele><time>2024-06-08T16:54:00Z</time></trkpt>
<trkpt lat="45.372612" lon="-75.836615"><ele>23.0</ele><time>2024-06-08T16:54:01Z</time></trkpt>
<trkpt lat="45.372599" lon="-75.836624"><ele>23.0</ele><time>2024-06-08T16:54:02Z</time></trkpt>
<trkpt lat="45.372583" lon="-75.836624"><ele>23.0</ele><time>2024-06-08T16:54:03Z</time></trkpt>
<trkpt lat="45.372568" lon="-75.836624"><ele>23.0</ele><time>2024-06-08T16:54:04Z</time></trkpt>
<trkpt lat="45.372555" lon="-75.836633"><ele>23.0</ele><time>2024-06-08T16:54:05Z</time></trkpt>
<trkpt lat="45.372539" lon="-75.836633"><ele>23.0</ele><time>2024-06-08T16:54:06Z</time></trkpt>
<trkpt lat="45.372527" lon="-75.836633"><ele>23.0</ele><time>2024-06-08T16:54:07Z</time></trkpt>
<trkpt lat="45.372514" lon="-75.836633"><ele>23.0</ele><time>2024-06-08T16:54:08Z</time></trkpt>
<trkpt lat="45.372498" lon="-75.836633"><ele>23.0</ele><time>2024-06-08T16:54:09Z</time></trkpt>
<trkpt lat="45.372485" lon="-75.836633"><ele>24.0</ele><time>2024-06-08T16:54:10Z</time></trkpt>
<trkpt lat="45.37247" lon="-75.836624"><ele>23.0</ele><time>2024-06-08T16:54:11Z</time></trkpt>
<trkpt lat="45.372457" lon="-75.836624"><ele>24.0</ele><time>2024-06-08T16:54:12Z</time></trkpt>
<trkpt lat="45.372441" lon="-75.836615"><ele>23.0</ele><time>2024-06-08T16:54:13Z</time></trkpt>
<trkpt lat="45.372428" lon="-75.836624"><ele>24.0</ele><time>2024-06-08T16:54:14Z</time></trkpt>
<trkpt lat="45.372419" lon="-75.836624"><ele>23.0</ele><time>2024-06-08T16:54:15Z</time></trkpt>
<trkpt lat="45.372409" lon="-75.836624"><ele>24.0</ele><time>2024-06-08T16:54:16Z</time></trkpt>
<trkpt lat="45.3724" lon="-75.836633"><ele>23.0</ele><time>2024-06-08T16:54:17Z</time></trkpt>
<trkpt lat="45.372394" lon="-75.836642"><ele>23.0</ele><time>2024-06-08T16:54:18Z</time></trkpt>
<trkpt lat="45.372387" lon="-75.836651"><ele>23.0</ele><time>2024-06-08T16:54:19Z</time></trkpt>
<trkpt lat="45.372384" lon="-75.836651"><ele>23.0</ele><time>2024-06-08T16:54:20Z</time></trkpt>
<trkpt lat="45.372381" lon="-75.83666"><ele>23.0</ele><time>2024-06-08T16:54:21Z</time></trkpt>
<trkpt lat="45.372378" lon="-75.836669"><ele>23.0</ele><time>2024-06-08T16:54:22Z</time></trkpt>
<trkpt lat="45.372375" lon="-75.836678"><ele>23.0</ele><time>2024-06-08T16:54:23Z</time></trkpt>
<trkpt lat="45.372378" lon="-75.836687"><ele>23.0</ele><time>2024-06-08T16:54:24Z</time></trkpt>
<trkpt lat="45.372378" lon="-75.836696"><ele>23.0</ele><time>2024-06-08T16:54:25Z</time></trkpt>
<trkpt lat="45.372384" lon="-75.836705"><ele>23.0</ele><time>2024-06-08T16:54:26Z</time></trkpt>
<trkpt lat="45.37239" lon="-75.836714"><ele>23.0</ele><time>2024-06-08T16:54:27Z</time></trkpt>
<trkpt lat="45.372397" lon="-75.836723"><ele>23.0</ele><time>2024-06-08T16:54:28Z</time></trkpt>
<trkpt lat="45.372406" lon="-75.836732"><ele>24.0</ele><time>2024-06-08T16:54:29Z</time></trkpt>
<trkpt lat="45.372419" lon="-75.836741"><ele>24.0</ele><time>2024-06-08T16:54:30Z</time></trkpt>
<trkpt lat="45.372428" lon="-75.83675"><ele>24.0</ele><time>2024-06-08T16:54:31Z</time></trkpt>
<trkpt lat="45.372438" lon="-75.836759"><ele>24.0</ele><time>2024-06-08T16:54:32Z</time></trkpt>
<trkpt lat="45.372447" lon="-75.836768"><ele>24.0</ele><time>2024-06-08T16:54:33Z</time></trkpt>
<trkpt lat="45.372457" lon="-75.836777"><ele>24.0</ele><time>2024-06-08T16:54:34Z</time></trkpt>
<trkpt lat="45.372466" lon="-75.836786"><ele>24.0</ele><time>2024-06-08T16:54:35Z</time></trkpt>
<trkpt lat="45.372473" lon="-75.836804"><ele>24.0</ele><time>2024-06-08T16:54:36Z</time></trkpt>
<trkpt lat="45.372482" lon="-75.836813"><ele>24.0</ele><time>2024-06-08T16:54:37Z</time></trkpt>
<trkpt lat="45.372492" lon="-75.836822"><ele>24.0</ele><time>2024-06-08T16:54:38Z</time></trkpt>
<trkpt lat="45.372501" lon="-75.836831"><ele>24.0</ele><time>2024-06-08T16:54:39Z</time></trkpt>
<trkpt lat="45.372514" lon="-75.836849"><ele>24.0</ele><time>2024-06-08T16:54:40Z</time></trkpt>
<trkpt lat="45.372523" lon="-75.836858"><ele>24.0</ele><time>2024-06-08T16:54:41Z</time></trkpt>
<trkpt lat="45.372536" lon="-75.836867"><ele>24.0</ele><time>2024-06-08T16:54:42Z</time></trkpt>
<trkpt lat="45.372549" lon="-75.836876"><ele>24.0</ele><time>2024-06-08T16:54:43Z</time></trkpt>
<trkpt lat="45.372558" lon="-75.836885"><ele>24.0</ele><time>2024-06-08T16:54:44Z</time></trkpt>
<trkpt lat="45.372571" lon="-75.836894"><ele>24.0</ele><time>2024-06-08T16:54:45Z</time></trkpt>
<trkpt lat="45.372583" lon="-75.836903"><ele>24.0</ele><time>2024-06-08T16:54:46Z</time></trkpt>
<trkpt lat="45.372593" lon="-75.836921"><ele>24.0</ele><time>2024-06-08T16:54:47Z</time></trkpt>
<trkpt lat="45.372606" lon="-75.83693"><ele>24.0</ele><time>2024-06-08T16:54:48Z</time></trkpt>
<trkpt lat="45.372615" lon="-75.836939"><ele>24.0</ele><time>2024-06-08T16:54:49Z</time></trkpt>
<trkpt lat="45.372628" lon="-75.836948"><ele>24.0</ele><time>2024-06-08T16:54:50Z</time></trkpt>
<trkpt lat="45.37264" lon="-75.836957"><ele>24.0</ele><time>2024-06-08T16:54:51Z</time></trkpt>
<trkpt lat="45.372653" lon="-75.836966"><ele>24.0</ele><time>2024-06-08T16:54:52Z</time></trkpt>
<trkpt lat="45.372669" lon="-75.836975"><ele>24.0</ele><time>2024-06-08T16:54:53Z</time></trkpt>
<trkpt lat="45.372682" lon="-75.836984"><ele>24.0</ele><time>2024-06-08T16:54:54Z</time></trkpt>
<trkpt lat="45.372697" lon="-75.836993"><ele>24.0</ele><time>2024-06-08T16:54:55Z</time></trkpt>
<trkpt lat="45.37271" lon="-75.837002"><ele>24.0</ele><time>2024-06-08T16:54:56Z</time></trkpt>
<trkpt lat="45.372723" lon="-75.837011"><ele>24.0</ele><time>2024-06-08T16:54:57Z</time></trkpt>
<trkpt lat="45.372739" lon="-75.837011"><ele>24.0</ele><time>2024-06-08T16:54:58Z</time></trkpt>
<trkpt lat="45.372751" lon="-75.83702"><ele>24.0</ele><time>2024-06-08T16:54:59Z</time></trkpt>
<trkpt lat="45.372767" lon="-75.837029"><ele>24.0</ele><time>2024-06-08T16:55:00Z</time></trkpt>
<trkpt lat="45.37278" lon="-75.837038"><ele>24.0</ele><time>2024-06-08T16:55:01Z</time></trkpt>
<trkpt lat="45.372792" lon="-75.837047"><ele>24.0</ele><time>2024-06-08T16:55:02Z</time></trkpt>
<trkpt lat="45.372805" lon="-75.837056"><ele>24.0</ele><time>2024-06-08T16:55:03Z</time></trkpt>
<trkpt lat="45.372821" lon="-75.837065"><ele>24.0</ele><time>2024-06-08T16:55:04Z</time></trkpt>
<trkpt lat="45.372834" lon="-75.837074"><ele>24.0</ele><time>2024-06-08T16:55:05Z</time></trkpt>
<trkpt lat="45.372846" lon="-75.837082"><ele>24.0</ele><time>2024-06-08T16:55:06Z</time></trkpt>
<trkpt lat="45.372862" lon="-75.837091"><ele>24.0</ele><time>2024-06-08T16:55:07Z</time></trkpt>
<trkpt lat="45.372875" lon="-75.8371"><ele>24.0</ele><time>2024-06-08T16:55:08Z</time></trkpt>
<trkpt lat="45.372887" lon="-75.837109"><ele>24.0</ele><time>2024-06-08T16:55:09Z</time></trkpt>
<trkpt lat="45.372903" lon="-75.837118"><ele>24.0</ele><time>2024-06-08T16:55:10Z</time></trkpt>
<trkpt lat="45.372916" lon="-75.837127"><ele>24.0</ele><time>2024-06-08T16:55:11Z</time></trkpt>
<trkpt lat="45.372929" lon="-75.837127"><ele>24.0</ele><time>2024-06-08T16:55:12Z</time></trkpt>
<trkpt lat="45.372944" lon="-75.837136"><ele>24.0</ele><time>2024-06-08T16:55:13Z</time></trkpt>
<trkpt lat="45.372957" lon="-75.837145"><ele>24.0</ele><time>2024-06-08T16:55:14Z</time></trkpt>
<trkpt lat="45.372973" lon="-75.837154"><ele>24.0</ele><time>2024-06-08T16:55:15Z</time></trkpt>
<trkpt lat="45.372986" lon="-75.837163"><ele>24.0</ele><time>2024-06-08T16:55:16Z</time></trkpt>
<trkpt lat="45.373001" lon="-75.837172"><ele>24.0</ele><time>2024-06-08T16:55:17Z</time></trkpt>
<trkpt lat="45.373014" lon="-75.837181"><ele>24.0</ele><time>2024-06-08T16:55:18Z</time></trkpt>
<trkpt lat="45.37303" lon="-75.83719"><ele>24.0</ele><time>2024-06-08T16:55:19Z</time></trkpt>
<trkpt lat="45.373043" lon="-75.83719"><ele>24.0</ele><time>2024-06-08T16:55:20Z</time></trkpt>
<trkpt lat="45.373058" lon="-75.837199"><ele>24.0</ele><time>2024-06-08T16:55:21Z</time></trkpt>
<trkpt lat="45.373071" lon="-75.837208"><ele>24.0</ele><time>2024-06-08T16:55:22Z</time></trkpt>
<trkpt lat="45.373087" lon="-75.837208"><ele>24.0</ele><time>2024-06-08T16:55:23Z</time></trkpt>
<trkpt lat="45.373103" lon="-75.837217"><ele>24.0</ele><time>2024-06-08T16:55:24Z</time></trkpt>
<trkpt lat="45.373115" lon="-75.837226"><ele>24.0</ele><time>2024-06-08T16:55:25Z</time></trkpt>
<trkpt lat="45.373128" lon="-75.837235"><ele>24.0</ele><time>2024-06-08T16:55:26Z</time></trkpt>
<trkpt lat="45.373141" lon="-75.837244"><ele>24.0</ele><time>2024-06-08T16:55:27Z</time></trkpt>
<trkpt lat="45.37315" lon="-75.837262"><ele>24.0</ele><time>2024-06-08T16:55:28Z</time></trkpt>
<trkpt lat="45.37316" lon="-75.837271"><ele>24.0</ele><time>2024-06-08T16:55:29Z</time></trkpt>
<trkpt lat="45.373172" lon="-75.837289"><ele>24.0</ele><time>2024-06-08T16:55:30Z</time></trkpt>
<trkpt lat="45.373182" lon="-75.837298"><ele>24.0</ele><time>2024-06-08T16:55:31Z</time></trkpt>
<trkpt lat="45.373194" lon="-75.837316"><ele>24.0</ele><time>2024-06-08T16:55:32Z</time></trkpt>
<trkpt lat="45.373207" lon="-75.837325"><ele>24.0</ele><time>2024-06-08T16:55:33Z</time></trkpt>
<trkpt lat="45.37322" lon="-75.837343"><ele>24.0</ele><time>2024-06-08T16:55:34Z</time></trkpt>
<trkpt lat="45.373229" lon="-75.837352"><ele>24.0</ele><time>2024-06-08T16:55:35Z</time></trkpt>
<trkpt lat="45.373242" lon="-75.83737"><ele>24.0</ele><time>2024-06-08T16:55:36Z</time></trkpt>
<trkpt lat="45.373255" lon="-75.837379"><ele>24.0</ele><time>2024-06-08T16:55:37Z</time></trkpt>
<trkpt lat="45.373264" lon="-75.837397"><ele>24.0</ele><time>2024-06-08T16:55:38Z</time></trkpt>
<trkpt lat="45.373277" lon="-75.837415"><ele>24.0</ele><time>2024-06-08T16:55:39Z</time></trkpt>
<trkpt lat="45.373289" lon="-75.837424"><ele>24.0</ele><time>2024-06-08T16:55:40Z</time></trkpt>
<trkpt lat="45.373302" lon="-75.837442"><ele>24.0</ele><time>2024-06-08T16:55:41Z</time></trkpt>
<trkpt lat="45.373312" lon="-75.837451"><ele>24.0</ele><time>2024-06-08T16:55:42Z</time></trkpt>
<trkpt lat="45.373324" lon="-75.83746"><ele>24.0</ele><time>2024-06-08T16:55:43Z</time></trkpt>
<trkpt lat="45.37334" lon="-75.837478"><ele>24.0</ele><time>2024-06-08T16:55:44Z</time></trkpt>
<trkpt lat="45.37335" lon="-75.837487"><ele>24.0</ele><time>2024-06-08T16:55:45Z</time></trkpt>
<trkpt lat="45.373362" lon="-75.837505"><ele>24.0</ele><time>2024-06-08T16:55:46Z</time></trkpt>
<trkpt lat="45.373375" lon="-75.837514"><ele>24.0</ele><time>2024-06-08T16:55:47Z</time></trkpt>
<trkpt lat="45.373388" lon="-75.837532"><ele>24.0</ele><time>2024-06-08T16:55:48Z</time></trkpt>
<trkpt lat="45.3734" lon="-75.83755"><ele>24.0</ele><time>2024-06-08T16:55:49Z</time></trkpt>
<trkpt lat="45.373413" lon="-75.837559"><ele>24.0</ele><time>2024-06-08T16:55:50Z</time></trkpt>
<trkpt lat="45.373422" lon="-75.837577"><ele>25.0</ele><time>2024-06-08T16:55:51Z</time></trkpt>
<trkpt lat="45.373435" lon="-75.837595"><ele>25.0</ele><time>2024-06-08T16:55:52Z</time></trkpt>
<trkpt lat="45.373448" lon="-75.837603"><ele>25.0</ele><time>2024-06-08T16:55:53Z</time></trkpt>
<trkpt lat="45.37346" lon="-75.837621"><ele>25.0</ele><time>2024-06-08T16:55:54Z</time></trkpt>
<trkpt lat="45.373473" lon="-75.83763"><ele>25.0</ele><time>2024-06-08T16:55:55Z</time></trkpt>
<trkpt lat="45.373486" lon="-75.837648"><ele>25.0</ele><time>2024-06-08T16:55:56Z</time></trkpt>
<trkpt lat="45.373502" lon="-75.837657"><ele>25.0</ele><time>2024-06-08T16:55:57Z</time></trkpt>
<trkpt lat="45.373514" lon="-75.837675"><ele>25.0</ele><time>2024-06-08T16:55:58Z</time></trkpt>
<trkpt lat="45.373524" lon="-75.837684"><ele>25.0</ele><time>2024-06-08T16:55:59Z</time></trkpt>
<trkpt lat="45.373536" lon="-75.837702"><ele>25.0</ele><time>2024-06-08T16:56:00Z</time></trkpt>
<trkpt lat="45.373546" lon="-75.83772"><ele>25.0</ele><time>2024-06-08T16:56:01Z</time></trkpt>
<trkpt lat="45.373559" lon="-75.837738"><ele>25.0</ele><time>2024-06-08T16:56:02Z</time></trkpt>
<trkpt lat="45.373571" lon="-75.837747"><ele>25.0</ele><time>2024-06-08T16:56:03Z</time></trkpt>
<trkpt lat="45.373584" lon="-75.837765"><ele>25.0</ele><time>2024-06-08T16:56:04Z</time></trkpt>
<trkpt lat="45.373597" lon="-75.837783"><ele>25.0</ele><time>2024-06-08T16:56:05Z</time></trkpt>
<trkpt lat="45.373609" lon="-75.837792"><ele>25.0</ele><time>2024-06-08T16:56:06Z</time></trkpt>
<trkpt lat="45.373622" lon="-75.83781"><ele>25.0</ele><time>2024-06-08T16:56:07Z</time></trkpt>
<trkpt lat="45.373635" lon="-75.837819"><ele>25.0</ele><time>2024-06-08T16:56:08Z</time></trkpt>
<trkpt lat="45.37365" lon="-75.837837"><ele>25.0</ele><time>2024-06-08T16:56:09Z</time></trkpt>
<trkpt lat="45.373663" lon="-75.837855"><ele>25.0</ele><time>2024-06-08T16:56:10Z</time></trkpt>
<trkpt lat="45.373676" lon="-75.837864"><ele>25.0</ele><time>2024-06-08T16:56:11Z</time></trkpt>
<trkpt lat="45.373688" lon="-75.837873"><ele>25.0</ele><time>2024-06-08T16:56:12Z</time></trkpt>
<trkpt lat="45.373704" lon="-75.837891"><ele>25.0</ele><time>2024-06-08T16:56:13Z</time></trkpt>
<trkpt lat="45.373717" lon="-75.8379"><ele>25.0</ele><time>2024-06-08T16:56:14Z</time></trkpt>
<trkpt lat="45.373729" lon="-75.837918"><ele>25.0</ele><time>2024-06-08T16:56:15Z</time></trkpt>
<trkpt lat="45.373745" lon="-75.837927"><ele>25.0</ele><time>2024-06-08T16:56:16Z</time></trkpt>
<trkpt lat="45.373761" lon="-75.837936"><ele>25.0</ele><time>2024-06-08T16:56:17Z</time></trkpt>
<trkpt lat="45.373777" lon="-75.837945"><ele>25.0</ele><time>2024-06-08T16:56:18Z</time></trkpt>
<trkpt lat="45.37379" lon="-75.837963"><ele>25.0</ele><time>2024-06-08T16:56:19Z</time></trkpt>
<trkpt lat="45.373805" lon="-75.837972"><ele>25.0</ele><time>2024-06-08T16:56:20Z</time></trkpt>
<trkpt lat="45.373821" lon="-75.83799"><ele>25.0</ele><time>2024-06-08T16:56:21Z</time></trkpt>
<trkpt lat="45.373834" lon="-75.838008"><ele>25.0</ele><time>2024-06-08T16:56:22Z</time></trkpt>
<trkpt lat="45.373847" lon="-75.838017"><ele>25.0</ele><time>2024-06-08T16:56:23Z</time></trkpt>
<trkpt lat="45.373862" lon="-75.838035"><ele>25.0</ele><time>2024-06-08T16:56:24Z</time></trkpt>
<trkpt lat="45.373875" lon="-75.838053"><ele>25.0</ele><time>2024-06-08T16:56:25Z</time></trkpt>
<trkpt lat="45.373888" lon="-75.838062"><ele>25.0</ele><time>2024-06-08T16:56:26Z</time></trkpt>
<trkpt lat="45.3739" lon="-75.83808"><ele>25.0</ele><time>2024-06-08T16:56:27Z</time></trkpt>
<trkpt lat="45.373913" lon="-75.838098"><ele>25.0</ele><time>2024-06-08T16:56:28Z</time></trkpt>
<trkpt lat="45.373926" lon="-75.838107"><ele>25.0</ele><time>2024-06-08T16:56:29Z</time></trkpt>
<trkpt lat="45.373938" lon="-75.838124"><ele>25.0</ele><time>2024-06-08T16:56:30Z</time></trkpt>
<trkpt lat="45.373951" lon="-75.838142"><ele>25.0</ele><time>2024-06-08T16:56:31Z</time></trkpt>
<trkpt lat="45.373964" lon="-75.838151"><ele>25.0</ele><time>2024-06-08T16:56:32Z</time></trkpt>
<trkpt lat="45.37398" lon="-75.838169"><ele>25.0</ele><time>2024-06-08T16:56:33Z</time></trkpt>
<trkpt lat="45.373992" lon="-75.838187"><ele>25.0</ele><time>2024-06-08T16:56:34Z</time></trkpt>
<trkpt lat="45.374005" lon="-75.838205"><ele>25.0</ele><time>2024-06-08T16:56:35Z</time></trkpt>
<trkpt lat="45.374014" lon="-75.838214"><ele>25.0</ele><time>2024-06-08T16:56:36Z</time></trkpt>
<trkpt lat="45.374027" lon="-75.838232"><ele>25.0</ele><time>2024-06-08T16:56:37Z</time></trkpt>
<trkpt lat="45.37404" lon="-75.83825"><ele>25.0</ele><time>2024-06-08T16:56:38Z</time></trkpt>
<trkpt lat="45.374052" lon="-75.838259"><ele>25.0</ele><time>2024-06-08T16:56:39Z</time></trkpt>
<trkpt lat="45.374065" lon="-75.838277"><ele>25.0</ele><time>2024-06-08T16:56:40Z</time></trkpt>
<trkpt lat="45.374078" lon="-75.838286"><ele>25.0</ele><time>2024-06-08T16:56:41Z</time></trkpt>
<trkpt lat="45.374094" lon="-75.838304"><ele>25.0</ele><time>2024-06-08T16:56:42Z</time></trkpt>
<trkpt lat="45.374109" lon="-75.838322"><ele>25.0</ele><time>2024-06-08T16:56:43Z</time></trkpt>
<trkpt lat="45.374122" lon="-75.838331"><ele>25.0</ele><time>2024-06-08T16:56:44Z</time></trkpt>
<trkpt lat="45.374138" lon="-75.838349"><ele>25.0</ele><time>2024-06-08T16:56:45Z</time></trkpt>
<trkpt lat="45.374151" lon="-75.838367"><ele>26.0</ele><time>2024-06-08T16:56:46Z</time></trkpt>
<trkpt lat="45.374166" lon="-75.838376"><ele>25.0</ele><time>2024-06-08T16:56:47Z</time></trkpt>
<trkpt lat="45.374179" lon="-75.838394"><ele>25.0</ele><time>2024-06-08T16:56:48Z</time></trkpt>
<trkpt lat="45.374192" lon="-75.838412"><ele>25.0</ele><time>2024-06-08T16:56:49Z</time></trkpt>
<trkpt lat="45.374207" lon="-75.83843"><ele>25.0</ele><time>2024-06-08T16:56:50Z</time></trkpt>
<trkpt lat="45.37422" lon="-75.838448"><ele>25.0</ele><time>2024-06-08T16:56:51Z</time></trkpt>
<trkpt lat="45.374233" lon="-75.838457"><ele>25.0</ele><time>2024-06-08T16:56:52Z</time></trkpt>
<trkpt lat="45.374249" lon="-75.838475"><ele>25.0</ele><time>2024-06-08T16:56:53Z</time></trkpt>
<trkpt lat="45.374264" lon="-75.838493"><ele>26.0</ele><time>2024-06-08T16:56:54Z</time></trkpt>
<trkpt lat="45.374277" lon="-75.838502"><ele>26.0</ele><time>2024-06-08T16:56:55Z</time></trkpt>
<trkpt lat="45.374293" lon="-75.83852"><ele>26.0</ele><time>2024-06-08T16:56:56Z</time></trkpt>
<trkpt lat="45.374306" lon="-75.838538"><ele>26.0</ele><time>2024-06-08T16:56:57Z</time></trkpt>
<trkpt lat="45.374321" lon="-75.838556"><ele>26.0</ele><time>2024-06-08T16:56:58Z</time></trkpt>
<trkpt lat="45.374337" lon="-75.838574"><ele>26.0</ele><time>2024-06-08T16:56:59Z</time></trkpt>
<trkpt lat="45.37435" lon="-75.838592"><ele>26.0</ele><time>2024-06-08T16:57:00Z</time></trkpt>
<trkpt lat="45.374366" lon="-75.83861"><ele>26.0</ele><time>2024-06-08T16:57:01Z</time></trkpt>
<trkpt lat="45.374382" lon="-75.838619"><ele>26.0</ele><time>2024-06-08T16:57:02Z</time></trkpt>
<trkpt lat="45.374394" lon="-75.838637"><ele>26.0</ele><time>2024-06-08T16:57:03Z</time></trkpt>
<trkpt lat="45.37441" lon="-75.838654"><ele>26.0</ele><time>2024-06-08T16:57:04Z</time></trkpt>
<trkpt lat="45.374423" lon="-75.838672"><ele>26.0</ele><time>2024-06-08T16:57:05Z</time></trkpt>
<trkpt lat="45.374435" lon="-75.83869"><ele>26.0</ele><time>2024-06-08T16:57:06Z</time></trkpt>
<trkpt lat="45.374448" lon="-75.838708"><ele>26.0</ele><time>2024-06-08T16:57:07Z</time></trkpt>
<trkpt lat="45.374464" lon="-75.838726"><ele>25.0</ele><time>2024-06-08T16:57:08Z</time></trkpt>
<trkpt lat="45.374477" lon="-75.838744"><ele>25.0</ele><time>2024-06-08T16:57:09Z</time></trkpt>
<trkpt lat="45.374492" lon="-75.838762"><ele>25.0</ele><time>2024-06-08T16:57:10Z</time></trkpt>
<trkpt lat="45.374505" lon="-75.83878"><ele>25.0</ele><time>2024-06-08T16:57:11Z</time></trkpt>
<trkpt lat="45.374521" lon="-75.838798"><ele>25.0</ele><time>2024-06-08T16:57:12Z</time></trkpt>
<trkpt lat="45.374537" lon="-75.838807"><ele>25.0</ele><time>2024-06-08T16:57:13Z</time></trkpt>
<trkpt lat="45.374553" lon="-75.838825"><ele>25.0</ele><time>2024-06-08T16:57:14Z</time></trkpt>
<trkpt lat="45.374565" lon="-75.838843"><ele>25.0</ele><time>2024-06-08T16:57:15Z</time></trkpt>
<trkpt lat="45.374581" lon="-75.838861"><ele>25.0</ele><time>2024-06-08T16:57:16Z</time></trkpt>
<trkpt lat="45.374594" lon="-75.838879"><ele>25.0</ele><time>2024-06-08T16:57:17Z</time></trkpt>
<trkpt lat="45.374606" lon="-75.838897"><ele>25.0</ele><time>2024-06-08T16:57:18Z</time></trkpt>
<trkpt lat="45.374616" lon="-75.838915"><ele>25.0</ele><time>2024-06-08T16:57:19Z</time></trkpt>
<trkpt lat="45.374629" lon="-75.838924"><ele>25.0</ele><time>2024-06-08T16:57:20Z</time></trkpt>
<trkpt lat="45.374641" lon="-75.838942"><ele>25.0</ele><time>2024-06-08T16:57:21Z</time></trkpt>
<trkpt lat="45.374654" lon="-75.83896"><ele>25.0</ele><time>2024-06-08T16:57:22Z</time></trkpt>
<trkpt lat="45.374667" lon="-75.838978"><ele>25.0</ele><time>2024-06-08T16:57:23Z</time></trkpt>
<trkpt lat="45.374679" lon="-75.838987"><ele>25.0</ele><time>2024-06-08T16:57:24Z</time></trkpt>
<trkpt lat="45.374695" lon="-75.839005"><ele>26.0</ele><time>2024-06-08T16:57:25Z</time></trkpt>
<trkpt lat="45.374708" lon="-75.839014"><ele>25.0</ele><time>2024-06-08T16:57:26Z</time></trkpt>
<trkpt lat="45.37472" lon="-75.839032"><ele>26.0</ele><time>2024-06-08T16:57:27Z</time></trkpt>
<trkpt lat="45.374733" lon="-75.839041"><ele>26.0</ele><time>2024-06-08T16:57:28Z</time></trkpt>
<trkpt lat="45.374746" lon="-75.839059"><ele>26.0</ele><time>2024-06-08T16:57:29Z</time></trkpt>
<trkpt lat="45.374761" lon="-75.839077"><ele>26.0</ele><time>2024-06-08T16:57:30Z</time></trkpt>
<trkpt lat="45.374774" lon="-75.839086"><ele>26.0</ele><time>2024-06-08T16:57:31Z</time></trkpt>
<trkpt lat="45.374787" lon="-75.839104"><ele>26.0</ele><time>2024-06-08T16:57:32Z</time></trkpt>
<trkpt lat="45.374799" lon="-75.839122"><ele>26.0</ele><time>2024-06-08T16:57:33Z</time></trkpt>
<trkpt lat="45.374812" lon="-75.839131"><ele>26.0</ele><time>2024-06-08T16:57:34Z</time></trkpt>
<trkpt lat="45.374825" lon="-75.839149"><ele>26.0</ele><time>2024-06-08T16:57:35Z</time></trkpt>
<trkpt lat="45.374841" lon="-75.839158"><ele>26.0</ele><time>2024-06-08T16:57:36Z</time></trkpt>
<trkpt lat="45.374853" lon="-75.839175"><ele>26.0</ele><time>2024-06-08T16:57:37Z</time></trkpt>
<trkpt lat="45.374866" lon="-75.839184"><ele>26.0</ele><time>2024-06-08T16:57:38Z</time></trkpt>
<trkpt lat="45.374879" lon="-75.839202"><ele>26.0</ele><time>2024-06-08T16:57:39Z</time></trkpt>
<trkpt lat="45.374888" lon="-75.839211"><ele>26.0</ele><time>2024-06-08T16:57:40Z</time></trkpt>
<trkpt lat="45.374901" lon="-75.839229"><ele>26.0</ele><time>2024-06-08T16:57:41Z</time></trkpt>
<trkpt lat="45.374917" lon="-75.839238"><ele>26.0</ele><time>2024-06-08T16:57:42Z</time></trkpt>
<trkpt lat="45.374929" lon="-75.839256"><ele>26.0</ele><time>2024-06-08T16:57:43Z</time></trkpt>
<trkpt lat="45.374942" lon="-75.839265"><ele>26.0</ele><time>2024-06-08T16:57:44Z</time></trkpt>
<trkpt lat="45.374958" lon="-75.839283"><ele>26.0</ele><time>2024-06-08T16:57:45Z</time></trkpt>
<trkpt lat="45.37497" lon="-75.839292"><ele>26.0</ele><time>2024-06-08T16:57:46Z</time></trkpt>
<trkpt lat="45.374986" lon="-75.83931"><ele>26.0</ele><time>2024-06-08T16:57:47Z</time></trkpt>
<trkpt lat="45.374999" lon="-75.839319"><ele>26.0</ele><time>2024-06-08T16:57:48Z</time></trkpt>
<trkpt lat="45.375012" lon="-75.839328"><ele>25.0</ele><time>2024-06-08T16:57:49Z</time></trkpt>
<trkpt lat="45.375024" lon="-75.839346"><ele>25.0</ele><time>2024-06-08T16:57:50Z</time></trkpt>
<trkpt lat="45.37504" lon="-75.839355"><ele>26.0</ele><time>2024-06-08T16:57:51Z</time></trkpt>
<trkpt lat="45.375053" lon="-75.839373"><ele>26.0</ele><time>2024-06-08T16:57:52Z</time></trkpt>
<trkpt lat="45.375069" lon="-75.839382"><ele>26.0</ele><time>2024-06-08T16:57:53Z</time></trkpt>
<trkpt lat="45.375081" lon="-75.839391"><ele>26.0</ele><time>2024-06-08T16:57:54Z</time></trkpt>
<trkpt lat="45.375097" lon="-75.839409"><ele>26.0</ele><time>2024-06-08T16:57:55Z</time></trkpt>
<trkpt lat="45.375113" lon="-75.839418"><ele>25.0</ele><time>2024-06-08T16:57:56Z</time></trkpt>
<trkpt lat="45.375126" lon="-75.839436"><ele>25.0</ele><time>2024-06-08T16:57:57Z</time></trkpt>
<trkpt lat="45.375138" lon="-75.839454"><ele>25.0</ele><time>2024-06-08T16:57:58Z</time></trkpt>
<trkpt lat="45.375151" lon="-75.839463"><ele>25.0</ele><time>2024-06-08T16:57:59Z</time></trkpt>
<trkpt lat="45.375164" lon="-75.839481"><ele>25.0</ele><time>2024-06-08T16:58:00Z</time></trkpt>
<trkpt lat="45.375173" lon="-75.839499"><ele>25.0</ele><time>2024-06-08T16:58:01Z</time></trkpt>
<trkpt lat="45.375173" lon="-75.839499"><ele>25.0</ele><time>2024-06-08T16:58:02Z</time></trkpt>
<trkpt lat="45.375182" lon="-75.839517"><ele>25.0</ele><time>2024-06-08T16:58:02Z</time></trkpt>
<trkpt lat="45.375198" lon="-75.839526"><ele>25.0</ele><time>2024-06-08T16:58:03Z</time></trkpt>
<trkpt lat="45.375205" lon="-75.839544"><ele>26.0</ele><time>2024-06-08T16:58:04Z</time></trkpt>
<trkpt lat="45.375214" lon="-75.839553"><ele>24.0</ele><time>2024-06-08T16:58:05Z</time></trkpt>
<trkpt lat="45.37523" lon="-75.839571"><ele>24.0</ele><time>2024-06-08T16:58:06Z</time></trkpt>
<trkpt lat="45.375239" lon="-75.839589"><ele>24.0</ele><time>2024-06-08T16:58:07Z</time></trkpt>
<trkpt lat="45.375249" lon="-75.839607"><ele>23.0</ele><time>2024-06-08T16:58:08Z</time></trkpt>
<trkpt lat="45.375262" lon="-75.839625"><ele>24.0</ele><time>2024-06-08T16:58:09Z</time></trkpt>
<trkpt lat="45.375271" lon="-75.839643"><ele>23.0</ele><time>2024-06-08T16:58:10Z</time></trkpt>
<trkpt lat="45.375281" lon="-75.839652"><ele>23.0</ele><time>2024-06-08T16:58:11Z</time></trkpt>
<trkpt lat="45.375293" lon="-75.83967"><ele>23.0</ele><time>2024-06-08T16:58:12Z</time></trkpt>
<trkpt lat="45.375306" lon="-75.839687"><ele>23.0</ele><time>2024-06-08T16:58:13Z</time></trkpt>
<trkpt lat="45.375319" lon="-75.839696"><ele>24.0</ele><time>2024-06-08T16:58:14Z</time></trkpt>
<trkpt lat="45.375331" lon="-75.839696"><ele>23.0</ele><time>2024-06-08T16:58:15Z</time></trkpt>
<trkpt lat="45.375344" lon="-75.839714"><ele>23.0</ele><time>2024-06-08T16:58:16Z</time></trkpt>
<trkpt lat="45.37535" lon="-75.839732"><ele>23.0</ele><time>2024-06-08T16:58:17Z</time></trkpt>
<trkpt lat="45.375363" lon="-75.83975"><ele>23.0</ele><time>2024-06-08T16:58:18Z</time></trkpt>
<trkpt lat="45.375372" lon="-75.839768"><ele>23.0</ele><time>2024-06-08T16:58:19Z</time></trkpt>
<trkpt lat="45.375388" lon="-75.839786"><ele>24.0</ele><time>2024-06-08T16:58:20Z</time></trkpt>
<trkpt lat="45.375401" lon="-75.839804"><ele>24.0</ele><time>2024-06-08T16:58:21Z</time></trkpt>
<trkpt lat="45.375414" lon="-75.839813"><ele>24.0</ele><time>2024-06-08T16:58:22Z</time></trkpt>
<trkpt lat="45.375426" lon="-75.839831"><ele>24.0</ele><time>2024-06-08T16:58:23Z</time></trkpt>
<trkpt lat="45.375442" lon="-75.83984"><ele>24.0</ele><time>2024-06-08T16:58:24Z</time></trkpt>
<trkpt lat="45.375455" lon="-75.839858"><ele>25.0</ele><time>2024-06-08T16:58:25Z</time></trkpt>
<trkpt lat="45.375467" lon="-75.839876"><ele>25.0</ele><time>2024-06-08T16:58:26Z</time></trkpt>
<trkpt lat="45.375483" lon="-75.839885"><ele>25.0</ele><time>2024-06-08T16:58:27Z</time></trkpt>
<trkpt lat="45.375496" lon="-75.839903"><ele>25.0</ele><time>2024-06-08T16:58:28Z</time></trkpt>
<trkpt lat="45.375509" lon="-75.839912"><ele>25.0</ele><time>2024-06-08T16:58:29Z</time></trkpt>
<trkpt lat="45.375521" lon="-75.83993"><ele>25.0</ele><time>2024-06-08T16:58:30Z</time></trkpt>
<trkpt lat="45.375531" lon="-75.839948"><ele>25.0</ele><time>2024-06-08T16:58:31Z</time></trkpt>
<trkpt lat="45.375543" lon="-75.839966"><ele>25.0</ele><time>2024-06-08T16:58:32Z</time></trkpt>
<trkpt lat="45.375553" lon="-75.839984"><ele>25.0</ele><time>2024-06-08T16:58:33Z</time></trkpt>
<trkpt lat="45.375566" lon="-75.840002"><ele>25.0</ele><time>2024-06-08T16:58:34Z</time></trkpt>
<trkpt lat="45.375578" lon="-75.840011"><ele>25.0</ele><time>2024-06-08T16:58:35Z</time></trkpt>
<trkpt lat="45.375591" lon="-75.840029"><ele>25.0</ele><time>2024-06-08T16:58:36Z</time></trkpt>
<trkpt lat="45.375604" lon="-75.840038"><ele>25.0</ele><time>2024-06-08T16:58:37Z</time></trkpt>
<trkpt lat="45.375616" lon="-75.840047"><ele>25.0</ele><time>2024-06-08T16:58:38Z</time></trkpt>
<trkpt lat="45.375629" lon="-75.840065"><ele>25.0</ele><time>2024-06-08T16:58:39Z</time></trkpt>
<trkpt lat="45.375642" lon="-75.840074"><ele>25.0</ele><time>2024-06-08T16:58:40Z</time></trkpt>
<trkpt lat="45.375654" lon="-75.840083"><ele>25.0</ele><time>2024-06-08T16:58:41Z</time></trkpt>
<trkpt lat="45.375667" lon="-75.840101"><ele>25.0</ele><time>2024-06-08T16:58:42Z</time></trkpt>
<trkpt lat="45.375679" lon="-75.84011"><ele>25.0</ele><time>2024-06-08T16:58:43Z</time></trkpt>
<trkpt lat="45.375692" lon="-75.840128"><ele>25.0</ele><time>2024-06-08T16:58:44Z</time></trkpt>
<trkpt lat="45.375705" lon="-75.840137"><ele>25.0</ele><time>2024-06-08T16:58:45Z</time></trkpt>
<trkpt lat="45.375714" lon="-75.840155"><ele>25.0</ele><time>2024-06-08T16:58:46Z</time></trkpt>
<trkpt lat="45.375727" lon="-75.840173"><ele>25.0</ele><time>2024-06-08T16:58:47Z</time></trkpt>
<trkpt lat="45.37574" lon="-75.840182"><ele>25.0</ele><time>2024-06-08T16:58:48Z</time></trkpt>
<trkpt lat="45.375749" lon="-75.8402"><ele>25.0</ele><time>2024-06-08T16:58:49Z</time></trkpt>
<trkpt lat="45.375762" lon="-75.840217"><ele>25.0</ele><time>2024-06-08T16:58:50Z</time></trkpt>
<trkpt lat="45.375771" lon="-75.840235"><ele>25.0</ele><time>2024-06-08T16:58:51Z</time></trkpt>
<trkpt lat="45.375784" lon="-75.840244"><ele>25.0</ele><time>2024-06-08T16:58:52Z</time></trkpt>
<trkpt lat="45.375793" lon="-75.840262"><ele>25.0</ele><time>2024-06-08T16:58:53Z</time></trkpt>
<trkpt lat="45.375803" lon="-75.84028"><ele>25.0</ele><time>2024-06-08T16:58:54Z</time></trkpt>
<trkpt lat="45.375812" lon="-75.840298"><ele>25.0</ele><time>2024-06-08T16:58:55Z</time></trkpt>
<trkpt lat="45.375822" lon="-75.840316"><ele>25.0</ele><time>2024-06-08T16:58:56Z</time></trkpt>
<trkpt lat="45.375828" lon="-75.840334"><ele>25.0</ele><time>2024-06-08T16:58:57Z</time></trkpt>
<trkpt lat="45.375838" lon="-75.840352"><ele>25.0</ele><time>2024-06-08T16:58:58Z</time></trkpt>
<trkpt lat="45.375847" lon="-75.840361"><ele>25.0</ele><time>2024-06-08T16:58:59Z</time></trkpt>
<trkpt lat="45.37586" lon="-75.840379"><ele>25.0</ele><time>2024-06-08T16:59:00Z</time></trkpt>
<trkpt lat="45.375869" lon="-75.840397"><ele>25.0</ele><time>2024-06-08T16:59:01Z</time></trkpt>
<trkpt lat="45.375882" lon="-75.840415"><ele>25.0</ele><time>2024-06-08T16:59:02Z</time></trkpt>
<trkpt lat="45.375892" lon="-75.840424"><ele>25.0</ele><time>2024-06-08T16:59:03Z</time></trkpt>
<trkpt lat="45.375904" lon="-75.840442"><ele>25.0</ele><time>2024-06-08T16:59:04Z</time></trkpt>
<trkpt lat="45.375917" lon="-75.840451"><ele>25.0</ele><time>2024-06-08T16:59:05Z</time></trkpt>
<trkpt lat="45.37593" lon="-75.840469"><ele>25.0</ele><time>2024-06-08T16:59:06Z</time></trkpt>
<trkpt lat="45.375942" lon="-75.840487"><ele>25.0</ele><time>2024-06-08T16:59:07Z</time></trkpt>
<trkpt lat="45.375952" lon="-75.840505"><ele>25.0</ele><time>2024-06-08T16:59:08Z</time></trkpt>
<trkpt lat="45.375961" lon="-75.840514"><ele>25.0</ele><time>2024-06-08T16:59:09Z</time></trkpt>
<trkpt lat="45.375974" lon="-75.840532"><ele>25.0</ele><time>2024-06-08T16:59:10Z</time></trkpt>
<trkpt lat="45.375983" lon="-75.840559"><ele>24.0</ele><time>2024-06-08T16:59:11Z</time></trkpt>
<trkpt lat="45.37599" lon="-75.840577"><ele>24.0</ele><time>2024-06-08T16:59:12Z</time></trkpt>
<trkpt lat="45.375999" lon="-75.840595"><ele>24.0</ele><time>2024-06-08T16:59:13Z</time></trkpt>
<trkpt lat="45.376006" lon="-75.840613"><ele>24.0</ele><time>2024-06-08T16:59:14Z</time></trkpt>
<trkpt lat="45.376015" lon="-75.840631"><ele>24.0</ele><time>2024-06-08T16:59:15Z</time></trkpt>
<trkpt lat="45.376021" lon="-75.840649"><ele>24.0</ele><time>2024-06-08T16:59:16Z</time></trkpt>
<trkpt lat="45.376028" lon="-75.840667"><ele>24.0</ele><time>2024-06-08T16:59:17Z</time></trkpt>
<trkpt lat="45.376034" lon="-75.840685"><ele>24.0</ele><time>2024-06-08T16:59:18Z</time></trkpt>
<trkpt lat="45.37604" lon="-75.840712"><ele>24.0</ele><time>2024-06-08T16:59:19Z</time></trkpt>
<trkpt lat="45.376047" lon="-75.84073"><ele>24.0</ele><time>2024-06-08T16:59:20Z</time></trkpt>
<trkpt lat="45.376053" lon="-75.840747"><ele>24.0</ele><time>2024-06-08T16:59:21Z</time></trkpt>
<trkpt lat="45.376059" lon="-75.840756"><ele>24.0</ele><time>2024-06-08T16:59:22Z</time></trkpt>
<trkpt lat="45.376066" lon="-75.840774"><ele>25.0</ele><time>2024-06-08T16:59:23Z</time></trkpt>
<trkpt lat="45.376078" lon="-75.840792"><ele>25.0</ele><time>2024-06-08T16:59:24Z</time></trkpt>
<trkpt lat="45.376091" lon="-75.84081"><ele>25.0</ele><time>2024-06-08T16:59:25Z</time></trkpt>
<trkpt lat="45.376101" lon="-75.840828"><ele>25.0</ele><time>2024-06-08T16:59:26Z</time></trkpt>
<trkpt lat="45.37611" lon="-75.840846"><ele>25.0</ele><time>2024-06-08T16:59:27Z</time></trkpt>
<trkpt lat="45.37612" lon="-75.840864"><ele>25.0</ele><time>2024-06-08T16:59:28Z</time></trkpt>
<trkpt lat="45.376129" lon="-75.840882"><ele>25.0</ele><time>2024-06-08T16:59:29Z</time></trkpt>
<trkpt lat="45.376138" lon="-75.8409"><ele>25.0</ele><time>2024-06-08T16:59:30Z</time></trkpt>
<trkpt lat="45.376148" lon="-75.840918"><ele>25.0</ele><time>2024-06-08T16:59:31Z</time></trkpt>
<trkpt lat="45.376157" lon="-75.840936"><ele>25.0</ele><time>2024-06-08T16:59:32Z</time></trkpt>
<trkpt lat="45.376167" lon="-75.840945"><ele>25.0</ele><time>2024-06-08T16:59:33Z</time></trkpt>
<trkpt lat="45.376176" lon="-75.840963"><ele>25.0</ele><time>2024-06-08T16:59:34Z</time></trkpt>
<trkpt lat="45.376186" lon="-75.840981"><ele>25.0</ele><time>2024-06-08T16:59:35Z</time></trkpt>
<trkpt lat="45.376195" lon="-75.840999"><ele>25.0</ele><time>2024-06-08T16:59:36Z</time></trkpt>
<trkpt lat="45.376205" lon="-75.841017"><ele>25.0</ele><time>2024-06-08T16:59:37Z</time></trkpt>
<trkpt lat="45.376211" lon="-75.841035"><ele>25.0</ele><time>2024-06-08T16:59:38Z</time></trkpt>
<trkpt lat="45.376221" lon="-75.841044"><ele>25.0</ele><time>2024-06-08T16:59:39Z</time></trkpt>
<trkpt lat="45.37623" lon="-75.841062"><ele>25.0</ele><time>2024-06-08T16:59:40Z</time></trkpt>
<trkpt lat="45.376237" lon="-75.84108"><ele>25.0</ele><time>2024-06-08T16:59:41Z</time></trkpt>
<trkpt lat="45.376243" lon="-75.841098"><ele>25.0</ele><time>2024-06-08T16:59:42Z</time></trkpt>
<trkpt lat="45.376252" lon="-75.841116"><ele>25.0</ele><time>2024-06-08T16:59:43Z</time></trkpt>
<trkpt lat="45.376259" lon="-75.841134"><ele>25.0</ele><time>2024-06-08T16:59:44Z</time></trkpt>
<trkpt lat="45.376268" lon="-75.841143"><ele>25.0</ele><time>2024-06-08T16:59:45Z</time></trkpt>
<trkpt lat="45.376278" lon="-75.841161"><ele>25.0</ele><time>2024-06-08T16:59:46Z</time></trkpt>
<trkpt lat="45.376287" lon="-75.84117"><ele>25.0</ele><time>2024-06-08T16:59:47Z</time></trkpt>
<trkpt lat="45.3763" lon="-75.841179"><ele>25.0</ele><time>2024-06-08T16:59:48Z</time></trkpt>
<trkpt lat="45.376309" lon="-75.841197"><ele>25.0</ele><time>2024-06-08T16:59:49Z</time></trkpt>
<trkpt lat="45.376322" lon="-75.841206"><ele>25.0</ele><time>2024-06-08T16:59:50Z</time></trkpt>
<trkpt lat="45.376332" lon="-75.841215"><ele>25.0</ele><time>2024-06-08T16:59:51Z</time></trkpt>
<trkpt lat="45.376344" lon="-75.841233"><ele>25.0</ele><time>2024-06-08T16:59:52Z</time></trkpt>
<trkpt lat="45.376357" lon="-75.841242"><ele>25.0</ele><time>2024-06-08T16:59:53Z</time></trkpt>
<trkpt lat="45.37637" lon="-75.841259"><ele>25.0</ele><time>2024-06-08T16:59:54Z</time></trkpt>
<trkpt lat="45.376382" lon="-75.841268"><ele>25.0</ele><time>2024-06-08T16:59:55Z</time></trkpt>
<trkpt lat="45.376392" lon="-75.841286"><ele>25.0</ele><time>2024-06-08T16:59:56Z</time></trkpt>
<trkpt lat="45.376404" lon="-75.841295"><ele>25.0</ele><time>2024-06-08T16:59:57Z</time></trkpt>
<trkpt lat="45.376417" lon="-75.841313"><ele>25.0</ele><time>2024-06-08T16:59:58Z</time></trkpt>
<trkpt lat="45.37643" lon="-75.841322"><ele>25.0</ele><time>2024-06-08T16:59:59Z</time></trkpt>
<trkpt lat="45.376442" lon="-75.84134"><ele>25.0</ele><time>2024-06-08T17:00:00Z</time></trkpt>
<trkpt lat="45.376458" lon="-75.841349"><ele>25.0</ele><time>2024-06-08T17:00:01Z</time></trkpt>
<trkpt lat="45.376471" lon="-75.841358"><ele>25.0</ele><time>2024-06-08T17:00:02Z</time></trkpt>
<trkpt lat="45.376487" lon="-75.841376"><ele>25.0</ele><time>2024-06-08T17:00:03Z</time></trkpt>
<trkpt lat="45.376499" lon="-75.841385"><ele>24.0</ele><time>2024-06-08T17:00:04Z</time></trkpt>
<trkpt lat="45.376515" lon="-75.841394"><ele>25.0</ele><time>2024-06-08T17:00:05Z</time></trkpt>
<trkpt lat="45.376528" lon="-75.841412"><ele>25.0</ele><time>2024-06-08T17:00:06Z</time></trkpt>
<trkpt lat="45.376541" lon="-75.841421"><ele>25.0</ele><time>2024-06-08T17:00:07Z</time></trkpt>
<trkpt lat="45.376556" lon="-75.841439"><ele>25.0</ele><time>2024-06-08T17:00:08Z</time></trkpt>
<trkpt lat="45.376569" lon="-75.841448"><ele>24.0</ele><time>2024-06-08T17:00:09Z</time></trkpt>
<trkpt lat="45.376585" lon="-75.841466"><ele>25.0</ele><time>2024-06-08T17:00:10Z</time></trkpt>
<trkpt lat="45.376601" lon="-75.841475"><ele>25.0</ele><time>2024-06-08T17:00:11Z</time></trkpt>
<trkpt lat="45.376616" lon="-75.841484"><ele>24.0</ele><time>2024-06-08T17:00:12Z</time></trkpt>
<trkpt lat="45.376629" lon="-75.841493"><ele>24.0</ele><time>2024-06-08T17:00:13Z</time></trkpt>
<trkpt lat="45.376648" lon="-75.841511"><ele>24.0</ele><time>2024-06-08T17:00:14Z</time></trkpt>
<trkpt lat="45.376661" lon="-75.84152"><ele>24.0</ele><time>2024-06-08T17:00:15Z</time></trkpt>
<trkpt lat="45.376677" lon="-75.841529"><ele>24.0</ele><time>2024-06-08T17:00:16Z</time></trkpt>
<trkpt lat="45.376692" lon="-75.841547"><ele>24.0</ele><time>2024-06-08T17:00:17Z</time></trkpt>
<trkpt lat="45.376708" lon="-75.841556"><ele>24.0</ele><time>2024-06-08T17:00:18Z</time></trkpt>
<trkpt lat="45.376721" lon="-75.841574"><ele>24.0</ele><time>2024-06-08T17:00:19Z</time></trkpt>
<trkpt lat="45.376737" lon="-75.841592"><ele>24.0</ele><time>2024-06-08T17:00:20Z</time></trkpt>
<trkpt lat="45.376753" lon="-75.841601"><ele>24.0</ele><time>2024-06-08T17:00:21Z</time></trkpt>
<trkpt lat="45.376768" lon="-75.84161"><ele>24.0</ele><time>2024-06-08T17:00:22Z</time></trkpt>
<trkpt lat="45.376784" lon="-75.841628"><ele>24.0</ele><time>2024-06-08T17:00:23Z</time></trkpt>
<trkpt lat="45.3768" lon="-75.841637"><ele>24.0</ele><time>2024-06-08T17:00:24Z</time></trkpt>
<trkpt lat="45.376816" lon="-75.841646"><ele>24.0</ele><time>2024-06-08T17:00:25Z</time></trkpt>
<trkpt lat="45.376832" lon="-75.841664"><ele>24.0</ele><time>2024-06-08T17:00:26Z</time></trkpt>
<trkpt lat="45.376848" lon="-75.841673"><ele>24.0</ele><time>2024-06-08T17:00:27Z</time></trkpt>
<trkpt lat="45.376863" lon="-75.841682"><ele>24.0</ele><time>2024-06-08T17:00:28Z</time></trkpt>
<trkpt lat="45.376882" lon="-75.841691"><ele>24.0</ele><time>2024-06-08T17:00:29Z</time></trkpt>
<trkpt lat="45.376898" lon="-75.841691"><ele>24.0</ele><time>2024-06-08T17:00:30Z</time></trkpt>
<trkpt lat="45.376914" lon="-75.8417"><ele>24.0</ele><time>2024-06-08T17:00:31Z</time></trkpt>
<trkpt lat="45.37693" lon="-75.841718"><ele>24.0</ele><time>2024-06-08T17:00:32Z</time></trkpt>
<trkpt lat="45.376946" lon="-75.841727"><ele>24.0</ele><time>2024-06-08T17:00:33Z</time></trkpt>
<trkpt lat="45.376958" lon="-75.841745"><ele>24.0</ele><time>2024-06-08T17:00:34Z</time></trkpt>
<trkpt lat="45.376974" lon="-75.841754"><ele>24.0</ele><time>2024-06-08T17:00:35Z</time></trkpt>
<trkpt lat="45.37699" lon="-75.841763"><ele>24.0</ele><time>2024-06-08T17:00:36Z</time></trkpt>
<trkpt lat="45.377006" lon="-75.84178"><ele>24.0</ele><time>2024-06-08T17:00:37Z</time></trkpt>
<trkpt lat="45.377019" lon="-75.841789"><ele>24.0</ele><time>2024-06-08T17:00:38Z</time></trkpt>
<trkpt lat="45.377034" lon="-75.841807"><ele>24.0</ele><time>2024-06-08T17:00:39Z</time></trkpt>
<trkpt lat="45.377047" lon="-75.841825"><ele>24.0</ele><time>2024-06-08T17:00:40Z</time></trkpt>
<trkpt lat="45.37706" lon="-75.841834"><ele>24.0</ele><time>2024-06-08T17:00:41Z</time></trkpt>
<trkpt lat="45.377072" lon="-75.841852"><ele>24.0</ele><time>2024-06-08T17:00:42Z</time></trkpt>
<trkpt lat="45.377085" lon="-75.84187"><ele>24.0</ele><time>2024-06-08T17:00:43Z</time></trkpt>
<trkpt lat="45.377101" lon="-75.841879"><ele>24.0</ele><time>2024-06-08T17:00:44Z</time></trkpt>
<trkpt lat="45.377113" lon="-75.841897"><ele>24.0</ele><time>2024-06-08T17:00:45Z</time></trkpt>
<trkpt lat="45.377126" lon="-75.841915"><ele>24.0</ele><time>2024-06-08T17:00:46Z</time></trkpt>
<trkpt lat="45.377139" lon="-75.841924"><ele>25.0</ele><time>2024-06-08T17:00:47Z</time></trkpt>
<trkpt lat="45.377151" lon="-75.841942"><ele>24.0</ele><time>2024-06-08T17:00:48Z</time></trkpt>
<trkpt lat="45.377164" lon="-75.84196"><ele>24.0</ele><time>2024-06-08T17:00:49Z</time></trkpt>
<trkpt lat="45.37718" lon="-75.841978"><ele>25.0</ele><time>2024-06-08T17:00:50Z</time></trkpt>
<trkpt lat="45.377193" lon="-75.841987"><ele>24.0</ele><time>2024-06-08T17:00:51Z</time></trkpt>
<trkpt lat="45.377205" lon="-75.842005"><ele>25.0</ele><time>2024-06-08T17:00:52Z</time></trkpt>
<trkpt lat="45.377218" lon="-75.842023"><ele>25.0</ele><time>2024-06-08T17:00:53Z</time></trkpt>
<trkpt lat="45.377231" lon="-75.842032"><ele>24.0</ele><time>2024-06-08T17:00:54Z</time></trkpt>
<trkpt lat="45.377243" lon="-75.84205"><ele>24.0</ele><time>2024-06-08T17:00:55Z</time></trkpt>
<trkpt lat="45.377259" lon="-75.842068"><ele>24.0</ele><time>2024-06-08T17:00:56Z</time></trkpt>
<trkpt lat="45.377275" lon="-75.842077"><ele>24.0</ele><time>2024-06-08T17:00:57Z</time></trkpt>
<trkpt lat="45.377288" lon="-75.842095"><ele>25.0</ele><time>2024-06-08T17:00:58Z</time></trkpt>
<trkpt lat="45.377303" lon="-75.842104"><ele>25.0</ele><time>2024-06-08T17:00:59Z</time></trkpt>
<trkpt lat="45.377316" lon="-75.842122"><ele>25.0</ele><time>2024-06-08T17:01:00Z</time></trkpt>
<trkpt lat="45.377332" lon="-75.84214"><ele>25.0</ele><time>2024-06-08T17:01:01Z</time></trkpt>
<trkpt lat="45.377348" lon="-75.842158"><ele>25.0</ele><time>2024-06-08T17:01:02Z</time></trkpt>
<trkpt lat="45.377364" lon="-75.842167"><ele>25.0</ele><time>2024-06-08T17:01:03Z</time></trkpt>
<trkpt lat="45.377376" lon="-75.842185"><ele>25.0</ele><time>2024-06-08T17:01:04Z</time></trkpt>
<trkpt lat="45.377392" lon="-75.842203"><ele>25.0</ele><time>2024-06-08T17:01:05Z</time></trkpt>
<trkpt lat="45.377405" lon="-75.842221"><ele>25.0</ele><time>2024-06-08T17:01:06Z</time></trkpt>
<trkpt lat="45.377421" lon="-75.842239"><ele>25.0</ele><time>2024-06-08T17:01:07Z</time></trkpt>
<trkpt lat="45.377436" lon="-75.842257"><ele>25.0</ele><time>2024-06-08T17:01:08Z</time></trkpt>
<trkpt lat="45.377452" lon="-75.842266"><ele>25.0</ele><time>2024-06-08T17:01:09Z</time></trkpt>
<trkpt lat="45.377465" lon="-75.842284"><ele>25.0</ele><time>2024-06-08T17:01:10Z</time></trkpt>
<trkpt lat="45.377481" lon="-75.842301"><ele>25.0</ele><time>2024-06-08T17:01:11Z</time></trkpt>
<trkpt lat="45.377493" lon="-75.84231"><ele>25.0</ele><time>2024-06-08T17:01:12Z</time></trkpt>
<trkpt lat="45.377509" lon="-75.842328"><ele>25.0</ele><time>2024-06-08T17:01:13Z</time></trkpt>
<trkpt lat="45.377522" lon="-75.842346"><ele>25.0</ele><time>2024-06-08T17:01:14Z</time></trkpt>
<trkpt lat="45.377538" lon="-75.842355"><ele>25.0</ele><time>2024-06-08T17:01:15Z</time></trkpt>
<trkpt lat="45.377553" lon="-75.842373"><ele>25.0</ele><time>2024-06-08T17:01:16Z</time></trkpt>
<trkpt lat="45.377566" lon="-75.842382"><ele>25.0</ele><time>2024-06-08T17:01:17Z</time></trkpt>
<trkpt lat="45.377582" lon="-75.8424"><ele>25.0</ele><time>2024-06-08T17:01:18Z</time></trkpt>
<trkpt lat="45.377595" lon="-75.842409"><ele>25.0</ele><time>2024-06-08T17:01:19Z</time></trkpt>
<trkpt lat="45.377607" lon="-75.842427"><ele>25.0</ele><time>2024-06-08T17:01:20Z</time></trkpt>
<trkpt lat="45.377623" lon="-75.842436"><ele>25.0</ele><time>2024-06-08T17:01:21Z</time></trkpt>
<trkpt lat="45.377636" lon="-75.842445"><ele>25.0</ele><time>2024-06-08T17:01:22Z</time></trkpt>
<trkpt lat="45.377652" lon="-75.842463"><ele>25.0</ele><time>2024-06-08T17:01:23Z</time></trkpt>
<trkpt lat="45.377667" lon="-75.842472"><ele>25.0</ele><time>2024-06-08T17:01:24Z</time></trkpt>
<trkpt lat="45.377683" lon="-75.84249"><ele>24.0</ele><time>2024-06-08T17:01:25Z</time></trkpt>
<trkpt lat="45.377699" lon="-75.842499"><ele>25.0</ele><time>2024-06-08T17:01:26Z</time></trkpt>
<trkpt lat="45.377712" lon="-75.842517"><ele>24.0</ele><time>2024-06-08T17:01:27Z</time></trkpt>
<trkpt lat="45.377728" lon="-75.842526"><ele>24.0</ele><time>2024-06-08T17:01:28Z</time></trkpt>
<trkpt lat="45.377743" lon="-75.842535"><ele>25.0</ele><time>2024-06-08T17:01:29Z</time></trkpt>
<trkpt lat="45.377759" lon="-75.842553"><ele>24.0</ele><time>2024-06-08T17:01:30Z</time></trkpt>
<trkpt lat="45.377775" lon="-75.842562"><ele>24.0</ele><time>2024-06-08T17:01:31Z</time></trkpt>
<trkpt lat="45.377791" lon="-75.84258"><ele>24.0</ele><time>2024-06-08T17:01:32Z</time></trkpt>
<trkpt lat="45.37781" lon="-75.842589"><ele>24.0</ele><time>2024-06-08T17:01:33Z</time></trkpt>
<trkpt lat="45.377826" lon="-75.842607"><ele>24.0</ele><time>2024-06-08T17:01:34Z</time></trkpt>
<trkpt lat="45.377842" lon="-75.842625"><ele>24.0</ele><time>2024-06-08T17:01:35Z</time></trkpt>
<trkpt lat="45.377857" lon="-75.842643"><ele>24.0</ele><time>2024-06-08T17:01:36Z</time></trkpt>
<trkpt lat="45.377873" lon="-75.842652"><ele>24.0</ele><time>2024-06-08T17:01:37Z</time></trkpt>
<trkpt lat="45.377889" lon="-75.84267"><ele>24.0</ele><time>2024-06-08T17:01:38Z</time></trkpt>
<trkpt lat="45.377905" lon="-75.842679"><ele>24.0</ele><time>2024-06-08T17:01:39Z</time></trkpt>
<trkpt lat="45.377921" lon="-75.842697"><ele>24.0</ele><time>2024-06-08T17:01:40Z</time></trkpt>
<trkpt lat="45.377936" lon="-75.842706"><ele>24.0</ele><time>2024-06-08T17:01:41Z</time></trkpt>
<trkpt lat="45.377952" lon="-75.842724"><ele>23.0</ele><time>2024-06-08T17:01:42Z</time></trkpt>
<trkpt lat="45.377971" lon="-75.842733"><ele>24.0</ele><time>2024-06-08T17:01:43Z</time></trkpt>
<trkpt lat="45.377984" lon="-75.842751"><ele>24.0</ele><time>2024-06-08T17:01:44Z</time></trkpt>
<trkpt lat="45.378" lon="-75.84276"><ele>23.0</ele><time>2024-06-08T17:01:45Z</time></trkpt>
<trkpt lat="45.378019" lon="-75.842778"><ele>23.0</ele><time>2024-06-08T17:01:46Z</time></trkpt>
<trkpt lat="45.378035" lon="-75.842787"><ele>23.0</ele><time>2024-06-08T17:01:47Z</time></trkpt>
<trkpt lat="45.378054" lon="-75.842796"><ele>23.0</ele><time>2024-06-08T17:01:48Z</time></trkpt>
<trkpt lat="45.378069" lon="-75.842805"><ele>23.0</ele><time>2024-06-08T17:01:49Z</time></trkpt>
<trkpt lat="45.378085" lon="-75.842822"><ele>23.0</ele><time>2024-06-08T17:01:50Z</time></trkpt>
<trkpt lat="45.378104" lon="-75.842831"><ele>23.0</ele><time>2024-06-08T17:01:51Z</time></trkpt>
<trkpt lat="45.378117" lon="-75.842849"><ele>23.0</ele><time>2024-06-08T17:01:52Z</time></trkpt>
<trkpt lat="45.378133" lon="-75.842867"><ele>23.0</ele><time>2024-06-08T17:01:53Z</time></trkpt>
<trkpt lat="45.378133" lon="-75.842867"><ele>23.0</ele><time>2024-06-08T17:01:54Z</time></trkpt>
<trkpt lat="45.378145" lon="-75.842885"><ele>23.0</ele><time>2024-06-08T17:01:54Z</time></trkpt>
<trkpt lat="45.378155" lon="-75.842903"><ele>24.0</ele><time>2024-06-08T17:01:55Z</time></trkpt>
<trkpt lat="45.378171" lon="-75.842921"><ele>23.0</ele><time>2024-06-08T17:01:56Z</time></trkpt>
<trkpt lat="45.378177" lon="-75.842939"><ele>24.0</ele><time>2024-06-08T17:01:57Z</time></trkpt>
<trkpt lat="45.378183" lon="-75.842966"><ele>25.0</ele><time>2024-06-08T17:01:58Z</time></trkpt>
<trkpt lat="45.37819" lon="-75.842984"><ele>24.0</ele><time>2024-06-08T17:01:59Z</time></trkpt>
<trkpt lat="45.378196" lon="-75.843002"><ele>24.0</ele><time>2024-06-08T17:02:00Z</time></trkpt>
<trkpt lat="45.378206" lon="-75.84302"><ele>24.0</ele><time>2024-06-08T17:02:01Z</time></trkpt>
<trkpt lat="45.378212" lon="-75.843038"><ele>24.0</ele><time>2024-06-08T17:02:02Z</time></trkpt>
<trkpt lat="45.378215" lon="-75.843056"><ele>23.0</ele><time>2024-06-08T17:02:03Z</time></trkpt>
<trkpt lat="45.378215" lon="-75.843074"><ele>24.0</ele><time>2024-06-08T17:02:04Z</time></trkpt>
<trkpt lat="45.378215" lon="-75.843092"><ele>24.0</ele><time>2024-06-08T17:02:05Z</time></trkpt>
<trkpt lat="45.378212" lon="-75.843101"><ele>23.0</ele><time>2024-06-08T17:02:06Z</time></trkpt>
<trkpt lat="45.378206" lon="-75.84311"><ele>23.0</ele><time>2024-06-08T17:02:07Z</time></trkpt>
<trkpt lat="45.378199" lon="-75.843119"><ele>23.0</ele><time>2024-06-08T17:02:08Z</time></trkpt>
<trkpt lat="45.37819" lon="-75.843119"><ele>23.0</ele><time>2024-06-08T17:02:09Z</time></trkpt>
<trkpt lat="45.37818" lon="-75.843128"><ele>24.0</ele><time>2024-06-08T17:02:10Z</time></trkpt>
<trkpt lat="45.378168" lon="-75.843119"><ele>24.0</ele><time>2024-06-08T17:02:11Z</time></trkpt>
<trkpt lat="45.378158" lon="-75.843119"><ele>23.0</ele><time>2024-06-08T17:02:12Z</time></trkpt>
<trkpt lat="45.378145" lon="-75.843119"><ele>23.0</ele><time>2024-06-08T17:02:13Z</time></trkpt>
<trkpt lat="45.378133" lon="-75.84311"><ele>23.0</ele><time>2024-06-08T17:02:14Z</time></trkpt>
<trkpt lat="45.378117" lon="-75.84311"><ele>23.0</ele><time>2024-06-08T17:02:15Z</time></trkpt>
<trkpt lat="45.378104" lon="-75.843101"><ele>23.0</ele><time>2024-06-08T17:02:16Z</time></trkpt>
<trkpt lat="45.378088" lon="-75.843101"><ele>23.0</ele><time>2024-06-08T17:02:17Z</time></trkpt>
<trkpt lat="45.378076" lon="-75.843092"><ele>23.0</ele><time>2024-06-08T17:02:18Z</time></trkpt>
<trkpt lat="45.37806" lon="-75.843092"><ele>23.0</ele><time>2024-06-08T17:02:19Z</time></trkpt>
<trkpt lat="45.378047" lon="-75.843101"><ele>23.0</ele><time>2024-06-08T17:02:20Z</time></trkpt>
<trkpt lat="45.378031" lon="-75.843101"><ele>23.0</ele><time>2024-06-08T17:02:21Z</time></trkpt>
<trkpt lat="45.378019" lon="-75.843101"><ele>23.0</ele><time>2024-06-08T17:02:22Z</time></trkpt>
<trkpt lat="45.378006" lon="-75.84311"><ele>23.0</ele><time>2024-06-08T17:02:23Z</time></trkpt>
<trkpt lat="45.377993" lon="-75.84311"><ele>23.0</ele><time>2024-06-08T17:02:24Z</time></trkpt>
<trkpt lat="45.377981" lon="-75.843119"><ele>23.0</ele><time>2024-06-08T17:02:25Z</time></trkpt>
<trkpt lat="45.377968" lon="-75.843128"><ele>23.0</ele><time>2024-06-08T17:02:26Z</time></trkpt>
<trkpt lat="45.377955" lon="-75.843128"><ele>23.0</ele><time>2024-06-08T17:02:27Z</time></trkpt>
<trkpt lat="45.377946" lon="-75.843137"><ele>23.0</ele><time>2024-06-08T17:02:28Z</time></trkpt>
<trkpt lat="45.377933" lon="-75.843137"><ele>23.0</ele><time>2024-06-08T17:02:29Z</time></trkpt>
<trkpt lat="45.377921" lon="-75.843146"><ele>23.0</ele><time>2024-06-08T17:02:30Z</time></trkpt>
<trkpt lat="45.377908" lon="-75.843146"><ele>23.0</ele><time>2024-06-08T17:02:31Z</time></trkpt>
<trkpt lat="45.377895" lon="-75.843146"><ele>23.0</ele><time>2024-06-08T17:02:32Z</time></trkpt>
<trkpt lat="45.37788" lon="-75.843155"><ele>23.0</ele><time>2024-06-08T17:02:33Z</time></trkpt>
<trkpt lat="45.377867" lon="-75.843155"><ele>23.0</ele><time>2024-06-08T17:02:34Z</time></trkpt>
<trkpt lat="45.377851" lon="-75.843155"><ele>23.0</ele><time>2024-06-08T17:02:35Z</time></trkpt>
<trkpt lat="45.377835" lon="-75.843146"><ele>23.0</ele><time>2024-06-08T17:02:36Z</time></trkpt>
<trkpt lat="45.377819" lon="-75.843146"><ele>23.0</ele><time>2024-06-08T17:02:37Z</time></trkpt>
<trkpt lat="45.3778" lon="-75.843146"><ele>23.0</ele><time>2024-06-08T17:02:38Z</time></trkpt>
<trkpt lat="45.377785" lon="-75.843137"><ele>23.0</ele><time>2024-06-08T17:02:39Z</time></trkpt>
<trkpt lat="45.377766" lon="-75.843137"><ele>23.0</ele><time>2024-06-08T17:02:40Z</time></trkpt>
<trkpt lat="45.377747" lon="-75.843128"><ele>23.0</ele><time>2024-06-08T17:02:41Z</time></trkpt>
<trkpt lat="45.377731" lon="-75.843128"><ele>23.0</ele><time>2024-06-08T17:02:42Z</time></trkpt>
<trkpt lat="45.377712" lon="-75.843128"><ele>23.0</ele><time>2024-06-08T17:02:43Z</time></trkpt>
<trkpt lat="45.377693" lon="-75.843119"><ele>23.0</ele><time>2024-06-08T17:02:44Z</time></trkpt>
<trkpt lat="45.377677" lon="-75.843128"><ele>23.0</ele><time>2024-06-08T17:02:45Z</time></trkpt>
<trkpt lat="45.377658" lon="-75.843128"><ele>23.0</ele><time>2024-06-08T17:02:46Z</time></trkpt>
<trkpt lat="45.377642" lon="-75.843128"><ele>23.0</ele><time>2024-06-08T17:02:47Z</time></trkpt>
<trkpt lat="45.377623" lon="-75.843128"><ele>23.0</ele><time>2024-06-08T17:02:48Z</time></trkpt>
<trkpt lat="45.377607" lon="-75.843137"><ele>23.0</ele><time>2024-06-08T17:02:49Z</time></trkpt>
<trkpt lat="45.377588" lon="-75.843137"><ele>23.0</ele><time>2024-06-08T17:02:50Z</time></trkpt>
<trkpt lat="45.377572" lon="-75.843137"><ele>23.0</ele><time>2024-06-08T17:02:51Z</time></trkpt>
<trkpt lat="45.377557" lon="-75.843146"><ele>23.0</ele><time>2024-06-08T17:02:52Z</time></trkpt>
<trkpt lat="45.377541" lon="-75.843146"><ele>23.0</ele><time>2024-06-08T17:02:53Z</time></trkpt>
<trkpt lat="45.377525" lon="-75.843155"><ele>23.0</ele><time>2024-06-08T17:02:54Z</time></trkpt>
<trkpt lat="45.377509" lon="-75.843164"><ele>23.0</ele><time>2024-06-08T17:02:55Z</time></trkpt>
<trkpt lat="45.377493" lon="-75.843164"><ele>23.0</ele><time>2024-06-08T17:02:56Z</time></trkpt>
<trkpt lat="45.377481" lon="-75.843173"><ele>23.0</ele><time>2024-06-08T17:02:57Z</time></trkpt>
<trkpt lat="45.377465" lon="-75.843173"><ele>23.0</ele><time>2024-06-08T17:02:58Z</time></trkpt>
<trkpt lat="45.377449" lon="-75.843182"><ele>23.0</ele><time>2024-06-08T17:02:59Z</time></trkpt>
<trkpt lat="45.377436" lon="-75.843191"><ele>23.0</ele><time>2024-06-08T17:03:00Z</time></trkpt>
<trkpt lat="45.377424" lon="-75.8432"><ele>23.0</ele><time>2024-06-08T17:03:01Z</time></trkpt>
<trkpt lat="45.377408" lon="-75.8432"><ele>23.0</ele><time>2024-06-08T17:03:02Z</time></trkpt>
<trkpt lat="45.377395" lon="-75.843209"><ele>23.0</ele><time>2024-06-08T17:03:03Z</time></trkpt>
<trkpt lat="45.377383" lon="-75.843218"><ele>23.0</ele><time>2024-06-08T17:03:04Z</time></trkpt>
<trkpt lat="45.37737" lon="-75.843227"><ele>23.0</ele><time>2024-06-08T17:03:05Z</time></trkpt>
<trkpt lat="45.377357" lon="-75.843236"><ele>23.0</ele><time>2024-06-08T17:03:06Z</time></trkpt>
<trkpt lat="45.377345" lon="-75.843245"><ele>23.0</ele><time>2024-06-08T17:03:07Z</time></trkpt>
<trkpt lat="45.377332" lon="-75.843254"><ele>23.0</ele><time>2024-06-08T17:03:08Z</time></trkpt>
<trkpt lat="45.377319" lon="-75.843263"><ele>23.0</ele><time>2024-06-08T17:03:09Z</time></trkpt>
<trkpt lat="45.377307" lon="-75.843272"><ele>23.0</ele><time>2024-06-08T17:03:10Z</time></trkpt>
<trkpt lat="45.377294" lon="-75.843281"><ele>23.0</ele><time>2024-06-08T17:03:11Z</time></trkpt>
<trkpt lat="45.377281" lon="-75.84329"><ele>23.0</ele><time>2024-06-08T17:03:12Z</time></trkpt>
<trkpt lat="45.377269" lon="-75.843299"><ele>23.0</ele><time>2024-06-08T17:03:13Z</time></trkpt>
<trkpt lat="45.377253" lon="-75.843308"><ele>23.0</ele><time>2024-06-08T17:03:14Z</time></trkpt>
<trkpt lat="45.37724" lon="-75.843317"><ele>23.0</ele><time>2024-06-08T17:03:15Z</time></trkpt>
<trkpt lat="45.377224" lon="-75.843326"><ele>23.0</ele><time>2024-06-08T17:03:16Z</time></trkpt>
<trkpt lat="45.377212" lon="-75.843335"><ele>23.0</ele><time>2024-06-08T17:03:17Z</time></trkpt>
<trkpt lat="45.377196" lon="-75.843335"><ele>23.0</ele><time>2024-06-08T17:03:18Z</time></trkpt>
<trkpt lat="45.37718" lon="-75.843343"><ele>23.0</ele><time>2024-06-08T17:03:19Z</time></trkpt>
<trkpt lat="45.377164" lon="-75.843352"><ele>23.0</ele><time>2024-06-08T17:03:20Z</time></trkpt>
<trkpt lat="45.377151" lon="-75.843361"><ele>23.0</ele><time>2024-06-08T17:03:21Z</time></trkpt>
<trkpt lat="45.377136" lon="-75.84337"><ele>23.0</ele><time>2024-06-08T17:03:22Z</time></trkpt>
<trkpt lat="45.37712" lon="-75.843379"><ele>23.0</ele><time>2024-06-08T17:03:23Z</time></trkpt>
<trkpt lat="45.377104" lon="-75.843388"><ele>23.0</ele><time>2024-06-08T17:03:24Z</time></trkpt>
<trkpt lat="45.377091" lon="-75.843397"><ele>23.0</ele><time>2024-06-08T17:03:25Z</time></trkpt>
<trkpt lat="45.377075" lon="-75.843406"><ele>23.0</ele><time>2024-06-08T17:03:26Z</time></trkpt>
<trkpt lat="45.377063" lon="-75.843415"><ele>23.0</ele><time>2024-06-08T17:03:27Z</time></trkpt>
<trkpt lat="45.37705" lon="-75.843424"><ele>23.0</ele><time>2024-06-08T17:03:28Z</time></trkpt>
<trkpt lat="45.377037" lon="-75.843433"><ele>23.0</ele><time>2024-06-08T17:03:29Z</time></trkpt>
<trkpt lat="45.377022" lon="-75.843442"><ele>23.0</ele><time>2024-06-08T17:03:30Z</time></trkpt>
<trkpt lat="45.377009" lon="-75.843442"><ele>23.0</ele><time>2024-06-08T17:03:31Z</time></trkpt>
<trkpt lat="45.376996" lon="-75.843451"><ele>23.0</ele><time>2024-06-08T17:03:32Z</time></trkpt>
<trkpt lat="45.376981" lon="-75.84346"><ele>23.0</ele><time>2024-06-08T17:03:33Z</time></trkpt>
<trkpt lat="45.376965" lon="-75.843469"><ele>24.0</ele><time>2024-06-08T17:03:34Z</time></trkpt>
<trkpt lat="45.376952" lon="-75.843469"><ele>23.0</ele><time>2024-06-08T17:03:35Z</time></trkpt>
<trkpt lat="45.376936" lon="-75.843478"><ele>24.0</ele><time>2024-06-08T17:03:36Z</time></trkpt>
<trkpt lat="45.37692" lon="-75.843487"><ele>24.0</ele><time>2024-06-08T17:03:37Z</time></trkpt>
<trkpt lat="45.376908" lon="-75.843487"><ele>24.0</ele><time>2024-06-08T17:03:38Z</time></trkpt>
<trkpt lat="45.376892" lon="-75.843496"><ele>24.0</ele><time>2024-06-08T17:03:39Z</time></trkpt>
<trkpt lat="45.376879" lon="-75.843505"><ele>24.0</ele><time>2024-06-08T17:03:40Z</time></trkpt>
<trkpt lat="45.376867" lon="-75.843514"><ele>24.0</ele><time>2024-06-08T17:03:41Z</time></trkpt>
<trkpt lat="45.376854" lon="-75.843523"><ele>24.0</ele><time>2024-06-08T17:03:42Z</time></trkpt>
<trkpt lat="45.376838" lon="-75.843532"><ele>24.0</ele><time>2024-06-08T17:03:43Z</time></trkpt>
<trkpt lat="45.376825" lon="-75.843541"><ele>24.0</ele><time>2024-06-08T17:03:44Z</time></trkpt>
<trkpt lat="45.376813" lon="-75.843541"><ele>23.0</ele><time>2024-06-08T17:03:45Z</time></trkpt>
<trkpt lat="45.376797" lon="-75.84355"><ele>24.0</ele><time>2024-06-08T17:03:46Z</time></trkpt>
<trkpt lat="45.376784" lon="-75.843559"><ele>24.0</ele><time>2024-06-08T17:03:47Z</time></trkpt>
<trkpt lat="45.376772" lon="-75.843568"><ele>24.0</ele><time>2024-06-08T17:03:48Z</time></trkpt>
<trkpt lat="45.376759" lon="-75.843577"><ele>24.0</ele><time>2024-06-08T17:03:49Z</time></trkpt>
<trkpt lat="45.376746" lon="-75.843586"><ele>24.0</ele><time>2024-06-08T17:03:50Z</time></trkpt>
<trkpt lat="45.376734" lon="-75.843595"><ele>24.0</ele><time>2024-06-08T17:03:51Z</time></trkpt>
<trkpt lat="45.376721" lon="-75.843604"><ele>24.0</ele><time>2024-06-08T17:03:52Z</time></trkpt>
<trkpt lat="45.376711" lon="-75.843604"><ele>23.0</ele><time>2024-06-08T17:03:53Z</time></trkpt>
<trkpt lat="45.376702" lon="-75.843613"><ele>23.0</ele><time>2024-06-08T17:03:54Z</time></trkpt>
<trkpt lat="45.376689" lon="-75.843622"><ele>23.0</ele><time>2024-06-08T17:03:55Z</time></trkpt>
<trkpt lat="45.376677" lon="-75.843631"><ele>23.0</ele><time>2024-06-08T17:03:56Z</time></trkpt>
<trkpt lat="45.376667" lon="-75.84364"><ele>23.0</ele><time>2024-06-08T17:03:57Z</time></trkpt>
<trkpt lat="45.376654" lon="-75.843649"><ele>23.0</ele><time>2024-06-08T17:03:58Z</time></trkpt>
<trkpt lat="45.376645" lon="-75.843649"><ele>23.0</ele><time>2024-06-08T17:03:59Z</time></trkpt>
<trkpt lat="45.376632" lon="-75.843658"><ele>23.0</ele><time>2024-06-08T17:04:00Z</time></trkpt>
<trkpt lat="45.37662" lon="-75.843667"><ele>23.0</ele><time>2024-06-08T17:04:01Z</time></trkpt>
<trkpt lat="45.376607" lon="-75.843676"><ele>23.0</ele><time>2024-06-08T17:04:02Z</time></trkpt>
<trkpt lat="45.376597" lon="-75.843676"><ele>23.0</ele><time>2024-06-08T17:04:03Z</time></trkpt>
<trkpt lat="45.376585" lon="-75.843685"><ele>23.0</ele><time>2024-06-08T17:04:04Z</time></trkpt>
<trkpt lat="45.376572" lon="-75.843694"><ele>23.0</ele><time>2024-06-08T17:04:05Z</time></trkpt>
<trkpt lat="45.37656" lon="-75.843694"><ele>23.0</ele><time>2024-06-08T17:04:06Z</time></trkpt>
<trkpt lat="45.376547" lon="-75.843703"><ele>23.0</ele><time>2024-06-08T17:04:07Z</time></trkpt>
<trkpt lat="45.376537" lon="-75.843703"><ele>23.0</ele><time>2024-06-08T17:04:08Z</time></trkpt>
<trkpt lat="45.376525" lon="-75.843712"><ele>23.0</ele><time>2024-06-08T17:04:09Z</time></trkpt>
<trkpt lat="45.376512" lon="-75.843712"><ele>23.0</ele><time>2024-06-08T17:04:10Z</time></trkpt>
<trkpt lat="45.376499" lon="-75.843721"><ele>23.0</ele><time>2024-06-08T17:04:11Z</time></trkpt>
<trkpt lat="45.376487" lon="-75.843721"><ele>23.0</ele><time>2024-06-08T17:04:12Z</time></trkpt>
<trkpt lat="45.376474" lon="-75.84373"><ele>23.0</ele><time>2024-06-08T17:04:13Z</time></trkpt>
<trkpt lat="45.376461" lon="-75.84373"><ele>23.0</ele><time>2024-06-08T17:04:14Z</time></trkpt>
<trkpt lat="45.376446" lon="-75.843739"><ele>24.0</ele><time>2024-06-08T17:04:15Z</time></trkpt>
<trkpt lat="45.376433" lon="-75.843739"><ele>24.0</ele><time>2024-06-08T17:04:16Z</time></trkpt>
<trkpt lat="45.37642" lon="-75.843739"><ele>24.0</ele><time>2024-06-08T17:04:17Z</time></trkpt>
<trkpt lat="45.376408" lon="-75.843748"><ele>24.0</ele><time>2024-06-08T17:04:18Z</time></trkpt>
<trkpt lat="45.376395" lon="-75.843757"><ele>24.0</ele><time>2024-06-08T17:04:19Z</time></trkpt>
<trkpt lat="45.376382" lon="-75.843757"><ele>24.0</ele><time>2024-06-08T17:04:20Z</time></trkpt>
<trkpt lat="45.37637" lon="-75.843766"><ele>24.0</ele><time>2024-06-08T17:04:21Z</time></trkpt>
<trkpt lat="45.37636" lon="-75.843775"><ele>24.0</ele><time>2024-06-08T17:04:22Z</time></trkpt>
<trkpt lat="45.376347" lon="-75.843775"><ele>24.0</ele><time>2024-06-08T17:04:23Z</time></trkpt>
<trkpt lat="45.376338" lon="-75.843784"><ele>24.0</ele><time>2024-06-08T17:04:24Z</time></trkpt>
<trkpt lat="45.376328" lon="-75.843784"><ele>24.0</ele><time>2024-06-08T17:04:25Z</time></trkpt>
<trkpt lat="45.376316" lon="-75.843793"><ele>24.0</ele><time>2024-06-08T17:04:26Z</time></trkpt>
<trkpt lat="45.376303" lon="-75.843793"><ele>24.0</ele><time>2024-06-08T17:04:27Z</time></trkpt>
<trkpt lat="45.37629" lon="-75.843802"><ele>24.0</ele><time>2024-06-08T17:04:28Z</time></trkpt>
<trkpt lat="45.376281" lon="-75.843802"><ele>24.0</ele><time>2024-06-08T17:04:29Z</time></trkpt>
<trkpt lat="45.376268" lon="-75.843802"><ele>24.0</ele><time>2024-06-08T17:04:30Z</time></trkpt>
<trkpt lat="45.376256" lon="-75.843811"><ele>24.0</ele><time>2024-06-08T17:04:31Z</time></trkpt>
<trkpt lat="45.37624" lon="-75.843811"><ele>24.0</ele><time>2024-06-08T17:04:32Z</time></trkpt>
<trkpt lat="45.376227" lon="-75.843811"><ele>24.0</ele><time>2024-06-08T17:04:33Z</time></trkpt>
<trkpt lat="45.376214" lon="-75.84382"><ele>24.0</ele><time>2024-06-08T17:04:34Z</time></trkpt>
<trkpt lat="45.376202" lon="-75.84382"><ele>24.0</ele><time>2024-06-08T17:04:35Z</time></trkpt>
<trkpt lat="45.376186" lon="-75.84382"><ele>25.0</ele><time>2024-06-08T17:04:36Z</time></trkpt>
<trkpt lat="45.376173" lon="-75.843829"><ele>24.0</ele><time>2024-06-08T17:04:37Z</time></trkpt>
<trkpt lat="45.376157" lon="-75.843829"><ele>25.0</ele><time>2024-06-08T17:04:38Z</time></trkpt>
<trkpt lat="45.376142" lon="-75.843829"><ele>24.0</ele><time>2024-06-08T17:04:39Z</time></trkpt>
<trkpt lat="45.376129" lon="-75.843838"><ele>24.0</ele><time>2024-06-08T17:04:40Z</time></trkpt>
<trkpt lat="45.376113" lon="-75.843838"><ele>24.0</ele><time>2024-06-08T17:04:41Z</time></trkpt>
<trkpt lat="45.376101" lon="-75.843847"><ele>24.0</ele><time>2024-06-08T17:04:42Z</time></trkpt>
<trkpt lat="45.376085" lon="-75.843847"><ele>24.0</ele><time>2024-06-08T17:04:43Z</time></trkpt>
<trkpt lat="45.376072" lon="-75.843847"><ele>24.0</ele><time>2024-06-08T17:04:44Z</time></trkpt>
<trkpt lat="45.376056" lon="-75.843856"><ele>24.0</ele><time>2024-06-08T17:04:45Z</time></trkpt>
<trkpt lat="45.37604" lon="-75.843856"><ele>24.0</ele><time>2024-06-08T17:04:46Z</time></trkpt>
<trkpt lat="45.376028" lon="-75.843856"><ele>24.0</ele><time>2024-06-08T17:04:47Z</time></trkpt>
<trkpt lat="45.376012" lon="-75.843864"><ele>24.0</ele><time>2024-06-08T17:04:48Z</time></trkpt>
<trkpt lat="45.375999" lon="-75.843864"><ele>24.0</ele><time>2024-06-08T17:04:49Z</time></trkpt>
<trkpt lat="45.375987" lon="-75.843873"><ele>24.0</ele><time>2024-06-08T17:04:50Z</time></trkpt>
<trkpt lat="45.375974" lon="-75.843882"><ele>24.0</ele><time>2024-06-08T17:04:51Z</time></trkpt>
<trkpt lat="45.375958" lon="-75.843882"><ele>24.0</ele><time>2024-06-08T17:04:52Z</time></trkpt>
<trkpt lat="45.375945" lon="-75.843891"><ele>24.0</ele><time>2024-06-08T17:04:53Z</time></trkpt>
<trkpt lat="45.375933" lon="-75.8439"><ele>25.0</ele><time>2024-06-08T17:04:54Z</time></trkpt>
<trkpt lat="45.37592" lon="-75.8439"><ele>25.0</ele><time>2024-06-08T17:04:55Z</time></trkpt>
<trkpt lat="45.375907" lon="-75.843909"><ele>25.0</ele><time>2024-06-08T17:04:56Z</time></trkpt>
<trkpt lat="45.375892" lon="-75.843909"><ele>25.0</ele><time>2024-06-08T17:04:57Z</time></trkpt>
<trkpt lat="45.375879" lon="-75.843918"><ele>24.0</ele><time>2024-06-08T17:04:58Z</time></trkpt>
<trkpt lat="45.375866" lon="-75.843927"><ele>25.0</ele><time>2024-06-08T17:04:59Z</time></trkpt>
<trkpt lat="45.37585" lon="-75.843927"><ele>25.0</ele><time>2024-06-08T17:05:00Z</time></trkpt>
<trkpt lat="45.375838" lon="-75.843936"><ele>25.0</ele><time>2024-06-08T17:05:01Z</time></trkpt>
<trkpt lat="45.375825" lon="-75.843945"><ele>25.0</ele><time>2024-06-08T17:05:02Z</time></trkpt>
<trkpt lat="45.375812" lon="-75.843945"><ele>25.0</ele><time>2024-06-08T17:05:03Z</time></trkpt>
<trkpt lat="45.375797" lon="-75.843954"><ele>25.0</ele><time>2024-06-08T17:05:04Z</time></trkpt>
<trkpt lat="45.375784" lon="-75.843963"><ele>25.0</ele><time>2024-06-08T17:05:05Z</time></trkpt>
<trkpt lat="45.375771" lon="-75.843963"><ele>25.0</ele><time>2024-06-08T17:05:06Z</time></trkpt>
<trkpt lat="45.375759" lon="-75.843972"><ele>25.0</ele><time>2024-06-08T17:05:07Z</time></trkpt>
<trkpt lat="45.375746" lon="-75.843981"><ele>25.0</ele><time>2024-06-08T17:05:08Z</time></trkpt>
<trkpt lat="45.37573" lon="-75.84399"><ele>25.0</ele><time>2024-06-08T17:05:09Z</time></trkpt>
<trkpt lat="45.375717" lon="-75.84399"><ele>25.0</ele><time>2024-06-08T17:05:10Z</time></trkpt>
<trkpt lat="45.375705" lon="-75.843999"><ele>25.0</ele><time>2024-06-08T17:05:11Z</time></trkpt>
<trkpt lat="45.375692" lon="-75.844008"><ele>25.0</ele><time>2024-06-08T17:05:12Z</time></trkpt>
<trkpt lat="45.375676" lon="-75.844017"><ele>25.0</ele><time>2024-06-08T17:05:13Z</time></trkpt>
<trkpt lat="45.375664" lon="-75.844026"><ele>25.0</ele><time>2024-06-08T17:05:14Z</time></trkpt>
<trkpt lat="45.375651" lon="-75.844035"><ele>25.0</ele><time>2024-06-08T17:05:15Z</time></trkpt>
<trkpt lat="45.375638" lon="-75.844044"><ele>24.0</ele><time>2024-06-08T17:05:16Z</time></trkpt>
<trkpt lat="45.375626" lon="-75.844044"><ele>24.0</ele><time>2024-06-08T17:05:17Z</time></trkpt>
<trkpt lat="45.37561" lon="-75.844053"><ele>24.0</ele><time>2024-06-08T17:05:18Z</time></trkpt>
<trkpt lat="45.3756" lon="-75.844062"><ele>24.0</ele><time>2024-06-08T17:05:19Z</time></trkpt>
<trkpt lat="45.375585" lon="-75.844071"><ele>24.0</ele><time>2024-06-08T17:05:20Z</time></trkpt>
<trkpt lat="45.375572" lon="-75.84408"><ele>24.0</ele><time>2024-06-08T17:05:21Z</time></trkpt>
<trkpt lat="45.375559" lon="-75.844089"><ele>24.0</ele><time>2024-06-08T17:05:22Z</time></trkpt>
<trkpt lat="45.375547" lon="-75.844098"><ele>24.0</ele><time>2024-06-08T17:05:23Z</time></trkpt>
<trkpt lat="45.375534" lon="-75.844098"><ele>24.0</ele><time>2024-06-08T17:05:24Z</time></trkpt>
<trkpt lat="45.375518" lon="-75.844107"><ele>24.0</ele><time>2024-06-08T17:05:25Z</time></trkpt>
<trkpt lat="45.375505" lon="-75.844116"><ele>24.0</ele><time>2024-06-08T17:05:26Z</time></trkpt>
<trkpt lat="45.375493" lon="-75.844125"><ele>24.0</ele><time>2024-06-08T17:05:27Z</time></trkpt>
<trkpt lat="45.375477" lon="-75.844134"><ele>24.0</ele><time>2024-06-08T17:05:28Z</time></trkpt>
<trkpt lat="45.375464" lon="-75.844143"><ele>24.0</ele><time>2024-06-08T17:05:29Z</time></trkpt>
<trkpt lat="45.375452" lon="-75.844143"><ele>24.0</ele><time>2024-06-08T17:05:30Z</time></trkpt>
<trkpt lat="45.375436" lon="-75.844152"><ele>24.0</ele><time>2024-06-08T17:05:31Z</time></trkpt>
<trkpt lat="45.375423" lon="-75.844161"><ele>24.0</ele><time>2024-06-08T17:05:32Z</time></trkpt>
<trkpt lat="45.37541" lon="-75.84417"><ele>24.0</ele><time>2024-06-08T17:05:33Z</time></trkpt>
<trkpt lat="45.375398" lon="-75.844179"><ele>24.0</ele><time>2024-06-08T17:05:34Z</time></trkpt>
<trkpt lat="45.375382" lon="-75.844188"><ele>24.0</ele><time>2024-06-08T17:05:35Z</time></trkpt>
<trkpt lat="45.375369" lon="-75.844197"><ele>24.0</ele><time>2024-06-08T17:05:36Z</time></trkpt>
<trkpt lat="45.375353" lon="-75.844197"><ele>24.0</ele><time>2024-06-08T17:05:37Z</time></trkpt>
<trkpt lat="45.375341" lon="-75.844206"><ele>24.0</ele><time>2024-06-08T17:05:38Z</time></trkpt>
<trkpt lat="45.375325" lon="-75.844215"><ele>24.0</ele><time>2024-06-08T17:05:39Z</time></trkpt>
<trkpt lat="45.375312" lon="-75.844224"><ele>24.0</ele><time>2024-06-08T17:05:40Z</time></trkpt>
<trkpt lat="45.3753" lon="-75.844233"><ele>24.0</ele><time>2024-06-08T17:05:41Z</time></trkpt>
<trkpt lat="45.375284" lon="-75.844242"><ele>24.0</ele><time>2024-06-08T17:05:42Z</time></trkpt>
<trkpt lat="45.375271" lon="-75.844242"><ele>24.0</ele><time>2024-06-08T17:05:43Z</time></trkpt>
<trkpt lat="45.375255" lon="-75.844251"><ele>24.0</ele><time>2024-06-08T17:05:44Z</time></trkpt>
<trkpt lat="45.375243" lon="-75.84426"><ele>24.0</ele><time>2024-06-08T17:05:45Z</time></trkpt>
<trkpt lat="45.37523" lon="-75.844269"><ele>24.0</ele><time>2024-06-08T17:05:46Z</time></trkpt>
<trkpt lat="45.375214" lon="-75.844278"><ele>24.0</ele><time>2024-06-08T17:05:47Z</time></trkpt>
<trkpt lat="45.375201" lon="-75.844287"><ele>24.0</ele><time>2024-06-08T17:05:48Z</time></trkpt>
<trkpt lat="45.375189" lon="-75.844287"><ele>24.0</ele><time>2024-06-08T17:05:49Z</time></trkpt>
<trkpt lat="45.375176" lon="-75.844296"><ele>24.0</ele><time>2024-06-08T17:05:50Z</time></trkpt>
<trkpt lat="45.37516" lon="-75.844305"><ele>24.0</ele><time>2024-06-08T17:05:51Z</time></trkpt>
<trkpt lat="45.375148" lon="-75.844314"><ele>24.0</ele><time>2024-06-08T17:05:52Z</time></trkpt>
<trkpt lat="45.375135" lon="-75.844314"><ele>24.0</ele><time>2024-06-08T17:05:53Z</time></trkpt>
<trkpt lat="45.375119" lon="-75.844323"><ele>24.0</ele><time>2024-06-08T17:05:54Z</time></trkpt>
<trkpt lat="45.375107" lon="-75.844332"><ele>24.0</ele><time>2024-06-08T17:05:55Z</time></trkpt>
<trkpt lat="45.375094" lon="-75.844341"><ele>24.0</ele><time>2024-06-08T17:05:56Z</time></trkpt>
<trkpt lat="45.375081" lon="-75.84435"><ele>24.0</ele><time>2024-06-08T17:05:57Z</time></trkpt>
<trkpt lat="45.375069" lon="-75.84435"><ele>24.0</ele><time>2024-06-08T17:05:58Z</time></trkpt>
<trkpt lat="45.375059" lon="-75.844359"><ele>24.0</ele><time>2024-06-08T17:05:59Z</time></trkpt>
<trkpt lat="45.37505" lon="-75.844368"><ele>24.0</ele><time>2024-06-08T17:06:00Z</time></trkpt>
<trkpt lat="45.37504" lon="-75.844377"><ele>24.0</ele><time>2024-06-08T17:06:01Z</time></trkpt>
<trkpt lat="45.375034" lon="-75.844377"><ele>24.0</ele><time>2024-06-08T17:06:02Z</time></trkpt>
<trkpt lat="45.375031" lon="-75.844386"><ele>24.0</ele><time>2024-06-08T17:06:03Z</time></trkpt>
<trkpt lat="45.375027" lon="-75.844394"><ele>24.0</ele><time>2024-06-08T17:06:04Z</time></trkpt>
<trkpt lat="45.375027" lon="-75.844403"><ele>24.0</ele><time>2024-06-08T17:06:05Z</time></trkpt>
<trkpt lat="45.375027" lon="-75.844412"><ele>24.0</ele><time>2024-06-08T17:06:06Z</time></trkpt>
<trkpt lat="45.375027" lon="-75.844421"><ele>24.0</ele><time>2024-06-08T17:06:07Z</time></trkpt>
<trkpt lat="45.375027" lon="-75.844421"><ele>24.0</ele><time>2024-06-08T17:06:08Z</time></trkpt>
<trkpt lat="45.375027" lon="-75.84443"><ele>24.0</ele><time>2024-06-08T17:06:09Z</time></trkpt>
<trkpt lat="45.375031" lon="-75.84443"><ele>24.0</ele><time>2024-06-08T17:06:10Z</time></trkpt>
<trkpt lat="45.375031" lon="-75.844439"><ele>24.0</ele><time>2024-06-08T17:06:11Z</time></trkpt>
<trkpt lat="45.375034" lon="-75.844439"><ele>24.0</ele><time>2024-06-08T17:06:12Z</time></trkpt>
<trkpt lat="45.37504" lon="-75.844448"><ele>24.0</ele><time>2024-06-08T17:06:13Z</time></trkpt>
<trkpt lat="45.375043" lon="-75.844448"><ele>24.0</ele><time>2024-06-08T17:06:14Z</time></trkpt>
<trkpt lat="45.37505" lon="-75.844448"><ele>24.0</ele><time>2024-06-08T17:06:15Z</time></trkpt>
<trkpt lat="45.375059" lon="-75.844448"><ele>24.0</ele><time>2024-06-08T17:06:16Z</time></trkpt>
<trkpt lat="45.375069" lon="-75.844448"><ele>24.0</ele><time>2024-06-08T17:06:17Z</time></trkpt>
<trkpt lat="45.375081" lon="-75.844448"><ele>24.0</ele><time>2024-06-08T17:06:18Z</time></trkpt>
<trkpt lat="45.375091" lon="-75.844448"><ele>24.0</ele><time>2024-06-08T17:06:19Z</time></trkpt>
<trkpt lat="45.375103" lon="-75.844448"><ele>24.0</ele><time>2024-06-08T17:06:20Z</time></trkpt>
<trkpt lat="45.375116" lon="-75.844448"><ele>24.0</ele><time>2024-06-08T17:06:21Z</time></trkpt>
<trkpt lat="45.375129" lon="-75.844448"><ele>24.0</ele><time>2024-06-08T17:06:22Z</time></trkpt>
<trkpt lat="45.375141" lon="-75.844448"><ele>23.0</ele><time>2024-06-08T17:06:23Z</time></trkpt>
<trkpt lat="45.375151" lon="-75.844457"><ele>23.0</ele><time>2024-06-08T17:06:24Z</time></trkpt>
<trkpt lat="45.375164" lon="-75.844457"><ele>23.0</ele><time>2024-06-08T17:06:25Z</time></trkpt>
<trkpt lat="45.375176" lon="-75.844457"><ele>23.0</ele><time>2024-06-08T17:06:26Z</time></trkpt>
<trkpt lat="45.375189" lon="-75.844466"><ele>23.0</ele><time>2024-06-08T17:06:27Z</time></trkpt>
<trkpt lat="45.375201" lon="-75.844466"><ele>23.0</ele><time>2024-06-08T17:06:28Z</time></trkpt>
<trkpt lat="45.375214" lon="-75.844475"><ele>24.0</ele><time>2024-06-08T17:06:29Z</time></trkpt>
<trkpt lat="45.37523" lon="-75.844475"><ele>24.0</ele><time>2024-06-08T17:06:30Z</time></trkpt>
<trkpt lat="45.375243" lon="-75.844484"><ele>24.0</ele><time>2024-06-08T17:06:31Z</time></trkpt>
<trkpt lat="45.375258" lon="-75.844484"><ele>24.0</ele><time>2024-06-08T17:06:32Z</time></trkpt>
<trkpt lat="45.375271" lon="-75.844493"><ele>24.0</ele><time>2024-06-08T17:06:33Z</time></trkpt>
<trkpt lat="45.375284" lon="-75.844502"><ele>24.0</ele><time>2024-06-08T17:06:34Z</time></trkpt>
<trkpt lat="45.3753" lon="-75.844502"><ele>24.0</ele><time>2024-06-08T17:06:35Z</time></trkpt>
<trkpt lat="45.375315" lon="-75.844511"><ele>24.0</ele><time>2024-06-08T17:06:36Z</time></trkpt>
<trkpt lat="45.375331" lon="-75.84452"><ele>24.0</ele><time>2024-06-08T17:06:37Z</time></trkpt>
<trkpt lat="45.375347" lon="-75.84452"><ele>24.0</ele><time>2024-06-08T17:06:38Z</time></trkpt>
<trkpt lat="45.375363" lon="-75.844529"><ele>24.0</ele><time>2024-06-08T17:06:39Z</time></trkpt>
<trkpt lat="45.375379" lon="-75.844529"><ele>24.0</ele><time>2024-06-08T17:06:40Z</time></trkpt>
<trkpt lat="45.375395" lon="-75.844538"><ele>24.0</ele><time>2024-06-08T17:06:41Z</time></trkpt>
<trkpt lat="45.37541" lon="-75.844547"><ele>24.0</ele><time>2024-06-08T17:06:42Z</time></trkpt>
<trkpt lat="45.375429" lon="-75.844547"><ele>24.0</ele><time>2024-06-08T17:06:43Z</time></trkpt>
<trkpt lat="45.375445" lon="-75.844556"><ele>24.0</ele><time>2024-06-08T17:06:44Z</time></trkpt>
<trkpt lat="45.375461" lon="-75.844565"><ele>24.0</ele><time>2024-06-08T17:06:45Z</time></trkpt>
<trkpt lat="45.37548" lon="-75.844574"><ele>24.0</ele><time>2024-06-08T17:06:46Z</time></trkpt>
<trkpt lat="45.375496" lon="-75.844574"><ele>24.0</ele><time>2024-06-08T17:06:47Z</time></trkpt>
<trkpt lat="45.375512" lon="-75.844583"><ele>24.0</ele><time>2024-06-08T17:06:48Z</time></trkpt>
<trkpt lat="45.375528" lon="-75.844592"><ele>24.0</ele><time>2024-06-08T17:06:49Z</time></trkpt>
<trkpt lat="45.375543" lon="-75.844601"><ele>24.0</ele><time>2024-06-08T17:06:50Z</time></trkpt>
<trkpt lat="45.375556" lon="-75.84461"><ele>24.0</ele><time>2024-06-08T17:06:51Z</time></trkpt>
<trkpt lat="45.375569" lon="-75.844628"><ele>24.0</ele><time>2024-06-08T17:06:52Z</time></trkpt>
<trkpt lat="45.375581" lon="-75.844637"><ele>24.0</ele><time>2024-06-08T17:06:53Z</time></trkpt>
<trkpt lat="45.375597" lon="-75.844646"><ele>24.0</ele><time>2024-06-08T17:06:54Z</time></trkpt>
<trkpt lat="45.37561" lon="-75.844655"><ele>24.0</ele><time>2024-06-08T17:06:55Z</time></trkpt>
<trkpt lat="45.375626" lon="-75.844664"><ele>24.0</ele><time>2024-06-08T17:06:56Z</time></trkpt>
<trkpt lat="45.375638" lon="-75.844673"><ele>24.0</ele><time>2024-06-08T17:06:57Z</time></trkpt>
<trkpt lat="45.375651" lon="-75.844682"><ele>24.0</ele><time>2024-06-08T17:06:58Z</time></trkpt>
<trkpt lat="45.375667" lon="-75.8447"><ele>24.0</ele><time>2024-06-08T17:06:59Z</time></trkpt>
<trkpt lat="45.375683" lon="-75.844709"><ele>24.0</ele><time>2024-06-08T17:07:00Z</time></trkpt>
<trkpt lat="45.375698" lon="-75.844718"><ele>24.0</ele><time>2024-06-08T17:07:01Z</time></trkpt>
<trkpt lat="45.375714" lon="-75.844727"><ele>24.0</ele><time>2024-06-08T17:07:02Z</time></trkpt>
<trkpt lat="45.37573" lon="-75.844727"><ele>24.0</ele><time>2024-06-08T17:07:03Z</time></trkpt>
<trkpt lat="45.375746" lon="-75.844736"><ele>24.0</ele><time>2024-06-08T17:07:04Z</time></trkpt>
<trkpt lat="45.375765" lon="-75.844745"><ele>24.0</ele><time>2024-06-08T17:07:05Z</time></trkpt>
<trkpt lat="45.375781" lon="-75.844754"><ele>24.0</ele><time>2024-06-08T17:07:06Z</time></trkpt>
<trkpt lat="45.3758" lon="-75.844763"><ele>24.0</ele><time>2024-06-08T17:07:07Z</time></trkpt>
<trkpt lat="45.375816" lon="-75.844772"><ele>24.0</ele><time>2024-06-08T17:07:08Z</time></trkpt>
<trkpt lat="45.375831" lon="-75.844781"><ele>24.0</ele><time>2024-06-08T17:07:09Z</time></trkpt>
<trkpt lat="45.37585" lon="-75.84479"><ele>24.0</ele><time>2024-06-08T17:07:10Z</time></trkpt>
<trkpt lat="45.375866" lon="-75.844808"><ele>24.0</ele><time>2024-06-08T17:07:11Z</time></trkpt>
<trkpt lat="45.375882" lon="-75.844817"><ele>24.0</ele><time>2024-06-08T17:07:12Z</time></trkpt>
<trkpt lat="45.375898" lon="-75.844826"><ele>24.0</ele><time>2024-06-08T17:07:13Z</time></trkpt>
<trkpt lat="45.375914" lon="-75.844835"><ele>24.0</ele><time>2024-06-08T17:07:14Z</time></trkpt>
<trkpt lat="45.37593" lon="-75.844844"><ele>24.0</ele><time>2024-06-08T17:07:15Z</time></trkpt>
<trkpt lat="45.375945" lon="-75.844862"><ele>24.0</ele><time>2024-06-08T17:07:16Z</time></trkpt>
<trkpt lat="45.375961" lon="-75.844871"><ele>24.0</ele><time>2024-06-08T17:07:17Z</time></trkpt>
<trkpt lat="45.375977" lon="-75.84488"><ele>24.0</ele><time>2024-06-08T17:07:18Z</time></trkpt>
<trkpt lat="45.375993" lon="-75.844898"><ele>24.0</ele><time>2024-06-08T17:07:19Z</time></trkpt>
<trkpt lat="45.376009" lon="-75.844907"><ele>24.0</ele><time>2024-06-08T17:07:20Z</time></trkpt>
<trkpt lat="45.376025" lon="-75.844915"><ele>24.0</ele><time>2024-06-08T17:07:21Z</time></trkpt>
<trkpt lat="45.37604" lon="-75.844924"><ele>24.0</ele><time>2024-06-08T17:07:22Z</time></trkpt>
<trkpt lat="45.376056" lon="-75.844933"><ele>24.0</ele><time>2024-06-08T17:07:23Z</time></trkpt>
<trkpt lat="45.376072" lon="-75.844942"><ele>24.0</ele><time>2024-06-08T17:07:24Z</time></trkpt>
<trkpt lat="45.376088" lon="-75.844951"><ele>24.0</ele><time>2024-06-08T17:07:25Z</time></trkpt>
<trkpt lat="45.376104" lon="-75.84496"><ele>24.0</ele><time>2024-06-08T17:07:26Z</time></trkpt>
<trkpt lat="45.37612" lon="-75.844969"><ele>24.0</ele><time>2024-06-08T17:07:27Z</time></trkpt>
<trkpt lat="45.376135" lon="-75.844978"><ele>24.0</ele><time>2024-06-08T17:07:28Z</time></trkpt>
<trkpt lat="45.376154" lon="-75.844987"><ele>24.0</ele><time>2024-06-08T17:07:29Z</time></trkpt>
<trkpt lat="45.37617" lon="-75.844996"><ele>24.0</ele><time>2024-06-08T17:07:30Z</time></trkpt>
<trkpt lat="45.376186" lon="-75.844996"><ele>24.0</ele><time>2024-06-08T17:07:31Z</time></trkpt>
<trkpt lat="45.376202" lon="-75.845005"><ele>24.0</ele><time>2024-06-08T17:07:32Z</time></trkpt>
<trkpt lat="45.376218" lon="-75.845014"><ele>24.0</ele><time>2024-06-08T17:07:33Z</time></trkpt>
<trkpt lat="45.376233" lon="-75.845023"><ele>24.0</ele><time>2024-06-08T17:07:34Z</time></trkpt>
<trkpt lat="45.376249" lon="-75.845023"><ele>24.0</ele><time>2024-06-08T17:07:35Z</time></trkpt>
<trkpt lat="45.376265" lon="-75.845032"><ele>24.0</ele><time>2024-06-08T17:07:36Z</time></trkpt>
<trkpt lat="45.376281" lon="-75.845041"><ele>24.0</ele><time>2024-06-08T17:07:37Z</time></trkpt>
<trkpt lat="45.376297" lon="-75.845041"><ele>24.0</ele><time>2024-06-08T17:07:38Z</time></trkpt>
<trkpt lat="45.376313" lon="-75.84505"><ele>24.0</ele><time>2024-06-08T17:07:39Z</time></trkpt>
<trkpt lat="45.376328" lon="-75.845059"><ele>24.0</ele><time>2024-06-08T17:07:40Z</time></trkpt>
<trkpt lat="45.376344" lon="-75.845068"><ele>24.0</ele><time>2024-06-08T17:07:41Z</time></trkpt>
<trkpt lat="45.37636" lon="-75.845068"><ele>24.0</ele><time>2024-06-08T17:07:42Z</time></trkpt>
<trkpt lat="45.376376" lon="-75.845077"><ele>24.0</ele><time>2024-06-08T17:07:43Z</time></trkpt>
<trkpt lat="45.376395" lon="-75.845077"><ele>24.0</ele><time>2024-06-08T17:07:44Z</time></trkpt>
<trkpt lat="45.376411" lon="-75.845077"><ele>24.0</ele><time>2024-06-08T17:07:45Z</time></trkpt>
<trkpt lat="45.376427" lon="-75.845086"><ele>24.0</ele><time>2024-06-08T17:07:46Z</time></trkpt>
<trkpt lat="45.376446" lon="-75.845086"><ele>24.0</ele><time>2024-06-08T17:07:47Z</time></trkpt>
<trkpt lat="45.376461" lon="-75.845095"><ele>24.0</ele><time>2024-06-08T17:07:48Z</time></trkpt>
<trkpt lat="45.376477" lon="-75.845095"><ele>24.0</ele><time>2024-06-08T17:07:49Z</time></trkpt>
<trkpt lat="45.376493" lon="-75.845095"><ele>24.0</ele><time>2024-06-08T17:07:50Z</time></trkpt>
<trkpt lat="45.376512" lon="-75.845104"><ele>24.0</ele><time>2024-06-08T17:07:51Z</time></trkpt>
<trkpt lat="45.376528" lon="-75.845104"><ele>24.0</ele><time>2024-06-08T17:07:52Z</time></trkpt>
<trkpt lat="45.376544" lon="-75.845104"><ele>24.0</ele><time>2024-06-08T17:07:53Z</time></trkpt>
<trkpt lat="45.376563" lon="-75.845113"><ele>24.0</ele><time>2024-06-08T17:07:54Z</time></trkpt>
<trkpt lat="45.376579" lon="-75.845113"><ele>24.0</ele><time>2024-06-08T17:07:55Z</time></trkpt>
<trkpt lat="45.376594" lon="-75.845122"><ele>24.0</ele><time>2024-06-08T17:07:56Z</time></trkpt>
<trkpt lat="45.37661" lon="-75.845122"><ele>24.0</ele><time>2024-06-08T17:07:57Z</time></trkpt>
<trkpt lat="45.376626" lon="-75.845122"><ele>24.0</ele><time>2024-06-08T17:07:58Z</time></trkpt>
<trkpt lat="45.376639" lon="-75.845131"><ele>24.0</ele><time>2024-06-08T17:07:59Z</time></trkpt>
<trkpt lat="45.376648" lon="-75.84514"><ele>24.0</ele><time>2024-06-08T17:08:00Z</time></trkpt>
<trkpt lat="45.376654" lon="-75.845158"><ele>24.0</ele><time>2024-06-08T17:08:01Z</time></trkpt>
<trkpt lat="45.376661" lon="-75.845167"><ele>24.0</ele><time>2024-06-08T17:08:02Z</time></trkpt>
<trkpt lat="45.376664" lon="-75.845185"><ele>24.0</ele><time>2024-06-08T17:08:03Z</time></trkpt>
<trkpt lat="45.376664" lon="-75.845194"><ele>24.0</ele><time>2024-06-08T17:08:04Z</time></trkpt>
<trkpt lat="45.376664" lon="-75.845203"><ele>24.0</ele><time>2024-06-08T17:08:05Z</time></trkpt>
<trkpt lat="45.376661" lon="-75.845221"><ele>24.0</ele><time>2024-06-08T17:08:06Z</time></trkpt>
<trkpt lat="45.376658" lon="-75.84523"><ele>24.0</ele><time>2024-06-08T17:08:07Z</time></trkpt>
<trkpt lat="45.376651" lon="-75.845239"><ele>24.0</ele><time>2024-06-08T17:08:08Z</time></trkpt>
<trkpt lat="45.376645" lon="-75.845239"><ele>24.0</ele><time>2024-06-08T17:08:09Z</time></trkpt>
<trkpt lat="45.376639" lon="-75.845248"><ele>24.0</ele><time>2024-06-08T17:08:10Z</time></trkpt>
<trkpt lat="45.376626" lon="-75.845248"><ele>24.0</ele><time>2024-06-08T17:08:11Z</time></trkpt>
<trkpt lat="45.376616" lon="-75.845239"><ele>24.0</ele><time>2024-06-08T17:08:12Z</time></trkpt>
<trkpt lat="45.376607" lon="-75.84523"><ele>24.0</ele><time>2024-06-08T17:08:13Z</time></trkpt>
<trkpt lat="45.376597" lon="-75.845221"><ele>24.0</ele><time>2024-06-08T17:08:14Z</time></trkpt>
<trkpt lat="45.376585" lon="-75.845212"><ele>24.0</ele><time>2024-06-08T17:08:15Z</time></trkpt>
<trkpt lat="45.376579" lon="-75.845212"><ele>24.0</ele><time>2024-06-08T17:08:16Z</time></trkpt>
<trkpt lat="45.376569" lon="-75.845203"><ele>24.0</ele><time>2024-06-08T17:08:17Z</time></trkpt>
<trkpt lat="45.37656" lon="-75.845194"><ele>24.0</ele><time>2024-06-08T17:08:18Z</time></trkpt>
<trkpt lat="45.37655" lon="-75.845185"><ele>24.0</ele><time>2024-06-08T17:08:19Z</time></trkpt>
<trkpt lat="45.376544" lon="-75.845185"><ele>24.0</ele><time>2024-06-08T17:08:20Z</time></trkpt>
<trkpt lat="45.376534" lon="-75.845176"><ele>24.0</ele><time>2024-06-08T17:08:21Z</time></trkpt>
<trkpt lat="45.376528" lon="-75.845176"><ele>24.0</ele><time>2024-06-08T17:08:22Z</time></trkpt>
<trkpt lat="45.376518" lon="-75.845176"><ele>24.0</ele><time>2024-06-08T17:08:23Z</time></trkpt>
<trkpt lat="45.376512" lon="-75.845167"><ele>24.0</ele><time>2024-06-08T17:08:24Z</time></trkpt>
<trkpt lat="45.376506" lon="-75.845167"><ele>24.0</ele><time>2024-06-08T17:08:25Z</time></trkpt>
<trkpt lat="45.376496" lon="-75.845167"><ele>24.0</ele><time>2024-06-08T17:08:26Z</time></trkpt>
<trkpt lat="45.37649" lon="-75.845167"><ele>24.0</ele><time>2024-06-08T17:08:27Z</time></trkpt>
<trkpt lat="45.37648" lon="-75.845158"><ele>24.0</ele><time>2024-06-08T17:08:28Z</time></trkpt>
<trkpt lat="45.376474" lon="-75.845158"><ele>24.0</ele><time>2024-06-08T17:08:29Z</time></trkpt>
<trkpt lat="45.376468" lon="-75.845158"><ele>24.0</ele><time>2024-06-08T17:08:30Z</time></trkpt>
<trkpt lat="45.376461" lon="-75.845158"><ele>24.0</ele><time>2024-06-08T17:08:31Z</time></trkpt>
<trkpt lat="45.376455" lon="-75.845149"><ele>24.0</ele><time>2024-06-08T17:08:32Z</time></trkpt>
<trkpt lat="45.376449" lon="-75.845149"><ele>24.0</ele><time>2024-06-08T17:08:33Z</time></trkpt>
<trkpt lat="45.376442" lon="-75.845149"><ele>24.0</ele><time>2024-06-08T17:08:34Z</time></trkpt>
<trkpt lat="45.376433" lon="-75.84514"><ele>24.0</ele><time>2024-06-08T17:08:35Z</time></trkpt>
<trkpt lat="45.376427" lon="-75.84514"><ele>24.0</ele><time>2024-06-08T17:08:36Z</time></trkpt>
<trkpt lat="45.37642" lon="-75.845131"><ele>24.0</ele><time>2024-06-08T17:08:37Z</time></trkpt>
<trkpt lat="45.376414" lon="-75.845131"><ele>24.0</ele><time>2024-06-08T17:08:38Z</time></trkpt>
<trkpt lat="45.376408" lon="-75.845122"><ele>24.0</ele><time>2024-06-08T17:08:39Z</time></trkpt>
<trkpt lat="45.376401" lon="-75.845122"><ele>24.0</ele><time>2024-06-08T17:08:40Z</time></trkpt>
<trkpt lat="45.376395" lon="-75.845113"><ele>24.0</ele><time>2024-06-08T17:08:41Z</time></trkpt>
<trkpt lat="45.376389" lon="-75.845104"><ele>24.0</ele><time>2024-06-08T17:08:42Z</time></trkpt>
<trkpt lat="45.376382" lon="-75.845104"><ele>24.0</ele><time>2024-06-08T17:08:43Z</time></trkpt>
<trkpt lat="45.376376" lon="-75.845095"><ele>24.0</ele><time>2024-06-08T17:08:44Z</time></trkpt>
<trkpt lat="45.37637" lon="-75.845095"><ele>24.0</ele><time>2024-06-08T17:08:45Z</time></trkpt>
<trkpt lat="45.376363" lon="-75.845086"><ele>24.0</ele><time>2024-06-08T17:08:46Z</time></trkpt>
<trkpt lat="45.376357" lon="-75.845086"><ele>24.0</ele><time>2024-06-08T17:08:47Z</time></trkpt>
<trkpt lat="45.376351" lon="-75.845077"><ele>24.0</ele><time>2024-06-08T17:08:48Z</time></trkpt>
<trkpt lat="45.376341" lon="-75.845077"><ele>24.0</ele><time>2024-06-08T17:08:49Z</time></trkpt>
<trkpt lat="45.376335" lon="-75.845068"><ele>24.0</ele><time>2024-06-08T17:08:50Z</time></trkpt>
<trkpt lat="45.376328" lon="-75.845068"><ele>24.0</ele><time>2024-06-08T17:08:51Z</time></trkpt>
<trkpt lat="45.376322" lon="-75.845068"><ele>24.0</ele><time>2024-06-08T17:08:52Z</time></trkpt>
<trkpt lat="45.376316" lon="-75.845059"><ele>24.0</ele><time>2024-06-08T17:08:53Z</time></trkpt>
<trkpt lat="45.376313" lon="-75.845059"><ele>24.0</ele><time>2024-06-08T17:08:54Z</time></trkpt>
<trkpt lat="45.376306" lon="-75.845059"><ele>24.0</ele><time>2024-06-08T17:08:55Z</time></trkpt>
<trkpt lat="45.3763" lon="-75.845059"><ele>24.0</ele><time>2024-06-08T17:08:56Z</time></trkpt>
<trkpt lat="45.376294" lon="-75.84505"><ele>24.0</ele><time>2024-06-08T17:08:57Z</time></trkpt>
<trkpt lat="45.37629" lon="-75.84505"><ele>24.0</ele><time>2024-06-08T17:08:58Z</time></trkpt>
<trkpt lat="45.376284" lon="-75.84505"><ele>24.0</ele><time>2024-06-08T17:08:59Z</time></trkpt>
<trkpt lat="45.376281" lon="-75.845041"><ele>24.0</ele><time>2024-06-08T17:09:00Z</time></trkpt>
<trkpt lat="45.376275" lon="-75.845041"><ele>24.0</ele><time>2024-06-08T17:09:01Z</time></trkpt>
<trkpt lat="45.376271" lon="-75.845041"><ele>24.0</ele><time>2024-06-08T17:09:02Z</time></trkpt>
<trkpt lat="45.376265" lon="-75.845041"><ele>24.0</ele><time>2024-06-08T17:09:03Z</time></trkpt>
<trkpt lat="45.376259" lon="-75.845032"><ele>24.0</ele><time>2024-06-08T17:09:04Z</time></trkpt>
<trkpt lat="45.376256" lon="-75.845032"><ele>24.0</ele><time>2024-06-08T17:09:05Z</time></trkpt>
<trkpt lat="45.376249" lon="-75.845032"><ele>24.0</ele><time>2024-06-08T17:09:06Z</time></trkpt>
<trkpt lat="45.376243" lon="-75.845032"><ele>24.0</ele><time>2024-06-08T17:09:07Z</time></trkpt>
<trkpt lat="45.37624" lon="-75.845023"><ele>24.0</ele><time>2024-06-08T17:09:08Z</time></trkpt>
<trkpt lat="45.376233" lon="-75.845023"><ele>24.0</ele><time>2024-06-08T17:09:09Z</time></trkpt>
<trkpt lat="45.376227" lon="-75.845023"><ele>24.0</ele><time>2024-06-08T17:09:10Z</time></trkpt>
<trkpt lat="45.376224" lon="-75.845014"><ele>24.0</ele><time>2024-06-08T17:09:11Z</time></trkpt>
<trkpt lat="45.376218" lon="-75.845014"><ele>24.0</ele><time>2024-06-08T17:09:12Z</time></trkpt>
<trkpt lat="45.376211" lon="-75.845014"><ele>24.0</ele><time>2024-06-08T17:09:13Z</time></trkpt>
<trkpt lat="45.376205" lon="-75.845005"><ele>24.0</ele><time>2024-06-08T17:09:14Z</time></trkpt>
<trkpt lat="45.376202" lon="-75.845005"><ele>24.0</ele><time>2024-06-08T17:09:15Z</time></trkpt>
<trkpt lat="45.376195" lon="-75.845005"><ele>24.0</ele><time>2024-06-08T17:09:16Z</time></trkpt>
<trkpt lat="45.376189" lon="-75.844996"><ele>24.0</ele><time>2024-06-08T17:09:17Z</time></trkpt>
<trkpt lat="45.376186" lon="-75.844996"><ele>24.0</ele><time>2024-06-08T17:09:18Z</time></trkpt>
<trkpt lat="45.37618" lon="-75.844987"><ele>24.0</ele><time>2024-06-08T17:09:19Z</time></trkpt>
<trkpt lat="45.376176" lon="-75.844987"><ele>24.0</ele><time>2024-06-08T17:09:20Z</time></trkpt>
<trkpt lat="45.37617" lon="-75.844987"><ele>24.0</ele><time>2024-06-08T17:09:21Z</time></trkpt>
<trkpt lat="45.376164" lon="-75.844978"><ele>24.0</ele><time>2024-06-08T17:09:22Z</time></trkpt>
<trkpt lat="45.376161" lon="-75.844978"><ele>24.0</ele><time>2024-06-08T17:09:23Z</time></trkpt>
<trkpt lat="45.376154" lon="-75.844978"><ele>24.0</ele><time>2024-06-08T17:09:24Z</time></trkpt>
<trkpt lat="45.376148" lon="-75.844969"><ele>24.0</ele><time>2024-06-08T17:09:25Z</time></trkpt>
<trkpt lat="45.376145" lon="-75.844969"><ele>24.0</ele><time>2024-06-08T17:09:26Z</time></trkpt>
<trkpt lat="45.376142" lon="-75.844969"><ele>24.0</ele><time>2024-06-08T17:09:27Z</time></trkpt>
<trkpt lat="45.376135" lon="-75.844969"><ele>24.0</ele><time>2024-06-08T17:09:28Z</time></trkpt>
<trkpt lat="45.376132" lon="-75.84496"><ele>24.0</ele><time>2024-06-08T17:09:29Z</time></trkpt>
<trkpt lat="45.376126" lon="-75.84496"><ele>24.0</ele><time>2024-06-08T17:09:30Z</time></trkpt>
<trkpt lat="45.376123" lon="-75.84496"><ele>24.0</ele><time>2024-06-08T17:09:31Z</time></trkpt>
<trkpt lat="45.37612" lon="-75.84496"><ele>24.0</ele><time>2024-06-08T17:09:32Z</time></trkpt>
<trkpt lat="45.376113" lon="-75.844951"><ele>24.0</ele><time>2024-06-08T17:09:33Z</time></trkpt>
<trkpt lat="45.37611" lon="-75.844951"><ele>24.0</ele><time>2024-06-08T17:09:34Z</time></trkpt>
<trkpt lat="45.376107" lon="-75.844951"><ele>24.0</ele><time>2024-06-08T17:09:35Z</time></trkpt>
<trkpt lat="45.376101" lon="-75.844942"><ele>24.0</ele><time>2024-06-08T17:09:36Z</time></trkpt>
<trkpt lat="45.376097" lon="-75.844942"><ele>24.0</ele><time>2024-06-08T17:09:37Z</time></trkpt>
<trkpt lat="45.376091" lon="-75.844942"><ele>24.0</ele><time>2024-06-08T17:09:38Z</time></trkpt>
<trkpt lat="45.376088" lon="-75.844942"><ele>24.0</ele><time>2024-06-08T17:09:39Z</time></trkpt>
<trkpt lat="45.376082" lon="-75.844933"><ele>24.0</ele><time>2024-06-08T17:09:40Z</time></trkpt>
<trkpt lat="45.376078" lon="-75.844933"><ele>24.0</ele><time>2024-06-08T17:09:41Z</time></trkpt>
<trkpt lat="45.376072" lon="-75.844933"><ele>24.0</ele><time>2024-06-08T17:09:42Z</time></trkpt>
<trkpt lat="45.376069" lon="-75.844924"><ele>24.0</ele><time>2024-06-08T17:09:43Z</time></trkpt>
<trkpt lat="45.376063" lon="-75.844924"><ele>24.0</ele><time>2024-06-08T17:09:44Z</time></trkpt>
<trkpt lat="45.376059" lon="-75.844924"><ele>24.0</ele><time>2024-06-08T17:09:45Z</time></trkpt>
<trkpt lat="45.376053" lon="-75.844924"><ele>24.0</ele><time>2024-06-08T17:09:46Z</time></trkpt>
<trkpt lat="45.376047" lon="-75.844915"><ele>24.0</ele><time>2024-06-08T17:09:47Z</time></trkpt>
<trkpt lat="45.376044" lon="-75.844915"><ele>24.0</ele><time>2024-06-08T17:09:48Z</time></trkpt>
<trkpt lat="45.376037" lon="-75.844915"><ele>24.0</ele><time>2024-06-08T17:09:49Z</time></trkpt>
<trkpt lat="45.376034" lon="-75.844907"><ele>24.0</ele><time>2024-06-08T17:09:50Z</time></trkpt>
<trkpt lat="45.376031" lon="-75.844907"><ele>24.0</ele><time>2024-06-08T17:09:51Z</time></trkpt>
<trkpt lat="45.376025" lon="-75.844907"><ele>24.0</ele><time>2024-06-08T17:09:52Z</time></trkpt>
<trkpt lat="45.376021" lon="-75.844907"><ele>24.0</ele><time>2024-06-08T17:09:53Z</time></trkpt>
<trkpt lat="45.376018" lon="-75.844898"><ele>24.0</ele><time>2024-06-08T17:09:54Z</time></trkpt>
<trkpt lat="45.376012" lon="-75.844898"><ele>24.0</ele><time>2024-06-08T17:09:55Z</time></trkpt>
<trkpt lat="45.376009" lon="-75.844898"><ele>24.0</ele><time>2024-06-08T17:09:56Z</time></trkpt>
<trkpt lat="45.376006" lon="-75.844889"><ele>24.0</ele><time>2024-06-08T17:09:57Z</time></trkpt>
<trkpt lat="45.376002" lon="-75.844889"><ele>24.0</ele><time>2024-06-08T17:09:58Z</time></trkpt>
<trkpt lat="45.375999" lon="-75.844889"><ele>24.0</ele><time>2024-06-08T17:09:59Z</time></trkpt>
<trkpt lat="45.375993" lon="-75.84488"><ele>24.0</ele><time>2024-06-08T17:10:00Z</time></trkpt>
<trkpt lat="45.37599" lon="-75.84488"><ele>24.0</ele><time>2024-06-08T17:10:01Z</time></trkpt>
<trkpt lat="45.375987" lon="-75.844871"><ele>24.0</ele><time>2024-06-08T17:10:02Z</time></trkpt>
<trkpt lat="45.375983" lon="-75.844871"><ele>24.0</ele><time>2024-06-08T17:10:03Z</time></trkpt>
<trkpt lat="45.375977" lon="-75.844862"><ele>24.0</ele><time>2024-06-08T17:10:04Z</time></trkpt>
<trkpt lat="45.375974" lon="-75.844862"><ele>24.0</ele><time>2024-06-08T17:10:05Z</time></trkpt>
<trkpt lat="45.375968" lon="-75.844862"><ele>24.0</ele><time>2024-06-08T17:10:06Z</time></trkpt>
<trkpt lat="45.375961" lon="-75.844853"><ele>24.0</ele><time>2024-06-08T17:10:07Z</time></trkpt>
<trkpt lat="45.375961" lon="-75.844835"><ele>24.0</ele><time>2024-06-08T17:10:08Z</time></trkpt>
<trkpt lat="45.375961" lon="-75.844835"><ele>24.0</ele><time>2024-06-08T17:10:09Z</time></trkpt>
<trkpt lat="45.375955" lon="-75.844835"><ele>24.0</ele><time>2024-06-08T17:10:10Z</time></trkpt>
<trkpt lat="45.375949" lon="-75.844835"><ele>24.0</ele><time>2024-06-08T17:10:11Z</time></trkpt>
<trkpt lat="45.375942" lon="-75.844835"><ele>24.0</ele><time>2024-06-08T17:10:12Z</time></trkpt>
<trkpt lat="45.375939" lon="-75.844835"><ele>24.0</ele><time>2024-06-08T17:10:13Z</time></trkpt>
<trkpt lat="45.375936" lon="-75.844835"><ele>24.0</ele><time>2024-06-08T17:10:14Z</time></trkpt>
<trkpt lat="45.375933" lon="-75.844835"><ele>24.0</ele><time>2024-06-08T17:10:15Z</time></trkpt>
<trkpt lat="45.375926" lon="-75.844826"><ele>24.0</ele><time>2024-06-08T17:10:16Z</time></trkpt>
<trkpt lat="45.375923" lon="-75.844826"><ele>24.0</ele><time>2024-06-08T17:10:17Z</time></trkpt>
<trkpt lat="45.375917" lon="-75.844826"><ele>24.0</ele><time>2024-06-08T17:10:18Z</time></trkpt>
<trkpt lat="45.375914" lon="-75.844826"><ele>24.0</ele><time>2024-06-08T17:10:19Z</time></trkpt>
<trkpt lat="45.375907" lon="-75.844817"><ele>24.0</ele><time>2024-06-08T17:10:20Z</time></trkpt>
<trkpt lat="45.375904" lon="-75.844817"><ele>24.0</ele><time>2024-06-08T17:10:21Z</time></trkpt>
<trkpt lat="45.375901" lon="-75.844817"><ele>24.0</ele><time>2024-06-08T17:10:22Z</time></trkpt>
<trkpt lat="45.375895" lon="-75.844808"><ele>24.0</ele><time>2024-06-08T17:10:23Z</time></trkpt>
<trkpt lat="45.375892" lon="-75.844808"><ele>24.0</ele><time>2024-06-08T17:10:24Z</time></trkpt>
<trkpt lat="45.375885" lon="-75.844808"><ele>24.0</ele><time>2024-06-08T17:10:25Z</time></trkpt>
<trkpt lat="45.375882" lon="-75.844799"><ele>24.0</ele><time>2024-06-08T17:10:26Z</time></trkpt>
<trkpt lat="45.375876" lon="-75.844799"><ele>24.0</ele><time>2024-06-08T17:10:27Z</time></trkpt>
<trkpt lat="45.375873" lon="-75.84479"><ele>24.0</ele><time>2024-06-08T17:10:28Z</time></trkpt>
<trkpt lat="45.375866" lon="-75.84479"><ele>24.0</ele><time>2024-06-08T17:10:29Z</time></trkpt>
<trkpt lat="45.37586" lon="-75.84479"><ele>24.0</ele><time>2024-06-08T17:10:30Z</time></trkpt>
<trkpt lat="45.375857" lon="-75.844781"><ele>24.0</ele><time>2024-06-08T17:10:31Z</time></trkpt>
<trkpt lat="45.37585" lon="-75.844781"><ele>24.0</ele><time>2024-06-08T17:10:32Z</time></trkpt>
<trkpt lat="45.375847" lon="-75.844781"><ele>24.0</ele><time>2024-06-08T17:10:33Z</time></trkpt>
<trkpt lat="45.375841" lon="-75.844781"><ele>24.0</ele><time>2024-06-08T17:10:34Z</time></trkpt>
<trkpt lat="45.375838" lon="-75.844772"><ele>24.0</ele><time>2024-06-08T17:10:35Z</time></trkpt>
<trkpt lat="45.375835" lon="-75.844772"><ele>24.0</ele><time>2024-06-08T17:10:36Z</time></trkpt>
<trkpt lat="45.375828" lon="-75.844772"><ele>24.0</ele><time>2024-06-08T17:10:37Z</time></trkpt>
<trkpt lat="45.375825" lon="-75.844763"><ele>24.0</ele><time>2024-06-08T17:10:38Z</time></trkpt>
<trkpt lat="45.375819" lon="-75.844763"><ele>24.0</ele><time>2024-06-08T17:10:39Z</time></trkpt>
<trkpt lat="45.375816" lon="-75.844763"><ele>24.0</ele><time>2024-06-08T17:10:40Z</time></trkpt>
<trkpt lat="45.375809" lon="-75.844754"><ele>24.0</ele><time>2024-06-08T17:10:41Z</time></trkpt>
<trkpt lat="45.375806" lon="-75.844754"><ele>24.0</ele><time>2024-06-08T17:10:42Z</time></trkpt>
<trkpt lat="45.375803" lon="-75.844754"><ele>24.0</ele><time>2024-06-08T17:10:43Z</time></trkpt>
<trkpt lat="45.375797" lon="-75.844745"><ele>24.0</ele><time>2024-06-08T17:10:44Z</time></trkpt>
<trkpt lat="45.375793" lon="-75.844745"><ele>24.0</ele><time>2024-06-08T17:10:45Z</time></trkpt>
<trkpt lat="45.375787" lon="-75.844745"><ele>24.0</ele><time>2024-06-08T17:10:46Z</time></trkpt>
<trkpt lat="45.375784" lon="-75.844736"><ele>24.0</ele><time>2024-06-08T17:10:47Z</time></trkpt>
<trkpt lat="45.375778" lon="-75.844736"><ele>24.0</ele><time>2024-06-08T17:10:48Z</time></trkpt>
<trkpt lat="45.375774" lon="-75.844736"><ele>24.0</ele><time>2024-06-08T17:10:49Z</time></trkpt>
<trkpt lat="45.375771" lon="-75.844727"><ele>24.0</ele><time>2024-06-08T17:10:50Z</time></trkpt>
<trkpt lat="45.375765" lon="-75.844727"><ele>24.0</ele><time>2024-06-08T17:10:51Z</time></trkpt>
<trkpt lat="45.375762" lon="-75.844727"><ele>24.0</ele><time>2024-06-08T17:10:52Z</time></trkpt>
<trkpt lat="45.375755" lon="-75.844727"><ele>24.0</ele><time>2024-06-08T17:10:53Z</time></trkpt>
<trkpt lat="45.375752" lon="-75.844718"><ele>24.0</ele><time>2024-06-08T17:10:54Z</time></trkpt>
<trkpt lat="45.375746" lon="-75.844718"><ele>24.0</ele><time>2024-06-08T17:10:55Z</time></trkpt>
<trkpt lat="45.375743" lon="-75.844718"><ele>24.0</ele><time>2024-06-08T17:10:56Z</time></trkpt>
<trkpt lat="45.375736" lon="-75.844709"><ele>24.0</ele><time>2024-06-08T17:10:57Z</time></trkpt>
<trkpt lat="45.375733" lon="-75.844709"><ele>24.0</ele><time>2024-06-08T17:10:58Z</time></trkpt>
<trkpt lat="45.37573" lon="-75.844709"><ele>24.0</ele><time>2024-06-08T17:10:59Z</time></trkpt>
<trkpt lat="45.375724" lon="-75.844709"><ele>24.0</ele><time>2024-06-08T17:11:00Z</time></trkpt>
<trkpt lat="45.375721" lon="-75.8447"><ele>24.0</ele><time>2024-06-08T17:11:01Z</time></trkpt>
<trkpt lat="45.375714" lon="-75.8447"><ele>24.0</ele><time>2024-06-08T17:11:02Z</time></trkpt>
<trkpt lat="45.375711" lon="-75.8447"><ele>24.0</ele><time>2024-06-08T17:11:03Z</time></trkpt>
<trkpt lat="45.375708" lon="-75.8447"><ele>24.0</ele><time>2024-06-08T17:11:04Z</time></trkpt>
<trkpt lat="45.375702" lon="-75.844691"><ele>24.0</ele><time>2024-06-08T17:11:05Z</time></trkpt>
<trkpt lat="45.375698" lon="-75.844691"><ele>24.0</ele><time>2024-06-08T17:11:06Z</time></trkpt>
<trkpt lat="45.375695" lon="-75.844691"><ele>24.0</ele><time>2024-06-08T17:11:07Z</time></trkpt>
<trkpt lat="45.375689" lon="-75.844691"><ele>24.0</ele><time>2024-06-08T17:11:08Z</time></trkpt>
<trkpt lat="45.375686" lon="-75.844682"><ele>24.0</ele><time>2024-06-08T17:11:09Z</time></trkpt>
<trkpt lat="45.375683" lon="-75.844682"><ele>24.0</ele><time>2024-06-08T17:11:10Z</time></trkpt>
<trkpt lat="45.375676" lon="-75.844682"><ele>24.0</ele><time>2024-06-08T17:11:11Z</time></trkpt>
<trkpt lat="45.375673" lon="-75.844673"><ele>24.0</ele><time>2024-06-08T17:11:12Z</time></trkpt>
<trkpt lat="45.37567" lon="-75.844673"><ele>24.0</ele><time>2024-06-08T17:11:13Z</time></trkpt>
<trkpt lat="45.375664" lon="-75.844673"><ele>24.0</ele><time>2024-06-08T17:11:14Z</time></trkpt>
<trkpt lat="45.37566" lon="-75.844673"><ele>24.0</ele><time>2024-06-08T17:11:15Z</time></trkpt>
<trkpt lat="45.375654" lon="-75.844664"><ele>24.0</ele><time>2024-06-08T17:11:16Z</time></trkpt>
<trkpt lat="45.375651" lon="-75.844664"><ele>24.0</ele><time>2024-06-08T17:11:17Z</time></trkpt>
<trkpt lat="45.375645" lon="-75.844664"><ele>24.0</ele><time>2024-06-08T17:11:18Z</time></trkpt>
<trkpt lat="45.375642" lon="-75.844655"><ele>25.0</ele><time>2024-06-08T17:11:19Z</time></trkpt>
<trkpt lat="45.375635" lon="-75.844655"><ele>25.0</ele><time>2024-06-08T17:11:20Z</time></trkpt>
<trkpt lat="45.375632" lon="-75.844655"><ele>25.0</ele><time>2024-06-08T17:11:21Z</time></trkpt>
<trkpt lat="45.375626" lon="-75.844655"><ele>25.0</ele><time>2024-06-08T17:11:22Z</time></trkpt>
<trkpt lat="45.375619" lon="-75.844646"><ele>25.0</ele><time>2024-06-08T17:11:23Z</time></trkpt>
<trkpt lat="45.375616" lon="-75.844646"><ele>25.0</ele><time>2024-06-08T17:11:24Z</time></trkpt>
<trkpt lat="45.37561" lon="-75.844646"><ele>25.0</ele><time>2024-06-08T17:11:25Z</time></trkpt>
<trkpt lat="45.375607" lon="-75.844637"><ele>25.0</ele><time>2024-06-08T17:11:26Z</time></trkpt>
<trkpt lat="45.3756" lon="-75.844637"><ele>24.0</ele><time>2024-06-08T17:11:27Z</time></trkpt>
<trkpt lat="45.375594" lon="-75.844637"><ele>24.0</ele><time>2024-06-08T17:11:28Z</time></trkpt>
<trkpt lat="45.375591" lon="-75.844628"><ele>24.0</ele><time>2024-06-08T17:11:29Z</time></trkpt>
<trkpt lat="45.375585" lon="-75.844628"><ele>24.0</ele><time>2024-06-08T17:11:30Z</time></trkpt>
<trkpt lat="45.375581" lon="-75.844628"><ele>24.0</ele><time>2024-06-08T17:11:31Z</time></trkpt>
<trkpt lat="45.375575" lon="-75.844619"><ele>24.0</ele><time>2024-06-08T17:11:32Z</time></trkpt>
<trkpt lat="45.375569" lon="-75.844619"><ele>24.0</ele><time>2024-06-08T17:11:33Z</time></trkpt>
<trkpt lat="45.375566" lon="-75.844619"><ele>24.0</ele><time>2024-06-08T17:11:34Z</time></trkpt>
<trkpt lat="45.375559" lon="-75.84461"><ele>24.0</ele><time>2024-06-08T17:11:35Z</time></trkpt>
<trkpt lat="45.375553" lon="-75.84461"><ele>24.0</ele><time>2024-06-08T17:11:36Z</time></trkpt>
<trkpt lat="45.37555" lon="-75.84461"><ele>24.0</ele><time>2024-06-08T17:11:37Z</time></trkpt>
<trkpt lat="45.375543" lon="-75.84461"><ele>24.0</ele><time>2024-06-08T17:11:38Z</time></trkpt>
<trkpt lat="45.375537" lon="-75.844601"><ele>24.0</ele><time>2024-06-08T17:11:39Z</time></trkpt>
<trkpt lat="45.375534" lon="-75.844601"><ele>24.0</ele><time>2024-06-08T17:11:40Z</time></trkpt>
<trkpt lat="45.375528" lon="-75.844601"><ele>24.0</ele><time>2024-06-08T17:11:41Z</time></trkpt>
<trkpt lat="45.375521" lon="-75.844592"><ele>24.0</ele><time>2024-06-08T17:11:42Z</time></trkpt>
<trkpt lat="45.375518" lon="-75.844592"><ele>24.0</ele><time>2024-06-08T17:11:43Z</time></trkpt>
<trkpt lat="45.375512" lon="-75.844592"><ele>24.0</ele><time>2024-06-08T17:11:44Z</time></trkpt>
<trkpt lat="45.375505" lon="-75.844592"><ele>24.0</ele><time>2024-06-08T17:11:45Z</time></trkpt>
<trkpt lat="45.375502" lon="-75.844583"><ele>24.0</ele><time>2024-06-08T17:11:46Z</time></trkpt>
<trkpt lat="45.375496" lon="-75.844583"><ele>24.0</ele><time>2024-06-08T17:11:47Z</time></trkpt>
<trkpt lat="45.37549" lon="-75.844583"><ele>24.0</ele><time>2024-06-08T17:11:48Z</time></trkpt>
<trkpt lat="45.375486" lon="-75.844583"><ele>24.0</ele><time>2024-06-08T17:11:49Z</time></trkpt>
<trkpt lat="45.37548" lon="-75.844583"><ele>24.0</ele><time>2024-06-08T17:11:50Z</time></trkpt>
<trkpt lat="45.375474" lon="-75.844583"><ele>24.0</ele><time>2024-06-08T17:11:51Z</time></trkpt>
<trkpt lat="45.375471" lon="-75.844574"><ele>24.0</ele><time>2024-06-08T17:11:52Z</time></trkpt>
<trkpt lat="45.375464" lon="-75.844574"><ele>24.0</ele><time>2024-06-08T17:11:53Z</time></trkpt>
<trkpt lat="45.375458" lon="-75.844574"><ele>24.0</ele><time>2024-06-08T17:11:54Z</time></trkpt>
<trkpt lat="45.375455" lon="-75.844574"><ele>24.0</ele><time>2024-06-08T17:11:55Z</time></trkpt>
<trkpt lat="45.375448" lon="-75.844574"><ele>24.0</ele><time>2024-06-08T17:11:56Z</time></trkpt>
<trkpt lat="45.375445" lon="-75.844565"><ele>24.0</ele><time>2024-06-08T17:11:57Z</time></trkpt>
<trkpt lat="45.375439" lon="-75.844565"><ele>24.0</ele><time>2024-06-08T17:11:58Z</time></trkpt>
<trkpt lat="45.375436" lon="-75.844565"><ele>24.0</ele><time>2024-06-08T17:11:59Z</time></trkpt>
<trkpt lat="45.375429" lon="-75.844565"><ele>24.0</ele><time>2024-06-08T17:12:00Z</time></trkpt>
<trkpt lat="45.375426" lon="-75.844565"><ele>24.0</ele><time>2024-06-08T17:12:01Z</time></trkpt>
<trkpt lat="45.37542" lon="-75.844565"><ele>24.0</ele><time>2024-06-08T17:12:02Z</time></trkpt>
<trkpt lat="45.375417" lon="-75.844556"><ele>24.0</ele><time>2024-06-08T17:12:03Z</time></trkpt>
<trkpt lat="45.37541" lon="-75.844556"><ele>24.0</ele><time>2024-06-08T17:12:04Z</time></trkpt>
<trkpt lat="45.375407" lon="-75.844556"><ele>24.0</ele><time>2024-06-08T17:12:05Z</time></trkpt>
<trkpt lat="45.375404" lon="-75.844556"><ele>24.0</ele><time>2024-06-08T17:12:06Z</time></trkpt>
<trkpt lat="45.375398" lon="-75.844556"><ele>24.0</ele><time>2024-06-08T17:12:07Z</time></trkpt>
<trkpt lat="45.375395" lon="-75.844556"><ele>24.0</ele><time>2024-06-08T17:12:08Z</time></trkpt>
<trkpt lat="45.375391" lon="-75.844556"><ele>24.0</ele><time>2024-06-08T17:12:09Z</time></trkpt>
<trkpt lat="45.375385" lon="-75.844556"><ele>24.0</ele><time>2024-06-08T17:12:10Z</time></trkpt>
<trkpt lat="45.375379" lon="-75.844547"><ele>24.0</ele><time>2024-06-08T17:12:11Z</time></trkpt>
<trkpt lat="45.375376" lon="-75.844547"><ele>24.0</ele><time>2024-06-08T17:12:12Z</time></trkpt>
<trkpt lat="45.375369" lon="-75.844547"><ele>24.0</ele><time>2024-06-08T17:12:13Z</time></trkpt>
<trkpt lat="45.375366" lon="-75.844547"><ele>24.0</ele><time>2024-06-08T17:12:14Z</time></trkpt>
<trkpt lat="45.37536" lon="-75.844547"><ele>24.0</ele><time>2024-06-08T17:12:15Z</time></trkpt>
<trkpt lat="45.375357" lon="-75.844538"><ele>24.0</ele><time>2024-06-08T17:12:16Z</time></trkpt>
<trkpt lat="45.37535" lon="-75.844538"><ele>24.0</ele><time>2024-06-08T17:12:17Z</time></trkpt>
<trkpt lat="45.375344" lon="-75.844538"><ele>24.0</ele><time>2024-06-08T17:12:18Z</time></trkpt>
<trkpt lat="45.375341" lon="-75.844538"><ele>24.0</ele><time>2024-06-08T17:12:19Z</time></trkpt>
<trkpt lat="45.375334" lon="-75.844538"><ele>24.0</ele><time>2024-06-08T17:12:20Z</time></trkpt>
<trkpt lat="45.375331" lon="-75.844538"><ele>24.0</ele><time>2024-06-08T17:12:21Z</time></trkpt>
<trkpt lat="45.375325" lon="-75.844529"><ele>24.0</ele><time>2024-06-08T17:12:22Z</time></trkpt>
<trkpt lat="45.375322" lon="-75.844529"><ele>24.0</ele><time>2024-06-08T17:12:23Z</time></trkpt>
<trkpt lat="45.375319" lon="-75.844529"><ele>24.0</ele><time>2024-06-08T17:12:24Z</time></trkpt>
<trkpt lat="45.375312" lon="-75.844529"><ele>24.0</ele><time>2024-06-08T17:12:25Z</time></trkpt>
<trkpt lat="45.375306" lon="-75.844529"><ele>24.0</ele><time>2024-06-08T17:12:26Z</time></trkpt>
<trkpt lat="45.375303" lon="-75.844529"><ele>24.0</ele><time>2024-06-08T17:12:27Z</time></trkpt>
<trkpt lat="45.375296" lon="-75.844529"><ele>24.0</ele><time>2024-06-08T17:12:28Z</time></trkpt>
<trkpt lat="45.375293" lon="-75.84452"><ele>24.0</ele><time>2024-06-08T17:12:29Z</time></trkpt>
<trkpt lat="45.375287" lon="-75.84452"><ele>24.0</ele><time>2024-06-08T17:12:30Z</time></trkpt>
<trkpt lat="45.375284" lon="-75.84452"><ele>24.0</ele><time>2024-06-08T17:12:31Z</time></trkpt>
<trkpt lat="45.375277" lon="-75.84452"><ele>24.0</ele><time>2024-06-08T17:12:32Z</time></trkpt>
<trkpt lat="45.375274" lon="-75.84452"><ele>24.0</ele><time>2024-06-08T17:12:33Z</time></trkpt>
<trkpt lat="45.375268" lon="-75.844511"><ele>24.0</ele><time>2024-06-08T17:12:34Z</time></trkpt>
<trkpt lat="45.375262" lon="-75.844511"><ele>24.0</ele><time>2024-06-08T17:12:35Z</time></trkpt>
<trkpt lat="45.375258" lon="-75.844511"><ele>24.0</ele><time>2024-06-08T17:12:36Z</time></trkpt>
<trkpt lat="45.375252" lon="-75.844511"><ele>24.0</ele><time>2024-06-08T17:12:37Z</time></trkpt>
<trkpt lat="45.375246" lon="-75.844502"><ele>24.0</ele><time>2024-06-08T17:12:38Z</time></trkpt>
<trkpt lat="45.375239" lon="-75.844502"><ele>24.0</ele><time>2024-06-08T17:12:39Z</time></trkpt>
<trkpt lat="45.375233" lon="-75.844502"><ele>24.0</ele><time>2024-06-08T17:12:40Z</time></trkpt>
<trkpt lat="45.375227" lon="-75.844502"><ele>24.0</ele><time>2024-06-08T17:12:41Z</time></trkpt>
<trkpt lat="45.37522" lon="-75.844493"><ele>24.0</ele><time>2024-06-08T17:12:42Z</time></trkpt>
<trkpt lat="45.375214" lon="-75.844493"><ele>24.0</ele><time>2024-06-08T17:12:43Z</time></trkpt>
<trkpt lat="45.375208" lon="-75.844493"><ele>24.0</ele><time>2024-06-08T17:12:44Z</time></trkpt>
<trkpt lat="45.375201" lon="-75.844493"><ele>24.0</ele><time>2024-06-08T17:12:45Z</time></trkpt>
<trkpt lat="45.375195" lon="-75.844484"><ele>24.0</ele><time>2024-06-08T17:12:46Z</time></trkpt>
<trkpt lat="45.375189" lon="-75.844484"><ele>24.0</ele><time>2024-06-08T17:12:47Z</time></trkpt>
<trkpt lat="45.375182" lon="-75.844484"><ele>24.0</ele><time>2024-06-08T17:12:48Z</time></trkpt>
<trkpt lat="45.375176" lon="-75.844484"><ele>24.0</ele><time>2024-06-08T17:12:49Z</time></trkpt>
<trkpt lat="45.37517" lon="-75.844475"><ele>24.0</ele><time>2024-06-08T17:12:50Z</time></trkpt>
<trkpt lat="45.375164" lon="-75.844475"><ele>24.0</ele><time>2024-06-08T17:12:51Z</time></trkpt>
<trkpt lat="45.375157" lon="-75.844475"><ele>24.0</ele><time>2024-06-08T17:12:52Z</time></trkpt>
<trkpt lat="45.375151" lon="-75.844475"><ele>24.0</ele><time>2024-06-08T17:12:53Z</time></trkpt>
<trkpt lat="45.375148" lon="-75.844475"><ele>24.0</ele><time>2024-06-08T17:12:54Z</time></trkpt>
<trkpt lat="45.375141" lon="-75.844475"><ele>24.0</ele><time>2024-06-08T17:12:55Z</time></trkpt>
<trkpt lat="45.375135" lon="-75.844466"><ele>24.0</ele><time>2024-06-08T17:12:56Z</time></trkpt>
<trkpt lat="45.375132" lon="-75.844466"><ele>24.0</ele><time>2024-06-08T17:12:57Z</time></trkpt>
<trkpt lat="45.375126" lon="-75.844466"><ele>24.0</ele><time>2024-06-08T17:12:58Z</time></trkpt>
<trkpt lat="45.375122" lon="-75.844466"><ele>24.0</ele><time>2024-06-08T17:12:59Z</time></trkpt>
<trkpt lat="45.375116" lon="-75.844466"><ele>24.0</ele><time>2024-06-08T17:13:00Z</time></trkpt>
<trkpt lat="45.37511" lon="-75.844457"><ele>24.0</ele><time>2024-06-08T17:13:01Z</time></trkpt>
<trkpt lat="45.375103" lon="-75.844457"><ele>24.0</ele><time>2024-06-08T17:13:02Z</time></trkpt>
<trkpt lat="45.3751" lon="-75.844457"><ele>24.0</ele><time>2024-06-08T17:13:03Z</time></trkpt>
<trkpt lat="45.375094" lon="-75.844457"><ele>24.0</ele><time>2024-06-08T17:13:04Z</time></trkpt>
<trkpt lat="45.375088" lon="-75.844457"><ele>24.0</ele><time>2024-06-08T17:13:05Z</time></trkpt>
<trkpt lat="45.375081" lon="-75.844457"><ele>24.0</ele><time>2024-06-08T17:13:06Z</time></trkpt>
<trkpt lat="45.375075" lon="-75.844448"><ele>24.0</ele><time>2024-06-08T17:13:07Z</time></trkpt>
<trkpt lat="45.375069" lon="-75.844448"><ele>24.0</ele><time>2024-06-08T17:13:08Z</time></trkpt>
<trkpt lat="45.375062" lon="-75.844448"><ele>24.0</ele><time>2024-06-08T17:13:09Z</time></trkpt>
<trkpt lat="45.375056" lon="-75.844448"><ele>24.0</ele><time>2024-06-08T17:13:10Z</time></trkpt>
<trkpt lat="45.37505" lon="-75.844448"><ele>24.0</ele><time>2024-06-08T17:13:11Z</time></trkpt>
<trkpt lat="45.375046" lon="-75.844439"><ele>24.0</ele><time>2024-06-08T17:13:12Z</time></trkpt>
<trkpt lat="45.37504" lon="-75.844439"><ele>24.0</ele><time>2024-06-08T17:13:13Z</time></trkpt>
<trkpt lat="45.375034" lon="-75.844439"><ele>24.0</ele><time>2024-06-08T17:13:14Z</time></trkpt>
<trkpt lat="45.375027" lon="-75.844439"><ele>24.0</ele><time>2024-06-08T17:13:15Z</time></trkpt>
<trkpt lat="45.375024" lon="-75.844439"><ele>24.0</ele><time>2024-06-08T17:13:16Z</time></trkpt>
<trkpt lat="45.375018" lon="-75.84443"><ele>24.0</ele><time>2024-06-08T17:13:17Z</time></trkpt>
<trkpt lat="45.375012" lon="-75.84443"><ele>24.0</ele><time>2024-06-08T17:13:18Z</time></trkpt>
<trkpt lat="45.375005" lon="-75.84443"><ele>24.0</ele><time>2024-06-08T17:13:19Z</time></trkpt>
<trkpt lat="45.374999" lon="-75.84443"><ele>24.0</ele><time>2024-06-08T17:13:20Z</time></trkpt>
<trkpt lat="45.374993" lon="-75.844421"><ele>24.0</ele><time>2024-06-08T17:13:21Z</time></trkpt>
<trkpt lat="45.374986" lon="-75.844421"><ele>24.0</ele><time>2024-06-08T17:13:22Z</time></trkpt>
<trkpt lat="45.374983" lon="-75.844421"><ele>24.0</ele><time>2024-06-08T17:13:23Z</time></trkpt>
<trkpt lat="45.374977" lon="-75.844421"><ele>24.0</ele><time>2024-06-08T17:13:24Z</time></trkpt>
<trkpt lat="45.37497" lon="-75.844421"><ele>24.0</ele><time>2024-06-08T17:13:25Z</time></trkpt>
<trkpt lat="45.374964" lon="-75.844421"><ele>24.0</ele><time>2024-06-08T17:13:26Z</time></trkpt>
<trkpt lat="45.374958" lon="-75.844412"><ele>24.0</ele><time>2024-06-08T17:13:27Z</time></trkpt>
<trkpt lat="45.374951" lon="-75.844412"><ele>24.0</ele><time>2024-06-08T17:13:28Z</time></trkpt>
<trkpt lat="45.374948" lon="-75.844412"><ele>24.0</ele><time>2024-06-08T17:13:29Z</time></trkpt>
<trkpt lat="45.374942" lon="-75.844412"><ele>24.0</ele><time>2024-06-08T17:13:30Z</time></trkpt>
<trkpt lat="45.374936" lon="-75.844412"><ele>24.0</ele><time>2024-06-08T17:13:31Z</time></trkpt>
<trkpt lat="45.374932" lon="-75.844412"><ele>24.0</ele><time>2024-06-08T17:13:32Z</time></trkpt>
<trkpt lat="45.374926" lon="-75.844412"><ele>24.0</ele><time>2024-06-08T17:13:33Z</time></trkpt>
<trkpt lat="45.37492" lon="-75.844403"><ele>24.0</ele><time>2024-06-08T17:13:34Z</time></trkpt>
<trkpt lat="45.374917" lon="-75.844403"><ele>24.0</ele><time>2024-06-08T17:13:35Z</time></trkpt>
<trkpt lat="45.37491" lon="-75.844403"><ele>24.0</ele><time>2024-06-08T17:13:36Z</time></trkpt>
<trkpt lat="45.374904" lon="-75.844403"><ele>24.0</ele><time>2024-06-08T17:13:37Z</time></trkpt>
<trkpt lat="45.374901" lon="-75.844403"><ele>24.0</ele><time>2024-06-08T17:13:38Z</time></trkpt>
<trkpt lat="45.374894" lon="-75.844403"><ele>24.0</ele><time>2024-06-08T17:13:39Z</time></trkpt>
<trkpt lat="45.374888" lon="-75.844403"><ele>24.0</ele><time>2024-06-08T17:13:40Z</time></trkpt>
<trkpt lat="45.374885" lon="-75.844394"><ele>24.0</ele><time>2024-06-08T17:13:41Z</time></trkpt>
<trkpt lat="45.374879" lon="-75.844394"><ele>24.0</ele><time>2024-06-08T17:13:42Z</time></trkpt>
<trkpt lat="45.374875" lon="-75.844394"><ele>24.0</ele><time>2024-06-08T17:13:43Z</time></trkpt>
<trkpt lat="45.374869" lon="-75.844394"><ele>24.0</ele><time>2024-06-08T17:13:44Z</time></trkpt>
<trkpt lat="45.374863" lon="-75.844394"><ele>24.0</ele><time>2024-06-08T17:13:45Z</time></trkpt>
<trkpt lat="45.374856" lon="-75.844394"><ele>24.0</ele><time>2024-06-08T17:13:46Z</time></trkpt>
<trkpt lat="45.374853" lon="-75.844394"><ele>24.0</ele><time>2024-06-08T17:13:47Z</time></trkpt>
<trkpt lat="45.374847" lon="-75.844386"><ele>24.0</ele><time>2024-06-08T17:13:48Z</time></trkpt>
<trkpt lat="45.374837" lon="-75.844386"><ele>23.0</ele><time>2024-06-08T17:13:49Z</time></trkpt>
<trkpt lat="45.374828" lon="-75.844368"><ele>23.0</ele><time>2024-06-08T17:13:50Z</time></trkpt>
<trkpt lat="45.374825" lon="-75.844368"><ele>23.0</ele><time>2024-06-08T17:13:51Z</time></trkpt>
<trkpt lat="45.374818" lon="-75.844368"><ele>23.0</ele><time>2024-06-08T17:13:52Z</time></trkpt>
<trkpt lat="45.374815" lon="-75.844368"><ele>23.0</ele><time>2024-06-08T17:13:53Z</time></trkpt>
<trkpt lat="45.374809" lon="-75.844377"><ele>23.0</ele><time>2024-06-08T17:13:54Z</time></trkpt>
<trkpt lat="45.374806" lon="-75.844377"><ele>23.0</ele><time>2024-06-08T17:13:55Z</time></trkpt>
<trkpt lat="45.374799" lon="-75.844377"><ele>23.0</ele><time>2024-06-08T17:13:56Z</time></trkpt>
<trkpt lat="45.374793" lon="-75.844377"><ele>24.0</ele><time>2024-06-08T17:13:57Z</time></trkpt>
<trkpt lat="45.37479" lon="-75.844377"><ele>24.0</ele><time>2024-06-08T17:13:58Z</time></trkpt>
<trkpt lat="45.374784" lon="-75.844368"><ele>24.0</ele><time>2024-06-08T17:13:59Z</time></trkpt>
<trkpt lat="45.374777" lon="-75.844368"><ele>24.0</ele><time>2024-06-08T17:14:00Z</time></trkpt>
<trkpt lat="45.374774" lon="-75.844368"><ele>24.0</ele><time>2024-06-08T17:14:01Z</time></trkpt>
<trkpt lat="45.374768" lon="-75.844368"><ele>24.0</ele><time>2024-06-08T17:14:02Z</time></trkpt>
<trkpt lat="45.374761" lon="-75.844368"><ele>24.0</ele><time>2024-06-08T17:14:03Z</time></trkpt>
<trkpt lat="45.374755" lon="-75.844368"><ele>24.0</ele><time>2024-06-08T17:14:04Z</time></trkpt>
<trkpt lat="45.374749" lon="-75.844359"><ele>24.0</ele><time>2024-06-08T17:14:05Z</time></trkpt>
<trkpt lat="45.374742" lon="-75.844359"><ele>24.0</ele><time>2024-06-08T17:14:06Z</time></trkpt>
<trkpt lat="45.374739" lon="-75.844359"><ele>24.0</ele><time>2024-06-08T17:14:07Z</time></trkpt>
<trkpt lat="45.374733" lon="-75.844359"><ele>24.0</ele><time>2024-06-08T17:14:08Z</time></trkpt>
<trkpt lat="45.374727" lon="-75.844359"><ele>24.0</ele><time>2024-06-08T17:14:09Z</time></trkpt>
<trkpt lat="45.37472" lon="-75.84435"><ele>24.0</ele><time>2024-06-08T17:14:10Z</time></trkpt>
<trkpt lat="45.374714" lon="-75.84435"><ele>24.0</ele><time>2024-06-08T17:14:11Z</time></trkpt>
<trkpt lat="45.374711" lon="-75.84435"><ele>24.0</ele><time>2024-06-08T17:14:12Z</time></trkpt>
<trkpt lat="45.374704" lon="-75.84435"><ele>24.0</ele><time>2024-06-08T17:14:13Z</time></trkpt>
<trkpt lat="45.374698" lon="-75.84435"><ele>24.0</ele><time>2024-06-08T17:14:14Z</time></trkpt>
<trkpt lat="45.374692" lon="-75.84435"><ele>24.0</ele><time>2024-06-08T17:14:15Z</time></trkpt>
<trkpt lat="45.374685" lon="-75.84435"><ele>24.0</ele><time>2024-06-08T17:14:16Z</time></trkpt>
<trkpt lat="45.374682" lon="-75.84435"><ele>24.0</ele><time>2024-06-08T17:14:17Z</time></trkpt>
<trkpt lat="45.374676" lon="-75.84435"><ele>24.0</ele><time>2024-06-08T17:14:18Z</time></trkpt>
<trkpt lat="45.37467" lon="-75.844341"><ele>24.0</ele><time>2024-06-08T17:14:19Z</time></trkpt>
<trkpt lat="45.374667" lon="-75.844341"><ele>24.0</ele><time>2024-06-08T17:14:20Z</time></trkpt>
<trkpt lat="45.37466" lon="-75.844341"><ele>24.0</ele><time>2024-06-08T17:14:21Z</time></trkpt>
<trkpt lat="45.374654" lon="-75.844341"><ele>24.0</ele><time>2024-06-08T17:14:22Z</time></trkpt>
<trkpt lat="45.374648" lon="-75.844341"><ele>24.0</ele><time>2024-06-08T17:14:23Z</time></trkpt>
<trkpt lat="45.374644" lon="-75.844341"><ele>24.0</ele><time>2024-06-08T17:14:24Z</time></trkpt>
<trkpt lat="45.374638" lon="-75.844341"><ele>24.0</ele><time>2024-06-08T17:14:25Z</time></trkpt>
<trkpt lat="45.374632" lon="-75.844341"><ele>24.0</ele><time>2024-06-08T17:14:26Z</time></trkpt>
<trkpt lat="45.374625" lon="-75.844341"><ele>24.0</ele><time>2024-06-08T17:14:27Z</time></trkpt>
<trkpt lat="45.374619" lon="-75.844341"><ele>24.0</ele><time>2024-06-08T17:14:28Z</time></trkpt>
<trkpt lat="45.374613" lon="-75.844332"><ele>24.0</ele><time>2024-06-08T17:14:29Z</time></trkpt>
<trkpt lat="45.374606" lon="-75.844332"><ele>24.0</ele><time>2024-06-08T17:14:30Z</time></trkpt>
<trkpt lat="45.3746" lon="-75.844332"><ele>24.0</ele><time>2024-06-08T17:14:31Z</time></trkpt>
<trkpt lat="45.374594" lon="-75.844332"><ele>24.0</ele><time>2024-06-08T17:14:32Z</time></trkpt>
<trkpt lat="45.374591" lon="-75.844332"><ele>24.0</ele><time>2024-06-08T17:14:33Z</time></trkpt>
<trkpt lat="45.374584" lon="-75.844332"><ele>24.0</ele><time>2024-06-08T17:14:34Z</time></trkpt>
<trkpt lat="45.374578" lon="-75.844332"><ele>24.0</ele><time>2024-06-08T17:14:35Z</time></trkpt>
<trkpt lat="45.374572" lon="-75.844332"><ele>24.0</ele><time>2024-06-08T17:14:36Z</time></trkpt>
<trkpt lat="45.374565" lon="-75.844332"><ele>24.0</ele><time>2024-06-08T17:14:37Z</time></trkpt>
<trkpt lat="45.374559" lon="-75.844323"><ele>24.0</ele><time>2024-06-08T17:14:38Z</time></trkpt>
<trkpt lat="45.374556" lon="-75.844323"><ele>24.0</ele><time>2024-06-08T17:14:39Z</time></trkpt>
<trkpt lat="45.374549" lon="-75.844323"><ele>24.0</ele><time>2024-06-08T17:14:40Z</time></trkpt>
<trkpt lat="45.374543" lon="-75.844323"><ele>24.0</ele><time>2024-06-08T17:14:41Z</time></trkpt>
<trkpt lat="45.37454" lon="-75.844323"><ele>24.0</ele><time>2024-06-08T17:14:42Z</time></trkpt>
<trkpt lat="45.374534" lon="-75.844323"><ele>24.0</ele><time>2024-06-08T17:14:43Z</time></trkpt>
<trkpt lat="45.37453" lon="-75.844314"><ele>24.0</ele><time>2024-06-08T17:14:44Z</time></trkpt>
<trkpt lat="45.374524" lon="-75.844314"><ele>24.0</ele><time>2024-06-08T17:14:45Z</time></trkpt>
<trkpt lat="45.374518" lon="-75.844314"><ele>24.0</ele><time>2024-06-08T17:14:46Z</time></trkpt>
<trkpt lat="45.374511" lon="-75.844314"><ele>24.0</ele><time>2024-06-08T17:14:47Z</time></trkpt>
<trkpt lat="45.374508" lon="-75.844305"><ele>24.0</ele><time>2024-06-08T17:14:48Z</time></trkpt>
<trkpt lat="45.374502" lon="-75.844305"><ele>24.0</ele><time>2024-06-08T17:14:49Z</time></trkpt>
<trkpt lat="45.374499" lon="-75.844305"><ele>24.0</ele><time>2024-06-08T17:14:50Z</time></trkpt>
<trkpt lat="45.374492" lon="-75.844305"><ele>24.0</ele><time>2024-06-08T17:14:51Z</time></trkpt>
<trkpt lat="45.374486" lon="-75.844296"><ele>24.0</ele><time>2024-06-08T17:14:52Z</time></trkpt>
<trkpt lat="45.374483" lon="-75.844296"><ele>24.0</ele><time>2024-06-08T17:14:53Z</time></trkpt>
<trkpt lat="45.374477" lon="-75.844296"><ele>24.0</ele><time>2024-06-08T17:14:54Z</time></trkpt>
<trkpt lat="45.37447" lon="-75.844287"><ele>24.0</ele><time>2024-06-08T17:14:55Z</time></trkpt>
<trkpt lat="45.374464" lon="-75.844287"><ele>24.0</ele><time>2024-06-08T17:14:56Z</time></trkpt>
<trkpt lat="45.374461" lon="-75.844287"><ele>24.0</ele><time>2024-06-08T17:14:57Z</time></trkpt>
<trkpt lat="45.374454" lon="-75.844287"><ele>24.0</ele><time>2024-06-08T17:14:58Z</time></trkpt>
<trkpt lat="45.374448" lon="-75.844278"><ele>24.0</ele><time>2024-06-08T17:14:59Z</time></trkpt>
<trkpt lat="45.374445" lon="-75.844278"><ele>24.0</ele><time>2024-06-08T17:15:00Z</time></trkpt>
<trkpt lat="45.374439" lon="-75.844278"><ele>24.0</ele><time>2024-06-08T17:15:01Z</time></trkpt>
<trkpt lat="45.374432" lon="-75.844269"><ele>24.0</ele><time>2024-06-08T17:15:02Z</time></trkpt>
<trkpt lat="45.374429" lon="-75.844269"><ele>24.0</ele><time>2024-06-08T17:15:03Z</time></trkpt>
<trkpt lat="45.374423" lon="-75.844269"><ele>24.0</ele><time>2024-06-08T17:15:04Z</time></trkpt>
<trkpt lat="45.37442" lon="-75.84426"><ele>24.0</ele><time>2024-06-08T17:15:05Z</time></trkpt>
<trkpt lat="45.374416" lon="-75.84426"><ele>24.0</ele><time>2024-06-08T17:15:06Z</time></trkpt>
<trkpt lat="45.37441" lon="-75.84426"><ele>25.0</ele><time>2024-06-08T17:15:07Z</time></trkpt>
<trkpt lat="45.374404" lon="-75.84426"><ele>25.0</ele><time>2024-06-08T17:15:08Z</time></trkpt>
<trkpt lat="45.374401" lon="-75.84426"><ele>25.0</ele><time>2024-06-08T17:15:09Z</time></trkpt>
<trkpt lat="45.374394" lon="-75.84426"><ele>25.0</ele><time>2024-06-08T17:15:10Z</time></trkpt>
<trkpt lat="45.374388" lon="-75.844251"><ele>25.0</ele><time>2024-06-08T17:15:11Z</time></trkpt>
<trkpt lat="45.374382" lon="-75.844251"><ele>25.0</ele><time>2024-06-08T17:15:12Z</time></trkpt>
<trkpt lat="45.374375" lon="-75.844251"><ele>25.0</ele><time>2024-06-08T17:15:13Z</time></trkpt>
<trkpt lat="45.374372" lon="-75.844242"><ele>25.0</ele><time>2024-06-08T17:15:14Z</time></trkpt>
<trkpt lat="45.374366" lon="-75.844242"><ele>24.0</ele><time>2024-06-08T17:15:15Z</time></trkpt>
<trkpt lat="45.374359" lon="-75.844242"><ele>25.0</ele><time>2024-06-08T17:15:16Z</time></trkpt>
<trkpt lat="45.374356" lon="-75.844233"><ele>24.0</ele><time>2024-06-08T17:15:17Z</time></trkpt>
<trkpt lat="45.37435" lon="-75.844233"><ele>24.0</ele><time>2024-06-08T17:15:18Z</time></trkpt>
<trkpt lat="45.374344" lon="-75.844233"><ele>24.0</ele><time>2024-06-08T17:15:19Z</time></trkpt>
<trkpt lat="45.37434" lon="-75.844233"><ele>24.0</ele><time>2024-06-08T17:15:20Z</time></trkpt>
<trkpt lat="45.374334" lon="-75.844224"><ele>25.0</ele><time>2024-06-08T17:15:21Z</time></trkpt>
<trkpt lat="45.374328" lon="-75.844224"><ele>24.0</ele><time>2024-06-08T17:15:22Z</time></trkpt>
<trkpt lat="45.374325" lon="-75.844224"><ele>25.0</ele><time>2024-06-08T17:15:23Z</time></trkpt>
<trkpt lat="45.374318" lon="-75.844224"><ele>24.0</ele><time>2024-06-08T17:15:24Z</time></trkpt>
<trkpt lat="45.374312" lon="-75.844215"><ele>24.0</ele><time>2024-06-08T17:15:25Z</time></trkpt>
<trkpt lat="45.374309" lon="-75.844215"><ele>24.0</ele><time>2024-06-08T17:15:26Z</time></trkpt>
<trkpt lat="45.374302" lon="-75.844215"><ele>24.0</ele><time>2024-06-08T17:15:27Z</time></trkpt>
<trkpt lat="45.374299" lon="-75.844215"><ele>24.0</ele><time>2024-06-08T17:15:28Z</time></trkpt>
<trkpt lat="45.374293" lon="-75.844206"><ele>24.0</ele><time>2024-06-08T17:15:29Z</time></trkpt>
<trkpt lat="45.374287" lon="-75.844206"><ele>24.0</ele><time>2024-06-08T17:15:30Z</time></trkpt>
<trkpt lat="45.374283" lon="-75.844206"><ele>24.0</ele><time>2024-06-08T17:15:31Z</time></trkpt>
<trkpt lat="45.374277" lon="-75.844206"><ele>24.0</ele><time>2024-06-08T17:15:32Z</time></trkpt>
<trkpt lat="45.374271" lon="-75.844206"><ele>24.0</ele><time>2024-06-08T17:15:33Z</time></trkpt>
<trkpt lat="45.374268" lon="-75.844197"><ele>24.0</ele><time>2024-06-08T17:15:34Z</time></trkpt>
<trkpt lat="45.374261" lon="-75.844197"><ele>24.0</ele><time>2024-06-08T17:15:35Z</time></trkpt>
<trkpt lat="45.374255" lon="-75.844197"><ele>24.0</ele><time>2024-06-08T17:15:36Z</time></trkpt>
<trkpt lat="45.374252" lon="-75.844197"><ele>24.0</ele><time>2024-06-08T17:15:37Z</time></trkpt>
<trkpt lat="45.374245" lon="-75.844197"><ele>24.0</ele><time>2024-06-08T17:15:38Z</time></trkpt>
<trkpt lat="45.374239" lon="-75.844188"><ele>24.0</ele><time>2024-06-08T17:15:39Z</time></trkpt>
<trkpt lat="45.374233" lon="-75.844188"><ele>24.0</ele><time>2024-06-08T17:15:40Z</time></trkpt>
<trkpt lat="45.37423" lon="-75.844188"><ele>24.0</ele><time>2024-06-08T17:15:41Z</time></trkpt>
<trkpt lat="45.374223" lon="-75.844188"><ele>24.0</ele><time>2024-06-08T17:15:42Z</time></trkpt>
<trkpt lat="45.374217" lon="-75.844188"><ele>24.0</ele><time>2024-06-08T17:15:43Z</time></trkpt>
<trkpt lat="45.374214" lon="-75.844188"><ele>24.0</ele><time>2024-06-08T17:15:44Z</time></trkpt>
<trkpt lat="45.374207" lon="-75.844179"><ele>24.0</ele><time>2024-06-08T17:15:45Z</time></trkpt>
<trkpt lat="45.374201" lon="-75.844179"><ele>24.0</ele><time>2024-06-08T17:15:46Z</time></trkpt>
<trkpt lat="45.374198" lon="-75.844179"><ele>24.0</ele><time>2024-06-08T17:15:47Z</time></trkpt>
<trkpt lat="45.374192" lon="-75.844179"><ele>24.0</ele><time>2024-06-08T17:15:48Z</time></trkpt>
<trkpt lat="45.374185" lon="-75.84417"><ele>24.0</ele><time>2024-06-08T17:15:49Z</time></trkpt>
<trkpt lat="45.374179" lon="-75.84417"><ele>24.0</ele><time>2024-06-08T17:15:50Z</time></trkpt>
<trkpt lat="45.374173" lon="-75.84417"><ele>24.0</ele><time>2024-06-08T17:15:51Z</time></trkpt>
<trkpt lat="45.374166" lon="-75.84417"><ele>24.0</ele><time>2024-06-08T17:15:52Z</time></trkpt>
<trkpt lat="45.37416" lon="-75.844161"><ele>24.0</ele><time>2024-06-08T17:15:53Z</time></trkpt>
<trkpt lat="45.374154" lon="-75.844161"><ele>24.0</ele><time>2024-06-08T17:15:54Z</time></trkpt>
<trkpt lat="45.374147" lon="-75.844161"><ele>24.0</ele><time>2024-06-08T17:15:55Z</time></trkpt>
<trkpt lat="45.374141" lon="-75.844152"><ele>24.0</ele><time>2024-06-08T17:15:56Z</time></trkpt>
<trkpt lat="45.374135" lon="-75.844152"><ele>24.0</ele><time>2024-06-08T17:15:57Z</time></trkpt>
<trkpt lat="45.374128" lon="-75.844152"><ele>24.0</ele><time>2024-06-08T17:15:58Z</time></trkpt>
<trkpt lat="45.374122" lon="-75.844143"><ele>24.0</ele><time>2024-06-08T17:15:59Z</time></trkpt>
<trkpt lat="45.374116" lon="-75.844143"><ele>24.0</ele><time>2024-06-08T17:16:00Z</time></trkpt>
<trkpt lat="45.374109" lon="-75.844143"><ele>24.0</ele><time>2024-06-08T17:16:01Z</time></trkpt>
<trkpt lat="45.374103" lon="-75.844143"><ele>24.0</ele><time>2024-06-08T17:16:02Z</time></trkpt>
<trkpt lat="45.374097" lon="-75.844134"><ele>24.0</ele><time>2024-06-08T17:16:03Z</time></trkpt>
<trkpt lat="45.374094" lon="-75.844134"><ele>24.0</ele><time>2024-06-08T17:16:04Z</time></trkpt>
<trkpt lat="45.374087" lon="-75.844134"><ele>24.0</ele><time>2024-06-08T17:16:05Z</time></trkpt>
<trkpt lat="45.374081" lon="-75.844125"><ele>24.0</ele><time>2024-06-08T17:16:06Z</time></trkpt>
<trkpt lat="45.374075" lon="-75.844125"><ele>24.0</ele><time>2024-06-08T17:16:07Z</time></trkpt>
<trkpt lat="45.374071" lon="-75.844125"><ele>24.0</ele><time>2024-06-08T17:16:08Z</time></trkpt>
<trkpt lat="45.374065" lon="-75.844116"><ele>24.0</ele><time>2024-06-08T17:16:09Z</time></trkpt>
<trkpt lat="45.374062" lon="-75.844116"><ele>24.0</ele><time>2024-06-08T17:16:10Z</time></trkpt>
<trkpt lat="45.374056" lon="-75.844116"><ele>24.0</ele><time>2024-06-08T17:16:11Z</time></trkpt>
<trkpt lat="45.374049" lon="-75.844107"><ele>24.0</ele><time>2024-06-08T17:16:12Z</time></trkpt>
<trkpt lat="45.374043" lon="-75.844107"><ele>24.0</ele><time>2024-06-08T17:16:13Z</time></trkpt>
<trkpt lat="45.374037" lon="-75.844098"><ele>24.0</ele><time>2024-06-08T17:16:14Z</time></trkpt>
<trkpt lat="45.37403" lon="-75.844098"><ele>24.0</ele><time>2024-06-08T17:16:15Z</time></trkpt>
<trkpt lat="45.374027" lon="-75.844098"><ele>24.0</ele><time>2024-06-08T17:16:16Z</time></trkpt>
<trkpt lat="45.374021" lon="-75.844089"><ele>24.0</ele><time>2024-06-08T17:16:17Z</time></trkpt>
<trkpt lat="45.374014" lon="-75.844089"><ele>24.0</ele><time>2024-06-08T17:16:18Z</time></trkpt>
<trkpt lat="45.374008" lon="-75.84408"><ele>24.0</ele><time>2024-06-08T17:16:19Z</time></trkpt>
<trkpt lat="45.373999" lon="-75.84408"><ele>24.0</ele><time>2024-06-08T17:16:20Z</time></trkpt>
<trkpt lat="45.373992" lon="-75.844071"><ele>24.0</ele><time>2024-06-08T17:16:21Z</time></trkpt>
<trkpt lat="45.373986" lon="-75.844062"><ele>24.0</ele><time>2024-06-08T17:16:22Z</time></trkpt>
<trkpt lat="45.37398" lon="-75.844062"><ele>24.0</ele><time>2024-06-08T17:16:23Z</time></trkpt>
<trkpt lat="45.373973" lon="-75.844053"><ele>24.0</ele><time>2024-06-08T17:16:24Z</time></trkpt>
<trkpt lat="45.373964" lon="-75.844053"><ele>24.0</ele><time>2024-06-08T17:16:25Z</time></trkpt>
<trkpt lat="45.373957" lon="-75.844044"><ele>24.0</ele><time>2024-06-08T17:16:26Z</time></trkpt>
<trkpt lat="45.373951" lon="-75.844044"><ele>24.0</ele><time>2024-06-08T17:16:27Z</time></trkpt>
<trkpt lat="45.373945" lon="-75.844035"><ele>24.0</ele><time>2024-06-08T17:16:28Z</time></trkpt>
<trkpt lat="45.373938" lon="-75.844035"><ele>24.0</ele><time>2024-06-08T17:16:29Z</time></trkpt>
<trkpt lat="45.373929" lon="-75.844026"><ele>24.0</ele><time>2024-06-08T17:16:30Z</time></trkpt>
<trkpt lat="45.373923" lon="-75.844026"><ele>24.0</ele><time>2024-06-08T17:16:31Z</time></trkpt>
<trkpt lat="45.373916" lon="-75.844017"><ele>24.0</ele><time>2024-06-08T17:16:32Z</time></trkpt>
<trkpt lat="45.37391" lon="-75.844017"><ele>24.0</ele><time>2024-06-08T17:16:33Z</time></trkpt>
<trkpt lat="45.373904" lon="-75.844017"><ele>24.0</ele><time>2024-06-08T17:16:34Z</time></trkpt>
<trkpt lat="45.373897" lon="-75.844008"><ele>24.0</ele><time>2024-06-08T17:16:35Z</time></trkpt>
<trkpt lat="45.373891" lon="-75.844008"><ele>24.0</ele><time>2024-06-08T17:16:36Z</time></trkpt>
<trkpt lat="45.373885" lon="-75.844008"><ele>24.0</ele><time>2024-06-08T17:16:37Z</time></trkpt>
<trkpt lat="45.373878" lon="-75.843999"><ele>24.0</ele><time>2024-06-08T17:16:38Z</time></trkpt>
<trkpt lat="45.373872" lon="-75.843999"><ele>24.0</ele><time>2024-06-08T17:16:39Z</time></trkpt>
<trkpt lat="45.373866" lon="-75.843999"><ele>24.0</ele><time>2024-06-08T17:16:40Z</time></trkpt>
<trkpt lat="45.373859" lon="-75.84399"><ele>24.0</ele><time>2024-06-08T17:16:41Z</time></trkpt>
<trkpt lat="45.373853" lon="-75.84399"><ele>24.0</ele><time>2024-06-08T17:16:42Z</time></trkpt>
<trkpt lat="45.373847" lon="-75.84399"><ele>24.0</ele><time>2024-06-08T17:16:43Z</time></trkpt>
<trkpt lat="45.37384" lon="-75.843981"><ele>24.0</ele><time>2024-06-08T17:16:44Z</time></trkpt>
<trkpt lat="45.373834" lon="-75.843981"><ele>24.0</ele><time>2024-06-08T17:16:45Z</time></trkpt>
<trkpt lat="45.373828" lon="-75.843981"><ele>24.0</ele><time>2024-06-08T17:16:46Z</time></trkpt>
<trkpt lat="45.373821" lon="-75.843972"><ele>24.0</ele><time>2024-06-08T17:16:47Z</time></trkpt>
<trkpt lat="45.373815" lon="-75.843972"><ele>24.0</ele><time>2024-06-08T17:16:48Z</time></trkpt>
<trkpt lat="45.373809" lon="-75.843972"><ele>24.0</ele><time>2024-06-08T17:16:49Z</time></trkpt>
<trkpt lat="45.373802" lon="-75.843963"><ele>24.0</ele><time>2024-06-08T17:16:50Z</time></trkpt>
<trkpt lat="45.373796" lon="-75.843963"><ele>24.0</ele><time>2024-06-08T17:16:51Z</time></trkpt>
<trkpt lat="45.37379" lon="-75.843963"><ele>24.0</ele><time>2024-06-08T17:16:52Z</time></trkpt>
<trkpt lat="45.373783" lon="-75.843954"><ele>24.0</ele><time>2024-06-08T17:16:53Z</time></trkpt>
<trkpt lat="45.373777" lon="-75.843954"><ele>24.0</ele><time>2024-06-08T17:16:54Z</time></trkpt>
<trkpt lat="45.373771" lon="-75.843954"><ele>24.0</ele><time>2024-06-08T17:16:55Z</time></trkpt>
<trkpt lat="45.373764" lon="-75.843954"><ele>24.0</ele><time>2024-06-08T17:16:56Z</time></trkpt>
<trkpt lat="45.373758" lon="-75.843945"><ele>24.0</ele><time>2024-06-08T17:16:57Z</time></trkpt>
<trkpt lat="45.373752" lon="-75.843945"><ele>24.0</ele><time>2024-06-08T17:16:58Z</time></trkpt>
<trkpt lat="45.373748" lon="-75.843945"><ele>24.0</ele><time>2024-06-08T17:16:59Z</time></trkpt>
<trkpt lat="45.373742" lon="-75.843945"><ele>24.0</ele><time>2024-06-08T17:17:00Z</time></trkpt>
<trkpt lat="45.373736" lon="-75.843945"><ele>24.0</ele><time>2024-06-08T17:17:01Z</time></trkpt>
<trkpt lat="45.373729" lon="-75.843936"><ele>24.0</ele><time>2024-06-08T17:17:02Z</time></trkpt>
<trkpt lat="45.373726" lon="-75.843936"><ele>24.0</ele><time>2024-06-08T17:17:03Z</time></trkpt>
<trkpt lat="45.37372" lon="-75.843936"><ele>24.0</ele><time>2024-06-08T17:17:04Z</time></trkpt>
<trkpt lat="45.373714" lon="-75.843936"><ele>24.0</ele><time>2024-06-08T17:17:05Z</time></trkpt>
<trkpt lat="45.37371" lon="-75.843936"><ele>24.0</ele><time>2024-06-08T17:17:06Z</time></trkpt>
<trkpt lat="45.373704" lon="-75.843936"><ele>24.0</ele><time>2024-06-08T17:17:07Z</time></trkpt>
<trkpt lat="45.373701" lon="-75.843936"><ele>24.0</ele><time>2024-06-08T17:17:08Z</time></trkpt>
<trkpt lat="45.373695" lon="-75.843927"><ele>24.0</ele><time>2024-06-08T17:17:09Z</time></trkpt>
<trkpt lat="45.373688" lon="-75.843927"><ele>24.0</ele><time>2024-06-08T17:17:10Z</time></trkpt>
<trkpt lat="45.373685" lon="-75.843927"><ele>24.0</ele><time>2024-06-08T17:17:11Z</time></trkpt>
<trkpt lat="45.373679" lon="-75.843927"><ele>24.0</ele><time>2024-06-08T17:17:12Z</time></trkpt>
<trkpt lat="45.373672" lon="-75.843927"><ele>24.0</ele><time>2024-06-08T17:17:13Z</time></trkpt>
<trkpt lat="45.373666" lon="-75.843918"><ele>24.0</ele><time>2024-06-08T17:17:14Z</time></trkpt>
<trkpt lat="45.373663" lon="-75.843918"><ele>24.0</ele><time>2024-06-08T17:17:15Z</time></trkpt>
<trkpt lat="45.373657" lon="-75.843918"><ele>24.0</ele><time>2024-06-08T17:17:16Z</time></trkpt>
<trkpt lat="45.37365" lon="-75.843918"><ele>24.0</ele><time>2024-06-08T17:17:17Z</time></trkpt>
<trkpt lat="45.373647" lon="-75.843918"><ele>24.0</ele><time>2024-06-08T17:17:18Z</time></trkpt>
<trkpt lat="45.373641" lon="-75.843909"><ele>24.0</ele><time>2024-06-08T17:17:19Z</time></trkpt>
<trkpt lat="45.373635" lon="-75.843909"><ele>24.0</ele><time>2024-06-08T17:17:20Z</time></trkpt>
<trkpt lat="45.373628" lon="-75.843909"><ele>24.0</ele><time>2024-06-08T17:17:21Z</time></trkpt>
<trkpt lat="45.373622" lon="-75.843909"><ele>24.0</ele><time>2024-06-08T17:17:22Z</time></trkpt>
<trkpt lat="45.373616" lon="-75.8439"><ele>24.0</ele><time>2024-06-08T17:17:23Z</time></trkpt>
<trkpt lat="45.373609" lon="-75.8439"><ele>24.0</ele><time>2024-06-08T17:17:24Z</time></trkpt>
<trkpt lat="45.373603" lon="-75.8439"><ele>24.0</ele><time>2024-06-08T17:17:25Z</time></trkpt>
<trkpt lat="45.373597" lon="-75.843891"><ele>24.0</ele><time>2024-06-08T17:17:26Z</time></trkpt>
<trkpt lat="45.37359" lon="-75.843891"><ele>24.0</ele><time>2024-06-08T17:17:27Z</time></trkpt>
<trkpt lat="45.373581" lon="-75.843891"><ele>24.0</ele><time>2024-06-08T17:17:28Z</time></trkpt>
<trkpt lat="45.373574" lon="-75.843891"><ele>24.0</ele><time>2024-06-08T17:17:29Z</time></trkpt>
<trkpt lat="45.373568" lon="-75.843882"><ele>24.0</ele><time>2024-06-08T17:17:30Z</time></trkpt>
<trkpt lat="45.373559" lon="-75.843882"><ele>24.0</ele><time>2024-06-08T17:17:31Z</time></trkpt>
<trkpt lat="45.373552" lon="-75.843873"><ele>24.0</ele><time>2024-06-08T17:17:32Z</time></trkpt>
<trkpt lat="45.373546" lon="-75.843873"><ele>24.0</ele><time>2024-06-08T17:17:33Z</time></trkpt>
<trkpt lat="45.373536" lon="-75.843873"><ele>24.0</ele><time>2024-06-08T17:17:34Z</time></trkpt>
<trkpt lat="45.37353" lon="-75.843873"><ele>24.0</ele><time>2024-06-08T17:17:35Z</time></trkpt>
<trkpt lat="45.373521" lon="-75.843864"><ele>24.0</ele><time>2024-06-08T17:17:36Z</time></trkpt>
<trkpt lat="45.373514" lon="-75.843864"><ele>24.0</ele><time>2024-06-08T17:17:37Z</time></trkpt>
<trkpt lat="45.373505" lon="-75.843864"><ele>24.0</ele><time>2024-06-08T17:17:38Z</time></trkpt>
<trkpt lat="45.373498" lon="-75.843856"><ele>24.0</ele><time>2024-06-08T17:17:39Z</time></trkpt>
<trkpt lat="45.373492" lon="-75.843856"><ele>24.0</ele><time>2024-06-08T17:17:40Z</time></trkpt>
<trkpt lat="45.373483" lon="-75.843856"><ele>24.0</ele><time>2024-06-08T17:17:41Z</time></trkpt>
<trkpt lat="45.373476" lon="-75.843856"><ele>24.0</ele><time>2024-06-08T17:17:42Z</time></trkpt>
<trkpt lat="45.37347" lon="-75.843856"><ele>24.0</ele><time>2024-06-08T17:17:43Z</time></trkpt>
<trkpt lat="45.373464" lon="-75.843856"><ele>24.0</ele><time>2024-06-08T17:17:44Z</time></trkpt>
<trkpt lat="45.373457" lon="-75.843847"><ele>24.0</ele><time>2024-06-08T17:17:45Z</time></trkpt>
<trkpt lat="45.373451" lon="-75.843847"><ele>24.0</ele><time>2024-06-08T17:17:46Z</time></trkpt>
<trkpt lat="45.373445" lon="-75.843847"><ele>24.0</ele><time>2024-06-08T17:17:47Z</time></trkpt>
<trkpt lat="45.373438" lon="-75.843847"><ele>24.0</ele><time>2024-06-08T17:17:48Z</time></trkpt>
<trkpt lat="45.373432" lon="-75.843847"><ele>24.0</ele><time>2024-06-08T17:17:49Z</time></trkpt>
<trkpt lat="45.373426" lon="-75.843847"><ele>24.0</ele><time>2024-06-08T17:17:50Z</time></trkpt>
<trkpt lat="45.373419" lon="-75.843847"><ele>24.0</ele><time>2024-06-08T17:17:51Z</time></trkpt>
<trkpt lat="45.373413" lon="-75.843847"><ele>24.0</ele><time>2024-06-08T17:17:52Z</time></trkpt>
<trkpt lat="45.373407" lon="-75.843847"><ele>24.0</ele><time>2024-06-08T17:17:53Z</time></trkpt>
<trkpt lat="45.3734" lon="-75.843847"><ele>24.0</ele><time>2024-06-08T17:17:54Z</time></trkpt>
<trkpt lat="45.373394" lon="-75.843838"><ele>24.0</ele><time>2024-06-08T17:17:55Z</time></trkpt>
<trkpt lat="45.373384" lon="-75.843838"><ele>25.0</ele><time>2024-06-08T17:17:56Z</time></trkpt>
<trkpt lat="45.373378" lon="-75.843838"><ele>24.0</ele><time>2024-06-08T17:17:57Z</time></trkpt>
<trkpt lat="45.373372" lon="-75.843838"><ele>24.0</ele><time>2024-06-08T17:17:58Z</time></trkpt>
<trkpt lat="45.373362" lon="-75.843838"><ele>25.0</ele><time>2024-06-08T17:17:59Z</time></trkpt>
<trkpt lat="45.373356" lon="-75.843838"><ele>25.0</ele><time>2024-06-08T17:18:00Z</time></trkpt>
<trkpt lat="45.373346" lon="-75.843847"><ele>25.0</ele><time>2024-06-08T17:18:01Z</time></trkpt>
<trkpt lat="45.373337" lon="-75.843847"><ele>24.0</ele><time>2024-06-08T17:18:02Z</time></trkpt>
<trkpt lat="45.373327" lon="-75.843847"><ele>25.0</ele><time>2024-06-08T17:18:03Z</time></trkpt>
<trkpt lat="45.373318" lon="-75.843847"><ele>25.0</ele><time>2024-06-08T17:18:04Z</time></trkpt>
<trkpt lat="45.373308" lon="-75.843856"><ele>25.0</ele><time>2024-06-08T17:18:05Z</time></trkpt>
<trkpt lat="45.373299" lon="-75.843856"><ele>25.0</ele><time>2024-06-08T17:18:06Z</time></trkpt>
<trkpt lat="45.373289" lon="-75.843856"><ele>25.0</ele><time>2024-06-08T17:18:07Z</time></trkpt>
<trkpt lat="45.373283" lon="-75.843864"><ele>25.0</ele><time>2024-06-08T17:18:08Z</time></trkpt>
<trkpt lat="45.373277" lon="-75.843864"><ele>25.0</ele><time>2024-06-08T17:18:09Z</time></trkpt>
<trkpt lat="45.373274" lon="-75.843864"><ele>25.0</ele><time>2024-06-08T17:18:10Z</time></trkpt>
<trkpt lat="45.37327" lon="-75.843873"><ele>25.0</ele><time>2024-06-08T17:18:11Z</time></trkpt>
<trkpt lat="45.37327" lon="-75.843873"><ele>25.0</ele><time>2024-06-08T17:18:12Z</time></trkpt>
<trkpt lat="45.373267" lon="-75.843873"><ele>24.0</ele><time>2024-06-08T17:18:13Z</time></trkpt>
<trkpt lat="45.373267" lon="-75.843873"><ele>25.0</ele><time>2024-06-08T17:18:14Z</time></trkpt>
<trkpt lat="45.373264" lon="-75.843873"><ele>25.0</ele><time>2024-06-08T17:18:15Z</time></trkpt>
<trkpt lat="45.373264" lon="-75.843873"><ele>25.0</ele><time>2024-06-08T17:18:16Z</time></trkpt>
<trkpt lat="45.373264" lon="-75.843873"><ele>25.0</ele><time>2024-06-08T17:18:17Z</time></trkpt>
<trkpt lat="45.373264" lon="-75.843873"><ele>25.0</ele><time>2024-06-08T17:18:18Z</time></trkpt>
<trkpt lat="45.373261" lon="-75.843873"><ele>25.0</ele><time>2024-06-08T17:18:19Z</time></trkpt>
<trkpt lat="45.373261" lon="-75.843873"><ele>25.0</ele><time>2024-06-08T17:18:20Z</time></trkpt>
<trkpt lat="45.373258" lon="-75.843873"><ele>25.0</ele><time>2024-06-08T17:18:21Z</time></trkpt>
<trkpt lat="45.373258" lon="-75.843873"><ele>25.0</ele><time>2024-06-08T17:18:22Z</time></trkpt>
<trkpt lat="45.373258" lon="-75.843864"><ele>25.0</ele><time>2024-06-08T17:18:23Z</time></trkpt>
<trkpt lat="45.373255" lon="-75.843864"><ele>25.0</ele><time>2024-06-08T17:18:24Z</time></trkpt>
<trkpt lat="45.373255" lon="-75.843856"><ele>25.0</ele><time>2024-06-08T17:18:25Z</time></trkpt>
<trkpt lat="45.373255" lon="-75.843856"><ele>25.0</ele><time>2024-06-08T17:18:26Z</time></trkpt>
<trkpt lat="45.373251" lon="-75.843847"><ele>25.0</ele><time>2024-06-08T17:18:27Z</time></trkpt>
<trkpt lat="45.373251" lon="-75.843847"><ele>25.0</ele><time>2024-06-08T17:18:28Z</time></trkpt>
<trkpt lat="45.373248" lon="-75.843838"><ele>25.0</ele><time>2024-06-08T17:18:29Z</time></trkpt>
<trkpt lat="45.373245" lon="-75.843838"><ele>25.0</ele><time>2024-06-08T17:18:30Z</time></trkpt>
<trkpt lat="45.373242" lon="-75.843838"><ele>25.0</ele><time>2024-06-08T17:18:31Z</time></trkpt>
<trkpt lat="45.373239" lon="-75.843829"><ele>25.0</ele><time>2024-06-08T17:18:32Z</time></trkpt>
<trkpt lat="45.373232" lon="-75.843829"><ele>25.0</ele><time>2024-06-08T17:18:33Z</time></trkpt>
<trkpt lat="45.373226" lon="-75.84382"><ele>25.0</ele><time>2024-06-08T17:18:34Z</time></trkpt>
<trkpt lat="45.37322" lon="-75.84382"><ele>25.0</ele><time>2024-06-08T17:18:35Z</time></trkpt>
<trkpt lat="45.373213" lon="-75.843811"><ele>25.0</ele><time>2024-06-08T17:18:36Z</time></trkpt>
<trkpt lat="45.373204" lon="-75.843811"><ele>25.0</ele><time>2024-06-08T17:18:37Z</time></trkpt>
<trkpt lat="45.373191" lon="-75.843802"><ele>25.0</ele><time>2024-06-08T17:18:38Z</time></trkpt>
<trkpt lat="45.373182" lon="-75.843793"><ele>25.0</ele><time>2024-06-08T17:18:39Z</time></trkpt>
<trkpt lat="45.373169" lon="-75.843793"><ele>25.0</ele><time>2024-06-08T17:18:40Z</time></trkpt>
<trkpt lat="45.373156" lon="-75.843784"><ele>25.0</ele><time>2024-06-08T17:18:41Z</time></trkpt>
<trkpt lat="45.373144" lon="-75.843775"><ele>25.0</ele><time>2024-06-08T17:18:42Z</time></trkpt>
<trkpt lat="45.373131" lon="-75.843766"><ele>25.0</ele><time>2024-06-08T17:18:43Z</time></trkpt>
<trkpt lat="45.373115" lon="-75.843757"><ele>25.0</ele><time>2024-06-08T17:18:44Z</time></trkpt>
<trkpt lat="45.3731" lon="-75.843748"><ele>25.0</ele><time>2024-06-08T17:18:45Z</time></trkpt>
<trkpt lat="45.373084" lon="-75.843748"><ele>25.0</ele><time>2024-06-08T17:18:46Z</time></trkpt>
<trkpt lat="45.373068" lon="-75.843739"><ele>25.0</ele><time>2024-06-08T17:18:47Z</time></trkpt>
<trkpt lat="45.373049" lon="-75.843739"><ele>25.0</ele><time>2024-06-08T17:18:48Z</time></trkpt>
<trkpt lat="45.373033" lon="-75.843739"><ele>25.0</ele><time>2024-06-08T17:18:49Z</time></trkpt>
<trkpt lat="45.373014" lon="-75.84373"><ele>25.0</ele><time>2024-06-08T17:18:50Z</time></trkpt>
<trkpt lat="45.372995" lon="-75.84373"><ele>25.0</ele><time>2024-06-08T17:18:51Z</time></trkpt>
<trkpt lat="45.372976" lon="-75.84373"><ele>24.0</ele><time>2024-06-08T17:18:52Z</time></trkpt>
<trkpt lat="45.372957" lon="-75.843739"><ele>25.0</ele><time>2024-06-08T17:18:53Z</time></trkpt>
<trkpt lat="45.372938" lon="-75.843739"><ele>25.0</ele><time>2024-06-08T17:18:54Z</time></trkpt>
<trkpt lat="45.372919" lon="-75.843748"><ele>25.0</ele><time>2024-06-08T17:18:55Z</time></trkpt>
<trkpt lat="45.3729" lon="-75.843757"><ele>25.0</ele><time>2024-06-08T17:18:56Z</time></trkpt>
<trkpt lat="45.372881" lon="-75.843766"><ele>25.0</ele><time>2024-06-08T17:18:57Z</time></trkpt>
<trkpt lat="45.372865" lon="-75.843775"><ele>25.0</ele><time>2024-06-08T17:18:58Z</time></trkpt>
<trkpt lat="45.372846" lon="-75.843784"><ele>25.0</ele><time>2024-06-08T17:18:59Z</time></trkpt>
<trkpt lat="45.37283" lon="-75.843802"><ele>24.0</ele><time>2024-06-08T17:19:00Z</time></trkpt>
<trkpt lat="45.372815" lon="-75.843811"><ele>24.0</ele><time>2024-06-08T17:19:01Z</time></trkpt>
<trkpt lat="45.372802" lon="-75.843829"><ele>24.0</ele><time>2024-06-08T17:19:02Z</time></trkpt>
<trkpt lat="45.372789" lon="-75.843847"><ele>24.0</ele><time>2024-06-08T17:19:03Z</time></trkpt>
<trkpt lat="45.372777" lon="-75.843864"><ele>24.0</ele><time>2024-06-08T17:19:04Z</time></trkpt>
<trkpt lat="45.372764" lon="-75.843873"><ele>24.0</ele><time>2024-06-08T17:19:05Z</time></trkpt>
<trkpt lat="45.372754" lon="-75.843891"><ele>24.0</ele><time>2024-06-08T17:19:06Z</time></trkpt>
<trkpt lat="45.372739" lon="-75.8439"><ele>24.0</ele><time>2024-06-08T17:19:07Z</time></trkpt>
<trkpt lat="45.372726" lon="-75.843918"><ele>24.0</ele><time>2024-06-08T17:19:08Z</time></trkpt>
<trkpt lat="45.372713" lon="-75.843927"><ele>24.0</ele><time>2024-06-08T17:19:09Z</time></trkpt>
<trkpt lat="45.372701" lon="-75.843936"><ele>24.0</ele><time>2024-06-08T17:19:10Z</time></trkpt>
<trkpt lat="45.372685" lon="-75.843945"><ele>24.0</ele><time>2024-06-08T17:19:11Z</time></trkpt>
<trkpt lat="45.372669" lon="-75.843954"><ele>24.0</ele><time>2024-06-08T17:19:12Z</time></trkpt>
<trkpt lat="45.372656" lon="-75.843963"><ele>24.0</ele><time>2024-06-08T17:19:13Z</time></trkpt>
<trkpt lat="45.372637" lon="-75.843972"><ele>24.0</ele><time>2024-06-08T17:19:14Z</time></trkpt>
<trkpt lat="45.372621" lon="-75.843981"><ele>24.0</ele><time>2024-06-08T17:19:15Z</time></trkpt>
<trkpt lat="45.372602" lon="-75.84399"><ele>24.0</ele><time>2024-06-08T17:19:16Z</time></trkpt>
<trkpt lat="45.372583" lon="-75.843999"><ele>24.0</ele><time>2024-06-08T17:19:17Z</time></trkpt>
<trkpt lat="45.372564" lon="-75.844008"><ele>24.0</ele><time>2024-06-08T17:19:18Z</time></trkpt>
<trkpt lat="45.372539" lon="-75.844008"><ele>24.0</ele><time>2024-06-08T17:19:19Z</time></trkpt>
<trkpt lat="45.37252" lon="-75.844017"><ele>24.0</ele><time>2024-06-08T17:19:20Z</time></trkpt>
<trkpt lat="45.372501" lon="-75.844035"><ele>24.0</ele><time>2024-06-08T17:19:21Z</time></trkpt>
<trkpt lat="45.372482" lon="-75.844053"><ele>24.0</ele><time>2024-06-08T17:19:22Z</time></trkpt>
<trkpt lat="45.37247" lon="-75.844071"><ele>24.0</ele><time>2024-06-08T17:19:23Z</time></trkpt>
<trkpt lat="45.372454" lon="-75.84408"><ele>24.0</ele><time>2024-06-08T17:19:24Z</time></trkpt>
<trkpt lat="45.372438" lon="-75.844098"><ele>24.0</ele><time>2024-06-08T17:19:25Z</time></trkpt>
<trkpt lat="45.372422" lon="-75.844107"><ele>24.0</ele><time>2024-06-08T17:19:26Z</time></trkpt>
<trkpt lat="45.372403" lon="-75.844116"><ele>24.0</ele><time>2024-06-08T17:19:27Z</time></trkpt>
<trkpt lat="45.372387" lon="-75.844125"><ele>24.0</ele><time>2024-06-08T17:19:28Z</time></trkpt>
<trkpt lat="45.372368" lon="-75.844134"><ele>24.0</ele><time>2024-06-08T17:19:29Z</time></trkpt>
<trkpt lat="45.372349" lon="-75.844152"><ele>24.0</ele><time>2024-06-08T17:19:30Z</time></trkpt>
<trkpt lat="45.372333" lon="-75.844161"><ele>24.0</ele><time>2024-06-08T17:19:31Z</time></trkpt>
<trkpt lat="45.372318" lon="-75.84417"><ele>24.0</ele><time>2024-06-08T17:19:32Z</time></trkpt>
<trkpt lat="45.372299" lon="-75.844179"><ele>24.0</ele><time>2024-06-08T17:19:33Z</time></trkpt>
<trkpt lat="45.372283" lon="-75.844197"><ele>24.0</ele><time>2024-06-08T17:19:34Z</time></trkpt>
<trkpt lat="45.372264" lon="-75.844206"><ele>24.0</ele><time>2024-06-08T17:19:35Z</time></trkpt>
<trkpt lat="45.372248" lon="-75.844215"><ele>24.0</ele><time>2024-06-08T17:19:36Z</time></trkpt>
<trkpt lat="45.372232" lon="-75.844233"><ele>24.0</ele><time>2024-06-08T17:19:37Z</time></trkpt>
<trkpt lat="45.372216" lon="-75.844242"><ele>24.0</ele><time>2024-06-08T17:19:38Z</time></trkpt>
<trkpt lat="45.3722" lon="-75.844251"><ele>24.0</ele><time>2024-06-08T17:19:39Z</time></trkpt>
<trkpt lat="45.372181" lon="-75.84426"><ele>24.0</ele><time>2024-06-08T17:19:40Z</time></trkpt>
<trkpt lat="45.372166" lon="-75.844269"><ele>24.0</ele><time>2024-06-08T17:19:41Z</time></trkpt>
<trkpt lat="45.372143" lon="-75.844278"><ele>24.0</ele><time>2024-06-08T17:19:42Z</time></trkpt>
<trkpt lat="45.372124" lon="-75.844278"><ele>24.0</ele><time>2024-06-08T17:19:43Z</time></trkpt>
<trkpt lat="45.372102" lon="-75.844287"><ele>24.0</ele><time>2024-06-08T17:19:44Z</time></trkpt>
<trkpt lat="45.37208" lon="-75.844287"><ele>24.0</ele><time>2024-06-08T17:19:45Z</time></trkpt>
<trkpt lat="45.372058" lon="-75.844296"><ele>24.0</ele><time>2024-06-08T17:19:46Z</time></trkpt>
<trkpt lat="45.372036" lon="-75.844296"><ele>24.0</ele><time>2024-06-08T17:19:47Z</time></trkpt>
<trkpt lat="45.372014" lon="-75.844305"><ele>24.0</ele><time>2024-06-08T17:19:48Z</time></trkpt>
<trkpt lat="45.371995" lon="-75.844314"><ele>24.0</ele><time>2024-06-08T17:19:49Z</time></trkpt>
<trkpt lat="45.371973" lon="-75.844332"><ele>24.0</ele><time>2024-06-08T17:19:50Z</time></trkpt>
<trkpt lat="45.371954" lon="-75.844341"><ele>24.0</ele><time>2024-06-08T17:19:51Z</time></trkpt>
<trkpt lat="45.371931" lon="-75.84435"><ele>24.0</ele><time>2024-06-08T17:19:52Z</time></trkpt>
<trkpt lat="45.371912" lon="-75.844359"><ele>24.0</ele><time>2024-06-08T17:19:53Z</time></trkpt>
<trkpt lat="45.37189" lon="-75.844368"><ele>24.0</ele><time>2024-06-08T17:19:54Z</time></trkpt>
<trkpt lat="45.371868" lon="-75.844377"><ele>24.0</ele><time>2024-06-08T17:19:55Z</time></trkpt>
<trkpt lat="45.371843" lon="-75.844377"><ele>24.0</ele><time>2024-06-08T17:19:56Z</time></trkpt>
<trkpt lat="45.371817" lon="-75.844377"><ele>24.0</ele><time>2024-06-08T17:19:57Z</time></trkpt>
<trkpt lat="45.371795" lon="-75.844386"><ele>24.0</ele><time>2024-06-08T17:19:58Z</time></trkpt>
<trkpt lat="45.37177" lon="-75.844394"><ele>24.0</ele><time>2024-06-08T17:19:59Z</time></trkpt>
<trkpt lat="45.371748" lon="-75.844403"><ele>24.0</ele><time>2024-06-08T17:20:00Z</time></trkpt>
<trkpt lat="45.371722" lon="-75.844403"><ele>24.0</ele><time>2024-06-08T17:20:01Z</time></trkpt>
<trkpt lat="45.371697" lon="-75.844412"><ele>24.0</ele><time>2024-06-08T17:20:02Z</time></trkpt>
<trkpt lat="45.371675" lon="-75.844412"><ele>24.0</ele><time>2024-06-08T17:20:03Z</time></trkpt>
<trkpt lat="45.37165" lon="-75.844412"><ele>24.0</ele><time>2024-06-08T17:20:04Z</time></trkpt>
<trkpt lat="45.371624" lon="-75.844421"><ele>24.0</ele><time>2024-06-08T17:20:05Z</time></trkpt>
<trkpt lat="45.371602" lon="-75.844421"><ele>24.0</ele><time>2024-06-08T17:20:06Z</time></trkpt>
<trkpt lat="45.371577" lon="-75.84443"><ele>24.0</ele><time>2024-06-08T17:20:07Z</time></trkpt>
<trkpt lat="45.371555" lon="-75.84443"><ele>24.0</ele><time>2024-06-08T17:20:08Z</time></trkpt>
<trkpt lat="45.371529" lon="-75.84443"><ele>24.0</ele><time>2024-06-08T17:20:09Z</time></trkpt>
<trkpt lat="45.371504" lon="-75.844439"><ele>24.0</ele><time>2024-06-08T17:20:10Z</time></trkpt>
<trkpt lat="45.371479" lon="-75.844439"><ele>24.0</ele><time>2024-06-08T17:20:11Z</time></trkpt>
<trkpt lat="45.371453" lon="-75.844439"><ele>24.0</ele><time>2024-06-08T17:20:12Z</time></trkpt>
<trkpt lat="45.371428" lon="-75.844448"><ele>24.0</ele><time>2024-06-08T17:20:13Z</time></trkpt>
<trkpt lat="45.371406" lon="-75.844448"><ele>24.0</ele><time>2024-06-08T17:20:14Z</time></trkpt>
<trkpt lat="45.371381" lon="-75.844448"><ele>24.0</ele><time>2024-06-08T17:20:15Z</time></trkpt>
<trkpt lat="45.371352" lon="-75.844448"><ele>24.0</ele><time>2024-06-08T17:20:16Z</time></trkpt>
<trkpt lat="45.371327" lon="-75.844457"><ele>24.0</ele><time>2024-06-08T17:20:17Z</time></trkpt>
<trkpt lat="45.371301" lon="-75.844457"><ele>24.0</ele><time>2024-06-08T17:20:18Z</time></trkpt>
<trkpt lat="45.371276" lon="-75.844457"><ele>24.0</ele><time>2024-06-08T17:20:19Z</time></trkpt>
<trkpt lat="45.371251" lon="-75.844457"><ele>24.0</ele><time>2024-06-08T17:20:20Z</time></trkpt>
<trkpt lat="45.371229" lon="-75.844457"><ele>24.0</ele><time>2024-06-08T17:20:21Z</time></trkpt>
<trkpt lat="45.37121" lon="-75.844475"><ele>24.0</ele><time>2024-06-08T17:20:22Z</time></trkpt>
<trkpt lat="45.371194" lon="-75.844493"><ele>24.0</ele><time>2024-06-08T17:20:23Z</time></trkpt>
<trkpt lat="45.371187" lon="-75.844511"><ele>24.0</ele><time>2024-06-08T17:20:24Z</time></trkpt>
<trkpt lat="45.371184" lon="-75.844538"><ele>24.0</ele><time>2024-06-08T17:20:25Z</time></trkpt>
<trkpt lat="45.371184" lon="-75.844556"><ele>24.0</ele><time>2024-06-08T17:20:26Z</time></trkpt>
<trkpt lat="45.371184" lon="-75.844574"><ele>24.0</ele><time>2024-06-08T17:20:27Z</time></trkpt>
<trkpt lat="45.371187" lon="-75.844592"><ele>24.0</ele><time>2024-06-08T17:20:28Z</time></trkpt>
<trkpt lat="45.371197" lon="-75.844601"><ele>24.0</ele><time>2024-06-08T17:20:29Z</time></trkpt>
<trkpt lat="45.371206" lon="-75.84461"><ele>24.0</ele><time>2024-06-08T17:20:30Z</time></trkpt>
<trkpt lat="45.371222" lon="-75.844619"><ele>24.0</ele><time>2024-06-08T17:20:31Z</time></trkpt>
<trkpt lat="45.371238" lon="-75.844619"><ele>24.0</ele><time>2024-06-08T17:20:32Z</time></trkpt>
<trkpt lat="45.371257" lon="-75.844628"><ele>24.0</ele><time>2024-06-08T17:20:33Z</time></trkpt>
<trkpt lat="45.371273" lon="-75.844637"><ele>24.0</ele><time>2024-06-08T17:20:34Z</time></trkpt>
<trkpt lat="45.371289" lon="-75.844646"><ele>24.0</ele><time>2024-06-08T17:20:35Z</time></trkpt>
<trkpt lat="45.371305" lon="-75.844664"><ele>24.0</ele><time>2024-06-08T17:20:36Z</time></trkpt>
<trkpt lat="45.37132" lon="-75.844682"><ele>24.0</ele><time>2024-06-08T17:20:37Z</time></trkpt>
<trkpt lat="45.371336" lon="-75.844691"><ele>24.0</ele><time>2024-06-08T17:20:38Z</time></trkpt>
<trkpt lat="45.371352" lon="-75.844709"><ele>24.0</ele><time>2024-06-08T17:20:39Z</time></trkpt>
<trkpt lat="45.371371" lon="-75.844727"><ele>24.0</ele><time>2024-06-08T17:20:40Z</time></trkpt>
<trkpt lat="45.37139" lon="-75.844745"><ele>24.0</ele><time>2024-06-08T17:20:41Z</time></trkpt>
<trkpt lat="45.371412" lon="-75.844754"><ele>24.0</ele><time>2024-06-08T17:20:42Z</time></trkpt>
<trkpt lat="45.371431" lon="-75.844772"><ele>24.0</ele><time>2024-06-08T17:20:43Z</time></trkpt>
<trkpt lat="45.371453" lon="-75.84479"><ele>24.0</ele><time>2024-06-08T17:20:44Z</time></trkpt>
<trkpt lat="45.371475" lon="-75.844808"><ele>24.0</ele><time>2024-06-08T17:20:45Z</time></trkpt>
<trkpt lat="45.371498" lon="-75.844826"><ele>24.0</ele><time>2024-06-08T17:20:46Z</time></trkpt>
<trkpt lat="45.37152" lon="-75.844844"><ele>24.0</ele><time>2024-06-08T17:20:47Z</time></trkpt>
<trkpt lat="45.371542" lon="-75.844862"><ele>24.0</ele><time>2024-06-08T17:20:48Z</time></trkpt>
<trkpt lat="45.371564" lon="-75.84488"><ele>24.0</ele><time>2024-06-08T17:20:49Z</time></trkpt>
<trkpt lat="45.371586" lon="-75.844889"><ele>24.0</ele><time>2024-06-08T17:20:50Z</time></trkpt>
<trkpt lat="45.371612" lon="-75.844907"><ele>24.0</ele><time>2024-06-08T17:20:51Z</time></trkpt>
<trkpt lat="45.371634" lon="-75.844924"><ele>24.0</ele><time>2024-06-08T17:20:52Z</time></trkpt>
<trkpt lat="45.371659" lon="-75.844942"><ele>24.0</ele><time>2024-06-08T17:20:53Z</time></trkpt>
<trkpt lat="45.371681" lon="-75.84496"><ele>24.0</ele><time>2024-06-08T17:20:54Z</time></trkpt>
<trkpt lat="45.371707" lon="-75.844978"><ele>24.0</ele><time>2024-06-08T17:20:55Z</time></trkpt>
<trkpt lat="45.371729" lon="-75.844996"><ele>24.0</ele><time>2024-06-08T17:20:56Z</time></trkpt>
<trkpt lat="45.371751" lon="-75.845014"><ele>24.0</ele><time>2024-06-08T17:20:57Z</time></trkpt>
<trkpt lat="45.371773" lon="-75.845032"><ele>24.0</ele><time>2024-06-08T17:20:58Z</time></trkpt>
<trkpt lat="45.371795" lon="-75.84505"><ele>24.0</ele><time>2024-06-08T17:20:59Z</time></trkpt>
<trkpt lat="45.371821" lon="-75.845068"><ele>24.0</ele><time>2024-06-08T17:21:00Z</time></trkpt>
<trkpt lat="45.371843" lon="-75.845086"><ele>24.0</ele><time>2024-06-08T17:21:01Z</time></trkpt>
<trkpt lat="45.371865" lon="-75.845104"><ele>24.0</ele><time>2024-06-08T17:21:02Z</time></trkpt>
<trkpt lat="45.371887" lon="-75.845122"><ele>24.0</ele><time>2024-06-08T17:21:03Z</time></trkpt>
<trkpt lat="45.371912" lon="-75.84514"><ele>24.0</ele><time>2024-06-08T17:21:04Z</time></trkpt>
<trkpt lat="45.371935" lon="-75.845149"><ele>24.0</ele><time>2024-06-08T17:21:05Z</time></trkpt>
<trkpt lat="45.371957" lon="-75.845167"><ele>24.0</ele><time>2024-06-08T17:21:06Z</time></trkpt>
<trkpt lat="45.371979" lon="-75.845185"><ele>24.0</ele><time>2024-06-08T17:21:07Z</time></trkpt>
<trkpt lat="45.372004" lon="-75.845212"><ele>24.0</ele><time>2024-06-08T17:21:08Z</time></trkpt>
<trkpt lat="45.372026" lon="-75.84523"><ele>24.0</ele><time>2024-06-08T17:21:09Z</time></trkpt>
<trkpt lat="45.372052" lon="-75.845248"><ele>24.0</ele><time>2024-06-08T17:21:10Z</time></trkpt>
<trkpt lat="45.372077" lon="-75.845266"><ele>24.0</ele><time>2024-06-08T17:21:11Z</time></trkpt>
<trkpt lat="45.372099" lon="-75.845284"><ele>24.0</ele><time>2024-06-08T17:21:12Z</time></trkpt>
<trkpt lat="45.372121" lon="-75.845302"><ele>24.0</ele><time>2024-06-08T17:21:13Z</time></trkpt>
<trkpt lat="45.372147" lon="-75.84532"><ele>24.0</ele><time>2024-06-08T17:21:14Z</time></trkpt>
<trkpt lat="45.372172" lon="-75.845338"><ele>24.0</ele><time>2024-06-08T17:21:15Z</time></trkpt>
<trkpt lat="45.372194" lon="-75.845356"><ele>24.0</ele><time>2024-06-08T17:21:16Z</time></trkpt>
<trkpt lat="45.372219" lon="-75.845374"><ele>24.0</ele><time>2024-06-08T17:21:17Z</time></trkpt>
<trkpt lat="45.372242" lon="-75.845392"><ele>24.0</ele><time>2024-06-08T17:21:18Z</time></trkpt>
<trkpt lat="45.372264" lon="-75.84541"><ele>24.0</ele><time>2024-06-08T17:21:19Z</time></trkpt>
<trkpt lat="45.372286" lon="-75.845419"><ele>24.0</ele><time>2024-06-08T17:21:20Z</time></trkpt>
<trkpt lat="45.372311" lon="-75.845436"><ele>24.0</ele><time>2024-06-08T17:21:21Z</time></trkpt>
<trkpt lat="45.372337" lon="-75.845445"><ele>24.0</ele><time>2024-06-08T17:21:22Z</time></trkpt>
<trkpt lat="45.372359" lon="-75.845463"><ele>24.0</ele><time>2024-06-08T17:21:23Z</time></trkpt>
<trkpt lat="45.372384" lon="-75.845472"><ele>24.0</ele><time>2024-06-08T17:21:24Z</time></trkpt>
<trkpt lat="45.372406" lon="-75.84549"><ele>24.0</ele><time>2024-06-08T17:21:25Z</time></trkpt>
<trkpt lat="45.372432" lon="-75.845499"><ele>24.0</ele><time>2024-06-08T17:21:26Z</time></trkpt>
<trkpt lat="45.372457" lon="-75.845517"><ele>24.0</ele><time>2024-06-08T17:21:27Z</time></trkpt>
<trkpt lat="45.372482" lon="-75.845526"><ele>24.0</ele><time>2024-06-08T17:21:28Z</time></trkpt>
<trkpt lat="45.372504" lon="-75.845544"><ele>24.0</ele><time>2024-06-08T17:21:29Z</time></trkpt>
<trkpt lat="45.37253" lon="-75.845562"><ele>24.0</ele><time>2024-06-08T17:21:30Z</time></trkpt>
<trkpt lat="45.372552" lon="-75.84558"><ele>24.0</ele><time>2024-06-08T17:21:31Z</time></trkpt>
<trkpt lat="45.372577" lon="-75.845589"><ele>24.0</ele><time>2024-06-08T17:21:32Z</time></trkpt>
<trkpt lat="45.372599" lon="-75.845607"><ele>24.0</ele><time>2024-06-08T17:21:33Z</time></trkpt>
<trkpt lat="45.372625" lon="-75.845616"><ele>24.0</ele><time>2024-06-08T17:21:34Z</time></trkpt>
<trkpt lat="45.37265" lon="-75.845634"><ele>24.0</ele><time>2024-06-08T17:21:35Z</time></trkpt>
<trkpt lat="45.372672" lon="-75.845643"><ele>24.0</ele><time>2024-06-08T17:21:36Z</time></trkpt>
<trkpt lat="45.372697" lon="-75.845661"><ele>24.0</ele><time>2024-06-08T17:21:37Z</time></trkpt>
<trkpt lat="45.37272" lon="-75.845679"><ele>24.0</ele><time>2024-06-08T17:21:38Z</time></trkpt>
<trkpt lat="45.372742" lon="-75.845688"><ele>24.0</ele><time>2024-06-08T17:21:39Z</time></trkpt>
<trkpt lat="45.372767" lon="-75.845706"><ele>24.0</ele><time>2024-06-08T17:21:40Z</time></trkpt>
<trkpt lat="45.372792" lon="-75.845715"><ele>24.0</ele><time>2024-06-08T17:21:41Z</time></trkpt>
<trkpt lat="45.372818" lon="-75.845733"><ele>24.0</ele><time>2024-06-08T17:21:42Z</time></trkpt>
<trkpt lat="45.37284" lon="-75.845742"><ele>24.0</ele><time>2024-06-08T17:21:43Z</time></trkpt>
<trkpt lat="45.372862" lon="-75.84576"><ele>24.0</ele><time>2024-06-08T17:21:44Z</time></trkpt>
<trkpt lat="45.372887" lon="-75.845769"><ele>24.0</ele><time>2024-06-08T17:21:45Z</time></trkpt>
<trkpt lat="45.37291" lon="-75.845787"><ele>24.0</ele><time>2024-06-08T17:21:46Z</time></trkpt>
<trkpt lat="45.372935" lon="-75.845796"><ele>24.0</ele><time>2024-06-08T17:21:47Z</time></trkpt>
<trkpt lat="45.372957" lon="-75.845814"><ele>24.0</ele><time>2024-06-08T17:21:48Z</time></trkpt>
<trkpt lat="45.372979" lon="-75.845823"><ele>24.0</ele><time>2024-06-08T17:21:49Z</time></trkpt>
<trkpt lat="45.373005" lon="-75.845841"><ele>24.0</ele><time>2024-06-08T17:21:50Z</time></trkpt>
<trkpt lat="45.373027" lon="-75.845859"><ele>24.0</ele><time>2024-06-08T17:21:51Z</time></trkpt>
<trkpt lat="45.373049" lon="-75.845868"><ele>24.0</ele><time>2024-06-08T17:21:52Z</time></trkpt>
<trkpt lat="45.373071" lon="-75.845886"><ele>23.0</ele><time>2024-06-08T17:21:53Z</time></trkpt>
<trkpt lat="45.373093" lon="-75.845904"><ele>23.0</ele><time>2024-06-08T17:21:54Z</time></trkpt>
<trkpt lat="45.373115" lon="-75.845922"><ele>23.0</ele><time>2024-06-08T17:21:55Z</time></trkpt>
<trkpt lat="45.373137" lon="-75.84594"><ele>23.0</ele><time>2024-06-08T17:21:56Z</time></trkpt>
<trkpt lat="45.37316" lon="-75.845957"><ele>23.0</ele><time>2024-06-08T17:21:57Z</time></trkpt>
<trkpt lat="45.373182" lon="-75.845966"><ele>23.0</ele><time>2024-06-08T17:21:58Z</time></trkpt>
<trkpt lat="45.373207" lon="-75.845975"><ele>23.0</ele><time>2024-06-08T17:21:59Z</time></trkpt>
<trkpt lat="45.373232" lon="-75.845993"><ele>23.0</ele><time>2024-06-08T17:22:00Z</time></trkpt>
<trkpt lat="45.373255" lon="-75.846002"><ele>23.0</ele><time>2024-06-08T17:22:01Z</time></trkpt>
<trkpt lat="45.37328" lon="-75.84602"><ele>23.0</ele><time>2024-06-08T17:22:02Z</time></trkpt>
<trkpt lat="45.373302" lon="-75.846038"><ele>23.0</ele><time>2024-06-08T17:22:03Z</time></trkpt>
<trkpt lat="45.373324" lon="-75.846056"><ele>23.0</ele><time>2024-06-08T17:22:04Z</time></trkpt>
<trkpt lat="45.37335" lon="-75.846065"><ele>23.0</ele><time>2024-06-08T17:22:05Z</time></trkpt>
<trkpt lat="45.373372" lon="-75.846083"><ele>23.0</ele><time>2024-06-08T17:22:06Z</time></trkpt>
<trkpt lat="45.373397" lon="-75.846092"><ele>23.0</ele><time>2024-06-08T17:22:07Z</time></trkpt>
<trkpt lat="45.373419" lon="-75.84611"><ele>23.0</ele><time>2024-06-08T17:22:08Z</time></trkpt>
<trkpt lat="45.373441" lon="-75.846128"><ele>23.0</ele><time>2024-06-08T17:22:09Z</time></trkpt>
<trkpt lat="45.373464" lon="-75.846137"><ele>24.0</ele><time>2024-06-08T17:22:10Z</time></trkpt>
<trkpt lat="45.373489" lon="-75.846155"><ele>24.0</ele><time>2024-06-08T17:22:11Z</time></trkpt>
<trkpt lat="45.373511" lon="-75.846164"><ele>24.0</ele><time>2024-06-08T17:22:12Z</time></trkpt>
<trkpt lat="45.373536" lon="-75.846182"><ele>24.0</ele><time>2024-06-08T17:22:13Z</time></trkpt>
<trkpt lat="45.373559" lon="-75.846191"><ele>23.0</ele><time>2024-06-08T17:22:14Z</time></trkpt>
<trkpt lat="45.373584" lon="-75.846209"><ele>23.0</ele><time>2024-06-08T17:22:15Z</time></trkpt>
<trkpt lat="45.373606" lon="-75.846227"><ele>23.0</ele><time>2024-06-08T17:22:16Z</time></trkpt>
<trkpt lat="45.373631" lon="-75.846236"><ele>23.0</ele><time>2024-06-08T17:22:17Z</time></trkpt>
<trkpt lat="45.373653" lon="-75.846254"><ele>23.0</ele><time>2024-06-08T17:22:18Z</time></trkpt>
<trkpt lat="45.373679" lon="-75.846263"><ele>23.0</ele><time>2024-06-08T17:22:19Z</time></trkpt>
<trkpt lat="45.373701" lon="-75.846281"><ele>23.0</ele><time>2024-06-08T17:22:20Z</time></trkpt>
<trkpt lat="45.373723" lon="-75.84629"><ele>23.0</ele><time>2024-06-08T17:22:21Z</time></trkpt>
<trkpt lat="45.373745" lon="-75.846299"><ele>23.0</ele><time>2024-06-08T17:22:22Z</time></trkpt>
<trkpt lat="45.373771" lon="-75.846308"><ele>23.0</ele><time>2024-06-08T17:22:23Z</time></trkpt>
<trkpt lat="45.373793" lon="-75.846317"><ele>23.0</ele><time>2024-06-08T17:22:24Z</time></trkpt>
<trkpt lat="45.373815" lon="-75.846335"><ele>23.0</ele><time>2024-06-08T17:22:25Z</time></trkpt>
<trkpt lat="45.373837" lon="-75.846344"><ele>23.0</ele><time>2024-06-08T17:22:26Z</time></trkpt>
<trkpt lat="45.373859" lon="-75.846353"><ele>23.0</ele><time>2024-06-08T17:22:27Z</time></trkpt>
<trkpt lat="45.373881" lon="-75.846371"><ele>23.0</ele><time>2024-06-08T17:22:28Z</time></trkpt>
<trkpt lat="45.373907" lon="-75.84638"><ele>23.0</ele><time>2024-06-08T17:22:29Z</time></trkpt>
<trkpt lat="45.373929" lon="-75.846398"><ele>23.0</ele><time>2024-06-08T17:22:30Z</time></trkpt>
<trkpt lat="45.373954" lon="-75.846407"><ele>23.0</ele><time>2024-06-08T17:22:31Z</time></trkpt>
<trkpt lat="45.373976" lon="-75.846425"><ele>23.0</ele><time>2024-06-08T17:22:32Z</time></trkpt>
<trkpt lat="45.374002" lon="-75.846434"><ele>23.0</ele><time>2024-06-08T17:22:33Z</time></trkpt>
<trkpt lat="45.374024" lon="-75.846452"><ele>23.0</ele><time>2024-06-08T17:22:34Z</time></trkpt>
<trkpt lat="45.374049" lon="-75.846461"><ele>23.0</ele><time>2024-06-08T17:22:35Z</time></trkpt>
<trkpt lat="45.374071" lon="-75.846478"><ele>23.0</ele><time>2024-06-08T17:22:36Z</time></trkpt>
<trkpt lat="45.374094" lon="-75.846496"><ele>23.0</ele><time>2024-06-08T17:22:37Z</time></trkpt>
<trkpt lat="45.374116" lon="-75.846505"><ele>23.0</ele><time>2024-06-08T17:22:38Z</time></trkpt>
<trkpt lat="45.374141" lon="-75.846514"><ele>23.0</ele><time>2024-06-08T17:22:39Z</time></trkpt>
<trkpt lat="45.374163" lon="-75.846523"><ele>23.0</ele><time>2024-06-08T17:22:40Z</time></trkpt>
<trkpt lat="45.374185" lon="-75.846541"><ele>23.0</ele><time>2024-06-08T17:22:41Z</time></trkpt>
<trkpt lat="45.374207" lon="-75.84655"><ele>23.0</ele><time>2024-06-08T17:22:42Z</time></trkpt>
<trkpt lat="45.37423" lon="-75.846559"><ele>23.0</ele><time>2024-06-08T17:22:43Z</time></trkpt>
<trkpt lat="45.374252" lon="-75.846568"><ele>23.0</ele><time>2024-06-08T17:22:44Z</time></trkpt>
<trkpt lat="45.374274" lon="-75.846577"><ele>23.0</ele><time>2024-06-08T17:22:45Z</time></trkpt>
<trkpt lat="45.374293" lon="-75.846586"><ele>23.0</ele><time>2024-06-08T17:22:46Z</time></trkpt>
<trkpt lat="45.374315" lon="-75.846595"><ele>23.0</ele><time>2024-06-08T17:22:47Z</time></trkpt>
<trkpt lat="45.374334" lon="-75.846604"><ele>23.0</ele><time>2024-06-08T17:22:48Z</time></trkpt>
<trkpt lat="45.374356" lon="-75.846613"><ele>23.0</ele><time>2024-06-08T17:22:49Z</time></trkpt>
<trkpt lat="45.374375" lon="-75.846622"><ele>23.0</ele><time>2024-06-08T17:22:50Z</time></trkpt>
<trkpt lat="45.374394" lon="-75.846631"><ele>23.0</ele><time>2024-06-08T17:22:51Z</time></trkpt>
<trkpt lat="45.374416" lon="-75.84664"><ele>23.0</ele><time>2024-06-08T17:22:52Z</time></trkpt>
<trkpt lat="45.374435" lon="-75.84664"><ele>23.0</ele><time>2024-06-08T17:22:53Z</time></trkpt>
<trkpt lat="45.374454" lon="-75.846649"><ele>23.0</ele><time>2024-06-08T17:22:54Z</time></trkpt>
<trkpt lat="45.374473" lon="-75.846658"><ele>23.0</ele><time>2024-06-08T17:22:55Z</time></trkpt>
<trkpt lat="45.374492" lon="-75.846667"><ele>23.0</ele><time>2024-06-08T17:22:56Z</time></trkpt>
<trkpt lat="45.374511" lon="-75.846676"><ele>23.0</ele><time>2024-06-08T17:22:57Z</time></trkpt>
<trkpt lat="45.37453" lon="-75.846676"><ele>23.0</ele><time>2024-06-08T17:22:58Z</time></trkpt>
<trkpt lat="45.374553" lon="-75.846685"><ele>23.0</ele><time>2024-06-08T17:22:59Z</time></trkpt>
<trkpt lat="45.374572" lon="-75.846694"><ele>23.0</ele><time>2024-06-08T17:23:00Z</time></trkpt>
<trkpt lat="45.374591" lon="-75.846694"><ele>23.0</ele><time>2024-06-08T17:23:01Z</time></trkpt>
<trkpt lat="45.374613" lon="-75.846703"><ele>23.0</ele><time>2024-06-08T17:23:02Z</time></trkpt>
<trkpt lat="45.374632" lon="-75.846712"><ele>23.0</ele><time>2024-06-08T17:23:03Z</time></trkpt>
<trkpt lat="45.374654" lon="-75.846721"><ele>23.0</ele><time>2024-06-08T17:23:04Z</time></trkpt>
<trkpt lat="45.374673" lon="-75.846721"><ele>23.0</ele><time>2024-06-08T17:23:05Z</time></trkpt>
<trkpt lat="45.374695" lon="-75.84673"><ele>23.0</ele><time>2024-06-08T17:23:06Z</time></trkpt>
<trkpt lat="45.374717" lon="-75.846739"><ele>23.0</ele><time>2024-06-08T17:23:07Z</time></trkpt>
<trkpt lat="45.374739" lon="-75.846748"><ele>23.0</ele><time>2024-06-08T17:23:08Z</time></trkpt>
<trkpt lat="45.374761" lon="-75.846757"><ele>23.0</ele><time>2024-06-08T17:23:09Z</time></trkpt>
<trkpt lat="45.374784" lon="-75.846766"><ele>23.0</ele><time>2024-06-08T17:23:10Z</time></trkpt>
<trkpt lat="45.374806" lon="-75.846784"><ele>23.0</ele><time>2024-06-08T17:23:11Z</time></trkpt>
<trkpt lat="45.374828" lon="-75.846793"><ele>23.0</ele><time>2024-06-08T17:23:12Z</time></trkpt>
<trkpt lat="45.37485" lon="-75.846802"><ele>23.0</ele><time>2024-06-08T17:23:13Z</time></trkpt>
<trkpt lat="45.374869" lon="-75.84682"><ele>23.0</ele><time>2024-06-08T17:23:14Z</time></trkpt>
<trkpt lat="45.374891" lon="-75.846829"><ele>23.0</ele><time>2024-06-08T17:23:15Z</time></trkpt>
<trkpt lat="45.37491" lon="-75.846847"><ele>23.0</ele><time>2024-06-08T17:23:16Z</time></trkpt>
<trkpt lat="45.374926" lon="-75.846874"><ele>23.0</ele><time>2024-06-08T17:23:17Z</time></trkpt>
<trkpt lat="45.374948" lon="-75.846892"><ele>23.0</ele><time>2024-06-08T17:23:18Z</time></trkpt>
<trkpt lat="45.374967" lon="-75.846901"><ele>23.0</ele><time>2024-06-08T17:23:19Z</time></trkpt>
<trkpt lat="45.374986" lon="-75.846919"><ele>23.0</ele><time>2024-06-08T17:23:20Z</time></trkpt>
<trkpt lat="45.375008" lon="-75.846946"><ele>23.0</ele><time>2024-06-08T17:23:21Z</time></trkpt>
<trkpt lat="45.375027" lon="-75.846955"><ele>24.0</ele><time>2024-06-08T17:23:22Z</time></trkpt>
<trkpt lat="45.375046" lon="-75.846973"><ele>23.0</ele><time>2024-06-08T17:23:23Z</time></trkpt>
<trkpt lat="45.375062" lon="-75.846982"><ele>23.0</ele><time>2024-06-08T17:23:24Z</time></trkpt>
<trkpt lat="45.375088" lon="-75.847008"><ele>24.0</ele><time>2024-06-08T17:23:25Z</time></trkpt>
<trkpt lat="45.37511" lon="-75.847026"><ele>24.0</ele><time>2024-06-08T17:23:26Z</time></trkpt>
<trkpt lat="45.375129" lon="-75.847053"><ele>24.0</ele><time>2024-06-08T17:23:27Z</time></trkpt>
<trkpt lat="45.375151" lon="-75.847071"><ele>24.0</ele><time>2024-06-08T17:23:28Z</time></trkpt>
<trkpt lat="45.375167" lon="-75.847089"><ele>24.0</ele><time>2024-06-08T17:23:29Z</time></trkpt>
<trkpt lat="45.375186" lon="-75.847107"><ele>24.0</ele><time>2024-06-08T17:23:30Z</time></trkpt>
<trkpt lat="45.375205" lon="-75.847116"><ele>24.0</ele><time>2024-06-08T17:23:31Z</time></trkpt>
<trkpt lat="45.375227" lon="-75.847134"><ele>24.0</ele><time>2024-06-08T17:23:32Z</time></trkpt>
<trkpt lat="45.375246" lon="-75.847143"><ele>24.0</ele><time>2024-06-08T17:23:33Z</time></trkpt>
<trkpt lat="45.375265" lon="-75.847152"><ele>24.0</ele><time>2024-06-08T17:23:34Z</time></trkpt>
<trkpt lat="45.375281" lon="-75.84717"><ele>24.0</ele><time>2024-06-08T17:23:35Z</time></trkpt>
<trkpt lat="45.3753" lon="-75.847179"><ele>24.0</ele><time>2024-06-08T17:23:36Z</time></trkpt>
<trkpt lat="45.375319" lon="-75.847188"><ele>24.0</ele><time>2024-06-08T17:23:37Z</time></trkpt>
<trkpt lat="45.375341" lon="-75.847197"><ele>24.0</ele><time>2024-06-08T17:23:38Z</time></trkpt>
<trkpt lat="45.37536" lon="-75.847206"><ele>23.0</ele><time>2024-06-08T17:23:39Z</time></trkpt>
<trkpt lat="45.375382" lon="-75.847215"><ele>23.0</ele><time>2024-06-08T17:23:40Z</time></trkpt>
<trkpt lat="45.375404" lon="-75.847233"><ele>23.0</ele><time>2024-06-08T17:23:41Z</time></trkpt>
<trkpt lat="45.375426" lon="-75.847242"><ele>23.0</ele><time>2024-06-08T17:23:42Z</time></trkpt>
<trkpt lat="45.375445" lon="-75.84726"><ele>23.0</ele><time>2024-06-08T17:23:43Z</time></trkpt>
<trkpt lat="45.375467" lon="-75.847269"><ele>23.0</ele><time>2024-06-08T17:23:44Z</time></trkpt>
<trkpt lat="45.37549" lon="-75.847278"><ele>23.0</ele><time>2024-06-08T17:23:45Z</time></trkpt>
<trkpt lat="45.375515" lon="-75.847287"><ele>23.0</ele><time>2024-06-08T17:23:46Z</time></trkpt>
<trkpt lat="45.375537" lon="-75.847305"><ele>23.0</ele><time>2024-06-08T17:23:47Z</time></trkpt>
<trkpt lat="45.375559" lon="-75.847314"><ele>23.0</ele><time>2024-06-08T17:23:48Z</time></trkpt>
<trkpt lat="45.375581" lon="-75.847332"><ele>23.0</ele><time>2024-06-08T17:23:49Z</time></trkpt>
<trkpt lat="45.375604" lon="-75.847341"><ele>23.0</ele><time>2024-06-08T17:23:50Z</time></trkpt>
<trkpt lat="45.375626" lon="-75.847359"><ele>23.0</ele><time>2024-06-08T17:23:51Z</time></trkpt>
<trkpt lat="45.375651" lon="-75.847368"><ele>23.0</ele><time>2024-06-08T17:23:52Z</time></trkpt>
<trkpt lat="45.375673" lon="-75.847386"><ele>23.0</ele><time>2024-06-08T17:23:53Z</time></trkpt>
<trkpt lat="45.375695" lon="-75.847404"><ele>23.0</ele><time>2024-06-08T17:23:54Z</time></trkpt>
<trkpt lat="45.375714" lon="-75.847413"><ele>23.0</ele><time>2024-06-08T17:23:55Z</time></trkpt>
<trkpt lat="45.375736" lon="-75.847431"><ele>23.0</ele><time>2024-06-08T17:23:56Z</time></trkpt>
<trkpt lat="45.375759" lon="-75.847449"><ele>23.0</ele><time>2024-06-08T17:23:57Z</time></trkpt>
<trkpt lat="45.375781" lon="-75.847458"><ele>23.0</ele><time>2024-06-08T17:23:58Z</time></trkpt>
<trkpt lat="45.375806" lon="-75.847476"><ele>23.0</ele><time>2024-06-08T17:23:59Z</time></trkpt>
<trkpt lat="45.375828" lon="-75.847494"><ele>23.0</ele><time>2024-06-08T17:24:00Z</time></trkpt>
<trkpt lat="45.37585" lon="-75.847503"><ele>23.0</ele><time>2024-06-08T17:24:01Z</time></trkpt>
<trkpt lat="45.375873" lon="-75.84752"><ele>23.0</ele><time>2024-06-08T17:24:02Z</time></trkpt>
<trkpt lat="45.375898" lon="-75.847529"><ele>23.0</ele><time>2024-06-08T17:24:03Z</time></trkpt>
<trkpt lat="45.375923" lon="-75.847547"><ele>23.0</ele><time>2024-06-08T17:24:04Z</time></trkpt>
<trkpt lat="45.375945" lon="-75.847556"><ele>23.0</ele><time>2024-06-08T17:24:05Z</time></trkpt>
<trkpt lat="45.375971" lon="-75.847574"><ele>23.0</ele><time>2024-06-08T17:24:06Z</time></trkpt>
<trkpt lat="45.375996" lon="-75.847583"><ele>23.0</ele><time>2024-06-08T17:24:07Z</time></trkpt>
<trkpt lat="45.376018" lon="-75.847601"><ele>23.0</ele><time>2024-06-08T17:24:08Z</time></trkpt>
<trkpt lat="45.376044" lon="-75.84761"><ele>23.0</ele><time>2024-06-08T17:24:09Z</time></trkpt>
<trkpt lat="45.376066" lon="-75.847628"><ele>22.0</ele><time>2024-06-08T17:24:10Z</time></trkpt>
<trkpt lat="45.376088" lon="-75.847646"><ele>22.0</ele><time>2024-06-08T17:24:11Z</time></trkpt>
<trkpt lat="45.37611" lon="-75.847655"><ele>22.0</ele><time>2024-06-08T17:24:12Z</time></trkpt>
<trkpt lat="45.376132" lon="-75.847664"><ele>23.0</ele><time>2024-06-08T17:24:13Z</time></trkpt>
<trkpt lat="45.376154" lon="-75.847682"><ele>22.0</ele><time>2024-06-08T17:24:14Z</time></trkpt>
<trkpt lat="45.376173" lon="-75.8477"><ele>22.0</ele><time>2024-06-08T17:24:15Z</time></trkpt>
<trkpt lat="45.376195" lon="-75.847718"><ele>23.0</ele><time>2024-06-08T17:24:16Z</time></trkpt>
<trkpt lat="45.376214" lon="-75.847736"><ele>23.0</ele><time>2024-06-08T17:24:17Z</time></trkpt>
<trkpt lat="45.376233" lon="-75.847754"><ele>23.0</ele><time>2024-06-08T17:24:18Z</time></trkpt>
<trkpt lat="45.376256" lon="-75.847772"><ele>23.0</ele><time>2024-06-08T17:24:19Z</time></trkpt>
<trkpt lat="45.376278" lon="-75.84779"><ele>23.0</ele><time>2024-06-08T17:24:20Z</time></trkpt>
<trkpt lat="45.376297" lon="-75.847817"><ele>23.0</ele><time>2024-06-08T17:24:21Z</time></trkpt>
<trkpt lat="45.376316" lon="-75.847835"><ele>23.0</ele><time>2024-06-08T17:24:22Z</time></trkpt>
<trkpt lat="45.376338" lon="-75.847862"><ele>23.0</ele><time>2024-06-08T17:24:23Z</time></trkpt>
<trkpt lat="45.37636" lon="-75.84788"><ele>23.0</ele><time>2024-06-08T17:24:24Z</time></trkpt>
<trkpt lat="45.376382" lon="-75.847898"><ele>23.0</ele><time>2024-06-08T17:24:25Z</time></trkpt>
<trkpt lat="45.376401" lon="-75.847925"><ele>23.0</ele><time>2024-06-08T17:24:26Z</time></trkpt>
<trkpt lat="45.37642" lon="-75.847943"><ele>23.0</ele><time>2024-06-08T17:24:27Z</time></trkpt>
<trkpt lat="45.376439" lon="-75.84797"><ele>23.0</ele><time>2024-06-08T17:24:28Z</time></trkpt>
<trkpt lat="45.376461" lon="-75.847988"><ele>23.0</ele><time>2024-06-08T17:24:29Z</time></trkpt>
<trkpt lat="45.37648" lon="-75.848006"><ele>23.0</ele><time>2024-06-08T17:24:30Z</time></trkpt>
<trkpt lat="45.376499" lon="-75.848024"><ele>23.0</ele><time>2024-06-08T17:24:31Z</time></trkpt>
<trkpt lat="45.376518" lon="-75.848041"><ele>23.0</ele><time>2024-06-08T17:24:32Z</time></trkpt>
<trkpt lat="45.376541" lon="-75.848059"><ele>23.0</ele><time>2024-06-08T17:24:33Z</time></trkpt>
<trkpt lat="45.37656" lon="-75.848077"><ele>23.0</ele><time>2024-06-08T17:24:34Z</time></trkpt>
<trkpt lat="45.376582" lon="-75.848095"><ele>23.0</ele><time>2024-06-08T17:24:35Z</time></trkpt>
<trkpt lat="45.376604" lon="-75.848113"><ele>23.0</ele><time>2024-06-08T17:24:36Z</time></trkpt>
<trkpt lat="45.376626" lon="-75.848131"><ele>23.0</ele><time>2024-06-08T17:24:37Z</time></trkpt>
<trkpt lat="45.376648" lon="-75.848149"><ele>23.0</ele><time>2024-06-08T17:24:38Z</time></trkpt>
<trkpt lat="45.37667" lon="-75.848158"><ele>23.0</ele><time>2024-06-08T17:24:39Z</time></trkpt>
<trkpt lat="45.376689" lon="-75.848176"><ele>23.0</ele><time>2024-06-08T17:24:40Z</time></trkpt>
<trkpt lat="45.376711" lon="-75.848194"><ele>23.0</ele><time>2024-06-08T17:24:41Z</time></trkpt>
<trkpt lat="45.37673" lon="-75.848212"><ele>23.0</ele><time>2024-06-08T17:24:42Z</time></trkpt>
<trkpt lat="45.376753" lon="-75.848221"><ele>23.0</ele><time>2024-06-08T17:24:43Z</time></trkpt>
<trkpt lat="45.376772" lon="-75.848239"><ele>23.0</ele><time>2024-06-08T17:24:44Z</time></trkpt>
<trkpt lat="45.376794" lon="-75.848257"><ele>23.0</ele><time>2024-06-08T17:24:45Z</time></trkpt>
<trkpt lat="45.376813" lon="-75.848275"><ele>23.0</ele><time>2024-06-08T17:24:46Z</time></trkpt>
<trkpt lat="45.376835" lon="-75.848284"><ele>23.0</ele><time>2024-06-08T17:24:47Z</time></trkpt>
<trkpt lat="45.376854" lon="-75.848293"><ele>23.0</ele><time>2024-06-08T17:24:48Z</time></trkpt>
<trkpt lat="45.376876" lon="-75.848311"><ele>23.0</ele><time>2024-06-08T17:24:49Z</time></trkpt>
<trkpt lat="45.376898" lon="-75.84832"><ele>23.0</ele><time>2024-06-08T17:24:50Z</time></trkpt>
<trkpt lat="45.37692" lon="-75.848329"><ele>23.0</ele><time>2024-06-08T17:24:51Z</time></trkpt>
<trkpt lat="45.376943" lon="-75.848347"><ele>23.0</ele><time>2024-06-08T17:24:52Z</time></trkpt>
<trkpt lat="45.376965" lon="-75.848356"><ele>23.0</ele><time>2024-06-08T17:24:53Z</time></trkpt>
<trkpt lat="45.376984" lon="-75.848365"><ele>23.0</ele><time>2024-06-08T17:24:54Z</time></trkpt>
<trkpt lat="45.377009" lon="-75.848383"><ele>23.0</ele><time>2024-06-08T17:24:55Z</time></trkpt>
<trkpt lat="45.377031" lon="-75.848392"><ele>23.0</ele><time>2024-06-08T17:24:56Z</time></trkpt>
<trkpt lat="45.377056" lon="-75.848401"><ele>23.0</ele><time>2024-06-08T17:24:57Z</time></trkpt>
<trkpt lat="45.377079" lon="-75.84841"><ele>23.0</ele><time>2024-06-08T17:24:58Z</time></trkpt>
<trkpt lat="45.377101" lon="-75.848428"><ele>23.0</ele><time>2024-06-08T17:24:59Z</time></trkpt>
<trkpt lat="45.377126" lon="-75.848437"><ele>23.0</ele><time>2024-06-08T17:25:00Z</time></trkpt>
<trkpt lat="45.377148" lon="-75.848455"><ele>23.0</ele><time>2024-06-08T17:25:01Z</time></trkpt>
<trkpt lat="45.37717" lon="-75.848464"><ele>23.0</ele><time>2024-06-08T17:25:02Z</time></trkpt>
<trkpt lat="45.377193" lon="-75.848482"><ele>23.0</ele><time>2024-06-08T17:25:03Z</time></trkpt>
<trkpt lat="45.377215" lon="-75.848491"><ele>23.0</ele><time>2024-06-08T17:25:04Z</time></trkpt>
<trkpt lat="45.377237" lon="-75.8485"><ele>23.0</ele><time>2024-06-08T17:25:05Z</time></trkpt>
<trkpt lat="45.377259" lon="-75.848509"><ele>23.0</ele><time>2024-06-08T17:25:06Z</time></trkpt>
<trkpt lat="45.377284" lon="-75.848518"><ele>23.0</ele><time>2024-06-08T17:25:07Z</time></trkpt>
<trkpt lat="45.377307" lon="-75.848536"><ele>23.0</ele><time>2024-06-08T17:25:08Z</time></trkpt>
<trkpt lat="45.377332" lon="-75.848545"><ele>23.0</ele><time>2024-06-08T17:25:09Z</time></trkpt>
<trkpt lat="45.377357" lon="-75.848554"><ele>23.0</ele><time>2024-06-08T17:25:10Z</time></trkpt>
<trkpt lat="45.377379" lon="-75.848563"><ele>23.0</ele><time>2024-06-08T17:25:11Z</time></trkpt>
<trkpt lat="45.377405" lon="-75.84858"><ele>23.0</ele><time>2024-06-08T17:25:12Z</time></trkpt>
<trkpt lat="45.37743" lon="-75.848589"><ele>23.0</ele><time>2024-06-08T17:25:13Z</time></trkpt>
<trkpt lat="45.377455" lon="-75.848598"><ele>23.0</ele><time>2024-06-08T17:25:14Z</time></trkpt>
<trkpt lat="45.377481" lon="-75.848616"><ele>23.0</ele><time>2024-06-08T17:25:15Z</time></trkpt>
<trkpt lat="45.377506" lon="-75.848625"><ele>23.0</ele><time>2024-06-08T17:25:16Z</time></trkpt>
<trkpt lat="45.377528" lon="-75.848643"><ele>23.0</ele><time>2024-06-08T17:25:17Z</time></trkpt>
<trkpt lat="45.377553" lon="-75.848661"><ele>23.0</ele><time>2024-06-08T17:25:18Z</time></trkpt>
<trkpt lat="45.377576" lon="-75.848679"><ele>23.0</ele><time>2024-06-08T17:25:19Z</time></trkpt>
<trkpt lat="45.377598" lon="-75.848688"><ele>23.0</ele><time>2024-06-08T17:25:20Z</time></trkpt>
<trkpt lat="45.377623" lon="-75.848706"><ele>23.0</ele><time>2024-06-08T17:25:21Z</time></trkpt>
<trkpt lat="45.377645" lon="-75.848715"><ele>24.0</ele><time>2024-06-08T17:25:22Z</time></trkpt>
<trkpt lat="45.377667" lon="-75.848733"><ele>24.0</ele><time>2024-06-08T17:25:23Z</time></trkpt>
<trkpt lat="45.377693" lon="-75.848751"><ele>24.0</ele><time>2024-06-08T17:25:24Z</time></trkpt>
<trkpt lat="45.377715" lon="-75.84876"><ele>23.0</ele><time>2024-06-08T17:25:25Z</time></trkpt>
<trkpt lat="45.377737" lon="-75.848778"><ele>23.0</ele><time>2024-06-08T17:25:26Z</time></trkpt>
<trkpt lat="45.377759" lon="-75.848787"><ele>24.0</ele><time>2024-06-08T17:25:27Z</time></trkpt>
<trkpt lat="45.377781" lon="-75.848796"><ele>23.0</ele><time>2024-06-08T17:25:28Z</time></trkpt>
<trkpt lat="45.377804" lon="-75.848814"><ele>24.0</ele><time>2024-06-08T17:25:29Z</time></trkpt>
<trkpt lat="45.377826" lon="-75.848823"><ele>23.0</ele><time>2024-06-08T17:25:30Z</time></trkpt>
<trkpt lat="45.377848" lon="-75.848841"><ele>23.0</ele><time>2024-06-08T17:25:31Z</time></trkpt>
<trkpt lat="45.37787" lon="-75.84885"><ele>23.0</ele><time>2024-06-08T17:25:32Z</time></trkpt>
<trkpt lat="45.377892" lon="-75.848868"><ele>23.0</ele><time>2024-06-08T17:25:33Z</time></trkpt>
<trkpt lat="45.377911" lon="-75.848886"><ele>23.0</ele><time>2024-06-08T17:25:34Z</time></trkpt>
<trkpt lat="45.37793" lon="-75.848895"><ele>23.0</ele><time>2024-06-08T17:25:35Z</time></trkpt>
<trkpt lat="45.377952" lon="-75.848913"><ele>23.0</ele><time>2024-06-08T17:25:36Z</time></trkpt>
<trkpt lat="45.377974" lon="-75.848922"><ele>23.0</ele><time>2024-06-08T17:25:37Z</time></trkpt>
<trkpt lat="45.377997" lon="-75.84894"><ele>23.0</ele><time>2024-06-08T17:25:38Z</time></trkpt>
<trkpt lat="45.378016" lon="-75.848949"><ele>23.0</ele><time>2024-06-08T17:25:39Z</time></trkpt>
<trkpt lat="45.378038" lon="-75.848967"><ele>23.0</ele><time>2024-06-08T17:25:40Z</time></trkpt>
<trkpt lat="45.378057" lon="-75.848976"><ele>23.0</ele><time>2024-06-08T17:25:41Z</time></trkpt>
<trkpt lat="45.378082" lon="-75.848994"><ele>23.0</ele><time>2024-06-08T17:25:42Z</time></trkpt>
<trkpt lat="45.378104" lon="-75.849003"><ele>23.0</ele><time>2024-06-08T17:25:43Z</time></trkpt>
<trkpt lat="45.378123" lon="-75.849021"><ele>23.0</ele><time>2024-06-08T17:25:44Z</time></trkpt>
<trkpt lat="45.378145" lon="-75.84903"><ele>23.0</ele><time>2024-06-08T17:25:45Z</time></trkpt>
<trkpt lat="45.378168" lon="-75.849048"><ele>23.0</ele><time>2024-06-08T17:25:46Z</time></trkpt>
<trkpt lat="45.37819" lon="-75.849066"><ele>23.0</ele><time>2024-06-08T17:25:47Z</time></trkpt>
<trkpt lat="45.378215" lon="-75.849075"><ele>23.0</ele><time>2024-06-08T17:25:48Z</time></trkpt>
<trkpt lat="45.378234" lon="-75.849092"><ele>23.0</ele><time>2024-06-08T17:25:49Z</time></trkpt>
<trkpt lat="45.378256" lon="-75.84911"><ele>23.0</ele><time>2024-06-08T17:25:50Z</time></trkpt>
<trkpt lat="45.378275" lon="-75.849128"><ele>23.0</ele><time>2024-06-08T17:25:51Z</time></trkpt>
<trkpt lat="45.378297" lon="-75.849137"><ele>23.0</ele><time>2024-06-08T17:25:52Z</time></trkpt>
<trkpt lat="45.378323" lon="-75.849146"><ele>23.0</ele><time>2024-06-08T17:25:53Z</time></trkpt>
<trkpt lat="45.378345" lon="-75.849155"><ele>23.0</ele><time>2024-06-08T17:25:54Z</time></trkpt>
<trkpt lat="45.378367" lon="-75.849164"><ele>23.0</ele><time>2024-06-08T17:25:55Z</time></trkpt>
<trkpt lat="45.378389" lon="-75.849173"><ele>23.0</ele><time>2024-06-08T17:25:56Z</time></trkpt>
<trkpt lat="45.378411" lon="-75.849191"><ele>23.0</ele><time>2024-06-08T17:25:57Z</time></trkpt>
<trkpt lat="45.378433" lon="-75.8492"><ele>23.0</ele><time>2024-06-08T17:25:58Z</time></trkpt>
<trkpt lat="45.378459" lon="-75.849209"><ele>23.0</ele><time>2024-06-08T17:25:59Z</time></trkpt>
<trkpt lat="45.378484" lon="-75.849218"><ele>23.0</ele><time>2024-06-08T17:26:00Z</time></trkpt>
<trkpt lat="45.378509" lon="-75.849227"><ele>23.0</ele><time>2024-06-08T17:26:01Z</time></trkpt>
<trkpt lat="45.378535" lon="-75.849236"><ele>23.0</ele><time>2024-06-08T17:26:02Z</time></trkpt>
<trkpt lat="45.37856" lon="-75.849245"><ele>23.0</ele><time>2024-06-08T17:26:03Z</time></trkpt>
<trkpt lat="45.378585" lon="-75.849254"><ele>23.0</ele><time>2024-06-08T17:26:04Z</time></trkpt>
<trkpt lat="45.378611" lon="-75.849272"><ele>24.0</ele><time>2024-06-08T17:26:05Z</time></trkpt>
<trkpt lat="45.378636" lon="-75.849281"><ele>23.0</ele><time>2024-06-08T17:26:06Z</time></trkpt>
<trkpt lat="45.378658" lon="-75.849299"><ele>23.0</ele><time>2024-06-08T17:26:07Z</time></trkpt>
<trkpt lat="45.378684" lon="-75.849308"><ele>23.0</ele><time>2024-06-08T17:26:08Z</time></trkpt>
<trkpt lat="45.378709" lon="-75.849326"><ele>23.0</ele><time>2024-06-08T17:26:09Z</time></trkpt>
<trkpt lat="45.378734" lon="-75.849335"><ele>24.0</ele><time>2024-06-08T17:26:10Z</time></trkpt>
<trkpt lat="45.378759" lon="-75.849353"><ele>23.0</ele><time>2024-06-08T17:26:11Z</time></trkpt>
<trkpt lat="45.378785" lon="-75.849362"><ele>24.0</ele><time>2024-06-08T17:26:12Z</time></trkpt>
<trkpt lat="45.37881" lon="-75.84938"><ele>23.0</ele><time>2024-06-08T17:26:13Z</time></trkpt>
<trkpt lat="45.378835" lon="-75.849389"><ele>23.0</ele><time>2024-06-08T17:26:14Z</time></trkpt>
<trkpt lat="45.378858" lon="-75.849407"><ele>23.0</ele><time>2024-06-08T17:26:15Z</time></trkpt>
<trkpt lat="45.378877" lon="-75.849416"><ele>24.0</ele><time>2024-06-08T17:26:16Z</time></trkpt>
<trkpt lat="45.378902" lon="-75.849434"><ele>24.0</ele><time>2024-06-08T17:26:17Z</time></trkpt>
<trkpt lat="45.378927" lon="-75.849452"><ele>24.0</ele><time>2024-06-08T17:26:18Z</time></trkpt>
<trkpt lat="45.378949" lon="-75.84947"><ele>24.0</ele><time>2024-06-08T17:26:19Z</time></trkpt>
<trkpt lat="45.378972" lon="-75.849497"><ele>24.0</ele><time>2024-06-08T17:26:20Z</time></trkpt>
<trkpt lat="45.379" lon="-75.849515"><ele>24.0</ele><time>2024-06-08T17:26:21Z</time></trkpt>
<trkpt lat="45.379" lon="-75.849515"><ele>24.0</ele><time>2024-06-08T17:26:22Z</time></trkpt>
<trkpt lat="45.379032" lon="-75.849524"><ele>25.0</ele><time>2024-06-08T17:26:22Z</time></trkpt>
<trkpt lat="45.37906" lon="-75.849533"><ele>25.0</ele><time>2024-06-08T17:26:23Z</time></trkpt>
<trkpt lat="45.379079" lon="-75.849551"><ele>24.0</ele><time>2024-06-08T17:26:24Z</time></trkpt>
<trkpt lat="45.379101" lon="-75.849569"><ele>25.0</ele><time>2024-06-08T17:26:25Z</time></trkpt>
<trkpt lat="45.37912" lon="-75.849587"><ele>25.0</ele><time>2024-06-08T17:26:26Z</time></trkpt>
<trkpt lat="45.379143" lon="-75.849596"><ele>25.0</ele><time>2024-06-08T17:26:27Z</time></trkpt>
<trkpt lat="45.379165" lon="-75.849613"><ele>25.0</ele><time>2024-06-08T17:26:28Z</time></trkpt>
<trkpt lat="45.379187" lon="-75.849622"><ele>25.0</ele><time>2024-06-08T17:26:29Z</time></trkpt>
<trkpt lat="45.379209" lon="-75.84964"><ele>25.0</ele><time>2024-06-08T17:26:30Z</time></trkpt>
<trkpt lat="45.379237" lon="-75.849658"><ele>25.0</ele><time>2024-06-08T17:26:31Z</time></trkpt>
<trkpt lat="45.37925" lon="-75.849676"><ele>27.0</ele><time>2024-06-08T17:26:32Z</time></trkpt>
<trkpt lat="45.379269" lon="-75.849685"><ele>27.0</ele><time>2024-06-08T17:26:33Z</time></trkpt>
<trkpt lat="45.379294" lon="-75.849694"><ele>27.0</ele><time>2024-06-08T17:26:34Z</time></trkpt>
<trkpt lat="45.379326" lon="-75.849694"><ele>26.0</ele><time>2024-06-08T17:26:35Z</time></trkpt>
<trkpt lat="45.379358" lon="-75.849703"><ele>26.0</ele><time>2024-06-08T17:26:36Z</time></trkpt>
<trkpt lat="45.379386" lon="-75.849712"><ele>24.0</ele><time>2024-06-08T17:26:37Z</time></trkpt>
<trkpt lat="45.379405" lon="-75.84973"><ele>25.0</ele><time>2024-06-08T17:26:38Z</time></trkpt>
<trkpt lat="45.379427" lon="-75.849748"><ele>24.0</ele><time>2024-06-08T17:26:39Z</time></trkpt>
<trkpt lat="45.379446" lon="-75.849766"><ele>24.0</ele><time>2024-06-08T17:26:40Z</time></trkpt>
<trkpt lat="45.379462" lon="-75.849784"><ele>25.0</ele><time>2024-06-08T17:26:41Z</time></trkpt>
<trkpt lat="45.379488" lon="-75.849802"><ele>25.0</ele><time>2024-06-08T17:26:42Z</time></trkpt>
<trkpt lat="45.379507" lon="-75.849811"><ele>26.0</ele><time>2024-06-08T17:26:43Z</time></trkpt>
<trkpt lat="45.379529" lon="-75.84982"><ele>26.0</ele><time>2024-06-08T17:26:44Z</time></trkpt>
<trkpt lat="45.379551" lon="-75.849829"><ele>26.0</ele><time>2024-06-08T17:26:45Z</time></trkpt>
<trkpt lat="45.379573" lon="-75.849847"><ele>26.0</ele><time>2024-06-08T17:26:46Z</time></trkpt>
<trkpt lat="45.379595" lon="-75.849856"><ele>25.0</ele><time>2024-06-08T17:26:47Z</time></trkpt>
<trkpt lat="45.379617" lon="-75.849874"><ele>25.0</ele><time>2024-06-08T17:26:48Z</time></trkpt>
<trkpt lat="45.379636" lon="-75.849892"><ele>25.0</ele><time>2024-06-08T17:26:49Z</time></trkpt>
<trkpt lat="45.379658" lon="-75.849901"><ele>25.0</ele><time>2024-06-08T17:26:50Z</time></trkpt>
<trkpt lat="45.379677" lon="-75.84991"><ele>25.0</ele><time>2024-06-08T17:26:51Z</time></trkpt>
<trkpt lat="45.3797" lon="-75.849928"><ele>25.0</ele><time>2024-06-08T17:26:52Z</time></trkpt>
<trkpt lat="45.379719" lon="-75.849937"><ele>25.0</ele><time>2024-06-08T17:26:53Z</time></trkpt>
<trkpt lat="45.379741" lon="-75.849955"><ele>25.0</ele><time>2024-06-08T17:26:54Z</time></trkpt>
<trkpt lat="45.379763" lon="-75.849964"><ele>25.0</ele><time>2024-06-08T17:26:55Z</time></trkpt>
<trkpt lat="45.379785" lon="-75.849982"><ele>25.0</ele><time>2024-06-08T17:26:56Z</time></trkpt>
<trkpt lat="45.379807" lon="-75.85"><ele>25.0</ele><time>2024-06-08T17:26:57Z</time></trkpt>
<trkpt lat="45.379833" lon="-75.850009"><ele>25.0</ele><time>2024-06-08T17:26:58Z</time></trkpt>
<trkpt lat="45.379855" lon="-75.850027"><ele>25.0</ele><time>2024-06-08T17:26:59Z</time></trkpt>
<trkpt lat="45.37988" lon="-75.850045"><ele>25.0</ele><time>2024-06-08T17:27:00Z</time></trkpt>
<trkpt lat="45.379902" lon="-75.850054"><ele>25.0</ele><time>2024-06-08T17:27:01Z</time></trkpt>
<trkpt lat="45.379924" lon="-75.850072"><ele>25.0</ele><time>2024-06-08T17:27:02Z</time></trkpt>
<trkpt lat="45.37995" lon="-75.85009"><ele>25.0</ele><time>2024-06-08T17:27:03Z</time></trkpt>
<trkpt lat="45.379975" lon="-75.850108"><ele>25.0</ele><time>2024-06-08T17:27:04Z</time></trkpt>
<trkpt lat="45.379997" lon="-75.850126"><ele>25.0</ele><time>2024-06-08T17:27:05Z</time></trkpt>
<trkpt lat="45.380019" lon="-75.850143"><ele>26.0</ele><time>2024-06-08T17:27:06Z</time></trkpt>
<trkpt lat="45.380041" lon="-75.850161"><ele>26.0</ele><time>2024-06-08T17:27:07Z</time></trkpt>
<trkpt lat="45.380064" lon="-75.850179"><ele>26.0</ele><time>2024-06-08T17:27:08Z</time></trkpt>
<trkpt lat="45.380086" lon="-75.850197"><ele>25.0</ele><time>2024-06-08T17:27:09Z</time></trkpt>
<trkpt lat="45.380108" lon="-75.850215"><ele>25.0</ele><time>2024-06-08T17:27:10Z</time></trkpt>
<trkpt lat="45.38013" lon="-75.850233"><ele>25.0</ele><time>2024-06-08T17:27:11Z</time></trkpt>
<trkpt lat="45.380152" lon="-75.85026"><ele>25.0</ele><time>2024-06-08T17:27:12Z</time></trkpt>
<trkpt lat="45.380171" lon="-75.850278"><ele>25.0</ele><time>2024-06-08T17:27:13Z</time></trkpt>
<trkpt lat="45.380193" lon="-75.850296"><ele>25.0</ele><time>2024-06-08T17:27:14Z</time></trkpt>
<trkpt lat="45.380216" lon="-75.850314"><ele>25.0</ele><time>2024-06-08T17:27:15Z</time></trkpt>
<trkpt lat="45.380241" lon="-75.850332"><ele>25.0</ele><time>2024-06-08T17:27:16Z</time></trkpt>
<trkpt lat="45.38026" lon="-75.850359"><ele>25.0</ele><time>2024-06-08T17:27:17Z</time></trkpt>
<trkpt lat="45.380282" lon="-75.850377"><ele>25.0</ele><time>2024-06-08T17:27:18Z</time></trkpt>
<trkpt lat="45.380301" lon="-75.850395"><ele>25.0</ele><time>2024-06-08T17:27:19Z</time></trkpt>
<trkpt lat="45.380323" lon="-75.850413"><ele>24.0</ele><time>2024-06-08T17:27:20Z</time></trkpt>
<trkpt lat="45.380342" lon="-75.85044"><ele>24.0</ele><time>2024-06-08T17:27:21Z</time></trkpt>
<trkpt lat="45.380358" lon="-75.850458"><ele>24.0</ele><time>2024-06-08T17:27:22Z</time></trkpt>
<trkpt lat="45.380377" lon="-75.850476"><ele>24.0</ele><time>2024-06-08T17:27:23Z</time></trkpt>
<trkpt lat="45.380396" lon="-75.850494"><ele>24.0</ele><time>2024-06-08T17:27:24Z</time></trkpt>
<trkpt lat="45.380418" lon="-75.850503"><ele>25.0</ele><time>2024-06-08T17:27:25Z</time></trkpt>
<trkpt lat="45.38044" lon="-75.850521"><ele>24.0</ele><time>2024-06-08T17:27:26Z</time></trkpt>
<trkpt lat="45.380459" lon="-75.85053"><ele>24.0</ele><time>2024-06-08T17:27:27Z</time></trkpt>
<trkpt lat="45.380478" lon="-75.850548"><ele>24.0</ele><time>2024-06-08T17:27:28Z</time></trkpt>
<trkpt lat="45.380497" lon="-75.850566"><ele>24.0</ele><time>2024-06-08T17:27:29Z</time></trkpt>
<trkpt lat="45.380519" lon="-75.850575"><ele>24.0</ele><time>2024-06-08T17:27:30Z</time></trkpt>
<trkpt lat="45.380542" lon="-75.850593"><ele>24.0</ele><time>2024-06-08T17:27:31Z</time></trkpt>
<trkpt lat="45.380564" lon="-75.850602"><ele>24.0</ele><time>2024-06-08T17:27:32Z</time></trkpt>
<trkpt lat="45.380586" lon="-75.85062"><ele>24.0</ele><time>2024-06-08T17:27:33Z</time></trkpt>
<trkpt lat="45.380605" lon="-75.850638"><ele>24.0</ele><time>2024-06-08T17:27:34Z</time></trkpt>
<trkpt lat="45.380627" lon="-75.850655"><ele>24.0</ele><time>2024-06-08T17:27:35Z</time></trkpt>
<trkpt lat="45.380652" lon="-75.850673"><ele>24.0</ele><time>2024-06-08T17:27:36Z</time></trkpt>
<trkpt lat="45.380675" lon="-75.850691"><ele>24.0</ele><time>2024-06-08T17:27:37Z</time></trkpt>
<trkpt lat="45.380697" lon="-75.850709"><ele>24.0</ele><time>2024-06-08T17:27:38Z</time></trkpt>
<trkpt lat="45.380719" lon="-75.850718"><ele>24.0</ele><time>2024-06-08T17:27:39Z</time></trkpt>
<trkpt lat="45.380741" lon="-75.850736"><ele>24.0</ele><time>2024-06-08T17:27:40Z</time></trkpt>
<trkpt lat="45.380766" lon="-75.850745"><ele>24.0</ele><time>2024-06-08T17:27:41Z</time></trkpt>
<trkpt lat="45.380792" lon="-75.850763"><ele>24.0</ele><time>2024-06-08T17:27:42Z</time></trkpt>
<trkpt lat="45.380814" lon="-75.850781"><ele>24.0</ele><time>2024-06-08T17:27:43Z</time></trkpt>
<trkpt lat="45.380833" lon="-75.850799"><ele>24.0</ele><time>2024-06-08T17:27:44Z</time></trkpt>
<trkpt lat="45.380858" lon="-75.850817"><ele>24.0</ele><time>2024-06-08T17:27:45Z</time></trkpt>
<trkpt lat="45.38088" lon="-75.850835"><ele>24.0</ele><time>2024-06-08T17:27:46Z</time></trkpt>
<trkpt lat="45.380902" lon="-75.850844"><ele>24.0</ele><time>2024-06-08T17:27:47Z</time></trkpt>
<trkpt lat="45.380925" lon="-75.850862"><ele>24.0</ele><time>2024-06-08T17:27:48Z</time></trkpt>
<trkpt lat="45.38095" lon="-75.85088"><ele>24.0</ele><time>2024-06-08T17:27:49Z</time></trkpt>
<trkpt lat="45.380972" lon="-75.850898"><ele>24.0</ele><time>2024-06-08T17:27:50Z</time></trkpt>
<trkpt lat="45.380994" lon="-75.850916"><ele>24.0</ele><time>2024-06-08T17:27:51Z</time></trkpt>
<trkpt lat="45.381013" lon="-75.850934"><ele>24.0</ele><time>2024-06-08T17:27:52Z</time></trkpt>
<trkpt lat="45.381035" lon="-75.850952"><ele>24.0</ele><time>2024-06-08T17:27:53Z</time></trkpt>
<trkpt lat="45.381058" lon="-75.85097"><ele>24.0</ele><time>2024-06-08T17:27:54Z</time></trkpt>
<trkpt lat="45.38108" lon="-75.850988"><ele>24.0</ele><time>2024-06-08T17:27:55Z</time></trkpt>
<trkpt lat="45.381102" lon="-75.851006"><ele>24.0</ele><time>2024-06-08T17:27:56Z</time></trkpt>
<trkpt lat="45.381121" lon="-75.851015"><ele>24.0</ele><time>2024-06-08T17:27:57Z</time></trkpt>
<trkpt lat="45.381143" lon="-75.851033"><ele>24.0</ele><time>2024-06-08T17:27:58Z</time></trkpt>
<trkpt lat="45.381165" lon="-75.851051"><ele>24.0</ele><time>2024-06-08T17:27:59Z</time></trkpt>
<trkpt lat="45.381187" lon="-75.851069"><ele>24.0</ele><time>2024-06-08T17:28:00Z</time></trkpt>
<trkpt lat="45.381209" lon="-75.851087"><ele>24.0</ele><time>2024-06-08T17:28:01Z</time></trkpt>
<trkpt lat="45.381232" lon="-75.851105"><ele>24.0</ele><time>2024-06-08T17:28:02Z</time></trkpt>
<trkpt lat="45.381254" lon="-75.851114"><ele>24.0</ele><time>2024-06-08T17:28:03Z</time></trkpt>
<trkpt lat="45.381276" lon="-75.851132"><ele>24.0</ele><time>2024-06-08T17:28:04Z</time></trkpt>
<trkpt lat="45.381298" lon="-75.851141"><ele>24.0</ele><time>2024-06-08T17:28:05Z</time></trkpt>
<trkpt lat="45.38132" lon="-75.851159"><ele>24.0</ele><time>2024-06-08T17:28:06Z</time></trkpt>
<trkpt lat="45.381336" lon="-75.851176"><ele>24.0</ele><time>2024-06-08T17:28:07Z</time></trkpt>
<trkpt lat="45.381346" lon="-75.851194"><ele>24.0</ele><time>2024-06-08T17:28:08Z</time></trkpt>
<trkpt lat="45.381349" lon="-75.851221"><ele>24.0</ele><time>2024-06-08T17:28:09Z</time></trkpt>
<trkpt lat="45.381342" lon="-75.851239"><ele>24.0</ele><time>2024-06-08T17:28:10Z</time></trkpt>
<trkpt lat="45.381336" lon="-75.851248"><ele>25.0</ele><time>2024-06-08T17:28:11Z</time></trkpt>
<trkpt lat="45.381327" lon="-75.851266"><ele>24.0</ele><time>2024-06-08T17:28:12Z</time></trkpt>
<trkpt lat="45.381314" lon="-75.851275"><ele>24.0</ele><time>2024-06-08T17:28:13Z</time></trkpt>
<trkpt lat="45.381295" lon="-75.851275"><ele>24.0</ele><time>2024-06-08T17:28:14Z</time></trkpt>
<trkpt lat="45.381276" lon="-75.851275"><ele>24.0</ele><time>2024-06-08T17:28:15Z</time></trkpt>
<trkpt lat="45.381257" lon="-75.851275"><ele>24.0</ele><time>2024-06-08T17:28:16Z</time></trkpt>
<trkpt lat="45.381238" lon="-75.851284"><ele>24.0</ele><time>2024-06-08T17:28:17Z</time></trkpt>
<trkpt lat="45.381219" lon="-75.851284"><ele>24.0</ele><time>2024-06-08T17:28:18Z</time></trkpt>
<trkpt lat="45.381203" lon="-75.851293"><ele>24.0</ele><time>2024-06-08T17:28:19Z</time></trkpt>
<trkpt lat="45.381184" lon="-75.851311"><ele>24.0</ele><time>2024-06-08T17:28:20Z</time></trkpt>
<trkpt lat="45.381168" lon="-75.85132"><ele>24.0</ele><time>2024-06-08T17:28:21Z</time></trkpt>
<trkpt lat="45.381152" lon="-75.851338"><ele>23.0</ele><time>2024-06-08T17:28:22Z</time></trkpt>
<trkpt lat="45.381137" lon="-75.851356"><ele>24.0</ele><time>2024-06-08T17:28:23Z</time></trkpt>
<trkpt lat="45.381124" lon="-75.851383"><ele>24.0</ele><time>2024-06-08T17:28:24Z</time></trkpt>
<trkpt lat="45.381114" lon="-75.851401"><ele>24.0</ele><time>2024-06-08T17:28:25Z</time></trkpt>
<trkpt lat="45.381108" lon="-75.851428"><ele>24.0</ele><time>2024-06-08T17:28:26Z</time></trkpt>
<trkpt lat="45.381102" lon="-75.851446"><ele>24.0</ele><time>2024-06-08T17:28:27Z</time></trkpt>
<trkpt lat="45.381092" lon="-75.851464"><ele>24.0</ele><time>2024-06-08T17:28:28Z</time></trkpt>
<trkpt lat="45.381086" lon="-75.851482"><ele>24.0</ele><time>2024-06-08T17:28:29Z</time></trkpt>
<trkpt lat="45.38108" lon="-75.8515"><ele>24.0</ele><time>2024-06-08T17:28:30Z</time></trkpt>
<trkpt lat="45.381064" lon="-75.851509"><ele>24.0</ele><time>2024-06-08T17:28:31Z</time></trkpt>
<trkpt lat="45.381051" lon="-75.851527"><ele>24.0</ele><time>2024-06-08T17:28:32Z</time></trkpt>
<trkpt lat="45.381039" lon="-75.851545"><ele>24.0</ele><time>2024-06-08T17:28:33Z</time></trkpt>
<trkpt lat="45.381026" lon="-75.851554"><ele>24.0</ele><time>2024-06-08T17:28:34Z</time></trkpt>
<trkpt lat="45.381013" lon="-75.851572"><ele>24.0</ele><time>2024-06-08T17:28:35Z</time></trkpt>
<trkpt lat="45.380997" lon="-75.85159"><ele>25.0</ele><time>2024-06-08T17:28:36Z</time></trkpt>
<trkpt lat="45.380985" lon="-75.851608"><ele>25.0</ele><time>2024-06-08T17:28:37Z</time></trkpt>
<trkpt lat="45.380969" lon="-75.851617"><ele>25.0</ele><time>2024-06-08T17:28:38Z</time></trkpt>
<trkpt lat="45.38095" lon="-75.851635"><ele>25.0</ele><time>2024-06-08T17:28:39Z</time></trkpt>
<trkpt lat="45.380934" lon="-75.851653"><ele>25.0</ele><time>2024-06-08T17:28:40Z</time></trkpt>
<trkpt lat="45.380912" lon="-75.851662"><ele>26.0</ele><time>2024-06-08T17:28:41Z</time></trkpt>
<trkpt lat="45.380887" lon="-75.851662"><ele>25.0</ele><time>2024-06-08T17:28:42Z</time></trkpt>
<trkpt lat="45.380871" lon="-75.851689"><ele>25.0</ele><time>2024-06-08T17:28:43Z</time></trkpt>
<trkpt lat="45.380855" lon="-75.851715"><ele>25.0</ele><time>2024-06-08T17:28:44Z</time></trkpt>
<trkpt lat="45.380836" lon="-75.851733"><ele>25.0</ele><time>2024-06-08T17:28:45Z</time></trkpt>
<trkpt lat="45.380817" lon="-75.85176"><ele>25.0</ele><time>2024-06-08T17:28:46Z</time></trkpt>
<trkpt lat="45.380798" lon="-75.851778"><ele>25.0</ele><time>2024-06-08T17:28:47Z</time></trkpt>
<trkpt lat="45.380782" lon="-75.851805"><ele>25.0</ele><time>2024-06-08T17:28:48Z</time></trkpt>
<trkpt lat="45.380763" lon="-75.851832"><ele>25.0</ele><time>2024-06-08T17:28:49Z</time></trkpt>
<trkpt lat="45.380744" lon="-75.85185"><ele>25.0</ele><time>2024-06-08T17:28:50Z</time></trkpt>
<trkpt lat="45.380725" lon="-75.851868"><ele>26.0</ele><time>2024-06-08T17:28:51Z</time></trkpt>
<trkpt lat="45.380706" lon="-75.851895"><ele>26.0</ele><time>2024-06-08T17:28:52Z</time></trkpt>
<trkpt lat="45.38069" lon="-75.851913"><ele>25.0</ele><time>2024-06-08T17:28:53Z</time></trkpt>
<trkpt lat="45.380671" lon="-75.851931"><ele>25.0</ele><time>2024-06-08T17:28:54Z</time></trkpt>
<trkpt lat="45.380652" lon="-75.851958"><ele>25.0</ele><time>2024-06-08T17:28:55Z</time></trkpt>
<trkpt lat="45.38063" lon="-75.851976"><ele>25.0</ele><time>2024-06-08T17:28:56Z</time></trkpt>
<trkpt lat="45.380611" lon="-75.851994"><ele>25.0</ele><time>2024-06-08T17:28:57Z</time></trkpt>
<trkpt lat="45.380589" lon="-75.852012"><ele>25.0</ele><time>2024-06-08T17:28:58Z</time></trkpt>
<trkpt lat="45.38057" lon="-75.852039"><ele>25.0</ele><time>2024-06-08T17:28:59Z</time></trkpt>
<trkpt lat="45.380551" lon="-75.852057"><ele>25.0</ele><time>2024-06-08T17:29:00Z</time></trkpt>
<trkpt lat="45.380529" lon="-75.852075"><ele>25.0</ele><time>2024-06-08T17:29:01Z</time></trkpt>
<trkpt lat="45.38051" lon="-75.852102"><ele>24.0</ele><time>2024-06-08T17:29:02Z</time></trkpt>
<trkpt lat="45.380485" lon="-75.85212"><ele>25.0</ele><time>2024-06-08T17:29:03Z</time></trkpt>
<trkpt lat="45.380462" lon="-75.852129"><ele>25.0</ele><time>2024-06-08T17:29:04Z</time></trkpt>
<trkpt lat="45.380437" lon="-75.852147"><ele>25.0</ele><time>2024-06-08T17:29:05Z</time></trkpt>
<trkpt lat="45.380415" lon="-75.852165"><ele>25.0</ele><time>2024-06-08T17:29:06Z</time></trkpt>
<trkpt lat="45.380393" lon="-75.852183"><ele>25.0</ele><time>2024-06-08T17:29:07Z</time></trkpt>
<trkpt lat="45.380371" lon="-75.852201"><ele>25.0</ele><time>2024-06-08T17:29:08Z</time></trkpt>
<trkpt lat="45.380348" lon="-75.852219"><ele>25.0</ele><time>2024-06-08T17:29:09Z</time></trkpt>
<trkpt lat="45.380323" lon="-75.852236"><ele>25.0</ele><time>2024-06-08T17:29:10Z</time></trkpt>
<trkpt lat="45.380301" lon="-75.852254"><ele>25.0</ele><time>2024-06-08T17:29:11Z</time></trkpt>
<trkpt lat="45.380276" lon="-75.852272"><ele>25.0</ele><time>2024-06-08T17:29:12Z</time></trkpt>
<trkpt lat="45.38025" lon="-75.85229"><ele>25.0</ele><time>2024-06-08T17:29:13Z</time></trkpt>
<trkpt lat="45.380228" lon="-75.852308"><ele>25.0</ele><time>2024-06-08T17:29:14Z</time></trkpt>
<trkpt lat="45.380206" lon="-75.852326"><ele>25.0</ele><time>2024-06-08T17:29:15Z</time></trkpt>
<trkpt lat="45.380181" lon="-75.852344"><ele>26.0</ele><time>2024-06-08T17:29:16Z</time></trkpt>
<trkpt lat="45.380159" lon="-75.852362"><ele>25.0</ele><time>2024-06-08T17:29:17Z</time></trkpt>
<trkpt lat="45.380133" lon="-75.85238"><ele>26.0</ele><time>2024-06-08T17:29:18Z</time></trkpt>
<trkpt lat="45.380111" lon="-75.852398"><ele>26.0</ele><time>2024-06-08T17:29:19Z</time></trkpt>
<trkpt lat="45.380086" lon="-75.852416"><ele>26.0</ele><time>2024-06-08T17:29:20Z</time></trkpt>
<trkpt lat="45.38006" lon="-75.852425"><ele>26.0</ele><time>2024-06-08T17:29:21Z</time></trkpt>
<trkpt lat="45.380035" lon="-75.852443"><ele>26.0</ele><time>2024-06-08T17:29:22Z</time></trkpt>
<trkpt lat="45.38001" lon="-75.852461"><ele>26.0</ele><time>2024-06-08T17:29:23Z</time></trkpt>
<trkpt lat="45.379988" lon="-75.852479"><ele>26.0</ele><time>2024-06-08T17:29:24Z</time></trkpt>
<trkpt lat="45.379965" lon="-75.852506"><ele>26.0</ele><time>2024-06-08T17:29:25Z</time></trkpt>
<trkpt lat="45.379943" lon="-75.852524"><ele>26.0</ele><time>2024-06-08T17:29:26Z</time></trkpt>
<trkpt lat="45.379918" lon="-75.852533"><ele>26.0</ele><time>2024-06-08T17:29:27Z</time></trkpt>
<trkpt lat="45.379896" lon="-75.852551"><ele>26.0</ele><time>2024-06-08T17:29:28Z</time></trkpt>
<trkpt lat="45.379871" lon="-75.852569"><ele>26.0</ele><time>2024-06-08T17:29:29Z</time></trkpt>
<trkpt lat="45.379848" lon="-75.852587"><ele>26.0</ele><time>2024-06-08T17:29:30Z</time></trkpt>
<trkpt lat="45.379829" lon="-75.852614"><ele>26.0</ele><time>2024-06-08T17:29:31Z</time></trkpt>
<trkpt lat="45.379807" lon="-75.852632"><ele>26.0</ele><time>2024-06-08T17:29:32Z</time></trkpt>
<trkpt lat="45.379785" lon="-75.85265"><ele>26.0</ele><time>2024-06-08T17:29:33Z</time></trkpt>
<trkpt lat="45.379763" lon="-75.852659"><ele>26.0</ele><time>2024-06-08T17:29:34Z</time></trkpt>
<trkpt lat="45.379741" lon="-75.852677"><ele>26.0</ele><time>2024-06-08T17:29:35Z</time></trkpt>
<trkpt lat="45.379719" lon="-75.852695"><ele>26.0</ele><time>2024-06-08T17:29:36Z</time></trkpt>
<trkpt lat="45.379696" lon="-75.852713"><ele>26.0</ele><time>2024-06-08T17:29:37Z</time></trkpt>
<trkpt lat="45.379674" lon="-75.852722"><ele>26.0</ele><time>2024-06-08T17:29:38Z</time></trkpt>
<trkpt lat="45.379655" lon="-75.85274"><ele>26.0</ele><time>2024-06-08T17:29:39Z</time></trkpt>
<trkpt lat="45.379633" lon="-75.852757"><ele>26.0</ele><time>2024-06-08T17:29:40Z</time></trkpt>
<trkpt lat="45.379614" lon="-75.852775"><ele>26.0</ele><time>2024-06-08T17:29:41Z</time></trkpt>
<trkpt lat="45.379595" lon="-75.852793"><ele>26.0</ele><time>2024-06-08T17:29:42Z</time></trkpt>
<trkpt lat="45.379579" lon="-75.852811"><ele>26.0</ele><time>2024-06-08T17:29:43Z</time></trkpt>
<trkpt lat="45.37956" lon="-75.852829"><ele>26.0</ele><time>2024-06-08T17:29:44Z</time></trkpt>
<trkpt lat="45.379541" lon="-75.852847"><ele>26.0</ele><time>2024-06-08T17:29:45Z</time></trkpt>
<trkpt lat="45.379519" lon="-75.852856"><ele>26.0</ele><time>2024-06-08T17:29:46Z</time></trkpt>
<trkpt lat="45.3795" lon="-75.852874"><ele>26.0</ele><time>2024-06-08T17:29:47Z</time></trkpt>
<trkpt lat="45.379481" lon="-75.852892"><ele>26.0</ele><time>2024-06-08T17:29:48Z</time></trkpt>
<trkpt lat="45.379462" lon="-75.852901"><ele>26.0</ele><time>2024-06-08T17:29:49Z</time></trkpt>
<trkpt lat="45.379443" lon="-75.852919"><ele>25.0</ele><time>2024-06-08T17:29:50Z</time></trkpt>
<trkpt lat="45.379424" lon="-75.852937"><ele>25.0</ele><time>2024-06-08T17:29:51Z</time></trkpt>
<trkpt lat="45.379405" lon="-75.852955"><ele>25.0</ele><time>2024-06-08T17:29:52Z</time></trkpt>
<trkpt lat="45.379383" lon="-75.852964"><ele>25.0</ele><time>2024-06-08T17:29:53Z</time></trkpt>
<trkpt lat="45.379364" lon="-75.852982"><ele>25.0</ele><time>2024-06-08T17:29:54Z</time></trkpt>
<trkpt lat="45.379342" lon="-75.852991"><ele>25.0</ele><time>2024-06-08T17:29:55Z</time></trkpt>
<trkpt lat="45.37932" lon="-75.853"><ele>25.0</ele><time>2024-06-08T17:29:56Z</time></trkpt>
<trkpt lat="45.379298" lon="-75.853018"><ele>26.0</ele><time>2024-06-08T17:29:57Z</time></trkpt>
<trkpt lat="45.379272" lon="-75.853036"><ele>25.0</ele><time>2024-06-08T17:29:58Z</time></trkpt>
<trkpt lat="45.379253" lon="-75.853054"><ele>25.0</ele><time>2024-06-08T17:29:59Z</time></trkpt>
<trkpt lat="45.379237" lon="-75.853072"><ele>25.0</ele><time>2024-06-08T17:30:00Z</time></trkpt>
<trkpt lat="45.379218" lon="-75.85309"><ele>25.0</ele><time>2024-06-08T17:30:01Z</time></trkpt>
<trkpt lat="45.379203" lon="-75.853108"><ele>26.0</ele><time>2024-06-08T17:30:02Z</time></trkpt>
<trkpt lat="45.379187" lon="-75.853135"><ele>25.0</ele><time>2024-06-08T17:30:03Z</time></trkpt>
<trkpt lat="45.379168" lon="-75.853153"><ele>26.0</ele><time>2024-06-08T17:30:04Z</time></trkpt>
<trkpt lat="45.379152" lon="-75.85318"><ele>26.0</ele><time>2024-06-08T17:30:05Z</time></trkpt>
<trkpt lat="45.379133" lon="-75.853198"><ele>26.0</ele><time>2024-06-08T17:30:06Z</time></trkpt>
<trkpt lat="45.379114" lon="-75.853216"><ele>25.0</ele><time>2024-06-08T17:30:07Z</time></trkpt>
<trkpt lat="45.379095" lon="-75.853234"><ele>25.0</ele><time>2024-06-08T17:30:08Z</time></trkpt>
<trkpt lat="45.379079" lon="-75.853261"><ele>25.0</ele><time>2024-06-08T17:30:09Z</time></trkpt>
<trkpt lat="45.37906" lon="-75.853278"><ele>25.0</ele><time>2024-06-08T17:30:10Z</time></trkpt>
<trkpt lat="45.379044" lon="-75.853296"><ele>25.0</ele><time>2024-06-08T17:30:11Z</time></trkpt>
<trkpt lat="45.379025" lon="-75.853314"><ele>25.0</ele><time>2024-06-08T17:30:12Z</time></trkpt>
<trkpt lat="45.379006" lon="-75.853323"><ele>25.0</ele><time>2024-06-08T17:30:13Z</time></trkpt>
<trkpt lat="45.378987" lon="-75.853341"><ele>25.0</ele><time>2024-06-08T17:30:14Z</time></trkpt>
<trkpt lat="45.378965" lon="-75.853359"><ele>25.0</ele><time>2024-06-08T17:30:15Z</time></trkpt>
<trkpt lat="45.378946" lon="-75.853377"><ele>25.0</ele><time>2024-06-08T17:30:16Z</time></trkpt>
<trkpt lat="45.378927" lon="-75.853395"><ele>25.0</ele><time>2024-06-08T17:30:17Z</time></trkpt>
<trkpt lat="45.378908" lon="-75.853413"><ele>25.0</ele><time>2024-06-08T17:30:18Z</time></trkpt>
<trkpt lat="45.378886" lon="-75.853431"><ele>25.0</ele><time>2024-06-08T17:30:19Z</time></trkpt>
<trkpt lat="45.378867" lon="-75.853449"><ele>25.0</ele><time>2024-06-08T17:30:20Z</time></trkpt>
<trkpt lat="45.378848" lon="-75.853467"><ele>25.0</ele><time>2024-06-08T17:30:21Z</time></trkpt>
<trkpt lat="45.378829" lon="-75.853485"><ele>25.0</ele><time>2024-06-08T17:30:22Z</time></trkpt>
<trkpt lat="45.37881" lon="-75.853503"><ele>25.0</ele><time>2024-06-08T17:30:23Z</time></trkpt>
<trkpt lat="45.378791" lon="-75.853521"><ele>25.0</ele><time>2024-06-08T17:30:24Z</time></trkpt>
<trkpt lat="45.378775" lon="-75.853539"><ele>25.0</ele><time>2024-06-08T17:30:25Z</time></trkpt>
<trkpt lat="45.378756" lon="-75.853557"><ele>25.0</ele><time>2024-06-08T17:30:26Z</time></trkpt>
<trkpt lat="45.378737" lon="-75.853575"><ele>25.0</ele><time>2024-06-08T17:30:27Z</time></trkpt>
<trkpt lat="45.378718" lon="-75.853593"><ele>25.0</ele><time>2024-06-08T17:30:28Z</time></trkpt>
<trkpt lat="45.378699" lon="-75.853611"><ele>25.0</ele><time>2024-06-08T17:30:29Z</time></trkpt>
<trkpt lat="45.378677" lon="-75.853629"><ele>25.0</ele><time>2024-06-08T17:30:30Z</time></trkpt>
<trkpt lat="45.378658" lon="-75.853647"><ele>25.0</ele><time>2024-06-08T17:30:31Z</time></trkpt>
<trkpt lat="45.378639" lon="-75.853665"><ele>25.0</ele><time>2024-06-08T17:30:32Z</time></trkpt>
<trkpt lat="45.37862" lon="-75.853683"><ele>25.0</ele><time>2024-06-08T17:30:33Z</time></trkpt>
<trkpt lat="45.378601" lon="-75.853701"><ele>25.0</ele><time>2024-06-08T17:30:34Z</time></trkpt>
<trkpt lat="45.378582" lon="-75.853719"><ele>25.0</ele><time>2024-06-08T17:30:35Z</time></trkpt>
<trkpt lat="45.378563" lon="-75.853737"><ele>25.0</ele><time>2024-06-08T17:30:36Z</time></trkpt>
<trkpt lat="45.378547" lon="-75.853764"><ele>25.0</ele><time>2024-06-08T17:30:37Z</time></trkpt>
<trkpt lat="45.378532" lon="-75.853782"><ele>25.0</ele><time>2024-06-08T17:30:38Z</time></trkpt>
<trkpt lat="45.378513" lon="-75.853808"><ele>25.0</ele><time>2024-06-08T17:30:39Z</time></trkpt>
<trkpt lat="45.378494" lon="-75.853826"><ele>25.0</ele><time>2024-06-08T17:30:40Z</time></trkpt>
<trkpt lat="45.378471" lon="-75.853835"><ele>25.0</ele><time>2024-06-08T17:30:41Z</time></trkpt>
<trkpt lat="45.378446" lon="-75.853853"><ele>25.0</ele><time>2024-06-08T17:30:42Z</time></trkpt>
<trkpt lat="45.378424" lon="-75.853871"><ele>25.0</ele><time>2024-06-08T17:30:43Z</time></trkpt>
<trkpt lat="45.378402" lon="-75.853889"><ele>25.0</ele><time>2024-06-08T17:30:44Z</time></trkpt>
<trkpt lat="45.378383" lon="-75.853907"><ele>25.0</ele><time>2024-06-08T17:30:45Z</time></trkpt>
<trkpt lat="45.378361" lon="-75.853934"><ele>25.0</ele><time>2024-06-08T17:30:46Z</time></trkpt>
<trkpt lat="45.378338" lon="-75.853952"><ele>25.0</ele><time>2024-06-08T17:30:47Z</time></trkpt>
<trkpt lat="45.378316" lon="-75.85397"><ele>25.0</ele><time>2024-06-08T17:30:48Z</time></trkpt>
<trkpt lat="45.378294" lon="-75.853997"><ele>25.0</ele><time>2024-06-08T17:30:49Z</time></trkpt>
<trkpt lat="45.378275" lon="-75.854015"><ele>25.0</ele><time>2024-06-08T17:30:50Z</time></trkpt>
<trkpt lat="45.378253" lon="-75.854042"><ele>25.0</ele><time>2024-06-08T17:30:51Z</time></trkpt>
<trkpt lat="45.378234" lon="-75.85406"><ele>25.0</ele><time>2024-06-08T17:30:52Z</time></trkpt>
<trkpt lat="45.378212" lon="-75.854087"><ele>25.0</ele><time>2024-06-08T17:30:53Z</time></trkpt>
<trkpt lat="45.378193" lon="-75.854105"><ele>25.0</ele><time>2024-06-08T17:30:54Z</time></trkpt>
<trkpt lat="45.378171" lon="-75.854123"><ele>25.0</ele><time>2024-06-08T17:30:55Z</time></trkpt>
<trkpt lat="45.378152" lon="-75.854141"><ele>25.0</ele><time>2024-06-08T17:30:56Z</time></trkpt>
<trkpt lat="45.378133" lon="-75.854159"><ele>25.0</ele><time>2024-06-08T17:30:57Z</time></trkpt>
<trkpt lat="45.378111" lon="-75.854177"><ele>25.0</ele><time>2024-06-08T17:30:58Z</time></trkpt>
<trkpt lat="45.378092" lon="-75.854195"><ele>25.0</ele><time>2024-06-08T17:30:59Z</time></trkpt>
<trkpt lat="45.378069" lon="-75.854213"><ele>25.0</ele><time>2024-06-08T17:31:00Z</time></trkpt>
<trkpt lat="45.37805" lon="-75.854231"><ele>25.0</ele><time>2024-06-08T17:31:01Z</time></trkpt>
<trkpt lat="45.378031" lon="-75.854258"><ele>25.0</ele><time>2024-06-08T17:31:02Z</time></trkpt>
<trkpt lat="45.378012" lon="-75.854276"><ele>25.0</ele><time>2024-06-08T17:31:03Z</time></trkpt>
<trkpt lat="45.377993" lon="-75.854294"><ele>25.0</ele><time>2024-06-08T17:31:04Z</time></trkpt>
<trkpt lat="45.377981" lon="-75.85432"><ele>25.0</ele><time>2024-06-08T17:31:05Z</time></trkpt>
<trkpt lat="45.377965" lon="-75.854338"><ele>25.0</ele><time>2024-06-08T17:31:06Z</time></trkpt>
<trkpt lat="45.377949" lon="-75.854356"><ele>25.0</ele><time>2024-06-08T17:31:07Z</time></trkpt>
<trkpt lat="45.37793" lon="-75.854374"><ele>25.0</ele><time>2024-06-08T17:31:08Z</time></trkpt>
<trkpt lat="45.377908" lon="-75.854392"><ele>25.0</ele><time>2024-06-08T17:31:09Z</time></trkpt>
<trkpt lat="45.377886" lon="-75.85441"><ele>25.0</ele><time>2024-06-08T17:31:10Z</time></trkpt>
<trkpt lat="45.377867" lon="-75.854428"><ele>25.0</ele><time>2024-06-08T17:31:11Z</time></trkpt>
<trkpt lat="45.377848" lon="-75.854446"><ele>25.0</ele><time>2024-06-08T17:31:12Z</time></trkpt>
<trkpt lat="45.377829" lon="-75.854473"><ele>25.0</ele><time>2024-06-08T17:31:13Z</time></trkpt>
<trkpt lat="45.377807" lon="-75.854491"><ele>25.0</ele><time>2024-06-08T17:31:14Z</time></trkpt>
<trkpt lat="45.377788" lon="-75.854518"><ele>25.0</ele><time>2024-06-08T17:31:15Z</time></trkpt>
<trkpt lat="45.377769" lon="-75.854536"><ele>25.0</ele><time>2024-06-08T17:31:16Z</time></trkpt>
<trkpt lat="45.37775" lon="-75.854563"><ele>25.0</ele><time>2024-06-08T17:31:17Z</time></trkpt>
<trkpt lat="45.377731" lon="-75.854581"><ele>25.0</ele><time>2024-06-08T17:31:18Z</time></trkpt>
<trkpt lat="45.377709" lon="-75.854599"><ele>25.0</ele><time>2024-06-08T17:31:19Z</time></trkpt>
<trkpt lat="45.37769" lon="-75.854617"><ele>25.0</ele><time>2024-06-08T17:31:20Z</time></trkpt>
<trkpt lat="45.377671" lon="-75.854644"><ele>25.0</ele><time>2024-06-08T17:31:21Z</time></trkpt>
<trkpt lat="45.377652" lon="-75.854671"><ele>25.0</ele><time>2024-06-08T17:31:22Z</time></trkpt>
<trkpt lat="45.377629" lon="-75.854689"><ele>25.0</ele><time>2024-06-08T17:31:23Z</time></trkpt>
<trkpt lat="45.377607" lon="-75.854707"><ele>25.0</ele><time>2024-06-08T17:31:24Z</time></trkpt>
<trkpt lat="45.377588" lon="-75.854734"><ele>25.0</ele><time>2024-06-08T17:31:25Z</time></trkpt>
<trkpt lat="45.377566" lon="-75.854761"><ele>25.0</ele><time>2024-06-08T17:31:26Z</time></trkpt>
<trkpt lat="45.37755" lon="-75.854779"><ele>25.0</ele><time>2024-06-08T17:31:27Z</time></trkpt>
<trkpt lat="45.377528" lon="-75.854806"><ele>26.0</ele><time>2024-06-08T17:31:28Z</time></trkpt>
<trkpt lat="45.377509" lon="-75.854824"><ele>26.0</ele><time>2024-06-08T17:31:29Z</time></trkpt>
<trkpt lat="45.37749" lon="-75.85485"><ele>25.0</ele><time>2024-06-08T17:31:30Z</time></trkpt>
<trkpt lat="45.377471" lon="-75.854868"><ele>25.0</ele><time>2024-06-08T17:31:31Z</time></trkpt>
<trkpt lat="45.377452" lon="-75.854895"><ele>25.0</ele><time>2024-06-08T17:31:32Z</time></trkpt>
<trkpt lat="45.377433" lon="-75.854913"><ele>25.0</ele><time>2024-06-08T17:31:33Z</time></trkpt>
<trkpt lat="45.377414" lon="-75.854931"><ele>25.0</ele><time>2024-06-08T17:31:34Z</time></trkpt>
<trkpt lat="45.377398" lon="-75.854949"><ele>25.0</ele><time>2024-06-08T17:31:35Z</time></trkpt>
<trkpt lat="45.377379" lon="-75.854967"><ele>25.0</ele><time>2024-06-08T17:31:36Z</time></trkpt>
<trkpt lat="45.37736" lon="-75.854985"><ele>26.0</ele><time>2024-06-08T17:31:37Z</time></trkpt>
<trkpt lat="45.377341" lon="-75.855003"><ele>25.0</ele><time>2024-06-08T17:31:38Z</time></trkpt>
<trkpt lat="45.377335" lon="-75.85503"><ele>26.0</ele><time>2024-06-08T17:31:39Z</time></trkpt>
<trkpt lat="45.377332" lon="-75.855057"><ele>26.0</ele><time>2024-06-08T17:31:40Z</time></trkpt>
<trkpt lat="45.377329" lon="-75.855084"><ele>26.0</ele><time>2024-06-08T17:31:41Z</time></trkpt>
<trkpt lat="45.377332" lon="-75.855111"><ele>26.0</ele><time>2024-06-08T17:31:42Z</time></trkpt>
<trkpt lat="45.377338" lon="-75.855129"><ele>26.0</ele><time>2024-06-08T17:31:43Z</time></trkpt>
<trkpt lat="45.377354" lon="-75.855138"><ele>26.0</ele><time>2024-06-08T17:31:44Z</time></trkpt>
<trkpt lat="45.377373" lon="-75.855138"><ele>25.0</ele><time>2024-06-08T17:31:45Z</time></trkpt>
<trkpt lat="45.377395" lon="-75.855138"><ele>25.0</ele><time>2024-06-08T17:31:46Z</time></trkpt>
<trkpt lat="45.377414" lon="-75.855138"><ele>26.0</ele><time>2024-06-08T17:31:47Z</time></trkpt>
<trkpt lat="45.377433" lon="-75.855147"><ele>25.0</ele><time>2024-06-08T17:31:48Z</time></trkpt>
<trkpt lat="45.377449" lon="-75.855165"><ele>25.0</ele><time>2024-06-08T17:31:49Z</time></trkpt>
<trkpt lat="45.377465" lon="-75.855174"><ele>25.0</ele><time>2024-06-08T17:31:50Z</time></trkpt>
<trkpt lat="45.377484" lon="-75.855192"><ele>25.0</ele><time>2024-06-08T17:31:51Z</time></trkpt>
<trkpt lat="45.377503" lon="-75.85521"><ele>25.0</ele><time>2024-06-08T17:31:52Z</time></trkpt>
<trkpt lat="45.377519" lon="-75.855228"><ele>25.0</ele><time>2024-06-08T17:31:53Z</time></trkpt>
<trkpt lat="45.377538" lon="-75.855246"><ele>25.0</ele><time>2024-06-08T17:31:54Z</time></trkpt>
<trkpt lat="45.377557" lon="-75.855264"><ele>25.0</ele><time>2024-06-08T17:31:55Z</time></trkpt>
<trkpt lat="45.377576" lon="-75.855282"><ele>25.0</ele><time>2024-06-08T17:31:56Z</time></trkpt>
<trkpt lat="45.377595" lon="-75.8553"><ele>25.0</ele><time>2024-06-08T17:31:57Z</time></trkpt>
<trkpt lat="45.377617" lon="-75.855318"><ele>25.0</ele><time>2024-06-08T17:31:58Z</time></trkpt>
<trkpt lat="45.377636" lon="-75.855336"><ele>25.0</ele><time>2024-06-08T17:31:59Z</time></trkpt>
<trkpt lat="45.377655" lon="-75.855353"><ele>25.0</ele><time>2024-06-08T17:32:00Z</time></trkpt>
<trkpt lat="45.377677" lon="-75.855362"><ele>25.0</ele><time>2024-06-08T17:32:01Z</time></trkpt>
<trkpt lat="45.377699" lon="-75.85538"><ele>25.0</ele><time>2024-06-08T17:32:02Z</time></trkpt>
<trkpt lat="45.377724" lon="-75.855398"><ele>25.0</ele><time>2024-06-08T17:32:03Z</time></trkpt>
<trkpt lat="45.377747" lon="-75.855416"><ele>25.0</ele><time>2024-06-08T17:32:04Z</time></trkpt>
<trkpt lat="45.377766" lon="-75.855425"><ele>24.0</ele><time>2024-06-08T17:32:05Z</time></trkpt>
<trkpt lat="45.377791" lon="-75.855443"><ele>25.0</ele><time>2024-06-08T17:32:06Z</time></trkpt>
<trkpt lat="45.377813" lon="-75.855461"><ele>24.0</ele><time>2024-06-08T17:32:07Z</time></trkpt>
<trkpt lat="45.377835" lon="-75.855479"><ele>25.0</ele><time>2024-06-08T17:32:08Z</time></trkpt>
<trkpt lat="45.377861" lon="-75.855497"><ele>25.0</ele><time>2024-06-08T17:32:09Z</time></trkpt>
<trkpt lat="45.377883" lon="-75.855515"><ele>25.0</ele><time>2024-06-08T17:32:10Z</time></trkpt>
<trkpt lat="45.377908" lon="-75.855533"><ele>25.0</ele><time>2024-06-08T17:32:11Z</time></trkpt>
<trkpt lat="45.37793" lon="-75.855551"><ele>25.0</ele><time>2024-06-08T17:32:12Z</time></trkpt>
<trkpt lat="45.377952" lon="-75.855569"><ele>25.0</ele><time>2024-06-08T17:32:13Z</time></trkpt>
<trkpt lat="45.377974" lon="-75.855578"><ele>25.0</ele><time>2024-06-08T17:32:14Z</time></trkpt>
<trkpt lat="45.377997" lon="-75.855596"><ele>25.0</ele><time>2024-06-08T17:32:15Z</time></trkpt>
<trkpt lat="45.378022" lon="-75.855614"><ele>25.0</ele><time>2024-06-08T17:32:16Z</time></trkpt>
<trkpt lat="45.378044" lon="-75.855623"><ele>25.0</ele><time>2024-06-08T17:32:17Z</time></trkpt>
<trkpt lat="45.378066" lon="-75.855641"><ele>25.0</ele><time>2024-06-08T17:32:18Z</time></trkpt>
<trkpt lat="45.378088" lon="-75.855659"><ele>25.0</ele><time>2024-06-08T17:32:19Z</time></trkpt>
<trkpt lat="45.378114" lon="-75.855677"><ele>25.0</ele><time>2024-06-08T17:32:20Z</time></trkpt>
<trkpt lat="45.378139" lon="-75.855695"><ele>25.0</ele><time>2024-06-08T17:32:21Z</time></trkpt>
<trkpt lat="45.378161" lon="-75.855713"><ele>25.0</ele><time>2024-06-08T17:32:22Z</time></trkpt>
<trkpt lat="45.378183" lon="-75.855731"><ele>25.0</ele><time>2024-06-08T17:32:23Z</time></trkpt>
<trkpt lat="45.378209" lon="-75.855749"><ele>25.0</ele><time>2024-06-08T17:32:24Z</time></trkpt>
<trkpt lat="45.378231" lon="-75.855767"><ele>25.0</ele><time>2024-06-08T17:32:25Z</time></trkpt>
<trkpt lat="45.378253" lon="-75.855785"><ele>25.0</ele><time>2024-06-08T17:32:26Z</time></trkpt>
<trkpt lat="45.378278" lon="-75.855794"><ele>25.0</ele><time>2024-06-08T17:32:27Z</time></trkpt>
<trkpt lat="45.378304" lon="-75.855812"><ele>25.0</ele><time>2024-06-08T17:32:28Z</time></trkpt>
<trkpt lat="45.378326" lon="-75.855821"><ele>25.0</ele><time>2024-06-08T17:32:29Z</time></trkpt>
<trkpt lat="45.378351" lon="-75.85583"><ele>25.0</ele><time>2024-06-08T17:32:30Z</time></trkpt>
<trkpt lat="45.378376" lon="-75.855839"><ele>25.0</ele><time>2024-06-08T17:32:31Z</time></trkpt>
<trkpt lat="45.378402" lon="-75.855848"><ele>25.0</ele><time>2024-06-08T17:32:32Z</time></trkpt>
<trkpt lat="45.378427" lon="-75.855857"><ele>25.0</ele><time>2024-06-08T17:32:33Z</time></trkpt>
<trkpt lat="45.378452" lon="-75.855874"><ele>25.0</ele><time>2024-06-08T17:32:34Z</time></trkpt>
<trkpt lat="45.378475" lon="-75.855892"><ele>25.0</ele><time>2024-06-08T17:32:35Z</time></trkpt>
<trkpt lat="45.3785" lon="-75.855901"><ele>25.0</ele><time>2024-06-08T17:32:36Z</time></trkpt>
<trkpt lat="45.378525" lon="-75.855919"><ele>25.0</ele><time>2024-06-08T17:32:37Z</time></trkpt>
<trkpt lat="45.378551" lon="-75.855928"><ele>25.0</ele><time>2024-06-08T17:32:38Z</time></trkpt>
<trkpt lat="45.378576" lon="-75.855937"><ele>25.0</ele><time>2024-06-08T17:32:39Z</time></trkpt>
<trkpt lat="45.378604" lon="-75.855946"><ele>25.0</ele><time>2024-06-08T17:32:40Z</time></trkpt>
<trkpt lat="45.37863" lon="-75.855946"><ele>24.0</ele><time>2024-06-08T17:32:41Z</time></trkpt>
<trkpt lat="45.378655" lon="-75.855964"><ele>24.0</ele><time>2024-06-08T17:32:42Z</time></trkpt>
<trkpt lat="45.37868" lon="-75.855973"><ele>25.0</ele><time>2024-06-08T17:32:43Z</time></trkpt>
<trkpt lat="45.378706" lon="-75.855991"><ele>25.0</ele><time>2024-06-08T17:32:44Z</time></trkpt>
<trkpt lat="45.378731" lon="-75.856"><ele>25.0</ele><time>2024-06-08T17:32:45Z</time></trkpt>
<trkpt lat="45.378756" lon="-75.856009"><ele>25.0</ele><time>2024-06-08T17:32:46Z</time></trkpt>
<trkpt lat="45.378778" lon="-75.856018"><ele>25.0</ele><time>2024-06-08T17:32:47Z</time></trkpt>
<trkpt lat="45.378804" lon="-75.856027"><ele>25.0</ele><time>2024-06-08T17:32:48Z</time></trkpt>
<trkpt lat="45.378829" lon="-75.856036"><ele>25.0</ele><time>2024-06-08T17:32:49Z</time></trkpt>
<trkpt lat="45.378854" lon="-75.856045"><ele>25.0</ele><time>2024-06-08T17:32:50Z</time></trkpt>
<trkpt lat="45.37888" lon="-75.856063"><ele>24.0</ele><time>2024-06-08T17:32:51Z</time></trkpt>
<trkpt lat="45.378905" lon="-75.856072"><ele>24.0</ele><time>2024-06-08T17:32:52Z</time></trkpt>
<trkpt lat="45.37893" lon="-75.856081"><ele>24.0</ele><time>2024-06-08T17:32:53Z</time></trkpt>
<trkpt lat="45.378956" lon="-75.85609"><ele>24.0</ele><time>2024-06-08T17:32:54Z</time></trkpt>
<trkpt lat="45.378981" lon="-75.856108"><ele>24.0</ele><time>2024-06-08T17:32:55Z</time></trkpt>
<trkpt lat="45.379006" lon="-75.856117"><ele>24.0</ele><time>2024-06-08T17:32:56Z</time></trkpt>
<trkpt lat="45.379032" lon="-75.856126"><ele>24.0</ele><time>2024-06-08T17:32:57Z</time></trkpt>
<trkpt lat="45.379057" lon="-75.856144"><ele>24.0</ele><time>2024-06-08T17:32:58Z</time></trkpt>
<trkpt lat="45.379082" lon="-75.856153"><ele>24.0</ele><time>2024-06-08T17:32:59Z</time></trkpt>
<trkpt lat="45.379105" lon="-75.856171"><ele>24.0</ele><time>2024-06-08T17:33:00Z</time></trkpt>
<trkpt lat="45.37913" lon="-75.85618"><ele>24.0</ele><time>2024-06-08T17:33:01Z</time></trkpt>
<trkpt lat="45.379155" lon="-75.856189"><ele>24.0</ele><time>2024-06-08T17:33:02Z</time></trkpt>
<trkpt lat="45.37918" lon="-75.856207"><ele>24.0</ele><time>2024-06-08T17:33:03Z</time></trkpt>
<trkpt lat="45.379206" lon="-75.856216"><ele>25.0</ele><time>2024-06-08T17:33:04Z</time></trkpt>
<trkpt lat="45.379231" lon="-75.856225"><ele>25.0</ele><time>2024-06-08T17:33:05Z</time></trkpt>
<trkpt lat="45.379256" lon="-75.856234"><ele>25.0</ele><time>2024-06-08T17:33:06Z</time></trkpt>
<trkpt lat="45.379279" lon="-75.856252"><ele>25.0</ele><time>2024-06-08T17:33:07Z</time></trkpt>
<trkpt lat="45.379301" lon="-75.856261"><ele>25.0</ele><time>2024-06-08T17:33:08Z</time></trkpt>
<trkpt lat="45.379323" lon="-75.856279"><ele>25.0</ele><time>2024-06-08T17:33:09Z</time></trkpt>
<trkpt lat="45.379348" lon="-75.856288"><ele>25.0</ele><time>2024-06-08T17:33:10Z</time></trkpt>
<trkpt lat="45.37937" lon="-75.856306"><ele>25.0</ele><time>2024-06-08T17:33:11Z</time></trkpt>
<trkpt lat="45.379396" lon="-75.856315"><ele>25.0</ele><time>2024-06-08T17:33:12Z</time></trkpt>
<trkpt lat="45.379418" lon="-75.856324"><ele>25.0</ele><time>2024-06-08T17:33:13Z</time></trkpt>
<trkpt lat="45.379443" lon="-75.856342"><ele>25.0</ele><time>2024-06-08T17:33:14Z</time></trkpt>
<trkpt lat="45.379465" lon="-75.856351"><ele>25.0</ele><time>2024-06-08T17:33:15Z</time></trkpt>
<trkpt lat="45.379488" lon="-75.85636"><ele>25.0</ele><time>2024-06-08T17:33:16Z</time></trkpt>
<trkpt lat="45.379513" lon="-75.856378"><ele>25.0</ele><time>2024-06-08T17:33:17Z</time></trkpt>
<trkpt lat="45.379538" lon="-75.856387"><ele>25.0</ele><time>2024-06-08T17:33:18Z</time></trkpt>
<trkpt lat="45.37956" lon="-75.856396"><ele>25.0</ele><time>2024-06-08T17:33:19Z</time></trkpt>
<trkpt lat="45.379586" lon="-75.856404"><ele>25.0</ele><time>2024-06-08T17:33:20Z</time></trkpt>
<trkpt lat="45.379608" lon="-75.856422"><ele>25.0</ele><time>2024-06-08T17:33:21Z</time></trkpt>
<trkpt lat="45.37963" lon="-75.856431"><ele>24.0</ele><time>2024-06-08T17:33:22Z</time></trkpt>
<trkpt lat="45.379655" lon="-75.85644"><ele>24.0</ele><time>2024-06-08T17:33:23Z</time></trkpt>
<trkpt lat="45.379677" lon="-75.856449"><ele>24.0</ele><time>2024-06-08T17:33:24Z</time></trkpt>
<trkpt lat="45.379703" lon="-75.856467"><ele>24.0</ele><time>2024-06-08T17:33:25Z</time></trkpt>
<trkpt lat="45.379725" lon="-75.856476"><ele>24.0</ele><time>2024-06-08T17:33:26Z</time></trkpt>
<trkpt lat="45.379747" lon="-75.856485"><ele>24.0</ele><time>2024-06-08T17:33:27Z</time></trkpt>
<trkpt lat="45.379772" lon="-75.856494"><ele>24.0</ele><time>2024-06-08T17:33:28Z</time></trkpt>
<trkpt lat="45.379795" lon="-75.856503"><ele>24.0</ele><time>2024-06-08T17:33:29Z</time></trkpt>
<trkpt lat="45.37982" lon="-75.856512"><ele>24.0</ele><time>2024-06-08T17:33:30Z</time></trkpt>
<trkpt lat="45.379842" lon="-75.856521"><ele>24.0</ele><time>2024-06-08T17:33:31Z</time></trkpt>
<trkpt lat="45.379867" lon="-75.85653"><ele>24.0</ele><time>2024-06-08T17:33:32Z</time></trkpt>
<trkpt lat="45.379893" lon="-75.856539"><ele>24.0</ele><time>2024-06-08T17:33:33Z</time></trkpt>
<trkpt lat="45.379918" lon="-75.856548"><ele>24.0</ele><time>2024-06-08T17:33:34Z</time></trkpt>
<trkpt lat="45.37994" lon="-75.856557"><ele>24.0</ele><time>2024-06-08T17:33:35Z</time></trkpt>
<trkpt lat="45.379965" lon="-75.856566"><ele>24.0</ele><time>2024-06-08T17:33:36Z</time></trkpt>
<trkpt lat="45.379991" lon="-75.856575"><ele>24.0</ele><time>2024-06-08T17:33:37Z</time></trkpt>
<trkpt lat="45.380013" lon="-75.856584"><ele>24.0</ele><time>2024-06-08T17:33:38Z</time></trkpt>
<trkpt lat="45.380035" lon="-75.856593"><ele>24.0</ele><time>2024-06-08T17:33:39Z</time></trkpt>
<trkpt lat="45.38006" lon="-75.856602"><ele>24.0</ele><time>2024-06-08T17:33:40Z</time></trkpt>
<trkpt lat="45.380086" lon="-75.856611"><ele>24.0</ele><time>2024-06-08T17:33:41Z</time></trkpt>
<trkpt lat="45.380108" lon="-75.856611"><ele>24.0</ele><time>2024-06-08T17:33:42Z</time></trkpt>
<trkpt lat="45.380136" lon="-75.85662"><ele>25.0</ele><time>2024-06-08T17:33:43Z</time></trkpt>
<trkpt lat="45.380159" lon="-75.856629"><ele>24.0</ele><time>2024-06-08T17:33:44Z</time></trkpt>
<trkpt lat="45.380184" lon="-75.856638"><ele>25.0</ele><time>2024-06-08T17:33:45Z</time></trkpt>
<trkpt lat="45.380209" lon="-75.856647"><ele>25.0</ele><time>2024-06-08T17:33:46Z</time></trkpt>
<trkpt lat="45.380231" lon="-75.856656"><ele>25.0</ele><time>2024-06-08T17:33:47Z</time></trkpt>
<trkpt lat="45.380257" lon="-75.856665"><ele>25.0</ele><time>2024-06-08T17:33:48Z</time></trkpt>
<trkpt lat="45.380282" lon="-75.856674"><ele>25.0</ele><time>2024-06-08T17:33:49Z</time></trkpt>
<trkpt lat="45.380307" lon="-75.856683"><ele>25.0</ele><time>2024-06-08T17:33:50Z</time></trkpt>
<trkpt lat="45.380329" lon="-75.856692"><ele>25.0</ele><time>2024-06-08T17:33:51Z</time></trkpt>
<trkpt lat="45.380355" lon="-75.856701"><ele>25.0</ele><time>2024-06-08T17:33:52Z</time></trkpt>
<trkpt lat="45.380377" lon="-75.856719"><ele>25.0</ele><time>2024-06-08T17:33:53Z</time></trkpt>
<trkpt lat="45.380399" lon="-75.856728"><ele>25.0</ele><time>2024-06-08T17:33:54Z</time></trkpt>
<trkpt lat="45.380424" lon="-75.856737"><ele>25.0</ele><time>2024-06-08T17:33:55Z</time></trkpt>
<trkpt lat="45.38045" lon="-75.856746"><ele>25.0</ele><time>2024-06-08T17:33:56Z</time></trkpt>
<trkpt lat="45.380472" lon="-75.856764"><ele>25.0</ele><time>2024-06-08T17:33:57Z</time></trkpt>
<trkpt lat="45.380497" lon="-75.856782"><ele>25.0</ele><time>2024-06-08T17:33:58Z</time></trkpt>
<trkpt lat="45.380523" lon="-75.856791"><ele>25.0</ele><time>2024-06-08T17:33:59Z</time></trkpt>
<trkpt lat="45.380545" lon="-75.856809"><ele>25.0</ele><time>2024-06-08T17:34:00Z</time></trkpt>
<trkpt lat="45.38057" lon="-75.856818"><ele>25.0</ele><time>2024-06-08T17:34:01Z</time></trkpt>
<trkpt lat="45.380592" lon="-75.856836"><ele>24.0</ele><time>2024-06-08T17:34:02Z</time></trkpt>
<trkpt lat="45.380618" lon="-75.856845"><ele>24.0</ele><time>2024-06-08T17:34:03Z</time></trkpt>
<trkpt lat="45.38064" lon="-75.856854"><ele>25.0</ele><time>2024-06-08T17:34:04Z</time></trkpt>
<trkpt lat="45.380665" lon="-75.856863"><ele>25.0</ele><time>2024-06-08T17:34:05Z</time></trkpt>
<trkpt lat="45.38069" lon="-75.856872"><ele>25.0</ele><time>2024-06-08T17:34:06Z</time></trkpt>
<trkpt lat="45.380716" lon="-75.856881"><ele>25.0</ele><time>2024-06-08T17:34:07Z</time></trkpt>
<trkpt lat="45.380738" lon="-75.85689"><ele>25.0</ele><time>2024-06-08T17:34:08Z</time></trkpt>
<trkpt lat="45.380763" lon="-75.856899"><ele>25.0</ele><time>2024-06-08T17:34:09Z</time></trkpt>
<trkpt lat="45.380785" lon="-75.856917"><ele>25.0</ele><time>2024-06-08T17:34:10Z</time></trkpt>
<trkpt lat="45.380811" lon="-75.856925"><ele>24.0</ele><time>2024-06-08T17:34:11Z</time></trkpt>
<trkpt lat="45.380833" lon="-75.856934"><ele>25.0</ele><time>2024-06-08T17:34:12Z</time></trkpt>
<trkpt lat="45.380855" lon="-75.856943"><ele>25.0</ele><time>2024-06-08T17:34:13Z</time></trkpt>
<trkpt lat="45.38088" lon="-75.856961"><ele>24.0</ele><time>2024-06-08T17:34:14Z</time></trkpt>
<trkpt lat="45.380906" lon="-75.85697"><ele>24.0</ele><time>2024-06-08T17:34:15Z</time></trkpt>
<trkpt lat="45.380931" lon="-75.856979"><ele>25.0</ele><time>2024-06-08T17:34:16Z</time></trkpt>
<trkpt lat="45.380953" lon="-75.856979"><ele>25.0</ele><time>2024-06-08T17:34:17Z</time></trkpt>
<trkpt lat="45.380978" lon="-75.856997"><ele>26.0</ele><time>2024-06-08T17:34:18Z</time></trkpt>
<trkpt lat="45.381001" lon="-75.857015"><ele>26.0</ele><time>2024-06-08T17:34:19Z</time></trkpt>
<trkpt lat="45.381026" lon="-75.857033"><ele>26.0</ele><time>2024-06-08T17:34:20Z</time></trkpt>
<trkpt lat="45.381048" lon="-75.857051"><ele>26.0</ele><time>2024-06-08T17:34:21Z</time></trkpt>
<trkpt lat="45.38107" lon="-75.85706"><ele>26.0</ele><time>2024-06-08T17:34:22Z</time></trkpt>
<trkpt lat="45.38107" lon="-75.85706"><ele>26.0</ele><time>2024-06-08T17:34:22Z</time></trkpt>
<trkpt lat="45.381086" lon="-75.857069"><ele>26.0</ele><time>2024-06-08T17:34:23Z</time></trkpt>
<trkpt lat="45.381099" lon="-75.857078"><ele>25.0</ele><time>2024-06-08T17:34:24Z</time></trkpt>
<trkpt lat="45.381111" lon="-75.857087"><ele>25.0</ele><time>2024-06-08T17:34:25Z</time></trkpt>
<trkpt lat="45.38114" lon="-75.857114"><ele>26.0</ele><time>2024-06-08T17:34:26Z</time></trkpt>
<trkpt lat="45.381168" lon="-75.857132"><ele>26.0</ele><time>2024-06-08T17:34:27Z</time></trkpt>
<trkpt lat="45.38119" lon="-75.857141"><ele>26.0</ele><time>2024-06-08T17:34:28Z</time></trkpt>
<trkpt lat="45.381216" lon="-75.857159"><ele>26.0</ele><time>2024-06-08T17:34:29Z</time></trkpt>
<trkpt lat="45.381238" lon="-75.857186"><ele>26.0</ele><time>2024-06-08T17:34:30Z</time></trkpt>
<trkpt lat="45.38126" lon="-75.857204"><ele>26.0</ele><time>2024-06-08T17:34:31Z</time></trkpt>
<trkpt lat="45.381279" lon="-75.857222"><ele>25.0</ele><time>2024-06-08T17:34:32Z</time></trkpt>
<trkpt lat="45.381301" lon="-75.85724"><ele>25.0</ele><time>2024-06-08T17:34:33Z</time></trkpt>
<trkpt lat="45.38132" lon="-75.857267"><ele>25.0</ele><time>2024-06-08T17:34:34Z</time></trkpt>
<trkpt lat="45.381339" lon="-75.857276"><ele>25.0</ele><time>2024-06-08T17:34:35Z</time></trkpt>
<trkpt lat="45.381365" lon="-75.857294"><ele>25.0</ele><time>2024-06-08T17:34:36Z</time></trkpt>
<trkpt lat="45.381387" lon="-75.857312"><ele>24.0</ele><time>2024-06-08T17:34:37Z</time></trkpt>
<trkpt lat="45.381409" lon="-75.85733"><ele>24.0</ele><time>2024-06-08T17:34:38Z</time></trkpt>
<trkpt lat="45.381428" lon="-75.857339"><ele>24.0</ele><time>2024-06-08T17:34:39Z</time></trkpt>
<trkpt lat="45.381447" lon="-75.857348"><ele>24.0</ele><time>2024-06-08T17:34:40Z</time></trkpt>
<trkpt lat="45.381469" lon="-75.857366"><ele>24.0</ele><time>2024-06-08T17:34:41Z</time></trkpt>
<trkpt lat="45.381488" lon="-75.857375"><ele>24.0</ele><time>2024-06-08T17:34:42Z</time></trkpt>
<trkpt lat="45.381507" lon="-75.857393"><ele>25.0</ele><time>2024-06-08T17:34:43Z</time></trkpt>
<trkpt lat="45.381526" lon="-75.857411"><ele>25.0</ele><time>2024-06-08T17:34:44Z</time></trkpt>
<trkpt lat="45.381545" lon="-75.85742"><ele>25.0</ele><time>2024-06-08T17:34:45Z</time></trkpt>
<trkpt lat="45.381564" lon="-75.857438"><ele>25.0</ele><time>2024-06-08T17:34:46Z</time></trkpt>
<trkpt lat="45.38158" lon="-75.857446"><ele>25.0</ele><time>2024-06-08T17:34:47Z</time></trkpt>
<trkpt lat="45.381599" lon="-75.857455"><ele>25.0</ele><time>2024-06-08T17:34:48Z</time></trkpt>
<trkpt lat="45.381618" lon="-75.857464"><ele>25.0</ele><time>2024-06-08T17:34:49Z</time></trkpt>
<trkpt lat="45.381637" lon="-75.857473"><ele>25.0</ele><time>2024-06-08T17:34:50Z</time></trkpt>
<trkpt lat="45.381656" lon="-75.857473"><ele>25.0</ele><time>2024-06-08T17:34:51Z</time></trkpt>
<trkpt lat="45.381678" lon="-75.857482"><ele>25.0</ele><time>2024-06-08T17:34:52Z</time></trkpt>
<trkpt lat="45.381697" lon="-75.857491"><ele>25.0</ele><time>2024-06-08T17:34:53Z</time></trkpt>
<trkpt lat="45.381719" lon="-75.8575"><ele>25.0</ele><time>2024-06-08T17:34:54Z</time></trkpt>
<trkpt lat="45.381741" lon="-75.857509"><ele>25.0</ele><time>2024-06-08T17:34:55Z</time></trkpt>
<trkpt lat="45.38176" lon="-75.857518"><ele>25.0</ele><time>2024-06-08T17:34:56Z</time></trkpt>
<trkpt lat="45.381782" lon="-75.857518"><ele>25.0</ele><time>2024-06-08T17:34:57Z</time></trkpt>
<trkpt lat="45.381805" lon="-75.857527"><ele>25.0</ele><time>2024-06-08T17:34:58Z</time></trkpt>
<trkpt lat="45.381827" lon="-75.857536"><ele>25.0</ele><time>2024-06-08T17:34:59Z</time></trkpt>
<trkpt lat="45.381849" lon="-75.857545"><ele>25.0</ele><time>2024-06-08T17:35:00Z</time></trkpt>
<trkpt lat="45.381868" lon="-75.857554"><ele>25.0</ele><time>2024-06-08T17:35:01Z</time></trkpt>
<trkpt lat="45.38189" lon="-75.857572"><ele>24.0</ele><time>2024-06-08T17:35:02Z</time></trkpt>
<trkpt lat="45.381909" lon="-75.857581"><ele>24.0</ele><time>2024-06-08T17:35:03Z</time></trkpt>
<trkpt lat="45.381928" lon="-75.857599"><ele>24.0</ele><time>2024-06-08T17:35:04Z</time></trkpt>
<trkpt lat="45.38195" lon="-75.857608"><ele>24.0</ele><time>2024-06-08T17:35:05Z</time></trkpt>
<trkpt lat="45.381969" lon="-75.857617"><ele>24.0</ele><time>2024-06-08T17:35:06Z</time></trkpt>
<trkpt lat="45.381991" lon="-75.857635"><ele>24.0</ele><time>2024-06-08T17:35:07Z</time></trkpt>
<trkpt lat="45.38201" lon="-75.857644"><ele>24.0</ele><time>2024-06-08T17:35:08Z</time></trkpt>
<trkpt lat="45.382029" lon="-75.857662"><ele>25.0</ele><time>2024-06-08T17:35:09Z</time></trkpt>
<trkpt lat="45.382048" lon="-75.857671"><ele>25.0</ele><time>2024-06-08T17:35:10Z</time></trkpt>
<trkpt lat="45.38207" lon="-75.85768"><ele>25.0</ele><time>2024-06-08T17:35:11Z</time></trkpt>
<trkpt lat="45.382089" lon="-75.857698"><ele>25.0</ele><time>2024-06-08T17:35:12Z</time></trkpt>
<trkpt lat="45.382108" lon="-75.857707"><ele>25.0</ele><time>2024-06-08T17:35:13Z</time></trkpt>
<trkpt lat="45.382127" lon="-75.857725"><ele>24.0</ele><time>2024-06-08T17:35:14Z</time></trkpt>
<trkpt lat="45.382143" lon="-75.857734"><ele>25.0</ele><time>2024-06-08T17:35:15Z</time></trkpt>
<trkpt lat="45.382165" lon="-75.857743"><ele>25.0</ele><time>2024-06-08T17:35:16Z</time></trkpt>
<trkpt lat="45.382187" lon="-75.857761"><ele>25.0</ele><time>2024-06-08T17:35:17Z</time></trkpt>
<trkpt lat="45.382206" lon="-75.85777"><ele>25.0</ele><time>2024-06-08T17:35:18Z</time></trkpt>
<trkpt lat="45.382229" lon="-75.857788"><ele>25.0</ele><time>2024-06-08T17:35:19Z</time></trkpt>
<trkpt lat="45.382251" lon="-75.857797"><ele>25.0</ele><time>2024-06-08T17:35:20Z</time></trkpt>
<trkpt lat="45.38227" lon="-75.857815"><ele>25.0</ele><time>2024-06-08T17:35:21Z</time></trkpt>
<trkpt lat="45.382292" lon="-75.857824"><ele>25.0</ele><time>2024-06-08T17:35:22Z</time></trkpt>
<trkpt lat="45.382314" lon="-75.857833"><ele>25.0</ele><time>2024-06-08T17:35:23Z</time></trkpt>
<trkpt lat="45.382339" lon="-75.857842"><ele>25.0</ele><time>2024-06-08T17:35:24Z</time></trkpt>
<trkpt lat="45.382362" lon="-75.857851"><ele>25.0</ele><time>2024-06-08T17:35:25Z</time></trkpt>
<trkpt lat="45.382387" lon="-75.857869"><ele>25.0</ele><time>2024-06-08T17:35:26Z</time></trkpt>
<trkpt lat="45.382409" lon="-75.857878"><ele>25.0</ele><time>2024-06-08T17:35:27Z</time></trkpt>
<trkpt lat="45.382431" lon="-75.857887"><ele>25.0</ele><time>2024-06-08T17:35:28Z</time></trkpt>
<trkpt lat="45.382457" lon="-75.857905"><ele>25.0</ele><time>2024-06-08T17:35:29Z</time></trkpt>
<trkpt lat="45.382479" lon="-75.857914"><ele>25.0</ele><time>2024-06-08T17:35:30Z</time></trkpt>
<trkpt lat="45.382504" lon="-75.857923"><ele>24.0</ele><time>2024-06-08T17:35:31Z</time></trkpt>
<trkpt lat="45.382529" lon="-75.857941"><ele>24.0</ele><time>2024-06-08T17:35:32Z</time></trkpt>
<trkpt lat="45.382555" lon="-75.85795"><ele>24.0</ele><time>2024-06-08T17:35:33Z</time></trkpt>
<trkpt lat="45.38258" lon="-75.857959"><ele>24.0</ele><time>2024-06-08T17:35:34Z</time></trkpt>
<trkpt lat="45.382602" lon="-75.857976"><ele>24.0</ele><time>2024-06-08T17:35:35Z</time></trkpt>
<trkpt lat="45.382624" lon="-75.857985"><ele>24.0</ele><time>2024-06-08T17:35:36Z</time></trkpt>
<trkpt lat="45.38265" lon="-75.858003"><ele>24.0</ele><time>2024-06-08T17:35:37Z</time></trkpt>
<trkpt lat="45.382675" lon="-75.858012"><ele>24.0</ele><time>2024-06-08T17:35:38Z</time></trkpt>
<trkpt lat="45.382697" lon="-75.85803"><ele>24.0</ele><time>2024-06-08T17:35:39Z</time></trkpt>
<trkpt lat="45.382713" lon="-75.85803"><ele>25.0</ele><time>2024-06-08T17:35:40Z</time></trkpt>
<trkpt lat="45.382741" lon="-75.858039"><ele>24.0</ele><time>2024-06-08T17:35:41Z</time></trkpt>
<trkpt lat="45.382764" lon="-75.858057"><ele>24.0</ele><time>2024-06-08T17:35:42Z</time></trkpt>
<trkpt lat="45.382786" lon="-75.858075"><ele>24.0</ele><time>2024-06-08T17:35:43Z</time></trkpt>
<trkpt lat="45.382808" lon="-75.858093"><ele>24.0</ele><time>2024-06-08T17:35:44Z</time></trkpt>
<trkpt lat="45.38283" lon="-75.858102"><ele>24.0</ele><time>2024-06-08T17:35:45Z</time></trkpt>
<trkpt lat="45.382852" lon="-75.858111"><ele>24.0</ele><time>2024-06-08T17:35:46Z</time></trkpt>
<trkpt lat="45.382878" lon="-75.85812"><ele>24.0</ele><time>2024-06-08T17:35:47Z</time></trkpt>
<trkpt lat="45.3829" lon="-75.858138"><ele>24.0</ele><time>2024-06-08T17:35:48Z</time></trkpt>
<trkpt lat="45.382922" lon="-75.858147"><ele>24.0</ele><time>2024-06-08T17:35:49Z</time></trkpt>
<trkpt lat="45.382944" lon="-75.858156"><ele>23.0</ele><time>2024-06-08T17:35:50Z</time></trkpt>
<trkpt lat="45.382966" lon="-75.858174"><ele>23.0</ele><time>2024-06-08T17:35:51Z</time></trkpt>
<trkpt lat="45.382988" lon="-75.858183"><ele>23.0</ele><time>2024-06-08T17:35:52Z</time></trkpt>
<trkpt lat="45.38301" lon="-75.858201"><ele>23.0</ele><time>2024-06-08T17:35:53Z</time></trkpt>
<trkpt lat="45.383033" lon="-75.85821"><ele>23.0</ele><time>2024-06-08T17:35:54Z</time></trkpt>
<trkpt lat="45.383055" lon="-75.858219"><ele>23.0</ele><time>2024-06-08T17:35:55Z</time></trkpt>
<trkpt lat="45.383077" lon="-75.858228"><ele>24.0</ele><time>2024-06-08T17:35:56Z</time></trkpt>
<trkpt lat="45.383102" lon="-75.858228"><ele>24.0</ele><time>2024-06-08T17:35:57Z</time></trkpt>
<trkpt lat="45.383121" lon="-75.858237"><ele>24.0</ele><time>2024-06-08T17:35:58Z</time></trkpt>
<trkpt lat="45.383147" lon="-75.858246"><ele>24.0</ele><time>2024-06-08T17:35:59Z</time></trkpt>
<trkpt lat="45.383169" lon="-75.858264"><ele>24.0</ele><time>2024-06-08T17:36:00Z</time></trkpt>
<trkpt lat="45.383194" lon="-75.858273"><ele>24.0</ele><time>2024-06-08T17:36:01Z</time></trkpt>
<trkpt lat="45.383216" lon="-75.858282"><ele>24.0</ele><time>2024-06-08T17:36:02Z</time></trkpt>
<trkpt lat="45.383238" lon="-75.858291"><ele>24.0</ele><time>2024-06-08T17:36:03Z</time></trkpt>
<trkpt lat="45.38326" lon="-75.858309"><ele>24.0</ele><time>2024-06-08T17:36:04Z</time></trkpt>
<trkpt lat="45.383283" lon="-75.858318"><ele>24.0</ele><time>2024-06-08T17:36:05Z</time></trkpt>
<trkpt lat="45.383305" lon="-75.858336"><ele>24.0</ele><time>2024-06-08T17:36:06Z</time></trkpt>
<trkpt lat="45.383327" lon="-75.858345"><ele>24.0</ele><time>2024-06-08T17:36:07Z</time></trkpt>
<trkpt lat="45.383349" lon="-75.858354"><ele>24.0</ele><time>2024-06-08T17:36:08Z</time></trkpt>
<trkpt lat="45.383371" lon="-75.858363"><ele>24.0</ele><time>2024-06-08T17:36:09Z</time></trkpt>
<trkpt lat="45.383393" lon="-75.858381"><ele>24.0</ele><time>2024-06-08T17:36:10Z</time></trkpt>
<trkpt lat="45.383416" lon="-75.858399"><ele>24.0</ele><time>2024-06-08T17:36:11Z</time></trkpt>
<trkpt lat="45.383435" lon="-75.858417"><ele>24.0</ele><time>2024-06-08T17:36:12Z</time></trkpt>
<trkpt lat="45.383457" lon="-75.858426"><ele>24.0</ele><time>2024-06-08T17:36:13Z</time></trkpt>
<trkpt lat="45.383482" lon="-75.858444"><ele>24.0</ele><time>2024-06-08T17:36:14Z</time></trkpt>
<trkpt lat="45.383504" lon="-75.858453"><ele>24.0</ele><time>2024-06-08T17:36:15Z</time></trkpt>
<trkpt lat="45.383526" lon="-75.858471"><ele>24.0</ele><time>2024-06-08T17:36:16Z</time></trkpt>
<trkpt lat="45.383552" lon="-75.858488"><ele>24.0</ele><time>2024-06-08T17:36:17Z</time></trkpt>
<trkpt lat="45.383571" lon="-75.858506"><ele>24.0</ele><time>2024-06-08T17:36:18Z</time></trkpt>
<trkpt lat="45.383593" lon="-75.858533"><ele>24.0</ele><time>2024-06-08T17:36:19Z</time></trkpt>
<trkpt lat="45.383615" lon="-75.858551"><ele>24.0</ele><time>2024-06-08T17:36:20Z</time></trkpt>
<trkpt lat="45.383637" lon="-75.858569"><ele>24.0</ele><time>2024-06-08T17:36:21Z</time></trkpt>
<trkpt lat="45.383659" lon="-75.858587"><ele>24.0</ele><time>2024-06-08T17:36:22Z</time></trkpt>
<trkpt lat="45.383681" lon="-75.858605"><ele>24.0</ele><time>2024-06-08T17:36:23Z</time></trkpt>
<trkpt lat="45.383704" lon="-75.858632"><ele>25.0</ele><time>2024-06-08T17:36:24Z</time></trkpt>
<trkpt lat="45.383726" lon="-75.85865"><ele>25.0</ele><time>2024-06-08T17:36:25Z</time></trkpt>
<trkpt lat="45.383748" lon="-75.858668"><ele>25.0</ele><time>2024-06-08T17:36:26Z</time></trkpt>
<trkpt lat="45.38377" lon="-75.858686"><ele>24.0</ele><time>2024-06-08T17:36:27Z</time></trkpt>
<trkpt lat="45.383792" lon="-75.858713"><ele>24.0</ele><time>2024-06-08T17:36:28Z</time></trkpt>
<trkpt lat="45.383814" lon="-75.85874"><ele>24.0</ele><time>2024-06-08T17:36:29Z</time></trkpt>
<trkpt lat="45.38384" lon="-75.858758"><ele>25.0</ele><time>2024-06-08T17:36:30Z</time></trkpt>
<trkpt lat="45.383865" lon="-75.858776"><ele>25.0</ele><time>2024-06-08T17:36:31Z</time></trkpt>
<trkpt lat="45.38389" lon="-75.858794"><ele>25.0</ele><time>2024-06-08T17:36:32Z</time></trkpt>
<trkpt lat="45.383916" lon="-75.858812"><ele>25.0</ele><time>2024-06-08T17:36:33Z</time></trkpt>
<trkpt lat="45.383941" lon="-75.85883"><ele>24.0</ele><time>2024-06-08T17:36:34Z</time></trkpt>
<trkpt lat="45.383969" lon="-75.858839"><ele>24.0</ele><time>2024-06-08T17:36:35Z</time></trkpt>
<trkpt lat="45.383992" lon="-75.858857"><ele>24.0</ele><time>2024-06-08T17:36:36Z</time></trkpt>
<trkpt lat="45.384014" lon="-75.858875"><ele>24.0</ele><time>2024-06-08T17:36:37Z</time></trkpt>
<trkpt lat="45.384036" lon="-75.858893"><ele>25.0</ele><time>2024-06-08T17:36:38Z</time></trkpt>
<trkpt lat="45.384061" lon="-75.858902"><ele>24.0</ele><time>2024-06-08T17:36:39Z</time></trkpt>
<trkpt lat="45.384087" lon="-75.858911"><ele>25.0</ele><time>2024-06-08T17:36:40Z</time></trkpt>
<trkpt lat="45.384109" lon="-75.858929"><ele>25.0</ele><time>2024-06-08T17:36:41Z</time></trkpt>
<trkpt lat="45.384134" lon="-75.858938"><ele>25.0</ele><time>2024-06-08T17:36:42Z</time></trkpt>
<trkpt lat="45.384156" lon="-75.858956"><ele>25.0</ele><time>2024-06-08T17:36:43Z</time></trkpt>
<trkpt lat="45.384178" lon="-75.858974"><ele>25.0</ele><time>2024-06-08T17:36:44Z</time></trkpt>
<trkpt lat="45.384204" lon="-75.858983"><ele>25.0</ele><time>2024-06-08T17:36:45Z</time></trkpt>
<trkpt lat="45.384226" lon="-75.859001"><ele>25.0</ele><time>2024-06-08T17:36:46Z</time></trkpt>
<trkpt lat="45.384251" lon="-75.859009"><ele>25.0</ele><time>2024-06-08T17:36:47Z</time></trkpt>
<trkpt lat="45.384273" lon="-75.859018"><ele>25.0</ele><time>2024-06-08T17:36:48Z</time></trkpt>
<trkpt lat="45.384299" lon="-75.859036"><ele>25.0</ele><time>2024-06-08T17:36:49Z</time></trkpt>
<trkpt lat="45.384321" lon="-75.859045"><ele>25.0</ele><time>2024-06-08T17:36:50Z</time></trkpt>
<trkpt lat="45.384346" lon="-75.859063"><ele>25.0</ele><time>2024-06-08T17:36:51Z</time></trkpt>
<trkpt lat="45.384368" lon="-75.859081"><ele>25.0</ele><time>2024-06-08T17:36:52Z</time></trkpt>
<trkpt lat="45.38439" lon="-75.85909"><ele>25.0</ele><time>2024-06-08T17:36:53Z</time></trkpt>
<trkpt lat="45.384413" lon="-75.859108"><ele>25.0</ele><time>2024-06-08T17:36:54Z</time></trkpt>
<trkpt lat="45.384435" lon="-75.859126"><ele>25.0</ele><time>2024-06-08T17:36:55Z</time></trkpt>
<trkpt lat="45.384435" lon="-75.859126"><ele>25.0</ele><time>2024-06-08T17:36:56Z</time></trkpt>
<trkpt lat="45.384451" lon="-75.859135"><ele>27.0</ele><time>2024-06-08T17:36:56Z</time></trkpt>
<trkpt lat="45.384466" lon="-75.859135"><ele>26.0</ele><time>2024-06-08T17:36:57Z</time></trkpt>
<trkpt lat="45.384489" lon="-75.859153"><ele>26.0</ele><time>2024-06-08T17:36:58Z</time></trkpt>
<trkpt lat="45.384514" lon="-75.859171"><ele>26.0</ele><time>2024-06-08T17:36:59Z</time></trkpt>
<trkpt lat="45.384539" lon="-75.859189"><ele>26.0</ele><time>2024-06-08T17:37:00Z</time></trkpt>
<trkpt lat="45.384558" lon="-75.859207"><ele>25.0</ele><time>2024-06-08T17:37:01Z</time></trkpt>
<trkpt lat="45.384583" lon="-75.859225"><ele>25.0</ele><time>2024-06-08T17:37:02Z</time></trkpt>
<trkpt lat="45.384609" lon="-75.859234"><ele>26.0</ele><time>2024-06-08T17:37:03Z</time></trkpt>
<trkpt lat="45.384634" lon="-75.859243"><ele>26.0</ele><time>2024-06-08T17:37:04Z</time></trkpt>
<trkpt lat="45.384659" lon="-75.859261"><ele>26.0</ele><time>2024-06-08T17:37:05Z</time></trkpt>
<trkpt lat="45.384685" lon="-75.85927"><ele>26.0</ele><time>2024-06-08T17:37:06Z</time></trkpt>
<trkpt lat="45.38471" lon="-75.859288"><ele>26.0</ele><time>2024-06-08T17:37:07Z</time></trkpt>
<trkpt lat="45.384732" lon="-75.859306"><ele>26.0</ele><time>2024-06-08T17:37:08Z</time></trkpt>
<trkpt lat="45.384754" lon="-75.859315"><ele>26.0</ele><time>2024-06-08T17:37:09Z</time></trkpt>
<trkpt lat="45.38478" lon="-75.859333"><ele>26.0</ele><time>2024-06-08T17:37:10Z</time></trkpt>
<trkpt lat="45.384802" lon="-75.85936"><ele>26.0</ele><time>2024-06-08T17:37:11Z</time></trkpt>
<trkpt lat="45.384824" lon="-75.859387"><ele>26.0</ele><time>2024-06-08T17:37:12Z</time></trkpt>
<trkpt lat="45.384846" lon="-75.859405"><ele>26.0</ele><time>2024-06-08T17:37:13Z</time></trkpt>
<trkpt lat="45.384868" lon="-75.859423"><ele>26.0</ele><time>2024-06-08T17:37:14Z</time></trkpt>
<trkpt lat="45.384887" lon="-75.859441"><ele>25.0</ele><time>2024-06-08T17:37:15Z</time></trkpt>
<trkpt lat="45.384909" lon="-75.859459"><ele>25.0</ele><time>2024-06-08T17:37:16Z</time></trkpt>
<trkpt lat="45.384932" lon="-75.859477"><ele>25.0</ele><time>2024-06-08T17:37:17Z</time></trkpt>
<trkpt lat="45.384954" lon="-75.859495"><ele>25.0</ele><time>2024-06-08T17:37:18Z</time></trkpt>
<trkpt lat="45.384976" lon="-75.859513"><ele>25.0</ele><time>2024-06-08T17:37:19Z</time></trkpt>
<trkpt lat="45.384998" lon="-75.859539"><ele>25.0</ele><time>2024-06-08T17:37:20Z</time></trkpt>
<trkpt lat="45.38502" lon="-75.859557"><ele>25.0</ele><time>2024-06-08T17:37:21Z</time></trkpt>
<trkpt lat="45.385046" lon="-75.859575"><ele>25.0</ele><time>2024-06-08T17:37:22Z</time></trkpt>
<trkpt lat="45.385068" lon="-75.859593"><ele>25.0</ele><time>2024-06-08T17:37:23Z</time></trkpt>
<trkpt lat="45.385093" lon="-75.859611"><ele>24.0</ele><time>2024-06-08T17:37:24Z</time></trkpt>
<trkpt lat="45.385112" lon="-75.859638"><ele>24.0</ele><time>2024-06-08T17:37:25Z</time></trkpt>
<trkpt lat="45.385134" lon="-75.859656"><ele>24.0</ele><time>2024-06-08T17:37:26Z</time></trkpt>
<trkpt lat="45.385156" lon="-75.859674"><ele>24.0</ele><time>2024-06-08T17:37:27Z</time></trkpt>
<trkpt lat="45.385182" lon="-75.859692"><ele>24.0</ele><time>2024-06-08T17:37:28Z</time></trkpt>
<trkpt lat="45.385204" lon="-75.85971"><ele>24.0</ele><time>2024-06-08T17:37:29Z</time></trkpt>
<trkpt lat="45.385223" lon="-75.859728"><ele>24.0</ele><time>2024-06-08T17:37:30Z</time></trkpt>
<trkpt lat="45.385242" lon="-75.859746"><ele>24.0</ele><time>2024-06-08T17:37:31Z</time></trkpt>
<trkpt lat="45.385261" lon="-75.859764"><ele>25.0</ele><time>2024-06-08T17:37:32Z</time></trkpt>
<trkpt lat="45.385283" lon="-75.859782"><ele>25.0</ele><time>2024-06-08T17:37:33Z</time></trkpt>
<trkpt lat="45.385305" lon="-75.8598"><ele>25.0</ele><time>2024-06-08T17:37:34Z</time></trkpt>
<trkpt lat="45.385324" lon="-75.859818"><ele>25.0</ele><time>2024-06-08T17:37:35Z</time></trkpt>
<trkpt lat="45.385343" lon="-75.859836"><ele>24.0</ele><time>2024-06-08T17:37:36Z</time></trkpt>
<trkpt lat="45.385362" lon="-75.859854"><ele>25.0</ele><time>2024-06-08T17:37:37Z</time></trkpt>
<trkpt lat="45.385384" lon="-75.859872"><ele>24.0</ele><time>2024-06-08T17:37:38Z</time></trkpt>
<trkpt lat="45.385406" lon="-75.85989"><ele>25.0</ele><time>2024-06-08T17:37:39Z</time></trkpt>
<trkpt lat="45.385425" lon="-75.859908"><ele>24.0</ele><time>2024-06-08T17:37:40Z</time></trkpt>
<trkpt lat="45.385441" lon="-75.859926"><ele>24.0</ele><time>2024-06-08T17:37:41Z</time></trkpt>
<trkpt lat="45.38546" lon="-75.859953"><ele>24.0</ele><time>2024-06-08T17:37:42Z</time></trkpt>
<trkpt lat="45.385479" lon="-75.859971"><ele>24.0</ele><time>2024-06-08T17:37:43Z</time></trkpt>
<trkpt lat="45.385498" lon="-75.859989"><ele>24.0</ele><time>2024-06-08T17:37:44Z</time></trkpt>
<trkpt lat="45.38552" lon="-75.860007"><ele>24.0</ele><time>2024-06-08T17:37:45Z</time></trkpt>
<trkpt lat="45.385539" lon="-75.860034"><ele>24.0</ele><time>2024-06-08T17:37:46Z</time></trkpt>
<trkpt lat="45.385558" lon="-75.860052"><ele>24.0</ele><time>2024-06-08T17:37:47Z</time></trkpt>
<trkpt lat="45.385577" lon="-75.860069"><ele>24.0</ele><time>2024-06-08T17:37:48Z</time></trkpt>
<trkpt lat="45.385596" lon="-75.860087"><ele>23.0</ele><time>2024-06-08T17:37:49Z</time></trkpt>
<trkpt lat="45.385612" lon="-75.860114"><ele>24.0</ele><time>2024-06-08T17:37:50Z</time></trkpt>
<trkpt lat="45.385618" lon="-75.860141"><ele>24.0</ele><time>2024-06-08T17:37:51Z</time></trkpt>
<trkpt lat="45.385615" lon="-75.860159"><ele>23.0</ele><time>2024-06-08T17:37:52Z</time></trkpt>
<trkpt lat="45.385612" lon="-75.860186"><ele>23.0</ele><time>2024-06-08T17:37:53Z</time></trkpt>
<trkpt lat="45.385609" lon="-75.860204"><ele>24.0</ele><time>2024-06-08T17:37:54Z</time></trkpt>
<trkpt lat="45.385599" lon="-75.860213"><ele>24.0</ele><time>2024-06-08T17:37:55Z</time></trkpt>
<trkpt lat="45.385587" lon="-75.860231"><ele>23.0</ele><time>2024-06-08T17:37:56Z</time></trkpt>
<trkpt lat="45.385574" lon="-75.860231"><ele>24.0</ele><time>2024-06-08T17:37:57Z</time></trkpt>
<trkpt lat="45.385555" lon="-75.860231"><ele>24.0</ele><time>2024-06-08T17:37:58Z</time></trkpt>
<trkpt lat="45.385539" lon="-75.860231"><ele>24.0</ele><time>2024-06-08T17:37:59Z</time></trkpt>
<trkpt lat="45.38552" lon="-75.86024"><ele>24.0</ele><time>2024-06-08T17:38:00Z</time></trkpt>
<trkpt lat="45.385508" lon="-75.860249"><ele>24.0</ele><time>2024-06-08T17:38:01Z</time></trkpt>
<trkpt lat="45.385495" lon="-75.860258"><ele>24.0</ele><time>2024-06-08T17:38:02Z</time></trkpt>
<trkpt lat="45.385489" lon="-75.860267"><ele>23.0</ele><time>2024-06-08T17:38:03Z</time></trkpt>
<trkpt lat="45.385479" lon="-75.860276"><ele>23.0</ele><time>2024-06-08T17:38:04Z</time></trkpt>
<trkpt lat="45.38547" lon="-75.860285"><ele>24.0</ele><time>2024-06-08T17:38:05Z</time></trkpt>
<trkpt lat="45.385457" lon="-75.860294"><ele>24.0</ele><time>2024-06-08T17:38:06Z</time></trkpt>
<trkpt lat="45.385448" lon="-75.860303"><ele>25.0</ele><time>2024-06-08T17:38:07Z</time></trkpt>
<trkpt lat="45.385432" lon="-75.860303"><ele>25.0</ele><time>2024-06-08T17:38:08Z</time></trkpt>
<trkpt lat="45.385416" lon="-75.860312"><ele>25.0</ele><time>2024-06-08T17:38:09Z</time></trkpt>
<trkpt lat="45.385394" lon="-75.860312"><ele>26.0</ele><time>2024-06-08T17:38:10Z</time></trkpt>
<trkpt lat="45.385368" lon="-75.860312"><ele>26.0</ele><time>2024-06-08T17:38:11Z</time></trkpt>
<trkpt lat="45.385349" lon="-75.860321"><ele>25.0</ele><time>2024-06-08T17:38:12Z</time></trkpt>
<trkpt lat="45.38533" lon="-75.860339"><ele>25.0</ele><time>2024-06-08T17:38:13Z</time></trkpt>
<trkpt lat="45.385311" lon="-75.860357"><ele>24.0</ele><time>2024-06-08T17:38:14Z</time></trkpt>
<trkpt lat="45.385296" lon="-75.860375"><ele>24.0</ele><time>2024-06-08T17:38:15Z</time></trkpt>
<trkpt lat="45.385277" lon="-75.860384"><ele>24.0</ele><time>2024-06-08T17:38:16Z</time></trkpt>
<trkpt lat="45.385254" lon="-75.860393"><ele>24.0</ele><time>2024-06-08T17:38:17Z</time></trkpt>
<trkpt lat="45.385232" lon="-75.860402"><ele>24.0</ele><time>2024-06-08T17:38:18Z</time></trkpt>
<trkpt lat="45.38521" lon="-75.860402"><ele>24.0</ele><time>2024-06-08T17:38:19Z</time></trkpt>
<trkpt lat="45.385185" lon="-75.860411"><ele>24.0</ele><time>2024-06-08T17:38:20Z</time></trkpt>
<trkpt lat="45.385163" lon="-75.86042"><ele>24.0</ele><time>2024-06-08T17:38:21Z</time></trkpt>
<trkpt lat="45.385141" lon="-75.860429"><ele>24.0</ele><time>2024-06-08T17:38:22Z</time></trkpt>
<trkpt lat="45.385118" lon="-75.860447"><ele>24.0</ele><time>2024-06-08T17:38:23Z</time></trkpt>
<trkpt lat="45.385093" lon="-75.860456"><ele>24.0</ele><time>2024-06-08T17:38:24Z</time></trkpt>
<trkpt lat="45.385074" lon="-75.860474"><ele>24.0</ele><time>2024-06-08T17:38:25Z</time></trkpt>
<trkpt lat="45.385055" lon="-75.860501"><ele>23.0</ele><time>2024-06-08T17:38:26Z</time></trkpt>
<trkpt lat="45.385036" lon="-75.860528"><ele>24.0</ele><time>2024-06-08T17:38:27Z</time></trkpt>
<trkpt lat="45.385011" lon="-75.860546"><ele>24.0</ele><time>2024-06-08T17:38:28Z</time></trkpt>
<trkpt lat="45.384992" lon="-75.860573"><ele>23.0</ele><time>2024-06-08T17:38:29Z</time></trkpt>
<trkpt lat="45.38497" lon="-75.860581"><ele>23.0</ele><time>2024-06-08T17:38:30Z</time></trkpt>
<trkpt lat="45.384947" lon="-75.860599"><ele>23.0</ele><time>2024-06-08T17:38:31Z</time></trkpt>
<trkpt lat="45.384922" lon="-75.860617"><ele>23.0</ele><time>2024-06-08T17:38:32Z</time></trkpt>
<trkpt lat="45.384897" lon="-75.860626"><ele>22.0</ele><time>2024-06-08T17:38:33Z</time></trkpt>
<trkpt lat="45.384872" lon="-75.860644"><ele>22.0</ele><time>2024-06-08T17:38:34Z</time></trkpt>
<trkpt lat="45.384846" lon="-75.860662"><ele>22.0</ele><time>2024-06-08T17:38:35Z</time></trkpt>
<trkpt lat="45.384827" lon="-75.86068"><ele>22.0</ele><time>2024-06-08T17:38:36Z</time></trkpt>
<trkpt lat="45.384805" lon="-75.860698"><ele>23.0</ele><time>2024-06-08T17:38:37Z</time></trkpt>
<trkpt lat="45.38478" lon="-75.860716"><ele>23.0</ele><time>2024-06-08T17:38:38Z</time></trkpt>
<trkpt lat="45.384754" lon="-75.860734"><ele>23.0</ele><time>2024-06-08T17:38:39Z</time></trkpt>
<trkpt lat="45.384732" lon="-75.860743"><ele>23.0</ele><time>2024-06-08T17:38:40Z</time></trkpt>
<trkpt lat="45.384707" lon="-75.860761"><ele>23.0</ele><time>2024-06-08T17:38:41Z</time></trkpt>
<trkpt lat="45.384682" lon="-75.86077"><ele>23.0</ele><time>2024-06-08T17:38:42Z</time></trkpt>
<trkpt lat="45.384656" lon="-75.860788"><ele>23.0</ele><time>2024-06-08T17:38:43Z</time></trkpt>
<trkpt lat="45.384637" lon="-75.860806"><ele>23.0</ele><time>2024-06-08T17:38:44Z</time></trkpt>
<trkpt lat="45.384615" lon="-75.860824"><ele>23.0</ele><time>2024-06-08T17:38:45Z</time></trkpt>
<trkpt lat="45.384593" lon="-75.860842"><ele>23.0</ele><time>2024-06-08T17:38:46Z</time></trkpt>
<trkpt lat="45.384571" lon="-75.860851"><ele>23.0</ele><time>2024-06-08T17:38:47Z</time></trkpt>
<trkpt lat="45.384549" lon="-75.860869"><ele>23.0</ele><time>2024-06-08T17:38:48Z</time></trkpt>
<trkpt lat="45.384527" lon="-75.860878"><ele>23.0</ele><time>2024-06-08T17:38:49Z</time></trkpt>
<trkpt lat="45.384501" lon="-75.860896"><ele>23.0</ele><time>2024-06-08T17:38:50Z</time></trkpt>
<trkpt lat="45.384479" lon="-75.860914"><ele>23.0</ele><time>2024-06-08T17:38:51Z</time></trkpt>
<trkpt lat="45.384457" lon="-75.860932"><ele>23.0</ele><time>2024-06-08T17:38:52Z</time></trkpt>
<trkpt lat="45.384435" lon="-75.86095"><ele>23.0</ele><time>2024-06-08T17:38:53Z</time></trkpt>
<trkpt lat="45.384409" lon="-75.860968"><ele>23.0</ele><time>2024-06-08T17:38:54Z</time></trkpt>
<trkpt lat="45.384384" lon="-75.860986"><ele>23.0</ele><time>2024-06-08T17:38:55Z</time></trkpt>
<trkpt lat="45.384365" lon="-75.861004"><ele>23.0</ele><time>2024-06-08T17:38:56Z</time></trkpt>
<trkpt lat="45.384343" lon="-75.861031"><ele>23.0</ele><time>2024-06-08T17:38:57Z</time></trkpt>
<trkpt lat="45.384321" lon="-75.861049"><ele>23.0</ele><time>2024-06-08T17:38:58Z</time></trkpt>
<trkpt lat="45.384299" lon="-75.861067"><ele>23.0</ele><time>2024-06-08T17:38:59Z</time></trkpt>
<trkpt lat="45.384276" lon="-75.861094"><ele>24.0</ele><time>2024-06-08T17:39:00Z</time></trkpt>
<trkpt lat="45.384254" lon="-75.861111"><ele>23.0</ele><time>2024-06-08T17:39:01Z</time></trkpt>
<trkpt lat="45.384232" lon="-75.861138"><ele>24.0</ele><time>2024-06-08T17:39:02Z</time></trkpt>
<trkpt lat="45.38421" lon="-75.861156"><ele>24.0</ele><time>2024-06-08T17:39:03Z</time></trkpt>
<trkpt lat="45.384188" lon="-75.861174"><ele>24.0</ele><time>2024-06-08T17:39:04Z</time></trkpt>
<trkpt lat="45.384163" lon="-75.861192"><ele>24.0</ele><time>2024-06-08T17:39:05Z</time></trkpt>
<trkpt lat="45.384144" lon="-75.861219"><ele>24.0</ele><time>2024-06-08T17:39:06Z</time></trkpt>
<trkpt lat="45.384125" lon="-75.861246"><ele>24.0</ele><time>2024-06-08T17:39:07Z</time></trkpt>
<trkpt lat="45.384106" lon="-75.861273"><ele>24.0</ele><time>2024-06-08T17:39:08Z</time></trkpt>
<trkpt lat="45.384083" lon="-75.8613"><ele>24.0</ele><time>2024-06-08T17:39:09Z</time></trkpt>
<trkpt lat="45.384061" lon="-75.861318"><ele>24.0</ele><time>2024-06-08T17:39:10Z</time></trkpt>
<trkpt lat="45.384039" lon="-75.861345"><ele>24.0</ele><time>2024-06-08T17:39:11Z</time></trkpt>
<trkpt lat="45.38402" lon="-75.861372"><ele>24.0</ele><time>2024-06-08T17:39:12Z</time></trkpt>
<trkpt lat="45.383998" lon="-75.861399"><ele>24.0</ele><time>2024-06-08T17:39:13Z</time></trkpt>
<trkpt lat="45.383979" lon="-75.861417"><ele>24.0</ele><time>2024-06-08T17:39:14Z</time></trkpt>
<trkpt lat="45.383957" lon="-75.861444"><ele>24.0</ele><time>2024-06-08T17:39:15Z</time></trkpt>
<trkpt lat="45.383935" lon="-75.861462"><ele>24.0</ele><time>2024-06-08T17:39:16Z</time></trkpt>
<trkpt lat="45.383912" lon="-75.861489"><ele>24.0</ele><time>2024-06-08T17:39:17Z</time></trkpt>
<trkpt lat="45.383894" lon="-75.861516"><ele>24.0</ele><time>2024-06-08T17:39:18Z</time></trkpt>
<trkpt lat="45.383871" lon="-75.861534"><ele>24.0</ele><time>2024-06-08T17:39:19Z</time></trkpt>
<trkpt lat="45.383852" lon="-75.861561"><ele>24.0</ele><time>2024-06-08T17:39:20Z</time></trkpt>
<trkpt lat="45.383833" lon="-75.861588"><ele>24.0</ele><time>2024-06-08T17:39:21Z</time></trkpt>
<trkpt lat="45.383814" lon="-75.861615"><ele>24.0</ele><time>2024-06-08T17:39:22Z</time></trkpt>
<trkpt lat="45.383795" lon="-75.861632"><ele>24.0</ele><time>2024-06-08T17:39:23Z</time></trkpt>
<trkpt lat="45.383776" lon="-75.861659"><ele>24.0</ele><time>2024-06-08T17:39:24Z</time></trkpt>
<trkpt lat="45.383757" lon="-75.861686"><ele>24.0</ele><time>2024-06-08T17:39:25Z</time></trkpt>
<trkpt lat="45.383738" lon="-75.861713"><ele>24.0</ele><time>2024-06-08T17:39:26Z</time></trkpt>
<trkpt lat="45.383716" lon="-75.86174"><ele>24.0</ele><time>2024-06-08T17:39:27Z</time></trkpt>
<trkpt lat="45.383697" lon="-75.861758"><ele>24.0</ele><time>2024-06-08T17:39:28Z</time></trkpt>
<trkpt lat="45.383675" lon="-75.861785"><ele>24.0</ele><time>2024-06-08T17:39:29Z</time></trkpt>
<trkpt lat="45.383659" lon="-75.861812"><ele>25.0</ele><time>2024-06-08T17:39:30Z</time></trkpt>
<trkpt lat="45.383643" lon="-75.861839"><ele>25.0</ele><time>2024-06-08T17:39:31Z</time></trkpt>
<trkpt lat="45.383628" lon="-75.861866"><ele>25.0</ele><time>2024-06-08T17:39:32Z</time></trkpt>
<trkpt lat="45.383612" lon="-75.861893"><ele>25.0</ele><time>2024-06-08T17:39:33Z</time></trkpt>
<trkpt lat="45.383599" lon="-75.86192"><ele>25.0</ele><time>2024-06-08T17:39:34Z</time></trkpt>
<trkpt lat="45.38358" lon="-75.861947"><ele>25.0</ele><time>2024-06-08T17:39:35Z</time></trkpt>
<trkpt lat="45.383564" lon="-75.861965"><ele>25.0</ele><time>2024-06-08T17:39:36Z</time></trkpt>
<trkpt lat="45.383542" lon="-75.861983"><ele>25.0</ele><time>2024-06-08T17:39:37Z</time></trkpt>
<trkpt lat="45.38352" lon="-75.86201"><ele>25.0</ele><time>2024-06-08T17:39:38Z</time></trkpt>
<trkpt lat="45.383501" lon="-75.862028"><ele>25.0</ele><time>2024-06-08T17:39:39Z</time></trkpt>
<trkpt lat="45.383485" lon="-75.862055"><ele>25.0</ele><time>2024-06-08T17:39:40Z</time></trkpt>
<trkpt lat="45.383463" lon="-75.862082"><ele>24.0</ele><time>2024-06-08T17:39:41Z</time></trkpt>
<trkpt lat="45.383463" lon="-75.862082"><ele>24.0</ele><time>2024-06-08T17:39:41Z</time></trkpt>
<trkpt lat="45.383447" lon="-75.862109"><ele>24.0</ele><time>2024-06-08T17:39:42Z</time></trkpt>
<trkpt lat="45.383428" lon="-75.862127"><ele>24.0</ele><time>2024-06-08T17:39:43Z</time></trkpt>
<trkpt lat="45.383409" lon="-75.862144"><ele>24.0</ele><time>2024-06-08T17:39:44Z</time></trkpt>
<trkpt lat="45.38339" lon="-75.862171"><ele>24.0</ele><time>2024-06-08T17:39:45Z</time></trkpt>
<trkpt lat="45.383371" lon="-75.862189"><ele>24.0</ele><time>2024-06-08T17:39:46Z</time></trkpt>
<trkpt lat="45.383349" lon="-75.862207"><ele>24.0</ele><time>2024-06-08T17:39:47Z</time></trkpt>
<trkpt lat="45.38333" lon="-75.862225"><ele>24.0</ele><time>2024-06-08T17:39:48Z</time></trkpt>
<trkpt lat="45.383308" lon="-75.862252"><ele>24.0</ele><time>2024-06-08T17:39:49Z</time></trkpt>
<trkpt lat="45.383289" lon="-75.86227"><ele>24.0</ele><time>2024-06-08T17:39:50Z</time></trkpt>
<trkpt lat="45.38327" lon="-75.862288"><ele>24.0</ele><time>2024-06-08T17:39:51Z</time></trkpt>
<trkpt lat="45.383251" lon="-75.862315"><ele>24.0</ele><time>2024-06-08T17:39:52Z</time></trkpt>
<trkpt lat="45.383232" lon="-75.862342"><ele>24.0</ele><time>2024-06-08T17:39:53Z</time></trkpt>
<trkpt lat="45.383213" lon="-75.862369"><ele>24.0</ele><time>2024-06-08T17:39:54Z</time></trkpt>
<trkpt lat="45.383197" lon="-75.862387"><ele>24.0</ele><time>2024-06-08T17:39:55Z</time></trkpt>
<trkpt lat="45.383181" lon="-75.862414"><ele>24.0</ele><time>2024-06-08T17:39:56Z</time></trkpt>
<trkpt lat="45.383166" lon="-75.862441"><ele>25.0</ele><time>2024-06-08T17:39:57Z</time></trkpt>
<trkpt lat="45.38315" lon="-75.862468"><ele>24.0</ele><time>2024-06-08T17:39:58Z</time></trkpt>
<trkpt lat="45.383137" lon="-75.862495"><ele>25.0</ele><time>2024-06-08T17:39:59Z</time></trkpt>
<trkpt lat="45.383118" lon="-75.862531"><ele>25.0</ele><time>2024-06-08T17:40:00Z</time></trkpt>
<trkpt lat="45.383099" lon="-75.862558"><ele>25.0</ele><time>2024-06-08T17:40:01Z</time></trkpt>
<trkpt lat="45.383083" lon="-75.862585"><ele>24.0</ele><time>2024-06-08T17:40:02Z</time></trkpt>
<trkpt lat="45.383064" lon="-75.862612"><ele>25.0</ele><time>2024-06-08T17:40:03Z</time></trkpt>
<trkpt lat="45.383048" lon="-75.86263"><ele>24.0</ele><time>2024-06-08T17:40:04Z</time></trkpt>
<trkpt lat="45.383033" lon="-75.862657"><ele>25.0</ele><time>2024-06-08T17:40:05Z</time></trkpt>
<trkpt lat="45.383017" lon="-75.862683"><ele>25.0</ele><time>2024-06-08T17:40:06Z</time></trkpt>
<trkpt lat="45.383004" lon="-75.86271"><ele>25.0</ele><time>2024-06-08T17:40:07Z</time></trkpt>
<trkpt lat="45.382985" lon="-75.862737"><ele>25.0</ele><time>2024-06-08T17:40:08Z</time></trkpt>
<trkpt lat="45.382963" lon="-75.862755"><ele>24.0</ele><time>2024-06-08T17:40:09Z</time></trkpt>
<trkpt lat="45.382944" lon="-75.862782"><ele>24.0</ele><time>2024-06-08T17:40:10Z</time></trkpt>
<trkpt lat="45.382922" lon="-75.8628"><ele>24.0</ele><time>2024-06-08T17:40:11Z</time></trkpt>
<trkpt lat="45.382906" lon="-75.862827"><ele>24.0</ele><time>2024-06-08T17:40:12Z</time></trkpt>
<trkpt lat="45.382887" lon="-75.862854"><ele>24.0</ele><time>2024-06-08T17:40:13Z</time></trkpt>
<trkpt lat="45.382868" lon="-75.862881"><ele>24.0</ele><time>2024-06-08T17:40:14Z</time></trkpt>
<trkpt lat="45.382849" lon="-75.862899"><ele>24.0</ele><time>2024-06-08T17:40:15Z</time></trkpt>
<trkpt lat="45.382827" lon="-75.862917"><ele>24.0</ele><time>2024-06-08T17:40:16Z</time></trkpt>
<trkpt lat="45.382805" lon="-75.862944"><ele>24.0</ele><time>2024-06-08T17:40:17Z</time></trkpt>
<trkpt lat="45.382786" lon="-75.862962"><ele>24.0</ele><time>2024-06-08T17:40:18Z</time></trkpt>
<trkpt lat="45.382764" lon="-75.862989"><ele>24.0</ele><time>2024-06-08T17:40:19Z</time></trkpt>
<trkpt lat="45.382745" lon="-75.863007"><ele>24.0</ele><time>2024-06-08T17:40:20Z</time></trkpt>
<trkpt lat="45.382722" lon="-75.863034"><ele>24.0</ele><time>2024-06-08T17:40:21Z</time></trkpt>
<trkpt lat="45.382703" lon="-75.863052"><ele>24.0</ele><time>2024-06-08T17:40:22Z</time></trkpt>
<trkpt lat="45.382684" lon="-75.863079"><ele>24.0</ele><time>2024-06-08T17:40:23Z</time></trkpt>
<trkpt lat="45.382665" lon="-75.863097"><ele>24.0</ele><time>2024-06-08T17:40:24Z</time></trkpt>
<trkpt lat="45.382646" lon="-75.863124"><ele>24.0</ele><time>2024-06-08T17:40:25Z</time></trkpt>
<trkpt lat="45.382627" lon="-75.863151"><ele>24.0</ele><time>2024-06-08T17:40:26Z</time></trkpt>
<trkpt lat="45.382608" lon="-75.863169"><ele>24.0</ele><time>2024-06-08T17:40:27Z</time></trkpt>
<trkpt lat="45.382589" lon="-75.863195"><ele>24.0</ele><time>2024-06-08T17:40:28Z</time></trkpt>
<trkpt lat="45.38257" lon="-75.863213"><ele>24.0</ele><time>2024-06-08T17:40:29Z</time></trkpt>
<trkpt lat="45.382551" lon="-75.86324"><ele>24.0</ele><time>2024-06-08T17:40:30Z</time></trkpt>
<trkpt lat="45.382529" lon="-75.863258"><ele>24.0</ele><time>2024-06-08T17:40:31Z</time></trkpt>
<trkpt lat="45.38251" lon="-75.863276"><ele>24.0</ele><time>2024-06-08T17:40:32Z</time></trkpt>
<trkpt lat="45.382488" lon="-75.863303"><ele>24.0</ele><time>2024-06-08T17:40:33Z</time></trkpt>
<trkpt lat="45.382466" lon="-75.863321"><ele>24.0</ele><time>2024-06-08T17:40:34Z</time></trkpt>
<trkpt lat="45.382447" lon="-75.863339"><ele>24.0</ele><time>2024-06-08T17:40:35Z</time></trkpt>
<trkpt lat="45.382425" lon="-75.863366"><ele>24.0</ele><time>2024-06-08T17:40:36Z</time></trkpt>
<trkpt lat="45.382406" lon="-75.863384"><ele>24.0</ele><time>2024-06-08T17:40:37Z</time></trkpt>
<trkpt lat="45.382384" lon="-75.863411"><ele>24.0</ele><time>2024-06-08T17:40:38Z</time></trkpt>
<trkpt lat="45.382362" lon="-75.863429"><ele>24.0</ele><time>2024-06-08T17:40:39Z</time></trkpt>
<trkpt lat="45.382343" lon="-75.863456"><ele>24.0</ele><time>2024-06-08T17:40:40Z</time></trkpt>
<trkpt lat="45.382324" lon="-75.863474"><ele>24.0</ele><time>2024-06-08T17:40:41Z</time></trkpt>
<trkpt lat="45.382305" lon="-75.863501"><ele>24.0</ele><time>2024-06-08T17:40:42Z</time></trkpt>
<trkpt lat="45.382286" lon="-75.863528"><ele>25.0</ele><time>2024-06-08T17:40:43Z</time></trkpt>
<trkpt lat="45.38227" lon="-75.863546"><ele>25.0</ele><time>2024-06-08T17:40:44Z</time></trkpt>
<trkpt lat="45.382251" lon="-75.863573"><ele>25.0</ele><time>2024-06-08T17:40:45Z</time></trkpt>
<trkpt lat="45.382229" lon="-75.863591"><ele>25.0</ele><time>2024-06-08T17:40:46Z</time></trkpt>
<trkpt lat="45.38221" lon="-75.863618"><ele>25.0</ele><time>2024-06-08T17:40:47Z</time></trkpt>
<trkpt lat="45.382187" lon="-75.863636"><ele>25.0</ele><time>2024-06-08T17:40:48Z</time></trkpt>
<trkpt lat="45.382169" lon="-75.863654"><ele>25.0</ele><time>2024-06-08T17:40:49Z</time></trkpt>
<trkpt lat="45.38215" lon="-75.863681"><ele>25.0</ele><time>2024-06-08T17:40:50Z</time></trkpt>
<trkpt lat="45.382131" lon="-75.863699"><ele>25.0</ele><time>2024-06-08T17:40:51Z</time></trkpt>
<trkpt lat="45.382108" lon="-75.863725"><ele>25.0</ele><time>2024-06-08T17:40:52Z</time></trkpt>
<trkpt lat="45.382089" lon="-75.863743"><ele>25.0</ele><time>2024-06-08T17:40:53Z</time></trkpt>
<trkpt lat="45.38207" lon="-75.863761"><ele>25.0</ele><time>2024-06-08T17:40:54Z</time></trkpt>
<trkpt lat="45.382051" lon="-75.863788"><ele>25.0</ele><time>2024-06-08T17:40:55Z</time></trkpt>
<trkpt lat="45.382032" lon="-75.863806"><ele>25.0</ele><time>2024-06-08T17:40:56Z</time></trkpt>
<trkpt lat="45.382013" lon="-75.863833"><ele>25.0</ele><time>2024-06-08T17:40:57Z</time></trkpt>
<trkpt lat="45.381994" lon="-75.863851"><ele>24.0</ele><time>2024-06-08T17:40:58Z</time></trkpt>
<trkpt lat="45.381972" lon="-75.863878"><ele>24.0</ele><time>2024-06-08T17:40:59Z</time></trkpt>
<trkpt lat="45.381953" lon="-75.863896"><ele>24.0</ele><time>2024-06-08T17:41:00Z</time></trkpt>
<trkpt lat="45.381931" lon="-75.863914"><ele>25.0</ele><time>2024-06-08T17:41:01Z</time></trkpt>
<trkpt lat="45.381912" lon="-75.863941"><ele>24.0</ele><time>2024-06-08T17:41:02Z</time></trkpt>
<trkpt lat="45.381893" lon="-75.863968"><ele>25.0</ele><time>2024-06-08T17:41:03Z</time></trkpt>
<trkpt lat="45.381874" lon="-75.863986"><ele>24.0</ele><time>2024-06-08T17:41:04Z</time></trkpt>
<trkpt lat="45.381855" lon="-75.864013"><ele>25.0</ele><time>2024-06-08T17:41:05Z</time></trkpt>
<trkpt lat="45.381836" lon="-75.86404"><ele>24.0</ele><time>2024-06-08T17:41:06Z</time></trkpt>
<trkpt lat="45.381817" lon="-75.864067"><ele>24.0</ele><time>2024-06-08T17:41:07Z</time></trkpt>
<trkpt lat="45.381798" lon="-75.864085"><ele>24.0</ele><time>2024-06-08T17:41:08Z</time></trkpt>
<trkpt lat="45.381779" lon="-75.864112"><ele>24.0</ele><time>2024-06-08T17:41:09Z</time></trkpt>
<trkpt lat="45.381757" lon="-75.864139"><ele>24.0</ele><time>2024-06-08T17:41:10Z</time></trkpt>
<trkpt lat="45.381738" lon="-75.864157"><ele>24.0</ele><time>2024-06-08T17:41:11Z</time></trkpt>
<trkpt lat="45.381716" lon="-75.864184"><ele>24.0</ele><time>2024-06-08T17:41:12Z</time></trkpt>
<trkpt lat="45.381694" lon="-75.864202"><ele>24.0</ele><time>2024-06-08T17:41:13Z</time></trkpt>
<trkpt lat="45.381672" lon="-75.864229"><ele>24.0</ele><time>2024-06-08T17:41:14Z</time></trkpt>
<trkpt lat="45.381653" lon="-75.864255"><ele>24.0</ele><time>2024-06-08T17:41:15Z</time></trkpt>
<trkpt lat="45.381634" lon="-75.864282"><ele>24.0</ele><time>2024-06-08T17:41:16Z</time></trkpt>
<trkpt lat="45.381618" lon="-75.8643"><ele>24.0</ele><time>2024-06-08T17:41:17Z</time></trkpt>
<trkpt lat="45.381599" lon="-75.864327"><ele>24.0</ele><time>2024-06-08T17:41:18Z</time></trkpt>
<trkpt lat="45.38158" lon="-75.864354"><ele>24.0</ele><time>2024-06-08T17:41:19Z</time></trkpt>
<trkpt lat="45.381564" lon="-75.864381"><ele>24.0</ele><time>2024-06-08T17:41:20Z</time></trkpt>
<trkpt lat="45.381545" lon="-75.864408"><ele>24.0</ele><time>2024-06-08T17:41:21Z</time></trkpt>
<trkpt lat="45.381529" lon="-75.864435"><ele>24.0</ele><time>2024-06-08T17:41:22Z</time></trkpt>
<trkpt lat="45.381507" lon="-75.864462"><ele>24.0</ele><time>2024-06-08T17:41:23Z</time></trkpt>
<trkpt lat="45.381488" lon="-75.864489"><ele>24.0</ele><time>2024-06-08T17:41:24Z</time></trkpt>
<trkpt lat="45.381469" lon="-75.864516"><ele>24.0</ele><time>2024-06-08T17:41:25Z</time></trkpt>
<trkpt lat="45.381453" lon="-75.864543"><ele>24.0</ele><time>2024-06-08T17:41:26Z</time></trkpt>
<trkpt lat="45.381434" lon="-75.86457"><ele>24.0</ele><time>2024-06-08T17:41:27Z</time></trkpt>
<trkpt lat="45.381418" lon="-75.864588"><ele>24.0</ele><time>2024-06-08T17:41:28Z</time></trkpt>
<trkpt lat="45.381396" lon="-75.864615"><ele>25.0</ele><time>2024-06-08T17:41:29Z</time></trkpt>
<trkpt lat="45.381377" lon="-75.864642"><ele>25.0</ele><time>2024-06-08T17:41:30Z</time></trkpt>
<trkpt lat="45.381358" lon="-75.86466"><ele>24.0</ele><time>2024-06-08T17:41:31Z</time></trkpt>
<trkpt lat="45.381339" lon="-75.864687"><ele>25.0</ele><time>2024-06-08T17:41:32Z</time></trkpt>
<trkpt lat="45.38132" lon="-75.864714"><ele>25.0</ele><time>2024-06-08T17:41:33Z</time></trkpt>
<trkpt lat="45.381301" lon="-75.864732"><ele>25.0</ele><time>2024-06-08T17:41:34Z</time></trkpt>
<trkpt lat="45.381282" lon="-75.864758"><ele>25.0</ele><time>2024-06-08T17:41:35Z</time></trkpt>
<trkpt lat="45.381263" lon="-75.864785"><ele>25.0</ele><time>2024-06-08T17:41:36Z</time></trkpt>
<trkpt lat="45.381247" lon="-75.864812"><ele>24.0</ele><time>2024-06-08T17:41:37Z</time></trkpt>
<trkpt lat="45.381232" lon="-75.864839"><ele>25.0</ele><time>2024-06-08T17:41:38Z</time></trkpt>
<trkpt lat="45.381222" lon="-75.864857"><ele>24.0</ele><time>2024-06-08T17:41:39Z</time></trkpt>
<trkpt lat="45.381219" lon="-75.864875"><ele>24.0</ele><time>2024-06-08T17:41:40Z</time></trkpt>
<trkpt lat="45.381222" lon="-75.864902"><ele>24.0</ele><time>2024-06-08T17:41:41Z</time></trkpt>
<trkpt lat="45.381228" lon="-75.864911"><ele>24.0</ele><time>2024-06-08T17:41:42Z</time></trkpt>
<trkpt lat="45.381241" lon="-75.86492"><ele>24.0</ele><time>2024-06-08T17:41:43Z</time></trkpt>
<trkpt lat="45.38126" lon="-75.86492"><ele>24.0</ele><time>2024-06-08T17:41:44Z</time></trkpt>
<trkpt lat="45.381276" lon="-75.86492"><ele>24.0</ele><time>2024-06-08T17:41:45Z</time></trkpt>
<trkpt lat="45.381298" lon="-75.864911"><ele>24.0</ele><time>2024-06-08T17:41:46Z</time></trkpt>
<trkpt lat="45.38132" lon="-75.864893"><ele>24.0</ele><time>2024-06-08T17:41:47Z</time></trkpt>
<trkpt lat="45.381346" lon="-75.864884"><ele>25.0</ele><time>2024-06-08T17:41:48Z</time></trkpt>
<trkpt lat="45.381365" lon="-75.864884"><ele>25.0</ele><time>2024-06-08T17:41:49Z</time></trkpt>
<trkpt lat="45.38138" lon="-75.864893"><ele>24.0</ele><time>2024-06-08T17:41:50Z</time></trkpt>
<trkpt lat="45.381393" lon="-75.86492"><ele>25.0</ele><time>2024-06-08T17:41:51Z</time></trkpt>
<trkpt lat="45.381409" lon="-75.864929"><ele>25.0</ele><time>2024-06-08T17:41:52Z</time></trkpt>
<trkpt lat="45.381428" lon="-75.864938"><ele>25.0</ele><time>2024-06-08T17:41:53Z</time></trkpt>
<trkpt lat="45.381447" lon="-75.864947"><ele>25.0</ele><time>2024-06-08T17:41:54Z</time></trkpt>
<trkpt lat="45.381469" lon="-75.864947"><ele>25.0</ele><time>2024-06-08T17:41:55Z</time></trkpt>
<trkpt lat="45.381488" lon="-75.864956"><ele>25.0</ele><time>2024-06-08T17:41:56Z</time></trkpt>
<trkpt lat="45.38151" lon="-75.864965"><ele>26.0</ele><time>2024-06-08T17:41:57Z</time></trkpt>
<trkpt lat="45.381529" lon="-75.864974"><ele>26.0</ele><time>2024-06-08T17:41:58Z</time></trkpt>
<trkpt lat="45.381554" lon="-75.864983"><ele>26.0</ele><time>2024-06-08T17:41:59Z</time></trkpt>
<trkpt lat="45.381577" lon="-75.864983"><ele>26.0</ele><time>2024-06-08T17:42:00Z</time></trkpt>
<trkpt lat="45.381602" lon="-75.864983"><ele>26.0</ele><time>2024-06-08T17:42:01Z</time></trkpt>
<trkpt lat="45.381624" lon="-75.864983"><ele>26.0</ele><time>2024-06-08T17:42:02Z</time></trkpt>
<trkpt lat="45.381649" lon="-75.864983"><ele>26.0</ele><time>2024-06-08T17:42:03Z</time></trkpt>
<trkpt lat="45.381672" lon="-75.864992"><ele>26.0</ele><time>2024-06-08T17:42:04Z</time></trkpt>
<trkpt lat="45.381697" lon="-75.864992"><ele>26.0</ele><time>2024-06-08T17:42:05Z</time></trkpt>
<trkpt lat="45.381722" lon="-75.865001"><ele>27.0</ele><time>2024-06-08T17:42:06Z</time></trkpt>
<trkpt lat="45.381748" lon="-75.865001"><ele>27.0</ele><time>2024-06-08T17:42:07Z</time></trkpt>
<trkpt lat="45.381776" lon="-75.865001"><ele>27.0</ele><time>2024-06-08T17:42:08Z</time></trkpt>
<trkpt lat="45.381801" lon="-75.865001"><ele>27.0</ele><time>2024-06-08T17:42:09Z</time></trkpt>
<trkpt lat="45.381827" lon="-75.865001"><ele>27.0</ele><time>2024-06-08T17:42:10Z</time></trkpt>
<trkpt lat="45.381852" lon="-75.86501"><ele>27.0</ele><time>2024-06-08T17:42:11Z</time></trkpt>
<trkpt lat="45.381877" lon="-75.865019"><ele>27.0</ele><time>2024-06-08T17:42:12Z</time></trkpt>
<trkpt lat="45.381903" lon="-75.865019"><ele>27.0</ele><time>2024-06-08T17:42:13Z</time></trkpt>
<trkpt lat="45.381931" lon="-75.865028"><ele>28.0</ele><time>2024-06-08T17:42:14Z</time></trkpt>
<trkpt lat="45.381956" lon="-75.865028"><ele>28.0</ele><time>2024-06-08T17:42:15Z</time></trkpt>
<trkpt lat="45.381982" lon="-75.865028"><ele>28.0</ele><time>2024-06-08T17:42:16Z</time></trkpt>
<trkpt lat="45.38201" lon="-75.865037"><ele>28.0</ele><time>2024-06-08T17:42:17Z</time></trkpt>
<trkpt lat="45.382036" lon="-75.865037"><ele>28.0</ele><time>2024-06-08T17:42:18Z</time></trkpt>
<trkpt lat="45.382064" lon="-75.865046"><ele>28.0</ele><time>2024-06-08T17:42:19Z</time></trkpt>
<trkpt lat="45.382089" lon="-75.865046"><ele>28.0</ele><time>2024-06-08T17:42:20Z</time></trkpt>
<trkpt lat="45.382118" lon="-75.865046"><ele>28.0</ele><time>2024-06-08T17:42:21Z</time></trkpt>
<trkpt lat="45.382143" lon="-75.865046"><ele>28.0</ele><time>2024-06-08T17:42:22Z</time></trkpt>
<trkpt lat="45.382172" lon="-75.865046"><ele>28.0</ele><time>2024-06-08T17:42:23Z</time></trkpt>
<trkpt lat="45.3822" lon="-75.865055"><ele>29.0</ele><time>2024-06-08T17:42:24Z</time></trkpt>
<trkpt lat="45.382225" lon="-75.865055"><ele>29.0</ele><time>2024-06-08T17:42:25Z</time></trkpt>
<trkpt lat="45.382251" lon="-75.865064"><ele>29.0</ele><time>2024-06-08T17:42:26Z</time></trkpt>
<trkpt lat="45.382279" lon="-75.865064"><ele>29.0</ele><time>2024-06-08T17:42:27Z</time></trkpt>
<trkpt lat="45.382305" lon="-75.865064"><ele>29.0</ele><time>2024-06-08T17:42:28Z</time></trkpt>
<trkpt lat="45.382333" lon="-75.865073"><ele>29.0</ele><time>2024-06-08T17:42:29Z</time></trkpt>
<trkpt lat="45.382358" lon="-75.865073"><ele>29.0</ele><time>2024-06-08T17:42:30Z</time></trkpt>
<trkpt lat="45.382387" lon="-75.865073"><ele>29.0</ele><time>2024-06-08T17:42:31Z</time></trkpt>
<trkpt lat="45.382412" lon="-75.865073"><ele>28.0</ele><time>2024-06-08T17:42:32Z</time></trkpt>
<trkpt lat="45.382441" lon="-75.865082"><ele>28.0</ele><time>2024-06-08T17:42:33Z</time></trkpt>
<trkpt lat="45.382466" lon="-75.865082"><ele>29.0</ele><time>2024-06-08T17:42:34Z</time></trkpt>
<trkpt lat="45.382495" lon="-75.865082"><ele>28.0</ele><time>2024-06-08T17:42:35Z</time></trkpt>
<trkpt lat="45.38252" lon="-75.865091"><ele>29.0</ele><time>2024-06-08T17:42:36Z</time></trkpt>
<trkpt lat="45.382548" lon="-75.865091"><ele>29.0</ele><time>2024-06-08T17:42:37Z</time></trkpt>
<trkpt lat="45.382574" lon="-75.8651"><ele>29.0</ele><time>2024-06-08T17:42:38Z</time></trkpt>
<trkpt lat="45.382599" lon="-75.865109"><ele>29.0</ele><time>2024-06-08T17:42:39Z</time></trkpt>
<trkpt lat="45.382624" lon="-75.865118"><ele>29.0</ele><time>2024-06-08T17:42:40Z</time></trkpt>
<trkpt lat="45.382653" lon="-75.865127"><ele>29.0</ele><time>2024-06-08T17:42:41Z</time></trkpt>
<trkpt lat="45.382678" lon="-75.865136"><ele>29.0</ele><time>2024-06-08T17:42:42Z</time></trkpt>
<trkpt lat="45.382703" lon="-75.865145"><ele>29.0</ele><time>2024-06-08T17:42:43Z</time></trkpt>
<trkpt lat="45.382732" lon="-75.865163"><ele>29.0</ele><time>2024-06-08T17:42:44Z</time></trkpt>
<trkpt lat="45.382754" lon="-75.865172"><ele>28.0</ele><time>2024-06-08T17:42:45Z</time></trkpt>
<trkpt lat="45.382783" lon="-75.865181"><ele>28.0</ele><time>2024-06-08T17:42:46Z</time></trkpt>
<trkpt lat="45.382805" lon="-75.86519"><ele>28.0</ele><time>2024-06-08T17:42:47Z</time></trkpt>
<trkpt lat="45.38283" lon="-75.865199"><ele>28.0</ele><time>2024-06-08T17:42:48Z</time></trkpt>
<trkpt lat="45.382855" lon="-75.865208"><ele>28.0</ele><time>2024-06-08T17:42:49Z</time></trkpt>
<trkpt lat="45.382881" lon="-75.865217"><ele>28.0</ele><time>2024-06-08T17:42:50Z</time></trkpt>
<trkpt lat="45.382909" lon="-75.865226"><ele>27.0</ele><time>2024-06-08T17:42:51Z</time></trkpt>
<trkpt lat="45.382938" lon="-75.865235"><ele>27.0</ele><time>2024-06-08T17:42:52Z</time></trkpt>
<trkpt lat="45.382963" lon="-75.865244"><ele>27.0</ele><time>2024-06-08T17:42:53Z</time></trkpt>
<trkpt lat="45.382988" lon="-75.865253"><ele>27.0</ele><time>2024-06-08T17:42:54Z</time></trkpt>
<trkpt lat="45.383014" lon="-75.865271"><ele>27.0</ele><time>2024-06-08T17:42:55Z</time></trkpt>
<trkpt lat="45.383039" lon="-75.865279"><ele>27.0</ele><time>2024-06-08T17:42:56Z</time></trkpt>
<trkpt lat="45.383064" lon="-75.865297"><ele>27.0</ele><time>2024-06-08T17:42:57Z</time></trkpt>
<trkpt lat="45.38309" lon="-75.865306"><ele>27.0</ele><time>2024-06-08T17:42:58Z</time></trkpt>
<trkpt lat="45.383115" lon="-75.865315"><ele>26.0</ele><time>2024-06-08T17:42:59Z</time></trkpt>
<trkpt lat="45.383137" lon="-75.865324"><ele>26.0</ele><time>2024-06-08T17:43:00Z</time></trkpt>
<trkpt lat="45.383162" lon="-75.865333"><ele>26.0</ele><time>2024-06-08T17:43:01Z</time></trkpt>
<trkpt lat="45.383188" lon="-75.865342"><ele>26.0</ele><time>2024-06-08T17:43:02Z</time></trkpt>
<trkpt lat="45.383213" lon="-75.865351"><ele>26.0</ele><time>2024-06-08T17:43:03Z</time></trkpt>
<trkpt lat="45.383238" lon="-75.86536"><ele>26.0</ele><time>2024-06-08T17:43:04Z</time></trkpt>
<trkpt lat="45.383264" lon="-75.865369"><ele>26.0</ele><time>2024-06-08T17:43:05Z</time></trkpt>
<trkpt lat="45.383289" lon="-75.865378"><ele>26.0</ele><time>2024-06-08T17:43:06Z</time></trkpt>
<trkpt lat="45.383311" lon="-75.865387"><ele>26.0</ele><time>2024-06-08T17:43:07Z</time></trkpt>
<trkpt lat="45.383336" lon="-75.865396"><ele>26.0</ele><time>2024-06-08T17:43:08Z</time></trkpt>
<trkpt lat="45.383359" lon="-75.865405"><ele>26.0</ele><time>2024-06-08T17:43:09Z</time></trkpt>
<trkpt lat="45.383381" lon="-75.865423"><ele>26.0</ele><time>2024-06-08T17:43:10Z</time></trkpt>
<trkpt lat="45.383406" lon="-75.865432"><ele>26.0</ele><time>2024-06-08T17:43:11Z</time></trkpt>
<trkpt lat="45.383428" lon="-75.865441"><ele>26.0</ele><time>2024-06-08T17:43:12Z</time></trkpt>
<trkpt lat="45.383454" lon="-75.86545"><ele>26.0</ele><time>2024-06-08T17:43:13Z</time></trkpt>
<trkpt lat="45.383479" lon="-75.865459"><ele>26.0</ele><time>2024-06-08T17:43:14Z</time></trkpt>
<trkpt lat="45.383504" lon="-75.865459"><ele>26.0</ele><time>2024-06-08T17:43:15Z</time></trkpt>
<trkpt lat="45.38353" lon="-75.865468"><ele>26.0</ele><time>2024-06-08T17:43:16Z</time></trkpt>
<trkpt lat="45.383555" lon="-75.865486"><ele>26.0</ele><time>2024-06-08T17:43:17Z</time></trkpt>
<trkpt lat="45.38358" lon="-75.865495"><ele>26.0</ele><time>2024-06-08T17:43:18Z</time></trkpt>
<trkpt lat="45.383609" lon="-75.865504"><ele>26.0</ele><time>2024-06-08T17:43:19Z</time></trkpt>
<trkpt lat="45.383634" lon="-75.865513"><ele>26.0</ele><time>2024-06-08T17:43:20Z</time></trkpt>
<trkpt lat="45.383659" lon="-75.865522"><ele>26.0</ele><time>2024-06-08T17:43:21Z</time></trkpt>
<trkpt lat="45.383681" lon="-75.865531"><ele>26.0</ele><time>2024-06-08T17:43:22Z</time></trkpt>
<trkpt lat="45.383707" lon="-75.86554"><ele>26.0</ele><time>2024-06-08T17:43:23Z</time></trkpt>
<trkpt lat="45.383732" lon="-75.865549"><ele>26.0</ele><time>2024-06-08T17:43:24Z</time></trkpt>
<trkpt lat="45.383757" lon="-75.865558"><ele>26.0</ele><time>2024-06-08T17:43:25Z</time></trkpt>
<trkpt lat="45.38378" lon="-75.865567"><ele>26.0</ele><time>2024-06-08T17:43:26Z</time></trkpt>
<trkpt lat="45.383805" lon="-75.865576"><ele>26.0</ele><time>2024-06-08T17:43:27Z</time></trkpt>
<trkpt lat="45.38383" lon="-75.865576"><ele>26.0</ele><time>2024-06-08T17:43:28Z</time></trkpt>
<trkpt lat="45.383856" lon="-75.865594"><ele>26.0</ele><time>2024-06-08T17:43:29Z</time></trkpt>
<trkpt lat="45.383878" lon="-75.865603"><ele>26.0</ele><time>2024-06-08T17:43:30Z</time></trkpt>
<trkpt lat="45.383903" lon="-75.865612"><ele>26.0</ele><time>2024-06-08T17:43:31Z</time></trkpt>
<trkpt lat="45.383928" lon="-75.865612"><ele>26.0</ele><time>2024-06-08T17:43:32Z</time></trkpt>
<trkpt lat="45.383954" lon="-75.865621"><ele>26.0</ele><time>2024-06-08T17:43:33Z</time></trkpt>
<trkpt lat="45.383979" lon="-75.865621"><ele>26.0</ele><time>2024-06-08T17:43:34Z</time></trkpt>
<trkpt lat="45.384004" lon="-75.86563"><ele>27.0</ele><time>2024-06-08T17:43:35Z</time></trkpt>
<trkpt lat="45.384033" lon="-75.86563"><ele>27.0</ele><time>2024-06-08T17:43:36Z</time></trkpt>
<trkpt lat="45.384061" lon="-75.865639"><ele>27.0</ele><time>2024-06-08T17:43:37Z</time></trkpt>
<trkpt lat="45.384087" lon="-75.865648"><ele>27.0</ele><time>2024-06-08T17:43:38Z</time></trkpt>
<trkpt lat="45.384112" lon="-75.865666"><ele>27.0</ele><time>2024-06-08T17:43:39Z</time></trkpt>
<trkpt lat="45.38414" lon="-75.865684"><ele>26.0</ele><time>2024-06-08T17:43:40Z</time></trkpt>
<trkpt lat="45.384166" lon="-75.865702"><ele>25.0</ele><time>2024-06-08T17:43:41Z</time></trkpt>
<trkpt lat="45.384191" lon="-75.865711"><ele>26.0</ele><time>2024-06-08T17:43:42Z</time></trkpt>
<trkpt lat="45.38422" lon="-75.86572"><ele>26.0</ele><time>2024-06-08T17:43:43Z</time></trkpt>
<trkpt lat="45.384245" lon="-75.865729"><ele>26.0</ele><time>2024-06-08T17:43:44Z</time></trkpt>
<trkpt lat="45.384273" lon="-75.865738"><ele>26.0</ele><time>2024-06-08T17:43:45Z</time></trkpt>
<trkpt lat="45.384299" lon="-75.865747"><ele>26.0</ele><time>2024-06-08T17:43:46Z</time></trkpt>
<trkpt lat="45.384327" lon="-75.865756"><ele>26.0</ele><time>2024-06-08T17:43:47Z</time></trkpt>
<trkpt lat="45.384352" lon="-75.865765"><ele>26.0</ele><time>2024-06-08T17:43:48Z</time></trkpt>
<trkpt lat="45.384378" lon="-75.865774"><ele>26.0</ele><time>2024-06-08T17:43:49Z</time></trkpt>
<trkpt lat="45.384406" lon="-75.865783"><ele>26.0</ele><time>2024-06-08T17:43:50Z</time></trkpt>
<trkpt lat="45.384432" lon="-75.865792"><ele>26.0</ele><time>2024-06-08T17:43:51Z</time></trkpt>
<trkpt lat="45.384457" lon="-75.8658"><ele>26.0</ele><time>2024-06-08T17:43:52Z</time></trkpt>
<trkpt lat="45.384482" lon="-75.865809"><ele>26.0</ele><time>2024-06-08T17:43:53Z</time></trkpt>
<trkpt lat="45.384508" lon="-75.865827"><ele>25.0</ele><time>2024-06-08T17:43:54Z</time></trkpt>
<trkpt lat="45.384533" lon="-75.865836"><ele>25.0</ele><time>2024-06-08T17:43:55Z</time></trkpt>
<trkpt lat="45.384558" lon="-75.865836"><ele>26.0</ele><time>2024-06-08T17:43:56Z</time></trkpt>
<trkpt lat="45.384587" lon="-75.865845"><ele>26.0</ele><time>2024-06-08T17:43:57Z</time></trkpt>
<trkpt lat="45.384612" lon="-75.865854"><ele>26.0</ele><time>2024-06-08T17:43:58Z</time></trkpt>
<trkpt lat="45.384634" lon="-75.865863"><ele>25.0</ele><time>2024-06-08T17:43:59Z</time></trkpt>
<trkpt lat="45.384659" lon="-75.865881"><ele>25.0</ele><time>2024-06-08T17:44:00Z</time></trkpt>
<trkpt lat="45.384685" lon="-75.86589"><ele>25.0</ele><time>2024-06-08T17:44:01Z</time></trkpt>
<trkpt lat="45.384713" lon="-75.865899"><ele>25.0</ele><time>2024-06-08T17:44:02Z</time></trkpt>
<trkpt lat="45.384739" lon="-75.865899"><ele>26.0</ele><time>2024-06-08T17:44:03Z</time></trkpt>
<trkpt lat="45.384764" lon="-75.865908"><ele>25.0</ele><time>2024-06-08T17:44:04Z</time></trkpt>
<trkpt lat="45.384789" lon="-75.865926"><ele>26.0</ele><time>2024-06-08T17:44:05Z</time></trkpt>
<trkpt lat="45.384815" lon="-75.865935"><ele>26.0</ele><time>2024-06-08T17:44:06Z</time></trkpt>
<trkpt lat="45.384837" lon="-75.865944"><ele>26.0</ele><time>2024-06-08T17:44:07Z</time></trkpt>
<trkpt lat="45.384862" lon="-75.865962"><ele>26.0</ele><time>2024-06-08T17:44:08Z</time></trkpt>
<trkpt lat="45.384884" lon="-75.865971"><ele>25.0</ele><time>2024-06-08T17:44:09Z</time></trkpt>
<trkpt lat="45.384906" lon="-75.86598"><ele>25.0</ele><time>2024-06-08T17:44:10Z</time></trkpt>
<trkpt lat="45.384932" lon="-75.865989"><ele>25.0</ele><time>2024-06-08T17:44:11Z</time></trkpt>
<trkpt lat="45.384954" lon="-75.866007"><ele>25.0</ele><time>2024-06-08T17:44:12Z</time></trkpt>
<trkpt lat="45.384976" lon="-75.866016"><ele>25.0</ele><time>2024-06-08T17:44:13Z</time></trkpt>
<trkpt lat="45.384998" lon="-75.866025"><ele>25.0</ele><time>2024-06-08T17:44:14Z</time></trkpt>
<trkpt lat="45.384998" lon="-75.866025"><ele>25.0</ele><time>2024-06-08T17:44:14Z</time></trkpt>
<trkpt lat="45.38502" lon="-75.866025"><ele>25.0</ele><time>2024-06-08T17:44:15Z</time></trkpt>
<trkpt lat="45.385046" lon="-75.866034"><ele>25.0</ele><time>2024-06-08T17:44:16Z</time></trkpt>
<trkpt lat="45.385071" lon="-75.866034"><ele>25.0</ele><time>2024-06-08T17:44:17Z</time></trkpt>
<trkpt lat="45.385096" lon="-75.866043"><ele>25.0</ele><time>2024-06-08T17:44:18Z</time></trkpt>
<trkpt lat="45.385122" lon="-75.866043"><ele>26.0</ele><time>2024-06-08T17:44:19Z</time></trkpt>
<trkpt lat="45.385147" lon="-75.866043"><ele>25.0</ele><time>2024-06-08T17:44:20Z</time></trkpt>
<trkpt lat="45.385172" lon="-75.866043"><ele>26.0</ele><time>2024-06-08T17:44:21Z</time></trkpt>
<trkpt lat="45.385198" lon="-75.866043"><ele>25.0</ele><time>2024-06-08T17:44:22Z</time></trkpt>
<trkpt lat="45.385223" lon="-75.866043"><ele>25.0</ele><time>2024-06-08T17:44:23Z</time></trkpt>
<trkpt lat="45.385248" lon="-75.866052"><ele>25.0</ele><time>2024-06-08T17:44:24Z</time></trkpt>
<trkpt lat="45.385273" lon="-75.866061"><ele>25.0</ele><time>2024-06-08T17:44:25Z</time></trkpt>
<trkpt lat="45.385296" lon="-75.86607"><ele>26.0</ele><time>2024-06-08T17:44:26Z</time></trkpt>
<trkpt lat="45.385321" lon="-75.866079"><ele>26.0</ele><time>2024-06-08T17:44:27Z</time></trkpt>
<trkpt lat="45.385346" lon="-75.866079"><ele>26.0</ele><time>2024-06-08T17:44:28Z</time></trkpt>
<trkpt lat="45.385372" lon="-75.866088"><ele>26.0</ele><time>2024-06-08T17:44:29Z</time></trkpt>
<trkpt lat="45.385394" lon="-75.866097"><ele>26.0</ele><time>2024-06-08T17:44:30Z</time></trkpt>
<trkpt lat="45.385419" lon="-75.866106"><ele>26.0</ele><time>2024-06-08T17:44:31Z</time></trkpt>
<trkpt lat="45.385444" lon="-75.866115"><ele>26.0</ele><time>2024-06-08T17:44:32Z</time></trkpt>
<trkpt lat="45.385473" lon="-75.866124"><ele>26.0</ele><time>2024-06-08T17:44:33Z</time></trkpt>
<trkpt lat="45.385498" lon="-75.866124"><ele>26.0</ele><time>2024-06-08T17:44:34Z</time></trkpt>
<trkpt lat="45.385524" lon="-75.866133"><ele>25.0</ele><time>2024-06-08T17:44:35Z</time></trkpt>
<trkpt lat="45.385546" lon="-75.866124"><ele>25.0</ele><time>2024-06-08T17:44:36Z</time></trkpt>
<trkpt lat="45.385574" lon="-75.866142"><ele>25.0</ele><time>2024-06-08T17:44:37Z</time></trkpt>
<trkpt lat="45.385603" lon="-75.866151"><ele>25.0</ele><time>2024-06-08T17:44:38Z</time></trkpt>
<trkpt lat="45.385628" lon="-75.86616"><ele>25.0</ele><time>2024-06-08T17:44:39Z</time></trkpt>
<trkpt lat="45.385656" lon="-75.866169"><ele>25.0</ele><time>2024-06-08T17:44:40Z</time></trkpt>
<trkpt lat="45.385682" lon="-75.866169"><ele>25.0</ele><time>2024-06-08T17:44:41Z</time></trkpt>
<trkpt lat="45.38571" lon="-75.866178"><ele>25.0</ele><time>2024-06-08T17:44:42Z</time></trkpt>
<trkpt lat="45.385736" lon="-75.866187"><ele>25.0</ele><time>2024-06-08T17:44:43Z</time></trkpt>
<trkpt lat="45.385761" lon="-75.866196"><ele>25.0</ele><time>2024-06-08T17:44:44Z</time></trkpt>
<trkpt lat="45.385789" lon="-75.866205"><ele>25.0</ele><time>2024-06-08T17:44:45Z</time></trkpt>
<trkpt lat="45.385815" lon="-75.866214"><ele>26.0</ele><time>2024-06-08T17:44:46Z</time></trkpt>
<trkpt lat="45.38584" lon="-75.866223"><ele>26.0</ele><time>2024-06-08T17:44:47Z</time></trkpt>
<trkpt lat="45.385868" lon="-75.866232"><ele>26.0</ele><time>2024-06-08T17:44:48Z</time></trkpt>
<trkpt lat="45.385894" lon="-75.866232"><ele>26.0</ele><time>2024-06-08T17:44:49Z</time></trkpt>
<trkpt lat="45.385919" lon="-75.866241"><ele>26.0</ele><time>2024-06-08T17:44:50Z</time></trkpt>
<trkpt lat="45.385948" lon="-75.86625"><ele>26.0</ele><time>2024-06-08T17:44:51Z</time></trkpt>
<trkpt lat="45.385976" lon="-75.866259"><ele>26.0</ele><time>2024-06-08T17:44:52Z</time></trkpt>
<trkpt lat="45.386001" lon="-75.866259"><ele>26.0</ele><time>2024-06-08T17:44:53Z</time></trkpt>
<trkpt lat="45.38603" lon="-75.866268"><ele>26.0</ele><time>2024-06-08T17:44:54Z</time></trkpt>
<trkpt lat="45.386055" lon="-75.866277"><ele>26.0</ele><time>2024-06-08T17:44:55Z</time></trkpt>
<trkpt lat="45.386084" lon="-75.866286"><ele>26.0</ele><time>2024-06-08T17:44:56Z</time></trkpt>
<trkpt lat="45.386109" lon="-75.866304"><ele>26.0</ele><time>2024-06-08T17:44:57Z</time></trkpt>
<trkpt lat="45.386131" lon="-75.866313"><ele>25.0</ele><time>2024-06-08T17:44:58Z</time></trkpt>
<trkpt lat="45.38616" lon="-75.866313"><ele>26.0</ele><time>2024-06-08T17:44:59Z</time></trkpt>
<trkpt lat="45.386188" lon="-75.866321"><ele>25.0</ele><time>2024-06-08T17:45:00Z</time></trkpt>
<trkpt lat="45.386217" lon="-75.866321"><ele>26.0</ele><time>2024-06-08T17:45:01Z</time></trkpt>
<trkpt lat="45.386242" lon="-75.86633"><ele>25.0</ele><time>2024-06-08T17:45:02Z</time></trkpt>
<trkpt lat="45.38627" lon="-75.86633"><ele>26.0</ele><time>2024-06-08T17:45:03Z</time></trkpt>
<trkpt lat="45.386299" lon="-75.86633"><ele>25.0</ele><time>2024-06-08T17:45:04Z</time></trkpt>
<trkpt lat="45.386324" lon="-75.86633"><ele>26.0</ele><time>2024-06-08T17:45:05Z</time></trkpt>
<trkpt lat="45.386353" lon="-75.866321"><ele>26.0</ele><time>2024-06-08T17:45:06Z</time></trkpt>
<trkpt lat="45.386381" lon="-75.866321"><ele>26.0</ele><time>2024-06-08T17:45:07Z</time></trkpt>
<trkpt lat="45.386407" lon="-75.86633"><ele>25.0</ele><time>2024-06-08T17:45:08Z</time></trkpt>
<trkpt lat="45.386432" lon="-75.86633"><ele>25.0</ele><time>2024-06-08T17:45:09Z</time></trkpt>
<trkpt lat="45.386457" lon="-75.866339"><ele>26.0</ele><time>2024-06-08T17:45:10Z</time></trkpt>
<trkpt lat="45.386482" lon="-75.866339"><ele>25.0</ele><time>2024-06-08T17:45:11Z</time></trkpt>
<trkpt lat="45.386508" lon="-75.866348"><ele>25.0</ele><time>2024-06-08T17:45:12Z</time></trkpt>
<trkpt lat="45.386533" lon="-75.866348"><ele>25.0</ele><time>2024-06-08T17:45:13Z</time></trkpt>
<trkpt lat="45.386558" lon="-75.866357"><ele>25.0</ele><time>2024-06-08T17:45:14Z</time></trkpt>
<trkpt lat="45.386581" lon="-75.866366"><ele>25.0</ele><time>2024-06-08T17:45:15Z</time></trkpt>
<trkpt lat="45.386606" lon="-75.866366"><ele>25.0</ele><time>2024-06-08T17:45:16Z</time></trkpt>
<trkpt lat="45.386631" lon="-75.866375"><ele>25.0</ele><time>2024-06-08T17:45:17Z</time></trkpt>
<trkpt lat="45.386657" lon="-75.866375"><ele>25.0</ele><time>2024-06-08T17:45:18Z</time></trkpt>
<trkpt lat="45.386682" lon="-75.866384"><ele>25.0</ele><time>2024-06-08T17:45:19Z</time></trkpt>
<trkpt lat="45.386704" lon="-75.866393"><ele>25.0</ele><time>2024-06-08T17:45:20Z</time></trkpt>
<trkpt lat="45.386729" lon="-75.866402"><ele>25.0</ele><time>2024-06-08T17:45:21Z</time></trkpt>
<trkpt lat="45.386755" lon="-75.866402"><ele>25.0</ele><time>2024-06-08T17:45:22Z</time></trkpt>
<trkpt lat="45.386777" lon="-75.866411"><ele>25.0</ele><time>2024-06-08T17:45:23Z</time></trkpt>
<trkpt lat="45.386802" lon="-75.866411"><ele>25.0</ele><time>2024-06-08T17:45:24Z</time></trkpt>
<trkpt lat="45.386827" lon="-75.86642"><ele>25.0</ele><time>2024-06-08T17:45:25Z</time></trkpt>
<trkpt lat="45.386853" lon="-75.866429"><ele>25.0</ele><time>2024-06-08T17:45:26Z</time></trkpt>
<trkpt lat="45.386878" lon="-75.866438"><ele>25.0</ele><time>2024-06-08T17:45:27Z</time></trkpt>
<trkpt lat="45.3869" lon="-75.866447"><ele>25.0</ele><time>2024-06-08T17:45:28Z</time></trkpt>
<trkpt lat="45.386926" lon="-75.866456"><ele>25.0</ele><time>2024-06-08T17:45:29Z</time></trkpt>
<trkpt lat="45.386951" lon="-75.866465"><ele>25.0</ele><time>2024-06-08T17:45:30Z</time></trkpt>
<trkpt lat="45.386973" lon="-75.866474"><ele>24.0</ele><time>2024-06-08T17:45:31Z</time></trkpt>
<trkpt lat="45.386998" lon="-75.866483"><ele>25.0</ele><time>2024-06-08T17:45:32Z</time></trkpt>
<trkpt lat="45.387024" lon="-75.866483"><ele>25.0</ele><time>2024-06-08T17:45:33Z</time></trkpt>
<trkpt lat="45.387049" lon="-75.866492"><ele>24.0</ele><time>2024-06-08T17:45:34Z</time></trkpt>
<trkpt lat="45.387078" lon="-75.866501"><ele>24.0</ele><time>2024-06-08T17:45:35Z</time></trkpt>
<trkpt lat="45.387103" lon="-75.866501"><ele>25.0</ele><time>2024-06-08T17:45:36Z</time></trkpt>
<trkpt lat="45.387128" lon="-75.86651"><ele>24.0</ele><time>2024-06-08T17:45:37Z</time></trkpt>
<trkpt lat="45.387153" lon="-75.866519"><ele>25.0</ele><time>2024-06-08T17:45:38Z</time></trkpt>
<trkpt lat="45.387179" lon="-75.866519"><ele>24.0</ele><time>2024-06-08T17:45:39Z</time></trkpt>
<trkpt lat="45.387204" lon="-75.866528"><ele>25.0</ele><time>2024-06-08T17:45:40Z</time></trkpt>
<trkpt lat="45.387233" lon="-75.866528"><ele>24.0</ele><time>2024-06-08T17:45:41Z</time></trkpt>
<trkpt lat="45.387258" lon="-75.866528"><ele>24.0</ele><time>2024-06-08T17:45:42Z</time></trkpt>
<trkpt lat="45.387283" lon="-75.866528"><ele>24.0</ele><time>2024-06-08T17:45:43Z</time></trkpt>
<trkpt lat="45.387309" lon="-75.866537"><ele>25.0</ele><time>2024-06-08T17:45:44Z</time></trkpt>
<trkpt lat="45.387334" lon="-75.866546"><ele>25.0</ele><time>2024-06-08T17:45:45Z</time></trkpt>
<trkpt lat="45.387359" lon="-75.866555"><ele>25.0</ele><time>2024-06-08T17:45:46Z</time></trkpt>
<trkpt lat="45.387384" lon="-75.866555"><ele>24.0</ele><time>2024-06-08T17:45:47Z</time></trkpt>
<trkpt lat="45.38741" lon="-75.866564"><ele>25.0</ele><time>2024-06-08T17:45:48Z</time></trkpt>
<trkpt lat="45.387435" lon="-75.866573"><ele>25.0</ele><time>2024-06-08T17:45:49Z</time></trkpt>
<trkpt lat="45.38746" lon="-75.866573"><ele>25.0</ele><time>2024-06-08T17:45:50Z</time></trkpt>
<trkpt lat="45.387483" lon="-75.866582"><ele>25.0</ele><time>2024-06-08T17:45:51Z</time></trkpt>
<trkpt lat="45.387508" lon="-75.866582"><ele>25.0</ele><time>2024-06-08T17:45:52Z</time></trkpt>
<trkpt lat="45.387533" lon="-75.866591"><ele>25.0</ele><time>2024-06-08T17:45:53Z</time></trkpt>
<trkpt lat="45.387559" lon="-75.866591"><ele>25.0</ele><time>2024-06-08T17:45:54Z</time></trkpt>
<trkpt lat="45.387584" lon="-75.866591"><ele>24.0</ele><time>2024-06-08T17:45:55Z</time></trkpt>
<trkpt lat="45.387606" lon="-75.8666"><ele>24.0</ele><time>2024-06-08T17:45:56Z</time></trkpt>
<trkpt lat="45.387631" lon="-75.8666"><ele>24.0</ele><time>2024-06-08T17:45:57Z</time></trkpt>
<trkpt lat="45.387657" lon="-75.8666"><ele>24.0</ele><time>2024-06-08T17:45:58Z</time></trkpt>
<trkpt lat="45.387682" lon="-75.866609"><ele>24.0</ele><time>2024-06-08T17:45:59Z</time></trkpt>
<trkpt lat="45.387704" lon="-75.866609"><ele>24.0</ele><time>2024-06-08T17:46:00Z</time></trkpt>
<trkpt lat="45.387729" lon="-75.866618"><ele>24.0</ele><time>2024-06-08T17:46:01Z</time></trkpt>
<trkpt lat="45.387755" lon="-75.866618"><ele>24.0</ele><time>2024-06-08T17:46:02Z</time></trkpt>
<trkpt lat="45.38778" lon="-75.866627"><ele>24.0</ele><time>2024-06-08T17:46:03Z</time></trkpt>
<trkpt lat="45.387805" lon="-75.866627"><ele>24.0</ele><time>2024-06-08T17:46:04Z</time></trkpt>
<trkpt lat="45.387831" lon="-75.866627"><ele>24.0</ele><time>2024-06-08T17:46:05Z</time></trkpt>
<trkpt lat="45.387856" lon="-75.866627"><ele>24.0</ele><time>2024-06-08T17:46:06Z</time></trkpt>
<trkpt lat="45.387881" lon="-75.866627"><ele>24.0</ele><time>2024-06-08T17:46:07Z</time></trkpt>
<trkpt lat="45.387904" lon="-75.866636"><ele>24.0</ele><time>2024-06-08T17:46:08Z</time></trkpt>
<trkpt lat="45.387929" lon="-75.866636"><ele>24.0</ele><time>2024-06-08T17:46:09Z</time></trkpt>
<trkpt lat="45.387954" lon="-75.866636"><ele>24.0</ele><time>2024-06-08T17:46:10Z</time></trkpt>
<trkpt lat="45.387976" lon="-75.866636"><ele>24.0</ele><time>2024-06-08T17:46:11Z</time></trkpt>
<trkpt lat="45.388002" lon="-75.866636"><ele>24.0</ele><time>2024-06-08T17:46:12Z</time></trkpt>
<trkpt lat="45.388027" lon="-75.866636"><ele>24.0</ele><time>2024-06-08T17:46:13Z</time></trkpt>
<trkpt lat="45.388052" lon="-75.866636"><ele>25.0</ele><time>2024-06-08T17:46:14Z</time></trkpt>
<trkpt lat="45.388074" lon="-75.866636"><ele>24.0</ele><time>2024-06-08T17:46:15Z</time></trkpt>
<trkpt lat="45.388103" lon="-75.866636"><ele>24.0</ele><time>2024-06-08T17:46:16Z</time></trkpt>
<trkpt lat="45.388128" lon="-75.866645"><ele>24.0</ele><time>2024-06-08T17:46:17Z</time></trkpt>
<trkpt lat="45.388154" lon="-75.866654"><ele>24.0</ele><time>2024-06-08T17:46:18Z</time></trkpt>
<trkpt lat="45.388179" lon="-75.866663"><ele>24.0</ele><time>2024-06-08T17:46:19Z</time></trkpt>
<trkpt lat="45.388204" lon="-75.866672"><ele>24.0</ele><time>2024-06-08T17:46:20Z</time></trkpt>
<trkpt lat="45.38823" lon="-75.866681"><ele>24.0</ele><time>2024-06-08T17:46:21Z</time></trkpt>
<trkpt lat="45.388258" lon="-75.866672"><ele>24.0</ele><time>2024-06-08T17:46:22Z</time></trkpt>
<trkpt lat="45.388286" lon="-75.866672"><ele>24.0</ele><time>2024-06-08T17:46:23Z</time></trkpt>
<trkpt lat="45.388312" lon="-75.866672"><ele>24.0</ele><time>2024-06-08T17:46:24Z</time></trkpt>
<trkpt lat="45.38834" lon="-75.866672"><ele>24.0</ele><time>2024-06-08T17:46:25Z</time></trkpt>
<trkpt lat="45.388366" lon="-75.866681"><ele>24.0</ele><time>2024-06-08T17:46:26Z</time></trkpt>
<trkpt lat="45.388391" lon="-75.86669"><ele>24.0</ele><time>2024-06-08T17:46:27Z</time></trkpt>
<trkpt lat="45.388416" lon="-75.866699"><ele>24.0</ele><time>2024-06-08T17:46:28Z</time></trkpt>
<trkpt lat="45.388442" lon="-75.866708"><ele>24.0</ele><time>2024-06-08T17:46:29Z</time></trkpt>
<trkpt lat="45.388464" lon="-75.866717"><ele>24.0</ele><time>2024-06-08T17:46:30Z</time></trkpt>
<trkpt lat="45.388483" lon="-75.866717"><ele>25.0</ele><time>2024-06-08T17:46:31Z</time></trkpt>
<trkpt lat="45.388508" lon="-75.866726"><ele>25.0</ele><time>2024-06-08T17:46:32Z</time></trkpt>
<trkpt lat="45.388533" lon="-75.866735"><ele>24.0</ele><time>2024-06-08T17:46:33Z</time></trkpt>
<trkpt lat="45.388555" lon="-75.866744"><ele>24.0</ele><time>2024-06-08T17:46:34Z</time></trkpt>
<trkpt lat="45.388581" lon="-75.866744"><ele>24.0</ele><time>2024-06-08T17:46:35Z</time></trkpt>
<trkpt lat="45.388603" lon="-75.866753"><ele>25.0</ele><time>2024-06-08T17:46:36Z</time></trkpt>
<trkpt lat="45.388628" lon="-75.866762"><ele>24.0</ele><time>2024-06-08T17:46:37Z</time></trkpt>
<trkpt lat="45.38865" lon="-75.866771"><ele>24.0</ele><time>2024-06-08T17:46:38Z</time></trkpt>
<trkpt lat="45.388676" lon="-75.86678"><ele>24.0</ele><time>2024-06-08T17:46:39Z</time></trkpt>
<trkpt lat="45.388698" lon="-75.866789"><ele>24.0</ele><time>2024-06-08T17:46:40Z</time></trkpt>
<trkpt lat="45.388723" lon="-75.866789"><ele>24.0</ele><time>2024-06-08T17:46:41Z</time></trkpt>
<trkpt lat="45.388745" lon="-75.866798"><ele>24.0</ele><time>2024-06-08T17:46:42Z</time></trkpt>
<trkpt lat="45.388771" lon="-75.866798"><ele>24.0</ele><time>2024-06-08T17:46:43Z</time></trkpt>
<trkpt lat="45.388793" lon="-75.866798"><ele>24.0</ele><time>2024-06-08T17:46:44Z</time></trkpt>
<trkpt lat="45.388818" lon="-75.866807"><ele>24.0</ele><time>2024-06-08T17:46:45Z</time></trkpt>
<trkpt lat="45.38884" lon="-75.866807"><ele>24.0</ele><time>2024-06-08T17:46:46Z</time></trkpt>
<trkpt lat="45.388862" lon="-75.866816"><ele>24.0</ele><time>2024-06-08T17:46:47Z</time></trkpt>
<trkpt lat="45.388885" lon="-75.866825"><ele>24.0</ele><time>2024-06-08T17:46:48Z</time></trkpt>
<trkpt lat="45.388907" lon="-75.866834"><ele>24.0</ele><time>2024-06-08T17:46:49Z</time></trkpt>
<trkpt lat="45.388926" lon="-75.866842"><ele>24.0</ele><time>2024-06-08T17:46:50Z</time></trkpt>
<trkpt lat="45.388948" lon="-75.866842"><ele>24.0</ele><time>2024-06-08T17:46:51Z</time></trkpt>
<trkpt lat="45.38897" lon="-75.866851"><ele>24.0</ele><time>2024-06-08T17:46:52Z</time></trkpt>
<trkpt lat="45.388992" lon="-75.86686"><ele>24.0</ele><time>2024-06-08T17:46:53Z</time></trkpt>
<trkpt lat="45.389014" lon="-75.86686"><ele>24.0</ele><time>2024-06-08T17:46:54Z</time></trkpt>
<trkpt lat="45.389033" lon="-75.866869"><ele>24.0</ele><time>2024-06-08T17:46:55Z</time></trkpt>
<trkpt lat="45.389056" lon="-75.866869"><ele>24.0</ele><time>2024-06-08T17:46:56Z</time></trkpt>
<trkpt lat="45.389078" lon="-75.866878"><ele>24.0</ele><time>2024-06-08T17:46:57Z</time></trkpt>
<trkpt lat="45.3891" lon="-75.866878"><ele>23.0</ele><time>2024-06-08T17:46:58Z</time></trkpt>
<trkpt lat="45.389122" lon="-75.866887"><ele>24.0</ele><time>2024-06-08T17:46:59Z</time></trkpt>
<trkpt lat="45.389144" lon="-75.866887"><ele>24.0</ele><time>2024-06-08T17:47:00Z</time></trkpt>
<trkpt lat="45.389166" lon="-75.866896"><ele>24.0</ele><time>2024-06-08T17:47:01Z</time></trkpt>
<trkpt lat="45.389188" lon="-75.866905"><ele>24.0</ele><time>2024-06-08T17:47:02Z</time></trkpt>
<trkpt lat="45.389214" lon="-75.866914"><ele>24.0</ele><time>2024-06-08T17:47:03Z</time></trkpt>
<trkpt lat="45.389233" lon="-75.866923"><ele>24.0</ele><time>2024-06-08T17:47:04Z</time></trkpt>
<trkpt lat="45.389255" lon="-75.866932"><ele>24.0</ele><time>2024-06-08T17:47:05Z</time></trkpt>
<trkpt lat="45.389274" lon="-75.866941"><ele>24.0</ele><time>2024-06-08T17:47:06Z</time></trkpt>
<trkpt lat="45.389296" lon="-75.866941"><ele>24.0</ele><time>2024-06-08T17:47:07Z</time></trkpt>
<trkpt lat="45.389315" lon="-75.86695"><ele>24.0</ele><time>2024-06-08T17:47:08Z</time></trkpt>
<trkpt lat="45.389334" lon="-75.866959"><ele>24.0</ele><time>2024-06-08T17:47:09Z</time></trkpt>
<trkpt lat="45.389353" lon="-75.866968"><ele>24.0</ele><time>2024-06-08T17:47:10Z</time></trkpt>
<trkpt lat="45.389375" lon="-75.866977"><ele>24.0</ele><time>2024-06-08T17:47:11Z</time></trkpt>
<trkpt lat="45.389394" lon="-75.866977"><ele>24.0</ele><time>2024-06-08T17:47:12Z</time></trkpt>
<trkpt lat="45.389419" lon="-75.866977"><ele>24.0</ele><time>2024-06-08T17:47:13Z</time></trkpt>
<trkpt lat="45.389442" lon="-75.866986"><ele>24.0</ele><time>2024-06-08T17:47:14Z</time></trkpt>
<trkpt lat="45.389464" lon="-75.866986"><ele>24.0</ele><time>2024-06-08T17:47:15Z</time></trkpt>
<trkpt lat="45.389489" lon="-75.866995"><ele>24.0</ele><time>2024-06-08T17:47:16Z</time></trkpt>
<trkpt lat="45.389514" lon="-75.867004"><ele>25.0</ele><time>2024-06-08T17:47:17Z</time></trkpt>
<trkpt lat="45.389514" lon="-75.867004"><ele>25.0</ele><time>2024-06-08T17:47:18Z</time></trkpt>
<trkpt lat="45.38954" lon="-75.867013"><ele>25.0</ele><time>2024-06-08T17:47:18Z</time></trkpt>
<trkpt lat="45.389562" lon="-75.867022"><ele>25.0</ele><time>2024-06-08T17:47:19Z</time></trkpt>
<trkpt lat="45.389587" lon="-75.867031"><ele>25.0</ele><time>2024-06-08T17:47:20Z</time></trkpt>
<trkpt lat="45.389613" lon="-75.867031"><ele>25.0</ele><time>2024-06-08T17:47:21Z</time></trkpt>
<trkpt lat="45.389638" lon="-75.86704"><ele>25.0</ele><time>2024-06-08T17:47:22Z</time></trkpt>
<trkpt lat="45.389663" lon="-75.86704"><ele>25.0</ele><time>2024-06-08T17:47:23Z</time></trkpt>
<trkpt lat="45.389688" lon="-75.86704"><ele>25.0</ele><time>2024-06-08T17:47:24Z</time></trkpt>
<trkpt lat="45.389714" lon="-75.867049"><ele>25.0</ele><time>2024-06-08T17:47:25Z</time></trkpt>
<trkpt lat="45.389736" lon="-75.867058"><ele>25.0</ele><time>2024-06-08T17:47:26Z</time></trkpt>
<trkpt lat="45.389761" lon="-75.867058"><ele>25.0</ele><time>2024-06-08T17:47:27Z</time></trkpt>
<trkpt lat="45.38979" lon="-75.867058"><ele>26.0</ele><time>2024-06-08T17:47:28Z</time></trkpt>
<trkpt lat="45.389812" lon="-75.867058"><ele>25.0</ele><time>2024-06-08T17:47:29Z</time></trkpt>
<trkpt lat="45.389837" lon="-75.867067"><ele>25.0</ele><time>2024-06-08T17:47:30Z</time></trkpt>
<trkpt lat="45.389863" lon="-75.867076"><ele>25.0</ele><time>2024-06-08T17:47:31Z</time></trkpt>
<trkpt lat="45.389885" lon="-75.867076"><ele>25.0</ele><time>2024-06-08T17:47:32Z</time></trkpt>
<trkpt lat="45.38991" lon="-75.867076"><ele>25.0</ele><time>2024-06-08T17:47:33Z</time></trkpt>
<trkpt lat="45.389935" lon="-75.867076"><ele>25.0</ele><time>2024-06-08T17:47:34Z</time></trkpt>
<trkpt lat="45.389957" lon="-75.867085"><ele>25.0</ele><time>2024-06-08T17:47:35Z</time></trkpt>
<trkpt lat="45.38998" lon="-75.867085"><ele>25.0</ele><time>2024-06-08T17:47:36Z</time></trkpt>
<trkpt lat="45.390005" lon="-75.867085"><ele>25.0</ele><time>2024-06-08T17:47:37Z</time></trkpt>
<trkpt lat="45.390027" lon="-75.867085"><ele>24.0</ele><time>2024-06-08T17:47:38Z</time></trkpt>
<trkpt lat="45.390052" lon="-75.867085"><ele>25.0</ele><time>2024-06-08T17:47:39Z</time></trkpt>
<trkpt lat="45.390078" lon="-75.867094"><ele>24.0</ele><time>2024-06-08T17:47:40Z</time></trkpt>
<trkpt lat="45.390103" lon="-75.867094"><ele>25.0</ele><time>2024-06-08T17:47:41Z</time></trkpt>
<trkpt lat="45.390128" lon="-75.867094"><ele>24.0</ele><time>2024-06-08T17:47:42Z</time></trkpt>
<trkpt lat="45.390154" lon="-75.867103"><ele>24.0</ele><time>2024-06-08T17:47:43Z</time></trkpt>
<trkpt lat="45.390179" lon="-75.867112"><ele>25.0</ele><time>2024-06-08T17:47:44Z</time></trkpt>
<trkpt lat="45.390201" lon="-75.867121"><ele>24.0</ele><time>2024-06-08T17:47:45Z</time></trkpt>
<trkpt lat="45.390227" lon="-75.86713"><ele>24.0</ele><time>2024-06-08T17:47:46Z</time></trkpt>
<trkpt lat="45.390252" lon="-75.86713"><ele>25.0</ele><time>2024-06-08T17:47:47Z</time></trkpt>
<trkpt lat="45.390277" lon="-75.867139"><ele>25.0</ele><time>2024-06-08T17:47:48Z</time></trkpt>
<trkpt lat="45.390302" lon="-75.867148"><ele>25.0</ele><time>2024-06-08T17:47:49Z</time></trkpt>
<trkpt lat="45.390331" lon="-75.867148"><ele>25.0</ele><time>2024-06-08T17:47:50Z</time></trkpt>
<trkpt lat="45.390356" lon="-75.867157"><ele>25.0</ele><time>2024-06-08T17:47:51Z</time></trkpt>
<trkpt lat="45.390378" lon="-75.867157"><ele>25.0</ele><time>2024-06-08T17:47:52Z</time></trkpt>
<trkpt lat="45.390404" lon="-75.867166"><ele>25.0</ele><time>2024-06-08T17:47:53Z</time></trkpt>
<trkpt lat="45.390426" lon="-75.867175"><ele>25.0</ele><time>2024-06-08T17:47:54Z</time></trkpt>
<trkpt lat="45.390451" lon="-75.867184"><ele>25.0</ele><time>2024-06-08T17:47:55Z</time></trkpt>
<trkpt lat="45.390473" lon="-75.867184"><ele>25.0</ele><time>2024-06-08T17:47:56Z</time></trkpt>
<trkpt lat="45.390499" lon="-75.867193"><ele>25.0</ele><time>2024-06-08T17:47:57Z</time></trkpt>
<trkpt lat="45.390524" lon="-75.867202"><ele>25.0</ele><time>2024-06-08T17:47:58Z</time></trkpt>
<trkpt lat="45.390549" lon="-75.867211"><ele>25.0</ele><time>2024-06-08T17:47:59Z</time></trkpt>
<trkpt lat="45.390575" lon="-75.86722"><ele>25.0</ele><time>2024-06-08T17:48:00Z</time></trkpt>
<trkpt lat="45.390597" lon="-75.867229"><ele>25.0</ele><time>2024-06-08T17:48:01Z</time></trkpt>
<trkpt lat="45.390622" lon="-75.867229"><ele>24.0</ele><time>2024-06-08T17:48:02Z</time></trkpt>
<trkpt lat="45.390647" lon="-75.867238"><ele>24.0</ele><time>2024-06-08T17:48:03Z</time></trkpt>
<trkpt lat="45.390673" lon="-75.867238"><ele>24.0</ele><time>2024-06-08T17:48:04Z</time></trkpt>
<trkpt lat="45.390695" lon="-75.867247"><ele>25.0</ele><time>2024-06-08T17:48:05Z</time></trkpt>
<trkpt lat="45.39072" lon="-75.867256"><ele>25.0</ele><time>2024-06-08T17:48:06Z</time></trkpt>
<trkpt lat="45.390742" lon="-75.867265"><ele>24.0</ele><time>2024-06-08T17:48:07Z</time></trkpt>
<trkpt lat="45.390765" lon="-75.867274"><ele>24.0</ele><time>2024-06-08T17:48:08Z</time></trkpt>
<trkpt lat="45.390787" lon="-75.867292"><ele>24.0</ele><time>2024-06-08T17:48:09Z</time></trkpt>
<trkpt lat="45.390809" lon="-75.867292"><ele>24.0</ele><time>2024-06-08T17:48:10Z</time></trkpt>
<trkpt lat="45.390831" lon="-75.867301"><ele>24.0</ele><time>2024-06-08T17:48:11Z</time></trkpt>
<trkpt lat="45.390856" lon="-75.867301"><ele>24.0</ele><time>2024-06-08T17:48:12Z</time></trkpt>
<trkpt lat="45.390878" lon="-75.86731"><ele>24.0</ele><time>2024-06-08T17:48:13Z</time></trkpt>
<trkpt lat="45.390904" lon="-75.86731"><ele>24.0</ele><time>2024-06-08T17:48:14Z</time></trkpt>
<trkpt lat="45.390926" lon="-75.867319"><ele>24.0</ele><time>2024-06-08T17:48:15Z</time></trkpt>
<trkpt lat="45.390951" lon="-75.867328"><ele>24.0</ele><time>2024-06-08T17:48:16Z</time></trkpt>
<trkpt lat="45.390973" lon="-75.867328"><ele>24.0</ele><time>2024-06-08T17:48:17Z</time></trkpt>
<trkpt lat="45.390999" lon="-75.867337"><ele>24.0</ele><time>2024-06-08T17:48:18Z</time></trkpt>
<trkpt lat="45.391021" lon="-75.867346"><ele>24.0</ele><time>2024-06-08T17:48:19Z</time></trkpt>
<trkpt lat="45.391046" lon="-75.867355"><ele>24.0</ele><time>2024-06-08T17:48:20Z</time></trkpt>
<trkpt lat="45.391068" lon="-75.867355"><ele>24.0</ele><time>2024-06-08T17:48:21Z</time></trkpt>
<trkpt lat="45.391094" lon="-75.867363"><ele>24.0</ele><time>2024-06-08T17:48:22Z</time></trkpt>
<trkpt lat="45.391119" lon="-75.867372"><ele>24.0</ele><time>2024-06-08T17:48:23Z</time></trkpt>
<trkpt lat="45.391141" lon="-75.867381"><ele>24.0</ele><time>2024-06-08T17:48:24Z</time></trkpt>
<trkpt lat="45.391166" lon="-75.86739"><ele>24.0</ele><time>2024-06-08T17:48:25Z</time></trkpt>
<trkpt lat="45.391189" lon="-75.867399"><ele>24.0</ele><time>2024-06-08T17:48:26Z</time></trkpt>
<trkpt lat="45.391214" lon="-75.867399"><ele>24.0</ele><time>2024-06-08T17:48:27Z</time></trkpt>
<trkpt lat="45.391236" lon="-75.867408"><ele>24.0</ele><time>2024-06-08T17:48:28Z</time></trkpt>
<trkpt lat="45.391258" lon="-75.867417"><ele>24.0</ele><time>2024-06-08T17:48:29Z</time></trkpt>
<trkpt lat="45.39128" lon="-75.867426"><ele>24.0</ele><time>2024-06-08T17:48:30Z</time></trkpt>
<trkpt lat="45.391306" lon="-75.867426"><ele>24.0</ele><time>2024-06-08T17:48:31Z</time></trkpt>
<trkpt lat="45.391331" lon="-75.867426"><ele>24.0</ele><time>2024-06-08T17:48:32Z</time></trkpt>
<trkpt lat="45.391353" lon="-75.867426"><ele>24.0</ele><time>2024-06-08T17:48:33Z</time></trkpt>
<trkpt lat="45.391375" lon="-75.867435"><ele>24.0</ele><time>2024-06-08T17:48:34Z</time></trkpt>
<trkpt lat="45.391397" lon="-75.867435"><ele>24.0</ele><time>2024-06-08T17:48:35Z</time></trkpt>
<trkpt lat="45.39142" lon="-75.867444"><ele>24.0</ele><time>2024-06-08T17:48:36Z</time></trkpt>
<trkpt lat="45.391442" lon="-75.867453"><ele>24.0</ele><time>2024-06-08T17:48:37Z</time></trkpt>
<trkpt lat="45.391464" lon="-75.867462"><ele>24.0</ele><time>2024-06-08T17:48:38Z</time></trkpt>
<trkpt lat="45.391486" lon="-75.867462"><ele>24.0</ele><time>2024-06-08T17:48:39Z</time></trkpt>
<trkpt lat="45.391508" lon="-75.867462"><ele>24.0</ele><time>2024-06-08T17:48:40Z</time></trkpt>
<trkpt lat="45.391534" lon="-75.867471"><ele>24.0</ele><time>2024-06-08T17:48:41Z</time></trkpt>
<trkpt lat="45.391553" lon="-75.86748"><ele>24.0</ele><time>2024-06-08T17:48:42Z</time></trkpt>
<trkpt lat="45.391575" lon="-75.867489"><ele>24.0</ele><time>2024-06-08T17:48:43Z</time></trkpt>
<trkpt lat="45.391597" lon="-75.867498"><ele>24.0</ele><time>2024-06-08T17:48:44Z</time></trkpt>
<trkpt lat="45.391619" lon="-75.867507"><ele>24.0</ele><time>2024-06-08T17:48:45Z</time></trkpt>
<trkpt lat="45.391641" lon="-75.867516"><ele>24.0</ele><time>2024-06-08T17:48:46Z</time></trkpt>
<trkpt lat="45.391663" lon="-75.867525"><ele>24.0</ele><time>2024-06-08T17:48:47Z</time></trkpt>
<trkpt lat="45.391685" lon="-75.867534"><ele>24.0</ele><time>2024-06-08T17:48:48Z</time></trkpt>
<trkpt lat="45.391704" lon="-75.867543"><ele>24.0</ele><time>2024-06-08T17:48:49Z</time></trkpt>
<trkpt lat="45.391727" lon="-75.867552"><ele>24.0</ele><time>2024-06-08T17:48:50Z</time></trkpt>
<trkpt lat="45.391749" lon="-75.867561"><ele>24.0</ele><time>2024-06-08T17:48:51Z</time></trkpt>
<trkpt lat="45.391771" lon="-75.86757"><ele>24.0</ele><time>2024-06-08T17:48:52Z</time></trkpt>
<trkpt lat="45.39179" lon="-75.867579"><ele>24.0</ele><time>2024-06-08T17:48:53Z</time></trkpt>
<trkpt lat="45.391809" lon="-75.867588"><ele>24.0</ele><time>2024-06-08T17:48:54Z</time></trkpt>
<trkpt lat="45.391831" lon="-75.867597"><ele>24.0</ele><time>2024-06-08T17:48:55Z</time></trkpt>
<trkpt lat="45.391853" lon="-75.867606"><ele>24.0</ele><time>2024-06-08T17:48:56Z</time></trkpt>
<trkpt lat="45.391872" lon="-75.867615"><ele>24.0</ele><time>2024-06-08T17:48:57Z</time></trkpt>
<trkpt lat="45.391891" lon="-75.867615"><ele>24.0</ele><time>2024-06-08T17:48:58Z</time></trkpt>
<trkpt lat="45.391913" lon="-75.867624"><ele>24.0</ele><time>2024-06-08T17:48:59Z</time></trkpt>
<trkpt lat="45.391935" lon="-75.867633"><ele>24.0</ele><time>2024-06-08T17:49:00Z</time></trkpt>
<trkpt lat="45.391958" lon="-75.867633"><ele>24.0</ele><time>2024-06-08T17:49:01Z</time></trkpt>
<trkpt lat="45.39198" lon="-75.867642"><ele>24.0</ele><time>2024-06-08T17:49:02Z</time></trkpt>
<trkpt lat="45.392002" lon="-75.867651"><ele>24.0</ele><time>2024-06-08T17:49:03Z</time></trkpt>
<trkpt lat="45.392024" lon="-75.86766"><ele>24.0</ele><time>2024-06-08T17:49:04Z</time></trkpt>
<trkpt lat="45.392046" lon="-75.867678"><ele>24.0</ele><time>2024-06-08T17:49:05Z</time></trkpt>
<trkpt lat="45.392068" lon="-75.867687"><ele>24.0</ele><time>2024-06-08T17:49:06Z</time></trkpt>
<trkpt lat="45.392091" lon="-75.867696"><ele>24.0</ele><time>2024-06-08T17:49:07Z</time></trkpt>
<trkpt lat="45.392113" lon="-75.867705"><ele>24.0</ele><time>2024-06-08T17:49:08Z</time></trkpt>
<trkpt lat="45.392135" lon="-75.867714"><ele>24.0</ele><time>2024-06-08T17:49:09Z</time></trkpt>
<trkpt lat="45.392151" lon="-75.867723"><ele>24.0</ele><time>2024-06-08T17:49:10Z</time></trkpt>
<trkpt lat="45.39217" lon="-75.867732"><ele>24.0</ele><time>2024-06-08T17:49:11Z</time></trkpt>
<trkpt lat="45.392185" lon="-75.867741"><ele>24.0</ele><time>2024-06-08T17:49:12Z</time></trkpt>
<trkpt lat="45.392198" lon="-75.867759"><ele>24.0</ele><time>2024-06-08T17:49:13Z</time></trkpt>
<trkpt lat="45.392204" lon="-75.867777"><ele>23.0</ele><time>2024-06-08T17:49:14Z</time></trkpt>
<trkpt lat="45.392208" lon="-75.867795"><ele>24.0</ele><time>2024-06-08T17:49:15Z</time></trkpt>
<trkpt lat="45.392208" lon="-75.867813"><ele>23.0</ele><time>2024-06-08T17:49:16Z</time></trkpt>
<trkpt lat="45.392201" lon="-75.867831"><ele>23.0</ele><time>2024-06-08T17:49:17Z</time></trkpt>
<trkpt lat="45.392192" lon="-75.86784"><ele>23.0</ele><time>2024-06-08T17:49:18Z</time></trkpt>
<trkpt lat="45.392179" lon="-75.867849"><ele>23.0</ele><time>2024-06-08T17:49:19Z</time></trkpt>
<trkpt lat="45.392166" lon="-75.867858"><ele>23.0</ele><time>2024-06-08T17:49:20Z</time></trkpt>
<trkpt lat="45.392154" lon="-75.867867"><ele>23.0</ele><time>2024-06-08T17:49:21Z</time></trkpt>
<trkpt lat="45.392141" lon="-75.867876"><ele>23.0</ele><time>2024-06-08T17:49:22Z</time></trkpt>
<trkpt lat="45.392128" lon="-75.867885"><ele>23.0</ele><time>2024-06-08T17:49:23Z</time></trkpt>
<trkpt lat="45.392116" lon="-75.867893"><ele>23.0</ele><time>2024-06-08T17:49:24Z</time></trkpt>
<trkpt lat="45.392103" lon="-75.867902"><ele>23.0</ele><time>2024-06-08T17:49:25Z</time></trkpt>
<trkpt lat="45.392091" lon="-75.86792"><ele>23.0</ele><time>2024-06-08T17:49:26Z</time></trkpt>
<trkpt lat="45.392081" lon="-75.867929"><ele>23.0</ele><time>2024-06-08T17:49:27Z</time></trkpt>
<trkpt lat="45.392068" lon="-75.867947"><ele>23.0</ele><time>2024-06-08T17:49:28Z</time></trkpt>
<trkpt lat="45.392059" lon="-75.867956"><ele>23.0</ele><time>2024-06-08T17:49:29Z</time></trkpt>
<trkpt lat="45.392046" lon="-75.867974"><ele>23.0</ele><time>2024-06-08T17:49:30Z</time></trkpt>
<trkpt lat="45.392034" lon="-75.867983"><ele>24.0</ele><time>2024-06-08T17:49:31Z</time></trkpt>
<trkpt lat="45.392021" lon="-75.868001"><ele>24.0</ele><time>2024-06-08T17:49:32Z</time></trkpt>
<trkpt lat="45.392008" lon="-75.868019"><ele>24.0</ele><time>2024-06-08T17:49:33Z</time></trkpt>
<trkpt lat="45.391992" lon="-75.868037"><ele>24.0</ele><time>2024-06-08T17:49:34Z</time></trkpt>
<trkpt lat="45.39198" lon="-75.868046"><ele>24.0</ele><time>2024-06-08T17:49:35Z</time></trkpt>
<trkpt lat="45.391964" lon="-75.868064"><ele>24.0</ele><time>2024-06-08T17:49:36Z</time></trkpt>
<trkpt lat="45.391951" lon="-75.868082"><ele>24.0</ele><time>2024-06-08T17:49:37Z</time></trkpt>
<trkpt lat="45.391935" lon="-75.8681"><ele>24.0</ele><time>2024-06-08T17:49:38Z</time></trkpt>
<trkpt lat="45.391923" lon="-75.868118"><ele>24.0</ele><time>2024-06-08T17:49:39Z</time></trkpt>
<trkpt lat="45.39191" lon="-75.868136"><ele>24.0</ele><time>2024-06-08T17:49:40Z</time></trkpt>
<trkpt lat="45.391897" lon="-75.868163"><ele>24.0</ele><time>2024-06-08T17:49:41Z</time></trkpt>
<trkpt lat="45.391882" lon="-75.868181"><ele>24.0</ele><time>2024-06-08T17:49:42Z</time></trkpt>
<trkpt lat="45.391863" lon="-75.868199"><ele>24.0</ele><time>2024-06-08T17:49:43Z</time></trkpt>
<trkpt lat="45.391847" lon="-75.868217"><ele>24.0</ele><time>2024-06-08T17:49:44Z</time></trkpt>
<trkpt lat="45.391828" lon="-75.868235"><ele>24.0</ele><time>2024-06-08T17:49:45Z</time></trkpt>
<trkpt lat="45.391812" lon="-75.868253"><ele>24.0</ele><time>2024-06-08T17:49:46Z</time></trkpt>
<trkpt lat="45.391793" lon="-75.868271"><ele>25.0</ele><time>2024-06-08T17:49:47Z</time></trkpt>
<trkpt lat="45.391777" lon="-75.868298"><ele>25.0</ele><time>2024-06-08T17:49:48Z</time></trkpt>
<trkpt lat="45.391758" lon="-75.868316"><ele>25.0</ele><time>2024-06-08T17:49:49Z</time></trkpt>
<trkpt lat="45.391739" lon="-75.868334"><ele>25.0</ele><time>2024-06-08T17:49:50Z</time></trkpt>
<trkpt lat="45.39172" lon="-75.868361"><ele>25.0</ele><time>2024-06-08T17:49:51Z</time></trkpt>
<trkpt lat="45.391701" lon="-75.868379"><ele>25.0</ele><time>2024-06-08T17:49:52Z</time></trkpt>
<trkpt lat="45.391682" lon="-75.868406"><ele>25.0</ele><time>2024-06-08T17:49:53Z</time></trkpt>
<trkpt lat="45.391663" lon="-75.868432"><ele>25.0</ele><time>2024-06-08T17:49:54Z</time></trkpt>
<trkpt lat="45.391647" lon="-75.868459"><ele>25.0</ele><time>2024-06-08T17:49:55Z</time></trkpt>
<trkpt lat="45.391632" lon="-75.868486"><ele>25.0</ele><time>2024-06-08T17:49:56Z</time></trkpt>
<trkpt lat="45.391613" lon="-75.868513"><ele>25.0</ele><time>2024-06-08T17:49:57Z</time></trkpt>
<trkpt lat="45.39159" lon="-75.868531"><ele>26.0</ele><time>2024-06-08T17:49:58Z</time></trkpt>
<trkpt lat="45.391571" lon="-75.868558"><ele>26.0</ele><time>2024-06-08T17:49:59Z</time></trkpt>
<trkpt lat="45.391549" lon="-75.868576"><ele>26.0</ele><time>2024-06-08T17:50:00Z</time></trkpt>
<trkpt lat="45.391527" lon="-75.868603"><ele>26.0</ele><time>2024-06-08T17:50:01Z</time></trkpt>
<trkpt lat="45.391508" lon="-75.86863"><ele>26.0</ele><time>2024-06-08T17:50:02Z</time></trkpt>
<trkpt lat="45.391486" lon="-75.868648"><ele>26.0</ele><time>2024-06-08T17:50:03Z</time></trkpt>
<trkpt lat="45.391464" lon="-75.868675"><ele>26.0</ele><time>2024-06-08T17:50:04Z</time></trkpt>
<trkpt lat="45.391445" lon="-75.868702"><ele>26.0</ele><time>2024-06-08T17:50:05Z</time></trkpt>
<trkpt lat="45.391426" lon="-75.868729"><ele>26.0</ele><time>2024-06-08T17:50:06Z</time></trkpt>
<trkpt lat="45.391404" lon="-75.868747"><ele>26.0</ele><time>2024-06-08T17:50:07Z</time></trkpt>
<trkpt lat="45.391382" lon="-75.868774"><ele>26.0</ele><time>2024-06-08T17:50:08Z</time></trkpt>
<trkpt lat="45.391363" lon="-75.868792"><ele>26.0</ele><time>2024-06-08T17:50:09Z</time></trkpt>
<trkpt lat="45.391344" lon="-75.868819"><ele>26.0</ele><time>2024-06-08T17:50:10Z</time></trkpt>
<trkpt lat="45.391328" lon="-75.868846"><ele>26.0</ele><time>2024-06-08T17:50:11Z</time></trkpt>
<trkpt lat="45.391312" lon="-75.868873"><ele>26.0</ele><time>2024-06-08T17:50:12Z</time></trkpt>
<trkpt lat="45.39129" lon="-75.8689"><ele>26.0</ele><time>2024-06-08T17:50:13Z</time></trkpt>
<trkpt lat="45.391268" lon="-75.868918"><ele>26.0</ele><time>2024-06-08T17:50:14Z</time></trkpt>
<trkpt lat="45.391246" lon="-75.868944"><ele>26.0</ele><time>2024-06-08T17:50:15Z</time></trkpt>
<trkpt lat="45.391223" lon="-75.868962"><ele>26.0</ele><time>2024-06-08T17:50:16Z</time></trkpt>
<trkpt lat="45.391201" lon="-75.868989"><ele>26.0</ele><time>2024-06-08T17:50:17Z</time></trkpt>
<trkpt lat="45.391182" lon="-75.869007"><ele>26.0</ele><time>2024-06-08T17:50:18Z</time></trkpt>
<trkpt lat="45.39116" lon="-75.869034"><ele>25.0</ele><time>2024-06-08T17:50:19Z</time></trkpt>
<trkpt lat="45.391138" lon="-75.869052"><ele>26.0</ele><time>2024-06-08T17:50:20Z</time></trkpt>
<trkpt lat="45.391116" lon="-75.86907"><ele>26.0</ele><time>2024-06-08T17:50:21Z</time></trkpt>
<trkpt lat="45.39109" lon="-75.869088"><ele>26.0</ele><time>2024-06-08T17:50:22Z</time></trkpt>
<trkpt lat="45.391068" lon="-75.869106"><ele>25.0</ele><time>2024-06-08T17:50:23Z</time></trkpt>
<trkpt lat="45.391046" lon="-75.869133"><ele>26.0</ele><time>2024-06-08T17:50:24Z</time></trkpt>
<trkpt lat="45.391027" lon="-75.86916"><ele>25.0</ele><time>2024-06-08T17:50:25Z</time></trkpt>
<trkpt lat="45.391005" lon="-75.869187"><ele>25.0</ele><time>2024-06-08T17:50:26Z</time></trkpt>
<trkpt lat="45.390986" lon="-75.869205"><ele>25.0</ele><time>2024-06-08T17:50:27Z</time></trkpt>
<trkpt lat="45.390964" lon="-75.869223"><ele>25.0</ele><time>2024-06-08T17:50:28Z</time></trkpt>
<trkpt lat="45.390942" lon="-75.86925"><ele>25.0</ele><time>2024-06-08T17:50:29Z</time></trkpt>
<trkpt lat="45.390923" lon="-75.869268"><ele>25.0</ele><time>2024-06-08T17:50:30Z</time></trkpt>
<trkpt lat="45.390897" lon="-75.869295"><ele>25.0</ele><time>2024-06-08T17:50:31Z</time></trkpt>
<trkpt lat="45.390875" lon="-75.869313"><ele>25.0</ele><time>2024-06-08T17:50:32Z</time></trkpt>
<trkpt lat="45.39085" lon="-75.869331"><ele>25.0</ele><time>2024-06-08T17:50:33Z</time></trkpt>
<trkpt lat="45.390825" lon="-75.86934"><ele>25.0</ele><time>2024-06-08T17:50:34Z</time></trkpt>
<trkpt lat="45.390802" lon="-75.869367"><ele>25.0</ele><time>2024-06-08T17:50:35Z</time></trkpt>
<trkpt lat="45.39078" lon="-75.869394"><ele>25.0</ele><time>2024-06-08T17:50:36Z</time></trkpt>
<trkpt lat="45.390758" lon="-75.869412"><ele>25.0</ele><time>2024-06-08T17:50:37Z</time></trkpt>
<trkpt lat="45.390733" lon="-75.86943"><ele>25.0</ele><time>2024-06-08T17:50:38Z</time></trkpt>
<trkpt lat="45.390708" lon="-75.869448"><ele>25.0</ele><time>2024-06-08T17:50:39Z</time></trkpt>
<trkpt lat="45.390685" lon="-75.869465"><ele>25.0</ele><time>2024-06-08T17:50:40Z</time></trkpt>
<trkpt lat="45.390663" lon="-75.869483"><ele>25.0</ele><time>2024-06-08T17:50:41Z</time></trkpt>
<trkpt lat="45.390641" lon="-75.869501"><ele>25.0</ele><time>2024-06-08T17:50:42Z</time></trkpt>
<trkpt lat="45.390616" lon="-75.869528"><ele>25.0</ele><time>2024-06-08T17:50:43Z</time></trkpt>
<trkpt lat="45.390597" lon="-75.869546"><ele>24.0</ele><time>2024-06-08T17:50:44Z</time></trkpt>
<trkpt lat="45.390575" lon="-75.869573"><ele>25.0</ele><time>2024-06-08T17:50:45Z</time></trkpt>
<trkpt lat="45.390556" lon="-75.869591"><ele>25.0</ele><time>2024-06-08T17:50:46Z</time></trkpt>
<trkpt lat="45.390533" lon="-75.869618"><ele>25.0</ele><time>2024-06-08T17:50:47Z</time></trkpt>
<trkpt lat="45.390514" lon="-75.869636"><ele>25.0</ele><time>2024-06-08T17:50:48Z</time></trkpt>
<trkpt lat="45.390492" lon="-75.869654"><ele>25.0</ele><time>2024-06-08T17:50:49Z</time></trkpt>
<trkpt lat="45.390473" lon="-75.869681"><ele>25.0</ele><time>2024-06-08T17:50:50Z</time></trkpt>
<trkpt lat="45.390454" lon="-75.869708"><ele>25.0</ele><time>2024-06-08T17:50:51Z</time></trkpt>
<trkpt lat="45.390439" lon="-75.869735"><ele>25.0</ele><time>2024-06-08T17:50:52Z</time></trkpt>
<trkpt lat="45.390423" lon="-75.869762"><ele>25.0</ele><time>2024-06-08T17:50:53Z</time></trkpt>
<trkpt lat="45.390404" lon="-75.869789"><ele>25.0</ele><time>2024-06-08T17:50:54Z</time></trkpt>
<trkpt lat="45.390388" lon="-75.869816"><ele>25.0</ele><time>2024-06-08T17:50:55Z</time></trkpt>
<trkpt lat="45.390369" lon="-75.869843"><ele>24.0</ele><time>2024-06-08T17:50:56Z</time></trkpt>
<trkpt lat="45.39035" lon="-75.86987"><ele>25.0</ele><time>2024-06-08T17:50:57Z</time></trkpt>
<trkpt lat="45.390331" lon="-75.869888"><ele>24.0</ele><time>2024-06-08T17:50:58Z</time></trkpt>
<trkpt lat="45.390312" lon="-75.869915"><ele>25.0</ele><time>2024-06-08T17:50:59Z</time></trkpt>
<trkpt lat="45.390296" lon="-75.869942"><ele>24.0</ele><time>2024-06-08T17:51:00Z</time></trkpt>
<trkpt lat="45.390277" lon="-75.869969"><ele>24.0</ele><time>2024-06-08T17:51:01Z</time></trkpt>
<trkpt lat="45.390258" lon="-75.869995"><ele>24.0</ele><time>2024-06-08T17:51:02Z</time></trkpt>
<trkpt lat="45.390242" lon="-75.870022"><ele>24.0</ele><time>2024-06-08T17:51:03Z</time></trkpt>
<trkpt lat="45.390223" lon="-75.870049"><ele>24.0</ele><time>2024-06-08T17:51:04Z</time></trkpt>
<trkpt lat="45.390208" lon="-75.870076"><ele>24.0</ele><time>2024-06-08T17:51:05Z</time></trkpt>
<trkpt lat="45.390192" lon="-75.870103"><ele>24.0</ele><time>2024-06-08T17:51:06Z</time></trkpt>
<trkpt lat="45.390173" lon="-75.87013"><ele>24.0</ele><time>2024-06-08T17:51:07Z</time></trkpt>
<trkpt lat="45.390154" lon="-75.870157"><ele>24.0</ele><time>2024-06-08T17:51:08Z</time></trkpt>
<trkpt lat="45.390138" lon="-75.870184"><ele>24.0</ele><time>2024-06-08T17:51:09Z</time></trkpt>
<trkpt lat="45.390122" lon="-75.870211"><ele>24.0</ele><time>2024-06-08T17:51:10Z</time></trkpt>
<trkpt lat="45.390106" lon="-75.870238"><ele>24.0</ele><time>2024-06-08T17:51:11Z</time></trkpt>
<trkpt lat="45.390087" lon="-75.870265"><ele>24.0</ele><time>2024-06-08T17:51:12Z</time></trkpt>
<trkpt lat="45.390065" lon="-75.870283"><ele>24.0</ele><time>2024-06-08T17:51:13Z</time></trkpt>
<trkpt lat="45.390046" lon="-75.87031"><ele>24.0</ele><time>2024-06-08T17:51:14Z</time></trkpt>
<trkpt lat="45.39003" lon="-75.870337"><ele>24.0</ele><time>2024-06-08T17:51:15Z</time></trkpt>
<trkpt lat="45.390014" lon="-75.870364"><ele>24.0</ele><time>2024-06-08T17:51:16Z</time></trkpt>
<trkpt lat="45.389999" lon="-75.870391"><ele>24.0</ele><time>2024-06-08T17:51:17Z</time></trkpt>
<trkpt lat="45.38998" lon="-75.870409"><ele>24.0</ele><time>2024-06-08T17:51:18Z</time></trkpt>
<trkpt lat="45.389961" lon="-75.870436"><ele>24.0</ele><time>2024-06-08T17:51:19Z</time></trkpt>
<trkpt lat="45.389945" lon="-75.870463"><ele>24.0</ele><time>2024-06-08T17:51:20Z</time></trkpt>
<trkpt lat="45.389929" lon="-75.87049"><ele>24.0</ele><time>2024-06-08T17:51:21Z</time></trkpt>
<trkpt lat="45.389913" lon="-75.870516"><ele>24.0</ele><time>2024-06-08T17:51:22Z</time></trkpt>
<trkpt lat="45.389897" lon="-75.870534"><ele>24.0</ele><time>2024-06-08T17:51:23Z</time></trkpt>
<trkpt lat="45.389878" lon="-75.870561"><ele>24.0</ele><time>2024-06-08T17:51:24Z</time></trkpt>
<trkpt lat="45.389859" lon="-75.870588"><ele>24.0</ele><time>2024-06-08T17:51:25Z</time></trkpt>
<trkpt lat="45.389844" lon="-75.870615"><ele>24.0</ele><time>2024-06-08T17:51:26Z</time></trkpt>
<trkpt lat="45.389828" lon="-75.870642"><ele>24.0</ele><time>2024-06-08T17:51:27Z</time></trkpt>
<trkpt lat="45.389815" lon="-75.870669"><ele>24.0</ele><time>2024-06-08T17:51:28Z</time></trkpt>
<trkpt lat="45.389796" lon="-75.870696"><ele>24.0</ele><time>2024-06-08T17:51:29Z</time></trkpt>
<trkpt lat="45.389777" lon="-75.870723"><ele>24.0</ele><time>2024-06-08T17:51:30Z</time></trkpt>
<trkpt lat="45.389761" lon="-75.87075"><ele>24.0</ele><time>2024-06-08T17:51:31Z</time></trkpt>
<trkpt lat="45.389749" lon="-75.870777"><ele>24.0</ele><time>2024-06-08T17:51:32Z</time></trkpt>
<trkpt lat="45.389733" lon="-75.870804"><ele>24.0</ele><time>2024-06-08T17:51:33Z</time></trkpt>
<trkpt lat="45.389714" lon="-75.870831"><ele>24.0</ele><time>2024-06-08T17:51:34Z</time></trkpt>
<trkpt lat="45.389698" lon="-75.870858"><ele>24.0</ele><time>2024-06-08T17:51:35Z</time></trkpt>
<trkpt lat="45.389682" lon="-75.870885"><ele>24.0</ele><time>2024-06-08T17:51:36Z</time></trkpt>
<trkpt lat="45.38967" lon="-75.870921"><ele>24.0</ele><time>2024-06-08T17:51:37Z</time></trkpt>
<trkpt lat="45.389654" lon="-75.870948"><ele>23.0</ele><time>2024-06-08T17:51:38Z</time></trkpt>
<trkpt lat="45.389638" lon="-75.870975"><ele>24.0</ele><time>2024-06-08T17:51:39Z</time></trkpt>
<trkpt lat="45.389622" lon="-75.871011"><ele>23.0</ele><time>2024-06-08T17:51:40Z</time></trkpt>
<trkpt lat="45.389603" lon="-75.871037"><ele>24.0</ele><time>2024-06-08T17:51:41Z</time></trkpt>
<trkpt lat="45.389584" lon="-75.871055"><ele>23.0</ele><time>2024-06-08T17:51:42Z</time></trkpt>
<trkpt lat="45.389565" lon="-75.871082"><ele>24.0</ele><time>2024-06-08T17:51:43Z</time></trkpt>
<trkpt lat="45.389549" lon="-75.871118"><ele>23.0</ele><time>2024-06-08T17:51:44Z</time></trkpt>
<trkpt lat="45.389537" lon="-75.871145"><ele>24.0</ele><time>2024-06-08T17:51:45Z</time></trkpt>
<trkpt lat="45.389521" lon="-75.871172"><ele>23.0</ele><time>2024-06-08T17:51:46Z</time></trkpt>
<trkpt lat="45.389502" lon="-75.871199"><ele>24.0</ele><time>2024-06-08T17:51:47Z</time></trkpt>
<trkpt lat="45.389486" lon="-75.871226"><ele>23.0</ele><time>2024-06-08T17:51:48Z</time></trkpt>
<trkpt lat="45.389473" lon="-75.871253"><ele>24.0</ele><time>2024-06-08T17:51:49Z</time></trkpt>
<trkpt lat="45.389464" lon="-75.871289"><ele>24.0</ele><time>2024-06-08T17:51:50Z</time></trkpt>
<trkpt lat="45.389461" lon="-75.871316"><ele>24.0</ele><time>2024-06-08T17:51:51Z</time></trkpt>
<trkpt lat="45.389464" lon="-75.871343"><ele>24.0</ele><time>2024-06-08T17:51:52Z</time></trkpt>
<trkpt lat="45.38947" lon="-75.871361"><ele>24.0</ele><time>2024-06-08T17:51:53Z</time></trkpt>
<trkpt lat="45.38948" lon="-75.871379"><ele>24.0</ele><time>2024-06-08T17:51:54Z</time></trkpt>
<trkpt lat="45.389492" lon="-75.871388"><ele>24.0</ele><time>2024-06-08T17:51:55Z</time></trkpt>
<trkpt lat="45.389505" lon="-75.871397"><ele>24.0</ele><time>2024-06-08T17:51:56Z</time></trkpt>
<trkpt lat="45.389518" lon="-75.871397"><ele>24.0</ele><time>2024-06-08T17:51:57Z</time></trkpt>
<trkpt lat="45.389537" lon="-75.871397"><ele>24.0</ele><time>2024-06-08T17:51:58Z</time></trkpt>
<trkpt lat="45.389556" lon="-75.871397"><ele>24.0</ele><time>2024-06-08T17:51:59Z</time></trkpt>
<trkpt lat="45.389575" lon="-75.871388"><ele>24.0</ele><time>2024-06-08T17:52:00Z</time></trkpt>
<trkpt lat="45.389597" lon="-75.871388"><ele>24.0</ele><time>2024-06-08T17:52:01Z</time></trkpt>
<trkpt lat="45.389619" lon="-75.871388"><ele>24.0</ele><time>2024-06-08T17:52:02Z</time></trkpt>
<trkpt lat="45.389638" lon="-75.871388"><ele>24.0</ele><time>2024-06-08T17:52:03Z</time></trkpt>
<trkpt lat="45.38966" lon="-75.871397"><ele>24.0</ele><time>2024-06-08T17:52:04Z</time></trkpt>
<trkpt lat="45.389682" lon="-75.871397"><ele>24.0</ele><time>2024-06-08T17:52:05Z</time></trkpt>
<trkpt lat="45.389701" lon="-75.871406"><ele>24.0</ele><time>2024-06-08T17:52:06Z</time></trkpt>
<trkpt lat="45.389723" lon="-75.871415"><ele>24.0</ele><time>2024-06-08T17:52:07Z</time></trkpt>
<trkpt lat="45.389742" lon="-75.871424"><ele>24.0</ele><time>2024-06-08T17:52:08Z</time></trkpt>
<trkpt lat="45.389761" lon="-75.871433"><ele>24.0</ele><time>2024-06-08T17:52:09Z</time></trkpt>
<trkpt lat="45.38978" lon="-75.871442"><ele>24.0</ele><time>2024-06-08T17:52:10Z</time></trkpt>
<trkpt lat="45.389802" lon="-75.871451"><ele>24.0</ele><time>2024-06-08T17:52:11Z</time></trkpt>
<trkpt lat="45.389821" lon="-75.87146"><ele>24.0</ele><time>2024-06-08T17:52:12Z</time></trkpt>
<trkpt lat="45.38984" lon="-75.871469"><ele>24.0</ele><time>2024-06-08T17:52:13Z</time></trkpt>
<trkpt lat="45.389859" lon="-75.871487"><ele>24.0</ele><time>2024-06-08T17:52:14Z</time></trkpt>
<trkpt lat="45.389872" lon="-75.871505"><ele>24.0</ele><time>2024-06-08T17:52:15Z</time></trkpt>
<trkpt lat="45.389882" lon="-75.871523"><ele>23.0</ele><time>2024-06-08T17:52:16Z</time></trkpt>
<trkpt lat="45.389888" lon="-75.87154"><ele>23.0</ele><time>2024-06-08T17:52:17Z</time></trkpt>
<trkpt lat="45.389897" lon="-75.871558"><ele>23.0</ele><time>2024-06-08T17:52:18Z</time></trkpt>
<trkpt lat="45.38991" lon="-75.871567"><ele>23.0</ele><time>2024-06-08T17:52:19Z</time></trkpt>
<trkpt lat="45.389926" lon="-75.871585"><ele>23.0</ele><time>2024-06-08T17:52:20Z</time></trkpt>
<trkpt lat="45.389948" lon="-75.871594"><ele>24.0</ele><time>2024-06-08T17:52:21Z</time></trkpt>
<trkpt lat="45.389964" lon="-75.871603"><ele>24.0</ele><time>2024-06-08T17:52:22Z</time></trkpt>
<trkpt lat="45.389983" lon="-75.871612"><ele>24.0</ele><time>2024-06-08T17:52:23Z</time></trkpt>
<trkpt lat="45.390002" lon="-75.871621"><ele>24.0</ele><time>2024-06-08T17:52:24Z</time></trkpt>
<trkpt lat="45.390021" lon="-75.87163"><ele>24.0</ele><time>2024-06-08T17:52:25Z</time></trkpt>
<trkpt lat="45.39004" lon="-75.871639"><ele>24.0</ele><time>2024-06-08T17:52:26Z</time></trkpt>
<trkpt lat="45.390059" lon="-75.871657"><ele>24.0</ele><time>2024-06-08T17:52:27Z</time></trkpt>
<trkpt lat="45.390081" lon="-75.871666"><ele>24.0</ele><time>2024-06-08T17:52:28Z</time></trkpt>
<trkpt lat="45.390106" lon="-75.871675"><ele>24.0</ele><time>2024-06-08T17:52:29Z</time></trkpt>
<trkpt lat="45.390128" lon="-75.871684"><ele>24.0</ele><time>2024-06-08T17:52:30Z</time></trkpt>
<trkpt lat="45.390151" lon="-75.871693"><ele>24.0</ele><time>2024-06-08T17:52:31Z</time></trkpt>
<trkpt lat="45.390176" lon="-75.871702"><ele>24.0</ele><time>2024-06-08T17:52:32Z</time></trkpt>
<trkpt lat="45.390198" lon="-75.87172"><ele>24.0</ele><time>2024-06-08T17:52:33Z</time></trkpt>
<trkpt lat="45.39022" lon="-75.871738"><ele>24.0</ele><time>2024-06-08T17:52:34Z</time></trkpt>
<trkpt lat="45.390245" lon="-75.871747"><ele>24.0</ele><time>2024-06-08T17:52:35Z</time></trkpt>
<trkpt lat="45.390268" lon="-75.871765"><ele>24.0</ele><time>2024-06-08T17:52:36Z</time></trkpt>
<trkpt lat="45.390293" lon="-75.871774"><ele>24.0</ele><time>2024-06-08T17:52:37Z</time></trkpt>
<trkpt lat="45.390318" lon="-75.871783"><ele>24.0</ele><time>2024-06-08T17:52:38Z</time></trkpt>
<trkpt lat="45.39034" lon="-75.871792"><ele>24.0</ele><time>2024-06-08T17:52:39Z</time></trkpt>
<trkpt lat="45.390366" lon="-75.87181"><ele>24.0</ele><time>2024-06-08T17:52:40Z</time></trkpt>
<trkpt lat="45.390388" lon="-75.871819"><ele>24.0</ele><time>2024-06-08T17:52:41Z</time></trkpt>
<trkpt lat="45.390413" lon="-75.871837"><ele>24.0</ele><time>2024-06-08T17:52:42Z</time></trkpt>
<trkpt lat="45.390435" lon="-75.871846"><ele>24.0</ele><time>2024-06-08T17:52:43Z</time></trkpt>
<trkpt lat="45.390461" lon="-75.871855"><ele>24.0</ele><time>2024-06-08T17:52:44Z</time></trkpt>
<trkpt lat="45.390483" lon="-75.871864"><ele>24.0</ele><time>2024-06-08T17:52:45Z</time></trkpt>
<trkpt lat="45.390508" lon="-75.871873"><ele>24.0</ele><time>2024-06-08T17:52:46Z</time></trkpt>
<trkpt lat="45.390533" lon="-75.871882"><ele>24.0</ele><time>2024-06-08T17:52:47Z</time></trkpt>
<trkpt lat="45.390556" lon="-75.871891"><ele>24.0</ele><time>2024-06-08T17:52:48Z</time></trkpt>
<trkpt lat="45.390581" lon="-75.871891"><ele>24.0</ele><time>2024-06-08T17:52:49Z</time></trkpt>
<trkpt lat="45.390609" lon="-75.8719"><ele>24.0</ele><time>2024-06-08T17:52:50Z</time></trkpt>
<trkpt lat="45.390632" lon="-75.871909"><ele>24.0</ele><time>2024-06-08T17:52:51Z</time></trkpt>
<trkpt lat="45.390654" lon="-75.871927"><ele>24.0</ele><time>2024-06-08T17:52:52Z</time></trkpt>
<trkpt lat="45.390676" lon="-75.871936"><ele>24.0</ele><time>2024-06-08T17:52:53Z</time></trkpt>
<trkpt lat="45.390698" lon="-75.871945"><ele>24.0</ele><time>2024-06-08T17:52:54Z</time></trkpt>
<trkpt lat="45.39072" lon="-75.871963"><ele>24.0</ele><time>2024-06-08T17:52:55Z</time></trkpt>
<trkpt lat="45.390746" lon="-75.871972"><ele>24.0</ele><time>2024-06-08T17:52:56Z</time></trkpt>
<trkpt lat="45.390768" lon="-75.87199"><ele>24.0</ele><time>2024-06-08T17:52:57Z</time></trkpt>
<trkpt lat="45.39079" lon="-75.871999"><ele>24.0</ele><time>2024-06-08T17:52:58Z</time></trkpt>
<trkpt lat="45.390812" lon="-75.872008"><ele>24.0</ele><time>2024-06-08T17:52:59Z</time></trkpt>
<trkpt lat="45.390837" lon="-75.872017"><ele>24.0</ele><time>2024-06-08T17:53:00Z</time></trkpt>
<trkpt lat="45.390859" lon="-75.872035"><ele>24.0</ele><time>2024-06-08T17:53:01Z</time></trkpt>
<trkpt lat="45.390882" lon="-75.872044"><ele>24.0</ele><time>2024-06-08T17:53:02Z</time></trkpt>
<trkpt lat="45.390904" lon="-75.872062"><ele>24.0</ele><time>2024-06-08T17:53:03Z</time></trkpt>
<trkpt lat="45.390929" lon="-75.87207"><ele>24.0</ele><time>2024-06-08T17:53:04Z</time></trkpt>
<trkpt lat="45.390951" lon="-75.872079"><ele>25.0</ele><time>2024-06-08T17:53:05Z</time></trkpt>
<trkpt lat="45.390973" lon="-75.872088"><ele>24.0</ele><time>2024-06-08T17:53:06Z</time></trkpt>
<trkpt lat="45.390999" lon="-75.872097"><ele>24.0</ele><time>2024-06-08T17:53:07Z</time></trkpt>
<trkpt lat="45.391021" lon="-75.872115"><ele>24.0</ele><time>2024-06-08T17:53:08Z</time></trkpt>
<trkpt lat="45.391043" lon="-75.872124"><ele>24.0</ele><time>2024-06-08T17:53:09Z</time></trkpt>
<trkpt lat="45.391065" lon="-75.872142"><ele>25.0</ele><time>2024-06-08T17:53:10Z</time></trkpt>
<trkpt lat="45.391087" lon="-75.872151"><ele>24.0</ele><time>2024-06-08T17:53:11Z</time></trkpt>
<trkpt lat="45.391109" lon="-75.87216"><ele>25.0</ele><time>2024-06-08T17:53:12Z</time></trkpt>
<trkpt lat="45.391132" lon="-75.872169"><ele>24.0</ele><time>2024-06-08T17:53:13Z</time></trkpt>
<trkpt lat="45.391154" lon="-75.872187"><ele>24.0</ele><time>2024-06-08T17:53:14Z</time></trkpt>
<trkpt lat="45.391176" lon="-75.872205"><ele>24.0</ele><time>2024-06-08T17:53:15Z</time></trkpt>
<trkpt lat="45.391198" lon="-75.872223"><ele>24.0</ele><time>2024-06-08T17:53:16Z</time></trkpt>
<trkpt lat="45.39122" lon="-75.872232"><ele>24.0</ele><time>2024-06-08T17:53:17Z</time></trkpt>
<trkpt lat="45.391242" lon="-75.872241"><ele>24.0</ele><time>2024-06-08T17:53:18Z</time></trkpt>
<trkpt lat="45.391265" lon="-75.87225"><ele>24.0</ele><time>2024-06-08T17:53:19Z</time></trkpt>
<trkpt lat="45.39129" lon="-75.872259"><ele>24.0</ele><time>2024-06-08T17:53:20Z</time></trkpt>
<trkpt lat="45.391312" lon="-75.872259"><ele>24.0</ele><time>2024-06-08T17:53:21Z</time></trkpt>
<trkpt lat="45.391334" lon="-75.872277"><ele>24.0</ele><time>2024-06-08T17:53:22Z</time></trkpt>
<trkpt lat="45.391356" lon="-75.872286"><ele>24.0</ele><time>2024-06-08T17:53:23Z</time></trkpt>
<trkpt lat="45.391378" lon="-75.872304"><ele>24.0</ele><time>2024-06-08T17:53:24Z</time></trkpt>
<trkpt lat="45.391407" lon="-75.872313"><ele>24.0</ele><time>2024-06-08T17:53:25Z</time></trkpt>
<trkpt lat="45.391429" lon="-75.872322"><ele>25.0</ele><time>2024-06-08T17:53:26Z</time></trkpt>
<trkpt lat="45.391454" lon="-75.872331"><ele>25.0</ele><time>2024-06-08T17:53:27Z</time></trkpt>
<trkpt lat="45.39148" lon="-75.872331"><ele>24.0</ele><time>2024-06-08T17:53:28Z</time></trkpt>
<trkpt lat="45.391505" lon="-75.87234"><ele>25.0</ele><time>2024-06-08T17:53:29Z</time></trkpt>
<trkpt lat="45.39153" lon="-75.872349"><ele>24.0</ele><time>2024-06-08T17:53:30Z</time></trkpt>
<trkpt lat="45.391556" lon="-75.872358"><ele>25.0</ele><time>2024-06-08T17:53:31Z</time></trkpt>
<trkpt lat="45.391584" lon="-75.872358"><ele>25.0</ele><time>2024-06-08T17:53:32Z</time></trkpt>
<trkpt lat="45.391609" lon="-75.872367"><ele>24.0</ele><time>2024-06-08T17:53:33Z</time></trkpt>
<trkpt lat="45.391635" lon="-75.872376"><ele>24.0</ele><time>2024-06-08T17:53:34Z</time></trkpt>
<trkpt lat="45.39166" lon="-75.872385"><ele>24.0</ele><time>2024-06-08T17:53:35Z</time></trkpt>
<trkpt lat="45.391685" lon="-75.872394"><ele>24.0</ele><time>2024-06-08T17:53:36Z</time></trkpt>
<trkpt lat="45.391711" lon="-75.872403"><ele>24.0</ele><time>2024-06-08T17:53:37Z</time></trkpt>
<trkpt lat="45.391736" lon="-75.872412"><ele>23.0</ele><time>2024-06-08T17:53:38Z</time></trkpt>
<trkpt lat="45.391761" lon="-75.872421"><ele>24.0</ele><time>2024-06-08T17:53:39Z</time></trkpt>
<trkpt lat="45.391787" lon="-75.87243"><ele>24.0</ele><time>2024-06-08T17:53:40Z</time></trkpt>
<trkpt lat="45.391809" lon="-75.872439"><ele>24.0</ele><time>2024-06-08T17:53:41Z</time></trkpt>
<trkpt lat="45.391834" lon="-75.872448"><ele>24.0</ele><time>2024-06-08T17:53:42Z</time></trkpt>
<trkpt lat="45.391859" lon="-75.872457"><ele>24.0</ele><time>2024-06-08T17:53:43Z</time></trkpt>
<trkpt lat="45.391885" lon="-75.872475"><ele>24.0</ele><time>2024-06-08T17:53:44Z</time></trkpt>
<trkpt lat="45.391907" lon="-75.872484"><ele>24.0</ele><time>2024-06-08T17:53:45Z</time></trkpt>
<trkpt lat="45.391932" lon="-75.872502"><ele>24.0</ele><time>2024-06-08T17:53:46Z</time></trkpt>
<trkpt lat="45.391958" lon="-75.87252"><ele>24.0</ele><time>2024-06-08T17:53:47Z</time></trkpt>
<trkpt lat="45.391983" lon="-75.872529"><ele>24.0</ele><time>2024-06-08T17:53:48Z</time></trkpt>
<trkpt lat="45.392008" lon="-75.872547"><ele>23.0</ele><time>2024-06-08T17:53:49Z</time></trkpt>
<trkpt lat="45.39203" lon="-75.872556"><ele>23.0</ele><time>2024-06-08T17:53:50Z</time></trkpt>
<trkpt lat="45.392056" lon="-75.872574"><ele>23.0</ele><time>2024-06-08T17:53:51Z</time></trkpt>
<trkpt lat="45.392081" lon="-75.872583"><ele>23.0</ele><time>2024-06-08T17:53:52Z</time></trkpt>
<trkpt lat="45.392106" lon="-75.872591"><ele>23.0</ele><time>2024-06-08T17:53:53Z</time></trkpt>
<trkpt lat="45.392132" lon="-75.8726"><ele>23.0</ele><time>2024-06-08T17:53:54Z</time></trkpt>
<trkpt lat="45.392157" lon="-75.872618"><ele>23.0</ele><time>2024-06-08T17:53:55Z</time></trkpt>
<trkpt lat="45.392179" lon="-75.872627"><ele>23.0</ele><time>2024-06-08T17:53:56Z</time></trkpt>
<trkpt lat="45.392204" lon="-75.872636"><ele>23.0</ele><time>2024-06-08T17:53:57Z</time></trkpt>
<trkpt lat="45.392227" lon="-75.872645"><ele>24.0</ele><time>2024-06-08T17:53:58Z</time></trkpt>
<trkpt lat="45.392249" lon="-75.872663"><ele>23.0</ele><time>2024-06-08T17:53:59Z</time></trkpt>
<trkpt lat="45.392274" lon="-75.872663"><ele>24.0</ele><time>2024-06-08T17:54:00Z</time></trkpt>
<trkpt lat="45.392296" lon="-75.872672"><ele>24.0</ele><time>2024-06-08T17:54:01Z</time></trkpt>
<trkpt lat="45.392322" lon="-75.872681"><ele>24.0</ele><time>2024-06-08T17:54:02Z</time></trkpt>
<trkpt lat="45.392347" lon="-75.872681"><ele>24.0</ele><time>2024-06-08T17:54:03Z</time></trkpt>
<trkpt lat="45.392372" lon="-75.87269"><ele>24.0</ele><time>2024-06-08T17:54:04Z</time></trkpt>
<trkpt lat="45.392397" lon="-75.87269"><ele>24.0</ele><time>2024-06-08T17:54:05Z</time></trkpt>
<trkpt lat="45.392416" lon="-75.872699"><ele>23.0</ele><time>2024-06-08T17:54:06Z</time></trkpt>
<trkpt lat="45.392442" lon="-75.872708"><ele>24.0</ele><time>2024-06-08T17:54:07Z</time></trkpt>
<trkpt lat="45.392464" lon="-75.872717"><ele>23.0</ele><time>2024-06-08T17:54:08Z</time></trkpt>
<trkpt lat="45.392489" lon="-75.872726"><ele>24.0</ele><time>2024-06-08T17:54:09Z</time></trkpt>
<trkpt lat="45.392515" lon="-75.872726"><ele>24.0</ele><time>2024-06-08T17:54:10Z</time></trkpt>
<trkpt lat="45.39254" lon="-75.872735"><ele>24.0</ele><time>2024-06-08T17:54:11Z</time></trkpt>
<trkpt lat="45.392562" lon="-75.872735"><ele>24.0</ele><time>2024-06-08T17:54:12Z</time></trkpt>
<trkpt lat="45.392587" lon="-75.872744"><ele>24.0</ele><time>2024-06-08T17:54:13Z</time></trkpt>
<trkpt lat="45.392609" lon="-75.872753"><ele>24.0</ele><time>2024-06-08T17:54:14Z</time></trkpt>
<trkpt lat="45.392635" lon="-75.872762"><ele>24.0</ele><time>2024-06-08T17:54:15Z</time></trkpt>
<trkpt lat="45.39266" lon="-75.872771"><ele>24.0</ele><time>2024-06-08T17:54:16Z</time></trkpt>
<trkpt lat="45.392682" lon="-75.872771"><ele>24.0</ele><time>2024-06-08T17:54:17Z</time></trkpt>
<trkpt lat="45.392704" lon="-75.87278"><ele>24.0</ele><time>2024-06-08T17:54:18Z</time></trkpt>
<trkpt lat="45.392727" lon="-75.872789"><ele>24.0</ele><time>2024-06-08T17:54:19Z</time></trkpt>
<trkpt lat="45.392749" lon="-75.872798"><ele>24.0</ele><time>2024-06-08T17:54:20Z</time></trkpt>
<trkpt lat="45.392774" lon="-75.872807"><ele>25.0</ele><time>2024-06-08T17:54:21Z</time></trkpt>
<trkpt lat="45.392796" lon="-75.872807"><ele>25.0</ele><time>2024-06-08T17:54:22Z</time></trkpt>
<trkpt lat="45.392822" lon="-75.872816"><ele>25.0</ele><time>2024-06-08T17:54:23Z</time></trkpt>
<trkpt lat="45.392844" lon="-75.872825"><ele>25.0</ele><time>2024-06-08T17:54:24Z</time></trkpt>
<trkpt lat="45.392866" lon="-75.872825"><ele>25.0</ele><time>2024-06-08T17:54:25Z</time></trkpt>
<trkpt lat="45.392888" lon="-75.872834"><ele>24.0</ele><time>2024-06-08T17:54:26Z</time></trkpt>
<trkpt lat="45.392907" lon="-75.872834"><ele>25.0</ele><time>2024-06-08T17:54:27Z</time></trkpt>
<trkpt lat="45.392929" lon="-75.872843"><ele>25.0</ele><time>2024-06-08T17:54:28Z</time></trkpt>
<trkpt lat="45.392951" lon="-75.872843"><ele>25.0</ele><time>2024-06-08T17:54:29Z</time></trkpt>
<trkpt lat="45.392973" lon="-75.872852"><ele>25.0</ele><time>2024-06-08T17:54:30Z</time></trkpt>
<trkpt lat="45.392973" lon="-75.872852"><ele>25.0</ele><time>2024-06-08T17:54:30Z</time></trkpt>
<trkpt lat="45.393002" lon="-75.87287"><ele>24.0</ele><time>2024-06-08T17:54:31Z</time></trkpt>
<trkpt lat="45.393027" lon="-75.872879"><ele>24.0</ele><time>2024-06-08T17:54:32Z</time></trkpt>
<trkpt lat="45.393046" lon="-75.872879"><ele>25.0</ele><time>2024-06-08T17:54:33Z</time></trkpt>
<trkpt lat="45.393062" lon="-75.872888"><ele>25.0</ele><time>2024-06-08T17:54:34Z</time></trkpt>
<trkpt lat="45.393081" lon="-75.872897"><ele>25.0</ele><time>2024-06-08T17:54:35Z</time></trkpt>
<trkpt lat="45.393097" lon="-75.872897"><ele>24.0</ele><time>2024-06-08T17:54:36Z</time></trkpt>
<trkpt lat="45.393116" lon="-75.872906"><ele>24.0</ele><time>2024-06-08T17:54:37Z</time></trkpt>
<trkpt lat="45.393132" lon="-75.872906"><ele>25.0</ele><time>2024-06-08T17:54:38Z</time></trkpt>
<trkpt lat="45.393151" lon="-75.872915"><ele>25.0</ele><time>2024-06-08T17:54:39Z</time></trkpt>
<trkpt lat="45.393173" lon="-75.872915"><ele>25.0</ele><time>2024-06-08T17:54:40Z</time></trkpt>
<trkpt lat="45.393192" lon="-75.872915"><ele>25.0</ele><time>2024-06-08T17:54:41Z</time></trkpt>
<trkpt lat="45.393214" lon="-75.872915"><ele>25.0</ele><time>2024-06-08T17:54:42Z</time></trkpt>
<trkpt lat="45.393236" lon="-75.872924"><ele>25.0</ele><time>2024-06-08T17:54:43Z</time></trkpt>
<trkpt lat="45.393258" lon="-75.872933"><ele>25.0</ele><time>2024-06-08T17:54:44Z</time></trkpt>
<trkpt lat="45.39328" lon="-75.872942"><ele>25.0</ele><time>2024-06-08T17:54:45Z</time></trkpt>
<trkpt lat="45.393299" lon="-75.872951"><ele>25.0</ele><time>2024-06-08T17:54:46Z</time></trkpt>
<trkpt lat="45.393318" lon="-75.87296"><ele>25.0</ele><time>2024-06-08T17:54:47Z</time></trkpt>
<trkpt lat="45.393341" lon="-75.872969"><ele>25.0</ele><time>2024-06-08T17:54:48Z</time></trkpt>
<trkpt lat="45.39336" lon="-75.872978"><ele>25.0</ele><time>2024-06-08T17:54:49Z</time></trkpt>
<trkpt lat="45.393382" lon="-75.872978"><ele>25.0</ele><time>2024-06-08T17:54:50Z</time></trkpt>
<trkpt lat="45.393404" lon="-75.872987"><ele>25.0</ele><time>2024-06-08T17:54:51Z</time></trkpt>
<trkpt lat="45.393426" lon="-75.872987"><ele>25.0</ele><time>2024-06-08T17:54:52Z</time></trkpt>
<trkpt lat="45.393445" lon="-75.872996"><ele>25.0</ele><time>2024-06-08T17:54:53Z</time></trkpt>
<trkpt lat="45.393467" lon="-75.872996"><ele>25.0</ele><time>2024-06-08T17:54:54Z</time></trkpt>
<trkpt lat="45.393486" lon="-75.873005"><ele>25.0</ele><time>2024-06-08T17:54:55Z</time></trkpt>
<trkpt lat="45.393508" lon="-75.873014"><ele>25.0</ele><time>2024-06-08T17:54:56Z</time></trkpt>
<trkpt lat="45.39353" lon="-75.873023"><ele>25.0</ele><time>2024-06-08T17:54:57Z</time></trkpt>
<trkpt lat="45.393553" lon="-75.873023"><ele>25.0</ele><time>2024-06-08T17:54:58Z</time></trkpt>
<trkpt lat="45.393575" lon="-75.873032"><ele>25.0</ele><time>2024-06-08T17:54:59Z</time></trkpt>
<trkpt lat="45.393597" lon="-75.873041"><ele>25.0</ele><time>2024-06-08T17:55:00Z</time></trkpt>
<trkpt lat="45.393622" lon="-75.873041"><ele>25.0</ele><time>2024-06-08T17:55:01Z</time></trkpt>
<trkpt lat="45.393644" lon="-75.87305"><ele>25.0</ele><time>2024-06-08T17:55:02Z</time></trkpt>
<trkpt lat="45.393666" lon="-75.87305"><ele>25.0</ele><time>2024-06-08T17:55:03Z</time></trkpt>
<trkpt lat="45.393692" lon="-75.873059"><ele>25.0</ele><time>2024-06-08T17:55:04Z</time></trkpt>
<trkpt lat="45.393714" lon="-75.873068"><ele>24.0</ele><time>2024-06-08T17:55:05Z</time></trkpt>
<trkpt lat="45.393739" lon="-75.873068"><ele>25.0</ele><time>2024-06-08T17:55:06Z</time></trkpt>
<trkpt lat="45.393765" lon="-75.873068"><ele>25.0</ele><time>2024-06-08T17:55:07Z</time></trkpt>
<trkpt lat="45.393793" lon="-75.873068"><ele>25.0</ele><time>2024-06-08T17:55:08Z</time></trkpt>
<trkpt lat="45.393818" lon="-75.873068"><ele>25.0</ele><time>2024-06-08T17:55:09Z</time></trkpt>
<trkpt lat="45.393841" lon="-75.873068"><ele>25.0</ele><time>2024-06-08T17:55:10Z</time></trkpt>
<trkpt lat="45.393866" lon="-75.873077"><ele>25.0</ele><time>2024-06-08T17:55:11Z</time></trkpt>
<trkpt lat="45.393891" lon="-75.873077"><ele>25.0</ele><time>2024-06-08T17:55:12Z</time></trkpt>
<trkpt lat="45.393916" lon="-75.873068"><ele>25.0</ele><time>2024-06-08T17:55:13Z</time></trkpt>
<trkpt lat="45.393942" lon="-75.873068"><ele>25.0</ele><time>2024-06-08T17:55:14Z</time></trkpt>
<trkpt lat="45.39397" lon="-75.873068"><ele>25.0</ele><time>2024-06-08T17:55:15Z</time></trkpt>
<trkpt lat="45.393996" lon="-75.873077"><ele>25.0</ele><time>2024-06-08T17:55:16Z</time></trkpt>
<trkpt lat="45.394018" lon="-75.873077"><ele>25.0</ele><time>2024-06-08T17:55:17Z</time></trkpt>
<trkpt lat="45.394043" lon="-75.873077"><ele>25.0</ele><time>2024-06-08T17:55:18Z</time></trkpt>
<trkpt lat="45.394068" lon="-75.873077"><ele>25.0</ele><time>2024-06-08T17:55:19Z</time></trkpt>
<trkpt lat="45.394094" lon="-75.873077"><ele>25.0</ele><time>2024-06-08T17:55:20Z</time></trkpt>
<trkpt lat="45.394119" lon="-75.873077"><ele>25.0</ele><time>2024-06-08T17:55:21Z</time></trkpt>
<trkpt lat="45.394147" lon="-75.873077"><ele>25.0</ele><time>2024-06-08T17:55:22Z</time></trkpt>
<trkpt lat="45.394173" lon="-75.873077"><ele>24.0</ele><time>2024-06-08T17:55:23Z</time></trkpt>
<trkpt lat="45.394198" lon="-75.873077"><ele>25.0</ele><time>2024-06-08T17:55:24Z</time></trkpt>
<trkpt lat="45.394223" lon="-75.873077"><ele>24.0</ele><time>2024-06-08T17:55:25Z</time></trkpt>
<trkpt lat="45.394252" lon="-75.873077"><ele>24.0</ele><time>2024-06-08T17:55:26Z</time></trkpt>
<trkpt lat="45.394277" lon="-75.873077"><ele>24.0</ele><time>2024-06-08T17:55:27Z</time></trkpt>
<trkpt lat="45.394303" lon="-75.873068"><ele>24.0</ele><time>2024-06-08T17:55:28Z</time></trkpt>
<trkpt lat="45.394328" lon="-75.873068"><ele>24.0</ele><time>2024-06-08T17:55:29Z</time></trkpt>
<trkpt lat="45.394353" lon="-75.873068"><ele>24.0</ele><time>2024-06-08T17:55:30Z</time></trkpt>
<trkpt lat="45.394378" lon="-75.873068"><ele>24.0</ele><time>2024-06-08T17:55:31Z</time></trkpt>
<trkpt lat="45.394404" lon="-75.873068"><ele>24.0</ele><time>2024-06-08T17:55:32Z</time></trkpt>
<trkpt lat="45.394429" lon="-75.873068"><ele>24.0</ele><time>2024-06-08T17:55:33Z</time></trkpt>
<trkpt lat="45.394454" lon="-75.873068"><ele>24.0</ele><time>2024-06-08T17:55:34Z</time></trkpt>
<trkpt lat="45.39448" lon="-75.873068"><ele>25.0</ele><time>2024-06-08T17:55:35Z</time></trkpt>
<trkpt lat="45.394502" lon="-75.873068"><ele>25.0</ele><time>2024-06-08T17:55:36Z</time></trkpt>
<trkpt lat="45.394527" lon="-75.873059"><ele>25.0</ele><time>2024-06-08T17:55:37Z</time></trkpt>
<trkpt lat="45.394553" lon="-75.873059"><ele>25.0</ele><time>2024-06-08T17:55:38Z</time></trkpt>
<trkpt lat="45.394578" lon="-75.873059"><ele>25.0</ele><time>2024-06-08T17:55:39Z</time></trkpt>
<trkpt lat="45.3946" lon="-75.87305"><ele>24.0</ele><time>2024-06-08T17:55:40Z</time></trkpt>
<trkpt lat="45.394622" lon="-75.873059"><ele>24.0</ele><time>2024-06-08T17:55:41Z</time></trkpt>
<trkpt lat="45.394647" lon="-75.873059"><ele>25.0</ele><time>2024-06-08T17:55:42Z</time></trkpt>
<trkpt lat="45.39467" lon="-75.873068"><ele>24.0</ele><time>2024-06-08T17:55:43Z</time></trkpt>
<trkpt lat="45.394692" lon="-75.873068"><ele>24.0</ele><time>2024-06-08T17:55:44Z</time></trkpt>
<trkpt lat="45.394717" lon="-75.873059"><ele>24.0</ele><time>2024-06-08T17:55:45Z</time></trkpt>
<trkpt lat="45.394742" lon="-75.873059"><ele>24.0</ele><time>2024-06-08T17:55:46Z</time></trkpt>
<trkpt lat="45.394765" lon="-75.873059"><ele>24.0</ele><time>2024-06-08T17:55:47Z</time></trkpt>
<trkpt lat="45.394787" lon="-75.873068"><ele>24.0</ele><time>2024-06-08T17:55:48Z</time></trkpt>
<trkpt lat="45.394809" lon="-75.873077"><ele>24.0</ele><time>2024-06-08T17:55:49Z</time></trkpt>
<trkpt lat="45.394831" lon="-75.873077"><ele>24.0</ele><time>2024-06-08T17:55:50Z</time></trkpt>
<trkpt lat="45.394856" lon="-75.873077"><ele>25.0</ele><time>2024-06-08T17:55:51Z</time></trkpt>
<trkpt lat="45.394882" lon="-75.873068"><ele>24.0</ele><time>2024-06-08T17:55:52Z</time></trkpt>
<trkpt lat="45.394907" lon="-75.873059"><ele>25.0</ele><time>2024-06-08T17:55:53Z</time></trkpt>
<trkpt lat="45.394929" lon="-75.87305"><ele>24.0</ele><time>2024-06-08T17:55:54Z</time></trkpt>
<trkpt lat="45.394954" lon="-75.87305"><ele>25.0</ele><time>2024-06-08T17:55:55Z</time></trkpt>
<trkpt lat="45.39498" lon="-75.87305"><ele>25.0</ele><time>2024-06-08T17:55:56Z</time></trkpt>
<trkpt lat="45.395008" lon="-75.873041"><ele>25.0</ele><time>2024-06-08T17:55:57Z</time></trkpt>
<trkpt lat="45.39504" lon="-75.873041"><ele>25.0</ele><time>2024-06-08T17:55:58Z</time></trkpt>
<trkpt lat="45.395068" lon="-75.873041"><ele>25.0</ele><time>2024-06-08T17:55:59Z</time></trkpt>
<trkpt lat="45.395097" lon="-75.873032"><ele>24.0</ele><time>2024-06-08T17:56:00Z</time></trkpt>
<trkpt lat="45.395119" lon="-75.873032"><ele>24.0</ele><time>2024-06-08T17:56:01Z</time></trkpt>
<trkpt lat="45.395144" lon="-75.873023"><ele>24.0</ele><time>2024-06-08T17:56:02Z</time></trkpt>
<trkpt lat="45.39517" lon="-75.873023"><ele>24.0</ele><time>2024-06-08T17:56:03Z</time></trkpt>
<trkpt lat="45.395195" lon="-75.873023"><ele>24.0</ele><time>2024-06-08T17:56:04Z</time></trkpt>
<trkpt lat="45.39522" lon="-75.873032"><ele>24.0</ele><time>2024-06-08T17:56:05Z</time></trkpt>
<trkpt lat="45.395246" lon="-75.873023"><ele>25.0</ele><time>2024-06-08T17:56:06Z</time></trkpt>
<trkpt lat="45.395271" lon="-75.873023"><ele>24.0</ele><time>2024-06-08T17:56:07Z</time></trkpt>
<trkpt lat="45.395296" lon="-75.873023"><ele>24.0</ele><time>2024-06-08T17:56:08Z</time></trkpt>
<trkpt lat="45.395321" lon="-75.873023"><ele>25.0</ele><time>2024-06-08T17:56:09Z</time></trkpt>
<trkpt lat="45.395344" lon="-75.873023"><ele>24.0</ele><time>2024-06-08T17:56:10Z</time></trkpt>
<trkpt lat="45.395366" lon="-75.873032"><ele>25.0</ele><time>2024-06-08T17:56:11Z</time></trkpt>
<trkpt lat="45.395391" lon="-75.873032"><ele>25.0</ele><time>2024-06-08T17:56:12Z</time></trkpt>
<trkpt lat="45.395416" lon="-75.873032"><ele>24.0</ele><time>2024-06-08T17:56:13Z</time></trkpt>
<trkpt lat="45.395439" lon="-75.873032"><ele>24.0</ele><time>2024-06-08T17:56:14Z</time></trkpt>
<trkpt lat="45.395464" lon="-75.873041"><ele>25.0</ele><time>2024-06-08T17:56:15Z</time></trkpt>
<trkpt lat="45.395486" lon="-75.873041"><ele>24.0</ele><time>2024-06-08T17:56:16Z</time></trkpt>
<trkpt lat="45.395511" lon="-75.873041"><ele>24.0</ele><time>2024-06-08T17:56:17Z</time></trkpt>
<trkpt lat="45.395537" lon="-75.873041"><ele>25.0</ele><time>2024-06-08T17:56:18Z</time></trkpt>
<trkpt lat="45.395562" lon="-75.873041"><ele>24.0</ele><time>2024-06-08T17:56:19Z</time></trkpt>
<trkpt lat="45.395587" lon="-75.87305"><ele>24.0</ele><time>2024-06-08T17:56:20Z</time></trkpt>
<trkpt lat="45.395609" lon="-75.87305"><ele>24.0</ele><time>2024-06-08T17:56:21Z</time></trkpt>
<trkpt lat="45.395635" lon="-75.873059"><ele>24.0</ele><time>2024-06-08T17:56:22Z</time></trkpt>
<trkpt lat="45.39566" lon="-75.873059"><ele>25.0</ele><time>2024-06-08T17:56:23Z</time></trkpt>
<trkpt lat="45.395685" lon="-75.873059"><ele>25.0</ele><time>2024-06-08T17:56:24Z</time></trkpt>
<trkpt lat="45.395711" lon="-75.873059"><ele>24.0</ele><time>2024-06-08T17:56:25Z</time></trkpt>
<trkpt lat="45.395736" lon="-75.873068"><ele>24.0</ele><time>2024-06-08T17:56:26Z</time></trkpt>
<trkpt lat="45.395761" lon="-75.873068"><ele>24.0</ele><time>2024-06-08T17:56:27Z</time></trkpt>
<trkpt lat="45.395787" lon="-75.873068"><ele>24.0</ele><time>2024-06-08T17:56:28Z</time></trkpt>
<trkpt lat="45.395809" lon="-75.873068"><ele>24.0</ele><time>2024-06-08T17:56:29Z</time></trkpt>
<trkpt lat="45.395837" lon="-75.873059"><ele>24.0</ele><time>2024-06-08T17:56:30Z</time></trkpt>
<trkpt lat="45.395863" lon="-75.873059"><ele>24.0</ele><time>2024-06-08T17:56:31Z</time></trkpt>
<trkpt lat="45.395888" lon="-75.873059"><ele>25.0</ele><time>2024-06-08T17:56:32Z</time></trkpt>
<trkpt lat="45.395913" lon="-75.873059"><ele>24.0</ele><time>2024-06-08T17:56:33Z</time></trkpt>
<trkpt lat="45.395939" lon="-75.873059"><ele>24.0</ele><time>2024-06-08T17:56:34Z</time></trkpt>
<trkpt lat="45.395964" lon="-75.873059"><ele>24.0</ele><time>2024-06-08T17:56:35Z</time></trkpt>
<trkpt lat="45.395989" lon="-75.873068"><ele>24.0</ele><time>2024-06-08T17:56:36Z</time></trkpt>
<trkpt lat="45.396015" lon="-75.873059"><ele>24.0</ele><time>2024-06-08T17:56:37Z</time></trkpt>
<trkpt lat="45.39604" lon="-75.873059"><ele>25.0</ele><time>2024-06-08T17:56:38Z</time></trkpt>
<trkpt lat="45.396065" lon="-75.87305"><ele>25.0</ele><time>2024-06-08T17:56:39Z</time></trkpt>
<trkpt lat="45.39609" lon="-75.873041"><ele>25.0</ele><time>2024-06-08T17:56:40Z</time></trkpt>
<trkpt lat="45.396116" lon="-75.873041"><ele>25.0</ele><time>2024-06-08T17:56:41Z</time></trkpt>
<trkpt lat="45.396141" lon="-75.873041"><ele>25.0</ele><time>2024-06-08T17:56:42Z</time></trkpt>
<trkpt lat="45.396163" lon="-75.873041"><ele>25.0</ele><time>2024-06-08T17:56:43Z</time></trkpt>
<trkpt lat="45.396189" lon="-75.873023"><ele>24.0</ele><time>2024-06-08T17:56:44Z</time></trkpt>
<trkpt lat="45.396211" lon="-75.873014"><ele>24.0</ele><time>2024-06-08T17:56:45Z</time></trkpt>
<trkpt lat="45.396233" lon="-75.873014"><ele>24.0</ele><time>2024-06-08T17:56:46Z</time></trkpt>
<trkpt lat="45.396252" lon="-75.873023"><ele>24.0</ele><time>2024-06-08T17:56:47Z</time></trkpt>
<trkpt lat="45.396264" lon="-75.873041"><ele>25.0</ele><time>2024-06-08T17:56:48Z</time></trkpt>
<trkpt lat="45.396274" lon="-75.87305"><ele>25.0</ele><time>2024-06-08T17:56:49Z</time></trkpt>
<trkpt lat="45.39628" lon="-75.873068"><ele>25.0</ele><time>2024-06-08T17:56:50Z</time></trkpt>
<trkpt lat="45.39628" lon="-75.873086"><ele>25.0</ele><time>2024-06-08T17:56:51Z</time></trkpt>
<trkpt lat="45.396283" lon="-75.873095"><ele>25.0</ele><time>2024-06-08T17:56:52Z</time></trkpt>
<trkpt lat="45.39628" lon="-75.873104"><ele>25.0</ele><time>2024-06-08T17:56:53Z</time></trkpt>
<trkpt lat="45.39628" lon="-75.873112"><ele>24.0</ele><time>2024-06-08T17:56:54Z</time></trkpt>
<trkpt lat="45.396274" lon="-75.873121"><ele>23.0</ele><time>2024-06-08T17:56:55Z</time></trkpt>
<trkpt lat="45.396261" lon="-75.87313"><ele>23.0</ele><time>2024-06-08T17:56:56Z</time></trkpt>
<trkpt lat="45.396246" lon="-75.873148"><ele>23.0</ele><time>2024-06-08T17:56:57Z</time></trkpt>
<trkpt lat="45.396227" lon="-75.873157"><ele>23.0</ele><time>2024-06-08T17:56:58Z</time></trkpt>
<trkpt lat="45.396208" lon="-75.873166"><ele>23.0</ele><time>2024-06-08T17:56:59Z</time></trkpt>
<trkpt lat="45.396192" lon="-75.873184"><ele>23.0</ele><time>2024-06-08T17:57:00Z</time></trkpt>
<trkpt lat="45.396179" lon="-75.873202"><ele>23.0</ele><time>2024-06-08T17:57:01Z</time></trkpt>
<trkpt lat="45.396163" lon="-75.873229"><ele>23.0</ele><time>2024-06-08T17:57:02Z</time></trkpt>
<trkpt lat="45.396151" lon="-75.873247"><ele>23.0</ele><time>2024-06-08T17:57:03Z</time></trkpt>
<trkpt lat="45.396138" lon="-75.873265"><ele>23.0</ele><time>2024-06-08T17:57:04Z</time></trkpt>
<trkpt lat="45.396125" lon="-75.873292"><ele>23.0</ele><time>2024-06-08T17:57:05Z</time></trkpt>
<trkpt lat="45.396109" lon="-75.87331"><ele>23.0</ele><time>2024-06-08T17:57:06Z</time></trkpt>
<trkpt lat="45.396097" lon="-75.873337"><ele>23.0</ele><time>2024-06-08T17:57:07Z</time></trkpt>
<trkpt lat="45.39609" lon="-75.873364"><ele>23.0</ele><time>2024-06-08T17:57:08Z</time></trkpt>
<trkpt lat="45.396084" lon="-75.873382"><ele>23.0</ele><time>2024-06-08T17:57:09Z</time></trkpt>
<trkpt lat="45.396084" lon="-75.8734"><ele>24.0</ele><time>2024-06-08T17:57:10Z</time></trkpt>
<trkpt lat="45.396084" lon="-75.873418"><ele>23.0</ele><time>2024-06-08T17:57:11Z</time></trkpt>
<trkpt lat="45.396081" lon="-75.873436"><ele>24.0</ele><time>2024-06-08T17:57:12Z</time></trkpt>
<trkpt lat="45.396071" lon="-75.873454"><ele>24.0</ele><time>2024-06-08T17:57:13Z</time></trkpt>
<trkpt lat="45.396052" lon="-75.873472"><ele>24.0</ele><time>2024-06-08T17:57:14Z</time></trkpt>
<trkpt lat="45.396033" lon="-75.87349"><ele>24.0</ele><time>2024-06-08T17:57:15Z</time></trkpt>
<trkpt lat="45.396018" lon="-75.873508"><ele>24.0</ele><time>2024-06-08T17:57:16Z</time></trkpt>
<trkpt lat="45.396002" lon="-75.873535"><ele>23.0</ele><time>2024-06-08T17:57:17Z</time></trkpt>
<trkpt lat="45.395989" lon="-75.873562"><ele>23.0</ele><time>2024-06-08T17:57:18Z</time></trkpt>
<trkpt lat="45.39598" lon="-75.873589"><ele>23.0</ele><time>2024-06-08T17:57:19Z</time></trkpt>
<trkpt lat="45.39597" lon="-75.873625"><ele>23.0</ele><time>2024-06-08T17:57:20Z</time></trkpt>
<trkpt lat="45.395954" lon="-75.873651"><ele>23.0</ele><time>2024-06-08T17:57:21Z</time></trkpt>
<trkpt lat="45.395942" lon="-75.873678"><ele>23.0</ele><time>2024-06-08T17:57:22Z</time></trkpt>
<trkpt lat="45.395926" lon="-75.873705"><ele>23.0</ele><time>2024-06-08T17:57:23Z</time></trkpt>
<trkpt lat="45.39591" lon="-75.873732"><ele>23.0</ele><time>2024-06-08T17:57:24Z</time></trkpt>
<trkpt lat="45.395897" lon="-75.873759"><ele>23.0</ele><time>2024-06-08T17:57:25Z</time></trkpt>
<trkpt lat="45.395885" lon="-75.873786"><ele>23.0</ele><time>2024-06-08T17:57:26Z</time></trkpt>
<trkpt lat="45.395869" lon="-75.873822"><ele>23.0</ele><time>2024-06-08T17:57:27Z</time></trkpt>
<trkpt lat="45.39585" lon="-75.87384"><ele>23.0</ele><time>2024-06-08T17:57:28Z</time></trkpt>
<trkpt lat="45.395831" lon="-75.873867"><ele>23.0</ele><time>2024-06-08T17:57:29Z</time></trkpt>
<trkpt lat="45.395815" lon="-75.873903"><ele>23.0</ele><time>2024-06-08T17:57:30Z</time></trkpt>
<trkpt lat="45.395799" lon="-75.87393"><ele>23.0</ele><time>2024-06-08T17:57:31Z</time></trkpt>
<trkpt lat="45.395784" lon="-75.873957"><ele>23.0</ele><time>2024-06-08T17:57:32Z</time></trkpt>
<trkpt lat="45.395771" lon="-75.873984"><ele>23.0</ele><time>2024-06-08T17:57:33Z</time></trkpt>
<trkpt lat="45.395758" lon="-75.87402"><ele>23.0</ele><time>2024-06-08T17:57:34Z</time></trkpt>
<trkpt lat="45.395742" lon="-75.874047"><ele>24.0</ele><time>2024-06-08T17:57:35Z</time></trkpt>
<trkpt lat="45.395727" lon="-75.874074"><ele>24.0</ele><time>2024-06-08T17:57:36Z</time></trkpt>
<trkpt lat="45.395708" lon="-75.874101"><ele>24.0</ele><time>2024-06-08T17:57:37Z</time></trkpt>
<trkpt lat="45.395689" lon="-75.874137"><ele>23.0</ele><time>2024-06-08T17:57:38Z</time></trkpt>
<trkpt lat="45.395673" lon="-75.874163"><ele>24.0</ele><time>2024-06-08T17:57:39Z</time></trkpt>
<trkpt lat="45.395657" lon="-75.87419"><ele>23.0</ele><time>2024-06-08T17:57:40Z</time></trkpt>
<trkpt lat="45.395641" lon="-75.874226"><ele>23.0</ele><time>2024-06-08T17:57:41Z</time></trkpt>
<trkpt lat="45.395622" lon="-75.874253"><ele>24.0</ele><time>2024-06-08T17:57:42Z</time></trkpt>
<trkpt lat="45.395603" lon="-75.87428"><ele>23.0</ele><time>2024-06-08T17:57:43Z</time></trkpt>
<trkpt lat="45.395587" lon="-75.874307"><ele>23.0</ele><time>2024-06-08T17:57:44Z</time></trkpt>
<trkpt lat="45.395571" lon="-75.874334"><ele>24.0</ele><time>2024-06-08T17:57:45Z</time></trkpt>
<trkpt lat="45.395556" lon="-75.874361"><ele>24.0</ele><time>2024-06-08T17:57:46Z</time></trkpt>
<trkpt lat="45.395537" lon="-75.874388"><ele>24.0</ele><time>2024-06-08T17:57:47Z</time></trkpt>
<trkpt lat="45.395518" lon="-75.874424"><ele>24.0</ele><time>2024-06-08T17:57:48Z</time></trkpt>
<trkpt lat="45.395505" lon="-75.874451"><ele>23.0</ele><time>2024-06-08T17:57:49Z</time></trkpt>
<trkpt lat="45.395489" lon="-75.874478"><ele>24.0</ele><time>2024-06-08T17:57:50Z</time></trkpt>
<trkpt lat="45.395473" lon="-75.874514"><ele>24.0</ele><time>2024-06-08T17:57:51Z</time></trkpt>
<trkpt lat="45.395461" lon="-75.874541"><ele>24.0</ele><time>2024-06-08T17:57:52Z</time></trkpt>
<trkpt lat="45.395451" lon="-75.874568"><ele>24.0</ele><time>2024-06-08T17:57:53Z</time></trkpt>
<trkpt lat="45.395448" lon="-75.874595"><ele>23.0</ele><time>2024-06-08T17:57:54Z</time></trkpt>
<trkpt lat="45.395451" lon="-75.874622"><ele>23.0</ele><time>2024-06-08T17:57:55Z</time></trkpt>
<trkpt lat="45.395454" lon="-75.87464"><ele>23.0</ele><time>2024-06-08T17:57:56Z</time></trkpt>
<trkpt lat="45.395461" lon="-75.874658"><ele>23.0</ele><time>2024-06-08T17:57:57Z</time></trkpt>
<trkpt lat="45.39547" lon="-75.874667"><ele>23.0</ele><time>2024-06-08T17:57:58Z</time></trkpt>
<trkpt lat="45.395489" lon="-75.874675"><ele>23.0</ele><time>2024-06-08T17:57:59Z</time></trkpt>
<trkpt lat="45.395505" lon="-75.874658"><ele>24.0</ele><time>2024-06-08T17:58:00Z</time></trkpt>
<trkpt lat="45.395518" lon="-75.87464"><ele>23.0</ele><time>2024-06-08T17:58:01Z</time></trkpt>
<trkpt lat="45.39553" lon="-75.874613"><ele>23.0</ele><time>2024-06-08T17:58:02Z</time></trkpt>
<trkpt lat="45.39554" lon="-75.874586"><ele>23.0</ele><time>2024-06-08T17:58:03Z</time></trkpt>
<trkpt lat="45.395552" lon="-75.874559"><ele>24.0</ele><time>2024-06-08T17:58:04Z</time></trkpt>
<trkpt lat="45.395565" lon="-75.874541"><ele>23.0</ele><time>2024-06-08T17:58:05Z</time></trkpt>
<trkpt lat="45.395578" lon="-75.874523"><ele>24.0</ele><time>2024-06-08T17:58:06Z</time></trkpt>
<trkpt lat="45.395594" lon="-75.874505"><ele>23.0</ele><time>2024-06-08T17:58:07Z</time></trkpt>
<trkpt lat="45.395606" lon="-75.874487"><ele>23.0</ele><time>2024-06-08T17:58:08Z</time></trkpt>
<trkpt lat="45.395622" lon="-75.874478"><ele>23.0</ele><time>2024-06-08T17:58:09Z</time></trkpt>
<trkpt lat="45.395635" lon="-75.874469"><ele>23.0</ele><time>2024-06-08T17:58:10Z</time></trkpt>
<trkpt lat="45.395651" lon="-75.874451"><ele>23.0</ele><time>2024-06-08T17:58:11Z</time></trkpt>
<trkpt lat="45.395666" lon="-75.874442"><ele>23.0</ele><time>2024-06-08T17:58:12Z</time></trkpt>
<trkpt lat="45.395679" lon="-75.874424"><ele>23.0</ele><time>2024-06-08T17:58:13Z</time></trkpt>
<trkpt lat="45.395695" lon="-75.874406"><ele>23.0</ele><time>2024-06-08T17:58:14Z</time></trkpt>
<trkpt lat="45.395708" lon="-75.874388"><ele>23.0</ele><time>2024-06-08T17:58:15Z</time></trkpt>
<trkpt lat="45.39572" lon="-75.874361"><ele>23.0</ele><time>2024-06-08T17:58:16Z</time></trkpt>
<trkpt lat="45.39573" lon="-75.874334"><ele>23.0</ele><time>2024-06-08T17:58:17Z</time></trkpt>
<trkpt lat="45.395733" lon="-75.874307"><ele>23.0</ele><time>2024-06-08T17:58:18Z</time></trkpt>
<trkpt lat="45.395739" lon="-75.874271"><ele>23.0</ele><time>2024-06-08T17:58:19Z</time></trkpt>
<trkpt lat="45.395739" lon="-75.874244"><ele>23.0</ele><time>2024-06-08T17:58:20Z</time></trkpt>
<trkpt lat="45.395736" lon="-75.874217"><ele>23.0</ele><time>2024-06-08T17:58:21Z</time></trkpt>
<trkpt lat="45.395736" lon="-75.874181"><ele>23.0</ele><time>2024-06-08T17:58:22Z</time></trkpt>
<trkpt lat="45.395733" lon="-75.874146"><ele>23.0</ele><time>2024-06-08T17:58:23Z</time></trkpt>
<trkpt lat="45.39573" lon="-75.874119"><ele>23.0</ele><time>2024-06-08T17:58:24Z</time></trkpt>
<trkpt lat="45.395723" lon="-75.874092"><ele>23.0</ele><time>2024-06-08T17:58:25Z</time></trkpt>
<trkpt lat="45.395717" lon="-75.874065"><ele>23.0</ele><time>2024-06-08T17:58:26Z</time></trkpt>
<trkpt lat="45.395714" lon="-75.874029"><ele>23.0</ele><time>2024-06-08T17:58:27Z</time></trkpt>
<trkpt lat="45.395708" lon="-75.874002"><ele>24.0</ele><time>2024-06-08T17:58:28Z</time></trkpt>
<trkpt lat="45.395698" lon="-75.873975"><ele>24.0</ele><time>2024-06-08T17:58:29Z</time></trkpt>
<trkpt lat="45.395685" lon="-75.873948"><ele>24.0</ele><time>2024-06-08T17:58:30Z</time></trkpt>
<trkpt lat="45.395673" lon="-75.873921"><ele>24.0</ele><time>2024-06-08T17:58:31Z</time></trkpt>
<trkpt lat="45.395663" lon="-75.873885"><ele>23.0</ele><time>2024-06-08T17:58:32Z</time></trkpt>
<trkpt lat="45.395651" lon="-75.873858"><ele>23.0</ele><time>2024-06-08T17:58:33Z</time></trkpt>
<trkpt lat="45.395638" lon="-75.873831"><ele>23.0</ele><time>2024-06-08T17:58:34Z</time></trkpt>
<trkpt lat="45.395619" lon="-75.873813"><ele>23.0</ele><time>2024-06-08T17:58:35Z</time></trkpt>
<trkpt lat="45.3956" lon="-75.873795"><ele>23.0</ele><time>2024-06-08T17:58:36Z</time></trkpt>
<trkpt lat="45.395578" lon="-75.873786"><ele>24.0</ele><time>2024-06-08T17:58:37Z</time></trkpt>
<trkpt lat="45.395556" lon="-75.873768"><ele>23.0</ele><time>2024-06-08T17:58:38Z</time></trkpt>
<trkpt lat="45.39553" lon="-75.87375"><ele>23.0</ele><time>2024-06-08T17:58:39Z</time></trkpt>
<trkpt lat="45.395505" lon="-75.873732"><ele>23.0</ele><time>2024-06-08T17:58:40Z</time></trkpt>
<trkpt lat="45.395483" lon="-75.873714"><ele>23.0</ele><time>2024-06-08T17:58:41Z</time></trkpt>
<trkpt lat="45.395461" lon="-75.873696"><ele>23.0</ele><time>2024-06-08T17:58:42Z</time></trkpt>
<trkpt lat="45.395439" lon="-75.873669"><ele>23.0</ele><time>2024-06-08T17:58:43Z</time></trkpt>
<trkpt lat="45.395423" lon="-75.873642"><ele>23.0</ele><time>2024-06-08T17:58:44Z</time></trkpt>
<trkpt lat="45.395404" lon="-75.873616"><ele>23.0</ele><time>2024-06-08T17:58:45Z</time></trkpt>
<trkpt lat="45.395382" lon="-75.873598"><ele>23.0</ele><time>2024-06-08T17:58:46Z</time></trkpt>
<trkpt lat="45.395359" lon="-75.873571"><ele>23.0</ele><time>2024-06-08T17:58:47Z</time></trkpt>
<trkpt lat="45.395337" lon="-75.873544"><ele>23.0</ele><time>2024-06-08T17:58:48Z</time></trkpt>
<trkpt lat="45.395312" lon="-75.873517"><ele>23.0</ele><time>2024-06-08T17:58:49Z</time></trkpt>
<trkpt lat="45.395287" lon="-75.873499"><ele>23.0</ele><time>2024-06-08T17:58:50Z</time></trkpt>
<trkpt lat="45.395261" lon="-75.873481"><ele>23.0</ele><time>2024-06-08T17:58:51Z</time></trkpt>
<trkpt lat="45.395233" lon="-75.873481"><ele>23.0</ele><time>2024-06-08T17:58:52Z</time></trkpt>
<trkpt lat="45.395204" lon="-75.873472"><ele>23.0</ele><time>2024-06-08T17:58:53Z</time></trkpt>
<trkpt lat="45.395176" lon="-75.873472"><ele>23.0</ele><time>2024-06-08T17:58:54Z</time></trkpt>
<trkpt lat="45.395147" lon="-75.873463"><ele>23.0</ele><time>2024-06-08T17:58:55Z</time></trkpt>
<trkpt lat="45.395122" lon="-75.873454"><ele>23.0</ele><time>2024-06-08T17:58:56Z</time></trkpt>
<trkpt lat="45.395097" lon="-75.873436"><ele>23.0</ele><time>2024-06-08T17:58:57Z</time></trkpt>
<trkpt lat="45.395075" lon="-75.873409"><ele>23.0</ele><time>2024-06-08T17:58:58Z</time></trkpt>
<trkpt lat="45.395053" lon="-75.873382"><ele>23.0</ele><time>2024-06-08T17:58:59Z</time></trkpt>
<trkpt lat="45.395027" lon="-75.873355"><ele>23.0</ele><time>2024-06-08T17:59:00Z</time></trkpt>
<trkpt lat="45.395011" lon="-75.873328"><ele>23.0</ele><time>2024-06-08T17:59:01Z</time></trkpt>
<trkpt lat="45.394989" lon="-75.873301"><ele>23.0</ele><time>2024-06-08T17:59:02Z</time></trkpt>
<trkpt lat="45.39497" lon="-75.873274"><ele>23.0</ele><time>2024-06-08T17:59:03Z</time></trkpt>
<trkpt lat="45.394948" lon="-75.873256"><ele>23.0</ele><time>2024-06-08T17:59:04Z</time></trkpt>
<trkpt lat="45.394929" lon="-75.873238"><ele>23.0</ele><time>2024-06-08T17:59:05Z</time></trkpt>
<trkpt lat="45.394907" lon="-75.873211"><ele>23.0</ele><time>2024-06-08T17:59:06Z</time></trkpt>
<trkpt lat="45.394888" lon="-75.873184"><ele>23.0</ele><time>2024-06-08T17:59:07Z</time></trkpt>
<trkpt lat="45.394872" lon="-75.873148"><ele>23.0</ele><time>2024-06-08T17:59:08Z</time></trkpt>
<trkpt lat="45.394856" lon="-75.873121"><ele>23.0</ele><time>2024-06-08T17:59:09Z</time></trkpt>
<trkpt lat="45.394837" lon="-75.873095"><ele>23.0</ele><time>2024-06-08T17:59:10Z</time></trkpt>
<trkpt lat="45.394815" lon="-75.873068"><ele>23.0</ele><time>2024-06-08T17:59:11Z</time></trkpt>
<trkpt lat="45.394793" lon="-75.87305"><ele>23.0</ele><time>2024-06-08T17:59:12Z</time></trkpt>
<trkpt lat="45.394771" lon="-75.873023"><ele>23.0</ele><time>2024-06-08T17:59:13Z</time></trkpt>
<trkpt lat="45.394752" lon="-75.872996"><ele>23.0</ele><time>2024-06-08T17:59:14Z</time></trkpt>
<trkpt lat="45.394733" lon="-75.872969"><ele>23.0</ele><time>2024-06-08T17:59:15Z</time></trkpt>
<trkpt lat="45.394714" lon="-75.872951"><ele>23.0</ele><time>2024-06-08T17:59:16Z</time></trkpt>
<trkpt lat="45.394695" lon="-75.872924"><ele>23.0</ele><time>2024-06-08T17:59:17Z</time></trkpt>
<trkpt lat="45.394673" lon="-75.872897"><ele>24.0</ele><time>2024-06-08T17:59:18Z</time></trkpt>
<trkpt lat="45.394654" lon="-75.872879"><ele>23.0</ele><time>2024-06-08T17:59:19Z</time></trkpt>
<trkpt lat="45.394628" lon="-75.872861"><ele>24.0</ele><time>2024-06-08T17:59:20Z</time></trkpt>
<trkpt lat="45.3946" lon="-75.872843"><ele>23.0</ele><time>2024-06-08T17:59:21Z</time></trkpt>
<trkpt lat="45.394575" lon="-75.872834"><ele>24.0</ele><time>2024-06-08T17:59:22Z</time></trkpt>
<trkpt lat="45.394546" lon="-75.872825"><ele>24.0</ele><time>2024-06-08T17:59:23Z</time></trkpt>
<trkpt lat="45.394521" lon="-75.872816"><ele>23.0</ele><time>2024-06-08T17:59:24Z</time></trkpt>
<trkpt lat="45.394496" lon="-75.872798"><ele>24.0</ele><time>2024-06-08T17:59:25Z</time></trkpt>
<trkpt lat="45.394467" lon="-75.87278"><ele>24.0</ele><time>2024-06-08T17:59:26Z</time></trkpt>
<trkpt lat="45.394439" lon="-75.872771"><ele>23.0</ele><time>2024-06-08T17:59:27Z</time></trkpt>
<trkpt lat="45.394413" lon="-75.872753"><ele>23.0</ele><time>2024-06-08T17:59:28Z</time></trkpt>
<trkpt lat="45.394385" lon="-75.872735"><ele>23.0</ele><time>2024-06-08T17:59:29Z</time></trkpt>
<trkpt lat="45.394363" lon="-75.872717"><ele>23.0</ele><time>2024-06-08T17:59:30Z</time></trkpt>
<trkpt lat="45.394337" lon="-75.87269"><ele>23.0</ele><time>2024-06-08T17:59:31Z</time></trkpt>
<trkpt lat="45.394315" lon="-75.872672"><ele>23.0</ele><time>2024-06-08T17:59:32Z</time></trkpt>
<trkpt lat="45.394293" lon="-75.872645"><ele>23.0</ele><time>2024-06-08T17:59:33Z</time></trkpt>
<trkpt lat="45.394271" lon="-75.872618"><ele>23.0</ele><time>2024-06-08T17:59:34Z</time></trkpt>
<trkpt lat="45.394249" lon="-75.872591"><ele>23.0</ele><time>2024-06-08T17:59:35Z</time></trkpt>
<trkpt lat="45.394227" lon="-75.872565"><ele>23.0</ele><time>2024-06-08T17:59:36Z</time></trkpt>
<trkpt lat="45.394201" lon="-75.872547"><ele>23.0</ele><time>2024-06-08T17:59:37Z</time></trkpt>
<trkpt lat="45.394176" lon="-75.872529"><ele>23.0</ele><time>2024-06-08T17:59:38Z</time></trkpt>
<trkpt lat="45.394151" lon="-75.872502"><ele>23.0</ele><time>2024-06-08T17:59:39Z</time></trkpt>
<trkpt lat="45.394128" lon="-75.872484"><ele>23.0</ele><time>2024-06-08T17:59:40Z</time></trkpt>
<trkpt lat="45.394106" lon="-75.872457"><ele>23.0</ele><time>2024-06-08T17:59:41Z</time></trkpt>
<trkpt lat="45.394084" lon="-75.87243"><ele>23.0</ele><time>2024-06-08T17:59:42Z</time></trkpt>
<trkpt lat="45.394065" lon="-75.872412"><ele>23.0</ele><time>2024-06-08T17:59:43Z</time></trkpt>
<trkpt lat="45.394043" lon="-75.872385"><ele>23.0</ele><time>2024-06-08T17:59:44Z</time></trkpt>
<trkpt lat="45.394021" lon="-75.872358"><ele>23.0</ele><time>2024-06-08T17:59:45Z</time></trkpt>
<trkpt lat="45.393999" lon="-75.872331"><ele>23.0</ele><time>2024-06-08T17:59:46Z</time></trkpt>
<trkpt lat="45.39398" lon="-75.872304"><ele>23.0</ele><time>2024-06-08T17:59:47Z</time></trkpt>
<trkpt lat="45.393958" lon="-75.872277"><ele>23.0</ele><time>2024-06-08T17:59:48Z</time></trkpt>
<trkpt lat="45.393935" lon="-75.87225"><ele>23.0</ele><time>2024-06-08T17:59:49Z</time></trkpt>
<trkpt lat="45.393916" lon="-75.872223"><ele>23.0</ele><time>2024-06-08T17:59:50Z</time></trkpt>
<trkpt lat="45.393894" lon="-75.872196"><ele>23.0</ele><time>2024-06-08T17:59:51Z</time></trkpt>
<trkpt lat="45.393872" lon="-75.872178"><ele>23.0</ele><time>2024-06-08T17:59:52Z</time></trkpt>
<trkpt lat="45.39385" lon="-75.872151"><ele>23.0</ele><time>2024-06-08T17:59:53Z</time></trkpt>
<trkpt lat="45.393828" lon="-75.872124"><ele>23.0</ele><time>2024-06-08T17:59:54Z</time></trkpt>
<trkpt lat="45.393806" lon="-75.872097"><ele>24.0</ele><time>2024-06-08T17:59:55Z</time></trkpt>
<trkpt lat="45.393784" lon="-75.872079"><ele>24.0</ele><time>2024-06-08T17:59:56Z</time></trkpt>
<trkpt lat="45.393755" lon="-75.872053"><ele>24.0</ele><time>2024-06-08T17:59:57Z</time></trkpt>
<trkpt lat="45.39373" lon="-75.872026"><ele>24.0</ele><time>2024-06-08T17:59:58Z</time></trkpt>
<trkpt lat="45.393701" lon="-75.872008"><ele>24.0</ele><time>2024-06-08T17:59:59Z</time></trkpt>
<trkpt lat="45.393676" lon="-75.87199"><ele>23.0</ele><time>2024-06-08T18:00:00Z</time></trkpt>
<trkpt lat="45.393676" lon="-75.87199"><ele>23.0</ele><time>2024-06-08T18:00:01Z</time></trkpt>
<trkpt lat="45.393651" lon="-75.871963"><ele>23.0</ele><time>2024-06-08T18:00:01Z</time></trkpt>
<trkpt lat="45.393622" lon="-75.871936"><ele>23.0</ele><time>2024-06-08T18:00:02Z</time></trkpt>
<trkpt lat="45.393594" lon="-75.871918"><ele>22.0</ele><time>2024-06-08T18:00:03Z</time></trkpt>
<trkpt lat="45.393568" lon="-75.8719"><ele>22.0</ele><time>2024-06-08T18:00:04Z</time></trkpt>
<trkpt lat="45.39354" lon="-75.871882"><ele>22.0</ele><time>2024-06-08T18:00:05Z</time></trkpt>
<trkpt lat="45.393511" lon="-75.871855"><ele>22.0</ele><time>2024-06-08T18:00:06Z</time></trkpt>
<trkpt lat="45.393486" lon="-75.871837"><ele>22.0</ele><time>2024-06-08T18:00:07Z</time></trkpt>
<trkpt lat="45.393461" lon="-75.871819"><ele>22.0</ele><time>2024-06-08T18:00:08Z</time></trkpt>
<trkpt lat="45.393432" lon="-75.871801"><ele>22.0</ele><time>2024-06-08T18:00:09Z</time></trkpt>
<trkpt lat="45.393407" lon="-75.871783"><ele>22.0</ele><time>2024-06-08T18:00:10Z</time></trkpt>
<trkpt lat="45.393382" lon="-75.871756"><ele>22.0</ele><time>2024-06-08T18:00:11Z</time></trkpt>
<trkpt lat="45.393356" lon="-75.871738"><ele>23.0</ele><time>2024-06-08T18:00:12Z</time></trkpt>
<trkpt lat="45.393331" lon="-75.871711"><ele>23.0</ele><time>2024-06-08T18:00:13Z</time></trkpt>
<trkpt lat="45.393306" lon="-75.871684"><ele>22.0</ele><time>2024-06-08T18:00:14Z</time></trkpt>
<trkpt lat="45.393277" lon="-75.871657"><ele>22.0</ele><time>2024-06-08T18:00:15Z</time></trkpt>
<trkpt lat="45.393252" lon="-75.871639"><ele>22.0</ele><time>2024-06-08T18:00:16Z</time></trkpt>
<trkpt lat="45.393227" lon="-75.871612"><ele>22.0</ele><time>2024-06-08T18:00:17Z</time></trkpt>
<trkpt lat="45.393198" lon="-75.871594"><ele>23.0</ele><time>2024-06-08T18:00:18Z</time></trkpt>
<trkpt lat="45.393173" lon="-75.871567"><ele>22.0</ele><time>2024-06-08T18:00:19Z</time></trkpt>
<trkpt lat="45.393147" lon="-75.871549"><ele>22.0</ele><time>2024-06-08T18:00:20Z</time></trkpt>
<trkpt lat="45.393122" lon="-75.871523"><ele>23.0</ele><time>2024-06-08T18:00:21Z</time></trkpt>
<trkpt lat="45.393091" lon="-75.871514"><ele>23.0</ele><time>2024-06-08T18:00:22Z</time></trkpt>
<trkpt lat="45.393062" lon="-75.871496"><ele>23.0</ele><time>2024-06-08T18:00:23Z</time></trkpt>
<trkpt lat="45.393034" lon="-75.871469"><ele>23.0</ele><time>2024-06-08T18:00:24Z</time></trkpt>
<trkpt lat="45.393005" lon="-75.871451"><ele>23.0</ele><time>2024-06-08T18:00:25Z</time></trkpt>
<trkpt lat="45.39298" lon="-75.871433"><ele>23.0</ele><time>2024-06-08T18:00:26Z</time></trkpt>
<trkpt lat="45.392958" lon="-75.871406"><ele>23.0</ele><time>2024-06-08T18:00:27Z</time></trkpt>
<trkpt lat="45.392935" lon="-75.871379"><ele>23.0</ele><time>2024-06-08T18:00:28Z</time></trkpt>
<trkpt lat="45.392913" lon="-75.871352"><ele>23.0</ele><time>2024-06-08T18:00:29Z</time></trkpt>
<trkpt lat="45.392891" lon="-75.871325"><ele>23.0</ele><time>2024-06-08T18:00:30Z</time></trkpt>
<trkpt lat="45.392869" lon="-75.871307"><ele>23.0</ele><time>2024-06-08T18:00:31Z</time></trkpt>
<trkpt lat="45.392844" lon="-75.871289"><ele>23.0</ele><time>2024-06-08T18:00:32Z</time></trkpt>
<trkpt lat="45.392818" lon="-75.871271"><ele>23.0</ele><time>2024-06-08T18:00:33Z</time></trkpt>
<trkpt lat="45.392793" lon="-75.871244"><ele>23.0</ele><time>2024-06-08T18:00:34Z</time></trkpt>
<trkpt lat="45.392765" lon="-75.871226"><ele>23.0</ele><time>2024-06-08T18:00:35Z</time></trkpt>
<trkpt lat="45.392739" lon="-75.871199"><ele>23.0</ele><time>2024-06-08T18:00:36Z</time></trkpt>
<trkpt lat="45.392714" lon="-75.871172"><ele>23.0</ele><time>2024-06-08T18:00:37Z</time></trkpt>
<trkpt lat="45.392692" lon="-75.871154"><ele>23.0</ele><time>2024-06-08T18:00:38Z</time></trkpt>
<trkpt lat="45.392666" lon="-75.871127"><ele>23.0</ele><time>2024-06-08T18:00:39Z</time></trkpt>
<trkpt lat="45.392641" lon="-75.8711"><ele>23.0</ele><time>2024-06-08T18:00:40Z</time></trkpt>
<trkpt lat="45.392616" lon="-75.871082"><ele>23.0</ele><time>2024-06-08T18:00:41Z</time></trkpt>
<trkpt lat="45.392594" lon="-75.871064"><ele>23.0</ele><time>2024-06-08T18:00:42Z</time></trkpt>
<trkpt lat="45.392568" lon="-75.871037"><ele>23.0</ele><time>2024-06-08T18:00:43Z</time></trkpt>
<trkpt lat="45.392549" lon="-75.871019"><ele>23.0</ele><time>2024-06-08T18:00:44Z</time></trkpt>
<trkpt lat="45.392524" lon="-75.870993"><ele>23.0</ele><time>2024-06-08T18:00:45Z</time></trkpt>
<trkpt lat="45.392502" lon="-75.870975"><ele>23.0</ele><time>2024-06-08T18:00:46Z</time></trkpt>
<trkpt lat="45.39248" lon="-75.870948"><ele>23.0</ele><time>2024-06-08T18:00:47Z</time></trkpt>
<trkpt lat="45.392458" lon="-75.87093"><ele>23.0</ele><time>2024-06-08T18:00:48Z</time></trkpt>
<trkpt lat="45.392432" lon="-75.870903"><ele>23.0</ele><time>2024-06-08T18:00:49Z</time></trkpt>
<trkpt lat="45.39241" lon="-75.870885"><ele>23.0</ele><time>2024-06-08T18:00:50Z</time></trkpt>
<trkpt lat="45.392385" lon="-75.870858"><ele>23.0</ele><time>2024-06-08T18:00:51Z</time></trkpt>
<trkpt lat="45.392363" lon="-75.87084"><ele>23.0</ele><time>2024-06-08T18:00:52Z</time></trkpt>
<trkpt lat="45.392344" lon="-75.870813"><ele>23.0</ele><time>2024-06-08T18:00:53Z</time></trkpt>
<trkpt lat="45.392325" lon="-75.870786"><ele>23.0</ele><time>2024-06-08T18:00:54Z</time></trkpt>
<trkpt lat="45.392306" lon="-75.870768"><ele>23.0</ele><time>2024-06-08T18:00:55Z</time></trkpt>
<trkpt lat="45.392284" lon="-75.87075"><ele>23.0</ele><time>2024-06-08T18:00:56Z</time></trkpt>
<trkpt lat="45.392261" lon="-75.870732"><ele>23.0</ele><time>2024-06-08T18:00:57Z</time></trkpt>
<trkpt lat="45.392239" lon="-75.870705"><ele>23.0</ele><time>2024-06-08T18:00:58Z</time></trkpt>
<trkpt lat="45.392217" lon="-75.870687"><ele>23.0</ele><time>2024-06-08T18:00:59Z</time></trkpt>
<trkpt lat="45.392195" lon="-75.870669"><ele>23.0</ele><time>2024-06-08T18:01:00Z</time></trkpt>
<trkpt lat="45.39217" lon="-75.870651"><ele>23.0</ele><time>2024-06-08T18:01:01Z</time></trkpt>
<trkpt lat="45.392147" lon="-75.870633"><ele>23.0</ele><time>2024-06-08T18:01:02Z</time></trkpt>
<trkpt lat="45.392125" lon="-75.870615"><ele>23.0</ele><time>2024-06-08T18:01:03Z</time></trkpt>
<trkpt lat="45.392106" lon="-75.870588"><ele>23.0</ele><time>2024-06-08T18:01:04Z</time></trkpt>
<trkpt lat="45.392084" lon="-75.87057"><ele>23.0</ele><time>2024-06-08T18:01:05Z</time></trkpt>
<trkpt lat="45.392065" lon="-75.870543"><ele>23.0</ele><time>2024-06-08T18:01:06Z</time></trkpt>
<trkpt lat="45.392043" lon="-75.870516"><ele>23.0</ele><time>2024-06-08T18:01:07Z</time></trkpt>
<trkpt lat="45.392021" lon="-75.87049"><ele>23.0</ele><time>2024-06-08T18:01:08Z</time></trkpt>
<trkpt lat="45.391999" lon="-75.870463"><ele>23.0</ele><time>2024-06-08T18:01:09Z</time></trkpt>
<trkpt lat="45.391973" lon="-75.870445"><ele>23.0</ele><time>2024-06-08T18:01:10Z</time></trkpt>
<trkpt lat="45.391951" lon="-75.870427"><ele>23.0</ele><time>2024-06-08T18:01:11Z</time></trkpt>
<trkpt lat="45.391926" lon="-75.8704"><ele>23.0</ele><time>2024-06-08T18:01:12Z</time></trkpt>
<trkpt lat="45.391901" lon="-75.870382"><ele>23.0</ele><time>2024-06-08T18:01:13Z</time></trkpt>
<trkpt lat="45.391875" lon="-75.870364"><ele>23.0</ele><time>2024-06-08T18:01:14Z</time></trkpt>
<trkpt lat="45.39185" lon="-75.870355"><ele>24.0</ele><time>2024-06-08T18:01:15Z</time></trkpt>
<trkpt lat="45.391825" lon="-75.870328"><ele>24.0</ele><time>2024-06-08T18:01:16Z</time></trkpt>
<trkpt lat="45.391799" lon="-75.87031"><ele>24.0</ele><time>2024-06-08T18:01:17Z</time></trkpt>
<trkpt lat="45.391774" lon="-75.870292"><ele>24.0</ele><time>2024-06-08T18:01:18Z</time></trkpt>
<trkpt lat="45.391752" lon="-75.870265"><ele>24.0</ele><time>2024-06-08T18:01:19Z</time></trkpt>
<trkpt lat="45.39173" lon="-75.870238"><ele>24.0</ele><time>2024-06-08T18:01:20Z</time></trkpt>
<trkpt lat="45.391708" lon="-75.87022"><ele>24.0</ele><time>2024-06-08T18:01:21Z</time></trkpt>
<trkpt lat="45.391685" lon="-75.870193"><ele>24.0</ele><time>2024-06-08T18:01:22Z</time></trkpt>
<trkpt lat="45.391663" lon="-75.870175"><ele>24.0</ele><time>2024-06-08T18:01:23Z</time></trkpt>
<trkpt lat="45.391641" lon="-75.870148"><ele>24.0</ele><time>2024-06-08T18:01:24Z</time></trkpt>
<trkpt lat="45.391619" lon="-75.87013"><ele>24.0</ele><time>2024-06-08T18:01:25Z</time></trkpt>
<trkpt lat="45.391594" lon="-75.870112"><ele>24.0</ele><time>2024-06-08T18:01:26Z</time></trkpt>
<trkpt lat="45.391571" lon="-75.870094"><ele>24.0</ele><time>2024-06-08T18:01:27Z</time></trkpt>
<trkpt lat="45.391546" lon="-75.870067"><ele>24.0</ele><time>2024-06-08T18:01:28Z</time></trkpt>
<trkpt lat="45.391524" lon="-75.870049"><ele>24.0</ele><time>2024-06-08T18:01:29Z</time></trkpt>
<trkpt lat="45.391502" lon="-75.870031"><ele>24.0</ele><time>2024-06-08T18:01:30Z</time></trkpt>
<trkpt lat="45.391483" lon="-75.870004"><ele>24.0</ele><time>2024-06-08T18:01:31Z</time></trkpt>
<trkpt lat="45.391461" lon="-75.869986"><ele>24.0</ele><time>2024-06-08T18:01:32Z</time></trkpt>
<trkpt lat="45.391439" lon="-75.86996"><ele>24.0</ele><time>2024-06-08T18:01:33Z</time></trkpt>
<trkpt lat="45.391416" lon="-75.869942"><ele>24.0</ele><time>2024-06-08T18:01:34Z</time></trkpt>
<trkpt lat="45.391391" lon="-75.869924"><ele>24.0</ele><time>2024-06-08T18:01:35Z</time></trkpt>
<trkpt lat="45.391366" lon="-75.869906"><ele>24.0</ele><time>2024-06-08T18:01:36Z</time></trkpt>
<trkpt lat="45.391344" lon="-75.869879"><ele>24.0</ele><time>2024-06-08T18:01:37Z</time></trkpt>
<trkpt lat="45.391325" lon="-75.869861"><ele>24.0</ele><time>2024-06-08T18:01:38Z</time></trkpt>
<trkpt lat="45.391303" lon="-75.869843"><ele>24.0</ele><time>2024-06-08T18:01:39Z</time></trkpt>
<trkpt lat="45.391284" lon="-75.869825"><ele>24.0</ele><time>2024-06-08T18:01:40Z</time></trkpt>
<trkpt lat="45.391258" lon="-75.869798"><ele>24.0</ele><time>2024-06-08T18:01:41Z</time></trkpt>
<trkpt lat="45.391236" lon="-75.86978"><ele>24.0</ele><time>2024-06-08T18:01:42Z</time></trkpt>
<trkpt lat="45.391211" lon="-75.869771"><ele>24.0</ele><time>2024-06-08T18:01:43Z</time></trkpt>
<trkpt lat="45.391189" lon="-75.869753"><ele>24.0</ele><time>2024-06-08T18:01:44Z</time></trkpt>
<trkpt lat="45.391173" lon="-75.869735"><ele>24.0</ele><time>2024-06-08T18:01:45Z</time></trkpt>
<trkpt lat="45.391157" lon="-75.869708"><ele>24.0</ele><time>2024-06-08T18:01:46Z</time></trkpt>
<trkpt lat="45.391138" lon="-75.86969"><ele>24.0</ele><time>2024-06-08T18:01:47Z</time></trkpt>
<trkpt lat="45.391116" lon="-75.869663"><ele>24.0</ele><time>2024-06-08T18:01:48Z</time></trkpt>
<trkpt lat="45.391087" lon="-75.869654"><ele>24.0</ele><time>2024-06-08T18:01:49Z</time></trkpt>
<trkpt lat="45.391059" lon="-75.869636"><ele>24.0</ele><time>2024-06-08T18:01:50Z</time></trkpt>
<trkpt lat="45.39103" lon="-75.869627"><ele>24.0</ele><time>2024-06-08T18:01:51Z</time></trkpt>
<trkpt lat="45.391008" lon="-75.869609"><ele>24.0</ele><time>2024-06-08T18:01:52Z</time></trkpt>
<trkpt lat="45.390983" lon="-75.869582"><ele>24.0</ele><time>2024-06-08T18:01:53Z</time></trkpt>
<trkpt lat="45.390961" lon="-75.869564"><ele>24.0</ele><time>2024-06-08T18:01:54Z</time></trkpt>
<trkpt lat="45.390935" lon="-75.869546"><ele>24.0</ele><time>2024-06-08T18:01:55Z</time></trkpt>
<trkpt lat="45.39091" lon="-75.869537"><ele>24.0</ele><time>2024-06-08T18:01:56Z</time></trkpt>
<trkpt lat="45.390885" lon="-75.869519"><ele>24.0</ele><time>2024-06-08T18:01:57Z</time></trkpt>
<trkpt lat="45.390859" lon="-75.869501"><ele>24.0</ele><time>2024-06-08T18:01:58Z</time></trkpt>
<trkpt lat="45.390837" lon="-75.869483"><ele>24.0</ele><time>2024-06-08T18:01:59Z</time></trkpt>
<trkpt lat="45.390812" lon="-75.869465"><ele>24.0</ele><time>2024-06-08T18:02:00Z</time></trkpt>
<trkpt lat="45.390783" lon="-75.869448"><ele>24.0</ele><time>2024-06-08T18:02:01Z</time></trkpt>
<trkpt lat="45.390755" lon="-75.869439"><ele>24.0</ele><time>2024-06-08T18:02:02Z</time></trkpt>
<trkpt lat="45.390727" lon="-75.869421"><ele>24.0</ele><time>2024-06-08T18:02:03Z</time></trkpt>
<trkpt lat="45.390701" lon="-75.869412"><ele>24.0</ele><time>2024-06-08T18:02:04Z</time></trkpt>
<trkpt lat="45.390676" lon="-75.869394"><ele>24.0</ele><time>2024-06-08T18:02:05Z</time></trkpt>
<trkpt lat="45.390651" lon="-75.869385"><ele>24.0</ele><time>2024-06-08T18:02:06Z</time></trkpt>
<trkpt lat="45.390628" lon="-75.869367"><ele>24.0</ele><time>2024-06-08T18:02:07Z</time></trkpt>
<trkpt lat="45.390603" lon="-75.86934"><ele>24.0</ele><time>2024-06-08T18:02:08Z</time></trkpt>
<trkpt lat="45.390575" lon="-75.869331"><ele>24.0</ele><time>2024-06-08T18:02:09Z</time></trkpt>
<trkpt lat="45.390546" lon="-75.869313"><ele>24.0</ele><time>2024-06-08T18:02:10Z</time></trkpt>
<trkpt lat="45.390518" lon="-75.869295"><ele>24.0</ele><time>2024-06-08T18:02:11Z</time></trkpt>
<trkpt lat="45.390496" lon="-75.869277"><ele>24.0</ele><time>2024-06-08T18:02:12Z</time></trkpt>
<trkpt lat="45.390473" lon="-75.86925"><ele>24.0</ele><time>2024-06-08T18:02:13Z</time></trkpt>
<trkpt lat="45.390451" lon="-75.869223"><ele>24.0</ele><time>2024-06-08T18:02:14Z</time></trkpt>
<trkpt lat="45.390429" lon="-75.869205"><ele>24.0</ele><time>2024-06-08T18:02:15Z</time></trkpt>
<trkpt lat="45.390404" lon="-75.869187"><ele>24.0</ele><time>2024-06-08T18:02:16Z</time></trkpt>
<trkpt lat="45.390382" lon="-75.869169"><ele>24.0</ele><time>2024-06-08T18:02:17Z</time></trkpt>
<trkpt lat="45.390359" lon="-75.869142"><ele>24.0</ele><time>2024-06-08T18:02:18Z</time></trkpt>
<trkpt lat="45.390334" lon="-75.869124"><ele>24.0</ele><time>2024-06-08T18:02:19Z</time></trkpt>
<trkpt lat="45.390312" lon="-75.869097"><ele>24.0</ele><time>2024-06-08T18:02:20Z</time></trkpt>
<trkpt lat="45.390287" lon="-75.869079"><ele>24.0</ele><time>2024-06-08T18:02:21Z</time></trkpt>
<trkpt lat="45.390261" lon="-75.869052"><ele>24.0</ele><time>2024-06-08T18:02:22Z</time></trkpt>
<trkpt lat="45.390233" lon="-75.869034"><ele>24.0</ele><time>2024-06-08T18:02:23Z</time></trkpt>
<trkpt lat="45.390208" lon="-75.869025"><ele>23.0</ele><time>2024-06-08T18:02:24Z</time></trkpt>
<trkpt lat="45.390179" lon="-75.869007"><ele>24.0</ele><time>2024-06-08T18:02:25Z</time></trkpt>
<trkpt lat="45.390154" lon="-75.868989"><ele>24.0</ele><time>2024-06-08T18:02:26Z</time></trkpt>
<trkpt lat="45.390128" lon="-75.86898"><ele>23.0</ele><time>2024-06-08T18:02:27Z</time></trkpt>
<trkpt lat="45.3901" lon="-75.868971"><ele>24.0</ele><time>2024-06-08T18:02:28Z</time></trkpt>
<trkpt lat="45.390078" lon="-75.868953"><ele>23.0</ele><time>2024-06-08T18:02:29Z</time></trkpt>
<trkpt lat="45.390052" lon="-75.868935"><ele>23.0</ele><time>2024-06-08T18:02:30Z</time></trkpt>
<trkpt lat="45.390027" lon="-75.868918"><ele>23.0</ele><time>2024-06-08T18:02:31Z</time></trkpt>
<trkpt lat="45.390002" lon="-75.8689"><ele>23.0</ele><time>2024-06-08T18:02:32Z</time></trkpt>
<trkpt lat="45.389976" lon="-75.868891"><ele>23.0</ele><time>2024-06-08T18:02:33Z</time></trkpt>
<trkpt lat="45.389948" lon="-75.868882"><ele>23.0</ele><time>2024-06-08T18:02:34Z</time></trkpt>
<trkpt lat="45.38992" lon="-75.868873"><ele>23.0</ele><time>2024-06-08T18:02:35Z</time></trkpt>
<trkpt lat="45.389894" lon="-75.868864"><ele>23.0</ele><time>2024-06-08T18:02:36Z</time></trkpt>
<trkpt lat="45.389866" lon="-75.868855"><ele>23.0</ele><time>2024-06-08T18:02:37Z</time></trkpt>
<trkpt lat="45.389837" lon="-75.868837"><ele>23.0</ele><time>2024-06-08T18:02:38Z</time></trkpt>
<trkpt lat="45.389812" lon="-75.868837"><ele>23.0</ele><time>2024-06-08T18:02:39Z</time></trkpt>
<trkpt lat="45.38978" lon="-75.868828"><ele>23.0</ele><time>2024-06-08T18:02:40Z</time></trkpt>
<trkpt lat="45.389752" lon="-75.868828"><ele>23.0</ele><time>2024-06-08T18:02:41Z</time></trkpt>
<trkpt lat="45.389723" lon="-75.868819"><ele>23.0</ele><time>2024-06-08T18:02:42Z</time></trkpt>
<trkpt lat="45.389692" lon="-75.86881"><ele>24.0</ele><time>2024-06-08T18:02:43Z</time></trkpt>
<trkpt lat="45.389666" lon="-75.868792"><ele>23.0</ele><time>2024-06-08T18:02:44Z</time></trkpt>
<trkpt lat="45.389641" lon="-75.868774"><ele>24.0</ele><time>2024-06-08T18:02:45Z</time></trkpt>
<trkpt lat="45.389613" lon="-75.868765"><ele>24.0</ele><time>2024-06-08T18:02:46Z</time></trkpt>
<trkpt lat="45.389587" lon="-75.868747"><ele>24.0</ele><time>2024-06-08T18:02:47Z</time></trkpt>
<trkpt lat="45.389559" lon="-75.868738"><ele>24.0</ele><time>2024-06-08T18:02:48Z</time></trkpt>
<trkpt lat="45.389533" lon="-75.86872"><ele>24.0</ele><time>2024-06-08T18:02:49Z</time></trkpt>
<trkpt lat="45.389508" lon="-75.868711"><ele>24.0</ele><time>2024-06-08T18:02:50Z</time></trkpt>
<trkpt lat="45.38948" lon="-75.868693"><ele>24.0</ele><time>2024-06-08T18:02:51Z</time></trkpt>
<trkpt lat="45.389454" lon="-75.868675"><ele>24.0</ele><time>2024-06-08T18:02:52Z</time></trkpt>
<trkpt lat="45.389426" lon="-75.868657"><ele>24.0</ele><time>2024-06-08T18:02:53Z</time></trkpt>
<trkpt lat="45.389397" lon="-75.868648"><ele>24.0</ele><time>2024-06-08T18:02:54Z</time></trkpt>
<trkpt lat="45.389372" lon="-75.86863"><ele>24.0</ele><time>2024-06-08T18:02:55Z</time></trkpt>
<trkpt lat="45.389344" lon="-75.868603"><ele>24.0</ele><time>2024-06-08T18:02:56Z</time></trkpt>
<trkpt lat="45.389318" lon="-75.868585"><ele>24.0</ele><time>2024-06-08T18:02:57Z</time></trkpt>
<trkpt lat="45.38929" lon="-75.868567"><ele>23.0</ele><time>2024-06-08T18:02:58Z</time></trkpt>
<trkpt lat="45.389258" lon="-75.868549"><ele>23.0</ele><time>2024-06-08T18:02:59Z</time></trkpt>
<trkpt lat="45.38923" lon="-75.86854"><ele>23.0</ele><time>2024-06-08T18:03:00Z</time></trkpt>
<trkpt lat="45.389201" lon="-75.868522"><ele>23.0</ele><time>2024-06-08T18:03:01Z</time></trkpt>
<trkpt lat="45.389173" lon="-75.868504"><ele>23.0</ele><time>2024-06-08T18:03:02Z</time></trkpt>
<trkpt lat="45.389147" lon="-75.868486"><ele>23.0</ele><time>2024-06-08T18:03:03Z</time></trkpt>
<trkpt lat="45.389125" lon="-75.868468"><ele>23.0</ele><time>2024-06-08T18:03:04Z</time></trkpt>
<trkpt lat="45.3891" lon="-75.868441"><ele>23.0</ele><time>2024-06-08T18:03:05Z</time></trkpt>
<trkpt lat="45.389075" lon="-75.868414"><ele>23.0</ele><time>2024-06-08T18:03:06Z</time></trkpt>
<trkpt lat="45.389046" lon="-75.868397"><ele>23.0</ele><time>2024-06-08T18:03:07Z</time></trkpt>
<trkpt lat="45.389021" lon="-75.86837"><ele>23.0</ele><time>2024-06-08T18:03:08Z</time></trkpt>
<trkpt lat="45.388999" lon="-75.868343"><ele>23.0</ele><time>2024-06-08T18:03:09Z</time></trkpt>
<trkpt lat="45.38898" lon="-75.868316"><ele>23.0</ele><time>2024-06-08T18:03:10Z</time></trkpt>
<trkpt lat="45.388957" lon="-75.868289"><ele>24.0</ele><time>2024-06-08T18:03:11Z</time></trkpt>
<trkpt lat="45.388935" lon="-75.868262"><ele>23.0</ele><time>2024-06-08T18:03:12Z</time></trkpt>
<trkpt lat="45.38891" lon="-75.868235"><ele>24.0</ele><time>2024-06-08T18:03:13Z</time></trkpt>
<trkpt lat="45.388885" lon="-75.868208"><ele>24.0</ele><time>2024-06-08T18:03:14Z</time></trkpt>
<trkpt lat="45.388859" lon="-75.868181"><ele>23.0</ele><time>2024-06-08T18:03:15Z</time></trkpt>
<trkpt lat="45.388834" lon="-75.868163"><ele>23.0</ele><time>2024-06-08T18:03:16Z</time></trkpt>
<trkpt lat="45.388809" lon="-75.868136"><ele>23.0</ele><time>2024-06-08T18:03:17Z</time></trkpt>
<trkpt lat="45.38878" lon="-75.868118"><ele>23.0</ele><time>2024-06-08T18:03:18Z</time></trkpt>
<trkpt lat="45.388752" lon="-75.8681"><ele>23.0</ele><time>2024-06-08T18:03:19Z</time></trkpt>
<trkpt lat="45.388723" lon="-75.868082"><ele>23.0</ele><time>2024-06-08T18:03:20Z</time></trkpt>
<trkpt lat="45.388695" lon="-75.868055"><ele>23.0</ele><time>2024-06-08T18:03:21Z</time></trkpt>
<trkpt lat="45.388669" lon="-75.868037"><ele>23.0</ele><time>2024-06-08T18:03:22Z</time></trkpt>
<trkpt lat="45.388647" lon="-75.86801"><ele>23.0</ele><time>2024-06-08T18:03:23Z</time></trkpt>
<trkpt lat="45.388619" lon="-75.867983"><ele>23.0</ele><time>2024-06-08T18:03:24Z</time></trkpt>
<trkpt lat="45.388593" lon="-75.867956"><ele>23.0</ele><time>2024-06-08T18:03:25Z</time></trkpt>
<trkpt lat="45.388565" lon="-75.867938"><ele>23.0</ele><time>2024-06-08T18:03:26Z</time></trkpt>
<trkpt lat="45.38854" lon="-75.867911"><ele>23.0</ele><time>2024-06-08T18:03:27Z</time></trkpt>
<trkpt lat="45.388514" lon="-75.867885"><ele>23.0</ele><time>2024-06-08T18:03:28Z</time></trkpt>
<trkpt lat="45.388489" lon="-75.867867"><ele>23.0</ele><time>2024-06-08T18:03:29Z</time></trkpt>
<trkpt lat="45.388464" lon="-75.86784"><ele>23.0</ele><time>2024-06-08T18:03:30Z</time></trkpt>
<trkpt lat="45.388442" lon="-75.867813"><ele>23.0</ele><time>2024-06-08T18:03:31Z</time></trkpt>
<trkpt lat="45.388416" lon="-75.867786"><ele>23.0</ele><time>2024-06-08T18:03:32Z</time></trkpt>
<trkpt lat="45.388394" lon="-75.867768"><ele>23.0</ele><time>2024-06-08T18:03:33Z</time></trkpt>
<trkpt lat="45.388372" lon="-75.867741"><ele>23.0</ele><time>2024-06-08T18:03:34Z</time></trkpt>
<trkpt lat="45.388347" lon="-75.867723"><ele>23.0</ele><time>2024-06-08T18:03:35Z</time></trkpt>
<trkpt lat="45.388324" lon="-75.867705"><ele>23.0</ele><time>2024-06-08T18:03:36Z</time></trkpt>
<trkpt lat="45.388299" lon="-75.867678"><ele>23.0</ele><time>2024-06-08T18:03:37Z</time></trkpt>
<trkpt lat="45.388274" lon="-75.86766"><ele>23.0</ele><time>2024-06-08T18:03:38Z</time></trkpt>
<trkpt lat="45.388252" lon="-75.867642"><ele>23.0</ele><time>2024-06-08T18:03:39Z</time></trkpt>
<trkpt lat="45.38823" lon="-75.867615"><ele>23.0</ele><time>2024-06-08T18:03:40Z</time></trkpt>
<trkpt lat="45.388204" lon="-75.867597"><ele>23.0</ele><time>2024-06-08T18:03:41Z</time></trkpt>
<trkpt lat="45.388179" lon="-75.867588"><ele>23.0</ele><time>2024-06-08T18:03:42Z</time></trkpt>
<trkpt lat="45.388154" lon="-75.86757"><ele>23.0</ele><time>2024-06-08T18:03:43Z</time></trkpt>
<trkpt lat="45.388125" lon="-75.867552"><ele>23.0</ele><time>2024-06-08T18:03:44Z</time></trkpt>
<trkpt lat="45.388097" lon="-75.867534"><ele>23.0</ele><time>2024-06-08T18:03:45Z</time></trkpt>
<trkpt lat="45.388068" lon="-75.867525"><ele>23.0</ele><time>2024-06-08T18:03:46Z</time></trkpt>
<trkpt lat="45.38804" lon="-75.867507"><ele>24.0</ele><time>2024-06-08T18:03:47Z</time></trkpt>
<trkpt lat="45.388014" lon="-75.867489"><ele>23.0</ele><time>2024-06-08T18:03:48Z</time></trkpt>
<trkpt lat="45.387989" lon="-75.867471"><ele>23.0</ele><time>2024-06-08T18:03:49Z</time></trkpt>
<trkpt lat="45.387967" lon="-75.867453"><ele>24.0</ele><time>2024-06-08T18:03:50Z</time></trkpt>
<trkpt lat="45.387945" lon="-75.867435"><ele>24.0</ele><time>2024-06-08T18:03:51Z</time></trkpt>
<trkpt lat="45.387919" lon="-75.867417"><ele>24.0</ele><time>2024-06-08T18:03:52Z</time></trkpt>
<trkpt lat="45.387897" lon="-75.867399"><ele>24.0</ele><time>2024-06-08T18:03:53Z</time></trkpt>
<trkpt lat="45.387872" lon="-75.867381"><ele>24.0</ele><time>2024-06-08T18:03:54Z</time></trkpt>
<trkpt lat="45.387847" lon="-75.867363"><ele>24.0</ele><time>2024-06-08T18:03:55Z</time></trkpt>
<trkpt lat="45.387821" lon="-75.867346"><ele>24.0</ele><time>2024-06-08T18:03:56Z</time></trkpt>
<trkpt lat="45.387796" lon="-75.867337"><ele>24.0</ele><time>2024-06-08T18:03:57Z</time></trkpt>
<trkpt lat="45.387767" lon="-75.867328"><ele>24.0</ele><time>2024-06-08T18:03:58Z</time></trkpt>
<trkpt lat="45.387739" lon="-75.86731"><ele>24.0</ele><time>2024-06-08T18:03:59Z</time></trkpt>
<trkpt lat="45.38771" lon="-75.867301"><ele>24.0</ele><time>2024-06-08T18:04:00Z</time></trkpt>
<trkpt lat="45.387682" lon="-75.867283"><ele>24.0</ele><time>2024-06-08T18:04:01Z</time></trkpt>
<trkpt lat="45.387657" lon="-75.867265"><ele>24.0</ele><time>2024-06-08T18:04:02Z</time></trkpt>
<trkpt lat="45.387631" lon="-75.867247"><ele>24.0</ele><time>2024-06-08T18:04:03Z</time></trkpt>
<trkpt lat="45.387606" lon="-75.867229"><ele>24.0</ele><time>2024-06-08T18:04:04Z</time></trkpt>
<trkpt lat="45.387584" lon="-75.867211"><ele>24.0</ele><time>2024-06-08T18:04:05Z</time></trkpt>
<trkpt lat="45.387562" lon="-75.867184"><ele>24.0</ele><time>2024-06-08T18:04:06Z</time></trkpt>
<trkpt lat="45.387536" lon="-75.867157"><ele>24.0</ele><time>2024-06-08T18:04:07Z</time></trkpt>
<trkpt lat="45.387511" lon="-75.867139"><ele>24.0</ele><time>2024-06-08T18:04:08Z</time></trkpt>
<trkpt lat="45.387486" lon="-75.867121"><ele>23.0</ele><time>2024-06-08T18:04:09Z</time></trkpt>
<trkpt lat="45.387464" lon="-75.867094"><ele>24.0</ele><time>2024-06-08T18:04:10Z</time></trkpt>
<trkpt lat="45.387445" lon="-75.867067"><ele>23.0</ele><time>2024-06-08T18:04:11Z</time></trkpt>
<trkpt lat="45.387422" lon="-75.867049"><ele>24.0</ele><time>2024-06-08T18:04:12Z</time></trkpt>
<trkpt lat="45.3874" lon="-75.867022"><ele>24.0</ele><time>2024-06-08T18:04:13Z</time></trkpt>
<trkpt lat="45.387375" lon="-75.866995"><ele>24.0</ele><time>2024-06-08T18:04:14Z</time></trkpt>
<trkpt lat="45.387347" lon="-75.866977"><ele>23.0</ele><time>2024-06-08T18:04:15Z</time></trkpt>
<trkpt lat="45.387318" lon="-75.866959"><ele>23.0</ele><time>2024-06-08T18:04:16Z</time></trkpt>
<trkpt lat="45.387293" lon="-75.866941"><ele>23.0</ele><time>2024-06-08T18:04:17Z</time></trkpt>
<trkpt lat="45.387267" lon="-75.866914"><ele>23.0</ele><time>2024-06-08T18:04:18Z</time></trkpt>
<trkpt lat="45.387242" lon="-75.866896"><ele>23.0</ele><time>2024-06-08T18:04:19Z</time></trkpt>
<trkpt lat="45.38722" lon="-75.866869"><ele>23.0</ele><time>2024-06-08T18:04:20Z</time></trkpt>
<trkpt lat="45.387195" lon="-75.866842"><ele>23.0</ele><time>2024-06-08T18:04:21Z</time></trkpt>
<trkpt lat="45.387172" lon="-75.866825"><ele>23.0</ele><time>2024-06-08T18:04:22Z</time></trkpt>
<trkpt lat="45.38715" lon="-75.866798"><ele>23.0</ele><time>2024-06-08T18:04:23Z</time></trkpt>
<trkpt lat="45.387128" lon="-75.86678"><ele>23.0</ele><time>2024-06-08T18:04:24Z</time></trkpt>
<trkpt lat="45.387109" lon="-75.866753"><ele>23.0</ele><time>2024-06-08T18:04:25Z</time></trkpt>
<trkpt lat="45.387087" lon="-75.866735"><ele>23.0</ele><time>2024-06-08T18:04:26Z</time></trkpt>
<trkpt lat="45.387062" lon="-75.866708"><ele>23.0</ele><time>2024-06-08T18:04:27Z</time></trkpt>
<trkpt lat="45.387036" lon="-75.86669"><ele>23.0</ele><time>2024-06-08T18:04:28Z</time></trkpt>
<trkpt lat="45.387011" lon="-75.866663"><ele>23.0</ele><time>2024-06-08T18:04:29Z</time></trkpt>
<trkpt lat="45.386986" lon="-75.866645"><ele>23.0</ele><time>2024-06-08T18:04:30Z</time></trkpt>
<trkpt lat="45.38696" lon="-75.866618"><ele>23.0</ele><time>2024-06-08T18:04:31Z</time></trkpt>
<trkpt lat="45.386935" lon="-75.8666"><ele>23.0</ele><time>2024-06-08T18:04:32Z</time></trkpt>
<trkpt lat="45.38691" lon="-75.866573"><ele>23.0</ele><time>2024-06-08T18:04:33Z</time></trkpt>
<trkpt lat="45.386888" lon="-75.866555"><ele>23.0</ele><time>2024-06-08T18:04:34Z</time></trkpt>
<trkpt lat="45.386862" lon="-75.866537"><ele>23.0</ele><time>2024-06-08T18:04:35Z</time></trkpt>
<trkpt lat="45.386837" lon="-75.866528"><ele>23.0</ele><time>2024-06-08T18:04:36Z</time></trkpt>
<trkpt lat="45.386812" lon="-75.86651"><ele>24.0</ele><time>2024-06-08T18:04:37Z</time></trkpt>
<trkpt lat="45.386789" lon="-75.866492"><ele>24.0</ele><time>2024-06-08T18:04:38Z</time></trkpt>
<trkpt lat="45.386764" lon="-75.866465"><ele>24.0</ele><time>2024-06-08T18:04:39Z</time></trkpt>
<trkpt lat="45.386739" lon="-75.866438"><ele>24.0</ele><time>2024-06-08T18:04:40Z</time></trkpt>
<trkpt lat="45.386717" lon="-75.86642"><ele>23.0</ele><time>2024-06-08T18:04:41Z</time></trkpt>
<trkpt lat="45.386698" lon="-75.866402"><ele>24.0</ele><time>2024-06-08T18:04:42Z</time></trkpt>
<trkpt lat="45.386676" lon="-75.866384"><ele>24.0</ele><time>2024-06-08T18:04:43Z</time></trkpt>
<trkpt lat="45.386653" lon="-75.866357"><ele>24.0</ele><time>2024-06-08T18:04:44Z</time></trkpt>
<trkpt lat="45.386628" lon="-75.866339"><ele>24.0</ele><time>2024-06-08T18:04:45Z</time></trkpt>
<trkpt lat="45.386603" lon="-75.866313"><ele>23.0</ele><time>2024-06-08T18:04:46Z</time></trkpt>
<trkpt lat="45.386577" lon="-75.866295"><ele>24.0</ele><time>2024-06-08T18:04:47Z</time></trkpt>
<trkpt lat="45.386555" lon="-75.866277"><ele>24.0</ele><time>2024-06-08T18:04:48Z</time></trkpt>
<trkpt lat="45.38653" lon="-75.866259"><ele>24.0</ele><time>2024-06-08T18:04:49Z</time></trkpt>
<trkpt lat="45.386508" lon="-75.866241"><ele>24.0</ele><time>2024-06-08T18:04:50Z</time></trkpt>
<trkpt lat="45.386482" lon="-75.866214"><ele>24.0</ele><time>2024-06-08T18:04:51Z</time></trkpt>
<trkpt lat="45.386454" lon="-75.866196"><ele>24.0</ele><time>2024-06-08T18:04:52Z</time></trkpt>
<trkpt lat="45.386429" lon="-75.866169"><ele>24.0</ele><time>2024-06-08T18:04:53Z</time></trkpt>
<trkpt lat="45.386403" lon="-75.866151"><ele>24.0</ele><time>2024-06-08T18:04:54Z</time></trkpt>
<trkpt lat="45.386381" lon="-75.866124"><ele>24.0</ele><time>2024-06-08T18:04:55Z</time></trkpt>
<trkpt lat="45.386362" lon="-75.866106"><ele>24.0</ele><time>2024-06-08T18:04:56Z</time></trkpt>
<trkpt lat="45.38634" lon="-75.866079"><ele>24.0</ele><time>2024-06-08T18:04:57Z</time></trkpt>
<trkpt lat="45.386321" lon="-75.866061"><ele>24.0</ele><time>2024-06-08T18:04:58Z</time></trkpt>
<trkpt lat="45.386302" lon="-75.866034"><ele>24.0</ele><time>2024-06-08T18:04:59Z</time></trkpt>
<trkpt lat="45.38628" lon="-75.866016"><ele>24.0</ele><time>2024-06-08T18:05:00Z</time></trkpt>
<trkpt lat="45.386255" lon="-75.865998"><ele>24.0</ele><time>2024-06-08T18:05:01Z</time></trkpt>
<trkpt lat="45.386226" lon="-75.86598"><ele>24.0</ele><time>2024-06-08T18:05:02Z</time></trkpt>
<trkpt lat="45.386201" lon="-75.865962"><ele>24.0</ele><time>2024-06-08T18:05:03Z</time></trkpt>
<trkpt lat="45.386175" lon="-75.865935"><ele>24.0</ele><time>2024-06-08T18:05:04Z</time></trkpt>
<trkpt lat="45.386153" lon="-75.865917"><ele>24.0</ele><time>2024-06-08T18:05:05Z</time></trkpt>
<trkpt lat="45.386131" lon="-75.865899"><ele>24.0</ele><time>2024-06-08T18:05:06Z</time></trkpt>
<trkpt lat="45.386106" lon="-75.865872"><ele>24.0</ele><time>2024-06-08T18:05:07Z</time></trkpt>
<trkpt lat="45.386084" lon="-75.865854"><ele>24.0</ele><time>2024-06-08T18:05:08Z</time></trkpt>
<trkpt lat="45.386062" lon="-75.865836"><ele>24.0</ele><time>2024-06-08T18:05:09Z</time></trkpt>
<trkpt lat="45.386039" lon="-75.865809"><ele>24.0</ele><time>2024-06-08T18:05:10Z</time></trkpt>
<trkpt lat="45.386014" lon="-75.8658"><ele>24.0</ele><time>2024-06-08T18:05:11Z</time></trkpt>
<trkpt lat="45.385992" lon="-75.865783"><ele>24.0</ele><time>2024-06-08T18:05:12Z</time></trkpt>
<trkpt lat="45.385963" lon="-75.865765"><ele>24.0</ele><time>2024-06-08T18:05:13Z</time></trkpt>
<trkpt lat="45.385938" lon="-75.865756"><ele>24.0</ele><time>2024-06-08T18:05:14Z</time></trkpt>
<trkpt lat="45.38591" lon="-75.865738"><ele>24.0</ele><time>2024-06-08T18:05:15Z</time></trkpt>
<trkpt lat="45.385881" lon="-75.865711"><ele>24.0</ele><time>2024-06-08T18:05:16Z</time></trkpt>
<trkpt lat="45.385856" lon="-75.865693"><ele>24.0</ele><time>2024-06-08T18:05:17Z</time></trkpt>
<trkpt lat="45.385834" lon="-75.865675"><ele>24.0</ele><time>2024-06-08T18:05:18Z</time></trkpt>
<trkpt lat="45.385808" lon="-75.865648"><ele>24.0</ele><time>2024-06-08T18:05:19Z</time></trkpt>
<trkpt lat="45.385786" lon="-75.86563"><ele>24.0</ele><time>2024-06-08T18:05:20Z</time></trkpt>
<trkpt lat="45.385764" lon="-75.865612"><ele>24.0</ele><time>2024-06-08T18:05:21Z</time></trkpt>
<trkpt lat="45.385742" lon="-75.865585"><ele>24.0</ele><time>2024-06-08T18:05:22Z</time></trkpt>
<trkpt lat="45.38572" lon="-75.865567"><ele>24.0</ele><time>2024-06-08T18:05:23Z</time></trkpt>
<trkpt lat="45.385698" lon="-75.86554"><ele>24.0</ele><time>2024-06-08T18:05:24Z</time></trkpt>
<trkpt lat="45.385675" lon="-75.865522"><ele>24.0</ele><time>2024-06-08T18:05:25Z</time></trkpt>
<trkpt lat="45.385653" lon="-75.865495"><ele>24.0</ele><time>2024-06-08T18:05:26Z</time></trkpt>
<trkpt lat="45.385631" lon="-75.865477"><ele>24.0</ele><time>2024-06-08T18:05:27Z</time></trkpt>
<trkpt lat="45.385609" lon="-75.86545"><ele>24.0</ele><time>2024-06-08T18:05:28Z</time></trkpt>
<trkpt lat="45.38559" lon="-75.865432"><ele>24.0</ele><time>2024-06-08T18:05:29Z</time></trkpt>
<trkpt lat="45.385568" lon="-75.865405"><ele>24.0</ele><time>2024-06-08T18:05:30Z</time></trkpt>
<trkpt lat="45.385542" lon="-75.865387"><ele>24.0</ele><time>2024-06-08T18:05:31Z</time></trkpt>
<trkpt lat="45.38552" lon="-75.865369"><ele>24.0</ele><time>2024-06-08T18:05:32Z</time></trkpt>
<trkpt lat="45.385498" lon="-75.865342"><ele>24.0</ele><time>2024-06-08T18:05:33Z</time></trkpt>
<trkpt lat="45.385476" lon="-75.865315"><ele>24.0</ele><time>2024-06-08T18:05:34Z</time></trkpt>
<trkpt lat="45.385454" lon="-75.865288"><ele>24.0</ele><time>2024-06-08T18:05:35Z</time></trkpt>
<trkpt lat="45.385435" lon="-75.865262"><ele>24.0</ele><time>2024-06-08T18:05:36Z</time></trkpt>
<trkpt lat="45.385413" lon="-75.865244"><ele>24.0</ele><time>2024-06-08T18:05:37Z</time></trkpt>
<trkpt lat="45.385394" lon="-75.865226"><ele>24.0</ele><time>2024-06-08T18:05:38Z</time></trkpt>
<trkpt lat="45.385372" lon="-75.865199"><ele>24.0</ele><time>2024-06-08T18:05:39Z</time></trkpt>
<trkpt lat="45.385346" lon="-75.86519"><ele>24.0</ele><time>2024-06-08T18:05:40Z</time></trkpt>
<trkpt lat="45.385318" lon="-75.865172"><ele>24.0</ele><time>2024-06-08T18:05:41Z</time></trkpt>
<trkpt lat="45.385292" lon="-75.865154"><ele>24.0</ele><time>2024-06-08T18:05:42Z</time></trkpt>
<trkpt lat="45.385267" lon="-75.865136"><ele>24.0</ele><time>2024-06-08T18:05:43Z</time></trkpt>
<trkpt lat="45.385242" lon="-75.865118"><ele>24.0</ele><time>2024-06-08T18:05:44Z</time></trkpt>
<trkpt lat="45.385217" lon="-75.8651"><ele>24.0</ele><time>2024-06-08T18:05:45Z</time></trkpt>
<trkpt lat="45.385194" lon="-75.865073"><ele>24.0</ele><time>2024-06-08T18:05:46Z</time></trkpt>
<trkpt lat="45.385169" lon="-75.865055"><ele>24.0</ele><time>2024-06-08T18:05:47Z</time></trkpt>
<trkpt lat="45.385144" lon="-75.865028"><ele>24.0</ele><time>2024-06-08T18:05:48Z</time></trkpt>
<trkpt lat="45.385115" lon="-75.86501"><ele>24.0</ele><time>2024-06-08T18:05:49Z</time></trkpt>
<trkpt lat="45.385087" lon="-75.864992"><ele>24.0</ele><time>2024-06-08T18:05:50Z</time></trkpt>
<trkpt lat="45.385061" lon="-75.864974"><ele>24.0</ele><time>2024-06-08T18:05:51Z</time></trkpt>
<trkpt lat="45.385033" lon="-75.864956"><ele>24.0</ele><time>2024-06-08T18:05:52Z</time></trkpt>
<trkpt lat="45.385004" lon="-75.864938"><ele>24.0</ele><time>2024-06-08T18:05:53Z</time></trkpt>
<trkpt lat="45.384979" lon="-75.86492"><ele>24.0</ele><time>2024-06-08T18:05:54Z</time></trkpt>
<trkpt lat="45.384951" lon="-75.864902"><ele>24.0</ele><time>2024-06-08T18:05:55Z</time></trkpt>
<trkpt lat="45.384925" lon="-75.864884"><ele>24.0</ele><time>2024-06-08T18:05:56Z</time></trkpt>
<trkpt lat="45.3849" lon="-75.864866"><ele>24.0</ele><time>2024-06-08T18:05:57Z</time></trkpt>
<trkpt lat="45.384875" lon="-75.864848"><ele>24.0</ele><time>2024-06-08T18:05:58Z</time></trkpt>
<trkpt lat="45.384849" lon="-75.864821"><ele>24.0</ele><time>2024-06-08T18:05:59Z</time></trkpt>
<trkpt lat="45.384827" lon="-75.864803"><ele>24.0</ele><time>2024-06-08T18:06:00Z</time></trkpt>
<trkpt lat="45.384805" lon="-75.864776"><ele>24.0</ele><time>2024-06-08T18:06:01Z</time></trkpt>
<trkpt lat="45.384786" lon="-75.864758"><ele>24.0</ele><time>2024-06-08T18:06:02Z</time></trkpt>
<trkpt lat="45.384767" lon="-75.864741"><ele>24.0</ele><time>2024-06-08T18:06:03Z</time></trkpt>
<trkpt lat="45.384745" lon="-75.864723"><ele>24.0</ele><time>2024-06-08T18:06:04Z</time></trkpt>
<trkpt lat="45.384723" lon="-75.864705"><ele>24.0</ele><time>2024-06-08T18:06:05Z</time></trkpt>
<trkpt lat="45.384697" lon="-75.864687"><ele>24.0</ele><time>2024-06-08T18:06:06Z</time></trkpt>
<trkpt lat="45.384672" lon="-75.864669"><ele>24.0</ele><time>2024-06-08T18:06:07Z</time></trkpt>
<trkpt lat="45.384644" lon="-75.864651"><ele>24.0</ele><time>2024-06-08T18:06:08Z</time></trkpt>
<trkpt lat="45.384621" lon="-75.864633"><ele>24.0</ele><time>2024-06-08T18:06:09Z</time></trkpt>
<trkpt lat="45.384596" lon="-75.864615"><ele>23.0</ele><time>2024-06-08T18:06:10Z</time></trkpt>
<trkpt lat="45.384574" lon="-75.864588"><ele>24.0</ele><time>2024-06-08T18:06:11Z</time></trkpt>
<trkpt lat="45.384549" lon="-75.86457"><ele>24.0</ele><time>2024-06-08T18:06:12Z</time></trkpt>
<trkpt lat="45.384523" lon="-75.864552"><ele>24.0</ele><time>2024-06-08T18:06:13Z</time></trkpt>
<trkpt lat="45.384498" lon="-75.864534"><ele>24.0</ele><time>2024-06-08T18:06:14Z</time></trkpt>
<trkpt lat="45.384473" lon="-75.864507"><ele>24.0</ele><time>2024-06-08T18:06:15Z</time></trkpt>
<trkpt lat="45.384447" lon="-75.864489"><ele>24.0</ele><time>2024-06-08T18:06:16Z</time></trkpt>
<trkpt lat="45.384425" lon="-75.864462"><ele>24.0</ele><time>2024-06-08T18:06:17Z</time></trkpt>
<trkpt lat="45.3844" lon="-75.864444"><ele>24.0</ele><time>2024-06-08T18:06:18Z</time></trkpt>
<trkpt lat="45.384381" lon="-75.864417"><ele>24.0</ele><time>2024-06-08T18:06:19Z</time></trkpt>
<trkpt lat="45.384359" lon="-75.864399"><ele>24.0</ele><time>2024-06-08T18:06:20Z</time></trkpt>
<trkpt lat="45.38434" lon="-75.864381"><ele>24.0</ele><time>2024-06-08T18:06:21Z</time></trkpt>
<trkpt lat="45.384318" lon="-75.864363"><ele>24.0</ele><time>2024-06-08T18:06:22Z</time></trkpt>
<trkpt lat="45.384292" lon="-75.864345"><ele>24.0</ele><time>2024-06-08T18:06:23Z</time></trkpt>
<trkpt lat="45.38427" lon="-75.864327"><ele>24.0</ele><time>2024-06-08T18:06:24Z</time></trkpt>
<trkpt lat="45.384245" lon="-75.864309"><ele>24.0</ele><time>2024-06-08T18:06:25Z</time></trkpt>
<trkpt lat="45.384223" lon="-75.864291"><ele>24.0</ele><time>2024-06-08T18:06:26Z</time></trkpt>
<trkpt lat="45.384201" lon="-75.864273"><ele>24.0</ele><time>2024-06-08T18:06:27Z</time></trkpt>
<trkpt lat="45.384178" lon="-75.864255"><ele>24.0</ele><time>2024-06-08T18:06:28Z</time></trkpt>
<trkpt lat="45.384156" lon="-75.864237"><ele>24.0</ele><time>2024-06-08T18:06:29Z</time></trkpt>
<trkpt lat="45.384137" lon="-75.86422"><ele>24.0</ele><time>2024-06-08T18:06:30Z</time></trkpt>
<trkpt lat="45.384118" lon="-75.864193"><ele>24.0</ele><time>2024-06-08T18:06:31Z</time></trkpt>
<trkpt lat="45.384099" lon="-75.864175"><ele>24.0</ele><time>2024-06-08T18:06:32Z</time></trkpt>
<trkpt lat="45.384077" lon="-75.864148"><ele>24.0</ele><time>2024-06-08T18:06:33Z</time></trkpt>
<trkpt lat="45.384055" lon="-75.86413"><ele>24.0</ele><time>2024-06-08T18:06:34Z</time></trkpt>
<trkpt lat="45.384033" lon="-75.864112"><ele>24.0</ele><time>2024-06-08T18:06:35Z</time></trkpt>
<trkpt lat="45.384011" lon="-75.864094"><ele>24.0</ele><time>2024-06-08T18:06:36Z</time></trkpt>
<trkpt lat="45.383988" lon="-75.864085"><ele>24.0</ele><time>2024-06-08T18:06:37Z</time></trkpt>
<trkpt lat="45.383963" lon="-75.864067"><ele>24.0</ele><time>2024-06-08T18:06:38Z</time></trkpt>
<trkpt lat="45.383938" lon="-75.864049"><ele>24.0</ele><time>2024-06-08T18:06:39Z</time></trkpt>
<trkpt lat="45.383909" lon="-75.86404"><ele>24.0</ele><time>2024-06-08T18:06:40Z</time></trkpt>
<trkpt lat="45.383884" lon="-75.864013"><ele>24.0</ele><time>2024-06-08T18:06:41Z</time></trkpt>
<trkpt lat="45.383862" lon="-75.863986"><ele>24.0</ele><time>2024-06-08T18:06:42Z</time></trkpt>
<trkpt lat="45.38384" lon="-75.863968"><ele>24.0</ele><time>2024-06-08T18:06:43Z</time></trkpt>
<trkpt lat="45.383818" lon="-75.863941"><ele>24.0</ele><time>2024-06-08T18:06:44Z</time></trkpt>
<trkpt lat="45.383792" lon="-75.863932"><ele>24.0</ele><time>2024-06-08T18:06:45Z</time></trkpt>
<trkpt lat="45.383764" lon="-75.863914"><ele>24.0</ele><time>2024-06-08T18:06:46Z</time></trkpt>
<trkpt lat="45.383738" lon="-75.863896"><ele>24.0</ele><time>2024-06-08T18:06:47Z</time></trkpt>
<trkpt lat="45.383713" lon="-75.863878"><ele>24.0</ele><time>2024-06-08T18:06:48Z</time></trkpt>
<trkpt lat="45.383688" lon="-75.863869"><ele>24.0</ele><time>2024-06-08T18:06:49Z</time></trkpt>
<trkpt lat="45.383662" lon="-75.863851"><ele>24.0</ele><time>2024-06-08T18:06:50Z</time></trkpt>
<trkpt lat="45.383634" lon="-75.863842"><ele>24.0</ele><time>2024-06-08T18:06:51Z</time></trkpt>
<trkpt lat="45.383609" lon="-75.863824"><ele>24.0</ele><time>2024-06-08T18:06:52Z</time></trkpt>
<trkpt lat="45.38358" lon="-75.863824"><ele>24.0</ele><time>2024-06-08T18:06:53Z</time></trkpt>
<trkpt lat="45.383552" lon="-75.863815"><ele>24.0</ele><time>2024-06-08T18:06:54Z</time></trkpt>
<trkpt lat="45.38352" lon="-75.863806"><ele>24.0</ele><time>2024-06-08T18:06:55Z</time></trkpt>
<trkpt lat="45.383492" lon="-75.863797"><ele>24.0</ele><time>2024-06-08T18:06:56Z</time></trkpt>
<trkpt lat="45.383463" lon="-75.863779"><ele>24.0</ele><time>2024-06-08T18:06:57Z</time></trkpt>
<trkpt lat="45.383441" lon="-75.863761"><ele>24.0</ele><time>2024-06-08T18:06:58Z</time></trkpt>
<trkpt lat="45.383419" lon="-75.863743"><ele>24.0</ele><time>2024-06-08T18:06:59Z</time></trkpt>
<trkpt lat="45.383393" lon="-75.863725"><ele>24.0</ele><time>2024-06-08T18:07:00Z</time></trkpt>
<trkpt lat="45.383371" lon="-75.863699"><ele>24.0</ele><time>2024-06-08T18:07:01Z</time></trkpt>
<trkpt lat="45.383346" lon="-75.863681"><ele>24.0</ele><time>2024-06-08T18:07:02Z</time></trkpt>
<trkpt lat="45.383324" lon="-75.863663"><ele>24.0</ele><time>2024-06-08T18:07:03Z</time></trkpt>
<trkpt lat="45.383302" lon="-75.863645"><ele>23.0</ele><time>2024-06-08T18:07:04Z</time></trkpt>
<trkpt lat="45.383283" lon="-75.863618"><ele>23.0</ele><time>2024-06-08T18:07:05Z</time></trkpt>
<trkpt lat="45.383264" lon="-75.863591"><ele>24.0</ele><time>2024-06-08T18:07:06Z</time></trkpt>
<trkpt lat="45.383241" lon="-75.863564"><ele>23.0</ele><time>2024-06-08T18:07:07Z</time></trkpt>
<trkpt lat="45.383219" lon="-75.863546"><ele>23.0</ele><time>2024-06-08T18:07:08Z</time></trkpt>
<trkpt lat="45.383197" lon="-75.863519"><ele>23.0</ele><time>2024-06-08T18:07:09Z</time></trkpt>
<trkpt lat="45.383175" lon="-75.863501"><ele>23.0</ele><time>2024-06-08T18:07:10Z</time></trkpt>
<trkpt lat="45.383153" lon="-75.863474"><ele>23.0</ele><time>2024-06-08T18:07:11Z</time></trkpt>
<trkpt lat="45.383134" lon="-75.863456"><ele>23.0</ele><time>2024-06-08T18:07:12Z</time></trkpt>
<trkpt lat="45.383112" lon="-75.863429"><ele>23.0</ele><time>2024-06-08T18:07:13Z</time></trkpt>
<trkpt lat="45.38309" lon="-75.863402"><ele>23.0</ele><time>2024-06-08T18:07:14Z</time></trkpt>
<trkpt lat="45.383067" lon="-75.863375"><ele>23.0</ele><time>2024-06-08T18:07:15Z</time></trkpt>
<trkpt lat="45.383048" lon="-75.863357"><ele>23.0</ele><time>2024-06-08T18:07:16Z</time></trkpt>
<trkpt lat="45.383029" lon="-75.86333"><ele>23.0</ele><time>2024-06-08T18:07:17Z</time></trkpt>
<trkpt lat="45.38301" lon="-75.863303"><ele>23.0</ele><time>2024-06-08T18:07:18Z</time></trkpt>
<trkpt lat="45.382988" lon="-75.863276"><ele>23.0</ele><time>2024-06-08T18:07:19Z</time></trkpt>
<trkpt lat="45.382969" lon="-75.863249"><ele>23.0</ele><time>2024-06-08T18:07:20Z</time></trkpt>
<trkpt lat="45.382947" lon="-75.863222"><ele>23.0</ele><time>2024-06-08T18:07:21Z</time></trkpt>
<trkpt lat="45.382928" lon="-75.863195"><ele>23.0</ele><time>2024-06-08T18:07:22Z</time></trkpt>
<trkpt lat="45.382909" lon="-75.863169"><ele>23.0</ele><time>2024-06-08T18:07:23Z</time></trkpt>
<trkpt lat="45.382893" lon="-75.863142"><ele>23.0</ele><time>2024-06-08T18:07:24Z</time></trkpt>
<trkpt lat="45.382868" lon="-75.863124"><ele>23.0</ele><time>2024-06-08T18:07:25Z</time></trkpt>
<trkpt lat="45.382843" lon="-75.863106"><ele>23.0</ele><time>2024-06-08T18:07:26Z</time></trkpt>
<trkpt lat="45.382817" lon="-75.863088"><ele>23.0</ele><time>2024-06-08T18:07:27Z</time></trkpt>
<trkpt lat="45.382795" lon="-75.86307"><ele>23.0</ele><time>2024-06-08T18:07:28Z</time></trkpt>
<trkpt lat="45.382776" lon="-75.863052"><ele>23.0</ele><time>2024-06-08T18:07:29Z</time></trkpt>
<trkpt lat="45.382754" lon="-75.863025"><ele>23.0</ele><time>2024-06-08T18:07:30Z</time></trkpt>
<trkpt lat="45.382732" lon="-75.863007"><ele>23.0</ele><time>2024-06-08T18:07:31Z</time></trkpt>
<trkpt lat="45.38271" lon="-75.86298"><ele>23.0</ele><time>2024-06-08T18:07:32Z</time></trkpt>
<trkpt lat="45.382688" lon="-75.862953"><ele>23.0</ele><time>2024-06-08T18:07:33Z</time></trkpt>
<trkpt lat="45.382662" lon="-75.862926"><ele>23.0</ele><time>2024-06-08T18:07:34Z</time></trkpt>
<trkpt lat="45.38264" lon="-75.862908"><ele>23.0</ele><time>2024-06-08T18:07:35Z</time></trkpt>
<trkpt lat="45.382615" lon="-75.862881"><ele>23.0</ele><time>2024-06-08T18:07:36Z</time></trkpt>
<trkpt lat="45.382593" lon="-75.862854"><ele>23.0</ele><time>2024-06-08T18:07:37Z</time></trkpt>
<trkpt lat="45.38257" lon="-75.862827"><ele>23.0</ele><time>2024-06-08T18:07:38Z</time></trkpt>
<trkpt lat="45.382548" lon="-75.8628"><ele>23.0</ele><time>2024-06-08T18:07:39Z</time></trkpt>
<trkpt lat="45.382529" lon="-75.862773"><ele>23.0</ele><time>2024-06-08T18:07:40Z</time></trkpt>
<trkpt lat="45.38251" lon="-75.862746"><ele>23.0</ele><time>2024-06-08T18:07:41Z</time></trkpt>
<trkpt lat="45.382495" lon="-75.862728"><ele>23.0</ele><time>2024-06-08T18:07:42Z</time></trkpt>
<trkpt lat="45.382476" lon="-75.862701"><ele>23.0</ele><time>2024-06-08T18:07:43Z</time></trkpt>
<trkpt lat="45.382453" lon="-75.862674"><ele>23.0</ele><time>2024-06-08T18:07:44Z</time></trkpt>
<trkpt lat="45.382434" lon="-75.862657"><ele>23.0</ele><time>2024-06-08T18:07:45Z</time></trkpt>
<trkpt lat="45.382415" lon="-75.862639"><ele>23.0</ele><time>2024-06-08T18:07:46Z</time></trkpt>
<trkpt lat="45.382393" lon="-75.862612"><ele>23.0</ele><time>2024-06-08T18:07:47Z</time></trkpt>
<trkpt lat="45.382374" lon="-75.862594"><ele>23.0</ele><time>2024-06-08T18:07:48Z</time></trkpt>
<trkpt lat="45.382352" lon="-75.862567"><ele>23.0</ele><time>2024-06-08T18:07:49Z</time></trkpt>
<trkpt lat="45.382333" lon="-75.86254"><ele>24.0</ele><time>2024-06-08T18:07:50Z</time></trkpt>
<trkpt lat="45.382308" lon="-75.862522"><ele>23.0</ele><time>2024-06-08T18:07:51Z</time></trkpt>
<trkpt lat="45.382286" lon="-75.862513"><ele>23.0</ele><time>2024-06-08T18:07:52Z</time></trkpt>
<trkpt lat="45.382257" lon="-75.862504"><ele>23.0</ele><time>2024-06-08T18:07:53Z</time></trkpt>
<trkpt lat="45.382232" lon="-75.862486"><ele>24.0</ele><time>2024-06-08T18:07:54Z</time></trkpt>
<trkpt lat="45.382206" lon="-75.862477"><ele>23.0</ele><time>2024-06-08T18:07:55Z</time></trkpt>
<trkpt lat="45.382181" lon="-75.862459"><ele>23.0</ele><time>2024-06-08T18:07:56Z</time></trkpt>
<trkpt lat="45.382159" lon="-75.862432"><ele>23.0</ele><time>2024-06-08T18:07:57Z</time></trkpt>
<trkpt lat="45.38214" lon="-75.862405"><ele>23.0</ele><time>2024-06-08T18:07:58Z</time></trkpt>
<trkpt lat="45.382124" lon="-75.862378"><ele>23.0</ele><time>2024-06-08T18:07:59Z</time></trkpt>
<trkpt lat="45.382105" lon="-75.862351"><ele>23.0</ele><time>2024-06-08T18:08:00Z</time></trkpt>
<trkpt lat="45.382083" lon="-75.862324"><ele>23.0</ele><time>2024-06-08T18:08:01Z</time></trkpt>
<trkpt lat="45.382064" lon="-75.862306"><ele>23.0</ele><time>2024-06-08T18:08:02Z</time></trkpt>
<trkpt lat="45.382045" lon="-75.862279"><ele>23.0</ele><time>2024-06-08T18:08:03Z</time></trkpt>
<trkpt lat="45.382029" lon="-75.862252"><ele>23.0</ele><time>2024-06-08T18:08:04Z</time></trkpt>
<trkpt lat="45.382013" lon="-75.862216"><ele>23.0</ele><time>2024-06-08T18:08:05Z</time></trkpt>
<trkpt lat="45.382001" lon="-75.862189"><ele>24.0</ele><time>2024-06-08T18:08:06Z</time></trkpt>
<trkpt lat="45.381985" lon="-75.862153"><ele>24.0</ele><time>2024-06-08T18:08:07Z</time></trkpt>
<trkpt lat="45.381969" lon="-75.862127"><ele>24.0</ele><time>2024-06-08T18:08:08Z</time></trkpt>
<trkpt lat="45.381953" lon="-75.8621"><ele>24.0</ele><time>2024-06-08T18:08:09Z</time></trkpt>
<trkpt lat="45.381937" lon="-75.862073"><ele>23.0</ele><time>2024-06-08T18:08:10Z</time></trkpt>
<trkpt lat="45.381922" lon="-75.862046"><ele>23.0</ele><time>2024-06-08T18:08:11Z</time></trkpt>
<trkpt lat="45.381909" lon="-75.862019"><ele>23.0</ele><time>2024-06-08T18:08:12Z</time></trkpt>
<trkpt lat="45.381893" lon="-75.861992"><ele>23.0</ele><time>2024-06-08T18:08:13Z</time></trkpt>
<trkpt lat="45.381874" lon="-75.861965"><ele>23.0</ele><time>2024-06-08T18:08:14Z</time></trkpt>
<trkpt lat="45.381858" lon="-75.861938"><ele>23.0</ele><time>2024-06-08T18:08:15Z</time></trkpt>
<trkpt lat="45.381839" lon="-75.861911"><ele>24.0</ele><time>2024-06-08T18:08:16Z</time></trkpt>
<trkpt lat="45.38182" lon="-75.861884"><ele>24.0</ele><time>2024-06-08T18:08:17Z</time></trkpt>
<trkpt lat="45.381801" lon="-75.861857"><ele>24.0</ele><time>2024-06-08T18:08:18Z</time></trkpt>
<trkpt lat="45.381782" lon="-75.861839"><ele>24.0</ele><time>2024-06-08T18:08:19Z</time></trkpt>
<trkpt lat="45.381763" lon="-75.861812"><ele>23.0</ele><time>2024-06-08T18:08:20Z</time></trkpt>
<trkpt lat="45.381748" lon="-75.861785"><ele>23.0</ele><time>2024-06-08T18:08:21Z</time></trkpt>
<trkpt lat="45.381732" lon="-75.861749"><ele>23.0</ele><time>2024-06-08T18:08:22Z</time></trkpt>
<trkpt lat="45.381716" lon="-75.861722"><ele>23.0</ele><time>2024-06-08T18:08:23Z</time></trkpt>
<trkpt lat="45.381706" lon="-75.861686"><ele>23.0</ele><time>2024-06-08T18:08:24Z</time></trkpt>
<trkpt lat="45.381694" lon="-75.86165"><ele>24.0</ele><time>2024-06-08T18:08:25Z</time></trkpt>
<trkpt lat="45.381678" lon="-75.861623"><ele>24.0</ele><time>2024-06-08T18:08:26Z</time></trkpt>
<trkpt lat="45.381662" lon="-75.861597"><ele>24.0</ele><time>2024-06-08T18:08:27Z</time></trkpt>
<trkpt lat="45.381646" lon="-75.86157"><ele>24.0</ele><time>2024-06-08T18:08:28Z</time></trkpt>
<trkpt lat="45.381627" lon="-75.861534"><ele>24.0</ele><time>2024-06-08T18:08:29Z</time></trkpt>
<trkpt lat="45.381608" lon="-75.861507"><ele>24.0</ele><time>2024-06-08T18:08:30Z</time></trkpt>
<trkpt lat="45.381589" lon="-75.86148"><ele>23.0</ele><time>2024-06-08T18:08:31Z</time></trkpt>
<trkpt lat="45.38157" lon="-75.861444"><ele>23.0</ele><time>2024-06-08T18:08:32Z</time></trkpt>
<trkpt lat="45.381551" lon="-75.861417"><ele>23.0</ele><time>2024-06-08T18:08:33Z</time></trkpt>
<trkpt lat="45.381532" lon="-75.86139"><ele>23.0</ele><time>2024-06-08T18:08:34Z</time></trkpt>
<trkpt lat="45.38152" lon="-75.861354"><ele>23.0</ele><time>2024-06-08T18:08:35Z</time></trkpt>
<trkpt lat="45.381504" lon="-75.861327"><ele>23.0</ele><time>2024-06-08T18:08:36Z</time></trkpt>
<trkpt lat="45.381491" lon="-75.861291"><ele>23.0</ele><time>2024-06-08T18:08:37Z</time></trkpt>
<trkpt lat="45.381478" lon="-75.861255"><ele>23.0</ele><time>2024-06-08T18:08:38Z</time></trkpt>
<trkpt lat="45.381466" lon="-75.861228"><ele>23.0</ele><time>2024-06-08T18:08:39Z</time></trkpt>
<trkpt lat="45.381447" lon="-75.861192"><ele>23.0</ele><time>2024-06-08T18:08:40Z</time></trkpt>
<trkpt lat="45.381431" lon="-75.861165"><ele>23.0</ele><time>2024-06-08T18:08:41Z</time></trkpt>
<trkpt lat="45.381418" lon="-75.861129"><ele>23.0</ele><time>2024-06-08T18:08:42Z</time></trkpt>
<trkpt lat="45.381406" lon="-75.861094"><ele>23.0</ele><time>2024-06-08T18:08:43Z</time></trkpt>
<trkpt lat="45.381399" lon="-75.861067"><ele>23.0</ele><time>2024-06-08T18:08:44Z</time></trkpt>
<trkpt lat="45.38139" lon="-75.861031"><ele>24.0</ele><time>2024-06-08T18:08:45Z</time></trkpt>
<trkpt lat="45.381377" lon="-75.861004"><ele>24.0</ele><time>2024-06-08T18:08:46Z</time></trkpt>
<trkpt lat="45.381361" lon="-75.860968"><ele>23.0</ele><time>2024-06-08T18:08:47Z</time></trkpt>
<trkpt lat="45.381349" lon="-75.860932"><ele>24.0</ele><time>2024-06-08T18:08:48Z</time></trkpt>
<trkpt lat="45.381336" lon="-75.860905"><ele>23.0</ele><time>2024-06-08T18:08:49Z</time></trkpt>
<trkpt lat="45.38132" lon="-75.860869"><ele>23.0</ele><time>2024-06-08T18:08:50Z</time></trkpt>
<trkpt lat="45.381308" lon="-75.860833"><ele>23.0</ele><time>2024-06-08T18:08:51Z</time></trkpt>
<trkpt lat="45.381295" lon="-75.860806"><ele>23.0</ele><time>2024-06-08T18:08:52Z</time></trkpt>
<trkpt lat="45.381285" lon="-75.86077"><ele>23.0</ele><time>2024-06-08T18:08:53Z</time></trkpt>
<trkpt lat="45.381273" lon="-75.860734"><ele>23.0</ele><time>2024-06-08T18:08:54Z</time></trkpt>
<trkpt lat="45.381257" lon="-75.860698"><ele>24.0</ele><time>2024-06-08T18:08:55Z</time></trkpt>
<trkpt lat="45.381244" lon="-75.860662"><ele>24.0</ele><time>2024-06-08T18:08:56Z</time></trkpt>
<trkpt lat="45.381228" lon="-75.860635"><ele>24.0</ele><time>2024-06-08T18:08:57Z</time></trkpt>
<trkpt lat="45.381213" lon="-75.860599"><ele>24.0</ele><time>2024-06-08T18:08:58Z</time></trkpt>
<trkpt lat="45.381197" lon="-75.860564"><ele>24.0</ele><time>2024-06-08T18:08:59Z</time></trkpt>
<trkpt lat="45.381184" lon="-75.860537"><ele>24.0</ele><time>2024-06-08T18:09:00Z</time></trkpt>
<trkpt lat="45.381168" lon="-75.860501"><ele>24.0</ele><time>2024-06-08T18:09:01Z</time></trkpt>
<trkpt lat="45.381156" lon="-75.860465"><ele>24.0</ele><time>2024-06-08T18:09:02Z</time></trkpt>
<trkpt lat="45.381143" lon="-75.860429"><ele>24.0</ele><time>2024-06-08T18:09:03Z</time></trkpt>
<trkpt lat="45.381127" lon="-75.860402"><ele>24.0</ele><time>2024-06-08T18:09:04Z</time></trkpt>
<trkpt lat="45.381111" lon="-75.860366"><ele>24.0</ele><time>2024-06-08T18:09:05Z</time></trkpt>
<trkpt lat="45.381095" lon="-75.860339"><ele>24.0</ele><time>2024-06-08T18:09:06Z</time></trkpt>
<trkpt lat="45.38108" lon="-75.860303"><ele>24.0</ele><time>2024-06-08T18:09:07Z</time></trkpt>
<trkpt lat="45.381064" lon="-75.860267"><ele>24.0</ele><time>2024-06-08T18:09:08Z</time></trkpt>
<trkpt lat="45.381051" lon="-75.860231"><ele>24.0</ele><time>2024-06-08T18:09:09Z</time></trkpt>
<trkpt lat="45.381039" lon="-75.860195"><ele>24.0</ele><time>2024-06-08T18:09:10Z</time></trkpt>
<trkpt lat="45.381026" lon="-75.860159"><ele>24.0</ele><time>2024-06-08T18:09:11Z</time></trkpt>
<trkpt lat="45.381013" lon="-75.860123"><ele>24.0</ele><time>2024-06-08T18:09:12Z</time></trkpt>
<trkpt lat="45.380997" lon="-75.860087"><ele>24.0</ele><time>2024-06-08T18:09:13Z</time></trkpt>
<trkpt lat="45.380982" lon="-75.860052"><ele>24.0</ele><time>2024-06-08T18:09:14Z</time></trkpt>
<trkpt lat="45.380969" lon="-75.860016"><ele>24.0</ele><time>2024-06-08T18:09:15Z</time></trkpt>
<trkpt lat="45.380953" lon="-75.85998"><ele>24.0</ele><time>2024-06-08T18:09:16Z</time></trkpt>
<trkpt lat="45.38094" lon="-75.859935"><ele>24.0</ele><time>2024-06-08T18:09:17Z</time></trkpt>
<trkpt lat="45.380925" lon="-75.859899"><ele>24.0</ele><time>2024-06-08T18:09:18Z</time></trkpt>
<trkpt lat="45.380912" lon="-75.859863"><ele>24.0</ele><time>2024-06-08T18:09:19Z</time></trkpt>
<trkpt lat="45.380902" lon="-75.859818"><ele>24.0</ele><time>2024-06-08T18:09:20Z</time></trkpt>
<trkpt lat="45.38089" lon="-75.859782"><ele>24.0</ele><time>2024-06-08T18:09:21Z</time></trkpt>
<trkpt lat="45.380877" lon="-75.859737"><ele>24.0</ele><time>2024-06-08T18:09:22Z</time></trkpt>
<trkpt lat="45.380864" lon="-75.859701"><ele>24.0</ele><time>2024-06-08T18:09:23Z</time></trkpt>
<trkpt lat="45.380852" lon="-75.859665"><ele>24.0</ele><time>2024-06-08T18:09:24Z</time></trkpt>
<trkpt lat="45.380839" lon="-75.859629"><ele>24.0</ele><time>2024-06-08T18:09:25Z</time></trkpt>
<trkpt lat="45.38083" lon="-75.859593"><ele>24.0</ele><time>2024-06-08T18:09:26Z</time></trkpt>
<trkpt lat="45.380814" lon="-75.859557"><ele>24.0</ele><time>2024-06-08T18:09:27Z</time></trkpt>
<trkpt lat="45.380798" lon="-75.859513"><ele>24.0</ele><time>2024-06-08T18:09:28Z</time></trkpt>
<trkpt lat="45.380785" lon="-75.859468"><ele>24.0</ele><time>2024-06-08T18:09:29Z</time></trkpt>
<trkpt lat="45.380773" lon="-75.859423"><ele>24.0</ele><time>2024-06-08T18:09:30Z</time></trkpt>
<trkpt lat="45.38076" lon="-75.859378"><ele>24.0</ele><time>2024-06-08T18:09:31Z</time></trkpt>
<trkpt lat="45.380747" lon="-75.859333"><ele>24.0</ele><time>2024-06-08T18:09:32Z</time></trkpt>
<trkpt lat="45.380741" lon="-75.859297"><ele>24.0</ele><time>2024-06-08T18:09:33Z</time></trkpt>
<trkpt lat="45.380728" lon="-75.859261"><ele>24.0</ele><time>2024-06-08T18:09:34Z</time></trkpt>
<trkpt lat="45.380716" lon="-75.859225"><ele>24.0</ele><time>2024-06-08T18:09:35Z</time></trkpt>
<trkpt lat="45.380703" lon="-75.859189"><ele>24.0</ele><time>2024-06-08T18:09:36Z</time></trkpt>
<trkpt lat="45.380687" lon="-75.859144"><ele>24.0</ele><time>2024-06-08T18:09:37Z</time></trkpt>
<trkpt lat="45.380675" lon="-75.859108"><ele>24.0</ele><time>2024-06-08T18:09:38Z</time></trkpt>
<trkpt lat="45.380659" lon="-75.859072"><ele>24.0</ele><time>2024-06-08T18:09:39Z</time></trkpt>
<trkpt lat="45.380643" lon="-75.859045"><ele>24.0</ele><time>2024-06-08T18:09:40Z</time></trkpt>
<trkpt lat="45.380624" lon="-75.859009"><ele>24.0</ele><time>2024-06-08T18:09:41Z</time></trkpt>
<trkpt lat="45.380605" lon="-75.858983"><ele>24.0</ele><time>2024-06-08T18:09:42Z</time></trkpt>
<trkpt lat="45.380583" lon="-75.858947"><ele>24.0</ele><time>2024-06-08T18:09:43Z</time></trkpt>
<trkpt lat="45.380564" lon="-75.858911"><ele>24.0</ele><time>2024-06-08T18:09:44Z</time></trkpt>
<trkpt lat="45.380545" lon="-75.858875"><ele>24.0</ele><time>2024-06-08T18:09:45Z</time></trkpt>
<trkpt lat="45.380526" lon="-75.858839"><ele>24.0</ele><time>2024-06-08T18:09:46Z</time></trkpt>
<trkpt lat="45.380507" lon="-75.858812"><ele>24.0</ele><time>2024-06-08T18:09:47Z</time></trkpt>
<trkpt lat="45.380488" lon="-75.858776"><ele>24.0</ele><time>2024-06-08T18:09:48Z</time></trkpt>
<trkpt lat="45.380472" lon="-75.858731"><ele>24.0</ele><time>2024-06-08T18:09:49Z</time></trkpt>
<trkpt lat="45.380453" lon="-75.858695"><ele>24.0</ele><time>2024-06-08T18:09:50Z</time></trkpt>
<trkpt lat="45.380437" lon="-75.858659"><ele>24.0</ele><time>2024-06-08T18:09:51Z</time></trkpt>
<trkpt lat="45.380424" lon="-75.858623"><ele>24.0</ele><time>2024-06-08T18:09:52Z</time></trkpt>
<trkpt lat="45.380409" lon="-75.858587"><ele>24.0</ele><time>2024-06-08T18:09:53Z</time></trkpt>
<trkpt lat="45.380393" lon="-75.858551"><ele>24.0</ele><time>2024-06-08T18:09:54Z</time></trkpt>
<trkpt lat="45.380377" lon="-75.858515"><ele>24.0</ele><time>2024-06-08T18:09:55Z</time></trkpt>
<trkpt lat="45.380364" lon="-75.858488"><ele>24.0</ele><time>2024-06-08T18:09:56Z</time></trkpt>
<trkpt lat="45.380348" lon="-75.858453"><ele>24.0</ele><time>2024-06-08T18:09:57Z</time></trkpt>
<trkpt lat="45.380336" lon="-75.858417"><ele>24.0</ele><time>2024-06-08T18:09:58Z</time></trkpt>
<trkpt lat="45.38032" lon="-75.858381"><ele>24.0</ele><time>2024-06-08T18:09:59Z</time></trkpt>
<trkpt lat="45.380307" lon="-75.858345"><ele>24.0</ele><time>2024-06-08T18:10:00Z</time></trkpt>
<trkpt lat="45.380295" lon="-75.858309"><ele>24.0</ele><time>2024-06-08T18:10:01Z</time></trkpt>
<trkpt lat="45.380285" lon="-75.858264"><ele>24.0</ele><time>2024-06-08T18:10:02Z</time></trkpt>
<trkpt lat="45.380276" lon="-75.858228"><ele>24.0</ele><time>2024-06-08T18:10:03Z</time></trkpt>
<trkpt lat="45.380269" lon="-75.858192"><ele>24.0</ele><time>2024-06-08T18:10:04Z</time></trkpt>
<trkpt lat="45.380257" lon="-75.858165"><ele>24.0</ele><time>2024-06-08T18:10:05Z</time></trkpt>
<trkpt lat="45.380244" lon="-75.858129"><ele>24.0</ele><time>2024-06-08T18:10:06Z</time></trkpt>
<trkpt lat="45.380231" lon="-75.858102"><ele>24.0</ele><time>2024-06-08T18:10:07Z</time></trkpt>
<trkpt lat="45.380216" lon="-75.858066"><ele>24.0</ele><time>2024-06-08T18:10:08Z</time></trkpt>
<trkpt lat="45.380203" lon="-75.85803"><ele>24.0</ele><time>2024-06-08T18:10:09Z</time></trkpt>
<trkpt lat="45.380187" lon="-75.857994"><ele>24.0</ele><time>2024-06-08T18:10:10Z</time></trkpt>
<trkpt lat="45.380168" lon="-75.857959"><ele>24.0</ele><time>2024-06-08T18:10:11Z</time></trkpt>
<trkpt lat="45.380152" lon="-75.857923"><ele>24.0</ele><time>2024-06-08T18:10:12Z</time></trkpt>
<trkpt lat="45.380136" lon="-75.857878"><ele>24.0</ele><time>2024-06-08T18:10:13Z</time></trkpt>
<trkpt lat="45.380124" lon="-75.857842"><ele>24.0</ele><time>2024-06-08T18:10:14Z</time></trkpt>
<trkpt lat="45.380108" lon="-75.857806"><ele>24.0</ele><time>2024-06-08T18:10:15Z</time></trkpt>
<trkpt lat="45.380098" lon="-75.85777"><ele>24.0</ele><time>2024-06-08T18:10:16Z</time></trkpt>
<trkpt lat="45.380086" lon="-75.857734"><ele>24.0</ele><time>2024-06-08T18:10:17Z</time></trkpt>
<trkpt lat="45.38007" lon="-75.857707"><ele>24.0</ele><time>2024-06-08T18:10:18Z</time></trkpt>
<trkpt lat="45.380057" lon="-75.857671"><ele>24.0</ele><time>2024-06-08T18:10:19Z</time></trkpt>
<trkpt lat="45.380045" lon="-75.857635"><ele>24.0</ele><time>2024-06-08T18:10:20Z</time></trkpt>
<trkpt lat="45.380029" lon="-75.857599"><ele>24.0</ele><time>2024-06-08T18:10:21Z</time></trkpt>
<trkpt lat="45.380019" lon="-75.857563"><ele>24.0</ele><time>2024-06-08T18:10:22Z</time></trkpt>
<trkpt lat="45.380007" lon="-75.857518"><ele>24.0</ele><time>2024-06-08T18:10:23Z</time></trkpt>
<trkpt lat="45.379994" lon="-75.857482"><ele>24.0</ele><time>2024-06-08T18:10:24Z</time></trkpt>
<trkpt lat="45.379975" lon="-75.857455"><ele>24.0</ele><time>2024-06-08T18:10:25Z</time></trkpt>
<trkpt lat="45.379959" lon="-75.85742"><ele>24.0</ele><time>2024-06-08T18:10:26Z</time></trkpt>
<trkpt lat="45.379943" lon="-75.857384"><ele>24.0</ele><time>2024-06-08T18:10:27Z</time></trkpt>
<trkpt lat="45.379931" lon="-75.857348"><ele>24.0</ele><time>2024-06-08T18:10:28Z</time></trkpt>
<trkpt lat="45.379915" lon="-75.857312"><ele>24.0</ele><time>2024-06-08T18:10:29Z</time></trkpt>
<trkpt lat="45.379905" lon="-75.857276"><ele>24.0</ele><time>2024-06-08T18:10:30Z</time></trkpt>
<trkpt lat="45.379893" lon="-75.85724"><ele>24.0</ele><time>2024-06-08T18:10:31Z</time></trkpt>
<trkpt lat="45.379874" lon="-75.857204"><ele>24.0</ele><time>2024-06-08T18:10:32Z</time></trkpt>
<trkpt lat="45.379855" lon="-75.857177"><ele>24.0</ele><time>2024-06-08T18:10:33Z</time></trkpt>
<trkpt lat="45.379839" lon="-75.857141"><ele>24.0</ele><time>2024-06-08T18:10:34Z</time></trkpt>
<trkpt lat="45.379823" lon="-75.857105"><ele>24.0</ele><time>2024-06-08T18:10:35Z</time></trkpt>
<trkpt lat="45.379807" lon="-75.857069"><ele>24.0</ele><time>2024-06-08T18:10:36Z</time></trkpt>
<trkpt lat="45.379791" lon="-75.857033"><ele>24.0</ele><time>2024-06-08T18:10:37Z</time></trkpt>
<trkpt lat="45.379772" lon="-75.857006"><ele>24.0</ele><time>2024-06-08T18:10:38Z</time></trkpt>
<trkpt lat="45.379753" lon="-75.85697"><ele>24.0</ele><time>2024-06-08T18:10:39Z</time></trkpt>
<trkpt lat="45.379741" lon="-75.856934"><ele>24.0</ele><time>2024-06-08T18:10:40Z</time></trkpt>
<trkpt lat="45.379725" lon="-75.856899"><ele>24.0</ele><time>2024-06-08T18:10:41Z</time></trkpt>
<trkpt lat="45.379712" lon="-75.856863"><ele>24.0</ele><time>2024-06-08T18:10:42Z</time></trkpt>
<trkpt lat="45.379696" lon="-75.856827"><ele>24.0</ele><time>2024-06-08T18:10:43Z</time></trkpt>
<trkpt lat="45.379684" lon="-75.856791"><ele>24.0</ele><time>2024-06-08T18:10:44Z</time></trkpt>
<trkpt lat="45.379668" lon="-75.856755"><ele>24.0</ele><time>2024-06-08T18:10:45Z</time></trkpt>
<trkpt lat="45.379655" lon="-75.856719"><ele>24.0</ele><time>2024-06-08T18:10:46Z</time></trkpt>
<trkpt lat="45.379643" lon="-75.856692"><ele>24.0</ele><time>2024-06-08T18:10:47Z</time></trkpt>
<trkpt lat="45.37963" lon="-75.856656"><ele>24.0</ele><time>2024-06-08T18:10:48Z</time></trkpt>
<trkpt lat="45.379614" lon="-75.85662"><ele>24.0</ele><time>2024-06-08T18:10:49Z</time></trkpt>
<trkpt lat="45.379598" lon="-75.856593"><ele>24.0</ele><time>2024-06-08T18:10:50Z</time></trkpt>
<trkpt lat="45.379586" lon="-75.856557"><ele>24.0</ele><time>2024-06-08T18:10:51Z</time></trkpt>
<trkpt lat="45.37957" lon="-75.856521"><ele>24.0</ele><time>2024-06-08T18:10:52Z</time></trkpt>
<trkpt lat="45.379557" lon="-75.856485"><ele>24.0</ele><time>2024-06-08T18:10:53Z</time></trkpt>
<trkpt lat="45.379548" lon="-75.856449"><ele>24.0</ele><time>2024-06-08T18:10:54Z</time></trkpt>
<trkpt lat="45.379535" lon="-75.856404"><ele>24.0</ele><time>2024-06-08T18:10:55Z</time></trkpt>
<trkpt lat="45.379526" lon="-75.856369"><ele>24.0</ele><time>2024-06-08T18:10:56Z</time></trkpt>
<trkpt lat="45.379516" lon="-75.856333"><ele>24.0</ele><time>2024-06-08T18:10:57Z</time></trkpt>
<trkpt lat="45.379503" lon="-75.856306"><ele>24.0</ele><time>2024-06-08T18:10:58Z</time></trkpt>
<trkpt lat="45.379491" lon="-75.85627"><ele>24.0</ele><time>2024-06-08T18:10:59Z</time></trkpt>
<trkpt lat="45.379478" lon="-75.856234"><ele>24.0</ele><time>2024-06-08T18:11:00Z</time></trkpt>
<trkpt lat="45.379465" lon="-75.856198"><ele>24.0</ele><time>2024-06-08T18:11:01Z</time></trkpt>
<trkpt lat="45.379453" lon="-75.856162"><ele>24.0</ele><time>2024-06-08T18:11:02Z</time></trkpt>
<trkpt lat="45.37944" lon="-75.856126"><ele>24.0</ele><time>2024-06-08T18:11:03Z</time></trkpt>
<trkpt lat="45.379431" lon="-75.85609"><ele>24.0</ele><time>2024-06-08T18:11:04Z</time></trkpt>
<trkpt lat="45.379421" lon="-75.856054"><ele>24.0</ele><time>2024-06-08T18:11:05Z</time></trkpt>
<trkpt lat="45.379412" lon="-75.856018"><ele>24.0</ele><time>2024-06-08T18:11:06Z</time></trkpt>
<trkpt lat="45.379405" lon="-75.855982"><ele>24.0</ele><time>2024-06-08T18:11:07Z</time></trkpt>
<trkpt lat="45.379396" lon="-75.855946"><ele>24.0</ele><time>2024-06-08T18:11:08Z</time></trkpt>
<trkpt lat="45.379386" lon="-75.85591"><ele>24.0</ele><time>2024-06-08T18:11:09Z</time></trkpt>
<trkpt lat="45.379377" lon="-75.855874"><ele>24.0</ele><time>2024-06-08T18:11:10Z</time></trkpt>
<trkpt lat="45.379364" lon="-75.855839"><ele>24.0</ele><time>2024-06-08T18:11:11Z</time></trkpt>
<trkpt lat="45.379351" lon="-75.855803"><ele>24.0</ele><time>2024-06-08T18:11:12Z</time></trkpt>
<trkpt lat="45.379345" lon="-75.855767"><ele>24.0</ele><time>2024-06-08T18:11:13Z</time></trkpt>
<trkpt lat="45.379339" lon="-75.855722"><ele>24.0</ele><time>2024-06-08T18:11:14Z</time></trkpt>
<trkpt lat="45.379329" lon="-75.855686"><ele>25.0</ele><time>2024-06-08T18:11:15Z</time></trkpt>
<trkpt lat="45.37932" lon="-75.85565"><ele>25.0</ele><time>2024-06-08T18:11:16Z</time></trkpt>
<trkpt lat="45.379307" lon="-75.855623"><ele>25.0</ele><time>2024-06-08T18:11:17Z</time></trkpt>
<trkpt lat="45.379294" lon="-75.855587"><ele>25.0</ele><time>2024-06-08T18:11:18Z</time></trkpt>
<trkpt lat="45.379279" lon="-75.855551"><ele>25.0</ele><time>2024-06-08T18:11:19Z</time></trkpt>
<trkpt lat="45.379266" lon="-75.855515"><ele>25.0</ele><time>2024-06-08T18:11:20Z</time></trkpt>
<trkpt lat="45.379253" lon="-75.855479"><ele>25.0</ele><time>2024-06-08T18:11:21Z</time></trkpt>
<trkpt lat="45.379241" lon="-75.855443"><ele>25.0</ele><time>2024-06-08T18:11:22Z</time></trkpt>
<trkpt lat="45.379228" lon="-75.855398"><ele>25.0</ele><time>2024-06-08T18:11:23Z</time></trkpt>
<trkpt lat="45.379212" lon="-75.855362"><ele>25.0</ele><time>2024-06-08T18:11:24Z</time></trkpt>
<trkpt lat="45.379199" lon="-75.855327"><ele>25.0</ele><time>2024-06-08T18:11:25Z</time></trkpt>
<trkpt lat="45.379187" lon="-75.855291"><ele>25.0</ele><time>2024-06-08T18:11:26Z</time></trkpt>
<trkpt lat="45.379174" lon="-75.855255"><ele>25.0</ele><time>2024-06-08T18:11:27Z</time></trkpt>
<trkpt lat="45.379165" lon="-75.855219"><ele>25.0</ele><time>2024-06-08T18:11:28Z</time></trkpt>
<trkpt lat="45.379152" lon="-75.855183"><ele>25.0</ele><time>2024-06-08T18:11:29Z</time></trkpt>
<trkpt lat="45.379139" lon="-75.855138"><ele>25.0</ele><time>2024-06-08T18:11:30Z</time></trkpt>
<trkpt lat="45.379127" lon="-75.855102"><ele>25.0</ele><time>2024-06-08T18:11:31Z</time></trkpt>
<trkpt lat="45.379111" lon="-75.855075"><ele>25.0</ele><time>2024-06-08T18:11:32Z</time></trkpt>
<trkpt lat="45.379098" lon="-75.855039"><ele>25.0</ele><time>2024-06-08T18:11:33Z</time></trkpt>
<trkpt lat="45.379086" lon="-75.855012"><ele>25.0</ele><time>2024-06-08T18:11:34Z</time></trkpt>
<trkpt lat="45.379073" lon="-75.854976"><ele>25.0</ele><time>2024-06-08T18:11:35Z</time></trkpt>
<trkpt lat="45.379057" lon="-75.85494"><ele>25.0</ele><time>2024-06-08T18:11:36Z</time></trkpt>
<trkpt lat="45.379044" lon="-75.854904"><ele>25.0</ele><time>2024-06-08T18:11:37Z</time></trkpt>
<trkpt lat="45.379032" lon="-75.854859"><ele>25.0</ele><time>2024-06-08T18:11:38Z</time></trkpt>
<trkpt lat="45.379013" lon="-75.854824"><ele>25.0</ele><time>2024-06-08T18:11:39Z</time></trkpt>
<trkpt lat="45.378994" lon="-75.854788"><ele>25.0</ele><time>2024-06-08T18:11:40Z</time></trkpt>
<trkpt lat="45.378978" lon="-75.854752"><ele>25.0</ele><time>2024-06-08T18:11:41Z</time></trkpt>
<trkpt lat="45.378959" lon="-75.854716"><ele>25.0</ele><time>2024-06-08T18:11:42Z</time></trkpt>
<trkpt lat="45.378943" lon="-75.85468"><ele>25.0</ele><time>2024-06-08T18:11:43Z</time></trkpt>
<trkpt lat="45.378927" lon="-75.854644"><ele>25.0</ele><time>2024-06-08T18:11:44Z</time></trkpt>
<trkpt lat="45.378915" lon="-75.854608"><ele>25.0</ele><time>2024-06-08T18:11:45Z</time></trkpt>
<trkpt lat="45.378899" lon="-75.854563"><ele>25.0</ele><time>2024-06-08T18:11:46Z</time></trkpt>
<trkpt lat="45.378886" lon="-75.854527"><ele>25.0</ele><time>2024-06-08T18:11:47Z</time></trkpt>
<trkpt lat="45.37887" lon="-75.854482"><ele>25.0</ele><time>2024-06-08T18:11:48Z</time></trkpt>
<trkpt lat="45.378854" lon="-75.854446"><ele>25.0</ele><time>2024-06-08T18:11:49Z</time></trkpt>
<trkpt lat="45.378839" lon="-75.854401"><ele>25.0</ele><time>2024-06-08T18:11:50Z</time></trkpt>
<trkpt lat="45.378823" lon="-75.854365"><ele>25.0</ele><time>2024-06-08T18:11:51Z</time></trkpt>
<trkpt lat="45.37881" lon="-75.85432"><ele>25.0</ele><time>2024-06-08T18:11:52Z</time></trkpt>
<trkpt lat="45.378804" lon="-75.854285"><ele>25.0</ele><time>2024-06-08T18:11:53Z</time></trkpt>
<trkpt lat="45.378791" lon="-75.854249"><ele>25.0</ele><time>2024-06-08T18:11:54Z</time></trkpt>
<trkpt lat="45.378772" lon="-75.854213"><ele>25.0</ele><time>2024-06-08T18:11:55Z</time></trkpt>
<trkpt lat="45.378753" lon="-75.854177"><ele>25.0</ele><time>2024-06-08T18:11:56Z</time></trkpt>
<trkpt lat="45.378734" lon="-75.854141"><ele>25.0</ele><time>2024-06-08T18:11:57Z</time></trkpt>
<trkpt lat="45.378712" lon="-75.854114"><ele>25.0</ele><time>2024-06-08T18:11:58Z</time></trkpt>
<trkpt lat="45.37869" lon="-75.854078"><ele>25.0</ele><time>2024-06-08T18:11:59Z</time></trkpt>
<trkpt lat="45.378671" lon="-75.854042"><ele>25.0</ele><time>2024-06-08T18:12:00Z</time></trkpt>
<trkpt lat="45.378649" lon="-75.854006"><ele>24.0</ele><time>2024-06-08T18:12:01Z</time></trkpt>
<trkpt lat="45.378623" lon="-75.853979"><ele>24.0</ele><time>2024-06-08T18:12:02Z</time></trkpt>
<trkpt lat="45.378595" lon="-75.853952"><ele>24.0</ele><time>2024-06-08T18:12:03Z</time></trkpt>
<trkpt lat="45.37857" lon="-75.853925"><ele>24.0</ele><time>2024-06-08T18:12:04Z</time></trkpt>
<trkpt lat="45.378541" lon="-75.853898"><ele>24.0</ele><time>2024-06-08T18:12:05Z</time></trkpt>
<trkpt lat="45.378513" lon="-75.853871"><ele>24.0</ele><time>2024-06-08T18:12:06Z</time></trkpt>
<trkpt lat="45.378487" lon="-75.853844"><ele>24.0</ele><time>2024-06-08T18:12:07Z</time></trkpt>
<trkpt lat="45.378462" lon="-75.853826"><ele>24.0</ele><time>2024-06-08T18:12:08Z</time></trkpt>
<trkpt lat="45.378433" lon="-75.853799"><ele>24.0</ele><time>2024-06-08T18:12:09Z</time></trkpt>
<trkpt lat="45.378405" lon="-75.85379"><ele>24.0</ele><time>2024-06-08T18:12:10Z</time></trkpt>
<trkpt lat="45.378376" lon="-75.853782"><ele>24.0</ele><time>2024-06-08T18:12:11Z</time></trkpt>
<trkpt lat="45.378348" lon="-75.853773"><ele>24.0</ele><time>2024-06-08T18:12:12Z</time></trkpt>
<trkpt lat="45.378323" lon="-75.853773"><ele>24.0</ele><time>2024-06-08T18:12:13Z</time></trkpt>
<trkpt lat="45.378297" lon="-75.853782"><ele>24.0</ele><time>2024-06-08T18:12:14Z</time></trkpt>
<trkpt lat="45.378275" lon="-75.853782"><ele>24.0</ele><time>2024-06-08T18:12:15Z</time></trkpt>
<trkpt lat="45.378253" lon="-75.853799"><ele>24.0</ele><time>2024-06-08T18:12:16Z</time></trkpt>
<trkpt lat="45.378234" lon="-75.853817"><ele>24.0</ele><time>2024-06-08T18:12:17Z</time></trkpt>
<trkpt lat="45.378215" lon="-75.853826"><ele>24.0</ele><time>2024-06-08T18:12:18Z</time></trkpt>
<trkpt lat="45.37819" lon="-75.853826"><ele>24.0</ele><time>2024-06-08T18:12:19Z</time></trkpt>
<trkpt lat="45.378168" lon="-75.853826"><ele>24.0</ele><time>2024-06-08T18:12:20Z</time></trkpt>
<trkpt lat="45.378142" lon="-75.853826"><ele>24.0</ele><time>2024-06-08T18:12:21Z</time></trkpt>
<trkpt lat="45.378117" lon="-75.853808"><ele>24.0</ele><time>2024-06-08T18:12:22Z</time></trkpt>
<trkpt lat="45.378092" lon="-75.85379"><ele>24.0</ele><time>2024-06-08T18:12:23Z</time></trkpt>
<trkpt lat="45.378066" lon="-75.853773"><ele>24.0</ele><time>2024-06-08T18:12:24Z</time></trkpt>
<trkpt lat="45.378041" lon="-75.853746"><ele>24.0</ele><time>2024-06-08T18:12:25Z</time></trkpt>
<trkpt lat="45.378019" lon="-75.853719"><ele>24.0</ele><time>2024-06-08T18:12:26Z</time></trkpt>
<trkpt lat="45.377997" lon="-75.853683"><ele>24.0</ele><time>2024-06-08T18:12:27Z</time></trkpt>
<trkpt lat="45.377978" lon="-75.853647"><ele>24.0</ele><time>2024-06-08T18:12:28Z</time></trkpt>
<trkpt lat="45.377962" lon="-75.853611"><ele>24.0</ele><time>2024-06-08T18:12:29Z</time></trkpt>
<trkpt lat="45.377952" lon="-75.853575"><ele>24.0</ele><time>2024-06-08T18:12:30Z</time></trkpt>
<trkpt lat="45.37794" lon="-75.853539"><ele>24.0</ele><time>2024-06-08T18:12:31Z</time></trkpt>
<trkpt lat="45.37793" lon="-75.853503"><ele>24.0</ele><time>2024-06-08T18:12:32Z</time></trkpt>
<trkpt lat="45.377917" lon="-75.853467"><ele>24.0</ele><time>2024-06-08T18:12:33Z</time></trkpt>
<trkpt lat="45.377902" lon="-75.853422"><ele>24.0</ele><time>2024-06-08T18:12:34Z</time></trkpt>
<trkpt lat="45.377886" lon="-75.853386"><ele>24.0</ele><time>2024-06-08T18:12:35Z</time></trkpt>
<trkpt lat="45.377873" lon="-75.85335"><ele>24.0</ele><time>2024-06-08T18:12:36Z</time></trkpt>
<trkpt lat="45.377864" lon="-75.853314"><ele>24.0</ele><time>2024-06-08T18:12:37Z</time></trkpt>
<trkpt lat="45.377851" lon="-75.853269"><ele>24.0</ele><time>2024-06-08T18:12:38Z</time></trkpt>
<trkpt lat="45.377842" lon="-75.853234"><ele>24.0</ele><time>2024-06-08T18:12:39Z</time></trkpt>
<trkpt lat="45.377832" lon="-75.853198"><ele>24.0</ele><time>2024-06-08T18:12:40Z</time></trkpt>
<trkpt lat="45.377819" lon="-75.853162"><ele>24.0</ele><time>2024-06-08T18:12:41Z</time></trkpt>
<trkpt lat="45.377807" lon="-75.853126"><ele>24.0</ele><time>2024-06-08T18:12:42Z</time></trkpt>
<trkpt lat="45.377794" lon="-75.85309"><ele>24.0</ele><time>2024-06-08T18:12:43Z</time></trkpt>
<trkpt lat="45.377781" lon="-75.853054"><ele>24.0</ele><time>2024-06-08T18:12:44Z</time></trkpt>
<trkpt lat="45.377775" lon="-75.853018"><ele>24.0</ele><time>2024-06-08T18:12:45Z</time></trkpt>
<trkpt lat="45.377766" lon="-75.852982"><ele>24.0</ele><time>2024-06-08T18:12:46Z</time></trkpt>
<trkpt lat="45.377756" lon="-75.852946"><ele>24.0</ele><time>2024-06-08T18:12:47Z</time></trkpt>
<trkpt lat="45.377743" lon="-75.85291"><ele>24.0</ele><time>2024-06-08T18:12:48Z</time></trkpt>
<trkpt lat="45.377728" lon="-75.852865"><ele>24.0</ele><time>2024-06-08T18:12:49Z</time></trkpt>
<trkpt lat="45.377715" lon="-75.852829"><ele>24.0</ele><time>2024-06-08T18:12:50Z</time></trkpt>
<trkpt lat="45.377702" lon="-75.852793"><ele>24.0</ele><time>2024-06-08T18:12:51Z</time></trkpt>
<trkpt lat="45.377693" lon="-75.852757"><ele>24.0</ele><time>2024-06-08T18:12:52Z</time></trkpt>
<trkpt lat="45.37768" lon="-75.852722"><ele>24.0</ele><time>2024-06-08T18:12:53Z</time></trkpt>
<trkpt lat="45.377667" lon="-75.852686"><ele>24.0</ele><time>2024-06-08T18:12:54Z</time></trkpt>
<trkpt lat="45.377652" lon="-75.85265"><ele>24.0</ele><time>2024-06-08T18:12:55Z</time></trkpt>
<trkpt lat="45.377633" lon="-75.852614"><ele>24.0</ele><time>2024-06-08T18:12:56Z</time></trkpt>
<trkpt lat="45.37762" lon="-75.852587"><ele>24.0</ele><time>2024-06-08T18:12:57Z</time></trkpt>
<trkpt lat="45.377607" lon="-75.852542"><ele>24.0</ele><time>2024-06-08T18:12:58Z</time></trkpt>
<trkpt lat="45.377598" lon="-75.852506"><ele>24.0</ele><time>2024-06-08T18:12:59Z</time></trkpt>
<trkpt lat="45.377588" lon="-75.85247"><ele>24.0</ele><time>2024-06-08T18:13:00Z</time></trkpt>
<trkpt lat="45.377576" lon="-75.852434"><ele>24.0</ele><time>2024-06-08T18:13:01Z</time></trkpt>
<trkpt lat="45.377566" lon="-75.852398"><ele>24.0</ele><time>2024-06-08T18:13:02Z</time></trkpt>
<trkpt lat="45.377553" lon="-75.852371"><ele>24.0</ele><time>2024-06-08T18:13:03Z</time></trkpt>
<trkpt lat="45.377541" lon="-75.852335"><ele>24.0</ele><time>2024-06-08T18:13:04Z</time></trkpt>
<trkpt lat="45.377528" lon="-75.852299"><ele>24.0</ele><time>2024-06-08T18:13:05Z</time></trkpt>
<trkpt lat="45.377512" lon="-75.852263"><ele>24.0</ele><time>2024-06-08T18:13:06Z</time></trkpt>
<trkpt lat="45.377503" lon="-75.852227"><ele>24.0</ele><time>2024-06-08T18:13:07Z</time></trkpt>
<trkpt lat="45.377496" lon="-75.852192"><ele>24.0</ele><time>2024-06-08T18:13:08Z</time></trkpt>
<trkpt lat="45.377487" lon="-75.852156"><ele>24.0</ele><time>2024-06-08T18:13:09Z</time></trkpt>
<trkpt lat="45.377477" lon="-75.85212"><ele>24.0</ele><time>2024-06-08T18:13:10Z</time></trkpt>
<trkpt lat="45.377471" lon="-75.852084"><ele>24.0</ele><time>2024-06-08T18:13:11Z</time></trkpt>
<trkpt lat="45.377462" lon="-75.852048"><ele>24.0</ele><time>2024-06-08T18:13:12Z</time></trkpt>
<trkpt lat="45.377452" lon="-75.852012"><ele>24.0</ele><time>2024-06-08T18:13:13Z</time></trkpt>
<trkpt lat="45.377443" lon="-75.851976"><ele>24.0</ele><time>2024-06-08T18:13:14Z</time></trkpt>
<trkpt lat="45.377436" lon="-75.85194"><ele>24.0</ele><time>2024-06-08T18:13:15Z</time></trkpt>
<trkpt lat="45.377427" lon="-75.851904"><ele>24.0</ele><time>2024-06-08T18:13:16Z</time></trkpt>
<trkpt lat="45.377417" lon="-75.851868"><ele>24.0</ele><time>2024-06-08T18:13:17Z</time></trkpt>
<trkpt lat="45.377402" lon="-75.851832"><ele>24.0</ele><time>2024-06-08T18:13:18Z</time></trkpt>
<trkpt lat="45.377386" lon="-75.851796"><ele>24.0</ele><time>2024-06-08T18:13:19Z</time></trkpt>
<trkpt lat="45.377373" lon="-75.851751"><ele>24.0</ele><time>2024-06-08T18:13:20Z</time></trkpt>
<trkpt lat="45.37736" lon="-75.851706"><ele>24.0</ele><time>2024-06-08T18:13:21Z</time></trkpt>
<trkpt lat="45.377351" lon="-75.851671"><ele>24.0</ele><time>2024-06-08T18:13:22Z</time></trkpt>
<trkpt lat="45.377341" lon="-75.851626"><ele>24.0</ele><time>2024-06-08T18:13:23Z</time></trkpt>
<trkpt lat="45.377332" lon="-75.851581"><ele>24.0</ele><time>2024-06-08T18:13:24Z</time></trkpt>
<trkpt lat="45.377319" lon="-75.851545"><ele>24.0</ele><time>2024-06-08T18:13:25Z</time></trkpt>
<trkpt lat="45.37731" lon="-75.8515"><ele>24.0</ele><time>2024-06-08T18:13:26Z</time></trkpt>
<trkpt lat="45.3773" lon="-75.851464"><ele>24.0</ele><time>2024-06-08T18:13:27Z</time></trkpt>
<trkpt lat="45.377291" lon="-75.851428"><ele>24.0</ele><time>2024-06-08T18:13:28Z</time></trkpt>
<trkpt lat="45.377281" lon="-75.851383"><ele>24.0</ele><time>2024-06-08T18:13:29Z</time></trkpt>
<trkpt lat="45.377275" lon="-75.851347"><ele>24.0</ele><time>2024-06-08T18:13:30Z</time></trkpt>
<trkpt lat="45.377269" lon="-75.851302"><ele>24.0</ele><time>2024-06-08T18:13:31Z</time></trkpt>
<trkpt lat="45.377262" lon="-75.851266"><ele>24.0</ele><time>2024-06-08T18:13:32Z</time></trkpt>
<trkpt lat="45.377259" lon="-75.85123"><ele>24.0</ele><time>2024-06-08T18:13:33Z</time></trkpt>
<trkpt lat="45.377253" lon="-75.851185"><ele>24.0</ele><time>2024-06-08T18:13:34Z</time></trkpt>
<trkpt lat="45.377243" lon="-75.85115"><ele>24.0</ele><time>2024-06-08T18:13:35Z</time></trkpt>
<trkpt lat="45.377234" lon="-75.851114"><ele>24.0</ele><time>2024-06-08T18:13:36Z</time></trkpt>
<trkpt lat="45.377221" lon="-75.851069"><ele>24.0</ele><time>2024-06-08T18:13:37Z</time></trkpt>
<trkpt lat="45.377208" lon="-75.851033"><ele>24.0</ele><time>2024-06-08T18:13:38Z</time></trkpt>
<trkpt lat="45.377196" lon="-75.850988"><ele>24.0</ele><time>2024-06-08T18:13:39Z</time></trkpt>
<trkpt lat="45.377183" lon="-75.850952"><ele>24.0</ele><time>2024-06-08T18:13:40Z</time></trkpt>
<trkpt lat="45.37717" lon="-75.850916"><ele>24.0</ele><time>2024-06-08T18:13:41Z</time></trkpt>
<trkpt lat="45.377158" lon="-75.85088"><ele>24.0</ele><time>2024-06-08T18:13:42Z</time></trkpt>
<trkpt lat="45.377145" lon="-75.850844"><ele>24.0</ele><time>2024-06-08T18:13:43Z</time></trkpt>
<trkpt lat="45.377132" lon="-75.850808"><ele>24.0</ele><time>2024-06-08T18:13:44Z</time></trkpt>
<trkpt lat="45.37712" lon="-75.850772"><ele>24.0</ele><time>2024-06-08T18:13:45Z</time></trkpt>
<trkpt lat="45.37711" lon="-75.850736"><ele>24.0</ele><time>2024-06-08T18:13:46Z</time></trkpt>
<trkpt lat="45.377101" lon="-75.850691"><ele>24.0</ele><time>2024-06-08T18:13:47Z</time></trkpt>
<trkpt lat="45.377091" lon="-75.850655"><ele>24.0</ele><time>2024-06-08T18:13:48Z</time></trkpt>
<trkpt lat="45.377085" lon="-75.850611"><ele>24.0</ele><time>2024-06-08T18:13:49Z</time></trkpt>
<trkpt lat="45.377075" lon="-75.850566"><ele>24.0</ele><time>2024-06-08T18:13:50Z</time></trkpt>
<trkpt lat="45.377063" lon="-75.85053"><ele>24.0</ele><time>2024-06-08T18:13:51Z</time></trkpt>
<trkpt lat="45.37705" lon="-75.850494"><ele>24.0</ele><time>2024-06-08T18:13:52Z</time></trkpt>
<trkpt lat="45.377037" lon="-75.850458"><ele>24.0</ele><time>2024-06-08T18:13:53Z</time></trkpt>
<trkpt lat="45.377028" lon="-75.850422"><ele>24.0</ele><time>2024-06-08T18:13:54Z</time></trkpt>
<trkpt lat="45.377019" lon="-75.850386"><ele>24.0</ele><time>2024-06-08T18:13:55Z</time></trkpt>
<trkpt lat="45.377009" lon="-75.850359"><ele>24.0</ele><time>2024-06-08T18:13:56Z</time></trkpt>
<trkpt lat="45.376993" lon="-75.850323"><ele>24.0</ele><time>2024-06-08T18:13:57Z</time></trkpt>
<trkpt lat="45.376974" lon="-75.850296"><ele>24.0</ele><time>2024-06-08T18:13:58Z</time></trkpt>
<trkpt lat="45.376955" lon="-75.85026"><ele>24.0</ele><time>2024-06-08T18:13:59Z</time></trkpt>
<trkpt lat="45.376936" lon="-75.850224"><ele>24.0</ele><time>2024-06-08T18:14:00Z</time></trkpt>
<trkpt lat="45.37692" lon="-75.850188"><ele>24.0</ele><time>2024-06-08T18:14:01Z</time></trkpt>
<trkpt lat="45.376908" lon="-75.850152"><ele>24.0</ele><time>2024-06-08T18:14:02Z</time></trkpt>
<trkpt lat="45.376892" lon="-75.850126"><ele>24.0</ele><time>2024-06-08T18:14:03Z</time></trkpt>
<trkpt lat="45.376876" lon="-75.85009"><ele>24.0</ele><time>2024-06-08T18:14:04Z</time></trkpt>
<trkpt lat="45.37686" lon="-75.850054"><ele>24.0</ele><time>2024-06-08T18:14:05Z</time></trkpt>
<trkpt lat="45.376841" lon="-75.850027"><ele>24.0</ele><time>2024-06-08T18:14:06Z</time></trkpt>
<trkpt lat="45.376822" lon="-75.849991"><ele>24.0</ele><time>2024-06-08T18:14:07Z</time></trkpt>
<trkpt lat="45.376806" lon="-75.849946"><ele>24.0</ele><time>2024-06-08T18:14:08Z</time></trkpt>
<trkpt lat="45.376787" lon="-75.84991"><ele>24.0</ele><time>2024-06-08T18:14:09Z</time></trkpt>
<trkpt lat="45.376775" lon="-75.849874"><ele>24.0</ele><time>2024-06-08T18:14:10Z</time></trkpt>
<trkpt lat="45.376765" lon="-75.849829"><ele>24.0</ele><time>2024-06-08T18:14:11Z</time></trkpt>
<trkpt lat="45.376753" lon="-75.849793"><ele>24.0</ele><time>2024-06-08T18:14:12Z</time></trkpt>
<trkpt lat="45.376737" lon="-75.849757"><ele>24.0</ele><time>2024-06-08T18:14:13Z</time></trkpt>
<trkpt lat="45.376718" lon="-75.849721"><ele>24.0</ele><time>2024-06-08T18:14:14Z</time></trkpt>
<trkpt lat="45.376702" lon="-75.849685"><ele>24.0</ele><time>2024-06-08T18:14:15Z</time></trkpt>
<trkpt lat="45.376683" lon="-75.849649"><ele>24.0</ele><time>2024-06-08T18:14:16Z</time></trkpt>
<trkpt lat="45.376667" lon="-75.849613"><ele>24.0</ele><time>2024-06-08T18:14:17Z</time></trkpt>
<trkpt lat="45.376651" lon="-75.849578"><ele>24.0</ele><time>2024-06-08T18:14:18Z</time></trkpt>
<trkpt lat="45.376635" lon="-75.849542"><ele>24.0</ele><time>2024-06-08T18:14:19Z</time></trkpt>
<trkpt lat="45.37662" lon="-75.849506"><ele>24.0</ele><time>2024-06-08T18:14:20Z</time></trkpt>
<trkpt lat="45.376604" lon="-75.84947"><ele>24.0</ele><time>2024-06-08T18:14:21Z</time></trkpt>
<trkpt lat="45.376591" lon="-75.849434"><ele>24.0</ele><time>2024-06-08T18:14:22Z</time></trkpt>
<trkpt lat="45.376575" lon="-75.849398"><ele>24.0</ele><time>2024-06-08T18:14:23Z</time></trkpt>
<trkpt lat="45.376556" lon="-75.849371"><ele>24.0</ele><time>2024-06-08T18:14:24Z</time></trkpt>
<trkpt lat="45.376537" lon="-75.849335"><ele>24.0</ele><time>2024-06-08T18:14:25Z</time></trkpt>
<trkpt lat="45.376515" lon="-75.849299"><ele>25.0</ele><time>2024-06-08T18:14:26Z</time></trkpt>
<trkpt lat="45.376496" lon="-75.849272"><ele>24.0</ele><time>2024-06-08T18:14:27Z</time></trkpt>
<trkpt lat="45.376471" lon="-75.849245"><ele>24.0</ele><time>2024-06-08T18:14:28Z</time></trkpt>
<trkpt lat="45.376449" lon="-75.849209"><ele>24.0</ele><time>2024-06-08T18:14:29Z</time></trkpt>
<trkpt lat="45.37643" lon="-75.849182"><ele>24.0</ele><time>2024-06-08T18:14:30Z</time></trkpt>
<trkpt lat="45.376408" lon="-75.849146"><ele>24.0</ele><time>2024-06-08T18:14:31Z</time></trkpt>
<trkpt lat="45.376382" lon="-75.849119"><ele>25.0</ele><time>2024-06-08T18:14:32Z</time></trkpt>
<trkpt lat="45.37636" lon="-75.849084"><ele>24.0</ele><time>2024-06-08T18:14:33Z</time></trkpt>
<trkpt lat="45.376338" lon="-75.849057"><ele>24.0</ele><time>2024-06-08T18:14:34Z</time></trkpt>
<trkpt lat="45.376319" lon="-75.849012"><ele>24.0</ele><time>2024-06-08T18:14:35Z</time></trkpt>
<trkpt lat="45.3763" lon="-75.848976"><ele>24.0</ele><time>2024-06-08T18:14:36Z</time></trkpt>
<trkpt lat="45.376278" lon="-75.848949"><ele>24.0</ele><time>2024-06-08T18:14:37Z</time></trkpt>
<trkpt lat="45.376262" lon="-75.848913"><ele>24.0</ele><time>2024-06-08T18:14:38Z</time></trkpt>
<trkpt lat="45.376246" lon="-75.848877"><ele>24.0</ele><time>2024-06-08T18:14:39Z</time></trkpt>
<trkpt lat="45.376233" lon="-75.848841"><ele>24.0</ele><time>2024-06-08T18:14:40Z</time></trkpt>
<trkpt lat="45.376224" lon="-75.848805"><ele>25.0</ele><time>2024-06-08T18:14:41Z</time></trkpt>
<trkpt lat="45.376214" lon="-75.848769"><ele>26.0</ele><time>2024-06-08T18:14:42Z</time></trkpt>
<trkpt lat="45.376205" lon="-75.848742"><ele>27.0</ele><time>2024-06-08T18:14:43Z</time></trkpt>
<trkpt lat="45.376192" lon="-75.848697"><ele>26.0</ele><time>2024-06-08T18:14:44Z</time></trkpt>
<trkpt lat="45.37618" lon="-75.848661"><ele>26.0</ele><time>2024-06-08T18:14:45Z</time></trkpt>
<trkpt lat="45.37617" lon="-75.848625"><ele>25.0</ele><time>2024-06-08T18:14:46Z</time></trkpt>
<trkpt lat="45.376157" lon="-75.84858"><ele>26.0</ele><time>2024-06-08T18:14:47Z</time></trkpt>
<trkpt lat="45.376157" lon="-75.848545"><ele>25.0</ele><time>2024-06-08T18:14:48Z</time></trkpt>
<trkpt lat="45.376161" lon="-75.8485"><ele>25.0</ele><time>2024-06-08T18:14:49Z</time></trkpt>
<trkpt lat="45.376148" lon="-75.848473"><ele>25.0</ele><time>2024-06-08T18:14:50Z</time></trkpt>
<trkpt lat="45.376123" lon="-75.848437"><ele>25.0</ele><time>2024-06-08T18:14:51Z</time></trkpt>
<trkpt lat="45.376104" lon="-75.84841"><ele>26.0</ele><time>2024-06-08T18:14:52Z</time></trkpt>
<trkpt lat="45.376104" lon="-75.84841"><ele>26.0</ele><time>2024-06-08T18:14:53Z</time></trkpt>
<trkpt lat="45.376082" lon="-75.848374"><ele>25.0</ele><time>2024-06-08T18:14:53Z</time></trkpt>
<trkpt lat="45.376066" lon="-75.848329"><ele>26.0</ele><time>2024-06-08T18:14:54Z</time></trkpt>
<trkpt lat="45.37605" lon="-75.848293"><ele>26.0</ele><time>2024-06-08T18:14:55Z</time></trkpt>
<trkpt lat="45.376031" lon="-75.848248"><ele>25.0</ele><time>2024-06-08T18:14:56Z</time></trkpt>
<trkpt lat="45.376012" lon="-75.848212"><ele>25.0</ele><time>2024-06-08T18:14:57Z</time></trkpt>
<trkpt lat="45.375996" lon="-75.848176"><ele>25.0</ele><time>2024-06-08T18:14:58Z</time></trkpt>
<trkpt lat="45.37598" lon="-75.848131"><ele>25.0</ele><time>2024-06-08T18:14:59Z</time></trkpt>
<trkpt lat="45.375968" lon="-75.848095"><ele>25.0</ele><time>2024-06-08T18:15:00Z</time></trkpt>
<trkpt lat="45.375952" lon="-75.848059"><ele>25.0</ele><time>2024-06-08T18:15:01Z</time></trkpt>
<trkpt lat="45.375939" lon="-75.848024"><ele>25.0</ele><time>2024-06-08T18:15:02Z</time></trkpt>
<trkpt lat="45.375923" lon="-75.847988"><ele>25.0</ele><time>2024-06-08T18:15:03Z</time></trkpt>
<trkpt lat="45.375911" lon="-75.847952"><ele>25.0</ele><time>2024-06-08T18:15:04Z</time></trkpt>
<trkpt lat="45.375901" lon="-75.847916"><ele>25.0</ele><time>2024-06-08T18:15:05Z</time></trkpt>
<trkpt lat="45.375885" lon="-75.84788"><ele>25.0</ele><time>2024-06-08T18:15:06Z</time></trkpt>
<trkpt lat="45.375869" lon="-75.847844"><ele>24.0</ele><time>2024-06-08T18:15:07Z</time></trkpt>
<trkpt lat="45.375854" lon="-75.847808"><ele>24.0</ele><time>2024-06-08T18:15:08Z</time></trkpt>
<trkpt lat="45.375835" lon="-75.847772"><ele>24.0</ele><time>2024-06-08T18:15:09Z</time></trkpt>
<trkpt lat="45.375816" lon="-75.847736"><ele>24.0</ele><time>2024-06-08T18:15:10Z</time></trkpt>
<trkpt lat="45.375797" lon="-75.847709"><ele>24.0</ele><time>2024-06-08T18:15:11Z</time></trkpt>
<trkpt lat="45.375781" lon="-75.847673"><ele>24.0</ele><time>2024-06-08T18:15:12Z</time></trkpt>
<trkpt lat="45.375765" lon="-75.847637"><ele>23.0</ele><time>2024-06-08T18:15:13Z</time></trkpt>
<trkpt lat="45.375746" lon="-75.847601"><ele>23.0</ele><time>2024-06-08T18:15:14Z</time></trkpt>
<trkpt lat="45.37573" lon="-75.847565"><ele>23.0</ele><time>2024-06-08T18:15:15Z</time></trkpt>
<trkpt lat="45.375711" lon="-75.847529"><ele>23.0</ele><time>2024-06-08T18:15:16Z</time></trkpt>
<trkpt lat="45.375698" lon="-75.847494"><ele>23.0</ele><time>2024-06-08T18:15:17Z</time></trkpt>
<trkpt lat="45.375683" lon="-75.847458"><ele>23.0</ele><time>2024-06-08T18:15:18Z</time></trkpt>
<trkpt lat="45.375667" lon="-75.847422"><ele>24.0</ele><time>2024-06-08T18:15:19Z</time></trkpt>
<trkpt lat="45.375648" lon="-75.847395"><ele>23.0</ele><time>2024-06-08T18:15:20Z</time></trkpt>
<trkpt lat="45.375626" lon="-75.847368"><ele>23.0</ele><time>2024-06-08T18:15:21Z</time></trkpt>
<trkpt lat="45.3756" lon="-75.847341"><ele>23.0</ele><time>2024-06-08T18:15:22Z</time></trkpt>
<trkpt lat="45.375575" lon="-75.847305"><ele>23.0</ele><time>2024-06-08T18:15:23Z</time></trkpt>
<trkpt lat="45.375556" lon="-75.847278"><ele>23.0</ele><time>2024-06-08T18:15:24Z</time></trkpt>
<trkpt lat="45.375534" lon="-75.847242"><ele>23.0</ele><time>2024-06-08T18:15:25Z</time></trkpt>
<trkpt lat="45.375512" lon="-75.847215"><ele>23.0</ele><time>2024-06-08T18:15:26Z</time></trkpt>
<trkpt lat="45.37549" lon="-75.847188"><ele>23.0</ele><time>2024-06-08T18:15:27Z</time></trkpt>
<trkpt lat="45.375467" lon="-75.847152"><ele>23.0</ele><time>2024-06-08T18:15:28Z</time></trkpt>
<trkpt lat="45.375448" lon="-75.847125"><ele>23.0</ele><time>2024-06-08T18:15:29Z</time></trkpt>
<trkpt lat="45.375429" lon="-75.847089"><ele>23.0</ele><time>2024-06-08T18:15:30Z</time></trkpt>
<trkpt lat="45.37541" lon="-75.847062"><ele>23.0</ele><time>2024-06-08T18:15:31Z</time></trkpt>
<trkpt lat="45.375395" lon="-75.847035"><ele>23.0</ele><time>2024-06-08T18:15:32Z</time></trkpt>
<trkpt lat="45.375379" lon="-75.846999"><ele>23.0</ele><time>2024-06-08T18:15:33Z</time></trkpt>
<trkpt lat="45.375363" lon="-75.846973"><ele>23.0</ele><time>2024-06-08T18:15:34Z</time></trkpt>
<trkpt lat="45.375347" lon="-75.846937"><ele>23.0</ele><time>2024-06-08T18:15:35Z</time></trkpt>
<trkpt lat="45.375328" lon="-75.846901"><ele>23.0</ele><time>2024-06-08T18:15:36Z</time></trkpt>
<trkpt lat="45.375309" lon="-75.846874"><ele>24.0</ele><time>2024-06-08T18:15:37Z</time></trkpt>
<trkpt lat="45.375293" lon="-75.846838"><ele>24.0</ele><time>2024-06-08T18:15:38Z</time></trkpt>
<trkpt lat="45.375277" lon="-75.846802"><ele>24.0</ele><time>2024-06-08T18:15:39Z</time></trkpt>
<trkpt lat="45.375262" lon="-75.846766"><ele>24.0</ele><time>2024-06-08T18:15:40Z</time></trkpt>
<trkpt lat="45.375249" lon="-75.846739"><ele>24.0</ele><time>2024-06-08T18:15:41Z</time></trkpt>
<trkpt lat="45.375233" lon="-75.846703"><ele>24.0</ele><time>2024-06-08T18:15:42Z</time></trkpt>
<trkpt lat="45.37522" lon="-75.846667"><ele>24.0</ele><time>2024-06-08T18:15:43Z</time></trkpt>
<trkpt lat="45.375201" lon="-75.84664"><ele>24.0</ele><time>2024-06-08T18:15:44Z</time></trkpt>
<trkpt lat="45.375182" lon="-75.846613"><ele>24.0</ele><time>2024-06-08T18:15:45Z</time></trkpt>
<trkpt lat="45.375164" lon="-75.846586"><ele>24.0</ele><time>2024-06-08T18:15:46Z</time></trkpt>
<trkpt lat="45.375145" lon="-75.846559"><ele>24.0</ele><time>2024-06-08T18:15:47Z</time></trkpt>
<trkpt lat="45.375129" lon="-75.846523"><ele>24.0</ele><time>2024-06-08T18:15:48Z</time></trkpt>
<trkpt lat="45.375113" lon="-75.846496"><ele>24.0</ele><time>2024-06-08T18:15:49Z</time></trkpt>
<trkpt lat="45.375094" lon="-75.84647"><ele>24.0</ele><time>2024-06-08T18:15:50Z</time></trkpt>
<trkpt lat="45.375069" lon="-75.846452"><ele>24.0</ele><time>2024-06-08T18:15:51Z</time></trkpt>
<trkpt lat="45.375046" lon="-75.846452"><ele>24.0</ele><time>2024-06-08T18:15:52Z</time></trkpt>
<trkpt lat="45.375024" lon="-75.846461"><ele>24.0</ele><time>2024-06-08T18:15:53Z</time></trkpt>
<trkpt lat="45.375005" lon="-75.846461"><ele>24.0</ele><time>2024-06-08T18:15:54Z</time></trkpt>
<trkpt lat="45.374989" lon="-75.846478"><ele>24.0</ele><time>2024-06-08T18:15:55Z</time></trkpt>
<trkpt lat="45.374977" lon="-75.846487"><ele>24.0</ele><time>2024-06-08T18:15:56Z</time></trkpt>
<trkpt lat="45.374967" lon="-75.846496"><ele>24.0</ele><time>2024-06-08T18:15:57Z</time></trkpt>
<trkpt lat="45.374958" lon="-75.846505"><ele>24.0</ele><time>2024-06-08T18:15:58Z</time></trkpt>
<trkpt lat="45.374951" lon="-75.846505"><ele>24.0</ele><time>2024-06-08T18:15:59Z</time></trkpt>
<trkpt lat="45.374948" lon="-75.846514"><ele>24.0</ele><time>2024-06-08T18:16:00Z</time></trkpt>
<trkpt lat="45.374942" lon="-75.846532"><ele>23.0</ele><time>2024-06-08T18:16:01Z</time></trkpt>
<trkpt lat="45.374942" lon="-75.846532"><ele>24.0</ele><time>2024-06-08T18:16:02Z</time></trkpt>
<trkpt lat="45.374945" lon="-75.846541"><ele>24.0</ele><time>2024-06-08T18:16:03Z</time></trkpt>
<trkpt lat="45.374948" lon="-75.846541"><ele>24.0</ele><time>2024-06-08T18:16:04Z</time></trkpt>
<trkpt lat="45.374951" lon="-75.84655"><ele>24.0</ele><time>2024-06-08T18:16:05Z</time></trkpt>
<trkpt lat="45.374958" lon="-75.84655"><ele>24.0</ele><time>2024-06-08T18:16:06Z</time></trkpt>
<trkpt lat="45.374964" lon="-75.84655"><ele>24.0</ele><time>2024-06-08T18:16:07Z</time></trkpt>
<trkpt lat="45.374977" lon="-75.846559"><ele>24.0</ele><time>2024-06-08T18:16:08Z</time></trkpt>
<trkpt lat="45.374989" lon="-75.846559"><ele>24.0</ele><time>2024-06-08T18:16:09Z</time></trkpt>
<trkpt lat="45.375005" lon="-75.846568"><ele>24.0</ele><time>2024-06-08T18:16:10Z</time></trkpt>
<trkpt lat="45.375018" lon="-75.846577"><ele>24.0</ele><time>2024-06-08T18:16:11Z</time></trkpt>
<trkpt lat="45.375027" lon="-75.846586"><ele>24.0</ele><time>2024-06-08T18:16:12Z</time></trkpt>
<trkpt lat="45.375034" lon="-75.846595"><ele>24.0</ele><time>2024-06-08T18:16:13Z</time></trkpt>
<trkpt lat="45.37504" lon="-75.846604"><ele>24.0</ele><time>2024-06-08T18:16:14Z</time></trkpt>
<trkpt lat="45.375046" lon="-75.846604"><ele>24.0</ele><time>2024-06-08T18:16:15Z</time></trkpt>
<trkpt lat="45.375053" lon="-75.846613"><ele>24.0</ele><time>2024-06-08T18:16:16Z</time></trkpt>
<trkpt lat="45.375053" lon="-75.846622"><ele>24.0</ele><time>2024-06-08T18:16:17Z</time></trkpt>
<trkpt lat="45.37505" lon="-75.84664"><ele>23.0</ele><time>2024-06-08T18:16:18Z</time></trkpt>
<trkpt lat="45.37505" lon="-75.84664"><ele>23.0</ele><time>2024-06-08T18:16:19Z</time></trkpt>
<trkpt lat="45.375056" lon="-75.84664"><ele>23.0</ele><time>2024-06-08T18:16:20Z</time></trkpt>
<trkpt lat="45.375065" lon="-75.84664"><ele>22.0</ele><time>2024-06-08T18:16:21Z</time></trkpt>
<trkpt lat="45.375075" lon="-75.84664"><ele>22.0</ele><time>2024-06-08T18:16:22Z</time></trkpt>
<trkpt lat="45.375091" lon="-75.84664"><ele>22.0</ele><time>2024-06-08T18:16:23Z</time></trkpt>
<trkpt lat="45.375107" lon="-75.84664"><ele>22.0</ele><time>2024-06-08T18:16:24Z</time></trkpt>
<trkpt lat="45.375119" lon="-75.84664"><ele>22.0</ele><time>2024-06-08T18:16:25Z</time></trkpt>
<trkpt lat="45.375132" lon="-75.846649"><ele>23.0</ele><time>2024-06-08T18:16:26Z</time></trkpt>
<trkpt lat="45.375145" lon="-75.846649"><ele>22.0</ele><time>2024-06-08T18:16:27Z</time></trkpt>
<trkpt lat="45.375157" lon="-75.846658"><ele>22.0</ele><time>2024-06-08T18:16:28Z</time></trkpt>
<trkpt lat="45.375167" lon="-75.846658"><ele>22.0</ele><time>2024-06-08T18:16:29Z</time></trkpt>
<trkpt lat="45.375179" lon="-75.846667"><ele>23.0</ele><time>2024-06-08T18:16:30Z</time></trkpt>
<trkpt lat="45.375189" lon="-75.846676"><ele>23.0</ele><time>2024-06-08T18:16:31Z</time></trkpt>
<trkpt lat="45.375198" lon="-75.846676"><ele>23.0</ele><time>2024-06-08T18:16:32Z</time></trkpt>
<trkpt lat="45.375208" lon="-75.846685"><ele>23.0</ele><time>2024-06-08T18:16:33Z</time></trkpt>
<trkpt lat="45.37522" lon="-75.846694"><ele>23.0</ele><time>2024-06-08T18:16:34Z</time></trkpt>
<trkpt lat="45.37523" lon="-75.846694"><ele>23.0</ele><time>2024-06-08T18:16:35Z</time></trkpt>
<trkpt lat="45.375243" lon="-75.846703"><ele>23.0</ele><time>2024-06-08T18:16:36Z</time></trkpt>
<trkpt lat="45.375258" lon="-75.846712"><ele>23.0</ele><time>2024-06-08T18:16:37Z</time></trkpt>
<trkpt lat="45.375271" lon="-75.846712"><ele>23.0</ele><time>2024-06-08T18:16:38Z</time></trkpt>
<trkpt lat="45.375284" lon="-75.846721"><ele>23.0</ele><time>2024-06-08T18:16:39Z</time></trkpt>
<trkpt lat="45.375296" lon="-75.84673"><ele>23.0</ele><time>2024-06-08T18:16:40Z</time></trkpt>
<trkpt lat="45.375309" lon="-75.846748"><ele>23.0</ele><time>2024-06-08T18:16:41Z</time></trkpt>
<trkpt lat="45.375322" lon="-75.846757"><ele>23.0</ele><time>2024-06-08T18:16:42Z</time></trkpt>
<trkpt lat="45.375334" lon="-75.846766"><ele>23.0</ele><time>2024-06-08T18:16:43Z</time></trkpt>
<trkpt lat="45.375344" lon="-75.846784"><ele>23.0</ele><time>2024-06-08T18:16:44Z</time></trkpt>
<trkpt lat="45.375357" lon="-75.846793"><ele>23.0</ele><time>2024-06-08T18:16:45Z</time></trkpt>
<trkpt lat="45.375369" lon="-75.846811"><ele>24.0</ele><time>2024-06-08T18:16:46Z</time></trkpt>
<trkpt lat="45.375382" lon="-75.846829"><ele>24.0</ele><time>2024-06-08T18:16:47Z</time></trkpt>
<trkpt lat="45.375395" lon="-75.846847"><ele>24.0</ele><time>2024-06-08T18:16:48Z</time></trkpt>
<trkpt lat="45.375407" lon="-75.846874"><ele>24.0</ele><time>2024-06-08T18:16:49Z</time></trkpt>
<trkpt lat="45.375417" lon="-75.846892"><ele>24.0</ele><time>2024-06-08T18:16:50Z</time></trkpt>
<trkpt lat="45.375429" lon="-75.846919"><ele>24.0</ele><time>2024-06-08T18:16:51Z</time></trkpt>
<trkpt lat="45.375439" lon="-75.846937"><ele>23.0</ele><time>2024-06-08T18:16:52Z</time></trkpt>
<trkpt lat="45.375448" lon="-75.846964"><ele>23.0</ele><time>2024-06-08T18:16:53Z</time></trkpt>
<trkpt lat="45.375455" lon="-75.846982"><ele>23.0</ele><time>2024-06-08T18:16:54Z</time></trkpt>
<trkpt lat="45.375461" lon="-75.847008"><ele>23.0</ele><time>2024-06-08T18:16:55Z</time></trkpt>
<trkpt lat="45.375467" lon="-75.847026"><ele>24.0</ele><time>2024-06-08T18:16:56Z</time></trkpt>
<trkpt lat="45.375477" lon="-75.847044"><ele>24.0</ele><time>2024-06-08T18:16:57Z</time></trkpt>
<trkpt lat="45.375493" lon="-75.847062"><ele>24.0</ele><time>2024-06-08T18:16:58Z</time></trkpt>
<trkpt lat="45.375512" lon="-75.847071"><ele>24.0</ele><time>2024-06-08T18:16:59Z</time></trkpt>
<trkpt lat="45.375534" lon="-75.847071"><ele>23.0</ele><time>2024-06-08T18:17:00Z</time></trkpt>
<trkpt lat="45.375556" lon="-75.847071"><ele>24.0</ele><time>2024-06-08T18:17:01Z</time></trkpt>
<trkpt lat="45.375581" lon="-75.847062"><ele>23.0</ele><time>2024-06-08T18:17:02Z</time></trkpt>
<trkpt lat="45.375604" lon="-75.847053"><ele>24.0</ele><time>2024-06-08T18:17:03Z</time></trkpt>
<trkpt lat="45.375626" lon="-75.847044"><ele>23.0</ele><time>2024-06-08T18:17:04Z</time></trkpt>
<trkpt lat="45.375651" lon="-75.847035"><ele>23.0</ele><time>2024-06-08T18:17:05Z</time></trkpt>
<trkpt lat="45.375673" lon="-75.847026"><ele>23.0</ele><time>2024-06-08T18:17:06Z</time></trkpt>
<trkpt lat="45.375695" lon="-75.847017"><ele>23.0</ele><time>2024-06-08T18:17:07Z</time></trkpt>
<trkpt lat="45.375717" lon="-75.847008"><ele>23.0</ele><time>2024-06-08T18:17:08Z</time></trkpt>
<trkpt lat="45.37574" lon="-75.846991"><ele>23.0</ele><time>2024-06-08T18:17:09Z</time></trkpt>
<trkpt lat="45.375765" lon="-75.846982"><ele>23.0</ele><time>2024-06-08T18:17:10Z</time></trkpt>
<trkpt lat="45.375787" lon="-75.846973"><ele>23.0</ele><time>2024-06-08T18:17:11Z</time></trkpt>
<trkpt lat="45.375809" lon="-75.846964"><ele>23.0</ele><time>2024-06-08T18:17:12Z</time></trkpt>
<trkpt lat="45.375831" lon="-75.846955"><ele>23.0</ele><time>2024-06-08T18:17:13Z</time></trkpt>
<trkpt lat="45.375857" lon="-75.846946"><ele>23.0</ele><time>2024-06-08T18:17:14Z</time></trkpt>
<trkpt lat="45.375876" lon="-75.846937"><ele>23.0</ele><time>2024-06-08T18:17:15Z</time></trkpt>
<trkpt lat="45.375895" lon="-75.846928"><ele>23.0</ele><time>2024-06-08T18:17:16Z</time></trkpt>
<trkpt lat="45.375917" lon="-75.846919"><ele>22.0</ele><time>2024-06-08T18:17:17Z</time></trkpt>
<trkpt lat="45.375936" lon="-75.84691"><ele>22.0</ele><time>2024-06-08T18:17:18Z</time></trkpt>
<trkpt lat="45.375952" lon="-75.846892"><ele>23.0</ele><time>2024-06-08T18:17:19Z</time></trkpt>
<trkpt lat="45.375964" lon="-75.846874"><ele>23.0</ele><time>2024-06-08T18:17:20Z</time></trkpt>
<trkpt lat="45.375974" lon="-75.846856"><ele>22.0</ele><time>2024-06-08T18:17:21Z</time></trkpt>
<trkpt lat="45.37598" lon="-75.846829"><ele>23.0</ele><time>2024-06-08T18:17:22Z</time></trkpt>
<trkpt lat="45.37598" lon="-75.846793"><ele>23.0</ele><time>2024-06-08T18:17:23Z</time></trkpt>
<trkpt lat="45.375977" lon="-75.846766"><ele>23.0</ele><time>2024-06-08T18:17:24Z</time></trkpt>
<trkpt lat="45.375977" lon="-75.846739"><ele>23.0</ele><time>2024-06-08T18:17:25Z</time></trkpt>
<trkpt lat="45.375977" lon="-75.846703"><ele>23.0</ele><time>2024-06-08T18:17:26Z</time></trkpt>
<trkpt lat="45.375971" lon="-75.846676"><ele>23.0</ele><time>2024-06-08T18:17:27Z</time></trkpt>
<trkpt lat="45.375964" lon="-75.84664"><ele>23.0</ele><time>2024-06-08T18:17:28Z</time></trkpt>
<trkpt lat="45.375958" lon="-75.846604"><ele>23.0</ele><time>2024-06-08T18:17:29Z</time></trkpt>
<trkpt lat="45.375949" lon="-75.846577"><ele>23.0</ele><time>2024-06-08T18:17:30Z</time></trkpt>
<trkpt lat="45.375939" lon="-75.84655"><ele>23.0</ele><time>2024-06-08T18:17:31Z</time></trkpt>
<trkpt lat="45.37593" lon="-75.846514"><ele>23.0</ele><time>2024-06-08T18:17:32Z</time></trkpt>
<trkpt lat="45.375923" lon="-75.846478"><ele>23.0</ele><time>2024-06-08T18:17:33Z</time></trkpt>
<trkpt lat="45.37592" lon="-75.846443"><ele>23.0</ele><time>2024-06-08T18:17:34Z</time></trkpt>
<trkpt lat="45.37592" lon="-75.846407"><ele>23.0</ele><time>2024-06-08T18:17:35Z</time></trkpt>
<trkpt lat="45.375923" lon="-75.846371"><ele>23.0</ele><time>2024-06-08T18:17:36Z</time></trkpt>
<trkpt lat="45.37593" lon="-75.846344"><ele>23.0</ele><time>2024-06-08T18:17:37Z</time></trkpt>
<trkpt lat="45.375933" lon="-75.846308"><ele>23.0</ele><time>2024-06-08T18:17:38Z</time></trkpt>
<trkpt lat="45.375936" lon="-75.846272"><ele>23.0</ele><time>2024-06-08T18:17:39Z</time></trkpt>
<trkpt lat="45.375936" lon="-75.846236"><ele>23.0</ele><time>2024-06-08T18:17:40Z</time></trkpt>
<trkpt lat="45.375939" lon="-75.846209"><ele>23.0</ele><time>2024-06-08T18:17:41Z</time></trkpt>
<trkpt lat="45.375936" lon="-75.846182"><ele>23.0</ele><time>2024-06-08T18:17:42Z</time></trkpt>
<trkpt lat="45.375933" lon="-75.846146"><ele>24.0</ele><time>2024-06-08T18:17:43Z</time></trkpt>
<trkpt lat="45.375926" lon="-75.846101"><ele>23.0</ele><time>2024-06-08T18:17:44Z</time></trkpt>
<trkpt lat="45.37592" lon="-75.846065"><ele>24.0</ele><time>2024-06-08T18:17:45Z</time></trkpt>
<trkpt lat="45.375907" lon="-75.846038"><ele>24.0</ele><time>2024-06-08T18:17:46Z</time></trkpt>
<trkpt lat="45.375892" lon="-75.846011"><ele>24.0</ele><time>2024-06-08T18:17:47Z</time></trkpt>
<trkpt lat="45.375876" lon="-75.845975"><ele>24.0</ele><time>2024-06-08T18:17:48Z</time></trkpt>
<trkpt lat="45.37586" lon="-75.845949"><ele>24.0</ele><time>2024-06-08T18:17:49Z</time></trkpt>
<trkpt lat="45.375847" lon="-75.845913"><ele>23.0</ele><time>2024-06-08T18:17:50Z</time></trkpt>
<trkpt lat="45.375828" lon="-75.845877"><ele>24.0</ele><time>2024-06-08T18:17:51Z</time></trkpt>
<trkpt lat="45.375809" lon="-75.84585"><ele>23.0</ele><time>2024-06-08T18:17:52Z</time></trkpt>
<trkpt lat="45.37579" lon="-75.845823"><ele>24.0</ele><time>2024-06-08T18:17:53Z</time></trkpt>
<trkpt lat="45.375771" lon="-75.845796"><ele>24.0</ele><time>2024-06-08T18:17:54Z</time></trkpt>
<trkpt lat="45.375755" lon="-75.845769"><ele>24.0</ele><time>2024-06-08T18:17:55Z</time></trkpt>
<trkpt lat="45.375743" lon="-75.845733"><ele>24.0</ele><time>2024-06-08T18:17:56Z</time></trkpt>
<trkpt lat="45.375733" lon="-75.845697"><ele>24.0</ele><time>2024-06-08T18:17:57Z</time></trkpt>
<trkpt lat="45.375724" lon="-75.84567"><ele>24.0</ele><time>2024-06-08T18:17:58Z</time></trkpt>
<trkpt lat="45.375711" lon="-75.845643"><ele>24.0</ele><time>2024-06-08T18:17:59Z</time></trkpt>
<trkpt lat="45.375702" lon="-75.845607"><ele>24.0</ele><time>2024-06-08T18:18:00Z</time></trkpt>
<trkpt lat="45.375686" lon="-75.84558"><ele>24.0</ele><time>2024-06-08T18:18:01Z</time></trkpt>
<trkpt lat="45.375673" lon="-75.845544"><ele>24.0</ele><time>2024-06-08T18:18:02Z</time></trkpt>
<trkpt lat="45.37566" lon="-75.845508"><ele>24.0</ele><time>2024-06-08T18:18:03Z</time></trkpt>
<trkpt lat="45.375648" lon="-75.845481"><ele>24.0</ele><time>2024-06-08T18:18:04Z</time></trkpt>
<trkpt lat="45.375635" lon="-75.845445"><ele>24.0</ele><time>2024-06-08T18:18:05Z</time></trkpt>
<trkpt lat="45.375623" lon="-75.845419"><ele>24.0</ele><time>2024-06-08T18:18:06Z</time></trkpt>
<trkpt lat="45.375613" lon="-75.845383"><ele>25.0</ele><time>2024-06-08T18:18:07Z</time></trkpt>
<trkpt lat="45.3756" lon="-75.845347"><ele>24.0</ele><time>2024-06-08T18:18:08Z</time></trkpt>
<trkpt lat="45.375585" lon="-75.84532"><ele>24.0</ele><time>2024-06-08T18:18:09Z</time></trkpt>
<trkpt lat="45.375569" lon="-75.845284"><ele>24.0</ele><time>2024-06-08T18:18:10Z</time></trkpt>
<trkpt lat="45.375553" lon="-75.845248"><ele>25.0</ele><time>2024-06-08T18:18:11Z</time></trkpt>
<trkpt lat="45.375537" lon="-75.845212"><ele>25.0</ele><time>2024-06-08T18:18:12Z</time></trkpt>
<trkpt lat="45.375524" lon="-75.845167"><ele>25.0</ele><time>2024-06-08T18:18:13Z</time></trkpt>
<trkpt lat="45.375512" lon="-75.845131"><ele>25.0</ele><time>2024-06-08T18:18:14Z</time></trkpt>
<trkpt lat="45.375496" lon="-75.845095"><ele>25.0</ele><time>2024-06-08T18:18:15Z</time></trkpt>
<trkpt lat="45.37548" lon="-75.845068"><ele>24.0</ele><time>2024-06-08T18:18:16Z</time></trkpt>
<trkpt lat="45.375464" lon="-75.845032"><ele>24.0</ele><time>2024-06-08T18:18:17Z</time></trkpt>
<trkpt lat="45.375452" lon="-75.844996"><ele>24.0</ele><time>2024-06-08T18:18:18Z</time></trkpt>
<trkpt lat="45.375433" lon="-75.84496"><ele>24.0</ele><time>2024-06-08T18:18:19Z</time></trkpt>
<trkpt lat="45.375417" lon="-75.844924"><ele>24.0</ele><time>2024-06-08T18:18:20Z</time></trkpt>
<trkpt lat="45.375401" lon="-75.844889"><ele>24.0</ele><time>2024-06-08T18:18:21Z</time></trkpt>
<trkpt lat="45.375391" lon="-75.844853"><ele>24.0</ele><time>2024-06-08T18:18:22Z</time></trkpt>
<trkpt lat="45.375382" lon="-75.844817"><ele>24.0</ele><time>2024-06-08T18:18:23Z</time></trkpt>
<trkpt lat="45.375379" lon="-75.844781"><ele>24.0</ele><time>2024-06-08T18:18:24Z</time></trkpt>
<trkpt lat="45.375379" lon="-75.844745"><ele>24.0</ele><time>2024-06-08T18:18:25Z</time></trkpt>
<trkpt lat="45.375376" lon="-75.844709"><ele>25.0</ele><time>2024-06-08T18:18:26Z</time></trkpt>
<trkpt lat="45.375369" lon="-75.844682"><ele>25.0</ele><time>2024-06-08T18:18:27Z</time></trkpt>
<trkpt lat="45.375363" lon="-75.844646"><ele>25.0</ele><time>2024-06-08T18:18:28Z</time></trkpt>
<trkpt lat="45.375357" lon="-75.84461"><ele>25.0</ele><time>2024-06-08T18:18:29Z</time></trkpt>
<trkpt lat="45.375347" lon="-75.844574"><ele>24.0</ele><time>2024-06-08T18:18:30Z</time></trkpt>
<trkpt lat="45.375341" lon="-75.844538"><ele>24.0</ele><time>2024-06-08T18:18:31Z</time></trkpt>
<trkpt lat="45.375331" lon="-75.844493"><ele>24.0</ele><time>2024-06-08T18:18:32Z</time></trkpt>
<trkpt lat="45.375322" lon="-75.844457"><ele>24.0</ele><time>2024-06-08T18:18:33Z</time></trkpt>
<trkpt lat="45.375315" lon="-75.844421"><ele>24.0</ele><time>2024-06-08T18:18:34Z</time></trkpt>
<trkpt lat="45.375306" lon="-75.844386"><ele>24.0</ele><time>2024-06-08T18:18:35Z</time></trkpt>
<trkpt lat="45.375296" lon="-75.84435"><ele>24.0</ele><time>2024-06-08T18:18:36Z</time></trkpt>
<trkpt lat="45.37529" lon="-75.844314"><ele>24.0</ele><time>2024-06-08T18:18:37Z</time></trkpt>
<trkpt lat="45.375281" lon="-75.844287"><ele>24.0</ele><time>2024-06-08T18:18:38Z</time></trkpt>
<trkpt lat="45.375274" lon="-75.844251"><ele>24.0</ele><time>2024-06-08T18:18:39Z</time></trkpt>
<trkpt lat="45.375268" lon="-75.844215"><ele>24.0</ele><time>2024-06-08T18:18:40Z</time></trkpt>
<trkpt lat="45.375262" lon="-75.844179"><ele>24.0</ele><time>2024-06-08T18:18:41Z</time></trkpt>
<trkpt lat="45.375262" lon="-75.844179"><ele>24.0</ele><time>2024-06-08T18:18:42Z</time></trkpt>
<trkpt lat="45.375252" lon="-75.844143"><ele>24.0</ele><time>2024-06-08T18:18:42Z</time></trkpt>
<trkpt lat="45.375246" lon="-75.844107"><ele>24.0</ele><time>2024-06-08T18:18:43Z</time></trkpt>
<trkpt lat="45.375236" lon="-75.844062"><ele>24.0</ele><time>2024-06-08T18:18:44Z</time></trkpt>
<trkpt lat="45.37522" lon="-75.844035"><ele>24.0</ele><time>2024-06-08T18:18:45Z</time></trkpt>
<trkpt lat="45.375205" lon="-75.84399"><ele>25.0</ele><time>2024-06-08T18:18:46Z</time></trkpt>
<trkpt lat="45.375201" lon="-75.843954"><ele>25.0</ele><time>2024-06-08T18:18:47Z</time></trkpt>
<trkpt lat="45.375195" lon="-75.843927"><ele>25.0</ele><time>2024-06-08T18:18:48Z</time></trkpt>
<trkpt lat="45.375186" lon="-75.843891"><ele>25.0</ele><time>2024-06-08T18:18:49Z</time></trkpt>
<trkpt lat="45.375179" lon="-75.843864"><ele>24.0</ele><time>2024-06-08T18:18:50Z</time></trkpt>
<trkpt lat="45.375173" lon="-75.843829"><ele>24.0</ele><time>2024-06-08T18:18:51Z</time></trkpt>
<trkpt lat="45.375167" lon="-75.843793"><ele>24.0</ele><time>2024-06-08T18:18:52Z</time></trkpt>
<trkpt lat="45.37516" lon="-75.843766"><ele>24.0</ele><time>2024-06-08T18:18:53Z</time></trkpt>
<trkpt lat="45.375157" lon="-75.84373"><ele>24.0</ele><time>2024-06-08T18:18:54Z</time></trkpt>
<trkpt lat="45.375151" lon="-75.843694"><ele>24.0</ele><time>2024-06-08T18:18:55Z</time></trkpt>
<trkpt lat="45.375141" lon="-75.843667"><ele>24.0</ele><time>2024-06-08T18:18:56Z</time></trkpt>
<trkpt lat="45.375132" lon="-75.843631"><ele>24.0</ele><time>2024-06-08T18:18:57Z</time></trkpt>
<trkpt lat="45.375126" lon="-75.843595"><ele>24.0</ele><time>2024-06-08T18:18:58Z</time></trkpt>
<trkpt lat="45.375116" lon="-75.843559"><ele>24.0</ele><time>2024-06-08T18:18:59Z</time></trkpt>
<trkpt lat="45.37511" lon="-75.843523"><ele>24.0</ele><time>2024-06-08T18:19:00Z</time></trkpt>
<trkpt lat="45.3751" lon="-75.843487"><ele>24.0</ele><time>2024-06-08T18:19:01Z</time></trkpt>
<trkpt lat="45.375094" lon="-75.84346"><ele>24.0</ele><time>2024-06-08T18:19:02Z</time></trkpt>
<trkpt lat="45.375084" lon="-75.843433"><ele>24.0</ele><time>2024-06-08T18:19:03Z</time></trkpt>
<trkpt lat="45.375075" lon="-75.843397"><ele>24.0</ele><time>2024-06-08T18:19:04Z</time></trkpt>
<trkpt lat="45.375069" lon="-75.843352"><ele>24.0</ele><time>2024-06-08T18:19:05Z</time></trkpt>
<trkpt lat="45.375062" lon="-75.843317"><ele>24.0</ele><time>2024-06-08T18:19:06Z</time></trkpt>
<trkpt lat="45.375059" lon="-75.843281"><ele>24.0</ele><time>2024-06-08T18:19:07Z</time></trkpt>
<trkpt lat="45.37505" lon="-75.843245"><ele>24.0</ele><time>2024-06-08T18:19:08Z</time></trkpt>
<trkpt lat="45.375043" lon="-75.8432"><ele>24.0</ele><time>2024-06-08T18:19:09Z</time></trkpt>
<trkpt lat="45.37504" lon="-75.843164"><ele>24.0</ele><time>2024-06-08T18:19:10Z</time></trkpt>
<trkpt lat="45.375034" lon="-75.843128"><ele>24.0</ele><time>2024-06-08T18:19:11Z</time></trkpt>
<trkpt lat="45.375027" lon="-75.843092"><ele>24.0</ele><time>2024-06-08T18:19:12Z</time></trkpt>
<trkpt lat="45.375021" lon="-75.843056"><ele>24.0</ele><time>2024-06-08T18:19:13Z</time></trkpt>
<trkpt lat="45.375018" lon="-75.84302"><ele>24.0</ele><time>2024-06-08T18:19:14Z</time></trkpt>
<trkpt lat="45.375012" lon="-75.842984"><ele>24.0</ele><time>2024-06-08T18:19:15Z</time></trkpt>
<trkpt lat="45.375002" lon="-75.842948"><ele>24.0</ele><time>2024-06-08T18:19:16Z</time></trkpt>
<trkpt lat="45.374993" lon="-75.842912"><ele>24.0</ele><time>2024-06-08T18:19:17Z</time></trkpt>
<trkpt lat="45.374983" lon="-75.842867"><ele>24.0</ele><time>2024-06-08T18:19:18Z</time></trkpt>
<trkpt lat="45.374974" lon="-75.842831"><ele>24.0</ele><time>2024-06-08T18:19:19Z</time></trkpt>
<trkpt lat="45.37497" lon="-75.842796"><ele>24.0</ele><time>2024-06-08T18:19:20Z</time></trkpt>
<trkpt lat="45.374967" lon="-75.84276"><ele>24.0</ele><time>2024-06-08T18:19:21Z</time></trkpt>
<trkpt lat="45.374967" lon="-75.842724"><ele>24.0</ele><time>2024-06-08T18:19:22Z</time></trkpt>
<trkpt lat="45.374967" lon="-75.842688"><ele>24.0</ele><time>2024-06-08T18:19:23Z</time></trkpt>
<trkpt lat="45.374961" lon="-75.842652"><ele>24.0</ele><time>2024-06-08T18:19:24Z</time></trkpt>
<trkpt lat="45.374948" lon="-75.842607"><ele>24.0</ele><time>2024-06-08T18:19:25Z</time></trkpt>
<trkpt lat="45.374932" lon="-75.842571"><ele>24.0</ele><time>2024-06-08T18:19:26Z</time></trkpt>
<trkpt lat="45.374923" lon="-75.842535"><ele>24.0</ele><time>2024-06-08T18:19:27Z</time></trkpt>
<trkpt lat="45.37492" lon="-75.842508"><ele>24.0</ele><time>2024-06-08T18:19:28Z</time></trkpt>
<trkpt lat="45.374917" lon="-75.842472"><ele>24.0</ele><time>2024-06-08T18:19:29Z</time></trkpt>
<trkpt lat="45.37491" lon="-75.842436"><ele>24.0</ele><time>2024-06-08T18:19:30Z</time></trkpt>
<trkpt lat="45.374901" lon="-75.8424"><ele>24.0</ele><time>2024-06-08T18:19:31Z</time></trkpt>
<trkpt lat="45.374891" lon="-75.842355"><ele>24.0</ele><time>2024-06-08T18:19:32Z</time></trkpt>
<trkpt lat="45.374879" lon="-75.842319"><ele>23.0</ele><time>2024-06-08T18:19:33Z</time></trkpt>
<trkpt lat="45.374869" lon="-75.842284"><ele>23.0</ele><time>2024-06-08T18:19:34Z</time></trkpt>
<trkpt lat="45.374863" lon="-75.842248"><ele>23.0</ele><time>2024-06-08T18:19:35Z</time></trkpt>
<trkpt lat="45.37486" lon="-75.842212"><ele>23.0</ele><time>2024-06-08T18:19:36Z</time></trkpt>
<trkpt lat="45.374853" lon="-75.842176"><ele>23.0</ele><time>2024-06-08T18:19:37Z</time></trkpt>
<trkpt lat="45.374847" lon="-75.84214"><ele>23.0</ele><time>2024-06-08T18:19:38Z</time></trkpt>
<trkpt lat="45.374837" lon="-75.842104"><ele>23.0</ele><time>2024-06-08T18:19:39Z</time></trkpt>
<trkpt lat="45.374831" lon="-75.842068"><ele>23.0</ele><time>2024-06-08T18:19:40Z</time></trkpt>
<trkpt lat="45.374822" lon="-75.842023"><ele>23.0</ele><time>2024-06-08T18:19:41Z</time></trkpt>
<trkpt lat="45.374815" lon="-75.841987"><ele>23.0</ele><time>2024-06-08T18:19:42Z</time></trkpt>
<trkpt lat="45.374809" lon="-75.841942"><ele>23.0</ele><time>2024-06-08T18:19:43Z</time></trkpt>
<trkpt lat="45.374803" lon="-75.841906"><ele>23.0</ele><time>2024-06-08T18:19:44Z</time></trkpt>
<trkpt lat="45.374796" lon="-75.841861"><ele>23.0</ele><time>2024-06-08T18:19:45Z</time></trkpt>
<trkpt lat="45.37479" lon="-75.841825"><ele>23.0</ele><time>2024-06-08T18:19:46Z</time></trkpt>
<trkpt lat="45.374787" lon="-75.841789"><ele>24.0</ele><time>2024-06-08T18:19:47Z</time></trkpt>
<trkpt lat="45.374784" lon="-75.841754"><ele>24.0</ele><time>2024-06-08T18:19:48Z</time></trkpt>
<trkpt lat="45.37478" lon="-75.841718"><ele>24.0</ele><time>2024-06-08T18:19:49Z</time></trkpt>
<trkpt lat="45.374777" lon="-75.841691"><ele>24.0</ele><time>2024-06-08T18:19:50Z</time></trkpt>
<trkpt lat="45.374774" lon="-75.841646"><ele>24.0</ele><time>2024-06-08T18:19:51Z</time></trkpt>
<trkpt lat="45.374771" lon="-75.84161"><ele>24.0</ele><time>2024-06-08T18:19:52Z</time></trkpt>
<trkpt lat="45.374768" lon="-75.841574"><ele>23.0</ele><time>2024-06-08T18:19:53Z</time></trkpt>
<trkpt lat="45.374765" lon="-75.841547"><ele>24.0</ele><time>2024-06-08T18:19:54Z</time></trkpt>
<trkpt lat="45.374761" lon="-75.841511"><ele>24.0</ele><time>2024-06-08T18:19:55Z</time></trkpt>
<trkpt lat="45.374755" lon="-75.841466"><ele>24.0</ele><time>2024-06-08T18:19:56Z</time></trkpt>
<trkpt lat="45.374746" lon="-75.841439"><ele>24.0</ele><time>2024-06-08T18:19:57Z</time></trkpt>
<trkpt lat="45.374736" lon="-75.841403"><ele>24.0</ele><time>2024-06-08T18:19:58Z</time></trkpt>
<trkpt lat="45.37473" lon="-75.841367"><ele>24.0</ele><time>2024-06-08T18:19:59Z</time></trkpt>
<trkpt lat="45.37472" lon="-75.841331"><ele>25.0</ele><time>2024-06-08T18:20:00Z</time></trkpt>
<trkpt lat="45.374711" lon="-75.841295"><ele>25.0</ele><time>2024-06-08T18:20:01Z</time></trkpt>
<trkpt lat="45.374701" lon="-75.841268"><ele>25.0</ele><time>2024-06-08T18:20:02Z</time></trkpt>
<trkpt lat="45.374689" lon="-75.841233"><ele>24.0</ele><time>2024-06-08T18:20:03Z</time></trkpt>
<trkpt lat="45.374676" lon="-75.841206"><ele>24.0</ele><time>2024-06-08T18:20:04Z</time></trkpt>
<trkpt lat="45.374667" lon="-75.84117"><ele>24.0</ele><time>2024-06-08T18:20:05Z</time></trkpt>
<trkpt lat="45.374657" lon="-75.841134"><ele>25.0</ele><time>2024-06-08T18:20:06Z</time></trkpt>
<trkpt lat="45.374648" lon="-75.841098"><ele>25.0</ele><time>2024-06-08T18:20:07Z</time></trkpt>
<trkpt lat="45.374635" lon="-75.841062"><ele>25.0</ele><time>2024-06-08T18:20:08Z</time></trkpt>
<trkpt lat="45.374622" lon="-75.841026"><ele>24.0</ele><time>2024-06-08T18:20:09Z</time></trkpt>
<trkpt lat="45.374613" lon="-75.840999"><ele>24.0</ele><time>2024-06-08T18:20:10Z</time></trkpt>
<trkpt lat="45.374603" lon="-75.840963"><ele>24.0</ele><time>2024-06-08T18:20:11Z</time></trkpt>
<trkpt lat="45.374597" lon="-75.840918"><ele>25.0</ele><time>2024-06-08T18:20:12Z</time></trkpt>
<trkpt lat="45.374587" lon="-75.840882"><ele>25.0</ele><time>2024-06-08T18:20:13Z</time></trkpt>
<trkpt lat="45.374578" lon="-75.840846"><ele>25.0</ele><time>2024-06-08T18:20:14Z</time></trkpt>
<trkpt lat="45.374565" lon="-75.84081"><ele>25.0</ele><time>2024-06-08T18:20:15Z</time></trkpt>
<trkpt lat="45.374556" lon="-75.840783"><ele>25.0</ele><time>2024-06-08T18:20:16Z</time></trkpt>
<trkpt lat="45.374549" lon="-75.840747"><ele>25.0</ele><time>2024-06-08T18:20:17Z</time></trkpt>
<trkpt lat="45.374543" lon="-75.840712"><ele>25.0</ele><time>2024-06-08T18:20:18Z</time></trkpt>
<trkpt lat="45.374537" lon="-75.840667"><ele>25.0</ele><time>2024-06-08T18:20:19Z</time></trkpt>
<trkpt lat="45.37453" lon="-75.840631"><ele>25.0</ele><time>2024-06-08T18:20:20Z</time></trkpt>
<trkpt lat="45.374524" lon="-75.840595"><ele>25.0</ele><time>2024-06-08T18:20:21Z</time></trkpt>
<trkpt lat="45.374518" lon="-75.84055"><ele>25.0</ele><time>2024-06-08T18:20:22Z</time></trkpt>
<trkpt lat="45.374515" lon="-75.840514"><ele>25.0</ele><time>2024-06-08T18:20:23Z</time></trkpt>
<trkpt lat="45.374511" lon="-75.840478"><ele>25.0</ele><time>2024-06-08T18:20:24Z</time></trkpt>
<trkpt lat="45.374508" lon="-75.840442"><ele>25.0</ele><time>2024-06-08T18:20:25Z</time></trkpt>
<trkpt lat="45.374505" lon="-75.840406"><ele>25.0</ele><time>2024-06-08T18:20:26Z</time></trkpt>
<trkpt lat="45.374502" lon="-75.840379"><ele>25.0</ele><time>2024-06-08T18:20:27Z</time></trkpt>
<trkpt lat="45.374499" lon="-75.840334"><ele>25.0</ele><time>2024-06-08T18:20:28Z</time></trkpt>
<trkpt lat="45.374499" lon="-75.840298"><ele>25.0</ele><time>2024-06-08T18:20:29Z</time></trkpt>
<trkpt lat="45.374499" lon="-75.840262"><ele>25.0</ele><time>2024-06-08T18:20:30Z</time></trkpt>
<trkpt lat="45.374499" lon="-75.840226"><ele>25.0</ele><time>2024-06-08T18:20:31Z</time></trkpt>
<trkpt lat="45.374499" lon="-75.840191"><ele>25.0</ele><time>2024-06-08T18:20:32Z</time></trkpt>
<trkpt lat="45.374499" lon="-75.840146"><ele>25.0</ele><time>2024-06-08T18:20:33Z</time></trkpt>
<trkpt lat="45.374496" lon="-75.84011"><ele>25.0</ele><time>2024-06-08T18:20:34Z</time></trkpt>
<trkpt lat="45.374496" lon="-75.840074"><ele>25.0</ele><time>2024-06-08T18:20:35Z</time></trkpt>
<trkpt lat="45.374496" lon="-75.840038"><ele>25.0</ele><time>2024-06-08T18:20:36Z</time></trkpt>
<trkpt lat="45.374496" lon="-75.840002"><ele>25.0</ele><time>2024-06-08T18:20:37Z</time></trkpt>
<trkpt lat="45.374499" lon="-75.839966"><ele>25.0</ele><time>2024-06-08T18:20:38Z</time></trkpt>
<trkpt lat="45.374499" lon="-75.83993"><ele>25.0</ele><time>2024-06-08T18:20:39Z</time></trkpt>
<trkpt lat="45.374502" lon="-75.839894"><ele>25.0</ele><time>2024-06-08T18:20:40Z</time></trkpt>
<trkpt lat="45.374499" lon="-75.839867"><ele>25.0</ele><time>2024-06-08T18:20:41Z</time></trkpt>
<trkpt lat="45.374499" lon="-75.839831"><ele>25.0</ele><time>2024-06-08T18:20:42Z</time></trkpt>
<trkpt lat="45.374496" lon="-75.839786"><ele>25.0</ele><time>2024-06-08T18:20:43Z</time></trkpt>
<trkpt lat="45.374492" lon="-75.83975"><ele>26.0</ele><time>2024-06-08T18:20:44Z</time></trkpt>
<trkpt lat="45.374486" lon="-75.839714"><ele>25.0</ele><time>2024-06-08T18:20:45Z</time></trkpt>
<trkpt lat="45.374477" lon="-75.839687"><ele>26.0</ele><time>2024-06-08T18:20:46Z</time></trkpt>
<trkpt lat="45.374467" lon="-75.839661"><ele>25.0</ele><time>2024-06-08T18:20:47Z</time></trkpt>
<trkpt lat="45.374454" lon="-75.839625"><ele>26.0</ele><time>2024-06-08T18:20:48Z</time></trkpt>
<trkpt lat="45.374442" lon="-75.839598"><ele>25.0</ele><time>2024-06-08T18:20:49Z</time></trkpt>
<trkpt lat="45.374426" lon="-75.839562"><ele>25.0</ele><time>2024-06-08T18:20:50Z</time></trkpt>
<trkpt lat="45.37441" lon="-75.839526"><ele>26.0</ele><time>2024-06-08T18:20:51Z</time></trkpt>
<trkpt lat="45.374397" lon="-75.839481"><ele>25.0</ele><time>2024-06-08T18:20:52Z</time></trkpt>
<trkpt lat="45.374388" lon="-75.839445"><ele>25.0</ele><time>2024-06-08T18:20:53Z</time></trkpt>
<trkpt lat="45.374378" lon="-75.839418"><ele>26.0</ele><time>2024-06-08T18:20:54Z</time></trkpt>
<trkpt lat="45.374363" lon="-75.839391"><ele>25.0</ele><time>2024-06-08T18:20:55Z</time></trkpt>
<trkpt lat="45.37435" lon="-75.839355"><ele>25.0</ele><time>2024-06-08T18:20:56Z</time></trkpt>
<trkpt lat="45.374334" lon="-75.839319"><ele>25.0</ele><time>2024-06-08T18:20:57Z</time></trkpt>
<trkpt lat="45.374321" lon="-75.839283"><ele>24.0</ele><time>2024-06-08T18:20:58Z</time></trkpt>
<trkpt lat="45.374315" lon="-75.839247"><ele>25.0</ele><time>2024-06-08T18:20:59Z</time></trkpt>
<trkpt lat="45.374315" lon="-75.839247"><ele>25.0</ele><time>2024-06-08T18:21:00Z</time></trkpt>
<trkpt lat="45.374309" lon="-75.839211"><ele>24.0</ele><time>2024-06-08T18:21:00Z</time></trkpt>
<trkpt lat="45.374296" lon="-75.839166"><ele>24.0</ele><time>2024-06-08T18:21:01Z</time></trkpt>
<trkpt lat="45.374287" lon="-75.839122"><ele>24.0</ele><time>2024-06-08T18:21:02Z</time></trkpt>
<trkpt lat="45.374277" lon="-75.839095"><ele>24.0</ele><time>2024-06-08T18:21:03Z</time></trkpt>
<trkpt lat="45.374264" lon="-75.839059"><ele>24.0</ele><time>2024-06-08T18:21:04Z</time></trkpt>
<trkpt lat="45.374255" lon="-75.839032"><ele>23.0</ele><time>2024-06-08T18:21:05Z</time></trkpt>
<trkpt lat="45.374249" lon="-75.839005"><ele>23.0</ele><time>2024-06-08T18:21:06Z</time></trkpt>
<trkpt lat="45.374242" lon="-75.838978"><ele>23.0</ele><time>2024-06-08T18:21:07Z</time></trkpt>
<trkpt lat="45.374236" lon="-75.83896"><ele>23.0</ele><time>2024-06-08T18:21:08Z</time></trkpt>
<trkpt lat="45.374233" lon="-75.838933"><ele>23.0</ele><time>2024-06-08T18:21:09Z</time></trkpt>
<trkpt lat="45.374226" lon="-75.838897"><ele>22.0</ele><time>2024-06-08T18:21:10Z</time></trkpt>
<trkpt lat="45.374217" lon="-75.838852"><ele>23.0</ele><time>2024-06-08T18:21:11Z</time></trkpt>
<trkpt lat="45.374207" lon="-75.838816"><ele>22.0</ele><time>2024-06-08T18:21:12Z</time></trkpt>
<trkpt lat="45.374195" lon="-75.83878"><ele>23.0</ele><time>2024-06-08T18:21:13Z</time></trkpt>
<trkpt lat="45.374182" lon="-75.838753"><ele>23.0</ele><time>2024-06-08T18:21:14Z</time></trkpt>
<trkpt lat="45.37417" lon="-75.838726"><ele>23.0</ele><time>2024-06-08T18:21:15Z</time></trkpt>
<trkpt lat="45.37416" lon="-75.838699"><ele>23.0</ele><time>2024-06-08T18:21:16Z</time></trkpt>
<trkpt lat="45.374151" lon="-75.838663"><ele>23.0</ele><time>2024-06-08T18:21:17Z</time></trkpt>
<trkpt lat="45.374141" lon="-75.838628"><ele>22.0</ele><time>2024-06-08T18:21:18Z</time></trkpt>
<trkpt lat="45.374125" lon="-75.838592"><ele>22.0</ele><time>2024-06-08T18:21:19Z</time></trkpt>
<trkpt lat="45.374113" lon="-75.838565"><ele>21.0</ele><time>2024-06-08T18:21:20Z</time></trkpt>
<trkpt lat="45.374097" lon="-75.838538"><ele>22.0</ele><time>2024-06-08T18:21:21Z</time></trkpt>
<trkpt lat="45.374084" lon="-75.838502"><ele>22.0</ele><time>2024-06-08T18:21:22Z</time></trkpt>
<trkpt lat="45.374071" lon="-75.838475"><ele>22.0</ele><time>2024-06-08T18:21:23Z</time></trkpt>
<trkpt lat="45.374059" lon="-75.838448"><ele>22.0</ele><time>2024-06-08T18:21:24Z</time></trkpt>
<trkpt lat="45.374043" lon="-75.838421"><ele>22.0</ele><time>2024-06-08T18:21:25Z</time></trkpt>
<trkpt lat="45.374027" lon="-75.838385"><ele>22.0</ele><time>2024-06-08T18:21:26Z</time></trkpt>
<trkpt lat="45.374011" lon="-75.838358"><ele>22.0</ele><time>2024-06-08T18:21:27Z</time></trkpt>
<trkpt lat="45.373995" lon="-75.838322"><ele>22.0</ele><time>2024-06-08T18:21:28Z</time></trkpt>
<trkpt lat="45.37398" lon="-75.838286"><ele>22.0</ele><time>2024-06-08T18:21:29Z</time></trkpt>
<trkpt lat="45.37397" lon="-75.838259"><ele>22.0</ele><time>2024-06-08T18:21:30Z</time></trkpt>
<trkpt lat="45.373961" lon="-75.838223"><ele>23.0</ele><time>2024-06-08T18:21:31Z</time></trkpt>
<trkpt lat="45.373948" lon="-75.838187"><ele>23.0</ele><time>2024-06-08T18:21:32Z</time></trkpt>
<trkpt lat="45.373938" lon="-75.83816"><ele>22.0</ele><time>2024-06-08T18:21:33Z</time></trkpt>
<trkpt lat="45.373926" lon="-75.838124"><ele>22.0</ele><time>2024-06-08T18:21:34Z</time></trkpt>
<trkpt lat="45.37391" lon="-75.838098"><ele>22.0</ele><time>2024-06-08T18:21:35Z</time></trkpt>
<trkpt lat="45.3739" lon="-75.838062"><ele>22.0</ele><time>2024-06-08T18:21:36Z</time></trkpt>
<trkpt lat="45.373891" lon="-75.838035"><ele>23.0</ele><time>2024-06-08T18:21:37Z</time></trkpt>
<trkpt lat="45.373878" lon="-75.838008"><ele>23.0</ele><time>2024-06-08T18:21:38Z</time></trkpt>
<trkpt lat="45.373866" lon="-75.837963"><ele>23.0</ele><time>2024-06-08T18:21:39Z</time></trkpt>
<trkpt lat="45.373853" lon="-75.837927"><ele>23.0</ele><time>2024-06-08T18:21:40Z</time></trkpt>
<trkpt lat="45.373837" lon="-75.837891"><ele>23.0</ele><time>2024-06-08T18:21:41Z</time></trkpt>
<trkpt lat="45.373821" lon="-75.837855"><ele>23.0</ele><time>2024-06-08T18:21:42Z</time></trkpt>
<trkpt lat="45.373802" lon="-75.837828"><ele>23.0</ele><time>2024-06-08T18:21:43Z</time></trkpt>
<trkpt lat="45.37379" lon="-75.837792"><ele>23.0</ele><time>2024-06-08T18:21:44Z</time></trkpt>
<trkpt lat="45.373783" lon="-75.837756"><ele>23.0</ele><time>2024-06-08T18:21:45Z</time></trkpt>
<trkpt lat="45.373777" lon="-75.83772"><ele>23.0</ele><time>2024-06-08T18:21:46Z</time></trkpt>
<trkpt lat="45.373771" lon="-75.837684"><ele>23.0</ele><time>2024-06-08T18:21:47Z</time></trkpt>
<trkpt lat="45.373771" lon="-75.837648"><ele>23.0</ele><time>2024-06-08T18:21:48Z</time></trkpt>
<trkpt lat="45.373764" lon="-75.837612"><ele>23.0</ele><time>2024-06-08T18:21:49Z</time></trkpt>
<trkpt lat="45.373761" lon="-75.837577"><ele>23.0</ele><time>2024-06-08T18:21:50Z</time></trkpt>
<trkpt lat="45.373752" lon="-75.837541"><ele>23.0</ele><time>2024-06-08T18:21:51Z</time></trkpt>
<trkpt lat="45.373745" lon="-75.837496"><ele>23.0</ele><time>2024-06-08T18:21:52Z</time></trkpt>
<trkpt lat="45.373739" lon="-75.83746"><ele>23.0</ele><time>2024-06-08T18:21:53Z</time></trkpt>
<trkpt lat="45.373733" lon="-75.837424"><ele>23.0</ele><time>2024-06-08T18:21:54Z</time></trkpt>
<trkpt lat="45.373723" lon="-75.837388"><ele>23.0</ele><time>2024-06-08T18:21:55Z</time></trkpt>
<trkpt lat="45.373714" lon="-75.837361"><ele>23.0</ele><time>2024-06-08T18:21:56Z</time></trkpt>
<trkpt lat="45.373701" lon="-75.837325"><ele>23.0</ele><time>2024-06-08T18:21:57Z</time></trkpt>
<trkpt lat="45.373695" lon="-75.83728"><ele>23.0</ele><time>2024-06-08T18:21:58Z</time></trkpt>
<trkpt lat="45.373685" lon="-75.837244"><ele>23.0</ele><time>2024-06-08T18:21:59Z</time></trkpt>
<trkpt lat="45.373679" lon="-75.837208"><ele>23.0</ele><time>2024-06-08T18:22:00Z</time></trkpt>
<trkpt lat="45.373672" lon="-75.837181"><ele>23.0</ele><time>2024-06-08T18:22:01Z</time></trkpt>
<trkpt lat="45.373666" lon="-75.837145"><ele>23.0</ele><time>2024-06-08T18:22:02Z</time></trkpt>
<trkpt lat="45.373663" lon="-75.837109"><ele>24.0</ele><time>2024-06-08T18:22:03Z</time></trkpt>
<trkpt lat="45.373657" lon="-75.837074"><ele>24.0</ele><time>2024-06-08T18:22:04Z</time></trkpt>
<trkpt lat="45.37365" lon="-75.837038"><ele>24.0</ele><time>2024-06-08T18:22:05Z</time></trkpt>
<trkpt lat="45.373644" lon="-75.837002"><ele>24.0</ele><time>2024-06-08T18:22:06Z</time></trkpt>
<trkpt lat="45.373638" lon="-75.836966"><ele>24.0</ele><time>2024-06-08T18:22:07Z</time></trkpt>
<trkpt lat="45.373631" lon="-75.836939"><ele>24.0</ele><time>2024-06-08T18:22:08Z</time></trkpt>
<trkpt lat="45.373628" lon="-75.836903"><ele>24.0</ele><time>2024-06-08T18:22:09Z</time></trkpt>
<trkpt lat="45.373625" lon="-75.836867"><ele>24.0</ele><time>2024-06-08T18:22:10Z</time></trkpt>
<trkpt lat="45.373625" lon="-75.836831"><ele>24.0</ele><time>2024-06-08T18:22:11Z</time></trkpt>
<trkpt lat="45.373631" lon="-75.836795"><ele>24.0</ele><time>2024-06-08T18:22:12Z</time></trkpt>
<trkpt lat="45.373638" lon="-75.836768"><ele>24.0</ele><time>2024-06-08T18:22:13Z</time></trkpt>
<trkpt lat="45.373641" lon="-75.836732"><ele>24.0</ele><time>2024-06-08T18:22:14Z</time></trkpt>
<trkpt lat="45.373641" lon="-75.836696"><ele>24.0</ele><time>2024-06-08T18:22:15Z</time></trkpt>
<trkpt lat="45.373644" lon="-75.836651"><ele>24.0</ele><time>2024-06-08T18:22:16Z</time></trkpt>
<trkpt lat="45.37365" lon="-75.836615"><ele>24.0</ele><time>2024-06-08T18:22:17Z</time></trkpt>
<trkpt lat="45.373653" lon="-75.836579"><ele>24.0</ele><time>2024-06-08T18:22:18Z</time></trkpt>
<trkpt lat="45.373657" lon="-75.836535"><ele>24.0</ele><time>2024-06-08T18:22:19Z</time></trkpt>
<trkpt lat="45.373657" lon="-75.83649"><ele>24.0</ele><time>2024-06-08T18:22:20Z</time></trkpt>
<trkpt lat="45.373653" lon="-75.836454"><ele>24.0</ele><time>2024-06-08T18:22:21Z</time></trkpt>
<trkpt lat="45.373647" lon="-75.836409"><ele>24.0</ele><time>2024-06-08T18:22:22Z</time></trkpt>
<trkpt lat="45.373641" lon="-75.836373"><ele>24.0</ele><time>2024-06-08T18:22:23Z</time></trkpt>
<trkpt lat="45.373631" lon="-75.836346"><ele>24.0</ele><time>2024-06-08T18:22:24Z</time></trkpt>
<trkpt lat="45.373619" lon="-75.83631"><ele>24.0</ele><time>2024-06-08T18:22:25Z</time></trkpt>
<trkpt lat="45.373606" lon="-75.836283"><ele>24.0</ele><time>2024-06-08T18:22:26Z</time></trkpt>
<trkpt lat="45.37359" lon="-75.836247"><ele>24.0</ele><time>2024-06-08T18:22:27Z</time></trkpt>
<trkpt lat="45.373574" lon="-75.836211"><ele>24.0</ele><time>2024-06-08T18:22:28Z</time></trkpt>
<trkpt lat="45.373559" lon="-75.836184"><ele>24.0</ele><time>2024-06-08T18:22:29Z</time></trkpt>
<trkpt lat="45.37354" lon="-75.836157"><ele>24.0</ele><time>2024-06-08T18:22:30Z</time></trkpt>
<trkpt lat="45.373514" lon="-75.836139"><ele>24.0</ele><time>2024-06-08T18:22:31Z</time></trkpt>
<trkpt lat="45.373492" lon="-75.83613"><ele>24.0</ele><time>2024-06-08T18:22:32Z</time></trkpt>
<trkpt lat="45.373467" lon="-75.83613"><ele>24.0</ele><time>2024-06-08T18:22:33Z</time></trkpt>
<trkpt lat="45.373441" lon="-75.83613"><ele>24.0</ele><time>2024-06-08T18:22:34Z</time></trkpt>
<trkpt lat="45.373416" lon="-75.836139"><ele>24.0</ele><time>2024-06-08T18:22:35Z</time></trkpt>
<trkpt lat="45.373394" lon="-75.836139"><ele>24.0</ele><time>2024-06-08T18:22:36Z</time></trkpt>
<trkpt lat="45.373372" lon="-75.836157"><ele>24.0</ele><time>2024-06-08T18:22:37Z</time></trkpt>
<trkpt lat="45.373353" lon="-75.836166"><ele>24.0</ele><time>2024-06-08T18:22:38Z</time></trkpt>
<trkpt lat="45.373337" lon="-75.836184"><ele>24.0</ele><time>2024-06-08T18:22:39Z</time></trkpt>
<trkpt lat="45.373324" lon="-75.836202"><ele>24.0</ele><time>2024-06-08T18:22:40Z</time></trkpt>
<trkpt lat="45.373312" lon="-75.83622"><ele>24.0</ele><time>2024-06-08T18:22:41Z</time></trkpt>
<trkpt lat="45.373302" lon="-75.836247"><ele>24.0</ele><time>2024-06-08T18:22:42Z</time></trkpt>
<trkpt lat="45.373296" lon="-75.836274"><ele>24.0</ele><time>2024-06-08T18:22:43Z</time></trkpt>
<trkpt lat="45.373289" lon="-75.836292"><ele>23.0</ele><time>2024-06-08T18:22:44Z</time></trkpt>
<trkpt lat="45.37328" lon="-75.83631"><ele>24.0</ele><time>2024-06-08T18:22:45Z</time></trkpt>
<trkpt lat="45.373267" lon="-75.836337"><ele>23.0</ele><time>2024-06-08T18:22:46Z</time></trkpt>
<trkpt lat="45.373258" lon="-75.836355"><ele>23.0</ele><time>2024-06-08T18:22:47Z</time></trkpt>
<trkpt lat="45.373245" lon="-75.836373"><ele>24.0</ele><time>2024-06-08T18:22:48Z</time></trkpt>
<trkpt lat="45.373229" lon="-75.836382"><ele>23.0</ele><time>2024-06-08T18:22:49Z</time></trkpt>
<trkpt lat="45.37321" lon="-75.836382"><ele>23.0</ele><time>2024-06-08T18:22:50Z</time></trkpt>
<trkpt lat="45.373191" lon="-75.836391"><ele>23.0</ele><time>2024-06-08T18:22:51Z</time></trkpt>
<trkpt lat="45.373169" lon="-75.836391"><ele>22.0</ele><time>2024-06-08T18:22:52Z</time></trkpt>
<trkpt lat="45.373144" lon="-75.836355"><ele>22.0</ele><time>2024-06-08T18:22:53Z</time></trkpt>
<trkpt lat="45.373125" lon="-75.83631"><ele>22.0</ele><time>2024-06-08T18:22:54Z</time></trkpt>
<trkpt lat="45.373109" lon="-75.836265"><ele>22.0</ele><time>2024-06-08T18:22:55Z</time></trkpt>
<trkpt lat="45.373093" lon="-75.83622"><ele>22.0</ele><time>2024-06-08T18:22:56Z</time></trkpt>
<trkpt lat="45.373081" lon="-75.836175"><ele>22.0</ele><time>2024-06-08T18:22:57Z</time></trkpt>
<trkpt lat="45.373065" lon="-75.83613"><ele>22.0</ele><time>2024-06-08T18:22:58Z</time></trkpt>
<trkpt lat="45.373049" lon="-75.836094"><ele>22.0</ele><time>2024-06-08T18:22:59Z</time></trkpt>
<trkpt lat="45.373039" lon="-75.836058"><ele>22.0</ele><time>2024-06-08T18:23:00Z</time></trkpt>
<trkpt lat="45.37303" lon="-75.836014"><ele>22.0</ele><time>2024-06-08T18:23:01Z</time></trkpt>
<trkpt lat="45.373017" lon="-75.835978"><ele>22.0</ele><time>2024-06-08T18:23:02Z</time></trkpt>
<trkpt lat="45.373005" lon="-75.835933"><ele>22.0</ele><time>2024-06-08T18:23:03Z</time></trkpt>
<trkpt lat="45.372995" lon="-75.835897"><ele>23.0</ele><time>2024-06-08T18:23:04Z</time></trkpt>
<trkpt lat="45.372982" lon="-75.835861"><ele>23.0</ele><time>2024-06-08T18:23:05Z</time></trkpt>
<trkpt lat="45.37297" lon="-75.835816"><ele>23.0</ele><time>2024-06-08T18:23:06Z</time></trkpt>
<trkpt lat="45.372954" lon="-75.83578"><ele>23.0</ele><time>2024-06-08T18:23:07Z</time></trkpt>
<trkpt lat="45.372944" lon="-75.835735"><ele>23.0</ele><time>2024-06-08T18:23:08Z</time></trkpt>
<trkpt lat="45.372932" lon="-75.835699"><ele>23.0</ele><time>2024-06-08T18:23:09Z</time></trkpt>
<trkpt lat="45.372922" lon="-75.835654"><ele>23.0</ele><time>2024-06-08T18:23:10Z</time></trkpt>
<trkpt lat="45.37291" lon="-75.835618"><ele>23.0</ele><time>2024-06-08T18:23:11Z</time></trkpt>
<trkpt lat="45.3729" lon="-75.835582"><ele>23.0</ele><time>2024-06-08T18:23:12Z</time></trkpt>
<trkpt lat="45.372891" lon="-75.835546"><ele>23.0</ele><time>2024-06-08T18:23:13Z</time></trkpt>
<trkpt lat="45.372878" lon="-75.83551"><ele>23.0</ele><time>2024-06-08T18:23:14Z</time></trkpt>
<trkpt lat="45.372865" lon="-75.835466"><ele>23.0</ele><time>2024-06-08T18:23:15Z</time></trkpt>
<trkpt lat="45.372856" lon="-75.83543"><ele>23.0</ele><time>2024-06-08T18:23:16Z</time></trkpt>
<trkpt lat="45.372846" lon="-75.835394"><ele>23.0</ele><time>2024-06-08T18:23:17Z</time></trkpt>
<trkpt lat="45.372837" lon="-75.835358"><ele>23.0</ele><time>2024-06-08T18:23:18Z</time></trkpt>
<trkpt lat="45.372827" lon="-75.835313"><ele>23.0</ele><time>2024-06-08T18:23:19Z</time></trkpt>
<trkpt lat="45.372818" lon="-75.835277"><ele>23.0</ele><time>2024-06-08T18:23:20Z</time></trkpt>
<trkpt lat="45.372805" lon="-75.835232"><ele>22.0</ele><time>2024-06-08T18:23:21Z</time></trkpt>
<trkpt lat="45.372796" lon="-75.835196"><ele>22.0</ele><time>2024-06-08T18:23:22Z</time></trkpt>
<trkpt lat="45.372786" lon="-75.83516"><ele>22.0</ele><time>2024-06-08T18:23:23Z</time></trkpt>
<trkpt lat="45.372777" lon="-75.835115"><ele>23.0</ele><time>2024-06-08T18:23:24Z</time></trkpt>
<trkpt lat="45.372767" lon="-75.835079"><ele>23.0</ele><time>2024-06-08T18:23:25Z</time></trkpt>
<trkpt lat="45.372758" lon="-75.835043"><ele>23.0</ele><time>2024-06-08T18:23:26Z</time></trkpt>
<trkpt lat="45.372754" lon="-75.834998"><ele>23.0</ele><time>2024-06-08T18:23:27Z</time></trkpt>
<trkpt lat="45.372748" lon="-75.834963"><ele>23.0</ele><time>2024-06-08T18:23:28Z</time></trkpt>
<trkpt lat="45.372742" lon="-75.834927"><ele>22.0</ele><time>2024-06-08T18:23:29Z</time></trkpt>
<trkpt lat="45.372739" lon="-75.834882"><ele>23.0</ele><time>2024-06-08T18:23:30Z</time></trkpt>
<trkpt lat="45.372739" lon="-75.834846"><ele>23.0</ele><time>2024-06-08T18:23:31Z</time></trkpt>
<trkpt lat="45.372739" lon="-75.834801"><ele>23.0</ele><time>2024-06-08T18:23:32Z</time></trkpt>
<trkpt lat="45.372735" lon="-75.834765"><ele>23.0</ele><time>2024-06-08T18:23:33Z</time></trkpt>
<trkpt lat="45.372729" lon="-75.834729"><ele>23.0</ele><time>2024-06-08T18:23:34Z</time></trkpt>
<trkpt lat="45.37272" lon="-75.834702"><ele>23.0</ele><time>2024-06-08T18:23:35Z</time></trkpt>
<trkpt lat="45.37271" lon="-75.834666"><ele>23.0</ele><time>2024-06-08T18:23:36Z</time></trkpt>
<trkpt lat="45.372701" lon="-75.83463"><ele>23.0</ele><time>2024-06-08T18:23:37Z</time></trkpt>
<trkpt lat="45.372694" lon="-75.834585"><ele>23.0</ele><time>2024-06-08T18:23:38Z</time></trkpt>
<trkpt lat="45.372682" lon="-75.834549"><ele>23.0</ele><time>2024-06-08T18:23:39Z</time></trkpt>
<trkpt lat="45.372672" lon="-75.834504"><ele>23.0</ele><time>2024-06-08T18:23:40Z</time></trkpt>
<trkpt lat="45.372666" lon="-75.834468"><ele>23.0</ele><time>2024-06-08T18:23:41Z</time></trkpt>
<trkpt lat="45.372656" lon="-75.834424"><ele>23.0</ele><time>2024-06-08T18:23:42Z</time></trkpt>
<trkpt lat="45.372644" lon="-75.834388"><ele>23.0</ele><time>2024-06-08T18:23:43Z</time></trkpt>
<trkpt lat="45.372631" lon="-75.834343"><ele>23.0</ele><time>2024-06-08T18:23:44Z</time></trkpt>
<trkpt lat="45.372621" lon="-75.834307"><ele>23.0</ele><time>2024-06-08T18:23:45Z</time></trkpt>
<trkpt lat="45.372612" lon="-75.834271"><ele>24.0</ele><time>2024-06-08T18:23:46Z</time></trkpt>
<trkpt lat="45.372602" lon="-75.834235"><ele>24.0</ele><time>2024-06-08T18:23:47Z</time></trkpt>
<trkpt lat="45.372593" lon="-75.834199"><ele>24.0</ele><time>2024-06-08T18:23:48Z</time></trkpt>
<trkpt lat="45.372577" lon="-75.834163"><ele>24.0</ele><time>2024-06-08T18:23:49Z</time></trkpt>
<trkpt lat="45.372564" lon="-75.834118"><ele>24.0</ele><time>2024-06-08T18:23:50Z</time></trkpt>
<trkpt lat="45.372549" lon="-75.834082"><ele>24.0</ele><time>2024-06-08T18:23:51Z</time></trkpt>
<trkpt lat="45.372533" lon="-75.834046"><ele>24.0</ele><time>2024-06-08T18:23:52Z</time></trkpt>
<trkpt lat="45.372514" lon="-75.83401"><ele>24.0</ele><time>2024-06-08T18:23:53Z</time></trkpt>
<trkpt lat="45.372498" lon="-75.833965"><ele>24.0</ele><time>2024-06-08T18:23:54Z</time></trkpt>
<trkpt lat="45.372479" lon="-75.83393"><ele>24.0</ele><time>2024-06-08T18:23:55Z</time></trkpt>
<trkpt lat="45.37246" lon="-75.833894"><ele>24.0</ele><time>2024-06-08T18:23:56Z</time></trkpt>
<trkpt lat="45.372438" lon="-75.833867"><ele>24.0</ele><time>2024-06-08T18:23:57Z</time></trkpt>
<trkpt lat="45.372419" lon="-75.833831"><ele>24.0</ele><time>2024-06-08T18:23:58Z</time></trkpt>
<trkpt lat="45.372403" lon="-75.833804"><ele>24.0</ele><time>2024-06-08T18:23:59Z</time></trkpt>
<trkpt lat="45.37239" lon="-75.833768"><ele>24.0</ele><time>2024-06-08T18:24:00Z</time></trkpt>
<trkpt lat="45.372375" lon="-75.833732"><ele>24.0</ele><time>2024-06-08T18:24:01Z</time></trkpt>
<trkpt lat="45.372356" lon="-75.833696"><ele>25.0</ele><time>2024-06-08T18:24:02Z</time></trkpt>
<trkpt lat="45.37234" lon="-75.833669"><ele>24.0</ele><time>2024-06-08T18:24:03Z</time></trkpt>
<trkpt lat="45.372321" lon="-75.833633"><ele>24.0</ele><time>2024-06-08T18:24:04Z</time></trkpt>
<trkpt lat="45.372302" lon="-75.833606"><ele>24.0</ele><time>2024-06-08T18:24:05Z</time></trkpt>
<trkpt lat="45.372289" lon="-75.83357"><ele>24.0</ele><time>2024-06-08T18:24:06Z</time></trkpt>
<trkpt lat="45.372273" lon="-75.833543"><ele>24.0</ele><time>2024-06-08T18:24:07Z</time></trkpt>
<trkpt lat="45.372257" lon="-75.833507"><ele>25.0</ele><time>2024-06-08T18:24:08Z</time></trkpt>
<trkpt lat="45.372235" lon="-75.833471"><ele>25.0</ele><time>2024-06-08T18:24:09Z</time></trkpt>
<trkpt lat="45.372213" lon="-75.833435"><ele>25.0</ele><time>2024-06-08T18:24:10Z</time></trkpt>
<trkpt lat="45.372191" lon="-75.833409"><ele>25.0</ele><time>2024-06-08T18:24:11Z</time></trkpt>
<trkpt lat="45.372172" lon="-75.833382"><ele>25.0</ele><time>2024-06-08T18:24:12Z</time></trkpt>
<trkpt lat="45.372156" lon="-75.833346"><ele>25.0</ele><time>2024-06-08T18:24:13Z</time></trkpt>
<trkpt lat="45.372137" lon="-75.83331"><ele>25.0</ele><time>2024-06-08T18:24:14Z</time></trkpt>
<trkpt lat="45.372118" lon="-75.833274"><ele>25.0</ele><time>2024-06-08T18:24:15Z</time></trkpt>
<trkpt lat="45.372099" lon="-75.833247"><ele>25.0</ele><time>2024-06-08T18:24:16Z</time></trkpt>
<trkpt lat="45.372083" lon="-75.833211"><ele>25.0</ele><time>2024-06-08T18:24:17Z</time></trkpt>
<trkpt lat="45.372071" lon="-75.833175"><ele>25.0</ele><time>2024-06-08T18:24:18Z</time></trkpt>
<trkpt lat="45.372055" lon="-75.833139"><ele>25.0</ele><time>2024-06-08T18:24:19Z</time></trkpt>
<trkpt lat="45.372036" lon="-75.833103"><ele>24.0</ele><time>2024-06-08T18:24:20Z</time></trkpt>
<trkpt lat="45.37202" lon="-75.833067"><ele>24.0</ele><time>2024-06-08T18:24:21Z</time></trkpt>
<trkpt lat="45.372004" lon="-75.833031"><ele>25.0</ele><time>2024-06-08T18:24:22Z</time></trkpt>
<trkpt lat="45.371988" lon="-75.832995"><ele>25.0</ele><time>2024-06-08T18:24:23Z</time></trkpt>
<trkpt lat="45.371976" lon="-75.83295"><ele>25.0</ele><time>2024-06-08T18:24:24Z</time></trkpt>
<trkpt lat="45.371963" lon="-75.832914"><ele>25.0</ele><time>2024-06-08T18:24:25Z</time></trkpt>
<trkpt lat="45.37195" lon="-75.83287"><ele>25.0</ele><time>2024-06-08T18:24:26Z</time></trkpt>
<trkpt lat="45.371941" lon="-75.832843"><ele>25.0</ele><time>2024-06-08T18:24:27Z</time></trkpt>
<trkpt lat="45.371931" lon="-75.832807"><ele>25.0</ele><time>2024-06-08T18:24:28Z</time></trkpt>
<trkpt lat="45.371922" lon="-75.832771"><ele>25.0</ele><time>2024-06-08T18:24:29Z</time></trkpt>
<trkpt lat="45.371909" lon="-75.832744"><ele>25.0</ele><time>2024-06-08T18:24:30Z</time></trkpt>
<trkpt lat="45.371897" lon="-75.832717"><ele>25.0</ele><time>2024-06-08T18:24:31Z</time></trkpt>
<trkpt lat="45.371884" lon="-75.832681"><ele>25.0</ele><time>2024-06-08T18:24:32Z</time></trkpt>
<trkpt lat="45.371874" lon="-75.832645"><ele>25.0</ele><time>2024-06-08T18:24:33Z</time></trkpt>
<trkpt lat="45.371865" lon="-75.832609"><ele>25.0</ele><time>2024-06-08T18:24:34Z</time></trkpt>
<trkpt lat="45.371855" lon="-75.832573"><ele>25.0</ele><time>2024-06-08T18:24:35Z</time></trkpt>
<trkpt lat="45.371846" lon="-75.832537"><ele>25.0</ele><time>2024-06-08T18:24:36Z</time></trkpt>
<trkpt lat="45.371836" lon="-75.832492"><ele>25.0</ele><time>2024-06-08T18:24:37Z</time></trkpt>
<trkpt lat="45.371824" lon="-75.832447"><ele>25.0</ele><time>2024-06-08T18:24:38Z</time></trkpt>
<trkpt lat="45.371814" lon="-75.832411"><ele>25.0</ele><time>2024-06-08T18:24:39Z</time></trkpt>
<trkpt lat="45.371805" lon="-75.832384"><ele>25.0</ele><time>2024-06-08T18:24:40Z</time></trkpt>
<trkpt lat="45.371798" lon="-75.832349"><ele>25.0</ele><time>2024-06-08T18:24:41Z</time></trkpt>
<trkpt lat="45.371789" lon="-75.832322"><ele>25.0</ele><time>2024-06-08T18:24:42Z</time></trkpt>
<trkpt lat="45.371776" lon="-75.832286"><ele>25.0</ele><time>2024-06-08T18:24:43Z</time></trkpt>
<trkpt lat="45.37176" lon="-75.83225"><ele>25.0</ele><time>2024-06-08T18:24:44Z</time></trkpt>
<trkpt lat="45.371745" lon="-75.832205"><ele>26.0</ele><time>2024-06-08T18:24:45Z</time></trkpt>
<trkpt lat="45.371732" lon="-75.832169"><ele>26.0</ele><time>2024-06-08T18:24:46Z</time></trkpt>
<trkpt lat="45.371722" lon="-75.832124"><ele>26.0</ele><time>2024-06-08T18:24:47Z</time></trkpt>
<trkpt lat="45.371713" lon="-75.832088"><ele>25.0</ele><time>2024-06-08T18:24:48Z</time></trkpt>
<trkpt lat="45.3717" lon="-75.832052"><ele>26.0</ele><time>2024-06-08T18:24:49Z</time></trkpt>
<trkpt lat="45.371688" lon="-75.831998"><ele>26.0</ele><time>2024-06-08T18:24:50Z</time></trkpt>
<trkpt lat="45.371678" lon="-75.831962"><ele>25.0</ele><time>2024-06-08T18:24:51Z</time></trkpt>
<trkpt lat="45.371669" lon="-75.831926"><ele>26.0</ele><time>2024-06-08T18:24:52Z</time></trkpt>
<trkpt lat="45.371656" lon="-75.83189"><ele>26.0</ele><time>2024-06-08T18:24:53Z</time></trkpt>
<trkpt lat="45.371646" lon="-75.831854"><ele>25.0</ele><time>2024-06-08T18:24:54Z</time></trkpt>
<trkpt lat="45.371634" lon="-75.831819"><ele>25.0</ele><time>2024-06-08T18:24:55Z</time></trkpt>
<trkpt lat="45.371621" lon="-75.831783"><ele>25.0</ele><time>2024-06-08T18:24:56Z</time></trkpt>
<trkpt lat="45.371605" lon="-75.831747"><ele>25.0</ele><time>2024-06-08T18:24:57Z</time></trkpt>
<trkpt lat="45.371593" lon="-75.831711"><ele>26.0</ele><time>2024-06-08T18:24:58Z</time></trkpt>
<trkpt lat="45.37158" lon="-75.831675"><ele>26.0</ele><time>2024-06-08T18:24:59Z</time></trkpt>
<trkpt lat="45.371564" lon="-75.831648"><ele>26.0</ele><time>2024-06-08T18:25:00Z</time></trkpt>
<trkpt lat="45.371551" lon="-75.831612"><ele>26.0</ele><time>2024-06-08T18:25:01Z</time></trkpt>
<trkpt lat="45.371539" lon="-75.831576"><ele>26.0</ele><time>2024-06-08T18:25:02Z</time></trkpt>
<trkpt lat="45.371526" lon="-75.83154"><ele>26.0</ele><time>2024-06-08T18:25:03Z</time></trkpt>
<trkpt lat="45.371517" lon="-75.831504"><ele>26.0</ele><time>2024-06-08T18:25:04Z</time></trkpt>
<trkpt lat="45.371504" lon="-75.831468"><ele>26.0</ele><time>2024-06-08T18:25:05Z</time></trkpt>
<trkpt lat="45.371494" lon="-75.831423"><ele>26.0</ele><time>2024-06-08T18:25:06Z</time></trkpt>
<trkpt lat="45.371488" lon="-75.831387"><ele>26.0</ele><time>2024-06-08T18:25:07Z</time></trkpt>
<trkpt lat="45.371479" lon="-75.831351"><ele>26.0</ele><time>2024-06-08T18:25:08Z</time></trkpt>
<trkpt lat="45.371472" lon="-75.831316"><ele>26.0</ele><time>2024-06-08T18:25:09Z</time></trkpt>
<trkpt lat="45.371463" lon="-75.83128"><ele>26.0</ele><time>2024-06-08T18:25:10Z</time></trkpt>
<trkpt lat="45.371456" lon="-75.831244"><ele>27.0</ele><time>2024-06-08T18:25:11Z</time></trkpt>
<trkpt lat="45.371453" lon="-75.831217"><ele>27.0</ele><time>2024-06-08T18:25:12Z</time></trkpt>
<trkpt lat="45.371447" lon="-75.831181"><ele>27.0</ele><time>2024-06-08T18:25:13Z</time></trkpt>
<trkpt lat="45.371441" lon="-75.831145"><ele>27.0</ele><time>2024-06-08T18:25:14Z</time></trkpt>
<trkpt lat="45.371434" lon="-75.831109"><ele>27.0</ele><time>2024-06-08T18:25:15Z</time></trkpt>
<trkpt lat="45.371425" lon="-75.831073"><ele>27.0</ele><time>2024-06-08T18:25:16Z</time></trkpt>
<trkpt lat="45.371422" lon="-75.831037"><ele>27.0</ele><time>2024-06-08T18:25:17Z</time></trkpt>
<trkpt lat="45.371422" lon="-75.831001"><ele>27.0</ele><time>2024-06-08T18:25:18Z</time></trkpt>
<trkpt lat="45.371422" lon="-75.830965"><ele>27.0</ele><time>2024-06-08T18:25:19Z</time></trkpt>
<trkpt lat="45.371422" lon="-75.830929"><ele>27.0</ele><time>2024-06-08T18:25:20Z</time></trkpt>
<trkpt lat="45.371422" lon="-75.830902"><ele>27.0</ele><time>2024-06-08T18:25:21Z</time></trkpt>
<trkpt lat="45.371422" lon="-75.830866"><ele>27.0</ele><time>2024-06-08T18:25:22Z</time></trkpt>
<trkpt lat="45.371418" lon="-75.83083"><ele>27.0</ele><time>2024-06-08T18:25:23Z</time></trkpt>
<trkpt lat="45.371418" lon="-75.830795"><ele>27.0</ele><time>2024-06-08T18:25:24Z</time></trkpt>
<trkpt lat="45.371415" lon="-75.830759"><ele>27.0</ele><time>2024-06-08T18:25:25Z</time></trkpt>
<trkpt lat="45.371412" lon="-75.830723"><ele>27.0</ele><time>2024-06-08T18:25:26Z</time></trkpt>
<trkpt lat="45.371409" lon="-75.830687"><ele>27.0</ele><time>2024-06-08T18:25:27Z</time></trkpt>
<trkpt lat="45.371406" lon="-75.83066"><ele>27.0</ele><time>2024-06-08T18:25:28Z</time></trkpt>
<trkpt lat="45.371406" lon="-75.830624"><ele>27.0</ele><time>2024-06-08T18:25:29Z</time></trkpt>
<trkpt lat="45.371406" lon="-75.830588"><ele>27.0</ele><time>2024-06-08T18:25:30Z</time></trkpt>
<trkpt lat="45.371403" lon="-75.830561"><ele>27.0</ele><time>2024-06-08T18:25:31Z</time></trkpt>
<trkpt lat="45.371403" lon="-75.830525"><ele>27.0</ele><time>2024-06-08T18:25:32Z</time></trkpt>
<trkpt lat="45.371403" lon="-75.830498"><ele>27.0</ele><time>2024-06-08T18:25:33Z</time></trkpt>
<trkpt lat="45.371403" lon="-75.830462"><ele>27.0</ele><time>2024-06-08T18:25:34Z</time></trkpt>
<trkpt lat="45.371403" lon="-75.830426"><ele>27.0</ele><time>2024-06-08T18:25:35Z</time></trkpt>
<trkpt lat="45.371403" lon="-75.830399"><ele>28.0</ele><time>2024-06-08T18:25:36Z</time></trkpt>
<trkpt lat="45.371399" lon="-75.830381"><ele>27.0</ele><time>2024-06-08T18:25:37Z</time></trkpt>
<trkpt lat="45.371396" lon="-75.830354"><ele>27.0</ele><time>2024-06-08T18:25:38Z</time></trkpt>
<trkpt lat="45.371396" lon="-75.830327"><ele>27.0</ele><time>2024-06-08T18:25:39Z</time></trkpt>
<trkpt lat="45.371396" lon="-75.830309"><ele>26.0</ele><time>2024-06-08T18:25:40Z</time></trkpt>
<trkpt lat="45.371403" lon="-75.830274"><ele>26.0</ele><time>2024-06-08T18:25:41Z</time></trkpt>
<trkpt lat="45.371406" lon="-75.830256"><ele>26.0</ele><time>2024-06-08T18:25:42Z</time></trkpt>
<trkpt lat="45.371412" lon="-75.83022"><ele>25.0</ele><time>2024-06-08T18:25:43Z</time></trkpt>
<trkpt lat="45.371415" lon="-75.830184"><ele>25.0</ele><time>2024-06-08T18:25:44Z</time></trkpt>
<trkpt lat="45.371422" lon="-75.830148"><ele>25.0</ele><time>2024-06-08T18:25:45Z</time></trkpt>
<trkpt lat="45.371431" lon="-75.830112"><ele>25.0</ele><time>2024-06-08T18:25:46Z</time></trkpt>
<trkpt lat="45.371441" lon="-75.830094"><ele>25.0</ele><time>2024-06-08T18:25:47Z</time></trkpt>
<trkpt lat="45.371441" lon="-75.830085"><ele>25.0</ele><time>2024-06-08T18:25:48Z</time></trkpt>
<trkpt lat="45.371437" lon="-75.83004"><ele>26.0</ele><time>2024-06-08T18:25:49Z</time></trkpt>
<trkpt lat="45.371431" lon="-75.830004"><ele>26.0</ele><time>2024-06-08T18:25:50Z</time></trkpt>
<trkpt lat="45.371425" lon="-75.829968"><ele>27.0</ele><time>2024-06-08T18:25:51Z</time></trkpt>
<trkpt lat="45.371422" lon="-75.829941"><ele>27.0</ele><time>2024-06-08T18:25:52Z</time></trkpt>
<trkpt lat="45.371415" lon="-75.829914"><ele>27.0</ele><time>2024-06-08T18:25:53Z</time></trkpt>
<trkpt lat="45.371412" lon="-75.829887"><ele>25.0</ele><time>2024-06-08T18:25:54Z</time></trkpt>
<trkpt lat="45.371409" lon="-75.82986"><ele>25.0</ele><time>2024-06-08T18:25:55Z</time></trkpt>
<trkpt lat="45.371399" lon="-75.829833"><ele>25.0</ele><time>2024-06-08T18:25:56Z</time></trkpt>
<trkpt lat="45.371387" lon="-75.829806"><ele>24.0</ele><time>2024-06-08T18:25:57Z</time></trkpt>
<trkpt lat="45.371377" lon="-75.829779"><ele>24.0</ele><time>2024-06-08T18:25:58Z</time></trkpt>
<trkpt lat="45.371371" lon="-75.829744"><ele>24.0</ele><time>2024-06-08T18:25:59Z</time></trkpt>
<trkpt lat="45.371362" lon="-75.829708"><ele>24.0</ele><time>2024-06-08T18:26:00Z</time></trkpt>
<trkpt lat="45.371346" lon="-75.829663"><ele>24.0</ele><time>2024-06-08T18:26:01Z</time></trkpt>
<trkpt lat="45.371327" lon="-75.829636"><ele>24.0</ele><time>2024-06-08T18:26:02Z</time></trkpt>
<trkpt lat="45.371308" lon="-75.829609"><ele>24.0</ele><time>2024-06-08T18:26:03Z</time></trkpt>
<trkpt lat="45.371289" lon="-75.829591"><ele>25.0</ele><time>2024-06-08T18:26:04Z</time></trkpt>
<trkpt lat="45.37127" lon="-75.829564"><ele>25.0</ele><time>2024-06-08T18:26:05Z</time></trkpt>
<trkpt lat="45.371251" lon="-75.829546"><ele>25.0</ele><time>2024-06-08T18:26:06Z</time></trkpt>
<trkpt lat="45.371225" lon="-75.829519"><ele>25.0</ele><time>2024-06-08T18:26:07Z</time></trkpt>
<trkpt lat="45.3712" lon="-75.829492"><ele>25.0</ele><time>2024-06-08T18:26:08Z</time></trkpt>
<trkpt lat="45.371172" lon="-75.829474"><ele>25.0</ele><time>2024-06-08T18:26:09Z</time></trkpt>
<trkpt lat="45.371143" lon="-75.829474"><ele>25.0</ele><time>2024-06-08T18:26:10Z</time></trkpt>
<trkpt lat="45.371118" lon="-75.829465"><ele>26.0</ele><time>2024-06-08T18:26:11Z</time></trkpt>
<trkpt lat="45.371092" lon="-75.829456"><ele>25.0</ele><time>2024-06-08T18:26:12Z</time></trkpt>
<trkpt lat="45.371073" lon="-75.829438"><ele>25.0</ele><time>2024-06-08T18:26:13Z</time></trkpt>
<trkpt lat="45.371048" lon="-75.82942"><ele>26.0</ele><time>2024-06-08T18:26:14Z</time></trkpt>
<trkpt lat="45.37102" lon="-75.829402"><ele>25.0</ele><time>2024-06-08T18:26:15Z</time></trkpt>
<trkpt lat="45.370991" lon="-75.829393"><ele>25.0</ele><time>2024-06-08T18:26:16Z</time></trkpt>
<trkpt lat="45.370966" lon="-75.829402"><ele>25.0</ele><time>2024-06-08T18:26:17Z</time></trkpt>
<trkpt lat="45.370937" lon="-75.829402"><ele>25.0</ele><time>2024-06-08T18:26:18Z</time></trkpt>
<trkpt lat="45.370909" lon="-75.829411"><ele>25.0</ele><time>2024-06-08T18:26:19Z</time></trkpt>
<trkpt lat="45.37088" lon="-75.829411"><ele>25.0</ele><time>2024-06-08T18:26:20Z</time></trkpt>
<trkpt lat="45.370852" lon="-75.829411"><ele>24.0</ele><time>2024-06-08T18:26:21Z</time></trkpt>
<trkpt lat="45.370826" lon="-75.829402"><ele>25.0</ele><time>2024-06-08T18:26:22Z</time></trkpt>
<trkpt lat="45.370801" lon="-75.829393"><ele>24.0</ele><time>2024-06-08T18:26:23Z</time></trkpt>
<trkpt lat="45.370773" lon="-75.829384"><ele>24.0</ele><time>2024-06-08T18:26:24Z</time></trkpt>
<trkpt lat="45.370747" lon="-75.829375"><ele>24.0</ele><time>2024-06-08T18:26:25Z</time></trkpt>
<trkpt lat="45.370722" lon="-75.829366"><ele>24.0</ele><time>2024-06-08T18:26:26Z</time></trkpt>
<trkpt lat="45.3707" lon="-75.829348"><ele>24.0</ele><time>2024-06-08T18:26:27Z</time></trkpt>
<trkpt lat="45.370678" lon="-75.829339"><ele>24.0</ele><time>2024-06-08T18:26:28Z</time></trkpt>
<trkpt lat="45.370652" lon="-75.829339"><ele>24.0</ele><time>2024-06-08T18:26:29Z</time></trkpt>
<trkpt lat="45.37063" lon="-75.829348"><ele>24.0</ele><time>2024-06-08T18:26:30Z</time></trkpt>
<trkpt lat="45.370611" lon="-75.829366"><ele>23.0</ele><time>2024-06-08T18:26:31Z</time></trkpt>
<trkpt lat="45.370595" lon="-75.829375"><ele>24.0</ele><time>2024-06-08T18:26:32Z</time></trkpt>
<trkpt lat="45.37058" lon="-75.829402"><ele>23.0</ele><time>2024-06-08T18:26:33Z</time></trkpt>
<trkpt lat="45.37057" lon="-75.82942"><ele>24.0</ele><time>2024-06-08T18:26:34Z</time></trkpt>
<trkpt lat="45.370564" lon="-75.829447"><ele>23.0</ele><time>2024-06-08T18:26:35Z</time></trkpt>
<trkpt lat="45.370561" lon="-75.829474"><ele>23.0</ele><time>2024-06-08T18:26:36Z</time></trkpt>
<trkpt lat="45.370554" lon="-75.829501"><ele>24.0</ele><time>2024-06-08T18:26:37Z</time></trkpt>
<trkpt lat="45.370545" lon="-75.829519"><ele>23.0</ele><time>2024-06-08T18:26:38Z</time></trkpt>
<trkpt lat="45.370538" lon="-75.829546"><ele>24.0</ele><time>2024-06-08T18:26:39Z</time></trkpt>
<trkpt lat="45.370532" lon="-75.829564"><ele>24.0</ele><time>2024-06-08T18:26:40Z</time></trkpt>
<trkpt lat="45.370526" lon="-75.829582"><ele>24.0</ele><time>2024-06-08T18:26:41Z</time></trkpt>
<trkpt lat="45.370519" lon="-75.829609"><ele>24.0</ele><time>2024-06-08T18:26:42Z</time></trkpt>
<trkpt lat="45.370513" lon="-75.829627"><ele>24.0</ele><time>2024-06-08T18:26:43Z</time></trkpt>
<trkpt lat="45.370507" lon="-75.829654"><ele>24.0</ele><time>2024-06-08T18:26:44Z</time></trkpt>
<trkpt lat="45.3705" lon="-75.829672"><ele>24.0</ele><time>2024-06-08T18:26:45Z</time></trkpt>
<trkpt lat="45.370491" lon="-75.82969"><ele>24.0</ele><time>2024-06-08T18:26:46Z</time></trkpt>
<trkpt lat="45.370481" lon="-75.829717"><ele>24.0</ele><time>2024-06-08T18:26:47Z</time></trkpt>
<trkpt lat="45.370475" lon="-75.829744"><ele>24.0</ele><time>2024-06-08T18:26:48Z</time></trkpt>
<trkpt lat="45.370466" lon="-75.829762"><ele>25.0</ele><time>2024-06-08T18:26:49Z</time></trkpt>
<trkpt lat="45.370456" lon="-75.829779"><ele>24.0</ele><time>2024-06-08T18:26:50Z</time></trkpt>
<trkpt lat="45.370447" lon="-75.829806"><ele>24.0</ele><time>2024-06-08T18:26:51Z</time></trkpt>
<trkpt lat="45.370437" lon="-75.829824"><ele>24.0</ele><time>2024-06-08T18:26:52Z</time></trkpt>
<trkpt lat="45.370431" lon="-75.829842"><ele>24.0</ele><time>2024-06-08T18:26:53Z</time></trkpt>
<trkpt lat="45.370421" lon="-75.829869"><ele>24.0</ele><time>2024-06-08T18:26:54Z</time></trkpt>
<trkpt lat="45.370412" lon="-75.829887"><ele>24.0</ele><time>2024-06-08T18:26:55Z</time></trkpt>
<trkpt lat="45.370405" lon="-75.829905"><ele>24.0</ele><time>2024-06-08T18:26:56Z</time></trkpt>
<trkpt lat="45.370396" lon="-75.829923"><ele>24.0</ele><time>2024-06-08T18:26:57Z</time></trkpt>
<trkpt lat="45.370383" lon="-75.829941"><ele>24.0</ele><time>2024-06-08T18:26:58Z</time></trkpt>
<trkpt lat="45.370374" lon="-75.829959"><ele>24.0</ele><time>2024-06-08T18:26:59Z</time></trkpt>
<trkpt lat="45.370361" lon="-75.829977"><ele>24.0</ele><time>2024-06-08T18:27:00Z</time></trkpt>
<trkpt lat="45.370348" lon="-75.829986"><ele>24.0</ele><time>2024-06-08T18:27:01Z</time></trkpt>
<trkpt lat="45.370336" lon="-75.830004"><ele>24.0</ele><time>2024-06-08T18:27:02Z</time></trkpt>
<trkpt lat="45.370323" lon="-75.830013"><ele>24.0</ele><time>2024-06-08T18:27:03Z</time></trkpt>
<trkpt lat="45.370307" lon="-75.830031"><ele>24.0</ele><time>2024-06-08T18:27:04Z</time></trkpt>
<trkpt lat="45.370295" lon="-75.83004"><ele>24.0</ele><time>2024-06-08T18:27:05Z</time></trkpt>
<trkpt lat="45.370279" lon="-75.830049"><ele>25.0</ele><time>2024-06-08T18:27:06Z</time></trkpt>
<trkpt lat="45.370266" lon="-75.830058"><ele>25.0</ele><time>2024-06-08T18:27:07Z</time></trkpt>
<trkpt lat="45.37025" lon="-75.830067"><ele>25.0</ele><time>2024-06-08T18:27:08Z</time></trkpt>
<trkpt lat="45.370231" lon="-75.830067"><ele>25.0</ele><time>2024-06-08T18:27:09Z</time></trkpt>
<trkpt lat="45.370215" lon="-75.830067"><ele>25.0</ele><time>2024-06-08T18:27:10Z</time></trkpt>
<trkpt lat="45.370196" lon="-75.830067"><ele>25.0</ele><time>2024-06-08T18:27:11Z</time></trkpt>
<trkpt lat="45.370177" lon="-75.830067"><ele>25.0</ele><time>2024-06-08T18:27:12Z</time></trkpt>
<trkpt lat="45.370158" lon="-75.830067"><ele>25.0</ele><time>2024-06-08T18:27:13Z</time></trkpt>
<trkpt lat="45.370143" lon="-75.830058"><ele>25.0</ele><time>2024-06-08T18:27:14Z</time></trkpt>
<trkpt lat="45.370124" lon="-75.83004"><ele>25.0</ele><time>2024-06-08T18:27:15Z</time></trkpt>
<trkpt lat="45.370105" lon="-75.830031"><ele>25.0</ele><time>2024-06-08T18:27:16Z</time></trkpt>
<trkpt lat="45.370086" lon="-75.830013"><ele>25.0</ele><time>2024-06-08T18:27:17Z</time></trkpt>
<trkpt lat="45.37007" lon="-75.829995"><ele>25.0</ele><time>2024-06-08T18:27:18Z</time></trkpt>
<trkpt lat="45.370054" lon="-75.829977"><ele>25.0</ele><time>2024-06-08T18:27:19Z</time></trkpt>
<trkpt lat="45.370038" lon="-75.82995"><ele>25.0</ele><time>2024-06-08T18:27:20Z</time></trkpt>
<trkpt lat="45.370019" lon="-75.829932"><ele>25.0</ele><time>2024-06-08T18:27:21Z</time></trkpt>
<trkpt lat="45.370007" lon="-75.829905"><ele>25.0</ele><time>2024-06-08T18:27:22Z</time></trkpt>
<trkpt lat="45.369991" lon="-75.829878"><ele>25.0</ele><time>2024-06-08T18:27:23Z</time></trkpt>
<trkpt lat="45.369975" lon="-75.829851"><ele>25.0</ele><time>2024-06-08T18:27:24Z</time></trkpt>
<trkpt lat="45.369962" lon="-75.829824"><ele>25.0</ele><time>2024-06-08T18:27:25Z</time></trkpt>
<trkpt lat="45.36995" lon="-75.829797"><ele>25.0</ele><time>2024-06-08T18:27:26Z</time></trkpt>
<trkpt lat="45.36994" lon="-75.829762"><ele>25.0</ele><time>2024-06-08T18:27:27Z</time></trkpt>
<trkpt lat="45.369927" lon="-75.829735"><ele>25.0</ele><time>2024-06-08T18:27:28Z</time></trkpt>
<trkpt lat="45.369912" lon="-75.829699"><ele>25.0</ele><time>2024-06-08T18:27:29Z</time></trkpt>
<trkpt lat="45.369899" lon="-75.829672"><ele>25.0</ele><time>2024-06-08T18:27:30Z</time></trkpt>
<trkpt lat="45.369896" lon="-75.829636"><ele>25.0</ele><time>2024-06-08T18:27:31Z</time></trkpt>
<trkpt lat="45.369889" lon="-75.829609"><ele>25.0</ele><time>2024-06-08T18:27:32Z</time></trkpt>
<trkpt lat="45.369877" lon="-75.829564"><ele>26.0</ele><time>2024-06-08T18:27:33Z</time></trkpt>
<trkpt lat="45.369864" lon="-75.829528"><ele>25.0</ele><time>2024-06-08T18:27:34Z</time></trkpt>
<trkpt lat="45.369858" lon="-75.829501"><ele>25.0</ele><time>2024-06-08T18:27:35Z</time></trkpt>
<trkpt lat="45.369848" lon="-75.829465"><ele>26.0</ele><time>2024-06-08T18:27:36Z</time></trkpt>
<trkpt lat="45.369842" lon="-75.82942"><ele>25.0</ele><time>2024-06-08T18:27:37Z</time></trkpt>
<trkpt lat="45.369836" lon="-75.829384"><ele>26.0</ele><time>2024-06-08T18:27:38Z</time></trkpt>
<trkpt lat="45.369829" lon="-75.829348"><ele>25.0</ele><time>2024-06-08T18:27:39Z</time></trkpt>
<trkpt lat="45.369823" lon="-75.829321"><ele>25.0</ele><time>2024-06-08T18:27:40Z</time></trkpt>
<trkpt lat="45.36982" lon="-75.829294"><ele>25.0</ele><time>2024-06-08T18:27:41Z</time></trkpt>
<trkpt lat="45.36982" lon="-75.829258"><ele>25.0</ele><time>2024-06-08T18:27:42Z</time></trkpt>
<trkpt lat="45.36982" lon="-75.829232"><ele>25.0</ele><time>2024-06-08T18:27:43Z</time></trkpt>
<trkpt lat="45.36982" lon="-75.829196"><ele>24.0</ele><time>2024-06-08T18:27:44Z</time></trkpt>
<trkpt lat="45.369823" lon="-75.829169"><ele>24.0</ele><time>2024-06-08T18:27:45Z</time></trkpt>
<trkpt lat="45.369826" lon="-75.829142"><ele>23.0</ele><time>2024-06-08T18:27:46Z</time></trkpt>
<trkpt lat="45.369832" lon="-75.829106"><ele>23.0</ele><time>2024-06-08T18:27:47Z</time></trkpt>
<trkpt lat="45.369839" lon="-75.82907"><ele>24.0</ele><time>2024-06-08T18:27:48Z</time></trkpt>
<trkpt lat="45.369845" lon="-75.829034"><ele>24.0</ele><time>2024-06-08T18:27:49Z</time></trkpt>
<trkpt lat="45.369858" lon="-75.828998"><ele>23.0</ele><time>2024-06-08T18:27:50Z</time></trkpt>
<trkpt lat="45.369858" lon="-75.828989"><ele>23.0</ele><time>2024-06-08T18:27:51Z</time></trkpt>
<trkpt lat="45.369845" lon="-75.828953"><ele>24.0</ele><time>2024-06-08T18:27:52Z</time></trkpt>
<trkpt lat="45.369832" lon="-75.828917"><ele>23.0</ele><time>2024-06-08T18:27:53Z</time></trkpt>
<trkpt lat="45.369817" lon="-75.82889"><ele>24.0</ele><time>2024-06-08T18:27:54Z</time></trkpt>
<trkpt lat="45.369804" lon="-75.828863"><ele>23.0</ele><time>2024-06-08T18:27:55Z</time></trkpt>
<trkpt lat="45.369794" lon="-75.828827"><ele>23.0</ele><time>2024-06-08T18:27:56Z</time></trkpt>
<trkpt lat="45.369782" lon="-75.828773"><ele>23.0</ele><time>2024-06-08T18:27:57Z</time></trkpt>
<trkpt lat="45.36976" lon="-75.828755"><ele>24.0</ele><time>2024-06-08T18:27:58Z</time></trkpt>
<trkpt lat="45.369741" lon="-75.828746"><ele>24.0</ele><time>2024-06-08T18:27:59Z</time></trkpt>
<trkpt lat="45.369709" lon="-75.828737"><ele>23.0</ele><time>2024-06-08T18:28:00Z</time></trkpt>
<trkpt lat="45.36968" lon="-75.828728"><ele>24.0</ele><time>2024-06-08T18:28:01Z</time></trkpt>
<trkpt lat="45.369652" lon="-75.828711"><ele>22.0</ele><time>2024-06-08T18:28:02Z</time></trkpt>
<trkpt lat="45.369627" lon="-75.828693"><ele>23.0</ele><time>2024-06-08T18:28:03Z</time></trkpt>
<trkpt lat="45.369598" lon="-75.828675"><ele>23.0</ele><time>2024-06-08T18:28:04Z</time></trkpt>
<trkpt lat="45.36957" lon="-75.828666"><ele>23.0</ele><time>2024-06-08T18:28:05Z</time></trkpt>
<trkpt lat="45.369544" lon="-75.828657"><ele>23.0</ele><time>2024-06-08T18:28:06Z</time></trkpt>
<trkpt lat="45.369519" lon="-75.828648"><ele>23.0</ele><time>2024-06-08T18:28:07Z</time></trkpt>
<trkpt lat="45.369497" lon="-75.82863"><ele>23.0</ele><time>2024-06-08T18:28:08Z</time></trkpt>
<trkpt lat="45.369471" lon="-75.828621"><ele>24.0</ele><time>2024-06-08T18:28:09Z</time></trkpt>
<trkpt lat="45.369443" lon="-75.828612"><ele>23.0</ele><time>2024-06-08T18:28:10Z</time></trkpt>
<trkpt lat="45.369418" lon="-75.828603"><ele>23.0</ele><time>2024-06-08T18:28:11Z</time></trkpt>
<trkpt lat="45.369392" lon="-75.828594"><ele>23.0</ele><time>2024-06-08T18:28:12Z</time></trkpt>
<trkpt lat="45.36937" lon="-75.828585"><ele>24.0</ele><time>2024-06-08T18:28:13Z</time></trkpt>
<trkpt lat="45.369345" lon="-75.828576"><ele>23.0</ele><time>2024-06-08T18:28:14Z</time></trkpt>
<trkpt lat="45.36932" lon="-75.828567"><ele>23.0</ele><time>2024-06-08T18:28:15Z</time></trkpt>
<trkpt lat="45.369294" lon="-75.828558"><ele>23.0</ele><time>2024-06-08T18:28:16Z</time></trkpt>
<trkpt lat="45.369269" lon="-75.828549"><ele>23.0</ele><time>2024-06-08T18:28:17Z</time></trkpt>
<trkpt lat="45.369244" lon="-75.828549"><ele>24.0</ele><time>2024-06-08T18:28:18Z</time></trkpt>
<trkpt lat="45.369218" lon="-75.82854"><ele>23.0</ele><time>2024-06-08T18:28:19Z</time></trkpt>
<trkpt lat="45.369193" lon="-75.82854"><ele>24.0</ele><time>2024-06-08T18:28:20Z</time></trkpt>
<trkpt lat="45.369168" lon="-75.828531"><ele>23.0</ele><time>2024-06-08T18:28:21Z</time></trkpt>
<trkpt lat="45.369142" lon="-75.828522"><ele>23.0</ele><time>2024-06-08T18:28:22Z</time></trkpt>
<trkpt lat="45.369117" lon="-75.828513"><ele>24.0</ele><time>2024-06-08T18:28:23Z</time></trkpt>
<trkpt lat="45.369092" lon="-75.828504"><ele>23.0</ele><time>2024-06-08T18:28:24Z</time></trkpt>
<trkpt lat="45.369069" lon="-75.828486"><ele>24.0</ele><time>2024-06-08T18:28:25Z</time></trkpt>
<trkpt lat="45.369044" lon="-75.828468"><ele>23.0</ele><time>2024-06-08T18:28:26Z</time></trkpt>
<trkpt lat="45.369019" lon="-75.82845"><ele>23.0</ele><time>2024-06-08T18:28:27Z</time></trkpt>
<trkpt lat="45.368997" lon="-75.828441"><ele>23.0</ele><time>2024-06-08T18:28:28Z</time></trkpt>
<trkpt lat="45.368971" lon="-75.828423"><ele>23.0</ele><time>2024-06-08T18:28:29Z</time></trkpt>
<trkpt lat="45.368949" lon="-75.828414"><ele>23.0</ele><time>2024-06-08T18:28:30Z</time></trkpt>
<trkpt lat="45.368924" lon="-75.828396"><ele>23.0</ele><time>2024-06-08T18:28:31Z</time></trkpt>
<trkpt lat="45.368898" lon="-75.828378"><ele>24.0</ele><time>2024-06-08T18:28:32Z</time></trkpt>
<trkpt lat="45.36887" lon="-75.828369"><ele>24.0</ele><time>2024-06-08T18:28:33Z</time></trkpt>
<trkpt lat="45.368845" lon="-75.82836"><ele>24.0</ele><time>2024-06-08T18:28:34Z</time></trkpt>
<trkpt lat="45.368822" lon="-75.828351"><ele>24.0</ele><time>2024-06-08T18:28:35Z</time></trkpt>
<trkpt lat="45.368797" lon="-75.828333"><ele>23.0</ele><time>2024-06-08T18:28:36Z</time></trkpt>
<trkpt lat="45.368775" lon="-75.828324"><ele>24.0</ele><time>2024-06-08T18:28:37Z</time></trkpt>
<trkpt lat="45.36875" lon="-75.828315"><ele>24.0</ele><time>2024-06-08T18:28:38Z</time></trkpt>
<trkpt lat="45.368724" lon="-75.828306"><ele>24.0</ele><time>2024-06-08T18:28:39Z</time></trkpt>
<trkpt lat="45.368699" lon="-75.828288"><ele>24.0</ele><time>2024-06-08T18:28:40Z</time></trkpt>
<trkpt lat="45.368674" lon="-75.828279"><ele>24.0</ele><time>2024-06-08T18:28:41Z</time></trkpt>
<trkpt lat="45.368652" lon="-75.828261"><ele>24.0</ele><time>2024-06-08T18:28:42Z</time></trkpt>
<trkpt lat="45.368626" lon="-75.828252"><ele>25.0</ele><time>2024-06-08T18:28:43Z</time></trkpt>
<trkpt lat="45.368598" lon="-75.828243"><ele>25.0</ele><time>2024-06-08T18:28:44Z</time></trkpt>
<trkpt lat="45.368576" lon="-75.828225"><ele>25.0</ele><time>2024-06-08T18:28:45Z</time></trkpt>
<trkpt lat="45.36855" lon="-75.828207"><ele>25.0</ele><time>2024-06-08T18:28:46Z</time></trkpt>
<trkpt lat="45.368525" lon="-75.82819"><ele>25.0</ele><time>2024-06-08T18:28:47Z</time></trkpt>
<trkpt lat="45.368503" lon="-75.828172"><ele>25.0</ele><time>2024-06-08T18:28:48Z</time></trkpt>
<trkpt lat="45.368484" lon="-75.828145"><ele>25.0</ele><time>2024-06-08T18:28:49Z</time></trkpt>
<trkpt lat="45.368462" lon="-75.828127"><ele>25.0</ele><time>2024-06-08T18:28:50Z</time></trkpt>
<trkpt lat="45.368436" lon="-75.8281"><ele>25.0</ele><time>2024-06-08T18:28:51Z</time></trkpt>
<trkpt lat="45.368417" lon="-75.828082"><ele>25.0</ele><time>2024-06-08T18:28:52Z</time></trkpt>
<trkpt lat="45.368398" lon="-75.828055"><ele>25.0</ele><time>2024-06-08T18:28:53Z</time></trkpt>
<trkpt lat="45.368382" lon="-75.828028"><ele>25.0</ele><time>2024-06-08T18:28:54Z</time></trkpt>
<trkpt lat="45.368363" lon="-75.827992"><ele>25.0</ele><time>2024-06-08T18:28:55Z</time></trkpt>
<trkpt lat="45.368341" lon="-75.827965"><ele>25.0</ele><time>2024-06-08T18:28:56Z</time></trkpt>
<trkpt lat="45.368319" lon="-75.827938"><ele>25.0</ele><time>2024-06-08T18:28:57Z</time></trkpt>
<trkpt lat="45.368303" lon="-75.827902"><ele>25.0</ele><time>2024-06-08T18:28:58Z</time></trkpt>
<trkpt lat="45.368291" lon="-75.827875"><ele>25.0</ele><time>2024-06-08T18:28:59Z</time></trkpt>
<trkpt lat="45.368281" lon="-75.827839"><ele>25.0</ele><time>2024-06-08T18:29:00Z</time></trkpt>
<trkpt lat="45.368268" lon="-75.827803"><ele>24.0</ele><time>2024-06-08T18:29:01Z</time></trkpt>
<trkpt lat="45.368256" lon="-75.827776"><ele>24.0</ele><time>2024-06-08T18:29:02Z</time></trkpt>
<trkpt lat="45.36824" lon="-75.82774"><ele>24.0</ele><time>2024-06-08T18:29:03Z</time></trkpt>
<trkpt lat="45.368221" lon="-75.827713"><ele>24.0</ele><time>2024-06-08T18:29:04Z</time></trkpt>
<trkpt lat="45.368199" lon="-75.827686"><ele>24.0</ele><time>2024-06-08T18:29:05Z</time></trkpt>
<trkpt lat="45.368173" lon="-75.82766"><ele>24.0</ele><time>2024-06-08T18:29:06Z</time></trkpt>
<trkpt lat="45.368148" lon="-75.827642"><ele>24.0</ele><time>2024-06-08T18:29:07Z</time></trkpt>
<trkpt lat="45.368123" lon="-75.827624"><ele>24.0</ele><time>2024-06-08T18:29:08Z</time></trkpt>
<trkpt lat="45.368097" lon="-75.827606"><ele>24.0</ele><time>2024-06-08T18:29:09Z</time></trkpt>
<trkpt lat="45.368072" lon="-75.827597"><ele>24.0</ele><time>2024-06-08T18:29:10Z</time></trkpt>
<trkpt lat="45.368047" lon="-75.827579"><ele>24.0</ele><time>2024-06-08T18:29:11Z</time></trkpt>
<trkpt lat="45.368021" lon="-75.827561"><ele>24.0</ele><time>2024-06-08T18:29:12Z</time></trkpt>
<trkpt lat="45.367993" lon="-75.827543"><ele>24.0</ele><time>2024-06-08T18:29:13Z</time></trkpt>
<trkpt lat="45.367965" lon="-75.827534"><ele>24.0</ele><time>2024-06-08T18:29:14Z</time></trkpt>
<trkpt lat="45.367936" lon="-75.827516"><ele>24.0</ele><time>2024-06-08T18:29:15Z</time></trkpt>
<trkpt lat="45.367908" lon="-75.827507"><ele>24.0</ele><time>2024-06-08T18:29:16Z</time></trkpt>
<trkpt lat="45.367882" lon="-75.827498"><ele>24.0</ele><time>2024-06-08T18:29:17Z</time></trkpt>
<trkpt lat="45.367857" lon="-75.827489"><ele>24.0</ele><time>2024-06-08T18:29:18Z</time></trkpt>
<trkpt lat="45.367832" lon="-75.827471"><ele>24.0</ele><time>2024-06-08T18:29:19Z</time></trkpt>
<trkpt lat="45.367803" lon="-75.827453"><ele>24.0</ele><time>2024-06-08T18:29:20Z</time></trkpt>
<trkpt lat="45.367775" lon="-75.827444"><ele>24.0</ele><time>2024-06-08T18:29:21Z</time></trkpt>
<trkpt lat="45.367749" lon="-75.827435"><ele>24.0</ele><time>2024-06-08T18:29:22Z</time></trkpt>
<trkpt lat="45.367721" lon="-75.827426"><ele>24.0</ele><time>2024-06-08T18:29:23Z</time></trkpt>
<trkpt lat="45.367695" lon="-75.827408"><ele>24.0</ele><time>2024-06-08T18:29:24Z</time></trkpt>
<trkpt lat="45.36767" lon="-75.827399"><ele>24.0</ele><time>2024-06-08T18:29:25Z</time></trkpt>
<trkpt lat="45.367642" lon="-75.82739"><ele>24.0</ele><time>2024-06-08T18:29:26Z</time></trkpt>
<trkpt lat="45.367613" lon="-75.827381"><ele>24.0</ele><time>2024-06-08T18:29:27Z</time></trkpt>
<trkpt lat="45.367585" lon="-75.827372"><ele>24.0</ele><time>2024-06-08T18:29:28Z</time></trkpt>
<trkpt lat="45.367556" lon="-75.827363"><ele>24.0</ele><time>2024-06-08T18:29:29Z</time></trkpt>
<trkpt lat="45.367528" lon="-75.827354"><ele>24.0</ele><time>2024-06-08T18:29:30Z</time></trkpt>
<trkpt lat="45.367496" lon="-75.827354"><ele>24.0</ele><time>2024-06-08T18:29:31Z</time></trkpt>
<trkpt lat="45.367467" lon="-75.827336"><ele>24.0</ele><time>2024-06-08T18:29:32Z</time></trkpt>
<trkpt lat="45.367442" lon="-75.827318"><ele>24.0</ele><time>2024-06-08T18:29:33Z</time></trkpt>
<trkpt lat="45.367414" lon="-75.8273"><ele>24.0</ele><time>2024-06-08T18:29:34Z</time></trkpt>
<trkpt lat="45.367391" lon="-75.827282"><ele>24.0</ele><time>2024-06-08T18:29:35Z</time></trkpt>
<trkpt lat="45.367366" lon="-75.827255"><ele>24.0</ele><time>2024-06-08T18:29:36Z</time></trkpt>
<trkpt lat="45.367341" lon="-75.827237"><ele>24.0</ele><time>2024-06-08T18:29:37Z</time></trkpt>
<trkpt lat="45.367312" lon="-75.827219"><ele>24.0</ele><time>2024-06-08T18:29:38Z</time></trkpt>
<trkpt lat="45.36729" lon="-75.827201"><ele>24.0</ele><time>2024-06-08T18:29:39Z</time></trkpt>
<trkpt lat="45.367268" lon="-75.827183"><ele>24.0</ele><time>2024-06-08T18:29:40Z</time></trkpt>
<trkpt lat="45.367239" lon="-75.827165"><ele>24.0</ele><time>2024-06-08T18:29:41Z</time></trkpt>
<trkpt lat="45.367211" lon="-75.827156"><ele>23.0</ele><time>2024-06-08T18:29:42Z</time></trkpt>
<trkpt lat="45.367186" lon="-75.827139"><ele>24.0</ele><time>2024-06-08T18:29:43Z</time></trkpt>
<trkpt lat="45.36716" lon="-75.82713"><ele>24.0</ele><time>2024-06-08T18:29:44Z</time></trkpt>
<trkpt lat="45.367135" lon="-75.827121"><ele>24.0</ele><time>2024-06-08T18:29:45Z</time></trkpt>
<trkpt lat="45.367113" lon="-75.827103"><ele>25.0</ele><time>2024-06-08T18:29:46Z</time></trkpt>
<trkpt lat="45.367088" lon="-75.827076"><ele>25.0</ele><time>2024-06-08T18:29:47Z</time></trkpt>
<trkpt lat="45.367065" lon="-75.827049"><ele>25.0</ele><time>2024-06-08T18:29:48Z</time></trkpt>
<trkpt lat="45.367046" lon="-75.827031"><ele>25.0</ele><time>2024-06-08T18:29:49Z</time></trkpt>
<trkpt lat="45.367027" lon="-75.827004"><ele>25.0</ele><time>2024-06-08T18:29:50Z</time></trkpt>
<trkpt lat="45.367008" lon="-75.826977"><ele>25.0</ele><time>2024-06-08T18:29:51Z</time></trkpt>
<trkpt lat="45.366989" lon="-75.82695"><ele>25.0</ele><time>2024-06-08T18:29:52Z</time></trkpt>
<trkpt lat="45.36697" lon="-75.826914"><ele>25.0</ele><time>2024-06-08T18:29:53Z</time></trkpt>
<trkpt lat="45.366948" lon="-75.826887"><ele>25.0</ele><time>2024-06-08T18:29:54Z</time></trkpt>
<trkpt lat="45.366929" lon="-75.82686"><ele>25.0</ele><time>2024-06-08T18:29:55Z</time></trkpt>
<trkpt lat="45.366907" lon="-75.826824"><ele>25.0</ele><time>2024-06-08T18:29:56Z</time></trkpt>
<trkpt lat="45.366885" lon="-75.826797"><ele>25.0</ele><time>2024-06-08T18:29:57Z</time></trkpt>
<trkpt lat="45.366863" lon="-75.82677"><ele>25.0</ele><time>2024-06-08T18:29:58Z</time></trkpt>
<trkpt lat="45.366844" lon="-75.826743"><ele>25.0</ele><time>2024-06-08T18:29:59Z</time></trkpt>
<trkpt lat="45.366825" lon="-75.826716"><ele>25.0</ele><time>2024-06-08T18:30:00Z</time></trkpt>
<trkpt lat="45.366806" lon="-75.826689"><ele>25.0</ele><time>2024-06-08T18:30:01Z</time></trkpt>
<trkpt lat="45.366787" lon="-75.826653"><ele>25.0</ele><time>2024-06-08T18:30:02Z</time></trkpt>
<trkpt lat="45.366768" lon="-75.826627"><ele>25.0</ele><time>2024-06-08T18:30:03Z</time></trkpt>
<trkpt lat="45.366746" lon="-75.826591"><ele>25.0</ele><time>2024-06-08T18:30:04Z</time></trkpt>
<trkpt lat="45.36672" lon="-75.826564"><ele>25.0</ele><time>2024-06-08T18:30:05Z</time></trkpt>
<trkpt lat="45.366695" lon="-75.826537"><ele>25.0</ele><time>2024-06-08T18:30:06Z</time></trkpt>
<trkpt lat="45.36667" lon="-75.82651"><ele>24.0</ele><time>2024-06-08T18:30:07Z</time></trkpt>
<trkpt lat="45.366647" lon="-75.826492"><ele>24.0</ele><time>2024-06-08T18:30:08Z</time></trkpt>
<trkpt lat="45.366628" lon="-75.826465"><ele>24.0</ele><time>2024-06-08T18:30:09Z</time></trkpt>
<trkpt lat="45.366609" lon="-75.826438"><ele>24.0</ele><time>2024-06-08T18:30:10Z</time></trkpt>
<trkpt lat="45.36659" lon="-75.826411"><ele>24.0</ele><time>2024-06-08T18:30:11Z</time></trkpt>
<trkpt lat="45.366568" lon="-75.826384"><ele>24.0</ele><time>2024-06-08T18:30:12Z</time></trkpt>
<trkpt lat="45.366546" lon="-75.826357"><ele>24.0</ele><time>2024-06-08T18:30:13Z</time></trkpt>
<trkpt lat="45.366524" lon="-75.82633"><ele>24.0</ele><time>2024-06-08T18:30:14Z</time></trkpt>
<trkpt lat="45.366502" lon="-75.826303"><ele>23.0</ele><time>2024-06-08T18:30:15Z</time></trkpt>
<trkpt lat="45.366483" lon="-75.826276"><ele>23.0</ele><time>2024-06-08T18:30:16Z</time></trkpt>
<trkpt lat="45.366464" lon="-75.826249"><ele>23.0</ele><time>2024-06-08T18:30:17Z</time></trkpt>
<trkpt lat="45.366445" lon="-75.826213"><ele>23.0</ele><time>2024-06-08T18:30:18Z</time></trkpt>
<trkpt lat="45.366429" lon="-75.826186"><ele>23.0</ele><time>2024-06-08T18:30:19Z</time></trkpt>
<trkpt lat="45.36641" lon="-75.826159"><ele>24.0</ele><time>2024-06-08T18:30:20Z</time></trkpt>
<trkpt lat="45.366391" lon="-75.826132"><ele>23.0</ele><time>2024-06-08T18:30:21Z</time></trkpt>
<trkpt lat="45.366372" lon="-75.826106"><ele>24.0</ele><time>2024-06-08T18:30:22Z</time></trkpt>
<trkpt lat="45.366356" lon="-75.82607"><ele>24.0</ele><time>2024-06-08T18:30:23Z</time></trkpt>
<trkpt lat="45.366337" lon="-75.826043"><ele>24.0</ele><time>2024-06-08T18:30:24Z</time></trkpt>
<trkpt lat="45.366321" lon="-75.826016"><ele>24.0</ele><time>2024-06-08T18:30:25Z</time></trkpt>
<trkpt lat="45.366302" lon="-75.825989"><ele>24.0</ele><time>2024-06-08T18:30:26Z</time></trkpt>
<trkpt lat="45.366283" lon="-75.825962"><ele>24.0</ele><time>2024-06-08T18:30:27Z</time></trkpt>
<trkpt lat="45.366264" lon="-75.825935"><ele>24.0</ele><time>2024-06-08T18:30:28Z</time></trkpt>
<trkpt lat="45.366242" lon="-75.825908"><ele>24.0</ele><time>2024-06-08T18:30:29Z</time></trkpt>
<trkpt lat="45.366223" lon="-75.825881"><ele>24.0</ele><time>2024-06-08T18:30:30Z</time></trkpt>
<trkpt lat="45.366198" lon="-75.825854"><ele>24.0</ele><time>2024-06-08T18:30:31Z</time></trkpt>
<trkpt lat="45.366176" lon="-75.825836"><ele>24.0</ele><time>2024-06-08T18:30:32Z</time></trkpt>
<trkpt lat="45.36615" lon="-75.825809"><ele>24.0</ele><time>2024-06-08T18:30:33Z</time></trkpt>
<trkpt lat="45.366131" lon="-75.825791"><ele>24.0</ele><time>2024-06-08T18:30:34Z</time></trkpt>
<trkpt lat="45.366112" lon="-75.825773"><ele>24.0</ele><time>2024-06-08T18:30:35Z</time></trkpt>
<trkpt lat="45.36609" lon="-75.825746"><ele>24.0</ele><time>2024-06-08T18:30:36Z</time></trkpt>
<trkpt lat="45.366068" lon="-75.825719"><ele>24.0</ele><time>2024-06-08T18:30:37Z</time></trkpt>
<trkpt lat="45.366043" lon="-75.825701"><ele>24.0</ele><time>2024-06-08T18:30:38Z</time></trkpt>
<trkpt lat="45.366017" lon="-75.825683"><ele>23.0</ele><time>2024-06-08T18:30:39Z</time></trkpt>
<trkpt lat="45.365992" lon="-75.825674"><ele>24.0</ele><time>2024-06-08T18:30:40Z</time></trkpt>
<trkpt lat="45.365967" lon="-75.825656"><ele>24.0</ele><time>2024-06-08T18:30:41Z</time></trkpt>
<trkpt lat="45.365941" lon="-75.825638"><ele>24.0</ele><time>2024-06-08T18:30:42Z</time></trkpt>
<trkpt lat="45.365916" lon="-75.825629"><ele>24.0</ele><time>2024-06-08T18:30:43Z</time></trkpt>
<trkpt lat="45.365891" lon="-75.825611"><ele>24.0</ele><time>2024-06-08T18:30:44Z</time></trkpt>
<trkpt lat="45.365865" lon="-75.825593"><ele>24.0</ele><time>2024-06-08T18:30:45Z</time></trkpt>
<trkpt lat="45.36584" lon="-75.825585"><ele>23.0</ele><time>2024-06-08T18:30:46Z</time></trkpt>
<trkpt lat="45.365812" lon="-75.825576"><ele>24.0</ele><time>2024-06-08T18:30:47Z</time></trkpt>
<trkpt lat="45.365786" lon="-75.825558"><ele>24.0</ele><time>2024-06-08T18:30:48Z</time></trkpt>
<trkpt lat="45.365764" lon="-75.82554"><ele>24.0</ele><time>2024-06-08T18:30:49Z</time></trkpt>
<trkpt lat="45.365739" lon="-75.825531"><ele>24.0</ele><time>2024-06-08T18:30:50Z</time></trkpt>
<trkpt lat="45.36571" lon="-75.825504"><ele>24.0</ele><time>2024-06-08T18:30:51Z</time></trkpt>
<trkpt lat="45.365679" lon="-75.825495"><ele>24.0</ele><time>2024-06-08T18:30:52Z</time></trkpt>
<trkpt lat="45.36565" lon="-75.825486"><ele>24.0</ele><time>2024-06-08T18:30:53Z</time></trkpt>
<trkpt lat="45.365622" lon="-75.825468"><ele>24.0</ele><time>2024-06-08T18:30:54Z</time></trkpt>
<trkpt lat="45.365596" lon="-75.825459"><ele>24.0</ele><time>2024-06-08T18:30:55Z</time></trkpt>
<trkpt lat="45.365574" lon="-75.825441"><ele>23.0</ele><time>2024-06-08T18:30:56Z</time></trkpt>
<trkpt lat="45.365552" lon="-75.825423"><ele>23.0</ele><time>2024-06-08T18:30:57Z</time></trkpt>
<trkpt lat="45.365527" lon="-75.825405"><ele>24.0</ele><time>2024-06-08T18:30:58Z</time></trkpt>
<trkpt lat="45.365501" lon="-75.825387"><ele>24.0</ele><time>2024-06-08T18:30:59Z</time></trkpt>
<trkpt lat="45.365476" lon="-75.825369"><ele>24.0</ele><time>2024-06-08T18:31:00Z</time></trkpt>
<trkpt lat="45.365447" lon="-75.825351"><ele>24.0</ele><time>2024-06-08T18:31:01Z</time></trkpt>
<trkpt lat="45.365422" lon="-75.825342"><ele>23.0</ele><time>2024-06-08T18:31:02Z</time></trkpt>
<trkpt lat="45.365397" lon="-75.825333"><ele>23.0</ele><time>2024-06-08T18:31:03Z</time></trkpt>
<trkpt lat="45.365375" lon="-75.825324"><ele>23.0</ele><time>2024-06-08T18:31:04Z</time></trkpt>
<trkpt lat="45.365352" lon="-75.825306"><ele>24.0</ele><time>2024-06-08T18:31:05Z</time></trkpt>
<trkpt lat="45.365327" lon="-75.825288"><ele>24.0</ele><time>2024-06-08T18:31:06Z</time></trkpt>
<trkpt lat="45.365299" lon="-75.825279"><ele>24.0</ele><time>2024-06-08T18:31:07Z</time></trkpt>
<trkpt lat="45.365273" lon="-75.82527"><ele>23.0</ele><time>2024-06-08T18:31:08Z</time></trkpt>
<trkpt lat="45.365248" lon="-75.825261"><ele>23.0</ele><time>2024-06-08T18:31:09Z</time></trkpt>
<trkpt lat="45.365223" lon="-75.825252"><ele>23.0</ele><time>2024-06-08T18:31:10Z</time></trkpt>
<trkpt lat="45.365197" lon="-75.825243"><ele>23.0</ele><time>2024-06-08T18:31:11Z</time></trkpt>
<trkpt lat="45.365172" lon="-75.825234"><ele>24.0</ele><time>2024-06-08T18:31:12Z</time></trkpt>
<trkpt lat="45.36515" lon="-75.825225"><ele>24.0</ele><time>2024-06-08T18:31:13Z</time></trkpt>
<trkpt lat="45.365125" lon="-75.825207"><ele>23.0</ele><time>2024-06-08T18:31:14Z</time></trkpt>
<trkpt lat="45.365099" lon="-75.825189"><ele>23.0</ele><time>2024-06-08T18:31:15Z</time></trkpt>
<trkpt lat="45.365074" lon="-75.82518"><ele>23.0</ele><time>2024-06-08T18:31:16Z</time></trkpt>
<trkpt lat="45.365052" lon="-75.825162"><ele>23.0</ele><time>2024-06-08T18:31:17Z</time></trkpt>
<trkpt lat="45.365026" lon="-75.825144"><ele>23.0</ele><time>2024-06-08T18:31:18Z</time></trkpt>
<trkpt lat="45.365001" lon="-75.825135"><ele>23.0</ele><time>2024-06-08T18:31:19Z</time></trkpt>
<trkpt lat="45.364973" lon="-75.825117"><ele>24.0</ele><time>2024-06-08T18:31:20Z</time></trkpt>
<trkpt lat="45.364947" lon="-75.825108"><ele>23.0</ele><time>2024-06-08T18:31:21Z</time></trkpt>
<trkpt lat="45.364919" lon="-75.825099"><ele>23.0</ele><time>2024-06-08T18:31:22Z</time></trkpt>
<trkpt lat="45.364893" lon="-75.82509"><ele>23.0</ele><time>2024-06-08T18:31:23Z</time></trkpt>
<trkpt lat="45.364868" lon="-75.825081"><ele>23.0</ele><time>2024-06-08T18:31:24Z</time></trkpt>
<trkpt lat="45.364846" lon="-75.825072"><ele>23.0</ele><time>2024-06-08T18:31:25Z</time></trkpt>
<trkpt lat="45.364817" lon="-75.825064"><ele>23.0</ele><time>2024-06-08T18:31:26Z</time></trkpt>
<trkpt lat="45.364792" lon="-75.825064"><ele>23.0</ele><time>2024-06-08T18:31:27Z</time></trkpt>
<trkpt lat="45.364764" lon="-75.825055"><ele>23.0</ele><time>2024-06-08T18:31:28Z</time></trkpt>
<trkpt lat="45.364738" lon="-75.825046"><ele>23.0</ele><time>2024-06-08T18:31:29Z</time></trkpt>
<trkpt lat="45.364713" lon="-75.825028"><ele>23.0</ele><time>2024-06-08T18:31:30Z</time></trkpt>
<trkpt lat="45.364688" lon="-75.82501"><ele>23.0</ele><time>2024-06-08T18:31:31Z</time></trkpt>
<trkpt lat="45.364662" lon="-75.824992"><ele>23.0</ele><time>2024-06-08T18:31:32Z</time></trkpt>
<trkpt lat="45.36464" lon="-75.824974"><ele>23.0</ele><time>2024-06-08T18:31:33Z</time></trkpt>
<trkpt lat="45.364615" lon="-75.824956"><ele>23.0</ele><time>2024-06-08T18:31:34Z</time></trkpt>
<trkpt lat="45.364589" lon="-75.824938"><ele>23.0</ele><time>2024-06-08T18:31:35Z</time></trkpt>
<trkpt lat="45.364564" lon="-75.82492"><ele>23.0</ele><time>2024-06-08T18:31:36Z</time></trkpt>
<trkpt lat="45.364539" lon="-75.824902"><ele>23.0</ele><time>2024-06-08T18:31:37Z</time></trkpt>
<trkpt lat="45.364517" lon="-75.824884"><ele>23.0</ele><time>2024-06-08T18:31:38Z</time></trkpt>
<trkpt lat="45.364494" lon="-75.824866"><ele>23.0</ele><time>2024-06-08T18:31:39Z</time></trkpt>
<trkpt lat="45.364472" lon="-75.824848"><ele>23.0</ele><time>2024-06-08T18:31:40Z</time></trkpt>
<trkpt lat="45.36445" lon="-75.82483"><ele>23.0</ele><time>2024-06-08T18:31:41Z</time></trkpt>
<trkpt lat="45.364422" lon="-75.824812"><ele>23.0</ele><time>2024-06-08T18:31:42Z</time></trkpt>
<trkpt lat="45.364396" lon="-75.824803"><ele>23.0</ele><time>2024-06-08T18:31:43Z</time></trkpt>
<trkpt lat="45.364374" lon="-75.824803"><ele>23.0</ele><time>2024-06-08T18:31:44Z</time></trkpt>
<trkpt lat="45.364352" lon="-75.824785"><ele>23.0</ele><time>2024-06-08T18:31:45Z</time></trkpt>
<trkpt lat="45.36433" lon="-75.824767"><ele>23.0</ele><time>2024-06-08T18:31:46Z</time></trkpt>
<trkpt lat="45.364304" lon="-75.82474"><ele>23.0</ele><time>2024-06-08T18:31:47Z</time></trkpt>
<trkpt lat="45.364279" lon="-75.824722"><ele>23.0</ele><time>2024-06-08T18:31:48Z</time></trkpt>
<trkpt lat="45.364257" lon="-75.824695"><ele>23.0</ele><time>2024-06-08T18:31:49Z</time></trkpt>
<trkpt lat="45.364238" lon="-75.824668"><ele>23.0</ele><time>2024-06-08T18:31:50Z</time></trkpt>
<trkpt lat="45.364216" lon="-75.82465"><ele>23.0</ele><time>2024-06-08T18:31:51Z</time></trkpt>
<trkpt lat="45.364197" lon="-75.824623"><ele>23.0</ele><time>2024-06-08T18:31:52Z</time></trkpt>
<trkpt lat="45.364172" lon="-75.824605"><ele>23.0</ele><time>2024-06-08T18:31:53Z</time></trkpt>
<trkpt lat="45.364149" lon="-75.824587"><ele>23.0</ele><time>2024-06-08T18:31:54Z</time></trkpt>
<trkpt lat="45.364127" lon="-75.824569"><ele>23.0</ele><time>2024-06-08T18:31:55Z</time></trkpt>
<trkpt lat="45.364108" lon="-75.824551"><ele>24.0</ele><time>2024-06-08T18:31:56Z</time></trkpt>
<trkpt lat="45.364086" lon="-75.824525"><ele>23.0</ele><time>2024-06-08T18:31:57Z</time></trkpt>
<trkpt lat="45.364061" lon="-75.824516"><ele>23.0</ele><time>2024-06-08T18:31:58Z</time></trkpt>
<trkpt lat="45.364035" lon="-75.824498"><ele>23.0</ele><time>2024-06-08T18:31:59Z</time></trkpt>
<trkpt lat="45.364007" lon="-75.82448"><ele>23.0</ele><time>2024-06-08T18:32:00Z</time></trkpt>
<trkpt lat="45.363985" lon="-75.824471"><ele>24.0</ele><time>2024-06-08T18:32:01Z</time></trkpt>
<trkpt lat="45.363963" lon="-75.824453"><ele>23.0</ele><time>2024-06-08T18:32:02Z</time></trkpt>
<trkpt lat="45.363937" lon="-75.824444"><ele>23.0</ele><time>2024-06-08T18:32:03Z</time></trkpt>
<trkpt lat="45.363912" lon="-75.824435"><ele>23.0</ele><time>2024-06-08T18:32:04Z</time></trkpt>
<trkpt lat="45.363887" lon="-75.824417"><ele>23.0</ele><time>2024-06-08T18:32:05Z</time></trkpt>
<trkpt lat="45.363861" lon="-75.824408"><ele>23.0</ele><time>2024-06-08T18:32:06Z</time></trkpt>
<trkpt lat="45.363836" lon="-75.82439"><ele>24.0</ele><time>2024-06-08T18:32:07Z</time></trkpt>
<trkpt lat="45.363807" lon="-75.824381"><ele>23.0</ele><time>2024-06-08T18:32:08Z</time></trkpt>
<trkpt lat="45.363782" lon="-75.824372"><ele>23.0</ele><time>2024-06-08T18:32:09Z</time></trkpt>
<trkpt lat="45.36376" lon="-75.824363"><ele>24.0</ele><time>2024-06-08T18:32:10Z</time></trkpt>
<trkpt lat="45.363738" lon="-75.824345"><ele>24.0</ele><time>2024-06-08T18:32:11Z</time></trkpt>
<trkpt lat="45.363712" lon="-75.824336"><ele>24.0</ele><time>2024-06-08T18:32:12Z</time></trkpt>
<trkpt lat="45.363687" lon="-75.824318"><ele>24.0</ele><time>2024-06-08T18:32:13Z</time></trkpt>
<trkpt lat="45.363662" lon="-75.824309"><ele>24.0</ele><time>2024-06-08T18:32:14Z</time></trkpt>
<trkpt lat="45.363636" lon="-75.824291"><ele>24.0</ele><time>2024-06-08T18:32:15Z</time></trkpt>
<trkpt lat="45.363611" lon="-75.824273"><ele>24.0</ele><time>2024-06-08T18:32:16Z</time></trkpt>
<trkpt lat="45.363586" lon="-75.824264"><ele>24.0</ele><time>2024-06-08T18:32:17Z</time></trkpt>
<trkpt lat="45.36356" lon="-75.824255"><ele>24.0</ele><time>2024-06-08T18:32:18Z</time></trkpt>
<trkpt lat="45.363535" lon="-75.824237"><ele>25.0</ele><time>2024-06-08T18:32:19Z</time></trkpt>
<trkpt lat="45.36351" lon="-75.824228"><ele>25.0</ele><time>2024-06-08T18:32:20Z</time></trkpt>
<trkpt lat="45.363484" lon="-75.82421"><ele>25.0</ele><time>2024-06-08T18:32:21Z</time></trkpt>
<trkpt lat="45.363459" lon="-75.824201"><ele>25.0</ele><time>2024-06-08T18:32:22Z</time></trkpt>
<trkpt lat="45.363434" lon="-75.824183"><ele>25.0</ele><time>2024-06-08T18:32:23Z</time></trkpt>
<trkpt lat="45.363408" lon="-75.824174"><ele>25.0</ele><time>2024-06-08T18:32:24Z</time></trkpt>
<trkpt lat="45.363383" lon="-75.824165"><ele>25.0</ele><time>2024-06-08T18:32:25Z</time></trkpt>
<trkpt lat="45.363358" lon="-75.824156"><ele>25.0</ele><time>2024-06-08T18:32:26Z</time></trkpt>
<trkpt lat="45.363336" lon="-75.824138"><ele>25.0</ele><time>2024-06-08T18:32:27Z</time></trkpt>
<trkpt lat="45.36331" lon="-75.824129"><ele>25.0</ele><time>2024-06-08T18:32:28Z</time></trkpt>
<trkpt lat="45.363288" lon="-75.82412"><ele>25.0</ele><time>2024-06-08T18:32:29Z</time></trkpt>
<trkpt lat="45.363263" lon="-75.824102"><ele>25.0</ele><time>2024-06-08T18:32:30Z</time></trkpt>
<trkpt lat="45.363234" lon="-75.824093"><ele>25.0</ele><time>2024-06-08T18:32:31Z</time></trkpt>
<trkpt lat="45.363209" lon="-75.824084"><ele>25.0</ele><time>2024-06-08T18:32:32Z</time></trkpt>
<trkpt lat="45.363184" lon="-75.824075"><ele>25.0</ele><time>2024-06-08T18:32:33Z</time></trkpt>
<trkpt lat="45.363161" lon="-75.824057"><ele>25.0</ele><time>2024-06-08T18:32:34Z</time></trkpt>
<trkpt lat="45.363139" lon="-75.824039"><ele>25.0</ele><time>2024-06-08T18:32:35Z</time></trkpt>
<trkpt lat="45.363114" lon="-75.824021"><ele>25.0</ele><time>2024-06-08T18:32:36Z</time></trkpt>
<trkpt lat="45.363089" lon="-75.824004"><ele>25.0</ele><time>2024-06-08T18:32:37Z</time></trkpt>
<trkpt lat="45.363063" lon="-75.823986"><ele>24.0</ele><time>2024-06-08T18:32:38Z</time></trkpt>
<trkpt lat="45.363038" lon="-75.823968"><ele>24.0</ele><time>2024-06-08T18:32:39Z</time></trkpt>
<trkpt lat="45.363013" lon="-75.823959"><ele>24.0</ele><time>2024-06-08T18:32:40Z</time></trkpt>
<trkpt lat="45.362987" lon="-75.82395"><ele>24.0</ele><time>2024-06-08T18:32:41Z</time></trkpt>
<trkpt lat="45.362962" lon="-75.823941"><ele>24.0</ele><time>2024-06-08T18:32:42Z</time></trkpt>
<trkpt lat="45.362937" lon="-75.823932"><ele>24.0</ele><time>2024-06-08T18:32:43Z</time></trkpt>
<trkpt lat="45.362911" lon="-75.823923"><ele>25.0</ele><time>2024-06-08T18:32:44Z</time></trkpt>
<trkpt lat="45.362883" lon="-75.823923"><ele>24.0</ele><time>2024-06-08T18:32:45Z</time></trkpt>
<trkpt lat="45.362858" lon="-75.823914"><ele>25.0</ele><time>2024-06-08T18:32:46Z</time></trkpt>
<trkpt lat="45.362832" lon="-75.823905"><ele>24.0</ele><time>2024-06-08T18:32:47Z</time></trkpt>
<trkpt lat="45.36281" lon="-75.823896"><ele>24.0</ele><time>2024-06-08T18:32:48Z</time></trkpt>
<trkpt lat="45.362785" lon="-75.823887"><ele>24.0</ele><time>2024-06-08T18:32:49Z</time></trkpt>
<trkpt lat="45.362766" lon="-75.823878"><ele>24.0</ele><time>2024-06-08T18:32:50Z</time></trkpt>
<trkpt lat="45.362747" lon="-75.82386"><ele>24.0</ele><time>2024-06-08T18:32:51Z</time></trkpt>
<trkpt lat="45.362721" lon="-75.823851"><ele>24.0</ele><time>2024-06-08T18:32:52Z</time></trkpt>
<trkpt lat="45.362693" lon="-75.823833"><ele>24.0</ele><time>2024-06-08T18:32:53Z</time></trkpt>
<trkpt lat="45.362664" lon="-75.823824"><ele>24.0</ele><time>2024-06-08T18:32:54Z</time></trkpt>
<trkpt lat="45.362636" lon="-75.823815"><ele>24.0</ele><time>2024-06-08T18:32:55Z</time></trkpt>
<trkpt lat="45.362614" lon="-75.823806"><ele>24.0</ele><time>2024-06-08T18:32:56Z</time></trkpt>
<trkpt lat="45.362588" lon="-75.823806"><ele>24.0</ele><time>2024-06-08T18:32:57Z</time></trkpt>
<trkpt lat="45.362566" lon="-75.823788"><ele>24.0</ele><time>2024-06-08T18:32:58Z</time></trkpt>
<trkpt lat="45.362541" lon="-75.823779"><ele>23.0</ele><time>2024-06-08T18:32:59Z</time></trkpt>
<trkpt lat="45.362512" lon="-75.823779"><ele>24.0</ele><time>2024-06-08T18:33:00Z</time></trkpt>
<trkpt lat="45.362484" lon="-75.823761"><ele>24.0</ele><time>2024-06-08T18:33:01Z</time></trkpt>
<trkpt lat="45.362459" lon="-75.823752"><ele>23.0</ele><time>2024-06-08T18:33:02Z</time></trkpt>
<trkpt lat="45.362433" lon="-75.823752"><ele>23.0</ele><time>2024-06-08T18:33:03Z</time></trkpt>
<trkpt lat="45.362411" lon="-75.823743"><ele>23.0</ele><time>2024-06-08T18:33:04Z</time></trkpt>
<trkpt lat="45.362389" lon="-75.823725"><ele>24.0</ele><time>2024-06-08T18:33:05Z</time></trkpt>
<trkpt lat="45.362364" lon="-75.823716"><ele>23.0</ele><time>2024-06-08T18:33:06Z</time></trkpt>
<trkpt lat="45.362335" lon="-75.823707"><ele>23.0</ele><time>2024-06-08T18:33:07Z</time></trkpt>
<trkpt lat="45.36231" lon="-75.823698"><ele>23.0</ele><time>2024-06-08T18:33:08Z</time></trkpt>
<trkpt lat="45.362288" lon="-75.823689"><ele>23.0</ele><time>2024-06-08T18:33:09Z</time></trkpt>
<trkpt lat="45.362262" lon="-75.82368"><ele>24.0</ele><time>2024-06-08T18:33:10Z</time></trkpt>
<trkpt lat="45.362237" lon="-75.823671"><ele>24.0</ele><time>2024-06-08T18:33:11Z</time></trkpt>
<trkpt lat="45.362212" lon="-75.823653"><ele>24.0</ele><time>2024-06-08T18:33:12Z</time></trkpt>
<trkpt lat="45.362183" lon="-75.823644"><ele>24.0</ele><time>2024-06-08T18:33:13Z</time></trkpt>
<trkpt lat="45.362161" lon="-75.823635"><ele>24.0</ele><time>2024-06-08T18:33:14Z</time></trkpt>
<trkpt lat="45.362136" lon="-75.823626"><ele>24.0</ele><time>2024-06-08T18:33:15Z</time></trkpt>
<trkpt lat="45.362113" lon="-75.823617"><ele>24.0</ele><time>2024-06-08T18:33:16Z</time></trkpt>
<trkpt lat="45.362088" lon="-75.823608"><ele>24.0</ele><time>2024-06-08T18:33:17Z</time></trkpt>
<trkpt lat="45.362063" lon="-75.823599"><ele>24.0</ele><time>2024-06-08T18:33:18Z</time></trkpt>
<trkpt lat="45.362037" lon="-75.823581"><ele>24.0</ele><time>2024-06-08T18:33:19Z</time></trkpt>
<trkpt lat="45.362015" lon="-75.823563"><ele>24.0</ele><time>2024-06-08T18:33:20Z</time></trkpt>
<trkpt lat="45.36199" lon="-75.823554"><ele>24.0</ele><time>2024-06-08T18:33:21Z</time></trkpt>
<trkpt lat="45.361968" lon="-75.823536"><ele>23.0</ele><time>2024-06-08T18:33:22Z</time></trkpt>
<trkpt lat="45.361942" lon="-75.823518"><ele>22.0</ele><time>2024-06-08T18:33:23Z</time></trkpt>
<trkpt lat="45.361917" lon="-75.8235"><ele>22.0</ele><time>2024-06-08T18:33:24Z</time></trkpt>
<trkpt lat="45.361889" lon="-75.823492"><ele>23.0</ele><time>2024-06-08T18:33:25Z</time></trkpt>
<trkpt lat="45.36186" lon="-75.823483"><ele>23.0</ele><time>2024-06-08T18:33:26Z</time></trkpt>
<trkpt lat="45.361838" lon="-75.823474"><ele>23.0</ele><time>2024-06-08T18:33:27Z</time></trkpt>
<trkpt lat="45.361813" lon="-75.823474"><ele>23.0</ele><time>2024-06-08T18:33:28Z</time></trkpt>
<trkpt lat="45.36179" lon="-75.823465"><ele>23.0</ele><time>2024-06-08T18:33:29Z</time></trkpt>
<trkpt lat="45.361762" lon="-75.823456"><ele>23.0</ele><time>2024-06-08T18:33:30Z</time></trkpt>
<trkpt lat="45.361737" lon="-75.823447"><ele>23.0</ele><time>2024-06-08T18:33:31Z</time></trkpt>
<trkpt lat="45.361708" lon="-75.823438"><ele>24.0</ele><time>2024-06-08T18:33:32Z</time></trkpt>
<trkpt lat="45.361683" lon="-75.823429"><ele>24.0</ele><time>2024-06-08T18:33:33Z</time></trkpt>
<trkpt lat="45.361657" lon="-75.82342"><ele>24.0</ele><time>2024-06-08T18:33:34Z</time></trkpt>
<trkpt lat="45.361632" lon="-75.82342"><ele>24.0</ele><time>2024-06-08T18:33:35Z</time></trkpt>
<trkpt lat="45.361604" lon="-75.823411"><ele>23.0</ele><time>2024-06-08T18:33:36Z</time></trkpt>
<trkpt lat="45.361578" lon="-75.823411"><ele>23.0</ele><time>2024-06-08T18:33:37Z</time></trkpt>
<trkpt lat="45.361553" lon="-75.823411"><ele>23.0</ele><time>2024-06-08T18:33:38Z</time></trkpt>
<trkpt lat="45.361528" lon="-75.823402"><ele>24.0</ele><time>2024-06-08T18:33:39Z</time></trkpt>
<trkpt lat="45.361499" lon="-75.823393"><ele>23.0</ele><time>2024-06-08T18:33:40Z</time></trkpt>
<trkpt lat="45.361471" lon="-75.823393"><ele>23.0</ele><time>2024-06-08T18:33:41Z</time></trkpt>
<trkpt lat="45.361449" lon="-75.823393"><ele>24.0</ele><time>2024-06-08T18:33:42Z</time></trkpt>
<trkpt lat="45.36142" lon="-75.823402"><ele>23.0</ele><time>2024-06-08T18:33:43Z</time></trkpt>
<trkpt lat="45.361398" lon="-75.823393"><ele>23.0</ele><time>2024-06-08T18:33:44Z</time></trkpt>
<trkpt lat="45.361369" lon="-75.823393"><ele>23.0</ele><time>2024-06-08T18:33:45Z</time></trkpt>
<trkpt lat="45.361344" lon="-75.823393"><ele>23.0</ele><time>2024-06-08T18:33:46Z</time></trkpt>
<trkpt lat="45.361316" lon="-75.823384"><ele>23.0</ele><time>2024-06-08T18:33:47Z</time></trkpt>
<trkpt lat="45.36129" lon="-75.823384"><ele>23.0</ele><time>2024-06-08T18:33:48Z</time></trkpt>
<trkpt lat="45.361262" lon="-75.823375"><ele>23.0</ele><time>2024-06-08T18:33:49Z</time></trkpt>
<trkpt lat="45.361236" lon="-75.823375"><ele>23.0</ele><time>2024-06-08T18:33:50Z</time></trkpt>
<trkpt lat="45.361211" lon="-75.823366"><ele>23.0</ele><time>2024-06-08T18:33:51Z</time></trkpt>
<trkpt lat="45.361189" lon="-75.823357"><ele>23.0</ele><time>2024-06-08T18:33:52Z</time></trkpt>
<trkpt lat="45.361164" lon="-75.823357"><ele>23.0</ele><time>2024-06-08T18:33:53Z</time></trkpt>
<trkpt lat="45.361138" lon="-75.823348"><ele>23.0</ele><time>2024-06-08T18:33:54Z</time></trkpt>
<trkpt lat="45.361113" lon="-75.823339"><ele>23.0</ele><time>2024-06-08T18:33:55Z</time></trkpt>
<trkpt lat="45.361084" lon="-75.823339"><ele>23.0</ele><time>2024-06-08T18:33:56Z</time></trkpt>
<trkpt lat="45.361059" lon="-75.823339"><ele>23.0</ele><time>2024-06-08T18:33:57Z</time></trkpt>
<trkpt lat="45.361031" lon="-75.823339"><ele>23.0</ele><time>2024-06-08T18:33:58Z</time></trkpt>
<trkpt lat="45.361005" lon="-75.823348"><ele>23.0</ele><time>2024-06-08T18:33:59Z</time></trkpt>
<trkpt lat="45.36098" lon="-75.823348"><ele>23.0</ele><time>2024-06-08T18:34:00Z</time></trkpt>
<trkpt lat="45.360955" lon="-75.823339"><ele>23.0</ele><time>2024-06-08T18:34:01Z</time></trkpt>
<trkpt lat="45.360929" lon="-75.82333"><ele>23.0</ele><time>2024-06-08T18:34:02Z</time></trkpt>
<trkpt lat="45.360901" lon="-75.82333"><ele>23.0</ele><time>2024-06-08T18:34:03Z</time></trkpt>
<trkpt lat="45.360875" lon="-75.823321"><ele>23.0</ele><time>2024-06-08T18:34:04Z</time></trkpt>
<trkpt lat="45.360847" lon="-75.823321"><ele>23.0</ele><time>2024-06-08T18:34:05Z</time></trkpt>
<trkpt lat="45.360825" lon="-75.823312"><ele>23.0</ele><time>2024-06-08T18:34:06Z</time></trkpt>
<trkpt lat="45.360799" lon="-75.823303"><ele>23.0</ele><time>2024-06-08T18:34:07Z</time></trkpt>
<trkpt lat="45.360771" lon="-75.823294"><ele>23.0</ele><time>2024-06-08T18:34:08Z</time></trkpt>
<trkpt lat="45.360746" lon="-75.823285"><ele>23.0</ele><time>2024-06-08T18:34:09Z</time></trkpt>
<trkpt lat="45.36072" lon="-75.823276"><ele>23.0</ele><time>2024-06-08T18:34:10Z</time></trkpt>
<trkpt lat="45.360695" lon="-75.823267"><ele>23.0</ele><time>2024-06-08T18:34:11Z</time></trkpt>
<trkpt lat="45.36067" lon="-75.823258"><ele>23.0</ele><time>2024-06-08T18:34:12Z</time></trkpt>
<trkpt lat="45.360641" lon="-75.823249"><ele>23.0</ele><time>2024-06-08T18:34:13Z</time></trkpt>
<trkpt lat="45.360616" lon="-75.82324"><ele>23.0</ele><time>2024-06-08T18:34:14Z</time></trkpt>
<trkpt lat="45.360587" lon="-75.823231"><ele>23.0</ele><time>2024-06-08T18:34:15Z</time></trkpt>
<trkpt lat="45.360562" lon="-75.823222"><ele>23.0</ele><time>2024-06-08T18:34:16Z</time></trkpt>
<trkpt lat="45.360537" lon="-75.823213"><ele>23.0</ele><time>2024-06-08T18:34:17Z</time></trkpt>
<trkpt lat="45.360511" lon="-75.823204"><ele>23.0</ele><time>2024-06-08T18:34:18Z</time></trkpt>
<trkpt lat="45.360486" lon="-75.823186"><ele>23.0</ele><time>2024-06-08T18:34:19Z</time></trkpt>
<trkpt lat="45.360461" lon="-75.823177"><ele>22.0</ele><time>2024-06-08T18:34:20Z</time></trkpt>
<trkpt lat="45.360438" lon="-75.823159"><ele>23.0</ele><time>2024-06-08T18:34:21Z</time></trkpt>
<trkpt lat="45.360416" lon="-75.82315"><ele>22.0</ele><time>2024-06-08T18:34:22Z</time></trkpt>
<trkpt lat="45.360391" lon="-75.823132"><ele>22.0</ele><time>2024-06-08T18:34:23Z</time></trkpt>
<trkpt lat="45.360369" lon="-75.823123"><ele>22.0</ele><time>2024-06-08T18:34:24Z</time></trkpt>
<trkpt lat="45.360347" lon="-75.823114"><ele>22.0</ele><time>2024-06-08T18:34:25Z</time></trkpt>
<trkpt lat="45.360321" lon="-75.823096"><ele>22.0</ele><time>2024-06-08T18:34:26Z</time></trkpt>
<trkpt lat="45.360293" lon="-75.823087"><ele>22.0</ele><time>2024-06-08T18:34:27Z</time></trkpt>
<trkpt lat="45.360267" lon="-75.823078"><ele>22.0</ele><time>2024-06-08T18:34:28Z</time></trkpt>
<trkpt lat="45.360239" lon="-75.823078"><ele>22.0</ele><time>2024-06-08T18:34:29Z</time></trkpt>
<trkpt lat="45.360214" lon="-75.823078"><ele>23.0</ele><time>2024-06-08T18:34:30Z</time></trkpt>
<trkpt lat="45.360182" lon="-75.823069"><ele>22.0</ele><time>2024-06-08T18:34:31Z</time></trkpt>
<trkpt lat="45.360157" lon="-75.823069"><ele>23.0</ele><time>2024-06-08T18:34:32Z</time></trkpt>
<trkpt lat="45.360134" lon="-75.82306"><ele>23.0</ele><time>2024-06-08T18:34:33Z</time></trkpt>
<trkpt lat="45.360112" lon="-75.823051"><ele>22.0</ele><time>2024-06-08T18:34:34Z</time></trkpt>
<trkpt lat="45.360087" lon="-75.823042"><ele>23.0</ele><time>2024-06-08T18:34:35Z</time></trkpt>
<trkpt lat="45.360058" lon="-75.823033"><ele>23.0</ele><time>2024-06-08T18:34:36Z</time></trkpt>
<trkpt lat="45.360027" lon="-75.823024"><ele>23.0</ele><time>2024-06-08T18:34:37Z</time></trkpt>
<trkpt lat="45.359998" lon="-75.823024"><ele>23.0</ele><time>2024-06-08T18:34:38Z</time></trkpt>
<trkpt lat="45.35997" lon="-75.823024"><ele>23.0</ele><time>2024-06-08T18:34:39Z</time></trkpt>
<trkpt lat="45.359948" lon="-75.823024"><ele>23.0</ele><time>2024-06-08T18:34:40Z</time></trkpt>
<trkpt lat="45.359922" lon="-75.823024"><ele>23.0</ele><time>2024-06-08T18:34:41Z</time></trkpt>
<trkpt lat="45.359894" lon="-75.823024"><ele>23.0</ele><time>2024-06-08T18:34:42Z</time></trkpt>
<trkpt lat="45.359865" lon="-75.823015"><ele>23.0</ele><time>2024-06-08T18:34:43Z</time></trkpt>
<trkpt lat="45.359837" lon="-75.823015"><ele>23.0</ele><time>2024-06-08T18:34:44Z</time></trkpt>
<trkpt lat="45.359811" lon="-75.823015"><ele>24.0</ele><time>2024-06-08T18:34:45Z</time></trkpt>
<trkpt lat="45.359789" lon="-75.823015"><ele>24.0</ele><time>2024-06-08T18:34:46Z</time></trkpt>
<trkpt lat="45.359764" lon="-75.823015"><ele>23.0</ele><time>2024-06-08T18:34:47Z</time></trkpt>
<trkpt lat="45.359739" lon="-75.823015"><ele>23.0</ele><time>2024-06-08T18:34:48Z</time></trkpt>
<trkpt lat="45.35971" lon="-75.823015"><ele>23.0</ele><time>2024-06-08T18:34:49Z</time></trkpt>
<trkpt lat="45.359685" lon="-75.823006"><ele>23.0</ele><time>2024-06-08T18:34:50Z</time></trkpt>
<trkpt lat="45.359656" lon="-75.823006"><ele>23.0</ele><time>2024-06-08T18:34:51Z</time></trkpt>
<trkpt lat="45.359631" lon="-75.823006"><ele>23.0</ele><time>2024-06-08T18:34:52Z</time></trkpt>
<trkpt lat="45.359606" lon="-75.823006"><ele>23.0</ele><time>2024-06-08T18:34:53Z</time></trkpt>
<trkpt lat="45.359577" lon="-75.822997"><ele>23.0</ele><time>2024-06-08T18:34:54Z</time></trkpt>
<trkpt lat="45.359549" lon="-75.822997"><ele>23.0</ele><time>2024-06-08T18:34:55Z</time></trkpt>
<trkpt lat="45.359527" lon="-75.822988"><ele>22.0</ele><time>2024-06-08T18:34:56Z</time></trkpt>
<trkpt lat="45.359501" lon="-75.822979"><ele>22.0</ele><time>2024-06-08T18:34:57Z</time></trkpt>
<trkpt lat="45.359473" lon="-75.822971"><ele>22.0</ele><time>2024-06-08T18:34:58Z</time></trkpt>
<trkpt lat="45.359447" lon="-75.822971"><ele>22.0</ele><time>2024-06-08T18:34:59Z</time></trkpt>
<trkpt lat="45.359422" lon="-75.822962"><ele>23.0</ele><time>2024-06-08T18:35:00Z</time></trkpt>
<trkpt lat="45.359397" lon="-75.822962"><ele>23.0</ele><time>2024-06-08T18:35:01Z</time></trkpt>
<trkpt lat="45.359371" lon="-75.822953"><ele>23.0</ele><time>2024-06-08T18:35:02Z</time></trkpt>
<trkpt lat="45.359346" lon="-75.822944"><ele>23.0</ele><time>2024-06-08T18:35:03Z</time></trkpt>
<trkpt lat="45.359314" lon="-75.822935"><ele>23.0</ele><time>2024-06-08T18:35:04Z</time></trkpt>
<trkpt lat="45.359286" lon="-75.822926"><ele>23.0</ele><time>2024-06-08T18:35:05Z</time></trkpt>
<trkpt lat="45.359254" lon="-75.822917"><ele>23.0</ele><time>2024-06-08T18:35:06Z</time></trkpt>
<trkpt lat="45.359238" lon="-75.822908"><ele>23.0</ele><time>2024-06-08T18:35:07Z</time></trkpt>
<trkpt lat="45.359216" lon="-75.822899"><ele>23.0</ele><time>2024-06-08T18:35:08Z</time></trkpt>
<trkpt lat="45.359191" lon="-75.82289"><ele>23.0</ele><time>2024-06-08T18:35:09Z</time></trkpt>
<trkpt lat="45.359166" lon="-75.822881"><ele>23.0</ele><time>2024-06-08T18:35:10Z</time></trkpt>
<trkpt lat="45.359137" lon="-75.822863"><ele>23.0</ele><time>2024-06-08T18:35:11Z</time></trkpt>
<trkpt lat="45.359115" lon="-75.822854"><ele>23.0</ele><time>2024-06-08T18:35:12Z</time></trkpt>
<trkpt lat="45.359093" lon="-75.822836"><ele>23.0</ele><time>2024-06-08T18:35:13Z</time></trkpt>
<trkpt lat="45.359074" lon="-75.822818"><ele>23.0</ele><time>2024-06-08T18:35:14Z</time></trkpt>
<trkpt lat="45.359055" lon="-75.8228"><ele>23.0</ele><time>2024-06-08T18:35:15Z</time></trkpt>
<trkpt lat="45.359033" lon="-75.822791"><ele>24.0</ele><time>2024-06-08T18:35:16Z</time></trkpt>
<trkpt lat="45.35901" lon="-75.822773"><ele>24.0</ele><time>2024-06-08T18:35:17Z</time></trkpt>
<trkpt lat="45.358985" lon="-75.822764"><ele>24.0</ele><time>2024-06-08T18:35:18Z</time></trkpt>
<trkpt lat="45.358963" lon="-75.822755"><ele>24.0</ele><time>2024-06-08T18:35:19Z</time></trkpt>
<trkpt lat="45.358938" lon="-75.822746"><ele>24.0</ele><time>2024-06-08T18:35:20Z</time></trkpt>
<trkpt lat="45.358919" lon="-75.822737"><ele>24.0</ele><time>2024-06-08T18:35:21Z</time></trkpt>
<trkpt lat="45.3589" lon="-75.822719"><ele>24.0</ele><time>2024-06-08T18:35:22Z</time></trkpt>
<trkpt lat="45.358881" lon="-75.82271"><ele>24.0</ele><time>2024-06-08T18:35:23Z</time></trkpt>
<trkpt lat="45.358862" lon="-75.822692"><ele>24.0</ele><time>2024-06-08T18:35:24Z</time></trkpt>
<trkpt lat="45.358846" lon="-75.822674"><ele>24.0</ele><time>2024-06-08T18:35:25Z</time></trkpt>
<trkpt lat="45.358827" lon="-75.822665"><ele>24.0</ele><time>2024-06-08T18:35:26Z</time></trkpt>
<trkpt lat="45.358808" lon="-75.822656"><ele>24.0</ele><time>2024-06-08T18:35:27Z</time></trkpt>
<trkpt lat="45.358792" lon="-75.822647"><ele>24.0</ele><time>2024-06-08T18:35:28Z</time></trkpt>
<trkpt lat="45.358773" lon="-75.822638"><ele>24.0</ele><time>2024-06-08T18:35:29Z</time></trkpt>
<trkpt lat="45.358757" lon="-75.822638"><ele>24.0</ele><time>2024-06-08T18:35:30Z</time></trkpt>
<trkpt lat="45.358735" lon="-75.822638"><ele>24.0</ele><time>2024-06-08T18:35:31Z</time></trkpt>
<trkpt lat="45.358719" lon="-75.822638"><ele>24.0</ele><time>2024-06-08T18:35:32Z</time></trkpt>
<trkpt lat="45.358703" lon="-75.822638"><ele>24.0</ele><time>2024-06-08T18:35:33Z</time></trkpt>
<trkpt lat="45.358687" lon="-75.822638"><ele>24.0</ele><time>2024-06-08T18:35:34Z</time></trkpt>
<trkpt lat="45.358675" lon="-75.822647"><ele>24.0</ele><time>2024-06-08T18:35:35Z</time></trkpt>
<trkpt lat="45.358659" lon="-75.822647"><ele>24.0</ele><time>2024-06-08T18:35:36Z</time></trkpt>
<trkpt lat="45.358646" lon="-75.822656"><ele>24.0</ele><time>2024-06-08T18:35:37Z</time></trkpt>
<trkpt lat="45.358634" lon="-75.822665"><ele>24.0</ele><time>2024-06-08T18:35:38Z</time></trkpt>
<trkpt lat="45.358621" lon="-75.822665"><ele>24.0</ele><time>2024-06-08T18:35:39Z</time></trkpt>
<trkpt lat="45.358608" lon="-75.822674"><ele>24.0</ele><time>2024-06-08T18:35:40Z</time></trkpt>
<trkpt lat="45.358596" lon="-75.822683"><ele>24.0</ele><time>2024-06-08T18:35:41Z</time></trkpt>
<trkpt lat="45.358583" lon="-75.822692"><ele>25.0</ele><time>2024-06-08T18:35:42Z</time></trkpt>
<trkpt lat="45.35857" lon="-75.822701"><ele>25.0</ele><time>2024-06-08T18:35:43Z</time></trkpt>
<trkpt lat="45.358561" lon="-75.82271"><ele>25.0</ele><time>2024-06-08T18:35:44Z</time></trkpt>
<trkpt lat="45.358551" lon="-75.822719"><ele>25.0</ele><time>2024-06-08T18:35:45Z</time></trkpt>
<trkpt lat="45.358542" lon="-75.822728"><ele>25.0</ele><time>2024-06-08T18:35:46Z</time></trkpt>
<trkpt lat="45.358532" lon="-75.822737"><ele>25.0</ele><time>2024-06-08T18:35:47Z</time></trkpt>
<trkpt lat="45.35852" lon="-75.822737"><ele>25.0</ele><time>2024-06-08T18:35:48Z</time></trkpt>
<trkpt lat="45.358507" lon="-75.822746"><ele>24.0</ele><time>2024-06-08T18:35:49Z</time></trkpt>
<trkpt lat="45.358497" lon="-75.822755"><ele>24.0</ele><time>2024-06-08T18:35:50Z</time></trkpt>
<trkpt lat="45.358488" lon="-75.822764"><ele>24.0</ele><time>2024-06-08T18:35:51Z</time></trkpt>
<trkpt lat="45.358478" lon="-75.822764"><ele>24.0</ele><time>2024-06-08T18:35:52Z</time></trkpt>
<trkpt lat="45.358463" lon="-75.822773"><ele>24.0</ele><time>2024-06-08T18:35:53Z</time></trkpt>
<trkpt lat="45.358447" lon="-75.822773"><ele>24.0</ele><time>2024-06-08T18:35:54Z</time></trkpt>
<trkpt lat="45.358431" lon="-75.822773"><ele>24.0</ele><time>2024-06-08T18:35:55Z</time></trkpt>
<trkpt lat="45.358415" lon="-75.822773"><ele>24.0</ele><time>2024-06-08T18:35:56Z</time></trkpt>
<trkpt lat="45.358396" lon="-75.822764"><ele>24.0</ele><time>2024-06-08T18:35:57Z</time></trkpt>
<trkpt lat="45.35838" lon="-75.822764"><ele>24.0</ele><time>2024-06-08T18:35:58Z</time></trkpt>
<trkpt lat="45.358358" lon="-75.822764"><ele>24.0</ele><time>2024-06-08T18:35:59Z</time></trkpt>
<trkpt lat="45.358339" lon="-75.822764"><ele>24.0</ele><time>2024-06-08T18:36:00Z</time></trkpt>
<trkpt lat="45.358323" lon="-75.822764"><ele>24.0</ele><time>2024-06-08T18:36:01Z</time></trkpt>
<trkpt lat="45.358301" lon="-75.822764"><ele>24.0</ele><time>2024-06-08T18:36:02Z</time></trkpt>
<trkpt lat="45.358282" lon="-75.822764"><ele>24.0</ele><time>2024-06-08T18:36:03Z</time></trkpt>
<trkpt lat="45.358263" lon="-75.822764"><ele>24.0</ele><time>2024-06-08T18:36:04Z</time></trkpt>
<trkpt lat="45.358241" lon="-75.822764"><ele>24.0</ele><time>2024-06-08T18:36:05Z</time></trkpt>
<trkpt lat="45.358222" lon="-75.822764"><ele>24.0</ele><time>2024-06-08T18:36:06Z</time></trkpt>
<trkpt lat="45.3582" lon="-75.822764"><ele>24.0</ele><time>2024-06-08T18:36:07Z</time></trkpt>
<trkpt lat="45.358178" lon="-75.822755"><ele>24.0</ele><time>2024-06-08T18:36:08Z</time></trkpt>
<trkpt lat="45.358159" lon="-75.822755"><ele>24.0</ele><time>2024-06-08T18:36:09Z</time></trkpt>
<trkpt lat="45.358136" lon="-75.822755"><ele>24.0</ele><time>2024-06-08T18:36:10Z</time></trkpt>
<trkpt lat="45.358114" lon="-75.822755"><ele>24.0</ele><time>2024-06-08T18:36:11Z</time></trkpt>
<trkpt lat="45.358092" lon="-75.822755"><ele>24.0</ele><time>2024-06-08T18:36:12Z</time></trkpt>
<trkpt lat="45.35807" lon="-75.822755"><ele>24.0</ele><time>2024-06-08T18:36:13Z</time></trkpt>
<trkpt lat="45.358048" lon="-75.822764"><ele>24.0</ele><time>2024-06-08T18:36:14Z</time></trkpt>
<trkpt lat="45.358026" lon="-75.822764"><ele>24.0</ele><time>2024-06-08T18:36:15Z</time></trkpt>
<trkpt lat="45.358003" lon="-75.822773"><ele>24.0</ele><time>2024-06-08T18:36:16Z</time></trkpt>
<trkpt lat="45.357978" lon="-75.822773"><ele>24.0</ele><time>2024-06-08T18:36:17Z</time></trkpt>
<trkpt lat="45.357956" lon="-75.822782"><ele>24.0</ele><time>2024-06-08T18:36:18Z</time></trkpt>
<trkpt lat="45.357934" lon="-75.822791"><ele>24.0</ele><time>2024-06-08T18:36:19Z</time></trkpt>
<trkpt lat="45.357912" lon="-75.8228"><ele>24.0</ele><time>2024-06-08T18:36:20Z</time></trkpt>
<trkpt lat="45.357889" lon="-75.822809"><ele>23.0</ele><time>2024-06-08T18:36:21Z</time></trkpt>
<trkpt lat="45.357864" lon="-75.822818"><ele>24.0</ele><time>2024-06-08T18:36:22Z</time></trkpt>
<trkpt lat="45.357842" lon="-75.822836"><ele>24.0</ele><time>2024-06-08T18:36:23Z</time></trkpt>
<trkpt lat="45.357817" lon="-75.822854"><ele>24.0</ele><time>2024-06-08T18:36:24Z</time></trkpt>
<trkpt lat="45.357791" lon="-75.822863"><ele>24.0</ele><time>2024-06-08T18:36:25Z</time></trkpt>
<trkpt lat="45.357769" lon="-75.822872"><ele>24.0</ele><time>2024-06-08T18:36:26Z</time></trkpt>
<trkpt lat="45.357741" lon="-75.822881"><ele>24.0</ele><time>2024-06-08T18:36:27Z</time></trkpt>
<trkpt lat="45.357715" lon="-75.82289"><ele>24.0</ele><time>2024-06-08T18:36:28Z</time></trkpt>
<trkpt lat="45.35769" lon="-75.82289"><ele>24.0</ele><time>2024-06-08T18:36:29Z</time></trkpt>
<trkpt lat="45.357665" lon="-75.82289"><ele>24.0</ele><time>2024-06-08T18:36:30Z</time></trkpt>
<trkpt lat="45.357636" lon="-75.82289"><ele>24.0</ele><time>2024-06-08T18:36:31Z</time></trkpt>
<trkpt lat="45.357611" lon="-75.82289"><ele>24.0</ele><time>2024-06-08T18:36:32Z</time></trkpt>
<trkpt lat="45.357582" lon="-75.82289"><ele>24.0</ele><time>2024-06-08T18:36:33Z</time></trkpt>
<trkpt lat="45.357554" lon="-75.82289"><ele>24.0</ele><time>2024-06-08T18:36:34Z</time></trkpt>
<trkpt lat="45.357528" lon="-75.822899"><ele>24.0</ele><time>2024-06-08T18:36:35Z</time></trkpt>
<trkpt lat="45.357503" lon="-75.822899"><ele>24.0</ele><time>2024-06-08T18:36:36Z</time></trkpt>
<trkpt lat="45.357475" lon="-75.822899"><ele>24.0</ele><time>2024-06-08T18:36:37Z</time></trkpt>
<trkpt lat="45.357449" lon="-75.822899"><ele>24.0</ele><time>2024-06-08T18:36:38Z</time></trkpt>
<trkpt lat="45.357424" lon="-75.822908"><ele>23.0</ele><time>2024-06-08T18:36:39Z</time></trkpt>
<trkpt lat="45.357395" lon="-75.822908"><ele>23.0</ele><time>2024-06-08T18:36:40Z</time></trkpt>
<trkpt lat="45.357373" lon="-75.822908"><ele>23.0</ele><time>2024-06-08T18:36:41Z</time></trkpt>
<trkpt lat="45.357348" lon="-75.822908"><ele>23.0</ele><time>2024-06-08T18:36:42Z</time></trkpt>
<trkpt lat="45.357319" lon="-75.822908"><ele>24.0</ele><time>2024-06-08T18:36:43Z</time></trkpt>
<trkpt lat="45.357291" lon="-75.822908"><ele>24.0</ele><time>2024-06-08T18:36:44Z</time></trkpt>
<trkpt lat="45.357266" lon="-75.822908"><ele>24.0</ele><time>2024-06-08T18:36:45Z</time></trkpt>
<trkpt lat="45.357234" lon="-75.822908"><ele>23.0</ele><time>2024-06-08T18:36:46Z</time></trkpt>
<trkpt lat="45.357202" lon="-75.822908"><ele>23.0</ele><time>2024-06-08T18:36:47Z</time></trkpt>
<trkpt lat="45.357171" lon="-75.822917"><ele>23.0</ele><time>2024-06-08T18:36:48Z</time></trkpt>
<trkpt lat="45.357145" lon="-75.822926"><ele>23.0</ele><time>2024-06-08T18:36:49Z</time></trkpt>
<trkpt lat="45.35712" lon="-75.822935"><ele>24.0</ele><time>2024-06-08T18:36:50Z</time></trkpt>
<trkpt lat="45.357091" lon="-75.822935"><ele>23.0</ele><time>2024-06-08T18:36:51Z</time></trkpt>
<trkpt lat="45.357063" lon="-75.822944"><ele>23.0</ele><time>2024-06-08T18:36:52Z</time></trkpt>
<trkpt lat="45.357038" lon="-75.822953"><ele>24.0</ele><time>2024-06-08T18:36:53Z</time></trkpt>
<trkpt lat="45.357012" lon="-75.822953"><ele>24.0</ele><time>2024-06-08T18:36:54Z</time></trkpt>
<trkpt lat="45.356987" lon="-75.822962"><ele>24.0</ele><time>2024-06-08T18:36:55Z</time></trkpt>
<trkpt lat="45.356958" lon="-75.822953"><ele>24.0</ele><time>2024-06-08T18:36:56Z</time></trkpt>
<trkpt lat="45.35693" lon="-75.822953"><ele>24.0</ele><time>2024-06-08T18:36:57Z</time></trkpt>
<trkpt lat="45.356901" lon="-75.822953"><ele>24.0</ele><time>2024-06-08T18:36:58Z</time></trkpt>
<trkpt lat="45.356873" lon="-75.822953"><ele>24.0</ele><time>2024-06-08T18:36:59Z</time></trkpt>
<trkpt lat="45.356848" lon="-75.822953"><ele>24.0</ele><time>2024-06-08T18:37:00Z</time></trkpt>
<trkpt lat="45.356822" lon="-75.822953"><ele>24.0</ele><time>2024-06-08T18:37:01Z</time></trkpt>
<trkpt lat="45.356797" lon="-75.822953"><ele>24.0</ele><time>2024-06-08T18:37:02Z</time></trkpt>
<trkpt lat="45.356772" lon="-75.822944"><ele>24.0</ele><time>2024-06-08T18:37:03Z</time></trkpt>
<trkpt lat="45.35674" lon="-75.822953"><ele>24.0</ele><time>2024-06-08T18:37:04Z</time></trkpt>
<trkpt lat="45.356711" lon="-75.822953"><ele>25.0</ele><time>2024-06-08T18:37:05Z</time></trkpt>
<trkpt lat="45.356686" lon="-75.822944"><ele>24.0</ele><time>2024-06-08T18:37:06Z</time></trkpt>
<trkpt lat="45.356667" lon="-75.822944"><ele>24.0</ele><time>2024-06-08T18:37:07Z</time></trkpt>
<trkpt lat="45.356648" lon="-75.822944"><ele>24.0</ele><time>2024-06-08T18:37:08Z</time></trkpt>
<trkpt lat="45.356629" lon="-75.822944"><ele>24.0</ele><time>2024-06-08T18:37:09Z</time></trkpt>
<trkpt lat="45.356607" lon="-75.822944"><ele>24.0</ele><time>2024-06-08T18:37:10Z</time></trkpt>
<trkpt lat="45.356585" lon="-75.822944"><ele>24.0</ele><time>2024-06-08T18:37:11Z</time></trkpt>
<trkpt lat="45.356566" lon="-75.822944"><ele>24.0</ele><time>2024-06-08T18:37:12Z</time></trkpt>
<trkpt lat="45.35655" lon="-75.822944"><ele>24.0</ele><time>2024-06-08T18:37:13Z</time></trkpt>
<trkpt lat="45.356531" lon="-75.822944"><ele>24.0</ele><time>2024-06-08T18:37:14Z</time></trkpt>
<trkpt lat="45.356512" lon="-75.822944"><ele>24.0</ele><time>2024-06-08T18:37:15Z</time></trkpt>
<trkpt lat="45.356496" lon="-75.822944"><ele>24.0</ele><time>2024-06-08T18:37:16Z</time></trkpt>
<trkpt lat="45.35648" lon="-75.822953"><ele>24.0</ele><time>2024-06-08T18:37:17Z</time></trkpt>
<trkpt lat="45.356461" lon="-75.822953"><ele>24.0</ele><time>2024-06-08T18:37:18Z</time></trkpt>
<trkpt lat="45.356445" lon="-75.822953"><ele>24.0</ele><time>2024-06-08T18:37:19Z</time></trkpt>
<trkpt lat="45.35643" lon="-75.822962"><ele>24.0</ele><time>2024-06-08T18:37:20Z</time></trkpt>
<trkpt lat="45.356417" lon="-75.822962"><ele>24.0</ele><time>2024-06-08T18:37:21Z</time></trkpt>
<trkpt lat="45.356407" lon="-75.822962"><ele>24.0</ele><time>2024-06-08T18:37:22Z</time></trkpt>
<trkpt lat="45.356395" lon="-75.822971"><ele>24.0</ele><time>2024-06-08T18:37:23Z</time></trkpt>
<trkpt lat="45.356382" lon="-75.822979"><ele>24.0</ele><time>2024-06-08T18:37:24Z</time></trkpt>
<trkpt lat="45.356369" lon="-75.822979"><ele>24.0</ele><time>2024-06-08T18:37:25Z</time></trkpt>
<trkpt lat="45.356354" lon="-75.822979"><ele>24.0</ele><time>2024-06-08T18:37:26Z</time></trkpt>
<trkpt lat="45.356344" lon="-75.822979"><ele>24.0</ele><time>2024-06-08T18:37:27Z</time></trkpt>
<trkpt lat="45.356335" lon="-75.822988"><ele>24.0</ele><time>2024-06-08T18:37:28Z</time></trkpt>
<trkpt lat="45.356319" lon="-75.822997"><ele>24.0</ele><time>2024-06-08T18:37:29Z</time></trkpt>
<trkpt lat="45.356309" lon="-75.823006"><ele>24.0</ele><time>2024-06-08T18:37:30Z</time></trkpt>
<trkpt lat="45.356297" lon="-75.823015"><ele>24.0</ele><time>2024-06-08T18:37:31Z</time></trkpt>
<trkpt lat="45.356284" lon="-75.823015"><ele>24.0</ele><time>2024-06-08T18:37:32Z</time></trkpt>
<trkpt lat="45.356268" lon="-75.823024"><ele>24.0</ele><time>2024-06-08T18:37:33Z</time></trkpt>
<trkpt lat="45.356252" lon="-75.823024"><ele>24.0</ele><time>2024-06-08T18:37:34Z</time></trkpt>
<trkpt lat="45.35624" lon="-75.823024"><ele>24.0</ele><time>2024-06-08T18:37:35Z</time></trkpt>
<trkpt lat="45.356227" lon="-75.823024"><ele>24.0</ele><time>2024-06-08T18:37:36Z</time></trkpt>
<trkpt lat="45.356214" lon="-75.823024"><ele>24.0</ele><time>2024-06-08T18:37:37Z</time></trkpt>
<trkpt lat="45.356205" lon="-75.823015"><ele>24.0</ele><time>2024-06-08T18:37:38Z</time></trkpt>
<trkpt lat="45.356192" lon="-75.823015"><ele>24.0</ele><time>2024-06-08T18:37:39Z</time></trkpt>
<trkpt lat="45.356183" lon="-75.823006"><ele>24.0</ele><time>2024-06-08T18:37:40Z</time></trkpt>
<trkpt lat="45.35617" lon="-75.822988"><ele>24.0</ele><time>2024-06-08T18:37:41Z</time></trkpt>
<trkpt lat="45.356157" lon="-75.822979"><ele>24.0</ele><time>2024-06-08T18:37:42Z</time></trkpt>
<trkpt lat="45.356145" lon="-75.822971"><ele>24.0</ele><time>2024-06-08T18:37:43Z</time></trkpt>
<trkpt lat="45.356129" lon="-75.822953"><ele>24.0</ele><time>2024-06-08T18:37:44Z</time></trkpt>
<trkpt lat="45.356116" lon="-75.822935"><ele>24.0</ele><time>2024-06-08T18:37:45Z</time></trkpt>
<trkpt lat="45.356107" lon="-75.822926"><ele>24.0</ele><time>2024-06-08T18:37:46Z</time></trkpt>
<trkpt lat="45.356094" lon="-75.822917"><ele>25.0</ele><time>2024-06-08T18:37:47Z</time></trkpt>
<trkpt lat="45.356084" lon="-75.822908"><ele>24.0</ele><time>2024-06-08T18:37:48Z</time></trkpt>
<trkpt lat="45.356072" lon="-75.822899"><ele>25.0</ele><time>2024-06-08T18:37:49Z</time></trkpt>
<trkpt lat="45.356059" lon="-75.82289"><ele>25.0</ele><time>2024-06-08T18:37:50Z</time></trkpt>
<trkpt lat="45.356046" lon="-75.822881"><ele>25.0</ele><time>2024-06-08T18:37:51Z</time></trkpt>
<trkpt lat="45.356034" lon="-75.822872"><ele>25.0</ele><time>2024-06-08T18:37:52Z</time></trkpt>
<trkpt lat="45.356021" lon="-75.822863"><ele>25.0</ele><time>2024-06-08T18:37:53Z</time></trkpt>
<trkpt lat="45.356008" lon="-75.822854"><ele>25.0</ele><time>2024-06-08T18:37:54Z</time></trkpt>
<trkpt lat="45.355999" lon="-75.822845"><ele>24.0</ele><time>2024-06-08T18:37:55Z</time></trkpt>
<trkpt lat="45.355986" lon="-75.822845"><ele>24.0</ele><time>2024-06-08T18:37:56Z</time></trkpt>
<trkpt lat="45.355977" lon="-75.822836"><ele>24.0</ele><time>2024-06-08T18:37:57Z</time></trkpt>
<trkpt lat="45.355964" lon="-75.822836"><ele>24.0</ele><time>2024-06-08T18:37:58Z</time></trkpt>
<trkpt lat="45.355955" lon="-75.822827"><ele>24.0</ele><time>2024-06-08T18:37:59Z</time></trkpt>
<trkpt lat="45.355942" lon="-75.822818"><ele>24.0</ele><time>2024-06-08T18:38:00Z</time></trkpt>
<trkpt lat="45.355929" lon="-75.822818"><ele>24.0</ele><time>2024-06-08T18:38:01Z</time></trkpt>
<trkpt lat="45.35592" lon="-75.822809"><ele>24.0</ele><time>2024-06-08T18:38:02Z</time></trkpt>
<trkpt lat="45.355907" lon="-75.8228"><ele>24.0</ele><time>2024-06-08T18:38:03Z</time></trkpt>
<trkpt lat="45.355894" lon="-75.822791"><ele>24.0</ele><time>2024-06-08T18:38:04Z</time></trkpt>
<trkpt lat="45.355882" lon="-75.822782"><ele>24.0</ele><time>2024-06-08T18:38:05Z</time></trkpt>
<trkpt lat="45.355872" lon="-75.822773"><ele>24.0</ele><time>2024-06-08T18:38:06Z</time></trkpt>
<trkpt lat="45.355863" lon="-75.822773"><ele>24.0</ele><time>2024-06-08T18:38:07Z</time></trkpt>
<trkpt lat="45.35585" lon="-75.822764"><ele>24.0</ele><time>2024-06-08T18:38:08Z</time></trkpt>
<trkpt lat="45.355841" lon="-75.822755"><ele>23.0</ele><time>2024-06-08T18:38:09Z</time></trkpt>
<trkpt lat="45.355828" lon="-75.822746"><ele>24.0</ele><time>2024-06-08T18:38:10Z</time></trkpt>
<trkpt lat="45.355815" lon="-75.822737"><ele>24.0</ele><time>2024-06-08T18:38:11Z</time></trkpt>
<trkpt lat="45.355803" lon="-75.822728"><ele>23.0</ele><time>2024-06-08T18:38:12Z</time></trkpt>
<trkpt lat="45.35579" lon="-75.822737"><ele>23.0</ele><time>2024-06-08T18:38:13Z</time></trkpt>
<trkpt lat="45.355777" lon="-75.822737"><ele>23.0</ele><time>2024-06-08T18:38:14Z</time></trkpt>
<trkpt lat="45.355768" lon="-75.822728"><ele>23.0</ele><time>2024-06-08T18:38:15Z</time></trkpt>
<trkpt lat="45.355755" lon="-75.82271"><ele>24.0</ele><time>2024-06-08T18:38:16Z</time></trkpt>
<trkpt lat="45.355739" lon="-75.82271"><ele>22.0</ele><time>2024-06-08T18:38:17Z</time></trkpt>
<trkpt lat="45.355727" lon="-75.82271"><ele>23.0</ele><time>2024-06-08T18:38:18Z</time></trkpt>
<trkpt lat="45.355711" lon="-75.822701"><ele>22.0</ele><time>2024-06-08T18:38:19Z</time></trkpt>
<trkpt lat="45.355698" lon="-75.822701"><ele>23.0</ele><time>2024-06-08T18:38:20Z</time></trkpt>
<trkpt lat="45.355682" lon="-75.822692"><ele>23.0</ele><time>2024-06-08T18:38:21Z</time></trkpt>
<trkpt lat="45.355663" lon="-75.822701"><ele>23.0</ele><time>2024-06-08T18:38:22Z</time></trkpt>
<trkpt lat="45.355647" lon="-75.82271"><ele>23.0</ele><time>2024-06-08T18:38:23Z</time></trkpt>
<trkpt lat="45.355632" lon="-75.82271"><ele>23.0</ele><time>2024-06-08T18:38:24Z</time></trkpt>
<trkpt lat="45.355616" lon="-75.822719"><ele>23.0</ele><time>2024-06-08T18:38:25Z</time></trkpt>
<trkpt lat="45.3556" lon="-75.822728"><ele>24.0</ele><time>2024-06-08T18:38:26Z</time></trkpt>
<trkpt lat="45.355581" lon="-75.822737"><ele>24.0</ele><time>2024-06-08T18:38:27Z</time></trkpt>
<trkpt lat="45.355556" lon="-75.822773"><ele>21.0</ele><time>2024-06-08T18:38:28Z</time></trkpt>
<trkpt lat="45.355533" lon="-75.8228"><ele>21.0</ele><time>2024-06-08T18:38:29Z</time></trkpt>
<trkpt lat="45.355518" lon="-75.8228"><ele>21.0</ele><time>2024-06-08T18:38:30Z</time></trkpt>
<trkpt lat="45.355505" lon="-75.822791"><ele>21.0</ele><time>2024-06-08T18:38:31Z</time></trkpt>
<trkpt lat="45.355486" lon="-75.822773"><ele>22.0</ele><time>2024-06-08T18:38:32Z</time></trkpt>
<trkpt lat="45.355467" lon="-75.822764"><ele>22.0</ele><time>2024-06-08T18:38:33Z</time></trkpt>
<trkpt lat="45.355448" lon="-75.822755"><ele>21.0</ele><time>2024-06-08T18:38:34Z</time></trkpt>
<trkpt lat="45.355432" lon="-75.822755"><ele>22.0</ele><time>2024-06-08T18:38:35Z</time></trkpt>
<trkpt lat="45.355413" lon="-75.822755"><ele>23.0</ele><time>2024-06-08T18:38:36Z</time></trkpt>
<trkpt lat="45.355391" lon="-75.822746"><ele>23.0</ele><time>2024-06-08T18:38:37Z</time></trkpt>
<trkpt lat="45.355375" lon="-75.822755"><ele>23.0</ele><time>2024-06-08T18:38:38Z</time></trkpt>
<trkpt lat="45.355353" lon="-75.822755"><ele>23.0</ele><time>2024-06-08T18:38:39Z</time></trkpt>
<trkpt lat="45.355334" lon="-75.822755"><ele>23.0</ele><time>2024-06-08T18:38:40Z</time></trkpt>
<trkpt lat="45.355315" lon="-75.822755"><ele>23.0</ele><time>2024-06-08T18:38:41Z</time></trkpt>
<trkpt lat="45.355296" lon="-75.822764"><ele>23.0</ele><time>2024-06-08T18:38:42Z</time></trkpt>
<trkpt lat="45.355277" lon="-75.822764"><ele>24.0</ele><time>2024-06-08T18:38:43Z</time></trkpt>
<trkpt lat="45.355255" lon="-75.822764"><ele>23.0</ele><time>2024-06-08T18:38:44Z</time></trkpt>
<trkpt lat="45.355236" lon="-75.822764"><ele>23.0</ele><time>2024-06-08T18:38:45Z</time></trkpt>
<trkpt lat="45.355217" lon="-75.822764"><ele>24.0</ele><time>2024-06-08T18:38:46Z</time></trkpt>
<trkpt lat="45.355198" lon="-75.822773"><ele>24.0</ele><time>2024-06-08T18:38:47Z</time></trkpt>
<trkpt lat="45.355176" lon="-75.822773"><ele>24.0</ele><time>2024-06-08T18:38:48Z</time></trkpt>
<trkpt lat="45.355157" lon="-75.822773"><ele>23.0</ele><time>2024-06-08T18:38:49Z</time></trkpt>
<trkpt lat="45.355138" lon="-75.822782"><ele>23.0</ele><time>2024-06-08T18:38:50Z</time></trkpt>
<trkpt lat="45.355119" lon="-75.822791"><ele>23.0</ele><time>2024-06-08T18:38:51Z</time></trkpt>
<trkpt lat="45.3551" lon="-75.822791"><ele>23.0</ele><time>2024-06-08T18:38:52Z</time></trkpt>
<trkpt lat="45.355077" lon="-75.8228"><ele>23.0</ele><time>2024-06-08T18:38:53Z</time></trkpt>
<trkpt lat="45.355058" lon="-75.8228"><ele>23.0</ele><time>2024-06-08T18:38:54Z</time></trkpt>
<trkpt lat="45.355036" lon="-75.822809"><ele>23.0</ele><time>2024-06-08T18:38:55Z</time></trkpt>
<trkpt lat="45.355017" lon="-75.822809"><ele>23.0</ele><time>2024-06-08T18:38:56Z</time></trkpt>
<trkpt lat="45.354998" lon="-75.822818"><ele>24.0</ele><time>2024-06-08T18:38:57Z</time></trkpt>
<trkpt lat="45.354979" lon="-75.822818"><ele>24.0</ele><time>2024-06-08T18:38:58Z</time></trkpt>
<trkpt lat="45.35496" lon="-75.822827"><ele>23.0</ele><time>2024-06-08T18:38:59Z</time></trkpt>
<trkpt lat="45.354941" lon="-75.822836"><ele>24.0</ele><time>2024-06-08T18:39:00Z</time></trkpt>
<trkpt lat="45.354919" lon="-75.822836"><ele>24.0</ele><time>2024-06-08T18:39:01Z</time></trkpt>
<trkpt lat="45.3549" lon="-75.822845"><ele>23.0</ele><time>2024-06-08T18:39:02Z</time></trkpt>
<trkpt lat="45.354881" lon="-75.822854"><ele>23.0</ele><time>2024-06-08T18:39:03Z</time></trkpt>
<trkpt lat="45.354862" lon="-75.822854"><ele>24.0</ele><time>2024-06-08T18:39:04Z</time></trkpt>
<trkpt lat="45.35484" lon="-75.822863"><ele>24.0</ele><time>2024-06-08T18:39:05Z</time></trkpt>
<trkpt lat="45.354821" lon="-75.822863"><ele>23.0</ele><time>2024-06-08T18:39:06Z</time></trkpt>
<trkpt lat="45.354799" lon="-75.822872"><ele>23.0</ele><time>2024-06-08T18:39:07Z</time></trkpt>
<trkpt lat="45.35478" lon="-75.822881"><ele>23.0</ele><time>2024-06-08T18:39:08Z</time></trkpt>
<trkpt lat="45.354761" lon="-75.822881"><ele>24.0</ele><time>2024-06-08T18:39:09Z</time></trkpt>
<trkpt lat="45.354735" lon="-75.822881"><ele>24.0</ele><time>2024-06-08T18:39:10Z</time></trkpt>
<trkpt lat="45.35472" lon="-75.822881"><ele>24.0</ele><time>2024-06-08T18:39:11Z</time></trkpt>
<trkpt lat="45.354701" lon="-75.822881"><ele>23.0</ele><time>2024-06-08T18:39:12Z</time></trkpt>
<trkpt lat="45.354682" lon="-75.822881"><ele>24.0</ele><time>2024-06-08T18:39:13Z</time></trkpt>
<trkpt lat="45.354663" lon="-75.822881"><ele>24.0</ele><time>2024-06-08T18:39:14Z</time></trkpt>
<trkpt lat="45.354644" lon="-75.822881"><ele>24.0</ele><time>2024-06-08T18:39:15Z</time></trkpt>
<trkpt lat="45.354621" lon="-75.822872"><ele>24.0</ele><time>2024-06-08T18:39:16Z</time></trkpt>
<trkpt lat="45.354602" lon="-75.822881"><ele>24.0</ele><time>2024-06-08T18:39:17Z</time></trkpt>
<trkpt lat="45.354587" lon="-75.822881"><ele>24.0</ele><time>2024-06-08T18:39:18Z</time></trkpt>
<trkpt lat="45.354568" lon="-75.82289"><ele>24.0</ele><time>2024-06-08T18:39:19Z</time></trkpt>
<trkpt lat="45.354545" lon="-75.82289"><ele>24.0</ele><time>2024-06-08T18:39:20Z</time></trkpt>
<trkpt lat="45.354526" lon="-75.82289"><ele>24.0</ele><time>2024-06-08T18:39:21Z</time></trkpt>
<trkpt lat="45.354507" lon="-75.822899"><ele>24.0</ele><time>2024-06-08T18:39:22Z</time></trkpt>
<trkpt lat="45.354488" lon="-75.822899"><ele>24.0</ele><time>2024-06-08T18:39:23Z</time></trkpt>
<trkpt lat="45.354469" lon="-75.822899"><ele>24.0</ele><time>2024-06-08T18:39:24Z</time></trkpt>
<trkpt lat="45.354447" lon="-75.822899"><ele>24.0</ele><time>2024-06-08T18:39:25Z</time></trkpt>
<trkpt lat="45.354425" lon="-75.822908"><ele>24.0</ele><time>2024-06-08T18:39:26Z</time></trkpt>
<trkpt lat="45.354406" lon="-75.822908"><ele>24.0</ele><time>2024-06-08T18:39:27Z</time></trkpt>
<trkpt lat="45.354387" lon="-75.822908"><ele>24.0</ele><time>2024-06-08T18:39:28Z</time></trkpt>
<trkpt lat="45.354365" lon="-75.822917"><ele>24.0</ele><time>2024-06-08T18:39:29Z</time></trkpt>
<trkpt lat="45.354346" lon="-75.822926"><ele>24.0</ele><time>2024-06-08T18:39:30Z</time></trkpt>
<trkpt lat="45.35433" lon="-75.822935"><ele>24.0</ele><time>2024-06-08T18:39:31Z</time></trkpt>
<trkpt lat="45.354311" lon="-75.822953"><ele>24.0</ele><time>2024-06-08T18:39:32Z</time></trkpt>
<trkpt lat="45.354292" lon="-75.822962"><ele>24.0</ele><time>2024-06-08T18:39:33Z</time></trkpt>
<trkpt lat="45.354276" lon="-75.822979"><ele>24.0</ele><time>2024-06-08T18:39:34Z</time></trkpt>
<trkpt lat="45.354257" lon="-75.822988"><ele>24.0</ele><time>2024-06-08T18:39:35Z</time></trkpt>
<trkpt lat="45.354238" lon="-75.822997"><ele>24.0</ele><time>2024-06-08T18:39:36Z</time></trkpt>
<trkpt lat="45.354216" lon="-75.823006"><ele>24.0</ele><time>2024-06-08T18:39:37Z</time></trkpt>
<trkpt lat="45.3542" lon="-75.823015"><ele>24.0</ele><time>2024-06-08T18:39:38Z</time></trkpt>
<trkpt lat="45.354184" lon="-75.823033"><ele>24.0</ele><time>2024-06-08T18:39:39Z</time></trkpt>
<trkpt lat="45.354169" lon="-75.823051"><ele>24.0</ele><time>2024-06-08T18:39:40Z</time></trkpt>
<trkpt lat="45.354153" lon="-75.82306"><ele>24.0</ele><time>2024-06-08T18:39:41Z</time></trkpt>
<trkpt lat="45.354137" lon="-75.823069"><ele>24.0</ele><time>2024-06-08T18:39:42Z</time></trkpt>
<trkpt lat="45.354118" lon="-75.823078"><ele>24.0</ele><time>2024-06-08T18:39:43Z</time></trkpt>
<trkpt lat="45.354099" lon="-75.823087"><ele>24.0</ele><time>2024-06-08T18:39:44Z</time></trkpt>
<trkpt lat="45.354083" lon="-75.823096"><ele>24.0</ele><time>2024-06-08T18:39:45Z</time></trkpt>
<trkpt lat="45.354067" lon="-75.823114"><ele>24.0</ele><time>2024-06-08T18:39:46Z</time></trkpt>
<trkpt lat="45.354048" lon="-75.823123"><ele>24.0</ele><time>2024-06-08T18:39:47Z</time></trkpt>
<trkpt lat="45.354029" lon="-75.823132"><ele>24.0</ele><time>2024-06-08T18:39:48Z</time></trkpt>
<trkpt lat="45.35401" lon="-75.823141"><ele>24.0</ele><time>2024-06-08T18:39:49Z</time></trkpt>
<trkpt lat="45.353991" lon="-75.82315"><ele>24.0</ele><time>2024-06-08T18:39:50Z</time></trkpt>
<trkpt lat="45.353969" lon="-75.823159"><ele>24.0</ele><time>2024-06-08T18:39:51Z</time></trkpt>
<trkpt lat="45.35395" lon="-75.823168"><ele>24.0</ele><time>2024-06-08T18:39:52Z</time></trkpt>
<trkpt lat="45.353931" lon="-75.823186"><ele>24.0</ele><time>2024-06-08T18:39:53Z</time></trkpt>
<trkpt lat="45.353912" lon="-75.823195"><ele>24.0</ele><time>2024-06-08T18:39:54Z</time></trkpt>
<trkpt lat="45.353893" lon="-75.823204"><ele>24.0</ele><time>2024-06-08T18:39:55Z</time></trkpt>
<trkpt lat="45.353877" lon="-75.823222"><ele>24.0</ele><time>2024-06-08T18:39:56Z</time></trkpt>
<trkpt lat="45.353858" lon="-75.823231"><ele>24.0</ele><time>2024-06-08T18:39:57Z</time></trkpt>
<trkpt lat="45.353836" lon="-75.823249"><ele>24.0</ele><time>2024-06-08T18:39:58Z</time></trkpt>
<trkpt lat="45.35382" lon="-75.823258"><ele>24.0</ele><time>2024-06-08T18:39:59Z</time></trkpt>
<trkpt lat="45.353801" lon="-75.823267"><ele>25.0</ele><time>2024-06-08T18:40:00Z</time></trkpt>
<trkpt lat="45.353782" lon="-75.823276"><ele>25.0</ele><time>2024-06-08T18:40:01Z</time></trkpt>
<trkpt lat="45.353763" lon="-75.823294"><ele>24.0</ele><time>2024-06-08T18:40:02Z</time></trkpt>
<trkpt lat="45.353747" lon="-75.823303"><ele>24.0</ele><time>2024-06-08T18:40:03Z</time></trkpt>
<trkpt lat="45.353728" lon="-75.823312"><ele>24.0</ele><time>2024-06-08T18:40:04Z</time></trkpt>
<trkpt lat="45.353709" lon="-75.823321"><ele>24.0</ele><time>2024-06-08T18:40:05Z</time></trkpt>
<trkpt lat="45.353694" lon="-75.823339"><ele>24.0</ele><time>2024-06-08T18:40:06Z</time></trkpt>
<trkpt lat="45.353678" lon="-75.823348"><ele>25.0</ele><time>2024-06-08T18:40:07Z</time></trkpt>
<trkpt lat="45.353662" lon="-75.823357"><ele>25.0</ele><time>2024-06-08T18:40:08Z</time></trkpt>
<trkpt lat="45.353646" lon="-75.823375"><ele>25.0</ele><time>2024-06-08T18:40:09Z</time></trkpt>
<trkpt lat="45.353633" lon="-75.823384"><ele>25.0</ele><time>2024-06-08T18:40:10Z</time></trkpt>
<trkpt lat="45.353618" lon="-75.823402"><ele>25.0</ele><time>2024-06-08T18:40:11Z</time></trkpt>
<trkpt lat="45.353605" lon="-75.823411"><ele>24.0</ele><time>2024-06-08T18:40:12Z</time></trkpt>
<trkpt lat="45.353589" lon="-75.82342"><ele>24.0</ele><time>2024-06-08T18:40:13Z</time></trkpt>
<trkpt lat="45.353573" lon="-75.823429"><ele>24.0</ele><time>2024-06-08T18:40:14Z</time></trkpt>
<trkpt lat="45.353557" lon="-75.823438"><ele>24.0</ele><time>2024-06-08T18:40:15Z</time></trkpt>
<trkpt lat="45.353542" lon="-75.823447"><ele>24.0</ele><time>2024-06-08T18:40:16Z</time></trkpt>
<trkpt lat="45.353529" lon="-75.823465"><ele>24.0</ele><time>2024-06-08T18:40:17Z</time></trkpt>
<trkpt lat="45.35351" lon="-75.823465"><ele>24.0</ele><time>2024-06-08T18:40:18Z</time></trkpt>
<trkpt lat="45.353494" lon="-75.823474"><ele>24.0</ele><time>2024-06-08T18:40:19Z</time></trkpt>
<trkpt lat="45.353481" lon="-75.823492"><ele>24.0</ele><time>2024-06-08T18:40:20Z</time></trkpt>
<trkpt lat="45.353466" lon="-75.823492"><ele>24.0</ele><time>2024-06-08T18:40:21Z</time></trkpt>
<trkpt lat="45.353447" lon="-75.8235"><ele>24.0</ele><time>2024-06-08T18:40:22Z</time></trkpt>
<trkpt lat="45.353434" lon="-75.823509"><ele>24.0</ele><time>2024-06-08T18:40:23Z</time></trkpt>
<trkpt lat="45.353418" lon="-75.823518"><ele>24.0</ele><time>2024-06-08T18:40:24Z</time></trkpt>
<trkpt lat="45.353402" lon="-75.823527"><ele>24.0</ele><time>2024-06-08T18:40:25Z</time></trkpt>
<trkpt lat="45.35339" lon="-75.823545"><ele>24.0</ele><time>2024-06-08T18:40:26Z</time></trkpt>
<trkpt lat="45.353374" lon="-75.823554"><ele>24.0</ele><time>2024-06-08T18:40:27Z</time></trkpt>
<trkpt lat="45.353358" lon="-75.823563"><ele>24.0</ele><time>2024-06-08T18:40:28Z</time></trkpt>
<trkpt lat="45.353342" lon="-75.823572"><ele>24.0</ele><time>2024-06-08T18:40:29Z</time></trkpt>
<trkpt lat="45.353329" lon="-75.823581"><ele>24.0</ele><time>2024-06-08T18:40:30Z</time></trkpt>
<trkpt lat="45.353314" lon="-75.82359"><ele>24.0</ele><time>2024-06-08T18:40:31Z</time></trkpt>
<trkpt lat="45.353298" lon="-75.823599"><ele>24.0</ele><time>2024-06-08T18:40:32Z</time></trkpt>
<trkpt lat="45.353282" lon="-75.823608"><ele>24.0</ele><time>2024-06-08T18:40:33Z</time></trkpt>
<trkpt lat="45.353266" lon="-75.823617"><ele>24.0</ele><time>2024-06-08T18:40:34Z</time></trkpt>
<trkpt lat="45.35325" lon="-75.823617"><ele>24.0</ele><time>2024-06-08T18:40:35Z</time></trkpt>
<trkpt lat="45.353234" lon="-75.823626"><ele>24.0</ele><time>2024-06-08T18:40:36Z</time></trkpt>
<trkpt lat="45.353219" lon="-75.823644"><ele>24.0</ele><time>2024-06-08T18:40:37Z</time></trkpt>
<trkpt lat="45.353206" lon="-75.823653"><ele>24.0</ele><time>2024-06-08T18:40:38Z</time></trkpt>
<trkpt lat="45.35319" lon="-75.823662"><ele>24.0</ele><time>2024-06-08T18:40:39Z</time></trkpt>
<trkpt lat="45.353177" lon="-75.823671"><ele>24.0</ele><time>2024-06-08T18:40:40Z</time></trkpt>
<trkpt lat="45.353168" lon="-75.82368"><ele>24.0</ele><time>2024-06-08T18:40:41Z</time></trkpt>
<trkpt lat="45.353152" lon="-75.823698"><ele>24.0</ele><time>2024-06-08T18:40:42Z</time></trkpt>
<trkpt lat="45.353139" lon="-75.823707"><ele>24.0</ele><time>2024-06-08T18:40:43Z</time></trkpt>
<trkpt lat="45.353127" lon="-75.823716"><ele>24.0</ele><time>2024-06-08T18:40:44Z</time></trkpt>
<trkpt lat="45.353111" lon="-75.823734"><ele>24.0</ele><time>2024-06-08T18:40:45Z</time></trkpt>
<trkpt lat="45.353098" lon="-75.823743"><ele>24.0</ele><time>2024-06-08T18:40:46Z</time></trkpt>
<trkpt lat="45.353086" lon="-75.823761"><ele>24.0</ele><time>2024-06-08T18:40:47Z</time></trkpt>
<trkpt lat="45.35307" lon="-75.82377"><ele>24.0</ele><time>2024-06-08T18:40:48Z</time></trkpt>
<trkpt lat="45.35306" lon="-75.823788"><ele>24.0</ele><time>2024-06-08T18:40:49Z</time></trkpt>
<trkpt lat="45.353048" lon="-75.823806"><ele>24.0</ele><time>2024-06-08T18:40:50Z</time></trkpt>
<trkpt lat="45.353038" lon="-75.823815"><ele>24.0</ele><time>2024-06-08T18:40:51Z</time></trkpt>
<trkpt lat="45.353032" lon="-75.823842"><ele>24.0</ele><time>2024-06-08T18:40:52Z</time></trkpt>
<trkpt lat="45.353025" lon="-75.82386"><ele>24.0</ele><time>2024-06-08T18:40:53Z</time></trkpt>
<trkpt lat="45.353019" lon="-75.823878"><ele>24.0</ele><time>2024-06-08T18:40:54Z</time></trkpt>
<trkpt lat="45.353016" lon="-75.823896"><ele>24.0</ele><time>2024-06-08T18:40:55Z</time></trkpt>
<trkpt lat="45.353013" lon="-75.823914"><ele>24.0</ele><time>2024-06-08T18:40:56Z</time></trkpt>
<trkpt lat="45.353013" lon="-75.823941"><ele>24.0</ele><time>2024-06-08T18:40:57Z</time></trkpt>
<trkpt lat="45.353013" lon="-75.823959"><ele>24.0</ele><time>2024-06-08T18:40:58Z</time></trkpt>
<trkpt lat="45.353013" lon="-75.823977"><ele>24.0</ele><time>2024-06-08T18:40:59Z</time></trkpt>
<trkpt lat="45.35301" lon="-75.823995"><ele>24.0</ele><time>2024-06-08T18:41:00Z</time></trkpt>
<trkpt lat="45.35301" lon="-75.824013"><ele>24.0</ele><time>2024-06-08T18:41:01Z</time></trkpt>
<trkpt lat="45.35301" lon="-75.82403"><ele>24.0</ele><time>2024-06-08T18:41:02Z</time></trkpt>
<trkpt lat="45.35301" lon="-75.824057"><ele>24.0</ele><time>2024-06-08T18:41:03Z</time></trkpt>
<trkpt lat="45.353013" lon="-75.824075"><ele>24.0</ele><time>2024-06-08T18:41:04Z</time></trkpt>
<trkpt lat="45.353016" lon="-75.824093"><ele>24.0</ele><time>2024-06-08T18:41:05Z</time></trkpt>
<trkpt lat="45.353013" lon="-75.824111"><ele>24.0</ele><time>2024-06-08T18:41:06Z</time></trkpt>
<trkpt lat="45.353013" lon="-75.824138"><ele>24.0</ele><time>2024-06-08T18:41:07Z</time></trkpt>
<trkpt lat="45.353013" lon="-75.824156"><ele>24.0</ele><time>2024-06-08T18:41:08Z</time></trkpt>
<trkpt lat="45.353013" lon="-75.824174"><ele>23.0</ele><time>2024-06-08T18:41:09Z</time></trkpt>
<trkpt lat="45.353016" lon="-75.824192"><ele>23.0</ele><time>2024-06-08T18:41:10Z</time></trkpt>
<trkpt lat="45.353016" lon="-75.82421"><ele>23.0</ele><time>2024-06-08T18:41:11Z</time></trkpt>
<trkpt lat="45.353019" lon="-75.824228"><ele>23.0</ele><time>2024-06-08T18:41:12Z</time></trkpt>
<trkpt lat="45.353022" lon="-75.824237"><ele>24.0</ele><time>2024-06-08T18:41:13Z</time></trkpt>
<trkpt lat="45.353025" lon="-75.824255"><ele>24.0</ele><time>2024-06-08T18:41:14Z</time></trkpt>
<trkpt lat="45.353029" lon="-75.824273"><ele>24.0</ele><time>2024-06-08T18:41:15Z</time></trkpt>
<trkpt lat="45.353035" lon="-75.824291"><ele>23.0</ele><time>2024-06-08T18:41:16Z</time></trkpt>
<trkpt lat="45.353038" lon="-75.8243"><ele>24.0</ele><time>2024-06-08T18:41:17Z</time></trkpt>
<trkpt lat="45.353041" lon="-75.824318"><ele>23.0</ele><time>2024-06-08T18:41:18Z</time></trkpt>
<trkpt lat="45.353044" lon="-75.824336"><ele>24.0</ele><time>2024-06-08T18:41:19Z</time></trkpt>
<trkpt lat="45.353051" lon="-75.824345"><ele>24.0</ele><time>2024-06-08T18:41:20Z</time></trkpt>
<trkpt lat="45.353051" lon="-75.824363"><ele>24.0</ele><time>2024-06-08T18:41:21Z</time></trkpt>
<trkpt lat="45.353054" lon="-75.824372"><ele>24.0</ele><time>2024-06-08T18:41:22Z</time></trkpt>
<trkpt lat="45.35306" lon="-75.82439"><ele>25.0</ele><time>2024-06-08T18:41:23Z</time></trkpt>
<trkpt lat="45.353067" lon="-75.824408"><ele>25.0</ele><time>2024-06-08T18:41:24Z</time></trkpt>
<trkpt lat="45.35307" lon="-75.824426"><ele>25.0</ele><time>2024-06-08T18:41:25Z</time></trkpt>
<trkpt lat="45.353076" lon="-75.824444"><ele>25.0</ele><time>2024-06-08T18:41:26Z</time></trkpt>
<trkpt lat="45.353079" lon="-75.824462"><ele>25.0</ele><time>2024-06-08T18:41:27Z</time></trkpt>
<trkpt lat="45.353086" lon="-75.82448"><ele>25.0</ele><time>2024-06-08T18:41:28Z</time></trkpt>
<trkpt lat="45.353092" lon="-75.824498"><ele>25.0</ele><time>2024-06-08T18:41:29Z</time></trkpt>
<trkpt lat="45.353098" lon="-75.824525"><ele>25.0</ele><time>2024-06-08T18:41:30Z</time></trkpt>
<trkpt lat="45.353101" lon="-75.824543"><ele>25.0</ele><time>2024-06-08T18:41:31Z</time></trkpt>
<trkpt lat="45.353108" lon="-75.82456"><ele>25.0</ele><time>2024-06-08T18:41:32Z</time></trkpt>
<trkpt lat="45.353114" lon="-75.824578"><ele>25.0</ele><time>2024-06-08T18:41:33Z</time></trkpt>
<trkpt lat="45.35312" lon="-75.824596"><ele>25.0</ele><time>2024-06-08T18:41:34Z</time></trkpt>
<trkpt lat="45.35313" lon="-75.824614"><ele>25.0</ele><time>2024-06-08T18:41:35Z</time></trkpt>
<trkpt lat="45.353136" lon="-75.824632"><ele>25.0</ele><time>2024-06-08T18:41:36Z</time></trkpt>
<trkpt lat="45.353143" lon="-75.824659"><ele>25.0</ele><time>2024-06-08T18:41:37Z</time></trkpt>
<trkpt lat="45.353149" lon="-75.824677"><ele>25.0</ele><time>2024-06-08T18:41:38Z</time></trkpt>
<trkpt lat="45.353152" lon="-75.824695"><ele>25.0</ele><time>2024-06-08T18:41:39Z</time></trkpt>
<trkpt lat="45.353162" lon="-75.824713"><ele>25.0</ele><time>2024-06-08T18:41:40Z</time></trkpt>
<trkpt lat="45.353168" lon="-75.82474"><ele>25.0</ele><time>2024-06-08T18:41:41Z</time></trkpt>
<trkpt lat="45.353174" lon="-75.824758"><ele>25.0</ele><time>2024-06-08T18:41:42Z</time></trkpt>
<trkpt lat="45.353181" lon="-75.824776"><ele>25.0</ele><time>2024-06-08T18:41:43Z</time></trkpt>
<trkpt lat="45.353187" lon="-75.824794"><ele>25.0</ele><time>2024-06-08T18:41:44Z</time></trkpt>
<trkpt lat="45.35319" lon="-75.824821"><ele>25.0</ele><time>2024-06-08T18:41:45Z</time></trkpt>
<trkpt lat="45.353196" lon="-75.824839"><ele>25.0</ele><time>2024-06-08T18:41:46Z</time></trkpt>
<trkpt lat="45.353203" lon="-75.824857"><ele>25.0</ele><time>2024-06-08T18:41:47Z</time></trkpt>
<trkpt lat="45.353209" lon="-75.824875"><ele>25.0</ele><time>2024-06-08T18:41:48Z</time></trkpt>
<trkpt lat="45.353215" lon="-75.824893"><ele>25.0</ele><time>2024-06-08T18:41:49Z</time></trkpt>
<trkpt lat="45.353222" lon="-75.824911"><ele>24.0</ele><time>2024-06-08T18:41:50Z</time></trkpt>
<trkpt lat="45.353225" lon="-75.824938"><ele>24.0</ele><time>2024-06-08T18:41:51Z</time></trkpt>
<trkpt lat="45.353231" lon="-75.824956"><ele>24.0</ele><time>2024-06-08T18:41:52Z</time></trkpt>
<trkpt lat="45.353238" lon="-75.824974"><ele>24.0</ele><time>2024-06-08T18:41:53Z</time></trkpt>
<trkpt lat="45.353241" lon="-75.824992"><ele>24.0</ele><time>2024-06-08T18:41:54Z</time></trkpt>
<trkpt lat="45.353247" lon="-75.82501"><ele>24.0</ele><time>2024-06-08T18:41:55Z</time></trkpt>
<trkpt lat="45.353253" lon="-75.825028"><ele>24.0</ele><time>2024-06-08T18:41:56Z</time></trkpt>
<trkpt lat="45.35326" lon="-75.825055"><ele>24.0</ele><time>2024-06-08T18:41:57Z</time></trkpt>
<trkpt lat="45.353266" lon="-75.825072"><ele>24.0</ele><time>2024-06-08T18:41:58Z</time></trkpt>
<trkpt lat="45.353272" lon="-75.82509"><ele>24.0</ele><time>2024-06-08T18:41:59Z</time></trkpt>
<trkpt lat="45.353279" lon="-75.825108"><ele>24.0</ele><time>2024-06-08T18:42:00Z</time></trkpt>
<trkpt lat="45.353282" lon="-75.825126"><ele>24.0</ele><time>2024-06-08T18:42:01Z</time></trkpt>
<trkpt lat="45.353288" lon="-75.825144"><ele>24.0</ele><time>2024-06-08T18:42:02Z</time></trkpt>
<trkpt lat="45.353295" lon="-75.825162"><ele>24.0</ele><time>2024-06-08T18:42:03Z</time></trkpt>
<trkpt lat="45.353298" lon="-75.82518"><ele>24.0</ele><time>2024-06-08T18:42:04Z</time></trkpt>
<trkpt lat="45.353301" lon="-75.825207"><ele>24.0</ele><time>2024-06-08T18:42:05Z</time></trkpt>
<trkpt lat="45.353307" lon="-75.825225"><ele>24.0</ele><time>2024-06-08T18:42:06Z</time></trkpt>
<trkpt lat="45.353314" lon="-75.825234"><ele>24.0</ele><time>2024-06-08T18:42:07Z</time></trkpt>
<trkpt lat="45.353323" lon="-75.825252"><ele>24.0</ele><time>2024-06-08T18:42:08Z</time></trkpt>
<trkpt lat="45.353333" lon="-75.82527"><ele>24.0</ele><time>2024-06-08T18:42:09Z</time></trkpt>
<trkpt lat="45.353342" lon="-75.825288"><ele>24.0</ele><time>2024-06-08T18:42:10Z</time></trkpt>
<trkpt lat="45.353352" lon="-75.825306"><ele>24.0</ele><time>2024-06-08T18:42:11Z</time></trkpt>
<trkpt lat="45.353361" lon="-75.825315"><ele>24.0</ele><time>2024-06-08T18:42:12Z</time></trkpt>
<trkpt lat="45.353371" lon="-75.825333"><ele>24.0</ele><time>2024-06-08T18:42:13Z</time></trkpt>
<trkpt lat="45.353377" lon="-75.825351"><ele>24.0</ele><time>2024-06-08T18:42:14Z</time></trkpt>
<trkpt lat="45.353386" lon="-75.825369"><ele>24.0</ele><time>2024-06-08T18:42:15Z</time></trkpt>
<trkpt lat="45.353393" lon="-75.825387"><ele>24.0</ele><time>2024-06-08T18:42:16Z</time></trkpt>
<trkpt lat="45.353402" lon="-75.825405"><ele>24.0</ele><time>2024-06-08T18:42:17Z</time></trkpt>
<trkpt lat="45.353409" lon="-75.825423"><ele>24.0</ele><time>2024-06-08T18:42:18Z</time></trkpt>
<trkpt lat="45.353415" lon="-75.825432"><ele>24.0</ele><time>2024-06-08T18:42:19Z</time></trkpt>
<trkpt lat="45.353418" lon="-75.82545"><ele>24.0</ele><time>2024-06-08T18:42:20Z</time></trkpt>
<trkpt lat="45.353424" lon="-75.825468"><ele>24.0</ele><time>2024-06-08T18:42:21Z</time></trkpt>
<trkpt lat="45.353431" lon="-75.825486"><ele>24.0</ele><time>2024-06-08T18:42:22Z</time></trkpt>
<trkpt lat="45.353437" lon="-75.825504"><ele>24.0</ele><time>2024-06-08T18:42:23Z</time></trkpt>
<trkpt lat="45.353443" lon="-75.825522"><ele>24.0</ele><time>2024-06-08T18:42:24Z</time></trkpt>
<trkpt lat="45.35345" lon="-75.82554"><ele>24.0</ele><time>2024-06-08T18:42:25Z</time></trkpt>
<trkpt lat="45.353456" lon="-75.825558"><ele>24.0</ele><time>2024-06-08T18:42:26Z</time></trkpt>
<trkpt lat="45.353462" lon="-75.825576"><ele>24.0</ele><time>2024-06-08T18:42:27Z</time></trkpt>
<trkpt lat="45.353466" lon="-75.825593"><ele>25.0</ele><time>2024-06-08T18:42:28Z</time></trkpt>
<trkpt lat="45.353472" lon="-75.825611"><ele>24.0</ele><time>2024-06-08T18:42:29Z</time></trkpt>
<trkpt lat="45.353478" lon="-75.825629"><ele>24.0</ele><time>2024-06-08T18:42:30Z</time></trkpt>
<trkpt lat="45.353485" lon="-75.825647"><ele>25.0</ele><time>2024-06-08T18:42:31Z</time></trkpt>
<trkpt lat="45.353491" lon="-75.825665"><ele>25.0</ele><time>2024-06-08T18:42:32Z</time></trkpt>
<trkpt lat="45.353494" lon="-75.825683"><ele>24.0</ele><time>2024-06-08T18:42:33Z</time></trkpt>
<trkpt lat="45.3535" lon="-75.825701"><ele>24.0</ele><time>2024-06-08T18:42:34Z</time></trkpt>
<trkpt lat="45.353507" lon="-75.825719"><ele>24.0</ele><time>2024-06-08T18:42:35Z</time></trkpt>
<trkpt lat="45.35351" lon="-75.825737"><ele>24.0</ele><time>2024-06-08T18:42:36Z</time></trkpt>
<trkpt lat="45.353513" lon="-75.825755"><ele>25.0</ele><time>2024-06-08T18:42:37Z</time></trkpt>
<trkpt lat="45.353519" lon="-75.825782"><ele>25.0</ele><time>2024-06-08T18:42:38Z</time></trkpt>
<trkpt lat="45.353526" lon="-75.8258"><ele>24.0</ele><time>2024-06-08T18:42:39Z</time></trkpt>
<trkpt lat="45.353532" lon="-75.825818"><ele>24.0</ele><time>2024-06-08T18:42:40Z</time></trkpt>
<trkpt lat="45.353535" lon="-75.825836"><ele>25.0</ele><time>2024-06-08T18:42:41Z</time></trkpt>
<trkpt lat="45.353542" lon="-75.825854"><ele>25.0</ele><time>2024-06-08T18:42:42Z</time></trkpt>
<trkpt lat="45.353548" lon="-75.825872"><ele>25.0</ele><time>2024-06-08T18:42:43Z</time></trkpt>
<trkpt lat="45.353554" lon="-75.82589"><ele>25.0</ele><time>2024-06-08T18:42:44Z</time></trkpt>
<trkpt lat="45.353557" lon="-75.825908"><ele>25.0</ele><time>2024-06-08T18:42:45Z</time></trkpt>
<trkpt lat="45.353564" lon="-75.825926"><ele>25.0</ele><time>2024-06-08T18:42:46Z</time></trkpt>
<trkpt lat="45.353567" lon="-75.825944"><ele>24.0</ele><time>2024-06-08T18:42:47Z</time></trkpt>
<trkpt lat="45.353573" lon="-75.825962"><ele>25.0</ele><time>2024-06-08T18:42:48Z</time></trkpt>
<trkpt lat="45.353576" lon="-75.825989"><ele>25.0</ele><time>2024-06-08T18:42:49Z</time></trkpt>
<trkpt lat="45.353583" lon="-75.826007"><ele>25.0</ele><time>2024-06-08T18:42:50Z</time></trkpt>
<trkpt lat="45.353586" lon="-75.826025"><ele>25.0</ele><time>2024-06-08T18:42:51Z</time></trkpt>
<trkpt lat="45.353589" lon="-75.826043"><ele>25.0</ele><time>2024-06-08T18:42:52Z</time></trkpt>
<trkpt lat="45.353595" lon="-75.826061"><ele>25.0</ele><time>2024-06-08T18:42:53Z</time></trkpt>
<trkpt lat="45.353599" lon="-75.826079"><ele>25.0</ele><time>2024-06-08T18:42:54Z</time></trkpt>
<trkpt lat="45.353605" lon="-75.826097"><ele>25.0</ele><time>2024-06-08T18:42:55Z</time></trkpt>
<trkpt lat="45.353608" lon="-75.826114"><ele>25.0</ele><time>2024-06-08T18:42:56Z</time></trkpt>
<trkpt lat="45.353611" lon="-75.826132"><ele>25.0</ele><time>2024-06-08T18:42:57Z</time></trkpt>
<trkpt lat="45.353614" lon="-75.82615"><ele>25.0</ele><time>2024-06-08T18:42:58Z</time></trkpt>
<trkpt lat="45.353618" lon="-75.826168"><ele>25.0</ele><time>2024-06-08T18:42:59Z</time></trkpt>
<trkpt lat="45.353624" lon="-75.826186"><ele>25.0</ele><time>2024-06-08T18:43:00Z</time></trkpt>
<trkpt lat="45.353627" lon="-75.826204"><ele>25.0</ele><time>2024-06-08T18:43:01Z</time></trkpt>
<trkpt lat="45.35363" lon="-75.826222"><ele>25.0</ele><time>2024-06-08T18:43:02Z</time></trkpt>
<trkpt lat="45.353633" lon="-75.82624"><ele>25.0</ele><time>2024-06-08T18:43:03Z</time></trkpt>
<trkpt lat="45.353637" lon="-75.826258"><ele>25.0</ele><time>2024-06-08T18:43:04Z</time></trkpt>
<trkpt lat="45.35364" lon="-75.826276"><ele>25.0</ele><time>2024-06-08T18:43:05Z</time></trkpt>
<trkpt lat="45.353643" lon="-75.826294"><ele>25.0</ele><time>2024-06-08T18:43:06Z</time></trkpt>
<trkpt lat="45.353646" lon="-75.826312"><ele>25.0</ele><time>2024-06-08T18:43:07Z</time></trkpt>
<trkpt lat="45.353649" lon="-75.826339"><ele>25.0</ele><time>2024-06-08T18:43:08Z</time></trkpt>
<trkpt lat="45.353652" lon="-75.826357"><ele>25.0</ele><time>2024-06-08T18:43:09Z</time></trkpt>
<trkpt lat="45.353656" lon="-75.826375"><ele>25.0</ele><time>2024-06-08T18:43:10Z</time></trkpt>
<trkpt lat="45.353656" lon="-75.826393"><ele>25.0</ele><time>2024-06-08T18:43:11Z</time></trkpt>
<trkpt lat="45.353662" lon="-75.826411"><ele>25.0</ele><time>2024-06-08T18:43:12Z</time></trkpt>
<trkpt lat="45.353665" lon="-75.826429"><ele>25.0</ele><time>2024-06-08T18:43:13Z</time></trkpt>
<trkpt lat="45.353668" lon="-75.826447"><ele>25.0</ele><time>2024-06-08T18:43:14Z</time></trkpt>
<trkpt lat="45.353671" lon="-75.826465"><ele>25.0</ele><time>2024-06-08T18:43:15Z</time></trkpt>
<trkpt lat="45.353671" lon="-75.826483"><ele>25.0</ele><time>2024-06-08T18:43:16Z</time></trkpt>
<trkpt lat="45.353675" lon="-75.826501"><ele>25.0</ele><time>2024-06-08T18:43:17Z</time></trkpt>
<trkpt lat="45.353675" lon="-75.826519"><ele>25.0</ele><time>2024-06-08T18:43:18Z</time></trkpt>
<trkpt lat="45.353675" lon="-75.826537"><ele>25.0</ele><time>2024-06-08T18:43:19Z</time></trkpt>
<trkpt lat="45.353675" lon="-75.826555"><ele>25.0</ele><time>2024-06-08T18:43:20Z</time></trkpt>
<trkpt lat="45.353675" lon="-75.826573"><ele>25.0</ele><time>2024-06-08T18:43:21Z</time></trkpt>
<trkpt lat="45.353671" lon="-75.826591"><ele>25.0</ele><time>2024-06-08T18:43:22Z</time></trkpt>
<trkpt lat="45.353668" lon="-75.826618"><ele>25.0</ele><time>2024-06-08T18:43:23Z</time></trkpt>
<trkpt lat="45.353665" lon="-75.826635"><ele>25.0</ele><time>2024-06-08T18:43:24Z</time></trkpt>
<trkpt lat="45.353662" lon="-75.826653"><ele>25.0</ele><time>2024-06-08T18:43:25Z</time></trkpt>
<trkpt lat="45.353656" lon="-75.826671"><ele>25.0</ele><time>2024-06-08T18:43:26Z</time></trkpt>
<trkpt lat="45.353652" lon="-75.826689"><ele>25.0</ele><time>2024-06-08T18:43:27Z</time></trkpt>
<trkpt lat="45.353646" lon="-75.826707"><ele>25.0</ele><time>2024-06-08T18:43:28Z</time></trkpt>
<trkpt lat="45.35364" lon="-75.826725"><ele>25.0</ele><time>2024-06-08T18:43:29Z</time></trkpt>
<trkpt lat="45.353633" lon="-75.826743"><ele>25.0</ele><time>2024-06-08T18:43:30Z</time></trkpt>
<trkpt lat="45.353627" lon="-75.826761"><ele>25.0</ele><time>2024-06-08T18:43:31Z</time></trkpt>
<trkpt lat="45.353618" lon="-75.826779"><ele>25.0</ele><time>2024-06-08T18:43:32Z</time></trkpt>
<trkpt lat="45.353608" lon="-75.826797"><ele>25.0</ele><time>2024-06-08T18:43:33Z</time></trkpt>
<trkpt lat="45.353599" lon="-75.826806"><ele>25.0</ele><time>2024-06-08T18:43:34Z</time></trkpt>
<trkpt lat="45.353589" lon="-75.826815"><ele>25.0</ele><time>2024-06-08T18:43:35Z</time></trkpt>
<trkpt lat="45.35358" lon="-75.826833"><ele>25.0</ele><time>2024-06-08T18:43:36Z</time></trkpt>
<trkpt lat="45.35357" lon="-75.826842"><ele>25.0</ele><time>2024-06-08T18:43:37Z</time></trkpt>
<trkpt lat="45.353557" lon="-75.826851"><ele>25.0</ele><time>2024-06-08T18:43:38Z</time></trkpt>
<trkpt lat="45.353548" lon="-75.82686"><ele>25.0</ele><time>2024-06-08T18:43:39Z</time></trkpt>
<trkpt lat="45.353535" lon="-75.826878"><ele>25.0</ele><time>2024-06-08T18:43:40Z</time></trkpt>
<trkpt lat="45.353523" lon="-75.826887"><ele>25.0</ele><time>2024-06-08T18:43:41Z</time></trkpt>
<trkpt lat="45.353513" lon="-75.826896"><ele>25.0</ele><time>2024-06-08T18:43:42Z</time></trkpt>
<trkpt lat="45.3535" lon="-75.826905"><ele>25.0</ele><time>2024-06-08T18:43:43Z</time></trkpt>
<trkpt lat="45.353488" lon="-75.826914"><ele>25.0</ele><time>2024-06-08T18:43:44Z</time></trkpt>
<trkpt lat="45.353475" lon="-75.826914"><ele>25.0</ele><time>2024-06-08T18:43:45Z</time></trkpt>
<trkpt lat="45.353462" lon="-75.826923"><ele>25.0</ele><time>2024-06-08T18:43:46Z</time></trkpt>
<trkpt lat="45.35345" lon="-75.826932"><ele>25.0</ele><time>2024-06-08T18:43:47Z</time></trkpt>
<trkpt lat="45.353437" lon="-75.826941"><ele>25.0</ele><time>2024-06-08T18:43:48Z</time></trkpt>
<trkpt lat="45.353428" lon="-75.82695"><ele>25.0</ele><time>2024-06-08T18:43:49Z</time></trkpt>
<trkpt lat="45.353415" lon="-75.82695"><ele>25.0</ele><time>2024-06-08T18:43:50Z</time></trkpt>
<trkpt lat="45.353402" lon="-75.826959"><ele>25.0</ele><time>2024-06-08T18:43:51Z</time></trkpt>
<trkpt lat="45.35339" lon="-75.826968"><ele>24.0</ele><time>2024-06-08T18:43:52Z</time></trkpt>
<trkpt lat="45.35338" lon="-75.826977"><ele>25.0</ele><time>2024-06-08T18:43:53Z</time></trkpt>
<trkpt lat="45.353367" lon="-75.826986"><ele>25.0</ele><time>2024-06-08T18:43:54Z</time></trkpt>
<trkpt lat="45.353355" lon="-75.826986"><ele>25.0</ele><time>2024-06-08T18:43:55Z</time></trkpt>
<trkpt lat="45.353345" lon="-75.826995"><ele>24.0</ele><time>2024-06-08T18:43:56Z</time></trkpt>
<trkpt lat="45.353333" lon="-75.827004"><ele>25.0</ele><time>2024-06-08T18:43:57Z</time></trkpt>
<trkpt lat="45.353323" lon="-75.827004"><ele>24.0</ele><time>2024-06-08T18:43:58Z</time></trkpt>
<trkpt lat="45.35331" lon="-75.827013"><ele>24.0</ele><time>2024-06-08T18:43:59Z</time></trkpt>
<trkpt lat="45.353301" lon="-75.827022"><ele>25.0</ele><time>2024-06-08T18:44:00Z</time></trkpt>
<trkpt lat="45.353288" lon="-75.827031"><ele>25.0</ele><time>2024-06-08T18:44:01Z</time></trkpt>
<trkpt lat="45.353279" lon="-75.827031"><ele>24.0</ele><time>2024-06-08T18:44:02Z</time></trkpt>
<trkpt lat="45.353266" lon="-75.82704"><ele>25.0</ele><time>2024-06-08T18:44:03Z</time></trkpt>
<trkpt lat="45.353257" lon="-75.827049"><ele>25.0</ele><time>2024-06-08T18:44:04Z</time></trkpt>
<trkpt lat="45.353244" lon="-75.827058"><ele>24.0</ele><time>2024-06-08T18:44:05Z</time></trkpt>
<trkpt lat="45.353234" lon="-75.827058"><ele>25.0</ele><time>2024-06-08T18:44:06Z</time></trkpt>
<trkpt lat="45.353222" lon="-75.827067"><ele>25.0</ele><time>2024-06-08T18:44:07Z</time></trkpt>
<trkpt lat="45.353212" lon="-75.827076"><ele>25.0</ele><time>2024-06-08T18:44:08Z</time></trkpt>
<trkpt lat="45.353203" lon="-75.827085"><ele>24.0</ele><time>2024-06-08T18:44:09Z</time></trkpt>
<trkpt lat="45.35319" lon="-75.827085"><ele>25.0</ele><time>2024-06-08T18:44:10Z</time></trkpt>
<trkpt lat="45.353181" lon="-75.827094"><ele>24.0</ele><time>2024-06-08T18:44:11Z</time></trkpt>
<trkpt lat="45.353168" lon="-75.827103"><ele>25.0</ele><time>2024-06-08T18:44:12Z</time></trkpt>
<trkpt lat="45.353158" lon="-75.827112"><ele>25.0</ele><time>2024-06-08T18:44:13Z</time></trkpt>
<trkpt lat="45.353149" lon="-75.827121"><ele>25.0</ele><time>2024-06-08T18:44:14Z</time></trkpt>
<trkpt lat="45.353139" lon="-75.82713"><ele>25.0</ele><time>2024-06-08T18:44:15Z</time></trkpt>
<trkpt lat="45.35313" lon="-75.827139"><ele>25.0</ele><time>2024-06-08T18:44:16Z</time></trkpt>
<trkpt lat="45.353117" lon="-75.827148"><ele>25.0</ele><time>2024-06-08T18:44:17Z</time></trkpt>
<trkpt lat="45.353105" lon="-75.827148"><ele>25.0</ele><time>2024-06-08T18:44:18Z</time></trkpt>
<trkpt lat="45.353095" lon="-75.827156"><ele>25.0</ele><time>2024-06-08T18:44:19Z</time></trkpt>
<trkpt lat="45.353086" lon="-75.827156"><ele>25.0</ele><time>2024-06-08T18:44:20Z</time></trkpt>
<trkpt lat="45.353073" lon="-75.827165"><ele>25.0</ele><time>2024-06-08T18:44:21Z</time></trkpt>
<trkpt lat="45.353063" lon="-75.827174"><ele>25.0</ele><time>2024-06-08T18:44:22Z</time></trkpt>
<trkpt lat="45.353054" lon="-75.827174"><ele>25.0</ele><time>2024-06-08T18:44:23Z</time></trkpt>
<trkpt lat="45.353041" lon="-75.827174"><ele>25.0</ele><time>2024-06-08T18:44:24Z</time></trkpt>
<trkpt lat="45.353035" lon="-75.827174"><ele>25.0</ele><time>2024-06-08T18:44:25Z</time></trkpt>
<trkpt lat="45.353025" lon="-75.827183"><ele>25.0</ele><time>2024-06-08T18:44:26Z</time></trkpt>
<trkpt lat="45.353016" lon="-75.827183"><ele>25.0</ele><time>2024-06-08T18:44:27Z</time></trkpt>
<trkpt lat="45.353006" lon="-75.827192"><ele>25.0</ele><time>2024-06-08T18:44:28Z</time></trkpt>
<trkpt lat="45.352997" lon="-75.827201"><ele>25.0</ele><time>2024-06-08T18:44:29Z</time></trkpt>
<trkpt lat="45.352984" lon="-75.827201"><ele>25.0</ele><time>2024-06-08T18:44:30Z</time></trkpt>
<trkpt lat="45.352975" lon="-75.82721"><ele>25.0</ele><time>2024-06-08T18:44:31Z</time></trkpt>
<trkpt lat="45.352962" lon="-75.827219"><ele>25.0</ele><time>2024-06-08T18:44:32Z</time></trkpt>
<trkpt lat="45.352949" lon="-75.827228"><ele>25.0</ele><time>2024-06-08T18:44:33Z</time></trkpt>
<trkpt lat="45.352937" lon="-75.827228"><ele>25.0</ele><time>2024-06-08T18:44:34Z</time></trkpt>
<trkpt lat="45.352927" lon="-75.827237"><ele>25.0</ele><time>2024-06-08T18:44:35Z</time></trkpt>
<trkpt lat="45.352915" lon="-75.827246"><ele>25.0</ele><time>2024-06-08T18:44:36Z</time></trkpt>
<trkpt lat="45.352905" lon="-75.827255"><ele>25.0</ele><time>2024-06-08T18:44:37Z</time></trkpt>
<trkpt lat="45.352896" lon="-75.827255"><ele>25.0</ele><time>2024-06-08T18:44:38Z</time></trkpt>
<trkpt lat="45.352886" lon="-75.827264"><ele>25.0</ele><time>2024-06-08T18:44:39Z</time></trkpt>
<trkpt lat="45.352873" lon="-75.827264"><ele>25.0</ele><time>2024-06-08T18:44:40Z</time></trkpt>
<trkpt lat="45.352864" lon="-75.827273"><ele>25.0</ele><time>2024-06-08T18:44:41Z</time></trkpt>
<trkpt lat="45.352854" lon="-75.827282"><ele>25.0</ele><time>2024-06-08T18:44:42Z</time></trkpt>
<trkpt lat="45.352845" lon="-75.827291"><ele>25.0</ele><time>2024-06-08T18:44:43Z</time></trkpt>
<trkpt lat="45.352839" lon="-75.827291"><ele>25.0</ele><time>2024-06-08T18:44:44Z</time></trkpt>
<trkpt lat="45.352829" lon="-75.8273"><ele>26.0</ele><time>2024-06-08T18:44:45Z</time></trkpt>
<trkpt lat="45.35282" lon="-75.8273"><ele>26.0</ele><time>2024-06-08T18:44:46Z</time></trkpt>
<trkpt lat="45.35281" lon="-75.827309"><ele>26.0</ele><time>2024-06-08T18:44:47Z</time></trkpt>
<trkpt lat="45.352801" lon="-75.827309"><ele>26.0</ele><time>2024-06-08T18:44:48Z</time></trkpt>
<trkpt lat="45.352794" lon="-75.827318"><ele>26.0</ele><time>2024-06-08T18:44:49Z</time></trkpt>
<trkpt lat="45.352785" lon="-75.827327"><ele>26.0</ele><time>2024-06-08T18:44:50Z</time></trkpt>
<trkpt lat="45.352778" lon="-75.827327"><ele>26.0</ele><time>2024-06-08T18:44:51Z</time></trkpt>
<trkpt lat="45.352769" lon="-75.827336"><ele>26.0</ele><time>2024-06-08T18:44:52Z</time></trkpt>
<trkpt lat="45.352759" lon="-75.827336"><ele>26.0</ele><time>2024-06-08T18:44:53Z</time></trkpt>
<trkpt lat="45.352753" lon="-75.827345"><ele>26.0</ele><time>2024-06-08T18:44:54Z</time></trkpt>
<trkpt lat="45.352744" lon="-75.827345"><ele>26.0</ele><time>2024-06-08T18:44:55Z</time></trkpt>
<trkpt lat="45.352737" lon="-75.827354"><ele>26.0</ele><time>2024-06-08T18:44:56Z</time></trkpt>
<trkpt lat="45.352731" lon="-75.827363"><ele>26.0</ele><time>2024-06-08T18:44:57Z</time></trkpt>
<trkpt lat="45.352721" lon="-75.827363"><ele>26.0</ele><time>2024-06-08T18:44:58Z</time></trkpt>
<trkpt lat="45.352715" lon="-75.827372"><ele>26.0</ele><time>2024-06-08T18:44:59Z</time></trkpt>
<trkpt lat="45.352706" lon="-75.827372"><ele>26.0</ele><time>2024-06-08T18:45:00Z</time></trkpt>
<trkpt lat="45.352702" lon="-75.827381"><ele>27.0</ele><time>2024-06-08T18:45:01Z</time></trkpt>
<trkpt lat="45.352693" lon="-75.827381"><ele>26.0</ele><time>2024-06-08T18:45:02Z</time></trkpt>
<trkpt lat="45.352687" lon="-75.82739"><ele>27.0</ele><time>2024-06-08T18:45:03Z</time></trkpt>
<trkpt lat="45.352677" lon="-75.82739"><ele>26.0</ele><time>2024-06-08T18:45:04Z</time></trkpt>
<trkpt lat="45.352671" lon="-75.827399"><ele>26.0</ele><time>2024-06-08T18:45:05Z</time></trkpt>
<trkpt lat="45.352664" lon="-75.827408"><ele>25.0</ele><time>2024-06-08T18:45:06Z</time></trkpt>
<trkpt lat="45.352661" lon="-75.827417"><ele>25.0</ele><time>2024-06-08T18:45:07Z</time></trkpt>
<trkpt lat="45.352655" lon="-75.827417"><ele>25.0</ele><time>2024-06-08T18:45:08Z</time></trkpt>
<trkpt lat="45.352649" lon="-75.827426"><ele>25.0</ele><time>2024-06-08T18:45:09Z</time></trkpt>
<trkpt lat="45.352639" lon="-75.827426"><ele>25.0</ele><time>2024-06-08T18:45:10Z</time></trkpt>
<trkpt lat="45.352633" lon="-75.827435"><ele>25.0</ele><time>2024-06-08T18:45:11Z</time></trkpt>
<trkpt lat="45.352626" lon="-75.827435"><ele>25.0</ele><time>2024-06-08T18:45:12Z</time></trkpt>
<trkpt lat="45.352623" lon="-75.827444"><ele>25.0</ele><time>2024-06-08T18:45:13Z</time></trkpt>
<trkpt lat="45.352617" lon="-75.827444"><ele>25.0</ele><time>2024-06-08T18:45:14Z</time></trkpt>
<trkpt lat="45.352611" lon="-75.827453"><ele>25.0</ele><time>2024-06-08T18:45:15Z</time></trkpt>
<trkpt lat="45.352604" lon="-75.827462"><ele>25.0</ele><time>2024-06-08T18:45:16Z</time></trkpt>
<trkpt lat="45.352601" lon="-75.827471"><ele>25.0</ele><time>2024-06-08T18:45:17Z</time></trkpt>
<trkpt lat="45.352595" lon="-75.82748"><ele>25.0</ele><time>2024-06-08T18:45:18Z</time></trkpt>
<trkpt lat="45.352588" lon="-75.827489"><ele>25.0</ele><time>2024-06-08T18:45:19Z</time></trkpt>
<trkpt lat="45.352582" lon="-75.827498"><ele>25.0</ele><time>2024-06-08T18:45:20Z</time></trkpt>
<trkpt lat="45.352576" lon="-75.827498"><ele>25.0</ele><time>2024-06-08T18:45:21Z</time></trkpt>
<trkpt lat="45.352569" lon="-75.827507"><ele>26.0</ele><time>2024-06-08T18:45:22Z</time></trkpt>
<trkpt lat="45.352563" lon="-75.827507"><ele>26.0</ele><time>2024-06-08T18:45:23Z</time></trkpt>
<trkpt lat="45.352557" lon="-75.827516"><ele>26.0</ele><time>2024-06-08T18:45:24Z</time></trkpt>
<trkpt lat="45.35255" lon="-75.827516"><ele>26.0</ele><time>2024-06-08T18:45:25Z</time></trkpt>
<trkpt lat="45.352547" lon="-75.827507"><ele>26.0</ele><time>2024-06-08T18:45:26Z</time></trkpt>
<trkpt lat="45.352544" lon="-75.827507"><ele>26.0</ele><time>2024-06-08T18:45:27Z</time></trkpt>
<trkpt lat="45.352538" lon="-75.827507"><ele>26.0</ele><time>2024-06-08T18:45:28Z</time></trkpt>
<trkpt lat="45.352535" lon="-75.827507"><ele>26.0</ele><time>2024-06-08T18:45:29Z</time></trkpt>
<trkpt lat="45.352535" lon="-75.827507"><ele>25.0</ele><time>2024-06-08T18:45:30Z</time></trkpt>
<trkpt lat="45.352531" lon="-75.827507"><ele>26.0</ele><time>2024-06-08T18:45:31Z</time></trkpt>
<trkpt lat="45.352531" lon="-75.827507"><ele>26.0</ele><time>2024-06-08T18:45:32Z</time></trkpt>
<trkpt lat="45.352535" lon="-75.827507"><ele>26.0</ele><time>2024-06-08T18:45:33Z</time></trkpt>
<trkpt lat="45.352531" lon="-75.827507"><ele>26.0</ele><time>2024-06-08T18:45:34Z</time></trkpt>
<trkpt lat="45.352531" lon="-75.827507"><ele>26.0</ele><time>2024-06-08T18:45:35Z</time></trkpt>
<trkpt lat="45.352528" lon="-75.827507"><ele>26.0</ele><time>2024-06-08T18:45:36Z</time></trkpt>
<trkpt lat="45.352528" lon="-75.827507"><ele>26.0</ele><time>2024-06-08T18:45:37Z</time></trkpt>
<trkpt lat="45.352528" lon="-75.827507"><ele>26.0</ele><time>2024-06-08T18:45:38Z</time></trkpt>
<trkpt lat="45.352522" lon="-75.827498"><ele>26.0</ele><time>2024-06-08T18:45:39Z</time></trkpt>
<trkpt lat="45.352522" lon="-75.827498"><ele>26.0</ele><time>2024-06-08T18:45:40Z</time></trkpt>
<trkpt lat="45.352522" lon="-75.827489"><ele>26.0</ele><time>2024-06-08T18:45:41Z</time></trkpt>
<trkpt lat="45.352528" lon="-75.827489"><ele>26.0</ele><time>2024-06-08T18:45:42Z</time></trkpt>
<trkpt lat="45.352528" lon="-75.82748"><ele>26.0</ele><time>2024-06-08T18:45:43Z</time></trkpt>
<trkpt lat="45.352522" lon="-75.82748"><ele>26.0</ele><time>2024-06-08T18:45:44Z</time></trkpt>
<trkpt lat="45.352519" lon="-75.827471"><ele>26.0</ele><time>2024-06-08T18:45:45Z</time></trkpt>
<trkpt lat="45.352519" lon="-75.827471"><ele>26.0</ele><time>2024-06-08T18:45:46Z</time></trkpt>
<trkpt lat="45.352512" lon="-75.827462"><ele>26.0</ele><time>2024-06-08T18:45:47Z</time></trkpt>
<trkpt lat="45.352509" lon="-75.827453"><ele>25.0</ele><time>2024-06-08T18:45:48Z</time></trkpt>
<trkpt lat="45.352506" lon="-75.827444"><ele>26.0</ele><time>2024-06-08T18:45:49Z</time></trkpt>
<trkpt lat="45.352506" lon="-75.827435"><ele>26.0</ele><time>2024-06-08T18:45:50Z</time></trkpt>
<trkpt lat="45.352509" lon="-75.827426"><ele>26.0</ele><time>2024-06-08T18:45:51Z</time></trkpt>
<trkpt lat="45.352509" lon="-75.827417"><ele>26.0</ele><time>2024-06-08T18:45:52Z</time></trkpt>
<trkpt lat="45.352506" lon="-75.827408"><ele>26.0</ele><time>2024-06-08T18:45:53Z</time></trkpt>
<trkpt lat="45.352503" lon="-75.827399"><ele>26.0</ele><time>2024-06-08T18:45:54Z</time></trkpt>
<trkpt lat="45.352503" lon="-75.82739"><ele>26.0</ele><time>2024-06-08T18:45:55Z</time></trkpt>
<trkpt lat="45.352503" lon="-75.82739"><ele>25.0</ele><time>2024-06-08T18:45:56Z</time></trkpt>
<trkpt lat="45.352506" lon="-75.827381"><ele>25.0</ele><time>2024-06-08T18:45:57Z</time></trkpt>
<trkpt lat="45.352512" lon="-75.82739"><ele>25.0</ele><time>2024-06-08T18:45:58Z</time></trkpt>
<trkpt lat="45.352516" lon="-75.82739"><ele>25.0</ele><time>2024-06-08T18:45:59Z</time></trkpt>
<trkpt lat="45.352516" lon="-75.827399"><ele>25.0</ele><time>2024-06-08T18:46:00Z</time></trkpt>
<trkpt lat="45.352516" lon="-75.827399"><ele>25.0</ele><time>2024-06-08T18:46:01Z</time></trkpt>
<trkpt lat="45.352512" lon="-75.827399"><ele>25.0</ele><time>2024-06-08T18:46:02Z</time></trkpt>
<trkpt lat="45.352512" lon="-75.827399"><ele>25.0</ele><time>2024-06-08T18:46:03Z</time></trkpt>
<trkpt lat="45.352512" lon="-75.827399"><ele>25.0</ele><time>2024-06-08T18:46:04Z</time></trkpt>
<trkpt lat="45.352509" lon="-75.82739"><ele>25.0</ele><time>2024-06-08T18:46:05Z</time></trkpt>
<trkpt lat="45.352506" lon="-75.82739"><ele>25.0</ele><time>2024-06-08T18:46:06Z</time></trkpt>
<trkpt lat="45.352506" lon="-75.827381"><ele>25.0</ele><time>2024-06-08T18:46:07Z</time></trkpt>
<trkpt lat="45.352506" lon="-75.827381"><ele>25.0</ele><time>2024-06-08T18:46:08Z</time></trkpt>
<trkpt lat="45.352506" lon="-75.827381"><ele>25.0</ele><time>2024-06-08T18:46:09Z</time></trkpt>
<trkpt lat="45.352503" lon="-75.827381"><ele>26.0</ele><time>2024-06-08T18:46:10Z</time></trkpt>
<trkpt lat="45.352503" lon="-75.827381"><ele>25.0</ele><time>2024-06-08T18:46:11Z</time></trkpt>
<trkpt lat="45.3525" lon="-75.827372"><ele>26.0</ele><time>2024-06-08T18:46:12Z</time></trkpt>
<trkpt lat="45.3525" lon="-75.827372"><ele>26.0</ele><time>2024-06-08T18:46:13Z</time></trkpt>
<trkpt lat="45.3525" lon="-75.827372"><ele>26.0</ele><time>2024-06-08T18:46:14Z</time></trkpt>
<trkpt lat="45.3525" lon="-75.827372"><ele>26.0</ele><time>2024-06-08T18:46:15Z</time></trkpt>
<trkpt lat="45.352503" lon="-75.827372"><ele>25.0</ele><time>2024-06-08T18:46:16Z</time></trkpt>
<trkpt lat="45.352509" lon="-75.827381"><ele>25.0</ele><time>2024-06-08T18:46:17Z</time></trkpt>
<trkpt lat="45.352512" lon="-75.82739"><ele>26.0</ele><time>2024-06-08T18:46:18Z</time></trkpt>
<trkpt lat="45.352512" lon="-75.827381"><ele>26.0</ele><time>2024-06-08T18:46:19Z</time></trkpt>
<trkpt lat="45.352512" lon="-75.82739"><ele>26.0</ele><time>2024-06-08T18:46:20Z</time></trkpt>
<trkpt lat="45.352512" lon="-75.82739"><ele>26.0</ele><time>2024-06-08T18:46:21Z</time></trkpt>
<trkpt lat="45.352512" lon="-75.82739"><ele>26.0</ele><time>2024-06-08T18:46:22Z</time></trkpt>
<trkpt lat="45.352512" lon="-75.827399"><ele>26.0</ele><time>2024-06-08T18:46:23Z</time></trkpt>
<trkpt lat="45.352516" lon="-75.827399"><ele>25.0</ele><time>2024-06-08T18:46:24Z</time></trkpt>
<trkpt lat="45.352516" lon="-75.827399"><ele>25.0</ele><time>2024-06-08T18:46:25Z</time></trkpt>
<trkpt lat="45.352516" lon="-75.827399"><ele>25.0</ele><time>2024-06-08T18:46:26Z</time></trkpt>
<trkpt lat="45.352516" lon="-75.827399"><ele>25.0</ele><time>2024-06-08T18:46:27Z</time></trkpt>
<trkpt lat="45.352516" lon="-75.827408"><ele>25.0</ele><time>2024-06-08T18:46:28Z</time></trkpt>
<trkpt lat="45.352512" lon="-75.827399"><ele>25.0</ele><time>2024-06-08T18:46:29Z</time></trkpt>
<trkpt lat="45.352512" lon="-75.827399"><ele>26.0</ele><time>2024-06-08T18:46:30Z</time></trkpt>
<trkpt lat="45.352516" lon="-75.827399"><ele>26.0</ele><time>2024-06-08T18:46:31Z</time></trkpt>
<trkpt lat="45.352516" lon="-75.827399"><ele>26.0</ele><time>2024-06-08T18:46:32Z</time></trkpt>
<trkpt lat="45.352516" lon="-75.827399"><ele>26.0</ele><time>2024-06-08T18:46:33Z</time></trkpt>
<trkpt lat="45.352516" lon="-75.827399"><ele>26.0</ele><time>2024-06-08T18:46:34Z</time></trkpt>
<trkpt lat="45.352516" lon="-75.827399"><ele>26.0</ele><time>2024-06-08T18:46:35Z</time></trkpt>
<trkpt lat="45.352516" lon="-75.827399"><ele>26.0</ele><time>2024-06-08T18:46:36Z</time></trkpt>
<trkpt lat="45.352516" lon="-75.827399"><ele>26.0</ele><time>2024-06-08T18:46:37Z</time></trkpt>
<trkpt lat="45.352516" lon="-75.827399"><ele>26.0</ele><time>2024-06-08T18:46:38Z</time></trkpt>
<trkpt lat="45.352516" lon="-75.827399"><ele>26.0</ele><time>2024-06-08T18:46:39Z</time></trkpt>
<trkpt lat="45.352516" lon="-75.827399"><ele>26.0</ele><time>2024-06-08T18:46:40Z</time></trkpt>
<trkpt lat="45.352516" lon="-75.827399"><ele>26.0</ele><time>2024-06-08T18:46:41Z</time></trkpt>
<trkpt lat="45.352509" lon="-75.827399"><ele>26.0</ele><time>2024-06-08T18:46:42Z</time></trkpt>
<trkpt lat="45.352509" lon="-75.827399"><ele>26.0</ele><time>2024-06-08T18:46:43Z</time></trkpt>
<trkpt lat="45.352506" lon="-75.827408"><ele>26.0</ele><time>2024-06-08T18:46:44Z</time></trkpt>
<trkpt lat="45.352503" lon="-75.827408"><ele>26.0</ele><time>2024-06-08T18:46:45Z</time></trkpt>
<trkpt lat="45.352503" lon="-75.827408"><ele>26.0</ele><time>2024-06-08T18:46:46Z</time></trkpt>
<trkpt lat="45.352503" lon="-75.827408"><ele>26.0</ele><time>2024-06-08T18:46:47Z</time></trkpt>
<trkpt lat="45.352503" lon="-75.827408"><ele>26.0</ele><time>2024-06-08T18:46:48Z</time></trkpt>
<trkpt lat="45.352503" lon="-75.827408"><ele>26.0</ele><time>2024-06-08T18:46:49Z</time></trkpt>
<trkpt lat="45.352503" lon="-75.827399"><ele>26.0</ele><time>2024-06-08T18:46:50Z</time></trkpt>
<trkpt lat="45.352503" lon="-75.827399"><ele>27.0</ele><time>2024-06-08T18:46:51Z</time></trkpt>
<trkpt lat="45.352506" lon="-75.827399"><ele>27.0</ele><time>2024-06-08T18:46:52Z</time></trkpt>
<trkpt lat="45.352509" lon="-75.827381"><ele>27.0</ele><time>2024-06-08T18:46:53Z</time></trkpt>
<trkpt lat="45.352509" lon="-75.827372"><ele>26.0</ele><time>2024-06-08T18:46:54Z</time></trkpt>
<trkpt lat="45.352506" lon="-75.827363"><ele>26.0</ele><time>2024-06-08T18:46:55Z</time></trkpt>
<trkpt lat="45.352503" lon="-75.827345"><ele>26.0</ele><time>2024-06-08T18:46:56Z</time></trkpt>
<trkpt lat="45.3525" lon="-75.827327"><ele>26.0</ele><time>2024-06-08T18:46:57Z</time></trkpt>
<trkpt lat="45.352493" lon="-75.827318"><ele>26.0</ele><time>2024-06-08T18:46:58Z</time></trkpt>
<trkpt lat="45.352487" lon="-75.827309"><ele>26.0</ele><time>2024-06-08T18:46:59Z</time></trkpt>
<trkpt lat="45.352478" lon="-75.827309"><ele>26.0</ele><time>2024-06-08T18:47:00Z</time></trkpt>
<trkpt lat="45.352468" lon="-75.827309"><ele>26.0</ele><time>2024-06-08T18:47:01Z</time></trkpt>
<trkpt lat="45.352471" lon="-75.827318"><ele>26.0</ele><time>2024-06-08T18:47:02Z</time></trkpt>
<trkpt lat="45.352471" lon="-75.827327"><ele>26.0</ele><time>2024-06-08T18:47:03Z</time></trkpt>
<trkpt lat="45.352471" lon="-75.827318"><ele>26.0</ele><time>2024-06-08T18:47:04Z</time></trkpt>
<trkpt lat="45.352462" lon="-75.827309"><ele>26.0</ele><time>2024-06-08T18:47:05Z</time></trkpt>
<trkpt lat="45.352462" lon="-75.827309"><ele>26.0</ele><time>2024-06-08T18:47:06Z</time></trkpt>
<trkpt lat="45.352462" lon="-75.827309"><ele>26.0</ele><time>2024-06-08T18:47:07Z</time></trkpt>
<trkpt lat="45.352462" lon="-75.827309"><ele>26.0</ele><time>2024-06-08T18:47:08Z</time></trkpt>
<trkpt lat="45.352462" lon="-75.827309"><ele>26.0</ele><time>2024-06-08T18:47:09Z</time></trkpt>
<trkpt lat="45.352462" lon="-75.827309"><ele>26.0</ele><time>2024-06-08T18:47:10Z</time></trkpt>
<trkpt lat="45.352462" lon="-75.827309"><ele>26.0</ele><time>2024-06-08T18:47:11Z</time></trkpt>
<trkpt lat="45.352465" lon="-75.827309"><ele>26.0</ele><time>2024-06-08T18:47:12Z</time></trkpt>
<trkpt lat="45.352474" lon="-75.827327"><ele>26.0</ele><time>2024-06-08T18:47:13Z</time></trkpt>
<trkpt lat="45.352484" lon="-75.827336"><ele>26.0</ele><time>2024-06-08T18:47:14Z</time></trkpt>
<trkpt lat="45.352487" lon="-75.827354"><ele>25.0</ele><time>2024-06-08T18:47:15Z</time></trkpt>
<trkpt lat="45.35249" lon="-75.827363"><ele>25.0</ele><time>2024-06-08T18:47:16Z</time></trkpt>
<trkpt lat="45.35249" lon="-75.827372"><ele>25.0</ele><time>2024-06-08T18:47:17Z</time></trkpt>
<trkpt lat="45.352493" lon="-75.827372"><ele>25.0</ele><time>2024-06-08T18:47:18Z</time></trkpt>
<trkpt lat="45.352493" lon="-75.827372"><ele>25.0</ele><time>2024-06-08T18:47:19Z</time></trkpt>
<trkpt lat="45.3525" lon="-75.827372"><ele>25.0</ele><time>2024-06-08T18:47:20Z</time></trkpt>
<trkpt lat="45.352503" lon="-75.82739"><ele>26.0</ele><time>2024-06-08T18:47:21Z</time></trkpt>
<trkpt lat="45.352503" lon="-75.827399"><ele>26.0</ele><time>2024-06-08T18:47:22Z</time></trkpt>
<trkpt lat="45.3525" lon="-75.827408"><ele>26.0</ele><time>2024-06-08T18:47:23Z</time></trkpt>
<trkpt lat="45.352497" lon="-75.827417"><ele>26.0</ele><time>2024-06-08T18:47:24Z</time></trkpt>
<trkpt lat="45.352493" lon="-75.827417"><ele>26.0</ele><time>2024-06-08T18:47:25Z</time></trkpt>
<trkpt lat="45.352493" lon="-75.827417"><ele>26.0</ele><time>2024-06-08T18:47:26Z</time></trkpt>
<trkpt lat="45.352481" lon="-75.827417"><ele>26.0</ele><time>2024-06-08T18:47:27Z</time></trkpt>
<trkpt lat="45.352481" lon="-75.827417"><ele>26.0</ele><time>2024-06-08T18:47:28Z</time></trkpt>
<trkpt lat="45.352468" lon="-75.827408"><ele>26.0</ele><time>2024-06-08T18:47:29Z</time></trkpt>
<trkpt lat="45.352468" lon="-75.827408"><ele>26.0</ele><time>2024-06-08T18:47:30Z</time></trkpt>
<trkpt lat="45.352468" lon="-75.827408"><ele>26.0</ele><time>2024-06-08T18:47:31Z</time></trkpt>
<trkpt lat="45.352468" lon="-75.827408"><ele>27.0</ele><time>2024-06-08T18:47:32Z</time></trkpt>
<trkpt lat="45.352468" lon="-75.827408"><ele>27.0</ele><time>2024-06-08T18:47:33Z</time></trkpt>
<trkpt lat="45.352465" lon="-75.827408"><ele>27.0</ele><time>2024-06-08T18:47:34Z</time></trkpt>
<trkpt lat="45.352465" lon="-75.827399"><ele>27.0</ele><time>2024-06-08T18:47:35Z</time></trkpt>
<trkpt lat="45.352468" lon="-75.82739"><ele>26.0</ele><time>2024-06-08T18:47:36Z</time></trkpt>
<trkpt lat="45.352471" lon="-75.827381"><ele>26.0</ele><time>2024-06-08T18:47:37Z</time></trkpt>
<trkpt lat="45.352474" lon="-75.827381"><ele>25.0</ele><time>2024-06-08T18:47:38Z</time></trkpt>
<trkpt lat="45.352474" lon="-75.827372"><ele>25.0</ele><time>2024-06-08T18:47:39Z</time></trkpt>
<trkpt lat="45.352474" lon="-75.827372"><ele>25.0</ele><time>2024-06-08T18:47:40Z</time></trkpt>
<trkpt lat="45.352471" lon="-75.827381"><ele>25.0</ele><time>2024-06-08T18:47:41Z</time></trkpt>
<trkpt lat="45.352471" lon="-75.827381"><ele>25.0</ele><time>2024-06-08T18:47:42Z</time></trkpt>
<trkpt lat="45.352471" lon="-75.827381"><ele>24.0</ele><time>2024-06-08T18:47:43Z</time></trkpt>
<trkpt lat="45.352471" lon="-75.827381"><ele>24.0</ele><time>2024-06-08T18:47:44Z</time></trkpt>
<trkpt lat="45.352474" lon="-75.827381"><ele>24.0</ele><time>2024-06-08T18:47:45Z</time></trkpt>
<trkpt lat="45.352474" lon="-75.827381"><ele>24.0</ele><time>2024-06-08T18:47:46Z</time></trkpt>
<trkpt lat="45.352474" lon="-75.827372"><ele>24.0</ele><time>2024-06-08T18:47:47Z</time></trkpt>
<trkpt lat="45.352478" lon="-75.827372"><ele>24.0</ele><time>2024-06-08T18:47:48Z</time></trkpt>
<trkpt lat="45.352478" lon="-75.827372"><ele>24.0</ele><time>2024-06-08T18:47:49Z</time></trkpt>
<trkpt lat="45.352478" lon="-75.827372"><ele>24.0</ele><time>2024-06-08T18:47:50Z</time></trkpt>
<trkpt lat="45.352478" lon="-75.827372"><ele>24.0</ele><time>2024-06-08T18:47:51Z</time></trkpt>
<trkpt lat="45.352478" lon="-75.827372"><ele>24.0</ele><time>2024-06-08T18:47:52Z</time></trkpt>
<trkpt lat="45.352478" lon="-75.827372"><ele>24.0</ele><time>2024-06-08T18:47:53Z</time></trkpt>
<trkpt lat="45.352478" lon="-75.827372"><ele>24.0</ele><time>2024-06-08T18:47:54Z</time></trkpt>
<trkpt lat="45.352478" lon="-75.827372"><ele>24.0</ele><time>2024-06-08T18:47:55Z</time></trkpt>
<trkpt lat="45.352478" lon="-75.827372"><ele>24.0</ele><time>2024-06-08T18:47:56Z</time></trkpt>
<trkpt lat="45.352478" lon="-75.827372"><ele>24.0</ele><time>2024-06-08T18:47:57Z</time></trkpt>
<trkpt lat="45.352478" lon="-75.827372"><ele>24.0</ele><time>2024-06-08T18:47:58Z</time></trkpt>
<trkpt lat="45.352478" lon="-75.827372"><ele>24.0</ele><time>2024-06-08T18:47:59Z</time></trkpt>
<trkpt lat="45.352478" lon="-75.827372"><ele>24.0</ele><time>2024-06-08T18:48:00Z</time></trkpt>
<trkpt lat="45.352478" lon="-75.827372"><ele>24.0</ele><time>2024-06-08T18:48:01Z</time></trkpt>
<trkpt lat="45.352478" lon="-75.827372"><ele>24.0</ele><time>2024-06-08T18:48:02Z</time></trkpt>
<trkpt lat="45.352478" lon="-75.827372"><ele>24.0</ele><time>2024-06-08T18:48:03Z</time></trkpt>
<trkpt lat="45.352478" lon="-75.827372"><ele>24.0</ele><time>2024-06-08T18:48:04Z</time></trkpt>
<trkpt lat="45.352478" lon="-75.827372"><ele>24.0</ele><time>2024-06-08T18:48:05Z</time></trkpt>
<trkpt lat="45.352478" lon="-75.827372"><ele>24.0</ele><time>2024-06-08T18:48:06Z</time></trkpt>
<trkpt lat="45.352478" lon="-75.827372"><ele>24.0</ele><time>2024-06-08T18:48:07Z</time></trkpt>
<trkpt lat="45.352478" lon="-75.827372"><ele>24.0</ele><time>2024-06-08T18:48:08Z</time></trkpt>
<trkpt lat="45.352478" lon="-75.827372"><ele>24.0</ele><time>2024-06-08T18:48:09Z</time></trkpt>
<trkpt lat="45.352478" lon="-75.827372"><ele>24.0</ele><time>2024-06-08T18:48:10Z</time></trkpt>
<trkpt lat="45.352478" lon="-75.827372"><ele>24.0</ele><time>2024-06-08T18:48:11Z</time></trkpt>
<trkpt lat="45.352481" lon="-75.827372"><ele>24.0</ele><time>2024-06-08T18:48:12Z</time></trkpt>
<trkpt lat="45.352481" lon="-75.827372"><ele>24.0</ele><time>2024-06-08T18:48:13Z</time></trkpt>
<trkpt lat="45.352481" lon="-75.827372"><ele>24.0</ele><time>2024-06-08T18:48:14Z</time></trkpt>
<trkpt lat="45.352481" lon="-75.827372"><ele>24.0</ele><time>2024-06-08T18:48:15Z</time></trkpt>
<trkpt lat="45.352481" lon="-75.827372"><ele>24.0</ele><time>2024-06-08T18:48:16Z</time></trkpt>
<trkpt lat="45.352484" lon="-75.827372"><ele>24.0</ele><time>2024-06-08T18:48:17Z</time></trkpt>
<trkpt lat="45.352484" lon="-75.827372"><ele>24.0</ele><time>2024-06-08T18:48:18Z</time></trkpt>
<trkpt lat="45.352484" lon="-75.827372"><ele>24.0</ele><time>2024-06-08T18:48:19Z</time></trkpt>
<trkpt lat="45.352484" lon="-75.827381"><ele>24.0</ele><time>2024-06-08T18:48:20Z</time></trkpt>
<trkpt lat="45.352484" lon="-75.827381"><ele>24.0</ele><time>2024-06-08T18:48:21Z</time></trkpt>
<trkpt lat="45.352484" lon="-75.827381"><ele>24.0</ele><time>2024-06-08T18:48:22Z</time></trkpt>
<trkpt lat="45.352484" lon="-75.827381"><ele>24.0</ele><time>2024-06-08T18:48:23Z</time></trkpt>
<trkpt lat="45.352484" lon="-75.827381"><ele>24.0</ele><time>2024-06-08T18:48:24Z</time></trkpt>
<trkpt lat="45.352484" lon="-75.827381"><ele>24.0</ele><time>2024-06-08T18:48:25Z</time></trkpt>
<trkpt lat="45.352484" lon="-75.827381"><ele>24.0</ele><time>2024-06-08T18:48:26Z</time></trkpt>
<trkpt lat="45.352484" lon="-75.827381"><ele>24.0</ele><time>2024-06-08T18:48:27Z</time></trkpt>
<trkpt lat="45.352484" lon="-75.827381"><ele>24.0</ele><time>2024-06-08T18:48:28Z</time></trkpt>
<trkpt lat="45.352484" lon="-75.827381"><ele>24.0</ele><time>2024-06-08T18:48:29Z</time></trkpt>
<trkpt lat="45.352484" lon="-75.827381"><ele>24.0</ele><time>2024-06-08T18:48:30Z</time></trkpt>
<trkpt lat="45.352484" lon="-75.827381"><ele>24.0</ele><time>2024-06-08T18:48:31Z</time></trkpt>
<trkpt lat="45.352484" lon="-75.827381"><ele>24.0</ele><time>2024-06-08T18:48:32Z</time></trkpt>
<trkpt lat="45.352484" lon="-75.827381"><ele>24.0</ele><time>2024-06-08T18:48:33Z</time></trkpt>
<trkpt lat="45.352484" lon="-75.827381"><ele>24.0</ele><time>2024-06-08T18:48:34Z</time></trkpt>
<trkpt lat="45.352484" lon="-75.827381"><ele>24.0</ele><time>2024-06-08T18:48:35Z</time></trkpt>
<trkpt lat="45.352484" lon="-75.827381"><ele>24.0</ele><time>2024-06-08T18:48:36Z</time></trkpt>
<trkpt lat="45.352484" lon="-75.827381"><ele>24.0</ele><time>2024-06-08T18:48:37Z</time></trkpt>
<trkpt lat="45.352484" lon="-75.827381"><ele>24.0</ele><time>2024-06-08T18:48:38Z</time></trkpt>
<trkpt lat="45.352484" lon="-75.827381"><ele>24.0</ele><time>2024-06-08T18:48:39Z</time></trkpt>
<trkpt lat="45.352484" lon="-75.827381"><ele>24.0</ele><time>2024-06-08T18:48:40Z</time></trkpt>
<trkpt lat="45.352484" lon="-75.827381"><ele>24.0</ele><time>2024-06-08T18:48:41Z</time></trkpt>
<trkpt lat="45.352484" lon="-75.827381"><ele>24.0</ele><time>2024-06-08T18:48:42Z</time></trkpt>
<trkpt lat="45.352484" lon="-75.827381"><ele>24.0</ele><time>2024-06-08T18:48:43Z</time></trkpt>
<trkpt lat="45.352484" lon="-75.827381"><ele>24.0</ele><time>2024-06-08T18:48:44Z</time></trkpt>
<trkpt lat="45.352484" lon="-75.827381"><ele>24.0</ele><time>2024-06-08T18:48:45Z</time></trkpt>
<trkpt lat="45.352484" lon="-75.827381"><ele>24.0</ele><time>2024-06-08T18:48:46Z</time></trkpt>
<trkpt lat="45.352484" lon="-75.827381"><ele>24.0</ele><time>2024-06-08T18:48:47Z</time></trkpt>
<trkpt lat="45.352484" lon="-75.827381"><ele>24.0</ele><time>2024-06-08T18:48:48Z</time></trkpt>
<trkpt lat="45.352484" lon="-75.827381"><ele>24.0</ele><time>2024-06-08T18:48:49Z</time></trkpt>
<trkpt lat="45.352484" lon="-75.827381"><ele>24.0</ele><time>2024-06-08T18:48:50Z</time></trkpt>
<trkpt lat="45.352484" lon="-75.827381"><ele>24.0</ele><time>2024-06-08T18:48:51Z</time></trkpt>
<trkpt lat="45.352484" lon="-75.827381"><ele>24.0</ele><time>2024-06-08T18:48:52Z</time></trkpt>
<trkpt lat="45.352484" lon="-75.827381"><ele>24.0</ele><time>2024-06-08T18:48:53Z</time></trkpt>
<trkpt lat="45.352484" lon="-75.827381"><ele>24.0</ele><time>2024-06-08T18:48:54Z</time></trkpt>
<trkpt lat="45.352484" lon="-75.827381"><ele>24.0</ele><time>2024-06-08T18:48:55Z</time></trkpt>
<trkpt lat="45.352484" lon="-75.827381"><ele>24.0</ele><time>2024-06-08T18:48:56Z</time></trkpt>
<trkpt lat="45.352484" lon="-75.827372"><ele>24.0</ele><time>2024-06-08T18:48:57Z</time></trkpt>
<trkpt lat="45.352484" lon="-75.827372"><ele>24.0</ele><time>2024-06-08T18:48:58Z</time></trkpt>
<trkpt lat="45.352484" lon="-75.827372"><ele>23.0</ele><time>2024-06-08T18:48:59Z</time></trkpt>
<trkpt lat="45.352484" lon="-75.827372"><ele>23.0</ele><time>2024-06-08T18:49:00Z</time></trkpt>
<trkpt lat="45.352484" lon="-75.827372"><ele>23.0</ele><time>2024-06-08T18:49:01Z</time></trkpt>
<trkpt lat="45.35249" lon="-75.827372"><ele>24.0</ele><time>2024-06-08T18:49:02Z</time></trkpt>
<trkpt lat="45.35249" lon="-75.827372"><ele>24.0</ele><time>2024-06-08T18:49:03Z</time></trkpt>
<trkpt lat="45.352493" lon="-75.827372"><ele>24.0</ele><time>2024-06-08T18:49:04Z</time></trkpt>
<trkpt lat="45.352497" lon="-75.827381"><ele>24.0</ele><time>2024-06-08T18:49:05Z</time></trkpt>
<trkpt lat="45.352497" lon="-75.827381"><ele>24.0</ele><time>2024-06-08T18:49:06Z</time></trkpt>
<trkpt lat="45.352493" lon="-75.827372"><ele>24.0</ele><time>2024-06-08T18:49:06Z</time></trkpt>
<trkpt lat="45.3525" lon="-75.827372"><ele>23.0</ele><time>2024-06-08T18:49:07Z</time></trkpt>
</trkseg></trk></gpx>
