<?xml version="1.0" encoding="UTF-8"?> <gpx xmlns:xsi="http://www.w3.org/2001/XMLSchema-instance" version="1.1" xmlns="http://www.topografix.com/GPX/1/1" creator="Galileo Offline Maps" xsi:schemaLocation="http://www.topografix.com/GPX/1/1 http://www.topografix.com/GPX/1/1/gpx.xsd"><trk><name>Untitled Track</name><desc></desc><type>TrackStyle_ff7f00c8</type><trkseg>
<trkpt lat="45.396973" lon="-75.886838"><ele>23.0</ele><time>2024-09-01T19:01:41Z</time></trkpt>
<trkpt lat="45.39697" lon="-75.886838"><ele>23.0</ele><time>2024-09-01T19:01:42Z</time></trkpt>
<trkpt lat="45.396967" lon="-75.886838"><ele>23.0</ele><time>2024-09-01T19:01:43Z</time></trkpt>
<trkpt lat="45.396967" lon="-75.886838"><ele>23.0</ele><time>2024-09-01T19:01:44Z</time></trkpt>
<trkpt lat="45.396964" lon="-75.886838"><ele>23.0</ele><time>2024-09-01T19:01:45Z</time></trkpt>
<trkpt lat="45.396964" lon="-75.886838"><ele>23.0</ele><time>2024-09-01T19:01:46Z</time></trkpt>
<trkpt lat="45.396961" lon="-75.886838"><ele>23.0</ele><time>2024-09-01T19:01:47Z</time></trkpt>
<trkpt lat="45.396961" lon="-75.886838"><ele>24.0</ele><time>2024-09-01T19:01:48Z</time></trkpt>
<trkpt lat="45.396961" lon="-75.886838"><ele>24.0</ele><time>2024-09-01T19:01:49Z</time></trkpt>
<trkpt lat="45.396957" lon="-75.886838"><ele>23.0</ele><time>2024-09-01T19:01:50Z</time></trkpt>
<trkpt lat="45.396957" lon="-75.886838"><ele>23.0</ele><time>2024-09-01T19:01:51Z</time></trkpt>
<trkpt lat="45.396954" lon="-75.886838"><ele>23.0</ele><time>2024-09-01T19:01:52Z</time></trkpt>
<trkpt lat="45.396954" lon="-75.886838"><ele>23.0</ele><time>2024-09-01T19:01:53Z</time></trkpt>
<trkpt lat="45.396954" lon="-75.886838"><ele>23.0</ele><time>2024-09-01T19:01:54Z</time></trkpt>
<trkpt lat="45.396954" lon="-75.886838"><ele>23.0</ele><time>2024-09-01T19:01:54Z</time></trkpt>
<trkpt lat="45.396954" lon="-75.886838"><ele>23.0</ele><time>2024-09-01T19:01:55Z</time></trkpt>
<trkpt lat="45.396957" lon="-75.886838"><ele>23.0</ele><time>2024-09-01T19:01:56Z</time></trkpt>
<trkpt lat="45.396961" lon="-75.886838"><ele>23.0</ele><time>2024-09-01T19:01:57Z</time></trkpt>
<trkpt lat="45.396961" lon="-75.886838"><ele>23.0</ele><time>2024-09-01T19:01:58Z</time></trkpt>
<trkpt lat="45.396967" lon="-75.886829"><ele>23.0</ele><time>2024-09-01T19:01:59Z</time></trkpt>
<trkpt lat="45.396973" lon="-75.886829"><ele>23.0</ele><time>2024-09-01T19:02:00Z</time></trkpt>
<trkpt lat="45.39698" lon="-75.886829"><ele>23.0</ele><time>2024-09-01T19:02:01Z</time></trkpt>
<trkpt lat="45.396986" lon="-75.886829"><ele>23.0</ele><time>2024-09-01T19:02:02Z</time></trkpt>
<trkpt lat="45.396989" lon="-75.886829"><ele>23.0</ele><time>2024-09-01T19:02:03Z</time></trkpt>
<trkpt lat="45.396992" lon="-75.886829"><ele>23.0</ele><time>2024-09-01T19:02:04Z</time></trkpt>
<trkpt lat="45.396999" lon="-75.886829"><ele>23.0</ele><time>2024-09-01T19:02:05Z</time></trkpt>
<trkpt lat="45.396999" lon="-75.886829"><ele>23.0</ele><time>2024-09-01T19:02:06Z</time></trkpt>
<trkpt lat="45.397002" lon="-75.886829"><ele>23.0</ele><time>2024-09-01T19:02:07Z</time></trkpt>
<trkpt lat="45.397005" lon="-75.88682"><ele>23.0</ele><time>2024-09-01T19:02:08Z</time></trkpt>
<trkpt lat="45.397005" lon="-75.88682"><ele>23.0</ele><time>2024-09-01T19:02:09Z</time></trkpt>
<trkpt lat="45.397008" lon="-75.88682"><ele>22.0</ele><time>2024-09-01T19:02:10Z</time></trkpt>
<trkpt lat="45.397011" lon="-75.88682"><ele>23.0</ele><time>2024-09-01T19:02:11Z</time></trkpt>
<trkpt lat="45.397014" lon="-75.886811"><ele>23.0</ele><time>2024-09-01T19:02:12Z</time></trkpt>
<trkpt lat="45.397018" lon="-75.886811"><ele>23.0</ele><time>2024-09-01T19:02:13Z</time></trkpt>
<trkpt lat="45.397021" lon="-75.886811"><ele>23.0</ele><time>2024-09-01T19:02:14Z</time></trkpt>
<trkpt lat="45.397021" lon="-75.886811"><ele>23.0</ele><time>2024-09-01T19:02:15Z</time></trkpt>
<trkpt lat="45.397024" lon="-75.886811"><ele>23.0</ele><time>2024-09-01T19:02:16Z</time></trkpt>
<trkpt lat="45.397027" lon="-75.886802"><ele>23.0</ele><time>2024-09-01T19:02:17Z</time></trkpt>
<trkpt lat="45.397027" lon="-75.886802"><ele>23.0</ele><time>2024-09-01T19:02:18Z</time></trkpt>
<trkpt lat="45.39703" lon="-75.886802"><ele>23.0</ele><time>2024-09-01T19:02:19Z</time></trkpt>
<trkpt lat="45.397033" lon="-75.886802"><ele>23.0</ele><time>2024-09-01T19:02:20Z</time></trkpt>
<trkpt lat="45.397033" lon="-75.886802"><ele>23.0</ele><time>2024-09-01T19:02:21Z</time></trkpt>
<trkpt lat="45.397037" lon="-75.886793"><ele>23.0</ele><time>2024-09-01T19:02:22Z</time></trkpt>
<trkpt lat="45.397037" lon="-75.886793"><ele>23.0</ele><time>2024-09-01T19:02:23Z</time></trkpt>
<trkpt lat="45.39704" lon="-75.886793"><ele>23.0</ele><time>2024-09-01T19:02:24Z</time></trkpt>
<trkpt lat="45.39704" lon="-75.886793"><ele>23.0</ele><time>2024-09-01T19:02:25Z</time></trkpt>
<trkpt lat="45.39704" lon="-75.886793"><ele>23.0</ele><time>2024-09-01T19:02:26Z</time></trkpt>
<trkpt lat="45.397043" lon="-75.886784"><ele>22.0</ele><time>2024-09-01T19:02:27Z</time></trkpt>
<trkpt lat="45.397043" lon="-75.886784"><ele>22.0</ele><time>2024-09-01T19:02:28Z</time></trkpt>
<trkpt lat="45.397043" lon="-75.886784"><ele>22.0</ele><time>2024-09-01T19:02:29Z</time></trkpt>
<trkpt lat="45.397043" lon="-75.886784"><ele>22.0</ele><time>2024-09-01T19:02:30Z</time></trkpt>
<trkpt lat="45.397043" lon="-75.886784"><ele>22.0</ele><time>2024-09-01T19:02:31Z</time></trkpt>
<trkpt lat="45.397043" lon="-75.886784"><ele>22.0</ele><time>2024-09-01T19:02:32Z</time></trkpt>
<trkpt lat="45.39704" lon="-75.886784"><ele>22.0</ele><time>2024-09-01T19:02:33Z</time></trkpt>
<trkpt lat="45.39704" lon="-75.886775"><ele>22.0</ele><time>2024-09-01T19:02:34Z</time></trkpt>
<trkpt lat="45.39704" lon="-75.886775"><ele>22.0</ele><time>2024-09-01T19:02:35Z</time></trkpt>
<trkpt lat="45.39704" lon="-75.886775"><ele>22.0</ele><time>2024-09-01T19:02:36Z</time></trkpt>
<trkpt lat="45.39704" lon="-75.886775"><ele>22.0</ele><time>2024-09-01T19:02:37Z</time></trkpt>
<trkpt lat="45.39704" lon="-75.886775"><ele>22.0</ele><time>2024-09-01T19:02:38Z</time></trkpt>
<trkpt lat="45.39704" lon="-75.886775"><ele>22.0</ele><time>2024-09-01T19:02:39Z</time></trkpt>
<trkpt lat="45.39704" lon="-75.886775"><ele>22.0</ele><time>2024-09-01T19:02:40Z</time></trkpt>
<trkpt lat="45.397037" lon="-75.886784"><ele>22.0</ele><time>2024-09-01T19:02:41Z</time></trkpt>
<trkpt lat="45.397033" lon="-75.886784"><ele>23.0</ele><time>2024-09-01T19:02:42Z</time></trkpt>
<trkpt lat="45.397033" lon="-75.886784"><ele>22.0</ele><time>2024-09-01T19:02:43Z</time></trkpt>
<trkpt lat="45.39703" lon="-75.886784"><ele>23.0</ele><time>2024-09-01T19:02:44Z</time></trkpt>
<trkpt lat="45.39703" lon="-75.886793"><ele>23.0</ele><time>2024-09-01T19:02:45Z</time></trkpt>
<trkpt lat="45.397027" lon="-75.886793"><ele>23.0</ele><time>2024-09-01T19:02:46Z</time></trkpt>
<trkpt lat="45.397027" lon="-75.886793"><ele>23.0</ele><time>2024-09-01T19:02:47Z</time></trkpt>
<trkpt lat="45.397024" lon="-75.886802"><ele>23.0</ele><time>2024-09-01T19:02:48Z</time></trkpt>
<trkpt lat="45.397021" lon="-75.886802"><ele>23.0</ele><time>2024-09-01T19:02:49Z</time></trkpt>
<trkpt lat="45.397021" lon="-75.886802"><ele>23.0</ele><time>2024-09-01T19:02:50Z</time></trkpt>
<trkpt lat="45.397018" lon="-75.886802"><ele>23.0</ele><time>2024-09-01T19:02:51Z</time></trkpt>
<trkpt lat="45.397018" lon="-75.886811"><ele>23.0</ele><time>2024-09-01T19:02:52Z</time></trkpt>
<trkpt lat="45.397014" lon="-75.886811"><ele>23.0</ele><time>2024-09-01T19:02:53Z</time></trkpt>
<trkpt lat="45.397011" lon="-75.886811"><ele>23.0</ele><time>2024-09-01T19:02:54Z</time></trkpt>
<trkpt lat="45.397008" lon="-75.886811"><ele>23.0</ele><time>2024-09-01T19:02:55Z</time></trkpt>
<trkpt lat="45.397008" lon="-75.886811"><ele>23.0</ele><time>2024-09-01T19:02:56Z</time></trkpt>
<trkpt lat="45.397005" lon="-75.886811"><ele>23.0</ele><time>2024-09-01T19:02:57Z</time></trkpt>
<trkpt lat="45.397002" lon="-75.88682"><ele>23.0</ele><time>2024-09-01T19:02:58Z</time></trkpt>
<trkpt lat="45.396999" lon="-75.88682"><ele>23.0</ele><time>2024-09-01T19:02:59Z</time></trkpt>
<trkpt lat="45.396999" lon="-75.88682"><ele>23.0</ele><time>2024-09-01T19:03:00Z</time></trkpt>
<trkpt lat="45.396995" lon="-75.88682"><ele>23.0</ele><time>2024-09-01T19:03:01Z</time></trkpt>
<trkpt lat="45.396992" lon="-75.88682"><ele>23.0</ele><time>2024-09-01T19:03:02Z</time></trkpt>
<trkpt lat="45.396992" lon="-75.88682"><ele>23.0</ele><time>2024-09-01T19:03:03Z</time></trkpt>
<trkpt lat="45.396989" lon="-75.886829"><ele>23.0</ele><time>2024-09-01T19:03:04Z</time></trkpt>
<trkpt lat="45.396989" lon="-75.886829"><ele>23.0</ele><time>2024-09-01T19:03:05Z</time></trkpt>
<trkpt lat="45.396986" lon="-75.886829"><ele>23.0</ele><time>2024-09-01T19:03:06Z</time></trkpt>
<trkpt lat="45.396983" lon="-75.886829"><ele>23.0</ele><time>2024-09-01T19:03:07Z</time></trkpt>
<trkpt lat="45.39698" lon="-75.886829"><ele>23.0</ele><time>2024-09-01T19:03:08Z</time></trkpt>
<trkpt lat="45.39698" lon="-75.886829"><ele>23.0</ele><time>2024-09-01T19:03:09Z</time></trkpt>
<trkpt lat="45.396976" lon="-75.886829"><ele>23.0</ele><time>2024-09-01T19:03:10Z</time></trkpt>
<trkpt lat="45.396976" lon="-75.886829"><ele>23.0</ele><time>2024-09-01T19:03:11Z</time></trkpt>
<trkpt lat="45.396973" lon="-75.886829"><ele>23.0</ele><time>2024-09-01T19:03:12Z</time></trkpt>
<trkpt lat="45.396973" lon="-75.886829"><ele>23.0</ele><time>2024-09-01T19:03:13Z</time></trkpt>
<trkpt lat="45.396973" lon="-75.886829"><ele>23.0</ele><time>2024-09-01T19:03:14Z</time></trkpt>
<trkpt lat="45.39697" lon="-75.886829"><ele>23.0</ele><time>2024-09-01T19:03:15Z</time></trkpt>
<trkpt lat="45.39697" lon="-75.886829"><ele>23.0</ele><time>2024-09-01T19:03:16Z</time></trkpt>
<trkpt lat="45.396967" lon="-75.886838"><ele>23.0</ele><time>2024-09-01T19:03:17Z</time></trkpt>
<trkpt lat="45.396967" lon="-75.886838"><ele>23.0</ele><time>2024-09-01T19:03:18Z</time></trkpt>
<trkpt lat="45.396967" lon="-75.886838"><ele>23.0</ele><time>2024-09-01T19:03:19Z</time></trkpt>
<trkpt lat="45.396964" lon="-75.886838"><ele>23.0</ele><time>2024-09-01T19:03:20Z</time></trkpt>
<trkpt lat="45.396964" lon="-75.886838"><ele>23.0</ele><time>2024-09-01T19:03:21Z</time></trkpt>
<trkpt lat="45.396964" lon="-75.886838"><ele>23.0</ele><time>2024-09-01T19:03:22Z</time></trkpt>
<trkpt lat="45.396964" lon="-75.886838"><ele>23.0</ele><time>2024-09-01T19:03:23Z</time></trkpt>
<trkpt lat="45.396961" lon="-75.886838"><ele>23.0</ele><time>2024-09-01T19:03:24Z</time></trkpt>
<trkpt lat="45.396961" lon="-75.886838"><ele>23.0</ele><time>2024-09-01T19:03:25Z</time></trkpt>
<trkpt lat="45.396961" lon="-75.886847"><ele>23.0</ele><time>2024-09-01T19:03:26Z</time></trkpt>
<trkpt lat="45.396961" lon="-75.886838"><ele>23.0</ele><time>2024-09-01T19:03:27Z</time></trkpt>
<trkpt lat="45.396961" lon="-75.886847"><ele>23.0</ele><time>2024-09-01T19:03:28Z</time></trkpt>
<trkpt lat="45.396961" lon="-75.886847"><ele>23.0</ele><time>2024-09-01T19:03:29Z</time></trkpt>
<trkpt lat="45.396961" lon="-75.886847"><ele>23.0</ele><time>2024-09-01T19:03:30Z</time></trkpt>
<trkpt lat="45.396961" lon="-75.886847"><ele>23.0</ele><time>2024-09-01T19:03:31Z</time></trkpt>
<trkpt lat="45.396964" lon="-75.886847"><ele>23.0</ele><time>2024-09-01T19:03:32Z</time></trkpt>
<trkpt lat="45.396964" lon="-75.886847"><ele>23.0</ele><time>2024-09-01T19:03:33Z</time></trkpt>
<trkpt lat="45.396967" lon="-75.886856"><ele>23.0</ele><time>2024-09-01T19:03:34Z</time></trkpt>
<trkpt lat="45.396967" lon="-75.886856"><ele>22.0</ele><time>2024-09-01T19:03:35Z</time></trkpt>
<trkpt lat="45.39697" lon="-75.886856"><ele>23.0</ele><time>2024-09-01T19:03:36Z</time></trkpt>
<trkpt lat="45.39697" lon="-75.886856"><ele>22.0</ele><time>2024-09-01T19:03:37Z</time></trkpt>
<trkpt lat="45.396973" lon="-75.886856"><ele>22.0</ele><time>2024-09-01T19:03:38Z</time></trkpt>
<trkpt lat="45.396976" lon="-75.886856"><ele>22.0</ele><time>2024-09-01T19:03:39Z</time></trkpt>
<trkpt lat="45.39698" lon="-75.886856"><ele>22.0</ele><time>2024-09-01T19:03:40Z</time></trkpt>
<trkpt lat="45.39698" lon="-75.886856"><ele>22.0</ele><time>2024-09-01T19:03:41Z</time></trkpt>
<trkpt lat="45.396983" lon="-75.886856"><ele>22.0</ele><time>2024-09-01T19:03:42Z</time></trkpt>
<trkpt lat="45.396986" lon="-75.886865"><ele>23.0</ele><time>2024-09-01T19:03:43Z</time></trkpt>
<trkpt lat="45.396992" lon="-75.886865"><ele>23.0</ele><time>2024-09-01T19:03:44Z</time></trkpt>
<trkpt lat="45.396995" lon="-75.886865"><ele>23.0</ele><time>2024-09-01T19:03:45Z</time></trkpt>
<trkpt lat="45.396999" lon="-75.886874"><ele>23.0</ele><time>2024-09-01T19:03:46Z</time></trkpt>
<trkpt lat="45.397002" lon="-75.886874"><ele>23.0</ele><time>2024-09-01T19:03:47Z</time></trkpt>
<trkpt lat="45.397005" lon="-75.886874"><ele>23.0</ele><time>2024-09-01T19:03:48Z</time></trkpt>
<trkpt lat="45.397011" lon="-75.886883"><ele>23.0</ele><time>2024-09-01T19:03:49Z</time></trkpt>
<trkpt lat="45.397014" lon="-75.886883"><ele>23.0</ele><time>2024-09-01T19:03:50Z</time></trkpt>
<trkpt lat="45.397014" lon="-75.886892"><ele>22.0</ele><time>2024-09-01T19:03:51Z</time></trkpt>
<trkpt lat="45.397018" lon="-75.886892"><ele>23.0</ele><time>2024-09-01T19:03:52Z</time></trkpt>
<trkpt lat="45.397021" lon="-75.886901"><ele>22.0</ele><time>2024-09-01T19:03:53Z</time></trkpt>
<trkpt lat="45.397024" lon="-75.886901"><ele>22.0</ele><time>2024-09-01T19:03:54Z</time></trkpt>
<trkpt lat="45.397024" lon="-75.88691"><ele>22.0</ele><time>2024-09-01T19:03:55Z</time></trkpt>
<trkpt lat="45.397027" lon="-75.88691"><ele>22.0</ele><time>2024-09-01T19:03:56Z</time></trkpt>
<trkpt lat="45.397027" lon="-75.88691"><ele>22.0</ele><time>2024-09-01T19:03:57Z</time></trkpt>
<trkpt lat="45.39703" lon="-75.886919"><ele>22.0</ele><time>2024-09-01T19:03:58Z</time></trkpt>
<trkpt lat="45.39703" lon="-75.886919"><ele>22.0</ele><time>2024-09-01T19:03:59Z</time></trkpt>
<trkpt lat="45.39703" lon="-75.886919"><ele>22.0</ele><time>2024-09-01T19:04:00Z</time></trkpt>
<trkpt lat="45.397033" lon="-75.886928"><ele>22.0</ele><time>2024-09-01T19:04:01Z</time></trkpt>
<trkpt lat="45.397033" lon="-75.886928"><ele>22.0</ele><time>2024-09-01T19:04:02Z</time></trkpt>
<trkpt lat="45.397033" lon="-75.886928"><ele>22.0</ele><time>2024-09-01T19:04:03Z</time></trkpt>
<trkpt lat="45.397037" lon="-75.886928"><ele>22.0</ele><time>2024-09-01T19:04:04Z</time></trkpt>
<trkpt lat="45.397033" lon="-75.886928"><ele>22.0</ele><time>2024-09-01T19:04:05Z</time></trkpt>
<trkpt lat="45.397037" lon="-75.886937"><ele>22.0</ele><time>2024-09-01T19:04:06Z</time></trkpt>
<trkpt lat="45.397037" lon="-75.886937"><ele>22.0</ele><time>2024-09-01T19:04:07Z</time></trkpt>
<trkpt lat="45.397037" lon="-75.886937"><ele>22.0</ele><time>2024-09-01T19:04:08Z</time></trkpt>
<trkpt lat="45.397037" lon="-75.886937"><ele>22.0</ele><time>2024-09-01T19:04:09Z</time></trkpt>
<trkpt lat="45.397037" lon="-75.886937"><ele>22.0</ele><time>2024-09-01T19:04:10Z</time></trkpt>
<trkpt lat="45.397037" lon="-75.886937"><ele>22.0</ele><time>2024-09-01T19:04:11Z</time></trkpt>
<trkpt lat="45.397037" lon="-75.886937"><ele>22.0</ele><time>2024-09-01T19:04:12Z</time></trkpt>
<trkpt lat="45.397037" lon="-75.886937"><ele>22.0</ele><time>2024-09-01T19:04:13Z</time></trkpt>
<trkpt lat="45.397037" lon="-75.886937"><ele>22.0</ele><time>2024-09-01T19:04:14Z</time></trkpt>
<trkpt lat="45.39704" lon="-75.886937"><ele>22.0</ele><time>2024-09-01T19:04:15Z</time></trkpt>
<trkpt lat="45.397037" lon="-75.886937"><ele>22.0</ele><time>2024-09-01T19:04:16Z</time></trkpt>
<trkpt lat="45.397037" lon="-75.886937"><ele>23.0</ele><time>2024-09-01T19:04:17Z</time></trkpt>
<trkpt lat="45.397033" lon="-75.886937"><ele>23.0</ele><time>2024-09-01T19:04:18Z</time></trkpt>
<trkpt lat="45.397033" lon="-75.886937"><ele>23.0</ele><time>2024-09-01T19:04:19Z</time></trkpt>
<trkpt lat="45.39703" lon="-75.886928"><ele>23.0</ele><time>2024-09-01T19:04:20Z</time></trkpt>
<trkpt lat="45.39703" lon="-75.886928"><ele>23.0</ele><time>2024-09-01T19:04:21Z</time></trkpt>
<trkpt lat="45.397027" lon="-75.886928"><ele>23.0</ele><time>2024-09-01T19:04:22Z</time></trkpt>
<trkpt lat="45.397024" lon="-75.886928"><ele>23.0</ele><time>2024-09-01T19:04:23Z</time></trkpt>
<trkpt lat="45.397024" lon="-75.886937"><ele>23.0</ele><time>2024-09-01T19:04:24Z</time></trkpt>
<trkpt lat="45.397021" lon="-75.886937"><ele>23.0</ele><time>2024-09-01T19:04:25Z</time></trkpt>
<trkpt lat="45.397021" lon="-75.886937"><ele>23.0</ele><time>2024-09-01T19:04:26Z</time></trkpt>
<trkpt lat="45.397021" lon="-75.886946"><ele>23.0</ele><time>2024-09-01T19:04:27Z</time></trkpt>
<trkpt lat="45.397021" lon="-75.886946"><ele>23.0</ele><time>2024-09-01T19:04:28Z</time></trkpt>
<trkpt lat="45.397021" lon="-75.886955"><ele>23.0</ele><time>2024-09-01T19:04:29Z</time></trkpt>
<trkpt lat="45.397021" lon="-75.886955"><ele>23.0</ele><time>2024-09-01T19:04:30Z</time></trkpt>
<trkpt lat="45.397024" lon="-75.886964"><ele>23.0</ele><time>2024-09-01T19:04:31Z</time></trkpt>
<trkpt lat="45.397024" lon="-75.886964"><ele>23.0</ele><time>2024-09-01T19:04:32Z</time></trkpt>
<trkpt lat="45.397024" lon="-75.886973"><ele>23.0</ele><time>2024-09-01T19:04:33Z</time></trkpt>
<trkpt lat="45.397021" lon="-75.886973"><ele>23.0</ele><time>2024-09-01T19:04:34Z</time></trkpt>
<trkpt lat="45.397021" lon="-75.886982"><ele>23.0</ele><time>2024-09-01T19:04:35Z</time></trkpt>
<trkpt lat="45.397024" lon="-75.886991"><ele>23.0</ele><time>2024-09-01T19:04:36Z</time></trkpt>
<trkpt lat="45.397024" lon="-75.886991"><ele>23.0</ele><time>2024-09-01T19:04:37Z</time></trkpt>
<trkpt lat="45.397021" lon="-75.887"><ele>23.0</ele><time>2024-09-01T19:04:38Z</time></trkpt>
<trkpt lat="45.397021" lon="-75.887009"><ele>24.0</ele><time>2024-09-01T19:04:39Z</time></trkpt>
<trkpt lat="45.397024" lon="-75.887009"><ele>24.0</ele><time>2024-09-01T19:04:40Z</time></trkpt>
<trkpt lat="45.397024" lon="-75.887009"><ele>23.0</ele><time>2024-09-01T19:04:41Z</time></trkpt>
<trkpt lat="45.397027" lon="-75.887018"><ele>23.0</ele><time>2024-09-01T19:04:42Z</time></trkpt>
<trkpt lat="45.39703" lon="-75.887018"><ele>23.0</ele><time>2024-09-01T19:04:43Z</time></trkpt>
<trkpt lat="45.397033" lon="-75.887018"><ele>23.0</ele><time>2024-09-01T19:04:44Z</time></trkpt>
<trkpt lat="45.397037" lon="-75.887018"><ele>23.0</ele><time>2024-09-01T19:04:45Z</time></trkpt>
<trkpt lat="45.39704" lon="-75.887018"><ele>23.0</ele><time>2024-09-01T19:04:46Z</time></trkpt>
<trkpt lat="45.397046" lon="-75.887009"><ele>23.0</ele><time>2024-09-01T19:04:47Z</time></trkpt>
<trkpt lat="45.397049" lon="-75.887009"><ele>23.0</ele><time>2024-09-01T19:04:48Z</time></trkpt>
<trkpt lat="45.397056" lon="-75.887009"><ele>23.0</ele><time>2024-09-01T19:04:49Z</time></trkpt>
<trkpt lat="45.397059" lon="-75.887009"><ele>23.0</ele><time>2024-09-01T19:04:50Z</time></trkpt>
<trkpt lat="45.397065" lon="-75.887"><ele>23.0</ele><time>2024-09-01T19:04:51Z</time></trkpt>
<trkpt lat="45.397068" lon="-75.887"><ele>23.0</ele><time>2024-09-01T19:04:52Z</time></trkpt>
<trkpt lat="45.397075" lon="-75.887"><ele>23.0</ele><time>2024-09-01T19:04:53Z</time></trkpt>
<trkpt lat="45.397078" lon="-75.887"><ele>23.0</ele><time>2024-09-01T19:04:54Z</time></trkpt>
<trkpt lat="45.397081" lon="-75.887"><ele>23.0</ele><time>2024-09-01T19:04:55Z</time></trkpt>
<trkpt lat="45.397084" lon="-75.887"><ele>23.0</ele><time>2024-09-01T19:04:56Z</time></trkpt>
<trkpt lat="45.397087" lon="-75.887"><ele>23.0</ele><time>2024-09-01T19:04:57Z</time></trkpt>
<trkpt lat="45.397087" lon="-75.887"><ele>23.0</ele><time>2024-09-01T19:04:58Z</time></trkpt>
<trkpt lat="45.39709" lon="-75.887"><ele>23.0</ele><time>2024-09-01T19:04:59Z</time></trkpt>
<trkpt lat="45.39709" lon="-75.887"><ele>23.0</ele><time>2024-09-01T19:05:00Z</time></trkpt>
<trkpt lat="45.39709" lon="-75.887"><ele>23.0</ele><time>2024-09-01T19:05:01Z</time></trkpt>
<trkpt lat="45.39709" lon="-75.887"><ele>23.0</ele><time>2024-09-01T19:05:02Z</time></trkpt>
<trkpt lat="45.39709" lon="-75.887"><ele>23.0</ele><time>2024-09-01T19:05:03Z</time></trkpt>
<trkpt lat="45.39709" lon="-75.887"><ele>23.0</ele><time>2024-09-01T19:05:04Z</time></trkpt>
<trkpt lat="45.397087" lon="-75.887"><ele>23.0</ele><time>2024-09-01T19:05:05Z</time></trkpt>
<trkpt lat="45.397087" lon="-75.887"><ele>23.0</ele><time>2024-09-01T19:05:06Z</time></trkpt>
<trkpt lat="45.397084" lon="-75.887"><ele>23.0</ele><time>2024-09-01T19:05:07Z</time></trkpt>
<trkpt lat="45.397081" lon="-75.887009"><ele>23.0</ele><time>2024-09-01T19:05:08Z</time></trkpt>
<trkpt lat="45.397078" lon="-75.887009"><ele>23.0</ele><time>2024-09-01T19:05:09Z</time></trkpt>
<trkpt lat="45.397075" lon="-75.887018"><ele>23.0</ele><time>2024-09-01T19:05:10Z</time></trkpt>
<trkpt lat="45.397068" lon="-75.887018"><ele>23.0</ele><time>2024-09-01T19:05:11Z</time></trkpt>
<trkpt lat="45.397062" lon="-75.887018"><ele>23.0</ele><time>2024-09-01T19:05:12Z</time></trkpt>
<trkpt lat="45.397056" lon="-75.887027"><ele>23.0</ele><time>2024-09-01T19:05:13Z</time></trkpt>
<trkpt lat="45.397049" lon="-75.887027"><ele>23.0</ele><time>2024-09-01T19:05:14Z</time></trkpt>
<trkpt lat="45.397046" lon="-75.887036"><ele>23.0</ele><time>2024-09-01T19:05:15Z</time></trkpt>
<trkpt lat="45.39704" lon="-75.887036"><ele>23.0</ele><time>2024-09-01T19:05:16Z</time></trkpt>
<trkpt lat="45.397033" lon="-75.887036"><ele>23.0</ele><time>2024-09-01T19:05:17Z</time></trkpt>
<trkpt lat="45.397027" lon="-75.887045"><ele>23.0</ele><time>2024-09-01T19:05:18Z</time></trkpt>
<trkpt lat="45.397018" lon="-75.887045"><ele>23.0</ele><time>2024-09-01T19:05:19Z</time></trkpt>
<trkpt lat="45.397014" lon="-75.887045"><ele>23.0</ele><time>2024-09-01T19:05:20Z</time></trkpt>
<trkpt lat="45.397008" lon="-75.887045"><ele>23.0</ele><time>2024-09-01T19:05:21Z</time></trkpt>
<trkpt lat="45.397002" lon="-75.887054"><ele>23.0</ele><time>2024-09-01T19:05:22Z</time></trkpt>
<trkpt lat="45.396995" lon="-75.887054"><ele>23.0</ele><time>2024-09-01T19:05:23Z</time></trkpt>
<trkpt lat="45.396989" lon="-75.887054"><ele>23.0</ele><time>2024-09-01T19:05:24Z</time></trkpt>
<trkpt lat="45.396983" lon="-75.887054"><ele>23.0</ele><time>2024-09-01T19:05:25Z</time></trkpt>
<trkpt lat="45.396976" lon="-75.887054"><ele>23.0</ele><time>2024-09-01T19:05:26Z</time></trkpt>
<trkpt lat="45.39697" lon="-75.887063"><ele>23.0</ele><time>2024-09-01T19:05:27Z</time></trkpt>
<trkpt lat="45.396964" lon="-75.887063"><ele>23.0</ele><time>2024-09-01T19:05:28Z</time></trkpt>
<trkpt lat="45.396957" lon="-75.887063"><ele>23.0</ele><time>2024-09-01T19:05:29Z</time></trkpt>
<trkpt lat="45.396951" lon="-75.887063"><ele>23.0</ele><time>2024-09-01T19:05:30Z</time></trkpt>
<trkpt lat="45.396945" lon="-75.887063"><ele>23.0</ele><time>2024-09-01T19:05:31Z</time></trkpt>
<trkpt lat="45.396939" lon="-75.887063"><ele>23.0</ele><time>2024-09-01T19:05:32Z</time></trkpt>
<trkpt lat="45.396932" lon="-75.887063"><ele>23.0</ele><time>2024-09-01T19:05:33Z</time></trkpt>
<trkpt lat="45.396926" lon="-75.887063"><ele>23.0</ele><time>2024-09-01T19:05:34Z</time></trkpt>
<trkpt lat="45.39692" lon="-75.887063"><ele>23.0</ele><time>2024-09-01T19:05:35Z</time></trkpt>
<trkpt lat="45.396913" lon="-75.887063"><ele>23.0</ele><time>2024-09-01T19:05:36Z</time></trkpt>
<trkpt lat="45.396907" lon="-75.887063"><ele>23.0</ele><time>2024-09-01T19:05:37Z</time></trkpt>
<trkpt lat="45.396897" lon="-75.887063"><ele>23.0</ele><time>2024-09-01T19:05:38Z</time></trkpt>
<trkpt lat="45.396891" lon="-75.887063"><ele>23.0</ele><time>2024-09-01T19:05:39Z</time></trkpt>
<trkpt lat="45.396885" lon="-75.887063"><ele>23.0</ele><time>2024-09-01T19:05:40Z</time></trkpt>
<trkpt lat="45.396878" lon="-75.887063"><ele>22.0</ele><time>2024-09-01T19:05:41Z</time></trkpt>
<trkpt lat="45.396872" lon="-75.887063"><ele>22.0</ele><time>2024-09-01T19:05:42Z</time></trkpt>
<trkpt lat="45.396866" lon="-75.887063"><ele>22.0</ele><time>2024-09-01T19:05:43Z</time></trkpt>
<trkpt lat="45.396859" lon="-75.887063"><ele>22.0</ele><time>2024-09-01T19:05:44Z</time></trkpt>
<trkpt lat="45.396853" lon="-75.887063"><ele>22.0</ele><time>2024-09-01T19:05:45Z</time></trkpt>
<trkpt lat="45.396847" lon="-75.887063"><ele>22.0</ele><time>2024-09-01T19:05:46Z</time></trkpt>
<trkpt lat="45.39684" lon="-75.887063"><ele>22.0</ele><time>2024-09-01T19:05:47Z</time></trkpt>
<trkpt lat="45.396837" lon="-75.887063"><ele>22.0</ele><time>2024-09-01T19:05:48Z</time></trkpt>
<trkpt lat="45.396831" lon="-75.887063"><ele>22.0</ele><time>2024-09-01T19:05:49Z</time></trkpt>
<trkpt lat="45.396821" lon="-75.887063"><ele>22.0</ele><time>2024-09-01T19:05:50Z</time></trkpt>
<trkpt lat="45.396815" lon="-75.887063"><ele>22.0</ele><time>2024-09-01T19:05:51Z</time></trkpt>
<trkpt lat="45.396809" lon="-75.887063"><ele>22.0</ele><time>2024-09-01T19:05:52Z</time></trkpt>
<trkpt lat="45.396802" lon="-75.887063"><ele>22.0</ele><time>2024-09-01T19:05:53Z</time></trkpt>
<trkpt lat="45.396796" lon="-75.887063"><ele>22.0</ele><time>2024-09-01T19:05:54Z</time></trkpt>
<trkpt lat="45.39679" lon="-75.887063"><ele>22.0</ele><time>2024-09-01T19:05:55Z</time></trkpt>
<trkpt lat="45.396783" lon="-75.887063"><ele>22.0</ele><time>2024-09-01T19:05:56Z</time></trkpt>
<trkpt lat="45.396777" lon="-75.887063"><ele>22.0</ele><time>2024-09-01T19:05:57Z</time></trkpt>
<trkpt lat="45.396771" lon="-75.887063"><ele>22.0</ele><time>2024-09-01T19:05:58Z</time></trkpt>
<trkpt lat="45.396764" lon="-75.887063"><ele>22.0</ele><time>2024-09-01T19:05:59Z</time></trkpt>
<trkpt lat="45.396755" lon="-75.887063"><ele>22.0</ele><time>2024-09-01T19:06:00Z</time></trkpt>
<trkpt lat="45.396749" lon="-75.887063"><ele>22.0</ele><time>2024-09-01T19:06:01Z</time></trkpt>
<trkpt lat="45.396745" lon="-75.887063"><ele>22.0</ele><time>2024-09-01T19:06:02Z</time></trkpt>
<trkpt lat="45.396739" lon="-75.887063"><ele>22.0</ele><time>2024-09-01T19:06:03Z</time></trkpt>
<trkpt lat="45.396733" lon="-75.887063"><ele>22.0</ele><time>2024-09-01T19:06:04Z</time></trkpt>
<trkpt lat="45.396726" lon="-75.887063"><ele>22.0</ele><time>2024-09-01T19:06:05Z</time></trkpt>
<trkpt lat="45.39672" lon="-75.887063"><ele>22.0</ele><time>2024-09-01T19:06:06Z</time></trkpt>
<trkpt lat="45.396714" lon="-75.887063"><ele>22.0</ele><time>2024-09-01T19:06:07Z</time></trkpt>
<trkpt lat="45.396708" lon="-75.887063"><ele>22.0</ele><time>2024-09-01T19:06:08Z</time></trkpt>
<trkpt lat="45.396701" lon="-75.887063"><ele>22.0</ele><time>2024-09-01T19:06:09Z</time></trkpt>
<trkpt lat="45.396695" lon="-75.887063"><ele>22.0</ele><time>2024-09-01T19:06:10Z</time></trkpt>
<trkpt lat="45.396689" lon="-75.887063"><ele>22.0</ele><time>2024-09-01T19:06:11Z</time></trkpt>
<trkpt lat="45.396682" lon="-75.887063"><ele>22.0</ele><time>2024-09-01T19:06:12Z</time></trkpt>
<trkpt lat="45.396676" lon="-75.887063"><ele>22.0</ele><time>2024-09-01T19:06:13Z</time></trkpt>
<trkpt lat="45.39667" lon="-75.887063"><ele>22.0</ele><time>2024-09-01T19:06:14Z</time></trkpt>
<trkpt lat="45.396663" lon="-75.887072"><ele>22.0</ele><time>2024-09-01T19:06:15Z</time></trkpt>
<trkpt lat="45.396657" lon="-75.887072"><ele>22.0</ele><time>2024-09-01T19:06:16Z</time></trkpt>
<trkpt lat="45.396651" lon="-75.887072"><ele>22.0</ele><time>2024-09-01T19:06:17Z</time></trkpt>
<trkpt lat="45.396647" lon="-75.887072"><ele>22.0</ele><time>2024-09-01T19:06:18Z</time></trkpt>
<trkpt lat="45.396641" lon="-75.887072"><ele>22.0</ele><time>2024-09-01T19:06:19Z</time></trkpt>
<trkpt lat="45.396635" lon="-75.887072"><ele>22.0</ele><time>2024-09-01T19:06:20Z</time></trkpt>
<trkpt lat="45.396628" lon="-75.887072"><ele>22.0</ele><time>2024-09-01T19:06:21Z</time></trkpt>
<trkpt lat="45.396622" lon="-75.887072"><ele>22.0</ele><time>2024-09-01T19:06:22Z</time></trkpt>
<trkpt lat="45.396616" lon="-75.887072"><ele>22.0</ele><time>2024-09-01T19:06:23Z</time></trkpt>
<trkpt lat="45.396609" lon="-75.887072"><ele>22.0</ele><time>2024-09-01T19:06:24Z</time></trkpt>
<trkpt lat="45.396603" lon="-75.887072"><ele>22.0</ele><time>2024-09-01T19:06:25Z</time></trkpt>
<trkpt lat="45.396597" lon="-75.887072"><ele>22.0</ele><time>2024-09-01T19:06:26Z</time></trkpt>
<trkpt lat="45.39659" lon="-75.887072"><ele>22.0</ele><time>2024-09-01T19:06:27Z</time></trkpt>
<trkpt lat="45.396581" lon="-75.887072"><ele>22.0</ele><time>2024-09-01T19:06:28Z</time></trkpt>
<trkpt lat="45.396575" lon="-75.887072"><ele>22.0</ele><time>2024-09-01T19:06:29Z</time></trkpt>
<trkpt lat="45.396568" lon="-75.887072"><ele>22.0</ele><time>2024-09-01T19:06:30Z</time></trkpt>
<trkpt lat="45.396562" lon="-75.887072"><ele>22.0</ele><time>2024-09-01T19:06:31Z</time></trkpt>
<trkpt lat="45.396559" lon="-75.887072"><ele>22.0</ele><time>2024-09-01T19:06:32Z</time></trkpt>
<trkpt lat="45.396552" lon="-75.887072"><ele>22.0</ele><time>2024-09-01T19:06:33Z</time></trkpt>
<trkpt lat="45.396546" lon="-75.887072"><ele>22.0</ele><time>2024-09-01T19:06:34Z</time></trkpt>
<trkpt lat="45.39654" lon="-75.887072"><ele>22.0</ele><time>2024-09-01T19:06:35Z</time></trkpt>
<trkpt lat="45.396533" lon="-75.887072"><ele>22.0</ele><time>2024-09-01T19:06:36Z</time></trkpt>
<trkpt lat="45.396527" lon="-75.887072"><ele>21.0</ele><time>2024-09-01T19:06:37Z</time></trkpt>
<trkpt lat="45.396521" lon="-75.887072"><ele>22.0</ele><time>2024-09-01T19:06:38Z</time></trkpt>
<trkpt lat="45.396514" lon="-75.887072"><ele>21.0</ele><time>2024-09-01T19:06:39Z</time></trkpt>
<trkpt lat="45.396511" lon="-75.887072"><ele>21.0</ele><time>2024-09-01T19:06:40Z</time></trkpt>
<trkpt lat="45.396505" lon="-75.887072"><ele>21.0</ele><time>2024-09-01T19:06:41Z</time></trkpt>
<trkpt lat="45.396499" lon="-75.887072"><ele>21.0</ele><time>2024-09-01T19:06:42Z</time></trkpt>
<trkpt lat="45.396495" lon="-75.887072"><ele>21.0</ele><time>2024-09-01T19:06:43Z</time></trkpt>
<trkpt lat="45.396489" lon="-75.887072"><ele>21.0</ele><time>2024-09-01T19:06:44Z</time></trkpt>
<trkpt lat="45.396486" lon="-75.887072"><ele>21.0</ele><time>2024-09-01T19:06:45Z</time></trkpt>
<trkpt lat="45.39648" lon="-75.887072"><ele>21.0</ele><time>2024-09-01T19:06:46Z</time></trkpt>
<trkpt lat="45.396473" lon="-75.887072"><ele>21.0</ele><time>2024-09-01T19:06:47Z</time></trkpt>
<trkpt lat="45.39647" lon="-75.887072"><ele>21.0</ele><time>2024-09-01T19:06:48Z</time></trkpt>
<trkpt lat="45.396464" lon="-75.887072"><ele>21.0</ele><time>2024-09-01T19:06:49Z</time></trkpt>
<trkpt lat="45.396458" lon="-75.887072"><ele>21.0</ele><time>2024-09-01T19:06:50Z</time></trkpt>
<trkpt lat="45.396451" lon="-75.887072"><ele>21.0</ele><time>2024-09-01T19:06:51Z</time></trkpt>
<trkpt lat="45.396445" lon="-75.887072"><ele>21.0</ele><time>2024-09-01T19:06:52Z</time></trkpt>
<trkpt lat="45.396439" lon="-75.887072"><ele>21.0</ele><time>2024-09-01T19:06:53Z</time></trkpt>
<trkpt lat="45.396432" lon="-75.887063"><ele>21.0</ele><time>2024-09-01T19:06:54Z</time></trkpt>
<trkpt lat="45.396423" lon="-75.887063"><ele>21.0</ele><time>2024-09-01T19:06:55Z</time></trkpt>
<trkpt lat="45.396416" lon="-75.887063"><ele>21.0</ele><time>2024-09-01T19:06:56Z</time></trkpt>
<trkpt lat="45.396407" lon="-75.887063"><ele>21.0</ele><time>2024-09-01T19:06:57Z</time></trkpt>
<trkpt lat="45.396401" lon="-75.887063"><ele>21.0</ele><time>2024-09-01T19:06:58Z</time></trkpt>
<trkpt lat="45.396391" lon="-75.887063"><ele>21.0</ele><time>2024-09-01T19:06:59Z</time></trkpt>
<trkpt lat="45.396382" lon="-75.887054"><ele>21.0</ele><time>2024-09-01T19:07:00Z</time></trkpt>
<trkpt lat="45.396372" lon="-75.887054"><ele>21.0</ele><time>2024-09-01T19:07:01Z</time></trkpt>
<trkpt lat="45.396363" lon="-75.887054"><ele>21.0</ele><time>2024-09-01T19:07:02Z</time></trkpt>
<trkpt lat="45.396353" lon="-75.887045"><ele>22.0</ele><time>2024-09-01T19:07:03Z</time></trkpt>
<trkpt lat="45.396347" lon="-75.887045"><ele>22.0</ele><time>2024-09-01T19:07:04Z</time></trkpt>
<trkpt lat="45.396337" lon="-75.887036"><ele>22.0</ele><time>2024-09-01T19:07:05Z</time></trkpt>
<trkpt lat="45.396328" lon="-75.887027"><ele>22.0</ele><time>2024-09-01T19:07:06Z</time></trkpt>
<trkpt lat="45.396321" lon="-75.887018"><ele>22.0</ele><time>2024-09-01T19:07:07Z</time></trkpt>
<trkpt lat="45.396312" lon="-75.887018"><ele>22.0</ele><time>2024-09-01T19:07:08Z</time></trkpt>
<trkpt lat="45.396306" lon="-75.887009"><ele>22.0</ele><time>2024-09-01T19:07:09Z</time></trkpt>
<trkpt lat="45.396296" lon="-75.887"><ele>22.0</ele><time>2024-09-01T19:07:10Z</time></trkpt>
<trkpt lat="45.39629" lon="-75.886991"><ele>22.0</ele><time>2024-09-01T19:07:11Z</time></trkpt>
<trkpt lat="45.39628" lon="-75.886982"><ele>22.0</ele><time>2024-09-01T19:07:12Z</time></trkpt>
<trkpt lat="45.396274" lon="-75.886982"><ele>22.0</ele><time>2024-09-01T19:07:13Z</time></trkpt>
<trkpt lat="45.396268" lon="-75.886973"><ele>22.0</ele><time>2024-09-01T19:07:14Z</time></trkpt>
<trkpt lat="45.396261" lon="-75.886964"><ele>22.0</ele><time>2024-09-01T19:07:15Z</time></trkpt>
<trkpt lat="45.396255" lon="-75.886955"><ele>22.0</ele><time>2024-09-01T19:07:16Z</time></trkpt>
<trkpt lat="45.396249" lon="-75.886946"><ele>22.0</ele><time>2024-09-01T19:07:17Z</time></trkpt>
<trkpt lat="45.396242" lon="-75.886937"><ele>22.0</ele><time>2024-09-01T19:07:18Z</time></trkpt>
<trkpt lat="45.396236" lon="-75.886928"><ele>22.0</ele><time>2024-09-01T19:07:19Z</time></trkpt>
<trkpt lat="45.39623" lon="-75.886919"><ele>22.0</ele><time>2024-09-01T19:07:20Z</time></trkpt>
<trkpt lat="45.396227" lon="-75.88691"><ele>23.0</ele><time>2024-09-01T19:07:21Z</time></trkpt>
<trkpt lat="45.39622" lon="-75.886901"><ele>23.0</ele><time>2024-09-01T19:07:22Z</time></trkpt>
<trkpt lat="45.396214" lon="-75.886883"><ele>23.0</ele><time>2024-09-01T19:07:23Z</time></trkpt>
<trkpt lat="45.396208" lon="-75.886874"><ele>23.0</ele><time>2024-09-01T19:07:24Z</time></trkpt>
<trkpt lat="45.396201" lon="-75.886865"><ele>23.0</ele><time>2024-09-01T19:07:25Z</time></trkpt>
<trkpt lat="45.396195" lon="-75.886856"><ele>23.0</ele><time>2024-09-01T19:07:26Z</time></trkpt>
<trkpt lat="45.396189" lon="-75.886847"><ele>23.0</ele><time>2024-09-01T19:07:27Z</time></trkpt>
<trkpt lat="45.396179" lon="-75.886838"><ele>23.0</ele><time>2024-09-01T19:07:28Z</time></trkpt>
<trkpt lat="45.396173" lon="-75.88682"><ele>23.0</ele><time>2024-09-01T19:07:29Z</time></trkpt>
<trkpt lat="45.396163" lon="-75.886811"><ele>23.0</ele><time>2024-09-01T19:07:30Z</time></trkpt>
<trkpt lat="45.396157" lon="-75.886802"><ele>23.0</ele><time>2024-09-01T19:07:31Z</time></trkpt>
<trkpt lat="45.396151" lon="-75.886784"><ele>23.0</ele><time>2024-09-01T19:07:32Z</time></trkpt>
<trkpt lat="45.396141" lon="-75.886775"><ele>23.0</ele><time>2024-09-01T19:07:33Z</time></trkpt>
<trkpt lat="45.396135" lon="-75.886757"><ele>23.0</ele><time>2024-09-01T19:07:34Z</time></trkpt>
<trkpt lat="45.396128" lon="-75.886748"><ele>23.0</ele><time>2024-09-01T19:07:35Z</time></trkpt>
<trkpt lat="45.396119" lon="-75.88673"><ele>23.0</ele><time>2024-09-01T19:07:36Z</time></trkpt>
<trkpt lat="45.396113" lon="-75.886721"><ele>23.0</ele><time>2024-09-01T19:07:37Z</time></trkpt>
<trkpt lat="45.396106" lon="-75.886703"><ele>23.0</ele><time>2024-09-01T19:07:38Z</time></trkpt>
<trkpt lat="45.396097" lon="-75.886694"><ele>23.0</ele><time>2024-09-01T19:07:39Z</time></trkpt>
<trkpt lat="45.39609" lon="-75.886677"><ele>23.0</ele><time>2024-09-01T19:07:40Z</time></trkpt>
<trkpt lat="45.396084" lon="-75.886659"><ele>23.0</ele><time>2024-09-01T19:07:41Z</time></trkpt>
<trkpt lat="45.396075" lon="-75.88665"><ele>23.0</ele><time>2024-09-01T19:07:42Z</time></trkpt>
<trkpt lat="45.396068" lon="-75.886632"><ele>23.0</ele><time>2024-09-01T19:07:43Z</time></trkpt>
<trkpt lat="45.396059" lon="-75.886614"><ele>23.0</ele><time>2024-09-01T19:07:44Z</time></trkpt>
<trkpt lat="45.396052" lon="-75.886605"><ele>23.0</ele><time>2024-09-01T19:07:45Z</time></trkpt>
<trkpt lat="45.396043" lon="-75.886587"><ele>23.0</ele><time>2024-09-01T19:07:46Z</time></trkpt>
<trkpt lat="45.396037" lon="-75.886569"><ele>23.0</ele><time>2024-09-01T19:07:47Z</time></trkpt>
<trkpt lat="45.396027" lon="-75.886551"><ele>23.0</ele><time>2024-09-01T19:07:48Z</time></trkpt>
<trkpt lat="45.396018" lon="-75.886542"><ele>24.0</ele><time>2024-09-01T19:07:49Z</time></trkpt>
<trkpt lat="45.396011" lon="-75.886524"><ele>23.0</ele><time>2024-09-01T19:07:50Z</time></trkpt>
<trkpt lat="45.396002" lon="-75.886506"><ele>24.0</ele><time>2024-09-01T19:07:51Z</time></trkpt>
<trkpt lat="45.395992" lon="-75.886488"><ele>24.0</ele><time>2024-09-01T19:07:52Z</time></trkpt>
<trkpt lat="45.395983" lon="-75.88647"><ele>23.0</ele><time>2024-09-01T19:07:53Z</time></trkpt>
<trkpt lat="45.395973" lon="-75.886452"><ele>23.0</ele><time>2024-09-01T19:07:54Z</time></trkpt>
<trkpt lat="45.395967" lon="-75.886443"><ele>23.0</ele><time>2024-09-01T19:07:55Z</time></trkpt>
<trkpt lat="45.395958" lon="-75.886425"><ele>24.0</ele><time>2024-09-01T19:07:56Z</time></trkpt>
<trkpt lat="45.395951" lon="-75.886407"><ele>23.0</ele><time>2024-09-01T19:07:57Z</time></trkpt>
<trkpt lat="45.395945" lon="-75.886389"><ele>23.0</ele><time>2024-09-01T19:07:58Z</time></trkpt>
<trkpt lat="45.395939" lon="-75.886371"><ele>23.0</ele><time>2024-09-01T19:07:59Z</time></trkpt>
<trkpt lat="45.395932" lon="-75.886353"><ele>23.0</ele><time>2024-09-01T19:08:00Z</time></trkpt>
<trkpt lat="45.395929" lon="-75.886335"><ele>23.0</ele><time>2024-09-01T19:08:01Z</time></trkpt>
<trkpt lat="45.395926" lon="-75.886317"><ele>23.0</ele><time>2024-09-01T19:08:02Z</time></trkpt>
<trkpt lat="45.395923" lon="-75.88629"><ele>23.0</ele><time>2024-09-01T19:08:03Z</time></trkpt>
<trkpt lat="45.395923" lon="-75.886272"><ele>23.0</ele><time>2024-09-01T19:08:04Z</time></trkpt>
<trkpt lat="45.395923" lon="-75.886254"><ele>23.0</ele><time>2024-09-01T19:08:05Z</time></trkpt>
<trkpt lat="45.395926" lon="-75.886227"><ele>23.0</ele><time>2024-09-01T19:08:06Z</time></trkpt>
<trkpt lat="45.395926" lon="-75.886209"><ele>23.0</ele><time>2024-09-01T19:08:07Z</time></trkpt>
<trkpt lat="45.395929" lon="-75.886182"><ele>23.0</ele><time>2024-09-01T19:08:08Z</time></trkpt>
<trkpt lat="45.395932" lon="-75.886164"><ele>23.0</ele><time>2024-09-01T19:08:09Z</time></trkpt>
<trkpt lat="45.395935" lon="-75.886147"><ele>23.0</ele><time>2024-09-01T19:08:10Z</time></trkpt>
<trkpt lat="45.395939" lon="-75.88612"><ele>23.0</ele><time>2024-09-01T19:08:11Z</time></trkpt>
<trkpt lat="45.395942" lon="-75.886102"><ele>23.0</ele><time>2024-09-01T19:08:12Z</time></trkpt>
<trkpt lat="45.395948" lon="-75.886084"><ele>23.0</ele><time>2024-09-01T19:08:13Z</time></trkpt>
<trkpt lat="45.395951" lon="-75.886057"><ele>23.0</ele><time>2024-09-01T19:08:14Z</time></trkpt>
<trkpt lat="45.395954" lon="-75.886039"><ele>23.0</ele><time>2024-09-01T19:08:15Z</time></trkpt>
<trkpt lat="45.395961" lon="-75.886021"><ele>22.0</ele><time>2024-09-01T19:08:16Z</time></trkpt>
<trkpt lat="45.395964" lon="-75.885994"><ele>23.0</ele><time>2024-09-01T19:08:17Z</time></trkpt>
<trkpt lat="45.39597" lon="-75.885976"><ele>22.0</ele><time>2024-09-01T19:08:18Z</time></trkpt>
<trkpt lat="45.395973" lon="-75.885958"><ele>23.0</ele><time>2024-09-01T19:08:19Z</time></trkpt>
<trkpt lat="45.39598" lon="-75.885931"><ele>22.0</ele><time>2024-09-01T19:08:20Z</time></trkpt>
<trkpt lat="45.395983" lon="-75.885913"><ele>22.0</ele><time>2024-09-01T19:08:21Z</time></trkpt>
<trkpt lat="45.395986" lon="-75.885895"><ele>22.0</ele><time>2024-09-01T19:08:22Z</time></trkpt>
<trkpt lat="45.395996" lon="-75.885868"><ele>23.0</ele><time>2024-09-01T19:08:23Z</time></trkpt>
<trkpt lat="45.396002" lon="-75.88585"><ele>23.0</ele><time>2024-09-01T19:08:24Z</time></trkpt>
<trkpt lat="45.396005" lon="-75.885832"><ele>23.0</ele><time>2024-09-01T19:08:25Z</time></trkpt>
<trkpt lat="45.396008" lon="-75.885805"><ele>23.0</ele><time>2024-09-01T19:08:26Z</time></trkpt>
<trkpt lat="45.396011" lon="-75.885787"><ele>23.0</ele><time>2024-09-01T19:08:27Z</time></trkpt>
<trkpt lat="45.396018" lon="-75.885769"><ele>22.0</ele><time>2024-09-01T19:08:28Z</time></trkpt>
<trkpt lat="45.396021" lon="-75.885742"><ele>22.0</ele><time>2024-09-01T19:08:29Z</time></trkpt>
<trkpt lat="45.396027" lon="-75.885724"><ele>22.0</ele><time>2024-09-01T19:08:30Z</time></trkpt>
<trkpt lat="45.39603" lon="-75.885697"><ele>22.0</ele><time>2024-09-01T19:08:31Z</time></trkpt>
<trkpt lat="45.396037" lon="-75.885679"><ele>22.0</ele><time>2024-09-01T19:08:32Z</time></trkpt>
<trkpt lat="45.396043" lon="-75.885661"><ele>22.0</ele><time>2024-09-01T19:08:33Z</time></trkpt>
<trkpt lat="45.396046" lon="-75.885635"><ele>22.0</ele><time>2024-09-01T19:08:34Z</time></trkpt>
<trkpt lat="45.396049" lon="-75.885617"><ele>22.0</ele><time>2024-09-01T19:08:35Z</time></trkpt>
<trkpt lat="45.396056" lon="-75.88559"><ele>22.0</ele><time>2024-09-01T19:08:36Z</time></trkpt>
<trkpt lat="45.396056" lon="-75.885572"><ele>23.0</ele><time>2024-09-01T19:08:37Z</time></trkpt>
<trkpt lat="45.396059" lon="-75.885545"><ele>22.0</ele><time>2024-09-01T19:08:38Z</time></trkpt>
<trkpt lat="45.396062" lon="-75.885527"><ele>22.0</ele><time>2024-09-01T19:08:39Z</time></trkpt>
<trkpt lat="45.396062" lon="-75.8855"><ele>22.0</ele><time>2024-09-01T19:08:40Z</time></trkpt>
<trkpt lat="45.396062" lon="-75.885482"><ele>22.0</ele><time>2024-09-01T19:08:41Z</time></trkpt>
<trkpt lat="45.396062" lon="-75.885455"><ele>22.0</ele><time>2024-09-01T19:08:42Z</time></trkpt>
<trkpt lat="45.396062" lon="-75.885428"><ele>22.0</ele><time>2024-09-01T19:08:43Z</time></trkpt>
<trkpt lat="45.396062" lon="-75.885401"><ele>23.0</ele><time>2024-09-01T19:08:44Z</time></trkpt>
<trkpt lat="45.396062" lon="-75.885383"><ele>22.0</ele><time>2024-09-01T19:08:45Z</time></trkpt>
<trkpt lat="45.396062" lon="-75.885356"><ele>23.0</ele><time>2024-09-01T19:08:46Z</time></trkpt>
<trkpt lat="45.396059" lon="-75.885329"><ele>23.0</ele><time>2024-09-01T19:08:47Z</time></trkpt>
<trkpt lat="45.396059" lon="-75.885302"><ele>22.0</ele><time>2024-09-01T19:08:48Z</time></trkpt>
<trkpt lat="45.396059" lon="-75.885275"><ele>23.0</ele><time>2024-09-01T19:08:49Z</time></trkpt>
<trkpt lat="45.396059" lon="-75.885248"><ele>22.0</ele><time>2024-09-01T19:08:50Z</time></trkpt>
<trkpt lat="45.396059" lon="-75.88523"><ele>22.0</ele><time>2024-09-01T19:08:51Z</time></trkpt>
<trkpt lat="45.396056" lon="-75.885203"><ele>22.0</ele><time>2024-09-01T19:08:52Z</time></trkpt>
<trkpt lat="45.396052" lon="-75.885176"><ele>22.0</ele><time>2024-09-01T19:08:53Z</time></trkpt>
<trkpt lat="45.396049" lon="-75.885149"><ele>22.0</ele><time>2024-09-01T19:08:54Z</time></trkpt>
<trkpt lat="45.396046" lon="-75.885122"><ele>22.0</ele><time>2024-09-01T19:08:55Z</time></trkpt>
<trkpt lat="45.39604" lon="-75.885096"><ele>22.0</ele><time>2024-09-01T19:08:56Z</time></trkpt>
<trkpt lat="45.396033" lon="-75.885069"><ele>22.0</ele><time>2024-09-01T19:08:57Z</time></trkpt>
<trkpt lat="45.39603" lon="-75.885042"><ele>22.0</ele><time>2024-09-01T19:08:58Z</time></trkpt>
<trkpt lat="45.396024" lon="-75.885015"><ele>22.0</ele><time>2024-09-01T19:08:59Z</time></trkpt>
<trkpt lat="45.396018" lon="-75.884988"><ele>22.0</ele><time>2024-09-01T19:09:00Z</time></trkpt>
<trkpt lat="45.396008" lon="-75.884961"><ele>22.0</ele><time>2024-09-01T19:09:01Z</time></trkpt>
<trkpt lat="45.396002" lon="-75.884934"><ele>22.0</ele><time>2024-09-01T19:09:02Z</time></trkpt>
<trkpt lat="45.395996" lon="-75.884907"><ele>22.0</ele><time>2024-09-01T19:09:03Z</time></trkpt>
<trkpt lat="45.395989" lon="-75.88488"><ele>22.0</ele><time>2024-09-01T19:09:04Z</time></trkpt>
<trkpt lat="45.39598" lon="-75.884853"><ele>22.0</ele><time>2024-09-01T19:09:05Z</time></trkpt>
<trkpt lat="45.395973" lon="-75.884826"><ele>22.0</ele><time>2024-09-01T19:09:06Z</time></trkpt>
<trkpt lat="45.395967" lon="-75.884799"><ele>22.0</ele><time>2024-09-01T19:09:07Z</time></trkpt>
<trkpt lat="45.395961" lon="-75.884772"><ele>22.0</ele><time>2024-09-01T19:09:08Z</time></trkpt>
<trkpt lat="45.395951" lon="-75.884745"><ele>22.0</ele><time>2024-09-01T19:09:09Z</time></trkpt>
<trkpt lat="45.395945" lon="-75.884727"><ele>22.0</ele><time>2024-09-01T19:09:10Z</time></trkpt>
<trkpt lat="45.395935" lon="-75.8847"><ele>22.0</ele><time>2024-09-01T19:09:11Z</time></trkpt>
<trkpt lat="45.395929" lon="-75.884673"><ele>22.0</ele><time>2024-09-01T19:09:12Z</time></trkpt>
<trkpt lat="45.39592" lon="-75.884646"><ele>22.0</ele><time>2024-09-01T19:09:13Z</time></trkpt>
<trkpt lat="45.395913" lon="-75.884619"><ele>23.0</ele><time>2024-09-01T19:09:14Z</time></trkpt>
<trkpt lat="45.395904" lon="-75.884593"><ele>23.0</ele><time>2024-09-01T19:09:15Z</time></trkpt>
<trkpt lat="45.395894" lon="-75.884566"><ele>23.0</ele><time>2024-09-01T19:09:16Z</time></trkpt>
<trkpt lat="45.395888" lon="-75.884548"><ele>23.0</ele><time>2024-09-01T19:09:17Z</time></trkpt>
<trkpt lat="45.395878" lon="-75.884521"><ele>23.0</ele><time>2024-09-01T19:09:18Z</time></trkpt>
<trkpt lat="45.395869" lon="-75.884494"><ele>22.0</ele><time>2024-09-01T19:09:19Z</time></trkpt>
<trkpt lat="45.395859" lon="-75.884467"><ele>22.0</ele><time>2024-09-01T19:09:20Z</time></trkpt>
<trkpt lat="45.39585" lon="-75.884449"><ele>22.0</ele><time>2024-09-01T19:09:21Z</time></trkpt>
<trkpt lat="45.39584" lon="-75.884422"><ele>22.0</ele><time>2024-09-01T19:09:22Z</time></trkpt>
<trkpt lat="45.395831" lon="-75.884404"><ele>22.0</ele><time>2024-09-01T19:09:23Z</time></trkpt>
<trkpt lat="45.395821" lon="-75.884377"><ele>22.0</ele><time>2024-09-01T19:09:24Z</time></trkpt>
<trkpt lat="45.395812" lon="-75.88435"><ele>22.0</ele><time>2024-09-01T19:09:25Z</time></trkpt>
<trkpt lat="45.395802" lon="-75.884332"><ele>22.0</ele><time>2024-09-01T19:09:26Z</time></trkpt>
<trkpt lat="45.395796" lon="-75.884305"><ele>22.0</ele><time>2024-09-01T19:09:27Z</time></trkpt>
<trkpt lat="45.395787" lon="-75.884278"><ele>23.0</ele><time>2024-09-01T19:09:28Z</time></trkpt>
<trkpt lat="45.395777" lon="-75.884251"><ele>22.0</ele><time>2024-09-01T19:09:29Z</time></trkpt>
<trkpt lat="45.395768" lon="-75.884233"><ele>23.0</ele><time>2024-09-01T19:09:30Z</time></trkpt>
<trkpt lat="45.395761" lon="-75.884206"><ele>23.0</ele><time>2024-09-01T19:09:31Z</time></trkpt>
<trkpt lat="45.395752" lon="-75.884179"><ele>23.0</ele><time>2024-09-01T19:09:32Z</time></trkpt>
<trkpt lat="45.395742" lon="-75.884161"><ele>23.0</ele><time>2024-09-01T19:09:33Z</time></trkpt>
<trkpt lat="45.395736" lon="-75.884134"><ele>22.0</ele><time>2024-09-01T19:09:34Z</time></trkpt>
<trkpt lat="45.395727" lon="-75.884107"><ele>23.0</ele><time>2024-09-01T19:09:35Z</time></trkpt>
<trkpt lat="45.395711" lon="-75.88408"><ele>24.0</ele><time>2024-09-01T19:09:36Z</time></trkpt>
<trkpt lat="45.395698" lon="-75.884054"><ele>24.0</ele><time>2024-09-01T19:09:37Z</time></trkpt>
<trkpt lat="45.395692" lon="-75.884036"><ele>24.0</ele><time>2024-09-01T19:09:38Z</time></trkpt>
<trkpt lat="45.395685" lon="-75.884018"><ele>23.0</ele><time>2024-09-01T19:09:39Z</time></trkpt>
<trkpt lat="45.395676" lon="-75.883991"><ele>23.0</ele><time>2024-09-01T19:09:40Z</time></trkpt>
<trkpt lat="45.395666" lon="-75.883964"><ele>23.0</ele><time>2024-09-01T19:09:41Z</time></trkpt>
<trkpt lat="45.39566" lon="-75.883946"><ele>23.0</ele><time>2024-09-01T19:09:42Z</time></trkpt>
<trkpt lat="45.395654" lon="-75.883919"><ele>23.0</ele><time>2024-09-01T19:09:43Z</time></trkpt>
<trkpt lat="45.395644" lon="-75.883901"><ele>23.0</ele><time>2024-09-01T19:09:44Z</time></trkpt>
<trkpt lat="45.395635" lon="-75.883874"><ele>24.0</ele><time>2024-09-01T19:09:45Z</time></trkpt>
<trkpt lat="45.395625" lon="-75.883856"><ele>23.0</ele><time>2024-09-01T19:09:46Z</time></trkpt>
<trkpt lat="45.395616" lon="-75.883829"><ele>23.0</ele><time>2024-09-01T19:09:47Z</time></trkpt>
<trkpt lat="45.395606" lon="-75.883811"><ele>23.0</ele><time>2024-09-01T19:09:48Z</time></trkpt>
<trkpt lat="45.395597" lon="-75.883784"><ele>23.0</ele><time>2024-09-01T19:09:49Z</time></trkpt>
<trkpt lat="45.395587" lon="-75.883766"><ele>23.0</ele><time>2024-09-01T19:09:50Z</time></trkpt>
<trkpt lat="45.395578" lon="-75.883739"><ele>23.0</ele><time>2024-09-01T19:09:51Z</time></trkpt>
<trkpt lat="45.395571" lon="-75.883721"><ele>23.0</ele><time>2024-09-01T19:09:52Z</time></trkpt>
<trkpt lat="45.395562" lon="-75.883703"><ele>23.0</ele><time>2024-09-01T19:09:53Z</time></trkpt>
<trkpt lat="45.395549" lon="-75.883676"><ele>23.0</ele><time>2024-09-01T19:09:54Z</time></trkpt>
<trkpt lat="45.395543" lon="-75.883658"><ele>23.0</ele><time>2024-09-01T19:09:55Z</time></trkpt>
<trkpt lat="45.395537" lon="-75.883631"><ele>23.0</ele><time>2024-09-01T19:09:56Z</time></trkpt>
<trkpt lat="45.395527" lon="-75.883613"><ele>23.0</ele><time>2024-09-01T19:09:57Z</time></trkpt>
<trkpt lat="45.395521" lon="-75.883586"><ele>23.0</ele><time>2024-09-01T19:09:58Z</time></trkpt>
<trkpt lat="45.395515" lon="-75.883559"><ele>23.0</ele><time>2024-09-01T19:09:59Z</time></trkpt>
<trkpt lat="45.395508" lon="-75.883542"><ele>23.0</ele><time>2024-09-01T19:10:00Z</time></trkpt>
<trkpt lat="45.395502" lon="-75.883515"><ele>23.0</ele><time>2024-09-01T19:10:01Z</time></trkpt>
<trkpt lat="45.395496" lon="-75.883488"><ele>23.0</ele><time>2024-09-01T19:10:02Z</time></trkpt>
<trkpt lat="45.395492" lon="-75.883461"><ele>23.0</ele><time>2024-09-01T19:10:03Z</time></trkpt>
<trkpt lat="45.395486" lon="-75.883434"><ele>24.0</ele><time>2024-09-01T19:10:04Z</time></trkpt>
<trkpt lat="45.395483" lon="-75.883407"><ele>24.0</ele><time>2024-09-01T19:10:05Z</time></trkpt>
<trkpt lat="45.39548" lon="-75.88338"><ele>24.0</ele><time>2024-09-01T19:10:06Z</time></trkpt>
<trkpt lat="45.39547" lon="-75.883353"><ele>24.0</ele><time>2024-09-01T19:10:07Z</time></trkpt>
<trkpt lat="45.395467" lon="-75.883326"><ele>24.0</ele><time>2024-09-01T19:10:08Z</time></trkpt>
<trkpt lat="45.395461" lon="-75.883299"><ele>24.0</ele><time>2024-09-01T19:10:09Z</time></trkpt>
<trkpt lat="45.395451" lon="-75.883272"><ele>24.0</ele><time>2024-09-01T19:10:10Z</time></trkpt>
<trkpt lat="45.395445" lon="-75.883245"><ele>24.0</ele><time>2024-09-01T19:10:11Z</time></trkpt>
<trkpt lat="45.395435" lon="-75.883218"><ele>24.0</ele><time>2024-09-01T19:10:12Z</time></trkpt>
<trkpt lat="45.395429" lon="-75.883182"><ele>24.0</ele><time>2024-09-01T19:10:13Z</time></trkpt>
<trkpt lat="45.395423" lon="-75.883155"><ele>23.0</ele><time>2024-09-01T19:10:14Z</time></trkpt>
<trkpt lat="45.395413" lon="-75.883128"><ele>24.0</ele><time>2024-09-01T19:10:15Z</time></trkpt>
<trkpt lat="45.395401" lon="-75.883101"><ele>23.0</ele><time>2024-09-01T19:10:16Z</time></trkpt>
<trkpt lat="45.395391" lon="-75.883074"><ele>23.0</ele><time>2024-09-01T19:10:17Z</time></trkpt>
<trkpt lat="45.395385" lon="-75.883047"><ele>23.0</ele><time>2024-09-01T19:10:18Z</time></trkpt>
<trkpt lat="45.395375" lon="-75.883021"><ele>23.0</ele><time>2024-09-01T19:10:19Z</time></trkpt>
<trkpt lat="45.395366" lon="-75.882985"><ele>23.0</ele><time>2024-09-01T19:10:20Z</time></trkpt>
<trkpt lat="45.395356" lon="-75.882958"><ele>23.0</ele><time>2024-09-01T19:10:21Z</time></trkpt>
<trkpt lat="45.395347" lon="-75.882931"><ele>23.0</ele><time>2024-09-01T19:10:22Z</time></trkpt>
<trkpt lat="45.395337" lon="-75.882904"><ele>23.0</ele><time>2024-09-01T19:10:23Z</time></trkpt>
<trkpt lat="45.395331" lon="-75.882877"><ele>23.0</ele><time>2024-09-01T19:10:24Z</time></trkpt>
<trkpt lat="45.395318" lon="-75.88285"><ele>23.0</ele><time>2024-09-01T19:10:25Z</time></trkpt>
<trkpt lat="45.395306" lon="-75.882814"><ele>23.0</ele><time>2024-09-01T19:10:26Z</time></trkpt>
<trkpt lat="45.395296" lon="-75.882787"><ele>23.0</ele><time>2024-09-01T19:10:27Z</time></trkpt>
<trkpt lat="45.395287" lon="-75.88276"><ele>23.0</ele><time>2024-09-01T19:10:28Z</time></trkpt>
<trkpt lat="45.395277" lon="-75.882733"><ele>23.0</ele><time>2024-09-01T19:10:29Z</time></trkpt>
<trkpt lat="45.395268" lon="-75.882706"><ele>23.0</ele><time>2024-09-01T19:10:30Z</time></trkpt>
<trkpt lat="45.395255" lon="-75.882679"><ele>23.0</ele><time>2024-09-01T19:10:31Z</time></trkpt>
<trkpt lat="45.395242" lon="-75.882652"><ele>23.0</ele><time>2024-09-01T19:10:32Z</time></trkpt>
<trkpt lat="45.395233" lon="-75.882625"><ele>23.0</ele><time>2024-09-01T19:10:33Z</time></trkpt>
<trkpt lat="45.395223" lon="-75.882598"><ele>23.0</ele><time>2024-09-01T19:10:34Z</time></trkpt>
<trkpt lat="45.395211" lon="-75.882571"><ele>23.0</ele><time>2024-09-01T19:10:35Z</time></trkpt>
<trkpt lat="45.395201" lon="-75.882544"><ele>23.0</ele><time>2024-09-01T19:10:36Z</time></trkpt>
<trkpt lat="45.395189" lon="-75.882508"><ele>23.0</ele><time>2024-09-01T19:10:37Z</time></trkpt>
<trkpt lat="45.395179" lon="-75.882482"><ele>23.0</ele><time>2024-09-01T19:10:38Z</time></trkpt>
<trkpt lat="45.39517" lon="-75.882464"><ele>22.0</ele><time>2024-09-01T19:10:39Z</time></trkpt>
<trkpt lat="45.395157" lon="-75.882437"><ele>23.0</ele><time>2024-09-01T19:10:40Z</time></trkpt>
<trkpt lat="45.395147" lon="-75.882401"><ele>23.0</ele><time>2024-09-01T19:10:41Z</time></trkpt>
<trkpt lat="45.395135" lon="-75.882374"><ele>23.0</ele><time>2024-09-01T19:10:42Z</time></trkpt>
<trkpt lat="45.395125" lon="-75.882347"><ele>23.0</ele><time>2024-09-01T19:10:43Z</time></trkpt>
<trkpt lat="45.395116" lon="-75.88232"><ele>22.0</ele><time>2024-09-01T19:10:44Z</time></trkpt>
<trkpt lat="45.395106" lon="-75.882293"><ele>22.0</ele><time>2024-09-01T19:10:45Z</time></trkpt>
<trkpt lat="45.395094" lon="-75.882257"><ele>22.0</ele><time>2024-09-01T19:10:46Z</time></trkpt>
<trkpt lat="45.395084" lon="-75.88223"><ele>22.0</ele><time>2024-09-01T19:10:47Z</time></trkpt>
<trkpt lat="45.395072" lon="-75.882203"><ele>22.0</ele><time>2024-09-01T19:10:48Z</time></trkpt>
<trkpt lat="45.395062" lon="-75.882176"><ele>22.0</ele><time>2024-09-01T19:10:49Z</time></trkpt>
<trkpt lat="45.395053" lon="-75.88214"><ele>22.0</ele><time>2024-09-01T19:10:50Z</time></trkpt>
<trkpt lat="45.395043" lon="-75.882113"><ele>22.0</ele><time>2024-09-01T19:10:51Z</time></trkpt>
<trkpt lat="45.395034" lon="-75.882086"><ele>22.0</ele><time>2024-09-01T19:10:52Z</time></trkpt>
<trkpt lat="45.395021" lon="-75.882059"><ele>22.0</ele><time>2024-09-01T19:10:53Z</time></trkpt>
<trkpt lat="45.395008" lon="-75.882032"><ele>22.0</ele><time>2024-09-01T19:10:54Z</time></trkpt>
<trkpt lat="45.394999" lon="-75.881996"><ele>22.0</ele><time>2024-09-01T19:10:55Z</time></trkpt>
<trkpt lat="45.394989" lon="-75.881979"><ele>22.0</ele><time>2024-09-01T19:10:56Z</time></trkpt>
<trkpt lat="45.394977" lon="-75.881952"><ele>22.0</ele><time>2024-09-01T19:10:57Z</time></trkpt>
<trkpt lat="45.394964" lon="-75.881916"><ele>22.0</ele><time>2024-09-01T19:10:58Z</time></trkpt>
<trkpt lat="45.394951" lon="-75.881889"><ele>22.0</ele><time>2024-09-01T19:10:59Z</time></trkpt>
<trkpt lat="45.394939" lon="-75.881862"><ele>22.0</ele><time>2024-09-01T19:11:00Z</time></trkpt>
<trkpt lat="45.394929" lon="-75.881835"><ele>22.0</ele><time>2024-09-01T19:11:01Z</time></trkpt>
<trkpt lat="45.394916" lon="-75.881808"><ele>22.0</ele><time>2024-09-01T19:11:02Z</time></trkpt>
<trkpt lat="45.394901" lon="-75.88179"><ele>22.0</ele><time>2024-09-01T19:11:03Z</time></trkpt>
<trkpt lat="45.394888" lon="-75.881763"><ele>22.0</ele><time>2024-09-01T19:11:04Z</time></trkpt>
<trkpt lat="45.394872" lon="-75.881727"><ele>22.0</ele><time>2024-09-01T19:11:05Z</time></trkpt>
<trkpt lat="45.394859" lon="-75.8817"><ele>22.0</ele><time>2024-09-01T19:11:06Z</time></trkpt>
<trkpt lat="45.39485" lon="-75.881682"><ele>22.0</ele><time>2024-09-01T19:11:07Z</time></trkpt>
<trkpt lat="45.394837" lon="-75.881655"><ele>22.0</ele><time>2024-09-01T19:11:08Z</time></trkpt>
<trkpt lat="45.394825" lon="-75.881628"><ele>22.0</ele><time>2024-09-01T19:11:09Z</time></trkpt>
<trkpt lat="45.394809" lon="-75.881592"><ele>22.0</ele><time>2024-09-01T19:11:10Z</time></trkpt>
<trkpt lat="45.394796" lon="-75.881565"><ele>22.0</ele><time>2024-09-01T19:11:11Z</time></trkpt>
<trkpt lat="45.39479" lon="-75.881538"><ele>22.0</ele><time>2024-09-01T19:11:12Z</time></trkpt>
<trkpt lat="45.39478" lon="-75.881511"><ele>22.0</ele><time>2024-09-01T19:11:13Z</time></trkpt>
<trkpt lat="45.394771" lon="-75.881484"><ele>22.0</ele><time>2024-09-01T19:11:14Z</time></trkpt>
<trkpt lat="45.394758" lon="-75.881449"><ele>22.0</ele><time>2024-09-01T19:11:15Z</time></trkpt>
<trkpt lat="45.394749" lon="-75.881413"><ele>22.0</ele><time>2024-09-01T19:11:16Z</time></trkpt>
<trkpt lat="45.394742" lon="-75.881386"><ele>22.0</ele><time>2024-09-01T19:11:17Z</time></trkpt>
<trkpt lat="45.394739" lon="-75.881359"><ele>22.0</ele><time>2024-09-01T19:11:18Z</time></trkpt>
<trkpt lat="45.394733" lon="-75.881332"><ele>22.0</ele><time>2024-09-01T19:11:19Z</time></trkpt>
<trkpt lat="45.39472" lon="-75.881296"><ele>22.0</ele><time>2024-09-01T19:11:20Z</time></trkpt>
<trkpt lat="45.394711" lon="-75.88126"><ele>22.0</ele><time>2024-09-01T19:11:21Z</time></trkpt>
<trkpt lat="45.394704" lon="-75.881233"><ele>22.0</ele><time>2024-09-01T19:11:22Z</time></trkpt>
<trkpt lat="45.394698" lon="-75.881206"><ele>22.0</ele><time>2024-09-01T19:11:23Z</time></trkpt>
<trkpt lat="45.394692" lon="-75.881179"><ele>22.0</ele><time>2024-09-01T19:11:24Z</time></trkpt>
<trkpt lat="45.394679" lon="-75.881152"><ele>22.0</ele><time>2024-09-01T19:11:25Z</time></trkpt>
<trkpt lat="45.394666" lon="-75.881125"><ele>22.0</ele><time>2024-09-01T19:11:26Z</time></trkpt>
<trkpt lat="45.394651" lon="-75.881089"><ele>22.0</ele><time>2024-09-01T19:11:27Z</time></trkpt>
<trkpt lat="45.394638" lon="-75.881062"><ele>22.0</ele><time>2024-09-01T19:11:28Z</time></trkpt>
<trkpt lat="45.394628" lon="-75.881035"><ele>22.0</ele><time>2024-09-01T19:11:29Z</time></trkpt>
<trkpt lat="45.394616" lon="-75.881017"><ele>22.0</ele><time>2024-09-01T19:11:30Z</time></trkpt>
<trkpt lat="45.394603" lon="-75.88099"><ele>22.0</ele><time>2024-09-01T19:11:31Z</time></trkpt>
<trkpt lat="45.394587" lon="-75.880963"><ele>22.0</ele><time>2024-09-01T19:11:32Z</time></trkpt>
<trkpt lat="45.394575" lon="-75.880937"><ele>22.0</ele><time>2024-09-01T19:11:33Z</time></trkpt>
<trkpt lat="45.394559" lon="-75.88091"><ele>22.0</ele><time>2024-09-01T19:11:34Z</time></trkpt>
<trkpt lat="45.394546" lon="-75.880883"><ele>22.0</ele><time>2024-09-01T19:11:35Z</time></trkpt>
<trkpt lat="45.39453" lon="-75.880856"><ele>22.0</ele><time>2024-09-01T19:11:36Z</time></trkpt>
<trkpt lat="45.394518" lon="-75.880838"><ele>22.0</ele><time>2024-09-01T19:11:37Z</time></trkpt>
<trkpt lat="45.394502" lon="-75.880811"><ele>22.0</ele><time>2024-09-01T19:11:38Z</time></trkpt>
<trkpt lat="45.394489" lon="-75.880784"><ele>22.0</ele><time>2024-09-01T19:11:39Z</time></trkpt>
<trkpt lat="45.394473" lon="-75.880757"><ele>22.0</ele><time>2024-09-01T19:11:40Z</time></trkpt>
<trkpt lat="45.394461" lon="-75.88073"><ele>22.0</ele><time>2024-09-01T19:11:41Z</time></trkpt>
<trkpt lat="45.394445" lon="-75.880703"><ele>22.0</ele><time>2024-09-01T19:11:42Z</time></trkpt>
<trkpt lat="45.394429" lon="-75.880685"><ele>22.0</ele><time>2024-09-01T19:11:43Z</time></trkpt>
<trkpt lat="45.394416" lon="-75.880667"><ele>22.0</ele><time>2024-09-01T19:11:44Z</time></trkpt>
<trkpt lat="45.394401" lon="-75.88064"><ele>22.0</ele><time>2024-09-01T19:11:45Z</time></trkpt>
<trkpt lat="45.394385" lon="-75.880613"><ele>22.0</ele><time>2024-09-01T19:11:46Z</time></trkpt>
<trkpt lat="45.394369" lon="-75.880586"><ele>23.0</ele><time>2024-09-01T19:11:47Z</time></trkpt>
<trkpt lat="45.394353" lon="-75.880568"><ele>23.0</ele><time>2024-09-01T19:11:48Z</time></trkpt>
<trkpt lat="45.394341" lon="-75.880559"><ele>23.0</ele><time>2024-09-01T19:11:49Z</time></trkpt>
<trkpt lat="45.394325" lon="-75.880532"><ele>23.0</ele><time>2024-09-01T19:11:50Z</time></trkpt>
<trkpt lat="45.394309" lon="-75.880505"><ele>23.0</ele><time>2024-09-01T19:11:51Z</time></trkpt>
<trkpt lat="45.394296" lon="-75.880478"><ele>23.0</ele><time>2024-09-01T19:11:52Z</time></trkpt>
<trkpt lat="45.39428" lon="-75.880451"><ele>23.0</ele><time>2024-09-01T19:11:53Z</time></trkpt>
<trkpt lat="45.394268" lon="-75.880424"><ele>23.0</ele><time>2024-09-01T19:11:54Z</time></trkpt>
<trkpt lat="45.394252" lon="-75.880407"><ele>23.0</ele><time>2024-09-01T19:11:55Z</time></trkpt>
<trkpt lat="45.394239" lon="-75.88038"><ele>23.0</ele><time>2024-09-01T19:11:56Z</time></trkpt>
<trkpt lat="45.394223" lon="-75.880353"><ele>23.0</ele><time>2024-09-01T19:11:57Z</time></trkpt>
<trkpt lat="45.394208" lon="-75.880326"><ele>23.0</ele><time>2024-09-01T19:11:58Z</time></trkpt>
<trkpt lat="45.394192" lon="-75.880299"><ele>23.0</ele><time>2024-09-01T19:11:59Z</time></trkpt>
<trkpt lat="45.394176" lon="-75.880281"><ele>23.0</ele><time>2024-09-01T19:12:00Z</time></trkpt>
<trkpt lat="45.39416" lon="-75.880254"><ele>23.0</ele><time>2024-09-01T19:12:01Z</time></trkpt>
<trkpt lat="45.394144" lon="-75.880227"><ele>23.0</ele><time>2024-09-01T19:12:02Z</time></trkpt>
<trkpt lat="45.394132" lon="-75.8802"><ele>23.0</ele><time>2024-09-01T19:12:03Z</time></trkpt>
<trkpt lat="45.394116" lon="-75.880182"><ele>23.0</ele><time>2024-09-01T19:12:04Z</time></trkpt>
<trkpt lat="45.3941" lon="-75.880155"><ele>23.0</ele><time>2024-09-01T19:12:05Z</time></trkpt>
<trkpt lat="45.394084" lon="-75.880128"><ele>23.0</ele><time>2024-09-01T19:12:06Z</time></trkpt>
<trkpt lat="45.394072" lon="-75.880101"><ele>23.0</ele><time>2024-09-01T19:12:07Z</time></trkpt>
<trkpt lat="45.394059" lon="-75.880074"><ele>22.0</ele><time>2024-09-01T19:12:08Z</time></trkpt>
<trkpt lat="45.394046" lon="-75.880056"><ele>22.0</ele><time>2024-09-01T19:12:09Z</time></trkpt>
<trkpt lat="45.394034" lon="-75.880029"><ele>22.0</ele><time>2024-09-01T19:12:10Z</time></trkpt>
<trkpt lat="45.394018" lon="-75.880002"><ele>23.0</ele><time>2024-09-01T19:12:11Z</time></trkpt>
<trkpt lat="45.394005" lon="-75.879975"><ele>22.0</ele><time>2024-09-01T19:12:12Z</time></trkpt>
<trkpt lat="45.393989" lon="-75.879948"><ele>22.0</ele><time>2024-09-01T19:12:13Z</time></trkpt>
<trkpt lat="45.393977" lon="-75.879921"><ele>22.0</ele><time>2024-09-01T19:12:14Z</time></trkpt>
<trkpt lat="45.393967" lon="-75.879903"><ele>22.0</ele><time>2024-09-01T19:12:15Z</time></trkpt>
<trkpt lat="45.393954" lon="-75.879877"><ele>22.0</ele><time>2024-09-01T19:12:16Z</time></trkpt>
<trkpt lat="45.393942" lon="-75.87985"><ele>22.0</ele><time>2024-09-01T19:12:17Z</time></trkpt>
<trkpt lat="45.393929" lon="-75.879823"><ele>22.0</ele><time>2024-09-01T19:12:18Z</time></trkpt>
<trkpt lat="45.393916" lon="-75.879796"><ele>22.0</ele><time>2024-09-01T19:12:19Z</time></trkpt>
<trkpt lat="45.393904" lon="-75.879769"><ele>22.0</ele><time>2024-09-01T19:12:20Z</time></trkpt>
<trkpt lat="45.393891" lon="-75.879742"><ele>22.0</ele><time>2024-09-01T19:12:21Z</time></trkpt>
<trkpt lat="45.393882" lon="-75.879715"><ele>22.0</ele><time>2024-09-01T19:12:22Z</time></trkpt>
<trkpt lat="45.393869" lon="-75.879688"><ele>22.0</ele><time>2024-09-01T19:12:23Z</time></trkpt>
<trkpt lat="45.393856" lon="-75.879661"><ele>22.0</ele><time>2024-09-01T19:12:24Z</time></trkpt>
<trkpt lat="45.393847" lon="-75.879634"><ele>22.0</ele><time>2024-09-01T19:12:25Z</time></trkpt>
<trkpt lat="45.393834" lon="-75.879607"><ele>22.0</ele><time>2024-09-01T19:12:26Z</time></trkpt>
<trkpt lat="45.393825" lon="-75.87958"><ele>22.0</ele><time>2024-09-01T19:12:27Z</time></trkpt>
<trkpt lat="45.393812" lon="-75.879544"><ele>22.0</ele><time>2024-09-01T19:12:28Z</time></trkpt>
<trkpt lat="45.393799" lon="-75.879517"><ele>22.0</ele><time>2024-09-01T19:12:29Z</time></trkpt>
<trkpt lat="45.39379" lon="-75.87949"><ele>22.0</ele><time>2024-09-01T19:12:30Z</time></trkpt>
<trkpt lat="45.39378" lon="-75.879472"><ele>22.0</ele><time>2024-09-01T19:12:31Z</time></trkpt>
<trkpt lat="45.393768" lon="-75.879436"><ele>22.0</ele><time>2024-09-01T19:12:32Z</time></trkpt>
<trkpt lat="45.393758" lon="-75.879409"><ele>22.0</ele><time>2024-09-01T19:12:33Z</time></trkpt>
<trkpt lat="45.393746" lon="-75.879373"><ele>22.0</ele><time>2024-09-01T19:12:34Z</time></trkpt>
<trkpt lat="45.393736" lon="-75.879347"><ele>22.0</ele><time>2024-09-01T19:12:35Z</time></trkpt>
<trkpt lat="45.393723" lon="-75.87932"><ele>22.0</ele><time>2024-09-01T19:12:36Z</time></trkpt>
<trkpt lat="45.393714" lon="-75.879293"><ele>22.0</ele><time>2024-09-01T19:12:37Z</time></trkpt>
<trkpt lat="45.393704" lon="-75.879266"><ele>22.0</ele><time>2024-09-01T19:12:38Z</time></trkpt>
<trkpt lat="45.393692" lon="-75.879239"><ele>22.0</ele><time>2024-09-01T19:12:39Z</time></trkpt>
<trkpt lat="45.393682" lon="-75.879203"><ele>22.0</ele><time>2024-09-01T19:12:40Z</time></trkpt>
<trkpt lat="45.393673" lon="-75.879176"><ele>22.0</ele><time>2024-09-01T19:12:41Z</time></trkpt>
<trkpt lat="45.393663" lon="-75.879149"><ele>22.0</ele><time>2024-09-01T19:12:42Z</time></trkpt>
<trkpt lat="45.393651" lon="-75.879122"><ele>22.0</ele><time>2024-09-01T19:12:43Z</time></trkpt>
<trkpt lat="45.393641" lon="-75.879095"><ele>22.0</ele><time>2024-09-01T19:12:44Z</time></trkpt>
<trkpt lat="45.393628" lon="-75.879059"><ele>22.0</ele><time>2024-09-01T19:12:45Z</time></trkpt>
<trkpt lat="45.393616" lon="-75.879032"><ele>22.0</ele><time>2024-09-01T19:12:46Z</time></trkpt>
<trkpt lat="45.393606" lon="-75.879005"><ele>22.0</ele><time>2024-09-01T19:12:47Z</time></trkpt>
<trkpt lat="45.393597" lon="-75.878978"><ele>22.0</ele><time>2024-09-01T19:12:48Z</time></trkpt>
<trkpt lat="45.393587" lon="-75.878951"><ele>22.0</ele><time>2024-09-01T19:12:49Z</time></trkpt>
<trkpt lat="45.393578" lon="-75.878915"><ele>22.0</ele><time>2024-09-01T19:12:50Z</time></trkpt>
<trkpt lat="45.393565" lon="-75.878888"><ele>22.0</ele><time>2024-09-01T19:12:51Z</time></trkpt>
<trkpt lat="45.393556" lon="-75.878861"><ele>22.0</ele><time>2024-09-01T19:12:52Z</time></trkpt>
<trkpt lat="45.393543" lon="-75.878835"><ele>22.0</ele><time>2024-09-01T19:12:53Z</time></trkpt>
<trkpt lat="45.393534" lon="-75.878799"><ele>22.0</ele><time>2024-09-01T19:12:54Z</time></trkpt>
<trkpt lat="45.393524" lon="-75.878772"><ele>22.0</ele><time>2024-09-01T19:12:55Z</time></trkpt>
<trkpt lat="45.393511" lon="-75.878745"><ele>22.0</ele><time>2024-09-01T19:12:56Z</time></trkpt>
<trkpt lat="45.393499" lon="-75.878718"><ele>22.0</ele><time>2024-09-01T19:12:57Z</time></trkpt>
<trkpt lat="45.393489" lon="-75.878691"><ele>22.0</ele><time>2024-09-01T19:12:58Z</time></trkpt>
<trkpt lat="45.39348" lon="-75.878655"><ele>22.0</ele><time>2024-09-01T19:12:59Z</time></trkpt>
<trkpt lat="45.393467" lon="-75.878628"><ele>22.0</ele><time>2024-09-01T19:13:00Z</time></trkpt>
<trkpt lat="45.393454" lon="-75.878601"><ele>22.0</ele><time>2024-09-01T19:13:01Z</time></trkpt>
<trkpt lat="45.393442" lon="-75.878574"><ele>22.0</ele><time>2024-09-01T19:13:02Z</time></trkpt>
<trkpt lat="45.393432" lon="-75.878547"><ele>22.0</ele><time>2024-09-01T19:13:03Z</time></trkpt>
<trkpt lat="45.39342" lon="-75.87852"><ele>22.0</ele><time>2024-09-01T19:13:04Z</time></trkpt>
<trkpt lat="45.39341" lon="-75.878493"><ele>22.0</ele><time>2024-09-01T19:13:05Z</time></trkpt>
<trkpt lat="45.393397" lon="-75.878466"><ele>22.0</ele><time>2024-09-01T19:13:06Z</time></trkpt>
<trkpt lat="45.393385" lon="-75.878439"><ele>22.0</ele><time>2024-09-01T19:13:07Z</time></trkpt>
<trkpt lat="45.393372" lon="-75.878412"><ele>22.0</ele><time>2024-09-01T19:13:08Z</time></trkpt>
<trkpt lat="45.393363" lon="-75.878385"><ele>22.0</ele><time>2024-09-01T19:13:09Z</time></trkpt>
<trkpt lat="45.39335" lon="-75.878349"><ele>22.0</ele><time>2024-09-01T19:13:10Z</time></trkpt>
<trkpt lat="45.393337" lon="-75.878323"><ele>22.0</ele><time>2024-09-01T19:13:11Z</time></trkpt>
<trkpt lat="45.393325" lon="-75.878296"><ele>22.0</ele><time>2024-09-01T19:13:12Z</time></trkpt>
<trkpt lat="45.393312" lon="-75.878269"><ele>22.0</ele><time>2024-09-01T19:13:13Z</time></trkpt>
<trkpt lat="45.393299" lon="-75.878251"><ele>22.0</ele><time>2024-09-01T19:13:14Z</time></trkpt>
<trkpt lat="45.393287" lon="-75.878224"><ele>22.0</ele><time>2024-09-01T19:13:15Z</time></trkpt>
<trkpt lat="45.393274" lon="-75.878197"><ele>22.0</ele><time>2024-09-01T19:13:16Z</time></trkpt>
<trkpt lat="45.393258" lon="-75.878161"><ele>22.0</ele><time>2024-09-01T19:13:17Z</time></trkpt>
<trkpt lat="45.393246" lon="-75.878143"><ele>22.0</ele><time>2024-09-01T19:13:18Z</time></trkpt>
<trkpt lat="45.39323" lon="-75.878116"><ele>22.0</ele><time>2024-09-01T19:13:19Z</time></trkpt>
<trkpt lat="45.393217" lon="-75.878098"><ele>22.0</ele><time>2024-09-01T19:13:20Z</time></trkpt>
<trkpt lat="45.393204" lon="-75.878071"><ele>22.0</ele><time>2024-09-01T19:13:21Z</time></trkpt>
<trkpt lat="45.393189" lon="-75.878044"><ele>22.0</ele><time>2024-09-01T19:13:22Z</time></trkpt>
<trkpt lat="45.393173" lon="-75.878017"><ele>22.0</ele><time>2024-09-01T19:13:23Z</time></trkpt>
<trkpt lat="45.39316" lon="-75.877999"><ele>22.0</ele><time>2024-09-01T19:13:24Z</time></trkpt>
<trkpt lat="45.393147" lon="-75.877972"><ele>22.0</ele><time>2024-09-01T19:13:25Z</time></trkpt>
<trkpt lat="45.393135" lon="-75.877945"><ele>22.0</ele><time>2024-09-01T19:13:26Z</time></trkpt>
<trkpt lat="45.393125" lon="-75.877909"><ele>22.0</ele><time>2024-09-01T19:13:27Z</time></trkpt>
<trkpt lat="45.393113" lon="-75.877882"><ele>22.0</ele><time>2024-09-01T19:13:28Z</time></trkpt>
<trkpt lat="45.3931" lon="-75.877855"><ele>22.0</ele><time>2024-09-01T19:13:29Z</time></trkpt>
<trkpt lat="45.393091" lon="-75.877828"><ele>22.0</ele><time>2024-09-01T19:13:30Z</time></trkpt>
<trkpt lat="45.393084" lon="-75.877793"><ele>22.0</ele><time>2024-09-01T19:13:31Z</time></trkpt>
<trkpt lat="45.393078" lon="-75.877766"><ele>22.0</ele><time>2024-09-01T19:13:32Z</time></trkpt>
<trkpt lat="45.393072" lon="-75.877739"><ele>22.0</ele><time>2024-09-01T19:13:33Z</time></trkpt>
<trkpt lat="45.393062" lon="-75.877703"><ele>22.0</ele><time>2024-09-01T19:13:34Z</time></trkpt>
<trkpt lat="45.393056" lon="-75.877676"><ele>22.0</ele><time>2024-09-01T19:13:35Z</time></trkpt>
<trkpt lat="45.393049" lon="-75.87764"><ele>22.0</ele><time>2024-09-01T19:13:36Z</time></trkpt>
<trkpt lat="45.393043" lon="-75.877604"><ele>22.0</ele><time>2024-09-01T19:13:37Z</time></trkpt>
<trkpt lat="45.393037" lon="-75.877586"><ele>22.0</ele><time>2024-09-01T19:13:38Z</time></trkpt>
<trkpt lat="45.39303" lon="-75.877559"><ele>22.0</ele><time>2024-09-01T19:13:39Z</time></trkpt>
<trkpt lat="45.393024" lon="-75.877523"><ele>22.0</ele><time>2024-09-01T19:13:40Z</time></trkpt>
<trkpt lat="45.393015" lon="-75.877496"><ele>22.0</ele><time>2024-09-01T19:13:41Z</time></trkpt>
<trkpt lat="45.393011" lon="-75.877469"><ele>22.0</ele><time>2024-09-01T19:13:42Z</time></trkpt>
<trkpt lat="45.393005" lon="-75.877442"><ele>22.0</ele><time>2024-09-01T19:13:43Z</time></trkpt>
<trkpt lat="45.392996" lon="-75.877415"><ele>22.0</ele><time>2024-09-01T19:13:44Z</time></trkpt>
<trkpt lat="45.392989" lon="-75.877388"><ele>22.0</ele><time>2024-09-01T19:13:45Z</time></trkpt>
<trkpt lat="45.39298" lon="-75.877352"><ele>22.0</ele><time>2024-09-01T19:13:46Z</time></trkpt>
<trkpt lat="45.392973" lon="-75.877325"><ele>22.0</ele><time>2024-09-01T19:13:47Z</time></trkpt>
<trkpt lat="45.39297" lon="-75.877298"><ele>22.0</ele><time>2024-09-01T19:13:48Z</time></trkpt>
<trkpt lat="45.392964" lon="-75.877272"><ele>22.0</ele><time>2024-09-01T19:13:49Z</time></trkpt>
<trkpt lat="45.392958" lon="-75.877236"><ele>22.0</ele><time>2024-09-01T19:13:50Z</time></trkpt>
<trkpt lat="45.392951" lon="-75.877209"><ele>22.0</ele><time>2024-09-01T19:13:51Z</time></trkpt>
<trkpt lat="45.392948" lon="-75.877173"><ele>22.0</ele><time>2024-09-01T19:13:52Z</time></trkpt>
<trkpt lat="45.392942" lon="-75.877146"><ele>22.0</ele><time>2024-09-01T19:13:53Z</time></trkpt>
<trkpt lat="45.392939" lon="-75.87711"><ele>22.0</ele><time>2024-09-01T19:13:54Z</time></trkpt>
<trkpt lat="45.392939" lon="-75.877083"><ele>22.0</ele><time>2024-09-01T19:13:55Z</time></trkpt>
<trkpt lat="45.392939" lon="-75.877056"><ele>22.0</ele><time>2024-09-01T19:13:56Z</time></trkpt>
<trkpt lat="45.392935" lon="-75.87702"><ele>22.0</ele><time>2024-09-01T19:13:57Z</time></trkpt>
<trkpt lat="45.392935" lon="-75.876984"><ele>22.0</ele><time>2024-09-01T19:13:58Z</time></trkpt>
<trkpt lat="45.392932" lon="-75.876948"><ele>22.0</ele><time>2024-09-01T19:13:59Z</time></trkpt>
<trkpt lat="45.392932" lon="-75.876921"><ele>22.0</ele><time>2024-09-01T19:14:00Z</time></trkpt>
<trkpt lat="45.392929" lon="-75.876885"><ele>22.0</ele><time>2024-09-01T19:14:01Z</time></trkpt>
<trkpt lat="45.392923" lon="-75.876858"><ele>22.0</ele><time>2024-09-01T19:14:02Z</time></trkpt>
<trkpt lat="45.39292" lon="-75.876822"><ele>22.0</ele><time>2024-09-01T19:14:03Z</time></trkpt>
<trkpt lat="45.392913" lon="-75.876795"><ele>22.0</ele><time>2024-09-01T19:14:04Z</time></trkpt>
<trkpt lat="45.392907" lon="-75.876768"><ele>22.0</ele><time>2024-09-01T19:14:05Z</time></trkpt>
<trkpt lat="45.392897" lon="-75.876733"><ele>22.0</ele><time>2024-09-01T19:14:06Z</time></trkpt>
<trkpt lat="45.392891" lon="-75.876697"><ele>22.0</ele><time>2024-09-01T19:14:07Z</time></trkpt>
<trkpt lat="45.392882" lon="-75.87667"><ele>22.0</ele><time>2024-09-01T19:14:08Z</time></trkpt>
<trkpt lat="45.392875" lon="-75.876643"><ele>22.0</ele><time>2024-09-01T19:14:09Z</time></trkpt>
<trkpt lat="45.392866" lon="-75.876616"><ele>22.0</ele><time>2024-09-01T19:14:10Z</time></trkpt>
<trkpt lat="45.392853" lon="-75.876589"><ele>22.0</ele><time>2024-09-01T19:14:11Z</time></trkpt>
<trkpt lat="45.392841" lon="-75.876553"><ele>22.0</ele><time>2024-09-01T19:14:12Z</time></trkpt>
<trkpt lat="45.392831" lon="-75.876517"><ele>22.0</ele><time>2024-09-01T19:14:13Z</time></trkpt>
<trkpt lat="45.392822" lon="-75.87649"><ele>22.0</ele><time>2024-09-01T19:14:14Z</time></trkpt>
<trkpt lat="45.392815" lon="-75.876463"><ele>22.0</ele><time>2024-09-01T19:14:15Z</time></trkpt>
<trkpt lat="45.392806" lon="-75.876436"><ele>22.0</ele><time>2024-09-01T19:14:16Z</time></trkpt>
<trkpt lat="45.392796" lon="-75.876409"><ele>22.0</ele><time>2024-09-01T19:14:17Z</time></trkpt>
<trkpt lat="45.392784" lon="-75.876382"><ele>22.0</ele><time>2024-09-01T19:14:18Z</time></trkpt>
<trkpt lat="45.392771" lon="-75.876346"><ele>22.0</ele><time>2024-09-01T19:14:19Z</time></trkpt>
<trkpt lat="45.392761" lon="-75.876319"><ele>22.0</ele><time>2024-09-01T19:14:20Z</time></trkpt>
<trkpt lat="45.392755" lon="-75.876292"><ele>22.0</ele><time>2024-09-01T19:14:21Z</time></trkpt>
<trkpt lat="45.392746" lon="-75.876265"><ele>22.0</ele><time>2024-09-01T19:14:22Z</time></trkpt>
<trkpt lat="45.392733" lon="-75.876239"><ele>22.0</ele><time>2024-09-01T19:14:23Z</time></trkpt>
<trkpt lat="45.392723" lon="-75.876203"><ele>22.0</ele><time>2024-09-01T19:14:24Z</time></trkpt>
<trkpt lat="45.392711" lon="-75.876176"><ele>22.0</ele><time>2024-09-01T19:14:25Z</time></trkpt>
<trkpt lat="45.392704" lon="-75.876149"><ele>22.0</ele><time>2024-09-01T19:14:26Z</time></trkpt>
<trkpt lat="45.392695" lon="-75.876122"><ele>22.0</ele><time>2024-09-01T19:14:27Z</time></trkpt>
<trkpt lat="45.392685" lon="-75.876095"><ele>22.0</ele><time>2024-09-01T19:14:28Z</time></trkpt>
<trkpt lat="45.392676" lon="-75.876059"><ele>22.0</ele><time>2024-09-01T19:14:29Z</time></trkpt>
<trkpt lat="45.392666" lon="-75.876032"><ele>22.0</ele><time>2024-09-01T19:14:30Z</time></trkpt>
<trkpt lat="45.392657" lon="-75.875996"><ele>22.0</ele><time>2024-09-01T19:14:31Z</time></trkpt>
<trkpt lat="45.392647" lon="-75.875969"><ele>22.0</ele><time>2024-09-01T19:14:32Z</time></trkpt>
<trkpt lat="45.392641" lon="-75.875942"><ele>22.0</ele><time>2024-09-01T19:14:33Z</time></trkpt>
<trkpt lat="45.392628" lon="-75.875915"><ele>22.0</ele><time>2024-09-01T19:14:34Z</time></trkpt>
<trkpt lat="45.392616" lon="-75.875888"><ele>22.0</ele><time>2024-09-01T19:14:35Z</time></trkpt>
<trkpt lat="45.392603" lon="-75.875852"><ele>22.0</ele><time>2024-09-01T19:14:36Z</time></trkpt>
<trkpt lat="45.392591" lon="-75.875825"><ele>22.0</ele><time>2024-09-01T19:14:37Z</time></trkpt>
<trkpt lat="45.392584" lon="-75.875816"><ele>22.0</ele><time>2024-09-01T19:14:38Z</time></trkpt>
<trkpt lat="45.392575" lon="-75.875789"><ele>23.0</ele><time>2024-09-01T19:14:39Z</time></trkpt>
<trkpt lat="45.392562" lon="-75.875771"><ele>23.0</ele><time>2024-09-01T19:14:40Z</time></trkpt>
<trkpt lat="45.392549" lon="-75.875744"><ele>24.0</ele><time>2024-09-01T19:14:41Z</time></trkpt>
<trkpt lat="45.392537" lon="-75.875718"><ele>24.0</ele><time>2024-09-01T19:14:42Z</time></trkpt>
<trkpt lat="45.392527" lon="-75.8757"><ele>23.0</ele><time>2024-09-01T19:14:43Z</time></trkpt>
<trkpt lat="45.392518" lon="-75.875691"><ele>22.0</ele><time>2024-09-01T19:14:44Z</time></trkpt>
<trkpt lat="45.392508" lon="-75.875673"><ele>23.0</ele><time>2024-09-01T19:14:45Z</time></trkpt>
<trkpt lat="45.392496" lon="-75.875646"><ele>24.0</ele><time>2024-09-01T19:14:46Z</time></trkpt>
<trkpt lat="45.392483" lon="-75.87561"><ele>24.0</ele><time>2024-09-01T19:14:47Z</time></trkpt>
<trkpt lat="45.39247" lon="-75.875583"><ele>24.0</ele><time>2024-09-01T19:14:48Z</time></trkpt>
<trkpt lat="45.392458" lon="-75.875565"><ele>24.0</ele><time>2024-09-01T19:14:49Z</time></trkpt>
<trkpt lat="45.392442" lon="-75.875538"><ele>24.0</ele><time>2024-09-01T19:14:50Z</time></trkpt>
<trkpt lat="45.392426" lon="-75.87552"><ele>23.0</ele><time>2024-09-01T19:14:51Z</time></trkpt>
<trkpt lat="45.39241" lon="-75.875502"><ele>24.0</ele><time>2024-09-01T19:14:52Z</time></trkpt>
<trkpt lat="45.392391" lon="-75.875475"><ele>24.0</ele><time>2024-09-01T19:14:53Z</time></trkpt>
<trkpt lat="45.392378" lon="-75.875448"><ele>24.0</ele><time>2024-09-01T19:14:54Z</time></trkpt>
<trkpt lat="45.392366" lon="-75.875421"><ele>25.0</ele><time>2024-09-01T19:14:55Z</time></trkpt>
<trkpt lat="45.392353" lon="-75.875394"><ele>23.0</ele><time>2024-09-01T19:14:56Z</time></trkpt>
<trkpt lat="45.392344" lon="-75.875367"><ele>23.0</ele><time>2024-09-01T19:14:57Z</time></trkpt>
<trkpt lat="45.392325" lon="-75.875349"><ele>23.0</ele><time>2024-09-01T19:14:58Z</time></trkpt>
<trkpt lat="45.392312" lon="-75.875322"><ele>24.0</ele><time>2024-09-01T19:14:59Z</time></trkpt>
<trkpt lat="45.392303" lon="-75.875304"><ele>24.0</ele><time>2024-09-01T19:15:00Z</time></trkpt>
<trkpt lat="45.392293" lon="-75.875277"><ele>24.0</ele><time>2024-09-01T19:15:01Z</time></trkpt>
<trkpt lat="45.39228" lon="-75.87525"><ele>24.0</ele><time>2024-09-01T19:15:02Z</time></trkpt>
<trkpt lat="45.392268" lon="-75.875214"><ele>24.0</ele><time>2024-09-01T19:15:03Z</time></trkpt>
<trkpt lat="45.392255" lon="-75.875188"><ele>23.0</ele><time>2024-09-01T19:15:04Z</time></trkpt>
<trkpt lat="45.392246" lon="-75.875161"><ele>23.0</ele><time>2024-09-01T19:15:05Z</time></trkpt>
<trkpt lat="45.392236" lon="-75.875134"><ele>24.0</ele><time>2024-09-01T19:15:06Z</time></trkpt>
<trkpt lat="45.392223" lon="-75.875107"><ele>24.0</ele><time>2024-09-01T19:15:07Z</time></trkpt>
<trkpt lat="45.392211" lon="-75.87508"><ele>23.0</ele><time>2024-09-01T19:15:08Z</time></trkpt>
<trkpt lat="45.392198" lon="-75.875053"><ele>24.0</ele><time>2024-09-01T19:15:09Z</time></trkpt>
<trkpt lat="45.392185" lon="-75.875026"><ele>24.0</ele><time>2024-09-01T19:15:10Z</time></trkpt>
<trkpt lat="45.392176" lon="-75.87499"><ele>24.0</ele><time>2024-09-01T19:15:11Z</time></trkpt>
<trkpt lat="45.392166" lon="-75.874963"><ele>24.0</ele><time>2024-09-01T19:15:12Z</time></trkpt>
<trkpt lat="45.392154" lon="-75.874927"><ele>24.0</ele><time>2024-09-01T19:15:13Z</time></trkpt>
<trkpt lat="45.392144" lon="-75.8749"><ele>24.0</ele><time>2024-09-01T19:15:14Z</time></trkpt>
<trkpt lat="45.392135" lon="-75.874864"><ele>24.0</ele><time>2024-09-01T19:15:15Z</time></trkpt>
<trkpt lat="45.392125" lon="-75.874846"><ele>23.0</ele><time>2024-09-01T19:15:16Z</time></trkpt>
<trkpt lat="45.392119" lon="-75.87481"><ele>24.0</ele><time>2024-09-01T19:15:17Z</time></trkpt>
<trkpt lat="45.392113" lon="-75.874783"><ele>24.0</ele><time>2024-09-01T19:15:18Z</time></trkpt>
<trkpt lat="45.392103" lon="-75.874747"><ele>24.0</ele><time>2024-09-01T19:15:19Z</time></trkpt>
<trkpt lat="45.392094" lon="-75.874711"><ele>24.0</ele><time>2024-09-01T19:15:20Z</time></trkpt>
<trkpt lat="45.392087" lon="-75.874684"><ele>24.0</ele><time>2024-09-01T19:15:21Z</time></trkpt>
<trkpt lat="45.392081" lon="-75.874658"><ele>23.0</ele><time>2024-09-01T19:15:22Z</time></trkpt>
<trkpt lat="45.392078" lon="-75.874631"><ele>24.0</ele><time>2024-09-01T19:15:23Z</time></trkpt>
<trkpt lat="45.392078" lon="-75.874604"><ele>23.0</ele><time>2024-09-01T19:15:24Z</time></trkpt>
<trkpt lat="45.392072" lon="-75.874568"><ele>23.0</ele><time>2024-09-01T19:15:25Z</time></trkpt>
<trkpt lat="45.392062" lon="-75.874532"><ele>23.0</ele><time>2024-09-01T19:15:26Z</time></trkpt>
<trkpt lat="45.392056" lon="-75.874505"><ele>23.0</ele><time>2024-09-01T19:15:27Z</time></trkpt>
<trkpt lat="45.392049" lon="-75.874469"><ele>23.0</ele><time>2024-09-01T19:15:28Z</time></trkpt>
<trkpt lat="45.39204" lon="-75.874442"><ele>23.0</ele><time>2024-09-01T19:15:29Z</time></trkpt>
<trkpt lat="45.392027" lon="-75.874406"><ele>23.0</ele><time>2024-09-01T19:15:30Z</time></trkpt>
<trkpt lat="45.392018" lon="-75.874379"><ele>23.0</ele><time>2024-09-01T19:15:31Z</time></trkpt>
<trkpt lat="45.392015" lon="-75.874343"><ele>23.0</ele><time>2024-09-01T19:15:32Z</time></trkpt>
<trkpt lat="45.392008" lon="-75.874307"><ele>23.0</ele><time>2024-09-01T19:15:33Z</time></trkpt>
<trkpt lat="45.392002" lon="-75.87428"><ele>23.0</ele><time>2024-09-01T19:15:34Z</time></trkpt>
<trkpt lat="45.392008" lon="-75.874262"><ele>22.0</ele><time>2024-09-01T19:15:35Z</time></trkpt>
<trkpt lat="45.392008" lon="-75.874244"><ele>22.0</ele><time>2024-09-01T19:15:36Z</time></trkpt>
<trkpt lat="45.391999" lon="-75.874217"><ele>21.0</ele><time>2024-09-01T19:15:37Z</time></trkpt>
<trkpt lat="45.391986" lon="-75.874181"><ele>23.0</ele><time>2024-09-01T19:15:38Z</time></trkpt>
<trkpt lat="45.39197" lon="-75.874146"><ele>22.0</ele><time>2024-09-01T19:15:39Z</time></trkpt>
<trkpt lat="45.391954" lon="-75.87411"><ele>23.0</ele><time>2024-09-01T19:15:40Z</time></trkpt>
<trkpt lat="45.391939" lon="-75.874074"><ele>23.0</ele><time>2024-09-01T19:15:41Z</time></trkpt>
<trkpt lat="45.391923" lon="-75.874047"><ele>23.0</ele><time>2024-09-01T19:15:42Z</time></trkpt>
<trkpt lat="45.391907" lon="-75.87402"><ele>24.0</ele><time>2024-09-01T19:15:43Z</time></trkpt>
<trkpt lat="45.391888" lon="-75.874002"><ele>24.0</ele><time>2024-09-01T19:15:44Z</time></trkpt>
<trkpt lat="45.391875" lon="-75.873975"><ele>24.0</ele><time>2024-09-01T19:15:45Z</time></trkpt>
<trkpt lat="45.391859" lon="-75.873957"><ele>24.0</ele><time>2024-09-01T19:15:46Z</time></trkpt>
<trkpt lat="45.391844" lon="-75.87393"><ele>24.0</ele><time>2024-09-01T19:15:47Z</time></trkpt>
<trkpt lat="45.391831" lon="-75.873903"><ele>24.0</ele><time>2024-09-01T19:15:48Z</time></trkpt>
<trkpt lat="45.391818" lon="-75.873876"><ele>24.0</ele><time>2024-09-01T19:15:49Z</time></trkpt>
<trkpt lat="45.391806" lon="-75.873849"><ele>24.0</ele><time>2024-09-01T19:15:50Z</time></trkpt>
<trkpt lat="45.391793" lon="-75.873831"><ele>24.0</ele><time>2024-09-01T19:15:51Z</time></trkpt>
<trkpt lat="45.391777" lon="-75.873804"><ele>24.0</ele><time>2024-09-01T19:15:52Z</time></trkpt>
<trkpt lat="45.391765" lon="-75.873786"><ele>23.0</ele><time>2024-09-01T19:15:53Z</time></trkpt>
<trkpt lat="45.391755" lon="-75.873759"><ele>23.0</ele><time>2024-09-01T19:15:54Z</time></trkpt>
<trkpt lat="45.391742" lon="-75.873741"><ele>24.0</ele><time>2024-09-01T19:15:55Z</time></trkpt>
<trkpt lat="45.391727" lon="-75.873714"><ele>23.0</ele><time>2024-09-01T19:15:56Z</time></trkpt>
<trkpt lat="45.391711" lon="-75.873687"><ele>23.0</ele><time>2024-09-01T19:15:57Z</time></trkpt>
<trkpt lat="45.391695" lon="-75.873669"><ele>23.0</ele><time>2024-09-01T19:15:58Z</time></trkpt>
<trkpt lat="45.391685" lon="-75.873642"><ele>23.0</ele><time>2024-09-01T19:15:59Z</time></trkpt>
<trkpt lat="45.391676" lon="-75.873616"><ele>23.0</ele><time>2024-09-01T19:16:00Z</time></trkpt>
<trkpt lat="45.391666" lon="-75.873589"><ele>24.0</ele><time>2024-09-01T19:16:01Z</time></trkpt>
<trkpt lat="45.391654" lon="-75.873562"><ele>23.0</ele><time>2024-09-01T19:16:02Z</time></trkpt>
<trkpt lat="45.391654" lon="-75.873562"><ele>23.0</ele><time>2024-09-01T19:16:02Z</time></trkpt>
<trkpt lat="45.391644" lon="-75.873526"><ele>24.0</ele><time>2024-09-01T19:16:03Z</time></trkpt>
<trkpt lat="45.391632" lon="-75.87349"><ele>24.0</ele><time>2024-09-01T19:16:04Z</time></trkpt>
<trkpt lat="45.391619" lon="-75.873454"><ele>25.0</ele><time>2024-09-01T19:16:05Z</time></trkpt>
<trkpt lat="45.391609" lon="-75.873436"><ele>25.0</ele><time>2024-09-01T19:16:06Z</time></trkpt>
<trkpt lat="45.391597" lon="-75.873409"><ele>24.0</ele><time>2024-09-01T19:16:07Z</time></trkpt>
<trkpt lat="45.391584" lon="-75.873391"><ele>25.0</ele><time>2024-09-01T19:16:08Z</time></trkpt>
<trkpt lat="45.391571" lon="-75.873364"><ele>24.0</ele><time>2024-09-01T19:16:09Z</time></trkpt>
<trkpt lat="45.391562" lon="-75.873346"><ele>24.0</ele><time>2024-09-01T19:16:10Z</time></trkpt>
<trkpt lat="45.391553" lon="-75.873319"><ele>24.0</ele><time>2024-09-01T19:16:11Z</time></trkpt>
<trkpt lat="45.391543" lon="-75.873292"><ele>24.0</ele><time>2024-09-01T19:16:12Z</time></trkpt>
<trkpt lat="45.39153" lon="-75.873265"><ele>24.0</ele><time>2024-09-01T19:16:13Z</time></trkpt>
<trkpt lat="45.391518" lon="-75.873229"><ele>25.0</ele><time>2024-09-01T19:16:14Z</time></trkpt>
<trkpt lat="45.391505" lon="-75.873202"><ele>25.0</ele><time>2024-09-01T19:16:15Z</time></trkpt>
<trkpt lat="45.391492" lon="-75.873184"><ele>25.0</ele><time>2024-09-01T19:16:16Z</time></trkpt>
<trkpt lat="45.391492" lon="-75.873184"><ele>25.0</ele><time>2024-09-01T19:16:17Z</time></trkpt>
<trkpt lat="45.39148" lon="-75.873157"><ele>25.0</ele><time>2024-09-01T19:16:17Z</time></trkpt>
<trkpt lat="45.391467" lon="-75.87313"><ele>25.0</ele><time>2024-09-01T19:16:18Z</time></trkpt>
<trkpt lat="45.391454" lon="-75.873104"><ele>24.0</ele><time>2024-09-01T19:16:19Z</time></trkpt>
<trkpt lat="45.391445" lon="-75.873077"><ele>24.0</ele><time>2024-09-01T19:16:20Z</time></trkpt>
<trkpt lat="45.391432" lon="-75.87305"><ele>24.0</ele><time>2024-09-01T19:16:21Z</time></trkpt>
<trkpt lat="45.391423" lon="-75.873032"><ele>24.0</ele><time>2024-09-01T19:16:22Z</time></trkpt>
<trkpt lat="45.39141" lon="-75.873005"><ele>24.0</ele><time>2024-09-01T19:16:23Z</time></trkpt>
<trkpt lat="45.391397" lon="-75.872978"><ele>24.0</ele><time>2024-09-01T19:16:24Z</time></trkpt>
<trkpt lat="45.391388" lon="-75.872951"><ele>24.0</ele><time>2024-09-01T19:16:25Z</time></trkpt>
<trkpt lat="45.391375" lon="-75.872924"><ele>24.0</ele><time>2024-09-01T19:16:26Z</time></trkpt>
<trkpt lat="45.391366" lon="-75.872897"><ele>24.0</ele><time>2024-09-01T19:16:27Z</time></trkpt>
<trkpt lat="45.391353" lon="-75.87287"><ele>24.0</ele><time>2024-09-01T19:16:28Z</time></trkpt>
<trkpt lat="45.39134" lon="-75.872852"><ele>23.0</ele><time>2024-09-01T19:16:29Z</time></trkpt>
<trkpt lat="45.391328" lon="-75.872825"><ele>23.0</ele><time>2024-09-01T19:16:30Z</time></trkpt>
<trkpt lat="45.391315" lon="-75.872798"><ele>23.0</ele><time>2024-09-01T19:16:31Z</time></trkpt>
<trkpt lat="45.391303" lon="-75.872771"><ele>23.0</ele><time>2024-09-01T19:16:32Z</time></trkpt>
<trkpt lat="45.39129" lon="-75.872744"><ele>23.0</ele><time>2024-09-01T19:16:33Z</time></trkpt>
<trkpt lat="45.39128" lon="-75.872717"><ele>23.0</ele><time>2024-09-01T19:16:34Z</time></trkpt>
<trkpt lat="45.391268" lon="-75.87269"><ele>23.0</ele><time>2024-09-01T19:16:35Z</time></trkpt>
<trkpt lat="45.391255" lon="-75.872663"><ele>23.0</ele><time>2024-09-01T19:16:36Z</time></trkpt>
<trkpt lat="45.391239" lon="-75.872636"><ele>24.0</ele><time>2024-09-01T19:16:37Z</time></trkpt>
<trkpt lat="45.391227" lon="-75.872609"><ele>24.0</ele><time>2024-09-01T19:16:38Z</time></trkpt>
<trkpt lat="45.391211" lon="-75.872583"><ele>24.0</ele><time>2024-09-01T19:16:39Z</time></trkpt>
<trkpt lat="45.391198" lon="-75.872565"><ele>24.0</ele><time>2024-09-01T19:16:40Z</time></trkpt>
<trkpt lat="45.391185" lon="-75.872538"><ele>24.0</ele><time>2024-09-01T19:16:41Z</time></trkpt>
<trkpt lat="45.39117" lon="-75.872511"><ele>24.0</ele><time>2024-09-01T19:16:42Z</time></trkpt>
<trkpt lat="45.391157" lon="-75.872484"><ele>24.0</ele><time>2024-09-01T19:16:43Z</time></trkpt>
<trkpt lat="45.391141" lon="-75.872457"><ele>24.0</ele><time>2024-09-01T19:16:44Z</time></trkpt>
<trkpt lat="45.391128" lon="-75.872439"><ele>24.0</ele><time>2024-09-01T19:16:45Z</time></trkpt>
<trkpt lat="45.391113" lon="-75.872412"><ele>24.0</ele><time>2024-09-01T19:16:46Z</time></trkpt>
<trkpt lat="45.391097" lon="-75.872385"><ele>24.0</ele><time>2024-09-01T19:16:47Z</time></trkpt>
<trkpt lat="45.391081" lon="-75.872358"><ele>24.0</ele><time>2024-09-01T19:16:48Z</time></trkpt>
<trkpt lat="45.391068" lon="-75.872331"><ele>24.0</ele><time>2024-09-01T19:16:49Z</time></trkpt>
<trkpt lat="45.391056" lon="-75.872313"><ele>24.0</ele><time>2024-09-01T19:16:50Z</time></trkpt>
<trkpt lat="45.391043" lon="-75.872286"><ele>24.0</ele><time>2024-09-01T19:16:51Z</time></trkpt>
<trkpt lat="45.39103" lon="-75.872268"><ele>24.0</ele><time>2024-09-01T19:16:52Z</time></trkpt>
<trkpt lat="45.391015" lon="-75.872241"><ele>24.0</ele><time>2024-09-01T19:16:53Z</time></trkpt>
<trkpt lat="45.390999" lon="-75.872205"><ele>24.0</ele><time>2024-09-01T19:16:54Z</time></trkpt>
<trkpt lat="45.390983" lon="-75.872187"><ele>24.0</ele><time>2024-09-01T19:16:55Z</time></trkpt>
<trkpt lat="45.390973" lon="-75.872169"><ele>24.0</ele><time>2024-09-01T19:16:56Z</time></trkpt>
<trkpt lat="45.390961" lon="-75.872151"><ele>24.0</ele><time>2024-09-01T19:16:57Z</time></trkpt>
<trkpt lat="45.390951" lon="-75.872124"><ele>24.0</ele><time>2024-09-01T19:16:58Z</time></trkpt>
<trkpt lat="45.390942" lon="-75.872088"><ele>24.0</ele><time>2024-09-01T19:16:59Z</time></trkpt>
<trkpt lat="45.390929" lon="-75.872062"><ele>24.0</ele><time>2024-09-01T19:17:00Z</time></trkpt>
<trkpt lat="45.39092" lon="-75.872035"><ele>24.0</ele><time>2024-09-01T19:17:01Z</time></trkpt>
<trkpt lat="45.39091" lon="-75.872008"><ele>24.0</ele><time>2024-09-01T19:17:02Z</time></trkpt>
<trkpt lat="45.390901" lon="-75.871999"><ele>24.0</ele><time>2024-09-01T19:17:03Z</time></trkpt>
<trkpt lat="45.390894" lon="-75.871981"><ele>23.0</ele><time>2024-09-01T19:17:04Z</time></trkpt>
<trkpt lat="45.390885" lon="-75.871954"><ele>24.0</ele><time>2024-09-01T19:17:05Z</time></trkpt>
<trkpt lat="45.390878" lon="-75.871909"><ele>23.0</ele><time>2024-09-01T19:17:06Z</time></trkpt>
<trkpt lat="45.390869" lon="-75.871882"><ele>23.0</ele><time>2024-09-01T19:17:07Z</time></trkpt>
<trkpt lat="45.390863" lon="-75.871846"><ele>23.0</ele><time>2024-09-01T19:17:08Z</time></trkpt>
<trkpt lat="45.390856" lon="-75.871819"><ele>23.0</ele><time>2024-09-01T19:17:09Z</time></trkpt>
<trkpt lat="45.39085" lon="-75.871792"><ele>23.0</ele><time>2024-09-01T19:17:10Z</time></trkpt>
<trkpt lat="45.39084" lon="-75.871765"><ele>23.0</ele><time>2024-09-01T19:17:11Z</time></trkpt>
<trkpt lat="45.390834" lon="-75.871729"><ele>23.0</ele><time>2024-09-01T19:17:12Z</time></trkpt>
<trkpt lat="45.390828" lon="-75.871693"><ele>23.0</ele><time>2024-09-01T19:17:13Z</time></trkpt>
<trkpt lat="45.390821" lon="-75.871666"><ele>23.0</ele><time>2024-09-01T19:17:14Z</time></trkpt>
<trkpt lat="45.390815" lon="-75.871639"><ele>23.0</ele><time>2024-09-01T19:17:15Z</time></trkpt>
<trkpt lat="45.390812" lon="-75.871612"><ele>23.0</ele><time>2024-09-01T19:17:16Z</time></trkpt>
<trkpt lat="45.390806" lon="-75.871576"><ele>23.0</ele><time>2024-09-01T19:17:17Z</time></trkpt>
<trkpt lat="45.390799" lon="-75.87154"><ele>23.0</ele><time>2024-09-01T19:17:18Z</time></trkpt>
<trkpt lat="45.390796" lon="-75.871505"><ele>23.0</ele><time>2024-09-01T19:17:19Z</time></trkpt>
<trkpt lat="45.390796" lon="-75.871478"><ele>23.0</ele><time>2024-09-01T19:17:20Z</time></trkpt>
<trkpt lat="45.39079" lon="-75.871451"><ele>23.0</ele><time>2024-09-01T19:17:21Z</time></trkpt>
<trkpt lat="45.390783" lon="-75.871424"><ele>23.0</ele><time>2024-09-01T19:17:22Z</time></trkpt>
<trkpt lat="45.39078" lon="-75.871388"><ele>23.0</ele><time>2024-09-01T19:17:23Z</time></trkpt>
<trkpt lat="45.390777" lon="-75.871361"><ele>23.0</ele><time>2024-09-01T19:17:24Z</time></trkpt>
<trkpt lat="45.390771" lon="-75.871334"><ele>23.0</ele><time>2024-09-01T19:17:25Z</time></trkpt>
<trkpt lat="45.390765" lon="-75.871307"><ele>23.0</ele><time>2024-09-01T19:17:26Z</time></trkpt>
<trkpt lat="45.390758" lon="-75.871271"><ele>23.0</ele><time>2024-09-01T19:17:27Z</time></trkpt>
<trkpt lat="45.390749" lon="-75.871244"><ele>23.0</ele><time>2024-09-01T19:17:28Z</time></trkpt>
<trkpt lat="45.390742" lon="-75.871217"><ele>23.0</ele><time>2024-09-01T19:17:29Z</time></trkpt>
<trkpt lat="45.390733" lon="-75.87119"><ele>23.0</ele><time>2024-09-01T19:17:30Z</time></trkpt>
<trkpt lat="45.390723" lon="-75.871163"><ele>23.0</ele><time>2024-09-01T19:17:31Z</time></trkpt>
<trkpt lat="45.390711" lon="-75.871145"><ele>23.0</ele><time>2024-09-01T19:17:32Z</time></trkpt>
<trkpt lat="45.390701" lon="-75.871118"><ele>23.0</ele><time>2024-09-01T19:17:33Z</time></trkpt>
<trkpt lat="45.390689" lon="-75.871091"><ele>23.0</ele><time>2024-09-01T19:17:34Z</time></trkpt>
<trkpt lat="45.390673" lon="-75.871064"><ele>23.0</ele><time>2024-09-01T19:17:35Z</time></trkpt>
<trkpt lat="45.39066" lon="-75.871037"><ele>23.0</ele><time>2024-09-01T19:17:36Z</time></trkpt>
<trkpt lat="45.390647" lon="-75.871019"><ele>23.0</ele><time>2024-09-01T19:17:37Z</time></trkpt>
<trkpt lat="45.390635" lon="-75.870993"><ele>23.0</ele><time>2024-09-01T19:17:38Z</time></trkpt>
<trkpt lat="45.390619" lon="-75.870966"><ele>23.0</ele><time>2024-09-01T19:17:39Z</time></trkpt>
<trkpt lat="45.390606" lon="-75.870948"><ele>23.0</ele><time>2024-09-01T19:17:40Z</time></trkpt>
<trkpt lat="45.39059" lon="-75.870921"><ele>23.0</ele><time>2024-09-01T19:17:41Z</time></trkpt>
<trkpt lat="45.390571" lon="-75.870894"><ele>23.0</ele><time>2024-09-01T19:17:42Z</time></trkpt>
<trkpt lat="45.390559" lon="-75.870867"><ele>23.0</ele><time>2024-09-01T19:17:43Z</time></trkpt>
<trkpt lat="45.390546" lon="-75.870849"><ele>23.0</ele><time>2024-09-01T19:17:44Z</time></trkpt>
<trkpt lat="45.39053" lon="-75.870831"><ele>23.0</ele><time>2024-09-01T19:17:45Z</time></trkpt>
<trkpt lat="45.390518" lon="-75.870804"><ele>23.0</ele><time>2024-09-01T19:17:46Z</time></trkpt>
<trkpt lat="45.390502" lon="-75.870777"><ele>23.0</ele><time>2024-09-01T19:17:47Z</time></trkpt>
<trkpt lat="45.390483" lon="-75.87075"><ele>23.0</ele><time>2024-09-01T19:17:48Z</time></trkpt>
<trkpt lat="45.390467" lon="-75.870723"><ele>24.0</ele><time>2024-09-01T19:17:49Z</time></trkpt>
<trkpt lat="45.390454" lon="-75.870705"><ele>23.0</ele><time>2024-09-01T19:17:50Z</time></trkpt>
<trkpt lat="45.390439" lon="-75.870678"><ele>23.0</ele><time>2024-09-01T19:17:51Z</time></trkpt>
<trkpt lat="45.390426" lon="-75.87066"><ele>24.0</ele><time>2024-09-01T19:17:52Z</time></trkpt>
<trkpt lat="45.39041" lon="-75.870624"><ele>24.0</ele><time>2024-09-01T19:17:53Z</time></trkpt>
<trkpt lat="45.390397" lon="-75.870597"><ele>23.0</ele><time>2024-09-01T19:17:54Z</time></trkpt>
<trkpt lat="45.390382" lon="-75.870579"><ele>23.0</ele><time>2024-09-01T19:17:55Z</time></trkpt>
<trkpt lat="45.390369" lon="-75.870552"><ele>24.0</ele><time>2024-09-01T19:17:56Z</time></trkpt>
<trkpt lat="45.390356" lon="-75.870525"><ele>24.0</ele><time>2024-09-01T19:17:57Z</time></trkpt>
<trkpt lat="45.390344" lon="-75.870498"><ele>24.0</ele><time>2024-09-01T19:17:58Z</time></trkpt>
<trkpt lat="45.390331" lon="-75.870472"><ele>24.0</ele><time>2024-09-01T19:17:59Z</time></trkpt>
<trkpt lat="45.390318" lon="-75.870445"><ele>23.0</ele><time>2024-09-01T19:18:00Z</time></trkpt>
<trkpt lat="45.390306" lon="-75.870418"><ele>23.0</ele><time>2024-09-01T19:18:01Z</time></trkpt>
<trkpt lat="45.390293" lon="-75.870382"><ele>23.0</ele><time>2024-09-01T19:18:02Z</time></trkpt>
<trkpt lat="45.39028" lon="-75.870355"><ele>24.0</ele><time>2024-09-01T19:18:03Z</time></trkpt>
<trkpt lat="45.390268" lon="-75.870337"><ele>24.0</ele><time>2024-09-01T19:18:04Z</time></trkpt>
<trkpt lat="45.390258" lon="-75.87031"><ele>24.0</ele><time>2024-09-01T19:18:05Z</time></trkpt>
<trkpt lat="45.390245" lon="-75.870283"><ele>24.0</ele><time>2024-09-01T19:18:06Z</time></trkpt>
<trkpt lat="45.390236" lon="-75.870247"><ele>24.0</ele><time>2024-09-01T19:18:07Z</time></trkpt>
<trkpt lat="45.390223" lon="-75.87022"><ele>23.0</ele><time>2024-09-01T19:18:08Z</time></trkpt>
<trkpt lat="45.390214" lon="-75.870193"><ele>23.0</ele><time>2024-09-01T19:18:09Z</time></trkpt>
<trkpt lat="45.390208" lon="-75.870166"><ele>23.0</ele><time>2024-09-01T19:18:10Z</time></trkpt>
<trkpt lat="45.390198" lon="-75.870139"><ele>23.0</ele><time>2024-09-01T19:18:11Z</time></trkpt>
<trkpt lat="45.390185" lon="-75.870112"><ele>23.0</ele><time>2024-09-01T19:18:12Z</time></trkpt>
<trkpt lat="45.390176" lon="-75.870076"><ele>23.0</ele><time>2024-09-01T19:18:13Z</time></trkpt>
<trkpt lat="45.39017" lon="-75.870049"><ele>23.0</ele><time>2024-09-01T19:18:14Z</time></trkpt>
<trkpt lat="45.390163" lon="-75.870022"><ele>23.0</ele><time>2024-09-01T19:18:15Z</time></trkpt>
<trkpt lat="45.390154" lon="-75.869995"><ele>23.0</ele><time>2024-09-01T19:18:16Z</time></trkpt>
<trkpt lat="45.390144" lon="-75.869969"><ele>23.0</ele><time>2024-09-01T19:18:17Z</time></trkpt>
<trkpt lat="45.390138" lon="-75.869933"><ele>23.0</ele><time>2024-09-01T19:18:18Z</time></trkpt>
<trkpt lat="45.390128" lon="-75.869906"><ele>23.0</ele><time>2024-09-01T19:18:19Z</time></trkpt>
<trkpt lat="45.390122" lon="-75.869879"><ele>23.0</ele><time>2024-09-01T19:18:20Z</time></trkpt>
<trkpt lat="45.390113" lon="-75.869852"><ele>23.0</ele><time>2024-09-01T19:18:21Z</time></trkpt>
<trkpt lat="45.390103" lon="-75.869816"><ele>23.0</ele><time>2024-09-01T19:18:22Z</time></trkpt>
<trkpt lat="45.390097" lon="-75.869789"><ele>23.0</ele><time>2024-09-01T19:18:23Z</time></trkpt>
<trkpt lat="45.390087" lon="-75.869762"><ele>23.0</ele><time>2024-09-01T19:18:24Z</time></trkpt>
<trkpt lat="45.390081" lon="-75.869735"><ele>23.0</ele><time>2024-09-01T19:18:25Z</time></trkpt>
<trkpt lat="45.390071" lon="-75.869708"><ele>23.0</ele><time>2024-09-01T19:18:26Z</time></trkpt>
<trkpt lat="45.390065" lon="-75.869672"><ele>23.0</ele><time>2024-09-01T19:18:27Z</time></trkpt>
<trkpt lat="45.390056" lon="-75.869645"><ele>23.0</ele><time>2024-09-01T19:18:28Z</time></trkpt>
<trkpt lat="45.390046" lon="-75.869609"><ele>23.0</ele><time>2024-09-01T19:18:29Z</time></trkpt>
<trkpt lat="45.39004" lon="-75.869582"><ele>23.0</ele><time>2024-09-01T19:18:30Z</time></trkpt>
<trkpt lat="45.390033" lon="-75.869555"><ele>23.0</ele><time>2024-09-01T19:18:31Z</time></trkpt>
<trkpt lat="45.390027" lon="-75.869528"><ele>23.0</ele><time>2024-09-01T19:18:32Z</time></trkpt>
<trkpt lat="45.390018" lon="-75.869492"><ele>23.0</ele><time>2024-09-01T19:18:33Z</time></trkpt>
<trkpt lat="45.390008" lon="-75.869465"><ele>23.0</ele><time>2024-09-01T19:18:34Z</time></trkpt>
<trkpt lat="45.389999" lon="-75.86943"><ele>23.0</ele><time>2024-09-01T19:18:35Z</time></trkpt>
<trkpt lat="45.389992" lon="-75.869403"><ele>23.0</ele><time>2024-09-01T19:18:36Z</time></trkpt>
<trkpt lat="45.389983" lon="-75.869367"><ele>23.0</ele><time>2024-09-01T19:18:37Z</time></trkpt>
<trkpt lat="45.389976" lon="-75.86934"><ele>23.0</ele><time>2024-09-01T19:18:38Z</time></trkpt>
<trkpt lat="45.389967" lon="-75.869313"><ele>23.0</ele><time>2024-09-01T19:18:39Z</time></trkpt>
<trkpt lat="45.389957" lon="-75.869286"><ele>23.0</ele><time>2024-09-01T19:18:40Z</time></trkpt>
<trkpt lat="45.389948" lon="-75.86925"><ele>23.0</ele><time>2024-09-01T19:18:41Z</time></trkpt>
<trkpt lat="45.389939" lon="-75.869223"><ele>23.0</ele><time>2024-09-01T19:18:42Z</time></trkpt>
<trkpt lat="45.389929" lon="-75.869196"><ele>23.0</ele><time>2024-09-01T19:18:43Z</time></trkpt>
<trkpt lat="45.38992" lon="-75.869169"><ele>23.0</ele><time>2024-09-01T19:18:44Z</time></trkpt>
<trkpt lat="45.389913" lon="-75.869142"><ele>23.0</ele><time>2024-09-01T19:18:45Z</time></trkpt>
<trkpt lat="45.389901" lon="-75.869115"><ele>23.0</ele><time>2024-09-01T19:18:46Z</time></trkpt>
<trkpt lat="45.389888" lon="-75.869079"><ele>23.0</ele><time>2024-09-01T19:18:47Z</time></trkpt>
<trkpt lat="45.389875" lon="-75.869043"><ele>23.0</ele><time>2024-09-01T19:18:48Z</time></trkpt>
<trkpt lat="45.389863" lon="-75.869016"><ele>23.0</ele><time>2024-09-01T19:18:49Z</time></trkpt>
<trkpt lat="45.389853" lon="-75.868998"><ele>23.0</ele><time>2024-09-01T19:18:50Z</time></trkpt>
<trkpt lat="45.38984" lon="-75.868971"><ele>23.0</ele><time>2024-09-01T19:18:51Z</time></trkpt>
<trkpt lat="45.389828" lon="-75.868944"><ele>23.0</ele><time>2024-09-01T19:18:52Z</time></trkpt>
<trkpt lat="45.389812" lon="-75.868918"><ele>23.0</ele><time>2024-09-01T19:18:53Z</time></trkpt>
<trkpt lat="45.389796" lon="-75.868891"><ele>23.0</ele><time>2024-09-01T19:18:54Z</time></trkpt>
<trkpt lat="45.389783" lon="-75.868864"><ele>23.0</ele><time>2024-09-01T19:18:55Z</time></trkpt>
<trkpt lat="45.389774" lon="-75.868837"><ele>23.0</ele><time>2024-09-01T19:18:56Z</time></trkpt>
<trkpt lat="45.389764" lon="-75.868819"><ele>23.0</ele><time>2024-09-01T19:18:57Z</time></trkpt>
<trkpt lat="45.389752" lon="-75.868792"><ele>24.0</ele><time>2024-09-01T19:18:58Z</time></trkpt>
<trkpt lat="45.389742" lon="-75.868756"><ele>24.0</ele><time>2024-09-01T19:18:59Z</time></trkpt>
<trkpt lat="45.38973" lon="-75.868729"><ele>23.0</ele><time>2024-09-01T19:19:00Z</time></trkpt>
<trkpt lat="45.389723" lon="-75.868702"><ele>24.0</ele><time>2024-09-01T19:19:01Z</time></trkpt>
<trkpt lat="45.389714" lon="-75.868675"><ele>24.0</ele><time>2024-09-01T19:19:02Z</time></trkpt>
<trkpt lat="45.389704" lon="-75.868648"><ele>24.0</ele><time>2024-09-01T19:19:03Z</time></trkpt>
<trkpt lat="45.389692" lon="-75.868621"><ele>24.0</ele><time>2024-09-01T19:19:04Z</time></trkpt>
<trkpt lat="45.389682" lon="-75.868594"><ele>24.0</ele><time>2024-09-01T19:19:05Z</time></trkpt>
<trkpt lat="45.389673" lon="-75.868567"><ele>23.0</ele><time>2024-09-01T19:19:06Z</time></trkpt>
<trkpt lat="45.389663" lon="-75.868531"><ele>24.0</ele><time>2024-09-01T19:19:07Z</time></trkpt>
<trkpt lat="45.389654" lon="-75.868513"><ele>24.0</ele><time>2024-09-01T19:19:08Z</time></trkpt>
<trkpt lat="45.389644" lon="-75.868486"><ele>24.0</ele><time>2024-09-01T19:19:09Z</time></trkpt>
<trkpt lat="45.389635" lon="-75.868459"><ele>24.0</ele><time>2024-09-01T19:19:10Z</time></trkpt>
<trkpt lat="45.389622" lon="-75.868423"><ele>24.0</ele><time>2024-09-01T19:19:11Z</time></trkpt>
<trkpt lat="45.389616" lon="-75.868388"><ele>24.0</ele><time>2024-09-01T19:19:12Z</time></trkpt>
<trkpt lat="45.389609" lon="-75.868361"><ele>24.0</ele><time>2024-09-01T19:19:13Z</time></trkpt>
<trkpt lat="45.389606" lon="-75.868334"><ele>24.0</ele><time>2024-09-01T19:19:14Z</time></trkpt>
<trkpt lat="45.389597" lon="-75.868307"><ele>24.0</ele><time>2024-09-01T19:19:15Z</time></trkpt>
<trkpt lat="45.389587" lon="-75.868271"><ele>24.0</ele><time>2024-09-01T19:19:16Z</time></trkpt>
<trkpt lat="45.389578" lon="-75.868244"><ele>24.0</ele><time>2024-09-01T19:19:17Z</time></trkpt>
<trkpt lat="45.389571" lon="-75.868208"><ele>24.0</ele><time>2024-09-01T19:19:18Z</time></trkpt>
<trkpt lat="45.389565" lon="-75.868181"><ele>24.0</ele><time>2024-09-01T19:19:19Z</time></trkpt>
<trkpt lat="45.389562" lon="-75.868154"><ele>24.0</ele><time>2024-09-01T19:19:20Z</time></trkpt>
<trkpt lat="45.389552" lon="-75.868118"><ele>24.0</ele><time>2024-09-01T19:19:21Z</time></trkpt>
<trkpt lat="45.389546" lon="-75.868091"><ele>24.0</ele><time>2024-09-01T19:19:22Z</time></trkpt>
<trkpt lat="45.38954" lon="-75.868055"><ele>24.0</ele><time>2024-09-01T19:19:23Z</time></trkpt>
<trkpt lat="45.389533" lon="-75.868019"><ele>24.0</ele><time>2024-09-01T19:19:24Z</time></trkpt>
<trkpt lat="45.38953" lon="-75.867992"><ele>24.0</ele><time>2024-09-01T19:19:25Z</time></trkpt>
<trkpt lat="45.389524" lon="-75.867965"><ele>24.0</ele><time>2024-09-01T19:19:26Z</time></trkpt>
<trkpt lat="45.389511" lon="-75.867938"><ele>24.0</ele><time>2024-09-01T19:19:27Z</time></trkpt>
<trkpt lat="45.389502" lon="-75.867902"><ele>24.0</ele><time>2024-09-01T19:19:28Z</time></trkpt>
<trkpt lat="45.389489" lon="-75.867876"><ele>24.0</ele><time>2024-09-01T19:19:29Z</time></trkpt>
<trkpt lat="45.389476" lon="-75.867858"><ele>24.0</ele><time>2024-09-01T19:19:30Z</time></trkpt>
<trkpt lat="45.389457" lon="-75.867831"><ele>24.0</ele><time>2024-09-01T19:19:31Z</time></trkpt>
<trkpt lat="45.389442" lon="-75.867813"><ele>24.0</ele><time>2024-09-01T19:19:32Z</time></trkpt>
<trkpt lat="45.389426" lon="-75.867786"><ele>24.0</ele><time>2024-09-01T19:19:33Z</time></trkpt>
<trkpt lat="45.389413" lon="-75.867759"><ele>24.0</ele><time>2024-09-01T19:19:34Z</time></trkpt>
<trkpt lat="45.389397" lon="-75.867732"><ele>24.0</ele><time>2024-09-01T19:19:35Z</time></trkpt>
<trkpt lat="45.389382" lon="-75.867714"><ele>24.0</ele><time>2024-09-01T19:19:36Z</time></trkpt>
<trkpt lat="45.389363" lon="-75.867696"><ele>23.0</ele><time>2024-09-01T19:19:37Z</time></trkpt>
<trkpt lat="45.389344" lon="-75.867678"><ele>23.0</ele><time>2024-09-01T19:19:38Z</time></trkpt>
<trkpt lat="45.389328" lon="-75.86766"><ele>23.0</ele><time>2024-09-01T19:19:39Z</time></trkpt>
<trkpt lat="45.389309" lon="-75.867642"><ele>23.0</ele><time>2024-09-01T19:19:40Z</time></trkpt>
<trkpt lat="45.389296" lon="-75.867633"><ele>23.0</ele><time>2024-09-01T19:19:41Z</time></trkpt>
<trkpt lat="45.38928" lon="-75.867606"><ele>23.0</ele><time>2024-09-01T19:19:42Z</time></trkpt>
<trkpt lat="45.389264" lon="-75.867588"><ele>23.0</ele><time>2024-09-01T19:19:43Z</time></trkpt>
<trkpt lat="45.389249" lon="-75.86757"><ele>23.0</ele><time>2024-09-01T19:19:44Z</time></trkpt>
<trkpt lat="45.389233" lon="-75.867543"><ele>23.0</ele><time>2024-09-01T19:19:45Z</time></trkpt>
<trkpt lat="45.389214" lon="-75.867525"><ele>24.0</ele><time>2024-09-01T19:19:46Z</time></trkpt>
<trkpt lat="45.389198" lon="-75.867498"><ele>23.0</ele><time>2024-09-01T19:19:47Z</time></trkpt>
<trkpt lat="45.389182" lon="-75.86748"><ele>23.0</ele><time>2024-09-01T19:19:48Z</time></trkpt>
<trkpt lat="45.389169" lon="-75.867462"><ele>23.0</ele><time>2024-09-01T19:19:49Z</time></trkpt>
<trkpt lat="45.389154" lon="-75.867444"><ele>24.0</ele><time>2024-09-01T19:19:50Z</time></trkpt>
<trkpt lat="45.389138" lon="-75.867417"><ele>24.0</ele><time>2024-09-01T19:19:51Z</time></trkpt>
<trkpt lat="45.389119" lon="-75.867399"><ele>24.0</ele><time>2024-09-01T19:19:52Z</time></trkpt>
<trkpt lat="45.389103" lon="-75.867372"><ele>24.0</ele><time>2024-09-01T19:19:53Z</time></trkpt>
<trkpt lat="45.38909" lon="-75.867355"><ele>24.0</ele><time>2024-09-01T19:19:54Z</time></trkpt>
<trkpt lat="45.389078" lon="-75.867337"><ele>24.0</ele><time>2024-09-01T19:19:55Z</time></trkpt>
<trkpt lat="45.389065" lon="-75.867319"><ele>24.0</ele><time>2024-09-01T19:19:56Z</time></trkpt>
<trkpt lat="45.389049" lon="-75.867292"><ele>24.0</ele><time>2024-09-01T19:19:57Z</time></trkpt>
<trkpt lat="45.389033" lon="-75.867265"><ele>24.0</ele><time>2024-09-01T19:19:58Z</time></trkpt>
<trkpt lat="45.389018" lon="-75.867238"><ele>24.0</ele><time>2024-09-01T19:19:59Z</time></trkpt>
<trkpt lat="45.389005" lon="-75.86722"><ele>24.0</ele><time>2024-09-01T19:20:00Z</time></trkpt>
<trkpt lat="45.388992" lon="-75.867193"><ele>24.0</ele><time>2024-09-01T19:20:01Z</time></trkpt>
<trkpt lat="45.38898" lon="-75.867175"><ele>24.0</ele><time>2024-09-01T19:20:02Z</time></trkpt>
<trkpt lat="45.388964" lon="-75.867148"><ele>24.0</ele><time>2024-09-01T19:20:03Z</time></trkpt>
<trkpt lat="45.388948" lon="-75.867121"><ele>24.0</ele><time>2024-09-01T19:20:04Z</time></trkpt>
<trkpt lat="45.388932" lon="-75.867094"><ele>24.0</ele><time>2024-09-01T19:20:05Z</time></trkpt>
<trkpt lat="45.388919" lon="-75.867067"><ele>24.0</ele><time>2024-09-01T19:20:06Z</time></trkpt>
<trkpt lat="45.388904" lon="-75.86704"><ele>24.0</ele><time>2024-09-01T19:20:07Z</time></trkpt>
<trkpt lat="45.388891" lon="-75.867022"><ele>24.0</ele><time>2024-09-01T19:20:08Z</time></trkpt>
<trkpt lat="45.388878" lon="-75.866995"><ele>24.0</ele><time>2024-09-01T19:20:09Z</time></trkpt>
<trkpt lat="45.388866" lon="-75.866977"><ele>24.0</ele><time>2024-09-01T19:20:10Z</time></trkpt>
<trkpt lat="45.388853" lon="-75.866941"><ele>24.0</ele><time>2024-09-01T19:20:11Z</time></trkpt>
<trkpt lat="45.38884" lon="-75.866923"><ele>24.0</ele><time>2024-09-01T19:20:12Z</time></trkpt>
<trkpt lat="45.388828" lon="-75.866887"><ele>24.0</ele><time>2024-09-01T19:20:13Z</time></trkpt>
<trkpt lat="45.388815" lon="-75.866869"><ele>23.0</ele><time>2024-09-01T19:20:14Z</time></trkpt>
<trkpt lat="45.388806" lon="-75.866851"><ele>24.0</ele><time>2024-09-01T19:20:15Z</time></trkpt>
<trkpt lat="45.388796" lon="-75.866816"><ele>24.0</ele><time>2024-09-01T19:20:16Z</time></trkpt>
<trkpt lat="45.388787" lon="-75.866789"><ele>24.0</ele><time>2024-09-01T19:20:17Z</time></trkpt>
<trkpt lat="45.388774" lon="-75.866762"><ele>23.0</ele><time>2024-09-01T19:20:18Z</time></trkpt>
<trkpt lat="45.388764" lon="-75.866735"><ele>23.0</ele><time>2024-09-01T19:20:19Z</time></trkpt>
<trkpt lat="45.388758" lon="-75.866717"><ele>23.0</ele><time>2024-09-01T19:20:20Z</time></trkpt>
<trkpt lat="45.388749" lon="-75.86669"><ele>24.0</ele><time>2024-09-01T19:20:21Z</time></trkpt>
<trkpt lat="45.388739" lon="-75.866663"><ele>24.0</ele><time>2024-09-01T19:20:22Z</time></trkpt>
<trkpt lat="45.388726" lon="-75.866627"><ele>24.0</ele><time>2024-09-01T19:20:23Z</time></trkpt>
<trkpt lat="45.388717" lon="-75.8666"><ele>23.0</ele><time>2024-09-01T19:20:24Z</time></trkpt>
<trkpt lat="45.388711" lon="-75.866573"><ele>23.0</ele><time>2024-09-01T19:20:25Z</time></trkpt>
<trkpt lat="45.388698" lon="-75.866546"><ele>24.0</ele><time>2024-09-01T19:20:26Z</time></trkpt>
<trkpt lat="45.388688" lon="-75.866528"><ele>23.0</ele><time>2024-09-01T19:20:27Z</time></trkpt>
<trkpt lat="45.388682" lon="-75.866492"><ele>23.0</ele><time>2024-09-01T19:20:28Z</time></trkpt>
<trkpt lat="45.388676" lon="-75.866456"><ele>23.0</ele><time>2024-09-01T19:20:29Z</time></trkpt>
<trkpt lat="45.388669" lon="-75.866429"><ele>23.0</ele><time>2024-09-01T19:20:30Z</time></trkpt>
<trkpt lat="45.388663" lon="-75.866402"><ele>23.0</ele><time>2024-09-01T19:20:31Z</time></trkpt>
<trkpt lat="45.38866" lon="-75.866366"><ele>23.0</ele><time>2024-09-01T19:20:32Z</time></trkpt>
<trkpt lat="45.38865" lon="-75.866339"><ele>23.0</ele><time>2024-09-01T19:20:33Z</time></trkpt>
<trkpt lat="45.388644" lon="-75.866304"><ele>23.0</ele><time>2024-09-01T19:20:34Z</time></trkpt>
<trkpt lat="45.388635" lon="-75.866268"><ele>23.0</ele><time>2024-09-01T19:20:35Z</time></trkpt>
<trkpt lat="45.388628" lon="-75.866241"><ele>23.0</ele><time>2024-09-01T19:20:36Z</time></trkpt>
<trkpt lat="45.388625" lon="-75.866214"><ele>23.0</ele><time>2024-09-01T19:20:37Z</time></trkpt>
<trkpt lat="45.388616" lon="-75.866187"><ele>23.0</ele><time>2024-09-01T19:20:38Z</time></trkpt>
<trkpt lat="45.388603" lon="-75.86616"><ele>23.0</ele><time>2024-09-01T19:20:39Z</time></trkpt>
<trkpt lat="45.38859" lon="-75.866124"><ele>23.0</ele><time>2024-09-01T19:20:40Z</time></trkpt>
<trkpt lat="45.388578" lon="-75.866097"><ele>23.0</ele><time>2024-09-01T19:20:41Z</time></trkpt>
<trkpt lat="45.388565" lon="-75.866079"><ele>25.0</ele><time>2024-09-01T19:20:42Z</time></trkpt>
<trkpt lat="45.388549" lon="-75.866052"><ele>25.0</ele><time>2024-09-01T19:20:43Z</time></trkpt>
<trkpt lat="45.388524" lon="-75.866043"><ele>25.0</ele><time>2024-09-01T19:20:44Z</time></trkpt>
<trkpt lat="45.388502" lon="-75.866034"><ele>25.0</ele><time>2024-09-01T19:20:45Z</time></trkpt>
<trkpt lat="45.388483" lon="-75.866016"><ele>24.0</ele><time>2024-09-01T19:20:46Z</time></trkpt>
<trkpt lat="45.388467" lon="-75.866007"><ele>24.0</ele><time>2024-09-01T19:20:47Z</time></trkpt>
<trkpt lat="45.388451" lon="-75.865998"><ele>24.0</ele><time>2024-09-01T19:20:48Z</time></trkpt>
<trkpt lat="45.388432" lon="-75.86598"><ele>24.0</ele><time>2024-09-01T19:20:49Z</time></trkpt>
<trkpt lat="45.38841" lon="-75.865971"><ele>24.0</ele><time>2024-09-01T19:20:50Z</time></trkpt>
<trkpt lat="45.388391" lon="-75.865962"><ele>24.0</ele><time>2024-09-01T19:20:51Z</time></trkpt>
<trkpt lat="45.388372" lon="-75.865953"><ele>24.0</ele><time>2024-09-01T19:20:52Z</time></trkpt>
<trkpt lat="45.388356" lon="-75.865935"><ele>24.0</ele><time>2024-09-01T19:20:53Z</time></trkpt>
<trkpt lat="45.388337" lon="-75.865926"><ele>24.0</ele><time>2024-09-01T19:20:54Z</time></trkpt>
<trkpt lat="45.388318" lon="-75.865908"><ele>24.0</ele><time>2024-09-01T19:20:55Z</time></trkpt>
<trkpt lat="45.388299" lon="-75.86589"><ele>24.0</ele><time>2024-09-01T19:20:56Z</time></trkpt>
<trkpt lat="45.388283" lon="-75.865872"><ele>24.0</ele><time>2024-09-01T19:20:57Z</time></trkpt>
<trkpt lat="45.388267" lon="-75.865854"><ele>23.0</ele><time>2024-09-01T19:20:58Z</time></trkpt>
<trkpt lat="45.388255" lon="-75.865836"><ele>23.0</ele><time>2024-09-01T19:20:59Z</time></trkpt>
<trkpt lat="45.388236" lon="-75.865818"><ele>23.0</ele><time>2024-09-01T19:21:00Z</time></trkpt>
<trkpt lat="45.388217" lon="-75.865792"><ele>23.0</ele><time>2024-09-01T19:21:01Z</time></trkpt>
<trkpt lat="45.388198" lon="-75.865774"><ele>23.0</ele><time>2024-09-01T19:21:02Z</time></trkpt>
<trkpt lat="45.388182" lon="-75.865756"><ele>23.0</ele><time>2024-09-01T19:21:03Z</time></trkpt>
<trkpt lat="45.388166" lon="-75.865747"><ele>23.0</ele><time>2024-09-01T19:21:04Z</time></trkpt>
<trkpt lat="45.38815" lon="-75.865729"><ele>23.0</ele><time>2024-09-01T19:21:05Z</time></trkpt>
<trkpt lat="45.388135" lon="-75.865702"><ele>23.0</ele><time>2024-09-01T19:21:06Z</time></trkpt>
<trkpt lat="45.388119" lon="-75.865684"><ele>23.0</ele><time>2024-09-01T19:21:07Z</time></trkpt>
<trkpt lat="45.388103" lon="-75.865666"><ele>23.0</ele><time>2024-09-01T19:21:08Z</time></trkpt>
<trkpt lat="45.388087" lon="-75.865648"><ele>23.0</ele><time>2024-09-01T19:21:09Z</time></trkpt>
<trkpt lat="45.388071" lon="-75.865621"><ele>22.0</ele><time>2024-09-01T19:21:10Z</time></trkpt>
<trkpt lat="45.388052" lon="-75.865603"><ele>22.0</ele><time>2024-09-01T19:21:11Z</time></trkpt>
<trkpt lat="45.388036" lon="-75.865585"><ele>23.0</ele><time>2024-09-01T19:21:12Z</time></trkpt>
<trkpt lat="45.388017" lon="-75.865567"><ele>23.0</ele><time>2024-09-01T19:21:13Z</time></trkpt>
<trkpt lat="45.388002" lon="-75.865549"><ele>22.0</ele><time>2024-09-01T19:21:14Z</time></trkpt>
<trkpt lat="45.387986" lon="-75.865531"><ele>22.0</ele><time>2024-09-01T19:21:15Z</time></trkpt>
<trkpt lat="45.38797" lon="-75.865513"><ele>22.0</ele><time>2024-09-01T19:21:16Z</time></trkpt>
<trkpt lat="45.387951" lon="-75.865495"><ele>22.0</ele><time>2024-09-01T19:21:17Z</time></trkpt>
<trkpt lat="45.387935" lon="-75.865468"><ele>22.0</ele><time>2024-09-01T19:21:18Z</time></trkpt>
<trkpt lat="45.387919" lon="-75.86545"><ele>22.0</ele><time>2024-09-01T19:21:19Z</time></trkpt>
<trkpt lat="45.387907" lon="-75.865432"><ele>22.0</ele><time>2024-09-01T19:21:20Z</time></trkpt>
<trkpt lat="45.387891" lon="-75.865405"><ele>22.0</ele><time>2024-09-01T19:21:21Z</time></trkpt>
<trkpt lat="45.387875" lon="-75.865378"><ele>23.0</ele><time>2024-09-01T19:21:22Z</time></trkpt>
<trkpt lat="45.387862" lon="-75.865351"><ele>23.0</ele><time>2024-09-01T19:21:23Z</time></trkpt>
<trkpt lat="45.38785" lon="-75.865333"><ele>23.0</ele><time>2024-09-01T19:21:24Z</time></trkpt>
<trkpt lat="45.387837" lon="-75.865306"><ele>23.0</ele><time>2024-09-01T19:21:25Z</time></trkpt>
<trkpt lat="45.387828" lon="-75.865288"><ele>23.0</ele><time>2024-09-01T19:21:26Z</time></trkpt>
<trkpt lat="45.387815" lon="-75.865262"><ele>23.0</ele><time>2024-09-01T19:21:27Z</time></trkpt>
<trkpt lat="45.387805" lon="-75.865235"><ele>23.0</ele><time>2024-09-01T19:21:28Z</time></trkpt>
<trkpt lat="45.387793" lon="-75.865208"><ele>23.0</ele><time>2024-09-01T19:21:29Z</time></trkpt>
<trkpt lat="45.387783" lon="-75.865181"><ele>23.0</ele><time>2024-09-01T19:21:30Z</time></trkpt>
<trkpt lat="45.387774" lon="-75.865163"><ele>23.0</ele><time>2024-09-01T19:21:31Z</time></trkpt>
<trkpt lat="45.387764" lon="-75.865136"><ele>23.0</ele><time>2024-09-01T19:21:32Z</time></trkpt>
<trkpt lat="45.387752" lon="-75.865109"><ele>23.0</ele><time>2024-09-01T19:21:33Z</time></trkpt>
<trkpt lat="45.387739" lon="-75.865091"><ele>23.0</ele><time>2024-09-01T19:21:34Z</time></trkpt>
<trkpt lat="45.387726" lon="-75.865064"><ele>23.0</ele><time>2024-09-01T19:21:35Z</time></trkpt>
<trkpt lat="45.38771" lon="-75.865037"><ele>23.0</ele><time>2024-09-01T19:21:36Z</time></trkpt>
<trkpt lat="45.387701" lon="-75.865019"><ele>23.0</ele><time>2024-09-01T19:21:37Z</time></trkpt>
<trkpt lat="45.387685" lon="-75.865001"><ele>23.0</ele><time>2024-09-01T19:21:38Z</time></trkpt>
<trkpt lat="45.387673" lon="-75.864974"><ele>24.0</ele><time>2024-09-01T19:21:39Z</time></trkpt>
<trkpt lat="45.38766" lon="-75.864947"><ele>24.0</ele><time>2024-09-01T19:21:40Z</time></trkpt>
<trkpt lat="45.387644" lon="-75.864911"><ele>24.0</ele><time>2024-09-01T19:21:41Z</time></trkpt>
<trkpt lat="45.387628" lon="-75.864884"><ele>24.0</ele><time>2024-09-01T19:21:42Z</time></trkpt>
<trkpt lat="45.387612" lon="-75.864866"><ele>24.0</ele><time>2024-09-01T19:21:43Z</time></trkpt>
<trkpt lat="45.3876" lon="-75.864848"><ele>24.0</ele><time>2024-09-01T19:21:44Z</time></trkpt>
<trkpt lat="45.387584" lon="-75.86483"><ele>24.0</ele><time>2024-09-01T19:21:45Z</time></trkpt>
<trkpt lat="45.387568" lon="-75.864803"><ele>24.0</ele><time>2024-09-01T19:21:46Z</time></trkpt>
<trkpt lat="45.387552" lon="-75.864776"><ele>24.0</ele><time>2024-09-01T19:21:47Z</time></trkpt>
<trkpt lat="45.387533" lon="-75.86475"><ele>24.0</ele><time>2024-09-01T19:21:48Z</time></trkpt>
<trkpt lat="45.387517" lon="-75.864732"><ele>24.0</ele><time>2024-09-01T19:21:49Z</time></trkpt>
<trkpt lat="45.387505" lon="-75.864714"><ele>24.0</ele><time>2024-09-01T19:21:50Z</time></trkpt>
<trkpt lat="45.387489" lon="-75.864696"><ele>24.0</ele><time>2024-09-01T19:21:51Z</time></trkpt>
<trkpt lat="45.387473" lon="-75.864669"><ele>24.0</ele><time>2024-09-01T19:21:52Z</time></trkpt>
<trkpt lat="45.387457" lon="-75.864651"><ele>24.0</ele><time>2024-09-01T19:21:53Z</time></trkpt>
<trkpt lat="45.387438" lon="-75.864624"><ele>24.0</ele><time>2024-09-01T19:21:54Z</time></trkpt>
<trkpt lat="45.387426" lon="-75.864606"><ele>24.0</ele><time>2024-09-01T19:21:55Z</time></trkpt>
<trkpt lat="45.387413" lon="-75.864588"><ele>24.0</ele><time>2024-09-01T19:21:56Z</time></trkpt>
<trkpt lat="45.387397" lon="-75.864561"><ele>24.0</ele><time>2024-09-01T19:21:57Z</time></trkpt>
<trkpt lat="45.387378" lon="-75.864534"><ele>24.0</ele><time>2024-09-01T19:21:58Z</time></trkpt>
<trkpt lat="45.387362" lon="-75.864516"><ele>24.0</ele><time>2024-09-01T19:21:59Z</time></trkpt>
<trkpt lat="45.387343" lon="-75.864498"><ele>24.0</ele><time>2024-09-01T19:22:00Z</time></trkpt>
<trkpt lat="45.387331" lon="-75.86448"><ele>23.0</ele><time>2024-09-01T19:22:01Z</time></trkpt>
<trkpt lat="45.387315" lon="-75.864462"><ele>23.0</ele><time>2024-09-01T19:22:02Z</time></trkpt>
<trkpt lat="45.387299" lon="-75.864435"><ele>23.0</ele><time>2024-09-01T19:22:03Z</time></trkpt>
<trkpt lat="45.38728" lon="-75.864417"><ele>23.0</ele><time>2024-09-01T19:22:04Z</time></trkpt>
<trkpt lat="45.387264" lon="-75.864399"><ele>23.0</ele><time>2024-09-01T19:22:05Z</time></trkpt>
<trkpt lat="45.387245" lon="-75.864372"><ele>23.0</ele><time>2024-09-01T19:22:06Z</time></trkpt>
<trkpt lat="45.387229" lon="-75.864354"><ele>23.0</ele><time>2024-09-01T19:22:07Z</time></trkpt>
<trkpt lat="45.387214" lon="-75.864336"><ele>23.0</ele><time>2024-09-01T19:22:08Z</time></trkpt>
<trkpt lat="45.387195" lon="-75.864309"><ele>23.0</ele><time>2024-09-01T19:22:09Z</time></trkpt>
<trkpt lat="45.387179" lon="-75.864291"><ele>23.0</ele><time>2024-09-01T19:22:10Z</time></trkpt>
<trkpt lat="45.38716" lon="-75.864273"><ele>23.0</ele><time>2024-09-01T19:22:11Z</time></trkpt>
<trkpt lat="45.387144" lon="-75.864246"><ele>23.0</ele><time>2024-09-01T19:22:12Z</time></trkpt>
<trkpt lat="45.387128" lon="-75.864229"><ele>23.0</ele><time>2024-09-01T19:22:13Z</time></trkpt>
<trkpt lat="45.387112" lon="-75.864211"><ele>23.0</ele><time>2024-09-01T19:22:14Z</time></trkpt>
<trkpt lat="45.3871" lon="-75.864184"><ele>23.0</ele><time>2024-09-01T19:22:15Z</time></trkpt>
<trkpt lat="45.387084" lon="-75.864157"><ele>23.0</ele><time>2024-09-01T19:22:16Z</time></trkpt>
<trkpt lat="45.387071" lon="-75.864139"><ele>23.0</ele><time>2024-09-01T19:22:17Z</time></trkpt>
<trkpt lat="45.387052" lon="-75.864112"><ele>23.0</ele><time>2024-09-01T19:22:18Z</time></trkpt>
<trkpt lat="45.387036" lon="-75.864085"><ele>23.0</ele><time>2024-09-01T19:22:19Z</time></trkpt>
<trkpt lat="45.387024" lon="-75.864067"><ele>23.0</ele><time>2024-09-01T19:22:20Z</time></trkpt>
<trkpt lat="45.387008" lon="-75.864049"><ele>23.0</ele><time>2024-09-01T19:22:21Z</time></trkpt>
<trkpt lat="45.386992" lon="-75.864022"><ele>24.0</ele><time>2024-09-01T19:22:22Z</time></trkpt>
<trkpt lat="45.386979" lon="-75.863995"><ele>24.0</ele><time>2024-09-01T19:22:23Z</time></trkpt>
<trkpt lat="45.38696" lon="-75.863968"><ele>24.0</ele><time>2024-09-01T19:22:24Z</time></trkpt>
<trkpt lat="45.386948" lon="-75.863941"><ele>24.0</ele><time>2024-09-01T19:22:25Z</time></trkpt>
<trkpt lat="45.386935" lon="-75.863914"><ele>24.0</ele><time>2024-09-01T19:22:26Z</time></trkpt>
<trkpt lat="45.386922" lon="-75.863896"><ele>24.0</ele><time>2024-09-01T19:22:27Z</time></trkpt>
<trkpt lat="45.38691" lon="-75.863878"><ele>24.0</ele><time>2024-09-01T19:22:28Z</time></trkpt>
<trkpt lat="45.386891" lon="-75.863851"><ele>24.0</ele><time>2024-09-01T19:22:29Z</time></trkpt>
<trkpt lat="45.386872" lon="-75.863824"><ele>24.0</ele><time>2024-09-01T19:22:30Z</time></trkpt>
<trkpt lat="45.386856" lon="-75.863806"><ele>23.0</ele><time>2024-09-01T19:22:31Z</time></trkpt>
<trkpt lat="45.38684" lon="-75.863779"><ele>23.0</ele><time>2024-09-01T19:22:32Z</time></trkpt>
<trkpt lat="45.386831" lon="-75.863761"><ele>23.0</ele><time>2024-09-01T19:22:33Z</time></trkpt>
<trkpt lat="45.386818" lon="-75.863743"><ele>23.0</ele><time>2024-09-01T19:22:34Z</time></trkpt>
<trkpt lat="45.386805" lon="-75.863716"><ele>23.0</ele><time>2024-09-01T19:22:35Z</time></trkpt>
<trkpt lat="45.386789" lon="-75.86369"><ele>23.0</ele><time>2024-09-01T19:22:36Z</time></trkpt>
<trkpt lat="45.386771" lon="-75.863654"><ele>23.0</ele><time>2024-09-01T19:22:37Z</time></trkpt>
<trkpt lat="45.386758" lon="-75.863627"><ele>23.0</ele><time>2024-09-01T19:22:38Z</time></trkpt>
<trkpt lat="45.386745" lon="-75.863609"><ele>23.0</ele><time>2024-09-01T19:22:39Z</time></trkpt>
<trkpt lat="45.386733" lon="-75.863591"><ele>23.0</ele><time>2024-09-01T19:22:40Z</time></trkpt>
<trkpt lat="45.38672" lon="-75.863564"><ele>23.0</ele><time>2024-09-01T19:22:41Z</time></trkpt>
<trkpt lat="45.386704" lon="-75.863537"><ele>23.0</ele><time>2024-09-01T19:22:42Z</time></trkpt>
<trkpt lat="45.386688" lon="-75.86351"><ele>23.0</ele><time>2024-09-01T19:22:43Z</time></trkpt>
<trkpt lat="45.386672" lon="-75.863483"><ele>23.0</ele><time>2024-09-01T19:22:44Z</time></trkpt>
<trkpt lat="45.38666" lon="-75.863456"><ele>23.0</ele><time>2024-09-01T19:22:45Z</time></trkpt>
<trkpt lat="45.386647" lon="-75.863438"><ele>23.0</ele><time>2024-09-01T19:22:46Z</time></trkpt>
<trkpt lat="45.386634" lon="-75.863411"><ele>23.0</ele><time>2024-09-01T19:22:47Z</time></trkpt>
<trkpt lat="45.386622" lon="-75.863384"><ele>23.0</ele><time>2024-09-01T19:22:48Z</time></trkpt>
<trkpt lat="45.386606" lon="-75.863357"><ele>23.0</ele><time>2024-09-01T19:22:49Z</time></trkpt>
<trkpt lat="45.38659" lon="-75.86333"><ele>23.0</ele><time>2024-09-01T19:22:50Z</time></trkpt>
<trkpt lat="45.386577" lon="-75.863312"><ele>23.0</ele><time>2024-09-01T19:22:51Z</time></trkpt>
<trkpt lat="45.386565" lon="-75.863285"><ele>23.0</ele><time>2024-09-01T19:22:52Z</time></trkpt>
<trkpt lat="45.386549" lon="-75.863267"><ele>23.0</ele><time>2024-09-01T19:22:53Z</time></trkpt>
<trkpt lat="45.386533" lon="-75.86324"><ele>23.0</ele><time>2024-09-01T19:22:54Z</time></trkpt>
<trkpt lat="45.386533" lon="-75.86324"><ele>23.0</ele><time>2024-09-01T19:22:55Z</time></trkpt>
<trkpt lat="45.386517" lon="-75.863204"><ele>23.0</ele><time>2024-09-01T19:22:55Z</time></trkpt>
<trkpt lat="45.386495" lon="-75.863169"><ele>22.0</ele><time>2024-09-01T19:22:56Z</time></trkpt>
<trkpt lat="45.386479" lon="-75.863124"><ele>23.0</ele><time>2024-09-01T19:22:57Z</time></trkpt>
<trkpt lat="45.38647" lon="-75.863097"><ele>23.0</ele><time>2024-09-01T19:22:58Z</time></trkpt>
<trkpt lat="45.386457" lon="-75.863088"><ele>23.0</ele><time>2024-09-01T19:22:59Z</time></trkpt>
<trkpt lat="45.386445" lon="-75.863061"><ele>23.0</ele><time>2024-09-01T19:23:00Z</time></trkpt>
<trkpt lat="45.386429" lon="-75.863043"><ele>24.0</ele><time>2024-09-01T19:23:01Z</time></trkpt>
<trkpt lat="45.386413" lon="-75.863016"><ele>24.0</ele><time>2024-09-01T19:23:02Z</time></trkpt>
<trkpt lat="45.3864" lon="-75.862998"><ele>24.0</ele><time>2024-09-01T19:23:03Z</time></trkpt>
<trkpt lat="45.386388" lon="-75.86298"><ele>24.0</ele><time>2024-09-01T19:23:04Z</time></trkpt>
<trkpt lat="45.386378" lon="-75.862953"><ele>24.0</ele><time>2024-09-01T19:23:05Z</time></trkpt>
<trkpt lat="45.386365" lon="-75.862926"><ele>24.0</ele><time>2024-09-01T19:23:06Z</time></trkpt>
<trkpt lat="45.386353" lon="-75.862899"><ele>24.0</ele><time>2024-09-01T19:23:07Z</time></trkpt>
<trkpt lat="45.38634" lon="-75.862872"><ele>24.0</ele><time>2024-09-01T19:23:08Z</time></trkpt>
<trkpt lat="45.386327" lon="-75.862854"><ele>24.0</ele><time>2024-09-01T19:23:09Z</time></trkpt>
<trkpt lat="45.386318" lon="-75.862827"><ele>24.0</ele><time>2024-09-01T19:23:10Z</time></trkpt>
<trkpt lat="45.386308" lon="-75.862809"><ele>24.0</ele><time>2024-09-01T19:23:11Z</time></trkpt>
<trkpt lat="45.386296" lon="-75.862782"><ele>24.0</ele><time>2024-09-01T19:23:12Z</time></trkpt>
<trkpt lat="45.38628" lon="-75.862755"><ele>24.0</ele><time>2024-09-01T19:23:13Z</time></trkpt>
<trkpt lat="45.386267" lon="-75.862728"><ele>24.0</ele><time>2024-09-01T19:23:14Z</time></trkpt>
<trkpt lat="45.386255" lon="-75.862701"><ele>24.0</ele><time>2024-09-01T19:23:15Z</time></trkpt>
<trkpt lat="45.386242" lon="-75.862683"><ele>24.0</ele><time>2024-09-01T19:23:16Z</time></trkpt>
<trkpt lat="45.386232" lon="-75.862665"><ele>24.0</ele><time>2024-09-01T19:23:17Z</time></trkpt>
<trkpt lat="45.38622" lon="-75.862639"><ele>24.0</ele><time>2024-09-01T19:23:18Z</time></trkpt>
<trkpt lat="45.386204" lon="-75.862612"><ele>24.0</ele><time>2024-09-01T19:23:19Z</time></trkpt>
<trkpt lat="45.386188" lon="-75.862585"><ele>24.0</ele><time>2024-09-01T19:23:20Z</time></trkpt>
<trkpt lat="45.386179" lon="-75.862567"><ele>24.0</ele><time>2024-09-01T19:23:21Z</time></trkpt>
<trkpt lat="45.386169" lon="-75.862549"><ele>24.0</ele><time>2024-09-01T19:23:22Z</time></trkpt>
<trkpt lat="45.386157" lon="-75.862522"><ele>25.0</ele><time>2024-09-01T19:23:23Z</time></trkpt>
<trkpt lat="45.386141" lon="-75.862495"><ele>25.0</ele><time>2024-09-01T19:23:24Z</time></trkpt>
<trkpt lat="45.386128" lon="-75.862459"><ele>24.0</ele><time>2024-09-01T19:23:25Z</time></trkpt>
<trkpt lat="45.386115" lon="-75.862441"><ele>24.0</ele><time>2024-09-01T19:23:26Z</time></trkpt>
<trkpt lat="45.386106" lon="-75.862414"><ele>24.0</ele><time>2024-09-01T19:23:27Z</time></trkpt>
<trkpt lat="45.386093" lon="-75.862396"><ele>25.0</ele><time>2024-09-01T19:23:28Z</time></trkpt>
<trkpt lat="45.386081" lon="-75.862369"><ele>24.0</ele><time>2024-09-01T19:23:29Z</time></trkpt>
<trkpt lat="45.386071" lon="-75.862342"><ele>24.0</ele><time>2024-09-01T19:23:30Z</time></trkpt>
<trkpt lat="45.386058" lon="-75.862315"><ele>24.0</ele><time>2024-09-01T19:23:31Z</time></trkpt>
<trkpt lat="45.386046" lon="-75.862297"><ele>24.0</ele><time>2024-09-01T19:23:32Z</time></trkpt>
<trkpt lat="45.386036" lon="-75.86227"><ele>25.0</ele><time>2024-09-01T19:23:33Z</time></trkpt>
<trkpt lat="45.38602" lon="-75.862252"><ele>25.0</ele><time>2024-09-01T19:23:34Z</time></trkpt>
<trkpt lat="45.386008" lon="-75.862225"><ele>25.0</ele><time>2024-09-01T19:23:35Z</time></trkpt>
<trkpt lat="45.385992" lon="-75.862198"><ele>25.0</ele><time>2024-09-01T19:23:36Z</time></trkpt>
<trkpt lat="45.385979" lon="-75.862162"><ele>25.0</ele><time>2024-09-01T19:23:37Z</time></trkpt>
<trkpt lat="45.385967" lon="-75.862144"><ele>25.0</ele><time>2024-09-01T19:23:38Z</time></trkpt>
<trkpt lat="45.385954" lon="-75.862127"><ele>25.0</ele><time>2024-09-01T19:23:39Z</time></trkpt>
<trkpt lat="45.385938" lon="-75.862109"><ele>25.0</ele><time>2024-09-01T19:23:40Z</time></trkpt>
<trkpt lat="45.385919" lon="-75.862091"><ele>25.0</ele><time>2024-09-01T19:23:41Z</time></trkpt>
<trkpt lat="45.385903" lon="-75.862064"><ele>25.0</ele><time>2024-09-01T19:23:42Z</time></trkpt>
<trkpt lat="45.385884" lon="-75.862037"><ele>25.0</ele><time>2024-09-01T19:23:43Z</time></trkpt>
<trkpt lat="45.385868" lon="-75.862028"><ele>25.0</ele><time>2024-09-01T19:23:44Z</time></trkpt>
<trkpt lat="45.385856" lon="-75.86201"><ele>25.0</ele><time>2024-09-01T19:23:45Z</time></trkpt>
<trkpt lat="45.385843" lon="-75.861983"><ele>25.0</ele><time>2024-09-01T19:23:46Z</time></trkpt>
<trkpt lat="45.385827" lon="-75.861965"><ele>25.0</ele><time>2024-09-01T19:23:47Z</time></trkpt>
<trkpt lat="45.385812" lon="-75.861938"><ele>25.0</ele><time>2024-09-01T19:23:48Z</time></trkpt>
<trkpt lat="45.385796" lon="-75.861911"><ele>24.0</ele><time>2024-09-01T19:23:49Z</time></trkpt>
<trkpt lat="45.385783" lon="-75.861893"><ele>25.0</ele><time>2024-09-01T19:23:50Z</time></trkpt>
<trkpt lat="45.385774" lon="-75.861875"><ele>24.0</ele><time>2024-09-01T19:23:51Z</time></trkpt>
<trkpt lat="45.385764" lon="-75.861857"><ele>24.0</ele><time>2024-09-01T19:23:52Z</time></trkpt>
<trkpt lat="45.385751" lon="-75.861839"><ele>24.0</ele><time>2024-09-01T19:23:53Z</time></trkpt>
<trkpt lat="45.385739" lon="-75.861812"><ele>24.0</ele><time>2024-09-01T19:23:54Z</time></trkpt>
<trkpt lat="45.385729" lon="-75.861794"><ele>24.0</ele><time>2024-09-01T19:23:55Z</time></trkpt>
<trkpt lat="45.38572" lon="-75.861776"><ele>24.0</ele><time>2024-09-01T19:23:56Z</time></trkpt>
<trkpt lat="45.38571" lon="-75.861767"><ele>24.0</ele><time>2024-09-01T19:23:57Z</time></trkpt>
<trkpt lat="45.385698" lon="-75.861749"><ele>24.0</ele><time>2024-09-01T19:23:58Z</time></trkpt>
<trkpt lat="45.385685" lon="-75.861731"><ele>23.0</ele><time>2024-09-01T19:23:59Z</time></trkpt>
<trkpt lat="45.385675" lon="-75.861713"><ele>23.0</ele><time>2024-09-01T19:24:00Z</time></trkpt>
<trkpt lat="45.385666" lon="-75.861704"><ele>24.0</ele><time>2024-09-01T19:24:01Z</time></trkpt>
<trkpt lat="45.385653" lon="-75.861686"><ele>23.0</ele><time>2024-09-01T19:24:02Z</time></trkpt>
<trkpt lat="45.385641" lon="-75.861668"><ele>23.0</ele><time>2024-09-01T19:24:03Z</time></trkpt>
<trkpt lat="45.385631" lon="-75.86165"><ele>23.0</ele><time>2024-09-01T19:24:04Z</time></trkpt>
<trkpt lat="45.385622" lon="-75.861641"><ele>23.0</ele><time>2024-09-01T19:24:05Z</time></trkpt>
<trkpt lat="45.385609" lon="-75.861623"><ele>23.0</ele><time>2024-09-01T19:24:06Z</time></trkpt>
<trkpt lat="45.385596" lon="-75.861606"><ele>23.0</ele><time>2024-09-01T19:24:07Z</time></trkpt>
<trkpt lat="45.385587" lon="-75.861597"><ele>23.0</ele><time>2024-09-01T19:24:08Z</time></trkpt>
<trkpt lat="45.385577" lon="-75.861579"><ele>23.0</ele><time>2024-09-01T19:24:09Z</time></trkpt>
<trkpt lat="45.385568" lon="-75.861561"><ele>23.0</ele><time>2024-09-01T19:24:10Z</time></trkpt>
<trkpt lat="45.385555" lon="-75.861552"><ele>23.0</ele><time>2024-09-01T19:24:11Z</time></trkpt>
<trkpt lat="45.385546" lon="-75.861534"><ele>23.0</ele><time>2024-09-01T19:24:12Z</time></trkpt>
<trkpt lat="45.385536" lon="-75.861525"><ele>23.0</ele><time>2024-09-01T19:24:13Z</time></trkpt>
<trkpt lat="45.385524" lon="-75.861507"><ele>23.0</ele><time>2024-09-01T19:24:14Z</time></trkpt>
<trkpt lat="45.385514" lon="-75.861489"><ele>23.0</ele><time>2024-09-01T19:24:15Z</time></trkpt>
<trkpt lat="45.385505" lon="-75.861471"><ele>23.0</ele><time>2024-09-01T19:24:16Z</time></trkpt>
<trkpt lat="45.385495" lon="-75.861462"><ele>23.0</ele><time>2024-09-01T19:24:17Z</time></trkpt>
<trkpt lat="45.385482" lon="-75.861444"><ele>23.0</ele><time>2024-09-01T19:24:18Z</time></trkpt>
<trkpt lat="45.385473" lon="-75.861435"><ele>23.0</ele><time>2024-09-01T19:24:19Z</time></trkpt>
<trkpt lat="45.385463" lon="-75.861417"><ele>23.0</ele><time>2024-09-01T19:24:20Z</time></trkpt>
<trkpt lat="45.385454" lon="-75.861399"><ele>23.0</ele><time>2024-09-01T19:24:21Z</time></trkpt>
<trkpt lat="45.385444" lon="-75.86139"><ele>23.0</ele><time>2024-09-01T19:24:22Z</time></trkpt>
<trkpt lat="45.385435" lon="-75.861372"><ele>23.0</ele><time>2024-09-01T19:24:23Z</time></trkpt>
<trkpt lat="45.385425" lon="-75.861354"><ele>23.0</ele><time>2024-09-01T19:24:24Z</time></trkpt>
<trkpt lat="45.385416" lon="-75.861345"><ele>23.0</ele><time>2024-09-01T19:24:25Z</time></trkpt>
<trkpt lat="45.385406" lon="-75.861327"><ele>23.0</ele><time>2024-09-01T19:24:26Z</time></trkpt>
<trkpt lat="45.385397" lon="-75.861309"><ele>23.0</ele><time>2024-09-01T19:24:27Z</time></trkpt>
<trkpt lat="45.385387" lon="-75.8613"><ele>23.0</ele><time>2024-09-01T19:24:28Z</time></trkpt>
<trkpt lat="45.385378" lon="-75.861282"><ele>23.0</ele><time>2024-09-01T19:24:29Z</time></trkpt>
<trkpt lat="45.385372" lon="-75.861264"><ele>23.0</ele><time>2024-09-01T19:24:30Z</time></trkpt>
<trkpt lat="45.385359" lon="-75.861255"><ele>23.0</ele><time>2024-09-01T19:24:31Z</time></trkpt>
<trkpt lat="45.385353" lon="-75.861237"><ele>23.0</ele><time>2024-09-01T19:24:32Z</time></trkpt>
<trkpt lat="45.385343" lon="-75.861219"><ele>23.0</ele><time>2024-09-01T19:24:33Z</time></trkpt>
<trkpt lat="45.385337" lon="-75.86121"><ele>23.0</ele><time>2024-09-01T19:24:34Z</time></trkpt>
<trkpt lat="45.385327" lon="-75.861192"><ele>23.0</ele><time>2024-09-01T19:24:35Z</time></trkpt>
<trkpt lat="45.385318" lon="-75.861174"><ele>23.0</ele><time>2024-09-01T19:24:36Z</time></trkpt>
<trkpt lat="45.385311" lon="-75.861165"><ele>23.0</ele><time>2024-09-01T19:24:37Z</time></trkpt>
<trkpt lat="45.385305" lon="-75.861147"><ele>23.0</ele><time>2024-09-01T19:24:38Z</time></trkpt>
<trkpt lat="45.385296" lon="-75.861129"><ele>23.0</ele><time>2024-09-01T19:24:39Z</time></trkpt>
<trkpt lat="45.385286" lon="-75.86112"><ele>23.0</ele><time>2024-09-01T19:24:40Z</time></trkpt>
<trkpt lat="45.38528" lon="-75.861102"><ele>23.0</ele><time>2024-09-01T19:24:41Z</time></trkpt>
<trkpt lat="45.38527" lon="-75.861085"><ele>23.0</ele><time>2024-09-01T19:24:42Z</time></trkpt>
<trkpt lat="45.385264" lon="-75.861076"><ele>23.0</ele><time>2024-09-01T19:24:43Z</time></trkpt>
<trkpt lat="45.385254" lon="-75.861058"><ele>23.0</ele><time>2024-09-01T19:24:44Z</time></trkpt>
<trkpt lat="45.385245" lon="-75.86104"><ele>23.0</ele><time>2024-09-01T19:24:45Z</time></trkpt>
<trkpt lat="45.385239" lon="-75.861022"><ele>23.0</ele><time>2024-09-01T19:24:46Z</time></trkpt>
<trkpt lat="45.385232" lon="-75.861004"><ele>23.0</ele><time>2024-09-01T19:24:47Z</time></trkpt>
<trkpt lat="45.385223" lon="-75.860986"><ele>23.0</ele><time>2024-09-01T19:24:48Z</time></trkpt>
<trkpt lat="45.38522" lon="-75.860977"><ele>23.0</ele><time>2024-09-01T19:24:49Z</time></trkpt>
<trkpt lat="45.38521" lon="-75.860959"><ele>23.0</ele><time>2024-09-01T19:24:50Z</time></trkpt>
<trkpt lat="45.385198" lon="-75.860941"><ele>23.0</ele><time>2024-09-01T19:24:51Z</time></trkpt>
<trkpt lat="45.385191" lon="-75.860932"><ele>23.0</ele><time>2024-09-01T19:24:52Z</time></trkpt>
<trkpt lat="45.385185" lon="-75.860914"><ele>24.0</ele><time>2024-09-01T19:24:53Z</time></trkpt>
<trkpt lat="45.385179" lon="-75.860896"><ele>23.0</ele><time>2024-09-01T19:24:54Z</time></trkpt>
<trkpt lat="45.385169" lon="-75.860878"><ele>24.0</ele><time>2024-09-01T19:24:55Z</time></trkpt>
<trkpt lat="45.385163" lon="-75.860869"><ele>24.0</ele><time>2024-09-01T19:24:56Z</time></trkpt>
<trkpt lat="45.385156" lon="-75.860851"><ele>24.0</ele><time>2024-09-01T19:24:57Z</time></trkpt>
<trkpt lat="45.385147" lon="-75.860833"><ele>24.0</ele><time>2024-09-01T19:24:58Z</time></trkpt>
<trkpt lat="45.385137" lon="-75.860824"><ele>24.0</ele><time>2024-09-01T19:24:59Z</time></trkpt>
<trkpt lat="45.385128" lon="-75.860806"><ele>24.0</ele><time>2024-09-01T19:25:00Z</time></trkpt>
<trkpt lat="45.385122" lon="-75.860797"><ele>24.0</ele><time>2024-09-01T19:25:01Z</time></trkpt>
<trkpt lat="45.385109" lon="-75.860788"><ele>24.0</ele><time>2024-09-01T19:25:02Z</time></trkpt>
<trkpt lat="45.385099" lon="-75.86077"><ele>24.0</ele><time>2024-09-01T19:25:03Z</time></trkpt>
<trkpt lat="45.38509" lon="-75.860761"><ele>23.0</ele><time>2024-09-01T19:25:04Z</time></trkpt>
<trkpt lat="45.38508" lon="-75.860752"><ele>24.0</ele><time>2024-09-01T19:25:05Z</time></trkpt>
<trkpt lat="45.385068" lon="-75.860743"><ele>24.0</ele><time>2024-09-01T19:25:06Z</time></trkpt>
<trkpt lat="45.385055" lon="-75.860734"><ele>23.0</ele><time>2024-09-01T19:25:07Z</time></trkpt>
<trkpt lat="45.385042" lon="-75.860725"><ele>24.0</ele><time>2024-09-01T19:25:08Z</time></trkpt>
<trkpt lat="45.385033" lon="-75.860716"><ele>24.0</ele><time>2024-09-01T19:25:09Z</time></trkpt>
<trkpt lat="45.38502" lon="-75.860707"><ele>23.0</ele><time>2024-09-01T19:25:10Z</time></trkpt>
<trkpt lat="45.385011" lon="-75.860698"><ele>24.0</ele><time>2024-09-01T19:25:11Z</time></trkpt>
<trkpt lat="45.385001" lon="-75.86068"><ele>23.0</ele><time>2024-09-01T19:25:12Z</time></trkpt>
<trkpt lat="45.384992" lon="-75.860671"><ele>24.0</ele><time>2024-09-01T19:25:13Z</time></trkpt>
<trkpt lat="45.384979" lon="-75.860662"><ele>24.0</ele><time>2024-09-01T19:25:14Z</time></trkpt>
<trkpt lat="45.38497" lon="-75.860644"><ele>23.0</ele><time>2024-09-01T19:25:15Z</time></trkpt>
<trkpt lat="45.384963" lon="-75.860635"><ele>23.0</ele><time>2024-09-01T19:25:16Z</time></trkpt>
<trkpt lat="45.384954" lon="-75.860617"><ele>24.0</ele><time>2024-09-01T19:25:17Z</time></trkpt>
<trkpt lat="45.384944" lon="-75.860608"><ele>23.0</ele><time>2024-09-01T19:25:18Z</time></trkpt>
<trkpt lat="45.384938" lon="-75.86059"><ele>23.0</ele><time>2024-09-01T19:25:19Z</time></trkpt>
<trkpt lat="45.384935" lon="-75.860573"><ele>23.0</ele><time>2024-09-01T19:25:20Z</time></trkpt>
<trkpt lat="45.384925" lon="-75.860564"><ele>23.0</ele><time>2024-09-01T19:25:21Z</time></trkpt>
<trkpt lat="45.384916" lon="-75.860546"><ele>23.0</ele><time>2024-09-01T19:25:22Z</time></trkpt>
<trkpt lat="45.384909" lon="-75.860528"><ele>23.0</ele><time>2024-09-01T19:25:23Z</time></trkpt>
<trkpt lat="45.3849" lon="-75.860519"><ele>23.0</ele><time>2024-09-01T19:25:24Z</time></trkpt>
<trkpt lat="45.384894" lon="-75.860501"><ele>23.0</ele><time>2024-09-01T19:25:25Z</time></trkpt>
<trkpt lat="45.384884" lon="-75.860483"><ele>23.0</ele><time>2024-09-01T19:25:26Z</time></trkpt>
<trkpt lat="45.384875" lon="-75.860465"><ele>23.0</ele><time>2024-09-01T19:25:27Z</time></trkpt>
<trkpt lat="45.384868" lon="-75.860447"><ele>23.0</ele><time>2024-09-01T19:25:28Z</time></trkpt>
<trkpt lat="45.384859" lon="-75.860438"><ele>23.0</ele><time>2024-09-01T19:25:29Z</time></trkpt>
<trkpt lat="45.384853" lon="-75.860411"><ele>23.0</ele><time>2024-09-01T19:25:30Z</time></trkpt>
<trkpt lat="45.384846" lon="-75.860402"><ele>23.0</ele><time>2024-09-01T19:25:31Z</time></trkpt>
<trkpt lat="45.384837" lon="-75.860384"><ele>23.0</ele><time>2024-09-01T19:25:32Z</time></trkpt>
<trkpt lat="45.384834" lon="-75.860366"><ele>23.0</ele><time>2024-09-01T19:25:33Z</time></trkpt>
<trkpt lat="45.38483" lon="-75.860348"><ele>23.0</ele><time>2024-09-01T19:25:34Z</time></trkpt>
<trkpt lat="45.384821" lon="-75.860339"><ele>23.0</ele><time>2024-09-01T19:25:35Z</time></trkpt>
<trkpt lat="45.384811" lon="-75.860321"><ele>23.0</ele><time>2024-09-01T19:25:36Z</time></trkpt>
<trkpt lat="45.384799" lon="-75.860303"><ele>23.0</ele><time>2024-09-01T19:25:37Z</time></trkpt>
<trkpt lat="45.384792" lon="-75.860285"><ele>23.0</ele><time>2024-09-01T19:25:38Z</time></trkpt>
<trkpt lat="45.384786" lon="-75.860267"><ele>23.0</ele><time>2024-09-01T19:25:39Z</time></trkpt>
<trkpt lat="45.38478" lon="-75.860249"><ele>23.0</ele><time>2024-09-01T19:25:40Z</time></trkpt>
<trkpt lat="45.38477" lon="-75.860222"><ele>23.0</ele><time>2024-09-01T19:25:41Z</time></trkpt>
<trkpt lat="45.384767" lon="-75.860204"><ele>23.0</ele><time>2024-09-01T19:25:42Z</time></trkpt>
<trkpt lat="45.384761" lon="-75.860186"><ele>23.0</ele><time>2024-09-01T19:25:43Z</time></trkpt>
<trkpt lat="45.384754" lon="-75.860168"><ele>23.0</ele><time>2024-09-01T19:25:44Z</time></trkpt>
<trkpt lat="45.384748" lon="-75.860141"><ele>23.0</ele><time>2024-09-01T19:25:45Z</time></trkpt>
<trkpt lat="45.384742" lon="-75.860123"><ele>23.0</ele><time>2024-09-01T19:25:46Z</time></trkpt>
<trkpt lat="45.384739" lon="-75.860105"><ele>23.0</ele><time>2024-09-01T19:25:47Z</time></trkpt>
<trkpt lat="45.384735" lon="-75.860087"><ele>23.0</ele><time>2024-09-01T19:25:48Z</time></trkpt>
<trkpt lat="45.384729" lon="-75.86006"><ele>23.0</ele><time>2024-09-01T19:25:49Z</time></trkpt>
<trkpt lat="45.38472" lon="-75.860034"><ele>23.0</ele><time>2024-09-01T19:25:50Z</time></trkpt>
<trkpt lat="45.384716" lon="-75.860016"><ele>23.0</ele><time>2024-09-01T19:25:51Z</time></trkpt>
<trkpt lat="45.384713" lon="-75.859998"><ele>23.0</ele><time>2024-09-01T19:25:52Z</time></trkpt>
<trkpt lat="45.38471" lon="-75.85998"><ele>23.0</ele><time>2024-09-01T19:25:53Z</time></trkpt>
<trkpt lat="45.384701" lon="-75.859953"><ele>22.0</ele><time>2024-09-01T19:25:54Z</time></trkpt>
<trkpt lat="45.384697" lon="-75.859926"><ele>22.0</ele><time>2024-09-01T19:25:55Z</time></trkpt>
<trkpt lat="45.384697" lon="-75.859908"><ele>23.0</ele><time>2024-09-01T19:25:56Z</time></trkpt>
<trkpt lat="45.384697" lon="-75.85989"><ele>23.0</ele><time>2024-09-01T19:25:57Z</time></trkpt>
<trkpt lat="45.384691" lon="-75.859872"><ele>23.0</ele><time>2024-09-01T19:25:58Z</time></trkpt>
<trkpt lat="45.384688" lon="-75.859845"><ele>22.0</ele><time>2024-09-01T19:25:59Z</time></trkpt>
<trkpt lat="45.384691" lon="-75.859818"><ele>22.0</ele><time>2024-09-01T19:26:00Z</time></trkpt>
<trkpt lat="45.384688" lon="-75.8598"><ele>23.0</ele><time>2024-09-01T19:26:01Z</time></trkpt>
<trkpt lat="45.384682" lon="-75.859773"><ele>23.0</ele><time>2024-09-01T19:26:02Z</time></trkpt>
<trkpt lat="45.384682" lon="-75.859746"><ele>22.0</ele><time>2024-09-01T19:26:03Z</time></trkpt>
<trkpt lat="45.384682" lon="-75.859719"><ele>22.0</ele><time>2024-09-01T19:26:04Z</time></trkpt>
<trkpt lat="45.384682" lon="-75.859692"><ele>23.0</ele><time>2024-09-01T19:26:05Z</time></trkpt>
<trkpt lat="45.384678" lon="-75.859656"><ele>23.0</ele><time>2024-09-01T19:26:06Z</time></trkpt>
<trkpt lat="45.384682" lon="-75.85962"><ele>22.0</ele><time>2024-09-01T19:26:07Z</time></trkpt>
<trkpt lat="45.384691" lon="-75.859593"><ele>22.0</ele><time>2024-09-01T19:26:08Z</time></trkpt>
<trkpt lat="45.384701" lon="-75.859566"><ele>22.0</ele><time>2024-09-01T19:26:09Z</time></trkpt>
<trkpt lat="45.38471" lon="-75.85953"><ele>22.0</ele><time>2024-09-01T19:26:10Z</time></trkpt>
<trkpt lat="45.384723" lon="-75.859504"><ele>22.0</ele><time>2024-09-01T19:26:11Z</time></trkpt>
<trkpt lat="45.384742" lon="-75.859486"><ele>22.0</ele><time>2024-09-01T19:26:12Z</time></trkpt>
<trkpt lat="45.384761" lon="-75.859459"><ele>22.0</ele><time>2024-09-01T19:26:13Z</time></trkpt>
<trkpt lat="45.384777" lon="-75.859441"><ele>22.0</ele><time>2024-09-01T19:26:14Z</time></trkpt>
<trkpt lat="45.384796" lon="-75.859432"><ele>22.0</ele><time>2024-09-01T19:26:15Z</time></trkpt>
<trkpt lat="45.384818" lon="-75.859414"><ele>22.0</ele><time>2024-09-01T19:26:16Z</time></trkpt>
<trkpt lat="45.384837" lon="-75.859405"><ele>21.0</ele><time>2024-09-01T19:26:17Z</time></trkpt>
<trkpt lat="45.384859" lon="-75.859405"><ele>22.0</ele><time>2024-09-01T19:26:18Z</time></trkpt>
<trkpt lat="45.384881" lon="-75.859405"><ele>22.0</ele><time>2024-09-01T19:26:19Z</time></trkpt>
<trkpt lat="45.3849" lon="-75.859405"><ele>22.0</ele><time>2024-09-01T19:26:20Z</time></trkpt>
<trkpt lat="45.384922" lon="-75.859405"><ele>22.0</ele><time>2024-09-01T19:26:21Z</time></trkpt>
<trkpt lat="45.384941" lon="-75.859414"><ele>22.0</ele><time>2024-09-01T19:26:22Z</time></trkpt>
<trkpt lat="45.38496" lon="-75.859423"><ele>22.0</ele><time>2024-09-01T19:26:23Z</time></trkpt>
<trkpt lat="45.384979" lon="-75.859432"><ele>22.0</ele><time>2024-09-01T19:26:24Z</time></trkpt>
<trkpt lat="45.384995" lon="-75.859441"><ele>22.0</ele><time>2024-09-01T19:26:25Z</time></trkpt>
<trkpt lat="45.385008" lon="-75.85945"><ele>22.0</ele><time>2024-09-01T19:26:26Z</time></trkpt>
<trkpt lat="45.385017" lon="-75.859468"><ele>22.0</ele><time>2024-09-01T19:26:27Z</time></trkpt>
<trkpt lat="45.385027" lon="-75.859486"><ele>22.0</ele><time>2024-09-01T19:26:28Z</time></trkpt>
<trkpt lat="45.385042" lon="-75.859504"><ele>23.0</ele><time>2024-09-01T19:26:29Z</time></trkpt>
<trkpt lat="45.385065" lon="-75.85953"><ele>22.0</ele><time>2024-09-01T19:26:30Z</time></trkpt>
<trkpt lat="45.385071" lon="-75.859548"><ele>22.0</ele><time>2024-09-01T19:26:31Z</time></trkpt>
<trkpt lat="45.385077" lon="-75.859566"><ele>22.0</ele><time>2024-09-01T19:26:32Z</time></trkpt>
<trkpt lat="45.385084" lon="-75.859584"><ele>22.0</ele><time>2024-09-01T19:26:33Z</time></trkpt>
<trkpt lat="45.385087" lon="-75.859602"><ele>22.0</ele><time>2024-09-01T19:26:34Z</time></trkpt>
<trkpt lat="45.38509" lon="-75.859611"><ele>22.0</ele><time>2024-09-01T19:26:35Z</time></trkpt>
<trkpt lat="45.385096" lon="-75.859629"><ele>22.0</ele><time>2024-09-01T19:26:36Z</time></trkpt>
<trkpt lat="45.385103" lon="-75.859647"><ele>23.0</ele><time>2024-09-01T19:26:37Z</time></trkpt>
<trkpt lat="45.385112" lon="-75.859665"><ele>23.0</ele><time>2024-09-01T19:26:38Z</time></trkpt>
<trkpt lat="45.385122" lon="-75.859683"><ele>23.0</ele><time>2024-09-01T19:26:39Z</time></trkpt>
<trkpt lat="45.385131" lon="-75.859701"><ele>23.0</ele><time>2024-09-01T19:26:40Z</time></trkpt>
<trkpt lat="45.385141" lon="-75.859719"><ele>22.0</ele><time>2024-09-01T19:26:41Z</time></trkpt>
<trkpt lat="45.385147" lon="-75.859737"><ele>23.0</ele><time>2024-09-01T19:26:42Z</time></trkpt>
<trkpt lat="45.385156" lon="-75.859755"><ele>22.0</ele><time>2024-09-01T19:26:43Z</time></trkpt>
<trkpt lat="45.385166" lon="-75.859773"><ele>23.0</ele><time>2024-09-01T19:26:44Z</time></trkpt>
<trkpt lat="45.385175" lon="-75.859791"><ele>23.0</ele><time>2024-09-01T19:26:45Z</time></trkpt>
<trkpt lat="45.385182" lon="-75.8598"><ele>23.0</ele><time>2024-09-01T19:26:46Z</time></trkpt>
<trkpt lat="45.385191" lon="-75.859818"><ele>23.0</ele><time>2024-09-01T19:26:47Z</time></trkpt>
<trkpt lat="45.385194" lon="-75.859836"><ele>23.0</ele><time>2024-09-01T19:26:48Z</time></trkpt>
<trkpt lat="45.385201" lon="-75.859845"><ele>23.0</ele><time>2024-09-01T19:26:49Z</time></trkpt>
<trkpt lat="45.385204" lon="-75.859863"><ele>23.0</ele><time>2024-09-01T19:26:50Z</time></trkpt>
<trkpt lat="45.38521" lon="-75.859872"><ele>23.0</ele><time>2024-09-01T19:26:51Z</time></trkpt>
<trkpt lat="45.38521" lon="-75.859881"><ele>23.0</ele><time>2024-09-01T19:26:52Z</time></trkpt>
<trkpt lat="45.385213" lon="-75.859881"><ele>23.0</ele><time>2024-09-01T19:26:53Z</time></trkpt>
<trkpt lat="45.385213" lon="-75.85989"><ele>23.0</ele><time>2024-09-01T19:26:54Z</time></trkpt>
<trkpt lat="45.385217" lon="-75.859899"><ele>23.0</ele><time>2024-09-01T19:26:55Z</time></trkpt>
<trkpt lat="45.385217" lon="-75.859899"><ele>23.0</ele><time>2024-09-01T19:26:56Z</time></trkpt>
<trkpt lat="45.385217" lon="-75.859908"><ele>23.0</ele><time>2024-09-01T19:26:57Z</time></trkpt>
<trkpt lat="45.38522" lon="-75.859908"><ele>22.0</ele><time>2024-09-01T19:26:58Z</time></trkpt>
<trkpt lat="45.38522" lon="-75.859908"><ele>23.0</ele><time>2024-09-01T19:26:59Z</time></trkpt>
<trkpt lat="45.385223" lon="-75.859908"><ele>22.0</ele><time>2024-09-01T19:27:00Z</time></trkpt>
<trkpt lat="45.385229" lon="-75.859899"><ele>22.0</ele><time>2024-09-01T19:27:01Z</time></trkpt>
<trkpt lat="45.385232" lon="-75.859899"><ele>23.0</ele><time>2024-09-01T19:27:02Z</time></trkpt>
<trkpt lat="45.385239" lon="-75.85989"><ele>22.0</ele><time>2024-09-01T19:27:03Z</time></trkpt>
<trkpt lat="45.385245" lon="-75.859881"><ele>23.0</ele><time>2024-09-01T19:27:04Z</time></trkpt>
<trkpt lat="45.385251" lon="-75.859872"><ele>22.0</ele><time>2024-09-01T19:27:05Z</time></trkpt>
<trkpt lat="45.385261" lon="-75.859863"><ele>22.0</ele><time>2024-09-01T19:27:06Z</time></trkpt>
<trkpt lat="45.38527" lon="-75.859863"><ele>23.0</ele><time>2024-09-01T19:27:07Z</time></trkpt>
<trkpt lat="45.385277" lon="-75.859845"><ele>22.0</ele><time>2024-09-01T19:27:08Z</time></trkpt>
<trkpt lat="45.385286" lon="-75.859836"><ele>22.0</ele><time>2024-09-01T19:27:09Z</time></trkpt>
<trkpt lat="45.385296" lon="-75.859827"><ele>22.0</ele><time>2024-09-01T19:27:10Z</time></trkpt>
<trkpt lat="45.385308" lon="-75.859809"><ele>22.0</ele><time>2024-09-01T19:27:11Z</time></trkpt>
<trkpt lat="45.385321" lon="-75.8598"><ele>22.0</ele><time>2024-09-01T19:27:12Z</time></trkpt>
<trkpt lat="45.38533" lon="-75.859791"><ele>22.0</ele><time>2024-09-01T19:27:13Z</time></trkpt>
<trkpt lat="45.385343" lon="-75.859782"><ele>22.0</ele><time>2024-09-01T19:27:14Z</time></trkpt>
<trkpt lat="45.385353" lon="-75.859764"><ele>22.0</ele><time>2024-09-01T19:27:15Z</time></trkpt>
<trkpt lat="45.385365" lon="-75.859746"><ele>22.0</ele><time>2024-09-01T19:27:16Z</time></trkpt>
<trkpt lat="45.385375" lon="-75.859728"><ele>22.0</ele><time>2024-09-01T19:27:17Z</time></trkpt>
<trkpt lat="45.385384" lon="-75.859701"><ele>22.0</ele><time>2024-09-01T19:27:18Z</time></trkpt>
<trkpt lat="45.385391" lon="-75.859683"><ele>23.0</ele><time>2024-09-01T19:27:19Z</time></trkpt>
<trkpt lat="45.385394" lon="-75.859656"><ele>22.0</ele><time>2024-09-01T19:27:20Z</time></trkpt>
<trkpt lat="45.385397" lon="-75.85962"><ele>22.0</ele><time>2024-09-01T19:27:21Z</time></trkpt>
<trkpt lat="45.3854" lon="-75.859593"><ele>22.0</ele><time>2024-09-01T19:27:22Z</time></trkpt>
<trkpt lat="45.38541" lon="-75.859566"><ele>24.0</ele><time>2024-09-01T19:27:23Z</time></trkpt>
<trkpt lat="45.385419" lon="-75.859539"><ele>24.0</ele><time>2024-09-01T19:27:24Z</time></trkpt>
<trkpt lat="45.385413" lon="-75.859504"><ele>24.0</ele><time>2024-09-01T19:27:25Z</time></trkpt>
<trkpt lat="45.3854" lon="-75.859468"><ele>24.0</ele><time>2024-09-01T19:27:26Z</time></trkpt>
<trkpt lat="45.385391" lon="-75.859432"><ele>24.0</ele><time>2024-09-01T19:27:27Z</time></trkpt>
<trkpt lat="45.385378" lon="-75.859405"><ele>24.0</ele><time>2024-09-01T19:27:28Z</time></trkpt>
<trkpt lat="45.385365" lon="-75.859387"><ele>24.0</ele><time>2024-09-01T19:27:29Z</time></trkpt>
<trkpt lat="45.385349" lon="-75.859369"><ele>24.0</ele><time>2024-09-01T19:27:30Z</time></trkpt>
<trkpt lat="45.385334" lon="-75.859342"><ele>24.0</ele><time>2024-09-01T19:27:31Z</time></trkpt>
<trkpt lat="45.385318" lon="-75.859315"><ele>24.0</ele><time>2024-09-01T19:27:32Z</time></trkpt>
<trkpt lat="45.385305" lon="-75.859279"><ele>24.0</ele><time>2024-09-01T19:27:33Z</time></trkpt>
<trkpt lat="45.385296" lon="-75.859243"><ele>23.0</ele><time>2024-09-01T19:27:34Z</time></trkpt>
<trkpt lat="45.385283" lon="-75.859225"><ele>24.0</ele><time>2024-09-01T19:27:35Z</time></trkpt>
<trkpt lat="45.385261" lon="-75.859216"><ele>24.0</ele><time>2024-09-01T19:27:36Z</time></trkpt>
<trkpt lat="45.385235" lon="-75.859207"><ele>22.0</ele><time>2024-09-01T19:27:37Z</time></trkpt>
<trkpt lat="45.385213" lon="-75.859207"><ele>23.0</ele><time>2024-09-01T19:27:38Z</time></trkpt>
<trkpt lat="45.385194" lon="-75.859207"><ele>23.0</ele><time>2024-09-01T19:27:39Z</time></trkpt>
<trkpt lat="45.385175" lon="-75.859198"><ele>23.0</ele><time>2024-09-01T19:27:40Z</time></trkpt>
<trkpt lat="45.385156" lon="-75.859189"><ele>23.0</ele><time>2024-09-01T19:27:41Z</time></trkpt>
<trkpt lat="45.385137" lon="-75.859171"><ele>23.0</ele><time>2024-09-01T19:27:42Z</time></trkpt>
<trkpt lat="45.385115" lon="-75.859153"><ele>22.0</ele><time>2024-09-01T19:27:43Z</time></trkpt>
<trkpt lat="45.385093" lon="-75.859126"><ele>21.0</ele><time>2024-09-01T19:27:44Z</time></trkpt>
<trkpt lat="45.385074" lon="-75.859099"><ele>22.0</ele><time>2024-09-01T19:27:45Z</time></trkpt>
<trkpt lat="45.385061" lon="-75.859081"><ele>21.0</ele><time>2024-09-01T19:27:46Z</time></trkpt>
<trkpt lat="45.385046" lon="-75.859072"><ele>21.0</ele><time>2024-09-01T19:27:47Z</time></trkpt>
<trkpt lat="45.385023" lon="-75.859054"><ele>22.0</ele><time>2024-09-01T19:27:48Z</time></trkpt>
<trkpt lat="45.385001" lon="-75.859036"><ele>22.0</ele><time>2024-09-01T19:27:49Z</time></trkpt>
<trkpt lat="45.384976" lon="-75.859027"><ele>22.0</ele><time>2024-09-01T19:27:50Z</time></trkpt>
<trkpt lat="45.384954" lon="-75.859018"><ele>22.0</ele><time>2024-09-01T19:27:51Z</time></trkpt>
<trkpt lat="45.384935" lon="-75.859001"><ele>22.0</ele><time>2024-09-01T19:27:52Z</time></trkpt>
<trkpt lat="45.384916" lon="-75.858983"><ele>22.0</ele><time>2024-09-01T19:27:53Z</time></trkpt>
<trkpt lat="45.384897" lon="-75.858965"><ele>22.0</ele><time>2024-09-01T19:27:54Z</time></trkpt>
<trkpt lat="45.384875" lon="-75.858947"><ele>23.0</ele><time>2024-09-01T19:27:55Z</time></trkpt>
<trkpt lat="45.384853" lon="-75.858938"><ele>23.0</ele><time>2024-09-01T19:27:56Z</time></trkpt>
<trkpt lat="45.38483" lon="-75.858929"><ele>23.0</ele><time>2024-09-01T19:27:57Z</time></trkpt>
<trkpt lat="45.384805" lon="-75.858911"><ele>23.0</ele><time>2024-09-01T19:27:58Z</time></trkpt>
<trkpt lat="45.38478" lon="-75.858902"><ele>23.0</ele><time>2024-09-01T19:27:59Z</time></trkpt>
<trkpt lat="45.384754" lon="-75.858884"><ele>23.0</ele><time>2024-09-01T19:28:00Z</time></trkpt>
<trkpt lat="45.384732" lon="-75.858866"><ele>23.0</ele><time>2024-09-01T19:28:01Z</time></trkpt>
<trkpt lat="45.38471" lon="-75.858848"><ele>23.0</ele><time>2024-09-01T19:28:02Z</time></trkpt>
<trkpt lat="45.384694" lon="-75.858839"><ele>23.0</ele><time>2024-09-01T19:28:03Z</time></trkpt>
<trkpt lat="45.384672" lon="-75.858821"><ele>23.0</ele><time>2024-09-01T19:28:04Z</time></trkpt>
<trkpt lat="45.38465" lon="-75.858794"><ele>23.0</ele><time>2024-09-01T19:28:05Z</time></trkpt>
<trkpt lat="45.384621" lon="-75.858776"><ele>24.0</ele><time>2024-09-01T19:28:06Z</time></trkpt>
<trkpt lat="45.384593" lon="-75.858767"><ele>24.0</ele><time>2024-09-01T19:28:07Z</time></trkpt>
<trkpt lat="45.384565" lon="-75.858749"><ele>24.0</ele><time>2024-09-01T19:28:08Z</time></trkpt>
<trkpt lat="45.384542" lon="-75.85874"><ele>24.0</ele><time>2024-09-01T19:28:09Z</time></trkpt>
<trkpt lat="45.384523" lon="-75.858722"><ele>24.0</ele><time>2024-09-01T19:28:10Z</time></trkpt>
<trkpt lat="45.384504" lon="-75.858704"><ele>24.0</ele><time>2024-09-01T19:28:11Z</time></trkpt>
<trkpt lat="45.384489" lon="-75.858677"><ele>24.0</ele><time>2024-09-01T19:28:12Z</time></trkpt>
<trkpt lat="45.384466" lon="-75.858659"><ele>24.0</ele><time>2024-09-01T19:28:13Z</time></trkpt>
<trkpt lat="45.384444" lon="-75.858641"><ele>24.0</ele><time>2024-09-01T19:28:14Z</time></trkpt>
<trkpt lat="45.384419" lon="-75.858623"><ele>24.0</ele><time>2024-09-01T19:28:15Z</time></trkpt>
<trkpt lat="45.384394" lon="-75.858614"><ele>24.0</ele><time>2024-09-01T19:28:16Z</time></trkpt>
<trkpt lat="45.384368" lon="-75.858596"><ele>24.0</ele><time>2024-09-01T19:28:17Z</time></trkpt>
<trkpt lat="45.384346" lon="-75.858587"><ele>24.0</ele><time>2024-09-01T19:28:18Z</time></trkpt>
<trkpt lat="45.384327" lon="-75.858569"><ele>24.0</ele><time>2024-09-01T19:28:19Z</time></trkpt>
<trkpt lat="45.384308" lon="-75.858551"><ele>24.0</ele><time>2024-09-01T19:28:20Z</time></trkpt>
<trkpt lat="45.384289" lon="-75.858533"><ele>24.0</ele><time>2024-09-01T19:28:21Z</time></trkpt>
<trkpt lat="45.384264" lon="-75.858515"><ele>24.0</ele><time>2024-09-01T19:28:22Z</time></trkpt>
<trkpt lat="45.384235" lon="-75.858497"><ele>24.0</ele><time>2024-09-01T19:28:23Z</time></trkpt>
<trkpt lat="45.384207" lon="-75.858488"><ele>24.0</ele><time>2024-09-01T19:28:24Z</time></trkpt>
<trkpt lat="45.384182" lon="-75.858488"><ele>24.0</ele><time>2024-09-01T19:28:25Z</time></trkpt>
<trkpt lat="45.384159" lon="-75.85848"><ele>24.0</ele><time>2024-09-01T19:28:26Z</time></trkpt>
<trkpt lat="45.384137" lon="-75.858462"><ele>24.0</ele><time>2024-09-01T19:28:27Z</time></trkpt>
<trkpt lat="45.384115" lon="-75.858453"><ele>24.0</ele><time>2024-09-01T19:28:28Z</time></trkpt>
<trkpt lat="45.384093" lon="-75.858435"><ele>24.0</ele><time>2024-09-01T19:28:29Z</time></trkpt>
<trkpt lat="45.384068" lon="-75.858417"><ele>24.0</ele><time>2024-09-01T19:28:30Z</time></trkpt>
<trkpt lat="45.384042" lon="-75.858399"><ele>24.0</ele><time>2024-09-01T19:28:31Z</time></trkpt>
<trkpt lat="45.38402" lon="-75.858381"><ele>24.0</ele><time>2024-09-01T19:28:32Z</time></trkpt>
<trkpt lat="45.384001" lon="-75.858372"><ele>24.0</ele><time>2024-09-01T19:28:33Z</time></trkpt>
<trkpt lat="45.383979" lon="-75.858354"><ele>24.0</ele><time>2024-09-01T19:28:34Z</time></trkpt>
<trkpt lat="45.38396" lon="-75.858327"><ele>24.0</ele><time>2024-09-01T19:28:35Z</time></trkpt>
<trkpt lat="45.383938" lon="-75.8583"><ele>24.0</ele><time>2024-09-01T19:28:36Z</time></trkpt>
<trkpt lat="45.383912" lon="-75.858282"><ele>24.0</ele><time>2024-09-01T19:28:37Z</time></trkpt>
<trkpt lat="45.38389" lon="-75.858255"><ele>24.0</ele><time>2024-09-01T19:28:38Z</time></trkpt>
<trkpt lat="45.383871" lon="-75.858246"><ele>24.0</ele><time>2024-09-01T19:28:39Z</time></trkpt>
<trkpt lat="45.383856" lon="-75.858228"><ele>24.0</ele><time>2024-09-01T19:28:40Z</time></trkpt>
<trkpt lat="45.38384" lon="-75.85821"><ele>24.0</ele><time>2024-09-01T19:28:41Z</time></trkpt>
<trkpt lat="45.383824" lon="-75.858192"><ele>24.0</ele><time>2024-09-01T19:28:42Z</time></trkpt>
<trkpt lat="45.383805" lon="-75.858165"><ele>24.0</ele><time>2024-09-01T19:28:43Z</time></trkpt>
<trkpt lat="45.383786" lon="-75.858138"><ele>24.0</ele><time>2024-09-01T19:28:44Z</time></trkpt>
<trkpt lat="45.38377" lon="-75.858111"><ele>24.0</ele><time>2024-09-01T19:28:45Z</time></trkpt>
<trkpt lat="45.383757" lon="-75.858084"><ele>24.0</ele><time>2024-09-01T19:28:46Z</time></trkpt>
<trkpt lat="45.383748" lon="-75.858057"><ele>23.0</ele><time>2024-09-01T19:28:47Z</time></trkpt>
<trkpt lat="45.383742" lon="-75.85803"><ele>23.0</ele><time>2024-09-01T19:28:48Z</time></trkpt>
<trkpt lat="45.383742" lon="-75.858003"><ele>24.0</ele><time>2024-09-01T19:28:49Z</time></trkpt>
<trkpt lat="45.383751" lon="-75.857976"><ele>23.0</ele><time>2024-09-01T19:28:50Z</time></trkpt>
<trkpt lat="45.383764" lon="-75.857959"><ele>23.0</ele><time>2024-09-01T19:28:51Z</time></trkpt>
<trkpt lat="45.383776" lon="-75.857941"><ele>23.0</ele><time>2024-09-01T19:28:52Z</time></trkpt>
<trkpt lat="45.383792" lon="-75.857932"><ele>23.0</ele><time>2024-09-01T19:28:53Z</time></trkpt>
<trkpt lat="45.383805" lon="-75.857932"><ele>23.0</ele><time>2024-09-01T19:28:54Z</time></trkpt>
<trkpt lat="45.383821" lon="-75.857932"><ele>23.0</ele><time>2024-09-01T19:28:55Z</time></trkpt>
<trkpt lat="45.383833" lon="-75.857932"><ele>23.0</ele><time>2024-09-01T19:28:56Z</time></trkpt>
<trkpt lat="45.383846" lon="-75.857941"><ele>23.0</ele><time>2024-09-01T19:28:57Z</time></trkpt>
<trkpt lat="45.383856" lon="-75.857941"><ele>23.0</ele><time>2024-09-01T19:28:58Z</time></trkpt>
<trkpt lat="45.383859" lon="-75.85795"><ele>23.0</ele><time>2024-09-01T19:28:59Z</time></trkpt>
<trkpt lat="45.383865" lon="-75.85795"><ele>23.0</ele><time>2024-09-01T19:29:00Z</time></trkpt>
<trkpt lat="45.383868" lon="-75.85795"><ele>23.0</ele><time>2024-09-01T19:29:01Z</time></trkpt>
<trkpt lat="45.383868" lon="-75.85795"><ele>23.0</ele><time>2024-09-01T19:29:02Z</time></trkpt>
<trkpt lat="45.383871" lon="-75.85795"><ele>23.0</ele><time>2024-09-01T19:29:03Z</time></trkpt>
<trkpt lat="45.383871" lon="-75.857941"><ele>23.0</ele><time>2024-09-01T19:29:04Z</time></trkpt>
<trkpt lat="45.383871" lon="-75.857941"><ele>23.0</ele><time>2024-09-01T19:29:05Z</time></trkpt>
<trkpt lat="45.383875" lon="-75.857941"><ele>23.0</ele><time>2024-09-01T19:29:06Z</time></trkpt>
<trkpt lat="45.383878" lon="-75.857932"><ele>23.0</ele><time>2024-09-01T19:29:07Z</time></trkpt>
<trkpt lat="45.383878" lon="-75.857932"><ele>23.0</ele><time>2024-09-01T19:29:08Z</time></trkpt>
<trkpt lat="45.383878" lon="-75.857932"><ele>24.0</ele><time>2024-09-01T19:29:09Z</time></trkpt>
<trkpt lat="45.383881" lon="-75.857923"><ele>24.0</ele><time>2024-09-01T19:29:10Z</time></trkpt>
<trkpt lat="45.383881" lon="-75.857914"><ele>23.0</ele><time>2024-09-01T19:29:11Z</time></trkpt>
<trkpt lat="45.383884" lon="-75.857905"><ele>24.0</ele><time>2024-09-01T19:29:12Z</time></trkpt>
<trkpt lat="45.383887" lon="-75.857905"><ele>24.0</ele><time>2024-09-01T19:29:13Z</time></trkpt>
<trkpt lat="45.38389" lon="-75.857896"><ele>24.0</ele><time>2024-09-01T19:29:14Z</time></trkpt>
<trkpt lat="45.383894" lon="-75.857887"><ele>24.0</ele><time>2024-09-01T19:29:15Z</time></trkpt>
<trkpt lat="45.383897" lon="-75.857878"><ele>24.0</ele><time>2024-09-01T19:29:16Z</time></trkpt>
<trkpt lat="45.3839" lon="-75.857869"><ele>24.0</ele><time>2024-09-01T19:29:17Z</time></trkpt>
<trkpt lat="45.383906" lon="-75.85786"><ele>24.0</ele><time>2024-09-01T19:29:18Z</time></trkpt>
<trkpt lat="45.383909" lon="-75.857851"><ele>24.0</ele><time>2024-09-01T19:29:19Z</time></trkpt>
<trkpt lat="45.383916" lon="-75.857842"><ele>24.0</ele><time>2024-09-01T19:29:20Z</time></trkpt>
<trkpt lat="45.383919" lon="-75.857824"><ele>24.0</ele><time>2024-09-01T19:29:21Z</time></trkpt>
<trkpt lat="45.383922" lon="-75.857815"><ele>24.0</ele><time>2024-09-01T19:29:22Z</time></trkpt>
<trkpt lat="45.383928" lon="-75.857797"><ele>23.0</ele><time>2024-09-01T19:29:23Z</time></trkpt>
<trkpt lat="45.383931" lon="-75.857788"><ele>24.0</ele><time>2024-09-01T19:29:24Z</time></trkpt>
<trkpt lat="45.383935" lon="-75.85777"><ele>23.0</ele><time>2024-09-01T19:29:25Z</time></trkpt>
<trkpt lat="45.383941" lon="-75.857752"><ele>23.0</ele><time>2024-09-01T19:29:26Z</time></trkpt>
<trkpt lat="45.383947" lon="-75.857743"><ele>23.0</ele><time>2024-09-01T19:29:27Z</time></trkpt>
<trkpt lat="45.38395" lon="-75.857725"><ele>24.0</ele><time>2024-09-01T19:29:28Z</time></trkpt>
<trkpt lat="45.383957" lon="-75.857707"><ele>23.0</ele><time>2024-09-01T19:29:29Z</time></trkpt>
<trkpt lat="45.383963" lon="-75.857689"><ele>23.0</ele><time>2024-09-01T19:29:30Z</time></trkpt>
<trkpt lat="45.383969" lon="-75.857662"><ele>24.0</ele><time>2024-09-01T19:29:31Z</time></trkpt>
<trkpt lat="45.383976" lon="-75.857644"><ele>23.0</ele><time>2024-09-01T19:29:32Z</time></trkpt>
<trkpt lat="45.383985" lon="-75.857626"><ele>24.0</ele><time>2024-09-01T19:29:33Z</time></trkpt>
<trkpt lat="45.383992" lon="-75.857599"><ele>23.0</ele><time>2024-09-01T19:29:34Z</time></trkpt>
<trkpt lat="45.384001" lon="-75.857581"><ele>23.0</ele><time>2024-09-01T19:29:35Z</time></trkpt>
<trkpt lat="45.384011" lon="-75.857554"><ele>23.0</ele><time>2024-09-01T19:29:36Z</time></trkpt>
<trkpt lat="45.38402" lon="-75.857527"><ele>24.0</ele><time>2024-09-01T19:29:37Z</time></trkpt>
<trkpt lat="45.384023" lon="-75.857491"><ele>23.0</ele><time>2024-09-01T19:29:38Z</time></trkpt>
<trkpt lat="45.384036" lon="-75.857464"><ele>23.0</ele><time>2024-09-01T19:29:39Z</time></trkpt>
<trkpt lat="45.384049" lon="-75.857438"><ele>23.0</ele><time>2024-09-01T19:29:40Z</time></trkpt>
<trkpt lat="45.384058" lon="-75.857411"><ele>23.0</ele><time>2024-09-01T19:29:41Z</time></trkpt>
<trkpt lat="45.384068" lon="-75.857375"><ele>23.0</ele><time>2024-09-01T19:29:42Z</time></trkpt>
<trkpt lat="45.384071" lon="-75.857348"><ele>23.0</ele><time>2024-09-01T19:29:43Z</time></trkpt>
<trkpt lat="45.384068" lon="-75.857321"><ele>23.0</ele><time>2024-09-01T19:29:44Z</time></trkpt>
<trkpt lat="45.384061" lon="-75.857285"><ele>23.0</ele><time>2024-09-01T19:29:45Z</time></trkpt>
<trkpt lat="45.384052" lon="-75.857258"><ele>23.0</ele><time>2024-09-01T19:29:46Z</time></trkpt>
<trkpt lat="45.384042" lon="-75.857231"><ele>23.0</ele><time>2024-09-01T19:29:47Z</time></trkpt>
<trkpt lat="45.384033" lon="-75.857204"><ele>23.0</ele><time>2024-09-01T19:29:48Z</time></trkpt>
<trkpt lat="45.384023" lon="-75.857186"><ele>23.0</ele><time>2024-09-01T19:29:49Z</time></trkpt>
<trkpt lat="45.384011" lon="-75.857168"><ele>22.0</ele><time>2024-09-01T19:29:50Z</time></trkpt>
<trkpt lat="45.383998" lon="-75.85715"><ele>22.0</ele><time>2024-09-01T19:29:51Z</time></trkpt>
<trkpt lat="45.383979" lon="-75.857141"><ele>23.0</ele><time>2024-09-01T19:29:52Z</time></trkpt>
<trkpt lat="45.38396" lon="-75.857132"><ele>23.0</ele><time>2024-09-01T19:29:53Z</time></trkpt>
<trkpt lat="45.383941" lon="-75.857141"><ele>23.0</ele><time>2024-09-01T19:29:54Z</time></trkpt>
<trkpt lat="45.383922" lon="-75.857141"><ele>23.0</ele><time>2024-09-01T19:29:55Z</time></trkpt>
<trkpt lat="45.383903" lon="-75.857141"><ele>23.0</ele><time>2024-09-01T19:29:56Z</time></trkpt>
<trkpt lat="45.383884" lon="-75.857132"><ele>23.0</ele><time>2024-09-01T19:29:57Z</time></trkpt>
<trkpt lat="45.383865" lon="-75.857132"><ele>23.0</ele><time>2024-09-01T19:29:58Z</time></trkpt>
<trkpt lat="45.383846" lon="-75.857123"><ele>23.0</ele><time>2024-09-01T19:29:59Z</time></trkpt>
<trkpt lat="45.383827" lon="-75.857105"><ele>23.0</ele><time>2024-09-01T19:30:00Z</time></trkpt>
<trkpt lat="45.383808" lon="-75.857087"><ele>24.0</ele><time>2024-09-01T19:30:01Z</time></trkpt>
<trkpt lat="45.383792" lon="-75.857078"><ele>23.0</ele><time>2024-09-01T19:30:02Z</time></trkpt>
<trkpt lat="45.383773" lon="-75.857069"><ele>24.0</ele><time>2024-09-01T19:30:03Z</time></trkpt>
<trkpt lat="45.383754" lon="-75.857051"><ele>24.0</ele><time>2024-09-01T19:30:04Z</time></trkpt>
<trkpt lat="45.383735" lon="-75.857033"><ele>24.0</ele><time>2024-09-01T19:30:05Z</time></trkpt>
<trkpt lat="45.383713" lon="-75.857024"><ele>24.0</ele><time>2024-09-01T19:30:06Z</time></trkpt>
<trkpt lat="45.383691" lon="-75.857006"><ele>24.0</ele><time>2024-09-01T19:30:07Z</time></trkpt>
<trkpt lat="45.383672" lon="-75.856988"><ele>24.0</ele><time>2024-09-01T19:30:08Z</time></trkpt>
<trkpt lat="45.383653" lon="-75.85697"><ele>24.0</ele><time>2024-09-01T19:30:09Z</time></trkpt>
<trkpt lat="45.383634" lon="-75.856952"><ele>24.0</ele><time>2024-09-01T19:30:10Z</time></trkpt>
<trkpt lat="45.383615" lon="-75.856934"><ele>24.0</ele><time>2024-09-01T19:30:11Z</time></trkpt>
<trkpt lat="45.383593" lon="-75.856917"><ele>25.0</ele><time>2024-09-01T19:30:12Z</time></trkpt>
<trkpt lat="45.383574" lon="-75.856899"><ele>24.0</ele><time>2024-09-01T19:30:13Z</time></trkpt>
<trkpt lat="45.383574" lon="-75.856899"><ele>24.0</ele><time>2024-09-01T19:30:14Z</time></trkpt>
<trkpt lat="45.383555" lon="-75.856881"><ele>24.0</ele><time>2024-09-01T19:30:14Z</time></trkpt>
<trkpt lat="45.383539" lon="-75.856854"><ele>24.0</ele><time>2024-09-01T19:30:15Z</time></trkpt>
<trkpt lat="45.38353" lon="-75.856836"><ele>24.0</ele><time>2024-09-01T19:30:16Z</time></trkpt>
<trkpt lat="45.383514" lon="-75.856818"><ele>23.0</ele><time>2024-09-01T19:30:17Z</time></trkpt>
<trkpt lat="45.383488" lon="-75.856791"><ele>24.0</ele><time>2024-09-01T19:30:18Z</time></trkpt>
<trkpt lat="45.38346" lon="-75.856764"><ele>24.0</ele><time>2024-09-01T19:30:19Z</time></trkpt>
<trkpt lat="45.383444" lon="-75.856746"><ele>24.0</ele><time>2024-09-01T19:30:20Z</time></trkpt>
<trkpt lat="45.383435" lon="-75.856728"><ele>24.0</ele><time>2024-09-01T19:30:21Z</time></trkpt>
<trkpt lat="45.383419" lon="-75.856701"><ele>24.0</ele><time>2024-09-01T19:30:22Z</time></trkpt>
<trkpt lat="45.3834" lon="-75.856674"><ele>24.0</ele><time>2024-09-01T19:30:23Z</time></trkpt>
<trkpt lat="45.383381" lon="-75.856656"><ele>24.0</ele><time>2024-09-01T19:30:24Z</time></trkpt>
<trkpt lat="45.383365" lon="-75.856629"><ele>23.0</ele><time>2024-09-01T19:30:25Z</time></trkpt>
<trkpt lat="45.383349" lon="-75.856611"><ele>24.0</ele><time>2024-09-01T19:30:26Z</time></trkpt>
<trkpt lat="45.383336" lon="-75.856593"><ele>24.0</ele><time>2024-09-01T19:30:27Z</time></trkpt>
<trkpt lat="45.383321" lon="-75.856575"><ele>23.0</ele><time>2024-09-01T19:30:28Z</time></trkpt>
<trkpt lat="45.383305" lon="-75.856548"><ele>23.0</ele><time>2024-09-01T19:30:29Z</time></trkpt>
<trkpt lat="45.383286" lon="-75.85653"><ele>23.0</ele><time>2024-09-01T19:30:30Z</time></trkpt>
<trkpt lat="45.383267" lon="-75.856512"><ele>23.0</ele><time>2024-09-01T19:30:31Z</time></trkpt>
<trkpt lat="45.383251" lon="-75.856485"><ele>23.0</ele><time>2024-09-01T19:30:32Z</time></trkpt>
<trkpt lat="45.383235" lon="-75.856467"><ele>23.0</ele><time>2024-09-01T19:30:33Z</time></trkpt>
<trkpt lat="45.383223" lon="-75.856449"><ele>23.0</ele><time>2024-09-01T19:30:34Z</time></trkpt>
<trkpt lat="45.383207" lon="-75.856422"><ele>23.0</ele><time>2024-09-01T19:30:35Z</time></trkpt>
<trkpt lat="45.383188" lon="-75.856404"><ele>23.0</ele><time>2024-09-01T19:30:36Z</time></trkpt>
<trkpt lat="45.383169" lon="-75.856378"><ele>22.0</ele><time>2024-09-01T19:30:37Z</time></trkpt>
<trkpt lat="45.383147" lon="-75.856369"><ele>22.0</ele><time>2024-09-01T19:30:38Z</time></trkpt>
<trkpt lat="45.383128" lon="-75.856351"><ele>22.0</ele><time>2024-09-01T19:30:39Z</time></trkpt>
<trkpt lat="45.383109" lon="-75.856333"><ele>22.0</ele><time>2024-09-01T19:30:40Z</time></trkpt>
<trkpt lat="45.38309" lon="-75.856315"><ele>22.0</ele><time>2024-09-01T19:30:41Z</time></trkpt>
<trkpt lat="45.383067" lon="-75.856297"><ele>22.0</ele><time>2024-09-01T19:30:42Z</time></trkpt>
<trkpt lat="45.383045" lon="-75.856279"><ele>22.0</ele><time>2024-09-01T19:30:43Z</time></trkpt>
<trkpt lat="45.383023" lon="-75.856261"><ele>22.0</ele><time>2024-09-01T19:30:44Z</time></trkpt>
<trkpt lat="45.383001" lon="-75.856243"><ele>22.0</ele><time>2024-09-01T19:30:45Z</time></trkpt>
<trkpt lat="45.382979" lon="-75.856225"><ele>22.0</ele><time>2024-09-01T19:30:46Z</time></trkpt>
<trkpt lat="45.382957" lon="-75.856198"><ele>22.0</ele><time>2024-09-01T19:30:47Z</time></trkpt>
<trkpt lat="45.382931" lon="-75.856189"><ele>22.0</ele><time>2024-09-01T19:30:48Z</time></trkpt>
<trkpt lat="45.382909" lon="-75.856171"><ele>22.0</ele><time>2024-09-01T19:30:49Z</time></trkpt>
<trkpt lat="45.382887" lon="-75.856153"><ele>22.0</ele><time>2024-09-01T19:30:50Z</time></trkpt>
<trkpt lat="45.382865" lon="-75.856126"><ele>22.0</ele><time>2024-09-01T19:30:51Z</time></trkpt>
<trkpt lat="45.382846" lon="-75.856108"><ele>22.0</ele><time>2024-09-01T19:30:52Z</time></trkpt>
<trkpt lat="45.382827" lon="-75.85609"><ele>22.0</ele><time>2024-09-01T19:30:53Z</time></trkpt>
<trkpt lat="45.382808" lon="-75.856072"><ele>22.0</ele><time>2024-09-01T19:30:54Z</time></trkpt>
<trkpt lat="45.382786" lon="-75.856054"><ele>22.0</ele><time>2024-09-01T19:30:55Z</time></trkpt>
<trkpt lat="45.382764" lon="-75.856027"><ele>22.0</ele><time>2024-09-01T19:30:56Z</time></trkpt>
<trkpt lat="45.382741" lon="-75.856009"><ele>22.0</ele><time>2024-09-01T19:30:57Z</time></trkpt>
<trkpt lat="45.382716" lon="-75.855982"><ele>22.0</ele><time>2024-09-01T19:30:58Z</time></trkpt>
<trkpt lat="45.382697" lon="-75.855964"><ele>22.0</ele><time>2024-09-01T19:30:59Z</time></trkpt>
<trkpt lat="45.382678" lon="-75.855937"><ele>22.0</ele><time>2024-09-01T19:31:00Z</time></trkpt>
<trkpt lat="45.382662" lon="-75.85591"><ele>22.0</ele><time>2024-09-01T19:31:01Z</time></trkpt>
<trkpt lat="45.38264" lon="-75.855883"><ele>23.0</ele><time>2024-09-01T19:31:02Z</time></trkpt>
<trkpt lat="45.382618" lon="-75.855866"><ele>23.0</ele><time>2024-09-01T19:31:03Z</time></trkpt>
<trkpt lat="45.382593" lon="-75.855848"><ele>23.0</ele><time>2024-09-01T19:31:04Z</time></trkpt>
<trkpt lat="45.38257" lon="-75.855839"><ele>23.0</ele><time>2024-09-01T19:31:05Z</time></trkpt>
<trkpt lat="45.382548" lon="-75.855821"><ele>23.0</ele><time>2024-09-01T19:31:06Z</time></trkpt>
<trkpt lat="45.382526" lon="-75.855803"><ele>23.0</ele><time>2024-09-01T19:31:07Z</time></trkpt>
<trkpt lat="45.382498" lon="-75.855785"><ele>23.0</ele><time>2024-09-01T19:31:08Z</time></trkpt>
<trkpt lat="45.382472" lon="-75.855776"><ele>23.0</ele><time>2024-09-01T19:31:09Z</time></trkpt>
<trkpt lat="45.382447" lon="-75.855776"><ele>23.0</ele><time>2024-09-01T19:31:10Z</time></trkpt>
<trkpt lat="45.382422" lon="-75.855776"><ele>24.0</ele><time>2024-09-01T19:31:11Z</time></trkpt>
<trkpt lat="45.382393" lon="-75.855767"><ele>24.0</ele><time>2024-09-01T19:31:12Z</time></trkpt>
<trkpt lat="45.382365" lon="-75.855758"><ele>24.0</ele><time>2024-09-01T19:31:13Z</time></trkpt>
<trkpt lat="45.382339" lon="-75.855749"><ele>23.0</ele><time>2024-09-01T19:31:14Z</time></trkpt>
<trkpt lat="45.382317" lon="-75.855731"><ele>24.0</ele><time>2024-09-01T19:31:15Z</time></trkpt>
<trkpt lat="45.382301" lon="-75.855713"><ele>23.0</ele><time>2024-09-01T19:31:16Z</time></trkpt>
<trkpt lat="45.382282" lon="-75.855695"><ele>24.0</ele><time>2024-09-01T19:31:17Z</time></trkpt>
<trkpt lat="45.382263" lon="-75.855668"><ele>24.0</ele><time>2024-09-01T19:31:18Z</time></trkpt>
<trkpt lat="45.382241" lon="-75.85565"><ele>24.0</ele><time>2024-09-01T19:31:19Z</time></trkpt>
<trkpt lat="45.382219" lon="-75.855632"><ele>24.0</ele><time>2024-09-01T19:31:20Z</time></trkpt>
<trkpt lat="45.3822" lon="-75.855623"><ele>24.0</ele><time>2024-09-01T19:31:21Z</time></trkpt>
<trkpt lat="45.382181" lon="-75.855596"><ele>23.0</ele><time>2024-09-01T19:31:22Z</time></trkpt>
<trkpt lat="45.382159" lon="-75.855578"><ele>24.0</ele><time>2024-09-01T19:31:23Z</time></trkpt>
<trkpt lat="45.382137" lon="-75.85556"><ele>24.0</ele><time>2024-09-01T19:31:24Z</time></trkpt>
<trkpt lat="45.382112" lon="-75.855542"><ele>24.0</ele><time>2024-09-01T19:31:25Z</time></trkpt>
<trkpt lat="45.382089" lon="-75.855524"><ele>24.0</ele><time>2024-09-01T19:31:26Z</time></trkpt>
<trkpt lat="45.38207" lon="-75.855506"><ele>23.0</ele><time>2024-09-01T19:31:27Z</time></trkpt>
<trkpt lat="45.382058" lon="-75.855479"><ele>23.0</ele><time>2024-09-01T19:31:28Z</time></trkpt>
<trkpt lat="45.382042" lon="-75.855452"><ele>23.0</ele><time>2024-09-01T19:31:29Z</time></trkpt>
<trkpt lat="45.382023" lon="-75.855434"><ele>23.0</ele><time>2024-09-01T19:31:30Z</time></trkpt>
<trkpt lat="45.382004" lon="-75.855416"><ele>23.0</ele><time>2024-09-01T19:31:31Z</time></trkpt>
<trkpt lat="45.381982" lon="-75.855398"><ele>23.0</ele><time>2024-09-01T19:31:32Z</time></trkpt>
<trkpt lat="45.38196" lon="-75.85538"><ele>23.0</ele><time>2024-09-01T19:31:33Z</time></trkpt>
<trkpt lat="45.381937" lon="-75.855362"><ele>23.0</ele><time>2024-09-01T19:31:34Z</time></trkpt>
<trkpt lat="45.381915" lon="-75.855345"><ele>24.0</ele><time>2024-09-01T19:31:35Z</time></trkpt>
<trkpt lat="45.381899" lon="-75.855318"><ele>23.0</ele><time>2024-09-01T19:31:36Z</time></trkpt>
<trkpt lat="45.381887" lon="-75.855291"><ele>24.0</ele><time>2024-09-01T19:31:37Z</time></trkpt>
<trkpt lat="45.381868" lon="-75.855264"><ele>24.0</ele><time>2024-09-01T19:31:38Z</time></trkpt>
<trkpt lat="45.381849" lon="-75.855237"><ele>23.0</ele><time>2024-09-01T19:31:39Z</time></trkpt>
<trkpt lat="45.381833" lon="-75.85521"><ele>23.0</ele><time>2024-09-01T19:31:40Z</time></trkpt>
<trkpt lat="45.381814" lon="-75.855192"><ele>23.0</ele><time>2024-09-01T19:31:41Z</time></trkpt>
<trkpt lat="45.381795" lon="-75.855165"><ele>23.0</ele><time>2024-09-01T19:31:42Z</time></trkpt>
<trkpt lat="45.381779" lon="-75.855138"><ele>22.0</ele><time>2024-09-01T19:31:43Z</time></trkpt>
<trkpt lat="45.381754" lon="-75.855111"><ele>23.0</ele><time>2024-09-01T19:31:44Z</time></trkpt>
<trkpt lat="45.381732" lon="-75.855084"><ele>22.0</ele><time>2024-09-01T19:31:45Z</time></trkpt>
<trkpt lat="45.381716" lon="-75.855048"><ele>22.0</ele><time>2024-09-01T19:31:46Z</time></trkpt>
<trkpt lat="45.381697" lon="-75.855021"><ele>22.0</ele><time>2024-09-01T19:31:47Z</time></trkpt>
<trkpt lat="45.381678" lon="-75.854994"><ele>22.0</ele><time>2024-09-01T19:31:48Z</time></trkpt>
<trkpt lat="45.381662" lon="-75.854967"><ele>22.0</ele><time>2024-09-01T19:31:49Z</time></trkpt>
<trkpt lat="45.381649" lon="-75.854931"><ele>23.0</ele><time>2024-09-01T19:31:50Z</time></trkpt>
<trkpt lat="45.381637" lon="-75.854904"><ele>23.0</ele><time>2024-09-01T19:31:51Z</time></trkpt>
<trkpt lat="45.381627" lon="-75.854877"><ele>23.0</ele><time>2024-09-01T19:31:52Z</time></trkpt>
<trkpt lat="45.381611" lon="-75.854841"><ele>23.0</ele><time>2024-09-01T19:31:53Z</time></trkpt>
<trkpt lat="45.381592" lon="-75.854815"><ele>23.0</ele><time>2024-09-01T19:31:54Z</time></trkpt>
<trkpt lat="45.38157" lon="-75.854788"><ele>23.0</ele><time>2024-09-01T19:31:55Z</time></trkpt>
<trkpt lat="45.381548" lon="-75.85477"><ele>23.0</ele><time>2024-09-01T19:31:56Z</time></trkpt>
<trkpt lat="45.381529" lon="-75.854743"><ele>23.0</ele><time>2024-09-01T19:31:57Z</time></trkpt>
<trkpt lat="45.381513" lon="-75.854725"><ele>23.0</ele><time>2024-09-01T19:31:58Z</time></trkpt>
<trkpt lat="45.381501" lon="-75.854698"><ele>23.0</ele><time>2024-09-01T19:31:59Z</time></trkpt>
<trkpt lat="45.381485" lon="-75.854671"><ele>23.0</ele><time>2024-09-01T19:32:00Z</time></trkpt>
<trkpt lat="45.381463" lon="-75.854635"><ele>23.0</ele><time>2024-09-01T19:32:01Z</time></trkpt>
<trkpt lat="45.381444" lon="-75.854608"><ele>23.0</ele><time>2024-09-01T19:32:02Z</time></trkpt>
<trkpt lat="45.381425" lon="-75.854581"><ele>23.0</ele><time>2024-09-01T19:32:03Z</time></trkpt>
<trkpt lat="45.381406" lon="-75.854545"><ele>23.0</ele><time>2024-09-01T19:32:04Z</time></trkpt>
<trkpt lat="45.38139" lon="-75.854518"><ele>23.0</ele><time>2024-09-01T19:32:05Z</time></trkpt>
<trkpt lat="45.381374" lon="-75.8545"><ele>23.0</ele><time>2024-09-01T19:32:06Z</time></trkpt>
<trkpt lat="45.381358" lon="-75.854473"><ele>22.0</ele><time>2024-09-01T19:32:07Z</time></trkpt>
<trkpt lat="45.381342" lon="-75.854455"><ele>23.0</ele><time>2024-09-01T19:32:08Z</time></trkpt>
<trkpt lat="45.381327" lon="-75.854428"><ele>23.0</ele><time>2024-09-01T19:32:09Z</time></trkpt>
<trkpt lat="45.381304" lon="-75.854392"><ele>23.0</ele><time>2024-09-01T19:32:10Z</time></trkpt>
<trkpt lat="45.381282" lon="-75.854356"><ele>23.0</ele><time>2024-09-01T19:32:11Z</time></trkpt>
<trkpt lat="45.381263" lon="-75.854329"><ele>23.0</ele><time>2024-09-01T19:32:12Z</time></trkpt>
<trkpt lat="45.381244" lon="-75.854294"><ele>23.0</ele><time>2024-09-01T19:32:13Z</time></trkpt>
<trkpt lat="45.381225" lon="-75.854267"><ele>23.0</ele><time>2024-09-01T19:32:14Z</time></trkpt>
<trkpt lat="45.381209" lon="-75.85424"><ele>22.0</ele><time>2024-09-01T19:32:15Z</time></trkpt>
<trkpt lat="45.381194" lon="-75.854222"><ele>23.0</ele><time>2024-09-01T19:32:16Z</time></trkpt>
<trkpt lat="45.381178" lon="-75.854186"><ele>23.0</ele><time>2024-09-01T19:32:17Z</time></trkpt>
<trkpt lat="45.381162" lon="-75.854159"><ele>23.0</ele><time>2024-09-01T19:32:18Z</time></trkpt>
<trkpt lat="45.381146" lon="-75.854123"><ele>23.0</ele><time>2024-09-01T19:32:19Z</time></trkpt>
<trkpt lat="45.38113" lon="-75.854096"><ele>23.0</ele><time>2024-09-01T19:32:20Z</time></trkpt>
<trkpt lat="45.381111" lon="-75.854069"><ele>23.0</ele><time>2024-09-01T19:32:21Z</time></trkpt>
<trkpt lat="45.381095" lon="-75.854042"><ele>23.0</ele><time>2024-09-01T19:32:22Z</time></trkpt>
<trkpt lat="45.381083" lon="-75.854015"><ele>23.0</ele><time>2024-09-01T19:32:23Z</time></trkpt>
<trkpt lat="45.38107" lon="-75.853988"><ele>23.0</ele><time>2024-09-01T19:32:24Z</time></trkpt>
<trkpt lat="45.381058" lon="-75.853961"><ele>23.0</ele><time>2024-09-01T19:32:25Z</time></trkpt>
<trkpt lat="45.381042" lon="-75.853925"><ele>23.0</ele><time>2024-09-01T19:32:26Z</time></trkpt>
<trkpt lat="45.381026" lon="-75.853898"><ele>23.0</ele><time>2024-09-01T19:32:27Z</time></trkpt>
<trkpt lat="45.38101" lon="-75.853862"><ele>23.0</ele><time>2024-09-01T19:32:28Z</time></trkpt>
<trkpt lat="45.380994" lon="-75.853835"><ele>23.0</ele><time>2024-09-01T19:32:29Z</time></trkpt>
<trkpt lat="45.380975" lon="-75.853808"><ele>23.0</ele><time>2024-09-01T19:32:30Z</time></trkpt>
<trkpt lat="45.380959" lon="-75.853782"><ele>23.0</ele><time>2024-09-01T19:32:31Z</time></trkpt>
<trkpt lat="45.380944" lon="-75.853755"><ele>23.0</ele><time>2024-09-01T19:32:32Z</time></trkpt>
<trkpt lat="45.380928" lon="-75.853728"><ele>23.0</ele><time>2024-09-01T19:32:33Z</time></trkpt>
<trkpt lat="45.380912" lon="-75.853701"><ele>23.0</ele><time>2024-09-01T19:32:34Z</time></trkpt>
<trkpt lat="45.38089" lon="-75.853674"><ele>23.0</ele><time>2024-09-01T19:32:35Z</time></trkpt>
<trkpt lat="45.380871" lon="-75.853656"><ele>23.0</ele><time>2024-09-01T19:32:36Z</time></trkpt>
<trkpt lat="45.380852" lon="-75.853629"><ele>23.0</ele><time>2024-09-01T19:32:37Z</time></trkpt>
<trkpt lat="45.380833" lon="-75.853593"><ele>23.0</ele><time>2024-09-01T19:32:38Z</time></trkpt>
<trkpt lat="45.380817" lon="-75.853566"><ele>23.0</ele><time>2024-09-01T19:32:39Z</time></trkpt>
<trkpt lat="45.380798" lon="-75.853539"><ele>23.0</ele><time>2024-09-01T19:32:40Z</time></trkpt>
<trkpt lat="45.380782" lon="-75.853521"><ele>23.0</ele><time>2024-09-01T19:32:41Z</time></trkpt>
<trkpt lat="45.380766" lon="-75.853503"><ele>23.0</ele><time>2024-09-01T19:32:42Z</time></trkpt>
<trkpt lat="45.380747" lon="-75.853476"><ele>23.0</ele><time>2024-09-01T19:32:43Z</time></trkpt>
<trkpt lat="45.380725" lon="-75.853458"><ele>23.0</ele><time>2024-09-01T19:32:44Z</time></trkpt>
<trkpt lat="45.380706" lon="-75.853431"><ele>22.0</ele><time>2024-09-01T19:32:45Z</time></trkpt>
<trkpt lat="45.38069" lon="-75.853404"><ele>22.0</ele><time>2024-09-01T19:32:46Z</time></trkpt>
<trkpt lat="45.380675" lon="-75.853386"><ele>22.0</ele><time>2024-09-01T19:32:47Z</time></trkpt>
<trkpt lat="45.380662" lon="-75.853368"><ele>22.0</ele><time>2024-09-01T19:32:48Z</time></trkpt>
<trkpt lat="45.380646" lon="-75.853341"><ele>23.0</ele><time>2024-09-01T19:32:49Z</time></trkpt>
<trkpt lat="45.380627" lon="-75.853314"><ele>23.0</ele><time>2024-09-01T19:32:50Z</time></trkpt>
<trkpt lat="45.380605" lon="-75.853287"><ele>23.0</ele><time>2024-09-01T19:32:51Z</time></trkpt>
<trkpt lat="45.380589" lon="-75.853261"><ele>23.0</ele><time>2024-09-01T19:32:52Z</time></trkpt>
<trkpt lat="45.380573" lon="-75.853234"><ele>23.0</ele><time>2024-09-01T19:32:53Z</time></trkpt>
<trkpt lat="45.380564" lon="-75.853216"><ele>22.0</ele><time>2024-09-01T19:32:54Z</time></trkpt>
<trkpt lat="45.380551" lon="-75.853198"><ele>22.0</ele><time>2024-09-01T19:32:55Z</time></trkpt>
<trkpt lat="45.380532" lon="-75.853171"><ele>22.0</ele><time>2024-09-01T19:32:56Z</time></trkpt>
<trkpt lat="45.380513" lon="-75.853153"><ele>23.0</ele><time>2024-09-01T19:32:57Z</time></trkpt>
<trkpt lat="45.380494" lon="-75.853126"><ele>22.0</ele><time>2024-09-01T19:32:58Z</time></trkpt>
<trkpt lat="45.380475" lon="-75.853099"><ele>22.0</ele><time>2024-09-01T19:32:59Z</time></trkpt>
<trkpt lat="45.380466" lon="-75.853072"><ele>22.0</ele><time>2024-09-01T19:33:00Z</time></trkpt>
<trkpt lat="45.380453" lon="-75.853054"><ele>22.0</ele><time>2024-09-01T19:33:01Z</time></trkpt>
<trkpt lat="45.380443" lon="-75.853036"><ele>22.0</ele><time>2024-09-01T19:33:02Z</time></trkpt>
<trkpt lat="45.380424" lon="-75.853009"><ele>23.0</ele><time>2024-09-01T19:33:03Z</time></trkpt>
<trkpt lat="45.380405" lon="-75.852982"><ele>23.0</ele><time>2024-09-01T19:33:04Z</time></trkpt>
<trkpt lat="45.380386" lon="-75.852955"><ele>23.0</ele><time>2024-09-01T19:33:05Z</time></trkpt>
<trkpt lat="45.380374" lon="-75.852928"><ele>23.0</ele><time>2024-09-01T19:33:06Z</time></trkpt>
<trkpt lat="45.380361" lon="-75.85291"><ele>23.0</ele><time>2024-09-01T19:33:07Z</time></trkpt>
<trkpt lat="45.380348" lon="-75.852892"><ele>23.0</ele><time>2024-09-01T19:33:08Z</time></trkpt>
<trkpt lat="45.380333" lon="-75.852865"><ele>23.0</ele><time>2024-09-01T19:33:09Z</time></trkpt>
<trkpt lat="45.380311" lon="-75.852838"><ele>23.0</ele><time>2024-09-01T19:33:10Z</time></trkpt>
<trkpt lat="45.380292" lon="-75.852811"><ele>23.0</ele><time>2024-09-01T19:33:11Z</time></trkpt>
<trkpt lat="45.380273" lon="-75.852784"><ele>23.0</ele><time>2024-09-01T19:33:12Z</time></trkpt>
<trkpt lat="45.380257" lon="-75.852757"><ele>23.0</ele><time>2024-09-01T19:33:13Z</time></trkpt>
<trkpt lat="45.380241" lon="-75.852731"><ele>23.0</ele><time>2024-09-01T19:33:14Z</time></trkpt>
<trkpt lat="45.380228" lon="-75.852713"><ele>23.0</ele><time>2024-09-01T19:33:15Z</time></trkpt>
<trkpt lat="45.380212" lon="-75.852686"><ele>23.0</ele><time>2024-09-01T19:33:16Z</time></trkpt>
<trkpt lat="45.380197" lon="-75.852659"><ele>23.0</ele><time>2024-09-01T19:33:17Z</time></trkpt>
<trkpt lat="45.380181" lon="-75.852632"><ele>23.0</ele><time>2024-09-01T19:33:18Z</time></trkpt>
<trkpt lat="45.380168" lon="-75.852605"><ele>23.0</ele><time>2024-09-01T19:33:19Z</time></trkpt>
<trkpt lat="45.380152" lon="-75.852578"><ele>23.0</ele><time>2024-09-01T19:33:20Z</time></trkpt>
<trkpt lat="45.380136" lon="-75.852551"><ele>23.0</ele><time>2024-09-01T19:33:21Z</time></trkpt>
<trkpt lat="45.380121" lon="-75.852524"><ele>23.0</ele><time>2024-09-01T19:33:22Z</time></trkpt>
<trkpt lat="45.380105" lon="-75.852497"><ele>23.0</ele><time>2024-09-01T19:33:23Z</time></trkpt>
<trkpt lat="45.380092" lon="-75.85247"><ele>23.0</ele><time>2024-09-01T19:33:24Z</time></trkpt>
<trkpt lat="45.380076" lon="-75.852443"><ele>23.0</ele><time>2024-09-01T19:33:25Z</time></trkpt>
<trkpt lat="45.380064" lon="-75.852416"><ele>23.0</ele><time>2024-09-01T19:33:26Z</time></trkpt>
<trkpt lat="45.380048" lon="-75.852398"><ele>23.0</ele><time>2024-09-01T19:33:27Z</time></trkpt>
<trkpt lat="45.380035" lon="-75.852371"><ele>23.0</ele><time>2024-09-01T19:33:28Z</time></trkpt>
<trkpt lat="45.380016" lon="-75.852344"><ele>24.0</ele><time>2024-09-01T19:33:29Z</time></trkpt>
<trkpt lat="45.38" lon="-75.852317"><ele>24.0</ele><time>2024-09-01T19:33:30Z</time></trkpt>
<trkpt lat="45.379984" lon="-75.852281"><ele>23.0</ele><time>2024-09-01T19:33:31Z</time></trkpt>
<trkpt lat="45.379972" lon="-75.852254"><ele>23.0</ele><time>2024-09-01T19:33:32Z</time></trkpt>
<trkpt lat="45.379959" lon="-75.852236"><ele>23.0</ele><time>2024-09-01T19:33:33Z</time></trkpt>
<trkpt lat="45.37995" lon="-75.85221"><ele>23.0</ele><time>2024-09-01T19:33:34Z</time></trkpt>
<trkpt lat="45.379934" lon="-75.852183"><ele>23.0</ele><time>2024-09-01T19:33:35Z</time></trkpt>
<trkpt lat="45.379918" lon="-75.852156"><ele>23.0</ele><time>2024-09-01T19:33:36Z</time></trkpt>
<trkpt lat="45.379902" lon="-75.852129"><ele>23.0</ele><time>2024-09-01T19:33:37Z</time></trkpt>
<trkpt lat="45.379886" lon="-75.852093"><ele>23.0</ele><time>2024-09-01T19:33:38Z</time></trkpt>
<trkpt lat="45.379871" lon="-75.852075"><ele>23.0</ele><time>2024-09-01T19:33:39Z</time></trkpt>
<trkpt lat="45.379858" lon="-75.852057"><ele>23.0</ele><time>2024-09-01T19:33:40Z</time></trkpt>
<trkpt lat="45.379842" lon="-75.85203"><ele>23.0</ele><time>2024-09-01T19:33:41Z</time></trkpt>
<trkpt lat="45.379826" lon="-75.852003"><ele>23.0</ele><time>2024-09-01T19:33:42Z</time></trkpt>
<trkpt lat="45.379807" lon="-75.851976"><ele>23.0</ele><time>2024-09-01T19:33:43Z</time></trkpt>
<trkpt lat="45.379788" lon="-75.851949"><ele>23.0</ele><time>2024-09-01T19:33:44Z</time></trkpt>
<trkpt lat="45.379772" lon="-75.851922"><ele>23.0</ele><time>2024-09-01T19:33:45Z</time></trkpt>
<trkpt lat="45.37976" lon="-75.851904"><ele>23.0</ele><time>2024-09-01T19:33:46Z</time></trkpt>
<trkpt lat="45.379747" lon="-75.851877"><ele>23.0</ele><time>2024-09-01T19:33:47Z</time></trkpt>
<trkpt lat="45.379731" lon="-75.851859"><ele>23.0</ele><time>2024-09-01T19:33:48Z</time></trkpt>
<trkpt lat="45.379715" lon="-75.851832"><ele>23.0</ele><time>2024-09-01T19:33:49Z</time></trkpt>
<trkpt lat="45.379703" lon="-75.851805"><ele>23.0</ele><time>2024-09-01T19:33:50Z</time></trkpt>
<trkpt lat="45.379687" lon="-75.851778"><ele>23.0</ele><time>2024-09-01T19:33:51Z</time></trkpt>
<trkpt lat="45.379674" lon="-75.85176"><ele>23.0</ele><time>2024-09-01T19:33:52Z</time></trkpt>
<trkpt lat="45.379662" lon="-75.851733"><ele>23.0</ele><time>2024-09-01T19:33:53Z</time></trkpt>
<trkpt lat="45.379646" lon="-75.851715"><ele>23.0</ele><time>2024-09-01T19:33:54Z</time></trkpt>
<trkpt lat="45.379633" lon="-75.851689"><ele>23.0</ele><time>2024-09-01T19:33:55Z</time></trkpt>
<trkpt lat="45.379617" lon="-75.851662"><ele>23.0</ele><time>2024-09-01T19:33:56Z</time></trkpt>
<trkpt lat="45.379601" lon="-75.851635"><ele>23.0</ele><time>2024-09-01T19:33:57Z</time></trkpt>
<trkpt lat="45.379589" lon="-75.851617"><ele>23.0</ele><time>2024-09-01T19:33:58Z</time></trkpt>
<trkpt lat="45.37957" lon="-75.85159"><ele>23.0</ele><time>2024-09-01T19:33:59Z</time></trkpt>
<trkpt lat="45.379554" lon="-75.851572"><ele>23.0</ele><time>2024-09-01T19:34:00Z</time></trkpt>
<trkpt lat="45.379538" lon="-75.851545"><ele>23.0</ele><time>2024-09-01T19:34:01Z</time></trkpt>
<trkpt lat="45.379522" lon="-75.851518"><ele>23.0</ele><time>2024-09-01T19:34:02Z</time></trkpt>
<trkpt lat="45.379507" lon="-75.8515"><ele>23.0</ele><time>2024-09-01T19:34:03Z</time></trkpt>
<trkpt lat="45.379494" lon="-75.851473"><ele>23.0</ele><time>2024-09-01T19:34:04Z</time></trkpt>
<trkpt lat="45.379481" lon="-75.851446"><ele>23.0</ele><time>2024-09-01T19:34:05Z</time></trkpt>
<trkpt lat="45.379465" lon="-75.851419"><ele>23.0</ele><time>2024-09-01T19:34:06Z</time></trkpt>
<trkpt lat="45.37945" lon="-75.851392"><ele>23.0</ele><time>2024-09-01T19:34:07Z</time></trkpt>
<trkpt lat="45.379434" lon="-75.851374"><ele>23.0</ele><time>2024-09-01T19:34:08Z</time></trkpt>
<trkpt lat="45.379418" lon="-75.851347"><ele>23.0</ele><time>2024-09-01T19:34:09Z</time></trkpt>
<trkpt lat="45.379402" lon="-75.851311"><ele>23.0</ele><time>2024-09-01T19:34:10Z</time></trkpt>
<trkpt lat="45.379383" lon="-75.851284"><ele>23.0</ele><time>2024-09-01T19:34:11Z</time></trkpt>
<trkpt lat="45.379364" lon="-75.851257"><ele>23.0</ele><time>2024-09-01T19:34:12Z</time></trkpt>
<trkpt lat="45.379342" lon="-75.851221"><ele>23.0</ele><time>2024-09-01T19:34:13Z</time></trkpt>
<trkpt lat="45.379326" lon="-75.851194"><ele>23.0</ele><time>2024-09-01T19:34:14Z</time></trkpt>
<trkpt lat="45.37931" lon="-75.851168"><ele>23.0</ele><time>2024-09-01T19:34:15Z</time></trkpt>
<trkpt lat="45.379294" lon="-75.85115"><ele>23.0</ele><time>2024-09-01T19:34:16Z</time></trkpt>
<trkpt lat="45.379279" lon="-75.851123"><ele>23.0</ele><time>2024-09-01T19:34:17Z</time></trkpt>
<trkpt lat="45.379256" lon="-75.851096"><ele>23.0</ele><time>2024-09-01T19:34:18Z</time></trkpt>
<trkpt lat="45.379234" lon="-75.851069"><ele>23.0</ele><time>2024-09-01T19:34:19Z</time></trkpt>
<trkpt lat="45.379212" lon="-75.851042"><ele>23.0</ele><time>2024-09-01T19:34:20Z</time></trkpt>
<trkpt lat="45.37919" lon="-75.851006"><ele>23.0</ele><time>2024-09-01T19:34:21Z</time></trkpt>
<trkpt lat="45.379171" lon="-75.850979"><ele>23.0</ele><time>2024-09-01T19:34:22Z</time></trkpt>
<trkpt lat="45.379158" lon="-75.850952"><ele>23.0</ele><time>2024-09-01T19:34:23Z</time></trkpt>
<trkpt lat="45.379146" lon="-75.850925"><ele>23.0</ele><time>2024-09-01T19:34:24Z</time></trkpt>
<trkpt lat="45.37913" lon="-75.850898"><ele>23.0</ele><time>2024-09-01T19:34:25Z</time></trkpt>
<trkpt lat="45.379111" lon="-75.85088"><ele>23.0</ele><time>2024-09-01T19:34:26Z</time></trkpt>
<trkpt lat="45.379089" lon="-75.850844"><ele>23.0</ele><time>2024-09-01T19:34:27Z</time></trkpt>
<trkpt lat="45.379067" lon="-75.850817"><ele>23.0</ele><time>2024-09-01T19:34:28Z</time></trkpt>
<trkpt lat="45.379051" lon="-75.85079"><ele>23.0</ele><time>2024-09-01T19:34:29Z</time></trkpt>
<trkpt lat="45.379035" lon="-75.850772"><ele>23.0</ele><time>2024-09-01T19:34:30Z</time></trkpt>
<trkpt lat="45.379025" lon="-75.850745"><ele>23.0</ele><time>2024-09-01T19:34:31Z</time></trkpt>
<trkpt lat="45.37901" lon="-75.850718"><ele>23.0</ele><time>2024-09-01T19:34:32Z</time></trkpt>
<trkpt lat="45.378994" lon="-75.850691"><ele>23.0</ele><time>2024-09-01T19:34:33Z</time></trkpt>
<trkpt lat="45.378972" lon="-75.850655"><ele>23.0</ele><time>2024-09-01T19:34:34Z</time></trkpt>
<trkpt lat="45.378956" lon="-75.850629"><ele>23.0</ele><time>2024-09-01T19:34:35Z</time></trkpt>
<trkpt lat="45.37894" lon="-75.850602"><ele>23.0</ele><time>2024-09-01T19:34:36Z</time></trkpt>
<trkpt lat="45.378924" lon="-75.850584"><ele>23.0</ele><time>2024-09-01T19:34:37Z</time></trkpt>
<trkpt lat="45.378915" lon="-75.850557"><ele>23.0</ele><time>2024-09-01T19:34:38Z</time></trkpt>
<trkpt lat="45.378902" lon="-75.85053"><ele>23.0</ele><time>2024-09-01T19:34:39Z</time></trkpt>
<trkpt lat="45.378883" lon="-75.850503"><ele>23.0</ele><time>2024-09-01T19:34:40Z</time></trkpt>
<trkpt lat="45.378864" lon="-75.850476"><ele>23.0</ele><time>2024-09-01T19:34:41Z</time></trkpt>
<trkpt lat="45.378842" lon="-75.850449"><ele>23.0</ele><time>2024-09-01T19:34:42Z</time></trkpt>
<trkpt lat="45.378826" lon="-75.850431"><ele>23.0</ele><time>2024-09-01T19:34:43Z</time></trkpt>
<trkpt lat="45.378813" lon="-75.850413"><ele>23.0</ele><time>2024-09-01T19:34:44Z</time></trkpt>
<trkpt lat="45.378801" lon="-75.850386"><ele>23.0</ele><time>2024-09-01T19:34:45Z</time></trkpt>
<trkpt lat="45.378785" lon="-75.850359"><ele>24.0</ele><time>2024-09-01T19:34:46Z</time></trkpt>
<trkpt lat="45.378766" lon="-75.850332"><ele>24.0</ele><time>2024-09-01T19:34:47Z</time></trkpt>
<trkpt lat="45.378747" lon="-75.850305"><ele>23.0</ele><time>2024-09-01T19:34:48Z</time></trkpt>
<trkpt lat="45.378731" lon="-75.850287"><ele>23.0</ele><time>2024-09-01T19:34:49Z</time></trkpt>
<trkpt lat="45.378715" lon="-75.85026"><ele>23.0</ele><time>2024-09-01T19:34:50Z</time></trkpt>
<trkpt lat="45.378703" lon="-75.850242"><ele>24.0</ele><time>2024-09-01T19:34:51Z</time></trkpt>
<trkpt lat="45.378687" lon="-75.850215"><ele>24.0</ele><time>2024-09-01T19:34:52Z</time></trkpt>
<trkpt lat="45.378668" lon="-75.850188"><ele>24.0</ele><time>2024-09-01T19:34:53Z</time></trkpt>
<trkpt lat="45.378652" lon="-75.850161"><ele>24.0</ele><time>2024-09-01T19:34:54Z</time></trkpt>
<trkpt lat="45.378636" lon="-75.850143"><ele>23.0</ele><time>2024-09-01T19:34:55Z</time></trkpt>
<trkpt lat="45.378627" lon="-75.850126"><ele>23.0</ele><time>2024-09-01T19:34:56Z</time></trkpt>
<trkpt lat="45.378614" lon="-75.850099"><ele>23.0</ele><time>2024-09-01T19:34:57Z</time></trkpt>
<trkpt lat="45.378598" lon="-75.850072"><ele>23.0</ele><time>2024-09-01T19:34:58Z</time></trkpt>
<trkpt lat="45.378582" lon="-75.850054"><ele>23.0</ele><time>2024-09-01T19:34:59Z</time></trkpt>
<trkpt lat="45.378563" lon="-75.850018"><ele>23.0</ele><time>2024-09-01T19:35:00Z</time></trkpt>
<trkpt lat="45.378551" lon="-75.849991"><ele>23.0</ele><time>2024-09-01T19:35:01Z</time></trkpt>
<trkpt lat="45.378535" lon="-75.849973"><ele>23.0</ele><time>2024-09-01T19:35:02Z</time></trkpt>
<trkpt lat="45.378522" lon="-75.849946"><ele>23.0</ele><time>2024-09-01T19:35:03Z</time></trkpt>
<trkpt lat="45.378509" lon="-75.849928"><ele>23.0</ele><time>2024-09-01T19:35:04Z</time></trkpt>
<trkpt lat="45.378497" lon="-75.849901"><ele>23.0</ele><time>2024-09-01T19:35:05Z</time></trkpt>
<trkpt lat="45.378481" lon="-75.849874"><ele>23.0</ele><time>2024-09-01T19:35:06Z</time></trkpt>
<trkpt lat="45.378462" lon="-75.849847"><ele>23.0</ele><time>2024-09-01T19:35:07Z</time></trkpt>
<trkpt lat="45.378446" lon="-75.84982"><ele>23.0</ele><time>2024-09-01T19:35:08Z</time></trkpt>
<trkpt lat="45.378433" lon="-75.849802"><ele>23.0</ele><time>2024-09-01T19:35:09Z</time></trkpt>
<trkpt lat="45.378414" lon="-75.849775"><ele>23.0</ele><time>2024-09-01T19:35:10Z</time></trkpt>
<trkpt lat="45.378395" lon="-75.849757"><ele>23.0</ele><time>2024-09-01T19:35:11Z</time></trkpt>
<trkpt lat="45.378376" lon="-75.84973"><ele>23.0</ele><time>2024-09-01T19:35:12Z</time></trkpt>
<trkpt lat="45.378354" lon="-75.849712"><ele>23.0</ele><time>2024-09-01T19:35:13Z</time></trkpt>
<trkpt lat="45.378332" lon="-75.849685"><ele>23.0</ele><time>2024-09-01T19:35:14Z</time></trkpt>
<trkpt lat="45.378316" lon="-75.849658"><ele>23.0</ele><time>2024-09-01T19:35:15Z</time></trkpt>
<trkpt lat="45.378307" lon="-75.84964"><ele>23.0</ele><time>2024-09-01T19:35:16Z</time></trkpt>
<trkpt lat="45.378294" lon="-75.849613"><ele>23.0</ele><time>2024-09-01T19:35:17Z</time></trkpt>
<trkpt lat="45.378278" lon="-75.849578"><ele>23.0</ele><time>2024-09-01T19:35:18Z</time></trkpt>
<trkpt lat="45.378259" lon="-75.849551"><ele>23.0</ele><time>2024-09-01T19:35:19Z</time></trkpt>
<trkpt lat="45.378237" lon="-75.849524"><ele>23.0</ele><time>2024-09-01T19:35:20Z</time></trkpt>
<trkpt lat="45.378215" lon="-75.849506"><ele>23.0</ele><time>2024-09-01T19:35:21Z</time></trkpt>
<trkpt lat="45.378196" lon="-75.849479"><ele>23.0</ele><time>2024-09-01T19:35:22Z</time></trkpt>
<trkpt lat="45.378183" lon="-75.849452"><ele>23.0</ele><time>2024-09-01T19:35:23Z</time></trkpt>
<trkpt lat="45.378168" lon="-75.849434"><ele>23.0</ele><time>2024-09-01T19:35:24Z</time></trkpt>
<trkpt lat="45.378149" lon="-75.849407"><ele>23.0</ele><time>2024-09-01T19:35:25Z</time></trkpt>
<trkpt lat="45.378126" lon="-75.84938"><ele>23.0</ele><time>2024-09-01T19:35:26Z</time></trkpt>
<trkpt lat="45.378107" lon="-75.849353"><ele>23.0</ele><time>2024-09-01T19:35:27Z</time></trkpt>
<trkpt lat="45.378088" lon="-75.849326"><ele>23.0</ele><time>2024-09-01T19:35:28Z</time></trkpt>
<trkpt lat="45.378076" lon="-75.849299"><ele>23.0</ele><time>2024-09-01T19:35:29Z</time></trkpt>
<trkpt lat="45.378066" lon="-75.849272"><ele>23.0</ele><time>2024-09-01T19:35:30Z</time></trkpt>
<trkpt lat="45.378054" lon="-75.849254"><ele>23.0</ele><time>2024-09-01T19:35:31Z</time></trkpt>
<trkpt lat="45.378038" lon="-75.849218"><ele>23.0</ele><time>2024-09-01T19:35:32Z</time></trkpt>
<trkpt lat="45.378022" lon="-75.849191"><ele>23.0</ele><time>2024-09-01T19:35:33Z</time></trkpt>
<trkpt lat="45.378003" lon="-75.849164"><ele>23.0</ele><time>2024-09-01T19:35:34Z</time></trkpt>
<trkpt lat="45.37799" lon="-75.849128"><ele>23.0</ele><time>2024-09-01T19:35:35Z</time></trkpt>
<trkpt lat="45.377978" lon="-75.849101"><ele>23.0</ele><time>2024-09-01T19:35:36Z</time></trkpt>
<trkpt lat="45.377968" lon="-75.849075"><ele>23.0</ele><time>2024-09-01T19:35:37Z</time></trkpt>
<trkpt lat="45.377952" lon="-75.849048"><ele>23.0</ele><time>2024-09-01T19:35:38Z</time></trkpt>
<trkpt lat="45.377936" lon="-75.84903"><ele>23.0</ele><time>2024-09-01T19:35:39Z</time></trkpt>
<trkpt lat="45.377917" lon="-75.849003"><ele>23.0</ele><time>2024-09-01T19:35:40Z</time></trkpt>
<trkpt lat="45.377899" lon="-75.848976"><ele>23.0</ele><time>2024-09-01T19:35:41Z</time></trkpt>
<trkpt lat="45.377883" lon="-75.848949"><ele>23.0</ele><time>2024-09-01T19:35:42Z</time></trkpt>
<trkpt lat="45.37787" lon="-75.848922"><ele>23.0</ele><time>2024-09-01T19:35:43Z</time></trkpt>
<trkpt lat="45.377861" lon="-75.848895"><ele>23.0</ele><time>2024-09-01T19:35:44Z</time></trkpt>
<trkpt lat="45.377848" lon="-75.848868"><ele>23.0</ele><time>2024-09-01T19:35:45Z</time></trkpt>
<trkpt lat="45.377829" lon="-75.848841"><ele>23.0</ele><time>2024-09-01T19:35:46Z</time></trkpt>
<trkpt lat="45.377807" lon="-75.848814"><ele>23.0</ele><time>2024-09-01T19:35:47Z</time></trkpt>
<trkpt lat="45.377788" lon="-75.848787"><ele>23.0</ele><time>2024-09-01T19:35:48Z</time></trkpt>
<trkpt lat="45.377775" lon="-75.84876"><ele>23.0</ele><time>2024-09-01T19:35:49Z</time></trkpt>
<trkpt lat="45.377762" lon="-75.848742"><ele>23.0</ele><time>2024-09-01T19:35:50Z</time></trkpt>
<trkpt lat="45.37775" lon="-75.848715"><ele>23.0</ele><time>2024-09-01T19:35:51Z</time></trkpt>
<trkpt lat="45.377734" lon="-75.848688"><ele>23.0</ele><time>2024-09-01T19:35:52Z</time></trkpt>
<trkpt lat="45.377712" lon="-75.848661"><ele>23.0</ele><time>2024-09-01T19:35:53Z</time></trkpt>
<trkpt lat="45.377693" lon="-75.848634"><ele>23.0</ele><time>2024-09-01T19:35:54Z</time></trkpt>
<trkpt lat="45.377674" lon="-75.848607"><ele>23.0</ele><time>2024-09-01T19:35:55Z</time></trkpt>
<trkpt lat="45.377658" lon="-75.84858"><ele>23.0</ele><time>2024-09-01T19:35:56Z</time></trkpt>
<trkpt lat="45.377642" lon="-75.848554"><ele>24.0</ele><time>2024-09-01T19:35:57Z</time></trkpt>
<trkpt lat="45.377629" lon="-75.848527"><ele>24.0</ele><time>2024-09-01T19:35:58Z</time></trkpt>
<trkpt lat="45.377617" lon="-75.8485"><ele>24.0</ele><time>2024-09-01T19:35:59Z</time></trkpt>
<trkpt lat="45.377598" lon="-75.848473"><ele>24.0</ele><time>2024-09-01T19:36:00Z</time></trkpt>
<trkpt lat="45.377576" lon="-75.848446"><ele>23.0</ele><time>2024-09-01T19:36:01Z</time></trkpt>
<trkpt lat="45.377557" lon="-75.848428"><ele>23.0</ele><time>2024-09-01T19:36:02Z</time></trkpt>
<trkpt lat="45.377538" lon="-75.848401"><ele>24.0</ele><time>2024-09-01T19:36:03Z</time></trkpt>
<trkpt lat="45.377525" lon="-75.848374"><ele>24.0</ele><time>2024-09-01T19:36:04Z</time></trkpt>
<trkpt lat="45.377509" lon="-75.848347"><ele>24.0</ele><time>2024-09-01T19:36:05Z</time></trkpt>
<trkpt lat="45.377496" lon="-75.84832"><ele>24.0</ele><time>2024-09-01T19:36:06Z</time></trkpt>
<trkpt lat="45.377481" lon="-75.848293"><ele>24.0</ele><time>2024-09-01T19:36:07Z</time></trkpt>
<trkpt lat="45.377459" lon="-75.848266"><ele>24.0</ele><time>2024-09-01T19:36:08Z</time></trkpt>
<trkpt lat="45.37744" lon="-75.848239"><ele>24.0</ele><time>2024-09-01T19:36:09Z</time></trkpt>
<trkpt lat="45.377417" lon="-75.848212"><ele>24.0</ele><time>2024-09-01T19:36:10Z</time></trkpt>
<trkpt lat="45.377398" lon="-75.848176"><ele>24.0</ele><time>2024-09-01T19:36:11Z</time></trkpt>
<trkpt lat="45.377376" lon="-75.848149"><ele>24.0</ele><time>2024-09-01T19:36:12Z</time></trkpt>
<trkpt lat="45.377357" lon="-75.848122"><ele>24.0</ele><time>2024-09-01T19:36:13Z</time></trkpt>
<trkpt lat="45.377341" lon="-75.848095"><ele>24.0</ele><time>2024-09-01T19:36:14Z</time></trkpt>
<trkpt lat="45.377326" lon="-75.848068"><ele>23.0</ele><time>2024-09-01T19:36:15Z</time></trkpt>
<trkpt lat="45.377307" lon="-75.848041"><ele>23.0</ele><time>2024-09-01T19:36:16Z</time></trkpt>
<trkpt lat="45.377288" lon="-75.848024"><ele>23.0</ele><time>2024-09-01T19:36:17Z</time></trkpt>
<trkpt lat="45.377269" lon="-75.848006"><ele>23.0</ele><time>2024-09-01T19:36:18Z</time></trkpt>
<trkpt lat="45.37725" lon="-75.847979"><ele>23.0</ele><time>2024-09-01T19:36:19Z</time></trkpt>
<trkpt lat="45.377231" lon="-75.847952"><ele>24.0</ele><time>2024-09-01T19:36:20Z</time></trkpt>
<trkpt lat="45.377215" lon="-75.847925"><ele>24.0</ele><time>2024-09-01T19:36:21Z</time></trkpt>
<trkpt lat="45.377199" lon="-75.847889"><ele>24.0</ele><time>2024-09-01T19:36:22Z</time></trkpt>
<trkpt lat="45.37718" lon="-75.847862"><ele>23.0</ele><time>2024-09-01T19:36:23Z</time></trkpt>
<trkpt lat="45.377161" lon="-75.847844"><ele>24.0</ele><time>2024-09-01T19:36:24Z</time></trkpt>
<trkpt lat="45.377142" lon="-75.847817"><ele>23.0</ele><time>2024-09-01T19:36:25Z</time></trkpt>
<trkpt lat="45.377129" lon="-75.847799"><ele>24.0</ele><time>2024-09-01T19:36:26Z</time></trkpt>
<trkpt lat="45.377113" lon="-75.847772"><ele>24.0</ele><time>2024-09-01T19:36:27Z</time></trkpt>
<trkpt lat="45.377098" lon="-75.847736"><ele>24.0</ele><time>2024-09-01T19:36:28Z</time></trkpt>
<trkpt lat="45.377079" lon="-75.847709"><ele>24.0</ele><time>2024-09-01T19:36:29Z</time></trkpt>
<trkpt lat="45.37706" lon="-75.847682"><ele>23.0</ele><time>2024-09-01T19:36:30Z</time></trkpt>
<trkpt lat="45.377044" lon="-75.847655"><ele>23.0</ele><time>2024-09-01T19:36:31Z</time></trkpt>
<trkpt lat="45.377028" lon="-75.847637"><ele>23.0</ele><time>2024-09-01T19:36:32Z</time></trkpt>
<trkpt lat="45.377012" lon="-75.84761"><ele>24.0</ele><time>2024-09-01T19:36:33Z</time></trkpt>
<trkpt lat="45.377" lon="-75.847574"><ele>24.0</ele><time>2024-09-01T19:36:34Z</time></trkpt>
<trkpt lat="45.376984" lon="-75.847547"><ele>24.0</ele><time>2024-09-01T19:36:35Z</time></trkpt>
<trkpt lat="45.376968" lon="-75.847512"><ele>23.0</ele><time>2024-09-01T19:36:36Z</time></trkpt>
<trkpt lat="45.376952" lon="-75.847485"><ele>23.0</ele><time>2024-09-01T19:36:37Z</time></trkpt>
<trkpt lat="45.376933" lon="-75.847467"><ele>23.0</ele><time>2024-09-01T19:36:38Z</time></trkpt>
<trkpt lat="45.376914" lon="-75.84744"><ele>23.0</ele><time>2024-09-01T19:36:39Z</time></trkpt>
<trkpt lat="45.376895" lon="-75.847422"><ele>23.0</ele><time>2024-09-01T19:36:40Z</time></trkpt>
<trkpt lat="45.376873" lon="-75.847404"><ele>23.0</ele><time>2024-09-01T19:36:41Z</time></trkpt>
<trkpt lat="45.376854" lon="-75.847377"><ele>23.0</ele><time>2024-09-01T19:36:42Z</time></trkpt>
<trkpt lat="45.376832" lon="-75.847359"><ele>23.0</ele><time>2024-09-01T19:36:43Z</time></trkpt>
<trkpt lat="45.376816" lon="-75.847341"><ele>23.0</ele><time>2024-09-01T19:36:44Z</time></trkpt>
<trkpt lat="45.376797" lon="-75.847323"><ele>23.0</ele><time>2024-09-01T19:36:45Z</time></trkpt>
<trkpt lat="45.376778" lon="-75.847296"><ele>23.0</ele><time>2024-09-01T19:36:46Z</time></trkpt>
<trkpt lat="45.376756" lon="-75.847278"><ele>23.0</ele><time>2024-09-01T19:36:47Z</time></trkpt>
<trkpt lat="45.376734" lon="-75.84726"><ele>23.0</ele><time>2024-09-01T19:36:48Z</time></trkpt>
<trkpt lat="45.376711" lon="-75.847242"><ele>23.0</ele><time>2024-09-01T19:36:49Z</time></trkpt>
<trkpt lat="45.376689" lon="-75.847215"><ele>23.0</ele><time>2024-09-01T19:36:50Z</time></trkpt>
<trkpt lat="45.376667" lon="-75.847188"><ele>23.0</ele><time>2024-09-01T19:36:51Z</time></trkpt>
<trkpt lat="45.376645" lon="-75.847161"><ele>23.0</ele><time>2024-09-01T19:36:52Z</time></trkpt>
<trkpt lat="45.376623" lon="-75.847125"><ele>23.0</ele><time>2024-09-01T19:36:53Z</time></trkpt>
<trkpt lat="45.376604" lon="-75.847098"><ele>23.0</ele><time>2024-09-01T19:36:54Z</time></trkpt>
<trkpt lat="45.376588" lon="-75.84708"><ele>23.0</ele><time>2024-09-01T19:36:55Z</time></trkpt>
<trkpt lat="45.376572" lon="-75.847053"><ele>23.0</ele><time>2024-09-01T19:36:56Z</time></trkpt>
<trkpt lat="45.376553" lon="-75.847026"><ele>24.0</ele><time>2024-09-01T19:36:57Z</time></trkpt>
<trkpt lat="45.376531" lon="-75.846999"><ele>24.0</ele><time>2024-09-01T19:36:58Z</time></trkpt>
<trkpt lat="45.376509" lon="-75.846982"><ele>24.0</ele><time>2024-09-01T19:36:59Z</time></trkpt>
<trkpt lat="45.37649" lon="-75.846964"><ele>24.0</ele><time>2024-09-01T19:37:00Z</time></trkpt>
<trkpt lat="45.376471" lon="-75.846937"><ele>24.0</ele><time>2024-09-01T19:37:01Z</time></trkpt>
<trkpt lat="45.376455" lon="-75.846919"><ele>24.0</ele><time>2024-09-01T19:37:02Z</time></trkpt>
<trkpt lat="45.376433" lon="-75.846892"><ele>24.0</ele><time>2024-09-01T19:37:03Z</time></trkpt>
<trkpt lat="45.376411" lon="-75.846865"><ele>24.0</ele><time>2024-09-01T19:37:04Z</time></trkpt>
<trkpt lat="45.376385" lon="-75.846847"><ele>24.0</ele><time>2024-09-01T19:37:05Z</time></trkpt>
<trkpt lat="45.376366" lon="-75.846829"><ele>24.0</ele><time>2024-09-01T19:37:06Z</time></trkpt>
<trkpt lat="45.376347" lon="-75.846802"><ele>24.0</ele><time>2024-09-01T19:37:07Z</time></trkpt>
<trkpt lat="45.376332" lon="-75.846784"><ele>23.0</ele><time>2024-09-01T19:37:08Z</time></trkpt>
<trkpt lat="45.376316" lon="-75.846757"><ele>23.0</ele><time>2024-09-01T19:37:09Z</time></trkpt>
<trkpt lat="45.3763" lon="-75.846721"><ele>23.0</ele><time>2024-09-01T19:37:10Z</time></trkpt>
<trkpt lat="45.376278" lon="-75.846694"><ele>23.0</ele><time>2024-09-01T19:37:11Z</time></trkpt>
<trkpt lat="45.376256" lon="-75.846676"><ele>23.0</ele><time>2024-09-01T19:37:12Z</time></trkpt>
<trkpt lat="45.376237" lon="-75.846658"><ele>23.0</ele><time>2024-09-01T19:37:13Z</time></trkpt>
<trkpt lat="45.376218" lon="-75.846631"><ele>23.0</ele><time>2024-09-01T19:37:14Z</time></trkpt>
<trkpt lat="45.376202" lon="-75.846604"><ele>23.0</ele><time>2024-09-01T19:37:15Z</time></trkpt>
<trkpt lat="45.37618" lon="-75.846577"><ele>23.0</ele><time>2024-09-01T19:37:16Z</time></trkpt>
<trkpt lat="45.376157" lon="-75.84655"><ele>23.0</ele><time>2024-09-01T19:37:17Z</time></trkpt>
<trkpt lat="45.376135" lon="-75.846523"><ele>23.0</ele><time>2024-09-01T19:37:18Z</time></trkpt>
<trkpt lat="45.376113" lon="-75.846496"><ele>23.0</ele><time>2024-09-01T19:37:19Z</time></trkpt>
<trkpt lat="45.376091" lon="-75.84647"><ele>23.0</ele><time>2024-09-01T19:37:20Z</time></trkpt>
<trkpt lat="45.376069" lon="-75.846443"><ele>23.0</ele><time>2024-09-01T19:37:21Z</time></trkpt>
<trkpt lat="45.376047" lon="-75.846425"><ele>23.0</ele><time>2024-09-01T19:37:22Z</time></trkpt>
<trkpt lat="45.376028" lon="-75.846398"><ele>23.0</ele><time>2024-09-01T19:37:23Z</time></trkpt>
<trkpt lat="45.376009" lon="-75.84638"><ele>23.0</ele><time>2024-09-01T19:37:24Z</time></trkpt>
<trkpt lat="45.37599" lon="-75.846353"><ele>23.0</ele><time>2024-09-01T19:37:25Z</time></trkpt>
<trkpt lat="45.375968" lon="-75.846326"><ele>23.0</ele><time>2024-09-01T19:37:26Z</time></trkpt>
<trkpt lat="45.375945" lon="-75.846299"><ele>23.0</ele><time>2024-09-01T19:37:27Z</time></trkpt>
<trkpt lat="45.37592" lon="-75.846272"><ele>23.0</ele><time>2024-09-01T19:37:28Z</time></trkpt>
<trkpt lat="45.375898" lon="-75.846245"><ele>23.0</ele><time>2024-09-01T19:37:29Z</time></trkpt>
<trkpt lat="45.375879" lon="-75.846227"><ele>23.0</ele><time>2024-09-01T19:37:30Z</time></trkpt>
<trkpt lat="45.37586" lon="-75.846209"><ele>23.0</ele><time>2024-09-01T19:37:31Z</time></trkpt>
<trkpt lat="45.375844" lon="-75.846182"><ele>23.0</ele><time>2024-09-01T19:37:32Z</time></trkpt>
<trkpt lat="45.375825" lon="-75.846155"><ele>24.0</ele><time>2024-09-01T19:37:33Z</time></trkpt>
<trkpt lat="45.375803" lon="-75.846137"><ele>24.0</ele><time>2024-09-01T19:37:34Z</time></trkpt>
<trkpt lat="45.375778" lon="-75.84611"><ele>24.0</ele><time>2024-09-01T19:37:35Z</time></trkpt>
<trkpt lat="45.375749" lon="-75.846083"><ele>24.0</ele><time>2024-09-01T19:37:36Z</time></trkpt>
<trkpt lat="45.375724" lon="-75.846065"><ele>24.0</ele><time>2024-09-01T19:37:37Z</time></trkpt>
<trkpt lat="45.375698" lon="-75.846038"><ele>24.0</ele><time>2024-09-01T19:37:38Z</time></trkpt>
<trkpt lat="45.375679" lon="-75.84602"><ele>24.0</ele><time>2024-09-01T19:37:39Z</time></trkpt>
<trkpt lat="45.375664" lon="-75.845993"><ele>24.0</ele><time>2024-09-01T19:37:40Z</time></trkpt>
<trkpt lat="45.375648" lon="-75.845975"><ele>23.0</ele><time>2024-09-01T19:37:41Z</time></trkpt>
<trkpt lat="45.375632" lon="-75.845949"><ele>23.0</ele><time>2024-09-01T19:37:42Z</time></trkpt>
<trkpt lat="45.375613" lon="-75.845922"><ele>23.0</ele><time>2024-09-01T19:37:43Z</time></trkpt>
<trkpt lat="45.375591" lon="-75.845895"><ele>23.0</ele><time>2024-09-01T19:37:44Z</time></trkpt>
<trkpt lat="45.375569" lon="-75.845877"><ele>23.0</ele><time>2024-09-01T19:37:45Z</time></trkpt>
<trkpt lat="45.375547" lon="-75.845859"><ele>23.0</ele><time>2024-09-01T19:37:46Z</time></trkpt>
<trkpt lat="45.375524" lon="-75.845832"><ele>23.0</ele><time>2024-09-01T19:37:47Z</time></trkpt>
<trkpt lat="45.375505" lon="-75.845814"><ele>23.0</ele><time>2024-09-01T19:37:48Z</time></trkpt>
<trkpt lat="45.375483" lon="-75.845787"><ele>23.0</ele><time>2024-09-01T19:37:49Z</time></trkpt>
<trkpt lat="45.375461" lon="-75.84576"><ele>23.0</ele><time>2024-09-01T19:37:50Z</time></trkpt>
<trkpt lat="45.375439" lon="-75.845742"><ele>23.0</ele><time>2024-09-01T19:37:51Z</time></trkpt>
<trkpt lat="45.375417" lon="-75.845715"><ele>24.0</ele><time>2024-09-01T19:37:52Z</time></trkpt>
<trkpt lat="45.375395" lon="-75.845688"><ele>23.0</ele><time>2024-09-01T19:37:53Z</time></trkpt>
<trkpt lat="45.375376" lon="-75.84567"><ele>23.0</ele><time>2024-09-01T19:37:54Z</time></trkpt>
<trkpt lat="45.375353" lon="-75.845643"><ele>24.0</ele><time>2024-09-01T19:37:55Z</time></trkpt>
<trkpt lat="45.375334" lon="-75.845625"><ele>23.0</ele><time>2024-09-01T19:37:56Z</time></trkpt>
<trkpt lat="45.375315" lon="-75.845607"><ele>24.0</ele><time>2024-09-01T19:37:57Z</time></trkpt>
<trkpt lat="45.375293" lon="-75.84558"><ele>24.0</ele><time>2024-09-01T19:37:58Z</time></trkpt>
<trkpt lat="45.375268" lon="-75.845562"><ele>24.0</ele><time>2024-09-01T19:37:59Z</time></trkpt>
<trkpt lat="45.375243" lon="-75.845544"><ele>24.0</ele><time>2024-09-01T19:38:00Z</time></trkpt>
<trkpt lat="45.375224" lon="-75.845526"><ele>24.0</ele><time>2024-09-01T19:38:01Z</time></trkpt>
<trkpt lat="45.375201" lon="-75.845508"><ele>24.0</ele><time>2024-09-01T19:38:02Z</time></trkpt>
<trkpt lat="45.375182" lon="-75.845481"><ele>24.0</ele><time>2024-09-01T19:38:03Z</time></trkpt>
<trkpt lat="45.375164" lon="-75.845463"><ele>24.0</ele><time>2024-09-01T19:38:04Z</time></trkpt>
<trkpt lat="45.375141" lon="-75.845445"><ele>24.0</ele><time>2024-09-01T19:38:05Z</time></trkpt>
<trkpt lat="45.375119" lon="-75.845419"><ele>24.0</ele><time>2024-09-01T19:38:06Z</time></trkpt>
<trkpt lat="45.375097" lon="-75.845401"><ele>24.0</ele><time>2024-09-01T19:38:07Z</time></trkpt>
<trkpt lat="45.375075" lon="-75.845383"><ele>24.0</ele><time>2024-09-01T19:38:08Z</time></trkpt>
<trkpt lat="45.375056" lon="-75.845365"><ele>24.0</ele><time>2024-09-01T19:38:09Z</time></trkpt>
<trkpt lat="45.375034" lon="-75.845347"><ele>24.0</ele><time>2024-09-01T19:38:10Z</time></trkpt>
<trkpt lat="45.375012" lon="-75.845329"><ele>24.0</ele><time>2024-09-01T19:38:11Z</time></trkpt>
<trkpt lat="45.374989" lon="-75.845302"><ele>24.0</ele><time>2024-09-01T19:38:12Z</time></trkpt>
<trkpt lat="45.37497" lon="-75.845284"><ele>24.0</ele><time>2024-09-01T19:38:13Z</time></trkpt>
<trkpt lat="45.374948" lon="-75.845257"><ele>24.0</ele><time>2024-09-01T19:38:14Z</time></trkpt>
<trkpt lat="45.374929" lon="-75.845239"><ele>24.0</ele><time>2024-09-01T19:38:15Z</time></trkpt>
<trkpt lat="45.374907" lon="-75.845221"><ele>24.0</ele><time>2024-09-01T19:38:16Z</time></trkpt>
<trkpt lat="45.374885" lon="-75.845203"><ele>24.0</ele><time>2024-09-01T19:38:17Z</time></trkpt>
<trkpt lat="45.374863" lon="-75.845185"><ele>24.0</ele><time>2024-09-01T19:38:18Z</time></trkpt>
<trkpt lat="45.374841" lon="-75.845167"><ele>24.0</ele><time>2024-09-01T19:38:19Z</time></trkpt>
<trkpt lat="45.374822" lon="-75.845149"><ele>24.0</ele><time>2024-09-01T19:38:20Z</time></trkpt>
<trkpt lat="45.374806" lon="-75.84514"><ele>24.0</ele><time>2024-09-01T19:38:21Z</time></trkpt>
<trkpt lat="45.374787" lon="-75.845113"><ele>24.0</ele><time>2024-09-01T19:38:22Z</time></trkpt>
<trkpt lat="45.374765" lon="-75.845095"><ele>24.0</ele><time>2024-09-01T19:38:23Z</time></trkpt>
<trkpt lat="45.374742" lon="-75.845068"><ele>24.0</ele><time>2024-09-01T19:38:24Z</time></trkpt>
<trkpt lat="45.37472" lon="-75.84505"><ele>24.0</ele><time>2024-09-01T19:38:25Z</time></trkpt>
<trkpt lat="45.374698" lon="-75.845041"><ele>24.0</ele><time>2024-09-01T19:38:26Z</time></trkpt>
<trkpt lat="45.374682" lon="-75.845023"><ele>24.0</ele><time>2024-09-01T19:38:27Z</time></trkpt>
<trkpt lat="45.374663" lon="-75.844996"><ele>24.0</ele><time>2024-09-01T19:38:28Z</time></trkpt>
<trkpt lat="45.374648" lon="-75.844978"><ele>24.0</ele><time>2024-09-01T19:38:29Z</time></trkpt>
<trkpt lat="45.374629" lon="-75.844951"><ele>24.0</ele><time>2024-09-01T19:38:30Z</time></trkpt>
<trkpt lat="45.37461" lon="-75.844933"><ele>24.0</ele><time>2024-09-01T19:38:31Z</time></trkpt>
<trkpt lat="45.374591" lon="-75.844915"><ele>24.0</ele><time>2024-09-01T19:38:32Z</time></trkpt>
<trkpt lat="45.374572" lon="-75.844889"><ele>24.0</ele><time>2024-09-01T19:38:33Z</time></trkpt>
<trkpt lat="45.374553" lon="-75.844871"><ele>24.0</ele><time>2024-09-01T19:38:34Z</time></trkpt>
<trkpt lat="45.374534" lon="-75.844853"><ele>24.0</ele><time>2024-09-01T19:38:35Z</time></trkpt>
<trkpt lat="45.374515" lon="-75.844826"><ele>24.0</ele><time>2024-09-01T19:38:36Z</time></trkpt>
<trkpt lat="45.374499" lon="-75.844799"><ele>24.0</ele><time>2024-09-01T19:38:37Z</time></trkpt>
<trkpt lat="45.37448" lon="-75.844781"><ele>24.0</ele><time>2024-09-01T19:38:38Z</time></trkpt>
<trkpt lat="45.374461" lon="-75.844754"><ele>24.0</ele><time>2024-09-01T19:38:39Z</time></trkpt>
<trkpt lat="45.374445" lon="-75.844736"><ele>24.0</ele><time>2024-09-01T19:38:40Z</time></trkpt>
<trkpt lat="45.374426" lon="-75.844718"><ele>24.0</ele><time>2024-09-01T19:38:41Z</time></trkpt>
<trkpt lat="45.374407" lon="-75.8447"><ele>24.0</ele><time>2024-09-01T19:38:42Z</time></trkpt>
<trkpt lat="45.374388" lon="-75.844682"><ele>23.0</ele><time>2024-09-01T19:38:43Z</time></trkpt>
<trkpt lat="45.374369" lon="-75.844655"><ele>24.0</ele><time>2024-09-01T19:38:44Z</time></trkpt>
<trkpt lat="45.37435" lon="-75.844637"><ele>23.0</ele><time>2024-09-01T19:38:45Z</time></trkpt>
<trkpt lat="45.374328" lon="-75.84461"><ele>23.0</ele><time>2024-09-01T19:38:46Z</time></trkpt>
<trkpt lat="45.374306" lon="-75.844592"><ele>23.0</ele><time>2024-09-01T19:38:47Z</time></trkpt>
<trkpt lat="45.374287" lon="-75.844574"><ele>23.0</ele><time>2024-09-01T19:38:48Z</time></trkpt>
<trkpt lat="45.374268" lon="-75.844556"><ele>23.0</ele><time>2024-09-01T19:38:49Z</time></trkpt>
<trkpt lat="45.374245" lon="-75.844538"><ele>23.0</ele><time>2024-09-01T19:38:50Z</time></trkpt>
<trkpt lat="45.374226" lon="-75.84452"><ele>23.0</ele><time>2024-09-01T19:38:51Z</time></trkpt>
<trkpt lat="45.374207" lon="-75.844502"><ele>23.0</ele><time>2024-09-01T19:38:52Z</time></trkpt>
<trkpt lat="45.374188" lon="-75.844475"><ele>23.0</ele><time>2024-09-01T19:38:53Z</time></trkpt>
<trkpt lat="45.374166" lon="-75.844457"><ele>23.0</ele><time>2024-09-01T19:38:54Z</time></trkpt>
<trkpt lat="45.374147" lon="-75.84443"><ele>22.0</ele><time>2024-09-01T19:38:55Z</time></trkpt>
<trkpt lat="45.374125" lon="-75.844412"><ele>23.0</ele><time>2024-09-01T19:38:56Z</time></trkpt>
<trkpt lat="45.374106" lon="-75.844386"><ele>23.0</ele><time>2024-09-01T19:38:57Z</time></trkpt>
<trkpt lat="45.374087" lon="-75.844368"><ele>23.0</ele><time>2024-09-01T19:38:58Z</time></trkpt>
<trkpt lat="45.374068" lon="-75.844341"><ele>23.0</ele><time>2024-09-01T19:38:59Z</time></trkpt>
<trkpt lat="45.374049" lon="-75.844323"><ele>23.0</ele><time>2024-09-01T19:39:00Z</time></trkpt>
<trkpt lat="45.37403" lon="-75.844305"><ele>23.0</ele><time>2024-09-01T19:39:01Z</time></trkpt>
<trkpt lat="45.374008" lon="-75.844296"><ele>23.0</ele><time>2024-09-01T19:39:02Z</time></trkpt>
<trkpt lat="45.373989" lon="-75.844278"><ele>23.0</ele><time>2024-09-01T19:39:03Z</time></trkpt>
<trkpt lat="45.373967" lon="-75.844251"><ele>23.0</ele><time>2024-09-01T19:39:04Z</time></trkpt>
<trkpt lat="45.373945" lon="-75.844224"><ele>22.0</ele><time>2024-09-01T19:39:05Z</time></trkpt>
<trkpt lat="45.373923" lon="-75.844197"><ele>22.0</ele><time>2024-09-01T19:39:06Z</time></trkpt>
<trkpt lat="45.373904" lon="-75.844179"><ele>22.0</ele><time>2024-09-01T19:39:07Z</time></trkpt>
<trkpt lat="45.373888" lon="-75.844152"><ele>22.0</ele><time>2024-09-01T19:39:08Z</time></trkpt>
<trkpt lat="45.373869" lon="-75.844134"><ele>23.0</ele><time>2024-09-01T19:39:09Z</time></trkpt>
<trkpt lat="45.373853" lon="-75.844107"><ele>23.0</ele><time>2024-09-01T19:39:10Z</time></trkpt>
<trkpt lat="45.373834" lon="-75.84408"><ele>23.0</ele><time>2024-09-01T19:39:11Z</time></trkpt>
<trkpt lat="45.373809" lon="-75.844053"><ele>23.0</ele><time>2024-09-01T19:39:12Z</time></trkpt>
<trkpt lat="45.373786" lon="-75.844026"><ele>22.0</ele><time>2024-09-01T19:39:13Z</time></trkpt>
<trkpt lat="45.373767" lon="-75.844008"><ele>23.0</ele><time>2024-09-01T19:39:14Z</time></trkpt>
<trkpt lat="45.373752" lon="-75.843981"><ele>23.0</ele><time>2024-09-01T19:39:15Z</time></trkpt>
<trkpt lat="45.373739" lon="-75.843963"><ele>23.0</ele><time>2024-09-01T19:39:16Z</time></trkpt>
<trkpt lat="45.373723" lon="-75.843936"><ele>23.0</ele><time>2024-09-01T19:39:17Z</time></trkpt>
<trkpt lat="45.373707" lon="-75.8439"><ele>23.0</ele><time>2024-09-01T19:39:18Z</time></trkpt>
<trkpt lat="45.373688" lon="-75.843873"><ele>23.0</ele><time>2024-09-01T19:39:19Z</time></trkpt>
<trkpt lat="45.373666" lon="-75.843847"><ele>23.0</ele><time>2024-09-01T19:39:20Z</time></trkpt>
<trkpt lat="45.373647" lon="-75.84382"><ele>23.0</ele><time>2024-09-01T19:39:21Z</time></trkpt>
<trkpt lat="45.373631" lon="-75.843802"><ele>23.0</ele><time>2024-09-01T19:39:22Z</time></trkpt>
<trkpt lat="45.373616" lon="-75.843784"><ele>23.0</ele><time>2024-09-01T19:39:23Z</time></trkpt>
<trkpt lat="45.3736" lon="-75.843757"><ele>23.0</ele><time>2024-09-01T19:39:24Z</time></trkpt>
<trkpt lat="45.373581" lon="-75.84373"><ele>23.0</ele><time>2024-09-01T19:39:25Z</time></trkpt>
<trkpt lat="45.373562" lon="-75.843712"><ele>23.0</ele><time>2024-09-01T19:39:26Z</time></trkpt>
<trkpt lat="45.37354" lon="-75.843685"><ele>23.0</ele><time>2024-09-01T19:39:27Z</time></trkpt>
<trkpt lat="45.373521" lon="-75.843658"><ele>23.0</ele><time>2024-09-01T19:39:28Z</time></trkpt>
<trkpt lat="45.373502" lon="-75.84364"><ele>23.0</ele><time>2024-09-01T19:39:29Z</time></trkpt>
<trkpt lat="45.373486" lon="-75.843622"><ele>23.0</ele><time>2024-09-01T19:39:30Z</time></trkpt>
<trkpt lat="45.37347" lon="-75.843595"><ele>23.0</ele><time>2024-09-01T19:39:31Z</time></trkpt>
<trkpt lat="45.373451" lon="-75.843577"><ele>23.0</ele><time>2024-09-01T19:39:32Z</time></trkpt>
<trkpt lat="45.373429" lon="-75.84355"><ele>23.0</ele><time>2024-09-01T19:39:33Z</time></trkpt>
<trkpt lat="45.373407" lon="-75.843532"><ele>23.0</ele><time>2024-09-01T19:39:34Z</time></trkpt>
<trkpt lat="45.373391" lon="-75.843514"><ele>23.0</ele><time>2024-09-01T19:39:35Z</time></trkpt>
<trkpt lat="45.373375" lon="-75.843496"><ele>23.0</ele><time>2024-09-01T19:39:36Z</time></trkpt>
<trkpt lat="45.373359" lon="-75.843469"><ele>23.0</ele><time>2024-09-01T19:39:37Z</time></trkpt>
<trkpt lat="45.37334" lon="-75.843451"><ele>23.0</ele><time>2024-09-01T19:39:38Z</time></trkpt>
<trkpt lat="45.373318" lon="-75.843433"><ele>23.0</ele><time>2024-09-01T19:39:39Z</time></trkpt>
<trkpt lat="45.373302" lon="-75.843415"><ele>23.0</ele><time>2024-09-01T19:39:40Z</time></trkpt>
<trkpt lat="45.373283" lon="-75.843397"><ele>23.0</ele><time>2024-09-01T19:39:41Z</time></trkpt>
<trkpt lat="45.373264" lon="-75.843379"><ele>23.0</ele><time>2024-09-01T19:39:42Z</time></trkpt>
<trkpt lat="45.373245" lon="-75.843352"><ele>23.0</ele><time>2024-09-01T19:39:43Z</time></trkpt>
<trkpt lat="45.373226" lon="-75.843335"><ele>23.0</ele><time>2024-09-01T19:39:44Z</time></trkpt>
<trkpt lat="45.373207" lon="-75.843317"><ele>23.0</ele><time>2024-09-01T19:39:45Z</time></trkpt>
<trkpt lat="45.373185" lon="-75.843299"><ele>23.0</ele><time>2024-09-01T19:39:46Z</time></trkpt>
<trkpt lat="45.373169" lon="-75.843281"><ele>23.0</ele><time>2024-09-01T19:39:47Z</time></trkpt>
<trkpt lat="45.37315" lon="-75.843263"><ele>23.0</ele><time>2024-09-01T19:39:48Z</time></trkpt>
<trkpt lat="45.373131" lon="-75.843245"><ele>23.0</ele><time>2024-09-01T19:39:49Z</time></trkpt>
<trkpt lat="45.373112" lon="-75.843227"><ele>23.0</ele><time>2024-09-01T19:39:50Z</time></trkpt>
<trkpt lat="45.37309" lon="-75.843209"><ele>23.0</ele><time>2024-09-01T19:39:51Z</time></trkpt>
<trkpt lat="45.373068" lon="-75.843191"><ele>23.0</ele><time>2024-09-01T19:39:52Z</time></trkpt>
<trkpt lat="45.373049" lon="-75.843173"><ele>23.0</ele><time>2024-09-01T19:39:53Z</time></trkpt>
<trkpt lat="45.373027" lon="-75.843164"><ele>23.0</ele><time>2024-09-01T19:39:54Z</time></trkpt>
<trkpt lat="45.373008" lon="-75.843164"><ele>23.0</ele><time>2024-09-01T19:39:55Z</time></trkpt>
<trkpt lat="45.372982" lon="-75.843155"><ele>23.0</ele><time>2024-09-01T19:39:56Z</time></trkpt>
<trkpt lat="45.372957" lon="-75.843146"><ele>23.0</ele><time>2024-09-01T19:39:57Z</time></trkpt>
<trkpt lat="45.372935" lon="-75.843146"><ele>23.0</ele><time>2024-09-01T19:39:58Z</time></trkpt>
<trkpt lat="45.372913" lon="-75.843137"><ele>23.0</ele><time>2024-09-01T19:39:59Z</time></trkpt>
<trkpt lat="45.372891" lon="-75.843128"><ele>23.0</ele><time>2024-09-01T19:40:00Z</time></trkpt>
<trkpt lat="45.372865" lon="-75.843119"><ele>23.0</ele><time>2024-09-01T19:40:01Z</time></trkpt>
<trkpt lat="45.37284" lon="-75.84311"><ele>23.0</ele><time>2024-09-01T19:40:02Z</time></trkpt>
<trkpt lat="45.372815" lon="-75.843101"><ele>23.0</ele><time>2024-09-01T19:40:03Z</time></trkpt>
<trkpt lat="45.372792" lon="-75.843092"><ele>23.0</ele><time>2024-09-01T19:40:04Z</time></trkpt>
<trkpt lat="45.372773" lon="-75.843074"><ele>23.0</ele><time>2024-09-01T19:40:05Z</time></trkpt>
<trkpt lat="45.372758" lon="-75.843056"><ele>23.0</ele><time>2024-09-01T19:40:06Z</time></trkpt>
<trkpt lat="45.372742" lon="-75.843029"><ele>23.0</ele><time>2024-09-01T19:40:07Z</time></trkpt>
<trkpt lat="45.372726" lon="-75.843011"><ele>23.0</ele><time>2024-09-01T19:40:08Z</time></trkpt>
<trkpt lat="45.37271" lon="-75.842984"><ele>23.0</ele><time>2024-09-01T19:40:09Z</time></trkpt>
<trkpt lat="45.372691" lon="-75.842966"><ele>23.0</ele><time>2024-09-01T19:40:10Z</time></trkpt>
<trkpt lat="45.372672" lon="-75.842948"><ele>23.0</ele><time>2024-09-01T19:40:11Z</time></trkpt>
<trkpt lat="45.372653" lon="-75.84293"><ele>23.0</ele><time>2024-09-01T19:40:12Z</time></trkpt>
<trkpt lat="45.372637" lon="-75.842912"><ele>23.0</ele><time>2024-09-01T19:40:13Z</time></trkpt>
<trkpt lat="45.372621" lon="-75.842894"><ele>23.0</ele><time>2024-09-01T19:40:14Z</time></trkpt>
<trkpt lat="45.372606" lon="-75.842867"><ele>23.0</ele><time>2024-09-01T19:40:15Z</time></trkpt>
<trkpt lat="45.372587" lon="-75.84284"><ele>23.0</ele><time>2024-09-01T19:40:16Z</time></trkpt>
<trkpt lat="45.372568" lon="-75.842822"><ele>23.0</ele><time>2024-09-01T19:40:17Z</time></trkpt>
<trkpt lat="45.372549" lon="-75.842805"><ele>23.0</ele><time>2024-09-01T19:40:18Z</time></trkpt>
<trkpt lat="45.37253" lon="-75.842787"><ele>23.0</ele><time>2024-09-01T19:40:19Z</time></trkpt>
<trkpt lat="45.372514" lon="-75.842769"><ele>23.0</ele><time>2024-09-01T19:40:20Z</time></trkpt>
<trkpt lat="45.372498" lon="-75.842742"><ele>23.0</ele><time>2024-09-01T19:40:21Z</time></trkpt>
<trkpt lat="45.372485" lon="-75.842715"><ele>23.0</ele><time>2024-09-01T19:40:22Z</time></trkpt>
<trkpt lat="45.37247" lon="-75.842688"><ele>23.0</ele><time>2024-09-01T19:40:23Z</time></trkpt>
<trkpt lat="45.372451" lon="-75.84267"><ele>23.0</ele><time>2024-09-01T19:40:24Z</time></trkpt>
<trkpt lat="45.372428" lon="-75.842652"><ele>23.0</ele><time>2024-09-01T19:40:25Z</time></trkpt>
<trkpt lat="45.372406" lon="-75.842643"><ele>23.0</ele><time>2024-09-01T19:40:26Z</time></trkpt>
<trkpt lat="45.372384" lon="-75.842634"><ele>23.0</ele><time>2024-09-01T19:40:27Z</time></trkpt>
<trkpt lat="45.372362" lon="-75.842634"><ele>23.0</ele><time>2024-09-01T19:40:28Z</time></trkpt>
<trkpt lat="45.372337" lon="-75.842634"><ele>23.0</ele><time>2024-09-01T19:40:29Z</time></trkpt>
<trkpt lat="45.372314" lon="-75.842634"><ele>23.0</ele><time>2024-09-01T19:40:30Z</time></trkpt>
<trkpt lat="45.372292" lon="-75.842634"><ele>23.0</ele><time>2024-09-01T19:40:31Z</time></trkpt>
<trkpt lat="45.37227" lon="-75.842634"><ele>23.0</ele><time>2024-09-01T19:40:32Z</time></trkpt>
<trkpt lat="45.372248" lon="-75.842616"><ele>23.0</ele><time>2024-09-01T19:40:33Z</time></trkpt>
<trkpt lat="45.372226" lon="-75.842598"><ele>23.0</ele><time>2024-09-01T19:40:34Z</time></trkpt>
<trkpt lat="45.3722" lon="-75.84258"><ele>23.0</ele><time>2024-09-01T19:40:35Z</time></trkpt>
<trkpt lat="45.372181" lon="-75.842562"><ele>23.0</ele><time>2024-09-01T19:40:36Z</time></trkpt>
<trkpt lat="45.372156" lon="-75.842535"><ele>23.0</ele><time>2024-09-01T19:40:37Z</time></trkpt>
<trkpt lat="45.372131" lon="-75.842517"><ele>23.0</ele><time>2024-09-01T19:40:38Z</time></trkpt>
<trkpt lat="45.372105" lon="-75.842499"><ele>23.0</ele><time>2024-09-01T19:40:39Z</time></trkpt>
<trkpt lat="45.372086" lon="-75.842481"><ele>22.0</ele><time>2024-09-01T19:40:40Z</time></trkpt>
<trkpt lat="45.372071" lon="-75.842454"><ele>22.0</ele><time>2024-09-01T19:40:41Z</time></trkpt>
<trkpt lat="45.372058" lon="-75.842418"><ele>22.0</ele><time>2024-09-01T19:40:42Z</time></trkpt>
<trkpt lat="45.372042" lon="-75.842391"><ele>22.0</ele><time>2024-09-01T19:40:43Z</time></trkpt>
<trkpt lat="45.372023" lon="-75.842373"><ele>22.0</ele><time>2024-09-01T19:40:44Z</time></trkpt>
<trkpt lat="45.37201" lon="-75.842346"><ele>23.0</ele><time>2024-09-01T19:40:45Z</time></trkpt>
<trkpt lat="45.371998" lon="-75.842328"><ele>23.0</ele><time>2024-09-01T19:40:46Z</time></trkpt>
<trkpt lat="45.371985" lon="-75.842301"><ele>23.0</ele><time>2024-09-01T19:40:47Z</time></trkpt>
<trkpt lat="45.371969" lon="-75.842275"><ele>23.0</ele><time>2024-09-01T19:40:48Z</time></trkpt>
<trkpt lat="45.371954" lon="-75.842248"><ele>22.0</ele><time>2024-09-01T19:40:49Z</time></trkpt>
<trkpt lat="45.371935" lon="-75.84223"><ele>22.0</ele><time>2024-09-01T19:40:50Z</time></trkpt>
<trkpt lat="45.371916" lon="-75.842203"><ele>23.0</ele><time>2024-09-01T19:40:51Z</time></trkpt>
<trkpt lat="45.3719" lon="-75.842185"><ele>23.0</ele><time>2024-09-01T19:40:52Z</time></trkpt>
<trkpt lat="45.371881" lon="-75.842158"><ele>23.0</ele><time>2024-09-01T19:40:53Z</time></trkpt>
<trkpt lat="45.371865" lon="-75.84214"><ele>23.0</ele><time>2024-09-01T19:40:54Z</time></trkpt>
<trkpt lat="45.371846" lon="-75.842113"><ele>23.0</ele><time>2024-09-01T19:40:55Z</time></trkpt>
<trkpt lat="45.371824" lon="-75.842086"><ele>23.0</ele><time>2024-09-01T19:40:56Z</time></trkpt>
<trkpt lat="45.371805" lon="-75.842068"><ele>23.0</ele><time>2024-09-01T19:40:57Z</time></trkpt>
<trkpt lat="45.371783" lon="-75.842041"><ele>23.0</ele><time>2024-09-01T19:40:58Z</time></trkpt>
<trkpt lat="45.37176" lon="-75.842023"><ele>23.0</ele><time>2024-09-01T19:40:59Z</time></trkpt>
<trkpt lat="45.371738" lon="-75.841987"><ele>23.0</ele><time>2024-09-01T19:41:00Z</time></trkpt>
<trkpt lat="45.371713" lon="-75.84196"><ele>23.0</ele><time>2024-09-01T19:41:01Z</time></trkpt>
<trkpt lat="45.371688" lon="-75.841933"><ele>23.0</ele><time>2024-09-01T19:41:02Z</time></trkpt>
<trkpt lat="45.371665" lon="-75.841906"><ele>23.0</ele><time>2024-09-01T19:41:03Z</time></trkpt>
<trkpt lat="45.371643" lon="-75.841879"><ele>23.0</ele><time>2024-09-01T19:41:04Z</time></trkpt>
<trkpt lat="45.371621" lon="-75.841852"><ele>23.0</ele><time>2024-09-01T19:41:05Z</time></trkpt>
<trkpt lat="45.371599" lon="-75.841825"><ele>23.0</ele><time>2024-09-01T19:41:06Z</time></trkpt>
<trkpt lat="45.37158" lon="-75.841807"><ele>23.0</ele><time>2024-09-01T19:41:07Z</time></trkpt>
<trkpt lat="45.371558" lon="-75.84178"><ele>23.0</ele><time>2024-09-01T19:41:08Z</time></trkpt>
<trkpt lat="45.371539" lon="-75.841763"><ele>23.0</ele><time>2024-09-01T19:41:09Z</time></trkpt>
<trkpt lat="45.371517" lon="-75.841745"><ele>23.0</ele><time>2024-09-01T19:41:10Z</time></trkpt>
<trkpt lat="45.371494" lon="-75.841727"><ele>23.0</ele><time>2024-09-01T19:41:11Z</time></trkpt>
<trkpt lat="45.371472" lon="-75.8417"><ele>23.0</ele><time>2024-09-01T19:41:12Z</time></trkpt>
<trkpt lat="45.371447" lon="-75.841682"><ele>23.0</ele><time>2024-09-01T19:41:13Z</time></trkpt>
<trkpt lat="45.371425" lon="-75.841664"><ele>23.0</ele><time>2024-09-01T19:41:14Z</time></trkpt>
<trkpt lat="45.371399" lon="-75.841637"><ele>23.0</ele><time>2024-09-01T19:41:15Z</time></trkpt>
<trkpt lat="45.371371" lon="-75.841619"><ele>23.0</ele><time>2024-09-01T19:41:16Z</time></trkpt>
<trkpt lat="45.371346" lon="-75.841592"><ele>23.0</ele><time>2024-09-01T19:41:17Z</time></trkpt>
<trkpt lat="45.371317" lon="-75.841574"><ele>23.0</ele><time>2024-09-01T19:41:18Z</time></trkpt>
<trkpt lat="45.371292" lon="-75.841565"><ele>23.0</ele><time>2024-09-01T19:41:19Z</time></trkpt>
<trkpt lat="45.37127" lon="-75.841547"><ele>23.0</ele><time>2024-09-01T19:41:20Z</time></trkpt>
<trkpt lat="45.371248" lon="-75.841529"><ele>23.0</ele><time>2024-09-01T19:41:21Z</time></trkpt>
<trkpt lat="45.371225" lon="-75.841502"><ele>24.0</ele><time>2024-09-01T19:41:22Z</time></trkpt>
<trkpt lat="45.371203" lon="-75.841484"><ele>24.0</ele><time>2024-09-01T19:41:23Z</time></trkpt>
<trkpt lat="45.371175" lon="-75.841466"><ele>24.0</ele><time>2024-09-01T19:41:24Z</time></trkpt>
<trkpt lat="45.371149" lon="-75.841448"><ele>24.0</ele><time>2024-09-01T19:41:25Z</time></trkpt>
<trkpt lat="45.371121" lon="-75.84143"><ele>24.0</ele><time>2024-09-01T19:41:26Z</time></trkpt>
<trkpt lat="45.371099" lon="-75.841412"><ele>24.0</ele><time>2024-09-01T19:41:27Z</time></trkpt>
<trkpt lat="45.371077" lon="-75.841385"><ele>24.0</ele><time>2024-09-01T19:41:28Z</time></trkpt>
<trkpt lat="45.371054" lon="-75.841367"><ele>24.0</ele><time>2024-09-01T19:41:29Z</time></trkpt>
<trkpt lat="45.371029" lon="-75.841349"><ele>23.0</ele><time>2024-09-01T19:41:30Z</time></trkpt>
<trkpt lat="45.371004" lon="-75.84134"><ele>23.0</ele><time>2024-09-01T19:41:31Z</time></trkpt>
<trkpt lat="45.370975" lon="-75.84134"><ele>24.0</ele><time>2024-09-01T19:41:32Z</time></trkpt>
<trkpt lat="45.37095" lon="-75.841331"><ele>24.0</ele><time>2024-09-01T19:41:33Z</time></trkpt>
<trkpt lat="45.370921" lon="-75.841322"><ele>24.0</ele><time>2024-09-01T19:41:34Z</time></trkpt>
<trkpt lat="45.370896" lon="-75.841313"><ele>24.0</ele><time>2024-09-01T19:41:35Z</time></trkpt>
<trkpt lat="45.370871" lon="-75.841313"><ele>24.0</ele><time>2024-09-01T19:41:36Z</time></trkpt>
<trkpt lat="45.370845" lon="-75.841304"><ele>24.0</ele><time>2024-09-01T19:41:37Z</time></trkpt>
<trkpt lat="45.370823" lon="-75.841295"><ele>24.0</ele><time>2024-09-01T19:41:38Z</time></trkpt>
<trkpt lat="45.370804" lon="-75.841286"><ele>25.0</ele><time>2024-09-01T19:41:39Z</time></trkpt>
<trkpt lat="45.370779" lon="-75.841268"><ele>25.0</ele><time>2024-09-01T19:41:40Z</time></trkpt>
<trkpt lat="45.370754" lon="-75.841251"><ele>25.0</ele><time>2024-09-01T19:41:41Z</time></trkpt>
<trkpt lat="45.370728" lon="-75.841242"><ele>25.0</ele><time>2024-09-01T19:41:42Z</time></trkpt>
<trkpt lat="45.370709" lon="-75.841224"><ele>25.0</ele><time>2024-09-01T19:41:43Z</time></trkpt>
<trkpt lat="45.37069" lon="-75.841215"><ele>25.0</ele><time>2024-09-01T19:41:44Z</time></trkpt>
<trkpt lat="45.370675" lon="-75.841197"><ele>25.0</ele><time>2024-09-01T19:41:45Z</time></trkpt>
<trkpt lat="45.370659" lon="-75.841179"><ele>25.0</ele><time>2024-09-01T19:41:46Z</time></trkpt>
<trkpt lat="45.370643" lon="-75.841161"><ele>25.0</ele><time>2024-09-01T19:41:47Z</time></trkpt>
<trkpt lat="45.370627" lon="-75.841134"><ele>25.0</ele><time>2024-09-01T19:41:48Z</time></trkpt>
<trkpt lat="45.370614" lon="-75.841107"><ele>25.0</ele><time>2024-09-01T19:41:49Z</time></trkpt>
<trkpt lat="45.370605" lon="-75.841089"><ele>25.0</ele><time>2024-09-01T19:41:50Z</time></trkpt>
<trkpt lat="45.370595" lon="-75.841062"><ele>25.0</ele><time>2024-09-01T19:41:51Z</time></trkpt>
<trkpt lat="45.370586" lon="-75.841035"><ele>25.0</ele><time>2024-09-01T19:41:52Z</time></trkpt>
<trkpt lat="45.37058" lon="-75.841008"><ele>25.0</ele><time>2024-09-01T19:41:53Z</time></trkpt>
<trkpt lat="45.370576" lon="-75.840981"><ele>25.0</ele><time>2024-09-01T19:41:54Z</time></trkpt>
<trkpt lat="45.37058" lon="-75.840945"><ele>25.0</ele><time>2024-09-01T19:41:55Z</time></trkpt>
<trkpt lat="45.370583" lon="-75.840918"><ele>25.0</ele><time>2024-09-01T19:41:56Z</time></trkpt>
<trkpt lat="45.370589" lon="-75.840882"><ele>25.0</ele><time>2024-09-01T19:41:57Z</time></trkpt>
<trkpt lat="45.370595" lon="-75.840855"><ele>25.0</ele><time>2024-09-01T19:41:58Z</time></trkpt>
<trkpt lat="45.370599" lon="-75.840819"><ele>25.0</ele><time>2024-09-01T19:41:59Z</time></trkpt>
<trkpt lat="45.370595" lon="-75.840792"><ele>25.0</ele><time>2024-09-01T19:42:00Z</time></trkpt>
<trkpt lat="45.370592" lon="-75.840756"><ele>25.0</ele><time>2024-09-01T19:42:01Z</time></trkpt>
<trkpt lat="45.370592" lon="-75.84073"><ele>25.0</ele><time>2024-09-01T19:42:02Z</time></trkpt>
<trkpt lat="45.370595" lon="-75.840694"><ele>24.0</ele><time>2024-09-01T19:42:03Z</time></trkpt>
<trkpt lat="45.370599" lon="-75.840658"><ele>24.0</ele><time>2024-09-01T19:42:04Z</time></trkpt>
<trkpt lat="45.370599" lon="-75.840622"><ele>24.0</ele><time>2024-09-01T19:42:05Z</time></trkpt>
<trkpt lat="45.370599" lon="-75.840595"><ele>24.0</ele><time>2024-09-01T19:42:06Z</time></trkpt>
<trkpt lat="45.370602" lon="-75.84055"><ele>24.0</ele><time>2024-09-01T19:42:07Z</time></trkpt>
<trkpt lat="45.370599" lon="-75.840514"><ele>24.0</ele><time>2024-09-01T19:42:08Z</time></trkpt>
<trkpt lat="45.370595" lon="-75.840478"><ele>24.0</ele><time>2024-09-01T19:42:09Z</time></trkpt>
<trkpt lat="45.370595" lon="-75.840442"><ele>24.0</ele><time>2024-09-01T19:42:10Z</time></trkpt>
<trkpt lat="45.370592" lon="-75.840415"><ele>24.0</ele><time>2024-09-01T19:42:11Z</time></trkpt>
<trkpt lat="45.370589" lon="-75.840379"><ele>24.0</ele><time>2024-09-01T19:42:12Z</time></trkpt>
<trkpt lat="45.370586" lon="-75.840343"><ele>24.0</ele><time>2024-09-01T19:42:13Z</time></trkpt>
<trkpt lat="45.370589" lon="-75.840298"><ele>24.0</ele><time>2024-09-01T19:42:14Z</time></trkpt>
<trkpt lat="45.370589" lon="-75.840271"><ele>24.0</ele><time>2024-09-01T19:42:15Z</time></trkpt>
<trkpt lat="45.370586" lon="-75.840235"><ele>24.0</ele><time>2024-09-01T19:42:16Z</time></trkpt>
<trkpt lat="45.370583" lon="-75.8402"><ele>24.0</ele><time>2024-09-01T19:42:17Z</time></trkpt>
<trkpt lat="45.37058" lon="-75.840164"><ele>24.0</ele><time>2024-09-01T19:42:18Z</time></trkpt>
<trkpt lat="45.370573" lon="-75.840128"><ele>24.0</ele><time>2024-09-01T19:42:19Z</time></trkpt>
<trkpt lat="45.37057" lon="-75.840083"><ele>24.0</ele><time>2024-09-01T19:42:20Z</time></trkpt>
<trkpt lat="45.370567" lon="-75.840047"><ele>24.0</ele><time>2024-09-01T19:42:21Z</time></trkpt>
<trkpt lat="45.37057" lon="-75.840011"><ele>24.0</ele><time>2024-09-01T19:42:22Z</time></trkpt>
<trkpt lat="45.37057" lon="-75.839975"><ele>24.0</ele><time>2024-09-01T19:42:23Z</time></trkpt>
<trkpt lat="45.37057" lon="-75.839939"><ele>24.0</ele><time>2024-09-01T19:42:24Z</time></trkpt>
<trkpt lat="45.37057" lon="-75.839903"><ele>24.0</ele><time>2024-09-01T19:42:25Z</time></trkpt>
<trkpt lat="45.370564" lon="-75.839867"><ele>24.0</ele><time>2024-09-01T19:42:26Z</time></trkpt>
<trkpt lat="45.370557" lon="-75.839822"><ele>24.0</ele><time>2024-09-01T19:42:27Z</time></trkpt>
<trkpt lat="45.370557" lon="-75.839786"><ele>24.0</ele><time>2024-09-01T19:42:28Z</time></trkpt>
<trkpt lat="45.370557" lon="-75.83975"><ele>23.0</ele><time>2024-09-01T19:42:29Z</time></trkpt>
<trkpt lat="45.370557" lon="-75.839714"><ele>23.0</ele><time>2024-09-01T19:42:30Z</time></trkpt>
<trkpt lat="45.370551" lon="-75.839687"><ele>24.0</ele><time>2024-09-01T19:42:31Z</time></trkpt>
<trkpt lat="45.370545" lon="-75.839643"><ele>24.0</ele><time>2024-09-01T19:42:32Z</time></trkpt>
<trkpt lat="45.370542" lon="-75.839607"><ele>24.0</ele><time>2024-09-01T19:42:33Z</time></trkpt>
<trkpt lat="45.370542" lon="-75.839562"><ele>24.0</ele><time>2024-09-01T19:42:34Z</time></trkpt>
<trkpt lat="45.370538" lon="-75.839526"><ele>24.0</ele><time>2024-09-01T19:42:35Z</time></trkpt>
<trkpt lat="45.370535" lon="-75.83949"><ele>24.0</ele><time>2024-09-01T19:42:36Z</time></trkpt>
<trkpt lat="45.370532" lon="-75.839454"><ele>24.0</ele><time>2024-09-01T19:42:37Z</time></trkpt>
<trkpt lat="45.370526" lon="-75.839409"><ele>24.0</ele><time>2024-09-01T19:42:38Z</time></trkpt>
<trkpt lat="45.370526" lon="-75.839364"><ele>24.0</ele><time>2024-09-01T19:42:39Z</time></trkpt>
<trkpt lat="45.370516" lon="-75.839346"><ele>23.0</ele><time>2024-09-01T19:42:40Z</time></trkpt>
<trkpt lat="45.370516" lon="-75.839346"><ele>23.0</ele><time>2024-09-01T19:42:41Z</time></trkpt>
<trkpt lat="45.370504" lon="-75.839337"><ele>23.0</ele><time>2024-09-01T19:42:41Z</time></trkpt>
<trkpt lat="45.370504" lon="-75.839301"><ele>23.0</ele><time>2024-09-01T19:42:42Z</time></trkpt>
<trkpt lat="45.370504" lon="-75.839247"><ele>23.0</ele><time>2024-09-01T19:42:43Z</time></trkpt>
<trkpt lat="45.3705" lon="-75.839202"><ele>23.0</ele><time>2024-09-01T19:42:44Z</time></trkpt>
<trkpt lat="45.3705" lon="-75.839158"><ele>23.0</ele><time>2024-09-01T19:42:45Z</time></trkpt>
<trkpt lat="45.370494" lon="-75.839122"><ele>23.0</ele><time>2024-09-01T19:42:46Z</time></trkpt>
<trkpt lat="45.370491" lon="-75.839077"><ele>23.0</ele><time>2024-09-01T19:42:47Z</time></trkpt>
<trkpt lat="45.370488" lon="-75.839032"><ele>23.0</ele><time>2024-09-01T19:42:48Z</time></trkpt>
<trkpt lat="45.370481" lon="-75.838996"><ele>23.0</ele><time>2024-09-01T19:42:49Z</time></trkpt>
<trkpt lat="45.370472" lon="-75.838969"><ele>22.0</ele><time>2024-09-01T19:42:50Z</time></trkpt>
<trkpt lat="45.370462" lon="-75.838933"><ele>22.0</ele><time>2024-09-01T19:42:51Z</time></trkpt>
<trkpt lat="45.370453" lon="-75.838897"><ele>22.0</ele><time>2024-09-01T19:42:52Z</time></trkpt>
<trkpt lat="45.370443" lon="-75.838861"><ele>22.0</ele><time>2024-09-01T19:42:53Z</time></trkpt>
<trkpt lat="45.370437" lon="-75.838816"><ele>22.0</ele><time>2024-09-01T19:42:54Z</time></trkpt>
<trkpt lat="45.370434" lon="-75.83878"><ele>22.0</ele><time>2024-09-01T19:42:55Z</time></trkpt>
<trkpt lat="45.370431" lon="-75.838726"><ele>22.0</ele><time>2024-09-01T19:42:56Z</time></trkpt>
<trkpt lat="45.370428" lon="-75.83869"><ele>22.0</ele><time>2024-09-01T19:42:57Z</time></trkpt>
<trkpt lat="45.370424" lon="-75.838645"><ele>22.0</ele><time>2024-09-01T19:42:58Z</time></trkpt>
<trkpt lat="45.370421" lon="-75.838619"><ele>22.0</ele><time>2024-09-01T19:42:59Z</time></trkpt>
<trkpt lat="45.370415" lon="-75.838583"><ele>22.0</ele><time>2024-09-01T19:43:00Z</time></trkpt>
<trkpt lat="45.370409" lon="-75.838547"><ele>23.0</ele><time>2024-09-01T19:43:01Z</time></trkpt>
<trkpt lat="45.370405" lon="-75.838502"><ele>23.0</ele><time>2024-09-01T19:43:02Z</time></trkpt>
<trkpt lat="45.370409" lon="-75.838466"><ele>23.0</ele><time>2024-09-01T19:43:03Z</time></trkpt>
<trkpt lat="45.370415" lon="-75.838421"><ele>23.0</ele><time>2024-09-01T19:43:04Z</time></trkpt>
<trkpt lat="45.370421" lon="-75.838385"><ele>23.0</ele><time>2024-09-01T19:43:05Z</time></trkpt>
<trkpt lat="45.370424" lon="-75.838349"><ele>23.0</ele><time>2024-09-01T19:43:06Z</time></trkpt>
<trkpt lat="45.370434" lon="-75.838304"><ele>23.0</ele><time>2024-09-01T19:43:07Z</time></trkpt>
<trkpt lat="45.370447" lon="-75.838277"><ele>23.0</ele><time>2024-09-01T19:43:08Z</time></trkpt>
<trkpt lat="45.370456" lon="-75.838241"><ele>23.0</ele><time>2024-09-01T19:43:09Z</time></trkpt>
<trkpt lat="45.370466" lon="-75.838205"><ele>23.0</ele><time>2024-09-01T19:43:10Z</time></trkpt>
<trkpt lat="45.370475" lon="-75.838169"><ele>23.0</ele><time>2024-09-01T19:43:11Z</time></trkpt>
<trkpt lat="45.370488" lon="-75.838133"><ele>23.0</ele><time>2024-09-01T19:43:12Z</time></trkpt>
<trkpt lat="45.370497" lon="-75.838098"><ele>23.0</ele><time>2024-09-01T19:43:13Z</time></trkpt>
<trkpt lat="45.370504" lon="-75.838062"><ele>23.0</ele><time>2024-09-01T19:43:14Z</time></trkpt>
<trkpt lat="45.37051" lon="-75.838026"><ele>23.0</ele><time>2024-09-01T19:43:15Z</time></trkpt>
<trkpt lat="45.370516" lon="-75.83799"><ele>23.0</ele><time>2024-09-01T19:43:16Z</time></trkpt>
<trkpt lat="45.370516" lon="-75.837954"><ele>23.0</ele><time>2024-09-01T19:43:17Z</time></trkpt>
<trkpt lat="45.37051" lon="-75.837909"><ele>24.0</ele><time>2024-09-01T19:43:18Z</time></trkpt>
<trkpt lat="45.37051" lon="-75.837873"><ele>23.0</ele><time>2024-09-01T19:43:19Z</time></trkpt>
<trkpt lat="45.370519" lon="-75.837837"><ele>23.0</ele><time>2024-09-01T19:43:20Z</time></trkpt>
<trkpt lat="45.370526" lon="-75.83781"><ele>23.0</ele><time>2024-09-01T19:43:21Z</time></trkpt>
<trkpt lat="45.370529" lon="-75.837774"><ele>23.0</ele><time>2024-09-01T19:43:22Z</time></trkpt>
<trkpt lat="45.370538" lon="-75.837738"><ele>23.0</ele><time>2024-09-01T19:43:23Z</time></trkpt>
<trkpt lat="45.370545" lon="-75.837702"><ele>23.0</ele><time>2024-09-01T19:43:24Z</time></trkpt>
<trkpt lat="45.370545" lon="-75.837657"><ele>24.0</ele><time>2024-09-01T19:43:25Z</time></trkpt>
<trkpt lat="45.370545" lon="-75.837621"><ele>23.0</ele><time>2024-09-01T19:43:26Z</time></trkpt>
<trkpt lat="45.370551" lon="-75.837586"><ele>23.0</ele><time>2024-09-01T19:43:27Z</time></trkpt>
<trkpt lat="45.370557" lon="-75.83755"><ele>23.0</ele><time>2024-09-01T19:43:28Z</time></trkpt>
<trkpt lat="45.370561" lon="-75.837514"><ele>23.0</ele><time>2024-09-01T19:43:29Z</time></trkpt>
<trkpt lat="45.370561" lon="-75.837478"><ele>23.0</ele><time>2024-09-01T19:43:30Z</time></trkpt>
<trkpt lat="45.370557" lon="-75.837442"><ele>23.0</ele><time>2024-09-01T19:43:31Z</time></trkpt>
<trkpt lat="45.370557" lon="-75.837406"><ele>23.0</ele><time>2024-09-01T19:43:32Z</time></trkpt>
<trkpt lat="45.370557" lon="-75.83737"><ele>23.0</ele><time>2024-09-01T19:43:33Z</time></trkpt>
<trkpt lat="45.370554" lon="-75.837334"><ele>23.0</ele><time>2024-09-01T19:43:34Z</time></trkpt>
<trkpt lat="45.370551" lon="-75.837307"><ele>23.0</ele><time>2024-09-01T19:43:35Z</time></trkpt>
<trkpt lat="45.370545" lon="-75.837271"><ele>23.0</ele><time>2024-09-01T19:43:36Z</time></trkpt>
<trkpt lat="45.370542" lon="-75.837235"><ele>23.0</ele><time>2024-09-01T19:43:37Z</time></trkpt>
<trkpt lat="45.370542" lon="-75.83719"><ele>23.0</ele><time>2024-09-01T19:43:38Z</time></trkpt>
<trkpt lat="45.370542" lon="-75.837154"><ele>23.0</ele><time>2024-09-01T19:43:39Z</time></trkpt>
<trkpt lat="45.370545" lon="-75.837109"><ele>22.0</ele><time>2024-09-01T19:43:40Z</time></trkpt>
<trkpt lat="45.370545" lon="-75.837082"><ele>23.0</ele><time>2024-09-01T19:43:41Z</time></trkpt>
<trkpt lat="45.370542" lon="-75.837056"><ele>23.0</ele><time>2024-09-01T19:43:42Z</time></trkpt>
<trkpt lat="45.370535" lon="-75.83702"><ele>22.0</ele><time>2024-09-01T19:43:43Z</time></trkpt>
<trkpt lat="45.370532" lon="-75.836984"><ele>23.0</ele><time>2024-09-01T19:43:44Z</time></trkpt>
<trkpt lat="45.370526" lon="-75.836948"><ele>22.0</ele><time>2024-09-01T19:43:45Z</time></trkpt>
<trkpt lat="45.370523" lon="-75.836912"><ele>22.0</ele><time>2024-09-01T19:43:46Z</time></trkpt>
<trkpt lat="45.370519" lon="-75.836867"><ele>23.0</ele><time>2024-09-01T19:43:47Z</time></trkpt>
<trkpt lat="45.370516" lon="-75.83684"><ele>23.0</ele><time>2024-09-01T19:43:48Z</time></trkpt>
<trkpt lat="45.37051" lon="-75.836804"><ele>22.0</ele><time>2024-09-01T19:43:49Z</time></trkpt>
<trkpt lat="45.3705" lon="-75.836777"><ele>23.0</ele><time>2024-09-01T19:43:50Z</time></trkpt>
<trkpt lat="45.370491" lon="-75.83675"><ele>23.0</ele><time>2024-09-01T19:43:51Z</time></trkpt>
<trkpt lat="45.370481" lon="-75.836705"><ele>22.0</ele><time>2024-09-01T19:43:52Z</time></trkpt>
<trkpt lat="45.370481" lon="-75.836669"><ele>22.0</ele><time>2024-09-01T19:43:53Z</time></trkpt>
<trkpt lat="45.370478" lon="-75.836642"><ele>22.0</ele><time>2024-09-01T19:43:54Z</time></trkpt>
<trkpt lat="45.370475" lon="-75.836615"><ele>23.0</ele><time>2024-09-01T19:43:55Z</time></trkpt>
<trkpt lat="45.370469" lon="-75.836579"><ele>23.0</ele><time>2024-09-01T19:43:56Z</time></trkpt>
<trkpt lat="45.370462" lon="-75.836544"><ele>23.0</ele><time>2024-09-01T19:43:57Z</time></trkpt>
<trkpt lat="45.370459" lon="-75.836508"><ele>23.0</ele><time>2024-09-01T19:43:58Z</time></trkpt>
<trkpt lat="45.370459" lon="-75.836472"><ele>23.0</ele><time>2024-09-01T19:43:59Z</time></trkpt>
<trkpt lat="45.370456" lon="-75.836436"><ele>23.0</ele><time>2024-09-01T19:44:00Z</time></trkpt>
<trkpt lat="45.37045" lon="-75.8364"><ele>23.0</ele><time>2024-09-01T19:44:01Z</time></trkpt>
<trkpt lat="45.370443" lon="-75.836364"><ele>23.0</ele><time>2024-09-01T19:44:02Z</time></trkpt>
<trkpt lat="45.370443" lon="-75.836328"><ele>23.0</ele><time>2024-09-01T19:44:03Z</time></trkpt>
<trkpt lat="45.370447" lon="-75.836292"><ele>23.0</ele><time>2024-09-01T19:44:04Z</time></trkpt>
<trkpt lat="45.37045" lon="-75.836256"><ele>23.0</ele><time>2024-09-01T19:44:05Z</time></trkpt>
<trkpt lat="45.370447" lon="-75.83622"><ele>23.0</ele><time>2024-09-01T19:44:06Z</time></trkpt>
<trkpt lat="45.370443" lon="-75.836184"><ele>23.0</ele><time>2024-09-01T19:44:07Z</time></trkpt>
<trkpt lat="45.370447" lon="-75.836139"><ele>23.0</ele><time>2024-09-01T19:44:08Z</time></trkpt>
<trkpt lat="45.37045" lon="-75.836103"><ele>23.0</ele><time>2024-09-01T19:44:09Z</time></trkpt>
<trkpt lat="45.37045" lon="-75.836067"><ele>23.0</ele><time>2024-09-01T19:44:10Z</time></trkpt>
<trkpt lat="45.370447" lon="-75.836031"><ele>23.0</ele><time>2024-09-01T19:44:11Z</time></trkpt>
<trkpt lat="45.370434" lon="-75.835996"><ele>22.0</ele><time>2024-09-01T19:44:12Z</time></trkpt>
<trkpt lat="45.370428" lon="-75.835951"><ele>23.0</ele><time>2024-09-01T19:44:13Z</time></trkpt>
<trkpt lat="45.370428" lon="-75.835906"><ele>23.0</ele><time>2024-09-01T19:44:14Z</time></trkpt>
<trkpt lat="45.370431" lon="-75.83587"><ele>23.0</ele><time>2024-09-01T19:44:15Z</time></trkpt>
<trkpt lat="45.370434" lon="-75.835834"><ele>22.0</ele><time>2024-09-01T19:44:16Z</time></trkpt>
<trkpt lat="45.370437" lon="-75.835798"><ele>22.0</ele><time>2024-09-01T19:44:17Z</time></trkpt>
<trkpt lat="45.370434" lon="-75.835771"><ele>23.0</ele><time>2024-09-01T19:44:18Z</time></trkpt>
<trkpt lat="45.370431" lon="-75.835735"><ele>23.0</ele><time>2024-09-01T19:44:19Z</time></trkpt>
<trkpt lat="45.370431" lon="-75.83569"><ele>23.0</ele><time>2024-09-01T19:44:20Z</time></trkpt>
<trkpt lat="45.370431" lon="-75.835645"><ele>23.0</ele><time>2024-09-01T19:44:21Z</time></trkpt>
<trkpt lat="45.370431" lon="-75.835609"><ele>23.0</ele><time>2024-09-01T19:44:22Z</time></trkpt>
<trkpt lat="45.370431" lon="-75.835573"><ele>23.0</ele><time>2024-09-01T19:44:23Z</time></trkpt>
<trkpt lat="45.370428" lon="-75.835537"><ele>23.0</ele><time>2024-09-01T19:44:24Z</time></trkpt>
<trkpt lat="45.370424" lon="-75.83551"><ele>23.0</ele><time>2024-09-01T19:44:25Z</time></trkpt>
<trkpt lat="45.370418" lon="-75.835475"><ele>23.0</ele><time>2024-09-01T19:44:26Z</time></trkpt>
<trkpt lat="45.370412" lon="-75.835439"><ele>23.0</ele><time>2024-09-01T19:44:27Z</time></trkpt>
<trkpt lat="45.370409" lon="-75.835394"><ele>23.0</ele><time>2024-09-01T19:44:28Z</time></trkpt>
<trkpt lat="45.370405" lon="-75.835358"><ele>23.0</ele><time>2024-09-01T19:44:29Z</time></trkpt>
<trkpt lat="45.370402" lon="-75.835322"><ele>23.0</ele><time>2024-09-01T19:44:30Z</time></trkpt>
<trkpt lat="45.370399" lon="-75.835295"><ele>23.0</ele><time>2024-09-01T19:44:31Z</time></trkpt>
<trkpt lat="45.370396" lon="-75.835259"><ele>23.0</ele><time>2024-09-01T19:44:32Z</time></trkpt>
<trkpt lat="45.37039" lon="-75.835232"><ele>23.0</ele><time>2024-09-01T19:44:33Z</time></trkpt>
<trkpt lat="45.370383" lon="-75.835196"><ele>23.0</ele><time>2024-09-01T19:44:34Z</time></trkpt>
<trkpt lat="45.370377" lon="-75.835151"><ele>23.0</ele><time>2024-09-01T19:44:35Z</time></trkpt>
<trkpt lat="45.370377" lon="-75.835115"><ele>23.0</ele><time>2024-09-01T19:44:36Z</time></trkpt>
<trkpt lat="45.370377" lon="-75.835088"><ele>23.0</ele><time>2024-09-01T19:44:37Z</time></trkpt>
<trkpt lat="45.370374" lon="-75.835061"><ele>23.0</ele><time>2024-09-01T19:44:38Z</time></trkpt>
<trkpt lat="45.370371" lon="-75.835025"><ele>23.0</ele><time>2024-09-01T19:44:39Z</time></trkpt>
<trkpt lat="45.370367" lon="-75.834989"><ele>23.0</ele><time>2024-09-01T19:44:40Z</time></trkpt>
<trkpt lat="45.370367" lon="-75.834954"><ele>23.0</ele><time>2024-09-01T19:44:41Z</time></trkpt>
<trkpt lat="45.370367" lon="-75.834909"><ele>23.0</ele><time>2024-09-01T19:44:42Z</time></trkpt>
<trkpt lat="45.370364" lon="-75.834873"><ele>23.0</ele><time>2024-09-01T19:44:43Z</time></trkpt>
<trkpt lat="45.370364" lon="-75.834837"><ele>23.0</ele><time>2024-09-01T19:44:44Z</time></trkpt>
<trkpt lat="45.370361" lon="-75.83481"><ele>23.0</ele><time>2024-09-01T19:44:45Z</time></trkpt>
<trkpt lat="45.370355" lon="-75.834783"><ele>23.0</ele><time>2024-09-01T19:44:46Z</time></trkpt>
<trkpt lat="45.370352" lon="-75.834747"><ele>23.0</ele><time>2024-09-01T19:44:47Z</time></trkpt>
<trkpt lat="45.370348" lon="-75.834702"><ele>23.0</ele><time>2024-09-01T19:44:48Z</time></trkpt>
<trkpt lat="45.370348" lon="-75.834666"><ele>23.0</ele><time>2024-09-01T19:44:49Z</time></trkpt>
<trkpt lat="45.370348" lon="-75.83463"><ele>23.0</ele><time>2024-09-01T19:44:50Z</time></trkpt>
<trkpt lat="45.370348" lon="-75.834594"><ele>23.0</ele><time>2024-09-01T19:44:51Z</time></trkpt>
<trkpt lat="45.370345" lon="-75.834558"><ele>23.0</ele><time>2024-09-01T19:44:52Z</time></trkpt>
<trkpt lat="45.370342" lon="-75.834522"><ele>23.0</ele><time>2024-09-01T19:44:53Z</time></trkpt>
<trkpt lat="45.370339" lon="-75.834486"><ele>23.0</ele><time>2024-09-01T19:44:54Z</time></trkpt>
<trkpt lat="45.370336" lon="-75.834451"><ele>23.0</ele><time>2024-09-01T19:44:55Z</time></trkpt>
<trkpt lat="45.370333" lon="-75.834415"><ele>23.0</ele><time>2024-09-01T19:44:56Z</time></trkpt>
<trkpt lat="45.370323" lon="-75.834388"><ele>24.0</ele><time>2024-09-01T19:44:57Z</time></trkpt>
<trkpt lat="45.370317" lon="-75.834352"><ele>23.0</ele><time>2024-09-01T19:44:58Z</time></trkpt>
<trkpt lat="45.37031" lon="-75.834307"><ele>23.0</ele><time>2024-09-01T19:44:59Z</time></trkpt>
<trkpt lat="45.370307" lon="-75.834271"><ele>23.0</ele><time>2024-09-01T19:45:00Z</time></trkpt>
<trkpt lat="45.370307" lon="-75.834235"><ele>23.0</ele><time>2024-09-01T19:45:01Z</time></trkpt>
<trkpt lat="45.370304" lon="-75.834199"><ele>23.0</ele><time>2024-09-01T19:45:02Z</time></trkpt>
<trkpt lat="45.370301" lon="-75.834163"><ele>23.0</ele><time>2024-09-01T19:45:03Z</time></trkpt>
<trkpt lat="45.370295" lon="-75.834127"><ele>23.0</ele><time>2024-09-01T19:45:04Z</time></trkpt>
<trkpt lat="45.370285" lon="-75.834091"><ele>23.0</ele><time>2024-09-01T19:45:05Z</time></trkpt>
<trkpt lat="45.370276" lon="-75.834055"><ele>23.0</ele><time>2024-09-01T19:45:06Z</time></trkpt>
<trkpt lat="45.370269" lon="-75.834019"><ele>23.0</ele><time>2024-09-01T19:45:07Z</time></trkpt>
<trkpt lat="45.37026" lon="-75.833992"><ele>23.0</ele><time>2024-09-01T19:45:08Z</time></trkpt>
<trkpt lat="45.370253" lon="-75.833956"><ele>23.0</ele><time>2024-09-01T19:45:09Z</time></trkpt>
<trkpt lat="45.370241" lon="-75.833921"><ele>23.0</ele><time>2024-09-01T19:45:10Z</time></trkpt>
<trkpt lat="45.370228" lon="-75.833894"><ele>23.0</ele><time>2024-09-01T19:45:11Z</time></trkpt>
<trkpt lat="45.370219" lon="-75.833867"><ele>23.0</ele><time>2024-09-01T19:45:12Z</time></trkpt>
<trkpt lat="45.370206" lon="-75.833831"><ele>23.0</ele><time>2024-09-01T19:45:13Z</time></trkpt>
<trkpt lat="45.370196" lon="-75.833795"><ele>23.0</ele><time>2024-09-01T19:45:14Z</time></trkpt>
<trkpt lat="45.37019" lon="-75.833759"><ele>23.0</ele><time>2024-09-01T19:45:15Z</time></trkpt>
<trkpt lat="45.370184" lon="-75.833723"><ele>23.0</ele><time>2024-09-01T19:45:16Z</time></trkpt>
<trkpt lat="45.370177" lon="-75.833687"><ele>23.0</ele><time>2024-09-01T19:45:17Z</time></trkpt>
<trkpt lat="45.370168" lon="-75.83366"><ele>23.0</ele><time>2024-09-01T19:45:18Z</time></trkpt>
<trkpt lat="45.370158" lon="-75.833624"><ele>23.0</ele><time>2024-09-01T19:45:19Z</time></trkpt>
<trkpt lat="45.370149" lon="-75.833588"><ele>23.0</ele><time>2024-09-01T19:45:20Z</time></trkpt>
<trkpt lat="45.370139" lon="-75.833552"><ele>23.0</ele><time>2024-09-01T19:45:21Z</time></trkpt>
<trkpt lat="45.370133" lon="-75.833516"><ele>23.0</ele><time>2024-09-01T19:45:22Z</time></trkpt>
<trkpt lat="45.370127" lon="-75.83348"><ele>23.0</ele><time>2024-09-01T19:45:23Z</time></trkpt>
<trkpt lat="45.370117" lon="-75.833444"><ele>23.0</ele><time>2024-09-01T19:45:24Z</time></trkpt>
<trkpt lat="45.370105" lon="-75.833418"><ele>23.0</ele><time>2024-09-01T19:45:25Z</time></trkpt>
<trkpt lat="45.370092" lon="-75.833382"><ele>23.0</ele><time>2024-09-01T19:45:26Z</time></trkpt>
<trkpt lat="45.370083" lon="-75.833355"><ele>23.0</ele><time>2024-09-01T19:45:27Z</time></trkpt>
<trkpt lat="45.370073" lon="-75.833328"><ele>23.0</ele><time>2024-09-01T19:45:28Z</time></trkpt>
<trkpt lat="45.370067" lon="-75.833301"><ele>22.0</ele><time>2024-09-01T19:45:29Z</time></trkpt>
<trkpt lat="45.370057" lon="-75.833274"><ele>22.0</ele><time>2024-09-01T19:45:30Z</time></trkpt>
<trkpt lat="45.370051" lon="-75.833238"><ele>22.0</ele><time>2024-09-01T19:45:31Z</time></trkpt>
<trkpt lat="45.370041" lon="-75.833211"><ele>22.0</ele><time>2024-09-01T19:45:32Z</time></trkpt>
<trkpt lat="45.370032" lon="-75.833175"><ele>22.0</ele><time>2024-09-01T19:45:33Z</time></trkpt>
<trkpt lat="45.370022" lon="-75.833148"><ele>22.0</ele><time>2024-09-01T19:45:34Z</time></trkpt>
<trkpt lat="45.370013" lon="-75.833121"><ele>22.0</ele><time>2024-09-01T19:45:35Z</time></trkpt>
<trkpt lat="45.370007" lon="-75.833094"><ele>22.0</ele><time>2024-09-01T19:45:36Z</time></trkpt>
<trkpt lat="45.369997" lon="-75.833058"><ele>22.0</ele><time>2024-09-01T19:45:37Z</time></trkpt>
<trkpt lat="45.369991" lon="-75.833031"><ele>22.0</ele><time>2024-09-01T19:45:38Z</time></trkpt>
<trkpt lat="45.369984" lon="-75.832995"><ele>22.0</ele><time>2024-09-01T19:45:39Z</time></trkpt>
<trkpt lat="45.369978" lon="-75.832959"><ele>22.0</ele><time>2024-09-01T19:45:40Z</time></trkpt>
<trkpt lat="45.369969" lon="-75.832941"><ele>22.0</ele><time>2024-09-01T19:45:41Z</time></trkpt>
<trkpt lat="45.369956" lon="-75.832914"><ele>22.0</ele><time>2024-09-01T19:45:42Z</time></trkpt>
<trkpt lat="45.369943" lon="-75.832888"><ele>22.0</ele><time>2024-09-01T19:45:43Z</time></trkpt>
<trkpt lat="45.369934" lon="-75.832852"><ele>22.0</ele><time>2024-09-01T19:45:44Z</time></trkpt>
<trkpt lat="45.369924" lon="-75.832825"><ele>22.0</ele><time>2024-09-01T19:45:45Z</time></trkpt>
<trkpt lat="45.369918" lon="-75.832789"><ele>22.0</ele><time>2024-09-01T19:45:46Z</time></trkpt>
<trkpt lat="45.369915" lon="-75.832771"><ele>21.0</ele><time>2024-09-01T19:45:47Z</time></trkpt>
<trkpt lat="45.369908" lon="-75.832744"><ele>21.0</ele><time>2024-09-01T19:45:48Z</time></trkpt>
<trkpt lat="45.369899" lon="-75.832708"><ele>21.0</ele><time>2024-09-01T19:45:49Z</time></trkpt>
<trkpt lat="45.369886" lon="-75.832672"><ele>21.0</ele><time>2024-09-01T19:45:50Z</time></trkpt>
<trkpt lat="45.369874" lon="-75.832645"><ele>21.0</ele><time>2024-09-01T19:45:51Z</time></trkpt>
<trkpt lat="45.369861" lon="-75.832609"><ele>21.0</ele><time>2024-09-01T19:45:52Z</time></trkpt>
<trkpt lat="45.369848" lon="-75.832582"><ele>21.0</ele><time>2024-09-01T19:45:53Z</time></trkpt>
<trkpt lat="45.369839" lon="-75.832546"><ele>21.0</ele><time>2024-09-01T19:45:54Z</time></trkpt>
<trkpt lat="45.369829" lon="-75.83251"><ele>21.0</ele><time>2024-09-01T19:45:55Z</time></trkpt>
<trkpt lat="45.36982" lon="-75.832474"><ele>21.0</ele><time>2024-09-01T19:45:56Z</time></trkpt>
<trkpt lat="45.369807" lon="-75.832447"><ele>21.0</ele><time>2024-09-01T19:45:57Z</time></trkpt>
<trkpt lat="45.369794" lon="-75.832411"><ele>21.0</ele><time>2024-09-01T19:45:58Z</time></trkpt>
<trkpt lat="45.369785" lon="-75.832384"><ele>21.0</ele><time>2024-09-01T19:45:59Z</time></trkpt>
<trkpt lat="45.369775" lon="-75.832358"><ele>21.0</ele><time>2024-09-01T19:46:00Z</time></trkpt>
<trkpt lat="45.369763" lon="-75.832331"><ele>21.0</ele><time>2024-09-01T19:46:01Z</time></trkpt>
<trkpt lat="45.369753" lon="-75.832295"><ele>22.0</ele><time>2024-09-01T19:46:02Z</time></trkpt>
<trkpt lat="45.369741" lon="-75.832259"><ele>21.0</ele><time>2024-09-01T19:46:03Z</time></trkpt>
<trkpt lat="45.369731" lon="-75.832223"><ele>21.0</ele><time>2024-09-01T19:46:04Z</time></trkpt>
<trkpt lat="45.369722" lon="-75.832187"><ele>21.0</ele><time>2024-09-01T19:46:05Z</time></trkpt>
<trkpt lat="45.369712" lon="-75.832151"><ele>22.0</ele><time>2024-09-01T19:46:06Z</time></trkpt>
<trkpt lat="45.369703" lon="-75.832124"><ele>22.0</ele><time>2024-09-01T19:46:07Z</time></trkpt>
<trkpt lat="45.36969" lon="-75.832097"><ele>22.0</ele><time>2024-09-01T19:46:08Z</time></trkpt>
<trkpt lat="45.36968" lon="-75.83207"><ele>22.0</ele><time>2024-09-01T19:46:09Z</time></trkpt>
<trkpt lat="45.369665" lon="-75.832043"><ele>22.0</ele><time>2024-09-01T19:46:10Z</time></trkpt>
<trkpt lat="45.369652" lon="-75.831998"><ele>22.0</ele><time>2024-09-01T19:46:11Z</time></trkpt>
<trkpt lat="45.369646" lon="-75.831962"><ele>22.0</ele><time>2024-09-01T19:46:12Z</time></trkpt>
<trkpt lat="45.369639" lon="-75.831926"><ele>22.0</ele><time>2024-09-01T19:46:13Z</time></trkpt>
<trkpt lat="45.36963" lon="-75.831899"><ele>22.0</ele><time>2024-09-01T19:46:14Z</time></trkpt>
<trkpt lat="45.36962" lon="-75.831863"><ele>22.0</ele><time>2024-09-01T19:46:15Z</time></trkpt>
<trkpt lat="45.369604" lon="-75.831828"><ele>22.0</ele><time>2024-09-01T19:46:16Z</time></trkpt>
<trkpt lat="45.369592" lon="-75.831792"><ele>22.0</ele><time>2024-09-01T19:46:17Z</time></trkpt>
<trkpt lat="45.369579" lon="-75.831756"><ele>22.0</ele><time>2024-09-01T19:46:18Z</time></trkpt>
<trkpt lat="45.369566" lon="-75.83172"><ele>22.0</ele><time>2024-09-01T19:46:19Z</time></trkpt>
<trkpt lat="45.369557" lon="-75.831684"><ele>22.0</ele><time>2024-09-01T19:46:20Z</time></trkpt>
<trkpt lat="45.369544" lon="-75.831657"><ele>22.0</ele><time>2024-09-01T19:46:21Z</time></trkpt>
<trkpt lat="45.369525" lon="-75.831612"><ele>22.0</ele><time>2024-09-01T19:46:22Z</time></trkpt>
<trkpt lat="45.369513" lon="-75.831567"><ele>22.0</ele><time>2024-09-01T19:46:23Z</time></trkpt>
<trkpt lat="45.369497" lon="-75.831531"><ele>22.0</ele><time>2024-09-01T19:46:24Z</time></trkpt>
<trkpt lat="45.369487" lon="-75.831522"><ele>22.0</ele><time>2024-09-01T19:46:25Z</time></trkpt>
<trkpt lat="45.369484" lon="-75.831513"><ele>21.0</ele><time>2024-09-01T19:46:26Z</time></trkpt>
<trkpt lat="45.369475" lon="-75.831459"><ele>23.0</ele><time>2024-09-01T19:46:27Z</time></trkpt>
<trkpt lat="45.369462" lon="-75.831414"><ele>23.0</ele><time>2024-09-01T19:46:28Z</time></trkpt>
<trkpt lat="45.369456" lon="-75.831387"><ele>22.0</ele><time>2024-09-01T19:46:29Z</time></trkpt>
<trkpt lat="45.369449" lon="-75.83136"><ele>22.0</ele><time>2024-09-01T19:46:30Z</time></trkpt>
<trkpt lat="45.36944" lon="-75.831333"><ele>22.0</ele><time>2024-09-01T19:46:31Z</time></trkpt>
<trkpt lat="45.369424" lon="-75.831307"><ele>22.0</ele><time>2024-09-01T19:46:32Z</time></trkpt>
<trkpt lat="45.369415" lon="-75.831271"><ele>22.0</ele><time>2024-09-01T19:46:33Z</time></trkpt>
<trkpt lat="45.369405" lon="-75.831235"><ele>22.0</ele><time>2024-09-01T19:46:34Z</time></trkpt>
<trkpt lat="45.369396" lon="-75.831199"><ele>22.0</ele><time>2024-09-01T19:46:35Z</time></trkpt>
<trkpt lat="45.369389" lon="-75.831163"><ele>22.0</ele><time>2024-09-01T19:46:36Z</time></trkpt>
<trkpt lat="45.369383" lon="-75.831127"><ele>22.0</ele><time>2024-09-01T19:46:37Z</time></trkpt>
<trkpt lat="45.369373" lon="-75.8311"><ele>22.0</ele><time>2024-09-01T19:46:38Z</time></trkpt>
<trkpt lat="45.369367" lon="-75.831064"><ele>22.0</ele><time>2024-09-01T19:46:39Z</time></trkpt>
<trkpt lat="45.369358" lon="-75.831037"><ele>22.0</ele><time>2024-09-01T19:46:40Z</time></trkpt>
<trkpt lat="45.369348" lon="-75.831001"><ele>22.0</ele><time>2024-09-01T19:46:41Z</time></trkpt>
<trkpt lat="45.369339" lon="-75.830965"><ele>22.0</ele><time>2024-09-01T19:46:42Z</time></trkpt>
<trkpt lat="45.369332" lon="-75.830938"><ele>22.0</ele><time>2024-09-01T19:46:43Z</time></trkpt>
<trkpt lat="45.369323" lon="-75.830902"><ele>22.0</ele><time>2024-09-01T19:46:44Z</time></trkpt>
<trkpt lat="45.36931" lon="-75.830866"><ele>22.0</ele><time>2024-09-01T19:46:45Z</time></trkpt>
<trkpt lat="45.369301" lon="-75.83083"><ele>22.0</ele><time>2024-09-01T19:46:46Z</time></trkpt>
<trkpt lat="45.369291" lon="-75.830795"><ele>22.0</ele><time>2024-09-01T19:46:47Z</time></trkpt>
<trkpt lat="45.369285" lon="-75.830759"><ele>22.0</ele><time>2024-09-01T19:46:48Z</time></trkpt>
<trkpt lat="45.369275" lon="-75.830723"><ele>23.0</ele><time>2024-09-01T19:46:49Z</time></trkpt>
<trkpt lat="45.369266" lon="-75.830687"><ele>23.0</ele><time>2024-09-01T19:46:50Z</time></trkpt>
<trkpt lat="45.369259" lon="-75.83066"><ele>23.0</ele><time>2024-09-01T19:46:51Z</time></trkpt>
<trkpt lat="45.36925" lon="-75.830615"><ele>24.0</ele><time>2024-09-01T19:46:52Z</time></trkpt>
<trkpt lat="45.369244" lon="-75.83057"><ele>25.0</ele><time>2024-09-01T19:46:53Z</time></trkpt>
<trkpt lat="45.369237" lon="-75.830525"><ele>24.0</ele><time>2024-09-01T19:46:54Z</time></trkpt>
<trkpt lat="45.369228" lon="-75.830489"><ele>23.0</ele><time>2024-09-01T19:46:55Z</time></trkpt>
<trkpt lat="45.369218" lon="-75.830462"><ele>23.0</ele><time>2024-09-01T19:46:56Z</time></trkpt>
<trkpt lat="45.369209" lon="-75.830435"><ele>23.0</ele><time>2024-09-01T19:46:57Z</time></trkpt>
<trkpt lat="45.369199" lon="-75.830408"><ele>23.0</ele><time>2024-09-01T19:46:58Z</time></trkpt>
<trkpt lat="45.369187" lon="-75.830381"><ele>23.0</ele><time>2024-09-01T19:46:59Z</time></trkpt>
<trkpt lat="45.36918" lon="-75.830354"><ele>23.0</ele><time>2024-09-01T19:47:00Z</time></trkpt>
<trkpt lat="45.369171" lon="-75.830327"><ele>22.0</ele><time>2024-09-01T19:47:01Z</time></trkpt>
<trkpt lat="45.369161" lon="-75.830291"><ele>22.0</ele><time>2024-09-01T19:47:02Z</time></trkpt>
<trkpt lat="45.369152" lon="-75.830265"><ele>22.0</ele><time>2024-09-01T19:47:03Z</time></trkpt>
<trkpt lat="45.369145" lon="-75.830229"><ele>22.0</ele><time>2024-09-01T19:47:04Z</time></trkpt>
<trkpt lat="45.369136" lon="-75.830193"><ele>22.0</ele><time>2024-09-01T19:47:05Z</time></trkpt>
<trkpt lat="45.369126" lon="-75.830166"><ele>22.0</ele><time>2024-09-01T19:47:06Z</time></trkpt>
<trkpt lat="45.369114" lon="-75.830139"><ele>22.0</ele><time>2024-09-01T19:47:07Z</time></trkpt>
<trkpt lat="45.369104" lon="-75.830112"><ele>22.0</ele><time>2024-09-01T19:47:08Z</time></trkpt>
<trkpt lat="45.369095" lon="-75.830076"><ele>22.0</ele><time>2024-09-01T19:47:09Z</time></trkpt>
<trkpt lat="45.369085" lon="-75.830049"><ele>22.0</ele><time>2024-09-01T19:47:10Z</time></trkpt>
<trkpt lat="45.369079" lon="-75.830013"><ele>22.0</ele><time>2024-09-01T19:47:11Z</time></trkpt>
<trkpt lat="45.369073" lon="-75.829977"><ele>22.0</ele><time>2024-09-01T19:47:12Z</time></trkpt>
<trkpt lat="45.369069" lon="-75.82995"><ele>22.0</ele><time>2024-09-01T19:47:13Z</time></trkpt>
<trkpt lat="45.36906" lon="-75.829923"><ele>22.0</ele><time>2024-09-01T19:47:14Z</time></trkpt>
<trkpt lat="45.36905" lon="-75.829896"><ele>22.0</ele><time>2024-09-01T19:47:15Z</time></trkpt>
<trkpt lat="45.369044" lon="-75.82986"><ele>22.0</ele><time>2024-09-01T19:47:16Z</time></trkpt>
<trkpt lat="45.369041" lon="-75.829815"><ele>22.0</ele><time>2024-09-01T19:47:17Z</time></trkpt>
<trkpt lat="45.369041" lon="-75.829788"><ele>22.0</ele><time>2024-09-01T19:47:18Z</time></trkpt>
<trkpt lat="45.369041" lon="-75.829753"><ele>22.0</ele><time>2024-09-01T19:47:19Z</time></trkpt>
<trkpt lat="45.369035" lon="-75.829726"><ele>22.0</ele><time>2024-09-01T19:47:20Z</time></trkpt>
<trkpt lat="45.369028" lon="-75.82969"><ele>22.0</ele><time>2024-09-01T19:47:21Z</time></trkpt>
<trkpt lat="45.369025" lon="-75.829645"><ele>22.0</ele><time>2024-09-01T19:47:22Z</time></trkpt>
<trkpt lat="45.369022" lon="-75.829609"><ele>22.0</ele><time>2024-09-01T19:47:23Z</time></trkpt>
<trkpt lat="45.369022" lon="-75.829573"><ele>22.0</ele><time>2024-09-01T19:47:24Z</time></trkpt>
<trkpt lat="45.369016" lon="-75.829546"><ele>22.0</ele><time>2024-09-01T19:47:25Z</time></trkpt>
<trkpt lat="45.369012" lon="-75.82951"><ele>22.0</ele><time>2024-09-01T19:47:26Z</time></trkpt>
<trkpt lat="45.369006" lon="-75.829483"><ele>22.0</ele><time>2024-09-01T19:47:27Z</time></trkpt>
<trkpt lat="45.369" lon="-75.829447"><ele>22.0</ele><time>2024-09-01T19:47:28Z</time></trkpt>
<trkpt lat="45.368997" lon="-75.829411"><ele>22.0</ele><time>2024-09-01T19:47:29Z</time></trkpt>
<trkpt lat="45.36899" lon="-75.829375"><ele>22.0</ele><time>2024-09-01T19:47:30Z</time></trkpt>
<trkpt lat="45.368987" lon="-75.829348"><ele>22.0</ele><time>2024-09-01T19:47:31Z</time></trkpt>
<trkpt lat="45.368981" lon="-75.829321"><ele>22.0</ele><time>2024-09-01T19:47:32Z</time></trkpt>
<trkpt lat="45.368974" lon="-75.829294"><ele>22.0</ele><time>2024-09-01T19:47:33Z</time></trkpt>
<trkpt lat="45.368965" lon="-75.829258"><ele>22.0</ele><time>2024-09-01T19:47:34Z</time></trkpt>
<trkpt lat="45.368959" lon="-75.829232"><ele>22.0</ele><time>2024-09-01T19:47:35Z</time></trkpt>
<trkpt lat="45.368946" lon="-75.829205"><ele>22.0</ele><time>2024-09-01T19:47:36Z</time></trkpt>
<trkpt lat="45.368936" lon="-75.829187"><ele>22.0</ele><time>2024-09-01T19:47:37Z</time></trkpt>
<trkpt lat="45.368924" lon="-75.82916"><ele>22.0</ele><time>2024-09-01T19:47:38Z</time></trkpt>
<trkpt lat="45.368914" lon="-75.829142"><ele>22.0</ele><time>2024-09-01T19:47:39Z</time></trkpt>
<trkpt lat="45.368898" lon="-75.829124"><ele>22.0</ele><time>2024-09-01T19:47:40Z</time></trkpt>
<trkpt lat="45.368883" lon="-75.829115"><ele>22.0</ele><time>2024-09-01T19:47:41Z</time></trkpt>
<trkpt lat="45.368867" lon="-75.829097"><ele>22.0</ele><time>2024-09-01T19:47:42Z</time></trkpt>
<trkpt lat="45.368851" lon="-75.829088"><ele>23.0</ele><time>2024-09-01T19:47:43Z</time></trkpt>
<trkpt lat="45.368832" lon="-75.82907"><ele>22.0</ele><time>2024-09-01T19:47:44Z</time></trkpt>
<trkpt lat="45.368813" lon="-75.829061"><ele>23.0</ele><time>2024-09-01T19:47:45Z</time></trkpt>
<trkpt lat="45.368794" lon="-75.829052"><ele>23.0</ele><time>2024-09-01T19:47:46Z</time></trkpt>
<trkpt lat="45.368772" lon="-75.829043"><ele>22.0</ele><time>2024-09-01T19:47:47Z</time></trkpt>
<trkpt lat="45.368753" lon="-75.829034"><ele>23.0</ele><time>2024-09-01T19:47:48Z</time></trkpt>
<trkpt lat="45.368734" lon="-75.829025"><ele>23.0</ele><time>2024-09-01T19:47:49Z</time></trkpt>
<trkpt lat="45.368712" lon="-75.829007"><ele>23.0</ele><time>2024-09-01T19:47:50Z</time></trkpt>
<trkpt lat="45.368693" lon="-75.828998"><ele>23.0</ele><time>2024-09-01T19:47:51Z</time></trkpt>
<trkpt lat="45.368674" lon="-75.82898"><ele>23.0</ele><time>2024-09-01T19:47:52Z</time></trkpt>
<trkpt lat="45.368658" lon="-75.828962"><ele>23.0</ele><time>2024-09-01T19:47:53Z</time></trkpt>
<trkpt lat="45.368636" lon="-75.828944"><ele>23.0</ele><time>2024-09-01T19:47:54Z</time></trkpt>
<trkpt lat="45.368617" lon="-75.828926"><ele>24.0</ele><time>2024-09-01T19:47:55Z</time></trkpt>
<trkpt lat="45.368595" lon="-75.828908"><ele>24.0</ele><time>2024-09-01T19:47:56Z</time></trkpt>
<trkpt lat="45.368572" lon="-75.828899"><ele>24.0</ele><time>2024-09-01T19:47:57Z</time></trkpt>
<trkpt lat="45.368553" lon="-75.828881"><ele>24.0</ele><time>2024-09-01T19:47:58Z</time></trkpt>
<trkpt lat="45.368534" lon="-75.828863"><ele>24.0</ele><time>2024-09-01T19:47:59Z</time></trkpt>
<trkpt lat="45.368515" lon="-75.828845"><ele>24.0</ele><time>2024-09-01T19:48:00Z</time></trkpt>
<trkpt lat="45.368496" lon="-75.828827"><ele>24.0</ele><time>2024-09-01T19:48:01Z</time></trkpt>
<trkpt lat="45.368477" lon="-75.8288"><ele>24.0</ele><time>2024-09-01T19:48:02Z</time></trkpt>
<trkpt lat="45.368452" lon="-75.828782"><ele>23.0</ele><time>2024-09-01T19:48:03Z</time></trkpt>
<trkpt lat="45.368433" lon="-75.828764"><ele>23.0</ele><time>2024-09-01T19:48:04Z</time></trkpt>
<trkpt lat="45.368414" lon="-75.828737"><ele>24.0</ele><time>2024-09-01T19:48:05Z</time></trkpt>
<trkpt lat="45.368395" lon="-75.828711"><ele>24.0</ele><time>2024-09-01T19:48:06Z</time></trkpt>
<trkpt lat="45.368376" lon="-75.828693"><ele>24.0</ele><time>2024-09-01T19:48:07Z</time></trkpt>
<trkpt lat="45.36836" lon="-75.828666"><ele>24.0</ele><time>2024-09-01T19:48:08Z</time></trkpt>
<trkpt lat="45.368341" lon="-75.828648"><ele>24.0</ele><time>2024-09-01T19:48:09Z</time></trkpt>
<trkpt lat="45.368325" lon="-75.82863"><ele>24.0</ele><time>2024-09-01T19:48:10Z</time></trkpt>
<trkpt lat="45.368306" lon="-75.828603"><ele>23.0</ele><time>2024-09-01T19:48:11Z</time></trkpt>
<trkpt lat="45.368287" lon="-75.828576"><ele>24.0</ele><time>2024-09-01T19:48:12Z</time></trkpt>
<trkpt lat="45.368262" lon="-75.828558"><ele>24.0</ele><time>2024-09-01T19:48:13Z</time></trkpt>
<trkpt lat="45.36824" lon="-75.82854"><ele>24.0</ele><time>2024-09-01T19:48:14Z</time></trkpt>
<trkpt lat="45.368221" lon="-75.828522"><ele>24.0</ele><time>2024-09-01T19:48:15Z</time></trkpt>
<trkpt lat="45.368202" lon="-75.828495"><ele>24.0</ele><time>2024-09-01T19:48:16Z</time></trkpt>
<trkpt lat="45.368183" lon="-75.828477"><ele>24.0</ele><time>2024-09-01T19:48:17Z</time></trkpt>
<trkpt lat="45.368164" lon="-75.82845"><ele>23.0</ele><time>2024-09-01T19:48:18Z</time></trkpt>
<trkpt lat="45.368139" lon="-75.828432"><ele>24.0</ele><time>2024-09-01T19:48:19Z</time></trkpt>
<trkpt lat="45.36811" lon="-75.828414"><ele>24.0</ele><time>2024-09-01T19:48:20Z</time></trkpt>
<trkpt lat="45.368085" lon="-75.828396"><ele>24.0</ele><time>2024-09-01T19:48:21Z</time></trkpt>
<trkpt lat="45.368063" lon="-75.828369"><ele>24.0</ele><time>2024-09-01T19:48:22Z</time></trkpt>
<trkpt lat="45.368044" lon="-75.828351"><ele>23.0</ele><time>2024-09-01T19:48:23Z</time></trkpt>
<trkpt lat="45.368028" lon="-75.828333"><ele>23.0</ele><time>2024-09-01T19:48:24Z</time></trkpt>
<trkpt lat="45.368009" lon="-75.828315"><ele>23.0</ele><time>2024-09-01T19:48:25Z</time></trkpt>
<trkpt lat="45.367987" lon="-75.828288"><ele>24.0</ele><time>2024-09-01T19:48:26Z</time></trkpt>
<trkpt lat="45.367961" lon="-75.82827"><ele>23.0</ele><time>2024-09-01T19:48:27Z</time></trkpt>
<trkpt lat="45.367936" lon="-75.828252"><ele>24.0</ele><time>2024-09-01T19:48:28Z</time></trkpt>
<trkpt lat="45.367911" lon="-75.828234"><ele>24.0</ele><time>2024-09-01T19:48:29Z</time></trkpt>
<trkpt lat="45.367889" lon="-75.828216"><ele>23.0</ele><time>2024-09-01T19:48:30Z</time></trkpt>
<trkpt lat="45.367866" lon="-75.828198"><ele>23.0</ele><time>2024-09-01T19:48:31Z</time></trkpt>
<trkpt lat="45.367844" lon="-75.828172"><ele>24.0</ele><time>2024-09-01T19:48:32Z</time></trkpt>
<trkpt lat="45.367819" lon="-75.828154"><ele>24.0</ele><time>2024-09-01T19:48:33Z</time></trkpt>
<trkpt lat="45.367794" lon="-75.828136"><ele>24.0</ele><time>2024-09-01T19:48:34Z</time></trkpt>
<trkpt lat="45.367771" lon="-75.828118"><ele>23.0</ele><time>2024-09-01T19:48:35Z</time></trkpt>
<trkpt lat="45.367749" lon="-75.828091"><ele>24.0</ele><time>2024-09-01T19:48:36Z</time></trkpt>
<trkpt lat="45.36773" lon="-75.828064"><ele>23.0</ele><time>2024-09-01T19:48:37Z</time></trkpt>
<trkpt lat="45.367708" lon="-75.828037"><ele>23.0</ele><time>2024-09-01T19:48:38Z</time></trkpt>
<trkpt lat="45.367686" lon="-75.828019"><ele>23.0</ele><time>2024-09-01T19:48:39Z</time></trkpt>
<trkpt lat="45.367664" lon="-75.827992"><ele>23.0</ele><time>2024-09-01T19:48:40Z</time></trkpt>
<trkpt lat="45.367645" lon="-75.827965"><ele>23.0</ele><time>2024-09-01T19:48:41Z</time></trkpt>
<trkpt lat="45.367623" lon="-75.827938"><ele>23.0</ele><time>2024-09-01T19:48:42Z</time></trkpt>
<trkpt lat="45.367604" lon="-75.827911"><ele>23.0</ele><time>2024-09-01T19:48:43Z</time></trkpt>
<trkpt lat="45.367591" lon="-75.827875"><ele>23.0</ele><time>2024-09-01T19:48:44Z</time></trkpt>
<trkpt lat="45.367578" lon="-75.827839"><ele>23.0</ele><time>2024-09-01T19:48:45Z</time></trkpt>
<trkpt lat="45.367559" lon="-75.827812"><ele>23.0</ele><time>2024-09-01T19:48:46Z</time></trkpt>
<trkpt lat="45.36754" lon="-75.827785"><ele>23.0</ele><time>2024-09-01T19:48:47Z</time></trkpt>
<trkpt lat="45.367515" lon="-75.827767"><ele>23.0</ele><time>2024-09-01T19:48:48Z</time></trkpt>
<trkpt lat="45.367496" lon="-75.827749"><ele>23.0</ele><time>2024-09-01T19:48:49Z</time></trkpt>
<trkpt lat="45.367471" lon="-75.82774"><ele>23.0</ele><time>2024-09-01T19:48:50Z</time></trkpt>
<trkpt lat="45.367445" lon="-75.827722"><ele>23.0</ele><time>2024-09-01T19:48:51Z</time></trkpt>
<trkpt lat="45.36742" lon="-75.827704"><ele>24.0</ele><time>2024-09-01T19:48:52Z</time></trkpt>
<trkpt lat="45.367391" lon="-75.827695"><ele>24.0</ele><time>2024-09-01T19:48:53Z</time></trkpt>
<trkpt lat="45.367366" lon="-75.827677"><ele>24.0</ele><time>2024-09-01T19:48:54Z</time></trkpt>
<trkpt lat="45.367344" lon="-75.82766"><ele>24.0</ele><time>2024-09-01T19:48:55Z</time></trkpt>
<trkpt lat="45.367319" lon="-75.827642"><ele>24.0</ele><time>2024-09-01T19:48:56Z</time></trkpt>
<trkpt lat="45.367293" lon="-75.827633"><ele>24.0</ele><time>2024-09-01T19:48:57Z</time></trkpt>
<trkpt lat="45.367268" lon="-75.827615"><ele>24.0</ele><time>2024-09-01T19:48:58Z</time></trkpt>
<trkpt lat="45.367243" lon="-75.827588"><ele>24.0</ele><time>2024-09-01T19:48:59Z</time></trkpt>
<trkpt lat="45.367217" lon="-75.82757"><ele>25.0</ele><time>2024-09-01T19:49:00Z</time></trkpt>
<trkpt lat="45.367189" lon="-75.827552"><ele>25.0</ele><time>2024-09-01T19:49:01Z</time></trkpt>
<trkpt lat="45.367163" lon="-75.827525"><ele>25.0</ele><time>2024-09-01T19:49:02Z</time></trkpt>
<trkpt lat="45.367138" lon="-75.827507"><ele>25.0</ele><time>2024-09-01T19:49:03Z</time></trkpt>
<trkpt lat="45.367116" lon="-75.827498"><ele>24.0</ele><time>2024-09-01T19:49:04Z</time></trkpt>
<trkpt lat="45.367097" lon="-75.82748"><ele>24.0</ele><time>2024-09-01T19:49:05Z</time></trkpt>
<trkpt lat="45.367075" lon="-75.827462"><ele>24.0</ele><time>2024-09-01T19:49:06Z</time></trkpt>
<trkpt lat="45.36705" lon="-75.827444"><ele>24.0</ele><time>2024-09-01T19:49:07Z</time></trkpt>
<trkpt lat="45.367021" lon="-75.827426"><ele>24.0</ele><time>2024-09-01T19:49:08Z</time></trkpt>
<trkpt lat="45.366986" lon="-75.827417"><ele>24.0</ele><time>2024-09-01T19:49:09Z</time></trkpt>
<trkpt lat="45.366958" lon="-75.827408"><ele>24.0</ele><time>2024-09-01T19:49:10Z</time></trkpt>
<trkpt lat="45.366932" lon="-75.827408"><ele>24.0</ele><time>2024-09-01T19:49:11Z</time></trkpt>
<trkpt lat="45.36691" lon="-75.827399"><ele>24.0</ele><time>2024-09-01T19:49:12Z</time></trkpt>
<trkpt lat="45.366888" lon="-75.827381"><ele>24.0</ele><time>2024-09-01T19:49:13Z</time></trkpt>
<trkpt lat="45.366863" lon="-75.827354"><ele>24.0</ele><time>2024-09-01T19:49:14Z</time></trkpt>
<trkpt lat="45.366834" lon="-75.827345"><ele>24.0</ele><time>2024-09-01T19:49:15Z</time></trkpt>
<trkpt lat="45.366806" lon="-75.827336"><ele>24.0</ele><time>2024-09-01T19:49:16Z</time></trkpt>
<trkpt lat="45.366774" lon="-75.827309"><ele>24.0</ele><time>2024-09-01T19:49:17Z</time></trkpt>
<trkpt lat="45.366742" lon="-75.8273"><ele>24.0</ele><time>2024-09-01T19:49:18Z</time></trkpt>
<trkpt lat="45.366711" lon="-75.827291"><ele>24.0</ele><time>2024-09-01T19:49:19Z</time></trkpt>
<trkpt lat="45.366689" lon="-75.827282"><ele>24.0</ele><time>2024-09-01T19:49:20Z</time></trkpt>
<trkpt lat="45.36667" lon="-75.827264"><ele>24.0</ele><time>2024-09-01T19:49:21Z</time></trkpt>
<trkpt lat="45.366654" lon="-75.827246"><ele>24.0</ele><time>2024-09-01T19:49:22Z</time></trkpt>
<trkpt lat="45.366635" lon="-75.827219"><ele>24.0</ele><time>2024-09-01T19:49:23Z</time></trkpt>
<trkpt lat="45.366609" lon="-75.827192"><ele>25.0</ele><time>2024-09-01T19:49:24Z</time></trkpt>
<trkpt lat="45.366578" lon="-75.827174"><ele>25.0</ele><time>2024-09-01T19:49:25Z</time></trkpt>
<trkpt lat="45.366546" lon="-75.827165"><ele>25.0</ele><time>2024-09-01T19:49:26Z</time></trkpt>
<trkpt lat="45.366546" lon="-75.827165"><ele>25.0</ele><time>2024-09-01T19:49:27Z</time></trkpt>
<trkpt lat="45.366518" lon="-75.827148"><ele>25.0</ele><time>2024-09-01T19:49:27Z</time></trkpt>
<trkpt lat="45.366492" lon="-75.82713"><ele>25.0</ele><time>2024-09-01T19:49:28Z</time></trkpt>
<trkpt lat="45.366467" lon="-75.827112"><ele>24.0</ele><time>2024-09-01T19:49:29Z</time></trkpt>
<trkpt lat="45.366445" lon="-75.827094"><ele>24.0</ele><time>2024-09-01T19:49:30Z</time></trkpt>
<trkpt lat="45.366423" lon="-75.827076"><ele>24.0</ele><time>2024-09-01T19:49:31Z</time></trkpt>
<trkpt lat="45.3664" lon="-75.827049"><ele>24.0</ele><time>2024-09-01T19:49:32Z</time></trkpt>
<trkpt lat="45.366378" lon="-75.827031"><ele>24.0</ele><time>2024-09-01T19:49:33Z</time></trkpt>
<trkpt lat="45.366353" lon="-75.827004"><ele>24.0</ele><time>2024-09-01T19:49:34Z</time></trkpt>
<trkpt lat="45.366328" lon="-75.826977"><ele>24.0</ele><time>2024-09-01T19:49:35Z</time></trkpt>
<trkpt lat="45.366302" lon="-75.82695"><ele>24.0</ele><time>2024-09-01T19:49:36Z</time></trkpt>
<trkpt lat="45.36628" lon="-75.826923"><ele>24.0</ele><time>2024-09-01T19:49:37Z</time></trkpt>
<trkpt lat="45.366264" lon="-75.826887"><ele>24.0</ele><time>2024-09-01T19:49:38Z</time></trkpt>
<trkpt lat="45.366249" lon="-75.82686"><ele>24.0</ele><time>2024-09-01T19:49:39Z</time></trkpt>
<trkpt lat="45.366233" lon="-75.826833"><ele>24.0</ele><time>2024-09-01T19:49:40Z</time></trkpt>
<trkpt lat="45.366217" lon="-75.826806"><ele>24.0</ele><time>2024-09-01T19:49:41Z</time></trkpt>
<trkpt lat="45.366198" lon="-75.826779"><ele>23.0</ele><time>2024-09-01T19:49:42Z</time></trkpt>
<trkpt lat="45.366179" lon="-75.826752"><ele>23.0</ele><time>2024-09-01T19:49:43Z</time></trkpt>
<trkpt lat="45.36616" lon="-75.826716"><ele>24.0</ele><time>2024-09-01T19:49:44Z</time></trkpt>
<trkpt lat="45.366147" lon="-75.826698"><ele>23.0</ele><time>2024-09-01T19:49:45Z</time></trkpt>
<trkpt lat="45.366135" lon="-75.826671"><ele>23.0</ele><time>2024-09-01T19:49:46Z</time></trkpt>
<trkpt lat="45.366119" lon="-75.826644"><ele>24.0</ele><time>2024-09-01T19:49:47Z</time></trkpt>
<trkpt lat="45.366097" lon="-75.826618"><ele>23.0</ele><time>2024-09-01T19:49:48Z</time></trkpt>
<trkpt lat="45.366078" lon="-75.826591"><ele>24.0</ele><time>2024-09-01T19:49:49Z</time></trkpt>
<trkpt lat="45.366059" lon="-75.826555"><ele>23.0</ele><time>2024-09-01T19:49:50Z</time></trkpt>
<trkpt lat="45.366043" lon="-75.826528"><ele>23.0</ele><time>2024-09-01T19:49:51Z</time></trkpt>
<trkpt lat="45.366021" lon="-75.826492"><ele>23.0</ele><time>2024-09-01T19:49:52Z</time></trkpt>
<trkpt lat="45.366008" lon="-75.826456"><ele>24.0</ele><time>2024-09-01T19:49:53Z</time></trkpt>
<trkpt lat="45.365992" lon="-75.826429"><ele>23.0</ele><time>2024-09-01T19:49:54Z</time></trkpt>
<trkpt lat="45.365979" lon="-75.826402"><ele>23.0</ele><time>2024-09-01T19:49:55Z</time></trkpt>
<trkpt lat="45.365964" lon="-75.826375"><ele>23.0</ele><time>2024-09-01T19:49:56Z</time></trkpt>
<trkpt lat="45.365951" lon="-75.826348"><ele>23.0</ele><time>2024-09-01T19:49:57Z</time></trkpt>
<trkpt lat="45.365935" lon="-75.826321"><ele>23.0</ele><time>2024-09-01T19:49:58Z</time></trkpt>
<trkpt lat="45.365922" lon="-75.826294"><ele>23.0</ele><time>2024-09-01T19:49:59Z</time></trkpt>
<trkpt lat="45.36591" lon="-75.826258"><ele>23.0</ele><time>2024-09-01T19:50:00Z</time></trkpt>
<trkpt lat="45.365897" lon="-75.826222"><ele>23.0</ele><time>2024-09-01T19:50:01Z</time></trkpt>
<trkpt lat="45.365884" lon="-75.826195"><ele>23.0</ele><time>2024-09-01T19:50:02Z</time></trkpt>
<trkpt lat="45.365862" lon="-75.826168"><ele>23.0</ele><time>2024-09-01T19:50:03Z</time></trkpt>
<trkpt lat="45.36585" lon="-75.826141"><ele>22.0</ele><time>2024-09-01T19:50:04Z</time></trkpt>
<trkpt lat="45.36585" lon="-75.826123"><ele>23.0</ele><time>2024-09-01T19:50:05Z</time></trkpt>
<trkpt lat="45.365827" lon="-75.826114"><ele>23.0</ele><time>2024-09-01T19:50:06Z</time></trkpt>
<trkpt lat="45.365805" lon="-75.826141"><ele>23.0</ele><time>2024-09-01T19:50:07Z</time></trkpt>
<trkpt lat="45.365783" lon="-75.826159"><ele>23.0</ele><time>2024-09-01T19:50:08Z</time></trkpt>
<trkpt lat="45.365767" lon="-75.826186"><ele>24.0</ele><time>2024-09-01T19:50:09Z</time></trkpt>
<trkpt lat="45.365758" lon="-75.826213"><ele>24.0</ele><time>2024-09-01T19:50:10Z</time></trkpt>
<trkpt lat="45.365748" lon="-75.826249"><ele>24.0</ele><time>2024-09-01T19:50:11Z</time></trkpt>
<trkpt lat="45.365742" lon="-75.826276"><ele>24.0</ele><time>2024-09-01T19:50:12Z</time></trkpt>
<trkpt lat="45.365745" lon="-75.826303"><ele>24.0</ele><time>2024-09-01T19:50:13Z</time></trkpt>
<trkpt lat="45.365748" lon="-75.82633"><ele>24.0</ele><time>2024-09-01T19:50:14Z</time></trkpt>
<trkpt lat="45.365755" lon="-75.826348"><ele>24.0</ele><time>2024-09-01T19:50:15Z</time></trkpt>
<trkpt lat="45.365761" lon="-75.826357"><ele>24.0</ele><time>2024-09-01T19:50:16Z</time></trkpt>
<trkpt lat="45.365767" lon="-75.826375"><ele>24.0</ele><time>2024-09-01T19:50:17Z</time></trkpt>
<trkpt lat="45.365774" lon="-75.826384"><ele>24.0</ele><time>2024-09-01T19:50:18Z</time></trkpt>
<trkpt lat="45.36578" lon="-75.826402"><ele>24.0</ele><time>2024-09-01T19:50:19Z</time></trkpt>
<trkpt lat="45.365786" lon="-75.826411"><ele>24.0</ele><time>2024-09-01T19:50:20Z</time></trkpt>
<trkpt lat="45.365793" lon="-75.82642"><ele>24.0</ele><time>2024-09-01T19:50:21Z</time></trkpt>
<trkpt lat="45.365799" lon="-75.826429"><ele>23.0</ele><time>2024-09-01T19:50:22Z</time></trkpt>
<trkpt lat="45.365802" lon="-75.826438"><ele>23.0</ele><time>2024-09-01T19:50:23Z</time></trkpt>
<trkpt lat="45.365805" lon="-75.826447"><ele>23.0</ele><time>2024-09-01T19:50:24Z</time></trkpt>
<trkpt lat="45.365808" lon="-75.826447"><ele>23.0</ele><time>2024-09-01T19:50:25Z</time></trkpt>
<trkpt lat="45.365812" lon="-75.826456"><ele>23.0</ele><time>2024-09-01T19:50:26Z</time></trkpt>
<trkpt lat="45.365815" lon="-75.826456"><ele>23.0</ele><time>2024-09-01T19:50:27Z</time></trkpt>
<trkpt lat="45.365818" lon="-75.826456"><ele>23.0</ele><time>2024-09-01T19:50:28Z</time></trkpt>
<trkpt lat="45.365821" lon="-75.826465"><ele>23.0</ele><time>2024-09-01T19:50:29Z</time></trkpt>
<trkpt lat="45.365824" lon="-75.826465"><ele>23.0</ele><time>2024-09-01T19:50:30Z</time></trkpt>
<trkpt lat="45.365827" lon="-75.826465"><ele>23.0</ele><time>2024-09-01T19:50:31Z</time></trkpt>
<trkpt lat="45.365831" lon="-75.826465"><ele>23.0</ele><time>2024-09-01T19:50:32Z</time></trkpt>
<trkpt lat="45.365834" lon="-75.826465"><ele>23.0</ele><time>2024-09-01T19:50:33Z</time></trkpt>
<trkpt lat="45.36584" lon="-75.826465"><ele>23.0</ele><time>2024-09-01T19:50:34Z</time></trkpt>
<trkpt lat="45.365843" lon="-75.826456"><ele>23.0</ele><time>2024-09-01T19:50:35Z</time></trkpt>
<trkpt lat="45.365846" lon="-75.826456"><ele>23.0</ele><time>2024-09-01T19:50:36Z</time></trkpt>
<trkpt lat="45.365853" lon="-75.826447"><ele>23.0</ele><time>2024-09-01T19:50:37Z</time></trkpt>
<trkpt lat="45.365859" lon="-75.826447"><ele>22.0</ele><time>2024-09-01T19:50:38Z</time></trkpt>
<trkpt lat="45.365869" lon="-75.826429"><ele>22.0</ele><time>2024-09-01T19:50:39Z</time></trkpt>
<trkpt lat="45.365875" lon="-75.82642"><ele>23.0</ele><time>2024-09-01T19:50:40Z</time></trkpt>
<trkpt lat="45.365881" lon="-75.826411"><ele>22.0</ele><time>2024-09-01T19:50:41Z</time></trkpt>
<trkpt lat="45.365888" lon="-75.826402"><ele>22.0</ele><time>2024-09-01T19:50:42Z</time></trkpt>
<trkpt lat="45.365897" lon="-75.826384"><ele>23.0</ele><time>2024-09-01T19:50:43Z</time></trkpt>
<trkpt lat="45.365903" lon="-75.826375"><ele>22.0</ele><time>2024-09-01T19:50:44Z</time></trkpt>
<trkpt lat="45.365913" lon="-75.826366"><ele>22.0</ele><time>2024-09-01T19:50:45Z</time></trkpt>
<trkpt lat="45.365922" lon="-75.826348"><ele>22.0</ele><time>2024-09-01T19:50:46Z</time></trkpt>
<trkpt lat="45.365929" lon="-75.826339"><ele>22.0</ele><time>2024-09-01T19:50:47Z</time></trkpt>
<trkpt lat="45.365941" lon="-75.82633"><ele>22.0</ele><time>2024-09-01T19:50:48Z</time></trkpt>
<trkpt lat="45.365948" lon="-75.826312"><ele>22.0</ele><time>2024-09-01T19:50:49Z</time></trkpt>
<trkpt lat="45.36596" lon="-75.826303"><ele>22.0</ele><time>2024-09-01T19:50:50Z</time></trkpt>
<trkpt lat="45.36597" lon="-75.826285"><ele>22.0</ele><time>2024-09-01T19:50:51Z</time></trkpt>
<trkpt lat="45.365979" lon="-75.826276"><ele>22.0</ele><time>2024-09-01T19:50:52Z</time></trkpt>
<trkpt lat="45.365989" lon="-75.826258"><ele>22.0</ele><time>2024-09-01T19:50:53Z</time></trkpt>
<trkpt lat="45.365998" lon="-75.826249"><ele>22.0</ele><time>2024-09-01T19:50:54Z</time></trkpt>
<trkpt lat="45.366008" lon="-75.826231"><ele>22.0</ele><time>2024-09-01T19:50:55Z</time></trkpt>
<trkpt lat="45.366017" lon="-75.826213"><ele>22.0</ele><time>2024-09-01T19:50:56Z</time></trkpt>
<trkpt lat="45.366027" lon="-75.826204"><ele>22.0</ele><time>2024-09-01T19:50:57Z</time></trkpt>
<trkpt lat="45.36604" lon="-75.826186"><ele>23.0</ele><time>2024-09-01T19:50:58Z</time></trkpt>
<trkpt lat="45.366049" lon="-75.826168"><ele>22.0</ele><time>2024-09-01T19:50:59Z</time></trkpt>
<trkpt lat="45.366059" lon="-75.82615"><ele>23.0</ele><time>2024-09-01T19:51:00Z</time></trkpt>
<trkpt lat="45.366068" lon="-75.826132"><ele>22.0</ele><time>2024-09-01T19:51:01Z</time></trkpt>
<trkpt lat="45.366081" lon="-75.826114"><ele>23.0</ele><time>2024-09-01T19:51:02Z</time></trkpt>
<trkpt lat="45.366087" lon="-75.826097"><ele>22.0</ele><time>2024-09-01T19:51:03Z</time></trkpt>
<trkpt lat="45.366097" lon="-75.826079"><ele>22.0</ele><time>2024-09-01T19:51:04Z</time></trkpt>
<trkpt lat="45.366106" lon="-75.826061"><ele>23.0</ele><time>2024-09-01T19:51:05Z</time></trkpt>
<trkpt lat="45.366116" lon="-75.826034"><ele>22.0</ele><time>2024-09-01T19:51:06Z</time></trkpt>
<trkpt lat="45.366128" lon="-75.826016"><ele>22.0</ele><time>2024-09-01T19:51:07Z</time></trkpt>
<trkpt lat="45.366138" lon="-75.825998"><ele>23.0</ele><time>2024-09-01T19:51:08Z</time></trkpt>
<trkpt lat="45.366147" lon="-75.82598"><ele>22.0</ele><time>2024-09-01T19:51:09Z</time></trkpt>
<trkpt lat="45.366157" lon="-75.825962"><ele>23.0</ele><time>2024-09-01T19:51:10Z</time></trkpt>
<trkpt lat="45.366166" lon="-75.825944"><ele>22.0</ele><time>2024-09-01T19:51:11Z</time></trkpt>
<trkpt lat="45.366173" lon="-75.825917"><ele>23.0</ele><time>2024-09-01T19:51:12Z</time></trkpt>
<trkpt lat="45.366179" lon="-75.82589"><ele>23.0</ele><time>2024-09-01T19:51:13Z</time></trkpt>
<trkpt lat="45.366185" lon="-75.825872"><ele>23.0</ele><time>2024-09-01T19:51:14Z</time></trkpt>
<trkpt lat="45.366188" lon="-75.825845"><ele>23.0</ele><time>2024-09-01T19:51:15Z</time></trkpt>
<trkpt lat="45.366188" lon="-75.825818"><ele>23.0</ele><time>2024-09-01T19:51:16Z</time></trkpt>
<trkpt lat="45.366192" lon="-75.825791"><ele>23.0</ele><time>2024-09-01T19:51:17Z</time></trkpt>
<trkpt lat="45.366192" lon="-75.825764"><ele>23.0</ele><time>2024-09-01T19:51:18Z</time></trkpt>
<trkpt lat="45.366188" lon="-75.825737"><ele>24.0</ele><time>2024-09-01T19:51:19Z</time></trkpt>
<trkpt lat="45.366182" lon="-75.82571"><ele>23.0</ele><time>2024-09-01T19:51:20Z</time></trkpt>
<trkpt lat="45.366179" lon="-75.825683"><ele>23.0</ele><time>2024-09-01T19:51:21Z</time></trkpt>
<trkpt lat="45.366176" lon="-75.825656"><ele>24.0</ele><time>2024-09-01T19:51:22Z</time></trkpt>
<trkpt lat="45.366169" lon="-75.825638"><ele>24.0</ele><time>2024-09-01T19:51:23Z</time></trkpt>
<trkpt lat="45.36616" lon="-75.825611"><ele>24.0</ele><time>2024-09-01T19:51:24Z</time></trkpt>
<trkpt lat="45.36615" lon="-75.825585"><ele>24.0</ele><time>2024-09-01T19:51:25Z</time></trkpt>
<trkpt lat="45.366138" lon="-75.825567"><ele>24.0</ele><time>2024-09-01T19:51:26Z</time></trkpt>
<trkpt lat="45.366122" lon="-75.825549"><ele>24.0</ele><time>2024-09-01T19:51:27Z</time></trkpt>
<trkpt lat="45.366109" lon="-75.825531"><ele>24.0</ele><time>2024-09-01T19:51:28Z</time></trkpt>
<trkpt lat="45.366093" lon="-75.825513"><ele>24.0</ele><time>2024-09-01T19:51:29Z</time></trkpt>
<trkpt lat="45.366074" lon="-75.825495"><ele>24.0</ele><time>2024-09-01T19:51:30Z</time></trkpt>
<trkpt lat="45.366059" lon="-75.825486"><ele>24.0</ele><time>2024-09-01T19:51:31Z</time></trkpt>
<trkpt lat="45.36604" lon="-75.825477"><ele>24.0</ele><time>2024-09-01T19:51:32Z</time></trkpt>
<trkpt lat="45.366024" lon="-75.825468"><ele>25.0</ele><time>2024-09-01T19:51:33Z</time></trkpt>
<trkpt lat="45.366005" lon="-75.82545"><ele>25.0</ele><time>2024-09-01T19:51:34Z</time></trkpt>
<trkpt lat="45.365986" lon="-75.825441"><ele>25.0</ele><time>2024-09-01T19:51:35Z</time></trkpt>
<trkpt lat="45.365967" lon="-75.825423"><ele>25.0</ele><time>2024-09-01T19:51:36Z</time></trkpt>
<trkpt lat="45.365948" lon="-75.825414"><ele>25.0</ele><time>2024-09-01T19:51:37Z</time></trkpt>
<trkpt lat="45.365932" lon="-75.825405"><ele>25.0</ele><time>2024-09-01T19:51:38Z</time></trkpt>
<trkpt lat="45.365913" lon="-75.825396"><ele>25.0</ele><time>2024-09-01T19:51:39Z</time></trkpt>
<trkpt lat="45.365891" lon="-75.825378"><ele>25.0</ele><time>2024-09-01T19:51:40Z</time></trkpt>
<trkpt lat="45.365872" lon="-75.825369"><ele>24.0</ele><time>2024-09-01T19:51:41Z</time></trkpt>
<trkpt lat="45.365853" lon="-75.82536"><ele>24.0</ele><time>2024-09-01T19:51:42Z</time></trkpt>
<trkpt lat="45.365837" lon="-75.825351"><ele>25.0</ele><time>2024-09-01T19:51:43Z</time></trkpt>
<trkpt lat="45.365818" lon="-75.825342"><ele>25.0</ele><time>2024-09-01T19:51:44Z</time></trkpt>
<trkpt lat="45.365793" lon="-75.825333"><ele>25.0</ele><time>2024-09-01T19:51:45Z</time></trkpt>
<trkpt lat="45.365774" lon="-75.825324"><ele>25.0</ele><time>2024-09-01T19:51:46Z</time></trkpt>
<trkpt lat="45.365758" lon="-75.825324"><ele>25.0</ele><time>2024-09-01T19:51:47Z</time></trkpt>
<trkpt lat="45.365742" lon="-75.825306"><ele>25.0</ele><time>2024-09-01T19:51:48Z</time></trkpt>
<trkpt lat="45.365723" lon="-75.825297"><ele>25.0</ele><time>2024-09-01T19:51:49Z</time></trkpt>
<trkpt lat="45.365701" lon="-75.825288"><ele>25.0</ele><time>2024-09-01T19:51:50Z</time></trkpt>
<trkpt lat="45.365679" lon="-75.82527"><ele>25.0</ele><time>2024-09-01T19:51:51Z</time></trkpt>
<trkpt lat="45.36566" lon="-75.82527"><ele>25.0</ele><time>2024-09-01T19:51:52Z</time></trkpt>
<trkpt lat="45.365641" lon="-75.825261"><ele>25.0</ele><time>2024-09-01T19:51:53Z</time></trkpt>
<trkpt lat="45.365622" lon="-75.825243"><ele>25.0</ele><time>2024-09-01T19:51:54Z</time></trkpt>
<trkpt lat="45.365599" lon="-75.825234"><ele>25.0</ele><time>2024-09-01T19:51:55Z</time></trkpt>
<trkpt lat="45.365577" lon="-75.825225"><ele>25.0</ele><time>2024-09-01T19:51:56Z</time></trkpt>
<trkpt lat="45.365558" lon="-75.825216"><ele>25.0</ele><time>2024-09-01T19:51:57Z</time></trkpt>
<trkpt lat="45.365546" lon="-75.825207"><ele>25.0</ele><time>2024-09-01T19:51:58Z</time></trkpt>
<trkpt lat="45.365523" lon="-75.825198"><ele>25.0</ele><time>2024-09-01T19:51:59Z</time></trkpt>
<trkpt lat="45.365501" lon="-75.82518"><ele>25.0</ele><time>2024-09-01T19:52:00Z</time></trkpt>
<trkpt lat="45.365482" lon="-75.825171"><ele>24.0</ele><time>2024-09-01T19:52:01Z</time></trkpt>
<trkpt lat="45.365463" lon="-75.825162"><ele>24.0</ele><time>2024-09-01T19:52:02Z</time></trkpt>
<trkpt lat="45.365447" lon="-75.825153"><ele>24.0</ele><time>2024-09-01T19:52:03Z</time></trkpt>
<trkpt lat="45.365432" lon="-75.825135"><ele>24.0</ele><time>2024-09-01T19:52:04Z</time></trkpt>
<trkpt lat="45.365409" lon="-75.825126"><ele>24.0</ele><time>2024-09-01T19:52:05Z</time></trkpt>
<trkpt lat="45.36539" lon="-75.825117"><ele>24.0</ele><time>2024-09-01T19:52:06Z</time></trkpt>
<trkpt lat="45.365375" lon="-75.825108"><ele>24.0</ele><time>2024-09-01T19:52:07Z</time></trkpt>
<trkpt lat="45.365356" lon="-75.82509"><ele>24.0</ele><time>2024-09-01T19:52:08Z</time></trkpt>
<trkpt lat="45.365337" lon="-75.825081"><ele>24.0</ele><time>2024-09-01T19:52:09Z</time></trkpt>
<trkpt lat="45.365318" lon="-75.825072"><ele>24.0</ele><time>2024-09-01T19:52:10Z</time></trkpt>
<trkpt lat="45.365299" lon="-75.825064"><ele>24.0</ele><time>2024-09-01T19:52:11Z</time></trkpt>
<trkpt lat="45.36528" lon="-75.825055"><ele>23.0</ele><time>2024-09-01T19:52:12Z</time></trkpt>
<trkpt lat="45.365258" lon="-75.825046"><ele>23.0</ele><time>2024-09-01T19:52:13Z</time></trkpt>
<trkpt lat="45.365242" lon="-75.825037"><ele>23.0</ele><time>2024-09-01T19:52:14Z</time></trkpt>
<trkpt lat="45.365223" lon="-75.825028"><ele>23.0</ele><time>2024-09-01T19:52:15Z</time></trkpt>
<trkpt lat="45.365204" lon="-75.825019"><ele>23.0</ele><time>2024-09-01T19:52:16Z</time></trkpt>
<trkpt lat="45.365182" lon="-75.82501"><ele>23.0</ele><time>2024-09-01T19:52:17Z</time></trkpt>
<trkpt lat="45.365163" lon="-75.825001"><ele>23.0</ele><time>2024-09-01T19:52:18Z</time></trkpt>
<trkpt lat="45.365144" lon="-75.824992"><ele>23.0</ele><time>2024-09-01T19:52:19Z</time></trkpt>
<trkpt lat="45.365121" lon="-75.824983"><ele>23.0</ele><time>2024-09-01T19:52:20Z</time></trkpt>
<trkpt lat="45.365102" lon="-75.824974"><ele>23.0</ele><time>2024-09-01T19:52:21Z</time></trkpt>
<trkpt lat="45.365083" lon="-75.824965"><ele>23.0</ele><time>2024-09-01T19:52:22Z</time></trkpt>
<trkpt lat="45.365064" lon="-75.824956"><ele>23.0</ele><time>2024-09-01T19:52:23Z</time></trkpt>
<trkpt lat="45.365042" lon="-75.824956"><ele>23.0</ele><time>2024-09-01T19:52:24Z</time></trkpt>
<trkpt lat="45.365023" lon="-75.824947"><ele>23.0</ele><time>2024-09-01T19:52:25Z</time></trkpt>
<trkpt lat="45.365001" lon="-75.824947"><ele>23.0</ele><time>2024-09-01T19:52:26Z</time></trkpt>
<trkpt lat="45.364982" lon="-75.824938"><ele>23.0</ele><time>2024-09-01T19:52:27Z</time></trkpt>
<trkpt lat="45.364963" lon="-75.824929"><ele>23.0</ele><time>2024-09-01T19:52:28Z</time></trkpt>
<trkpt lat="45.364944" lon="-75.824929"><ele>23.0</ele><time>2024-09-01T19:52:29Z</time></trkpt>
<trkpt lat="45.364922" lon="-75.82492"><ele>23.0</ele><time>2024-09-01T19:52:30Z</time></trkpt>
<trkpt lat="45.364903" lon="-75.824911"><ele>23.0</ele><time>2024-09-01T19:52:31Z</time></trkpt>
<trkpt lat="45.364884" lon="-75.824911"><ele>23.0</ele><time>2024-09-01T19:52:32Z</time></trkpt>
<trkpt lat="45.364865" lon="-75.824911"><ele>24.0</ele><time>2024-09-01T19:52:33Z</time></trkpt>
<trkpt lat="45.364843" lon="-75.824902"><ele>24.0</ele><time>2024-09-01T19:52:34Z</time></trkpt>
<trkpt lat="45.364824" lon="-75.824893"><ele>23.0</ele><time>2024-09-01T19:52:35Z</time></trkpt>
<trkpt lat="45.364802" lon="-75.824893"><ele>23.0</ele><time>2024-09-01T19:52:36Z</time></trkpt>
<trkpt lat="45.364783" lon="-75.824893"><ele>23.0</ele><time>2024-09-01T19:52:37Z</time></trkpt>
<trkpt lat="45.364767" lon="-75.824893"><ele>23.0</ele><time>2024-09-01T19:52:38Z</time></trkpt>
<trkpt lat="45.364745" lon="-75.824884"><ele>24.0</ele><time>2024-09-01T19:52:39Z</time></trkpt>
<trkpt lat="45.364722" lon="-75.824884"><ele>24.0</ele><time>2024-09-01T19:52:40Z</time></trkpt>
<trkpt lat="45.3647" lon="-75.824875"><ele>23.0</ele><time>2024-09-01T19:52:41Z</time></trkpt>
<trkpt lat="45.364684" lon="-75.824875"><ele>24.0</ele><time>2024-09-01T19:52:42Z</time></trkpt>
<trkpt lat="45.364669" lon="-75.824866"><ele>24.0</ele><time>2024-09-01T19:52:43Z</time></trkpt>
<trkpt lat="45.364646" lon="-75.824857"><ele>24.0</ele><time>2024-09-01T19:52:44Z</time></trkpt>
<trkpt lat="45.364624" lon="-75.824857"><ele>23.0</ele><time>2024-09-01T19:52:45Z</time></trkpt>
<trkpt lat="45.364608" lon="-75.824857"><ele>23.0</ele><time>2024-09-01T19:52:46Z</time></trkpt>
<trkpt lat="45.364589" lon="-75.824848"><ele>23.0</ele><time>2024-09-01T19:52:47Z</time></trkpt>
<trkpt lat="45.36457" lon="-75.824839"><ele>23.0</ele><time>2024-09-01T19:52:48Z</time></trkpt>
<trkpt lat="45.364548" lon="-75.824839"><ele>23.0</ele><time>2024-09-01T19:52:49Z</time></trkpt>
<trkpt lat="45.364529" lon="-75.824839"><ele>23.0</ele><time>2024-09-01T19:52:50Z</time></trkpt>
<trkpt lat="45.364513" lon="-75.82483"><ele>23.0</ele><time>2024-09-01T19:52:51Z</time></trkpt>
<trkpt lat="45.364494" lon="-75.82483"><ele>24.0</ele><time>2024-09-01T19:52:52Z</time></trkpt>
<trkpt lat="45.364472" lon="-75.824821"><ele>24.0</ele><time>2024-09-01T19:52:53Z</time></trkpt>
<trkpt lat="45.364453" lon="-75.824821"><ele>23.0</ele><time>2024-09-01T19:52:54Z</time></trkpt>
<trkpt lat="45.364431" lon="-75.824812"><ele>23.0</ele><time>2024-09-01T19:52:55Z</time></trkpt>
<trkpt lat="45.364412" lon="-75.824812"><ele>24.0</ele><time>2024-09-01T19:52:56Z</time></trkpt>
<trkpt lat="45.364393" lon="-75.824812"><ele>24.0</ele><time>2024-09-01T19:52:57Z</time></trkpt>
<trkpt lat="45.364374" lon="-75.824803"><ele>24.0</ele><time>2024-09-01T19:52:58Z</time></trkpt>
<trkpt lat="45.364352" lon="-75.824803"><ele>24.0</ele><time>2024-09-01T19:52:59Z</time></trkpt>
<trkpt lat="45.364333" lon="-75.824794"><ele>24.0</ele><time>2024-09-01T19:53:00Z</time></trkpt>
<trkpt lat="45.364311" lon="-75.824794"><ele>24.0</ele><time>2024-09-01T19:53:01Z</time></trkpt>
<trkpt lat="45.364289" lon="-75.824785"><ele>24.0</ele><time>2024-09-01T19:53:02Z</time></trkpt>
<trkpt lat="45.36427" lon="-75.824785"><ele>24.0</ele><time>2024-09-01T19:53:03Z</time></trkpt>
<trkpt lat="45.364251" lon="-75.824776"><ele>24.0</ele><time>2024-09-01T19:53:04Z</time></trkpt>
<trkpt lat="45.364229" lon="-75.824767"><ele>24.0</ele><time>2024-09-01T19:53:05Z</time></trkpt>
<trkpt lat="45.364213" lon="-75.824758"><ele>24.0</ele><time>2024-09-01T19:53:06Z</time></trkpt>
<trkpt lat="45.364194" lon="-75.824758"><ele>24.0</ele><time>2024-09-01T19:53:07Z</time></trkpt>
<trkpt lat="45.364175" lon="-75.824758"><ele>23.0</ele><time>2024-09-01T19:53:08Z</time></trkpt>
<trkpt lat="45.364159" lon="-75.824758"><ele>24.0</ele><time>2024-09-01T19:53:09Z</time></trkpt>
<trkpt lat="45.364137" lon="-75.82474"><ele>24.0</ele><time>2024-09-01T19:53:10Z</time></trkpt>
<trkpt lat="45.364111" lon="-75.824722"><ele>24.0</ele><time>2024-09-01T19:53:11Z</time></trkpt>
<trkpt lat="45.364089" lon="-75.824713"><ele>24.0</ele><time>2024-09-01T19:53:12Z</time></trkpt>
<trkpt lat="45.364073" lon="-75.824704"><ele>25.0</ele><time>2024-09-01T19:53:13Z</time></trkpt>
<trkpt lat="45.364054" lon="-75.824686"><ele>25.0</ele><time>2024-09-01T19:53:14Z</time></trkpt>
<trkpt lat="45.364032" lon="-75.824677"><ele>25.0</ele><time>2024-09-01T19:53:15Z</time></trkpt>
<trkpt lat="45.36401" lon="-75.824668"><ele>25.0</ele><time>2024-09-01T19:53:16Z</time></trkpt>
<trkpt lat="45.363985" lon="-75.824659"><ele>25.0</ele><time>2024-09-01T19:53:17Z</time></trkpt>
<trkpt lat="45.363953" lon="-75.824659"><ele>26.0</ele><time>2024-09-01T19:53:18Z</time></trkpt>
<trkpt lat="45.363928" lon="-75.824659"><ele>25.0</ele><time>2024-09-01T19:53:19Z</time></trkpt>
<trkpt lat="45.363909" lon="-75.824659"><ele>25.0</ele><time>2024-09-01T19:53:20Z</time></trkpt>
<trkpt lat="45.363887" lon="-75.824641"><ele>25.0</ele><time>2024-09-01T19:53:21Z</time></trkpt>
<trkpt lat="45.363864" lon="-75.824632"><ele>25.0</ele><time>2024-09-01T19:53:22Z</time></trkpt>
<trkpt lat="45.363839" lon="-75.824614"><ele>24.0</ele><time>2024-09-01T19:53:23Z</time></trkpt>
<trkpt lat="45.363817" lon="-75.824605"><ele>24.0</ele><time>2024-09-01T19:53:24Z</time></trkpt>
<trkpt lat="45.363788" lon="-75.824605"><ele>24.0</ele><time>2024-09-01T19:53:25Z</time></trkpt>
<trkpt lat="45.363763" lon="-75.824605"><ele>24.0</ele><time>2024-09-01T19:53:26Z</time></trkpt>
<trkpt lat="45.363741" lon="-75.824605"><ele>24.0</ele><time>2024-09-01T19:53:27Z</time></trkpt>
<trkpt lat="45.363716" lon="-75.824605"><ele>24.0</ele><time>2024-09-01T19:53:28Z</time></trkpt>
<trkpt lat="45.36369" lon="-75.824605"><ele>24.0</ele><time>2024-09-01T19:53:29Z</time></trkpt>
<trkpt lat="45.363671" lon="-75.824614"><ele>24.0</ele><time>2024-09-01T19:53:30Z</time></trkpt>
<trkpt lat="45.363646" lon="-75.824614"><ele>23.0</ele><time>2024-09-01T19:53:31Z</time></trkpt>
<trkpt lat="45.363617" lon="-75.824623"><ele>24.0</ele><time>2024-09-01T19:53:32Z</time></trkpt>
<trkpt lat="45.363595" lon="-75.824623"><ele>24.0</ele><time>2024-09-01T19:53:33Z</time></trkpt>
<trkpt lat="45.363567" lon="-75.824623"><ele>24.0</ele><time>2024-09-01T19:53:34Z</time></trkpt>
<trkpt lat="45.363541" lon="-75.824623"><ele>23.0</ele><time>2024-09-01T19:53:35Z</time></trkpt>
<trkpt lat="45.363519" lon="-75.824623"><ele>23.0</ele><time>2024-09-01T19:53:36Z</time></trkpt>
<trkpt lat="45.363494" lon="-75.824614"><ele>24.0</ele><time>2024-09-01T19:53:37Z</time></trkpt>
<trkpt lat="45.363469" lon="-75.824605"><ele>24.0</ele><time>2024-09-01T19:53:38Z</time></trkpt>
<trkpt lat="45.36344" lon="-75.824605"><ele>23.0</ele><time>2024-09-01T19:53:39Z</time></trkpt>
<trkpt lat="45.363418" lon="-75.824605"><ele>23.0</ele><time>2024-09-01T19:53:40Z</time></trkpt>
<trkpt lat="45.363399" lon="-75.824596"><ele>24.0</ele><time>2024-09-01T19:53:41Z</time></trkpt>
<trkpt lat="45.363377" lon="-75.824587"><ele>24.0</ele><time>2024-09-01T19:53:42Z</time></trkpt>
<trkpt lat="45.363345" lon="-75.824587"><ele>23.0</ele><time>2024-09-01T19:53:43Z</time></trkpt>
<trkpt lat="45.363317" lon="-75.824587"><ele>23.0</ele><time>2024-09-01T19:53:44Z</time></trkpt>
<trkpt lat="45.363291" lon="-75.824587"><ele>23.0</ele><time>2024-09-01T19:53:45Z</time></trkpt>
<trkpt lat="45.363266" lon="-75.824587"><ele>23.0</ele><time>2024-09-01T19:53:46Z</time></trkpt>
<trkpt lat="45.363244" lon="-75.824587"><ele>24.0</ele><time>2024-09-01T19:53:47Z</time></trkpt>
<trkpt lat="45.363222" lon="-75.824587"><ele>24.0</ele><time>2024-09-01T19:53:48Z</time></trkpt>
<trkpt lat="45.363193" lon="-75.824578"><ele>24.0</ele><time>2024-09-01T19:53:49Z</time></trkpt>
<trkpt lat="45.363165" lon="-75.824578"><ele>24.0</ele><time>2024-09-01T19:53:50Z</time></trkpt>
<trkpt lat="45.363139" lon="-75.824578"><ele>24.0</ele><time>2024-09-01T19:53:51Z</time></trkpt>
<trkpt lat="45.363117" lon="-75.824569"><ele>24.0</ele><time>2024-09-01T19:53:52Z</time></trkpt>
<trkpt lat="45.363098" lon="-75.82456"><ele>24.0</ele><time>2024-09-01T19:53:53Z</time></trkpt>
<trkpt lat="45.363076" lon="-75.824551"><ele>24.0</ele><time>2024-09-01T19:53:54Z</time></trkpt>
<trkpt lat="45.363051" lon="-75.824534"><ele>24.0</ele><time>2024-09-01T19:53:55Z</time></trkpt>
<trkpt lat="45.363029" lon="-75.824507"><ele>24.0</ele><time>2024-09-01T19:53:56Z</time></trkpt>
<trkpt lat="45.363006" lon="-75.82448"><ele>24.0</ele><time>2024-09-01T19:53:57Z</time></trkpt>
<trkpt lat="45.362987" lon="-75.824453"><ele>24.0</ele><time>2024-09-01T19:53:58Z</time></trkpt>
<trkpt lat="45.362968" lon="-75.824426"><ele>23.0</ele><time>2024-09-01T19:53:59Z</time></trkpt>
<trkpt lat="45.362949" lon="-75.824408"><ele>24.0</ele><time>2024-09-01T19:54:00Z</time></trkpt>
<trkpt lat="45.36293" lon="-75.824381"><ele>23.0</ele><time>2024-09-01T19:54:01Z</time></trkpt>
<trkpt lat="45.362911" lon="-75.824363"><ele>23.0</ele><time>2024-09-01T19:54:02Z</time></trkpt>
<trkpt lat="45.362892" lon="-75.824336"><ele>23.0</ele><time>2024-09-01T19:54:03Z</time></trkpt>
<trkpt lat="45.362873" lon="-75.824318"><ele>23.0</ele><time>2024-09-01T19:54:04Z</time></trkpt>
<trkpt lat="45.362854" lon="-75.824291"><ele>23.0</ele><time>2024-09-01T19:54:05Z</time></trkpt>
<trkpt lat="45.362835" lon="-75.824255"><ele>23.0</ele><time>2024-09-01T19:54:06Z</time></trkpt>
<trkpt lat="45.362816" lon="-75.824228"><ele>23.0</ele><time>2024-09-01T19:54:07Z</time></trkpt>
<trkpt lat="45.362801" lon="-75.824201"><ele>23.0</ele><time>2024-09-01T19:54:08Z</time></trkpt>
<trkpt lat="45.362785" lon="-75.824183"><ele>23.0</ele><time>2024-09-01T19:54:09Z</time></trkpt>
<trkpt lat="45.362769" lon="-75.824156"><ele>23.0</ele><time>2024-09-01T19:54:10Z</time></trkpt>
<trkpt lat="45.362753" lon="-75.824129"><ele>23.0</ele><time>2024-09-01T19:54:11Z</time></trkpt>
<trkpt lat="45.36274" lon="-75.824102"><ele>23.0</ele><time>2024-09-01T19:54:12Z</time></trkpt>
<trkpt lat="45.362715" lon="-75.824075"><ele>24.0</ele><time>2024-09-01T19:54:13Z</time></trkpt>
<trkpt lat="45.362693" lon="-75.824048"><ele>24.0</ele><time>2024-09-01T19:54:14Z</time></trkpt>
<trkpt lat="45.362693" lon="-75.824048"><ele>24.0</ele><time>2024-09-01T19:54:15Z</time></trkpt>
<trkpt lat="45.362671" lon="-75.824021"><ele>24.0</ele><time>2024-09-01T19:54:15Z</time></trkpt>
<trkpt lat="45.362645" lon="-75.823995"><ele>24.0</ele><time>2024-09-01T19:54:16Z</time></trkpt>
<trkpt lat="45.36263" lon="-75.823968"><ele>25.0</ele><time>2024-09-01T19:54:17Z</time></trkpt>
<trkpt lat="45.362614" lon="-75.823941"><ele>25.0</ele><time>2024-09-01T19:54:18Z</time></trkpt>
<trkpt lat="45.362598" lon="-75.823914"><ele>25.0</ele><time>2024-09-01T19:54:19Z</time></trkpt>
<trkpt lat="45.362579" lon="-75.823887"><ele>25.0</ele><time>2024-09-01T19:54:20Z</time></trkpt>
<trkpt lat="45.36256" lon="-75.82386"><ele>25.0</ele><time>2024-09-01T19:54:21Z</time></trkpt>
<trkpt lat="45.362544" lon="-75.823842"><ele>24.0</ele><time>2024-09-01T19:54:22Z</time></trkpt>
<trkpt lat="45.362525" lon="-75.823815"><ele>24.0</ele><time>2024-09-01T19:54:23Z</time></trkpt>
<trkpt lat="45.362506" lon="-75.823788"><ele>24.0</ele><time>2024-09-01T19:54:24Z</time></trkpt>
<trkpt lat="45.362487" lon="-75.823761"><ele>24.0</ele><time>2024-09-01T19:54:25Z</time></trkpt>
<trkpt lat="45.362468" lon="-75.823734"><ele>24.0</ele><time>2024-09-01T19:54:26Z</time></trkpt>
<trkpt lat="45.362446" lon="-75.823707"><ele>24.0</ele><time>2024-09-01T19:54:27Z</time></trkpt>
<trkpt lat="45.362427" lon="-75.823689"><ele>24.0</ele><time>2024-09-01T19:54:28Z</time></trkpt>
<trkpt lat="45.362405" lon="-75.823662"><ele>24.0</ele><time>2024-09-01T19:54:29Z</time></trkpt>
<trkpt lat="45.362386" lon="-75.823635"><ele>24.0</ele><time>2024-09-01T19:54:30Z</time></trkpt>
<trkpt lat="45.362364" lon="-75.823608"><ele>24.0</ele><time>2024-09-01T19:54:31Z</time></trkpt>
<trkpt lat="45.362348" lon="-75.823581"><ele>24.0</ele><time>2024-09-01T19:54:32Z</time></trkpt>
<trkpt lat="45.362332" lon="-75.823563"><ele>24.0</ele><time>2024-09-01T19:54:33Z</time></trkpt>
<trkpt lat="45.362316" lon="-75.823536"><ele>24.0</ele><time>2024-09-01T19:54:34Z</time></trkpt>
<trkpt lat="45.3623" lon="-75.823509"><ele>24.0</ele><time>2024-09-01T19:54:35Z</time></trkpt>
<trkpt lat="45.362284" lon="-75.823483"><ele>24.0</ele><time>2024-09-01T19:54:36Z</time></trkpt>
<trkpt lat="45.362269" lon="-75.823456"><ele>24.0</ele><time>2024-09-01T19:54:37Z</time></trkpt>
<trkpt lat="45.36225" lon="-75.82342"><ele>24.0</ele><time>2024-09-01T19:54:38Z</time></trkpt>
<trkpt lat="45.362231" lon="-75.823393"><ele>24.0</ele><time>2024-09-01T19:54:39Z</time></trkpt>
<trkpt lat="45.362215" lon="-75.823357"><ele>24.0</ele><time>2024-09-01T19:54:40Z</time></trkpt>
<trkpt lat="45.362196" lon="-75.82333"><ele>24.0</ele><time>2024-09-01T19:54:41Z</time></trkpt>
<trkpt lat="45.362177" lon="-75.823294"><ele>24.0</ele><time>2024-09-01T19:54:42Z</time></trkpt>
<trkpt lat="45.362161" lon="-75.823267"><ele>24.0</ele><time>2024-09-01T19:54:43Z</time></trkpt>
<trkpt lat="45.362142" lon="-75.823249"><ele>24.0</ele><time>2024-09-01T19:54:44Z</time></trkpt>
<trkpt lat="45.362126" lon="-75.823222"><ele>24.0</ele><time>2024-09-01T19:54:45Z</time></trkpt>
<trkpt lat="45.362107" lon="-75.823195"><ele>24.0</ele><time>2024-09-01T19:54:46Z</time></trkpt>
<trkpt lat="45.362088" lon="-75.823168"><ele>24.0</ele><time>2024-09-01T19:54:47Z</time></trkpt>
<trkpt lat="45.362072" lon="-75.823141"><ele>24.0</ele><time>2024-09-01T19:54:48Z</time></trkpt>
<trkpt lat="45.362056" lon="-75.823114"><ele>24.0</ele><time>2024-09-01T19:54:49Z</time></trkpt>
<trkpt lat="45.362041" lon="-75.823087"><ele>24.0</ele><time>2024-09-01T19:54:50Z</time></trkpt>
<trkpt lat="45.362025" lon="-75.823051"><ele>24.0</ele><time>2024-09-01T19:54:51Z</time></trkpt>
<trkpt lat="45.362006" lon="-75.823024"><ele>24.0</ele><time>2024-09-01T19:54:52Z</time></trkpt>
<trkpt lat="45.361987" lon="-75.822988"><ele>24.0</ele><time>2024-09-01T19:54:53Z</time></trkpt>
<trkpt lat="45.361968" lon="-75.822962"><ele>24.0</ele><time>2024-09-01T19:54:54Z</time></trkpt>
<trkpt lat="45.361949" lon="-75.822935"><ele>24.0</ele><time>2024-09-01T19:54:55Z</time></trkpt>
<trkpt lat="45.36193" lon="-75.822908"><ele>24.0</ele><time>2024-09-01T19:54:56Z</time></trkpt>
<trkpt lat="45.361911" lon="-75.822872"><ele>24.0</ele><time>2024-09-01T19:54:57Z</time></trkpt>
<trkpt lat="45.361892" lon="-75.822845"><ele>24.0</ele><time>2024-09-01T19:54:58Z</time></trkpt>
<trkpt lat="45.361873" lon="-75.822827"><ele>24.0</ele><time>2024-09-01T19:54:59Z</time></trkpt>
<trkpt lat="45.361854" lon="-75.8228"><ele>24.0</ele><time>2024-09-01T19:55:00Z</time></trkpt>
<trkpt lat="45.361835" lon="-75.822782"><ele>24.0</ele><time>2024-09-01T19:55:01Z</time></trkpt>
<trkpt lat="45.361816" lon="-75.822755"><ele>24.0</ele><time>2024-09-01T19:55:02Z</time></trkpt>
<trkpt lat="45.361797" lon="-75.822728"><ele>24.0</ele><time>2024-09-01T19:55:03Z</time></trkpt>
<trkpt lat="45.361775" lon="-75.822701"><ele>24.0</ele><time>2024-09-01T19:55:04Z</time></trkpt>
<trkpt lat="45.361752" lon="-75.822674"><ele>24.0</ele><time>2024-09-01T19:55:05Z</time></trkpt>
<trkpt lat="45.36173" lon="-75.822647"><ele>24.0</ele><time>2024-09-01T19:55:06Z</time></trkpt>
<trkpt lat="45.361714" lon="-75.822629"><ele>24.0</ele><time>2024-09-01T19:55:07Z</time></trkpt>
<trkpt lat="45.361699" lon="-75.822602"><ele>24.0</ele><time>2024-09-01T19:55:08Z</time></trkpt>
<trkpt lat="45.361683" lon="-75.822584"><ele>24.0</ele><time>2024-09-01T19:55:09Z</time></trkpt>
<trkpt lat="45.361667" lon="-75.822548"><ele>24.0</ele><time>2024-09-01T19:55:10Z</time></trkpt>
<trkpt lat="45.361645" lon="-75.822521"><ele>24.0</ele><time>2024-09-01T19:55:11Z</time></trkpt>
<trkpt lat="45.361626" lon="-75.822494"><ele>24.0</ele><time>2024-09-01T19:55:12Z</time></trkpt>
<trkpt lat="45.361607" lon="-75.822467"><ele>24.0</ele><time>2024-09-01T19:55:13Z</time></trkpt>
<trkpt lat="45.361588" lon="-75.822441"><ele>24.0</ele><time>2024-09-01T19:55:14Z</time></trkpt>
<trkpt lat="45.361566" lon="-75.822414"><ele>24.0</ele><time>2024-09-01T19:55:15Z</time></trkpt>
<trkpt lat="45.361547" lon="-75.822387"><ele>24.0</ele><time>2024-09-01T19:55:16Z</time></trkpt>
<trkpt lat="45.361528" lon="-75.822369"><ele>24.0</ele><time>2024-09-01T19:55:17Z</time></trkpt>
<trkpt lat="45.361509" lon="-75.822351"><ele>24.0</ele><time>2024-09-01T19:55:18Z</time></trkpt>
<trkpt lat="45.361487" lon="-75.822342"><ele>24.0</ele><time>2024-09-01T19:55:19Z</time></trkpt>
<trkpt lat="45.361461" lon="-75.822324"><ele>24.0</ele><time>2024-09-01T19:55:20Z</time></trkpt>
<trkpt lat="45.361439" lon="-75.822306"><ele>24.0</ele><time>2024-09-01T19:55:21Z</time></trkpt>
<trkpt lat="45.361414" lon="-75.822288"><ele>24.0</ele><time>2024-09-01T19:55:22Z</time></trkpt>
<trkpt lat="45.361388" lon="-75.822279"><ele>24.0</ele><time>2024-09-01T19:55:23Z</time></trkpt>
<trkpt lat="45.361366" lon="-75.822261"><ele>23.0</ele><time>2024-09-01T19:55:24Z</time></trkpt>
<trkpt lat="45.361344" lon="-75.822252"><ele>23.0</ele><time>2024-09-01T19:55:25Z</time></trkpt>
<trkpt lat="45.361322" lon="-75.822234"><ele>23.0</ele><time>2024-09-01T19:55:26Z</time></trkpt>
<trkpt lat="45.361297" lon="-75.822225"><ele>23.0</ele><time>2024-09-01T19:55:27Z</time></trkpt>
<trkpt lat="45.361271" lon="-75.822216"><ele>23.0</ele><time>2024-09-01T19:55:28Z</time></trkpt>
<trkpt lat="45.361246" lon="-75.822207"><ele>23.0</ele><time>2024-09-01T19:55:29Z</time></trkpt>
<trkpt lat="45.361221" lon="-75.822189"><ele>23.0</ele><time>2024-09-01T19:55:30Z</time></trkpt>
<trkpt lat="45.361202" lon="-75.82218"><ele>23.0</ele><time>2024-09-01T19:55:31Z</time></trkpt>
<trkpt lat="45.361183" lon="-75.822162"><ele>23.0</ele><time>2024-09-01T19:55:32Z</time></trkpt>
<trkpt lat="45.36116" lon="-75.822144"><ele>23.0</ele><time>2024-09-01T19:55:33Z</time></trkpt>
<trkpt lat="45.361138" lon="-75.822126"><ele>23.0</ele><time>2024-09-01T19:55:34Z</time></trkpt>
<trkpt lat="45.361113" lon="-75.822117"><ele>23.0</ele><time>2024-09-01T19:55:35Z</time></trkpt>
<trkpt lat="45.361084" lon="-75.822099"><ele>23.0</ele><time>2024-09-01T19:55:36Z</time></trkpt>
<trkpt lat="45.361059" lon="-75.82209"><ele>23.0</ele><time>2024-09-01T19:55:37Z</time></trkpt>
<trkpt lat="45.361034" lon="-75.822081"><ele>23.0</ele><time>2024-09-01T19:55:38Z</time></trkpt>
<trkpt lat="45.361012" lon="-75.822063"><ele>23.0</ele><time>2024-09-01T19:55:39Z</time></trkpt>
<trkpt lat="45.360989" lon="-75.822054"><ele>23.0</ele><time>2024-09-01T19:55:40Z</time></trkpt>
<trkpt lat="45.360964" lon="-75.822036"><ele>23.0</ele><time>2024-09-01T19:55:41Z</time></trkpt>
<trkpt lat="45.360939" lon="-75.822018"><ele>23.0</ele><time>2024-09-01T19:55:42Z</time></trkpt>
<trkpt lat="45.360913" lon="-75.822009"><ele>23.0</ele><time>2024-09-01T19:55:43Z</time></trkpt>
<trkpt lat="45.360888" lon="-75.822"><ele>23.0</ele><time>2024-09-01T19:55:44Z</time></trkpt>
<trkpt lat="45.360866" lon="-75.821982"><ele>23.0</ele><time>2024-09-01T19:55:45Z</time></trkpt>
<trkpt lat="45.360844" lon="-75.821964"><ele>23.0</ele><time>2024-09-01T19:55:46Z</time></trkpt>
<trkpt lat="45.360822" lon="-75.821955"><ele>23.0</ele><time>2024-09-01T19:55:47Z</time></trkpt>
<trkpt lat="45.360796" lon="-75.821937"><ele>23.0</ele><time>2024-09-01T19:55:48Z</time></trkpt>
<trkpt lat="45.360768" lon="-75.821929"><ele>23.0</ele><time>2024-09-01T19:55:49Z</time></trkpt>
<trkpt lat="45.360739" lon="-75.82192"><ele>23.0</ele><time>2024-09-01T19:55:50Z</time></trkpt>
<trkpt lat="45.360717" lon="-75.821902"><ele>23.0</ele><time>2024-09-01T19:55:51Z</time></trkpt>
<trkpt lat="45.360695" lon="-75.821884"><ele>23.0</ele><time>2024-09-01T19:55:52Z</time></trkpt>
<trkpt lat="45.360673" lon="-75.821875"><ele>23.0</ele><time>2024-09-01T19:55:53Z</time></trkpt>
<trkpt lat="45.360651" lon="-75.821857"><ele>23.0</ele><time>2024-09-01T19:55:54Z</time></trkpt>
<trkpt lat="45.360625" lon="-75.821848"><ele>23.0</ele><time>2024-09-01T19:55:55Z</time></trkpt>
<trkpt lat="45.3606" lon="-75.82183"><ele>23.0</ele><time>2024-09-01T19:55:56Z</time></trkpt>
<trkpt lat="45.360568" lon="-75.821812"><ele>23.0</ele><time>2024-09-01T19:55:57Z</time></trkpt>
<trkpt lat="45.36054" lon="-75.821812"><ele>23.0</ele><time>2024-09-01T19:55:58Z</time></trkpt>
<trkpt lat="45.360514" lon="-75.821803"><ele>23.0</ele><time>2024-09-01T19:55:59Z</time></trkpt>
<trkpt lat="45.360492" lon="-75.821794"><ele>23.0</ele><time>2024-09-01T19:56:00Z</time></trkpt>
<trkpt lat="45.36047" lon="-75.821785"><ele>23.0</ele><time>2024-09-01T19:56:01Z</time></trkpt>
<trkpt lat="45.360448" lon="-75.821776"><ele>23.0</ele><time>2024-09-01T19:56:02Z</time></trkpt>
<trkpt lat="45.360419" lon="-75.821758"><ele>23.0</ele><time>2024-09-01T19:56:03Z</time></trkpt>
<trkpt lat="45.360391" lon="-75.821749"><ele>22.0</ele><time>2024-09-01T19:56:04Z</time></trkpt>
<trkpt lat="45.360359" lon="-75.82174"><ele>23.0</ele><time>2024-09-01T19:56:05Z</time></trkpt>
<trkpt lat="45.360324" lon="-75.821731"><ele>23.0</ele><time>2024-09-01T19:56:06Z</time></trkpt>
<trkpt lat="45.360296" lon="-75.821731"><ele>22.0</ele><time>2024-09-01T19:56:07Z</time></trkpt>
<trkpt lat="45.360274" lon="-75.821722"><ele>22.0</ele><time>2024-09-01T19:56:08Z</time></trkpt>
<trkpt lat="45.360255" lon="-75.821713"><ele>23.0</ele><time>2024-09-01T19:56:09Z</time></trkpt>
<trkpt lat="45.360233" lon="-75.821704"><ele>23.0</ele><time>2024-09-01T19:56:10Z</time></trkpt>
<trkpt lat="45.36021" lon="-75.821686"><ele>23.0</ele><time>2024-09-01T19:56:11Z</time></trkpt>
<trkpt lat="45.360179" lon="-75.821677"><ele>23.0</ele><time>2024-09-01T19:56:12Z</time></trkpt>
<trkpt lat="45.360147" lon="-75.821659"><ele>23.0</ele><time>2024-09-01T19:56:13Z</time></trkpt>
<trkpt lat="45.360125" lon="-75.82165"><ele>22.0</ele><time>2024-09-01T19:56:14Z</time></trkpt>
<trkpt lat="45.360109" lon="-75.821632"><ele>22.0</ele><time>2024-09-01T19:56:15Z</time></trkpt>
<trkpt lat="45.36009" lon="-75.821623"><ele>22.0</ele><time>2024-09-01T19:56:16Z</time></trkpt>
<trkpt lat="45.360068" lon="-75.821605"><ele>23.0</ele><time>2024-09-01T19:56:17Z</time></trkpt>
<trkpt lat="45.360039" lon="-75.821596"><ele>23.0</ele><time>2024-09-01T19:56:18Z</time></trkpt>
<trkpt lat="45.360011" lon="-75.821587"><ele>22.0</ele><time>2024-09-01T19:56:19Z</time></trkpt>
<trkpt lat="45.359986" lon="-75.821578"><ele>22.0</ele><time>2024-09-01T19:56:20Z</time></trkpt>
<trkpt lat="45.359967" lon="-75.821569"><ele>22.0</ele><time>2024-09-01T19:56:21Z</time></trkpt>
<trkpt lat="45.359944" lon="-75.82156"><ele>23.0</ele><time>2024-09-01T19:56:22Z</time></trkpt>
<trkpt lat="45.359916" lon="-75.821542"><ele>22.0</ele><time>2024-09-01T19:56:23Z</time></trkpt>
<trkpt lat="45.359887" lon="-75.821542"><ele>22.0</ele><time>2024-09-01T19:56:24Z</time></trkpt>
<trkpt lat="45.359865" lon="-75.821533"><ele>22.0</ele><time>2024-09-01T19:56:25Z</time></trkpt>
<trkpt lat="45.359843" lon="-75.821524"><ele>22.0</ele><time>2024-09-01T19:56:26Z</time></trkpt>
<trkpt lat="45.359824" lon="-75.821506"><ele>22.0</ele><time>2024-09-01T19:56:27Z</time></trkpt>
<trkpt lat="45.359802" lon="-75.821488"><ele>22.0</ele><time>2024-09-01T19:56:28Z</time></trkpt>
<trkpt lat="45.359777" lon="-75.821479"><ele>22.0</ele><time>2024-09-01T19:56:29Z</time></trkpt>
<trkpt lat="45.359748" lon="-75.821461"><ele>22.0</ele><time>2024-09-01T19:56:30Z</time></trkpt>
<trkpt lat="45.359723" lon="-75.821452"><ele>22.0</ele><time>2024-09-01T19:56:31Z</time></trkpt>
<trkpt lat="45.359697" lon="-75.821443"><ele>22.0</ele><time>2024-09-01T19:56:32Z</time></trkpt>
<trkpt lat="45.359675" lon="-75.821434"><ele>22.0</ele><time>2024-09-01T19:56:33Z</time></trkpt>
<trkpt lat="45.35965" lon="-75.821425"><ele>22.0</ele><time>2024-09-01T19:56:34Z</time></trkpt>
<trkpt lat="45.359625" lon="-75.821416"><ele>22.0</ele><time>2024-09-01T19:56:35Z</time></trkpt>
<trkpt lat="45.359596" lon="-75.821408"><ele>22.0</ele><time>2024-09-01T19:56:36Z</time></trkpt>
<trkpt lat="45.359568" lon="-75.821408"><ele>22.0</ele><time>2024-09-01T19:56:37Z</time></trkpt>
<trkpt lat="45.359546" lon="-75.821408"><ele>22.0</ele><time>2024-09-01T19:56:38Z</time></trkpt>
<trkpt lat="45.35952" lon="-75.821399"><ele>23.0</ele><time>2024-09-01T19:56:39Z</time></trkpt>
<trkpt lat="45.359492" lon="-75.821399"><ele>23.0</ele><time>2024-09-01T19:56:40Z</time></trkpt>
<trkpt lat="45.35946" lon="-75.821399"><ele>22.0</ele><time>2024-09-01T19:56:41Z</time></trkpt>
<trkpt lat="45.359435" lon="-75.821399"><ele>22.0</ele><time>2024-09-01T19:56:42Z</time></trkpt>
<trkpt lat="45.359416" lon="-75.821399"><ele>22.0</ele><time>2024-09-01T19:56:43Z</time></trkpt>
<trkpt lat="45.359394" lon="-75.82139"><ele>23.0</ele><time>2024-09-01T19:56:44Z</time></trkpt>
<trkpt lat="45.359365" lon="-75.82139"><ele>23.0</ele><time>2024-09-01T19:56:45Z</time></trkpt>
<trkpt lat="45.359337" lon="-75.82139"><ele>23.0</ele><time>2024-09-01T19:56:46Z</time></trkpt>
<trkpt lat="45.359311" lon="-75.821399"><ele>23.0</ele><time>2024-09-01T19:56:47Z</time></trkpt>
<trkpt lat="45.359289" lon="-75.821408"><ele>23.0</ele><time>2024-09-01T19:56:48Z</time></trkpt>
<trkpt lat="45.359267" lon="-75.821416"><ele>23.0</ele><time>2024-09-01T19:56:49Z</time></trkpt>
<trkpt lat="45.359242" lon="-75.821416"><ele>23.0</ele><time>2024-09-01T19:56:50Z</time></trkpt>
<trkpt lat="45.359216" lon="-75.821425"><ele>23.0</ele><time>2024-09-01T19:56:51Z</time></trkpt>
<trkpt lat="45.359191" lon="-75.821434"><ele>23.0</ele><time>2024-09-01T19:56:52Z</time></trkpt>
<trkpt lat="45.359169" lon="-75.821452"><ele>23.0</ele><time>2024-09-01T19:56:53Z</time></trkpt>
<trkpt lat="45.359147" lon="-75.821461"><ele>23.0</ele><time>2024-09-01T19:56:54Z</time></trkpt>
<trkpt lat="45.359121" lon="-75.82147"><ele>24.0</ele><time>2024-09-01T19:56:55Z</time></trkpt>
<trkpt lat="45.359096" lon="-75.821479"><ele>24.0</ele><time>2024-09-01T19:56:56Z</time></trkpt>
<trkpt lat="45.359074" lon="-75.821488"><ele>24.0</ele><time>2024-09-01T19:56:57Z</time></trkpt>
<trkpt lat="45.359048" lon="-75.821497"><ele>24.0</ele><time>2024-09-01T19:56:58Z</time></trkpt>
<trkpt lat="45.359023" lon="-75.821506"><ele>24.0</ele><time>2024-09-01T19:56:59Z</time></trkpt>
<trkpt lat="45.359001" lon="-75.821515"><ele>24.0</ele><time>2024-09-01T19:57:00Z</time></trkpt>
<trkpt lat="45.358972" lon="-75.821515"><ele>24.0</ele><time>2024-09-01T19:57:01Z</time></trkpt>
<trkpt lat="45.358944" lon="-75.821524"><ele>24.0</ele><time>2024-09-01T19:57:02Z</time></trkpt>
<trkpt lat="45.358922" lon="-75.821533"><ele>24.0</ele><time>2024-09-01T19:57:03Z</time></trkpt>
<trkpt lat="45.358896" lon="-75.821542"><ele>24.0</ele><time>2024-09-01T19:57:04Z</time></trkpt>
<trkpt lat="45.358871" lon="-75.821542"><ele>24.0</ele><time>2024-09-01T19:57:05Z</time></trkpt>
<trkpt lat="45.358846" lon="-75.821551"><ele>24.0</ele><time>2024-09-01T19:57:06Z</time></trkpt>
<trkpt lat="45.35882" lon="-75.82156"><ele>23.0</ele><time>2024-09-01T19:57:07Z</time></trkpt>
<trkpt lat="45.358795" lon="-75.821569"><ele>24.0</ele><time>2024-09-01T19:57:08Z</time></trkpt>
<trkpt lat="45.35877" lon="-75.821578"><ele>24.0</ele><time>2024-09-01T19:57:09Z</time></trkpt>
<trkpt lat="45.358744" lon="-75.821587"><ele>23.0</ele><time>2024-09-01T19:57:10Z</time></trkpt>
<trkpt lat="45.358722" lon="-75.821596"><ele>24.0</ele><time>2024-09-01T19:57:11Z</time></trkpt>
<trkpt lat="45.358697" lon="-75.821605"><ele>24.0</ele><time>2024-09-01T19:57:12Z</time></trkpt>
<trkpt lat="45.358668" lon="-75.821605"><ele>24.0</ele><time>2024-09-01T19:57:13Z</time></trkpt>
<trkpt lat="45.358643" lon="-75.821623"><ele>24.0</ele><time>2024-09-01T19:57:14Z</time></trkpt>
<trkpt lat="45.358624" lon="-75.821641"><ele>24.0</ele><time>2024-09-01T19:57:15Z</time></trkpt>
<trkpt lat="45.358602" lon="-75.82165"><ele>24.0</ele><time>2024-09-01T19:57:16Z</time></trkpt>
<trkpt lat="45.358577" lon="-75.821668"><ele>24.0</ele><time>2024-09-01T19:57:17Z</time></trkpt>
<trkpt lat="45.358551" lon="-75.821677"><ele>25.0</ele><time>2024-09-01T19:57:18Z</time></trkpt>
<trkpt lat="45.358526" lon="-75.821695"><ele>24.0</ele><time>2024-09-01T19:57:19Z</time></trkpt>
<trkpt lat="45.358504" lon="-75.821704"><ele>24.0</ele><time>2024-09-01T19:57:20Z</time></trkpt>
<trkpt lat="45.358482" lon="-75.821722"><ele>25.0</ele><time>2024-09-01T19:57:21Z</time></trkpt>
<trkpt lat="45.358456" lon="-75.821731"><ele>25.0</ele><time>2024-09-01T19:57:22Z</time></trkpt>
<trkpt lat="45.358434" lon="-75.82174"><ele>24.0</ele><time>2024-09-01T19:57:23Z</time></trkpt>
<trkpt lat="45.358409" lon="-75.821749"><ele>25.0</ele><time>2024-09-01T19:57:24Z</time></trkpt>
<trkpt lat="45.358387" lon="-75.821767"><ele>24.0</ele><time>2024-09-01T19:57:25Z</time></trkpt>
<trkpt lat="45.358361" lon="-75.821785"><ele>25.0</ele><time>2024-09-01T19:57:26Z</time></trkpt>
<trkpt lat="45.358339" lon="-75.821794"><ele>25.0</ele><time>2024-09-01T19:57:27Z</time></trkpt>
<trkpt lat="45.358314" lon="-75.821803"><ele>25.0</ele><time>2024-09-01T19:57:28Z</time></trkpt>
<trkpt lat="45.358292" lon="-75.821821"><ele>25.0</ele><time>2024-09-01T19:57:29Z</time></trkpt>
<trkpt lat="45.358266" lon="-75.82183"><ele>25.0</ele><time>2024-09-01T19:57:30Z</time></trkpt>
<trkpt lat="45.358241" lon="-75.821839"><ele>25.0</ele><time>2024-09-01T19:57:31Z</time></trkpt>
<trkpt lat="45.358219" lon="-75.821857"><ele>25.0</ele><time>2024-09-01T19:57:32Z</time></trkpt>
<trkpt lat="45.358197" lon="-75.821866"><ele>25.0</ele><time>2024-09-01T19:57:33Z</time></trkpt>
<trkpt lat="45.358171" lon="-75.821875"><ele>25.0</ele><time>2024-09-01T19:57:34Z</time></trkpt>
<trkpt lat="45.358146" lon="-75.821884"><ele>25.0</ele><time>2024-09-01T19:57:35Z</time></trkpt>
<trkpt lat="45.358121" lon="-75.821893"><ele>25.0</ele><time>2024-09-01T19:57:36Z</time></trkpt>
<trkpt lat="45.358098" lon="-75.821902"><ele>25.0</ele><time>2024-09-01T19:57:37Z</time></trkpt>
<trkpt lat="45.358073" lon="-75.821911"><ele>25.0</ele><time>2024-09-01T19:57:38Z</time></trkpt>
<trkpt lat="45.358045" lon="-75.82192"><ele>24.0</ele><time>2024-09-01T19:57:39Z</time></trkpt>
<trkpt lat="45.358022" lon="-75.821937"><ele>24.0</ele><time>2024-09-01T19:57:40Z</time></trkpt>
<trkpt lat="45.357997" lon="-75.821946"><ele>25.0</ele><time>2024-09-01T19:57:41Z</time></trkpt>
<trkpt lat="45.357972" lon="-75.821946"><ele>25.0</ele><time>2024-09-01T19:57:42Z</time></trkpt>
<trkpt lat="45.35795" lon="-75.821955"><ele>24.0</ele><time>2024-09-01T19:57:43Z</time></trkpt>
<trkpt lat="45.357924" lon="-75.821964"><ele>25.0</ele><time>2024-09-01T19:57:44Z</time></trkpt>
<trkpt lat="45.357899" lon="-75.821973"><ele>25.0</ele><time>2024-09-01T19:57:45Z</time></trkpt>
<trkpt lat="45.357874" lon="-75.821973"><ele>24.0</ele><time>2024-09-01T19:57:46Z</time></trkpt>
<trkpt lat="45.357845" lon="-75.821991"><ele>24.0</ele><time>2024-09-01T19:57:47Z</time></trkpt>
<trkpt lat="45.35782" lon="-75.822"><ele>25.0</ele><time>2024-09-01T19:57:48Z</time></trkpt>
<trkpt lat="45.357794" lon="-75.822"><ele>24.0</ele><time>2024-09-01T19:57:49Z</time></trkpt>
<trkpt lat="45.357772" lon="-75.822009"><ele>24.0</ele><time>2024-09-01T19:57:50Z</time></trkpt>
<trkpt lat="45.35775" lon="-75.822009"><ele>24.0</ele><time>2024-09-01T19:57:51Z</time></trkpt>
<trkpt lat="45.357722" lon="-75.822009"><ele>25.0</ele><time>2024-09-01T19:57:52Z</time></trkpt>
<trkpt lat="45.357693" lon="-75.822018"><ele>24.0</ele><time>2024-09-01T19:57:53Z</time></trkpt>
<trkpt lat="45.357671" lon="-75.822027"><ele>24.0</ele><time>2024-09-01T19:57:54Z</time></trkpt>
<trkpt lat="45.357646" lon="-75.822036"><ele>24.0</ele><time>2024-09-01T19:57:55Z</time></trkpt>
<trkpt lat="45.357623" lon="-75.822045"><ele>24.0</ele><time>2024-09-01T19:57:56Z</time></trkpt>
<trkpt lat="45.357598" lon="-75.822054"><ele>24.0</ele><time>2024-09-01T19:57:57Z</time></trkpt>
<trkpt lat="45.357573" lon="-75.822063"><ele>24.0</ele><time>2024-09-01T19:57:58Z</time></trkpt>
<trkpt lat="45.357547" lon="-75.822072"><ele>24.0</ele><time>2024-09-01T19:57:59Z</time></trkpt>
<trkpt lat="45.357525" lon="-75.822081"><ele>24.0</ele><time>2024-09-01T19:58:00Z</time></trkpt>
<trkpt lat="45.3575" lon="-75.822081"><ele>24.0</ele><time>2024-09-01T19:58:01Z</time></trkpt>
<trkpt lat="45.357471" lon="-75.82209"><ele>24.0</ele><time>2024-09-01T19:58:02Z</time></trkpt>
<trkpt lat="45.357446" lon="-75.822099"><ele>24.0</ele><time>2024-09-01T19:58:03Z</time></trkpt>
<trkpt lat="45.357421" lon="-75.822108"><ele>24.0</ele><time>2024-09-01T19:58:04Z</time></trkpt>
<trkpt lat="45.357395" lon="-75.822117"><ele>24.0</ele><time>2024-09-01T19:58:05Z</time></trkpt>
<trkpt lat="45.357373" lon="-75.822117"><ele>24.0</ele><time>2024-09-01T19:58:06Z</time></trkpt>
<trkpt lat="45.357348" lon="-75.822126"><ele>24.0</ele><time>2024-09-01T19:58:07Z</time></trkpt>
<trkpt lat="45.357323" lon="-75.822126"><ele>24.0</ele><time>2024-09-01T19:58:08Z</time></trkpt>
<trkpt lat="45.357294" lon="-75.822135"><ele>24.0</ele><time>2024-09-01T19:58:09Z</time></trkpt>
<trkpt lat="45.357269" lon="-75.822144"><ele>24.0</ele><time>2024-09-01T19:58:10Z</time></trkpt>
<trkpt lat="45.357247" lon="-75.822153"><ele>25.0</ele><time>2024-09-01T19:58:11Z</time></trkpt>
<trkpt lat="45.357218" lon="-75.822162"><ele>25.0</ele><time>2024-09-01T19:58:12Z</time></trkpt>
<trkpt lat="45.357193" lon="-75.822162"><ele>24.0</ele><time>2024-09-01T19:58:13Z</time></trkpt>
<trkpt lat="45.357171" lon="-75.822171"><ele>25.0</ele><time>2024-09-01T19:58:14Z</time></trkpt>
<trkpt lat="45.357145" lon="-75.822171"><ele>25.0</ele><time>2024-09-01T19:58:15Z</time></trkpt>
<trkpt lat="45.35712" lon="-75.822171"><ele>24.0</ele><time>2024-09-01T19:58:16Z</time></trkpt>
<trkpt lat="45.357088" lon="-75.82218"><ele>25.0</ele><time>2024-09-01T19:58:17Z</time></trkpt>
<trkpt lat="45.357063" lon="-75.82218"><ele>24.0</ele><time>2024-09-01T19:58:18Z</time></trkpt>
<trkpt lat="45.357041" lon="-75.822189"><ele>24.0</ele><time>2024-09-01T19:58:19Z</time></trkpt>
<trkpt lat="45.357022" lon="-75.822189"><ele>24.0</ele><time>2024-09-01T19:58:20Z</time></trkpt>
<trkpt lat="45.356996" lon="-75.82218"><ele>24.0</ele><time>2024-09-01T19:58:21Z</time></trkpt>
<trkpt lat="45.356971" lon="-75.82218"><ele>24.0</ele><time>2024-09-01T19:58:22Z</time></trkpt>
<trkpt lat="45.356943" lon="-75.822189"><ele>24.0</ele><time>2024-09-01T19:58:23Z</time></trkpt>
<trkpt lat="45.35692" lon="-75.822189"><ele>24.0</ele><time>2024-09-01T19:58:24Z</time></trkpt>
<trkpt lat="45.356895" lon="-75.822189"><ele>24.0</ele><time>2024-09-01T19:58:25Z</time></trkpt>
<trkpt lat="45.35687" lon="-75.822189"><ele>24.0</ele><time>2024-09-01T19:58:26Z</time></trkpt>
<trkpt lat="45.356848" lon="-75.822198"><ele>24.0</ele><time>2024-09-01T19:58:27Z</time></trkpt>
<trkpt lat="45.356819" lon="-75.822198"><ele>24.0</ele><time>2024-09-01T19:58:28Z</time></trkpt>
<trkpt lat="45.356791" lon="-75.822198"><ele>24.0</ele><time>2024-09-01T19:58:29Z</time></trkpt>
<trkpt lat="45.356765" lon="-75.822207"><ele>24.0</ele><time>2024-09-01T19:58:30Z</time></trkpt>
<trkpt lat="45.356743" lon="-75.822216"><ele>24.0</ele><time>2024-09-01T19:58:31Z</time></trkpt>
<trkpt lat="45.356721" lon="-75.822225"><ele>24.0</ele><time>2024-09-01T19:58:32Z</time></trkpt>
<trkpt lat="45.356702" lon="-75.822252"><ele>24.0</ele><time>2024-09-01T19:58:33Z</time></trkpt>
<trkpt lat="45.35668" lon="-75.82227"><ele>24.0</ele><time>2024-09-01T19:58:34Z</time></trkpt>
<trkpt lat="45.356658" lon="-75.822288"><ele>24.0</ele><time>2024-09-01T19:58:35Z</time></trkpt>
<trkpt lat="45.356639" lon="-75.822306"><ele>24.0</ele><time>2024-09-01T19:58:36Z</time></trkpt>
<trkpt lat="45.356616" lon="-75.822324"><ele>24.0</ele><time>2024-09-01T19:58:37Z</time></trkpt>
<trkpt lat="45.356597" lon="-75.822342"><ele>24.0</ele><time>2024-09-01T19:58:38Z</time></trkpt>
<trkpt lat="45.356575" lon="-75.822351"><ele>25.0</ele><time>2024-09-01T19:58:39Z</time></trkpt>
<trkpt lat="45.35655" lon="-75.822369"><ele>24.0</ele><time>2024-09-01T19:58:40Z</time></trkpt>
<trkpt lat="45.356528" lon="-75.822387"><ele>24.0</ele><time>2024-09-01T19:58:41Z</time></trkpt>
<trkpt lat="45.356502" lon="-75.822396"><ele>25.0</ele><time>2024-09-01T19:58:42Z</time></trkpt>
<trkpt lat="45.35648" lon="-75.822414"><ele>24.0</ele><time>2024-09-01T19:58:43Z</time></trkpt>
<trkpt lat="45.356458" lon="-75.822423"><ele>25.0</ele><time>2024-09-01T19:58:44Z</time></trkpt>
<trkpt lat="45.356436" lon="-75.822441"><ele>24.0</ele><time>2024-09-01T19:58:45Z</time></trkpt>
<trkpt lat="45.356414" lon="-75.82245"><ele>24.0</ele><time>2024-09-01T19:58:46Z</time></trkpt>
<trkpt lat="45.356392" lon="-75.822458"><ele>24.0</ele><time>2024-09-01T19:58:47Z</time></trkpt>
<trkpt lat="45.356366" lon="-75.822476"><ele>24.0</ele><time>2024-09-01T19:58:48Z</time></trkpt>
<trkpt lat="45.356344" lon="-75.822485"><ele>25.0</ele><time>2024-09-01T19:58:49Z</time></trkpt>
<trkpt lat="45.356322" lon="-75.822503"><ele>24.0</ele><time>2024-09-01T19:58:50Z</time></trkpt>
<trkpt lat="45.3563" lon="-75.822512"><ele>24.0</ele><time>2024-09-01T19:58:51Z</time></trkpt>
<trkpt lat="45.356274" lon="-75.822521"><ele>25.0</ele><time>2024-09-01T19:58:52Z</time></trkpt>
<trkpt lat="45.356249" lon="-75.82253"><ele>24.0</ele><time>2024-09-01T19:58:53Z</time></trkpt>
<trkpt lat="45.356224" lon="-75.822539"><ele>25.0</ele><time>2024-09-01T19:58:54Z</time></trkpt>
<trkpt lat="45.356198" lon="-75.822539"><ele>25.0</ele><time>2024-09-01T19:58:55Z</time></trkpt>
<trkpt lat="45.356176" lon="-75.822548"><ele>24.0</ele><time>2024-09-01T19:58:56Z</time></trkpt>
<trkpt lat="45.356154" lon="-75.822557"><ele>25.0</ele><time>2024-09-01T19:58:57Z</time></trkpt>
<trkpt lat="45.356129" lon="-75.822557"><ele>25.0</ele><time>2024-09-01T19:58:58Z</time></trkpt>
<trkpt lat="45.3561" lon="-75.822566"><ele>25.0</ele><time>2024-09-01T19:58:59Z</time></trkpt>
<trkpt lat="45.356078" lon="-75.822584"><ele>25.0</ele><time>2024-09-01T19:59:00Z</time></trkpt>
<trkpt lat="45.356053" lon="-75.822593"><ele>25.0</ele><time>2024-09-01T19:59:01Z</time></trkpt>
<trkpt lat="45.356034" lon="-75.822602"><ele>25.0</ele><time>2024-09-01T19:59:02Z</time></trkpt>
<trkpt lat="45.356012" lon="-75.822602"><ele>25.0</ele><time>2024-09-01T19:59:03Z</time></trkpt>
<trkpt lat="45.355986" lon="-75.822611"><ele>25.0</ele><time>2024-09-01T19:59:04Z</time></trkpt>
<trkpt lat="45.355958" lon="-75.82262"><ele>25.0</ele><time>2024-09-01T19:59:05Z</time></trkpt>
<trkpt lat="45.355936" lon="-75.822629"><ele>25.0</ele><time>2024-09-01T19:59:06Z</time></trkpt>
<trkpt lat="45.355913" lon="-75.822638"><ele>24.0</ele><time>2024-09-01T19:59:07Z</time></trkpt>
<trkpt lat="45.355891" lon="-75.822638"><ele>25.0</ele><time>2024-09-01T19:59:08Z</time></trkpt>
<trkpt lat="45.355866" lon="-75.822638"><ele>24.0</ele><time>2024-09-01T19:59:09Z</time></trkpt>
<trkpt lat="45.355841" lon="-75.822647"><ele>24.0</ele><time>2024-09-01T19:59:10Z</time></trkpt>
<trkpt lat="45.355815" lon="-75.822656"><ele>25.0</ele><time>2024-09-01T19:59:11Z</time></trkpt>
<trkpt lat="45.355793" lon="-75.822656"><ele>25.0</ele><time>2024-09-01T19:59:12Z</time></trkpt>
<trkpt lat="45.355768" lon="-75.822656"><ele>24.0</ele><time>2024-09-01T19:59:13Z</time></trkpt>
<trkpt lat="45.355742" lon="-75.822665"><ele>24.0</ele><time>2024-09-01T19:59:14Z</time></trkpt>
<trkpt lat="45.355717" lon="-75.822665"><ele>24.0</ele><time>2024-09-01T19:59:15Z</time></trkpt>
<trkpt lat="45.355692" lon="-75.822665"><ele>24.0</ele><time>2024-09-01T19:59:16Z</time></trkpt>
<trkpt lat="45.355666" lon="-75.822665"><ele>24.0</ele><time>2024-09-01T19:59:17Z</time></trkpt>
<trkpt lat="45.355641" lon="-75.822665"><ele>25.0</ele><time>2024-09-01T19:59:18Z</time></trkpt>
<trkpt lat="45.355616" lon="-75.822674"><ele>24.0</ele><time>2024-09-01T19:59:19Z</time></trkpt>
<trkpt lat="45.355587" lon="-75.822674"><ele>24.0</ele><time>2024-09-01T19:59:20Z</time></trkpt>
<trkpt lat="45.355565" lon="-75.822674"><ele>24.0</ele><time>2024-09-01T19:59:21Z</time></trkpt>
<trkpt lat="45.355543" lon="-75.822674"><ele>24.0</ele><time>2024-09-01T19:59:22Z</time></trkpt>
<trkpt lat="45.355521" lon="-75.822665"><ele>24.0</ele><time>2024-09-01T19:59:23Z</time></trkpt>
<trkpt lat="45.355495" lon="-75.822665"><ele>24.0</ele><time>2024-09-01T19:59:24Z</time></trkpt>
<trkpt lat="45.355464" lon="-75.822665"><ele>24.0</ele><time>2024-09-01T19:59:25Z</time></trkpt>
<trkpt lat="45.355435" lon="-75.822674"><ele>24.0</ele><time>2024-09-01T19:59:26Z</time></trkpt>
<trkpt lat="45.355413" lon="-75.822674"><ele>24.0</ele><time>2024-09-01T19:59:27Z</time></trkpt>
<trkpt lat="45.355391" lon="-75.822683"><ele>24.0</ele><time>2024-09-01T19:59:28Z</time></trkpt>
<trkpt lat="45.355369" lon="-75.822683"><ele>24.0</ele><time>2024-09-01T19:59:29Z</time></trkpt>
<trkpt lat="45.355343" lon="-75.822683"><ele>24.0</ele><time>2024-09-01T19:59:30Z</time></trkpt>
<trkpt lat="45.355315" lon="-75.822683"><ele>24.0</ele><time>2024-09-01T19:59:31Z</time></trkpt>
<trkpt lat="45.35529" lon="-75.822692"><ele>24.0</ele><time>2024-09-01T19:59:32Z</time></trkpt>
<trkpt lat="45.355264" lon="-75.822692"><ele>24.0</ele><time>2024-09-01T19:59:33Z</time></trkpt>
<trkpt lat="45.355245" lon="-75.822692"><ele>24.0</ele><time>2024-09-01T19:59:34Z</time></trkpt>
<trkpt lat="45.355223" lon="-75.822692"><ele>24.0</ele><time>2024-09-01T19:59:35Z</time></trkpt>
<trkpt lat="45.355198" lon="-75.822692"><ele>24.0</ele><time>2024-09-01T19:59:36Z</time></trkpt>
<trkpt lat="45.355172" lon="-75.822701"><ele>24.0</ele><time>2024-09-01T19:59:37Z</time></trkpt>
<trkpt lat="45.355147" lon="-75.822701"><ele>24.0</ele><time>2024-09-01T19:59:38Z</time></trkpt>
<trkpt lat="45.355122" lon="-75.82271"><ele>24.0</ele><time>2024-09-01T19:59:39Z</time></trkpt>
<trkpt lat="45.355096" lon="-75.82271"><ele>24.0</ele><time>2024-09-01T19:59:40Z</time></trkpt>
<trkpt lat="45.355074" lon="-75.822719"><ele>24.0</ele><time>2024-09-01T19:59:41Z</time></trkpt>
<trkpt lat="45.355052" lon="-75.822719"><ele>24.0</ele><time>2024-09-01T19:59:42Z</time></trkpt>
<trkpt lat="45.355027" lon="-75.822728"><ele>24.0</ele><time>2024-09-01T19:59:43Z</time></trkpt>
<trkpt lat="45.355001" lon="-75.822746"><ele>24.0</ele><time>2024-09-01T19:59:44Z</time></trkpt>
<trkpt lat="45.354976" lon="-75.822755"><ele>24.0</ele><time>2024-09-01T19:59:45Z</time></trkpt>
<trkpt lat="45.354951" lon="-75.822764"><ele>24.0</ele><time>2024-09-01T19:59:46Z</time></trkpt>
<trkpt lat="45.354929" lon="-75.822773"><ele>24.0</ele><time>2024-09-01T19:59:47Z</time></trkpt>
<trkpt lat="45.354906" lon="-75.822782"><ele>24.0</ele><time>2024-09-01T19:59:48Z</time></trkpt>
<trkpt lat="45.354881" lon="-75.822782"><ele>25.0</ele><time>2024-09-01T19:59:49Z</time></trkpt>
<trkpt lat="45.354853" lon="-75.822791"><ele>24.0</ele><time>2024-09-01T19:59:50Z</time></trkpt>
<trkpt lat="45.354827" lon="-75.822809"><ele>24.0</ele><time>2024-09-01T19:59:51Z</time></trkpt>
<trkpt lat="45.354808" lon="-75.822818"><ele>24.0</ele><time>2024-09-01T19:59:52Z</time></trkpt>
<trkpt lat="45.354786" lon="-75.822827"><ele>24.0</ele><time>2024-09-01T19:59:53Z</time></trkpt>
<trkpt lat="45.354761" lon="-75.822836"><ele>24.0</ele><time>2024-09-01T19:59:54Z</time></trkpt>
<trkpt lat="45.354732" lon="-75.822845"><ele>24.0</ele><time>2024-09-01T19:59:55Z</time></trkpt>
<trkpt lat="45.354707" lon="-75.822854"><ele>24.0</ele><time>2024-09-01T19:59:56Z</time></trkpt>
<trkpt lat="45.354685" lon="-75.822863"><ele>24.0</ele><time>2024-09-01T19:59:57Z</time></trkpt>
<trkpt lat="45.354663" lon="-75.822863"><ele>24.0</ele><time>2024-09-01T19:59:58Z</time></trkpt>
<trkpt lat="45.35464" lon="-75.822872"><ele>24.0</ele><time>2024-09-01T19:59:59Z</time></trkpt>
<trkpt lat="45.354615" lon="-75.822881"><ele>24.0</ele><time>2024-09-01T20:00:00Z</time></trkpt>
<trkpt lat="45.35459" lon="-75.82289"><ele>24.0</ele><time>2024-09-01T20:00:01Z</time></trkpt>
<trkpt lat="45.354561" lon="-75.822899"><ele>24.0</ele><time>2024-09-01T20:00:02Z</time></trkpt>
<trkpt lat="45.354536" lon="-75.822908"><ele>24.0</ele><time>2024-09-01T20:00:03Z</time></trkpt>
<trkpt lat="45.354517" lon="-75.822917"><ele>24.0</ele><time>2024-09-01T20:00:04Z</time></trkpt>
<trkpt lat="45.354495" lon="-75.822917"><ele>24.0</ele><time>2024-09-01T20:00:05Z</time></trkpt>
<trkpt lat="45.354473" lon="-75.822917"><ele>25.0</ele><time>2024-09-01T20:00:06Z</time></trkpt>
<trkpt lat="45.354444" lon="-75.822926"><ele>24.0</ele><time>2024-09-01T20:00:07Z</time></trkpt>
<trkpt lat="45.354419" lon="-75.822935"><ele>24.0</ele><time>2024-09-01T20:00:08Z</time></trkpt>
<trkpt lat="45.354397" lon="-75.822953"><ele>24.0</ele><time>2024-09-01T20:00:09Z</time></trkpt>
<trkpt lat="45.354371" lon="-75.822962"><ele>24.0</ele><time>2024-09-01T20:00:10Z</time></trkpt>
<trkpt lat="45.354349" lon="-75.822971"><ele>24.0</ele><time>2024-09-01T20:00:11Z</time></trkpt>
<trkpt lat="45.354327" lon="-75.822979"><ele>24.0</ele><time>2024-09-01T20:00:12Z</time></trkpt>
<trkpt lat="45.354302" lon="-75.822988"><ele>24.0</ele><time>2024-09-01T20:00:13Z</time></trkpt>
<trkpt lat="45.354276" lon="-75.822997"><ele>24.0</ele><time>2024-09-01T20:00:14Z</time></trkpt>
<trkpt lat="45.354251" lon="-75.823006"><ele>24.0</ele><time>2024-09-01T20:00:15Z</time></trkpt>
<trkpt lat="45.354229" lon="-75.823015"><ele>24.0</ele><time>2024-09-01T20:00:16Z</time></trkpt>
<trkpt lat="45.354207" lon="-75.823024"><ele>24.0</ele><time>2024-09-01T20:00:17Z</time></trkpt>
<trkpt lat="45.354181" lon="-75.823033"><ele>24.0</ele><time>2024-09-01T20:00:18Z</time></trkpt>
<trkpt lat="45.354153" lon="-75.823033"><ele>24.0</ele><time>2024-09-01T20:00:19Z</time></trkpt>
<trkpt lat="45.354127" lon="-75.823042"><ele>24.0</ele><time>2024-09-01T20:00:20Z</time></trkpt>
<trkpt lat="45.354105" lon="-75.82306"><ele>24.0</ele><time>2024-09-01T20:00:21Z</time></trkpt>
<trkpt lat="45.35408" lon="-75.82306"><ele>24.0</ele><time>2024-09-01T20:00:22Z</time></trkpt>
<trkpt lat="45.354058" lon="-75.823069"><ele>24.0</ele><time>2024-09-01T20:00:23Z</time></trkpt>
<trkpt lat="45.354032" lon="-75.823078"><ele>24.0</ele><time>2024-09-01T20:00:24Z</time></trkpt>
<trkpt lat="45.35401" lon="-75.823087"><ele>24.0</ele><time>2024-09-01T20:00:25Z</time></trkpt>
<trkpt lat="45.353988" lon="-75.823096"><ele>24.0</ele><time>2024-09-01T20:00:26Z</time></trkpt>
<trkpt lat="45.353966" lon="-75.823105"><ele>24.0</ele><time>2024-09-01T20:00:27Z</time></trkpt>
<trkpt lat="45.353941" lon="-75.823114"><ele>24.0</ele><time>2024-09-01T20:00:28Z</time></trkpt>
<trkpt lat="45.353915" lon="-75.823123"><ele>24.0</ele><time>2024-09-01T20:00:29Z</time></trkpt>
<trkpt lat="45.353893" lon="-75.823132"><ele>23.0</ele><time>2024-09-01T20:00:30Z</time></trkpt>
<trkpt lat="45.353871" lon="-75.823141"><ele>24.0</ele><time>2024-09-01T20:00:31Z</time></trkpt>
<trkpt lat="45.353852" lon="-75.823141"><ele>24.0</ele><time>2024-09-01T20:00:32Z</time></trkpt>
<trkpt lat="45.35383" lon="-75.82315"><ele>24.0</ele><time>2024-09-01T20:00:33Z</time></trkpt>
<trkpt lat="45.353804" lon="-75.823159"><ele>24.0</ele><time>2024-09-01T20:00:34Z</time></trkpt>
<trkpt lat="45.353782" lon="-75.823177"><ele>24.0</ele><time>2024-09-01T20:00:35Z</time></trkpt>
<trkpt lat="45.35376" lon="-75.823186"><ele>24.0</ele><time>2024-09-01T20:00:36Z</time></trkpt>
<trkpt lat="45.353741" lon="-75.823204"><ele>24.0</ele><time>2024-09-01T20:00:37Z</time></trkpt>
<trkpt lat="45.353719" lon="-75.823213"><ele>24.0</ele><time>2024-09-01T20:00:38Z</time></trkpt>
<trkpt lat="45.353694" lon="-75.823222"><ele>24.0</ele><time>2024-09-01T20:00:39Z</time></trkpt>
<trkpt lat="45.353668" lon="-75.82324"><ele>24.0</ele><time>2024-09-01T20:00:40Z</time></trkpt>
<trkpt lat="45.353646" lon="-75.823249"><ele>24.0</ele><time>2024-09-01T20:00:41Z</time></trkpt>
<trkpt lat="45.353624" lon="-75.823258"><ele>24.0</ele><time>2024-09-01T20:00:42Z</time></trkpt>
<trkpt lat="45.353602" lon="-75.823258"><ele>24.0</ele><time>2024-09-01T20:00:43Z</time></trkpt>
<trkpt lat="45.353573" lon="-75.823258"><ele>24.0</ele><time>2024-09-01T20:00:44Z</time></trkpt>
<trkpt lat="45.353545" lon="-75.823267"><ele>24.0</ele><time>2024-09-01T20:00:45Z</time></trkpt>
<trkpt lat="45.353523" lon="-75.823285"><ele>24.0</ele><time>2024-09-01T20:00:46Z</time></trkpt>
<trkpt lat="45.3535" lon="-75.823285"><ele>24.0</ele><time>2024-09-01T20:00:47Z</time></trkpt>
<trkpt lat="45.353481" lon="-75.823285"><ele>24.0</ele><time>2024-09-01T20:00:48Z</time></trkpt>
<trkpt lat="45.353456" lon="-75.823294"><ele>25.0</ele><time>2024-09-01T20:00:49Z</time></trkpt>
<trkpt lat="45.353431" lon="-75.823303"><ele>24.0</ele><time>2024-09-01T20:00:50Z</time></trkpt>
<trkpt lat="45.353409" lon="-75.823321"><ele>24.0</ele><time>2024-09-01T20:00:51Z</time></trkpt>
<trkpt lat="45.35339" lon="-75.82333"><ele>24.0</ele><time>2024-09-01T20:00:52Z</time></trkpt>
<trkpt lat="45.353371" lon="-75.823339"><ele>25.0</ele><time>2024-09-01T20:00:53Z</time></trkpt>
<trkpt lat="45.353348" lon="-75.823357"><ele>24.0</ele><time>2024-09-01T20:00:54Z</time></trkpt>
<trkpt lat="45.353329" lon="-75.823375"><ele>24.0</ele><time>2024-09-01T20:00:55Z</time></trkpt>
<trkpt lat="45.35331" lon="-75.823393"><ele>24.0</ele><time>2024-09-01T20:00:56Z</time></trkpt>
<trkpt lat="45.353291" lon="-75.823402"><ele>25.0</ele><time>2024-09-01T20:00:57Z</time></trkpt>
<trkpt lat="45.353269" lon="-75.82342"><ele>24.0</ele><time>2024-09-01T20:00:58Z</time></trkpt>
<trkpt lat="45.35325" lon="-75.823438"><ele>25.0</ele><time>2024-09-01T20:00:59Z</time></trkpt>
<trkpt lat="45.353231" lon="-75.823456"><ele>24.0</ele><time>2024-09-01T20:01:00Z</time></trkpt>
<trkpt lat="45.353215" lon="-75.823474"><ele>24.0</ele><time>2024-09-01T20:01:01Z</time></trkpt>
<trkpt lat="45.3532" lon="-75.823492"><ele>25.0</ele><time>2024-09-01T20:01:02Z</time></trkpt>
<trkpt lat="45.353181" lon="-75.823509"><ele>24.0</ele><time>2024-09-01T20:01:03Z</time></trkpt>
<trkpt lat="45.353165" lon="-75.823536"><ele>24.0</ele><time>2024-09-01T20:01:04Z</time></trkpt>
<trkpt lat="45.353155" lon="-75.823554"><ele>25.0</ele><time>2024-09-01T20:01:05Z</time></trkpt>
<trkpt lat="45.353139" lon="-75.823572"><ele>25.0</ele><time>2024-09-01T20:01:06Z</time></trkpt>
<trkpt lat="45.35313" lon="-75.823599"><ele>24.0</ele><time>2024-09-01T20:01:07Z</time></trkpt>
<trkpt lat="45.353117" lon="-75.823617"><ele>25.0</ele><time>2024-09-01T20:01:08Z</time></trkpt>
<trkpt lat="45.353108" lon="-75.823635"><ele>25.0</ele><time>2024-09-01T20:01:09Z</time></trkpt>
<trkpt lat="45.353095" lon="-75.823653"><ele>25.0</ele><time>2024-09-01T20:01:10Z</time></trkpt>
<trkpt lat="45.353079" lon="-75.823671"><ele>24.0</ele><time>2024-09-01T20:01:11Z</time></trkpt>
<trkpt lat="45.353073" lon="-75.823689"><ele>25.0</ele><time>2024-09-01T20:01:12Z</time></trkpt>
<trkpt lat="45.353067" lon="-75.823707"><ele>25.0</ele><time>2024-09-01T20:01:13Z</time></trkpt>
<trkpt lat="45.35306" lon="-75.823725"><ele>25.0</ele><time>2024-09-01T20:01:14Z</time></trkpt>
<trkpt lat="45.353057" lon="-75.823743"><ele>24.0</ele><time>2024-09-01T20:01:15Z</time></trkpt>
<trkpt lat="45.353051" lon="-75.823761"><ele>25.0</ele><time>2024-09-01T20:01:16Z</time></trkpt>
<trkpt lat="45.353041" lon="-75.82377"><ele>25.0</ele><time>2024-09-01T20:01:17Z</time></trkpt>
<trkpt lat="45.353038" lon="-75.823788"><ele>24.0</ele><time>2024-09-01T20:01:18Z</time></trkpt>
<trkpt lat="45.353032" lon="-75.823806"><ele>24.0</ele><time>2024-09-01T20:01:19Z</time></trkpt>
<trkpt lat="45.353029" lon="-75.823815"><ele>24.0</ele><time>2024-09-01T20:01:20Z</time></trkpt>
<trkpt lat="45.353025" lon="-75.823833"><ele>24.0</ele><time>2024-09-01T20:01:21Z</time></trkpt>
<trkpt lat="45.353022" lon="-75.823851"><ele>24.0</ele><time>2024-09-01T20:01:22Z</time></trkpt>
<trkpt lat="45.353022" lon="-75.823869"><ele>24.0</ele><time>2024-09-01T20:01:23Z</time></trkpt>
<trkpt lat="45.353022" lon="-75.823887"><ele>24.0</ele><time>2024-09-01T20:01:24Z</time></trkpt>
<trkpt lat="45.353025" lon="-75.823896"><ele>24.0</ele><time>2024-09-01T20:01:25Z</time></trkpt>
<trkpt lat="45.353022" lon="-75.823914"><ele>24.0</ele><time>2024-09-01T20:01:26Z</time></trkpt>
<trkpt lat="45.353019" lon="-75.823923"><ele>24.0</ele><time>2024-09-01T20:01:27Z</time></trkpt>
<trkpt lat="45.353019" lon="-75.823941"><ele>24.0</ele><time>2024-09-01T20:01:28Z</time></trkpt>
<trkpt lat="45.353016" lon="-75.82395"><ele>24.0</ele><time>2024-09-01T20:01:29Z</time></trkpt>
<trkpt lat="45.353016" lon="-75.823959"><ele>24.0</ele><time>2024-09-01T20:01:30Z</time></trkpt>
<trkpt lat="45.353016" lon="-75.823977"><ele>23.0</ele><time>2024-09-01T20:01:31Z</time></trkpt>
<trkpt lat="45.353016" lon="-75.823986"><ele>24.0</ele><time>2024-09-01T20:01:32Z</time></trkpt>
<trkpt lat="45.353016" lon="-75.824004"><ele>24.0</ele><time>2024-09-01T20:01:33Z</time></trkpt>
<trkpt lat="45.353016" lon="-75.824013"><ele>24.0</ele><time>2024-09-01T20:01:34Z</time></trkpt>
<trkpt lat="45.353016" lon="-75.824021"><ele>24.0</ele><time>2024-09-01T20:01:35Z</time></trkpt>
<trkpt lat="45.353019" lon="-75.82403"><ele>24.0</ele><time>2024-09-01T20:01:36Z</time></trkpt>
<trkpt lat="45.353019" lon="-75.824039"><ele>23.0</ele><time>2024-09-01T20:01:37Z</time></trkpt>
<trkpt lat="45.353022" lon="-75.824048"><ele>23.0</ele><time>2024-09-01T20:01:38Z</time></trkpt>
<trkpt lat="45.353022" lon="-75.824057"><ele>24.0</ele><time>2024-09-01T20:01:39Z</time></trkpt>
<trkpt lat="45.353019" lon="-75.824066"><ele>23.0</ele><time>2024-09-01T20:01:40Z</time></trkpt>
<trkpt lat="45.353019" lon="-75.824075"><ele>24.0</ele><time>2024-09-01T20:01:41Z</time></trkpt>
<trkpt lat="45.353019" lon="-75.824093"><ele>24.0</ele><time>2024-09-01T20:01:42Z</time></trkpt>
<trkpt lat="45.353022" lon="-75.824102"><ele>24.0</ele><time>2024-09-01T20:01:43Z</time></trkpt>
<trkpt lat="45.353022" lon="-75.824111"><ele>24.0</ele><time>2024-09-01T20:01:44Z</time></trkpt>
<trkpt lat="45.353025" lon="-75.82412"><ele>24.0</ele><time>2024-09-01T20:01:45Z</time></trkpt>
<trkpt lat="45.353025" lon="-75.82412"><ele>24.0</ele><time>2024-09-01T20:01:46Z</time></trkpt>
<trkpt lat="45.353029" lon="-75.824129"><ele>24.0</ele><time>2024-09-01T20:01:47Z</time></trkpt>
<trkpt lat="45.353032" lon="-75.824138"><ele>24.0</ele><time>2024-09-01T20:01:48Z</time></trkpt>
<trkpt lat="45.353035" lon="-75.824147"><ele>24.0</ele><time>2024-09-01T20:01:49Z</time></trkpt>
<trkpt lat="45.353038" lon="-75.824147"><ele>24.0</ele><time>2024-09-01T20:01:50Z</time></trkpt>
<trkpt lat="45.353041" lon="-75.824156"><ele>24.0</ele><time>2024-09-01T20:01:51Z</time></trkpt>
<trkpt lat="45.353044" lon="-75.824165"><ele>24.0</ele><time>2024-09-01T20:01:52Z</time></trkpt>
<trkpt lat="45.353044" lon="-75.824174"><ele>25.0</ele><time>2024-09-01T20:01:53Z</time></trkpt>
<trkpt lat="45.353044" lon="-75.824183"><ele>25.0</ele><time>2024-09-01T20:01:54Z</time></trkpt>
<trkpt lat="45.353048" lon="-75.824183"><ele>24.0</ele><time>2024-09-01T20:01:55Z</time></trkpt>
<trkpt lat="45.353044" lon="-75.824192"><ele>24.0</ele><time>2024-09-01T20:01:56Z</time></trkpt>
<trkpt lat="45.353044" lon="-75.824201"><ele>24.0</ele><time>2024-09-01T20:01:57Z</time></trkpt>
<trkpt lat="45.353044" lon="-75.82421"><ele>24.0</ele><time>2024-09-01T20:01:58Z</time></trkpt>
<trkpt lat="45.353044" lon="-75.82421"><ele>24.0</ele><time>2024-09-01T20:01:59Z</time></trkpt>
<trkpt lat="45.353044" lon="-75.824219"><ele>24.0</ele><time>2024-09-01T20:02:00Z</time></trkpt>
<trkpt lat="45.353048" lon="-75.824219"><ele>24.0</ele><time>2024-09-01T20:02:01Z</time></trkpt>
<trkpt lat="45.353048" lon="-75.824219"><ele>24.0</ele><time>2024-09-01T20:02:02Z</time></trkpt>
<trkpt lat="45.353048" lon="-75.824228"><ele>24.0</ele><time>2024-09-01T20:02:03Z</time></trkpt>
<trkpt lat="45.353048" lon="-75.824228"><ele>24.0</ele><time>2024-09-01T20:02:04Z</time></trkpt>
<trkpt lat="45.353048" lon="-75.824228"><ele>23.0</ele><time>2024-09-01T20:02:05Z</time></trkpt>
<trkpt lat="45.353048" lon="-75.824237"><ele>23.0</ele><time>2024-09-01T20:02:06Z</time></trkpt>
<trkpt lat="45.353048" lon="-75.824237"><ele>23.0</ele><time>2024-09-01T20:02:07Z</time></trkpt>
<trkpt lat="45.353048" lon="-75.824246"><ele>23.0</ele><time>2024-09-01T20:02:08Z</time></trkpt>
<trkpt lat="45.353048" lon="-75.824246"><ele>23.0</ele><time>2024-09-01T20:02:09Z</time></trkpt>
<trkpt lat="45.353048" lon="-75.824246"><ele>23.0</ele><time>2024-09-01T20:02:10Z</time></trkpt>
<trkpt lat="45.353038" lon="-75.824246"><ele>23.0</ele><time>2024-09-01T20:02:11Z</time></trkpt>
<trkpt lat="45.353029" lon="-75.824246"><ele>24.0</ele><time>2024-09-01T20:02:12Z</time></trkpt>
<trkpt lat="45.353029" lon="-75.824237"><ele>23.0</ele><time>2024-09-01T20:02:13Z</time></trkpt>
<trkpt lat="45.353035" lon="-75.824246"><ele>23.0</ele><time>2024-09-01T20:02:14Z</time></trkpt>
<trkpt lat="45.353038" lon="-75.824246"><ele>23.0</ele><time>2024-09-01T20:02:15Z</time></trkpt>
<trkpt lat="45.353044" lon="-75.824255"><ele>23.0</ele><time>2024-09-01T20:02:16Z</time></trkpt>
<trkpt lat="45.353048" lon="-75.824255"><ele>23.0</ele><time>2024-09-01T20:02:17Z</time></trkpt>
<trkpt lat="45.353051" lon="-75.824264"><ele>23.0</ele><time>2024-09-01T20:02:18Z</time></trkpt>
<trkpt lat="45.353054" lon="-75.824273"><ele>22.0</ele><time>2024-09-01T20:02:19Z</time></trkpt>
<trkpt lat="45.353057" lon="-75.824273"><ele>22.0</ele><time>2024-09-01T20:02:20Z</time></trkpt>
<trkpt lat="45.353057" lon="-75.824273"><ele>22.0</ele><time>2024-09-01T20:02:21Z</time></trkpt>
<trkpt lat="45.353057" lon="-75.824282"><ele>22.0</ele><time>2024-09-01T20:02:22Z</time></trkpt>
<trkpt lat="45.353063" lon="-75.824291"><ele>22.0</ele><time>2024-09-01T20:02:23Z</time></trkpt>
<trkpt lat="45.353073" lon="-75.8243"><ele>23.0</ele><time>2024-09-01T20:02:24Z</time></trkpt>
<trkpt lat="45.353079" lon="-75.824309"><ele>23.0</ele><time>2024-09-01T20:02:25Z</time></trkpt>
<trkpt lat="45.353086" lon="-75.824318"><ele>23.0</ele><time>2024-09-01T20:02:26Z</time></trkpt>
<trkpt lat="45.353092" lon="-75.824327"><ele>23.0</ele><time>2024-09-01T20:02:27Z</time></trkpt>
<trkpt lat="45.353098" lon="-75.824336"><ele>24.0</ele><time>2024-09-01T20:02:28Z</time></trkpt>
<trkpt lat="45.353101" lon="-75.824345"><ele>24.0</ele><time>2024-09-01T20:02:29Z</time></trkpt>
<trkpt lat="45.353108" lon="-75.824354"><ele>24.0</ele><time>2024-09-01T20:02:30Z</time></trkpt>
<trkpt lat="45.353108" lon="-75.824363"><ele>24.0</ele><time>2024-09-01T20:02:31Z</time></trkpt>
<trkpt lat="45.353111" lon="-75.824381"><ele>24.0</ele><time>2024-09-01T20:02:32Z</time></trkpt>
<trkpt lat="45.353114" lon="-75.82439"><ele>24.0</ele><time>2024-09-01T20:02:33Z</time></trkpt>
<trkpt lat="45.353117" lon="-75.824408"><ele>24.0</ele><time>2024-09-01T20:02:34Z</time></trkpt>
<trkpt lat="45.353117" lon="-75.824417"><ele>24.0</ele><time>2024-09-01T20:02:35Z</time></trkpt>
<trkpt lat="45.35312" lon="-75.824435"><ele>24.0</ele><time>2024-09-01T20:02:36Z</time></trkpt>
<trkpt lat="45.353124" lon="-75.824444"><ele>24.0</ele><time>2024-09-01T20:02:37Z</time></trkpt>
<trkpt lat="45.353127" lon="-75.824462"><ele>24.0</ele><time>2024-09-01T20:02:38Z</time></trkpt>
<trkpt lat="45.353127" lon="-75.824471"><ele>24.0</ele><time>2024-09-01T20:02:39Z</time></trkpt>
<trkpt lat="45.35313" lon="-75.824489"><ele>24.0</ele><time>2024-09-01T20:02:40Z</time></trkpt>
<trkpt lat="45.35313" lon="-75.824498"><ele>24.0</ele><time>2024-09-01T20:02:41Z</time></trkpt>
<trkpt lat="45.353133" lon="-75.824507"><ele>24.0</ele><time>2024-09-01T20:02:42Z</time></trkpt>
<trkpt lat="45.353133" lon="-75.824525"><ele>24.0</ele><time>2024-09-01T20:02:43Z</time></trkpt>
<trkpt lat="45.353136" lon="-75.824534"><ele>24.0</ele><time>2024-09-01T20:02:44Z</time></trkpt>
<trkpt lat="45.353136" lon="-75.824543"><ele>24.0</ele><time>2024-09-01T20:02:45Z</time></trkpt>
<trkpt lat="45.353139" lon="-75.824551"><ele>24.0</ele><time>2024-09-01T20:02:46Z</time></trkpt>
<trkpt lat="45.353143" lon="-75.824569"><ele>23.0</ele><time>2024-09-01T20:02:47Z</time></trkpt>
<trkpt lat="45.353149" lon="-75.824578"><ele>23.0</ele><time>2024-09-01T20:02:48Z</time></trkpt>
<trkpt lat="45.353152" lon="-75.824587"><ele>23.0</ele><time>2024-09-01T20:02:49Z</time></trkpt>
<trkpt lat="45.353158" lon="-75.824596"><ele>24.0</ele><time>2024-09-01T20:02:50Z</time></trkpt>
<trkpt lat="45.353165" lon="-75.824623"><ele>23.0</ele><time>2024-09-01T20:02:51Z</time></trkpt>
<trkpt lat="45.353168" lon="-75.824641"><ele>23.0</ele><time>2024-09-01T20:02:52Z</time></trkpt>
<trkpt lat="45.353174" lon="-75.82465"><ele>23.0</ele><time>2024-09-01T20:02:53Z</time></trkpt>
<trkpt lat="45.353181" lon="-75.824668"><ele>23.0</ele><time>2024-09-01T20:02:54Z</time></trkpt>
<trkpt lat="45.353184" lon="-75.824677"><ele>23.0</ele><time>2024-09-01T20:02:55Z</time></trkpt>
<trkpt lat="45.35319" lon="-75.824695"><ele>23.0</ele><time>2024-09-01T20:02:56Z</time></trkpt>
<trkpt lat="45.353193" lon="-75.824713"><ele>23.0</ele><time>2024-09-01T20:02:57Z</time></trkpt>
<trkpt lat="45.3532" lon="-75.824722"><ele>23.0</ele><time>2024-09-01T20:02:58Z</time></trkpt>
<trkpt lat="45.353206" lon="-75.82474"><ele>23.0</ele><time>2024-09-01T20:02:59Z</time></trkpt>
<trkpt lat="45.353209" lon="-75.824758"><ele>23.0</ele><time>2024-09-01T20:03:00Z</time></trkpt>
<trkpt lat="45.353215" lon="-75.824776"><ele>23.0</ele><time>2024-09-01T20:03:01Z</time></trkpt>
<trkpt lat="45.353219" lon="-75.824794"><ele>23.0</ele><time>2024-09-01T20:03:02Z</time></trkpt>
<trkpt lat="45.353225" lon="-75.824812"><ele>23.0</ele><time>2024-09-01T20:03:03Z</time></trkpt>
<trkpt lat="45.353228" lon="-75.824821"><ele>23.0</ele><time>2024-09-01T20:03:04Z</time></trkpt>
<trkpt lat="45.353234" lon="-75.824839"><ele>23.0</ele><time>2024-09-01T20:03:05Z</time></trkpt>
<trkpt lat="45.353241" lon="-75.824857"><ele>23.0</ele><time>2024-09-01T20:03:06Z</time></trkpt>
<trkpt lat="45.353247" lon="-75.824875"><ele>23.0</ele><time>2024-09-01T20:03:07Z</time></trkpt>
<trkpt lat="45.35325" lon="-75.824893"><ele>23.0</ele><time>2024-09-01T20:03:08Z</time></trkpt>
<trkpt lat="45.353257" lon="-75.824911"><ele>22.0</ele><time>2024-09-01T20:03:09Z</time></trkpt>
<trkpt lat="45.353263" lon="-75.824929"><ele>23.0</ele><time>2024-09-01T20:03:10Z</time></trkpt>
<trkpt lat="45.353269" lon="-75.824947"><ele>22.0</ele><time>2024-09-01T20:03:11Z</time></trkpt>
<trkpt lat="45.353276" lon="-75.824965"><ele>22.0</ele><time>2024-09-01T20:03:12Z</time></trkpt>
<trkpt lat="45.353279" lon="-75.824983"><ele>22.0</ele><time>2024-09-01T20:03:13Z</time></trkpt>
<trkpt lat="45.353285" lon="-75.825001"><ele>22.0</ele><time>2024-09-01T20:03:14Z</time></trkpt>
<trkpt lat="45.353288" lon="-75.825019"><ele>22.0</ele><time>2024-09-01T20:03:15Z</time></trkpt>
<trkpt lat="45.353295" lon="-75.825037"><ele>22.0</ele><time>2024-09-01T20:03:16Z</time></trkpt>
<trkpt lat="45.353298" lon="-75.825055"><ele>22.0</ele><time>2024-09-01T20:03:17Z</time></trkpt>
<trkpt lat="45.353304" lon="-75.825072"><ele>22.0</ele><time>2024-09-01T20:03:18Z</time></trkpt>
<trkpt lat="45.35331" lon="-75.825081"><ele>23.0</ele><time>2024-09-01T20:03:19Z</time></trkpt>
<trkpt lat="45.35332" lon="-75.82509"><ele>22.0</ele><time>2024-09-01T20:03:20Z</time></trkpt>
<trkpt lat="45.353304" lon="-75.82518"><ele>22.0</ele><time>2024-09-01T20:03:21Z</time></trkpt>
<trkpt lat="45.353323" lon="-75.825135"><ele>24.0</ele><time>2024-09-01T20:03:22Z</time></trkpt>
<trkpt lat="45.353329" lon="-75.825153"><ele>23.0</ele><time>2024-09-01T20:03:23Z</time></trkpt>
<trkpt lat="45.353333" lon="-75.825171"><ele>23.0</ele><time>2024-09-01T20:03:24Z</time></trkpt>
<trkpt lat="45.353339" lon="-75.82518"><ele>23.0</ele><time>2024-09-01T20:03:25Z</time></trkpt>
<trkpt lat="45.353345" lon="-75.825207"><ele>23.0</ele><time>2024-09-01T20:03:26Z</time></trkpt>
<trkpt lat="45.353352" lon="-75.825225"><ele>23.0</ele><time>2024-09-01T20:03:27Z</time></trkpt>
<trkpt lat="45.353361" lon="-75.825243"><ele>24.0</ele><time>2024-09-01T20:03:28Z</time></trkpt>
<trkpt lat="45.353364" lon="-75.825261"><ele>24.0</ele><time>2024-09-01T20:03:29Z</time></trkpt>
<trkpt lat="45.353371" lon="-75.82527"><ele>24.0</ele><time>2024-09-01T20:03:30Z</time></trkpt>
<trkpt lat="45.353377" lon="-75.825288"><ele>24.0</ele><time>2024-09-01T20:03:31Z</time></trkpt>
<trkpt lat="45.353383" lon="-75.825306"><ele>24.0</ele><time>2024-09-01T20:03:32Z</time></trkpt>
<trkpt lat="45.35339" lon="-75.825324"><ele>24.0</ele><time>2024-09-01T20:03:33Z</time></trkpt>
<trkpt lat="45.353396" lon="-75.825342"><ele>23.0</ele><time>2024-09-01T20:03:34Z</time></trkpt>
<trkpt lat="45.353402" lon="-75.82536"><ele>24.0</ele><time>2024-09-01T20:03:35Z</time></trkpt>
<trkpt lat="45.353409" lon="-75.825378"><ele>24.0</ele><time>2024-09-01T20:03:36Z</time></trkpt>
<trkpt lat="45.353415" lon="-75.825396"><ele>24.0</ele><time>2024-09-01T20:03:37Z</time></trkpt>
<trkpt lat="45.353421" lon="-75.825414"><ele>24.0</ele><time>2024-09-01T20:03:38Z</time></trkpt>
<trkpt lat="45.353428" lon="-75.825432"><ele>24.0</ele><time>2024-09-01T20:03:39Z</time></trkpt>
<trkpt lat="45.353434" lon="-75.82545"><ele>24.0</ele><time>2024-09-01T20:03:40Z</time></trkpt>
<trkpt lat="45.35344" lon="-75.825468"><ele>24.0</ele><time>2024-09-01T20:03:41Z</time></trkpt>
<trkpt lat="45.353447" lon="-75.825495"><ele>24.0</ele><time>2024-09-01T20:03:42Z</time></trkpt>
<trkpt lat="45.353453" lon="-75.825513"><ele>24.0</ele><time>2024-09-01T20:03:43Z</time></trkpt>
<trkpt lat="45.353462" lon="-75.825531"><ele>23.0</ele><time>2024-09-01T20:03:44Z</time></trkpt>
<trkpt lat="45.353469" lon="-75.825549"><ele>23.0</ele><time>2024-09-01T20:03:45Z</time></trkpt>
<trkpt lat="45.353472" lon="-75.825576"><ele>24.0</ele><time>2024-09-01T20:03:46Z</time></trkpt>
<trkpt lat="45.353478" lon="-75.825593"><ele>24.0</ele><time>2024-09-01T20:03:47Z</time></trkpt>
<trkpt lat="45.353481" lon="-75.825611"><ele>24.0</ele><time>2024-09-01T20:03:48Z</time></trkpt>
<trkpt lat="45.353485" lon="-75.825629"><ele>24.0</ele><time>2024-09-01T20:03:49Z</time></trkpt>
<trkpt lat="45.353491" lon="-75.825656"><ele>24.0</ele><time>2024-09-01T20:03:50Z</time></trkpt>
<trkpt lat="45.353494" lon="-75.825674"><ele>24.0</ele><time>2024-09-01T20:03:51Z</time></trkpt>
<trkpt lat="45.3535" lon="-75.825692"><ele>24.0</ele><time>2024-09-01T20:03:52Z</time></trkpt>
<trkpt lat="45.353507" lon="-75.82571"><ele>24.0</ele><time>2024-09-01T20:03:53Z</time></trkpt>
<trkpt lat="45.35351" lon="-75.825728"><ele>24.0</ele><time>2024-09-01T20:03:54Z</time></trkpt>
<trkpt lat="45.353516" lon="-75.825746"><ele>24.0</ele><time>2024-09-01T20:03:55Z</time></trkpt>
<trkpt lat="45.353519" lon="-75.825773"><ele>24.0</ele><time>2024-09-01T20:03:56Z</time></trkpt>
<trkpt lat="45.353523" lon="-75.825791"><ele>24.0</ele><time>2024-09-01T20:03:57Z</time></trkpt>
<trkpt lat="45.353529" lon="-75.825809"><ele>24.0</ele><time>2024-09-01T20:03:58Z</time></trkpt>
<trkpt lat="45.353532" lon="-75.825827"><ele>24.0</ele><time>2024-09-01T20:03:59Z</time></trkpt>
<trkpt lat="45.353538" lon="-75.825845"><ele>24.0</ele><time>2024-09-01T20:04:00Z</time></trkpt>
<trkpt lat="45.353545" lon="-75.825863"><ele>24.0</ele><time>2024-09-01T20:04:01Z</time></trkpt>
<trkpt lat="45.353548" lon="-75.825881"><ele>24.0</ele><time>2024-09-01T20:04:02Z</time></trkpt>
<trkpt lat="45.353554" lon="-75.825899"><ele>24.0</ele><time>2024-09-01T20:04:03Z</time></trkpt>
<trkpt lat="45.353561" lon="-75.825917"><ele>24.0</ele><time>2024-09-01T20:04:04Z</time></trkpt>
<trkpt lat="45.353567" lon="-75.825935"><ele>24.0</ele><time>2024-09-01T20:04:05Z</time></trkpt>
<trkpt lat="45.353573" lon="-75.825953"><ele>24.0</ele><time>2024-09-01T20:04:06Z</time></trkpt>
<trkpt lat="45.35358" lon="-75.825971"><ele>24.0</ele><time>2024-09-01T20:04:07Z</time></trkpt>
<trkpt lat="45.353586" lon="-75.825989"><ele>24.0</ele><time>2024-09-01T20:04:08Z</time></trkpt>
<trkpt lat="45.353589" lon="-75.826007"><ele>24.0</ele><time>2024-09-01T20:04:09Z</time></trkpt>
<trkpt lat="45.353595" lon="-75.826025"><ele>24.0</ele><time>2024-09-01T20:04:10Z</time></trkpt>
<trkpt lat="45.353602" lon="-75.826043"><ele>24.0</ele><time>2024-09-01T20:04:11Z</time></trkpt>
<trkpt lat="45.353605" lon="-75.826061"><ele>24.0</ele><time>2024-09-01T20:04:12Z</time></trkpt>
<trkpt lat="45.353608" lon="-75.82607"><ele>24.0</ele><time>2024-09-01T20:04:13Z</time></trkpt>
<trkpt lat="45.353614" lon="-75.826088"><ele>25.0</ele><time>2024-09-01T20:04:14Z</time></trkpt>
<trkpt lat="45.353618" lon="-75.826106"><ele>25.0</ele><time>2024-09-01T20:04:15Z</time></trkpt>
<trkpt lat="45.353621" lon="-75.826123"><ele>25.0</ele><time>2024-09-01T20:04:16Z</time></trkpt>
<trkpt lat="45.353624" lon="-75.826141"><ele>25.0</ele><time>2024-09-01T20:04:17Z</time></trkpt>
<trkpt lat="45.353627" lon="-75.82615"><ele>25.0</ele><time>2024-09-01T20:04:18Z</time></trkpt>
<trkpt lat="45.35363" lon="-75.826168"><ele>25.0</ele><time>2024-09-01T20:04:19Z</time></trkpt>
<trkpt lat="45.353633" lon="-75.826186"><ele>25.0</ele><time>2024-09-01T20:04:20Z</time></trkpt>
<trkpt lat="45.353637" lon="-75.826195"><ele>25.0</ele><time>2024-09-01T20:04:21Z</time></trkpt>
<trkpt lat="45.35364" lon="-75.826213"><ele>25.0</ele><time>2024-09-01T20:04:22Z</time></trkpt>
<trkpt lat="45.353643" lon="-75.826222"><ele>25.0</ele><time>2024-09-01T20:04:23Z</time></trkpt>
<trkpt lat="45.353646" lon="-75.82624"><ele>25.0</ele><time>2024-09-01T20:04:24Z</time></trkpt>
<trkpt lat="45.353649" lon="-75.826258"><ele>25.0</ele><time>2024-09-01T20:04:25Z</time></trkpt>
<trkpt lat="45.353652" lon="-75.826267"><ele>25.0</ele><time>2024-09-01T20:04:26Z</time></trkpt>
<trkpt lat="45.353652" lon="-75.826285"><ele>25.0</ele><time>2024-09-01T20:04:27Z</time></trkpt>
<trkpt lat="45.353656" lon="-75.826294"><ele>25.0</ele><time>2024-09-01T20:04:28Z</time></trkpt>
<trkpt lat="45.353659" lon="-75.826312"><ele>25.0</ele><time>2024-09-01T20:04:29Z</time></trkpt>
<trkpt lat="45.353662" lon="-75.826321"><ele>25.0</ele><time>2024-09-01T20:04:30Z</time></trkpt>
<trkpt lat="45.353665" lon="-75.82633"><ele>25.0</ele><time>2024-09-01T20:04:31Z</time></trkpt>
<trkpt lat="45.353665" lon="-75.826348"><ele>25.0</ele><time>2024-09-01T20:04:32Z</time></trkpt>
<trkpt lat="45.353668" lon="-75.826357"><ele>24.0</ele><time>2024-09-01T20:04:33Z</time></trkpt>
<trkpt lat="45.353671" lon="-75.826375"><ele>25.0</ele><time>2024-09-01T20:04:34Z</time></trkpt>
<trkpt lat="45.353675" lon="-75.826393"><ele>24.0</ele><time>2024-09-01T20:04:35Z</time></trkpt>
<trkpt lat="45.353675" lon="-75.826402"><ele>24.0</ele><time>2024-09-01T20:04:36Z</time></trkpt>
<trkpt lat="45.353678" lon="-75.82642"><ele>24.0</ele><time>2024-09-01T20:04:37Z</time></trkpt>
<trkpt lat="45.353678" lon="-75.826429"><ele>24.0</ele><time>2024-09-01T20:04:38Z</time></trkpt>
<trkpt lat="45.353678" lon="-75.826447"><ele>24.0</ele><time>2024-09-01T20:04:39Z</time></trkpt>
<trkpt lat="45.353681" lon="-75.826456"><ele>24.0</ele><time>2024-09-01T20:04:40Z</time></trkpt>
<trkpt lat="45.353681" lon="-75.826474"><ele>24.0</ele><time>2024-09-01T20:04:41Z</time></trkpt>
<trkpt lat="45.353681" lon="-75.826483"><ele>24.0</ele><time>2024-09-01T20:04:42Z</time></trkpt>
<trkpt lat="45.353681" lon="-75.826501"><ele>24.0</ele><time>2024-09-01T20:04:43Z</time></trkpt>
<trkpt lat="45.353681" lon="-75.82651"><ele>24.0</ele><time>2024-09-01T20:04:44Z</time></trkpt>
<trkpt lat="45.353681" lon="-75.826519"><ele>24.0</ele><time>2024-09-01T20:04:45Z</time></trkpt>
<trkpt lat="45.353681" lon="-75.826537"><ele>24.0</ele><time>2024-09-01T20:04:46Z</time></trkpt>
<trkpt lat="45.353681" lon="-75.826546"><ele>24.0</ele><time>2024-09-01T20:04:47Z</time></trkpt>
<trkpt lat="45.353678" lon="-75.826564"><ele>24.0</ele><time>2024-09-01T20:04:48Z</time></trkpt>
<trkpt lat="45.353678" lon="-75.826573"><ele>24.0</ele><time>2024-09-01T20:04:49Z</time></trkpt>
<trkpt lat="45.353675" lon="-75.826582"><ele>24.0</ele><time>2024-09-01T20:04:50Z</time></trkpt>
<trkpt lat="45.353675" lon="-75.826591"><ele>24.0</ele><time>2024-09-01T20:04:51Z</time></trkpt>
<trkpt lat="45.353671" lon="-75.826609"><ele>24.0</ele><time>2024-09-01T20:04:52Z</time></trkpt>
<trkpt lat="45.353668" lon="-75.826618"><ele>24.0</ele><time>2024-09-01T20:04:53Z</time></trkpt>
<trkpt lat="45.353665" lon="-75.826627"><ele>24.0</ele><time>2024-09-01T20:04:54Z</time></trkpt>
<trkpt lat="45.353662" lon="-75.826635"><ele>24.0</ele><time>2024-09-01T20:04:55Z</time></trkpt>
<trkpt lat="45.353659" lon="-75.826653"><ele>24.0</ele><time>2024-09-01T20:04:56Z</time></trkpt>
<trkpt lat="45.353656" lon="-75.826662"><ele>24.0</ele><time>2024-09-01T20:04:57Z</time></trkpt>
<trkpt lat="45.353652" lon="-75.826671"><ele>24.0</ele><time>2024-09-01T20:04:58Z</time></trkpt>
<trkpt lat="45.353649" lon="-75.82668"><ele>24.0</ele><time>2024-09-01T20:04:59Z</time></trkpt>
<trkpt lat="45.353646" lon="-75.826689"><ele>24.0</ele><time>2024-09-01T20:05:00Z</time></trkpt>
<trkpt lat="45.353643" lon="-75.826698"><ele>24.0</ele><time>2024-09-01T20:05:01Z</time></trkpt>
<trkpt lat="45.35364" lon="-75.826707"><ele>24.0</ele><time>2024-09-01T20:05:02Z</time></trkpt>
<trkpt lat="45.353633" lon="-75.826716"><ele>24.0</ele><time>2024-09-01T20:05:03Z</time></trkpt>
<trkpt lat="45.35363" lon="-75.826725"><ele>24.0</ele><time>2024-09-01T20:05:04Z</time></trkpt>
<trkpt lat="45.353624" lon="-75.826734"><ele>24.0</ele><time>2024-09-01T20:05:05Z</time></trkpt>
<trkpt lat="45.353621" lon="-75.826743"><ele>25.0</ele><time>2024-09-01T20:05:06Z</time></trkpt>
<trkpt lat="45.353618" lon="-75.826752"><ele>24.0</ele><time>2024-09-01T20:05:07Z</time></trkpt>
<trkpt lat="45.353614" lon="-75.826761"><ele>24.0</ele><time>2024-09-01T20:05:08Z</time></trkpt>
<trkpt lat="45.353608" lon="-75.826779"><ele>24.0</ele><time>2024-09-01T20:05:09Z</time></trkpt>
<trkpt lat="45.353605" lon="-75.826788"><ele>24.0</ele><time>2024-09-01T20:05:10Z</time></trkpt>
<trkpt lat="45.353602" lon="-75.826797"><ele>24.0</ele><time>2024-09-01T20:05:11Z</time></trkpt>
<trkpt lat="45.353595" lon="-75.826797"><ele>24.0</ele><time>2024-09-01T20:05:12Z</time></trkpt>
<trkpt lat="45.353592" lon="-75.826806"><ele>24.0</ele><time>2024-09-01T20:05:13Z</time></trkpt>
<trkpt lat="45.353586" lon="-75.826815"><ele>24.0</ele><time>2024-09-01T20:05:14Z</time></trkpt>
<trkpt lat="45.35358" lon="-75.826824"><ele>24.0</ele><time>2024-09-01T20:05:15Z</time></trkpt>
<trkpt lat="45.353573" lon="-75.826824"><ele>24.0</ele><time>2024-09-01T20:05:16Z</time></trkpt>
<trkpt lat="45.353567" lon="-75.826833"><ele>24.0</ele><time>2024-09-01T20:05:17Z</time></trkpt>
<trkpt lat="45.353561" lon="-75.826842"><ele>24.0</ele><time>2024-09-01T20:05:18Z</time></trkpt>
<trkpt lat="45.353551" lon="-75.826851"><ele>24.0</ele><time>2024-09-01T20:05:19Z</time></trkpt>
<trkpt lat="45.353545" lon="-75.826851"><ele>24.0</ele><time>2024-09-01T20:05:20Z</time></trkpt>
<trkpt lat="45.353538" lon="-75.82686"><ele>24.0</ele><time>2024-09-01T20:05:21Z</time></trkpt>
<trkpt lat="45.353529" lon="-75.826869"><ele>24.0</ele><time>2024-09-01T20:05:22Z</time></trkpt>
<trkpt lat="45.353523" lon="-75.826869"><ele>24.0</ele><time>2024-09-01T20:05:23Z</time></trkpt>
<trkpt lat="45.353513" lon="-75.826878"><ele>24.0</ele><time>2024-09-01T20:05:24Z</time></trkpt>
<trkpt lat="45.353504" lon="-75.826887"><ele>24.0</ele><time>2024-09-01T20:05:25Z</time></trkpt>
<trkpt lat="45.353497" lon="-75.826887"><ele>24.0</ele><time>2024-09-01T20:05:26Z</time></trkpt>
<trkpt lat="45.353488" lon="-75.826896"><ele>24.0</ele><time>2024-09-01T20:05:27Z</time></trkpt>
<trkpt lat="45.353481" lon="-75.826896"><ele>24.0</ele><time>2024-09-01T20:05:28Z</time></trkpt>
<trkpt lat="45.353472" lon="-75.826905"><ele>24.0</ele><time>2024-09-01T20:05:29Z</time></trkpt>
<trkpt lat="45.353462" lon="-75.826914"><ele>24.0</ele><time>2024-09-01T20:05:30Z</time></trkpt>
<trkpt lat="45.353456" lon="-75.826914"><ele>24.0</ele><time>2024-09-01T20:05:31Z</time></trkpt>
<trkpt lat="45.353447" lon="-75.826923"><ele>24.0</ele><time>2024-09-01T20:05:32Z</time></trkpt>
<trkpt lat="45.35344" lon="-75.826923"><ele>24.0</ele><time>2024-09-01T20:05:33Z</time></trkpt>
<trkpt lat="45.353431" lon="-75.826932"><ele>24.0</ele><time>2024-09-01T20:05:34Z</time></trkpt>
<trkpt lat="45.353421" lon="-75.826941"><ele>24.0</ele><time>2024-09-01T20:05:35Z</time></trkpt>
<trkpt lat="45.353412" lon="-75.826941"><ele>24.0</ele><time>2024-09-01T20:05:36Z</time></trkpt>
<trkpt lat="45.353402" lon="-75.826941"><ele>24.0</ele><time>2024-09-01T20:05:37Z</time></trkpt>
<trkpt lat="45.353393" lon="-75.82695"><ele>24.0</ele><time>2024-09-01T20:05:38Z</time></trkpt>
<trkpt lat="45.353383" lon="-75.82695"><ele>24.0</ele><time>2024-09-01T20:05:39Z</time></trkpt>
<trkpt lat="45.353374" lon="-75.82695"><ele>24.0</ele><time>2024-09-01T20:05:40Z</time></trkpt>
<trkpt lat="45.353364" lon="-75.826959"><ele>24.0</ele><time>2024-09-01T20:05:41Z</time></trkpt>
<trkpt lat="45.353355" lon="-75.826959"><ele>24.0</ele><time>2024-09-01T20:05:42Z</time></trkpt>
<trkpt lat="45.353345" lon="-75.826959"><ele>24.0</ele><time>2024-09-01T20:05:43Z</time></trkpt>
<trkpt lat="45.353339" lon="-75.826959"><ele>24.0</ele><time>2024-09-01T20:05:44Z</time></trkpt>
<trkpt lat="45.353329" lon="-75.826968"><ele>24.0</ele><time>2024-09-01T20:05:45Z</time></trkpt>
<trkpt lat="45.353317" lon="-75.826968"><ele>24.0</ele><time>2024-09-01T20:05:46Z</time></trkpt>
<trkpt lat="45.353307" lon="-75.826968"><ele>24.0</ele><time>2024-09-01T20:05:47Z</time></trkpt>
<trkpt lat="45.353298" lon="-75.826977"><ele>24.0</ele><time>2024-09-01T20:05:48Z</time></trkpt>
<trkpt lat="45.353288" lon="-75.826977"><ele>24.0</ele><time>2024-09-01T20:05:49Z</time></trkpt>
<trkpt lat="45.353279" lon="-75.826986"><ele>24.0</ele><time>2024-09-01T20:05:50Z</time></trkpt>
<trkpt lat="45.353269" lon="-75.826986"><ele>24.0</ele><time>2024-09-01T20:05:51Z</time></trkpt>
<trkpt lat="45.35326" lon="-75.826986"><ele>24.0</ele><time>2024-09-01T20:05:52Z</time></trkpt>
<trkpt lat="45.353247" lon="-75.826995"><ele>24.0</ele><time>2024-09-01T20:05:53Z</time></trkpt>
<trkpt lat="45.353238" lon="-75.826995"><ele>24.0</ele><time>2024-09-01T20:05:54Z</time></trkpt>
<trkpt lat="45.353228" lon="-75.827004"><ele>24.0</ele><time>2024-09-01T20:05:55Z</time></trkpt>
<trkpt lat="45.353219" lon="-75.827013"><ele>24.0</ele><time>2024-09-01T20:05:56Z</time></trkpt>
<trkpt lat="45.353209" lon="-75.827013"><ele>24.0</ele><time>2024-09-01T20:05:57Z</time></trkpt>
<trkpt lat="45.3532" lon="-75.827022"><ele>24.0</ele><time>2024-09-01T20:05:58Z</time></trkpt>
<trkpt lat="45.35319" lon="-75.827031"><ele>24.0</ele><time>2024-09-01T20:05:59Z</time></trkpt>
<trkpt lat="45.353181" lon="-75.82704"><ele>25.0</ele><time>2024-09-01T20:06:00Z</time></trkpt>
<trkpt lat="45.353171" lon="-75.82704"><ele>25.0</ele><time>2024-09-01T20:06:01Z</time></trkpt>
<trkpt lat="45.353162" lon="-75.827049"><ele>25.0</ele><time>2024-09-01T20:06:02Z</time></trkpt>
<trkpt lat="45.353152" lon="-75.827058"><ele>25.0</ele><time>2024-09-01T20:06:03Z</time></trkpt>
<trkpt lat="45.353139" lon="-75.827067"><ele>25.0</ele><time>2024-09-01T20:06:04Z</time></trkpt>
<trkpt lat="45.35313" lon="-75.827076"><ele>25.0</ele><time>2024-09-01T20:06:05Z</time></trkpt>
<trkpt lat="45.35312" lon="-75.827085"><ele>25.0</ele><time>2024-09-01T20:06:06Z</time></trkpt>
<trkpt lat="45.353111" lon="-75.827085"><ele>25.0</ele><time>2024-09-01T20:06:07Z</time></trkpt>
<trkpt lat="45.353101" lon="-75.827094"><ele>25.0</ele><time>2024-09-01T20:06:08Z</time></trkpt>
<trkpt lat="45.353092" lon="-75.827103"><ele>25.0</ele><time>2024-09-01T20:06:09Z</time></trkpt>
<trkpt lat="45.353082" lon="-75.827112"><ele>25.0</ele><time>2024-09-01T20:06:10Z</time></trkpt>
<trkpt lat="45.353073" lon="-75.827121"><ele>25.0</ele><time>2024-09-01T20:06:11Z</time></trkpt>
<trkpt lat="45.353063" lon="-75.827139"><ele>25.0</ele><time>2024-09-01T20:06:12Z</time></trkpt>
<trkpt lat="45.353063" lon="-75.827148"><ele>24.0</ele><time>2024-09-01T20:06:13Z</time></trkpt>
<trkpt lat="45.353057" lon="-75.827156"><ele>26.0</ele><time>2024-09-01T20:06:14Z</time></trkpt>
<trkpt lat="45.353044" lon="-75.827156"><ele>26.0</ele><time>2024-09-01T20:06:15Z</time></trkpt>
<trkpt lat="45.353029" lon="-75.827165"><ele>26.0</ele><time>2024-09-01T20:06:16Z</time></trkpt>
<trkpt lat="45.353019" lon="-75.827174"><ele>25.0</ele><time>2024-09-01T20:06:17Z</time></trkpt>
<trkpt lat="45.353006" lon="-75.827174"><ele>26.0</ele><time>2024-09-01T20:06:18Z</time></trkpt>
<trkpt lat="45.352994" lon="-75.827183"><ele>26.0</ele><time>2024-09-01T20:06:19Z</time></trkpt>
<trkpt lat="45.352984" lon="-75.827192"><ele>26.0</ele><time>2024-09-01T20:06:20Z</time></trkpt>
<trkpt lat="45.352972" lon="-75.827192"><ele>26.0</ele><time>2024-09-01T20:06:21Z</time></trkpt>
<trkpt lat="45.352962" lon="-75.827201"><ele>26.0</ele><time>2024-09-01T20:06:22Z</time></trkpt>
<trkpt lat="45.352953" lon="-75.82721"><ele>27.0</ele><time>2024-09-01T20:06:23Z</time></trkpt>
<trkpt lat="45.35294" lon="-75.827219"><ele>26.0</ele><time>2024-09-01T20:06:24Z</time></trkpt>
<trkpt lat="45.35293" lon="-75.827219"><ele>26.0</ele><time>2024-09-01T20:06:25Z</time></trkpt>
<trkpt lat="45.352921" lon="-75.827228"><ele>27.0</ele><time>2024-09-01T20:06:26Z</time></trkpt>
<trkpt lat="45.352911" lon="-75.827237"><ele>27.0</ele><time>2024-09-01T20:06:27Z</time></trkpt>
<trkpt lat="45.352902" lon="-75.827237"><ele>26.0</ele><time>2024-09-01T20:06:28Z</time></trkpt>
<trkpt lat="45.352892" lon="-75.827246"><ele>27.0</ele><time>2024-09-01T20:06:29Z</time></trkpt>
<trkpt lat="45.352883" lon="-75.827255"><ele>26.0</ele><time>2024-09-01T20:06:30Z</time></trkpt>
<trkpt lat="45.352877" lon="-75.827255"><ele>26.0</ele><time>2024-09-01T20:06:31Z</time></trkpt>
<trkpt lat="45.352867" lon="-75.827264"><ele>26.0</ele><time>2024-09-01T20:06:32Z</time></trkpt>
<trkpt lat="45.352861" lon="-75.827264"><ele>26.0</ele><time>2024-09-01T20:06:33Z</time></trkpt>
<trkpt lat="45.352851" lon="-75.827273"><ele>26.0</ele><time>2024-09-01T20:06:34Z</time></trkpt>
<trkpt lat="45.352845" lon="-75.827282"><ele>26.0</ele><time>2024-09-01T20:06:35Z</time></trkpt>
<trkpt lat="45.352835" lon="-75.827282"><ele>26.0</ele><time>2024-09-01T20:06:36Z</time></trkpt>
<trkpt lat="45.352829" lon="-75.827291"><ele>26.0</ele><time>2024-09-01T20:06:37Z</time></trkpt>
<trkpt lat="45.35282" lon="-75.827291"><ele>26.0</ele><time>2024-09-01T20:06:38Z</time></trkpt>
<trkpt lat="45.352813" lon="-75.8273"><ele>26.0</ele><time>2024-09-01T20:06:39Z</time></trkpt>
<trkpt lat="45.352804" lon="-75.8273"><ele>26.0</ele><time>2024-09-01T20:06:40Z</time></trkpt>
<trkpt lat="45.352797" lon="-75.827309"><ele>27.0</ele><time>2024-09-01T20:06:41Z</time></trkpt>
<trkpt lat="45.352791" lon="-75.827309"><ele>27.0</ele><time>2024-09-01T20:06:42Z</time></trkpt>
<trkpt lat="45.352785" lon="-75.827318"><ele>27.0</ele><time>2024-09-01T20:06:43Z</time></trkpt>
<trkpt lat="45.352775" lon="-75.827318"><ele>27.0</ele><time>2024-09-01T20:06:44Z</time></trkpt>
<trkpt lat="45.352769" lon="-75.827327"><ele>27.0</ele><time>2024-09-01T20:06:45Z</time></trkpt>
<trkpt lat="45.352763" lon="-75.827327"><ele>27.0</ele><time>2024-09-01T20:06:46Z</time></trkpt>
<trkpt lat="45.352756" lon="-75.827327"><ele>27.0</ele><time>2024-09-01T20:06:47Z</time></trkpt>
<trkpt lat="45.352747" lon="-75.827336"><ele>27.0</ele><time>2024-09-01T20:06:48Z</time></trkpt>
<trkpt lat="45.35274" lon="-75.827336"><ele>27.0</ele><time>2024-09-01T20:06:49Z</time></trkpt>
<trkpt lat="45.352731" lon="-75.827345"><ele>27.0</ele><time>2024-09-01T20:06:50Z</time></trkpt>
<trkpt lat="45.352725" lon="-75.827345"><ele>27.0</ele><time>2024-09-01T20:06:51Z</time></trkpt>
<trkpt lat="45.352718" lon="-75.827345"><ele>27.0</ele><time>2024-09-01T20:06:52Z</time></trkpt>
<trkpt lat="45.352712" lon="-75.827354"><ele>28.0</ele><time>2024-09-01T20:06:53Z</time></trkpt>
<trkpt lat="45.352706" lon="-75.827354"><ele>27.0</ele><time>2024-09-01T20:06:54Z</time></trkpt>
<trkpt lat="45.352699" lon="-75.827363"><ele>27.0</ele><time>2024-09-01T20:06:55Z</time></trkpt>
<trkpt lat="45.352693" lon="-75.827363"><ele>27.0</ele><time>2024-09-01T20:06:56Z</time></trkpt>
<trkpt lat="45.352687" lon="-75.827372"><ele>28.0</ele><time>2024-09-01T20:06:57Z</time></trkpt>
<trkpt lat="45.35268" lon="-75.827372"><ele>28.0</ele><time>2024-09-01T20:06:58Z</time></trkpt>
<trkpt lat="45.352674" lon="-75.827381"><ele>28.0</ele><time>2024-09-01T20:06:59Z</time></trkpt>
<trkpt lat="45.352668" lon="-75.827381"><ele>28.0</ele><time>2024-09-01T20:07:00Z</time></trkpt>
<trkpt lat="45.352661" lon="-75.827381"><ele>28.0</ele><time>2024-09-01T20:07:01Z</time></trkpt>
<trkpt lat="45.352655" lon="-75.82739"><ele>28.0</ele><time>2024-09-01T20:07:02Z</time></trkpt>
<trkpt lat="45.352652" lon="-75.82739"><ele>28.0</ele><time>2024-09-01T20:07:03Z</time></trkpt>
<trkpt lat="45.352645" lon="-75.827399"><ele>27.0</ele><time>2024-09-01T20:07:04Z</time></trkpt>
<trkpt lat="45.352642" lon="-75.827399"><ele>27.0</ele><time>2024-09-01T20:07:05Z</time></trkpt>
<trkpt lat="45.352636" lon="-75.827399"><ele>27.0</ele><time>2024-09-01T20:07:06Z</time></trkpt>
<trkpt lat="45.35263" lon="-75.827408"><ele>27.0</ele><time>2024-09-01T20:07:07Z</time></trkpt>
<trkpt lat="45.352626" lon="-75.827408"><ele>27.0</ele><time>2024-09-01T20:07:08Z</time></trkpt>
<trkpt lat="45.352623" lon="-75.827408"><ele>27.0</ele><time>2024-09-01T20:07:09Z</time></trkpt>
<trkpt lat="45.352617" lon="-75.827408"><ele>27.0</ele><time>2024-09-01T20:07:10Z</time></trkpt>
<trkpt lat="45.352614" lon="-75.827417"><ele>27.0</ele><time>2024-09-01T20:07:11Z</time></trkpt>
<trkpt lat="45.352611" lon="-75.827417"><ele>27.0</ele><time>2024-09-01T20:07:12Z</time></trkpt>
<trkpt lat="45.352604" lon="-75.827417"><ele>27.0</ele><time>2024-09-01T20:07:13Z</time></trkpt>
<trkpt lat="45.352601" lon="-75.827426"><ele>27.0</ele><time>2024-09-01T20:07:14Z</time></trkpt>
<trkpt lat="45.352595" lon="-75.827426"><ele>27.0</ele><time>2024-09-01T20:07:15Z</time></trkpt>
<trkpt lat="45.352592" lon="-75.827426"><ele>27.0</ele><time>2024-09-01T20:07:16Z</time></trkpt>
<trkpt lat="45.352585" lon="-75.827426"><ele>27.0</ele><time>2024-09-01T20:07:17Z</time></trkpt>
<trkpt lat="45.352582" lon="-75.827435"><ele>27.0</ele><time>2024-09-01T20:07:18Z</time></trkpt>
<trkpt lat="45.352579" lon="-75.827435"><ele>27.0</ele><time>2024-09-01T20:07:19Z</time></trkpt>
<trkpt lat="45.352579" lon="-75.827435"><ele>27.0</ele><time>2024-09-01T20:07:20Z</time></trkpt>
<trkpt lat="45.352573" lon="-75.827444"><ele>27.0</ele><time>2024-09-01T20:07:21Z</time></trkpt>
<trkpt lat="45.352573" lon="-75.827444"><ele>27.0</ele><time>2024-09-01T20:07:22Z</time></trkpt>
<trkpt lat="45.352569" lon="-75.827444"><ele>27.0</ele><time>2024-09-01T20:07:23Z</time></trkpt>
<trkpt lat="45.352566" lon="-75.827444"><ele>27.0</ele><time>2024-09-01T20:07:24Z</time></trkpt>
<trkpt lat="45.352563" lon="-75.827444"><ele>27.0</ele><time>2024-09-01T20:07:25Z</time></trkpt>
<trkpt lat="45.352563" lon="-75.827444"><ele>27.0</ele><time>2024-09-01T20:07:26Z</time></trkpt>
<trkpt lat="45.35256" lon="-75.827444"><ele>27.0</ele><time>2024-09-01T20:07:27Z</time></trkpt>
<trkpt lat="45.352557" lon="-75.827444"><ele>27.0</ele><time>2024-09-01T20:07:28Z</time></trkpt>
<trkpt lat="45.352554" lon="-75.827444"><ele>27.0</ele><time>2024-09-01T20:07:29Z</time></trkpt>
<trkpt lat="45.352554" lon="-75.827444"><ele>27.0</ele><time>2024-09-01T20:07:30Z</time></trkpt>
<trkpt lat="45.35255" lon="-75.827435"><ele>27.0</ele><time>2024-09-01T20:07:31Z</time></trkpt>
<trkpt lat="45.352547" lon="-75.827435"><ele>27.0</ele><time>2024-09-01T20:07:32Z</time></trkpt>
<trkpt lat="45.352544" lon="-75.827435"><ele>27.0</ele><time>2024-09-01T20:07:33Z</time></trkpt>
<trkpt lat="45.352544" lon="-75.827435"><ele>27.0</ele><time>2024-09-01T20:07:34Z</time></trkpt>
<trkpt lat="45.352541" lon="-75.827435"><ele>26.0</ele><time>2024-09-01T20:07:35Z</time></trkpt>
<trkpt lat="45.352541" lon="-75.827435"><ele>26.0</ele><time>2024-09-01T20:07:36Z</time></trkpt>
<trkpt lat="45.352538" lon="-75.827426"><ele>26.0</ele><time>2024-09-01T20:07:37Z</time></trkpt>
<trkpt lat="45.352538" lon="-75.827426"><ele>26.0</ele><time>2024-09-01T20:07:38Z</time></trkpt>
<trkpt lat="45.352535" lon="-75.827426"><ele>26.0</ele><time>2024-09-01T20:07:39Z</time></trkpt>
<trkpt lat="45.352535" lon="-75.827426"><ele>26.0</ele><time>2024-09-01T20:07:40Z</time></trkpt>
<trkpt lat="45.352531" lon="-75.827417"><ele>26.0</ele><time>2024-09-01T20:07:41Z</time></trkpt>
<trkpt lat="45.352531" lon="-75.827417"><ele>26.0</ele><time>2024-09-01T20:07:42Z</time></trkpt>
<trkpt lat="45.352528" lon="-75.827417"><ele>26.0</ele><time>2024-09-01T20:07:43Z</time></trkpt>
<trkpt lat="45.352525" lon="-75.827408"><ele>26.0</ele><time>2024-09-01T20:07:44Z</time></trkpt>
<trkpt lat="45.352522" lon="-75.827408"><ele>26.0</ele><time>2024-09-01T20:07:45Z</time></trkpt>
<trkpt lat="45.352519" lon="-75.827408"><ele>25.0</ele><time>2024-09-01T20:07:46Z</time></trkpt>
<trkpt lat="45.352519" lon="-75.827399"><ele>25.0</ele><time>2024-09-01T20:07:47Z</time></trkpt>
<trkpt lat="45.352516" lon="-75.827399"><ele>25.0</ele><time>2024-09-01T20:07:48Z</time></trkpt>
<trkpt lat="45.352512" lon="-75.827399"><ele>25.0</ele><time>2024-09-01T20:07:49Z</time></trkpt>
<trkpt lat="45.352512" lon="-75.82739"><ele>26.0</ele><time>2024-09-01T20:07:50Z</time></trkpt>
<trkpt lat="45.352512" lon="-75.82739"><ele>26.0</ele><time>2024-09-01T20:07:51Z</time></trkpt>
<trkpt lat="45.352509" lon="-75.82739"><ele>26.0</ele><time>2024-09-01T20:07:52Z</time></trkpt>
<trkpt lat="45.352506" lon="-75.827381"><ele>26.0</ele><time>2024-09-01T20:07:53Z</time></trkpt>
<trkpt lat="45.352503" lon="-75.827372"><ele>26.0</ele><time>2024-09-01T20:07:54Z</time></trkpt>
<trkpt lat="45.352503" lon="-75.827372"><ele>25.0</ele><time>2024-09-01T20:07:55Z</time></trkpt>
<trkpt lat="45.352503" lon="-75.827372"><ele>25.0</ele><time>2024-09-01T20:07:56Z</time></trkpt>
<trkpt lat="45.3525" lon="-75.827363"><ele>25.0</ele><time>2024-09-01T20:07:57Z</time></trkpt>
<trkpt lat="45.3525" lon="-75.827363"><ele>25.0</ele><time>2024-09-01T20:07:58Z</time></trkpt>
<trkpt lat="45.3525" lon="-75.827363"><ele>25.0</ele><time>2024-09-01T20:07:59Z</time></trkpt>
<trkpt lat="45.3525" lon="-75.827354"><ele>25.0</ele><time>2024-09-01T20:08:00Z</time></trkpt>
<trkpt lat="45.3525" lon="-75.827354"><ele>25.0</ele><time>2024-09-01T20:08:01Z</time></trkpt>
<trkpt lat="45.3525" lon="-75.827354"><ele>26.0</ele><time>2024-09-01T20:08:02Z</time></trkpt>
<trkpt lat="45.352503" lon="-75.827345"><ele>26.0</ele><time>2024-09-01T20:08:03Z</time></trkpt>
<trkpt lat="45.352503" lon="-75.827345"><ele>26.0</ele><time>2024-09-01T20:08:04Z</time></trkpt>
<trkpt lat="45.352503" lon="-75.827345"><ele>26.0</ele><time>2024-09-01T20:08:05Z</time></trkpt>
<trkpt lat="45.352503" lon="-75.827345"><ele>26.0</ele><time>2024-09-01T20:08:06Z</time></trkpt>
<trkpt lat="45.352503" lon="-75.827345"><ele>26.0</ele><time>2024-09-01T20:08:07Z</time></trkpt>
<trkpt lat="45.352503" lon="-75.827345"><ele>26.0</ele><time>2024-09-01T20:08:08Z</time></trkpt>
<trkpt lat="45.352506" lon="-75.827345"><ele>26.0</ele><time>2024-09-01T20:08:09Z</time></trkpt>
<trkpt lat="45.352506" lon="-75.827345"><ele>26.0</ele><time>2024-09-01T20:08:10Z</time></trkpt>
<trkpt lat="45.352509" lon="-75.827345"><ele>26.0</ele><time>2024-09-01T20:08:11Z</time></trkpt>
<trkpt lat="45.352509" lon="-75.827354"><ele>26.0</ele><time>2024-09-01T20:08:12Z</time></trkpt>
<trkpt lat="45.352512" lon="-75.827363"><ele>26.0</ele><time>2024-09-01T20:08:13Z</time></trkpt>
<trkpt lat="45.352516" lon="-75.827363"><ele>27.0</ele><time>2024-09-01T20:08:14Z</time></trkpt>
<trkpt lat="45.352516" lon="-75.827372"><ele>27.0</ele><time>2024-09-01T20:08:15Z</time></trkpt>
<trkpt lat="45.352519" lon="-75.827381"><ele>27.0</ele><time>2024-09-01T20:08:16Z</time></trkpt>
<trkpt lat="45.352519" lon="-75.827381"><ele>27.0</ele><time>2024-09-01T20:08:17Z</time></trkpt>
<trkpt lat="45.352522" lon="-75.82739"><ele>27.0</ele><time>2024-09-01T20:08:18Z</time></trkpt>
<trkpt lat="45.352522" lon="-75.827399"><ele>27.0</ele><time>2024-09-01T20:08:19Z</time></trkpt>
<trkpt lat="45.352525" lon="-75.827399"><ele>27.0</ele><time>2024-09-01T20:08:20Z</time></trkpt>
<trkpt lat="45.352525" lon="-75.827408"><ele>27.0</ele><time>2024-09-01T20:08:21Z</time></trkpt>
<trkpt lat="45.352528" lon="-75.827408"><ele>27.0</ele><time>2024-09-01T20:08:22Z</time></trkpt>
<trkpt lat="45.352528" lon="-75.827417"><ele>27.0</ele><time>2024-09-01T20:08:23Z</time></trkpt>
<trkpt lat="45.352528" lon="-75.827417"><ele>27.0</ele><time>2024-09-01T20:08:24Z</time></trkpt>
<trkpt lat="45.352528" lon="-75.827417"><ele>27.0</ele><time>2024-09-01T20:08:25Z</time></trkpt>
<trkpt lat="45.352528" lon="-75.827417"><ele>27.0</ele><time>2024-09-01T20:08:26Z</time></trkpt>
<trkpt lat="45.352528" lon="-75.827426"><ele>27.0</ele><time>2024-09-01T20:08:27Z</time></trkpt>
<trkpt lat="45.352528" lon="-75.827426"><ele>27.0</ele><time>2024-09-01T20:08:28Z</time></trkpt>
<trkpt lat="45.352528" lon="-75.827426"><ele>27.0</ele><time>2024-09-01T20:08:29Z</time></trkpt>
<trkpt lat="45.352528" lon="-75.827426"><ele>27.0</ele><time>2024-09-01T20:08:30Z</time></trkpt>
<trkpt lat="45.352528" lon="-75.827426"><ele>27.0</ele><time>2024-09-01T20:08:31Z</time></trkpt>
<trkpt lat="45.352528" lon="-75.827426"><ele>27.0</ele><time>2024-09-01T20:08:32Z</time></trkpt>
<trkpt lat="45.352528" lon="-75.827426"><ele>27.0</ele><time>2024-09-01T20:08:33Z</time></trkpt>
<trkpt lat="45.352528" lon="-75.827417"><ele>27.0</ele><time>2024-09-01T20:08:34Z</time></trkpt>
<trkpt lat="45.352528" lon="-75.827417"><ele>27.0</ele><time>2024-09-01T20:08:35Z</time></trkpt>
<trkpt lat="45.352528" lon="-75.827408"><ele>27.0</ele><time>2024-09-01T20:08:36Z</time></trkpt>
<trkpt lat="45.352528" lon="-75.827408"><ele>26.0</ele><time>2024-09-01T20:08:37Z</time></trkpt>
<trkpt lat="45.352528" lon="-75.827399"><ele>26.0</ele><time>2024-09-01T20:08:38Z</time></trkpt>
<trkpt lat="45.352525" lon="-75.827399"><ele>26.0</ele><time>2024-09-01T20:08:39Z</time></trkpt>
<trkpt lat="45.352525" lon="-75.82739"><ele>26.0</ele><time>2024-09-01T20:08:40Z</time></trkpt>
<trkpt lat="45.352525" lon="-75.82739"><ele>26.0</ele><time>2024-09-01T20:08:41Z</time></trkpt>
<trkpt lat="45.352525" lon="-75.82739"><ele>26.0</ele><time>2024-09-01T20:08:42Z</time></trkpt>
<trkpt lat="45.352525" lon="-75.827381"><ele>26.0</ele><time>2024-09-01T20:08:43Z</time></trkpt>
<trkpt lat="45.352525" lon="-75.827381"><ele>26.0</ele><time>2024-09-01T20:08:44Z</time></trkpt>
<trkpt lat="45.352525" lon="-75.827372"><ele>27.0</ele><time>2024-09-01T20:08:45Z</time></trkpt>
<trkpt lat="45.352522" lon="-75.827372"><ele>26.0</ele><time>2024-09-01T20:08:46Z</time></trkpt>
<trkpt lat="45.352522" lon="-75.827363"><ele>26.0</ele><time>2024-09-01T20:08:47Z</time></trkpt>
<trkpt lat="45.352525" lon="-75.827363"><ele>26.0</ele><time>2024-09-01T20:08:48Z</time></trkpt>
<trkpt lat="45.352525" lon="-75.827363"><ele>26.0</ele><time>2024-09-01T20:08:49Z</time></trkpt>
<trkpt lat="45.352522" lon="-75.827354"><ele>25.0</ele><time>2024-09-01T20:08:50Z</time></trkpt>
<trkpt lat="45.352522" lon="-75.827354"><ele>25.0</ele><time>2024-09-01T20:08:51Z</time></trkpt>
<trkpt lat="45.352522" lon="-75.827345"><ele>25.0</ele><time>2024-09-01T20:08:52Z</time></trkpt>
<trkpt lat="45.352519" lon="-75.827336"><ele>26.0</ele><time>2024-09-01T20:08:53Z</time></trkpt>
<trkpt lat="45.352516" lon="-75.827318"><ele>26.0</ele><time>2024-09-01T20:08:54Z</time></trkpt>
<trkpt lat="45.352516" lon="-75.827318"><ele>25.0</ele><time>2024-09-01T20:08:55Z</time></trkpt>
<trkpt lat="45.352512" lon="-75.827318"><ele>25.0</ele><time>2024-09-01T20:08:56Z</time></trkpt>
<trkpt lat="45.352509" lon="-75.827309"><ele>25.0</ele><time>2024-09-01T20:08:57Z</time></trkpt>
<trkpt lat="45.352506" lon="-75.827309"><ele>25.0</ele><time>2024-09-01T20:08:58Z</time></trkpt>
<trkpt lat="45.352506" lon="-75.827309"><ele>25.0</ele><time>2024-09-01T20:08:59Z</time></trkpt>
<trkpt lat="45.352506" lon="-75.827309"><ele>25.0</ele><time>2024-09-01T20:09:00Z</time></trkpt>
<trkpt lat="45.352506" lon="-75.827318"><ele>25.0</ele><time>2024-09-01T20:09:01Z</time></trkpt>
<trkpt lat="45.352506" lon="-75.827318"><ele>25.0</ele><time>2024-09-01T20:09:02Z</time></trkpt>
<trkpt lat="45.352506" lon="-75.827309"><ele>25.0</ele><time>2024-09-01T20:09:03Z</time></trkpt>
<trkpt lat="45.352506" lon="-75.827309"><ele>25.0</ele><time>2024-09-01T20:09:04Z</time></trkpt>
<trkpt lat="45.352506" lon="-75.827318"><ele>25.0</ele><time>2024-09-01T20:09:05Z</time></trkpt>
<trkpt lat="45.352506" lon="-75.827318"><ele>25.0</ele><time>2024-09-01T20:09:06Z</time></trkpt>
<trkpt lat="45.352509" lon="-75.827318"><ele>25.0</ele><time>2024-09-01T20:09:07Z</time></trkpt>
<trkpt lat="45.352516" lon="-75.827327"><ele>25.0</ele><time>2024-09-01T20:09:08Z</time></trkpt>
<trkpt lat="45.352516" lon="-75.827336"><ele>25.0</ele><time>2024-09-01T20:09:09Z</time></trkpt>
<trkpt lat="45.352516" lon="-75.827336"><ele>26.0</ele><time>2024-09-01T20:09:10Z</time></trkpt>
<trkpt lat="45.352516" lon="-75.827336"><ele>25.0</ele><time>2024-09-01T20:09:11Z</time></trkpt>
<trkpt lat="45.352519" lon="-75.827345"><ele>25.0</ele><time>2024-09-01T20:09:12Z</time></trkpt>
<trkpt lat="45.352519" lon="-75.827345"><ele>25.0</ele><time>2024-09-01T20:09:13Z</time></trkpt>
<trkpt lat="45.352516" lon="-75.827336"><ele>25.0</ele><time>2024-09-01T20:09:14Z</time></trkpt>
<trkpt lat="45.352512" lon="-75.827336"><ele>25.0</ele><time>2024-09-01T20:09:15Z</time></trkpt>
<trkpt lat="45.352509" lon="-75.827336"><ele>25.0</ele><time>2024-09-01T20:09:16Z</time></trkpt>
<trkpt lat="45.352509" lon="-75.827336"><ele>25.0</ele><time>2024-09-01T20:09:17Z</time></trkpt>
<trkpt lat="45.352509" lon="-75.827327"><ele>26.0</ele><time>2024-09-01T20:09:18Z</time></trkpt>
<trkpt lat="45.352509" lon="-75.827327"><ele>26.0</ele><time>2024-09-01T20:09:19Z</time></trkpt>
<trkpt lat="45.352509" lon="-75.827327"><ele>26.0</ele><time>2024-09-01T20:09:20Z</time></trkpt>
<trkpt lat="45.352506" lon="-75.827327"><ele>25.0</ele><time>2024-09-01T20:09:21Z</time></trkpt>
<trkpt lat="45.352506" lon="-75.827327"><ele>26.0</ele><time>2024-09-01T20:09:22Z</time></trkpt>
<trkpt lat="45.352506" lon="-75.827327"><ele>26.0</ele><time>2024-09-01T20:09:23Z</time></trkpt>
<trkpt lat="45.352506" lon="-75.827327"><ele>26.0</ele><time>2024-09-01T20:09:24Z</time></trkpt>
<trkpt lat="45.352503" lon="-75.827327"><ele>26.0</ele><time>2024-09-01T20:09:25Z</time></trkpt>
<trkpt lat="45.352503" lon="-75.827318"><ele>26.0</ele><time>2024-09-01T20:09:26Z</time></trkpt>
<trkpt lat="45.352506" lon="-75.827318"><ele>25.0</ele><time>2024-09-01T20:09:27Z</time></trkpt>
<trkpt lat="45.352506" lon="-75.827327"><ele>25.0</ele><time>2024-09-01T20:09:28Z</time></trkpt>
<trkpt lat="45.352506" lon="-75.827327"><ele>25.0</ele><time>2024-09-01T20:09:29Z</time></trkpt>
<trkpt lat="45.352503" lon="-75.827327"><ele>25.0</ele><time>2024-09-01T20:09:30Z</time></trkpt>
<trkpt lat="45.352497" lon="-75.827327"><ele>26.0</ele><time>2024-09-01T20:09:31Z</time></trkpt>
<trkpt lat="45.35249" lon="-75.827327"><ele>25.0</ele><time>2024-09-01T20:09:32Z</time></trkpt>
<trkpt lat="45.352487" lon="-75.827318"><ele>25.0</ele><time>2024-09-01T20:09:33Z</time></trkpt>
<trkpt lat="45.352487" lon="-75.827318"><ele>25.0</ele><time>2024-09-01T20:09:34Z</time></trkpt>
<trkpt lat="45.352487" lon="-75.827318"><ele>25.0</ele><time>2024-09-01T20:09:35Z</time></trkpt>
<trkpt lat="45.352487" lon="-75.827318"><ele>25.0</ele><time>2024-09-01T20:09:36Z</time></trkpt>
<trkpt lat="45.352487" lon="-75.827318"><ele>25.0</ele><time>2024-09-01T20:09:37Z</time></trkpt>
<trkpt lat="45.352487" lon="-75.827318"><ele>25.0</ele><time>2024-09-01T20:09:38Z</time></trkpt>
<trkpt lat="45.352487" lon="-75.827318"><ele>25.0</ele><time>2024-09-01T20:09:39Z</time></trkpt>
<trkpt lat="45.352487" lon="-75.827318"><ele>25.0</ele><time>2024-09-01T20:09:40Z</time></trkpt>
<trkpt lat="45.352487" lon="-75.827318"><ele>25.0</ele><time>2024-09-01T20:09:41Z</time></trkpt>
<trkpt lat="45.352487" lon="-75.827318"><ele>25.0</ele><time>2024-09-01T20:09:42Z</time></trkpt>
<trkpt lat="45.352487" lon="-75.827318"><ele>25.0</ele><time>2024-09-01T20:09:43Z</time></trkpt>
<trkpt lat="45.35249" lon="-75.827318"><ele>25.0</ele><time>2024-09-01T20:09:44Z</time></trkpt>
<trkpt lat="45.352493" lon="-75.827318"><ele>25.0</ele><time>2024-09-01T20:09:45Z</time></trkpt>
<trkpt lat="45.352493" lon="-75.827318"><ele>25.0</ele><time>2024-09-01T20:09:46Z</time></trkpt>
<trkpt lat="45.352493" lon="-75.827318"><ele>25.0</ele><time>2024-09-01T20:09:47Z</time></trkpt>
<trkpt lat="45.352493" lon="-75.827318"><ele>25.0</ele><time>2024-09-01T20:09:48Z</time></trkpt>
<trkpt lat="45.352493" lon="-75.827318"><ele>25.0</ele><time>2024-09-01T20:09:49Z</time></trkpt>
<trkpt lat="45.352493" lon="-75.827318"><ele>25.0</ele><time>2024-09-01T20:09:50Z</time></trkpt>
<trkpt lat="45.352493" lon="-75.827309"><ele>25.0</ele><time>2024-09-01T20:09:51Z</time></trkpt>
<trkpt lat="45.352493" lon="-75.827309"><ele>25.0</ele><time>2024-09-01T20:09:52Z</time></trkpt>
<trkpt lat="45.352493" lon="-75.827309"><ele>25.0</ele><time>2024-09-01T20:09:53Z</time></trkpt>
<trkpt lat="45.352493" lon="-75.827309"><ele>25.0</ele><time>2024-09-01T20:09:54Z</time></trkpt>
<trkpt lat="45.352493" lon="-75.827309"><ele>25.0</ele><time>2024-09-01T20:09:55Z</time></trkpt>
<trkpt lat="45.352493" lon="-75.827309"><ele>25.0</ele><time>2024-09-01T20:09:56Z</time></trkpt>
<trkpt lat="45.35249" lon="-75.827309"><ele>25.0</ele><time>2024-09-01T20:09:57Z</time></trkpt>
<trkpt lat="45.35249" lon="-75.827309"><ele>25.0</ele><time>2024-09-01T20:09:58Z</time></trkpt>
<trkpt lat="45.35249" lon="-75.827309"><ele>25.0</ele><time>2024-09-01T20:09:59Z</time></trkpt>
<trkpt lat="45.35249" lon="-75.827309"><ele>25.0</ele><time>2024-09-01T20:10:00Z</time></trkpt>
<trkpt lat="45.35249" lon="-75.827309"><ele>25.0</ele><time>2024-09-01T20:10:01Z</time></trkpt>
<trkpt lat="45.35249" lon="-75.827309"><ele>25.0</ele><time>2024-09-01T20:10:02Z</time></trkpt>
<trkpt lat="45.35249" lon="-75.827309"><ele>25.0</ele><time>2024-09-01T20:10:03Z</time></trkpt>
<trkpt lat="45.352493" lon="-75.827309"><ele>25.0</ele><time>2024-09-01T20:10:04Z</time></trkpt>
<trkpt lat="45.352493" lon="-75.827309"><ele>25.0</ele><time>2024-09-01T20:10:05Z</time></trkpt>
<trkpt lat="45.352497" lon="-75.827309"><ele>24.0</ele><time>2024-09-01T20:10:06Z</time></trkpt>
<trkpt lat="45.3525" lon="-75.827309"><ele>24.0</ele><time>2024-09-01T20:10:07Z</time></trkpt>
<trkpt lat="45.352503" lon="-75.827318"><ele>24.0</ele><time>2024-09-01T20:10:08Z</time></trkpt>
<trkpt lat="45.352506" lon="-75.827327"><ele>24.0</ele><time>2024-09-01T20:10:09Z</time></trkpt>
<trkpt lat="45.352506" lon="-75.827327"><ele>24.0</ele><time>2024-09-01T20:10:10Z</time></trkpt>
<trkpt lat="45.352506" lon="-75.827327"><ele>24.0</ele><time>2024-09-01T20:10:11Z</time></trkpt>
<trkpt lat="45.352506" lon="-75.827327"><ele>24.0</ele><time>2024-09-01T20:10:12Z</time></trkpt>
<trkpt lat="45.352506" lon="-75.827327"><ele>24.0</ele><time>2024-09-01T20:10:13Z</time></trkpt>
<trkpt lat="45.352506" lon="-75.827327"><ele>24.0</ele><time>2024-09-01T20:10:14Z</time></trkpt>
<trkpt lat="45.352506" lon="-75.827327"><ele>24.0</ele><time>2024-09-01T20:10:15Z</time></trkpt>
<trkpt lat="45.352506" lon="-75.827327"><ele>24.0</ele><time>2024-09-01T20:10:16Z</time></trkpt>
<trkpt lat="45.352506" lon="-75.827327"><ele>24.0</ele><time>2024-09-01T20:10:17Z</time></trkpt>
<trkpt lat="45.352506" lon="-75.827327"><ele>24.0</ele><time>2024-09-01T20:10:18Z</time></trkpt>
<trkpt lat="45.352506" lon="-75.827327"><ele>24.0</ele><time>2024-09-01T20:10:19Z</time></trkpt>
<trkpt lat="45.352506" lon="-75.827327"><ele>24.0</ele><time>2024-09-01T20:10:20Z</time></trkpt>
<trkpt lat="45.352506" lon="-75.827327"><ele>24.0</ele><time>2024-09-01T20:10:21Z</time></trkpt>
<trkpt lat="45.352506" lon="-75.827327"><ele>24.0</ele><time>2024-09-01T20:10:22Z</time></trkpt>
<trkpt lat="45.352506" lon="-75.827327"><ele>24.0</ele><time>2024-09-01T20:10:23Z</time></trkpt>
<trkpt lat="45.352506" lon="-75.827327"><ele>24.0</ele><time>2024-09-01T20:10:24Z</time></trkpt>
<trkpt lat="45.352503" lon="-75.827318"><ele>24.0</ele><time>2024-09-01T20:10:25Z</time></trkpt>
<trkpt lat="45.3525" lon="-75.827318"><ele>24.0</ele><time>2024-09-01T20:10:26Z</time></trkpt>
<trkpt lat="45.3525" lon="-75.827309"><ele>24.0</ele><time>2024-09-01T20:10:27Z</time></trkpt>
<trkpt lat="45.3525" lon="-75.827309"><ele>24.0</ele><time>2024-09-01T20:10:28Z</time></trkpt>
<trkpt lat="45.3525" lon="-75.827309"><ele>24.0</ele><time>2024-09-01T20:10:29Z</time></trkpt>
<trkpt lat="45.3525" lon="-75.827309"><ele>24.0</ele><time>2024-09-01T20:10:30Z</time></trkpt>
<trkpt lat="45.3525" lon="-75.827309"><ele>24.0</ele><time>2024-09-01T20:10:31Z</time></trkpt>
<trkpt lat="45.3525" lon="-75.827309"><ele>24.0</ele><time>2024-09-01T20:10:32Z</time></trkpt>
<trkpt lat="45.3525" lon="-75.827309"><ele>24.0</ele><time>2024-09-01T20:10:33Z</time></trkpt>
<trkpt lat="45.3525" lon="-75.827309"><ele>24.0</ele><time>2024-09-01T20:10:34Z</time></trkpt>
<trkpt lat="45.3525" lon="-75.827309"><ele>24.0</ele><time>2024-09-01T20:10:35Z</time></trkpt>
<trkpt lat="45.352497" lon="-75.827309"><ele>24.0</ele><time>2024-09-01T20:10:36Z</time></trkpt>
<trkpt lat="45.352497" lon="-75.827309"><ele>24.0</ele><time>2024-09-01T20:10:37Z</time></trkpt>
<trkpt lat="45.352497" lon="-75.827309"><ele>24.0</ele><time>2024-09-01T20:10:38Z</time></trkpt>
<trkpt lat="45.352497" lon="-75.827309"><ele>24.0</ele><time>2024-09-01T20:10:39Z</time></trkpt>
<trkpt lat="45.352497" lon="-75.827309"><ele>24.0</ele><time>2024-09-01T20:10:40Z</time></trkpt>
<trkpt lat="45.352497" lon="-75.827309"><ele>24.0</ele><time>2024-09-01T20:10:41Z</time></trkpt>
<trkpt lat="45.352497" lon="-75.827309"><ele>24.0</ele><time>2024-09-01T20:10:42Z</time></trkpt>
<trkpt lat="45.352497" lon="-75.827309"><ele>24.0</ele><time>2024-09-01T20:10:43Z</time></trkpt>
<trkpt lat="45.352497" lon="-75.827309"><ele>24.0</ele><time>2024-09-01T20:10:44Z</time></trkpt>
<trkpt lat="45.352497" lon="-75.827309"><ele>24.0</ele><time>2024-09-01T20:10:45Z</time></trkpt>
<trkpt lat="45.352497" lon="-75.827309"><ele>24.0</ele><time>2024-09-01T20:10:46Z</time></trkpt>
<trkpt lat="45.352497" lon="-75.827309"><ele>24.0</ele><time>2024-09-01T20:10:47Z</time></trkpt>
<trkpt lat="45.3525" lon="-75.827309"><ele>23.0</ele><time>2024-09-01T20:10:48Z</time></trkpt>
<trkpt lat="45.3525" lon="-75.827309"><ele>23.0</ele><time>2024-09-01T20:10:49Z</time></trkpt>
<trkpt lat="45.3525" lon="-75.827309"><ele>23.0</ele><time>2024-09-01T20:10:50Z</time></trkpt>
<trkpt lat="45.3525" lon="-75.827309"><ele>23.0</ele><time>2024-09-01T20:10:51Z</time></trkpt>
<trkpt lat="45.3525" lon="-75.827309"><ele>23.0</ele><time>2024-09-01T20:10:52Z</time></trkpt>
<trkpt lat="45.3525" lon="-75.827309"><ele>23.0</ele><time>2024-09-01T20:10:53Z</time></trkpt>
<trkpt lat="45.3525" lon="-75.827309"><ele>23.0</ele><time>2024-09-01T20:10:54Z</time></trkpt>
<trkpt lat="45.3525" lon="-75.827309"><ele>23.0</ele><time>2024-09-01T20:10:55Z</time></trkpt>
<trkpt lat="45.352497" lon="-75.827309"><ele>24.0</ele><time>2024-09-01T20:10:56Z</time></trkpt>
<trkpt lat="45.352497" lon="-75.827309"><ele>24.0</ele><time>2024-09-01T20:10:57Z</time></trkpt>
<trkpt lat="45.352497" lon="-75.827309"><ele>24.0</ele><time>2024-09-01T20:10:58Z</time></trkpt>
<trkpt lat="45.352493" lon="-75.827309"><ele>24.0</ele><time>2024-09-01T20:10:59Z</time></trkpt>
<trkpt lat="45.352493" lon="-75.827309"><ele>24.0</ele><time>2024-09-01T20:11:00Z</time></trkpt>
<trkpt lat="45.352493" lon="-75.827309"><ele>24.0</ele><time>2024-09-01T20:11:01Z</time></trkpt>
<trkpt lat="45.352493" lon="-75.827309"><ele>24.0</ele><time>2024-09-01T20:11:02Z</time></trkpt>
<trkpt lat="45.352493" lon="-75.827309"><ele>24.0</ele><time>2024-09-01T20:11:03Z</time></trkpt>
<trkpt lat="45.352493" lon="-75.827309"><ele>24.0</ele><time>2024-09-01T20:11:04Z</time></trkpt>
<trkpt lat="45.352493" lon="-75.827309"><ele>24.0</ele><time>2024-09-01T20:11:05Z</time></trkpt>
<trkpt lat="45.352493" lon="-75.827309"><ele>24.0</ele><time>2024-09-01T20:11:06Z</time></trkpt>
<trkpt lat="45.352493" lon="-75.827309"><ele>24.0</ele><time>2024-09-01T20:11:07Z</time></trkpt>
<trkpt lat="45.352493" lon="-75.827309"><ele>24.0</ele><time>2024-09-01T20:11:08Z</time></trkpt>
<trkpt lat="45.352493" lon="-75.827309"><ele>24.0</ele><time>2024-09-01T20:11:09Z</time></trkpt>
<trkpt lat="45.35249" lon="-75.8273"><ele>24.0</ele><time>2024-09-01T20:11:10Z</time></trkpt>
<trkpt lat="45.35249" lon="-75.8273"><ele>24.0</ele><time>2024-09-01T20:11:11Z</time></trkpt>
<trkpt lat="45.35249" lon="-75.8273"><ele>24.0</ele><time>2024-09-01T20:11:12Z</time></trkpt>
<trkpt lat="45.35249" lon="-75.8273"><ele>24.0</ele><time>2024-09-01T20:11:13Z</time></trkpt>
<trkpt lat="45.35249" lon="-75.8273"><ele>24.0</ele><time>2024-09-01T20:11:14Z</time></trkpt>
<trkpt lat="45.352487" lon="-75.8273"><ele>24.0</ele><time>2024-09-01T20:11:15Z</time></trkpt>
<trkpt lat="45.352487" lon="-75.8273"><ele>24.0</ele><time>2024-09-01T20:11:16Z</time></trkpt>
<trkpt lat="45.352487" lon="-75.8273"><ele>24.0</ele><time>2024-09-01T20:11:17Z</time></trkpt>
<trkpt lat="45.352487" lon="-75.8273"><ele>24.0</ele><time>2024-09-01T20:11:18Z</time></trkpt>
<trkpt lat="45.352487" lon="-75.8273"><ele>24.0</ele><time>2024-09-01T20:11:19Z</time></trkpt>
<trkpt lat="45.352487" lon="-75.8273"><ele>24.0</ele><time>2024-09-01T20:11:20Z</time></trkpt>
<trkpt lat="45.352487" lon="-75.8273"><ele>24.0</ele><time>2024-09-01T20:11:21Z</time></trkpt>
<trkpt lat="45.352487" lon="-75.8273"><ele>24.0</ele><time>2024-09-01T20:11:22Z</time></trkpt>
<trkpt lat="45.352487" lon="-75.8273"><ele>24.0</ele><time>2024-09-01T20:11:23Z</time></trkpt>
<trkpt lat="45.352487" lon="-75.8273"><ele>24.0</ele><time>2024-09-01T20:11:24Z</time></trkpt>
<trkpt lat="45.35249" lon="-75.827309"><ele>24.0</ele><time>2024-09-01T20:11:25Z</time></trkpt>
<trkpt lat="45.35249" lon="-75.827309"><ele>24.0</ele><time>2024-09-01T20:11:26Z</time></trkpt>
<trkpt lat="45.35249" lon="-75.827309"><ele>24.0</ele><time>2024-09-01T20:11:27Z</time></trkpt>
<trkpt lat="45.35249" lon="-75.827309"><ele>24.0</ele><time>2024-09-01T20:11:28Z</time></trkpt>
<trkpt lat="45.352493" lon="-75.827318"><ele>24.0</ele><time>2024-09-01T20:11:29Z</time></trkpt>
<trkpt lat="45.35249" lon="-75.827318"><ele>24.0</ele><time>2024-09-01T20:11:30Z</time></trkpt>
<trkpt lat="45.35249" lon="-75.827318"><ele>23.0</ele><time>2024-09-01T20:11:31Z</time></trkpt>
<trkpt lat="45.352487" lon="-75.827318"><ele>23.0</ele><time>2024-09-01T20:11:32Z</time></trkpt>
<trkpt lat="45.352487" lon="-75.827318"><ele>24.0</ele><time>2024-09-01T20:11:33Z</time></trkpt>
<trkpt lat="45.352487" lon="-75.827318"><ele>24.0</ele><time>2024-09-01T20:11:34Z</time></trkpt>
<trkpt lat="45.352484" lon="-75.827318"><ele>23.0</ele><time>2024-09-01T20:11:35Z</time></trkpt>
<trkpt lat="45.352484" lon="-75.827318"><ele>23.0</ele><time>2024-09-01T20:11:36Z</time></trkpt>
<trkpt lat="45.352484" lon="-75.827318"><ele>23.0</ele><time>2024-09-01T20:11:37Z</time></trkpt>
<trkpt lat="45.352484" lon="-75.827318"><ele>23.0</ele><time>2024-09-01T20:11:38Z</time></trkpt>
<trkpt lat="45.352484" lon="-75.827318"><ele>23.0</ele><time>2024-09-01T20:11:39Z</time></trkpt>
<trkpt lat="45.352484" lon="-75.827318"><ele>23.0</ele><time>2024-09-01T20:11:40Z</time></trkpt>
<trkpt lat="45.352484" lon="-75.827318"><ele>23.0</ele><time>2024-09-01T20:11:41Z</time></trkpt>
<trkpt lat="45.352484" lon="-75.827318"><ele>23.0</ele><time>2024-09-01T20:11:42Z</time></trkpt>
<trkpt lat="45.352484" lon="-75.827318"><ele>23.0</ele><time>2024-09-01T20:11:43Z</time></trkpt>
<trkpt lat="45.352487" lon="-75.827318"><ele>23.0</ele><time>2024-09-01T20:11:44Z</time></trkpt>
<trkpt lat="45.352487" lon="-75.827318"><ele>23.0</ele><time>2024-09-01T20:11:45Z</time></trkpt>
<trkpt lat="45.352487" lon="-75.827318"><ele>23.0</ele><time>2024-09-01T20:11:46Z</time></trkpt>
<trkpt lat="45.352487" lon="-75.827318"><ele>23.0</ele><time>2024-09-01T20:11:47Z</time></trkpt>
<trkpt lat="45.352487" lon="-75.827318"><ele>23.0</ele><time>2024-09-01T20:11:48Z</time></trkpt>
<trkpt lat="45.352487" lon="-75.827318"><ele>23.0</ele><time>2024-09-01T20:11:49Z</time></trkpt>
<trkpt lat="45.352487" lon="-75.827318"><ele>23.0</ele><time>2024-09-01T20:11:50Z</time></trkpt>
<trkpt lat="45.352487" lon="-75.827318"><ele>23.0</ele><time>2024-09-01T20:11:51Z</time></trkpt>
<trkpt lat="45.352487" lon="-75.827318"><ele>23.0</ele><time>2024-09-01T20:11:52Z</time></trkpt>
<trkpt lat="45.35249" lon="-75.827318"><ele>23.0</ele><time>2024-09-01T20:11:53Z</time></trkpt>
<trkpt lat="45.35249" lon="-75.827318"><ele>23.0</ele><time>2024-09-01T20:11:54Z</time></trkpt>
<trkpt lat="45.35249" lon="-75.827318"><ele>23.0</ele><time>2024-09-01T20:11:55Z</time></trkpt>
<trkpt lat="45.35249" lon="-75.827318"><ele>23.0</ele><time>2024-09-01T20:11:56Z</time></trkpt>
<trkpt lat="45.35249" lon="-75.827318"><ele>23.0</ele><time>2024-09-01T20:11:57Z</time></trkpt>
<trkpt lat="45.35249" lon="-75.827318"><ele>23.0</ele><time>2024-09-01T20:11:58Z</time></trkpt>
<trkpt lat="45.35249" lon="-75.827318"><ele>23.0</ele><time>2024-09-01T20:11:59Z</time></trkpt>
<trkpt lat="45.35249" lon="-75.827318"><ele>23.0</ele><time>2024-09-01T20:12:00Z</time></trkpt>
<trkpt lat="45.35249" lon="-75.827318"><ele>23.0</ele><time>2024-09-01T20:12:01Z</time></trkpt>
<trkpt lat="45.35249" lon="-75.827318"><ele>23.0</ele><time>2024-09-01T20:12:02Z</time></trkpt>
<trkpt lat="45.35249" lon="-75.827318"><ele>23.0</ele><time>2024-09-01T20:12:03Z</time></trkpt>
<trkpt lat="45.35249" lon="-75.827318"><ele>23.0</ele><time>2024-09-01T20:12:04Z</time></trkpt>
<trkpt lat="45.35249" lon="-75.827318"><ele>23.0</ele><time>2024-09-01T20:12:05Z</time></trkpt>
<trkpt lat="45.35249" lon="-75.827318"><ele>23.0</ele><time>2024-09-01T20:12:06Z</time></trkpt>
<trkpt lat="45.35249" lon="-75.827318"><ele>23.0</ele><time>2024-09-01T20:12:07Z</time></trkpt>
<trkpt lat="45.35249" lon="-75.827318"><ele>23.0</ele><time>2024-09-01T20:12:08Z</time></trkpt>
<trkpt lat="45.35249" lon="-75.827318"><ele>23.0</ele><time>2024-09-01T20:12:09Z</time></trkpt>
<trkpt lat="45.35249" lon="-75.827318"><ele>23.0</ele><time>2024-09-01T20:12:10Z</time></trkpt>
<trkpt lat="45.35249" lon="-75.827318"><ele>23.0</ele><time>2024-09-01T20:12:11Z</time></trkpt>
<trkpt lat="45.35249" lon="-75.827318"><ele>23.0</ele><time>2024-09-01T20:12:12Z</time></trkpt>
<trkpt lat="45.35249" lon="-75.827318"><ele>23.0</ele><time>2024-09-01T20:12:13Z</time></trkpt>
<trkpt lat="45.35249" lon="-75.827318"><ele>23.0</ele><time>2024-09-01T20:12:14Z</time></trkpt>
<trkpt lat="45.35249" lon="-75.827318"><ele>23.0</ele><time>2024-09-01T20:12:15Z</time></trkpt>
<trkpt lat="45.35249" lon="-75.827318"><ele>23.0</ele><time>2024-09-01T20:12:16Z</time></trkpt>
<trkpt lat="45.35249" lon="-75.827318"><ele>23.0</ele><time>2024-09-01T20:12:17Z</time></trkpt>
<trkpt lat="45.35249" lon="-75.827318"><ele>23.0</ele><time>2024-09-01T20:12:18Z</time></trkpt>
<trkpt lat="45.352487" lon="-75.827318"><ele>23.0</ele><time>2024-09-01T20:12:19Z</time></trkpt>
<trkpt lat="45.352487" lon="-75.827318"><ele>23.0</ele><time>2024-09-01T20:12:20Z</time></trkpt>
<trkpt lat="45.352487" lon="-75.827318"><ele>23.0</ele><time>2024-09-01T20:12:21Z</time></trkpt>
<trkpt lat="45.352487" lon="-75.827318"><ele>23.0</ele><time>2024-09-01T20:12:22Z</time></trkpt>
<trkpt lat="45.352487" lon="-75.827318"><ele>23.0</ele><time>2024-09-01T20:12:23Z</time></trkpt>
<trkpt lat="45.352487" lon="-75.827318"><ele>23.0</ele><time>2024-09-01T20:12:24Z</time></trkpt>
<trkpt lat="45.352487" lon="-75.827318"><ele>23.0</ele><time>2024-09-01T20:12:25Z</time></trkpt>
<trkpt lat="45.352487" lon="-75.827318"><ele>23.0</ele><time>2024-09-01T20:12:26Z</time></trkpt>
<trkpt lat="45.352487" lon="-75.827318"><ele>23.0</ele><time>2024-09-01T20:12:27Z</time></trkpt>
<trkpt lat="45.352487" lon="-75.827318"><ele>23.0</ele><time>2024-09-01T20:12:28Z</time></trkpt>
<trkpt lat="45.352487" lon="-75.827318"><ele>23.0</ele><time>2024-09-01T20:12:29Z</time></trkpt>
<trkpt lat="45.352487" lon="-75.827318"><ele>23.0</ele><time>2024-09-01T20:12:30Z</time></trkpt>
<trkpt lat="45.352484" lon="-75.827318"><ele>23.0</ele><time>2024-09-01T20:12:31Z</time></trkpt>
<trkpt lat="45.352484" lon="-75.827309"><ele>23.0</ele><time>2024-09-01T20:12:32Z</time></trkpt>
<trkpt lat="45.352484" lon="-75.827309"><ele>23.0</ele><time>2024-09-01T20:12:33Z</time></trkpt>
<trkpt lat="45.352484" lon="-75.827309"><ele>23.0</ele><time>2024-09-01T20:12:34Z</time></trkpt>
<trkpt lat="45.352484" lon="-75.827309"><ele>23.0</ele><time>2024-09-01T20:12:35Z</time></trkpt>
<trkpt lat="45.352484" lon="-75.827309"><ele>23.0</ele><time>2024-09-01T20:12:36Z</time></trkpt>
<trkpt lat="45.352484" lon="-75.827309"><ele>23.0</ele><time>2024-09-01T20:12:37Z</time></trkpt>
<trkpt lat="45.352487" lon="-75.827309"><ele>23.0</ele><time>2024-09-01T20:12:38Z</time></trkpt>
<trkpt lat="45.352487" lon="-75.827309"><ele>24.0</ele><time>2024-09-01T20:12:39Z</time></trkpt>
<trkpt lat="45.352487" lon="-75.827309"><ele>23.0</ele><time>2024-09-01T20:12:40Z</time></trkpt>
<trkpt lat="45.352487" lon="-75.8273"><ele>23.0</ele><time>2024-09-01T20:12:41Z</time></trkpt>
<trkpt lat="45.352484" lon="-75.8273"><ele>23.0</ele><time>2024-09-01T20:12:42Z</time></trkpt>
<trkpt lat="45.352484" lon="-75.8273"><ele>23.0</ele><time>2024-09-01T20:12:43Z</time></trkpt>
<trkpt lat="45.352484" lon="-75.8273"><ele>23.0</ele><time>2024-09-01T20:12:44Z</time></trkpt>
<trkpt lat="45.352484" lon="-75.8273"><ele>23.0</ele><time>2024-09-01T20:12:45Z</time></trkpt>
<trkpt lat="45.352484" lon="-75.8273"><ele>23.0</ele><time>2024-09-01T20:12:46Z</time></trkpt>
<trkpt lat="45.352484" lon="-75.8273"><ele>23.0</ele><time>2024-09-01T20:12:47Z</time></trkpt>
<trkpt lat="45.352484" lon="-75.8273"><ele>23.0</ele><time>2024-09-01T20:12:48Z</time></trkpt>
<trkpt lat="45.352484" lon="-75.8273"><ele>23.0</ele><time>2024-09-01T20:12:49Z</time></trkpt>
<trkpt lat="45.352484" lon="-75.8273"><ele>23.0</ele><time>2024-09-01T20:12:50Z</time></trkpt>
<trkpt lat="45.352484" lon="-75.8273"><ele>23.0</ele><time>2024-09-01T20:12:51Z</time></trkpt>
<trkpt lat="45.352484" lon="-75.8273"><ele>23.0</ele><time>2024-09-01T20:12:52Z</time></trkpt>
<trkpt lat="45.352484" lon="-75.8273"><ele>23.0</ele><time>2024-09-01T20:12:53Z</time></trkpt>
<trkpt lat="45.352484" lon="-75.8273"><ele>23.0</ele><time>2024-09-01T20:12:54Z</time></trkpt>
<trkpt lat="45.352484" lon="-75.8273"><ele>23.0</ele><time>2024-09-01T20:12:55Z</time></trkpt>
<trkpt lat="45.352484" lon="-75.8273"><ele>23.0</ele><time>2024-09-01T20:12:56Z</time></trkpt>
<trkpt lat="45.352484" lon="-75.827309"><ele>23.0</ele><time>2024-09-01T20:12:57Z</time></trkpt>
<trkpt lat="45.352484" lon="-75.8273"><ele>23.0</ele><time>2024-09-01T20:12:58Z</time></trkpt>
<trkpt lat="45.352481" lon="-75.8273"><ele>23.0</ele><time>2024-09-01T20:12:59Z</time></trkpt>
<trkpt lat="45.352481" lon="-75.8273"><ele>23.0</ele><time>2024-09-01T20:13:00Z</time></trkpt>
<trkpt lat="45.352481" lon="-75.8273"><ele>23.0</ele><time>2024-09-01T20:13:01Z</time></trkpt>
<trkpt lat="45.352481" lon="-75.827309"><ele>23.0</ele><time>2024-09-01T20:13:02Z</time></trkpt>
<trkpt lat="45.352481" lon="-75.827309"><ele>23.0</ele><time>2024-09-01T20:13:03Z</time></trkpt>
<trkpt lat="45.352478" lon="-75.827309"><ele>23.0</ele><time>2024-09-01T20:13:04Z</time></trkpt>
<trkpt lat="45.352478" lon="-75.827309"><ele>24.0</ele><time>2024-09-01T20:13:05Z</time></trkpt>
<trkpt lat="45.352478" lon="-75.827309"><ele>24.0</ele><time>2024-09-01T20:13:06Z</time></trkpt>
<trkpt lat="45.352481" lon="-75.827309"><ele>24.0</ele><time>2024-09-01T20:13:07Z</time></trkpt>
<trkpt lat="45.352481" lon="-75.827309"><ele>24.0</ele><time>2024-09-01T20:13:08Z</time></trkpt>
<trkpt lat="45.352481" lon="-75.827309"><ele>24.0</ele><time>2024-09-01T20:13:09Z</time></trkpt>
<trkpt lat="45.352481" lon="-75.827318"><ele>24.0</ele><time>2024-09-01T20:13:10Z</time></trkpt>
<trkpt lat="45.352481" lon="-75.827318"><ele>24.0</ele><time>2024-09-01T20:13:11Z</time></trkpt>
<trkpt lat="45.352478" lon="-75.827318"><ele>24.0</ele><time>2024-09-01T20:13:12Z</time></trkpt>
<trkpt lat="45.352478" lon="-75.827318"><ele>23.0</ele><time>2024-09-01T20:13:13Z</time></trkpt>
<trkpt lat="45.352481" lon="-75.827309"><ele>24.0</ele><time>2024-09-01T20:13:14Z</time></trkpt>
<trkpt lat="45.352481" lon="-75.827309"><ele>24.0</ele><time>2024-09-01T20:13:15Z</time></trkpt>
<trkpt lat="45.352481" lon="-75.827309"><ele>24.0</ele><time>2024-09-01T20:13:16Z</time></trkpt>
<trkpt lat="45.352484" lon="-75.827309"><ele>24.0</ele><time>2024-09-01T20:13:17Z</time></trkpt>
<trkpt lat="45.352484" lon="-75.827309"><ele>24.0</ele><time>2024-09-01T20:13:18Z</time></trkpt>
<trkpt lat="45.352484" lon="-75.827309"><ele>24.0</ele><time>2024-09-01T20:13:19Z</time></trkpt>
<trkpt lat="45.352487" lon="-75.827318"><ele>24.0</ele><time>2024-09-01T20:13:20Z</time></trkpt>
<trkpt lat="45.352487" lon="-75.827318"><ele>24.0</ele><time>2024-09-01T20:13:21Z</time></trkpt>
<trkpt lat="45.352487" lon="-75.827318"><ele>24.0</ele><time>2024-09-01T20:13:22Z</time></trkpt>
<trkpt lat="45.352487" lon="-75.827318"><ele>24.0</ele><time>2024-09-01T20:13:23Z</time></trkpt>
<trkpt lat="45.352487" lon="-75.827318"><ele>23.0</ele><time>2024-09-01T20:13:24Z</time></trkpt>
<trkpt lat="45.352487" lon="-75.827318"><ele>23.0</ele><time>2024-09-01T20:13:25Z</time></trkpt>
<trkpt lat="45.352487" lon="-75.827318"><ele>23.0</ele><time>2024-09-01T20:13:26Z</time></trkpt>
<trkpt lat="45.352487" lon="-75.827318"><ele>23.0</ele><time>2024-09-01T20:13:27Z</time></trkpt>
<trkpt lat="45.352487" lon="-75.827318"><ele>23.0</ele><time>2024-09-01T20:13:28Z</time></trkpt>
<trkpt lat="45.352487" lon="-75.827318"><ele>23.0</ele><time>2024-09-01T20:13:29Z</time></trkpt>
<trkpt lat="45.352487" lon="-75.827318"><ele>24.0</ele><time>2024-09-01T20:13:30Z</time></trkpt>
<trkpt lat="45.352487" lon="-75.827318"><ele>23.0</ele><time>2024-09-01T20:13:31Z</time></trkpt>
<trkpt lat="45.352487" lon="-75.827318"><ele>23.0</ele><time>2024-09-01T20:13:32Z</time></trkpt>
<trkpt lat="45.352487" lon="-75.827318"><ele>23.0</ele><time>2024-09-01T20:13:33Z</time></trkpt>
<trkpt lat="45.352487" lon="-75.827309"><ele>23.0</ele><time>2024-09-01T20:13:34Z</time></trkpt>
<trkpt lat="45.352487" lon="-75.827309"><ele>23.0</ele><time>2024-09-01T20:13:35Z</time></trkpt>
<trkpt lat="45.35249" lon="-75.827309"><ele>23.0</ele><time>2024-09-01T20:13:36Z</time></trkpt>
<trkpt lat="45.352493" lon="-75.827309"><ele>24.0</ele><time>2024-09-01T20:13:37Z</time></trkpt>
<trkpt lat="45.352497" lon="-75.827309"><ele>24.0</ele><time>2024-09-01T20:13:38Z</time></trkpt>
<trkpt lat="45.352497" lon="-75.827309"><ele>24.0</ele><time>2024-09-01T20:13:39Z</time></trkpt>
<trkpt lat="45.352497" lon="-75.827309"><ele>24.0</ele><time>2024-09-01T20:13:40Z</time></trkpt>
<trkpt lat="45.3525" lon="-75.827318"><ele>24.0</ele><time>2024-09-01T20:13:41Z</time></trkpt>
<trkpt lat="45.352503" lon="-75.827318"><ele>24.0</ele><time>2024-09-01T20:13:42Z</time></trkpt>
<trkpt lat="45.352506" lon="-75.827318"><ele>24.0</ele><time>2024-09-01T20:13:43Z</time></trkpt>
<trkpt lat="45.352506" lon="-75.827318"><ele>24.0</ele><time>2024-09-01T20:13:44Z</time></trkpt>
<trkpt lat="45.352506" lon="-75.827318"><ele>24.0</ele><time>2024-09-01T20:13:45Z</time></trkpt>
<trkpt lat="45.352506" lon="-75.827318"><ele>24.0</ele><time>2024-09-01T20:13:46Z</time></trkpt>
<trkpt lat="45.352506" lon="-75.827318"><ele>24.0</ele><time>2024-09-01T20:13:47Z</time></trkpt>
<trkpt lat="45.352509" lon="-75.827327"><ele>24.0</ele><time>2024-09-01T20:13:48Z</time></trkpt>
<trkpt lat="45.352506" lon="-75.827327"><ele>24.0</ele><time>2024-09-01T20:13:49Z</time></trkpt>
<trkpt lat="45.352503" lon="-75.827336"><ele>24.0</ele><time>2024-09-01T20:13:50Z</time></trkpt>
<trkpt lat="45.3525" lon="-75.827336"><ele>25.0</ele><time>2024-09-01T20:13:51Z</time></trkpt>
<trkpt lat="45.352497" lon="-75.827336"><ele>24.0</ele><time>2024-09-01T20:13:52Z</time></trkpt>
<trkpt lat="45.352497" lon="-75.827336"><ele>24.0</ele><time>2024-09-01T20:13:53Z</time></trkpt>
<trkpt lat="45.352497" lon="-75.827336"><ele>24.0</ele><time>2024-09-01T20:13:53Z</time></trkpt>
<trkpt lat="45.3525" lon="-75.827336"><ele>24.0</ele><time>2024-09-01T20:13:54Z</time></trkpt>
<trkpt lat="45.352497" lon="-75.827336"><ele>24.0</ele><time>2024-09-01T20:13:55Z</time></trkpt>
<trkpt lat="45.352493" lon="-75.827336"><ele>24.0</ele><time>2024-09-01T20:13:56Z</time></trkpt>
<trkpt lat="45.352493" lon="-75.827336"><ele>24.0</ele><time>2024-09-01T20:13:57Z</time></trkpt>
<trkpt lat="45.352493" lon="-75.827336"><ele>24.0</ele><time>2024-09-01T20:13:58Z</time></trkpt>
<trkpt lat="45.3525" lon="-75.827336"><ele>24.0</ele><time>2024-09-01T20:13:59Z</time></trkpt>
<trkpt lat="45.352503" lon="-75.827336"><ele>24.0</ele><time>2024-09-01T20:14:00Z</time></trkpt>
<trkpt lat="45.352503" lon="-75.827336"><ele>24.0</ele><time>2024-09-01T20:14:01Z</time></trkpt>
<trkpt lat="45.352503" lon="-75.827336"><ele>24.0</ele><time>2024-09-01T20:14:02Z</time></trkpt>
<trkpt lat="45.352503" lon="-75.827336"><ele>24.0</ele><time>2024-09-01T20:14:03Z</time></trkpt>
<trkpt lat="45.352503" lon="-75.827336"><ele>24.0</ele><time>2024-09-01T20:14:04Z</time></trkpt>
<trkpt lat="45.352503" lon="-75.827336"><ele>24.0</ele><time>2024-09-01T20:14:05Z</time></trkpt>
<trkpt lat="45.352503" lon="-75.827336"><ele>24.0</ele><time>2024-09-01T20:14:06Z</time></trkpt>
<trkpt lat="45.352503" lon="-75.827336"><ele>24.0</ele><time>2024-09-01T20:14:07Z</time></trkpt>
<trkpt lat="45.352503" lon="-75.827336"><ele>24.0</ele><time>2024-09-01T20:14:07Z</time></trkpt>
<trkpt lat="45.352503" lon="-75.827336"><ele>24.0</ele><time>2024-09-01T20:14:08Z</time></trkpt>
<trkpt lat="45.352503" lon="-75.827336"><ele>24.0</ele><time>2024-09-01T20:14:09Z</time></trkpt>
<trkpt lat="45.352503" lon="-75.827336"><ele>24.0</ele><time>2024-09-01T20:14:10Z</time></trkpt>
<trkpt lat="45.352503" lon="-75.827336"><ele>24.0</ele><time>2024-09-01T20:14:11Z</time></trkpt>
<trkpt lat="45.352503" lon="-75.827336"><ele>24.0</ele><time>2024-09-01T20:14:12Z</time></trkpt>
<trkpt lat="45.352503" lon="-75.827336"><ele>24.0</ele><time>2024-09-01T20:14:13Z</time></trkpt>
<trkpt lat="45.352503" lon="-75.827336"><ele>24.0</ele><time>2024-09-01T20:14:14Z</time></trkpt>
</trkseg></trk></gpx>
