<?xml version="1.0" encoding="UTF-8"?> <gpx xmlns:xsi="http://www.w3.org/2001/XMLSchema-instance" version="1.1" xmlns="http://www.topografix.com/GPX/1/1" creator="Galileo Offline Maps" xsi:schemaLocation="http://www.topografix.com/GPX/1/1 http://www.topografix.com/GPX/1/1/gpx.xsd"><trk><name>Untitled Track</name><desc></desc><type>TrackStyle_ff7f00c8</type><trkseg>
<trkpt lat="45.353583" lon="-75.826276"><ele>25.0</ele><time>2024-07-09T21:45:19Z</time></trkpt>
<trkpt lat="45.35358" lon="-75.82624"><ele>26.0</ele><time>2024-07-09T21:45:20Z</time></trkpt>
<trkpt lat="45.35358" lon="-75.826222"><ele>25.0</ele><time>2024-07-09T21:45:21Z</time></trkpt>
<trkpt lat="45.353576" lon="-75.826204"><ele>25.0</ele><time>2024-07-09T21:45:22Z</time></trkpt>
<trkpt lat="45.35357" lon="-75.826186"><ele>25.0</ele><time>2024-07-09T21:45:23Z</time></trkpt>
<trkpt lat="45.353561" lon="-75.826186"><ele>26.0</ele><time>2024-07-09T21:45:24Z</time></trkpt>
<trkpt lat="45.353551" lon="-75.826159"><ele>26.0</ele><time>2024-07-09T21:45:25Z</time></trkpt>
<trkpt lat="45.353545" lon="-75.826132"><ele>26.0</ele><time>2024-07-09T21:45:26Z</time></trkpt>
<trkpt lat="45.353538" lon="-75.826106"><ele>27.0</ele><time>2024-07-09T21:45:27Z</time></trkpt>
<trkpt lat="45.353532" lon="-75.826079"><ele>28.0</ele><time>2024-07-09T21:45:28Z</time></trkpt>
<trkpt lat="45.353526" lon="-75.826061"><ele>28.0</ele><time>2024-07-09T21:45:29Z</time></trkpt>
<trkpt lat="45.353516" lon="-75.826034"><ele>29.0</ele><time>2024-07-09T21:45:30Z</time></trkpt>
<trkpt lat="45.35351" lon="-75.826007"><ele>29.0</ele><time>2024-07-09T21:45:31Z</time></trkpt>
<trkpt lat="45.3535" lon="-75.825989"><ele>29.0</ele><time>2024-07-09T21:45:32Z</time></trkpt>
<trkpt lat="45.353491" lon="-75.825962"><ele>29.0</ele><time>2024-07-09T21:45:33Z</time></trkpt>
<trkpt lat="45.353485" lon="-75.825935"><ele>29.0</ele><time>2024-07-09T21:45:34Z</time></trkpt>
<trkpt lat="45.353475" lon="-75.825908"><ele>29.0</ele><time>2024-07-09T21:45:35Z</time></trkpt>
<trkpt lat="45.353466" lon="-75.82589"><ele>29.0</ele><time>2024-07-09T21:45:36Z</time></trkpt>
<trkpt lat="45.353459" lon="-75.825863"><ele>29.0</ele><time>2024-07-09T21:45:37Z</time></trkpt>
<trkpt lat="45.353447" lon="-75.825836"><ele>29.0</ele><time>2024-07-09T21:45:38Z</time></trkpt>
<trkpt lat="45.35344" lon="-75.825809"><ele>29.0</ele><time>2024-07-09T21:45:39Z</time></trkpt>
<trkpt lat="45.353431" lon="-75.825791"><ele>29.0</ele><time>2024-07-09T21:45:40Z</time></trkpt>
<trkpt lat="45.353418" lon="-75.825773"><ele>28.0</ele><time>2024-07-09T21:45:41Z</time></trkpt>
<trkpt lat="45.353409" lon="-75.825746"><ele>29.0</ele><time>2024-07-09T21:45:42Z</time></trkpt>
<trkpt lat="45.353399" lon="-75.825728"><ele>28.0</ele><time>2024-07-09T21:45:43Z</time></trkpt>
<trkpt lat="45.35339" lon="-75.825701"><ele>28.0</ele><time>2024-07-09T21:45:44Z</time></trkpt>
<trkpt lat="45.353383" lon="-75.825683"><ele>28.0</ele><time>2024-07-09T21:45:45Z</time></trkpt>
<trkpt lat="45.353377" lon="-75.825656"><ele>28.0</ele><time>2024-07-09T21:45:46Z</time></trkpt>
<trkpt lat="45.353371" lon="-75.825629"><ele>29.0</ele><time>2024-07-09T21:45:47Z</time></trkpt>
<trkpt lat="45.353364" lon="-75.825602"><ele>29.0</ele><time>2024-07-09T21:45:48Z</time></trkpt>
<trkpt lat="45.353358" lon="-75.825585"><ele>29.0</ele><time>2024-07-09T21:45:49Z</time></trkpt>
<trkpt lat="45.353348" lon="-75.825558"><ele>29.0</ele><time>2024-07-09T21:45:50Z</time></trkpt>
<trkpt lat="45.353342" lon="-75.825531"><ele>29.0</ele><time>2024-07-09T21:45:51Z</time></trkpt>
<trkpt lat="45.353333" lon="-75.825504"><ele>29.0</ele><time>2024-07-09T21:45:52Z</time></trkpt>
<trkpt lat="45.353326" lon="-75.825486"><ele>29.0</ele><time>2024-07-09T21:45:53Z</time></trkpt>
<trkpt lat="45.353317" lon="-75.825459"><ele>29.0</ele><time>2024-07-09T21:45:54Z</time></trkpt>
<trkpt lat="45.35331" lon="-75.825432"><ele>28.0</ele><time>2024-07-09T21:45:55Z</time></trkpt>
<trkpt lat="45.353304" lon="-75.825414"><ele>28.0</ele><time>2024-07-09T21:45:56Z</time></trkpt>
<trkpt lat="45.353295" lon="-75.825387"><ele>29.0</ele><time>2024-07-09T21:45:57Z</time></trkpt>
<trkpt lat="45.353285" lon="-75.82536"><ele>28.0</ele><time>2024-07-09T21:45:58Z</time></trkpt>
<trkpt lat="45.353279" lon="-75.825342"><ele>28.0</ele><time>2024-07-09T21:45:59Z</time></trkpt>
<trkpt lat="45.353269" lon="-75.825315"><ele>28.0</ele><time>2024-07-09T21:46:00Z</time></trkpt>
<trkpt lat="45.353263" lon="-75.825288"><ele>28.0</ele><time>2024-07-09T21:46:01Z</time></trkpt>
<trkpt lat="45.353253" lon="-75.82527"><ele>28.0</ele><time>2024-07-09T21:46:02Z</time></trkpt>
<trkpt lat="45.353247" lon="-75.825243"><ele>28.0</ele><time>2024-07-09T21:46:03Z</time></trkpt>
<trkpt lat="45.353238" lon="-75.825216"><ele>28.0</ele><time>2024-07-09T21:46:04Z</time></trkpt>
<trkpt lat="45.353231" lon="-75.825198"><ele>28.0</ele><time>2024-07-09T21:46:05Z</time></trkpt>
<trkpt lat="45.353222" lon="-75.825171"><ele>28.0</ele><time>2024-07-09T21:46:06Z</time></trkpt>
<trkpt lat="45.353212" lon="-75.825153"><ele>28.0</ele><time>2024-07-09T21:46:07Z</time></trkpt>
<trkpt lat="45.353206" lon="-75.825126"><ele>28.0</ele><time>2024-07-09T21:46:08Z</time></trkpt>
<trkpt lat="45.353196" lon="-75.825108"><ele>28.0</ele><time>2024-07-09T21:46:09Z</time></trkpt>
<trkpt lat="45.353187" lon="-75.825081"><ele>28.0</ele><time>2024-07-09T21:46:10Z</time></trkpt>
<trkpt lat="45.353177" lon="-75.825064"><ele>28.0</ele><time>2024-07-09T21:46:11Z</time></trkpt>
<trkpt lat="45.353171" lon="-75.825037"><ele>28.0</ele><time>2024-07-09T21:46:12Z</time></trkpt>
<trkpt lat="45.353158" lon="-75.82501"><ele>27.0</ele><time>2024-07-09T21:46:13Z</time></trkpt>
<trkpt lat="45.353152" lon="-75.824992"><ele>28.0</ele><time>2024-07-09T21:46:14Z</time></trkpt>
<trkpt lat="45.353143" lon="-75.824956"><ele>27.0</ele><time>2024-07-09T21:46:15Z</time></trkpt>
<trkpt lat="45.353136" lon="-75.824929"><ele>28.0</ele><time>2024-07-09T21:46:16Z</time></trkpt>
<trkpt lat="45.353136" lon="-75.824911"><ele>27.0</ele><time>2024-07-09T21:46:17Z</time></trkpt>
<trkpt lat="45.353124" lon="-75.824884"><ele>27.0</ele><time>2024-07-09T21:46:18Z</time></trkpt>
<trkpt lat="45.353111" lon="-75.824866"><ele>27.0</ele><time>2024-07-09T21:46:19Z</time></trkpt>
<trkpt lat="45.353105" lon="-75.824839"><ele>27.0</ele><time>2024-07-09T21:46:20Z</time></trkpt>
<trkpt lat="45.353095" lon="-75.824821"><ele>27.0</ele><time>2024-07-09T21:46:21Z</time></trkpt>
<trkpt lat="45.353086" lon="-75.824794"><ele>27.0</ele><time>2024-07-09T21:46:22Z</time></trkpt>
<trkpt lat="45.353079" lon="-75.824776"><ele>27.0</ele><time>2024-07-09T21:46:23Z</time></trkpt>
<trkpt lat="45.35307" lon="-75.824749"><ele>27.0</ele><time>2024-07-09T21:46:24Z</time></trkpt>
<trkpt lat="45.35306" lon="-75.824722"><ele>27.0</ele><time>2024-07-09T21:46:25Z</time></trkpt>
<trkpt lat="45.353054" lon="-75.824704"><ele>27.0</ele><time>2024-07-09T21:46:26Z</time></trkpt>
<trkpt lat="45.353048" lon="-75.824677"><ele>28.0</ele><time>2024-07-09T21:46:27Z</time></trkpt>
<trkpt lat="45.353041" lon="-75.82465"><ele>27.0</ele><time>2024-07-09T21:46:28Z</time></trkpt>
<trkpt lat="45.353038" lon="-75.824632"><ele>27.0</ele><time>2024-07-09T21:46:29Z</time></trkpt>
<trkpt lat="45.353032" lon="-75.824605"><ele>27.0</ele><time>2024-07-09T21:46:30Z</time></trkpt>
<trkpt lat="45.353025" lon="-75.824578"><ele>27.0</ele><time>2024-07-09T21:46:31Z</time></trkpt>
<trkpt lat="45.353022" lon="-75.824551"><ele>27.0</ele><time>2024-07-09T21:46:32Z</time></trkpt>
<trkpt lat="45.353016" lon="-75.824534"><ele>27.0</ele><time>2024-07-09T21:46:33Z</time></trkpt>
<trkpt lat="45.353013" lon="-75.824507"><ele>27.0</ele><time>2024-07-09T21:46:34Z</time></trkpt>
<trkpt lat="45.353006" lon="-75.82448"><ele>27.0</ele><time>2024-07-09T21:46:35Z</time></trkpt>
<trkpt lat="45.353003" lon="-75.824453"><ele>26.0</ele><time>2024-07-09T21:46:36Z</time></trkpt>
<trkpt lat="45.353" lon="-75.824426"><ele>26.0</ele><time>2024-07-09T21:46:37Z</time></trkpt>
<trkpt lat="45.352997" lon="-75.82439"><ele>26.0</ele><time>2024-07-09T21:46:38Z</time></trkpt>
<trkpt lat="45.352997" lon="-75.824363"><ele>26.0</ele><time>2024-07-09T21:46:39Z</time></trkpt>
<trkpt lat="45.352997" lon="-75.824336"><ele>25.0</ele><time>2024-07-09T21:46:40Z</time></trkpt>
<trkpt lat="45.352997" lon="-75.8243"><ele>25.0</ele><time>2024-07-09T21:46:41Z</time></trkpt>
<trkpt lat="45.352997" lon="-75.824273"><ele>25.0</ele><time>2024-07-09T21:46:42Z</time></trkpt>
<trkpt lat="45.353" lon="-75.824237"><ele>25.0</ele><time>2024-07-09T21:46:43Z</time></trkpt>
<trkpt lat="45.353003" lon="-75.824201"><ele>24.0</ele><time>2024-07-09T21:46:44Z</time></trkpt>
<trkpt lat="45.353006" lon="-75.824174"><ele>24.0</ele><time>2024-07-09T21:46:45Z</time></trkpt>
<trkpt lat="45.353013" lon="-75.824138"><ele>24.0</ele><time>2024-07-09T21:46:46Z</time></trkpt>
<trkpt lat="45.353019" lon="-75.824102"><ele>24.0</ele><time>2024-07-09T21:46:47Z</time></trkpt>
<trkpt lat="45.353025" lon="-75.824075"><ele>24.0</ele><time>2024-07-09T21:46:48Z</time></trkpt>
<trkpt lat="45.353032" lon="-75.824039"><ele>24.0</ele><time>2024-07-09T21:46:49Z</time></trkpt>
<trkpt lat="45.353038" lon="-75.824004"><ele>24.0</ele><time>2024-07-09T21:46:50Z</time></trkpt>
<trkpt lat="45.353048" lon="-75.823968"><ele>24.0</ele><time>2024-07-09T21:46:51Z</time></trkpt>
<trkpt lat="45.353057" lon="-75.823932"><ele>24.0</ele><time>2024-07-09T21:46:52Z</time></trkpt>
<trkpt lat="45.353067" lon="-75.823905"><ele>24.0</ele><time>2024-07-09T21:46:53Z</time></trkpt>
<trkpt lat="45.353079" lon="-75.823869"><ele>24.0</ele><time>2024-07-09T21:46:54Z</time></trkpt>
<trkpt lat="45.353089" lon="-75.823842"><ele>24.0</ele><time>2024-07-09T21:46:55Z</time></trkpt>
<trkpt lat="45.353105" lon="-75.823806"><ele>23.0</ele><time>2024-07-09T21:46:56Z</time></trkpt>
<trkpt lat="45.353117" lon="-75.823779"><ele>23.0</ele><time>2024-07-09T21:46:57Z</time></trkpt>
<trkpt lat="45.353133" lon="-75.823752"><ele>24.0</ele><time>2024-07-09T21:46:58Z</time></trkpt>
<trkpt lat="45.353146" lon="-75.823716"><ele>24.0</ele><time>2024-07-09T21:46:59Z</time></trkpt>
<trkpt lat="45.353162" lon="-75.823689"><ele>23.0</ele><time>2024-07-09T21:47:00Z</time></trkpt>
<trkpt lat="45.353177" lon="-75.823662"><ele>23.0</ele><time>2024-07-09T21:47:01Z</time></trkpt>
<trkpt lat="45.353196" lon="-75.823635"><ele>23.0</ele><time>2024-07-09T21:47:02Z</time></trkpt>
<trkpt lat="45.353212" lon="-75.823608"><ele>23.0</ele><time>2024-07-09T21:47:03Z</time></trkpt>
<trkpt lat="45.353231" lon="-75.823581"><ele>23.0</ele><time>2024-07-09T21:47:04Z</time></trkpt>
<trkpt lat="45.353247" lon="-75.823554"><ele>23.0</ele><time>2024-07-09T21:47:05Z</time></trkpt>
<trkpt lat="45.353269" lon="-75.823527"><ele>23.0</ele><time>2024-07-09T21:47:06Z</time></trkpt>
<trkpt lat="45.353288" lon="-75.823509"><ele>23.0</ele><time>2024-07-09T21:47:07Z</time></trkpt>
<trkpt lat="45.353307" lon="-75.823483"><ele>23.0</ele><time>2024-07-09T21:47:08Z</time></trkpt>
<trkpt lat="45.353329" lon="-75.823465"><ele>22.0</ele><time>2024-07-09T21:47:09Z</time></trkpt>
<trkpt lat="45.353352" lon="-75.823447"><ele>22.0</ele><time>2024-07-09T21:47:10Z</time></trkpt>
<trkpt lat="45.353374" lon="-75.82342"><ele>22.0</ele><time>2024-07-09T21:47:11Z</time></trkpt>
<trkpt lat="45.353396" lon="-75.823402"><ele>22.0</ele><time>2024-07-09T21:47:12Z</time></trkpt>
<trkpt lat="45.353418" lon="-75.823384"><ele>22.0</ele><time>2024-07-09T21:47:13Z</time></trkpt>
<trkpt lat="45.35344" lon="-75.823375"><ele>22.0</ele><time>2024-07-09T21:47:14Z</time></trkpt>
<trkpt lat="45.353462" lon="-75.823357"><ele>22.0</ele><time>2024-07-09T21:47:15Z</time></trkpt>
<trkpt lat="45.353485" lon="-75.823339"><ele>22.0</ele><time>2024-07-09T21:47:16Z</time></trkpt>
<trkpt lat="45.35351" lon="-75.823321"><ele>22.0</ele><time>2024-07-09T21:47:17Z</time></trkpt>
<trkpt lat="45.353532" lon="-75.823303"><ele>22.0</ele><time>2024-07-09T21:47:18Z</time></trkpt>
<trkpt lat="45.353557" lon="-75.823285"><ele>22.0</ele><time>2024-07-09T21:47:19Z</time></trkpt>
<trkpt lat="45.35358" lon="-75.823276"><ele>22.0</ele><time>2024-07-09T21:47:20Z</time></trkpt>
<trkpt lat="45.353602" lon="-75.823258"><ele>22.0</ele><time>2024-07-09T21:47:21Z</time></trkpt>
<trkpt lat="45.353627" lon="-75.82324"><ele>22.0</ele><time>2024-07-09T21:47:22Z</time></trkpt>
<trkpt lat="45.353652" lon="-75.823222"><ele>22.0</ele><time>2024-07-09T21:47:23Z</time></trkpt>
<trkpt lat="45.353675" lon="-75.823213"><ele>22.0</ele><time>2024-07-09T21:47:24Z</time></trkpt>
<trkpt lat="45.3537" lon="-75.823195"><ele>22.0</ele><time>2024-07-09T21:47:25Z</time></trkpt>
<trkpt lat="45.353725" lon="-75.823186"><ele>22.0</ele><time>2024-07-09T21:47:26Z</time></trkpt>
<trkpt lat="45.353747" lon="-75.823168"><ele>22.0</ele><time>2024-07-09T21:47:27Z</time></trkpt>
<trkpt lat="45.353773" lon="-75.823159"><ele>22.0</ele><time>2024-07-09T21:47:28Z</time></trkpt>
<trkpt lat="45.353795" lon="-75.823141"><ele>22.0</ele><time>2024-07-09T21:47:29Z</time></trkpt>
<trkpt lat="45.35382" lon="-75.823132"><ele>22.0</ele><time>2024-07-09T21:47:30Z</time></trkpt>
<trkpt lat="45.353846" lon="-75.823114"><ele>22.0</ele><time>2024-07-09T21:47:31Z</time></trkpt>
<trkpt lat="45.353868" lon="-75.823105"><ele>22.0</ele><time>2024-07-09T21:47:32Z</time></trkpt>
<trkpt lat="45.353893" lon="-75.823096"><ele>22.0</ele><time>2024-07-09T21:47:33Z</time></trkpt>
<trkpt lat="45.353918" lon="-75.823078"><ele>22.0</ele><time>2024-07-09T21:47:34Z</time></trkpt>
<trkpt lat="45.353941" lon="-75.823069"><ele>22.0</ele><time>2024-07-09T21:47:35Z</time></trkpt>
<trkpt lat="45.353966" lon="-75.823051"><ele>22.0</ele><time>2024-07-09T21:47:36Z</time></trkpt>
<trkpt lat="45.353991" lon="-75.823042"><ele>22.0</ele><time>2024-07-09T21:47:37Z</time></trkpt>
<trkpt lat="45.354013" lon="-75.823033"><ele>22.0</ele><time>2024-07-09T21:47:38Z</time></trkpt>
<trkpt lat="45.354039" lon="-75.823024"><ele>23.0</ele><time>2024-07-09T21:47:39Z</time></trkpt>
<trkpt lat="45.354064" lon="-75.823006"><ele>23.0</ele><time>2024-07-09T21:47:40Z</time></trkpt>
<trkpt lat="45.354089" lon="-75.822997"><ele>23.0</ele><time>2024-07-09T21:47:41Z</time></trkpt>
<trkpt lat="45.354115" lon="-75.822988"><ele>23.0</ele><time>2024-07-09T21:47:42Z</time></trkpt>
<trkpt lat="45.354137" lon="-75.822979"><ele>23.0</ele><time>2024-07-09T21:47:43Z</time></trkpt>
<trkpt lat="45.354162" lon="-75.822962"><ele>23.0</ele><time>2024-07-09T21:47:44Z</time></trkpt>
<trkpt lat="45.354188" lon="-75.822953"><ele>23.0</ele><time>2024-07-09T21:47:45Z</time></trkpt>
<trkpt lat="45.354213" lon="-75.822944"><ele>23.0</ele><time>2024-07-09T21:47:46Z</time></trkpt>
<trkpt lat="45.354235" lon="-75.822935"><ele>23.0</ele><time>2024-07-09T21:47:47Z</time></trkpt>
<trkpt lat="45.35426" lon="-75.822926"><ele>23.0</ele><time>2024-07-09T21:47:48Z</time></trkpt>
<trkpt lat="45.354286" lon="-75.822917"><ele>23.0</ele><time>2024-07-09T21:47:49Z</time></trkpt>
<trkpt lat="45.354311" lon="-75.822908"><ele>23.0</ele><time>2024-07-09T21:47:50Z</time></trkpt>
<trkpt lat="45.354333" lon="-75.822899"><ele>23.0</ele><time>2024-07-09T21:47:51Z</time></trkpt>
<trkpt lat="45.354359" lon="-75.82289"><ele>23.0</ele><time>2024-07-09T21:47:52Z</time></trkpt>
<trkpt lat="45.354384" lon="-75.822881"><ele>23.0</ele><time>2024-07-09T21:47:53Z</time></trkpt>
<trkpt lat="45.354406" lon="-75.822872"><ele>23.0</ele><time>2024-07-09T21:47:54Z</time></trkpt>
<trkpt lat="45.354431" lon="-75.822863"><ele>22.0</ele><time>2024-07-09T21:47:55Z</time></trkpt>
<trkpt lat="45.354454" lon="-75.822854"><ele>23.0</ele><time>2024-07-09T21:47:56Z</time></trkpt>
<trkpt lat="45.354479" lon="-75.822845"><ele>22.0</ele><time>2024-07-09T21:47:57Z</time></trkpt>
<trkpt lat="45.354501" lon="-75.822827"><ele>22.0</ele><time>2024-07-09T21:47:58Z</time></trkpt>
<trkpt lat="45.354523" lon="-75.822818"><ele>22.0</ele><time>2024-07-09T21:47:59Z</time></trkpt>
<trkpt lat="45.354542" lon="-75.822809"><ele>23.0</ele><time>2024-07-09T21:48:00Z</time></trkpt>
<trkpt lat="45.354564" lon="-75.8228"><ele>23.0</ele><time>2024-07-09T21:48:01Z</time></trkpt>
<trkpt lat="45.354587" lon="-75.822791"><ele>23.0</ele><time>2024-07-09T21:48:02Z</time></trkpt>
<trkpt lat="45.354606" lon="-75.822782"><ele>23.0</ele><time>2024-07-09T21:48:03Z</time></trkpt>
<trkpt lat="45.354628" lon="-75.822764"><ele>23.0</ele><time>2024-07-09T21:48:04Z</time></trkpt>
<trkpt lat="45.354647" lon="-75.822755"><ele>23.0</ele><time>2024-07-09T21:48:05Z</time></trkpt>
<trkpt lat="45.354666" lon="-75.822737"><ele>23.0</ele><time>2024-07-09T21:48:06Z</time></trkpt>
<trkpt lat="45.354688" lon="-75.822728"><ele>23.0</ele><time>2024-07-09T21:48:07Z</time></trkpt>
<trkpt lat="45.354707" lon="-75.822719"><ele>23.0</ele><time>2024-07-09T21:48:08Z</time></trkpt>
<trkpt lat="45.354729" lon="-75.82271"><ele>23.0</ele><time>2024-07-09T21:48:09Z</time></trkpt>
<trkpt lat="45.354754" lon="-75.822701"><ele>23.0</ele><time>2024-07-09T21:48:10Z</time></trkpt>
<trkpt lat="45.354777" lon="-75.822692"><ele>23.0</ele><time>2024-07-09T21:48:11Z</time></trkpt>
<trkpt lat="45.354799" lon="-75.822692"><ele>23.0</ele><time>2024-07-09T21:48:12Z</time></trkpt>
<trkpt lat="45.354821" lon="-75.822683"><ele>23.0</ele><time>2024-07-09T21:48:13Z</time></trkpt>
<trkpt lat="45.354846" lon="-75.822674"><ele>23.0</ele><time>2024-07-09T21:48:14Z</time></trkpt>
<trkpt lat="45.354868" lon="-75.822665"><ele>24.0</ele><time>2024-07-09T21:48:15Z</time></trkpt>
<trkpt lat="45.354891" lon="-75.822656"><ele>24.0</ele><time>2024-07-09T21:48:16Z</time></trkpt>
<trkpt lat="45.354916" lon="-75.822638"><ele>24.0</ele><time>2024-07-09T21:48:17Z</time></trkpt>
<trkpt lat="45.354941" lon="-75.822629"><ele>24.0</ele><time>2024-07-09T21:48:18Z</time></trkpt>
<trkpt lat="45.354967" lon="-75.82262"><ele>24.0</ele><time>2024-07-09T21:48:19Z</time></trkpt>
<trkpt lat="45.354989" lon="-75.822611"><ele>24.0</ele><time>2024-07-09T21:48:20Z</time></trkpt>
<trkpt lat="45.355014" lon="-75.822602"><ele>24.0</ele><time>2024-07-09T21:48:21Z</time></trkpt>
<trkpt lat="45.355039" lon="-75.822593"><ele>24.0</ele><time>2024-07-09T21:48:22Z</time></trkpt>
<trkpt lat="45.355062" lon="-75.822584"><ele>24.0</ele><time>2024-07-09T21:48:23Z</time></trkpt>
<trkpt lat="45.355087" lon="-75.822575"><ele>24.0</ele><time>2024-07-09T21:48:24Z</time></trkpt>
<trkpt lat="45.355112" lon="-75.822566"><ele>24.0</ele><time>2024-07-09T21:48:25Z</time></trkpt>
<trkpt lat="45.355138" lon="-75.822557"><ele>24.0</ele><time>2024-07-09T21:48:26Z</time></trkpt>
<trkpt lat="45.355163" lon="-75.822548"><ele>24.0</ele><time>2024-07-09T21:48:27Z</time></trkpt>
<trkpt lat="45.355188" lon="-75.822539"><ele>24.0</ele><time>2024-07-09T21:48:28Z</time></trkpt>
<trkpt lat="45.355214" lon="-75.82253"><ele>24.0</ele><time>2024-07-09T21:48:29Z</time></trkpt>
<trkpt lat="45.355242" lon="-75.82253"><ele>24.0</ele><time>2024-07-09T21:48:30Z</time></trkpt>
<trkpt lat="45.355267" lon="-75.822521"><ele>24.0</ele><time>2024-07-09T21:48:31Z</time></trkpt>
<trkpt lat="45.355293" lon="-75.822512"><ele>24.0</ele><time>2024-07-09T21:48:32Z</time></trkpt>
<trkpt lat="45.355318" lon="-75.822512"><ele>25.0</ele><time>2024-07-09T21:48:33Z</time></trkpt>
<trkpt lat="45.35534" lon="-75.822503"><ele>25.0</ele><time>2024-07-09T21:48:34Z</time></trkpt>
<trkpt lat="45.355366" lon="-75.822494"><ele>25.0</ele><time>2024-07-09T21:48:35Z</time></trkpt>
<trkpt lat="45.355385" lon="-75.822485"><ele>25.0</ele><time>2024-07-09T21:48:36Z</time></trkpt>
<trkpt lat="45.35541" lon="-75.822476"><ele>25.0</ele><time>2024-07-09T21:48:37Z</time></trkpt>
<trkpt lat="45.355435" lon="-75.822467"><ele>25.0</ele><time>2024-07-09T21:48:38Z</time></trkpt>
<trkpt lat="45.355461" lon="-75.822467"><ele>25.0</ele><time>2024-07-09T21:48:39Z</time></trkpt>
<trkpt lat="45.355486" lon="-75.822458"><ele>25.0</ele><time>2024-07-09T21:48:40Z</time></trkpt>
<trkpt lat="45.355514" lon="-75.82245"><ele>25.0</ele><time>2024-07-09T21:48:41Z</time></trkpt>
<trkpt lat="45.35554" lon="-75.822441"><ele>25.0</ele><time>2024-07-09T21:48:42Z</time></trkpt>
<trkpt lat="45.355565" lon="-75.822441"><ele>24.0</ele><time>2024-07-09T21:48:43Z</time></trkpt>
<trkpt lat="45.35559" lon="-75.822432"><ele>24.0</ele><time>2024-07-09T21:48:44Z</time></trkpt>
<trkpt lat="45.355616" lon="-75.822423"><ele>24.0</ele><time>2024-07-09T21:48:45Z</time></trkpt>
<trkpt lat="45.355641" lon="-75.822414"><ele>24.0</ele><time>2024-07-09T21:48:46Z</time></trkpt>
<trkpt lat="45.355666" lon="-75.822414"><ele>25.0</ele><time>2024-07-09T21:48:47Z</time></trkpt>
<trkpt lat="45.355692" lon="-75.822405"><ele>24.0</ele><time>2024-07-09T21:48:48Z</time></trkpt>
<trkpt lat="45.35572" lon="-75.822405"><ele>24.0</ele><time>2024-07-09T21:48:49Z</time></trkpt>
<trkpt lat="45.355746" lon="-75.822405"><ele>25.0</ele><time>2024-07-09T21:48:50Z</time></trkpt>
<trkpt lat="45.355771" lon="-75.822396"><ele>25.0</ele><time>2024-07-09T21:48:51Z</time></trkpt>
<trkpt lat="45.355796" lon="-75.822387"><ele>25.0</ele><time>2024-07-09T21:48:52Z</time></trkpt>
<trkpt lat="45.355825" lon="-75.822387"><ele>25.0</ele><time>2024-07-09T21:48:53Z</time></trkpt>
<trkpt lat="45.355847" lon="-75.822378"><ele>25.0</ele><time>2024-07-09T21:48:54Z</time></trkpt>
<trkpt lat="45.355869" lon="-75.822369"><ele>25.0</ele><time>2024-07-09T21:48:55Z</time></trkpt>
<trkpt lat="45.355894" lon="-75.822369"><ele>25.0</ele><time>2024-07-09T21:48:56Z</time></trkpt>
<trkpt lat="45.35592" lon="-75.82236"><ele>25.0</ele><time>2024-07-09T21:48:57Z</time></trkpt>
<trkpt lat="45.355945" lon="-75.82236"><ele>25.0</ele><time>2024-07-09T21:48:58Z</time></trkpt>
<trkpt lat="45.35597" lon="-75.822351"><ele>25.0</ele><time>2024-07-09T21:48:59Z</time></trkpt>
<trkpt lat="45.355996" lon="-75.822342"><ele>25.0</ele><time>2024-07-09T21:49:00Z</time></trkpt>
<trkpt lat="45.356021" lon="-75.822333"><ele>25.0</ele><time>2024-07-09T21:49:01Z</time></trkpt>
<trkpt lat="45.356046" lon="-75.822324"><ele>25.0</ele><time>2024-07-09T21:49:02Z</time></trkpt>
<trkpt lat="45.356075" lon="-75.822315"><ele>25.0</ele><time>2024-07-09T21:49:03Z</time></trkpt>
<trkpt lat="45.3561" lon="-75.822315"><ele>25.0</ele><time>2024-07-09T21:49:04Z</time></trkpt>
<trkpt lat="45.356126" lon="-75.822306"><ele>25.0</ele><time>2024-07-09T21:49:05Z</time></trkpt>
<trkpt lat="45.356151" lon="-75.822297"><ele>25.0</ele><time>2024-07-09T21:49:06Z</time></trkpt>
<trkpt lat="45.356176" lon="-75.822288"><ele>25.0</ele><time>2024-07-09T21:49:07Z</time></trkpt>
<trkpt lat="45.356202" lon="-75.822288"><ele>25.0</ele><time>2024-07-09T21:49:08Z</time></trkpt>
<trkpt lat="45.356227" lon="-75.822279"><ele>25.0</ele><time>2024-07-09T21:49:09Z</time></trkpt>
<trkpt lat="45.356252" lon="-75.82227"><ele>25.0</ele><time>2024-07-09T21:49:10Z</time></trkpt>
<trkpt lat="45.356278" lon="-75.822261"><ele>25.0</ele><time>2024-07-09T21:49:11Z</time></trkpt>
<trkpt lat="45.356303" lon="-75.822261"><ele>25.0</ele><time>2024-07-09T21:49:12Z</time></trkpt>
<trkpt lat="45.356328" lon="-75.822252"><ele>25.0</ele><time>2024-07-09T21:49:13Z</time></trkpt>
<trkpt lat="45.356354" lon="-75.822243"><ele>25.0</ele><time>2024-07-09T21:49:14Z</time></trkpt>
<trkpt lat="45.356376" lon="-75.822243"><ele>25.0</ele><time>2024-07-09T21:49:15Z</time></trkpt>
<trkpt lat="45.356401" lon="-75.822234"><ele>25.0</ele><time>2024-07-09T21:49:16Z</time></trkpt>
<trkpt lat="45.356426" lon="-75.822225"><ele>25.0</ele><time>2024-07-09T21:49:17Z</time></trkpt>
<trkpt lat="45.356452" lon="-75.822225"><ele>25.0</ele><time>2024-07-09T21:49:18Z</time></trkpt>
<trkpt lat="45.356477" lon="-75.822216"><ele>25.0</ele><time>2024-07-09T21:49:19Z</time></trkpt>
<trkpt lat="45.356502" lon="-75.822207"><ele>25.0</ele><time>2024-07-09T21:49:20Z</time></trkpt>
<trkpt lat="45.356528" lon="-75.822207"><ele>25.0</ele><time>2024-07-09T21:49:21Z</time></trkpt>
<trkpt lat="45.356553" lon="-75.822198"><ele>25.0</ele><time>2024-07-09T21:49:22Z</time></trkpt>
<trkpt lat="45.356578" lon="-75.822189"><ele>25.0</ele><time>2024-07-09T21:49:23Z</time></trkpt>
<trkpt lat="45.356604" lon="-75.82218"><ele>25.0</ele><time>2024-07-09T21:49:24Z</time></trkpt>
<trkpt lat="45.356629" lon="-75.82218"><ele>25.0</ele><time>2024-07-09T21:49:25Z</time></trkpt>
<trkpt lat="45.356654" lon="-75.822171"><ele>25.0</ele><time>2024-07-09T21:49:26Z</time></trkpt>
<trkpt lat="45.35668" lon="-75.822162"><ele>25.0</ele><time>2024-07-09T21:49:27Z</time></trkpt>
<trkpt lat="45.356705" lon="-75.822153"><ele>25.0</ele><time>2024-07-09T21:49:28Z</time></trkpt>
<trkpt lat="45.35673" lon="-75.822153"><ele>25.0</ele><time>2024-07-09T21:49:29Z</time></trkpt>
<trkpt lat="45.356756" lon="-75.822144"><ele>25.0</ele><time>2024-07-09T21:49:30Z</time></trkpt>
<trkpt lat="45.356781" lon="-75.822144"><ele>24.0</ele><time>2024-07-09T21:49:31Z</time></trkpt>
<trkpt lat="45.356806" lon="-75.822135"><ele>25.0</ele><time>2024-07-09T21:49:32Z</time></trkpt>
<trkpt lat="45.356832" lon="-75.822126"><ele>24.0</ele><time>2024-07-09T21:49:33Z</time></trkpt>
<trkpt lat="45.356857" lon="-75.822117"><ele>24.0</ele><time>2024-07-09T21:49:34Z</time></trkpt>
<trkpt lat="45.356882" lon="-75.822108"><ele>24.0</ele><time>2024-07-09T21:49:35Z</time></trkpt>
<trkpt lat="45.356908" lon="-75.822099"><ele>24.0</ele><time>2024-07-09T21:49:36Z</time></trkpt>
<trkpt lat="45.356936" lon="-75.82209"><ele>24.0</ele><time>2024-07-09T21:49:37Z</time></trkpt>
<trkpt lat="45.356962" lon="-75.82209"><ele>24.0</ele><time>2024-07-09T21:49:38Z</time></trkpt>
<trkpt lat="45.356987" lon="-75.822081"><ele>24.0</ele><time>2024-07-09T21:49:39Z</time></trkpt>
<trkpt lat="45.357015" lon="-75.822081"><ele>24.0</ele><time>2024-07-09T21:49:40Z</time></trkpt>
<trkpt lat="45.357044" lon="-75.822072"><ele>25.0</ele><time>2024-07-09T21:49:41Z</time></trkpt>
<trkpt lat="45.357069" lon="-75.822063"><ele>25.0</ele><time>2024-07-09T21:49:42Z</time></trkpt>
<trkpt lat="45.357098" lon="-75.822054"><ele>25.0</ele><time>2024-07-09T21:49:43Z</time></trkpt>
<trkpt lat="45.357123" lon="-75.822054"><ele>25.0</ele><time>2024-07-09T21:49:44Z</time></trkpt>
<trkpt lat="45.357152" lon="-75.822045"><ele>25.0</ele><time>2024-07-09T21:49:45Z</time></trkpt>
<trkpt lat="45.357177" lon="-75.822036"><ele>25.0</ele><time>2024-07-09T21:49:46Z</time></trkpt>
<trkpt lat="45.357202" lon="-75.822036"><ele>25.0</ele><time>2024-07-09T21:49:47Z</time></trkpt>
<trkpt lat="45.357228" lon="-75.822027"><ele>25.0</ele><time>2024-07-09T21:49:48Z</time></trkpt>
<trkpt lat="45.357256" lon="-75.822027"><ele>25.0</ele><time>2024-07-09T21:49:49Z</time></trkpt>
<trkpt lat="45.357281" lon="-75.822027"><ele>25.0</ele><time>2024-07-09T21:49:50Z</time></trkpt>
<trkpt lat="45.357307" lon="-75.822027"><ele>25.0</ele><time>2024-07-09T21:49:51Z</time></trkpt>
<trkpt lat="45.357332" lon="-75.822018"><ele>25.0</ele><time>2024-07-09T21:49:52Z</time></trkpt>
<trkpt lat="45.357361" lon="-75.822018"><ele>26.0</ele><time>2024-07-09T21:49:53Z</time></trkpt>
<trkpt lat="45.357386" lon="-75.822009"><ele>26.0</ele><time>2024-07-09T21:49:54Z</time></trkpt>
<trkpt lat="45.357411" lon="-75.822009"><ele>26.0</ele><time>2024-07-09T21:49:55Z</time></trkpt>
<trkpt lat="45.35744" lon="-75.822009"><ele>26.0</ele><time>2024-07-09T21:49:56Z</time></trkpt>
<trkpt lat="45.357465" lon="-75.822"><ele>26.0</ele><time>2024-07-09T21:49:57Z</time></trkpt>
<trkpt lat="45.35749" lon="-75.822"><ele>26.0</ele><time>2024-07-09T21:49:58Z</time></trkpt>
<trkpt lat="45.357516" lon="-75.822"><ele>26.0</ele><time>2024-07-09T21:49:59Z</time></trkpt>
<trkpt lat="45.357544" lon="-75.822"><ele>26.0</ele><time>2024-07-09T21:50:00Z</time></trkpt>
<trkpt lat="45.35757" lon="-75.821991"><ele>26.0</ele><time>2024-07-09T21:50:01Z</time></trkpt>
<trkpt lat="45.357595" lon="-75.821991"><ele>26.0</ele><time>2024-07-09T21:50:02Z</time></trkpt>
<trkpt lat="45.35762" lon="-75.821991"><ele>26.0</ele><time>2024-07-09T21:50:03Z</time></trkpt>
<trkpt lat="45.357646" lon="-75.821991"><ele>26.0</ele><time>2024-07-09T21:50:04Z</time></trkpt>
<trkpt lat="45.357674" lon="-75.821991"><ele>26.0</ele><time>2024-07-09T21:50:05Z</time></trkpt>
<trkpt lat="45.357699" lon="-75.821982"><ele>26.0</ele><time>2024-07-09T21:50:06Z</time></trkpt>
<trkpt lat="45.357728" lon="-75.821982"><ele>26.0</ele><time>2024-07-09T21:50:07Z</time></trkpt>
<trkpt lat="45.357753" lon="-75.821982"><ele>26.0</ele><time>2024-07-09T21:50:08Z</time></trkpt>
<trkpt lat="45.357779" lon="-75.821973"><ele>26.0</ele><time>2024-07-09T21:50:09Z</time></trkpt>
<trkpt lat="45.357804" lon="-75.821973"><ele>26.0</ele><time>2024-07-09T21:50:10Z</time></trkpt>
<trkpt lat="45.357829" lon="-75.821973"><ele>26.0</ele><time>2024-07-09T21:50:11Z</time></trkpt>
<trkpt lat="45.357858" lon="-75.821973"><ele>27.0</ele><time>2024-07-09T21:50:12Z</time></trkpt>
<trkpt lat="45.357883" lon="-75.821964"><ele>27.0</ele><time>2024-07-09T21:50:13Z</time></trkpt>
<trkpt lat="45.357908" lon="-75.821964"><ele>27.0</ele><time>2024-07-09T21:50:14Z</time></trkpt>
<trkpt lat="45.357934" lon="-75.821964"><ele>27.0</ele><time>2024-07-09T21:50:15Z</time></trkpt>
<trkpt lat="45.357962" lon="-75.821964"><ele>27.0</ele><time>2024-07-09T21:50:16Z</time></trkpt>
<trkpt lat="45.357988" lon="-75.821955"><ele>27.0</ele><time>2024-07-09T21:50:17Z</time></trkpt>
<trkpt lat="45.358013" lon="-75.821955"><ele>27.0</ele><time>2024-07-09T21:50:18Z</time></trkpt>
<trkpt lat="45.358041" lon="-75.821955"><ele>27.0</ele><time>2024-07-09T21:50:19Z</time></trkpt>
<trkpt lat="45.358067" lon="-75.821955"><ele>27.0</ele><time>2024-07-09T21:50:20Z</time></trkpt>
<trkpt lat="45.358092" lon="-75.821955"><ele>27.0</ele><time>2024-07-09T21:50:21Z</time></trkpt>
<trkpt lat="45.358117" lon="-75.821955"><ele>26.0</ele><time>2024-07-09T21:50:22Z</time></trkpt>
<trkpt lat="45.358146" lon="-75.821955"><ele>26.0</ele><time>2024-07-09T21:50:23Z</time></trkpt>
<trkpt lat="45.358171" lon="-75.821955"><ele>26.0</ele><time>2024-07-09T21:50:24Z</time></trkpt>
<trkpt lat="45.358197" lon="-75.821955"><ele>26.0</ele><time>2024-07-09T21:50:25Z</time></trkpt>
<trkpt lat="45.358225" lon="-75.821964"><ele>26.0</ele><time>2024-07-09T21:50:26Z</time></trkpt>
<trkpt lat="45.35825" lon="-75.821964"><ele>26.0</ele><time>2024-07-09T21:50:27Z</time></trkpt>
<trkpt lat="45.358279" lon="-75.821964"><ele>27.0</ele><time>2024-07-09T21:50:28Z</time></trkpt>
<trkpt lat="45.358304" lon="-75.821964"><ele>26.0</ele><time>2024-07-09T21:50:29Z</time></trkpt>
<trkpt lat="45.35833" lon="-75.821964"><ele>26.0</ele><time>2024-07-09T21:50:30Z</time></trkpt>
<trkpt lat="45.358358" lon="-75.821973"><ele>26.0</ele><time>2024-07-09T21:50:31Z</time></trkpt>
<trkpt lat="45.358383" lon="-75.821973"><ele>26.0</ele><time>2024-07-09T21:50:32Z</time></trkpt>
<trkpt lat="45.358412" lon="-75.821973"><ele>26.0</ele><time>2024-07-09T21:50:33Z</time></trkpt>
<trkpt lat="45.358437" lon="-75.821982"><ele>26.0</ele><time>2024-07-09T21:50:34Z</time></trkpt>
<trkpt lat="45.358463" lon="-75.821982"><ele>26.0</ele><time>2024-07-09T21:50:35Z</time></trkpt>
<trkpt lat="45.358491" lon="-75.821991"><ele>26.0</ele><time>2024-07-09T21:50:36Z</time></trkpt>
<trkpt lat="45.358516" lon="-75.821991"><ele>26.0</ele><time>2024-07-09T21:50:37Z</time></trkpt>
<trkpt lat="45.358545" lon="-75.821991"><ele>25.0</ele><time>2024-07-09T21:50:38Z</time></trkpt>
<trkpt lat="45.35857" lon="-75.822"><ele>25.0</ele><time>2024-07-09T21:50:39Z</time></trkpt>
<trkpt lat="45.358596" lon="-75.822"><ele>25.0</ele><time>2024-07-09T21:50:40Z</time></trkpt>
<trkpt lat="45.358624" lon="-75.822009"><ele>25.0</ele><time>2024-07-09T21:50:41Z</time></trkpt>
<trkpt lat="45.358649" lon="-75.822018"><ele>25.0</ele><time>2024-07-09T21:50:42Z</time></trkpt>
<trkpt lat="45.358675" lon="-75.822018"><ele>25.0</ele><time>2024-07-09T21:50:43Z</time></trkpt>
<trkpt lat="45.3587" lon="-75.822027"><ele>25.0</ele><time>2024-07-09T21:50:44Z</time></trkpt>
<trkpt lat="45.358729" lon="-75.822036"><ele>25.0</ele><time>2024-07-09T21:50:45Z</time></trkpt>
<trkpt lat="45.358754" lon="-75.822036"><ele>25.0</ele><time>2024-07-09T21:50:46Z</time></trkpt>
<trkpt lat="45.358779" lon="-75.822045"><ele>26.0</ele><time>2024-07-09T21:50:47Z</time></trkpt>
<trkpt lat="45.358808" lon="-75.822054"><ele>26.0</ele><time>2024-07-09T21:50:48Z</time></trkpt>
<trkpt lat="45.358833" lon="-75.822063"><ele>26.0</ele><time>2024-07-09T21:50:49Z</time></trkpt>
<trkpt lat="45.358858" lon="-75.822072"><ele>26.0</ele><time>2024-07-09T21:50:50Z</time></trkpt>
<trkpt lat="45.358887" lon="-75.822072"><ele>26.0</ele><time>2024-07-09T21:50:51Z</time></trkpt>
<trkpt lat="45.358912" lon="-75.822081"><ele>26.0</ele><time>2024-07-09T21:50:52Z</time></trkpt>
<trkpt lat="45.358938" lon="-75.82209"><ele>26.0</ele><time>2024-07-09T21:50:53Z</time></trkpt>
<trkpt lat="45.358963" lon="-75.822099"><ele>26.0</ele><time>2024-07-09T21:50:54Z</time></trkpt>
<trkpt lat="45.358991" lon="-75.822099"><ele>26.0</ele><time>2024-07-09T21:50:55Z</time></trkpt>
<trkpt lat="45.359017" lon="-75.822108"><ele>26.0</ele><time>2024-07-09T21:50:56Z</time></trkpt>
<trkpt lat="45.359042" lon="-75.822117"><ele>26.0</ele><time>2024-07-09T21:50:57Z</time></trkpt>
<trkpt lat="45.359064" lon="-75.822126"><ele>26.0</ele><time>2024-07-09T21:50:58Z</time></trkpt>
<trkpt lat="45.35909" lon="-75.822135"><ele>26.0</ele><time>2024-07-09T21:50:59Z</time></trkpt>
<trkpt lat="45.359115" lon="-75.822144"><ele>26.0</ele><time>2024-07-09T21:51:00Z</time></trkpt>
<trkpt lat="45.35914" lon="-75.822153"><ele>26.0</ele><time>2024-07-09T21:51:01Z</time></trkpt>
<trkpt lat="45.359166" lon="-75.822162"><ele>26.0</ele><time>2024-07-09T21:51:02Z</time></trkpt>
<trkpt lat="45.359191" lon="-75.822171"><ele>26.0</ele><time>2024-07-09T21:51:03Z</time></trkpt>
<trkpt lat="45.359216" lon="-75.82218"><ele>26.0</ele><time>2024-07-09T21:51:04Z</time></trkpt>
<trkpt lat="45.359242" lon="-75.822189"><ele>27.0</ele><time>2024-07-09T21:51:05Z</time></trkpt>
<trkpt lat="45.359267" lon="-75.822198"><ele>27.0</ele><time>2024-07-09T21:51:06Z</time></trkpt>
<trkpt lat="45.359292" lon="-75.822207"><ele>27.0</ele><time>2024-07-09T21:51:07Z</time></trkpt>
<trkpt lat="45.359318" lon="-75.822225"><ele>27.0</ele><time>2024-07-09T21:51:08Z</time></trkpt>
<trkpt lat="45.35934" lon="-75.822234"><ele>27.0</ele><time>2024-07-09T21:51:09Z</time></trkpt>
<trkpt lat="45.359365" lon="-75.822243"><ele>27.0</ele><time>2024-07-09T21:51:10Z</time></trkpt>
<trkpt lat="45.35939" lon="-75.822252"><ele>27.0</ele><time>2024-07-09T21:51:11Z</time></trkpt>
<trkpt lat="45.359416" lon="-75.822261"><ele>27.0</ele><time>2024-07-09T21:51:12Z</time></trkpt>
<trkpt lat="45.359441" lon="-75.82227"><ele>27.0</ele><time>2024-07-09T21:51:13Z</time></trkpt>
<trkpt lat="45.359466" lon="-75.822279"><ele>27.0</ele><time>2024-07-09T21:51:14Z</time></trkpt>
<trkpt lat="45.359492" lon="-75.822297"><ele>27.0</ele><time>2024-07-09T21:51:15Z</time></trkpt>
<trkpt lat="45.359517" lon="-75.822306"><ele>27.0</ele><time>2024-07-09T21:51:16Z</time></trkpt>
<trkpt lat="45.359542" lon="-75.822315"><ele>27.0</ele><time>2024-07-09T21:51:17Z</time></trkpt>
<trkpt lat="45.359565" lon="-75.822324"><ele>27.0</ele><time>2024-07-09T21:51:18Z</time></trkpt>
<trkpt lat="45.35959" lon="-75.822333"><ele>27.0</ele><time>2024-07-09T21:51:19Z</time></trkpt>
<trkpt lat="45.359615" lon="-75.822342"><ele>27.0</ele><time>2024-07-09T21:51:20Z</time></trkpt>
<trkpt lat="45.359644" lon="-75.822342"><ele>27.0</ele><time>2024-07-09T21:51:21Z</time></trkpt>
<trkpt lat="45.359669" lon="-75.822351"><ele>26.0</ele><time>2024-07-09T21:51:22Z</time></trkpt>
<trkpt lat="45.359691" lon="-75.82236"><ele>26.0</ele><time>2024-07-09T21:51:23Z</time></trkpt>
<trkpt lat="45.35972" lon="-75.822369"><ele>26.0</ele><time>2024-07-09T21:51:24Z</time></trkpt>
<trkpt lat="45.359745" lon="-75.822378"><ele>26.0</ele><time>2024-07-09T21:51:25Z</time></trkpt>
<trkpt lat="45.359767" lon="-75.822378"><ele>26.0</ele><time>2024-07-09T21:51:26Z</time></trkpt>
<trkpt lat="45.359792" lon="-75.822387"><ele>26.0</ele><time>2024-07-09T21:51:27Z</time></trkpt>
<trkpt lat="45.359818" lon="-75.822405"><ele>27.0</ele><time>2024-07-09T21:51:28Z</time></trkpt>
<trkpt lat="45.359843" lon="-75.822414"><ele>27.0</ele><time>2024-07-09T21:51:29Z</time></trkpt>
<trkpt lat="45.359868" lon="-75.822423"><ele>27.0</ele><time>2024-07-09T21:51:30Z</time></trkpt>
<trkpt lat="45.359891" lon="-75.822432"><ele>26.0</ele><time>2024-07-09T21:51:31Z</time></trkpt>
<trkpt lat="45.359916" lon="-75.82245"><ele>26.0</ele><time>2024-07-09T21:51:32Z</time></trkpt>
<trkpt lat="45.359941" lon="-75.822458"><ele>26.0</ele><time>2024-07-09T21:51:33Z</time></trkpt>
<trkpt lat="45.359963" lon="-75.822467"><ele>26.0</ele><time>2024-07-09T21:51:34Z</time></trkpt>
<trkpt lat="45.359989" lon="-75.822485"><ele>26.0</ele><time>2024-07-09T21:51:35Z</time></trkpt>
<trkpt lat="45.360014" lon="-75.822494"><ele>26.0</ele><time>2024-07-09T21:51:36Z</time></trkpt>
<trkpt lat="45.360039" lon="-75.822503"><ele>26.0</ele><time>2024-07-09T21:51:37Z</time></trkpt>
<trkpt lat="45.360062" lon="-75.822512"><ele>26.0</ele><time>2024-07-09T21:51:38Z</time></trkpt>
<trkpt lat="45.360084" lon="-75.82253"><ele>26.0</ele><time>2024-07-09T21:51:39Z</time></trkpt>
<trkpt lat="45.360109" lon="-75.822539"><ele>26.0</ele><time>2024-07-09T21:51:40Z</time></trkpt>
<trkpt lat="45.360134" lon="-75.822548"><ele>26.0</ele><time>2024-07-09T21:51:41Z</time></trkpt>
<trkpt lat="45.36016" lon="-75.822557"><ele>26.0</ele><time>2024-07-09T21:51:42Z</time></trkpt>
<trkpt lat="45.360185" lon="-75.822566"><ele>26.0</ele><time>2024-07-09T21:51:43Z</time></trkpt>
<trkpt lat="45.36021" lon="-75.822575"><ele>26.0</ele><time>2024-07-09T21:51:44Z</time></trkpt>
<trkpt lat="45.360233" lon="-75.822593"><ele>26.0</ele><time>2024-07-09T21:51:45Z</time></trkpt>
<trkpt lat="45.360258" lon="-75.822602"><ele>26.0</ele><time>2024-07-09T21:51:46Z</time></trkpt>
<trkpt lat="45.360283" lon="-75.822611"><ele>26.0</ele><time>2024-07-09T21:51:47Z</time></trkpt>
<trkpt lat="45.360309" lon="-75.82262"><ele>26.0</ele><time>2024-07-09T21:51:48Z</time></trkpt>
<trkpt lat="45.360334" lon="-75.822629"><ele>26.0</ele><time>2024-07-09T21:51:49Z</time></trkpt>
<trkpt lat="45.360359" lon="-75.822647"><ele>26.0</ele><time>2024-07-09T21:51:50Z</time></trkpt>
<trkpt lat="45.360381" lon="-75.822656"><ele>26.0</ele><time>2024-07-09T21:51:51Z</time></trkpt>
<trkpt lat="45.360407" lon="-75.822665"><ele>26.0</ele><time>2024-07-09T21:51:52Z</time></trkpt>
<trkpt lat="45.360432" lon="-75.822674"><ele>26.0</ele><time>2024-07-09T21:51:53Z</time></trkpt>
<trkpt lat="45.360457" lon="-75.822692"><ele>26.0</ele><time>2024-07-09T21:51:54Z</time></trkpt>
<trkpt lat="45.360483" lon="-75.822701"><ele>26.0</ele><time>2024-07-09T21:51:55Z</time></trkpt>
<trkpt lat="45.360508" lon="-75.82271"><ele>26.0</ele><time>2024-07-09T21:51:56Z</time></trkpt>
<trkpt lat="45.360533" lon="-75.822719"><ele>26.0</ele><time>2024-07-09T21:51:57Z</time></trkpt>
<trkpt lat="45.360556" lon="-75.822728"><ele>26.0</ele><time>2024-07-09T21:51:58Z</time></trkpt>
<trkpt lat="45.360581" lon="-75.822737"><ele>26.0</ele><time>2024-07-09T21:51:59Z</time></trkpt>
<trkpt lat="45.360606" lon="-75.822746"><ele>26.0</ele><time>2024-07-09T21:52:00Z</time></trkpt>
<trkpt lat="45.360632" lon="-75.822764"><ele>26.0</ele><time>2024-07-09T21:52:01Z</time></trkpt>
<trkpt lat="45.360657" lon="-75.822773"><ele>26.0</ele><time>2024-07-09T21:52:02Z</time></trkpt>
<trkpt lat="45.360682" lon="-75.822782"><ele>26.0</ele><time>2024-07-09T21:52:03Z</time></trkpt>
<trkpt lat="45.360708" lon="-75.822791"><ele>26.0</ele><time>2024-07-09T21:52:04Z</time></trkpt>
<trkpt lat="45.36073" lon="-75.8228"><ele>26.0</ele><time>2024-07-09T21:52:05Z</time></trkpt>
<trkpt lat="45.360755" lon="-75.822809"><ele>26.0</ele><time>2024-07-09T21:52:06Z</time></trkpt>
<trkpt lat="45.36078" lon="-75.822818"><ele>26.0</ele><time>2024-07-09T21:52:07Z</time></trkpt>
<trkpt lat="45.360806" lon="-75.822827"><ele>26.0</ele><time>2024-07-09T21:52:08Z</time></trkpt>
<trkpt lat="45.360831" lon="-75.822836"><ele>26.0</ele><time>2024-07-09T21:52:09Z</time></trkpt>
<trkpt lat="45.360856" lon="-75.822854"><ele>26.0</ele><time>2024-07-09T21:52:10Z</time></trkpt>
<trkpt lat="45.360882" lon="-75.822863"><ele>26.0</ele><time>2024-07-09T21:52:11Z</time></trkpt>
<trkpt lat="45.360904" lon="-75.822872"><ele>26.0</ele><time>2024-07-09T21:52:12Z</time></trkpt>
<trkpt lat="45.360929" lon="-75.822881"><ele>26.0</ele><time>2024-07-09T21:52:13Z</time></trkpt>
<trkpt lat="45.360955" lon="-75.82289"><ele>26.0</ele><time>2024-07-09T21:52:14Z</time></trkpt>
<trkpt lat="45.36098" lon="-75.822899"><ele>26.0</ele><time>2024-07-09T21:52:15Z</time></trkpt>
<trkpt lat="45.361005" lon="-75.822908"><ele>26.0</ele><time>2024-07-09T21:52:16Z</time></trkpt>
<trkpt lat="45.361031" lon="-75.822926"><ele>26.0</ele><time>2024-07-09T21:52:17Z</time></trkpt>
<trkpt lat="45.361053" lon="-75.822935"><ele>26.0</ele><time>2024-07-09T21:52:18Z</time></trkpt>
<trkpt lat="45.361078" lon="-75.822944"><ele>26.0</ele><time>2024-07-09T21:52:19Z</time></trkpt>
<trkpt lat="45.361103" lon="-75.822962"><ele>26.0</ele><time>2024-07-09T21:52:20Z</time></trkpt>
<trkpt lat="45.361126" lon="-75.822971"><ele>26.0</ele><time>2024-07-09T21:52:21Z</time></trkpt>
<trkpt lat="45.361151" lon="-75.822979"><ele>26.0</ele><time>2024-07-09T21:52:22Z</time></trkpt>
<trkpt lat="45.361176" lon="-75.822997"><ele>26.0</ele><time>2024-07-09T21:52:23Z</time></trkpt>
<trkpt lat="45.361202" lon="-75.823006"><ele>26.0</ele><time>2024-07-09T21:52:24Z</time></trkpt>
<trkpt lat="45.361224" lon="-75.823015"><ele>26.0</ele><time>2024-07-09T21:52:25Z</time></trkpt>
<trkpt lat="45.361249" lon="-75.823033"><ele>26.0</ele><time>2024-07-09T21:52:26Z</time></trkpt>
<trkpt lat="45.361274" lon="-75.823042"><ele>26.0</ele><time>2024-07-09T21:52:27Z</time></trkpt>
<trkpt lat="45.3613" lon="-75.823051"><ele>26.0</ele><time>2024-07-09T21:52:28Z</time></trkpt>
<trkpt lat="45.361322" lon="-75.82306"><ele>25.0</ele><time>2024-07-09T21:52:29Z</time></trkpt>
<trkpt lat="45.361347" lon="-75.823078"><ele>25.0</ele><time>2024-07-09T21:52:30Z</time></trkpt>
<trkpt lat="45.361369" lon="-75.823096"><ele>25.0</ele><time>2024-07-09T21:52:31Z</time></trkpt>
<trkpt lat="45.361395" lon="-75.823105"><ele>26.0</ele><time>2024-07-09T21:52:32Z</time></trkpt>
<trkpt lat="45.361417" lon="-75.823123"><ele>26.0</ele><time>2024-07-09T21:52:33Z</time></trkpt>
<trkpt lat="45.361442" lon="-75.823132"><ele>26.0</ele><time>2024-07-09T21:52:34Z</time></trkpt>
<trkpt lat="45.361464" lon="-75.82315"><ele>26.0</ele><time>2024-07-09T21:52:35Z</time></trkpt>
<trkpt lat="45.36149" lon="-75.823159"><ele>26.0</ele><time>2024-07-09T21:52:36Z</time></trkpt>
<trkpt lat="45.361512" lon="-75.823177"><ele>25.0</ele><time>2024-07-09T21:52:37Z</time></trkpt>
<trkpt lat="45.361537" lon="-75.823186"><ele>26.0</ele><time>2024-07-09T21:52:38Z</time></trkpt>
<trkpt lat="45.361563" lon="-75.823195"><ele>26.0</ele><time>2024-07-09T21:52:39Z</time></trkpt>
<trkpt lat="45.361585" lon="-75.823213"><ele>26.0</ele><time>2024-07-09T21:52:40Z</time></trkpt>
<trkpt lat="45.36161" lon="-75.823222"><ele>26.0</ele><time>2024-07-09T21:52:41Z</time></trkpt>
<trkpt lat="45.361632" lon="-75.823231"><ele>26.0</ele><time>2024-07-09T21:52:42Z</time></trkpt>
<trkpt lat="45.361657" lon="-75.823249"><ele>26.0</ele><time>2024-07-09T21:52:43Z</time></trkpt>
<trkpt lat="45.361683" lon="-75.823258"><ele>26.0</ele><time>2024-07-09T21:52:44Z</time></trkpt>
<trkpt lat="45.361705" lon="-75.823276"><ele>26.0</ele><time>2024-07-09T21:52:45Z</time></trkpt>
<trkpt lat="45.36173" lon="-75.823285"><ele>26.0</ele><time>2024-07-09T21:52:46Z</time></trkpt>
<trkpt lat="45.361756" lon="-75.823303"><ele>25.0</ele><time>2024-07-09T21:52:47Z</time></trkpt>
<trkpt lat="45.361778" lon="-75.823321"><ele>26.0</ele><time>2024-07-09T21:52:48Z</time></trkpt>
<trkpt lat="45.3618" lon="-75.823339"><ele>26.0</ele><time>2024-07-09T21:52:49Z</time></trkpt>
<trkpt lat="45.361825" lon="-75.823348"><ele>26.0</ele><time>2024-07-09T21:52:50Z</time></trkpt>
<trkpt lat="45.361847" lon="-75.823357"><ele>25.0</ele><time>2024-07-09T21:52:51Z</time></trkpt>
<trkpt lat="45.361873" lon="-75.823366"><ele>25.0</ele><time>2024-07-09T21:52:52Z</time></trkpt>
<trkpt lat="45.361895" lon="-75.823384"><ele>25.0</ele><time>2024-07-09T21:52:53Z</time></trkpt>
<trkpt lat="45.36192" lon="-75.823393"><ele>25.0</ele><time>2024-07-09T21:52:54Z</time></trkpt>
<trkpt lat="45.361946" lon="-75.823411"><ele>25.0</ele><time>2024-07-09T21:52:55Z</time></trkpt>
<trkpt lat="45.361968" lon="-75.82342"><ele>25.0</ele><time>2024-07-09T21:52:56Z</time></trkpt>
<trkpt lat="45.361993" lon="-75.823438"><ele>25.0</ele><time>2024-07-09T21:52:57Z</time></trkpt>
<trkpt lat="45.362018" lon="-75.823447"><ele>25.0</ele><time>2024-07-09T21:52:58Z</time></trkpt>
<trkpt lat="45.362041" lon="-75.823465"><ele>25.0</ele><time>2024-07-09T21:52:59Z</time></trkpt>
<trkpt lat="45.362066" lon="-75.823474"><ele>25.0</ele><time>2024-07-09T21:53:00Z</time></trkpt>
<trkpt lat="45.362088" lon="-75.823492"><ele>25.0</ele><time>2024-07-09T21:53:01Z</time></trkpt>
<trkpt lat="45.362117" lon="-75.823509"><ele>25.0</ele><time>2024-07-09T21:53:02Z</time></trkpt>
<trkpt lat="45.362139" lon="-75.823518"><ele>25.0</ele><time>2024-07-09T21:53:03Z</time></trkpt>
<trkpt lat="45.362167" lon="-75.823527"><ele>24.0</ele><time>2024-07-09T21:53:04Z</time></trkpt>
<trkpt lat="45.362189" lon="-75.823536"><ele>24.0</ele><time>2024-07-09T21:53:05Z</time></trkpt>
<trkpt lat="45.362215" lon="-75.823545"><ele>24.0</ele><time>2024-07-09T21:53:06Z</time></trkpt>
<trkpt lat="45.362237" lon="-75.823563"><ele>24.0</ele><time>2024-07-09T21:53:07Z</time></trkpt>
<trkpt lat="45.362262" lon="-75.823581"><ele>24.0</ele><time>2024-07-09T21:53:08Z</time></trkpt>
<trkpt lat="45.362284" lon="-75.823599"><ele>24.0</ele><time>2024-07-09T21:53:09Z</time></trkpt>
<trkpt lat="45.36231" lon="-75.823608"><ele>24.0</ele><time>2024-07-09T21:53:10Z</time></trkpt>
<trkpt lat="45.362332" lon="-75.823617"><ele>23.0</ele><time>2024-07-09T21:53:11Z</time></trkpt>
<trkpt lat="45.362357" lon="-75.823635"><ele>23.0</ele><time>2024-07-09T21:53:12Z</time></trkpt>
<trkpt lat="45.362379" lon="-75.823644"><ele>23.0</ele><time>2024-07-09T21:53:13Z</time></trkpt>
<trkpt lat="45.362402" lon="-75.823662"><ele>23.0</ele><time>2024-07-09T21:53:14Z</time></trkpt>
<trkpt lat="45.362427" lon="-75.82368"><ele>23.0</ele><time>2024-07-09T21:53:15Z</time></trkpt>
<trkpt lat="45.362449" lon="-75.823698"><ele>23.0</ele><time>2024-07-09T21:53:16Z</time></trkpt>
<trkpt lat="45.362471" lon="-75.823716"><ele>23.0</ele><time>2024-07-09T21:53:17Z</time></trkpt>
<trkpt lat="45.362493" lon="-75.823725"><ele>23.0</ele><time>2024-07-09T21:53:18Z</time></trkpt>
<trkpt lat="45.362516" lon="-75.823743"><ele>23.0</ele><time>2024-07-09T21:53:19Z</time></trkpt>
<trkpt lat="45.362538" lon="-75.823761"><ele>23.0</ele><time>2024-07-09T21:53:20Z</time></trkpt>
<trkpt lat="45.36256" lon="-75.82377"><ele>23.0</ele><time>2024-07-09T21:53:21Z</time></trkpt>
<trkpt lat="45.362582" lon="-75.823788"><ele>24.0</ele><time>2024-07-09T21:53:22Z</time></trkpt>
<trkpt lat="45.362604" lon="-75.823806"><ele>24.0</ele><time>2024-07-09T21:53:23Z</time></trkpt>
<trkpt lat="45.362626" lon="-75.823824"><ele>24.0</ele><time>2024-07-09T21:53:24Z</time></trkpt>
<trkpt lat="45.362649" lon="-75.823833"><ele>24.0</ele><time>2024-07-09T21:53:25Z</time></trkpt>
<trkpt lat="45.362668" lon="-75.823851"><ele>24.0</ele><time>2024-07-09T21:53:26Z</time></trkpt>
<trkpt lat="45.362693" lon="-75.823869"><ele>24.0</ele><time>2024-07-09T21:53:27Z</time></trkpt>
<trkpt lat="45.362715" lon="-75.823887"><ele>24.0</ele><time>2024-07-09T21:53:28Z</time></trkpt>
<trkpt lat="45.362737" lon="-75.823905"><ele>24.0</ele><time>2024-07-09T21:53:29Z</time></trkpt>
<trkpt lat="45.362759" lon="-75.823914"><ele>24.0</ele><time>2024-07-09T21:53:30Z</time></trkpt>
<trkpt lat="45.362782" lon="-75.823932"><ele>24.0</ele><time>2024-07-09T21:53:31Z</time></trkpt>
<trkpt lat="45.362804" lon="-75.82395"><ele>23.0</ele><time>2024-07-09T21:53:32Z</time></trkpt>
<trkpt lat="45.362826" lon="-75.823968"><ele>23.0</ele><time>2024-07-09T21:53:33Z</time></trkpt>
<trkpt lat="45.362848" lon="-75.823977"><ele>24.0</ele><time>2024-07-09T21:53:34Z</time></trkpt>
<trkpt lat="45.36287" lon="-75.823995"><ele>24.0</ele><time>2024-07-09T21:53:35Z</time></trkpt>
<trkpt lat="45.362892" lon="-75.824013"><ele>24.0</ele><time>2024-07-09T21:53:36Z</time></trkpt>
<trkpt lat="45.362911" lon="-75.82403"><ele>24.0</ele><time>2024-07-09T21:53:37Z</time></trkpt>
<trkpt lat="45.362934" lon="-75.824048"><ele>24.0</ele><time>2024-07-09T21:53:38Z</time></trkpt>
<trkpt lat="45.362956" lon="-75.824066"><ele>24.0</ele><time>2024-07-09T21:53:39Z</time></trkpt>
<trkpt lat="45.362978" lon="-75.824084"><ele>24.0</ele><time>2024-07-09T21:53:40Z</time></trkpt>
<trkpt lat="45.363" lon="-75.824102"><ele>24.0</ele><time>2024-07-09T21:53:41Z</time></trkpt>
<trkpt lat="45.363019" lon="-75.82412"><ele>24.0</ele><time>2024-07-09T21:53:42Z</time></trkpt>
<trkpt lat="45.363041" lon="-75.824147"><ele>24.0</ele><time>2024-07-09T21:53:43Z</time></trkpt>
<trkpt lat="45.363063" lon="-75.824165"><ele>24.0</ele><time>2024-07-09T21:53:44Z</time></trkpt>
<trkpt lat="45.363085" lon="-75.824183"><ele>24.0</ele><time>2024-07-09T21:53:45Z</time></trkpt>
<trkpt lat="45.363104" lon="-75.824201"><ele>24.0</ele><time>2024-07-09T21:53:46Z</time></trkpt>
<trkpt lat="45.363127" lon="-75.824219"><ele>24.0</ele><time>2024-07-09T21:53:47Z</time></trkpt>
<trkpt lat="45.363149" lon="-75.824237"><ele>24.0</ele><time>2024-07-09T21:53:48Z</time></trkpt>
<trkpt lat="45.363168" lon="-75.824255"><ele>24.0</ele><time>2024-07-09T21:53:49Z</time></trkpt>
<trkpt lat="45.36319" lon="-75.824273"><ele>24.0</ele><time>2024-07-09T21:53:50Z</time></trkpt>
<trkpt lat="45.363209" lon="-75.824291"><ele>24.0</ele><time>2024-07-09T21:53:51Z</time></trkpt>
<trkpt lat="45.363231" lon="-75.824318"><ele>24.0</ele><time>2024-07-09T21:53:52Z</time></trkpt>
<trkpt lat="45.363247" lon="-75.824336"><ele>24.0</ele><time>2024-07-09T21:53:53Z</time></trkpt>
<trkpt lat="45.363269" lon="-75.824354"><ele>24.0</ele><time>2024-07-09T21:53:54Z</time></trkpt>
<trkpt lat="45.363288" lon="-75.824381"><ele>25.0</ele><time>2024-07-09T21:53:55Z</time></trkpt>
<trkpt lat="45.363307" lon="-75.824399"><ele>25.0</ele><time>2024-07-09T21:53:56Z</time></trkpt>
<trkpt lat="45.363329" lon="-75.824417"><ele>25.0</ele><time>2024-07-09T21:53:57Z</time></trkpt>
<trkpt lat="45.363348" lon="-75.824435"><ele>25.0</ele><time>2024-07-09T21:53:58Z</time></trkpt>
<trkpt lat="45.36337" lon="-75.824453"><ele>25.0</ele><time>2024-07-09T21:53:59Z</time></trkpt>
<trkpt lat="45.363389" lon="-75.824471"><ele>25.0</ele><time>2024-07-09T21:54:00Z</time></trkpt>
<trkpt lat="45.363408" lon="-75.824498"><ele>25.0</ele><time>2024-07-09T21:54:01Z</time></trkpt>
<trkpt lat="45.363427" lon="-75.824516"><ele>25.0</ele><time>2024-07-09T21:54:02Z</time></trkpt>
<trkpt lat="45.363446" lon="-75.824534"><ele>25.0</ele><time>2024-07-09T21:54:03Z</time></trkpt>
<trkpt lat="45.363465" lon="-75.82456"><ele>25.0</ele><time>2024-07-09T21:54:04Z</time></trkpt>
<trkpt lat="45.363484" lon="-75.824578"><ele>25.0</ele><time>2024-07-09T21:54:05Z</time></trkpt>
<trkpt lat="45.363503" lon="-75.824605"><ele>25.0</ele><time>2024-07-09T21:54:06Z</time></trkpt>
<trkpt lat="45.363522" lon="-75.824623"><ele>25.0</ele><time>2024-07-09T21:54:07Z</time></trkpt>
<trkpt lat="45.363541" lon="-75.82465"><ele>26.0</ele><time>2024-07-09T21:54:08Z</time></trkpt>
<trkpt lat="45.36356" lon="-75.824668"><ele>26.0</ele><time>2024-07-09T21:54:09Z</time></trkpt>
<trkpt lat="45.363579" lon="-75.824695"><ele>26.0</ele><time>2024-07-09T21:54:10Z</time></trkpt>
<trkpt lat="45.363598" lon="-75.824713"><ele>26.0</ele><time>2024-07-09T21:54:11Z</time></trkpt>
<trkpt lat="45.363614" lon="-75.82474"><ele>26.0</ele><time>2024-07-09T21:54:12Z</time></trkpt>
<trkpt lat="45.363636" lon="-75.824758"><ele>26.0</ele><time>2024-07-09T21:54:13Z</time></trkpt>
<trkpt lat="45.363655" lon="-75.824785"><ele>26.0</ele><time>2024-07-09T21:54:14Z</time></trkpt>
<trkpt lat="45.363674" lon="-75.824803"><ele>26.0</ele><time>2024-07-09T21:54:15Z</time></trkpt>
<trkpt lat="45.363693" lon="-75.82483"><ele>26.0</ele><time>2024-07-09T21:54:16Z</time></trkpt>
<trkpt lat="45.363716" lon="-75.824848"><ele>26.0</ele><time>2024-07-09T21:54:17Z</time></trkpt>
<trkpt lat="45.363735" lon="-75.824875"><ele>26.0</ele><time>2024-07-09T21:54:18Z</time></trkpt>
<trkpt lat="45.363754" lon="-75.824893"><ele>26.0</ele><time>2024-07-09T21:54:19Z</time></trkpt>
<trkpt lat="45.363773" lon="-75.824911"><ele>26.0</ele><time>2024-07-09T21:54:20Z</time></trkpt>
<trkpt lat="45.363792" lon="-75.824938"><ele>27.0</ele><time>2024-07-09T21:54:21Z</time></trkpt>
<trkpt lat="45.363811" lon="-75.824956"><ele>27.0</ele><time>2024-07-09T21:54:22Z</time></trkpt>
<trkpt lat="45.36383" lon="-75.824983"><ele>27.0</ele><time>2024-07-09T21:54:23Z</time></trkpt>
<trkpt lat="45.363849" lon="-75.82501"><ele>27.0</ele><time>2024-07-09T21:54:24Z</time></trkpt>
<trkpt lat="45.363868" lon="-75.825028"><ele>27.0</ele><time>2024-07-09T21:54:25Z</time></trkpt>
<trkpt lat="45.363887" lon="-75.825055"><ele>27.0</ele><time>2024-07-09T21:54:26Z</time></trkpt>
<trkpt lat="45.363906" lon="-75.825072"><ele>27.0</ele><time>2024-07-09T21:54:27Z</time></trkpt>
<trkpt lat="45.363921" lon="-75.825099"><ele>27.0</ele><time>2024-07-09T21:54:28Z</time></trkpt>
<trkpt lat="45.36394" lon="-75.825126"><ele>28.0</ele><time>2024-07-09T21:54:29Z</time></trkpt>
<trkpt lat="45.363959" lon="-75.825153"><ele>28.0</ele><time>2024-07-09T21:54:30Z</time></trkpt>
<trkpt lat="45.363978" lon="-75.825171"><ele>28.0</ele><time>2024-07-09T21:54:31Z</time></trkpt>
<trkpt lat="45.363997" lon="-75.825198"><ele>28.0</ele><time>2024-07-09T21:54:32Z</time></trkpt>
<trkpt lat="45.364013" lon="-75.825225"><ele>28.0</ele><time>2024-07-09T21:54:33Z</time></trkpt>
<trkpt lat="45.364029" lon="-75.825252"><ele>28.0</ele><time>2024-07-09T21:54:34Z</time></trkpt>
<trkpt lat="45.364048" lon="-75.825279"><ele>28.0</ele><time>2024-07-09T21:54:35Z</time></trkpt>
<trkpt lat="45.364064" lon="-75.825306"><ele>28.0</ele><time>2024-07-09T21:54:36Z</time></trkpt>
<trkpt lat="45.364083" lon="-75.825333"><ele>28.0</ele><time>2024-07-09T21:54:37Z</time></trkpt>
<trkpt lat="45.364102" lon="-75.825351"><ele>28.0</ele><time>2024-07-09T21:54:38Z</time></trkpt>
<trkpt lat="45.364118" lon="-75.825378"><ele>28.0</ele><time>2024-07-09T21:54:39Z</time></trkpt>
<trkpt lat="45.364137" lon="-75.825405"><ele>28.0</ele><time>2024-07-09T21:54:40Z</time></trkpt>
<trkpt lat="45.364159" lon="-75.825432"><ele>28.0</ele><time>2024-07-09T21:54:41Z</time></trkpt>
<trkpt lat="45.364181" lon="-75.82545"><ele>28.0</ele><time>2024-07-09T21:54:42Z</time></trkpt>
<trkpt lat="45.364197" lon="-75.825477"><ele>27.0</ele><time>2024-07-09T21:54:43Z</time></trkpt>
<trkpt lat="45.364197" lon="-75.825477"><ele>27.0</ele><time>2024-07-09T21:54:43Z</time></trkpt>
<trkpt lat="45.364219" lon="-75.825495"><ele>27.0</ele><time>2024-07-09T21:54:44Z</time></trkpt>
<trkpt lat="45.364241" lon="-75.825513"><ele>26.0</ele><time>2024-07-09T21:54:45Z</time></trkpt>
<trkpt lat="45.364263" lon="-75.825531"><ele>26.0</ele><time>2024-07-09T21:54:46Z</time></trkpt>
<trkpt lat="45.364282" lon="-75.825531"><ele>25.0</ele><time>2024-07-09T21:54:47Z</time></trkpt>
<trkpt lat="45.364298" lon="-75.825558"><ele>25.0</ele><time>2024-07-09T21:54:48Z</time></trkpt>
<trkpt lat="45.364308" lon="-75.825593"><ele>26.0</ele><time>2024-07-09T21:54:49Z</time></trkpt>
<trkpt lat="45.36432" lon="-75.82562"><ele>27.0</ele><time>2024-07-09T21:54:50Z</time></trkpt>
<trkpt lat="45.364336" lon="-75.825656"><ele>27.0</ele><time>2024-07-09T21:54:51Z</time></trkpt>
<trkpt lat="45.364355" lon="-75.825683"><ele>27.0</ele><time>2024-07-09T21:54:52Z</time></trkpt>
<trkpt lat="45.364371" lon="-75.82571"><ele>27.0</ele><time>2024-07-09T21:54:53Z</time></trkpt>
<trkpt lat="45.364387" lon="-75.825728"><ele>27.0</ele><time>2024-07-09T21:54:54Z</time></trkpt>
<trkpt lat="45.364406" lon="-75.825755"><ele>27.0</ele><time>2024-07-09T21:54:55Z</time></trkpt>
<trkpt lat="45.364422" lon="-75.825773"><ele>27.0</ele><time>2024-07-09T21:54:56Z</time></trkpt>
<trkpt lat="45.364441" lon="-75.8258"><ele>27.0</ele><time>2024-07-09T21:54:57Z</time></trkpt>
<trkpt lat="45.364456" lon="-75.825827"><ele>27.0</ele><time>2024-07-09T21:54:58Z</time></trkpt>
<trkpt lat="45.364472" lon="-75.825863"><ele>27.0</ele><time>2024-07-09T21:54:59Z</time></trkpt>
<trkpt lat="45.364491" lon="-75.825881"><ele>27.0</ele><time>2024-07-09T21:55:00Z</time></trkpt>
<trkpt lat="45.36451" lon="-75.825899"><ele>26.0</ele><time>2024-07-09T21:55:01Z</time></trkpt>
<trkpt lat="45.364523" lon="-75.825926"><ele>25.0</ele><time>2024-07-09T21:55:02Z</time></trkpt>
<trkpt lat="45.364539" lon="-75.825953"><ele>25.0</ele><time>2024-07-09T21:55:03Z</time></trkpt>
<trkpt lat="45.364555" lon="-75.82598"><ele>25.0</ele><time>2024-07-09T21:55:04Z</time></trkpt>
<trkpt lat="45.36457" lon="-75.826007"><ele>25.0</ele><time>2024-07-09T21:55:05Z</time></trkpt>
<trkpt lat="45.364586" lon="-75.826034"><ele>25.0</ele><time>2024-07-09T21:55:06Z</time></trkpt>
<trkpt lat="45.364602" lon="-75.82607"><ele>26.0</ele><time>2024-07-09T21:55:07Z</time></trkpt>
<trkpt lat="45.364615" lon="-75.826097"><ele>25.0</ele><time>2024-07-09T21:55:08Z</time></trkpt>
<trkpt lat="45.364631" lon="-75.826123"><ele>26.0</ele><time>2024-07-09T21:55:09Z</time></trkpt>
<trkpt lat="45.364643" lon="-75.82615"><ele>26.0</ele><time>2024-07-09T21:55:10Z</time></trkpt>
<trkpt lat="45.364656" lon="-75.826177"><ele>25.0</ele><time>2024-07-09T21:55:11Z</time></trkpt>
<trkpt lat="45.364672" lon="-75.826204"><ele>26.0</ele><time>2024-07-09T21:55:12Z</time></trkpt>
<trkpt lat="45.364688" lon="-75.826231"><ele>26.0</ele><time>2024-07-09T21:55:13Z</time></trkpt>
<trkpt lat="45.364703" lon="-75.826258"><ele>26.0</ele><time>2024-07-09T21:55:14Z</time></trkpt>
<trkpt lat="45.364719" lon="-75.826285"><ele>26.0</ele><time>2024-07-09T21:55:15Z</time></trkpt>
<trkpt lat="45.364735" lon="-75.826312"><ele>26.0</ele><time>2024-07-09T21:55:16Z</time></trkpt>
<trkpt lat="45.364748" lon="-75.826339"><ele>26.0</ele><time>2024-07-09T21:55:17Z</time></trkpt>
<trkpt lat="45.364764" lon="-75.826366"><ele>26.0</ele><time>2024-07-09T21:55:18Z</time></trkpt>
<trkpt lat="45.364776" lon="-75.826402"><ele>27.0</ele><time>2024-07-09T21:55:19Z</time></trkpt>
<trkpt lat="45.364792" lon="-75.826429"><ele>27.0</ele><time>2024-07-09T21:55:20Z</time></trkpt>
<trkpt lat="45.364805" lon="-75.826456"><ele>27.0</ele><time>2024-07-09T21:55:21Z</time></trkpt>
<trkpt lat="45.364821" lon="-75.826483"><ele>27.0</ele><time>2024-07-09T21:55:22Z</time></trkpt>
<trkpt lat="45.364836" lon="-75.82651"><ele>27.0</ele><time>2024-07-09T21:55:23Z</time></trkpt>
<trkpt lat="45.364849" lon="-75.826537"><ele>27.0</ele><time>2024-07-09T21:55:24Z</time></trkpt>
<trkpt lat="45.364865" lon="-75.826564"><ele>27.0</ele><time>2024-07-09T21:55:25Z</time></trkpt>
<trkpt lat="45.364881" lon="-75.826591"><ele>28.0</ele><time>2024-07-09T21:55:26Z</time></trkpt>
<trkpt lat="45.364893" lon="-75.826618"><ele>27.0</ele><time>2024-07-09T21:55:27Z</time></trkpt>
<trkpt lat="45.364909" lon="-75.826644"><ele>27.0</ele><time>2024-07-09T21:55:28Z</time></trkpt>
<trkpt lat="45.364925" lon="-75.826671"><ele>27.0</ele><time>2024-07-09T21:55:29Z</time></trkpt>
<trkpt lat="45.364938" lon="-75.826698"><ele>28.0</ele><time>2024-07-09T21:55:30Z</time></trkpt>
<trkpt lat="45.364954" lon="-75.826734"><ele>28.0</ele><time>2024-07-09T21:55:31Z</time></trkpt>
<trkpt lat="45.364966" lon="-75.826761"><ele>28.0</ele><time>2024-07-09T21:55:32Z</time></trkpt>
<trkpt lat="45.364979" lon="-75.826788"><ele>28.0</ele><time>2024-07-09T21:55:33Z</time></trkpt>
<trkpt lat="45.364995" lon="-75.826815"><ele>27.0</ele><time>2024-07-09T21:55:34Z</time></trkpt>
<trkpt lat="45.365007" lon="-75.826842"><ele>28.0</ele><time>2024-07-09T21:55:35Z</time></trkpt>
<trkpt lat="45.365023" lon="-75.826869"><ele>28.0</ele><time>2024-07-09T21:55:36Z</time></trkpt>
<trkpt lat="45.365039" lon="-75.826896"><ele>28.0</ele><time>2024-07-09T21:55:37Z</time></trkpt>
<trkpt lat="45.365055" lon="-75.826932"><ele>28.0</ele><time>2024-07-09T21:55:38Z</time></trkpt>
<trkpt lat="45.365068" lon="-75.826959"><ele>28.0</ele><time>2024-07-09T21:55:39Z</time></trkpt>
<trkpt lat="45.365083" lon="-75.826986"><ele>28.0</ele><time>2024-07-09T21:55:40Z</time></trkpt>
<trkpt lat="45.365099" lon="-75.827004"><ele>28.0</ele><time>2024-07-09T21:55:41Z</time></trkpt>
<trkpt lat="45.365112" lon="-75.827031"><ele>27.0</ele><time>2024-07-09T21:55:42Z</time></trkpt>
<trkpt lat="45.365128" lon="-75.827058"><ele>27.0</ele><time>2024-07-09T21:55:43Z</time></trkpt>
<trkpt lat="45.36514" lon="-75.827076"><ele>27.0</ele><time>2024-07-09T21:55:44Z</time></trkpt>
<trkpt lat="45.365156" lon="-75.827094"><ele>26.0</ele><time>2024-07-09T21:55:45Z</time></trkpt>
<trkpt lat="45.365172" lon="-75.827112"><ele>26.0</ele><time>2024-07-09T21:55:46Z</time></trkpt>
<trkpt lat="45.365188" lon="-75.82713"><ele>26.0</ele><time>2024-07-09T21:55:47Z</time></trkpt>
<trkpt lat="45.365204" lon="-75.827148"><ele>26.0</ele><time>2024-07-09T21:55:48Z</time></trkpt>
<trkpt lat="45.365213" lon="-75.827165"><ele>25.0</ele><time>2024-07-09T21:55:49Z</time></trkpt>
<trkpt lat="45.365223" lon="-75.827183"><ele>25.0</ele><time>2024-07-09T21:55:50Z</time></trkpt>
<trkpt lat="45.365232" lon="-75.827201"><ele>25.0</ele><time>2024-07-09T21:55:51Z</time></trkpt>
<trkpt lat="45.365239" lon="-75.827219"><ele>25.0</ele><time>2024-07-09T21:55:52Z</time></trkpt>
<trkpt lat="45.365248" lon="-75.827237"><ele>25.0</ele><time>2024-07-09T21:55:53Z</time></trkpt>
<trkpt lat="45.365254" lon="-75.827255"><ele>25.0</ele><time>2024-07-09T21:55:54Z</time></trkpt>
<trkpt lat="45.365264" lon="-75.827264"><ele>25.0</ele><time>2024-07-09T21:55:55Z</time></trkpt>
<trkpt lat="45.36527" lon="-75.827282"><ele>26.0</ele><time>2024-07-09T21:55:56Z</time></trkpt>
<trkpt lat="45.36528" lon="-75.8273"><ele>25.0</ele><time>2024-07-09T21:55:57Z</time></trkpt>
<trkpt lat="45.365289" lon="-75.827309"><ele>25.0</ele><time>2024-07-09T21:55:58Z</time></trkpt>
<trkpt lat="45.365299" lon="-75.827327"><ele>25.0</ele><time>2024-07-09T21:55:59Z</time></trkpt>
<trkpt lat="45.365305" lon="-75.827336"><ele>25.0</ele><time>2024-07-09T21:56:00Z</time></trkpt>
<trkpt lat="45.365311" lon="-75.827354"><ele>25.0</ele><time>2024-07-09T21:56:01Z</time></trkpt>
<trkpt lat="45.365318" lon="-75.827363"><ele>25.0</ele><time>2024-07-09T21:56:02Z</time></trkpt>
<trkpt lat="45.365324" lon="-75.827372"><ele>25.0</ele><time>2024-07-09T21:56:03Z</time></trkpt>
<trkpt lat="45.36533" lon="-75.82739"><ele>25.0</ele><time>2024-07-09T21:56:04Z</time></trkpt>
<trkpt lat="45.365337" lon="-75.827399"><ele>25.0</ele><time>2024-07-09T21:56:05Z</time></trkpt>
<trkpt lat="45.365343" lon="-75.827408"><ele>25.0</ele><time>2024-07-09T21:56:06Z</time></trkpt>
<trkpt lat="45.365346" lon="-75.827417"><ele>25.0</ele><time>2024-07-09T21:56:07Z</time></trkpt>
<trkpt lat="45.365352" lon="-75.827426"><ele>25.0</ele><time>2024-07-09T21:56:08Z</time></trkpt>
<trkpt lat="45.365359" lon="-75.827435"><ele>25.0</ele><time>2024-07-09T21:56:09Z</time></trkpt>
<trkpt lat="45.365362" lon="-75.827444"><ele>25.0</ele><time>2024-07-09T21:56:10Z</time></trkpt>
<trkpt lat="45.365368" lon="-75.827453"><ele>25.0</ele><time>2024-07-09T21:56:11Z</time></trkpt>
<trkpt lat="45.365375" lon="-75.827462"><ele>25.0</ele><time>2024-07-09T21:56:12Z</time></trkpt>
<trkpt lat="45.365381" lon="-75.827462"><ele>25.0</ele><time>2024-07-09T21:56:13Z</time></trkpt>
<trkpt lat="45.365387" lon="-75.827471"><ele>25.0</ele><time>2024-07-09T21:56:14Z</time></trkpt>
<trkpt lat="45.36539" lon="-75.82748"><ele>25.0</ele><time>2024-07-09T21:56:15Z</time></trkpt>
<trkpt lat="45.365394" lon="-75.827489"><ele>25.0</ele><time>2024-07-09T21:56:16Z</time></trkpt>
<trkpt lat="45.365397" lon="-75.827498"><ele>25.0</ele><time>2024-07-09T21:56:17Z</time></trkpt>
<trkpt lat="45.3654" lon="-75.827507"><ele>25.0</ele><time>2024-07-09T21:56:18Z</time></trkpt>
<trkpt lat="45.365403" lon="-75.827516"><ele>24.0</ele><time>2024-07-09T21:56:19Z</time></trkpt>
<trkpt lat="45.365406" lon="-75.827525"><ele>24.0</ele><time>2024-07-09T21:56:20Z</time></trkpt>
<trkpt lat="45.365406" lon="-75.827534"><ele>24.0</ele><time>2024-07-09T21:56:21Z</time></trkpt>
<trkpt lat="45.365413" lon="-75.827543"><ele>24.0</ele><time>2024-07-09T21:56:22Z</time></trkpt>
<trkpt lat="45.365416" lon="-75.827543"><ele>24.0</ele><time>2024-07-09T21:56:23Z</time></trkpt>
<trkpt lat="45.365419" lon="-75.827552"><ele>24.0</ele><time>2024-07-09T21:56:24Z</time></trkpt>
<trkpt lat="45.365425" lon="-75.827552"><ele>24.0</ele><time>2024-07-09T21:56:25Z</time></trkpt>
<trkpt lat="45.365428" lon="-75.827561"><ele>24.0</ele><time>2024-07-09T21:56:26Z</time></trkpt>
<trkpt lat="45.365435" lon="-75.827561"><ele>24.0</ele><time>2024-07-09T21:56:27Z</time></trkpt>
<trkpt lat="45.365438" lon="-75.827561"><ele>24.0</ele><time>2024-07-09T21:56:28Z</time></trkpt>
<trkpt lat="45.365444" lon="-75.827561"><ele>24.0</ele><time>2024-07-09T21:56:29Z</time></trkpt>
<trkpt lat="45.365444" lon="-75.827561"><ele>24.0</ele><time>2024-07-09T21:56:30Z</time></trkpt>
<trkpt lat="45.365444" lon="-75.827561"><ele>24.0</ele><time>2024-07-09T21:56:31Z</time></trkpt>
<trkpt lat="45.365447" lon="-75.827561"><ele>24.0</ele><time>2024-07-09T21:56:32Z</time></trkpt>
<trkpt lat="45.365451" lon="-75.827561"><ele>24.0</ele><time>2024-07-09T21:56:33Z</time></trkpt>
<trkpt lat="45.365457" lon="-75.827561"><ele>25.0</ele><time>2024-07-09T21:56:34Z</time></trkpt>
<trkpt lat="45.36546" lon="-75.827552"><ele>25.0</ele><time>2024-07-09T21:56:35Z</time></trkpt>
<trkpt lat="45.365463" lon="-75.827552"><ele>24.0</ele><time>2024-07-09T21:56:36Z</time></trkpt>
<trkpt lat="45.36546" lon="-75.827552"><ele>24.0</ele><time>2024-07-09T21:56:37Z</time></trkpt>
<trkpt lat="45.365463" lon="-75.827543"><ele>24.0</ele><time>2024-07-09T21:56:38Z</time></trkpt>
<trkpt lat="45.365466" lon="-75.827543"><ele>25.0</ele><time>2024-07-09T21:56:39Z</time></trkpt>
<trkpt lat="45.365466" lon="-75.827543"><ele>25.0</ele><time>2024-07-09T21:56:40Z</time></trkpt>
<trkpt lat="45.365466" lon="-75.827534"><ele>25.0</ele><time>2024-07-09T21:56:41Z</time></trkpt>
<trkpt lat="45.365466" lon="-75.827534"><ele>24.0</ele><time>2024-07-09T21:56:42Z</time></trkpt>
<trkpt lat="45.36547" lon="-75.827525"><ele>25.0</ele><time>2024-07-09T21:56:43Z</time></trkpt>
<trkpt lat="45.365473" lon="-75.827525"><ele>25.0</ele><time>2024-07-09T21:56:44Z</time></trkpt>
<trkpt lat="45.365476" lon="-75.827525"><ele>24.0</ele><time>2024-07-09T21:56:45Z</time></trkpt>
<trkpt lat="45.365476" lon="-75.827516"><ele>25.0</ele><time>2024-07-09T21:56:46Z</time></trkpt>
<trkpt lat="45.365479" lon="-75.827516"><ele>25.0</ele><time>2024-07-09T21:56:47Z</time></trkpt>
<trkpt lat="45.365479" lon="-75.827516"><ele>25.0</ele><time>2024-07-09T21:56:48Z</time></trkpt>
<trkpt lat="45.365479" lon="-75.827516"><ele>24.0</ele><time>2024-07-09T21:56:49Z</time></trkpt>
<trkpt lat="45.365479" lon="-75.827516"><ele>24.0</ele><time>2024-07-09T21:56:50Z</time></trkpt>
<trkpt lat="45.365479" lon="-75.827507"><ele>24.0</ele><time>2024-07-09T21:56:51Z</time></trkpt>
<trkpt lat="45.365479" lon="-75.827507"><ele>24.0</ele><time>2024-07-09T21:56:52Z</time></trkpt>
<trkpt lat="45.365479" lon="-75.827507"><ele>24.0</ele><time>2024-07-09T21:56:53Z</time></trkpt>
<trkpt lat="45.365479" lon="-75.827498"><ele>24.0</ele><time>2024-07-09T21:56:54Z</time></trkpt>
<trkpt lat="45.365479" lon="-75.827498"><ele>24.0</ele><time>2024-07-09T21:56:55Z</time></trkpt>
<trkpt lat="45.365479" lon="-75.827498"><ele>24.0</ele><time>2024-07-09T21:56:56Z</time></trkpt>
<trkpt lat="45.365479" lon="-75.827498"><ele>24.0</ele><time>2024-07-09T21:56:57Z</time></trkpt>
<trkpt lat="45.365479" lon="-75.827489"><ele>24.0</ele><time>2024-07-09T21:56:58Z</time></trkpt>
<trkpt lat="45.365479" lon="-75.827489"><ele>24.0</ele><time>2024-07-09T21:56:59Z</time></trkpt>
<trkpt lat="45.365482" lon="-75.82748"><ele>24.0</ele><time>2024-07-09T21:57:00Z</time></trkpt>
<trkpt lat="45.365485" lon="-75.82748"><ele>24.0</ele><time>2024-07-09T21:57:01Z</time></trkpt>
<trkpt lat="45.365489" lon="-75.82748"><ele>24.0</ele><time>2024-07-09T21:57:02Z</time></trkpt>
<trkpt lat="45.365489" lon="-75.827471"><ele>24.0</ele><time>2024-07-09T21:57:03Z</time></trkpt>
<trkpt lat="45.365492" lon="-75.827471"><ele>24.0</ele><time>2024-07-09T21:57:04Z</time></trkpt>
<trkpt lat="45.365492" lon="-75.827462"><ele>24.0</ele><time>2024-07-09T21:57:05Z</time></trkpt>
<trkpt lat="45.365492" lon="-75.827453"><ele>24.0</ele><time>2024-07-09T21:57:06Z</time></trkpt>
<trkpt lat="45.365489" lon="-75.827453"><ele>24.0</ele><time>2024-07-09T21:57:07Z</time></trkpt>
<trkpt lat="45.365489" lon="-75.827453"><ele>24.0</ele><time>2024-07-09T21:57:08Z</time></trkpt>
<trkpt lat="45.365489" lon="-75.827444"><ele>24.0</ele><time>2024-07-09T21:57:09Z</time></trkpt>
<trkpt lat="45.365492" lon="-75.827444"><ele>24.0</ele><time>2024-07-09T21:57:10Z</time></trkpt>
<trkpt lat="45.365492" lon="-75.827435"><ele>24.0</ele><time>2024-07-09T21:57:11Z</time></trkpt>
<trkpt lat="45.365492" lon="-75.827435"><ele>24.0</ele><time>2024-07-09T21:57:12Z</time></trkpt>
<trkpt lat="45.365492" lon="-75.827435"><ele>24.0</ele><time>2024-07-09T21:57:13Z</time></trkpt>
<trkpt lat="45.365492" lon="-75.827426"><ele>24.0</ele><time>2024-07-09T21:57:14Z</time></trkpt>
<trkpt lat="45.365492" lon="-75.827426"><ele>24.0</ele><time>2024-07-09T21:57:15Z</time></trkpt>
<trkpt lat="45.365492" lon="-75.827426"><ele>24.0</ele><time>2024-07-09T21:57:16Z</time></trkpt>
<trkpt lat="45.365492" lon="-75.827417"><ele>24.0</ele><time>2024-07-09T21:57:17Z</time></trkpt>
<trkpt lat="45.365492" lon="-75.827417"><ele>24.0</ele><time>2024-07-09T21:57:18Z</time></trkpt>
<trkpt lat="45.365492" lon="-75.827417"><ele>24.0</ele><time>2024-07-09T21:57:19Z</time></trkpt>
<trkpt lat="45.365495" lon="-75.827408"><ele>24.0</ele><time>2024-07-09T21:57:20Z</time></trkpt>
<trkpt lat="45.365495" lon="-75.827408"><ele>23.0</ele><time>2024-07-09T21:57:21Z</time></trkpt>
<trkpt lat="45.365498" lon="-75.827399"><ele>23.0</ele><time>2024-07-09T21:57:22Z</time></trkpt>
<trkpt lat="45.365498" lon="-75.827399"><ele>24.0</ele><time>2024-07-09T21:57:23Z</time></trkpt>
<trkpt lat="45.365498" lon="-75.827399"><ele>24.0</ele><time>2024-07-09T21:57:24Z</time></trkpt>
<trkpt lat="45.365498" lon="-75.82739"><ele>24.0</ele><time>2024-07-09T21:57:25Z</time></trkpt>
<trkpt lat="45.365498" lon="-75.82739"><ele>24.0</ele><time>2024-07-09T21:57:26Z</time></trkpt>
<trkpt lat="45.365498" lon="-75.827381"><ele>24.0</ele><time>2024-07-09T21:57:27Z</time></trkpt>
<trkpt lat="45.365504" lon="-75.827372"><ele>24.0</ele><time>2024-07-09T21:57:28Z</time></trkpt>
<trkpt lat="45.365504" lon="-75.827372"><ele>24.0</ele><time>2024-07-09T21:57:29Z</time></trkpt>
<trkpt lat="45.365504" lon="-75.827363"><ele>24.0</ele><time>2024-07-09T21:57:30Z</time></trkpt>
<trkpt lat="45.365504" lon="-75.827363"><ele>24.0</ele><time>2024-07-09T21:57:31Z</time></trkpt>
<trkpt lat="45.365504" lon="-75.827354"><ele>25.0</ele><time>2024-07-09T21:57:32Z</time></trkpt>
<trkpt lat="45.365504" lon="-75.827354"><ele>25.0</ele><time>2024-07-09T21:57:33Z</time></trkpt>
<trkpt lat="45.365504" lon="-75.827354"><ele>24.0</ele><time>2024-07-09T21:57:34Z</time></trkpt>
<trkpt lat="45.365504" lon="-75.827345"><ele>24.0</ele><time>2024-07-09T21:57:35Z</time></trkpt>
<trkpt lat="45.365504" lon="-75.827336"><ele>25.0</ele><time>2024-07-09T21:57:36Z</time></trkpt>
<trkpt lat="45.365508" lon="-75.827336"><ele>25.0</ele><time>2024-07-09T21:57:37Z</time></trkpt>
<trkpt lat="45.365508" lon="-75.827327"><ele>25.0</ele><time>2024-07-09T21:57:38Z</time></trkpt>
<trkpt lat="45.365508" lon="-75.827327"><ele>25.0</ele><time>2024-07-09T21:57:39Z</time></trkpt>
<trkpt lat="45.365511" lon="-75.827327"><ele>24.0</ele><time>2024-07-09T21:57:40Z</time></trkpt>
<trkpt lat="45.365511" lon="-75.827318"><ele>24.0</ele><time>2024-07-09T21:57:41Z</time></trkpt>
<trkpt lat="45.365511" lon="-75.827318"><ele>24.0</ele><time>2024-07-09T21:57:42Z</time></trkpt>
<trkpt lat="45.365514" lon="-75.827309"><ele>24.0</ele><time>2024-07-09T21:57:43Z</time></trkpt>
<trkpt lat="45.365514" lon="-75.827309"><ele>24.0</ele><time>2024-07-09T21:57:44Z</time></trkpt>
<trkpt lat="45.365517" lon="-75.827309"><ele>24.0</ele><time>2024-07-09T21:57:45Z</time></trkpt>
<trkpt lat="45.365517" lon="-75.8273"><ele>24.0</ele><time>2024-07-09T21:57:46Z</time></trkpt>
<trkpt lat="45.36552" lon="-75.8273"><ele>24.0</ele><time>2024-07-09T21:57:47Z</time></trkpt>
<trkpt lat="45.365523" lon="-75.827291"><ele>24.0</ele><time>2024-07-09T21:57:48Z</time></trkpt>
<trkpt lat="45.365527" lon="-75.827282"><ele>24.0</ele><time>2024-07-09T21:57:49Z</time></trkpt>
<trkpt lat="45.36553" lon="-75.827273"><ele>24.0</ele><time>2024-07-09T21:57:50Z</time></trkpt>
<trkpt lat="45.365533" lon="-75.827264"><ele>24.0</ele><time>2024-07-09T21:57:51Z</time></trkpt>
<trkpt lat="45.365542" lon="-75.827255"><ele>23.0</ele><time>2024-07-09T21:57:52Z</time></trkpt>
<trkpt lat="45.365549" lon="-75.827246"><ele>24.0</ele><time>2024-07-09T21:57:53Z</time></trkpt>
<trkpt lat="45.365555" lon="-75.827228"><ele>24.0</ele><time>2024-07-09T21:57:54Z</time></trkpt>
<trkpt lat="45.365568" lon="-75.827219"><ele>24.0</ele><time>2024-07-09T21:57:55Z</time></trkpt>
<trkpt lat="45.36558" lon="-75.827219"><ele>24.0</ele><time>2024-07-09T21:57:56Z</time></trkpt>
<trkpt lat="45.365599" lon="-75.82721"><ele>24.0</ele><time>2024-07-09T21:57:57Z</time></trkpt>
<trkpt lat="45.365618" lon="-75.82721"><ele>23.0</ele><time>2024-07-09T21:57:58Z</time></trkpt>
<trkpt lat="45.365637" lon="-75.827219"><ele>23.0</ele><time>2024-07-09T21:57:59Z</time></trkpt>
<trkpt lat="45.365656" lon="-75.827228"><ele>23.0</ele><time>2024-07-09T21:58:00Z</time></trkpt>
<trkpt lat="45.365679" lon="-75.827246"><ele>23.0</ele><time>2024-07-09T21:58:01Z</time></trkpt>
<trkpt lat="45.365694" lon="-75.827264"><ele>23.0</ele><time>2024-07-09T21:58:02Z</time></trkpt>
<trkpt lat="45.365713" lon="-75.827282"><ele>23.0</ele><time>2024-07-09T21:58:03Z</time></trkpt>
<trkpt lat="45.365729" lon="-75.8273"><ele>22.0</ele><time>2024-07-09T21:58:04Z</time></trkpt>
<trkpt lat="45.365748" lon="-75.827327"><ele>22.0</ele><time>2024-07-09T21:58:05Z</time></trkpt>
<trkpt lat="45.365764" lon="-75.827345"><ele>23.0</ele><time>2024-07-09T21:58:06Z</time></trkpt>
<trkpt lat="45.36578" lon="-75.827372"><ele>23.0</ele><time>2024-07-09T21:58:07Z</time></trkpt>
<trkpt lat="45.365796" lon="-75.827399"><ele>23.0</ele><time>2024-07-09T21:58:08Z</time></trkpt>
<trkpt lat="45.365815" lon="-75.827417"><ele>23.0</ele><time>2024-07-09T21:58:09Z</time></trkpt>
<trkpt lat="45.365831" lon="-75.827444"><ele>23.0</ele><time>2024-07-09T21:58:10Z</time></trkpt>
<trkpt lat="45.365846" lon="-75.827471"><ele>23.0</ele><time>2024-07-09T21:58:11Z</time></trkpt>
<trkpt lat="45.365865" lon="-75.827489"><ele>23.0</ele><time>2024-07-09T21:58:12Z</time></trkpt>
<trkpt lat="45.365878" lon="-75.827516"><ele>23.0</ele><time>2024-07-09T21:58:13Z</time></trkpt>
<trkpt lat="45.365894" lon="-75.827543"><ele>23.0</ele><time>2024-07-09T21:58:14Z</time></trkpt>
<trkpt lat="45.365907" lon="-75.827579"><ele>23.0</ele><time>2024-07-09T21:58:15Z</time></trkpt>
<trkpt lat="45.365922" lon="-75.827606"><ele>23.0</ele><time>2024-07-09T21:58:16Z</time></trkpt>
<trkpt lat="45.365935" lon="-75.827633"><ele>23.0</ele><time>2024-07-09T21:58:17Z</time></trkpt>
<trkpt lat="45.365951" lon="-75.82766"><ele>22.0</ele><time>2024-07-09T21:58:18Z</time></trkpt>
<trkpt lat="45.365967" lon="-75.827677"><ele>23.0</ele><time>2024-07-09T21:58:19Z</time></trkpt>
<trkpt lat="45.365979" lon="-75.827704"><ele>23.0</ele><time>2024-07-09T21:58:20Z</time></trkpt>
<trkpt lat="45.365992" lon="-75.82774"><ele>23.0</ele><time>2024-07-09T21:58:21Z</time></trkpt>
<trkpt lat="45.366008" lon="-75.827767"><ele>23.0</ele><time>2024-07-09T21:58:22Z</time></trkpt>
<trkpt lat="45.366021" lon="-75.827785"><ele>23.0</ele><time>2024-07-09T21:58:23Z</time></trkpt>
<trkpt lat="45.366036" lon="-75.827812"><ele>23.0</ele><time>2024-07-09T21:58:24Z</time></trkpt>
<trkpt lat="45.366052" lon="-75.827839"><ele>23.0</ele><time>2024-07-09T21:58:25Z</time></trkpt>
<trkpt lat="45.366068" lon="-75.827857"><ele>24.0</ele><time>2024-07-09T21:58:26Z</time></trkpt>
<trkpt lat="45.366084" lon="-75.827875"><ele>24.0</ele><time>2024-07-09T21:58:27Z</time></trkpt>
<trkpt lat="45.366103" lon="-75.827902"><ele>24.0</ele><time>2024-07-09T21:58:28Z</time></trkpt>
<trkpt lat="45.366119" lon="-75.82792"><ele>24.0</ele><time>2024-07-09T21:58:29Z</time></trkpt>
<trkpt lat="45.366135" lon="-75.827947"><ele>24.0</ele><time>2024-07-09T21:58:30Z</time></trkpt>
<trkpt lat="45.36615" lon="-75.827965"><ele>24.0</ele><time>2024-07-09T21:58:31Z</time></trkpt>
<trkpt lat="45.366166" lon="-75.827983"><ele>24.0</ele><time>2024-07-09T21:58:32Z</time></trkpt>
<trkpt lat="45.366182" lon="-75.82801"><ele>24.0</ele><time>2024-07-09T21:58:33Z</time></trkpt>
<trkpt lat="45.366198" lon="-75.828028"><ele>24.0</ele><time>2024-07-09T21:58:34Z</time></trkpt>
<trkpt lat="45.366211" lon="-75.828055"><ele>25.0</ele><time>2024-07-09T21:58:35Z</time></trkpt>
<trkpt lat="45.366226" lon="-75.828073"><ele>25.0</ele><time>2024-07-09T21:58:36Z</time></trkpt>
<trkpt lat="45.366242" lon="-75.828091"><ele>25.0</ele><time>2024-07-09T21:58:37Z</time></trkpt>
<trkpt lat="45.366255" lon="-75.828109"><ele>25.0</ele><time>2024-07-09T21:58:38Z</time></trkpt>
<trkpt lat="45.366277" lon="-75.828136"><ele>24.0</ele><time>2024-07-09T21:58:39Z</time></trkpt>
<trkpt lat="45.366293" lon="-75.828154"><ele>25.0</ele><time>2024-07-09T21:58:40Z</time></trkpt>
<trkpt lat="45.366305" lon="-75.828172"><ele>25.0</ele><time>2024-07-09T21:58:41Z</time></trkpt>
<trkpt lat="45.366318" lon="-75.828198"><ele>25.0</ele><time>2024-07-09T21:58:42Z</time></trkpt>
<trkpt lat="45.366334" lon="-75.828216"><ele>25.0</ele><time>2024-07-09T21:58:43Z</time></trkpt>
<trkpt lat="45.366353" lon="-75.828234"><ele>25.0</ele><time>2024-07-09T21:58:44Z</time></trkpt>
<trkpt lat="45.366369" lon="-75.828261"><ele>26.0</ele><time>2024-07-09T21:58:45Z</time></trkpt>
<trkpt lat="45.366388" lon="-75.828279"><ele>26.0</ele><time>2024-07-09T21:58:46Z</time></trkpt>
<trkpt lat="45.366407" lon="-75.828297"><ele>26.0</ele><time>2024-07-09T21:58:47Z</time></trkpt>
<trkpt lat="45.366419" lon="-75.828306"><ele>26.0</ele><time>2024-07-09T21:58:48Z</time></trkpt>
<trkpt lat="45.366435" lon="-75.828324"><ele>26.0</ele><time>2024-07-09T21:58:49Z</time></trkpt>
<trkpt lat="45.366451" lon="-75.828342"><ele>26.0</ele><time>2024-07-09T21:58:50Z</time></trkpt>
<trkpt lat="45.366467" lon="-75.82836"><ele>26.0</ele><time>2024-07-09T21:58:51Z</time></trkpt>
<trkpt lat="45.366483" lon="-75.828378"><ele>26.0</ele><time>2024-07-09T21:58:52Z</time></trkpt>
<trkpt lat="45.366499" lon="-75.828396"><ele>26.0</ele><time>2024-07-09T21:58:53Z</time></trkpt>
<trkpt lat="45.366499" lon="-75.828396"><ele>26.0</ele><time>2024-07-09T21:58:53Z</time></trkpt>
<trkpt lat="45.366518" lon="-75.828414"><ele>26.0</ele><time>2024-07-09T21:58:54Z</time></trkpt>
<trkpt lat="45.366537" lon="-75.828432"><ele>26.0</ele><time>2024-07-09T21:58:55Z</time></trkpt>
<trkpt lat="45.366552" lon="-75.828441"><ele>26.0</ele><time>2024-07-09T21:58:56Z</time></trkpt>
<trkpt lat="45.366568" lon="-75.828459"><ele>26.0</ele><time>2024-07-09T21:58:57Z</time></trkpt>
<trkpt lat="45.366584" lon="-75.828477"><ele>26.0</ele><time>2024-07-09T21:58:58Z</time></trkpt>
<trkpt lat="45.366603" lon="-75.828495"><ele>26.0</ele><time>2024-07-09T21:58:59Z</time></trkpt>
<trkpt lat="45.366622" lon="-75.828513"><ele>26.0</ele><time>2024-07-09T21:59:00Z</time></trkpt>
<trkpt lat="45.366638" lon="-75.828522"><ele>26.0</ele><time>2024-07-09T21:59:01Z</time></trkpt>
<trkpt lat="45.366654" lon="-75.828549"><ele>27.0</ele><time>2024-07-09T21:59:02Z</time></trkpt>
<trkpt lat="45.366673" lon="-75.828567"><ele>27.0</ele><time>2024-07-09T21:59:03Z</time></trkpt>
<trkpt lat="45.366692" lon="-75.828585"><ele>27.0</ele><time>2024-07-09T21:59:04Z</time></trkpt>
<trkpt lat="45.366711" lon="-75.828603"><ele>27.0</ele><time>2024-07-09T21:59:05Z</time></trkpt>
<trkpt lat="45.366727" lon="-75.828612"><ele>27.0</ele><time>2024-07-09T21:59:06Z</time></trkpt>
<trkpt lat="45.366746" lon="-75.82863"><ele>27.0</ele><time>2024-07-09T21:59:07Z</time></trkpt>
<trkpt lat="45.366761" lon="-75.828648"><ele>27.0</ele><time>2024-07-09T21:59:08Z</time></trkpt>
<trkpt lat="45.366777" lon="-75.828666"><ele>26.0</ele><time>2024-07-09T21:59:09Z</time></trkpt>
<trkpt lat="45.366793" lon="-75.828675"><ele>26.0</ele><time>2024-07-09T21:59:10Z</time></trkpt>
<trkpt lat="45.366809" lon="-75.828693"><ele>26.0</ele><time>2024-07-09T21:59:11Z</time></trkpt>
<trkpt lat="45.366828" lon="-75.828711"><ele>26.0</ele><time>2024-07-09T21:59:12Z</time></trkpt>
<trkpt lat="45.366844" lon="-75.828728"><ele>26.0</ele><time>2024-07-09T21:59:13Z</time></trkpt>
<trkpt lat="45.36686" lon="-75.828755"><ele>26.0</ele><time>2024-07-09T21:59:14Z</time></trkpt>
<trkpt lat="45.366872" lon="-75.828764"><ele>27.0</ele><time>2024-07-09T21:59:15Z</time></trkpt>
<trkpt lat="45.366891" lon="-75.828791"><ele>26.0</ele><time>2024-07-09T21:59:16Z</time></trkpt>
<trkpt lat="45.366901" lon="-75.828809"><ele>26.0</ele><time>2024-07-09T21:59:17Z</time></trkpt>
<trkpt lat="45.366913" lon="-75.828827"><ele>26.0</ele><time>2024-07-09T21:59:18Z</time></trkpt>
<trkpt lat="45.366929" lon="-75.828863"><ele>26.0</ele><time>2024-07-09T21:59:19Z</time></trkpt>
<trkpt lat="45.366945" lon="-75.82889"><ele>25.0</ele><time>2024-07-09T21:59:20Z</time></trkpt>
<trkpt lat="45.366961" lon="-75.828908"><ele>25.0</ele><time>2024-07-09T21:59:21Z</time></trkpt>
<trkpt lat="45.366977" lon="-75.828926"><ele>25.0</ele><time>2024-07-09T21:59:22Z</time></trkpt>
<trkpt lat="45.366989" lon="-75.828944"><ele>26.0</ele><time>2024-07-09T21:59:23Z</time></trkpt>
<trkpt lat="45.367002" lon="-75.828971"><ele>26.0</ele><time>2024-07-09T21:59:24Z</time></trkpt>
<trkpt lat="45.367012" lon="-75.828989"><ele>26.0</ele><time>2024-07-09T21:59:25Z</time></trkpt>
<trkpt lat="45.367021" lon="-75.829016"><ele>26.0</ele><time>2024-07-09T21:59:26Z</time></trkpt>
<trkpt lat="45.367027" lon="-75.829043"><ele>26.0</ele><time>2024-07-09T21:59:27Z</time></trkpt>
<trkpt lat="45.367037" lon="-75.82907"><ele>27.0</ele><time>2024-07-09T21:59:28Z</time></trkpt>
<trkpt lat="45.367046" lon="-75.829097"><ele>27.0</ele><time>2024-07-09T21:59:29Z</time></trkpt>
<trkpt lat="45.367053" lon="-75.829124"><ele>27.0</ele><time>2024-07-09T21:59:30Z</time></trkpt>
<trkpt lat="45.367059" lon="-75.829151"><ele>27.0</ele><time>2024-07-09T21:59:31Z</time></trkpt>
<trkpt lat="45.367069" lon="-75.829178"><ele>27.0</ele><time>2024-07-09T21:59:32Z</time></trkpt>
<trkpt lat="45.367075" lon="-75.829205"><ele>27.0</ele><time>2024-07-09T21:59:33Z</time></trkpt>
<trkpt lat="45.367084" lon="-75.829232"><ele>27.0</ele><time>2024-07-09T21:59:34Z</time></trkpt>
<trkpt lat="45.367094" lon="-75.829258"><ele>27.0</ele><time>2024-07-09T21:59:35Z</time></trkpt>
<trkpt lat="45.367103" lon="-75.829276"><ele>27.0</ele><time>2024-07-09T21:59:36Z</time></trkpt>
<trkpt lat="45.367113" lon="-75.829303"><ele>27.0</ele><time>2024-07-09T21:59:37Z</time></trkpt>
<trkpt lat="45.367122" lon="-75.82933"><ele>27.0</ele><time>2024-07-09T21:59:38Z</time></trkpt>
<trkpt lat="45.367129" lon="-75.829357"><ele>26.0</ele><time>2024-07-09T21:59:39Z</time></trkpt>
<trkpt lat="45.367138" lon="-75.829375"><ele>26.0</ele><time>2024-07-09T21:59:40Z</time></trkpt>
<trkpt lat="45.367151" lon="-75.829402"><ele>26.0</ele><time>2024-07-09T21:59:41Z</time></trkpt>
<trkpt lat="45.36716" lon="-75.829429"><ele>26.0</ele><time>2024-07-09T21:59:42Z</time></trkpt>
<trkpt lat="45.367173" lon="-75.829447"><ele>26.0</ele><time>2024-07-09T21:59:43Z</time></trkpt>
<trkpt lat="45.367186" lon="-75.829474"><ele>26.0</ele><time>2024-07-09T21:59:44Z</time></trkpt>
<trkpt lat="45.367201" lon="-75.829501"><ele>26.0</ele><time>2024-07-09T21:59:45Z</time></trkpt>
<trkpt lat="45.367214" lon="-75.829519"><ele>26.0</ele><time>2024-07-09T21:59:46Z</time></trkpt>
<trkpt lat="45.367227" lon="-75.829546"><ele>26.0</ele><time>2024-07-09T21:59:47Z</time></trkpt>
<trkpt lat="45.367236" lon="-75.829573"><ele>26.0</ele><time>2024-07-09T21:59:48Z</time></trkpt>
<trkpt lat="45.367249" lon="-75.8296"><ele>26.0</ele><time>2024-07-09T21:59:49Z</time></trkpt>
<trkpt lat="45.367265" lon="-75.829627"><ele>26.0</ele><time>2024-07-09T21:59:50Z</time></trkpt>
<trkpt lat="45.367281" lon="-75.829654"><ele>26.0</ele><time>2024-07-09T21:59:51Z</time></trkpt>
<trkpt lat="45.367296" lon="-75.82969"><ele>26.0</ele><time>2024-07-09T21:59:52Z</time></trkpt>
<trkpt lat="45.367309" lon="-75.829717"><ele>26.0</ele><time>2024-07-09T21:59:53Z</time></trkpt>
<trkpt lat="45.367319" lon="-75.829744"><ele>26.0</ele><time>2024-07-09T21:59:54Z</time></trkpt>
<trkpt lat="45.367328" lon="-75.82977"><ele>26.0</ele><time>2024-07-09T21:59:55Z</time></trkpt>
<trkpt lat="45.367338" lon="-75.829797"><ele>26.0</ele><time>2024-07-09T21:59:56Z</time></trkpt>
<trkpt lat="45.367347" lon="-75.829824"><ele>26.0</ele><time>2024-07-09T21:59:57Z</time></trkpt>
<trkpt lat="45.36736" lon="-75.829842"><ele>26.0</ele><time>2024-07-09T21:59:58Z</time></trkpt>
<trkpt lat="45.367372" lon="-75.829869"><ele>26.0</ele><time>2024-07-09T21:59:59Z</time></trkpt>
<trkpt lat="45.367382" lon="-75.829896"><ele>26.0</ele><time>2024-07-09T22:00:00Z</time></trkpt>
<trkpt lat="45.367391" lon="-75.829923"><ele>26.0</ele><time>2024-07-09T22:00:01Z</time></trkpt>
<trkpt lat="45.367401" lon="-75.82995"><ele>27.0</ele><time>2024-07-09T22:00:02Z</time></trkpt>
<trkpt lat="45.36741" lon="-75.829968"><ele>27.0</ele><time>2024-07-09T22:00:03Z</time></trkpt>
<trkpt lat="45.36742" lon="-75.830004"><ele>27.0</ele><time>2024-07-09T22:00:04Z</time></trkpt>
<trkpt lat="45.367426" lon="-75.830031"><ele>27.0</ele><time>2024-07-09T22:00:05Z</time></trkpt>
<trkpt lat="45.367436" lon="-75.830058"><ele>27.0</ele><time>2024-07-09T22:00:06Z</time></trkpt>
<trkpt lat="45.367442" lon="-75.830076"><ele>26.0</ele><time>2024-07-09T22:00:07Z</time></trkpt>
<trkpt lat="45.367458" lon="-75.830103"><ele>27.0</ele><time>2024-07-09T22:00:08Z</time></trkpt>
<trkpt lat="45.367474" lon="-75.83013"><ele>27.0</ele><time>2024-07-09T22:00:09Z</time></trkpt>
<trkpt lat="45.367486" lon="-75.830157"><ele>27.0</ele><time>2024-07-09T22:00:10Z</time></trkpt>
<trkpt lat="45.36749" lon="-75.830184"><ele>27.0</ele><time>2024-07-09T22:00:11Z</time></trkpt>
<trkpt lat="45.367499" lon="-75.83022"><ele>27.0</ele><time>2024-07-09T22:00:12Z</time></trkpt>
<trkpt lat="45.367505" lon="-75.830247"><ele>27.0</ele><time>2024-07-09T22:00:13Z</time></trkpt>
<trkpt lat="45.367515" lon="-75.830274"><ele>28.0</ele><time>2024-07-09T22:00:14Z</time></trkpt>
<trkpt lat="45.367521" lon="-75.8303"><ele>28.0</ele><time>2024-07-09T22:00:15Z</time></trkpt>
<trkpt lat="45.367531" lon="-75.830327"><ele>28.0</ele><time>2024-07-09T22:00:16Z</time></trkpt>
<trkpt lat="45.367537" lon="-75.830354"><ele>28.0</ele><time>2024-07-09T22:00:17Z</time></trkpt>
<trkpt lat="45.367547" lon="-75.830381"><ele>28.0</ele><time>2024-07-09T22:00:18Z</time></trkpt>
<trkpt lat="45.367553" lon="-75.830408"><ele>28.0</ele><time>2024-07-09T22:00:19Z</time></trkpt>
<trkpt lat="45.367562" lon="-75.830435"><ele>28.0</ele><time>2024-07-09T22:00:20Z</time></trkpt>
<trkpt lat="45.367572" lon="-75.830462"><ele>28.0</ele><time>2024-07-09T22:00:21Z</time></trkpt>
<trkpt lat="45.367581" lon="-75.83048"><ele>28.0</ele><time>2024-07-09T22:00:22Z</time></trkpt>
<trkpt lat="45.367591" lon="-75.830507"><ele>28.0</ele><time>2024-07-09T22:00:23Z</time></trkpt>
<trkpt lat="45.3676" lon="-75.830534"><ele>28.0</ele><time>2024-07-09T22:00:24Z</time></trkpt>
<trkpt lat="45.36761" lon="-75.830561"><ele>28.0</ele><time>2024-07-09T22:00:25Z</time></trkpt>
<trkpt lat="45.367619" lon="-75.830588"><ele>28.0</ele><time>2024-07-09T22:00:26Z</time></trkpt>
<trkpt lat="45.367629" lon="-75.830615"><ele>28.0</ele><time>2024-07-09T22:00:27Z</time></trkpt>
<trkpt lat="45.367638" lon="-75.830633"><ele>28.0</ele><time>2024-07-09T22:00:28Z</time></trkpt>
<trkpt lat="45.367648" lon="-75.83066"><ele>28.0</ele><time>2024-07-09T22:00:29Z</time></trkpt>
<trkpt lat="45.367661" lon="-75.830687"><ele>28.0</ele><time>2024-07-09T22:00:30Z</time></trkpt>
<trkpt lat="45.36767" lon="-75.830714"><ele>28.0</ele><time>2024-07-09T22:00:31Z</time></trkpt>
<trkpt lat="45.36768" lon="-75.830741"><ele>28.0</ele><time>2024-07-09T22:00:32Z</time></trkpt>
<trkpt lat="45.367689" lon="-75.830768"><ele>28.0</ele><time>2024-07-09T22:00:33Z</time></trkpt>
<trkpt lat="45.367695" lon="-75.830795"><ele>28.0</ele><time>2024-07-09T22:00:34Z</time></trkpt>
<trkpt lat="45.367702" lon="-75.830821"><ele>29.0</ele><time>2024-07-09T22:00:35Z</time></trkpt>
<trkpt lat="45.367714" lon="-75.830839"><ele>28.0</ele><time>2024-07-09T22:00:36Z</time></trkpt>
<trkpt lat="45.367727" lon="-75.830866"><ele>30.0</ele><time>2024-07-09T22:00:37Z</time></trkpt>
<trkpt lat="45.367743" lon="-75.830884"><ele>29.0</ele><time>2024-07-09T22:00:38Z</time></trkpt>
<trkpt lat="45.367762" lon="-75.830893"><ele>29.0</ele><time>2024-07-09T22:00:39Z</time></trkpt>
<trkpt lat="45.367768" lon="-75.83092"><ele>30.0</ele><time>2024-07-09T22:00:40Z</time></trkpt>
<trkpt lat="45.367771" lon="-75.830956"><ele>29.0</ele><time>2024-07-09T22:00:41Z</time></trkpt>
<trkpt lat="45.367778" lon="-75.830983"><ele>30.0</ele><time>2024-07-09T22:00:42Z</time></trkpt>
<trkpt lat="45.367784" lon="-75.831019"><ele>30.0</ele><time>2024-07-09T22:00:43Z</time></trkpt>
<trkpt lat="45.367787" lon="-75.831046"><ele>30.0</ele><time>2024-07-09T22:00:44Z</time></trkpt>
<trkpt lat="45.36779" lon="-75.831073"><ele>30.0</ele><time>2024-07-09T22:00:45Z</time></trkpt>
<trkpt lat="45.367794" lon="-75.8311"><ele>29.0</ele><time>2024-07-09T22:00:46Z</time></trkpt>
<trkpt lat="45.367803" lon="-75.831127"><ele>29.0</ele><time>2024-07-09T22:00:47Z</time></trkpt>
<trkpt lat="45.367813" lon="-75.831154"><ele>29.0</ele><time>2024-07-09T22:00:48Z</time></trkpt>
<trkpt lat="45.367825" lon="-75.831181"><ele>29.0</ele><time>2024-07-09T22:00:49Z</time></trkpt>
<trkpt lat="45.367835" lon="-75.831208"><ele>28.0</ele><time>2024-07-09T22:00:50Z</time></trkpt>
<trkpt lat="45.367847" lon="-75.831235"><ele>28.0</ele><time>2024-07-09T22:00:51Z</time></trkpt>
<trkpt lat="45.367857" lon="-75.831262"><ele>28.0</ele><time>2024-07-09T22:00:52Z</time></trkpt>
<trkpt lat="45.36787" lon="-75.83128"><ele>27.0</ele><time>2024-07-09T22:00:53Z</time></trkpt>
<trkpt lat="45.367882" lon="-75.831307"><ele>27.0</ele><time>2024-07-09T22:00:54Z</time></trkpt>
<trkpt lat="45.367898" lon="-75.831325"><ele>27.0</ele><time>2024-07-09T22:00:55Z</time></trkpt>
<trkpt lat="45.367911" lon="-75.831351"><ele>27.0</ele><time>2024-07-09T22:00:56Z</time></trkpt>
<trkpt lat="45.367927" lon="-75.831369"><ele>28.0</ele><time>2024-07-09T22:00:57Z</time></trkpt>
<trkpt lat="45.367939" lon="-75.831387"><ele>28.0</ele><time>2024-07-09T22:00:58Z</time></trkpt>
<trkpt lat="45.367955" lon="-75.831414"><ele>28.0</ele><time>2024-07-09T22:00:59Z</time></trkpt>
<trkpt lat="45.367968" lon="-75.831432"><ele>27.0</ele><time>2024-07-09T22:01:00Z</time></trkpt>
<trkpt lat="45.36798" lon="-75.83145"><ele>27.0</ele><time>2024-07-09T22:01:01Z</time></trkpt>
<trkpt lat="45.367993" lon="-75.831477"><ele>27.0</ele><time>2024-07-09T22:01:02Z</time></trkpt>
<trkpt lat="45.368006" lon="-75.831495"><ele>27.0</ele><time>2024-07-09T22:01:03Z</time></trkpt>
<trkpt lat="45.368018" lon="-75.831522"><ele>27.0</ele><time>2024-07-09T22:01:04Z</time></trkpt>
<trkpt lat="45.368031" lon="-75.83154"><ele>27.0</ele><time>2024-07-09T22:01:05Z</time></trkpt>
<trkpt lat="45.368044" lon="-75.831567"><ele>27.0</ele><time>2024-07-09T22:01:06Z</time></trkpt>
<trkpt lat="45.368053" lon="-75.831594"><ele>27.0</ele><time>2024-07-09T22:01:07Z</time></trkpt>
<trkpt lat="45.368066" lon="-75.831612"><ele>27.0</ele><time>2024-07-09T22:01:08Z</time></trkpt>
<trkpt lat="45.368075" lon="-75.83163"><ele>27.0</ele><time>2024-07-09T22:01:09Z</time></trkpt>
<trkpt lat="45.368085" lon="-75.831648"><ele>27.0</ele><time>2024-07-09T22:01:10Z</time></trkpt>
<trkpt lat="45.368094" lon="-75.831666"><ele>27.0</ele><time>2024-07-09T22:01:11Z</time></trkpt>
<trkpt lat="45.368104" lon="-75.831693"><ele>27.0</ele><time>2024-07-09T22:01:12Z</time></trkpt>
<trkpt lat="45.368116" lon="-75.831711"><ele>27.0</ele><time>2024-07-09T22:01:13Z</time></trkpt>
<trkpt lat="45.368123" lon="-75.831729"><ele>27.0</ele><time>2024-07-09T22:01:14Z</time></trkpt>
<trkpt lat="45.368135" lon="-75.831747"><ele>27.0</ele><time>2024-07-09T22:01:15Z</time></trkpt>
<trkpt lat="45.368142" lon="-75.831774"><ele>27.0</ele><time>2024-07-09T22:01:16Z</time></trkpt>
<trkpt lat="45.368151" lon="-75.831792"><ele>27.0</ele><time>2024-07-09T22:01:17Z</time></trkpt>
<trkpt lat="45.368161" lon="-75.83181"><ele>27.0</ele><time>2024-07-09T22:01:18Z</time></trkpt>
<trkpt lat="45.368167" lon="-75.831837"><ele>28.0</ele><time>2024-07-09T22:01:19Z</time></trkpt>
<trkpt lat="45.368177" lon="-75.831854"><ele>28.0</ele><time>2024-07-09T22:01:20Z</time></trkpt>
<trkpt lat="45.368186" lon="-75.831872"><ele>28.0</ele><time>2024-07-09T22:01:21Z</time></trkpt>
<trkpt lat="45.368192" lon="-75.83189"><ele>28.0</ele><time>2024-07-09T22:01:22Z</time></trkpt>
<trkpt lat="45.368199" lon="-75.831908"><ele>28.0</ele><time>2024-07-09T22:01:23Z</time></trkpt>
<trkpt lat="45.368208" lon="-75.831926"><ele>28.0</ele><time>2024-07-09T22:01:24Z</time></trkpt>
<trkpt lat="45.368215" lon="-75.831953"><ele>28.0</ele><time>2024-07-09T22:01:25Z</time></trkpt>
<trkpt lat="45.368221" lon="-75.831971"><ele>28.0</ele><time>2024-07-09T22:01:26Z</time></trkpt>
<trkpt lat="45.368227" lon="-75.831989"><ele>28.0</ele><time>2024-07-09T22:01:27Z</time></trkpt>
<trkpt lat="45.368234" lon="-75.832007"><ele>28.0</ele><time>2024-07-09T22:01:28Z</time></trkpt>
<trkpt lat="45.36824" lon="-75.832034"><ele>29.0</ele><time>2024-07-09T22:01:29Z</time></trkpt>
<trkpt lat="45.368249" lon="-75.832052"><ele>29.0</ele><time>2024-07-09T22:01:30Z</time></trkpt>
<trkpt lat="45.368256" lon="-75.83207"><ele>28.0</ele><time>2024-07-09T22:01:31Z</time></trkpt>
<trkpt lat="45.368262" lon="-75.832088"><ele>28.0</ele><time>2024-07-09T22:01:32Z</time></trkpt>
<trkpt lat="45.368268" lon="-75.832106"><ele>28.0</ele><time>2024-07-09T22:01:33Z</time></trkpt>
<trkpt lat="45.368275" lon="-75.832124"><ele>28.0</ele><time>2024-07-09T22:01:34Z</time></trkpt>
<trkpt lat="45.368281" lon="-75.832142"><ele>28.0</ele><time>2024-07-09T22:01:35Z</time></trkpt>
<trkpt lat="45.368284" lon="-75.83216"><ele>28.0</ele><time>2024-07-09T22:01:36Z</time></trkpt>
<trkpt lat="45.368291" lon="-75.832178"><ele>28.0</ele><time>2024-07-09T22:01:37Z</time></trkpt>
<trkpt lat="45.368297" lon="-75.832196"><ele>28.0</ele><time>2024-07-09T22:01:38Z</time></trkpt>
<trkpt lat="45.3683" lon="-75.832223"><ele>28.0</ele><time>2024-07-09T22:01:39Z</time></trkpt>
<trkpt lat="45.368306" lon="-75.832241"><ele>28.0</ele><time>2024-07-09T22:01:40Z</time></trkpt>
<trkpt lat="45.368313" lon="-75.832259"><ele>28.0</ele><time>2024-07-09T22:01:41Z</time></trkpt>
<trkpt lat="45.368316" lon="-75.832277"><ele>29.0</ele><time>2024-07-09T22:01:42Z</time></trkpt>
<trkpt lat="45.368322" lon="-75.832304"><ele>28.0</ele><time>2024-07-09T22:01:43Z</time></trkpt>
<trkpt lat="45.368325" lon="-75.832322"><ele>29.0</ele><time>2024-07-09T22:01:44Z</time></trkpt>
<trkpt lat="45.368332" lon="-75.83234"><ele>29.0</ele><time>2024-07-09T22:01:45Z</time></trkpt>
<trkpt lat="45.368335" lon="-75.832358"><ele>29.0</ele><time>2024-07-09T22:01:46Z</time></trkpt>
<trkpt lat="45.368338" lon="-75.832375"><ele>29.0</ele><time>2024-07-09T22:01:47Z</time></trkpt>
<trkpt lat="45.368344" lon="-75.832393"><ele>29.0</ele><time>2024-07-09T22:01:48Z</time></trkpt>
<trkpt lat="45.368348" lon="-75.83242"><ele>29.0</ele><time>2024-07-09T22:01:49Z</time></trkpt>
<trkpt lat="45.368351" lon="-75.832438"><ele>29.0</ele><time>2024-07-09T22:01:50Z</time></trkpt>
<trkpt lat="45.368357" lon="-75.832456"><ele>29.0</ele><time>2024-07-09T22:01:51Z</time></trkpt>
<trkpt lat="45.36836" lon="-75.832474"><ele>29.0</ele><time>2024-07-09T22:01:52Z</time></trkpt>
<trkpt lat="45.368363" lon="-75.832501"><ele>29.0</ele><time>2024-07-09T22:01:53Z</time></trkpt>
<trkpt lat="45.368367" lon="-75.832519"><ele>29.0</ele><time>2024-07-09T22:01:54Z</time></trkpt>
<trkpt lat="45.36837" lon="-75.832537"><ele>29.0</ele><time>2024-07-09T22:01:55Z</time></trkpt>
<trkpt lat="45.368376" lon="-75.832555"><ele>29.0</ele><time>2024-07-09T22:01:56Z</time></trkpt>
<trkpt lat="45.368379" lon="-75.832573"><ele>29.0</ele><time>2024-07-09T22:01:57Z</time></trkpt>
<trkpt lat="45.368379" lon="-75.832591"><ele>29.0</ele><time>2024-07-09T22:01:58Z</time></trkpt>
<trkpt lat="45.368382" lon="-75.832609"><ele>29.0</ele><time>2024-07-09T22:01:59Z</time></trkpt>
<trkpt lat="45.368382" lon="-75.832627"><ele>28.0</ele><time>2024-07-09T22:02:00Z</time></trkpt>
<trkpt lat="45.368389" lon="-75.832636"><ele>28.0</ele><time>2024-07-09T22:02:01Z</time></trkpt>
<trkpt lat="45.368395" lon="-75.832645"><ele>28.0</ele><time>2024-07-09T22:02:02Z</time></trkpt>
<trkpt lat="45.368398" lon="-75.832663"><ele>27.0</ele><time>2024-07-09T22:02:03Z</time></trkpt>
<trkpt lat="45.368401" lon="-75.83269"><ele>27.0</ele><time>2024-07-09T22:02:04Z</time></trkpt>
<trkpt lat="45.368408" lon="-75.832708"><ele>27.0</ele><time>2024-07-09T22:02:05Z</time></trkpt>
<trkpt lat="45.368408" lon="-75.832726"><ele>27.0</ele><time>2024-07-09T22:02:06Z</time></trkpt>
<trkpt lat="45.368411" lon="-75.832744"><ele>27.0</ele><time>2024-07-09T22:02:07Z</time></trkpt>
<trkpt lat="45.368414" lon="-75.832762"><ele>28.0</ele><time>2024-07-09T22:02:08Z</time></trkpt>
<trkpt lat="45.368417" lon="-75.83278"><ele>28.0</ele><time>2024-07-09T22:02:09Z</time></trkpt>
<trkpt lat="45.36842" lon="-75.832807"><ele>28.0</ele><time>2024-07-09T22:02:10Z</time></trkpt>
<trkpt lat="45.368424" lon="-75.832825"><ele>28.0</ele><time>2024-07-09T22:02:11Z</time></trkpt>
<trkpt lat="45.368427" lon="-75.832843"><ele>28.0</ele><time>2024-07-09T22:02:12Z</time></trkpt>
<trkpt lat="45.36843" lon="-75.832861"><ele>28.0</ele><time>2024-07-09T22:02:13Z</time></trkpt>
<trkpt lat="45.368433" lon="-75.832879"><ele>28.0</ele><time>2024-07-09T22:02:14Z</time></trkpt>
<trkpt lat="45.368439" lon="-75.832897"><ele>28.0</ele><time>2024-07-09T22:02:15Z</time></trkpt>
<trkpt lat="45.368443" lon="-75.832914"><ele>27.0</ele><time>2024-07-09T22:02:16Z</time></trkpt>
<trkpt lat="45.368446" lon="-75.832932"><ele>27.0</ele><time>2024-07-09T22:02:17Z</time></trkpt>
<trkpt lat="45.368449" lon="-75.83295"><ele>27.0</ele><time>2024-07-09T22:02:18Z</time></trkpt>
<trkpt lat="45.368449" lon="-75.832968"><ele>27.0</ele><time>2024-07-09T22:02:19Z</time></trkpt>
<trkpt lat="45.368443" lon="-75.832986"><ele>26.0</ele><time>2024-07-09T22:02:20Z</time></trkpt>
<trkpt lat="45.368452" lon="-75.833004"><ele>26.0</ele><time>2024-07-09T22:02:21Z</time></trkpt>
<trkpt lat="45.368462" lon="-75.833022"><ele>26.0</ele><time>2024-07-09T22:02:22Z</time></trkpt>
<trkpt lat="45.368468" lon="-75.83304"><ele>26.0</ele><time>2024-07-09T22:02:23Z</time></trkpt>
<trkpt lat="45.368471" lon="-75.833058"><ele>26.0</ele><time>2024-07-09T22:02:24Z</time></trkpt>
<trkpt lat="45.368477" lon="-75.833085"><ele>26.0</ele><time>2024-07-09T22:02:25Z</time></trkpt>
<trkpt lat="45.368481" lon="-75.833103"><ele>26.0</ele><time>2024-07-09T22:02:26Z</time></trkpt>
<trkpt lat="45.368487" lon="-75.833121"><ele>26.0</ele><time>2024-07-09T22:02:27Z</time></trkpt>
<trkpt lat="45.368493" lon="-75.833139"><ele>26.0</ele><time>2024-07-09T22:02:28Z</time></trkpt>
<trkpt lat="45.368496" lon="-75.833157"><ele>27.0</ele><time>2024-07-09T22:02:29Z</time></trkpt>
<trkpt lat="45.3685" lon="-75.833184"><ele>26.0</ele><time>2024-07-09T22:02:30Z</time></trkpt>
<trkpt lat="45.368506" lon="-75.833202"><ele>26.0</ele><time>2024-07-09T22:02:31Z</time></trkpt>
<trkpt lat="45.368512" lon="-75.83322"><ele>27.0</ele><time>2024-07-09T22:02:32Z</time></trkpt>
<trkpt lat="45.368515" lon="-75.833238"><ele>27.0</ele><time>2024-07-09T22:02:33Z</time></trkpt>
<trkpt lat="45.368519" lon="-75.833256"><ele>27.0</ele><time>2024-07-09T22:02:34Z</time></trkpt>
<trkpt lat="45.368522" lon="-75.833274"><ele>27.0</ele><time>2024-07-09T22:02:35Z</time></trkpt>
<trkpt lat="45.368525" lon="-75.833292"><ele>27.0</ele><time>2024-07-09T22:02:36Z</time></trkpt>
<trkpt lat="45.368528" lon="-75.83331"><ele>27.0</ele><time>2024-07-09T22:02:37Z</time></trkpt>
<trkpt lat="45.368531" lon="-75.833328"><ele>27.0</ele><time>2024-07-09T22:02:38Z</time></trkpt>
<trkpt lat="45.368534" lon="-75.833355"><ele>27.0</ele><time>2024-07-09T22:02:39Z</time></trkpt>
<trkpt lat="45.368541" lon="-75.833373"><ele>27.0</ele><time>2024-07-09T22:02:40Z</time></trkpt>
<trkpt lat="45.368544" lon="-75.833391"><ele>27.0</ele><time>2024-07-09T22:02:41Z</time></trkpt>
<trkpt lat="45.368544" lon="-75.833418"><ele>27.0</ele><time>2024-07-09T22:02:42Z</time></trkpt>
<trkpt lat="45.368547" lon="-75.833435"><ele>27.0</ele><time>2024-07-09T22:02:43Z</time></trkpt>
<trkpt lat="45.36855" lon="-75.833453"><ele>27.0</ele><time>2024-07-09T22:02:44Z</time></trkpt>
<trkpt lat="45.368553" lon="-75.83348"><ele>27.0</ele><time>2024-07-09T22:02:45Z</time></trkpt>
<trkpt lat="45.368557" lon="-75.833498"><ele>27.0</ele><time>2024-07-09T22:02:46Z</time></trkpt>
<trkpt lat="45.368557" lon="-75.833516"><ele>27.0</ele><time>2024-07-09T22:02:47Z</time></trkpt>
<trkpt lat="45.36856" lon="-75.833543"><ele>27.0</ele><time>2024-07-09T22:02:48Z</time></trkpt>
<trkpt lat="45.368566" lon="-75.833561"><ele>26.0</ele><time>2024-07-09T22:02:49Z</time></trkpt>
<trkpt lat="45.368569" lon="-75.833579"><ele>26.0</ele><time>2024-07-09T22:02:50Z</time></trkpt>
<trkpt lat="45.368572" lon="-75.833597"><ele>26.0</ele><time>2024-07-09T22:02:51Z</time></trkpt>
<trkpt lat="45.368572" lon="-75.833615"><ele>26.0</ele><time>2024-07-09T22:02:52Z</time></trkpt>
<trkpt lat="45.368569" lon="-75.833633"><ele>26.0</ele><time>2024-07-09T22:02:53Z</time></trkpt>
<trkpt lat="45.368569" lon="-75.83366"><ele>26.0</ele><time>2024-07-09T22:02:54Z</time></trkpt>
<trkpt lat="45.368563" lon="-75.833678"><ele>26.0</ele><time>2024-07-09T22:02:55Z</time></trkpt>
<trkpt lat="45.368557" lon="-75.833696"><ele>26.0</ele><time>2024-07-09T22:02:56Z</time></trkpt>
<trkpt lat="45.368547" lon="-75.833714"><ele>26.0</ele><time>2024-07-09T22:02:57Z</time></trkpt>
<trkpt lat="45.368541" lon="-75.833732"><ele>26.0</ele><time>2024-07-09T22:02:58Z</time></trkpt>
<trkpt lat="45.368534" lon="-75.83375"><ele>26.0</ele><time>2024-07-09T22:02:59Z</time></trkpt>
<trkpt lat="45.368528" lon="-75.833768"><ele>26.0</ele><time>2024-07-09T22:03:00Z</time></trkpt>
<trkpt lat="45.368522" lon="-75.833786"><ele>26.0</ele><time>2024-07-09T22:03:01Z</time></trkpt>
<trkpt lat="45.368515" lon="-75.833804"><ele>26.0</ele><time>2024-07-09T22:03:02Z</time></trkpt>
<trkpt lat="45.368509" lon="-75.833822"><ele>26.0</ele><time>2024-07-09T22:03:03Z</time></trkpt>
<trkpt lat="45.368503" lon="-75.83384"><ele>26.0</ele><time>2024-07-09T22:03:04Z</time></trkpt>
<trkpt lat="45.3685" lon="-75.833858"><ele>26.0</ele><time>2024-07-09T22:03:05Z</time></trkpt>
<trkpt lat="45.368493" lon="-75.833876"><ele>26.0</ele><time>2024-07-09T22:03:06Z</time></trkpt>
<trkpt lat="45.36849" lon="-75.833894"><ele>26.0</ele><time>2024-07-09T22:03:07Z</time></trkpt>
<trkpt lat="45.368487" lon="-75.833921"><ele>26.0</ele><time>2024-07-09T22:03:08Z</time></trkpt>
<trkpt lat="45.368484" lon="-75.833939"><ele>26.0</ele><time>2024-07-09T22:03:09Z</time></trkpt>
<trkpt lat="45.368481" lon="-75.833956"><ele>26.0</ele><time>2024-07-09T22:03:10Z</time></trkpt>
<trkpt lat="45.368477" lon="-75.833974"><ele>26.0</ele><time>2024-07-09T22:03:11Z</time></trkpt>
<trkpt lat="45.368474" lon="-75.833992"><ele>26.0</ele><time>2024-07-09T22:03:12Z</time></trkpt>
<trkpt lat="45.368474" lon="-75.834019"><ele>27.0</ele><time>2024-07-09T22:03:13Z</time></trkpt>
<trkpt lat="45.368474" lon="-75.834037"><ele>26.0</ele><time>2024-07-09T22:03:14Z</time></trkpt>
<trkpt lat="45.368471" lon="-75.834064"><ele>27.0</ele><time>2024-07-09T22:03:15Z</time></trkpt>
<trkpt lat="45.368471" lon="-75.834082"><ele>26.0</ele><time>2024-07-09T22:03:16Z</time></trkpt>
<trkpt lat="45.368471" lon="-75.8341"><ele>26.0</ele><time>2024-07-09T22:03:17Z</time></trkpt>
<trkpt lat="45.368471" lon="-75.834118"><ele>26.0</ele><time>2024-07-09T22:03:18Z</time></trkpt>
<trkpt lat="45.368471" lon="-75.834136"><ele>26.0</ele><time>2024-07-09T22:03:19Z</time></trkpt>
<trkpt lat="45.368471" lon="-75.834163"><ele>27.0</ele><time>2024-07-09T22:03:20Z</time></trkpt>
<trkpt lat="45.368471" lon="-75.834181"><ele>27.0</ele><time>2024-07-09T22:03:21Z</time></trkpt>
<trkpt lat="45.368471" lon="-75.834199"><ele>27.0</ele><time>2024-07-09T22:03:22Z</time></trkpt>
<trkpt lat="45.368474" lon="-75.834217"><ele>27.0</ele><time>2024-07-09T22:03:23Z</time></trkpt>
<trkpt lat="45.368474" lon="-75.834235"><ele>27.0</ele><time>2024-07-09T22:03:24Z</time></trkpt>
<trkpt lat="45.368477" lon="-75.834262"><ele>27.0</ele><time>2024-07-09T22:03:25Z</time></trkpt>
<trkpt lat="45.368481" lon="-75.83428"><ele>27.0</ele><time>2024-07-09T22:03:26Z</time></trkpt>
<trkpt lat="45.368484" lon="-75.834298"><ele>27.0</ele><time>2024-07-09T22:03:27Z</time></trkpt>
<trkpt lat="45.368487" lon="-75.834316"><ele>27.0</ele><time>2024-07-09T22:03:28Z</time></trkpt>
<trkpt lat="45.368493" lon="-75.834334"><ele>27.0</ele><time>2024-07-09T22:03:29Z</time></trkpt>
<trkpt lat="45.3685" lon="-75.834352"><ele>27.0</ele><time>2024-07-09T22:03:30Z</time></trkpt>
<trkpt lat="45.368509" lon="-75.83437"><ele>27.0</ele><time>2024-07-09T22:03:31Z</time></trkpt>
<trkpt lat="45.368512" lon="-75.834388"><ele>27.0</ele><time>2024-07-09T22:03:32Z</time></trkpt>
<trkpt lat="45.368519" lon="-75.834406"><ele>27.0</ele><time>2024-07-09T22:03:33Z</time></trkpt>
<trkpt lat="45.368522" lon="-75.834424"><ele>27.0</ele><time>2024-07-09T22:03:34Z</time></trkpt>
<trkpt lat="45.368528" lon="-75.834433"><ele>26.0</ele><time>2024-07-09T22:03:35Z</time></trkpt>
<trkpt lat="45.368534" lon="-75.834451"><ele>26.0</ele><time>2024-07-09T22:03:36Z</time></trkpt>
<trkpt lat="45.368541" lon="-75.834468"><ele>26.0</ele><time>2024-07-09T22:03:37Z</time></trkpt>
<trkpt lat="45.368547" lon="-75.834495"><ele>26.0</ele><time>2024-07-09T22:03:38Z</time></trkpt>
<trkpt lat="45.36855" lon="-75.834513"><ele>26.0</ele><time>2024-07-09T22:03:39Z</time></trkpt>
<trkpt lat="45.368553" lon="-75.834531"><ele>26.0</ele><time>2024-07-09T22:03:40Z</time></trkpt>
<trkpt lat="45.368557" lon="-75.834549"><ele>26.0</ele><time>2024-07-09T22:03:41Z</time></trkpt>
<trkpt lat="45.36856" lon="-75.834567"><ele>26.0</ele><time>2024-07-09T22:03:42Z</time></trkpt>
<trkpt lat="45.368563" lon="-75.834585"><ele>26.0</ele><time>2024-07-09T22:03:43Z</time></trkpt>
<trkpt lat="45.368566" lon="-75.834603"><ele>26.0</ele><time>2024-07-09T22:03:44Z</time></trkpt>
<trkpt lat="45.368569" lon="-75.834621"><ele>26.0</ele><time>2024-07-09T22:03:45Z</time></trkpt>
<trkpt lat="45.368569" lon="-75.834639"><ele>25.0</ele><time>2024-07-09T22:03:46Z</time></trkpt>
<trkpt lat="45.368572" lon="-75.834657"><ele>26.0</ele><time>2024-07-09T22:03:47Z</time></trkpt>
<trkpt lat="45.368579" lon="-75.834675"><ele>26.0</ele><time>2024-07-09T22:03:48Z</time></trkpt>
<trkpt lat="45.368585" lon="-75.834693"><ele>26.0</ele><time>2024-07-09T22:03:49Z</time></trkpt>
<trkpt lat="45.368588" lon="-75.83472"><ele>26.0</ele><time>2024-07-09T22:03:50Z</time></trkpt>
<trkpt lat="45.368588" lon="-75.834738"><ele>25.0</ele><time>2024-07-09T22:03:51Z</time></trkpt>
<trkpt lat="45.368601" lon="-75.834756"><ele>25.0</ele><time>2024-07-09T22:03:52Z</time></trkpt>
<trkpt lat="45.368614" lon="-75.834774"><ele>25.0</ele><time>2024-07-09T22:03:53Z</time></trkpt>
<trkpt lat="45.368626" lon="-75.834783"><ele>25.0</ele><time>2024-07-09T22:03:54Z</time></trkpt>
<trkpt lat="45.368633" lon="-75.834801"><ele>25.0</ele><time>2024-07-09T22:03:55Z</time></trkpt>
<trkpt lat="45.368639" lon="-75.834819"><ele>25.0</ele><time>2024-07-09T22:03:56Z</time></trkpt>
<trkpt lat="45.368645" lon="-75.834837"><ele>25.0</ele><time>2024-07-09T22:03:57Z</time></trkpt>
<trkpt lat="45.368652" lon="-75.834855"><ele>25.0</ele><time>2024-07-09T22:03:58Z</time></trkpt>
<trkpt lat="45.368658" lon="-75.834873"><ele>25.0</ele><time>2024-07-09T22:03:59Z</time></trkpt>
<trkpt lat="45.368664" lon="-75.834891"><ele>25.0</ele><time>2024-07-09T22:04:00Z</time></trkpt>
<trkpt lat="45.368667" lon="-75.834909"><ele>25.0</ele><time>2024-07-09T22:04:01Z</time></trkpt>
<trkpt lat="45.368674" lon="-75.834927"><ele>24.0</ele><time>2024-07-09T22:04:02Z</time></trkpt>
<trkpt lat="45.368677" lon="-75.834945"><ele>25.0</ele><time>2024-07-09T22:04:03Z</time></trkpt>
<trkpt lat="45.36868" lon="-75.834963"><ele>25.0</ele><time>2024-07-09T22:04:04Z</time></trkpt>
<trkpt lat="45.368686" lon="-75.834981"><ele>25.0</ele><time>2024-07-09T22:04:05Z</time></trkpt>
<trkpt lat="45.36869" lon="-75.834998"><ele>25.0</ele><time>2024-07-09T22:04:06Z</time></trkpt>
<trkpt lat="45.368696" lon="-75.835016"><ele>25.0</ele><time>2024-07-09T22:04:07Z</time></trkpt>
<trkpt lat="45.368699" lon="-75.835034"><ele>25.0</ele><time>2024-07-09T22:04:08Z</time></trkpt>
<trkpt lat="45.368702" lon="-75.835061"><ele>25.0</ele><time>2024-07-09T22:04:09Z</time></trkpt>
<trkpt lat="45.368705" lon="-75.835079"><ele>25.0</ele><time>2024-07-09T22:04:10Z</time></trkpt>
<trkpt lat="45.368712" lon="-75.835097"><ele>25.0</ele><time>2024-07-09T22:04:11Z</time></trkpt>
<trkpt lat="45.368715" lon="-75.835124"><ele>25.0</ele><time>2024-07-09T22:04:12Z</time></trkpt>
<trkpt lat="45.368721" lon="-75.835142"><ele>25.0</ele><time>2024-07-09T22:04:13Z</time></trkpt>
<trkpt lat="45.368724" lon="-75.83516"><ele>26.0</ele><time>2024-07-09T22:04:14Z</time></trkpt>
<trkpt lat="45.368731" lon="-75.835178"><ele>26.0</ele><time>2024-07-09T22:04:15Z</time></trkpt>
<trkpt lat="45.368737" lon="-75.835196"><ele>26.0</ele><time>2024-07-09T22:04:16Z</time></trkpt>
<trkpt lat="45.368743" lon="-75.835214"><ele>26.0</ele><time>2024-07-09T22:04:17Z</time></trkpt>
<trkpt lat="45.36875" lon="-75.835232"><ele>26.0</ele><time>2024-07-09T22:04:18Z</time></trkpt>
<trkpt lat="45.368759" lon="-75.83525"><ele>26.0</ele><time>2024-07-09T22:04:19Z</time></trkpt>
<trkpt lat="45.368765" lon="-75.835268"><ele>26.0</ele><time>2024-07-09T22:04:20Z</time></trkpt>
<trkpt lat="45.368772" lon="-75.835286"><ele>26.0</ele><time>2024-07-09T22:04:21Z</time></trkpt>
<trkpt lat="45.368778" lon="-75.835295"><ele>26.0</ele><time>2024-07-09T22:04:22Z</time></trkpt>
<trkpt lat="45.368781" lon="-75.835313"><ele>26.0</ele><time>2024-07-09T22:04:23Z</time></trkpt>
<trkpt lat="45.368788" lon="-75.835331"><ele>26.0</ele><time>2024-07-09T22:04:24Z</time></trkpt>
<trkpt lat="45.368791" lon="-75.835349"><ele>26.0</ele><time>2024-07-09T22:04:25Z</time></trkpt>
<trkpt lat="45.368797" lon="-75.835358"><ele>26.0</ele><time>2024-07-09T22:04:26Z</time></trkpt>
<trkpt lat="45.368803" lon="-75.835376"><ele>26.0</ele><time>2024-07-09T22:04:27Z</time></trkpt>
<trkpt lat="45.36881" lon="-75.835394"><ele>26.0</ele><time>2024-07-09T22:04:28Z</time></trkpt>
<trkpt lat="45.368816" lon="-75.835403"><ele>26.0</ele><time>2024-07-09T22:04:29Z</time></trkpt>
<trkpt lat="45.368822" lon="-75.835412"><ele>26.0</ele><time>2024-07-09T22:04:30Z</time></trkpt>
<trkpt lat="45.368832" lon="-75.835421"><ele>26.0</ele><time>2024-07-09T22:04:31Z</time></trkpt>
<trkpt lat="45.368845" lon="-75.835421"><ele>27.0</ele><time>2024-07-09T22:04:32Z</time></trkpt>
<trkpt lat="45.368854" lon="-75.83543"><ele>26.0</ele><time>2024-07-09T22:04:33Z</time></trkpt>
<trkpt lat="45.36886" lon="-75.835439"><ele>27.0</ele><time>2024-07-09T22:04:34Z</time></trkpt>
<trkpt lat="45.36887" lon="-75.835448"><ele>27.0</ele><time>2024-07-09T22:04:35Z</time></trkpt>
<trkpt lat="45.368879" lon="-75.835448"><ele>27.0</ele><time>2024-07-09T22:04:36Z</time></trkpt>
<trkpt lat="45.368889" lon="-75.835457"><ele>27.0</ele><time>2024-07-09T22:04:37Z</time></trkpt>
<trkpt lat="45.368898" lon="-75.835466"><ele>27.0</ele><time>2024-07-09T22:04:38Z</time></trkpt>
<trkpt lat="45.368908" lon="-75.835466"><ele>27.0</ele><time>2024-07-09T22:04:39Z</time></trkpt>
<trkpt lat="45.368917" lon="-75.835475"><ele>27.0</ele><time>2024-07-09T22:04:40Z</time></trkpt>
<trkpt lat="45.368927" lon="-75.835484"><ele>27.0</ele><time>2024-07-09T22:04:41Z</time></trkpt>
<trkpt lat="45.368936" lon="-75.835484"><ele>27.0</ele><time>2024-07-09T22:04:42Z</time></trkpt>
<trkpt lat="45.368946" lon="-75.835493"><ele>27.0</ele><time>2024-07-09T22:04:43Z</time></trkpt>
<trkpt lat="45.368959" lon="-75.835493"><ele>27.0</ele><time>2024-07-09T22:04:44Z</time></trkpt>
<trkpt lat="45.368968" lon="-75.835502"><ele>27.0</ele><time>2024-07-09T22:04:45Z</time></trkpt>
<trkpt lat="45.368981" lon="-75.835502"><ele>27.0</ele><time>2024-07-09T22:04:46Z</time></trkpt>
<trkpt lat="45.368993" lon="-75.83551"><ele>27.0</ele><time>2024-07-09T22:04:47Z</time></trkpt>
<trkpt lat="45.369006" lon="-75.835519"><ele>27.0</ele><time>2024-07-09T22:04:48Z</time></trkpt>
<trkpt lat="45.369019" lon="-75.835528"><ele>27.0</ele><time>2024-07-09T22:04:49Z</time></trkpt>
<trkpt lat="45.369031" lon="-75.835537"><ele>27.0</ele><time>2024-07-09T22:04:50Z</time></trkpt>
<trkpt lat="45.369041" lon="-75.835537"><ele>27.0</ele><time>2024-07-09T22:04:51Z</time></trkpt>
<trkpt lat="45.369054" lon="-75.835555"><ele>27.0</ele><time>2024-07-09T22:04:52Z</time></trkpt>
<trkpt lat="45.369066" lon="-75.835564"><ele>27.0</ele><time>2024-07-09T22:04:53Z</time></trkpt>
<trkpt lat="45.369079" lon="-75.835564"><ele>27.0</ele><time>2024-07-09T22:04:54Z</time></trkpt>
<trkpt lat="45.369092" lon="-75.835582"><ele>27.0</ele><time>2024-07-09T22:04:55Z</time></trkpt>
<trkpt lat="45.369104" lon="-75.835591"><ele>27.0</ele><time>2024-07-09T22:04:56Z</time></trkpt>
<trkpt lat="45.369117" lon="-75.8356"><ele>27.0</ele><time>2024-07-09T22:04:57Z</time></trkpt>
<trkpt lat="45.36913" lon="-75.835609"><ele>27.0</ele><time>2024-07-09T22:04:58Z</time></trkpt>
<trkpt lat="45.369142" lon="-75.835618"><ele>27.0</ele><time>2024-07-09T22:04:59Z</time></trkpt>
<trkpt lat="45.369155" lon="-75.835627"><ele>27.0</ele><time>2024-07-09T22:05:00Z</time></trkpt>
<trkpt lat="45.369171" lon="-75.835636"><ele>27.0</ele><time>2024-07-09T22:05:01Z</time></trkpt>
<trkpt lat="45.369183" lon="-75.835645"><ele>27.0</ele><time>2024-07-09T22:05:02Z</time></trkpt>
<trkpt lat="45.369196" lon="-75.835654"><ele>27.0</ele><time>2024-07-09T22:05:03Z</time></trkpt>
<trkpt lat="45.369212" lon="-75.835663"><ele>27.0</ele><time>2024-07-09T22:05:04Z</time></trkpt>
<trkpt lat="45.369225" lon="-75.835672"><ele>28.0</ele><time>2024-07-09T22:05:05Z</time></trkpt>
<trkpt lat="45.36924" lon="-75.835681"><ele>28.0</ele><time>2024-07-09T22:05:06Z</time></trkpt>
<trkpt lat="45.369253" lon="-75.83569"><ele>27.0</ele><time>2024-07-09T22:05:07Z</time></trkpt>
<trkpt lat="45.369266" lon="-75.835699"><ele>27.0</ele><time>2024-07-09T22:05:08Z</time></trkpt>
<trkpt lat="45.369282" lon="-75.835708"><ele>27.0</ele><time>2024-07-09T22:05:09Z</time></trkpt>
<trkpt lat="45.369297" lon="-75.835717"><ele>27.0</ele><time>2024-07-09T22:05:10Z</time></trkpt>
<trkpt lat="45.369313" lon="-75.835717"><ele>28.0</ele><time>2024-07-09T22:05:11Z</time></trkpt>
<trkpt lat="45.369329" lon="-75.835717"><ele>27.0</ele><time>2024-07-09T22:05:12Z</time></trkpt>
<trkpt lat="45.369348" lon="-75.835717"><ele>27.0</ele><time>2024-07-09T22:05:13Z</time></trkpt>
<trkpt lat="45.369364" lon="-75.835726"><ele>27.0</ele><time>2024-07-09T22:05:14Z</time></trkpt>
<trkpt lat="45.369377" lon="-75.835726"><ele>27.0</ele><time>2024-07-09T22:05:15Z</time></trkpt>
<trkpt lat="45.369392" lon="-75.835735"><ele>28.0</ele><time>2024-07-09T22:05:16Z</time></trkpt>
<trkpt lat="45.369405" lon="-75.835744"><ele>27.0</ele><time>2024-07-09T22:05:17Z</time></trkpt>
<trkpt lat="45.369418" lon="-75.835753"><ele>27.0</ele><time>2024-07-09T22:05:18Z</time></trkpt>
<trkpt lat="45.36943" lon="-75.835762"><ele>27.0</ele><time>2024-07-09T22:05:19Z</time></trkpt>
<trkpt lat="45.36944" lon="-75.835771"><ele>27.0</ele><time>2024-07-09T22:05:20Z</time></trkpt>
<trkpt lat="45.369449" lon="-75.835789"><ele>27.0</ele><time>2024-07-09T22:05:21Z</time></trkpt>
<trkpt lat="45.369456" lon="-75.835798"><ele>27.0</ele><time>2024-07-09T22:05:22Z</time></trkpt>
<trkpt lat="45.369462" lon="-75.835816"><ele>27.0</ele><time>2024-07-09T22:05:23Z</time></trkpt>
<trkpt lat="45.369465" lon="-75.835825"><ele>27.0</ele><time>2024-07-09T22:05:24Z</time></trkpt>
<trkpt lat="45.369471" lon="-75.835843"><ele>27.0</ele><time>2024-07-09T22:05:25Z</time></trkpt>
<trkpt lat="45.369475" lon="-75.835852"><ele>27.0</ele><time>2024-07-09T22:05:26Z</time></trkpt>
<trkpt lat="45.369478" lon="-75.83587"><ele>27.0</ele><time>2024-07-09T22:05:27Z</time></trkpt>
<trkpt lat="45.369484" lon="-75.835879"><ele>27.0</ele><time>2024-07-09T22:05:28Z</time></trkpt>
<trkpt lat="45.369487" lon="-75.835888"><ele>27.0</ele><time>2024-07-09T22:05:29Z</time></trkpt>
<trkpt lat="45.36949" lon="-75.835906"><ele>27.0</ele><time>2024-07-09T22:05:30Z</time></trkpt>
<trkpt lat="45.369494" lon="-75.835915"><ele>27.0</ele><time>2024-07-09T22:05:31Z</time></trkpt>
<trkpt lat="45.3695" lon="-75.835924"><ele>27.0</ele><time>2024-07-09T22:05:32Z</time></trkpt>
<trkpt lat="45.369503" lon="-75.835942"><ele>27.0</ele><time>2024-07-09T22:05:33Z</time></trkpt>
<trkpt lat="45.369506" lon="-75.835951"><ele>27.0</ele><time>2024-07-09T22:05:34Z</time></trkpt>
<trkpt lat="45.369506" lon="-75.83596"><ele>27.0</ele><time>2024-07-09T22:05:35Z</time></trkpt>
<trkpt lat="45.369509" lon="-75.835969"><ele>27.0</ele><time>2024-07-09T22:05:36Z</time></trkpt>
<trkpt lat="45.369513" lon="-75.835978"><ele>27.0</ele><time>2024-07-09T22:05:37Z</time></trkpt>
<trkpt lat="45.369513" lon="-75.835996"><ele>27.0</ele><time>2024-07-09T22:05:38Z</time></trkpt>
<trkpt lat="45.369513" lon="-75.836005"><ele>27.0</ele><time>2024-07-09T22:05:39Z</time></trkpt>
<trkpt lat="45.369513" lon="-75.836014"><ele>27.0</ele><time>2024-07-09T22:05:40Z</time></trkpt>
<trkpt lat="45.369513" lon="-75.836031"><ele>27.0</ele><time>2024-07-09T22:05:41Z</time></trkpt>
<trkpt lat="45.369513" lon="-75.83604"><ele>27.0</ele><time>2024-07-09T22:05:42Z</time></trkpt>
<trkpt lat="45.369513" lon="-75.836049"><ele>27.0</ele><time>2024-07-09T22:05:43Z</time></trkpt>
<trkpt lat="45.369516" lon="-75.836058"><ele>27.0</ele><time>2024-07-09T22:05:44Z</time></trkpt>
<trkpt lat="45.369516" lon="-75.836067"><ele>27.0</ele><time>2024-07-09T22:05:45Z</time></trkpt>
<trkpt lat="45.369516" lon="-75.836076"><ele>27.0</ele><time>2024-07-09T22:05:46Z</time></trkpt>
<trkpt lat="45.369513" lon="-75.836094"><ele>27.0</ele><time>2024-07-09T22:05:47Z</time></trkpt>
<trkpt lat="45.369513" lon="-75.836103"><ele>27.0</ele><time>2024-07-09T22:05:48Z</time></trkpt>
<trkpt lat="45.369513" lon="-75.836112"><ele>27.0</ele><time>2024-07-09T22:05:49Z</time></trkpt>
<trkpt lat="45.369513" lon="-75.836121"><ele>27.0</ele><time>2024-07-09T22:05:50Z</time></trkpt>
<trkpt lat="45.369513" lon="-75.83613"><ele>27.0</ele><time>2024-07-09T22:05:51Z</time></trkpt>
<trkpt lat="45.369513" lon="-75.836139"><ele>27.0</ele><time>2024-07-09T22:05:52Z</time></trkpt>
<trkpt lat="45.369513" lon="-75.836148"><ele>27.0</ele><time>2024-07-09T22:05:53Z</time></trkpt>
<trkpt lat="45.369513" lon="-75.836157"><ele>27.0</ele><time>2024-07-09T22:05:54Z</time></trkpt>
<trkpt lat="45.369513" lon="-75.836166"><ele>27.0</ele><time>2024-07-09T22:05:55Z</time></trkpt>
<trkpt lat="45.369516" lon="-75.836175"><ele>27.0</ele><time>2024-07-09T22:05:56Z</time></trkpt>
<trkpt lat="45.369516" lon="-75.836184"><ele>27.0</ele><time>2024-07-09T22:05:57Z</time></trkpt>
<trkpt lat="45.369516" lon="-75.836184"><ele>27.0</ele><time>2024-07-09T22:05:58Z</time></trkpt>
<trkpt lat="45.369516" lon="-75.836193"><ele>27.0</ele><time>2024-07-09T22:05:59Z</time></trkpt>
<trkpt lat="45.369516" lon="-75.836202"><ele>27.0</ele><time>2024-07-09T22:06:00Z</time></trkpt>
<trkpt lat="45.369516" lon="-75.836211"><ele>27.0</ele><time>2024-07-09T22:06:01Z</time></trkpt>
<trkpt lat="45.369516" lon="-75.83622"><ele>27.0</ele><time>2024-07-09T22:06:02Z</time></trkpt>
<trkpt lat="45.369516" lon="-75.836229"><ele>27.0</ele><time>2024-07-09T22:06:03Z</time></trkpt>
<trkpt lat="45.369516" lon="-75.836238"><ele>27.0</ele><time>2024-07-09T22:06:04Z</time></trkpt>
<trkpt lat="45.369516" lon="-75.836247"><ele>27.0</ele><time>2024-07-09T22:06:05Z</time></trkpt>
<trkpt lat="45.369516" lon="-75.836256"><ele>27.0</ele><time>2024-07-09T22:06:06Z</time></trkpt>
<trkpt lat="45.369516" lon="-75.836265"><ele>27.0</ele><time>2024-07-09T22:06:07Z</time></trkpt>
<trkpt lat="45.369513" lon="-75.836274"><ele>27.0</ele><time>2024-07-09T22:06:08Z</time></trkpt>
<trkpt lat="45.369513" lon="-75.836283"><ele>27.0</ele><time>2024-07-09T22:06:09Z</time></trkpt>
<trkpt lat="45.369513" lon="-75.836292"><ele>27.0</ele><time>2024-07-09T22:06:10Z</time></trkpt>
<trkpt lat="45.369513" lon="-75.836301"><ele>27.0</ele><time>2024-07-09T22:06:11Z</time></trkpt>
<trkpt lat="45.369513" lon="-75.83631"><ele>27.0</ele><time>2024-07-09T22:06:12Z</time></trkpt>
<trkpt lat="45.369509" lon="-75.836319"><ele>27.0</ele><time>2024-07-09T22:06:13Z</time></trkpt>
<trkpt lat="45.369509" lon="-75.836328"><ele>27.0</ele><time>2024-07-09T22:06:14Z</time></trkpt>
<trkpt lat="45.369509" lon="-75.836337"><ele>27.0</ele><time>2024-07-09T22:06:15Z</time></trkpt>
<trkpt lat="45.369509" lon="-75.836337"><ele>27.0</ele><time>2024-07-09T22:06:16Z</time></trkpt>
<trkpt lat="45.369509" lon="-75.836346"><ele>27.0</ele><time>2024-07-09T22:06:17Z</time></trkpt>
<trkpt lat="45.369509" lon="-75.836355"><ele>27.0</ele><time>2024-07-09T22:06:18Z</time></trkpt>
<trkpt lat="45.369506" lon="-75.836364"><ele>27.0</ele><time>2024-07-09T22:06:19Z</time></trkpt>
<trkpt lat="45.369506" lon="-75.836373"><ele>27.0</ele><time>2024-07-09T22:06:20Z</time></trkpt>
<trkpt lat="45.369506" lon="-75.836382"><ele>27.0</ele><time>2024-07-09T22:06:21Z</time></trkpt>
<trkpt lat="45.369506" lon="-75.836391"><ele>27.0</ele><time>2024-07-09T22:06:22Z</time></trkpt>
<trkpt lat="45.369506" lon="-75.8364"><ele>27.0</ele><time>2024-07-09T22:06:23Z</time></trkpt>
<trkpt lat="45.369503" lon="-75.836409"><ele>27.0</ele><time>2024-07-09T22:06:24Z</time></trkpt>
<trkpt lat="45.369503" lon="-75.836418"><ele>27.0</ele><time>2024-07-09T22:06:25Z</time></trkpt>
<trkpt lat="45.3695" lon="-75.836427"><ele>27.0</ele><time>2024-07-09T22:06:26Z</time></trkpt>
<trkpt lat="45.3695" lon="-75.836436"><ele>27.0</ele><time>2024-07-09T22:06:27Z</time></trkpt>
<trkpt lat="45.3695" lon="-75.836445"><ele>27.0</ele><time>2024-07-09T22:06:28Z</time></trkpt>
<trkpt lat="45.369497" lon="-75.836454"><ele>27.0</ele><time>2024-07-09T22:06:29Z</time></trkpt>
<trkpt lat="45.369497" lon="-75.836454"><ele>27.0</ele><time>2024-07-09T22:06:30Z</time></trkpt>
<trkpt lat="45.369497" lon="-75.836463"><ele>27.0</ele><time>2024-07-09T22:06:31Z</time></trkpt>
<trkpt lat="45.369497" lon="-75.836472"><ele>27.0</ele><time>2024-07-09T22:06:32Z</time></trkpt>
<trkpt lat="45.369494" lon="-75.836481"><ele>27.0</ele><time>2024-07-09T22:06:33Z</time></trkpt>
<trkpt lat="45.369494" lon="-75.836481"><ele>27.0</ele><time>2024-07-09T22:06:34Z</time></trkpt>
<trkpt lat="45.369494" lon="-75.83649"><ele>27.0</ele><time>2024-07-09T22:06:35Z</time></trkpt>
<trkpt lat="45.369494" lon="-75.836499"><ele>27.0</ele><time>2024-07-09T22:06:36Z</time></trkpt>
<trkpt lat="45.369494" lon="-75.836508"><ele>27.0</ele><time>2024-07-09T22:06:37Z</time></trkpt>
<trkpt lat="45.369494" lon="-75.836517"><ele>27.0</ele><time>2024-07-09T22:06:38Z</time></trkpt>
<trkpt lat="45.36949" lon="-75.836526"><ele>27.0</ele><time>2024-07-09T22:06:39Z</time></trkpt>
<trkpt lat="45.36949" lon="-75.836526"><ele>27.0</ele><time>2024-07-09T22:06:40Z</time></trkpt>
<trkpt lat="45.36949" lon="-75.836535"><ele>27.0</ele><time>2024-07-09T22:06:41Z</time></trkpt>
<trkpt lat="45.36949" lon="-75.836544"><ele>27.0</ele><time>2024-07-09T22:06:42Z</time></trkpt>
<trkpt lat="45.369487" lon="-75.836553"><ele>27.0</ele><time>2024-07-09T22:06:43Z</time></trkpt>
<trkpt lat="45.369487" lon="-75.836561"><ele>27.0</ele><time>2024-07-09T22:06:44Z</time></trkpt>
<trkpt lat="45.369487" lon="-75.83657"><ele>27.0</ele><time>2024-07-09T22:06:45Z</time></trkpt>
<trkpt lat="45.369487" lon="-75.836579"><ele>27.0</ele><time>2024-07-09T22:06:46Z</time></trkpt>
<trkpt lat="45.369487" lon="-75.836588"><ele>27.0</ele><time>2024-07-09T22:06:47Z</time></trkpt>
<trkpt lat="45.369487" lon="-75.836597"><ele>27.0</ele><time>2024-07-09T22:06:48Z</time></trkpt>
<trkpt lat="45.369487" lon="-75.836606"><ele>27.0</ele><time>2024-07-09T22:06:49Z</time></trkpt>
<trkpt lat="45.369487" lon="-75.836606"><ele>27.0</ele><time>2024-07-09T22:06:50Z</time></trkpt>
<trkpt lat="45.369487" lon="-75.836615"><ele>27.0</ele><time>2024-07-09T22:06:51Z</time></trkpt>
<trkpt lat="45.36949" lon="-75.836624"><ele>27.0</ele><time>2024-07-09T22:06:52Z</time></trkpt>
<trkpt lat="45.369494" lon="-75.836633"><ele>27.0</ele><time>2024-07-09T22:06:53Z</time></trkpt>
<trkpt lat="45.369494" lon="-75.836642"><ele>27.0</ele><time>2024-07-09T22:06:54Z</time></trkpt>
<trkpt lat="45.369494" lon="-75.836651"><ele>27.0</ele><time>2024-07-09T22:06:55Z</time></trkpt>
<trkpt lat="45.36949" lon="-75.83666"><ele>27.0</ele><time>2024-07-09T22:06:56Z</time></trkpt>
<trkpt lat="45.36949" lon="-75.83666"><ele>27.0</ele><time>2024-07-09T22:06:57Z</time></trkpt>
<trkpt lat="45.36949" lon="-75.836669"><ele>27.0</ele><time>2024-07-09T22:06:58Z</time></trkpt>
<trkpt lat="45.369487" lon="-75.836678"><ele>27.0</ele><time>2024-07-09T22:06:59Z</time></trkpt>
<trkpt lat="45.369487" lon="-75.836687"><ele>27.0</ele><time>2024-07-09T22:07:00Z</time></trkpt>
<trkpt lat="45.369487" lon="-75.836687"><ele>27.0</ele><time>2024-07-09T22:07:01Z</time></trkpt>
<trkpt lat="45.369487" lon="-75.836696"><ele>27.0</ele><time>2024-07-09T22:07:02Z</time></trkpt>
<trkpt lat="45.369487" lon="-75.836705"><ele>27.0</ele><time>2024-07-09T22:07:03Z</time></trkpt>
<trkpt lat="45.369487" lon="-75.836714"><ele>27.0</ele><time>2024-07-09T22:07:04Z</time></trkpt>
<trkpt lat="45.369484" lon="-75.836723"><ele>27.0</ele><time>2024-07-09T22:07:05Z</time></trkpt>
<trkpt lat="45.369484" lon="-75.836723"><ele>27.0</ele><time>2024-07-09T22:07:06Z</time></trkpt>
<trkpt lat="45.369484" lon="-75.836732"><ele>27.0</ele><time>2024-07-09T22:07:07Z</time></trkpt>
<trkpt lat="45.369484" lon="-75.836741"><ele>27.0</ele><time>2024-07-09T22:07:08Z</time></trkpt>
<trkpt lat="45.369484" lon="-75.83675"><ele>27.0</ele><time>2024-07-09T22:07:09Z</time></trkpt>
<trkpt lat="45.369484" lon="-75.83675"><ele>26.0</ele><time>2024-07-09T22:07:10Z</time></trkpt>
<trkpt lat="45.369484" lon="-75.836759"><ele>26.0</ele><time>2024-07-09T22:07:11Z</time></trkpt>
<trkpt lat="45.369484" lon="-75.836768"><ele>27.0</ele><time>2024-07-09T22:07:12Z</time></trkpt>
<trkpt lat="45.369484" lon="-75.836777"><ele>27.0</ele><time>2024-07-09T22:07:13Z</time></trkpt>
<trkpt lat="45.369484" lon="-75.836777"><ele>27.0</ele><time>2024-07-09T22:07:14Z</time></trkpt>
<trkpt lat="45.369484" lon="-75.836786"><ele>27.0</ele><time>2024-07-09T22:07:15Z</time></trkpt>
<trkpt lat="45.369484" lon="-75.836795"><ele>27.0</ele><time>2024-07-09T22:07:16Z</time></trkpt>
<trkpt lat="45.369484" lon="-75.836813"><ele>27.0</ele><time>2024-07-09T22:07:17Z</time></trkpt>
<trkpt lat="45.369484" lon="-75.836822"><ele>26.0</ele><time>2024-07-09T22:07:18Z</time></trkpt>
<trkpt lat="45.369484" lon="-75.836831"><ele>26.0</ele><time>2024-07-09T22:07:19Z</time></trkpt>
<trkpt lat="45.369484" lon="-75.83684"><ele>26.0</ele><time>2024-07-09T22:07:20Z</time></trkpt>
<trkpt lat="45.369487" lon="-75.836858"><ele>27.0</ele><time>2024-07-09T22:07:21Z</time></trkpt>
<trkpt lat="45.369484" lon="-75.836867"><ele>26.0</ele><time>2024-07-09T22:07:22Z</time></trkpt>
<trkpt lat="45.369487" lon="-75.836876"><ele>26.0</ele><time>2024-07-09T22:07:23Z</time></trkpt>
<trkpt lat="45.369487" lon="-75.836885"><ele>26.0</ele><time>2024-07-09T22:07:24Z</time></trkpt>
<trkpt lat="45.36949" lon="-75.836903"><ele>26.0</ele><time>2024-07-09T22:07:25Z</time></trkpt>
<trkpt lat="45.36949" lon="-75.836912"><ele>26.0</ele><time>2024-07-09T22:07:26Z</time></trkpt>
<trkpt lat="45.36949" lon="-75.83693"><ele>26.0</ele><time>2024-07-09T22:07:27Z</time></trkpt>
<trkpt lat="45.36949" lon="-75.836948"><ele>26.0</ele><time>2024-07-09T22:07:28Z</time></trkpt>
<trkpt lat="45.36949" lon="-75.836957"><ele>26.0</ele><time>2024-07-09T22:07:29Z</time></trkpt>
<trkpt lat="45.369494" lon="-75.836975"><ele>26.0</ele><time>2024-07-09T22:07:30Z</time></trkpt>
<trkpt lat="45.369494" lon="-75.836984"><ele>26.0</ele><time>2024-07-09T22:07:31Z</time></trkpt>
<trkpt lat="45.369494" lon="-75.837002"><ele>26.0</ele><time>2024-07-09T22:07:32Z</time></trkpt>
<trkpt lat="45.369497" lon="-75.83702"><ele>26.0</ele><time>2024-07-09T22:07:33Z</time></trkpt>
<trkpt lat="45.369497" lon="-75.837029"><ele>26.0</ele><time>2024-07-09T22:07:34Z</time></trkpt>
<trkpt lat="45.369497" lon="-75.837047"><ele>26.0</ele><time>2024-07-09T22:07:35Z</time></trkpt>
<trkpt lat="45.3695" lon="-75.837065"><ele>26.0</ele><time>2024-07-09T22:07:36Z</time></trkpt>
<trkpt lat="45.3695" lon="-75.837082"><ele>26.0</ele><time>2024-07-09T22:07:37Z</time></trkpt>
<trkpt lat="45.369503" lon="-75.8371"><ele>26.0</ele><time>2024-07-09T22:07:38Z</time></trkpt>
<trkpt lat="45.369503" lon="-75.837109"><ele>26.0</ele><time>2024-07-09T22:07:39Z</time></trkpt>
<trkpt lat="45.369506" lon="-75.837127"><ele>26.0</ele><time>2024-07-09T22:07:40Z</time></trkpt>
<trkpt lat="45.369509" lon="-75.837145"><ele>26.0</ele><time>2024-07-09T22:07:41Z</time></trkpt>
<trkpt lat="45.369509" lon="-75.837163"><ele>26.0</ele><time>2024-07-09T22:07:42Z</time></trkpt>
<trkpt lat="45.369513" lon="-75.837172"><ele>26.0</ele><time>2024-07-09T22:07:43Z</time></trkpt>
<trkpt lat="45.369516" lon="-75.83719"><ele>27.0</ele><time>2024-07-09T22:07:44Z</time></trkpt>
<trkpt lat="45.369519" lon="-75.837208"><ele>27.0</ele><time>2024-07-09T22:07:45Z</time></trkpt>
<trkpt lat="45.369519" lon="-75.837226"><ele>27.0</ele><time>2024-07-09T22:07:46Z</time></trkpt>
<trkpt lat="45.369522" lon="-75.837244"><ele>27.0</ele><time>2024-07-09T22:07:47Z</time></trkpt>
<trkpt lat="45.369525" lon="-75.837253"><ele>27.0</ele><time>2024-07-09T22:07:48Z</time></trkpt>
<trkpt lat="45.369525" lon="-75.837271"><ele>27.0</ele><time>2024-07-09T22:07:49Z</time></trkpt>
<trkpt lat="45.369528" lon="-75.837289"><ele>27.0</ele><time>2024-07-09T22:07:50Z</time></trkpt>
<trkpt lat="45.369532" lon="-75.837307"><ele>27.0</ele><time>2024-07-09T22:07:51Z</time></trkpt>
<trkpt lat="45.369535" lon="-75.837325"><ele>27.0</ele><time>2024-07-09T22:07:52Z</time></trkpt>
<trkpt lat="45.369535" lon="-75.837343"><ele>27.0</ele><time>2024-07-09T22:07:53Z</time></trkpt>
<trkpt lat="45.369538" lon="-75.837361"><ele>27.0</ele><time>2024-07-09T22:07:54Z</time></trkpt>
<trkpt lat="45.369541" lon="-75.837379"><ele>27.0</ele><time>2024-07-09T22:07:55Z</time></trkpt>
<trkpt lat="45.369544" lon="-75.837397"><ele>27.0</ele><time>2024-07-09T22:07:56Z</time></trkpt>
<trkpt lat="45.369551" lon="-75.837406"><ele>27.0</ele><time>2024-07-09T22:07:57Z</time></trkpt>
<trkpt lat="45.369554" lon="-75.837424"><ele>27.0</ele><time>2024-07-09T22:07:58Z</time></trkpt>
<trkpt lat="45.369557" lon="-75.837442"><ele>27.0</ele><time>2024-07-09T22:07:59Z</time></trkpt>
<trkpt lat="45.36956" lon="-75.83746"><ele>27.0</ele><time>2024-07-09T22:08:00Z</time></trkpt>
<trkpt lat="45.369563" lon="-75.837478"><ele>27.0</ele><time>2024-07-09T22:08:01Z</time></trkpt>
<trkpt lat="45.36957" lon="-75.837496"><ele>27.0</ele><time>2024-07-09T22:08:02Z</time></trkpt>
<trkpt lat="45.369573" lon="-75.837514"><ele>27.0</ele><time>2024-07-09T22:08:03Z</time></trkpt>
<trkpt lat="45.369576" lon="-75.837523"><ele>27.0</ele><time>2024-07-09T22:08:04Z</time></trkpt>
<trkpt lat="45.369579" lon="-75.837541"><ele>28.0</ele><time>2024-07-09T22:08:05Z</time></trkpt>
<trkpt lat="45.369582" lon="-75.837559"><ele>28.0</ele><time>2024-07-09T22:08:06Z</time></trkpt>
<trkpt lat="45.369585" lon="-75.837577"><ele>28.0</ele><time>2024-07-09T22:08:07Z</time></trkpt>
<trkpt lat="45.369592" lon="-75.837586"><ele>28.0</ele><time>2024-07-09T22:08:08Z</time></trkpt>
<trkpt lat="45.369595" lon="-75.837603"><ele>28.0</ele><time>2024-07-09T22:08:09Z</time></trkpt>
<trkpt lat="45.369595" lon="-75.837612"><ele>27.0</ele><time>2024-07-09T22:08:10Z</time></trkpt>
<trkpt lat="45.369598" lon="-75.83763"><ele>27.0</ele><time>2024-07-09T22:08:11Z</time></trkpt>
<trkpt lat="45.369604" lon="-75.837648"><ele>27.0</ele><time>2024-07-09T22:08:12Z</time></trkpt>
<trkpt lat="45.369608" lon="-75.837666"><ele>27.0</ele><time>2024-07-09T22:08:13Z</time></trkpt>
<trkpt lat="45.369614" lon="-75.837684"><ele>27.0</ele><time>2024-07-09T22:08:14Z</time></trkpt>
<trkpt lat="45.369617" lon="-75.837693"><ele>27.0</ele><time>2024-07-09T22:08:15Z</time></trkpt>
<trkpt lat="45.369623" lon="-75.837711"><ele>28.0</ele><time>2024-07-09T22:08:16Z</time></trkpt>
<trkpt lat="45.369627" lon="-75.837729"><ele>28.0</ele><time>2024-07-09T22:08:17Z</time></trkpt>
<trkpt lat="45.369633" lon="-75.837747"><ele>28.0</ele><time>2024-07-09T22:08:18Z</time></trkpt>
<trkpt lat="45.369639" lon="-75.837765"><ele>28.0</ele><time>2024-07-09T22:08:19Z</time></trkpt>
<trkpt lat="45.369642" lon="-75.837783"><ele>28.0</ele><time>2024-07-09T22:08:20Z</time></trkpt>
<trkpt lat="45.369649" lon="-75.837801"><ele>28.0</ele><time>2024-07-09T22:08:21Z</time></trkpt>
<trkpt lat="45.369652" lon="-75.837819"><ele>28.0</ele><time>2024-07-09T22:08:22Z</time></trkpt>
<trkpt lat="45.369658" lon="-75.837837"><ele>28.0</ele><time>2024-07-09T22:08:23Z</time></trkpt>
<trkpt lat="45.369661" lon="-75.837855"><ele>28.0</ele><time>2024-07-09T22:08:24Z</time></trkpt>
<trkpt lat="45.369665" lon="-75.837873"><ele>28.0</ele><time>2024-07-09T22:08:25Z</time></trkpt>
<trkpt lat="45.369671" lon="-75.837891"><ele>28.0</ele><time>2024-07-09T22:08:26Z</time></trkpt>
<trkpt lat="45.369674" lon="-75.8379"><ele>28.0</ele><time>2024-07-09T22:08:27Z</time></trkpt>
<trkpt lat="45.36968" lon="-75.837918"><ele>28.0</ele><time>2024-07-09T22:08:28Z</time></trkpt>
<trkpt lat="45.369684" lon="-75.837936"><ele>28.0</ele><time>2024-07-09T22:08:29Z</time></trkpt>
<trkpt lat="45.36969" lon="-75.837954"><ele>28.0</ele><time>2024-07-09T22:08:30Z</time></trkpt>
<trkpt lat="45.369693" lon="-75.837972"><ele>28.0</ele><time>2024-07-09T22:08:31Z</time></trkpt>
<trkpt lat="45.369699" lon="-75.83799"><ele>28.0</ele><time>2024-07-09T22:08:32Z</time></trkpt>
<trkpt lat="45.369703" lon="-75.838008"><ele>28.0</ele><time>2024-07-09T22:08:33Z</time></trkpt>
<trkpt lat="45.369709" lon="-75.838026"><ele>28.0</ele><time>2024-07-09T22:08:34Z</time></trkpt>
<trkpt lat="45.369712" lon="-75.838044"><ele>28.0</ele><time>2024-07-09T22:08:35Z</time></trkpt>
<trkpt lat="45.369718" lon="-75.838062"><ele>28.0</ele><time>2024-07-09T22:08:36Z</time></trkpt>
<trkpt lat="45.369722" lon="-75.83808"><ele>28.0</ele><time>2024-07-09T22:08:37Z</time></trkpt>
<trkpt lat="45.369728" lon="-75.838098"><ele>28.0</ele><time>2024-07-09T22:08:38Z</time></trkpt>
<trkpt lat="45.369731" lon="-75.838116"><ele>28.0</ele><time>2024-07-09T22:08:39Z</time></trkpt>
<trkpt lat="45.369734" lon="-75.838142"><ele>28.0</ele><time>2024-07-09T22:08:40Z</time></trkpt>
<trkpt lat="45.369737" lon="-75.83816"><ele>28.0</ele><time>2024-07-09T22:08:41Z</time></trkpt>
<trkpt lat="45.369741" lon="-75.838178"><ele>28.0</ele><time>2024-07-09T22:08:42Z</time></trkpt>
<trkpt lat="45.369744" lon="-75.838196"><ele>28.0</ele><time>2024-07-09T22:08:43Z</time></trkpt>
<trkpt lat="45.369747" lon="-75.838223"><ele>28.0</ele><time>2024-07-09T22:08:44Z</time></trkpt>
<trkpt lat="45.36975" lon="-75.838241"><ele>28.0</ele><time>2024-07-09T22:08:45Z</time></trkpt>
<trkpt lat="45.36976" lon="-75.83825"><ele>27.0</ele><time>2024-07-09T22:08:46Z</time></trkpt>
<trkpt lat="45.369769" lon="-75.838259"><ele>27.0</ele><time>2024-07-09T22:08:47Z</time></trkpt>
<trkpt lat="45.369779" lon="-75.838268"><ele>27.0</ele><time>2024-07-09T22:08:48Z</time></trkpt>
<trkpt lat="45.369791" lon="-75.838277"><ele>27.0</ele><time>2024-07-09T22:08:49Z</time></trkpt>
<trkpt lat="45.369801" lon="-75.838286"><ele>26.0</ele><time>2024-07-09T22:08:50Z</time></trkpt>
<trkpt lat="45.369813" lon="-75.838295"><ele>27.0</ele><time>2024-07-09T22:08:51Z</time></trkpt>
<trkpt lat="45.369823" lon="-75.838304"><ele>27.0</ele><time>2024-07-09T22:08:52Z</time></trkpt>
<trkpt lat="45.369836" lon="-75.838304"><ele>27.0</ele><time>2024-07-09T22:08:53Z</time></trkpt>
<trkpt lat="45.369845" lon="-75.838313"><ele>27.0</ele><time>2024-07-09T22:08:54Z</time></trkpt>
<trkpt lat="45.369855" lon="-75.838322"><ele>27.0</ele><time>2024-07-09T22:08:55Z</time></trkpt>
<trkpt lat="45.369867" lon="-75.838331"><ele>27.0</ele><time>2024-07-09T22:08:56Z</time></trkpt>
<trkpt lat="45.369877" lon="-75.83834"><ele>27.0</ele><time>2024-07-09T22:08:57Z</time></trkpt>
<trkpt lat="45.369886" lon="-75.838349"><ele>27.0</ele><time>2024-07-09T22:08:58Z</time></trkpt>
<trkpt lat="45.369896" lon="-75.838358"><ele>27.0</ele><time>2024-07-09T22:08:59Z</time></trkpt>
<trkpt lat="45.369905" lon="-75.838367"><ele>27.0</ele><time>2024-07-09T22:09:00Z</time></trkpt>
<trkpt lat="45.369915" lon="-75.838376"><ele>27.0</ele><time>2024-07-09T22:09:01Z</time></trkpt>
<trkpt lat="45.369924" lon="-75.838385"><ele>27.0</ele><time>2024-07-09T22:09:02Z</time></trkpt>
<trkpt lat="45.369934" lon="-75.838394"><ele>27.0</ele><time>2024-07-09T22:09:03Z</time></trkpt>
<trkpt lat="45.369946" lon="-75.838394"><ele>27.0</ele><time>2024-07-09T22:09:04Z</time></trkpt>
<trkpt lat="45.369959" lon="-75.838394"><ele>26.0</ele><time>2024-07-09T22:09:05Z</time></trkpt>
<trkpt lat="45.369972" lon="-75.838394"><ele>26.0</ele><time>2024-07-09T22:09:06Z</time></trkpt>
<trkpt lat="45.369981" lon="-75.838385"><ele>26.0</ele><time>2024-07-09T22:09:07Z</time></trkpt>
<trkpt lat="45.369994" lon="-75.838385"><ele>26.0</ele><time>2024-07-09T22:09:08Z</time></trkpt>
<trkpt lat="45.370007" lon="-75.838376"><ele>26.0</ele><time>2024-07-09T22:09:09Z</time></trkpt>
<trkpt lat="45.370019" lon="-75.838367"><ele>26.0</ele><time>2024-07-09T22:09:10Z</time></trkpt>
<trkpt lat="45.370032" lon="-75.838358"><ele>26.0</ele><time>2024-07-09T22:09:11Z</time></trkpt>
<trkpt lat="45.370041" lon="-75.83834"><ele>26.0</ele><time>2024-07-09T22:09:12Z</time></trkpt>
<trkpt lat="45.370054" lon="-75.838331"><ele>26.0</ele><time>2024-07-09T22:09:13Z</time></trkpt>
<trkpt lat="45.370064" lon="-75.838313"><ele>26.0</ele><time>2024-07-09T22:09:14Z</time></trkpt>
<trkpt lat="45.370073" lon="-75.838304"><ele>26.0</ele><time>2024-07-09T22:09:15Z</time></trkpt>
<trkpt lat="45.370083" lon="-75.838286"><ele>26.0</ele><time>2024-07-09T22:09:16Z</time></trkpt>
<trkpt lat="45.370092" lon="-75.838277"><ele>26.0</ele><time>2024-07-09T22:09:17Z</time></trkpt>
<trkpt lat="45.370098" lon="-75.838259"><ele>26.0</ele><time>2024-07-09T22:09:18Z</time></trkpt>
<trkpt lat="45.370108" lon="-75.838241"><ele>26.0</ele><time>2024-07-09T22:09:19Z</time></trkpt>
<trkpt lat="45.370114" lon="-75.838232"><ele>26.0</ele><time>2024-07-09T22:09:20Z</time></trkpt>
<trkpt lat="45.370124" lon="-75.838214"><ele>26.0</ele><time>2024-07-09T22:09:21Z</time></trkpt>
<trkpt lat="45.370133" lon="-75.838205"><ele>25.0</ele><time>2024-07-09T22:09:22Z</time></trkpt>
<trkpt lat="45.370139" lon="-75.838196"><ele>25.0</ele><time>2024-07-09T22:09:23Z</time></trkpt>
<trkpt lat="45.370152" lon="-75.838178"><ele>25.0</ele><time>2024-07-09T22:09:24Z</time></trkpt>
<trkpt lat="45.370162" lon="-75.838169"><ele>26.0</ele><time>2024-07-09T22:09:25Z</time></trkpt>
<trkpt lat="45.370168" lon="-75.838151"><ele>26.0</ele><time>2024-07-09T22:09:26Z</time></trkpt>
<trkpt lat="45.370177" lon="-75.838133"><ele>27.0</ele><time>2024-07-09T22:09:27Z</time></trkpt>
<trkpt lat="45.370181" lon="-75.838116"><ele>26.0</ele><time>2024-07-09T22:09:28Z</time></trkpt>
<trkpt lat="45.370184" lon="-75.838107"><ele>26.0</ele><time>2024-07-09T22:09:29Z</time></trkpt>
<trkpt lat="45.370187" lon="-75.838107"><ele>26.0</ele><time>2024-07-09T22:09:30Z</time></trkpt>
<trkpt lat="45.370193" lon="-75.838098"><ele>26.0</ele><time>2024-07-09T22:09:31Z</time></trkpt>
<trkpt lat="45.3702" lon="-75.838089"><ele>26.0</ele><time>2024-07-09T22:09:32Z</time></trkpt>
<trkpt lat="45.370203" lon="-75.83808"><ele>26.0</ele><time>2024-07-09T22:09:33Z</time></trkpt>
<trkpt lat="45.370206" lon="-75.838071"><ele>26.0</ele><time>2024-07-09T22:09:34Z</time></trkpt>
<trkpt lat="45.370209" lon="-75.838062"><ele>26.0</ele><time>2024-07-09T22:09:35Z</time></trkpt>
<trkpt lat="45.370209" lon="-75.838053"><ele>26.0</ele><time>2024-07-09T22:09:36Z</time></trkpt>
<trkpt lat="45.370215" lon="-75.838044"><ele>26.0</ele><time>2024-07-09T22:09:37Z</time></trkpt>
<trkpt lat="45.370219" lon="-75.838035"><ele>26.0</ele><time>2024-07-09T22:09:38Z</time></trkpt>
<trkpt lat="45.370222" lon="-75.838026"><ele>26.0</ele><time>2024-07-09T22:09:39Z</time></trkpt>
<trkpt lat="45.370225" lon="-75.838017"><ele>26.0</ele><time>2024-07-09T22:09:40Z</time></trkpt>
<trkpt lat="45.370231" lon="-75.838008"><ele>26.0</ele><time>2024-07-09T22:09:41Z</time></trkpt>
<trkpt lat="45.370234" lon="-75.83799"><ele>26.0</ele><time>2024-07-09T22:09:42Z</time></trkpt>
<trkpt lat="45.370238" lon="-75.837981"><ele>26.0</ele><time>2024-07-09T22:09:43Z</time></trkpt>
<trkpt lat="45.370241" lon="-75.837972"><ele>26.0</ele><time>2024-07-09T22:09:44Z</time></trkpt>
<trkpt lat="45.370244" lon="-75.837963"><ele>26.0</ele><time>2024-07-09T22:09:45Z</time></trkpt>
<trkpt lat="45.370247" lon="-75.837954"><ele>26.0</ele><time>2024-07-09T22:09:46Z</time></trkpt>
<trkpt lat="45.37025" lon="-75.837945"><ele>26.0</ele><time>2024-07-09T22:09:47Z</time></trkpt>
<trkpt lat="45.370253" lon="-75.837936"><ele>26.0</ele><time>2024-07-09T22:09:48Z</time></trkpt>
<trkpt lat="45.370257" lon="-75.837918"><ele>26.0</ele><time>2024-07-09T22:09:49Z</time></trkpt>
<trkpt lat="45.37026" lon="-75.837909"><ele>26.0</ele><time>2024-07-09T22:09:50Z</time></trkpt>
<trkpt lat="45.370263" lon="-75.8379"><ele>26.0</ele><time>2024-07-09T22:09:51Z</time></trkpt>
<trkpt lat="45.370266" lon="-75.8379"><ele>26.0</ele><time>2024-07-09T22:09:52Z</time></trkpt>
<trkpt lat="45.370269" lon="-75.837891"><ele>26.0</ele><time>2024-07-09T22:09:53Z</time></trkpt>
<trkpt lat="45.370272" lon="-75.837873"><ele>26.0</ele><time>2024-07-09T22:09:54Z</time></trkpt>
<trkpt lat="45.370276" lon="-75.837864"><ele>27.0</ele><time>2024-07-09T22:09:55Z</time></trkpt>
<trkpt lat="45.370279" lon="-75.837855"><ele>26.0</ele><time>2024-07-09T22:09:56Z</time></trkpt>
<trkpt lat="45.370282" lon="-75.837846"><ele>26.0</ele><time>2024-07-09T22:09:57Z</time></trkpt>
<trkpt lat="45.370285" lon="-75.837837"><ele>26.0</ele><time>2024-07-09T22:09:58Z</time></trkpt>
<trkpt lat="45.370288" lon="-75.837828"><ele>26.0</ele><time>2024-07-09T22:09:59Z</time></trkpt>
<trkpt lat="45.370291" lon="-75.837819"><ele>26.0</ele><time>2024-07-09T22:10:00Z</time></trkpt>
<trkpt lat="45.370298" lon="-75.83781"><ele>26.0</ele><time>2024-07-09T22:10:01Z</time></trkpt>
<trkpt lat="45.370298" lon="-75.837801"><ele>25.0</ele><time>2024-07-09T22:10:02Z</time></trkpt>
<trkpt lat="45.370304" lon="-75.837792"><ele>25.0</ele><time>2024-07-09T22:10:03Z</time></trkpt>
<trkpt lat="45.370307" lon="-75.837792"><ele>25.0</ele><time>2024-07-09T22:10:04Z</time></trkpt>
<trkpt lat="45.37031" lon="-75.837783"><ele>25.0</ele><time>2024-07-09T22:10:05Z</time></trkpt>
<trkpt lat="45.370314" lon="-75.837774"><ele>25.0</ele><time>2024-07-09T22:10:06Z</time></trkpt>
<trkpt lat="45.370317" lon="-75.837774"><ele>25.0</ele><time>2024-07-09T22:10:07Z</time></trkpt>
<trkpt lat="45.37032" lon="-75.837765"><ele>25.0</ele><time>2024-07-09T22:10:08Z</time></trkpt>
<trkpt lat="45.370323" lon="-75.837756"><ele>25.0</ele><time>2024-07-09T22:10:09Z</time></trkpt>
<trkpt lat="45.370326" lon="-75.837747"><ele>25.0</ele><time>2024-07-09T22:10:10Z</time></trkpt>
<trkpt lat="45.370329" lon="-75.837747"><ele>25.0</ele><time>2024-07-09T22:10:11Z</time></trkpt>
<trkpt lat="45.370333" lon="-75.837738"><ele>25.0</ele><time>2024-07-09T22:10:12Z</time></trkpt>
<trkpt lat="45.370339" lon="-75.837729"><ele>25.0</ele><time>2024-07-09T22:10:13Z</time></trkpt>
<trkpt lat="45.370342" lon="-75.83772"><ele>25.0</ele><time>2024-07-09T22:10:14Z</time></trkpt>
<trkpt lat="45.370345" lon="-75.83772"><ele>25.0</ele><time>2024-07-09T22:10:15Z</time></trkpt>
<trkpt lat="45.370345" lon="-75.837711"><ele>25.0</ele><time>2024-07-09T22:10:16Z</time></trkpt>
<trkpt lat="45.370348" lon="-75.837711"><ele>25.0</ele><time>2024-07-09T22:10:17Z</time></trkpt>
<trkpt lat="45.370352" lon="-75.837702"><ele>25.0</ele><time>2024-07-09T22:10:18Z</time></trkpt>
<trkpt lat="45.370352" lon="-75.837693"><ele>25.0</ele><time>2024-07-09T22:10:19Z</time></trkpt>
<trkpt lat="45.370355" lon="-75.837693"><ele>25.0</ele><time>2024-07-09T22:10:20Z</time></trkpt>
<trkpt lat="45.370358" lon="-75.837684"><ele>25.0</ele><time>2024-07-09T22:10:21Z</time></trkpt>
<trkpt lat="45.370358" lon="-75.837675"><ele>24.0</ele><time>2024-07-09T22:10:22Z</time></trkpt>
<trkpt lat="45.370361" lon="-75.837666"><ele>24.0</ele><time>2024-07-09T22:10:23Z</time></trkpt>
<trkpt lat="45.370361" lon="-75.837657"><ele>24.0</ele><time>2024-07-09T22:10:24Z</time></trkpt>
<trkpt lat="45.370361" lon="-75.837648"><ele>24.0</ele><time>2024-07-09T22:10:25Z</time></trkpt>
<trkpt lat="45.370364" lon="-75.837639"><ele>24.0</ele><time>2024-07-09T22:10:26Z</time></trkpt>
<trkpt lat="45.370364" lon="-75.83763"><ele>24.0</ele><time>2024-07-09T22:10:27Z</time></trkpt>
<trkpt lat="45.370364" lon="-75.83763"><ele>24.0</ele><time>2024-07-09T22:10:28Z</time></trkpt>
<trkpt lat="45.370367" lon="-75.837621"><ele>24.0</ele><time>2024-07-09T22:10:29Z</time></trkpt>
<trkpt lat="45.370367" lon="-75.837612"><ele>24.0</ele><time>2024-07-09T22:10:30Z</time></trkpt>
<trkpt lat="45.370371" lon="-75.837603"><ele>24.0</ele><time>2024-07-09T22:10:31Z</time></trkpt>
<trkpt lat="45.370374" lon="-75.837595"><ele>24.0</ele><time>2024-07-09T22:10:32Z</time></trkpt>
<trkpt lat="45.370377" lon="-75.837595"><ele>24.0</ele><time>2024-07-09T22:10:33Z</time></trkpt>
<trkpt lat="45.370377" lon="-75.837586"><ele>25.0</ele><time>2024-07-09T22:10:34Z</time></trkpt>
<trkpt lat="45.370377" lon="-75.837577"><ele>25.0</ele><time>2024-07-09T22:10:35Z</time></trkpt>
<trkpt lat="45.37038" lon="-75.837568"><ele>25.0</ele><time>2024-07-09T22:10:36Z</time></trkpt>
<trkpt lat="45.370383" lon="-75.837559"><ele>25.0</ele><time>2024-07-09T22:10:37Z</time></trkpt>
<trkpt lat="45.370383" lon="-75.83755"><ele>25.0</ele><time>2024-07-09T22:10:38Z</time></trkpt>
<trkpt lat="45.370386" lon="-75.837541"><ele>25.0</ele><time>2024-07-09T22:10:39Z</time></trkpt>
<trkpt lat="45.370386" lon="-75.837541"><ele>25.0</ele><time>2024-07-09T22:10:40Z</time></trkpt>
<trkpt lat="45.370386" lon="-75.837532"><ele>25.0</ele><time>2024-07-09T22:10:41Z</time></trkpt>
<trkpt lat="45.370386" lon="-75.837532"><ele>25.0</ele><time>2024-07-09T22:10:42Z</time></trkpt>
<trkpt lat="45.370386" lon="-75.837523"><ele>25.0</ele><time>2024-07-09T22:10:43Z</time></trkpt>
<trkpt lat="45.37039" lon="-75.837514"><ele>25.0</ele><time>2024-07-09T22:10:44Z</time></trkpt>
<trkpt lat="45.37039" lon="-75.837505"><ele>25.0</ele><time>2024-07-09T22:10:45Z</time></trkpt>
<trkpt lat="45.370393" lon="-75.837496"><ele>25.0</ele><time>2024-07-09T22:10:46Z</time></trkpt>
<trkpt lat="45.370393" lon="-75.837496"><ele>25.0</ele><time>2024-07-09T22:10:47Z</time></trkpt>
<trkpt lat="45.370393" lon="-75.837487"><ele>25.0</ele><time>2024-07-09T22:10:48Z</time></trkpt>
<trkpt lat="45.370393" lon="-75.837478"><ele>25.0</ele><time>2024-07-09T22:10:49Z</time></trkpt>
<trkpt lat="45.370393" lon="-75.837469"><ele>25.0</ele><time>2024-07-09T22:10:50Z</time></trkpt>
<trkpt lat="45.370396" lon="-75.837469"><ele>25.0</ele><time>2024-07-09T22:10:51Z</time></trkpt>
<trkpt lat="45.370396" lon="-75.83746"><ele>25.0</ele><time>2024-07-09T22:10:52Z</time></trkpt>
<trkpt lat="45.370396" lon="-75.837451"><ele>25.0</ele><time>2024-07-09T22:10:53Z</time></trkpt>
<trkpt lat="45.370396" lon="-75.837451"><ele>25.0</ele><time>2024-07-09T22:10:54Z</time></trkpt>
<trkpt lat="45.370396" lon="-75.837442"><ele>25.0</ele><time>2024-07-09T22:10:55Z</time></trkpt>
<trkpt lat="45.370396" lon="-75.837433"><ele>25.0</ele><time>2024-07-09T22:10:56Z</time></trkpt>
<trkpt lat="45.370393" lon="-75.837424"><ele>25.0</ele><time>2024-07-09T22:10:57Z</time></trkpt>
<trkpt lat="45.370393" lon="-75.837415"><ele>25.0</ele><time>2024-07-09T22:10:58Z</time></trkpt>
<trkpt lat="45.370393" lon="-75.837415"><ele>25.0</ele><time>2024-07-09T22:10:59Z</time></trkpt>
<trkpt lat="45.37039" lon="-75.837406"><ele>25.0</ele><time>2024-07-09T22:11:00Z</time></trkpt>
<trkpt lat="45.37039" lon="-75.837397"><ele>25.0</ele><time>2024-07-09T22:11:01Z</time></trkpt>
<trkpt lat="45.37039" lon="-75.837397"><ele>25.0</ele><time>2024-07-09T22:11:02Z</time></trkpt>
<trkpt lat="45.37039" lon="-75.837388"><ele>25.0</ele><time>2024-07-09T22:11:03Z</time></trkpt>
<trkpt lat="45.37039" lon="-75.837379"><ele>25.0</ele><time>2024-07-09T22:11:04Z</time></trkpt>
<trkpt lat="45.370386" lon="-75.837379"><ele>25.0</ele><time>2024-07-09T22:11:05Z</time></trkpt>
<trkpt lat="45.370386" lon="-75.83737"><ele>26.0</ele><time>2024-07-09T22:11:06Z</time></trkpt>
<trkpt lat="45.370386" lon="-75.837361"><ele>26.0</ele><time>2024-07-09T22:11:07Z</time></trkpt>
<trkpt lat="45.370386" lon="-75.837361"><ele>25.0</ele><time>2024-07-09T22:11:08Z</time></trkpt>
<trkpt lat="45.370383" lon="-75.837352"><ele>25.0</ele><time>2024-07-09T22:11:09Z</time></trkpt>
<trkpt lat="45.370383" lon="-75.837343"><ele>26.0</ele><time>2024-07-09T22:11:10Z</time></trkpt>
<trkpt lat="45.370383" lon="-75.837334"><ele>26.0</ele><time>2024-07-09T22:11:11Z</time></trkpt>
<trkpt lat="45.370383" lon="-75.837334"><ele>26.0</ele><time>2024-07-09T22:11:12Z</time></trkpt>
<trkpt lat="45.370383" lon="-75.837325"><ele>26.0</ele><time>2024-07-09T22:11:13Z</time></trkpt>
<trkpt lat="45.37038" lon="-75.837316"><ele>26.0</ele><time>2024-07-09T22:11:14Z</time></trkpt>
<trkpt lat="45.37038" lon="-75.837316"><ele>25.0</ele><time>2024-07-09T22:11:15Z</time></trkpt>
<trkpt lat="45.370377" lon="-75.837307"><ele>25.0</ele><time>2024-07-09T22:11:16Z</time></trkpt>
<trkpt lat="45.370374" lon="-75.837298"><ele>26.0</ele><time>2024-07-09T22:11:17Z</time></trkpt>
<trkpt lat="45.370371" lon="-75.837289"><ele>25.0</ele><time>2024-07-09T22:11:18Z</time></trkpt>
<trkpt lat="45.370371" lon="-75.837289"><ele>25.0</ele><time>2024-07-09T22:11:19Z</time></trkpt>
<trkpt lat="45.370367" lon="-75.83728"><ele>25.0</ele><time>2024-07-09T22:11:20Z</time></trkpt>
<trkpt lat="45.370364" lon="-75.83728"><ele>25.0</ele><time>2024-07-09T22:11:21Z</time></trkpt>
<trkpt lat="45.370364" lon="-75.837271"><ele>25.0</ele><time>2024-07-09T22:11:22Z</time></trkpt>
<trkpt lat="45.370361" lon="-75.837262"><ele>25.0</ele><time>2024-07-09T22:11:23Z</time></trkpt>
<trkpt lat="45.370361" lon="-75.837262"><ele>25.0</ele><time>2024-07-09T22:11:24Z</time></trkpt>
<trkpt lat="45.370358" lon="-75.837253"><ele>25.0</ele><time>2024-07-09T22:11:25Z</time></trkpt>
<trkpt lat="45.370355" lon="-75.837253"><ele>25.0</ele><time>2024-07-09T22:11:26Z</time></trkpt>
<trkpt lat="45.370355" lon="-75.837244"><ele>25.0</ele><time>2024-07-09T22:11:27Z</time></trkpt>
<trkpt lat="45.370352" lon="-75.837235"><ele>25.0</ele><time>2024-07-09T22:11:28Z</time></trkpt>
<trkpt lat="45.370348" lon="-75.837235"><ele>25.0</ele><time>2024-07-09T22:11:29Z</time></trkpt>
<trkpt lat="45.370345" lon="-75.837226"><ele>25.0</ele><time>2024-07-09T22:11:30Z</time></trkpt>
<trkpt lat="45.370342" lon="-75.837217"><ele>25.0</ele><time>2024-07-09T22:11:31Z</time></trkpt>
<trkpt lat="45.370339" lon="-75.837217"><ele>25.0</ele><time>2024-07-09T22:11:32Z</time></trkpt>
<trkpt lat="45.370336" lon="-75.837208"><ele>25.0</ele><time>2024-07-09T22:11:33Z</time></trkpt>
<trkpt lat="45.370336" lon="-75.837208"><ele>25.0</ele><time>2024-07-09T22:11:34Z</time></trkpt>
<trkpt lat="45.370333" lon="-75.837199"><ele>25.0</ele><time>2024-07-09T22:11:35Z</time></trkpt>
<trkpt lat="45.370329" lon="-75.837199"><ele>25.0</ele><time>2024-07-09T22:11:36Z</time></trkpt>
<trkpt lat="45.370326" lon="-75.83719"><ele>25.0</ele><time>2024-07-09T22:11:37Z</time></trkpt>
<trkpt lat="45.370323" lon="-75.83719"><ele>25.0</ele><time>2024-07-09T22:11:38Z</time></trkpt>
<trkpt lat="45.37032" lon="-75.837181"><ele>25.0</ele><time>2024-07-09T22:11:39Z</time></trkpt>
<trkpt lat="45.370317" lon="-75.837172"><ele>25.0</ele><time>2024-07-09T22:11:40Z</time></trkpt>
<trkpt lat="45.370314" lon="-75.837172"><ele>25.0</ele><time>2024-07-09T22:11:41Z</time></trkpt>
<trkpt lat="45.37031" lon="-75.837163"><ele>25.0</ele><time>2024-07-09T22:11:42Z</time></trkpt>
<trkpt lat="45.37031" lon="-75.837163"><ele>25.0</ele><time>2024-07-09T22:11:43Z</time></trkpt>
<trkpt lat="45.370307" lon="-75.837154"><ele>25.0</ele><time>2024-07-09T22:11:44Z</time></trkpt>
<trkpt lat="45.370307" lon="-75.837154"><ele>25.0</ele><time>2024-07-09T22:11:45Z</time></trkpt>
<trkpt lat="45.370304" lon="-75.837145"><ele>26.0</ele><time>2024-07-09T22:11:46Z</time></trkpt>
<trkpt lat="45.370301" lon="-75.837136"><ele>26.0</ele><time>2024-07-09T22:11:47Z</time></trkpt>
<trkpt lat="45.370298" lon="-75.837136"><ele>26.0</ele><time>2024-07-09T22:11:48Z</time></trkpt>
<trkpt lat="45.370298" lon="-75.837127"><ele>26.0</ele><time>2024-07-09T22:11:49Z</time></trkpt>
<trkpt lat="45.370295" lon="-75.837127"><ele>26.0</ele><time>2024-07-09T22:11:50Z</time></trkpt>
<trkpt lat="45.370291" lon="-75.837118"><ele>26.0</ele><time>2024-07-09T22:11:51Z</time></trkpt>
<trkpt lat="45.370288" lon="-75.837118"><ele>26.0</ele><time>2024-07-09T22:11:52Z</time></trkpt>
<trkpt lat="45.370285" lon="-75.837109"><ele>26.0</ele><time>2024-07-09T22:11:53Z</time></trkpt>
<trkpt lat="45.370282" lon="-75.837109"><ele>25.0</ele><time>2024-07-09T22:11:54Z</time></trkpt>
<trkpt lat="45.370279" lon="-75.8371"><ele>25.0</ele><time>2024-07-09T22:11:55Z</time></trkpt>
<trkpt lat="45.370276" lon="-75.8371"><ele>26.0</ele><time>2024-07-09T22:11:56Z</time></trkpt>
<trkpt lat="45.370272" lon="-75.837091"><ele>26.0</ele><time>2024-07-09T22:11:57Z</time></trkpt>
<trkpt lat="45.370269" lon="-75.837091"><ele>26.0</ele><time>2024-07-09T22:11:58Z</time></trkpt>
<trkpt lat="45.370266" lon="-75.837082"><ele>26.0</ele><time>2024-07-09T22:11:59Z</time></trkpt>
<trkpt lat="45.370263" lon="-75.837074"><ele>26.0</ele><time>2024-07-09T22:12:00Z</time></trkpt>
<trkpt lat="45.37026" lon="-75.837074"><ele>26.0</ele><time>2024-07-09T22:12:01Z</time></trkpt>
<trkpt lat="45.37026" lon="-75.837065"><ele>26.0</ele><time>2024-07-09T22:12:02Z</time></trkpt>
<trkpt lat="45.370257" lon="-75.837065"><ele>26.0</ele><time>2024-07-09T22:12:03Z</time></trkpt>
<trkpt lat="45.370253" lon="-75.837065"><ele>26.0</ele><time>2024-07-09T22:12:04Z</time></trkpt>
<trkpt lat="45.37025" lon="-75.837056"><ele>26.0</ele><time>2024-07-09T22:12:05Z</time></trkpt>
<trkpt lat="45.370247" lon="-75.837056"><ele>26.0</ele><time>2024-07-09T22:12:06Z</time></trkpt>
<trkpt lat="45.370244" lon="-75.837047"><ele>26.0</ele><time>2024-07-09T22:12:07Z</time></trkpt>
<trkpt lat="45.370238" lon="-75.837047"><ele>26.0</ele><time>2024-07-09T22:12:08Z</time></trkpt>
<trkpt lat="45.370234" lon="-75.837047"><ele>26.0</ele><time>2024-07-09T22:12:09Z</time></trkpt>
<trkpt lat="45.370231" lon="-75.837038"><ele>26.0</ele><time>2024-07-09T22:12:10Z</time></trkpt>
<trkpt lat="45.370228" lon="-75.837038"><ele>26.0</ele><time>2024-07-09T22:12:11Z</time></trkpt>
<trkpt lat="45.370225" lon="-75.837029"><ele>26.0</ele><time>2024-07-09T22:12:12Z</time></trkpt>
<trkpt lat="45.370222" lon="-75.837029"><ele>26.0</ele><time>2024-07-09T22:12:13Z</time></trkpt>
<trkpt lat="45.370219" lon="-75.837029"><ele>26.0</ele><time>2024-07-09T22:12:14Z</time></trkpt>
<trkpt lat="45.370215" lon="-75.83702"><ele>26.0</ele><time>2024-07-09T22:12:15Z</time></trkpt>
<trkpt lat="45.370212" lon="-75.83702"><ele>26.0</ele><time>2024-07-09T22:12:16Z</time></trkpt>
<trkpt lat="45.370206" lon="-75.837011"><ele>25.0</ele><time>2024-07-09T22:12:17Z</time></trkpt>
<trkpt lat="45.370203" lon="-75.837011"><ele>25.0</ele><time>2024-07-09T22:12:18Z</time></trkpt>
<trkpt lat="45.3702" lon="-75.837011"><ele>25.0</ele><time>2024-07-09T22:12:19Z</time></trkpt>
<trkpt lat="45.370196" lon="-75.837002"><ele>25.0</ele><time>2024-07-09T22:12:20Z</time></trkpt>
<trkpt lat="45.370193" lon="-75.837002"><ele>25.0</ele><time>2024-07-09T22:12:21Z</time></trkpt>
<trkpt lat="45.37019" lon="-75.836993"><ele>25.0</ele><time>2024-07-09T22:12:22Z</time></trkpt>
<trkpt lat="45.370187" lon="-75.836993"><ele>25.0</ele><time>2024-07-09T22:12:23Z</time></trkpt>
<trkpt lat="45.370184" lon="-75.836993"><ele>25.0</ele><time>2024-07-09T22:12:24Z</time></trkpt>
<trkpt lat="45.370181" lon="-75.836984"><ele>25.0</ele><time>2024-07-09T22:12:25Z</time></trkpt>
<trkpt lat="45.370177" lon="-75.836984"><ele>25.0</ele><time>2024-07-09T22:12:26Z</time></trkpt>
<trkpt lat="45.370174" lon="-75.836984"><ele>25.0</ele><time>2024-07-09T22:12:27Z</time></trkpt>
<trkpt lat="45.370171" lon="-75.836975"><ele>25.0</ele><time>2024-07-09T22:12:28Z</time></trkpt>
<trkpt lat="45.370168" lon="-75.836975"><ele>25.0</ele><time>2024-07-09T22:12:29Z</time></trkpt>
<trkpt lat="45.370165" lon="-75.836975"><ele>25.0</ele><time>2024-07-09T22:12:30Z</time></trkpt>
<trkpt lat="45.370162" lon="-75.836966"><ele>25.0</ele><time>2024-07-09T22:12:31Z</time></trkpt>
<trkpt lat="45.370158" lon="-75.836966"><ele>25.0</ele><time>2024-07-09T22:12:32Z</time></trkpt>
<trkpt lat="45.370155" lon="-75.836966"><ele>25.0</ele><time>2024-07-09T22:12:33Z</time></trkpt>
<trkpt lat="45.370152" lon="-75.836966"><ele>25.0</ele><time>2024-07-09T22:12:34Z</time></trkpt>
<trkpt lat="45.370149" lon="-75.836957"><ele>25.0</ele><time>2024-07-09T22:12:35Z</time></trkpt>
<trkpt lat="45.370146" lon="-75.836957"><ele>25.0</ele><time>2024-07-09T22:12:36Z</time></trkpt>
<trkpt lat="45.370143" lon="-75.836957"><ele>25.0</ele><time>2024-07-09T22:12:37Z</time></trkpt>
<trkpt lat="45.370139" lon="-75.836948"><ele>25.0</ele><time>2024-07-09T22:12:38Z</time></trkpt>
<trkpt lat="45.370136" lon="-75.836948"><ele>25.0</ele><time>2024-07-09T22:12:39Z</time></trkpt>
<trkpt lat="45.370133" lon="-75.836948"><ele>25.0</ele><time>2024-07-09T22:12:40Z</time></trkpt>
<trkpt lat="45.37013" lon="-75.836939"><ele>25.0</ele><time>2024-07-09T22:12:41Z</time></trkpt>
<trkpt lat="45.370124" lon="-75.836939"><ele>25.0</ele><time>2024-07-09T22:12:42Z</time></trkpt>
<trkpt lat="45.37012" lon="-75.836939"><ele>25.0</ele><time>2024-07-09T22:12:43Z</time></trkpt>
<trkpt lat="45.370114" lon="-75.836939"><ele>25.0</ele><time>2024-07-09T22:12:44Z</time></trkpt>
<trkpt lat="45.370111" lon="-75.836939"><ele>25.0</ele><time>2024-07-09T22:12:45Z</time></trkpt>
<trkpt lat="45.370105" lon="-75.836939"><ele>25.0</ele><time>2024-07-09T22:12:46Z</time></trkpt>
<trkpt lat="45.370102" lon="-75.836939"><ele>25.0</ele><time>2024-07-09T22:12:47Z</time></trkpt>
<trkpt lat="45.370098" lon="-75.83693"><ele>25.0</ele><time>2024-07-09T22:12:48Z</time></trkpt>
<trkpt lat="45.370092" lon="-75.83693"><ele>25.0</ele><time>2024-07-09T22:12:49Z</time></trkpt>
<trkpt lat="45.370089" lon="-75.83693"><ele>25.0</ele><time>2024-07-09T22:12:50Z</time></trkpt>
<trkpt lat="45.370086" lon="-75.83693"><ele>25.0</ele><time>2024-07-09T22:12:51Z</time></trkpt>
<trkpt lat="45.370083" lon="-75.83693"><ele>25.0</ele><time>2024-07-09T22:12:52Z</time></trkpt>
<trkpt lat="45.370079" lon="-75.83693"><ele>25.0</ele><time>2024-07-09T22:12:53Z</time></trkpt>
<trkpt lat="45.370073" lon="-75.836921"><ele>25.0</ele><time>2024-07-09T22:12:54Z</time></trkpt>
<trkpt lat="45.37007" lon="-75.836921"><ele>25.0</ele><time>2024-07-09T22:12:55Z</time></trkpt>
<trkpt lat="45.370067" lon="-75.836921"><ele>25.0</ele><time>2024-07-09T22:12:56Z</time></trkpt>
<trkpt lat="45.370064" lon="-75.836921"><ele>25.0</ele><time>2024-07-09T22:12:57Z</time></trkpt>
<trkpt lat="45.37006" lon="-75.836921"><ele>25.0</ele><time>2024-07-09T22:12:58Z</time></trkpt>
<trkpt lat="45.370057" lon="-75.836921"><ele>25.0</ele><time>2024-07-09T22:12:59Z</time></trkpt>
<trkpt lat="45.370051" lon="-75.836921"><ele>25.0</ele><time>2024-07-09T22:13:00Z</time></trkpt>
<trkpt lat="45.370048" lon="-75.836921"><ele>25.0</ele><time>2024-07-09T22:13:01Z</time></trkpt>
<trkpt lat="45.370045" lon="-75.836921"><ele>25.0</ele><time>2024-07-09T22:13:02Z</time></trkpt>
<trkpt lat="45.370041" lon="-75.836921"><ele>25.0</ele><time>2024-07-09T22:13:03Z</time></trkpt>
<trkpt lat="45.370035" lon="-75.836921"><ele>25.0</ele><time>2024-07-09T22:13:04Z</time></trkpt>
<trkpt lat="45.370032" lon="-75.836921"><ele>25.0</ele><time>2024-07-09T22:13:05Z</time></trkpt>
<trkpt lat="45.370029" lon="-75.836921"><ele>25.0</ele><time>2024-07-09T22:13:06Z</time></trkpt>
<trkpt lat="45.370026" lon="-75.836921"><ele>25.0</ele><time>2024-07-09T22:13:07Z</time></trkpt>
<trkpt lat="45.370022" lon="-75.836921"><ele>25.0</ele><time>2024-07-09T22:13:08Z</time></trkpt>
<trkpt lat="45.370016" lon="-75.83693"><ele>25.0</ele><time>2024-07-09T22:13:09Z</time></trkpt>
<trkpt lat="45.370013" lon="-75.83693"><ele>25.0</ele><time>2024-07-09T22:13:10Z</time></trkpt>
<trkpt lat="45.37001" lon="-75.83693"><ele>25.0</ele><time>2024-07-09T22:13:11Z</time></trkpt>
<trkpt lat="45.370007" lon="-75.83693"><ele>25.0</ele><time>2024-07-09T22:13:12Z</time></trkpt>
<trkpt lat="45.370003" lon="-75.83693"><ele>25.0</ele><time>2024-07-09T22:13:13Z</time></trkpt>
<trkpt lat="45.37" lon="-75.83693"><ele>25.0</ele><time>2024-07-09T22:13:14Z</time></trkpt>
<trkpt lat="45.369997" lon="-75.83693"><ele>25.0</ele><time>2024-07-09T22:13:15Z</time></trkpt>
<trkpt lat="45.369994" lon="-75.83693"><ele>25.0</ele><time>2024-07-09T22:13:16Z</time></trkpt>
<trkpt lat="45.369994" lon="-75.83693"><ele>26.0</ele><time>2024-07-09T22:13:17Z</time></trkpt>
<trkpt lat="45.369991" lon="-75.83693"><ele>26.0</ele><time>2024-07-09T22:13:18Z</time></trkpt>
<trkpt lat="45.369988" lon="-75.83693"><ele>25.0</ele><time>2024-07-09T22:13:19Z</time></trkpt>
<trkpt lat="45.369984" lon="-75.83693"><ele>25.0</ele><time>2024-07-09T22:13:20Z</time></trkpt>
<trkpt lat="45.369981" lon="-75.83693"><ele>26.0</ele><time>2024-07-09T22:13:21Z</time></trkpt>
<trkpt lat="45.369978" lon="-75.83693"><ele>26.0</ele><time>2024-07-09T22:13:22Z</time></trkpt>
<trkpt lat="45.369975" lon="-75.83693"><ele>26.0</ele><time>2024-07-09T22:13:23Z</time></trkpt>
<trkpt lat="45.369972" lon="-75.83693"><ele>26.0</ele><time>2024-07-09T22:13:24Z</time></trkpt>
<trkpt lat="45.369965" lon="-75.83693"><ele>26.0</ele><time>2024-07-09T22:13:25Z</time></trkpt>
<trkpt lat="45.369962" lon="-75.83693"><ele>26.0</ele><time>2024-07-09T22:13:26Z</time></trkpt>
<trkpt lat="45.369959" lon="-75.83693"><ele>26.0</ele><time>2024-07-09T22:13:27Z</time></trkpt>
<trkpt lat="45.369956" lon="-75.83693"><ele>26.0</ele><time>2024-07-09T22:13:28Z</time></trkpt>
<trkpt lat="45.369953" lon="-75.83693"><ele>26.0</ele><time>2024-07-09T22:13:29Z</time></trkpt>
<trkpt lat="45.36995" lon="-75.836939"><ele>26.0</ele><time>2024-07-09T22:13:30Z</time></trkpt>
<trkpt lat="45.369946" lon="-75.836939"><ele>26.0</ele><time>2024-07-09T22:13:31Z</time></trkpt>
<trkpt lat="45.369943" lon="-75.836939"><ele>26.0</ele><time>2024-07-09T22:13:32Z</time></trkpt>
<trkpt lat="45.36994" lon="-75.836939"><ele>26.0</ele><time>2024-07-09T22:13:33Z</time></trkpt>
<trkpt lat="45.369937" lon="-75.836939"><ele>26.0</ele><time>2024-07-09T22:13:34Z</time></trkpt>
<trkpt lat="45.369934" lon="-75.83693"><ele>26.0</ele><time>2024-07-09T22:13:35Z</time></trkpt>
<trkpt lat="45.369931" lon="-75.836939"><ele>26.0</ele><time>2024-07-09T22:13:36Z</time></trkpt>
<trkpt lat="45.369924" lon="-75.836939"><ele>26.0</ele><time>2024-07-09T22:13:37Z</time></trkpt>
<trkpt lat="45.369921" lon="-75.836939"><ele>26.0</ele><time>2024-07-09T22:13:38Z</time></trkpt>
<trkpt lat="45.369918" lon="-75.83693"><ele>26.0</ele><time>2024-07-09T22:13:39Z</time></trkpt>
<trkpt lat="45.369915" lon="-75.83693"><ele>26.0</ele><time>2024-07-09T22:13:40Z</time></trkpt>
<trkpt lat="45.369908" lon="-75.83693"><ele>26.0</ele><time>2024-07-09T22:13:41Z</time></trkpt>
<trkpt lat="45.369905" lon="-75.83693"><ele>26.0</ele><time>2024-07-09T22:13:42Z</time></trkpt>
<trkpt lat="45.369902" lon="-75.83693"><ele>26.0</ele><time>2024-07-09T22:13:43Z</time></trkpt>
<trkpt lat="45.369899" lon="-75.83693"><ele>25.0</ele><time>2024-07-09T22:13:44Z</time></trkpt>
<trkpt lat="45.369899" lon="-75.83693"><ele>26.0</ele><time>2024-07-09T22:13:45Z</time></trkpt>
<trkpt lat="45.369896" lon="-75.83693"><ele>26.0</ele><time>2024-07-09T22:13:46Z</time></trkpt>
<trkpt lat="45.369896" lon="-75.83693"><ele>26.0</ele><time>2024-07-09T22:13:47Z</time></trkpt>
<trkpt lat="45.369893" lon="-75.836939"><ele>26.0</ele><time>2024-07-09T22:13:48Z</time></trkpt>
<trkpt lat="45.369889" lon="-75.836939"><ele>26.0</ele><time>2024-07-09T22:13:49Z</time></trkpt>
<trkpt lat="45.369886" lon="-75.836939"><ele>26.0</ele><time>2024-07-09T22:13:50Z</time></trkpt>
<trkpt lat="45.369886" lon="-75.836939"><ele>26.0</ele><time>2024-07-09T22:13:51Z</time></trkpt>
<trkpt lat="45.369883" lon="-75.836939"><ele>26.0</ele><time>2024-07-09T22:13:52Z</time></trkpt>
<trkpt lat="45.36988" lon="-75.836939"><ele>26.0</ele><time>2024-07-09T22:13:53Z</time></trkpt>
<trkpt lat="45.36988" lon="-75.836939"><ele>26.0</ele><time>2024-07-09T22:13:54Z</time></trkpt>
<trkpt lat="45.369877" lon="-75.836939"><ele>26.0</ele><time>2024-07-09T22:13:55Z</time></trkpt>
<trkpt lat="45.369874" lon="-75.836939"><ele>26.0</ele><time>2024-07-09T22:13:56Z</time></trkpt>
<trkpt lat="45.369874" lon="-75.836939"><ele>26.0</ele><time>2024-07-09T22:13:57Z</time></trkpt>
<trkpt lat="45.36987" lon="-75.836939"><ele>26.0</ele><time>2024-07-09T22:13:58Z</time></trkpt>
<trkpt lat="45.369867" lon="-75.836939"><ele>26.0</ele><time>2024-07-09T22:13:59Z</time></trkpt>
<trkpt lat="45.369864" lon="-75.836948"><ele>26.0</ele><time>2024-07-09T22:14:00Z</time></trkpt>
<trkpt lat="45.369861" lon="-75.836948"><ele>26.0</ele><time>2024-07-09T22:14:01Z</time></trkpt>
<trkpt lat="45.369858" lon="-75.836948"><ele>26.0</ele><time>2024-07-09T22:14:02Z</time></trkpt>
<trkpt lat="45.369855" lon="-75.836948"><ele>26.0</ele><time>2024-07-09T22:14:03Z</time></trkpt>
<trkpt lat="45.369851" lon="-75.836948"><ele>26.0</ele><time>2024-07-09T22:14:04Z</time></trkpt>
<trkpt lat="45.369848" lon="-75.836948"><ele>26.0</ele><time>2024-07-09T22:14:05Z</time></trkpt>
<trkpt lat="45.369848" lon="-75.836957"><ele>26.0</ele><time>2024-07-09T22:14:06Z</time></trkpt>
<trkpt lat="45.369845" lon="-75.836957"><ele>26.0</ele><time>2024-07-09T22:14:07Z</time></trkpt>
<trkpt lat="45.369842" lon="-75.836957"><ele>26.0</ele><time>2024-07-09T22:14:08Z</time></trkpt>
<trkpt lat="45.369839" lon="-75.836957"><ele>26.0</ele><time>2024-07-09T22:14:09Z</time></trkpt>
<trkpt lat="45.369836" lon="-75.836957"><ele>26.0</ele><time>2024-07-09T22:14:10Z</time></trkpt>
<trkpt lat="45.369832" lon="-75.836957"><ele>26.0</ele><time>2024-07-09T22:14:11Z</time></trkpt>
<trkpt lat="45.369832" lon="-75.836957"><ele>26.0</ele><time>2024-07-09T22:14:12Z</time></trkpt>
<trkpt lat="45.369829" lon="-75.836957"><ele>26.0</ele><time>2024-07-09T22:14:13Z</time></trkpt>
<trkpt lat="45.369826" lon="-75.836957"><ele>26.0</ele><time>2024-07-09T22:14:14Z</time></trkpt>
<trkpt lat="45.369823" lon="-75.836957"><ele>26.0</ele><time>2024-07-09T22:14:15Z</time></trkpt>
<trkpt lat="45.36982" lon="-75.836957"><ele>26.0</ele><time>2024-07-09T22:14:16Z</time></trkpt>
<trkpt lat="45.369817" lon="-75.836957"><ele>26.0</ele><time>2024-07-09T22:14:17Z</time></trkpt>
<trkpt lat="45.369813" lon="-75.836957"><ele>26.0</ele><time>2024-07-09T22:14:18Z</time></trkpt>
<trkpt lat="45.369817" lon="-75.836966"><ele>25.0</ele><time>2024-07-09T22:14:19Z</time></trkpt>
<trkpt lat="45.36982" lon="-75.836966"><ele>26.0</ele><time>2024-07-09T22:14:20Z</time></trkpt>
<trkpt lat="45.369813" lon="-75.836966"><ele>26.0</ele><time>2024-07-09T22:14:21Z</time></trkpt>
<trkpt lat="45.36981" lon="-75.836966"><ele>26.0</ele><time>2024-07-09T22:14:22Z</time></trkpt>
<trkpt lat="45.369807" lon="-75.836975"><ele>26.0</ele><time>2024-07-09T22:14:23Z</time></trkpt>
<trkpt lat="45.369804" lon="-75.836975"><ele>26.0</ele><time>2024-07-09T22:14:24Z</time></trkpt>
<trkpt lat="45.369801" lon="-75.836975"><ele>27.0</ele><time>2024-07-09T22:14:25Z</time></trkpt>
<trkpt lat="45.369794" lon="-75.836975"><ele>27.0</ele><time>2024-07-09T22:14:26Z</time></trkpt>
<trkpt lat="45.369791" lon="-75.836975"><ele>27.0</ele><time>2024-07-09T22:14:27Z</time></trkpt>
<trkpt lat="45.369788" lon="-75.836975"><ele>27.0</ele><time>2024-07-09T22:14:28Z</time></trkpt>
<trkpt lat="45.369782" lon="-75.836975"><ele>27.0</ele><time>2024-07-09T22:14:29Z</time></trkpt>
<trkpt lat="45.369779" lon="-75.836984"><ele>27.0</ele><time>2024-07-09T22:14:30Z</time></trkpt>
<trkpt lat="45.369775" lon="-75.836984"><ele>27.0</ele><time>2024-07-09T22:14:31Z</time></trkpt>
<trkpt lat="45.369772" lon="-75.836984"><ele>27.0</ele><time>2024-07-09T22:14:32Z</time></trkpt>
<trkpt lat="45.369769" lon="-75.836984"><ele>27.0</ele><time>2024-07-09T22:14:33Z</time></trkpt>
<trkpt lat="45.369766" lon="-75.836984"><ele>27.0</ele><time>2024-07-09T22:14:34Z</time></trkpt>
<trkpt lat="45.369763" lon="-75.836984"><ele>27.0</ele><time>2024-07-09T22:14:35Z</time></trkpt>
<trkpt lat="45.36976" lon="-75.836984"><ele>27.0</ele><time>2024-07-09T22:14:36Z</time></trkpt>
<trkpt lat="45.369756" lon="-75.836984"><ele>27.0</ele><time>2024-07-09T22:14:37Z</time></trkpt>
<trkpt lat="45.369753" lon="-75.836984"><ele>27.0</ele><time>2024-07-09T22:14:38Z</time></trkpt>
<trkpt lat="45.36975" lon="-75.836984"><ele>27.0</ele><time>2024-07-09T22:14:39Z</time></trkpt>
<trkpt lat="45.369747" lon="-75.836984"><ele>27.0</ele><time>2024-07-09T22:14:40Z</time></trkpt>
<trkpt lat="45.369744" lon="-75.836984"><ele>27.0</ele><time>2024-07-09T22:14:41Z</time></trkpt>
<trkpt lat="45.369741" lon="-75.836984"><ele>27.0</ele><time>2024-07-09T22:14:42Z</time></trkpt>
<trkpt lat="45.369737" lon="-75.836984"><ele>27.0</ele><time>2024-07-09T22:14:43Z</time></trkpt>
<trkpt lat="45.369734" lon="-75.836984"><ele>27.0</ele><time>2024-07-09T22:14:44Z</time></trkpt>
<trkpt lat="45.369731" lon="-75.836984"><ele>27.0</ele><time>2024-07-09T22:14:45Z</time></trkpt>
<trkpt lat="45.369728" lon="-75.836984"><ele>27.0</ele><time>2024-07-09T22:14:46Z</time></trkpt>
<trkpt lat="45.369725" lon="-75.836984"><ele>27.0</ele><time>2024-07-09T22:14:47Z</time></trkpt>
<trkpt lat="45.369722" lon="-75.836993"><ele>27.0</ele><time>2024-07-09T22:14:48Z</time></trkpt>
<trkpt lat="45.369718" lon="-75.836993"><ele>26.0</ele><time>2024-07-09T22:14:49Z</time></trkpt>
<trkpt lat="45.369715" lon="-75.836993"><ele>26.0</ele><time>2024-07-09T22:14:50Z</time></trkpt>
<trkpt lat="45.369712" lon="-75.836993"><ele>26.0</ele><time>2024-07-09T22:14:51Z</time></trkpt>
<trkpt lat="45.369709" lon="-75.836993"><ele>26.0</ele><time>2024-07-09T22:14:52Z</time></trkpt>
<trkpt lat="45.369706" lon="-75.836993"><ele>26.0</ele><time>2024-07-09T22:14:53Z</time></trkpt>
<trkpt lat="45.369703" lon="-75.836993"><ele>26.0</ele><time>2024-07-09T22:14:54Z</time></trkpt>
<trkpt lat="45.369696" lon="-75.836993"><ele>26.0</ele><time>2024-07-09T22:14:55Z</time></trkpt>
<trkpt lat="45.369693" lon="-75.836993"><ele>26.0</ele><time>2024-07-09T22:14:56Z</time></trkpt>
<trkpt lat="45.36969" lon="-75.836993"><ele>26.0</ele><time>2024-07-09T22:14:57Z</time></trkpt>
<trkpt lat="45.369687" lon="-75.836993"><ele>26.0</ele><time>2024-07-09T22:14:58Z</time></trkpt>
<trkpt lat="45.369684" lon="-75.836993"><ele>26.0</ele><time>2024-07-09T22:14:59Z</time></trkpt>
<trkpt lat="45.36968" lon="-75.836993"><ele>26.0</ele><time>2024-07-09T22:15:00Z</time></trkpt>
<trkpt lat="45.369677" lon="-75.837002"><ele>26.0</ele><time>2024-07-09T22:15:01Z</time></trkpt>
<trkpt lat="45.369674" lon="-75.837002"><ele>26.0</ele><time>2024-07-09T22:15:02Z</time></trkpt>
<trkpt lat="45.369671" lon="-75.837002"><ele>26.0</ele><time>2024-07-09T22:15:03Z</time></trkpt>
<trkpt lat="45.369668" lon="-75.837002"><ele>26.0</ele><time>2024-07-09T22:15:04Z</time></trkpt>
<trkpt lat="45.369668" lon="-75.837002"><ele>26.0</ele><time>2024-07-09T22:15:05Z</time></trkpt>
<trkpt lat="45.369665" lon="-75.837002"><ele>26.0</ele><time>2024-07-09T22:15:06Z</time></trkpt>
<trkpt lat="45.369661" lon="-75.837002"><ele>26.0</ele><time>2024-07-09T22:15:07Z</time></trkpt>
<trkpt lat="45.369658" lon="-75.837002"><ele>26.0</ele><time>2024-07-09T22:15:08Z</time></trkpt>
<trkpt lat="45.369655" lon="-75.837011"><ele>26.0</ele><time>2024-07-09T22:15:09Z</time></trkpt>
<trkpt lat="45.369652" lon="-75.837011"><ele>26.0</ele><time>2024-07-09T22:15:10Z</time></trkpt>
<trkpt lat="45.369649" lon="-75.837011"><ele>26.0</ele><time>2024-07-09T22:15:11Z</time></trkpt>
<trkpt lat="45.369646" lon="-75.837011"><ele>26.0</ele><time>2024-07-09T22:15:12Z</time></trkpt>
<trkpt lat="45.369642" lon="-75.837011"><ele>26.0</ele><time>2024-07-09T22:15:13Z</time></trkpt>
<trkpt lat="45.369639" lon="-75.837011"><ele>26.0</ele><time>2024-07-09T22:15:14Z</time></trkpt>
<trkpt lat="45.369636" lon="-75.837011"><ele>26.0</ele><time>2024-07-09T22:15:15Z</time></trkpt>
<trkpt lat="45.369633" lon="-75.83702"><ele>26.0</ele><time>2024-07-09T22:15:16Z</time></trkpt>
<trkpt lat="45.36963" lon="-75.83702"><ele>26.0</ele><time>2024-07-09T22:15:17Z</time></trkpt>
<trkpt lat="45.369623" lon="-75.83702"><ele>26.0</ele><time>2024-07-09T22:15:18Z</time></trkpt>
<trkpt lat="45.369623" lon="-75.83702"><ele>26.0</ele><time>2024-07-09T22:15:19Z</time></trkpt>
<trkpt lat="45.36962" lon="-75.83702"><ele>26.0</ele><time>2024-07-09T22:15:20Z</time></trkpt>
<trkpt lat="45.369617" lon="-75.83702"><ele>26.0</ele><time>2024-07-09T22:15:21Z</time></trkpt>
<trkpt lat="45.369614" lon="-75.83702"><ele>26.0</ele><time>2024-07-09T22:15:22Z</time></trkpt>
<trkpt lat="45.369611" lon="-75.83702"><ele>26.0</ele><time>2024-07-09T22:15:23Z</time></trkpt>
<trkpt lat="45.369608" lon="-75.83702"><ele>26.0</ele><time>2024-07-09T22:15:24Z</time></trkpt>
<trkpt lat="45.369604" lon="-75.83702"><ele>26.0</ele><time>2024-07-09T22:15:25Z</time></trkpt>
<trkpt lat="45.369601" lon="-75.83702"><ele>26.0</ele><time>2024-07-09T22:15:26Z</time></trkpt>
<trkpt lat="45.369598" lon="-75.83702"><ele>26.0</ele><time>2024-07-09T22:15:27Z</time></trkpt>
<trkpt lat="45.369595" lon="-75.83702"><ele>26.0</ele><time>2024-07-09T22:15:28Z</time></trkpt>
<trkpt lat="45.369592" lon="-75.83702"><ele>26.0</ele><time>2024-07-09T22:15:29Z</time></trkpt>
<trkpt lat="45.369589" lon="-75.83702"><ele>26.0</ele><time>2024-07-09T22:15:30Z</time></trkpt>
<trkpt lat="45.369585" lon="-75.83702"><ele>26.0</ele><time>2024-07-09T22:15:31Z</time></trkpt>
<trkpt lat="45.369582" lon="-75.83702"><ele>26.0</ele><time>2024-07-09T22:15:32Z</time></trkpt>
<trkpt lat="45.369576" lon="-75.83702"><ele>26.0</ele><time>2024-07-09T22:15:33Z</time></trkpt>
<trkpt lat="45.369573" lon="-75.837029"><ele>26.0</ele><time>2024-07-09T22:15:34Z</time></trkpt>
<trkpt lat="45.36957" lon="-75.83702"><ele>25.0</ele><time>2024-07-09T22:15:35Z</time></trkpt>
<trkpt lat="45.369566" lon="-75.83702"><ele>26.0</ele><time>2024-07-09T22:15:36Z</time></trkpt>
<trkpt lat="45.36956" lon="-75.83702"><ele>25.0</ele><time>2024-07-09T22:15:37Z</time></trkpt>
<trkpt lat="45.369554" lon="-75.837029"><ele>26.0</ele><time>2024-07-09T22:15:38Z</time></trkpt>
<trkpt lat="45.369547" lon="-75.837029"><ele>26.0</ele><time>2024-07-09T22:15:39Z</time></trkpt>
<trkpt lat="45.369544" lon="-75.837029"><ele>26.0</ele><time>2024-07-09T22:15:40Z</time></trkpt>
<trkpt lat="45.369541" lon="-75.837029"><ele>26.0</ele><time>2024-07-09T22:15:41Z</time></trkpt>
<trkpt lat="45.369538" lon="-75.837038"><ele>26.0</ele><time>2024-07-09T22:15:42Z</time></trkpt>
<trkpt lat="45.369532" lon="-75.837038"><ele>26.0</ele><time>2024-07-09T22:15:43Z</time></trkpt>
<trkpt lat="45.369528" lon="-75.837038"><ele>26.0</ele><time>2024-07-09T22:15:44Z</time></trkpt>
<trkpt lat="45.369525" lon="-75.837029"><ele>25.0</ele><time>2024-07-09T22:15:45Z</time></trkpt>
<trkpt lat="45.369522" lon="-75.837029"><ele>25.0</ele><time>2024-07-09T22:15:46Z</time></trkpt>
<trkpt lat="45.369516" lon="-75.837029"><ele>25.0</ele><time>2024-07-09T22:15:47Z</time></trkpt>
<trkpt lat="45.369513" lon="-75.837029"><ele>26.0</ele><time>2024-07-09T22:15:48Z</time></trkpt>
<trkpt lat="45.369506" lon="-75.837029"><ele>26.0</ele><time>2024-07-09T22:15:49Z</time></trkpt>
<trkpt lat="45.369503" lon="-75.837029"><ele>26.0</ele><time>2024-07-09T22:15:50Z</time></trkpt>
<trkpt lat="45.3695" lon="-75.837029"><ele>26.0</ele><time>2024-07-09T22:15:51Z</time></trkpt>
<trkpt lat="45.369494" lon="-75.837029"><ele>26.0</ele><time>2024-07-09T22:15:52Z</time></trkpt>
<trkpt lat="45.36949" lon="-75.837029"><ele>26.0</ele><time>2024-07-09T22:15:53Z</time></trkpt>
<trkpt lat="45.369487" lon="-75.837029"><ele>26.0</ele><time>2024-07-09T22:15:54Z</time></trkpt>
<trkpt lat="45.369481" lon="-75.837029"><ele>26.0</ele><time>2024-07-09T22:15:55Z</time></trkpt>
<trkpt lat="45.369478" lon="-75.837029"><ele>26.0</ele><time>2024-07-09T22:15:56Z</time></trkpt>
<trkpt lat="45.369475" lon="-75.837029"><ele>26.0</ele><time>2024-07-09T22:15:57Z</time></trkpt>
<trkpt lat="45.369471" lon="-75.837029"><ele>26.0</ele><time>2024-07-09T22:15:58Z</time></trkpt>
<trkpt lat="45.369465" lon="-75.837029"><ele>27.0</ele><time>2024-07-09T22:15:59Z</time></trkpt>
<trkpt lat="45.369462" lon="-75.837029"><ele>27.0</ele><time>2024-07-09T22:16:00Z</time></trkpt>
<trkpt lat="45.369459" lon="-75.837029"><ele>27.0</ele><time>2024-07-09T22:16:01Z</time></trkpt>
<trkpt lat="45.369452" lon="-75.837029"><ele>27.0</ele><time>2024-07-09T22:16:02Z</time></trkpt>
<trkpt lat="45.369449" lon="-75.83702"><ele>27.0</ele><time>2024-07-09T22:16:03Z</time></trkpt>
<trkpt lat="45.369443" lon="-75.83702"><ele>27.0</ele><time>2024-07-09T22:16:04Z</time></trkpt>
<trkpt lat="45.36944" lon="-75.83702"><ele>27.0</ele><time>2024-07-09T22:16:05Z</time></trkpt>
<trkpt lat="45.369437" lon="-75.83702"><ele>27.0</ele><time>2024-07-09T22:16:06Z</time></trkpt>
<trkpt lat="45.369434" lon="-75.83702"><ele>27.0</ele><time>2024-07-09T22:16:07Z</time></trkpt>
<trkpt lat="45.369427" lon="-75.83702"><ele>27.0</ele><time>2024-07-09T22:16:08Z</time></trkpt>
<trkpt lat="45.369424" lon="-75.83702"><ele>26.0</ele><time>2024-07-09T22:16:09Z</time></trkpt>
<trkpt lat="45.369418" lon="-75.83702"><ele>26.0</ele><time>2024-07-09T22:16:10Z</time></trkpt>
<trkpt lat="45.369415" lon="-75.83702"><ele>26.0</ele><time>2024-07-09T22:16:11Z</time></trkpt>
<trkpt lat="45.369408" lon="-75.837011"><ele>26.0</ele><time>2024-07-09T22:16:12Z</time></trkpt>
<trkpt lat="45.369405" lon="-75.837011"><ele>26.0</ele><time>2024-07-09T22:16:13Z</time></trkpt>
<trkpt lat="45.369399" lon="-75.837011"><ele>26.0</ele><time>2024-07-09T22:16:14Z</time></trkpt>
<trkpt lat="45.369396" lon="-75.837011"><ele>26.0</ele><time>2024-07-09T22:16:15Z</time></trkpt>
<trkpt lat="45.369392" lon="-75.837011"><ele>26.0</ele><time>2024-07-09T22:16:16Z</time></trkpt>
<trkpt lat="45.369386" lon="-75.83702"><ele>26.0</ele><time>2024-07-09T22:16:17Z</time></trkpt>
<trkpt lat="45.369386" lon="-75.83702"><ele>26.0</ele><time>2024-07-09T22:16:18Z</time></trkpt>
<trkpt lat="45.369383" lon="-75.83702"><ele>26.0</ele><time>2024-07-09T22:16:19Z</time></trkpt>
<trkpt lat="45.36938" lon="-75.83702"><ele>26.0</ele><time>2024-07-09T22:16:20Z</time></trkpt>
<trkpt lat="45.369377" lon="-75.83702"><ele>26.0</ele><time>2024-07-09T22:16:21Z</time></trkpt>
<trkpt lat="45.36937" lon="-75.83702"><ele>26.0</ele><time>2024-07-09T22:16:22Z</time></trkpt>
<trkpt lat="45.369367" lon="-75.83702"><ele>26.0</ele><time>2024-07-09T22:16:23Z</time></trkpt>
<trkpt lat="45.369361" lon="-75.83702"><ele>26.0</ele><time>2024-07-09T22:16:24Z</time></trkpt>
<trkpt lat="45.369358" lon="-75.83702"><ele>26.0</ele><time>2024-07-09T22:16:25Z</time></trkpt>
<trkpt lat="45.369351" lon="-75.83702"><ele>26.0</ele><time>2024-07-09T22:16:26Z</time></trkpt>
<trkpt lat="45.369348" lon="-75.83702"><ele>26.0</ele><time>2024-07-09T22:16:27Z</time></trkpt>
<trkpt lat="45.369342" lon="-75.83702"><ele>26.0</ele><time>2024-07-09T22:16:28Z</time></trkpt>
<trkpt lat="45.369335" lon="-75.83702"><ele>26.0</ele><time>2024-07-09T22:16:29Z</time></trkpt>
<trkpt lat="45.369332" lon="-75.83702"><ele>26.0</ele><time>2024-07-09T22:16:30Z</time></trkpt>
<trkpt lat="45.369329" lon="-75.83702"><ele>26.0</ele><time>2024-07-09T22:16:31Z</time></trkpt>
<trkpt lat="45.369323" lon="-75.83702"><ele>26.0</ele><time>2024-07-09T22:16:32Z</time></trkpt>
<trkpt lat="45.369316" lon="-75.83702"><ele>26.0</ele><time>2024-07-09T22:16:33Z</time></trkpt>
<trkpt lat="45.36931" lon="-75.83702"><ele>26.0</ele><time>2024-07-09T22:16:34Z</time></trkpt>
<trkpt lat="45.369307" lon="-75.83702"><ele>26.0</ele><time>2024-07-09T22:16:35Z</time></trkpt>
<trkpt lat="45.369301" lon="-75.83702"><ele>26.0</ele><time>2024-07-09T22:16:36Z</time></trkpt>
<trkpt lat="45.369294" lon="-75.83702"><ele>26.0</ele><time>2024-07-09T22:16:37Z</time></trkpt>
<trkpt lat="45.369291" lon="-75.837011"><ele>26.0</ele><time>2024-07-09T22:16:38Z</time></trkpt>
<trkpt lat="45.369285" lon="-75.837011"><ele>26.0</ele><time>2024-07-09T22:16:39Z</time></trkpt>
<trkpt lat="45.369278" lon="-75.837011"><ele>26.0</ele><time>2024-07-09T22:16:40Z</time></trkpt>
<trkpt lat="45.369275" lon="-75.837011"><ele>26.0</ele><time>2024-07-09T22:16:41Z</time></trkpt>
<trkpt lat="45.369272" lon="-75.837011"><ele>26.0</ele><time>2024-07-09T22:16:42Z</time></trkpt>
<trkpt lat="45.369269" lon="-75.837011"><ele>26.0</ele><time>2024-07-09T22:16:43Z</time></trkpt>
<trkpt lat="45.369266" lon="-75.837011"><ele>26.0</ele><time>2024-07-09T22:16:44Z</time></trkpt>
<trkpt lat="45.369263" lon="-75.837011"><ele>26.0</ele><time>2024-07-09T22:16:45Z</time></trkpt>
<trkpt lat="45.369256" lon="-75.837011"><ele>26.0</ele><time>2024-07-09T22:16:46Z</time></trkpt>
<trkpt lat="45.369253" lon="-75.837011"><ele>26.0</ele><time>2024-07-09T22:16:47Z</time></trkpt>
<trkpt lat="45.36925" lon="-75.837011"><ele>26.0</ele><time>2024-07-09T22:16:48Z</time></trkpt>
<trkpt lat="45.369244" lon="-75.837011"><ele>26.0</ele><time>2024-07-09T22:16:49Z</time></trkpt>
<trkpt lat="45.36924" lon="-75.837011"><ele>26.0</ele><time>2024-07-09T22:16:50Z</time></trkpt>
<trkpt lat="45.369237" lon="-75.837011"><ele>26.0</ele><time>2024-07-09T22:16:51Z</time></trkpt>
<trkpt lat="45.369231" lon="-75.837011"><ele>26.0</ele><time>2024-07-09T22:16:52Z</time></trkpt>
<trkpt lat="45.369228" lon="-75.837011"><ele>26.0</ele><time>2024-07-09T22:16:53Z</time></trkpt>
<trkpt lat="45.369221" lon="-75.837011"><ele>26.0</ele><time>2024-07-09T22:16:54Z</time></trkpt>
<trkpt lat="45.369218" lon="-75.837011"><ele>26.0</ele><time>2024-07-09T22:16:55Z</time></trkpt>
<trkpt lat="45.369215" lon="-75.837011"><ele>26.0</ele><time>2024-07-09T22:16:56Z</time></trkpt>
<trkpt lat="45.369209" lon="-75.837011"><ele>26.0</ele><time>2024-07-09T22:16:57Z</time></trkpt>
<trkpt lat="45.369206" lon="-75.837011"><ele>26.0</ele><time>2024-07-09T22:16:58Z</time></trkpt>
<trkpt lat="45.369199" lon="-75.837011"><ele>26.0</ele><time>2024-07-09T22:16:59Z</time></trkpt>
<trkpt lat="45.369196" lon="-75.837011"><ele>26.0</ele><time>2024-07-09T22:17:00Z</time></trkpt>
<trkpt lat="45.369193" lon="-75.837011"><ele>26.0</ele><time>2024-07-09T22:17:01Z</time></trkpt>
<trkpt lat="45.369187" lon="-75.837011"><ele>26.0</ele><time>2024-07-09T22:17:02Z</time></trkpt>
<trkpt lat="45.369183" lon="-75.837011"><ele>26.0</ele><time>2024-07-09T22:17:03Z</time></trkpt>
<trkpt lat="45.369177" lon="-75.837011"><ele>26.0</ele><time>2024-07-09T22:17:04Z</time></trkpt>
<trkpt lat="45.369174" lon="-75.837011"><ele>26.0</ele><time>2024-07-09T22:17:05Z</time></trkpt>
<trkpt lat="45.369171" lon="-75.837011"><ele>26.0</ele><time>2024-07-09T22:17:06Z</time></trkpt>
<trkpt lat="45.369164" lon="-75.837011"><ele>26.0</ele><time>2024-07-09T22:17:07Z</time></trkpt>
<trkpt lat="45.369161" lon="-75.837011"><ele>26.0</ele><time>2024-07-09T22:17:08Z</time></trkpt>
<trkpt lat="45.369155" lon="-75.837011"><ele>26.0</ele><time>2024-07-09T22:17:09Z</time></trkpt>
<trkpt lat="45.369152" lon="-75.837011"><ele>26.0</ele><time>2024-07-09T22:17:10Z</time></trkpt>
<trkpt lat="45.369149" lon="-75.837011"><ele>26.0</ele><time>2024-07-09T22:17:11Z</time></trkpt>
<trkpt lat="45.369142" lon="-75.837011"><ele>26.0</ele><time>2024-07-09T22:17:12Z</time></trkpt>
<trkpt lat="45.369139" lon="-75.837011"><ele>26.0</ele><time>2024-07-09T22:17:13Z</time></trkpt>
<trkpt lat="45.369136" lon="-75.837011"><ele>26.0</ele><time>2024-07-09T22:17:14Z</time></trkpt>
<trkpt lat="45.36913" lon="-75.837011"><ele>26.0</ele><time>2024-07-09T22:17:15Z</time></trkpt>
<trkpt lat="45.369126" lon="-75.837011"><ele>26.0</ele><time>2024-07-09T22:17:16Z</time></trkpt>
<trkpt lat="45.369123" lon="-75.837011"><ele>26.0</ele><time>2024-07-09T22:17:17Z</time></trkpt>
<trkpt lat="45.369117" lon="-75.837011"><ele>26.0</ele><time>2024-07-09T22:17:18Z</time></trkpt>
<trkpt lat="45.369114" lon="-75.837011"><ele>26.0</ele><time>2024-07-09T22:17:19Z</time></trkpt>
<trkpt lat="45.369107" lon="-75.837011"><ele>26.0</ele><time>2024-07-09T22:17:20Z</time></trkpt>
<trkpt lat="45.369104" lon="-75.837011"><ele>26.0</ele><time>2024-07-09T22:17:21Z</time></trkpt>
<trkpt lat="45.369098" lon="-75.837011"><ele>26.0</ele><time>2024-07-09T22:17:22Z</time></trkpt>
<trkpt lat="45.369095" lon="-75.837002"><ele>26.0</ele><time>2024-07-09T22:17:23Z</time></trkpt>
<trkpt lat="45.369088" lon="-75.837002"><ele>26.0</ele><time>2024-07-09T22:17:24Z</time></trkpt>
<trkpt lat="45.369079" lon="-75.837011"><ele>26.0</ele><time>2024-07-09T22:17:25Z</time></trkpt>
<trkpt lat="45.369073" lon="-75.837002"><ele>26.0</ele><time>2024-07-09T22:17:26Z</time></trkpt>
<trkpt lat="45.369069" lon="-75.837002"><ele>26.0</ele><time>2024-07-09T22:17:27Z</time></trkpt>
<trkpt lat="45.369066" lon="-75.837002"><ele>26.0</ele><time>2024-07-09T22:17:28Z</time></trkpt>
<trkpt lat="45.36906" lon="-75.837002"><ele>26.0</ele><time>2024-07-09T22:17:29Z</time></trkpt>
<trkpt lat="45.369054" lon="-75.837002"><ele>26.0</ele><time>2024-07-09T22:17:30Z</time></trkpt>
<trkpt lat="45.36905" lon="-75.837002"><ele>26.0</ele><time>2024-07-09T22:17:31Z</time></trkpt>
<trkpt lat="45.369044" lon="-75.837002"><ele>26.0</ele><time>2024-07-09T22:17:32Z</time></trkpt>
<trkpt lat="45.369038" lon="-75.837002"><ele>25.0</ele><time>2024-07-09T22:17:33Z</time></trkpt>
<trkpt lat="45.369035" lon="-75.837002"><ele>26.0</ele><time>2024-07-09T22:17:34Z</time></trkpt>
<trkpt lat="45.369028" lon="-75.836993"><ele>25.0</ele><time>2024-07-09T22:17:35Z</time></trkpt>
<trkpt lat="45.369025" lon="-75.836993"><ele>25.0</ele><time>2024-07-09T22:17:36Z</time></trkpt>
<trkpt lat="45.369022" lon="-75.836993"><ele>25.0</ele><time>2024-07-09T22:17:37Z</time></trkpt>
<trkpt lat="45.369019" lon="-75.836993"><ele>25.0</ele><time>2024-07-09T22:17:38Z</time></trkpt>
<trkpt lat="45.369016" lon="-75.836993"><ele>25.0</ele><time>2024-07-09T22:17:39Z</time></trkpt>
<trkpt lat="45.369009" lon="-75.836993"><ele>25.0</ele><time>2024-07-09T22:17:40Z</time></trkpt>
<trkpt lat="45.369006" lon="-75.836993"><ele>25.0</ele><time>2024-07-09T22:17:41Z</time></trkpt>
<trkpt lat="45.369" lon="-75.836993"><ele>25.0</ele><time>2024-07-09T22:17:42Z</time></trkpt>
<trkpt lat="45.368997" lon="-75.836993"><ele>25.0</ele><time>2024-07-09T22:17:43Z</time></trkpt>
<trkpt lat="45.36899" lon="-75.836993"><ele>25.0</ele><time>2024-07-09T22:17:44Z</time></trkpt>
<trkpt lat="45.368987" lon="-75.836993"><ele>25.0</ele><time>2024-07-09T22:17:45Z</time></trkpt>
<trkpt lat="45.368981" lon="-75.836993"><ele>25.0</ele><time>2024-07-09T22:17:46Z</time></trkpt>
<trkpt lat="45.368978" lon="-75.836993"><ele>25.0</ele><time>2024-07-09T22:17:47Z</time></trkpt>
<trkpt lat="45.368974" lon="-75.836993"><ele>25.0</ele><time>2024-07-09T22:17:48Z</time></trkpt>
<trkpt lat="45.368971" lon="-75.836993"><ele>25.0</ele><time>2024-07-09T22:17:49Z</time></trkpt>
<trkpt lat="45.368962" lon="-75.837002"><ele>26.0</ele><time>2024-07-09T22:17:50Z</time></trkpt>
<trkpt lat="45.368955" lon="-75.837011"><ele>26.0</ele><time>2024-07-09T22:17:51Z</time></trkpt>
<trkpt lat="45.368946" lon="-75.837011"><ele>26.0</ele><time>2024-07-09T22:17:52Z</time></trkpt>
<trkpt lat="45.368943" lon="-75.837011"><ele>26.0</ele><time>2024-07-09T22:17:53Z</time></trkpt>
<trkpt lat="45.36894" lon="-75.837002"><ele>25.0</ele><time>2024-07-09T22:17:54Z</time></trkpt>
<trkpt lat="45.368936" lon="-75.837002"><ele>25.0</ele><time>2024-07-09T22:17:55Z</time></trkpt>
<trkpt lat="45.368933" lon="-75.837002"><ele>25.0</ele><time>2024-07-09T22:17:56Z</time></trkpt>
<trkpt lat="45.36893" lon="-75.837002"><ele>25.0</ele><time>2024-07-09T22:17:57Z</time></trkpt>
<trkpt lat="45.368927" lon="-75.837002"><ele>25.0</ele><time>2024-07-09T22:17:58Z</time></trkpt>
<trkpt lat="45.368924" lon="-75.837002"><ele>25.0</ele><time>2024-07-09T22:17:59Z</time></trkpt>
<trkpt lat="45.368924" lon="-75.837002"><ele>25.0</ele><time>2024-07-09T22:18:00Z</time></trkpt>
<trkpt lat="45.368917" lon="-75.837002"><ele>26.0</ele><time>2024-07-09T22:18:01Z</time></trkpt>
<trkpt lat="45.368914" lon="-75.836993"><ele>26.0</ele><time>2024-07-09T22:18:02Z</time></trkpt>
<trkpt lat="45.368908" lon="-75.836984"><ele>26.0</ele><time>2024-07-09T22:18:03Z</time></trkpt>
<trkpt lat="45.368908" lon="-75.836984"><ele>26.0</ele><time>2024-07-09T22:18:04Z</time></trkpt>
<trkpt lat="45.368908" lon="-75.836984"><ele>26.0</ele><time>2024-07-09T22:18:05Z</time></trkpt>
<trkpt lat="45.368898" lon="-75.836984"><ele>25.0</ele><time>2024-07-09T22:18:06Z</time></trkpt>
<trkpt lat="45.368895" lon="-75.836984"><ele>25.0</ele><time>2024-07-09T22:18:07Z</time></trkpt>
<trkpt lat="45.368892" lon="-75.836975"><ele>25.0</ele><time>2024-07-09T22:18:08Z</time></trkpt>
<trkpt lat="45.368889" lon="-75.836975"><ele>25.0</ele><time>2024-07-09T22:18:09Z</time></trkpt>
<trkpt lat="45.368886" lon="-75.836975"><ele>26.0</ele><time>2024-07-09T22:18:10Z</time></trkpt>
<trkpt lat="45.368886" lon="-75.836975"><ele>26.0</ele><time>2024-07-09T22:18:11Z</time></trkpt>
<trkpt lat="45.368883" lon="-75.836975"><ele>26.0</ele><time>2024-07-09T22:18:12Z</time></trkpt>
<trkpt lat="45.368879" lon="-75.836966"><ele>25.0</ele><time>2024-07-09T22:18:13Z</time></trkpt>
<trkpt lat="45.368879" lon="-75.836966"><ele>25.0</ele><time>2024-07-09T22:18:14Z</time></trkpt>
<trkpt lat="45.368876" lon="-75.836957"><ele>25.0</ele><time>2024-07-09T22:18:15Z</time></trkpt>
<trkpt lat="45.368873" lon="-75.836957"><ele>25.0</ele><time>2024-07-09T22:18:16Z</time></trkpt>
<trkpt lat="45.36887" lon="-75.836957"><ele>25.0</ele><time>2024-07-09T22:18:17Z</time></trkpt>
<trkpt lat="45.36887" lon="-75.836948"><ele>25.0</ele><time>2024-07-09T22:18:18Z</time></trkpt>
<trkpt lat="45.368867" lon="-75.836948"><ele>25.0</ele><time>2024-07-09T22:18:19Z</time></trkpt>
<trkpt lat="45.36886" lon="-75.836939"><ele>24.0</ele><time>2024-07-09T22:18:20Z</time></trkpt>
<trkpt lat="45.36886" lon="-75.836939"><ele>24.0</ele><time>2024-07-09T22:18:21Z</time></trkpt>
<trkpt lat="45.368854" lon="-75.836939"><ele>25.0</ele><time>2024-07-09T22:18:22Z</time></trkpt>
<trkpt lat="45.368854" lon="-75.83693"><ele>25.0</ele><time>2024-07-09T22:18:23Z</time></trkpt>
<trkpt lat="45.368851" lon="-75.83693"><ele>25.0</ele><time>2024-07-09T22:18:24Z</time></trkpt>
<trkpt lat="45.368848" lon="-75.83693"><ele>25.0</ele><time>2024-07-09T22:18:25Z</time></trkpt>
<trkpt lat="45.368845" lon="-75.83693"><ele>25.0</ele><time>2024-07-09T22:18:26Z</time></trkpt>
<trkpt lat="45.368841" lon="-75.83693"><ele>25.0</ele><time>2024-07-09T22:18:27Z</time></trkpt>
<trkpt lat="45.368838" lon="-75.83693"><ele>25.0</ele><time>2024-07-09T22:18:28Z</time></trkpt>
<trkpt lat="45.368835" lon="-75.836921"><ele>25.0</ele><time>2024-07-09T22:18:29Z</time></trkpt>
<trkpt lat="45.368832" lon="-75.836921"><ele>25.0</ele><time>2024-07-09T22:18:30Z</time></trkpt>
<trkpt lat="45.368829" lon="-75.836921"><ele>25.0</ele><time>2024-07-09T22:18:31Z</time></trkpt>
<trkpt lat="45.368822" lon="-75.836921"><ele>25.0</ele><time>2024-07-09T22:18:32Z</time></trkpt>
<trkpt lat="45.368816" lon="-75.836921"><ele>25.0</ele><time>2024-07-09T22:18:33Z</time></trkpt>
<trkpt lat="45.36881" lon="-75.83693"><ele>25.0</ele><time>2024-07-09T22:18:34Z</time></trkpt>
<trkpt lat="45.368807" lon="-75.83693"><ele>25.0</ele><time>2024-07-09T22:18:35Z</time></trkpt>
<trkpt lat="45.368803" lon="-75.836921"><ele>25.0</ele><time>2024-07-09T22:18:36Z</time></trkpt>
<trkpt lat="45.368797" lon="-75.836921"><ele>25.0</ele><time>2024-07-09T22:18:37Z</time></trkpt>
<trkpt lat="45.368794" lon="-75.836921"><ele>25.0</ele><time>2024-07-09T22:18:38Z</time></trkpt>
<trkpt lat="45.368791" lon="-75.836921"><ele>25.0</ele><time>2024-07-09T22:18:39Z</time></trkpt>
<trkpt lat="45.368788" lon="-75.836912"><ele>25.0</ele><time>2024-07-09T22:18:40Z</time></trkpt>
<trkpt lat="45.368784" lon="-75.836912"><ele>25.0</ele><time>2024-07-09T22:18:41Z</time></trkpt>
<trkpt lat="45.368781" lon="-75.836912"><ele>25.0</ele><time>2024-07-09T22:18:42Z</time></trkpt>
<trkpt lat="45.368778" lon="-75.836912"><ele>25.0</ele><time>2024-07-09T22:18:43Z</time></trkpt>
<trkpt lat="45.368772" lon="-75.836912"><ele>26.0</ele><time>2024-07-09T22:18:44Z</time></trkpt>
<trkpt lat="45.368769" lon="-75.836912"><ele>26.0</ele><time>2024-07-09T22:18:45Z</time></trkpt>
<trkpt lat="45.368762" lon="-75.836903"><ele>26.0</ele><time>2024-07-09T22:18:46Z</time></trkpt>
<trkpt lat="45.36875" lon="-75.836876"><ele>26.0</ele><time>2024-07-09T22:18:47Z</time></trkpt>
<trkpt lat="45.368746" lon="-75.836876"><ele>26.0</ele><time>2024-07-09T22:18:48Z</time></trkpt>
<trkpt lat="45.368743" lon="-75.836885"><ele>26.0</ele><time>2024-07-09T22:18:49Z</time></trkpt>
<trkpt lat="45.368743" lon="-75.836894"><ele>26.0</ele><time>2024-07-09T22:18:50Z</time></trkpt>
<trkpt lat="45.368743" lon="-75.836894"><ele>26.0</ele><time>2024-07-09T22:18:51Z</time></trkpt>
<trkpt lat="45.36874" lon="-75.836894"><ele>26.0</ele><time>2024-07-09T22:18:52Z</time></trkpt>
<trkpt lat="45.368737" lon="-75.836894"><ele>26.0</ele><time>2024-07-09T22:18:53Z</time></trkpt>
<trkpt lat="45.368734" lon="-75.836894"><ele>26.0</ele><time>2024-07-09T22:18:54Z</time></trkpt>
<trkpt lat="45.368731" lon="-75.836894"><ele>26.0</ele><time>2024-07-09T22:18:55Z</time></trkpt>
<trkpt lat="45.368727" lon="-75.836894"><ele>26.0</ele><time>2024-07-09T22:18:56Z</time></trkpt>
<trkpt lat="45.368721" lon="-75.836885"><ele>26.0</ele><time>2024-07-09T22:18:57Z</time></trkpt>
<trkpt lat="45.368718" lon="-75.836885"><ele>26.0</ele><time>2024-07-09T22:18:58Z</time></trkpt>
<trkpt lat="45.368712" lon="-75.836885"><ele>26.0</ele><time>2024-07-09T22:18:59Z</time></trkpt>
<trkpt lat="45.368709" lon="-75.836885"><ele>25.0</ele><time>2024-07-09T22:19:00Z</time></trkpt>
<trkpt lat="45.368702" lon="-75.836885"><ele>26.0</ele><time>2024-07-09T22:19:01Z</time></trkpt>
<trkpt lat="45.368699" lon="-75.836876"><ele>26.0</ele><time>2024-07-09T22:19:02Z</time></trkpt>
<trkpt lat="45.368696" lon="-75.836876"><ele>26.0</ele><time>2024-07-09T22:19:03Z</time></trkpt>
<trkpt lat="45.368693" lon="-75.836876"><ele>25.0</ele><time>2024-07-09T22:19:04Z</time></trkpt>
<trkpt lat="45.36869" lon="-75.836867"><ele>25.0</ele><time>2024-07-09T22:19:05Z</time></trkpt>
<trkpt lat="45.368683" lon="-75.836867"><ele>25.0</ele><time>2024-07-09T22:19:06Z</time></trkpt>
<trkpt lat="45.36868" lon="-75.836867"><ele>25.0</ele><time>2024-07-09T22:19:07Z</time></trkpt>
<trkpt lat="45.368677" lon="-75.836867"><ele>25.0</ele><time>2024-07-09T22:19:08Z</time></trkpt>
<trkpt lat="45.368671" lon="-75.836867"><ele>25.0</ele><time>2024-07-09T22:19:09Z</time></trkpt>
<trkpt lat="45.368667" lon="-75.836858"><ele>25.0</ele><time>2024-07-09T22:19:10Z</time></trkpt>
<trkpt lat="45.368664" lon="-75.836858"><ele>25.0</ele><time>2024-07-09T22:19:11Z</time></trkpt>
<trkpt lat="45.368661" lon="-75.836858"><ele>25.0</ele><time>2024-07-09T22:19:12Z</time></trkpt>
<trkpt lat="45.368655" lon="-75.836858"><ele>25.0</ele><time>2024-07-09T22:19:13Z</time></trkpt>
<trkpt lat="45.368652" lon="-75.836849"><ele>25.0</ele><time>2024-07-09T22:19:14Z</time></trkpt>
<trkpt lat="45.368648" lon="-75.836849"><ele>25.0</ele><time>2024-07-09T22:19:15Z</time></trkpt>
<trkpt lat="45.368645" lon="-75.836849"><ele>26.0</ele><time>2024-07-09T22:19:16Z</time></trkpt>
<trkpt lat="45.368639" lon="-75.836849"><ele>26.0</ele><time>2024-07-09T22:19:17Z</time></trkpt>
<trkpt lat="45.368636" lon="-75.836849"><ele>26.0</ele><time>2024-07-09T22:19:18Z</time></trkpt>
<trkpt lat="45.368633" lon="-75.83684"><ele>26.0</ele><time>2024-07-09T22:19:19Z</time></trkpt>
<trkpt lat="45.368626" lon="-75.83684"><ele>26.0</ele><time>2024-07-09T22:19:20Z</time></trkpt>
<trkpt lat="45.368623" lon="-75.83684"><ele>26.0</ele><time>2024-07-09T22:19:21Z</time></trkpt>
<trkpt lat="45.36862" lon="-75.83684"><ele>26.0</ele><time>2024-07-09T22:19:22Z</time></trkpt>
<trkpt lat="45.368614" lon="-75.836831"><ele>26.0</ele><time>2024-07-09T22:19:23Z</time></trkpt>
<trkpt lat="45.36861" lon="-75.836831"><ele>26.0</ele><time>2024-07-09T22:19:24Z</time></trkpt>
<trkpt lat="45.368604" lon="-75.836831"><ele>26.0</ele><time>2024-07-09T22:19:25Z</time></trkpt>
<trkpt lat="45.368601" lon="-75.836831"><ele>26.0</ele><time>2024-07-09T22:19:26Z</time></trkpt>
<trkpt lat="45.368598" lon="-75.836831"><ele>26.0</ele><time>2024-07-09T22:19:27Z</time></trkpt>
<trkpt lat="45.368595" lon="-75.836822"><ele>26.0</ele><time>2024-07-09T22:19:28Z</time></trkpt>
<trkpt lat="45.368588" lon="-75.836822"><ele>26.0</ele><time>2024-07-09T22:19:29Z</time></trkpt>
<trkpt lat="45.368585" lon="-75.836813"><ele>26.0</ele><time>2024-07-09T22:19:30Z</time></trkpt>
<trkpt lat="45.368579" lon="-75.836813"><ele>26.0</ele><time>2024-07-09T22:19:31Z</time></trkpt>
<trkpt lat="45.368576" lon="-75.836813"><ele>26.0</ele><time>2024-07-09T22:19:32Z</time></trkpt>
<trkpt lat="45.368569" lon="-75.836813"><ele>26.0</ele><time>2024-07-09T22:19:33Z</time></trkpt>
<trkpt lat="45.368563" lon="-75.836813"><ele>26.0</ele><time>2024-07-09T22:19:34Z</time></trkpt>
<trkpt lat="45.36856" lon="-75.836813"><ele>26.0</ele><time>2024-07-09T22:19:35Z</time></trkpt>
<trkpt lat="45.368553" lon="-75.836813"><ele>26.0</ele><time>2024-07-09T22:19:36Z</time></trkpt>
<trkpt lat="45.36855" lon="-75.836804"><ele>26.0</ele><time>2024-07-09T22:19:37Z</time></trkpt>
<trkpt lat="45.368547" lon="-75.836804"><ele>26.0</ele><time>2024-07-09T22:19:38Z</time></trkpt>
<trkpt lat="45.368541" lon="-75.836795"><ele>26.0</ele><time>2024-07-09T22:19:39Z</time></trkpt>
<trkpt lat="45.368538" lon="-75.836795"><ele>26.0</ele><time>2024-07-09T22:19:40Z</time></trkpt>
<trkpt lat="45.368531" lon="-75.836795"><ele>26.0</ele><time>2024-07-09T22:19:41Z</time></trkpt>
<trkpt lat="45.368528" lon="-75.836795"><ele>26.0</ele><time>2024-07-09T22:19:42Z</time></trkpt>
<trkpt lat="45.368522" lon="-75.836795"><ele>26.0</ele><time>2024-07-09T22:19:43Z</time></trkpt>
<trkpt lat="45.368515" lon="-75.836795"><ele>26.0</ele><time>2024-07-09T22:19:44Z</time></trkpt>
<trkpt lat="45.368512" lon="-75.836795"><ele>26.0</ele><time>2024-07-09T22:19:45Z</time></trkpt>
<trkpt lat="45.368506" lon="-75.836795"><ele>26.0</ele><time>2024-07-09T22:19:46Z</time></trkpt>
<trkpt lat="45.368503" lon="-75.836795"><ele>26.0</ele><time>2024-07-09T22:19:47Z</time></trkpt>
<trkpt lat="45.368496" lon="-75.836795"><ele>27.0</ele><time>2024-07-09T22:19:48Z</time></trkpt>
<trkpt lat="45.368493" lon="-75.836795"><ele>27.0</ele><time>2024-07-09T22:19:49Z</time></trkpt>
<trkpt lat="45.368487" lon="-75.836786"><ele>27.0</ele><time>2024-07-09T22:19:50Z</time></trkpt>
<trkpt lat="45.368481" lon="-75.836786"><ele>26.0</ele><time>2024-07-09T22:19:51Z</time></trkpt>
<trkpt lat="45.368477" lon="-75.836786"><ele>26.0</ele><time>2024-07-09T22:19:52Z</time></trkpt>
<trkpt lat="45.368471" lon="-75.836786"><ele>26.0</ele><time>2024-07-09T22:19:53Z</time></trkpt>
<trkpt lat="45.368468" lon="-75.836777"><ele>26.0</ele><time>2024-07-09T22:19:54Z</time></trkpt>
<trkpt lat="45.368462" lon="-75.836777"><ele>26.0</ele><time>2024-07-09T22:19:55Z</time></trkpt>
<trkpt lat="45.368458" lon="-75.836777"><ele>26.0</ele><time>2024-07-09T22:19:56Z</time></trkpt>
<trkpt lat="45.368452" lon="-75.836777"><ele>26.0</ele><time>2024-07-09T22:19:57Z</time></trkpt>
<trkpt lat="45.368449" lon="-75.836777"><ele>26.0</ele><time>2024-07-09T22:19:58Z</time></trkpt>
<trkpt lat="45.368446" lon="-75.836777"><ele>26.0</ele><time>2024-07-09T22:19:59Z</time></trkpt>
<trkpt lat="45.368443" lon="-75.836786"><ele>26.0</ele><time>2024-07-09T22:20:00Z</time></trkpt>
<trkpt lat="45.368439" lon="-75.836786"><ele>26.0</ele><time>2024-07-09T22:20:01Z</time></trkpt>
<trkpt lat="45.368433" lon="-75.836786"><ele>26.0</ele><time>2024-07-09T22:20:02Z</time></trkpt>
<trkpt lat="45.36843" lon="-75.836786"><ele>26.0</ele><time>2024-07-09T22:20:03Z</time></trkpt>
<trkpt lat="45.368427" lon="-75.836786"><ele>26.0</ele><time>2024-07-09T22:20:04Z</time></trkpt>
<trkpt lat="45.368424" lon="-75.836777"><ele>25.0</ele><time>2024-07-09T22:20:05Z</time></trkpt>
<trkpt lat="45.368417" lon="-75.836786"><ele>26.0</ele><time>2024-07-09T22:20:06Z</time></trkpt>
<trkpt lat="45.368414" lon="-75.836786"><ele>26.0</ele><time>2024-07-09T22:20:07Z</time></trkpt>
<trkpt lat="45.368408" lon="-75.836786"><ele>26.0</ele><time>2024-07-09T22:20:08Z</time></trkpt>
<trkpt lat="45.368405" lon="-75.836786"><ele>26.0</ele><time>2024-07-09T22:20:09Z</time></trkpt>
<trkpt lat="45.368398" lon="-75.836786"><ele>26.0</ele><time>2024-07-09T22:20:10Z</time></trkpt>
<trkpt lat="45.368395" lon="-75.836786"><ele>26.0</ele><time>2024-07-09T22:20:11Z</time></trkpt>
<trkpt lat="45.368389" lon="-75.836786"><ele>26.0</ele><time>2024-07-09T22:20:12Z</time></trkpt>
<trkpt lat="45.368386" lon="-75.836786"><ele>26.0</ele><time>2024-07-09T22:20:13Z</time></trkpt>
<trkpt lat="45.368379" lon="-75.836795"><ele>26.0</ele><time>2024-07-09T22:20:14Z</time></trkpt>
<trkpt lat="45.368373" lon="-75.836795"><ele>26.0</ele><time>2024-07-09T22:20:15Z</time></trkpt>
<trkpt lat="45.36837" lon="-75.836795"><ele>26.0</ele><time>2024-07-09T22:20:16Z</time></trkpt>
<trkpt lat="45.368363" lon="-75.836795"><ele>26.0</ele><time>2024-07-09T22:20:17Z</time></trkpt>
<trkpt lat="45.36836" lon="-75.836795"><ele>26.0</ele><time>2024-07-09T22:20:18Z</time></trkpt>
<trkpt lat="45.368354" lon="-75.836795"><ele>26.0</ele><time>2024-07-09T22:20:19Z</time></trkpt>
<trkpt lat="45.368351" lon="-75.836795"><ele>26.0</ele><time>2024-07-09T22:20:20Z</time></trkpt>
<trkpt lat="45.368348" lon="-75.836795"><ele>26.0</ele><time>2024-07-09T22:20:21Z</time></trkpt>
<trkpt lat="45.368344" lon="-75.836795"><ele>26.0</ele><time>2024-07-09T22:20:22Z</time></trkpt>
<trkpt lat="45.368338" lon="-75.836804"><ele>26.0</ele><time>2024-07-09T22:20:23Z</time></trkpt>
<trkpt lat="45.368332" lon="-75.836804"><ele>26.0</ele><time>2024-07-09T22:20:24Z</time></trkpt>
<trkpt lat="45.368325" lon="-75.836804"><ele>26.0</ele><time>2024-07-09T22:20:25Z</time></trkpt>
<trkpt lat="45.368322" lon="-75.836804"><ele>26.0</ele><time>2024-07-09T22:20:26Z</time></trkpt>
<trkpt lat="45.368316" lon="-75.836804"><ele>26.0</ele><time>2024-07-09T22:20:27Z</time></trkpt>
<trkpt lat="45.368313" lon="-75.836804"><ele>26.0</ele><time>2024-07-09T22:20:28Z</time></trkpt>
<trkpt lat="45.368306" lon="-75.836804"><ele>26.0</ele><time>2024-07-09T22:20:29Z</time></trkpt>
<trkpt lat="45.3683" lon="-75.836804"><ele>26.0</ele><time>2024-07-09T22:20:30Z</time></trkpt>
<trkpt lat="45.368297" lon="-75.836804"><ele>26.0</ele><time>2024-07-09T22:20:31Z</time></trkpt>
<trkpt lat="45.368291" lon="-75.836813"><ele>26.0</ele><time>2024-07-09T22:20:32Z</time></trkpt>
<trkpt lat="45.368287" lon="-75.836813"><ele>26.0</ele><time>2024-07-09T22:20:33Z</time></trkpt>
<trkpt lat="45.368281" lon="-75.836813"><ele>26.0</ele><time>2024-07-09T22:20:34Z</time></trkpt>
<trkpt lat="45.368278" lon="-75.836822"><ele>26.0</ele><time>2024-07-09T22:20:35Z</time></trkpt>
<trkpt lat="45.368275" lon="-75.836822"><ele>26.0</ele><time>2024-07-09T22:20:36Z</time></trkpt>
<trkpt lat="45.368268" lon="-75.836822"><ele>26.0</ele><time>2024-07-09T22:20:37Z</time></trkpt>
<trkpt lat="45.368265" lon="-75.836822"><ele>26.0</ele><time>2024-07-09T22:20:38Z</time></trkpt>
<trkpt lat="45.368262" lon="-75.836822"><ele>26.0</ele><time>2024-07-09T22:20:39Z</time></trkpt>
<trkpt lat="45.368256" lon="-75.836822"><ele>27.0</ele><time>2024-07-09T22:20:40Z</time></trkpt>
<trkpt lat="45.368249" lon="-75.836831"><ele>27.0</ele><time>2024-07-09T22:20:41Z</time></trkpt>
<trkpt lat="45.368246" lon="-75.836831"><ele>27.0</ele><time>2024-07-09T22:20:42Z</time></trkpt>
<trkpt lat="45.368243" lon="-75.836831"><ele>27.0</ele><time>2024-07-09T22:20:43Z</time></trkpt>
<trkpt lat="45.36824" lon="-75.836831"><ele>27.0</ele><time>2024-07-09T22:20:44Z</time></trkpt>
<trkpt lat="45.368234" lon="-75.836831"><ele>27.0</ele><time>2024-07-09T22:20:45Z</time></trkpt>
<trkpt lat="45.368227" lon="-75.836831"><ele>27.0</ele><time>2024-07-09T22:20:46Z</time></trkpt>
<trkpt lat="45.368224" lon="-75.83684"><ele>27.0</ele><time>2024-07-09T22:20:47Z</time></trkpt>
<trkpt lat="45.368218" lon="-75.83684"><ele>27.0</ele><time>2024-07-09T22:20:48Z</time></trkpt>
<trkpt lat="45.368215" lon="-75.83684"><ele>27.0</ele><time>2024-07-09T22:20:49Z</time></trkpt>
<trkpt lat="45.368208" lon="-75.83684"><ele>27.0</ele><time>2024-07-09T22:20:50Z</time></trkpt>
<trkpt lat="45.368202" lon="-75.83684"><ele>26.0</ele><time>2024-07-09T22:20:51Z</time></trkpt>
<trkpt lat="45.368199" lon="-75.83684"><ele>26.0</ele><time>2024-07-09T22:20:52Z</time></trkpt>
<trkpt lat="45.368192" lon="-75.83684"><ele>26.0</ele><time>2024-07-09T22:20:53Z</time></trkpt>
<trkpt lat="45.368186" lon="-75.83684"><ele>26.0</ele><time>2024-07-09T22:20:54Z</time></trkpt>
<trkpt lat="45.36818" lon="-75.836849"><ele>26.0</ele><time>2024-07-09T22:20:55Z</time></trkpt>
<trkpt lat="45.368173" lon="-75.836849"><ele>26.0</ele><time>2024-07-09T22:20:56Z</time></trkpt>
<trkpt lat="45.36817" lon="-75.836849"><ele>26.0</ele><time>2024-07-09T22:20:57Z</time></trkpt>
<trkpt lat="45.368164" lon="-75.836849"><ele>26.0</ele><time>2024-07-09T22:20:58Z</time></trkpt>
<trkpt lat="45.368158" lon="-75.836849"><ele>26.0</ele><time>2024-07-09T22:20:59Z</time></trkpt>
<trkpt lat="45.368151" lon="-75.836849"><ele>26.0</ele><time>2024-07-09T22:21:00Z</time></trkpt>
<trkpt lat="45.368145" lon="-75.836849"><ele>26.0</ele><time>2024-07-09T22:21:01Z</time></trkpt>
<trkpt lat="45.368139" lon="-75.836849"><ele>26.0</ele><time>2024-07-09T22:21:02Z</time></trkpt>
<trkpt lat="45.368135" lon="-75.836849"><ele>26.0</ele><time>2024-07-09T22:21:03Z</time></trkpt>
<trkpt lat="45.368129" lon="-75.836858"><ele>26.0</ele><time>2024-07-09T22:21:04Z</time></trkpt>
<trkpt lat="45.368123" lon="-75.836858"><ele>26.0</ele><time>2024-07-09T22:21:05Z</time></trkpt>
<trkpt lat="45.368116" lon="-75.836858"><ele>26.0</ele><time>2024-07-09T22:21:06Z</time></trkpt>
<trkpt lat="45.36811" lon="-75.836858"><ele>26.0</ele><time>2024-07-09T22:21:07Z</time></trkpt>
<trkpt lat="45.368104" lon="-75.836858"><ele>26.0</ele><time>2024-07-09T22:21:08Z</time></trkpt>
<trkpt lat="45.368101" lon="-75.836867"><ele>26.0</ele><time>2024-07-09T22:21:09Z</time></trkpt>
<trkpt lat="45.368094" lon="-75.836867"><ele>26.0</ele><time>2024-07-09T22:21:10Z</time></trkpt>
<trkpt lat="45.368088" lon="-75.836867"><ele>26.0</ele><time>2024-07-09T22:21:11Z</time></trkpt>
<trkpt lat="45.368085" lon="-75.836867"><ele>26.0</ele><time>2024-07-09T22:21:12Z</time></trkpt>
<trkpt lat="45.368078" lon="-75.836867"><ele>26.0</ele><time>2024-07-09T22:21:13Z</time></trkpt>
<trkpt lat="45.368072" lon="-75.836876"><ele>26.0</ele><time>2024-07-09T22:21:14Z</time></trkpt>
<trkpt lat="45.368069" lon="-75.836876"><ele>26.0</ele><time>2024-07-09T22:21:15Z</time></trkpt>
<trkpt lat="45.368063" lon="-75.836876"><ele>26.0</ele><time>2024-07-09T22:21:16Z</time></trkpt>
<trkpt lat="45.368056" lon="-75.836876"><ele>26.0</ele><time>2024-07-09T22:21:17Z</time></trkpt>
<trkpt lat="45.368053" lon="-75.836876"><ele>26.0</ele><time>2024-07-09T22:21:18Z</time></trkpt>
<trkpt lat="45.368047" lon="-75.836885"><ele>26.0</ele><time>2024-07-09T22:21:19Z</time></trkpt>
<trkpt lat="45.36804" lon="-75.836885"><ele>26.0</ele><time>2024-07-09T22:21:20Z</time></trkpt>
<trkpt lat="45.368034" lon="-75.836885"><ele>26.0</ele><time>2024-07-09T22:21:21Z</time></trkpt>
<trkpt lat="45.368028" lon="-75.836885"><ele>26.0</ele><time>2024-07-09T22:21:22Z</time></trkpt>
<trkpt lat="45.368021" lon="-75.836894"><ele>26.0</ele><time>2024-07-09T22:21:23Z</time></trkpt>
<trkpt lat="45.368015" lon="-75.836894"><ele>26.0</ele><time>2024-07-09T22:21:24Z</time></trkpt>
<trkpt lat="45.368009" lon="-75.836894"><ele>26.0</ele><time>2024-07-09T22:21:25Z</time></trkpt>
<trkpt lat="45.368002" lon="-75.836894"><ele>26.0</ele><time>2024-07-09T22:21:26Z</time></trkpt>
<trkpt lat="45.367996" lon="-75.836903"><ele>26.0</ele><time>2024-07-09T22:21:27Z</time></trkpt>
<trkpt lat="45.36799" lon="-75.836903"><ele>26.0</ele><time>2024-07-09T22:21:28Z</time></trkpt>
<trkpt lat="45.367983" lon="-75.836903"><ele>26.0</ele><time>2024-07-09T22:21:29Z</time></trkpt>
<trkpt lat="45.367977" lon="-75.836912"><ele>26.0</ele><time>2024-07-09T22:21:30Z</time></trkpt>
<trkpt lat="45.367974" lon="-75.836912"><ele>26.0</ele><time>2024-07-09T22:21:31Z</time></trkpt>
<trkpt lat="45.367968" lon="-75.836921"><ele>26.0</ele><time>2024-07-09T22:21:32Z</time></trkpt>
<trkpt lat="45.367961" lon="-75.836921"><ele>26.0</ele><time>2024-07-09T22:21:33Z</time></trkpt>
<trkpt lat="45.367952" lon="-75.836921"><ele>26.0</ele><time>2024-07-09T22:21:34Z</time></trkpt>
<trkpt lat="45.367946" lon="-75.83693"><ele>26.0</ele><time>2024-07-09T22:21:35Z</time></trkpt>
<trkpt lat="45.367939" lon="-75.83693"><ele>26.0</ele><time>2024-07-09T22:21:36Z</time></trkpt>
<trkpt lat="45.367933" lon="-75.836939"><ele>26.0</ele><time>2024-07-09T22:21:37Z</time></trkpt>
<trkpt lat="45.36793" lon="-75.836939"><ele>26.0</ele><time>2024-07-09T22:21:38Z</time></trkpt>
<trkpt lat="45.367923" lon="-75.836948"><ele>26.0</ele><time>2024-07-09T22:21:39Z</time></trkpt>
<trkpt lat="45.36792" lon="-75.836948"><ele>25.0</ele><time>2024-07-09T22:21:40Z</time></trkpt>
<trkpt lat="45.367914" lon="-75.836957"><ele>26.0</ele><time>2024-07-09T22:21:41Z</time></trkpt>
<trkpt lat="45.367908" lon="-75.836957"><ele>26.0</ele><time>2024-07-09T22:21:42Z</time></trkpt>
<trkpt lat="45.367904" lon="-75.836957"><ele>26.0</ele><time>2024-07-09T22:21:43Z</time></trkpt>
<trkpt lat="45.367898" lon="-75.836966"><ele>25.0</ele><time>2024-07-09T22:21:44Z</time></trkpt>
<trkpt lat="45.367895" lon="-75.836966"><ele>25.0</ele><time>2024-07-09T22:21:45Z</time></trkpt>
<trkpt lat="45.367889" lon="-75.836975"><ele>25.0</ele><time>2024-07-09T22:21:46Z</time></trkpt>
<trkpt lat="45.367885" lon="-75.836975"><ele>25.0</ele><time>2024-07-09T22:21:47Z</time></trkpt>
<trkpt lat="45.367879" lon="-75.836984"><ele>25.0</ele><time>2024-07-09T22:21:48Z</time></trkpt>
<trkpt lat="45.367873" lon="-75.836984"><ele>25.0</ele><time>2024-07-09T22:21:49Z</time></trkpt>
<trkpt lat="45.36787" lon="-75.836984"><ele>25.0</ele><time>2024-07-09T22:21:50Z</time></trkpt>
<trkpt lat="45.367863" lon="-75.836993"><ele>25.0</ele><time>2024-07-09T22:21:51Z</time></trkpt>
<trkpt lat="45.36786" lon="-75.836993"><ele>25.0</ele><time>2024-07-09T22:21:52Z</time></trkpt>
<trkpt lat="45.367854" lon="-75.837002"><ele>25.0</ele><time>2024-07-09T22:21:53Z</time></trkpt>
<trkpt lat="45.367847" lon="-75.837002"><ele>25.0</ele><time>2024-07-09T22:21:54Z</time></trkpt>
<trkpt lat="45.367844" lon="-75.837002"><ele>25.0</ele><time>2024-07-09T22:21:55Z</time></trkpt>
<trkpt lat="45.367838" lon="-75.837011"><ele>24.0</ele><time>2024-07-09T22:21:56Z</time></trkpt>
<trkpt lat="45.367832" lon="-75.837011"><ele>24.0</ele><time>2024-07-09T22:21:57Z</time></trkpt>
<trkpt lat="45.367825" lon="-75.83702"><ele>24.0</ele><time>2024-07-09T22:21:58Z</time></trkpt>
<trkpt lat="45.367819" lon="-75.83702"><ele>24.0</ele><time>2024-07-09T22:21:59Z</time></trkpt>
<trkpt lat="45.367813" lon="-75.83702"><ele>25.0</ele><time>2024-07-09T22:22:00Z</time></trkpt>
<trkpt lat="45.367809" lon="-75.837029"><ele>25.0</ele><time>2024-07-09T22:22:01Z</time></trkpt>
<trkpt lat="45.367803" lon="-75.837029"><ele>25.0</ele><time>2024-07-09T22:22:02Z</time></trkpt>
<trkpt lat="45.367797" lon="-75.837029"><ele>25.0</ele><time>2024-07-09T22:22:03Z</time></trkpt>
<trkpt lat="45.36779" lon="-75.837038"><ele>25.0</ele><time>2024-07-09T22:22:04Z</time></trkpt>
<trkpt lat="45.367784" lon="-75.837038"><ele>25.0</ele><time>2024-07-09T22:22:05Z</time></trkpt>
<trkpt lat="45.367778" lon="-75.837047"><ele>25.0</ele><time>2024-07-09T22:22:06Z</time></trkpt>
<trkpt lat="45.367771" lon="-75.837047"><ele>25.0</ele><time>2024-07-09T22:22:07Z</time></trkpt>
<trkpt lat="45.367765" lon="-75.837047"><ele>25.0</ele><time>2024-07-09T22:22:08Z</time></trkpt>
<trkpt lat="45.367762" lon="-75.837056"><ele>25.0</ele><time>2024-07-09T22:22:09Z</time></trkpt>
<trkpt lat="45.367756" lon="-75.837056"><ele>25.0</ele><time>2024-07-09T22:22:10Z</time></trkpt>
<trkpt lat="45.367749" lon="-75.837056"><ele>25.0</ele><time>2024-07-09T22:22:11Z</time></trkpt>
<trkpt lat="45.367743" lon="-75.837056"><ele>25.0</ele><time>2024-07-09T22:22:12Z</time></trkpt>
<trkpt lat="45.367737" lon="-75.837065"><ele>25.0</ele><time>2024-07-09T22:22:13Z</time></trkpt>
<trkpt lat="45.36773" lon="-75.837065"><ele>25.0</ele><time>2024-07-09T22:22:14Z</time></trkpt>
<trkpt lat="45.367727" lon="-75.837074"><ele>25.0</ele><time>2024-07-09T22:22:15Z</time></trkpt>
<trkpt lat="45.367721" lon="-75.837074"><ele>25.0</ele><time>2024-07-09T22:22:16Z</time></trkpt>
<trkpt lat="45.367714" lon="-75.837074"><ele>25.0</ele><time>2024-07-09T22:22:17Z</time></trkpt>
<trkpt lat="45.367711" lon="-75.837074"><ele>25.0</ele><time>2024-07-09T22:22:18Z</time></trkpt>
<trkpt lat="45.367708" lon="-75.837082"><ele>25.0</ele><time>2024-07-09T22:22:19Z</time></trkpt>
<trkpt lat="45.367705" lon="-75.837082"><ele>25.0</ele><time>2024-07-09T22:22:20Z</time></trkpt>
<trkpt lat="45.367699" lon="-75.837082"><ele>25.0</ele><time>2024-07-09T22:22:21Z</time></trkpt>
<trkpt lat="45.367692" lon="-75.837082"><ele>25.0</ele><time>2024-07-09T22:22:22Z</time></trkpt>
<trkpt lat="45.367689" lon="-75.837091"><ele>25.0</ele><time>2024-07-09T22:22:23Z</time></trkpt>
<trkpt lat="45.367686" lon="-75.8371"><ele>25.0</ele><time>2024-07-09T22:22:24Z</time></trkpt>
<trkpt lat="45.367683" lon="-75.8371"><ele>25.0</ele><time>2024-07-09T22:22:25Z</time></trkpt>
<trkpt lat="45.367676" lon="-75.837109"><ele>25.0</ele><time>2024-07-09T22:22:26Z</time></trkpt>
<trkpt lat="45.367673" lon="-75.837109"><ele>25.0</ele><time>2024-07-09T22:22:27Z</time></trkpt>
<trkpt lat="45.367673" lon="-75.837109"><ele>25.0</ele><time>2024-07-09T22:22:28Z</time></trkpt>
<trkpt lat="45.36767" lon="-75.837118"><ele>25.0</ele><time>2024-07-09T22:22:29Z</time></trkpt>
<trkpt lat="45.367667" lon="-75.837118"><ele>25.0</ele><time>2024-07-09T22:22:30Z</time></trkpt>
<trkpt lat="45.367664" lon="-75.837118"><ele>25.0</ele><time>2024-07-09T22:22:31Z</time></trkpt>
<trkpt lat="45.367664" lon="-75.837118"><ele>26.0</ele><time>2024-07-09T22:22:32Z</time></trkpt>
<trkpt lat="45.367661" lon="-75.837127"><ele>26.0</ele><time>2024-07-09T22:22:33Z</time></trkpt>
<trkpt lat="45.367661" lon="-75.837127"><ele>26.0</ele><time>2024-07-09T22:22:34Z</time></trkpt>
<trkpt lat="45.367661" lon="-75.837127"><ele>26.0</ele><time>2024-07-09T22:22:35Z</time></trkpt>
<trkpt lat="45.367661" lon="-75.837127"><ele>25.0</ele><time>2024-07-09T22:22:36Z</time></trkpt>
<trkpt lat="45.367657" lon="-75.837127"><ele>25.0</ele><time>2024-07-09T22:22:37Z</time></trkpt>
<trkpt lat="45.367657" lon="-75.837127"><ele>25.0</ele><time>2024-07-09T22:22:38Z</time></trkpt>
<trkpt lat="45.367661" lon="-75.837127"><ele>25.0</ele><time>2024-07-09T22:22:39Z</time></trkpt>
<trkpt lat="45.367661" lon="-75.837127"><ele>25.0</ele><time>2024-07-09T22:22:40Z</time></trkpt>
<trkpt lat="45.367664" lon="-75.837127"><ele>25.0</ele><time>2024-07-09T22:22:41Z</time></trkpt>
<trkpt lat="45.36767" lon="-75.837127"><ele>26.0</ele><time>2024-07-09T22:22:42Z</time></trkpt>
<trkpt lat="45.367676" lon="-75.837127"><ele>26.0</ele><time>2024-07-09T22:22:43Z</time></trkpt>
<trkpt lat="45.36768" lon="-75.837118"><ele>26.0</ele><time>2024-07-09T22:22:44Z</time></trkpt>
<trkpt lat="45.367686" lon="-75.837118"><ele>26.0</ele><time>2024-07-09T22:22:45Z</time></trkpt>
<trkpt lat="45.367692" lon="-75.837118"><ele>26.0</ele><time>2024-07-09T22:22:46Z</time></trkpt>
<trkpt lat="45.367699" lon="-75.837109"><ele>26.0</ele><time>2024-07-09T22:22:47Z</time></trkpt>
<trkpt lat="45.367705" lon="-75.837109"><ele>26.0</ele><time>2024-07-09T22:22:48Z</time></trkpt>
<trkpt lat="45.367711" lon="-75.837109"><ele>26.0</ele><time>2024-07-09T22:22:49Z</time></trkpt>
<trkpt lat="45.367718" lon="-75.837109"><ele>26.0</ele><time>2024-07-09T22:22:50Z</time></trkpt>
<trkpt lat="45.367727" lon="-75.837109"><ele>26.0</ele><time>2024-07-09T22:22:51Z</time></trkpt>
<trkpt lat="45.367733" lon="-75.8371"><ele>26.0</ele><time>2024-07-09T22:22:52Z</time></trkpt>
<trkpt lat="45.367743" lon="-75.8371"><ele>26.0</ele><time>2024-07-09T22:22:53Z</time></trkpt>
<trkpt lat="45.367749" lon="-75.8371"><ele>25.0</ele><time>2024-07-09T22:22:54Z</time></trkpt>
<trkpt lat="45.367759" lon="-75.8371"><ele>25.0</ele><time>2024-07-09T22:22:55Z</time></trkpt>
<trkpt lat="45.367765" lon="-75.8371"><ele>25.0</ele><time>2024-07-09T22:22:56Z</time></trkpt>
<trkpt lat="45.367775" lon="-75.837091"><ele>26.0</ele><time>2024-07-09T22:22:57Z</time></trkpt>
<trkpt lat="45.367781" lon="-75.837091"><ele>25.0</ele><time>2024-07-09T22:22:58Z</time></trkpt>
<trkpt lat="45.36779" lon="-75.837091"><ele>26.0</ele><time>2024-07-09T22:22:59Z</time></trkpt>
<trkpt lat="45.367797" lon="-75.837091"><ele>26.0</ele><time>2024-07-09T22:23:00Z</time></trkpt>
<trkpt lat="45.367803" lon="-75.837091"><ele>26.0</ele><time>2024-07-09T22:23:01Z</time></trkpt>
<trkpt lat="45.367813" lon="-75.8371"><ele>25.0</ele><time>2024-07-09T22:23:02Z</time></trkpt>
<trkpt lat="45.367819" lon="-75.8371"><ele>25.0</ele><time>2024-07-09T22:23:03Z</time></trkpt>
<trkpt lat="45.367825" lon="-75.8371"><ele>25.0</ele><time>2024-07-09T22:23:04Z</time></trkpt>
<trkpt lat="45.367828" lon="-75.8371"><ele>25.0</ele><time>2024-07-09T22:23:05Z</time></trkpt>
<trkpt lat="45.367835" lon="-75.8371"><ele>25.0</ele><time>2024-07-09T22:23:06Z</time></trkpt>
<trkpt lat="45.367844" lon="-75.8371"><ele>25.0</ele><time>2024-07-09T22:23:07Z</time></trkpt>
<trkpt lat="45.367847" lon="-75.8371"><ele>25.0</ele><time>2024-07-09T22:23:08Z</time></trkpt>
<trkpt lat="45.367854" lon="-75.837091"><ele>25.0</ele><time>2024-07-09T22:23:09Z</time></trkpt>
<trkpt lat="45.36786" lon="-75.837091"><ele>25.0</ele><time>2024-07-09T22:23:10Z</time></trkpt>
<trkpt lat="45.36787" lon="-75.837091"><ele>25.0</ele><time>2024-07-09T22:23:11Z</time></trkpt>
<trkpt lat="45.367879" lon="-75.837082"><ele>25.0</ele><time>2024-07-09T22:23:12Z</time></trkpt>
<trkpt lat="45.367889" lon="-75.837082"><ele>25.0</ele><time>2024-07-09T22:23:13Z</time></trkpt>
<trkpt lat="45.367898" lon="-75.837082"><ele>26.0</ele><time>2024-07-09T22:23:14Z</time></trkpt>
<trkpt lat="45.367908" lon="-75.837074"><ele>26.0</ele><time>2024-07-09T22:23:15Z</time></trkpt>
<trkpt lat="45.367917" lon="-75.837065"><ele>26.0</ele><time>2024-07-09T22:23:16Z</time></trkpt>
<trkpt lat="45.367923" lon="-75.837065"><ele>26.0</ele><time>2024-07-09T22:23:17Z</time></trkpt>
<trkpt lat="45.367933" lon="-75.837056"><ele>26.0</ele><time>2024-07-09T22:23:18Z</time></trkpt>
<trkpt lat="45.367939" lon="-75.837047"><ele>26.0</ele><time>2024-07-09T22:23:19Z</time></trkpt>
<trkpt lat="45.367949" lon="-75.837038"><ele>26.0</ele><time>2024-07-09T22:23:20Z</time></trkpt>
<trkpt lat="45.367958" lon="-75.837029"><ele>26.0</ele><time>2024-07-09T22:23:21Z</time></trkpt>
<trkpt lat="45.367968" lon="-75.83702"><ele>26.0</ele><time>2024-07-09T22:23:22Z</time></trkpt>
<trkpt lat="45.367974" lon="-75.83702"><ele>26.0</ele><time>2024-07-09T22:23:23Z</time></trkpt>
<trkpt lat="45.367983" lon="-75.837011"><ele>26.0</ele><time>2024-07-09T22:23:24Z</time></trkpt>
<trkpt lat="45.367993" lon="-75.837002"><ele>26.0</ele><time>2024-07-09T22:23:25Z</time></trkpt>
<trkpt lat="45.367999" lon="-75.837002"><ele>26.0</ele><time>2024-07-09T22:23:26Z</time></trkpt>
<trkpt lat="45.368009" lon="-75.836993"><ele>26.0</ele><time>2024-07-09T22:23:27Z</time></trkpt>
<trkpt lat="45.368015" lon="-75.836984"><ele>26.0</ele><time>2024-07-09T22:23:28Z</time></trkpt>
<trkpt lat="45.368025" lon="-75.836975"><ele>26.0</ele><time>2024-07-09T22:23:29Z</time></trkpt>
<trkpt lat="45.368031" lon="-75.836975"><ele>26.0</ele><time>2024-07-09T22:23:30Z</time></trkpt>
<trkpt lat="45.36804" lon="-75.836966"><ele>26.0</ele><time>2024-07-09T22:23:31Z</time></trkpt>
<trkpt lat="45.36805" lon="-75.836966"><ele>25.0</ele><time>2024-07-09T22:23:32Z</time></trkpt>
<trkpt lat="45.368056" lon="-75.836966"><ele>25.0</ele><time>2024-07-09T22:23:33Z</time></trkpt>
<trkpt lat="45.368063" lon="-75.836966"><ele>25.0</ele><time>2024-07-09T22:23:34Z</time></trkpt>
<trkpt lat="45.368072" lon="-75.836957"><ele>25.0</ele><time>2024-07-09T22:23:35Z</time></trkpt>
<trkpt lat="45.368078" lon="-75.836957"><ele>25.0</ele><time>2024-07-09T22:23:36Z</time></trkpt>
<trkpt lat="45.368088" lon="-75.836957"><ele>25.0</ele><time>2024-07-09T22:23:37Z</time></trkpt>
<trkpt lat="45.368097" lon="-75.836957"><ele>25.0</ele><time>2024-07-09T22:23:38Z</time></trkpt>
<trkpt lat="45.368107" lon="-75.836957"><ele>25.0</ele><time>2024-07-09T22:23:39Z</time></trkpt>
<trkpt lat="45.368116" lon="-75.836948"><ele>25.0</ele><time>2024-07-09T22:23:40Z</time></trkpt>
<trkpt lat="45.368123" lon="-75.836948"><ele>26.0</ele><time>2024-07-09T22:23:41Z</time></trkpt>
<trkpt lat="45.368132" lon="-75.836939"><ele>26.0</ele><time>2024-07-09T22:23:42Z</time></trkpt>
<trkpt lat="45.368139" lon="-75.836939"><ele>26.0</ele><time>2024-07-09T22:23:43Z</time></trkpt>
<trkpt lat="45.368148" lon="-75.83693"><ele>26.0</ele><time>2024-07-09T22:23:44Z</time></trkpt>
<trkpt lat="45.368158" lon="-75.83693"><ele>26.0</ele><time>2024-07-09T22:23:45Z</time></trkpt>
<trkpt lat="45.368167" lon="-75.83693"><ele>26.0</ele><time>2024-07-09T22:23:46Z</time></trkpt>
<trkpt lat="45.36818" lon="-75.83693"><ele>26.0</ele><time>2024-07-09T22:23:47Z</time></trkpt>
<trkpt lat="45.368183" lon="-75.83693"><ele>26.0</ele><time>2024-07-09T22:23:48Z</time></trkpt>
<trkpt lat="45.368192" lon="-75.83693"><ele>26.0</ele><time>2024-07-09T22:23:49Z</time></trkpt>
<trkpt lat="45.368202" lon="-75.83693"><ele>26.0</ele><time>2024-07-09T22:23:50Z</time></trkpt>
<trkpt lat="45.368211" lon="-75.83693"><ele>26.0</ele><time>2024-07-09T22:23:51Z</time></trkpt>
<trkpt lat="45.368221" lon="-75.83693"><ele>26.0</ele><time>2024-07-09T22:23:52Z</time></trkpt>
<trkpt lat="45.36823" lon="-75.83693"><ele>26.0</ele><time>2024-07-09T22:23:53Z</time></trkpt>
<trkpt lat="45.36824" lon="-75.83693"><ele>26.0</ele><time>2024-07-09T22:23:54Z</time></trkpt>
<trkpt lat="45.368249" lon="-75.83693"><ele>26.0</ele><time>2024-07-09T22:23:55Z</time></trkpt>
<trkpt lat="45.368259" lon="-75.83693"><ele>26.0</ele><time>2024-07-09T22:23:56Z</time></trkpt>
<trkpt lat="45.368265" lon="-75.83693"><ele>26.0</ele><time>2024-07-09T22:23:57Z</time></trkpt>
<trkpt lat="45.368278" lon="-75.83693"><ele>26.0</ele><time>2024-07-09T22:23:58Z</time></trkpt>
<trkpt lat="45.368287" lon="-75.83693"><ele>26.0</ele><time>2024-07-09T22:23:59Z</time></trkpt>
<trkpt lat="45.368297" lon="-75.836921"><ele>26.0</ele><time>2024-07-09T22:24:00Z</time></trkpt>
<trkpt lat="45.368303" lon="-75.836921"><ele>26.0</ele><time>2024-07-09T22:24:01Z</time></trkpt>
<trkpt lat="45.368313" lon="-75.836912"><ele>26.0</ele><time>2024-07-09T22:24:02Z</time></trkpt>
<trkpt lat="45.368325" lon="-75.836912"><ele>26.0</ele><time>2024-07-09T22:24:03Z</time></trkpt>
<trkpt lat="45.368335" lon="-75.836912"><ele>26.0</ele><time>2024-07-09T22:24:04Z</time></trkpt>
<trkpt lat="45.368344" lon="-75.836912"><ele>26.0</ele><time>2024-07-09T22:24:05Z</time></trkpt>
<trkpt lat="45.368357" lon="-75.836912"><ele>26.0</ele><time>2024-07-09T22:24:06Z</time></trkpt>
<trkpt lat="45.368367" lon="-75.836912"><ele>26.0</ele><time>2024-07-09T22:24:07Z</time></trkpt>
<trkpt lat="45.368373" lon="-75.836921"><ele>26.0</ele><time>2024-07-09T22:24:08Z</time></trkpt>
<trkpt lat="45.368382" lon="-75.836921"><ele>26.0</ele><time>2024-07-09T22:24:09Z</time></trkpt>
<trkpt lat="45.368392" lon="-75.836921"><ele>26.0</ele><time>2024-07-09T22:24:10Z</time></trkpt>
<trkpt lat="45.368401" lon="-75.836921"><ele>26.0</ele><time>2024-07-09T22:24:11Z</time></trkpt>
<trkpt lat="45.368408" lon="-75.836921"><ele>27.0</ele><time>2024-07-09T22:24:12Z</time></trkpt>
<trkpt lat="45.368408" lon="-75.836921"><ele>27.0</ele><time>2024-07-09T22:24:13Z</time></trkpt>
<trkpt lat="45.36842" lon="-75.836921"><ele>27.0</ele><time>2024-07-09T22:24:13Z</time></trkpt>
<trkpt lat="45.368436" lon="-75.836921"><ele>28.0</ele><time>2024-07-09T22:24:14Z</time></trkpt>
<trkpt lat="45.368443" lon="-75.836921"><ele>28.0</ele><time>2024-07-09T22:24:15Z</time></trkpt>
<trkpt lat="45.368455" lon="-75.836912"><ele>27.0</ele><time>2024-07-09T22:24:16Z</time></trkpt>
<trkpt lat="45.368484" lon="-75.836912"><ele>28.0</ele><time>2024-07-09T22:24:17Z</time></trkpt>
<trkpt lat="45.3685" lon="-75.836912"><ele>27.0</ele><time>2024-07-09T22:24:18Z</time></trkpt>
<trkpt lat="45.3685" lon="-75.836912"><ele>27.0</ele><time>2024-07-09T22:24:19Z</time></trkpt>
<trkpt lat="45.368496" lon="-75.836912"><ele>26.0</ele><time>2024-07-09T22:24:20Z</time></trkpt>
<trkpt lat="45.368496" lon="-75.836912"><ele>25.0</ele><time>2024-07-09T22:24:21Z</time></trkpt>
<trkpt lat="45.368506" lon="-75.836903"><ele>25.0</ele><time>2024-07-09T22:24:22Z</time></trkpt>
<trkpt lat="45.368515" lon="-75.836903"><ele>25.0</ele><time>2024-07-09T22:24:23Z</time></trkpt>
<trkpt lat="45.368522" lon="-75.836903"><ele>25.0</ele><time>2024-07-09T22:24:24Z</time></trkpt>
<trkpt lat="45.368528" lon="-75.836894"><ele>25.0</ele><time>2024-07-09T22:24:25Z</time></trkpt>
<trkpt lat="45.368541" lon="-75.836894"><ele>25.0</ele><time>2024-07-09T22:24:26Z</time></trkpt>
<trkpt lat="45.36855" lon="-75.836894"><ele>24.0</ele><time>2024-07-09T22:24:27Z</time></trkpt>
<trkpt lat="45.368557" lon="-75.836894"><ele>25.0</ele><time>2024-07-09T22:24:28Z</time></trkpt>
<trkpt lat="45.368566" lon="-75.836885"><ele>25.0</ele><time>2024-07-09T22:24:29Z</time></trkpt>
<trkpt lat="45.368579" lon="-75.836885"><ele>25.0</ele><time>2024-07-09T22:24:30Z</time></trkpt>
<trkpt lat="45.368585" lon="-75.836876"><ele>25.0</ele><time>2024-07-09T22:24:31Z</time></trkpt>
<trkpt lat="45.368595" lon="-75.836876"><ele>24.0</ele><time>2024-07-09T22:24:32Z</time></trkpt>
<trkpt lat="45.368604" lon="-75.836876"><ele>24.0</ele><time>2024-07-09T22:24:33Z</time></trkpt>
<trkpt lat="45.368614" lon="-75.836867"><ele>25.0</ele><time>2024-07-09T22:24:34Z</time></trkpt>
<trkpt lat="45.368623" lon="-75.836867"><ele>25.0</ele><time>2024-07-09T22:24:35Z</time></trkpt>
<trkpt lat="45.368633" lon="-75.836858"><ele>25.0</ele><time>2024-07-09T22:24:36Z</time></trkpt>
<trkpt lat="45.368642" lon="-75.836858"><ele>24.0</ele><time>2024-07-09T22:24:37Z</time></trkpt>
<trkpt lat="45.368648" lon="-75.836858"><ele>24.0</ele><time>2024-07-09T22:24:38Z</time></trkpt>
<trkpt lat="45.368658" lon="-75.836849"><ele>24.0</ele><time>2024-07-09T22:24:39Z</time></trkpt>
<trkpt lat="45.368667" lon="-75.836849"><ele>24.0</ele><time>2024-07-09T22:24:40Z</time></trkpt>
<trkpt lat="45.368674" lon="-75.83684"><ele>24.0</ele><time>2024-07-09T22:24:41Z</time></trkpt>
<trkpt lat="45.368683" lon="-75.83684"><ele>24.0</ele><time>2024-07-09T22:24:42Z</time></trkpt>
<trkpt lat="45.368693" lon="-75.836831"><ele>25.0</ele><time>2024-07-09T22:24:43Z</time></trkpt>
<trkpt lat="45.368699" lon="-75.836831"><ele>25.0</ele><time>2024-07-09T22:24:44Z</time></trkpt>
<trkpt lat="45.368702" lon="-75.836822"><ele>25.0</ele><time>2024-07-09T22:24:46Z</time></trkpt>
<trkpt lat="45.368702" lon="-75.836813"><ele>25.0</ele><time>2024-07-09T22:24:46Z</time></trkpt>
<trkpt lat="45.368718" lon="-75.836795"><ele>25.0</ele><time>2024-07-09T22:24:47Z</time></trkpt>
<trkpt lat="45.368737" lon="-75.836795"><ele>25.0</ele><time>2024-07-09T22:24:48Z</time></trkpt>
<trkpt lat="45.36875" lon="-75.836804"><ele>24.0</ele><time>2024-07-09T22:24:49Z</time></trkpt>
<trkpt lat="45.368769" lon="-75.836804"><ele>24.0</ele><time>2024-07-09T22:24:50Z</time></trkpt>
<trkpt lat="45.368784" lon="-75.836813"><ele>25.0</ele><time>2024-07-09T22:24:51Z</time></trkpt>
<trkpt lat="45.368807" lon="-75.836813"><ele>25.0</ele><time>2024-07-09T22:24:52Z</time></trkpt>
<trkpt lat="45.368816" lon="-75.836813"><ele>25.0</ele><time>2024-07-09T22:24:53Z</time></trkpt>
<trkpt lat="45.368826" lon="-75.836813"><ele>25.0</ele><time>2024-07-09T22:24:54Z</time></trkpt>
<trkpt lat="45.368826" lon="-75.836813"><ele>25.0</ele><time>2024-07-09T22:24:55Z</time></trkpt>
<trkpt lat="45.368832" lon="-75.836804"><ele>25.0</ele><time>2024-07-09T22:24:56Z</time></trkpt>
<trkpt lat="45.368829" lon="-75.836804"><ele>26.0</ele><time>2024-07-09T22:24:57Z</time></trkpt>
<trkpt lat="45.368826" lon="-75.836804"><ele>26.0</ele><time>2024-07-09T22:24:58Z</time></trkpt>
<trkpt lat="45.368829" lon="-75.836786"><ele>26.0</ele><time>2024-07-09T22:24:59Z</time></trkpt>
<trkpt lat="45.368826" lon="-75.836777"><ele>26.0</ele><time>2024-07-09T22:25:00Z</time></trkpt>
<trkpt lat="45.368826" lon="-75.836777"><ele>26.0</ele><time>2024-07-09T22:25:01Z</time></trkpt>
<trkpt lat="45.368826" lon="-75.836777"><ele>26.0</ele><time>2024-07-09T22:25:02Z</time></trkpt>
<trkpt lat="45.368838" lon="-75.836786"><ele>27.0</ele><time>2024-07-09T22:25:03Z</time></trkpt>
<trkpt lat="45.368851" lon="-75.836813"><ele>27.0</ele><time>2024-07-09T22:25:04Z</time></trkpt>
<trkpt lat="45.368854" lon="-75.836831"><ele>27.0</ele><time>2024-07-09T22:25:05Z</time></trkpt>
<trkpt lat="45.368867" lon="-75.83684"><ele>26.0</ele><time>2024-07-09T22:25:06Z</time></trkpt>
<trkpt lat="45.368876" lon="-75.836858"><ele>25.0</ele><time>2024-07-09T22:25:07Z</time></trkpt>
<trkpt lat="45.368883" lon="-75.836867"><ele>25.0</ele><time>2024-07-09T22:25:08Z</time></trkpt>
<trkpt lat="45.368889" lon="-75.836876"><ele>25.0</ele><time>2024-07-09T22:25:09Z</time></trkpt>
<trkpt lat="45.368889" lon="-75.836876"><ele>26.0</ele><time>2024-07-09T22:25:10Z</time></trkpt>
<trkpt lat="45.368895" lon="-75.836885"><ele>26.0</ele><time>2024-07-09T22:25:11Z</time></trkpt>
<trkpt lat="45.368905" lon="-75.836894"><ele>25.0</ele><time>2024-07-09T22:25:12Z</time></trkpt>
<trkpt lat="45.368911" lon="-75.836903"><ele>25.0</ele><time>2024-07-09T22:25:13Z</time></trkpt>
<trkpt lat="45.368921" lon="-75.836912"><ele>26.0</ele><time>2024-07-09T22:25:14Z</time></trkpt>
<trkpt lat="45.368927" lon="-75.836921"><ele>25.0</ele><time>2024-07-09T22:25:15Z</time></trkpt>
<trkpt lat="45.368933" lon="-75.83693"><ele>25.0</ele><time>2024-07-09T22:25:16Z</time></trkpt>
<trkpt lat="45.368936" lon="-75.83693"><ele>25.0</ele><time>2024-07-09T22:25:17Z</time></trkpt>
<trkpt lat="45.368943" lon="-75.836939"><ele>25.0</ele><time>2024-07-09T22:25:18Z</time></trkpt>
<trkpt lat="45.368949" lon="-75.836948"><ele>25.0</ele><time>2024-07-09T22:25:19Z</time></trkpt>
<trkpt lat="45.368952" lon="-75.836957"><ele>25.0</ele><time>2024-07-09T22:25:20Z</time></trkpt>
<trkpt lat="45.368952" lon="-75.836975"><ele>26.0</ele><time>2024-07-09T22:25:21Z</time></trkpt>
<trkpt lat="45.368959" lon="-75.836984"><ele>26.0</ele><time>2024-07-09T22:25:22Z</time></trkpt>
<trkpt lat="45.368959" lon="-75.836993"><ele>26.0</ele><time>2024-07-09T22:25:23Z</time></trkpt>
<trkpt lat="45.368959" lon="-75.837002"><ele>25.0</ele><time>2024-07-09T22:25:24Z</time></trkpt>
<trkpt lat="45.368959" lon="-75.837011"><ele>25.0</ele><time>2024-07-09T22:25:25Z</time></trkpt>
<trkpt lat="45.368959" lon="-75.83702"><ele>25.0</ele><time>2024-07-09T22:25:26Z</time></trkpt>
<trkpt lat="45.368959" lon="-75.837029"><ele>25.0</ele><time>2024-07-09T22:25:27Z</time></trkpt>
<trkpt lat="45.368962" lon="-75.837047"><ele>25.0</ele><time>2024-07-09T22:25:28Z</time></trkpt>
<trkpt lat="45.368965" lon="-75.837056"><ele>25.0</ele><time>2024-07-09T22:25:29Z</time></trkpt>
<trkpt lat="45.368968" lon="-75.837065"><ele>25.0</ele><time>2024-07-09T22:25:30Z</time></trkpt>
<trkpt lat="45.368971" lon="-75.837074"><ele>26.0</ele><time>2024-07-09T22:25:31Z</time></trkpt>
<trkpt lat="45.368974" lon="-75.837082"><ele>26.0</ele><time>2024-07-09T22:25:32Z</time></trkpt>
<trkpt lat="45.368978" lon="-75.837091"><ele>25.0</ele><time>2024-07-09T22:25:33Z</time></trkpt>
<trkpt lat="45.368984" lon="-75.8371"><ele>25.0</ele><time>2024-07-09T22:25:34Z</time></trkpt>
<trkpt lat="45.368987" lon="-75.837109"><ele>26.0</ele><time>2024-07-09T22:25:35Z</time></trkpt>
<trkpt lat="45.36899" lon="-75.837118"><ele>26.0</ele><time>2024-07-09T22:25:36Z</time></trkpt>
<trkpt lat="45.369" lon="-75.837127"><ele>26.0</ele><time>2024-07-09T22:25:37Z</time></trkpt>
<trkpt lat="45.369006" lon="-75.837136"><ele>26.0</ele><time>2024-07-09T22:25:38Z</time></trkpt>
<trkpt lat="45.369012" lon="-75.837145"><ele>26.0</ele><time>2024-07-09T22:25:39Z</time></trkpt>
<trkpt lat="45.369019" lon="-75.837145"><ele>26.0</ele><time>2024-07-09T22:25:40Z</time></trkpt>
<trkpt lat="45.369028" lon="-75.837154"><ele>26.0</ele><time>2024-07-09T22:25:41Z</time></trkpt>
<trkpt lat="45.369038" lon="-75.837163"><ele>26.0</ele><time>2024-07-09T22:25:42Z</time></trkpt>
<trkpt lat="45.369044" lon="-75.837163"><ele>26.0</ele><time>2024-07-09T22:25:43Z</time></trkpt>
<trkpt lat="45.369054" lon="-75.837172"><ele>26.0</ele><time>2024-07-09T22:25:44Z</time></trkpt>
<trkpt lat="45.369063" lon="-75.837172"><ele>26.0</ele><time>2024-07-09T22:25:45Z</time></trkpt>
<trkpt lat="45.369069" lon="-75.837181"><ele>26.0</ele><time>2024-07-09T22:25:46Z</time></trkpt>
<trkpt lat="45.369079" lon="-75.837181"><ele>26.0</ele><time>2024-07-09T22:25:47Z</time></trkpt>
<trkpt lat="45.369088" lon="-75.83719"><ele>26.0</ele><time>2024-07-09T22:25:48Z</time></trkpt>
<trkpt lat="45.369098" lon="-75.83719"><ele>26.0</ele><time>2024-07-09T22:25:49Z</time></trkpt>
<trkpt lat="45.369104" lon="-75.837199"><ele>26.0</ele><time>2024-07-09T22:25:50Z</time></trkpt>
<trkpt lat="45.369114" lon="-75.837208"><ele>26.0</ele><time>2024-07-09T22:25:51Z</time></trkpt>
<trkpt lat="45.36912" lon="-75.837217"><ele>26.0</ele><time>2024-07-09T22:25:52Z</time></trkpt>
<trkpt lat="45.36913" lon="-75.837217"><ele>26.0</ele><time>2024-07-09T22:25:53Z</time></trkpt>
<trkpt lat="45.369142" lon="-75.837235"><ele>26.0</ele><time>2024-07-09T22:25:54Z</time></trkpt>
<trkpt lat="45.369152" lon="-75.837244"><ele>26.0</ele><time>2024-07-09T22:25:55Z</time></trkpt>
<trkpt lat="45.369161" lon="-75.837244"><ele>26.0</ele><time>2024-07-09T22:25:56Z</time></trkpt>
<trkpt lat="45.369174" lon="-75.837244"><ele>26.0</ele><time>2024-07-09T22:25:57Z</time></trkpt>
<trkpt lat="45.369183" lon="-75.837244"><ele>26.0</ele><time>2024-07-09T22:25:58Z</time></trkpt>
<trkpt lat="45.369193" lon="-75.837244"><ele>25.0</ele><time>2024-07-09T22:25:59Z</time></trkpt>
<trkpt lat="45.369202" lon="-75.837235"><ele>25.0</ele><time>2024-07-09T22:26:00Z</time></trkpt>
<trkpt lat="45.369212" lon="-75.837235"><ele>26.0</ele><time>2024-07-09T22:26:01Z</time></trkpt>
<trkpt lat="45.369221" lon="-75.837235"><ele>26.0</ele><time>2024-07-09T22:26:02Z</time></trkpt>
<trkpt lat="45.369231" lon="-75.837235"><ele>25.0</ele><time>2024-07-09T22:26:03Z</time></trkpt>
<trkpt lat="45.36924" lon="-75.837226"><ele>25.0</ele><time>2024-07-09T22:26:04Z</time></trkpt>
<trkpt lat="45.36925" lon="-75.837226"><ele>25.0</ele><time>2024-07-09T22:26:05Z</time></trkpt>
<trkpt lat="45.369259" lon="-75.837226"><ele>25.0</ele><time>2024-07-09T22:26:06Z</time></trkpt>
<trkpt lat="45.369269" lon="-75.837226"><ele>26.0</ele><time>2024-07-09T22:26:07Z</time></trkpt>
<trkpt lat="45.369278" lon="-75.837235"><ele>26.0</ele><time>2024-07-09T22:26:08Z</time></trkpt>
<trkpt lat="45.369288" lon="-75.837235"><ele>25.0</ele><time>2024-07-09T22:26:09Z</time></trkpt>
<trkpt lat="45.369297" lon="-75.837235"><ele>25.0</ele><time>2024-07-09T22:26:10Z</time></trkpt>
<trkpt lat="45.369304" lon="-75.837235"><ele>26.0</ele><time>2024-07-09T22:26:11Z</time></trkpt>
<trkpt lat="45.369313" lon="-75.837235"><ele>26.0</ele><time>2024-07-09T22:26:12Z</time></trkpt>
<trkpt lat="45.369323" lon="-75.837235"><ele>26.0</ele><time>2024-07-09T22:26:13Z</time></trkpt>
<trkpt lat="45.369332" lon="-75.837235"><ele>26.0</ele><time>2024-07-09T22:26:14Z</time></trkpt>
<trkpt lat="45.369342" lon="-75.837235"><ele>26.0</ele><time>2024-07-09T22:26:15Z</time></trkpt>
<trkpt lat="45.369348" lon="-75.837235"><ele>25.0</ele><time>2024-07-09T22:26:16Z</time></trkpt>
<trkpt lat="45.369358" lon="-75.837235"><ele>25.0</ele><time>2024-07-09T22:26:17Z</time></trkpt>
<trkpt lat="45.36937" lon="-75.837244"><ele>26.0</ele><time>2024-07-09T22:26:18Z</time></trkpt>
<trkpt lat="45.36938" lon="-75.837244"><ele>25.0</ele><time>2024-07-09T22:26:19Z</time></trkpt>
<trkpt lat="45.369389" lon="-75.837244"><ele>26.0</ele><time>2024-07-09T22:26:20Z</time></trkpt>
<trkpt lat="45.369396" lon="-75.837244"><ele>26.0</ele><time>2024-07-09T22:26:21Z</time></trkpt>
<trkpt lat="45.369402" lon="-75.837244"><ele>26.0</ele><time>2024-07-09T22:26:22Z</time></trkpt>
<trkpt lat="45.369408" lon="-75.837244"><ele>26.0</ele><time>2024-07-09T22:26:23Z</time></trkpt>
<trkpt lat="45.369418" lon="-75.837244"><ele>26.0</ele><time>2024-07-09T22:26:24Z</time></trkpt>
<trkpt lat="45.369424" lon="-75.837253"><ele>26.0</ele><time>2024-07-09T22:26:25Z</time></trkpt>
<trkpt lat="45.369434" lon="-75.837253"><ele>26.0</ele><time>2024-07-09T22:26:26Z</time></trkpt>
<trkpt lat="45.36944" lon="-75.837253"><ele>26.0</ele><time>2024-07-09T22:26:27Z</time></trkpt>
<trkpt lat="45.369449" lon="-75.837253"><ele>26.0</ele><time>2024-07-09T22:26:28Z</time></trkpt>
<trkpt lat="45.369456" lon="-75.837253"><ele>26.0</ele><time>2024-07-09T22:26:29Z</time></trkpt>
<trkpt lat="45.369465" lon="-75.837253"><ele>26.0</ele><time>2024-07-09T22:26:30Z</time></trkpt>
<trkpt lat="45.369471" lon="-75.837262"><ele>26.0</ele><time>2024-07-09T22:26:31Z</time></trkpt>
<trkpt lat="45.369481" lon="-75.837262"><ele>26.0</ele><time>2024-07-09T22:26:32Z</time></trkpt>
<trkpt lat="45.369487" lon="-75.837262"><ele>26.0</ele><time>2024-07-09T22:26:33Z</time></trkpt>
<trkpt lat="45.369497" lon="-75.837262"><ele>26.0</ele><time>2024-07-09T22:26:34Z</time></trkpt>
<trkpt lat="45.369503" lon="-75.837262"><ele>26.0</ele><time>2024-07-09T22:26:35Z</time></trkpt>
<trkpt lat="45.369513" lon="-75.837262"><ele>26.0</ele><time>2024-07-09T22:26:36Z</time></trkpt>
<trkpt lat="45.369519" lon="-75.837271"><ele>26.0</ele><time>2024-07-09T22:26:37Z</time></trkpt>
<trkpt lat="45.369528" lon="-75.837271"><ele>26.0</ele><time>2024-07-09T22:26:38Z</time></trkpt>
<trkpt lat="45.369535" lon="-75.837271"><ele>26.0</ele><time>2024-07-09T22:26:39Z</time></trkpt>
<trkpt lat="45.369544" lon="-75.837271"><ele>26.0</ele><time>2024-07-09T22:26:40Z</time></trkpt>
<trkpt lat="45.369551" lon="-75.837271"><ele>26.0</ele><time>2024-07-09T22:26:41Z</time></trkpt>
<trkpt lat="45.36956" lon="-75.837271"><ele>26.0</ele><time>2024-07-09T22:26:42Z</time></trkpt>
<trkpt lat="45.369566" lon="-75.837271"><ele>26.0</ele><time>2024-07-09T22:26:43Z</time></trkpt>
<trkpt lat="45.369573" lon="-75.83728"><ele>26.0</ele><time>2024-07-09T22:26:44Z</time></trkpt>
<trkpt lat="45.369582" lon="-75.83728"><ele>26.0</ele><time>2024-07-09T22:26:45Z</time></trkpt>
<trkpt lat="45.369589" lon="-75.83728"><ele>26.0</ele><time>2024-07-09T22:26:46Z</time></trkpt>
<trkpt lat="45.369598" lon="-75.83728"><ele>26.0</ele><time>2024-07-09T22:26:47Z</time></trkpt>
<trkpt lat="45.369604" lon="-75.83728"><ele>26.0</ele><time>2024-07-09T22:26:48Z</time></trkpt>
<trkpt lat="45.369611" lon="-75.83728"><ele>26.0</ele><time>2024-07-09T22:26:49Z</time></trkpt>
<trkpt lat="45.36962" lon="-75.83728"><ele>26.0</ele><time>2024-07-09T22:26:50Z</time></trkpt>
<trkpt lat="45.369627" lon="-75.837289"><ele>26.0</ele><time>2024-07-09T22:26:51Z</time></trkpt>
<trkpt lat="45.369636" lon="-75.837289"><ele>26.0</ele><time>2024-07-09T22:26:52Z</time></trkpt>
<trkpt lat="45.369642" lon="-75.837289"><ele>26.0</ele><time>2024-07-09T22:26:53Z</time></trkpt>
<trkpt lat="45.369649" lon="-75.837289"><ele>26.0</ele><time>2024-07-09T22:26:54Z</time></trkpt>
<trkpt lat="45.369655" lon="-75.837289"><ele>26.0</ele><time>2024-07-09T22:26:55Z</time></trkpt>
<trkpt lat="45.369665" lon="-75.837289"><ele>26.0</ele><time>2024-07-09T22:26:56Z</time></trkpt>
<trkpt lat="45.369671" lon="-75.837289"><ele>26.0</ele><time>2024-07-09T22:26:57Z</time></trkpt>
<trkpt lat="45.369677" lon="-75.837289"><ele>26.0</ele><time>2024-07-09T22:26:58Z</time></trkpt>
<trkpt lat="45.369684" lon="-75.837289"><ele>26.0</ele><time>2024-07-09T22:26:59Z</time></trkpt>
<trkpt lat="45.369693" lon="-75.837289"><ele>26.0</ele><time>2024-07-09T22:27:00Z</time></trkpt>
<trkpt lat="45.369699" lon="-75.837298"><ele>26.0</ele><time>2024-07-09T22:27:01Z</time></trkpt>
<trkpt lat="45.369709" lon="-75.837298"><ele>26.0</ele><time>2024-07-09T22:27:02Z</time></trkpt>
<trkpt lat="45.369715" lon="-75.837298"><ele>26.0</ele><time>2024-07-09T22:27:03Z</time></trkpt>
<trkpt lat="45.369722" lon="-75.837289"><ele>26.0</ele><time>2024-07-09T22:27:04Z</time></trkpt>
<trkpt lat="45.369731" lon="-75.837289"><ele>26.0</ele><time>2024-07-09T22:27:05Z</time></trkpt>
<trkpt lat="45.369737" lon="-75.837289"><ele>26.0</ele><time>2024-07-09T22:27:06Z</time></trkpt>
<trkpt lat="45.369744" lon="-75.837289"><ele>26.0</ele><time>2024-07-09T22:27:07Z</time></trkpt>
<trkpt lat="45.36975" lon="-75.837289"><ele>25.0</ele><time>2024-07-09T22:27:08Z</time></trkpt>
<trkpt lat="45.369756" lon="-75.837289"><ele>25.0</ele><time>2024-07-09T22:27:09Z</time></trkpt>
<trkpt lat="45.369763" lon="-75.837289"><ele>25.0</ele><time>2024-07-09T22:27:10Z</time></trkpt>
<trkpt lat="45.369772" lon="-75.837289"><ele>25.0</ele><time>2024-07-09T22:27:11Z</time></trkpt>
<trkpt lat="45.369779" lon="-75.837289"><ele>25.0</ele><time>2024-07-09T22:27:12Z</time></trkpt>
<trkpt lat="45.369785" lon="-75.837298"><ele>25.0</ele><time>2024-07-09T22:27:13Z</time></trkpt>
<trkpt lat="45.369791" lon="-75.837298"><ele>25.0</ele><time>2024-07-09T22:27:14Z</time></trkpt>
<trkpt lat="45.369794" lon="-75.837307"><ele>25.0</ele><time>2024-07-09T22:27:15Z</time></trkpt>
<trkpt lat="45.369804" lon="-75.837307"><ele>25.0</ele><time>2024-07-09T22:27:16Z</time></trkpt>
<trkpt lat="45.369813" lon="-75.837307"><ele>25.0</ele><time>2024-07-09T22:27:17Z</time></trkpt>
<trkpt lat="45.36982" lon="-75.837316"><ele>25.0</ele><time>2024-07-09T22:27:18Z</time></trkpt>
<trkpt lat="45.369826" lon="-75.837316"><ele>24.0</ele><time>2024-07-09T22:27:19Z</time></trkpt>
<trkpt lat="45.369832" lon="-75.837325"><ele>25.0</ele><time>2024-07-09T22:27:20Z</time></trkpt>
<trkpt lat="45.369836" lon="-75.837325"><ele>25.0</ele><time>2024-07-09T22:27:21Z</time></trkpt>
<trkpt lat="45.369842" lon="-75.837334"><ele>25.0</ele><time>2024-07-09T22:27:22Z</time></trkpt>
<trkpt lat="45.369848" lon="-75.837334"><ele>25.0</ele><time>2024-07-09T22:27:23Z</time></trkpt>
<trkpt lat="45.369855" lon="-75.837343"><ele>25.0</ele><time>2024-07-09T22:27:24Z</time></trkpt>
<trkpt lat="45.369864" lon="-75.837343"><ele>25.0</ele><time>2024-07-09T22:27:25Z</time></trkpt>
<trkpt lat="45.36987" lon="-75.837343"><ele>26.0</ele><time>2024-07-09T22:27:26Z</time></trkpt>
<trkpt lat="45.369877" lon="-75.837352"><ele>26.0</ele><time>2024-07-09T22:27:27Z</time></trkpt>
<trkpt lat="45.369883" lon="-75.837352"><ele>26.0</ele><time>2024-07-09T22:27:28Z</time></trkpt>
<trkpt lat="45.369889" lon="-75.837361"><ele>26.0</ele><time>2024-07-09T22:27:29Z</time></trkpt>
<trkpt lat="45.369896" lon="-75.837361"><ele>26.0</ele><time>2024-07-09T22:27:30Z</time></trkpt>
<trkpt lat="45.369902" lon="-75.83737"><ele>26.0</ele><time>2024-07-09T22:27:31Z</time></trkpt>
<trkpt lat="45.369905" lon="-75.83737"><ele>26.0</ele><time>2024-07-09T22:27:32Z</time></trkpt>
<trkpt lat="45.369912" lon="-75.837379"><ele>26.0</ele><time>2024-07-09T22:27:33Z</time></trkpt>
<trkpt lat="45.369918" lon="-75.837379"><ele>26.0</ele><time>2024-07-09T22:27:34Z</time></trkpt>
<trkpt lat="45.369921" lon="-75.837388"><ele>26.0</ele><time>2024-07-09T22:27:35Z</time></trkpt>
<trkpt lat="45.369927" lon="-75.837397"><ele>26.0</ele><time>2024-07-09T22:27:36Z</time></trkpt>
<trkpt lat="45.369934" lon="-75.837397"><ele>26.0</ele><time>2024-07-09T22:27:37Z</time></trkpt>
<trkpt lat="45.369937" lon="-75.837406"><ele>26.0</ele><time>2024-07-09T22:27:38Z</time></trkpt>
<trkpt lat="45.369943" lon="-75.837406"><ele>26.0</ele><time>2024-07-09T22:27:39Z</time></trkpt>
<trkpt lat="45.369946" lon="-75.837415"><ele>26.0</ele><time>2024-07-09T22:27:40Z</time></trkpt>
<trkpt lat="45.369953" lon="-75.837424"><ele>27.0</ele><time>2024-07-09T22:27:41Z</time></trkpt>
<trkpt lat="45.369956" lon="-75.837424"><ele>26.0</ele><time>2024-07-09T22:27:42Z</time></trkpt>
<trkpt lat="45.369962" lon="-75.837433"><ele>26.0</ele><time>2024-07-09T22:27:43Z</time></trkpt>
<trkpt lat="45.369965" lon="-75.837433"><ele>26.0</ele><time>2024-07-09T22:27:44Z</time></trkpt>
<trkpt lat="45.369972" lon="-75.837442"><ele>26.0</ele><time>2024-07-09T22:27:45Z</time></trkpt>
<trkpt lat="45.369975" lon="-75.837442"><ele>26.0</ele><time>2024-07-09T22:27:46Z</time></trkpt>
<trkpt lat="45.369978" lon="-75.837451"><ele>26.0</ele><time>2024-07-09T22:27:47Z</time></trkpt>
<trkpt lat="45.369984" lon="-75.837451"><ele>26.0</ele><time>2024-07-09T22:27:48Z</time></trkpt>
<trkpt lat="45.369991" lon="-75.83746"><ele>26.0</ele><time>2024-07-09T22:27:49Z</time></trkpt>
<trkpt lat="45.369994" lon="-75.837469"><ele>26.0</ele><time>2024-07-09T22:27:50Z</time></trkpt>
<trkpt lat="45.37" lon="-75.837469"><ele>26.0</ele><time>2024-07-09T22:27:51Z</time></trkpt>
<trkpt lat="45.370007" lon="-75.837478"><ele>26.0</ele><time>2024-07-09T22:27:52Z</time></trkpt>
<trkpt lat="45.37001" lon="-75.837478"><ele>26.0</ele><time>2024-07-09T22:27:53Z</time></trkpt>
<trkpt lat="45.370016" lon="-75.837487"><ele>26.0</ele><time>2024-07-09T22:27:54Z</time></trkpt>
<trkpt lat="45.370022" lon="-75.837487"><ele>26.0</ele><time>2024-07-09T22:27:55Z</time></trkpt>
<trkpt lat="45.370029" lon="-75.837496"><ele>26.0</ele><time>2024-07-09T22:27:56Z</time></trkpt>
<trkpt lat="45.370035" lon="-75.837505"><ele>26.0</ele><time>2024-07-09T22:27:57Z</time></trkpt>
<trkpt lat="45.370038" lon="-75.837505"><ele>26.0</ele><time>2024-07-09T22:27:58Z</time></trkpt>
<trkpt lat="45.370045" lon="-75.837514"><ele>26.0</ele><time>2024-07-09T22:27:59Z</time></trkpt>
<trkpt lat="45.370051" lon="-75.837523"><ele>26.0</ele><time>2024-07-09T22:28:00Z</time></trkpt>
<trkpt lat="45.370054" lon="-75.837532"><ele>26.0</ele><time>2024-07-09T22:28:01Z</time></trkpt>
<trkpt lat="45.370057" lon="-75.837541"><ele>26.0</ele><time>2024-07-09T22:28:02Z</time></trkpt>
<trkpt lat="45.370064" lon="-75.83755"><ele>26.0</ele><time>2024-07-09T22:28:03Z</time></trkpt>
<trkpt lat="45.370067" lon="-75.83755"><ele>26.0</ele><time>2024-07-09T22:28:04Z</time></trkpt>
<trkpt lat="45.370073" lon="-75.837559"><ele>26.0</ele><time>2024-07-09T22:28:05Z</time></trkpt>
<trkpt lat="45.370079" lon="-75.837559"><ele>26.0</ele><time>2024-07-09T22:28:06Z</time></trkpt>
<trkpt lat="45.370086" lon="-75.837559"><ele>26.0</ele><time>2024-07-09T22:28:07Z</time></trkpt>
<trkpt lat="45.370092" lon="-75.837559"><ele>26.0</ele><time>2024-07-09T22:28:08Z</time></trkpt>
<trkpt lat="45.370098" lon="-75.837568"><ele>26.0</ele><time>2024-07-09T22:28:09Z</time></trkpt>
<trkpt lat="45.370105" lon="-75.837568"><ele>26.0</ele><time>2024-07-09T22:28:10Z</time></trkpt>
<trkpt lat="45.370111" lon="-75.837568"><ele>26.0</ele><time>2024-07-09T22:28:11Z</time></trkpt>
<trkpt lat="45.370117" lon="-75.837577"><ele>26.0</ele><time>2024-07-09T22:28:12Z</time></trkpt>
<trkpt lat="45.370124" lon="-75.837577"><ele>26.0</ele><time>2024-07-09T22:28:13Z</time></trkpt>
<trkpt lat="45.370127" lon="-75.837586"><ele>27.0</ele><time>2024-07-09T22:28:14Z</time></trkpt>
<trkpt lat="45.370133" lon="-75.837586"><ele>27.0</ele><time>2024-07-09T22:28:15Z</time></trkpt>
<trkpt lat="45.370139" lon="-75.837586"><ele>27.0</ele><time>2024-07-09T22:28:16Z</time></trkpt>
<trkpt lat="45.370146" lon="-75.837595"><ele>27.0</ele><time>2024-07-09T22:28:17Z</time></trkpt>
<trkpt lat="45.370152" lon="-75.837595"><ele>27.0</ele><time>2024-07-09T22:28:18Z</time></trkpt>
<trkpt lat="45.370155" lon="-75.837595"><ele>27.0</ele><time>2024-07-09T22:28:19Z</time></trkpt>
<trkpt lat="45.370162" lon="-75.837603"><ele>27.0</ele><time>2024-07-09T22:28:20Z</time></trkpt>
<trkpt lat="45.370168" lon="-75.837603"><ele>27.0</ele><time>2024-07-09T22:28:21Z</time></trkpt>
<trkpt lat="45.370174" lon="-75.837612"><ele>27.0</ele><time>2024-07-09T22:28:22Z</time></trkpt>
<trkpt lat="45.370177" lon="-75.837612"><ele>27.0</ele><time>2024-07-09T22:28:23Z</time></trkpt>
<trkpt lat="45.370184" lon="-75.837612"><ele>27.0</ele><time>2024-07-09T22:28:24Z</time></trkpt>
<trkpt lat="45.370187" lon="-75.837621"><ele>27.0</ele><time>2024-07-09T22:28:25Z</time></trkpt>
<trkpt lat="45.370193" lon="-75.837621"><ele>27.0</ele><time>2024-07-09T22:28:26Z</time></trkpt>
<trkpt lat="45.3702" lon="-75.837621"><ele>27.0</ele><time>2024-07-09T22:28:27Z</time></trkpt>
<trkpt lat="45.370203" lon="-75.83763"><ele>27.0</ele><time>2024-07-09T22:28:28Z</time></trkpt>
<trkpt lat="45.370209" lon="-75.83763"><ele>27.0</ele><time>2024-07-09T22:28:29Z</time></trkpt>
<trkpt lat="45.370215" lon="-75.837639"><ele>27.0</ele><time>2024-07-09T22:28:30Z</time></trkpt>
<trkpt lat="45.370222" lon="-75.837639"><ele>27.0</ele><time>2024-07-09T22:28:31Z</time></trkpt>
<trkpt lat="45.370225" lon="-75.837639"><ele>27.0</ele><time>2024-07-09T22:28:32Z</time></trkpt>
<trkpt lat="45.370231" lon="-75.837648"><ele>27.0</ele><time>2024-07-09T22:28:33Z</time></trkpt>
<trkpt lat="45.370238" lon="-75.837648"><ele>27.0</ele><time>2024-07-09T22:28:34Z</time></trkpt>
<trkpt lat="45.370241" lon="-75.837657"><ele>27.0</ele><time>2024-07-09T22:28:35Z</time></trkpt>
<trkpt lat="45.370247" lon="-75.837657"><ele>27.0</ele><time>2024-07-09T22:28:36Z</time></trkpt>
<trkpt lat="45.370253" lon="-75.837666"><ele>27.0</ele><time>2024-07-09T22:28:37Z</time></trkpt>
<trkpt lat="45.370257" lon="-75.837666"><ele>27.0</ele><time>2024-07-09T22:28:38Z</time></trkpt>
<trkpt lat="45.370263" lon="-75.837675"><ele>27.0</ele><time>2024-07-09T22:28:39Z</time></trkpt>
<trkpt lat="45.370266" lon="-75.837675"><ele>27.0</ele><time>2024-07-09T22:28:40Z</time></trkpt>
<trkpt lat="45.370272" lon="-75.837684"><ele>26.0</ele><time>2024-07-09T22:28:41Z</time></trkpt>
<trkpt lat="45.370276" lon="-75.837684"><ele>26.0</ele><time>2024-07-09T22:28:42Z</time></trkpt>
<trkpt lat="45.370282" lon="-75.837684"><ele>26.0</ele><time>2024-07-09T22:28:43Z</time></trkpt>
<trkpt lat="45.370285" lon="-75.837693"><ele>26.0</ele><time>2024-07-09T22:28:44Z</time></trkpt>
<trkpt lat="45.370291" lon="-75.837693"><ele>26.0</ele><time>2024-07-09T22:28:45Z</time></trkpt>
<trkpt lat="45.370295" lon="-75.837702"><ele>26.0</ele><time>2024-07-09T22:28:46Z</time></trkpt>
<trkpt lat="45.370301" lon="-75.837702"><ele>26.0</ele><time>2024-07-09T22:28:47Z</time></trkpt>
<trkpt lat="45.370304" lon="-75.837702"><ele>26.0</ele><time>2024-07-09T22:28:48Z</time></trkpt>
<trkpt lat="45.37031" lon="-75.837711"><ele>26.0</ele><time>2024-07-09T22:28:49Z</time></trkpt>
<trkpt lat="45.370317" lon="-75.837711"><ele>26.0</ele><time>2024-07-09T22:28:50Z</time></trkpt>
<trkpt lat="45.37032" lon="-75.83772"><ele>26.0</ele><time>2024-07-09T22:28:51Z</time></trkpt>
<trkpt lat="45.370326" lon="-75.83772"><ele>26.0</ele><time>2024-07-09T22:28:52Z</time></trkpt>
<trkpt lat="45.370329" lon="-75.837729"><ele>26.0</ele><time>2024-07-09T22:28:53Z</time></trkpt>
<trkpt lat="45.370336" lon="-75.837729"><ele>26.0</ele><time>2024-07-09T22:28:54Z</time></trkpt>
<trkpt lat="45.370339" lon="-75.837738"><ele>26.0</ele><time>2024-07-09T22:28:55Z</time></trkpt>
<trkpt lat="45.370345" lon="-75.837747"><ele>26.0</ele><time>2024-07-09T22:28:56Z</time></trkpt>
<trkpt lat="45.370348" lon="-75.837747"><ele>26.0</ele><time>2024-07-09T22:28:57Z</time></trkpt>
<trkpt lat="45.370352" lon="-75.837747"><ele>26.0</ele><time>2024-07-09T22:28:58Z</time></trkpt>
<trkpt lat="45.370352" lon="-75.837756"><ele>27.0</ele><time>2024-07-09T22:28:59Z</time></trkpt>
<trkpt lat="45.370358" lon="-75.837756"><ele>27.0</ele><time>2024-07-09T22:29:00Z</time></trkpt>
<trkpt lat="45.370371" lon="-75.837756"><ele>26.0</ele><time>2024-07-09T22:29:01Z</time></trkpt>
<trkpt lat="45.37038" lon="-75.837756"><ele>26.0</ele><time>2024-07-09T22:29:02Z</time></trkpt>
<trkpt lat="45.37039" lon="-75.837774"><ele>26.0</ele><time>2024-07-09T22:29:03Z</time></trkpt>
<trkpt lat="45.370399" lon="-75.837783"><ele>25.0</ele><time>2024-07-09T22:29:04Z</time></trkpt>
<trkpt lat="45.370396" lon="-75.837792"><ele>25.0</ele><time>2024-07-09T22:29:05Z</time></trkpt>
<trkpt lat="45.370396" lon="-75.837792"><ele>25.0</ele><time>2024-07-09T22:29:06Z</time></trkpt>
<trkpt lat="45.370396" lon="-75.837792"><ele>25.0</ele><time>2024-07-09T22:29:07Z</time></trkpt>
<trkpt lat="45.370399" lon="-75.837792"><ele>25.0</ele><time>2024-07-09T22:29:08Z</time></trkpt>
<trkpt lat="45.370405" lon="-75.837792"><ele>25.0</ele><time>2024-07-09T22:29:09Z</time></trkpt>
<trkpt lat="45.370412" lon="-75.837801"><ele>25.0</ele><time>2024-07-09T22:29:10Z</time></trkpt>
<trkpt lat="45.370415" lon="-75.837801"><ele>25.0</ele><time>2024-07-09T22:29:11Z</time></trkpt>
<trkpt lat="45.370421" lon="-75.83781"><ele>25.0</ele><time>2024-07-09T22:29:12Z</time></trkpt>
<trkpt lat="45.370424" lon="-75.83781"><ele>25.0</ele><time>2024-07-09T22:29:13Z</time></trkpt>
<trkpt lat="45.370431" lon="-75.837819"><ele>25.0</ele><time>2024-07-09T22:29:14Z</time></trkpt>
<trkpt lat="45.370434" lon="-75.837828"><ele>25.0</ele><time>2024-07-09T22:29:15Z</time></trkpt>
<trkpt lat="45.370434" lon="-75.837828"><ele>25.0</ele><time>2024-07-09T22:29:16Z</time></trkpt>
<trkpt lat="45.370437" lon="-75.837837"><ele>25.0</ele><time>2024-07-09T22:29:17Z</time></trkpt>
<trkpt lat="45.37044" lon="-75.837837"><ele>25.0</ele><time>2024-07-09T22:29:18Z</time></trkpt>
<trkpt lat="45.370443" lon="-75.837846"><ele>25.0</ele><time>2024-07-09T22:29:19Z</time></trkpt>
<trkpt lat="45.370447" lon="-75.837846"><ele>25.0</ele><time>2024-07-09T22:29:20Z</time></trkpt>
<trkpt lat="45.37045" lon="-75.837855"><ele>25.0</ele><time>2024-07-09T22:29:21Z</time></trkpt>
<trkpt lat="45.370456" lon="-75.837855"><ele>25.0</ele><time>2024-07-09T22:29:22Z</time></trkpt>
<trkpt lat="45.370459" lon="-75.837864"><ele>25.0</ele><time>2024-07-09T22:29:23Z</time></trkpt>
<trkpt lat="45.370466" lon="-75.837864"><ele>25.0</ele><time>2024-07-09T22:29:24Z</time></trkpt>
<trkpt lat="45.370469" lon="-75.837873"><ele>25.0</ele><time>2024-07-09T22:29:25Z</time></trkpt>
<trkpt lat="45.370475" lon="-75.837873"><ele>25.0</ele><time>2024-07-09T22:29:26Z</time></trkpt>
<trkpt lat="45.370478" lon="-75.837873"><ele>25.0</ele><time>2024-07-09T22:29:27Z</time></trkpt>
<trkpt lat="45.370485" lon="-75.837873"><ele>25.0</ele><time>2024-07-09T22:29:28Z</time></trkpt>
<trkpt lat="45.370488" lon="-75.837873"><ele>25.0</ele><time>2024-07-09T22:29:29Z</time></trkpt>
<trkpt lat="45.370494" lon="-75.837882"><ele>25.0</ele><time>2024-07-09T22:29:30Z</time></trkpt>
<trkpt lat="45.370491" lon="-75.837882"><ele>25.0</ele><time>2024-07-09T22:29:31Z</time></trkpt>
<trkpt lat="45.370497" lon="-75.837891"><ele>25.0</ele><time>2024-07-09T22:29:32Z</time></trkpt>
<trkpt lat="45.3705" lon="-75.837891"><ele>25.0</ele><time>2024-07-09T22:29:33Z</time></trkpt>
<trkpt lat="45.370504" lon="-75.837891"><ele>25.0</ele><time>2024-07-09T22:29:34Z</time></trkpt>
<trkpt lat="45.370507" lon="-75.837891"><ele>25.0</ele><time>2024-07-09T22:29:35Z</time></trkpt>
<trkpt lat="45.37051" lon="-75.837891"><ele>25.0</ele><time>2024-07-09T22:29:36Z</time></trkpt>
<trkpt lat="45.370516" lon="-75.837891"><ele>25.0</ele><time>2024-07-09T22:29:37Z</time></trkpt>
<trkpt lat="45.370519" lon="-75.837891"><ele>25.0</ele><time>2024-07-09T22:29:38Z</time></trkpt>
<trkpt lat="45.370526" lon="-75.837891"><ele>25.0</ele><time>2024-07-09T22:29:39Z</time></trkpt>
<trkpt lat="45.370529" lon="-75.837891"><ele>25.0</ele><time>2024-07-09T22:29:40Z</time></trkpt>
<trkpt lat="45.370532" lon="-75.837891"><ele>25.0</ele><time>2024-07-09T22:29:41Z</time></trkpt>
<trkpt lat="45.370535" lon="-75.837891"><ele>26.0</ele><time>2024-07-09T22:29:42Z</time></trkpt>
<trkpt lat="45.370542" lon="-75.837891"><ele>26.0</ele><time>2024-07-09T22:29:43Z</time></trkpt>
<trkpt lat="45.370545" lon="-75.837891"><ele>26.0</ele><time>2024-07-09T22:29:44Z</time></trkpt>
<trkpt lat="45.370548" lon="-75.8379"><ele>26.0</ele><time>2024-07-09T22:29:45Z</time></trkpt>
<trkpt lat="45.370551" lon="-75.8379"><ele>26.0</ele><time>2024-07-09T22:29:46Z</time></trkpt>
<trkpt lat="45.370554" lon="-75.837891"><ele>24.0</ele><time>2024-07-09T22:29:47Z</time></trkpt>
<trkpt lat="45.370557" lon="-75.837873"><ele>24.0</ele><time>2024-07-09T22:29:48Z</time></trkpt>
<trkpt lat="45.370561" lon="-75.837873"><ele>24.0</ele><time>2024-07-09T22:29:49Z</time></trkpt>
<trkpt lat="45.370564" lon="-75.837873"><ele>24.0</ele><time>2024-07-09T22:29:50Z</time></trkpt>
<trkpt lat="45.370561" lon="-75.837882"><ele>24.0</ele><time>2024-07-09T22:29:51Z</time></trkpt>
<trkpt lat="45.370564" lon="-75.837882"><ele>24.0</ele><time>2024-07-09T22:29:52Z</time></trkpt>
<trkpt lat="45.370564" lon="-75.837882"><ele>24.0</ele><time>2024-07-09T22:29:53Z</time></trkpt>
<trkpt lat="45.370564" lon="-75.837891"><ele>24.0</ele><time>2024-07-09T22:29:54Z</time></trkpt>
<trkpt lat="45.370564" lon="-75.837891"><ele>24.0</ele><time>2024-07-09T22:29:55Z</time></trkpt>
<trkpt lat="45.370567" lon="-75.837891"><ele>24.0</ele><time>2024-07-09T22:29:56Z</time></trkpt>
<trkpt lat="45.370567" lon="-75.837891"><ele>24.0</ele><time>2024-07-09T22:29:57Z</time></trkpt>
<trkpt lat="45.370567" lon="-75.837891"><ele>24.0</ele><time>2024-07-09T22:29:58Z</time></trkpt>
<trkpt lat="45.370567" lon="-75.837891"><ele>25.0</ele><time>2024-07-09T22:29:59Z</time></trkpt>
<trkpt lat="45.370567" lon="-75.837891"><ele>25.0</ele><time>2024-07-09T22:30:00Z</time></trkpt>
<trkpt lat="45.370567" lon="-75.8379"><ele>25.0</ele><time>2024-07-09T22:30:01Z</time></trkpt>
<trkpt lat="45.370567" lon="-75.8379"><ele>25.0</ele><time>2024-07-09T22:30:02Z</time></trkpt>
<trkpt lat="45.370567" lon="-75.8379"><ele>24.0</ele><time>2024-07-09T22:30:03Z</time></trkpt>
<trkpt lat="45.370567" lon="-75.8379"><ele>25.0</ele><time>2024-07-09T22:30:04Z</time></trkpt>
<trkpt lat="45.370567" lon="-75.8379"><ele>25.0</ele><time>2024-07-09T22:30:05Z</time></trkpt>
<trkpt lat="45.370567" lon="-75.8379"><ele>25.0</ele><time>2024-07-09T22:30:06Z</time></trkpt>
<trkpt lat="45.370567" lon="-75.8379"><ele>25.0</ele><time>2024-07-09T22:30:07Z</time></trkpt>
<trkpt lat="45.370567" lon="-75.8379"><ele>25.0</ele><time>2024-07-09T22:30:08Z</time></trkpt>
<trkpt lat="45.370564" lon="-75.8379"><ele>25.0</ele><time>2024-07-09T22:30:09Z</time></trkpt>
<trkpt lat="45.370564" lon="-75.8379"><ele>25.0</ele><time>2024-07-09T22:30:10Z</time></trkpt>
<trkpt lat="45.370564" lon="-75.8379"><ele>25.0</ele><time>2024-07-09T22:30:11Z</time></trkpt>
<trkpt lat="45.370564" lon="-75.8379"><ele>25.0</ele><time>2024-07-09T22:30:12Z</time></trkpt>
<trkpt lat="45.370564" lon="-75.8379"><ele>25.0</ele><time>2024-07-09T22:30:13Z</time></trkpt>
<trkpt lat="45.370561" lon="-75.837909"><ele>25.0</ele><time>2024-07-09T22:30:14Z</time></trkpt>
<trkpt lat="45.370561" lon="-75.837909"><ele>25.0</ele><time>2024-07-09T22:30:15Z</time></trkpt>
<trkpt lat="45.370561" lon="-75.837909"><ele>25.0</ele><time>2024-07-09T22:30:16Z</time></trkpt>
<trkpt lat="45.370561" lon="-75.837909"><ele>25.0</ele><time>2024-07-09T22:30:17Z</time></trkpt>
<trkpt lat="45.370561" lon="-75.837909"><ele>25.0</ele><time>2024-07-09T22:30:18Z</time></trkpt>
<trkpt lat="45.370561" lon="-75.837909"><ele>25.0</ele><time>2024-07-09T22:30:19Z</time></trkpt>
<trkpt lat="45.370561" lon="-75.837909"><ele>25.0</ele><time>2024-07-09T22:30:20Z</time></trkpt>
<trkpt lat="45.370561" lon="-75.837909"><ele>25.0</ele><time>2024-07-09T22:30:21Z</time></trkpt>
<trkpt lat="45.370561" lon="-75.837909"><ele>25.0</ele><time>2024-07-09T22:30:22Z</time></trkpt>
<trkpt lat="45.370561" lon="-75.837909"><ele>24.0</ele><time>2024-07-09T22:30:23Z</time></trkpt>
<trkpt lat="45.370557" lon="-75.837918"><ele>25.0</ele><time>2024-07-09T22:30:24Z</time></trkpt>
<trkpt lat="45.370554" lon="-75.837918"><ele>25.0</ele><time>2024-07-09T22:30:25Z</time></trkpt>
<trkpt lat="45.370554" lon="-75.837918"><ele>25.0</ele><time>2024-07-09T22:30:26Z</time></trkpt>
<trkpt lat="45.370551" lon="-75.837918"><ele>25.0</ele><time>2024-07-09T22:30:27Z</time></trkpt>
<trkpt lat="45.370551" lon="-75.837918"><ele>25.0</ele><time>2024-07-09T22:30:28Z</time></trkpt>
<trkpt lat="45.370551" lon="-75.837918"><ele>25.0</ele><time>2024-07-09T22:30:29Z</time></trkpt>
<trkpt lat="45.370551" lon="-75.837918"><ele>25.0</ele><time>2024-07-09T22:30:30Z</time></trkpt>
<trkpt lat="45.370551" lon="-75.837918"><ele>25.0</ele><time>2024-07-09T22:30:31Z</time></trkpt>
<trkpt lat="45.370551" lon="-75.837918"><ele>25.0</ele><time>2024-07-09T22:30:32Z</time></trkpt>
<trkpt lat="45.370551" lon="-75.837918"><ele>25.0</ele><time>2024-07-09T22:30:33Z</time></trkpt>
<trkpt lat="45.370551" lon="-75.837918"><ele>25.0</ele><time>2024-07-09T22:30:34Z</time></trkpt>
<trkpt lat="45.370551" lon="-75.837918"><ele>25.0</ele><time>2024-07-09T22:30:35Z</time></trkpt>
<trkpt lat="45.370551" lon="-75.837918"><ele>25.0</ele><time>2024-07-09T22:30:36Z</time></trkpt>
<trkpt lat="45.370551" lon="-75.837918"><ele>25.0</ele><time>2024-07-09T22:30:37Z</time></trkpt>
<trkpt lat="45.370551" lon="-75.837918"><ele>25.0</ele><time>2024-07-09T22:30:38Z</time></trkpt>
<trkpt lat="45.370551" lon="-75.837918"><ele>25.0</ele><time>2024-07-09T22:30:39Z</time></trkpt>
<trkpt lat="45.370551" lon="-75.837918"><ele>25.0</ele><time>2024-07-09T22:30:40Z</time></trkpt>
<trkpt lat="45.370551" lon="-75.837918"><ele>25.0</ele><time>2024-07-09T22:30:41Z</time></trkpt>
<trkpt lat="45.370551" lon="-75.837918"><ele>25.0</ele><time>2024-07-09T22:30:42Z</time></trkpt>
<trkpt lat="45.370548" lon="-75.837918"><ele>25.0</ele><time>2024-07-09T22:30:43Z</time></trkpt>
<trkpt lat="45.370548" lon="-75.837927"><ele>25.0</ele><time>2024-07-09T22:30:44Z</time></trkpt>
<trkpt lat="45.370545" lon="-75.837927"><ele>25.0</ele><time>2024-07-09T22:30:45Z</time></trkpt>
<trkpt lat="45.370542" lon="-75.837927"><ele>25.0</ele><time>2024-07-09T22:30:46Z</time></trkpt>
<trkpt lat="45.370535" lon="-75.837936"><ele>26.0</ele><time>2024-07-09T22:30:47Z</time></trkpt>
<trkpt lat="45.370532" lon="-75.837936"><ele>26.0</ele><time>2024-07-09T22:30:48Z</time></trkpt>
<trkpt lat="45.370526" lon="-75.837936"><ele>26.0</ele><time>2024-07-09T22:30:49Z</time></trkpt>
<trkpt lat="45.370519" lon="-75.837936"><ele>26.0</ele><time>2024-07-09T22:30:50Z</time></trkpt>
<trkpt lat="45.370516" lon="-75.837936"><ele>25.0</ele><time>2024-07-09T22:30:51Z</time></trkpt>
<trkpt lat="45.370513" lon="-75.837936"><ele>26.0</ele><time>2024-07-09T22:30:52Z</time></trkpt>
<trkpt lat="45.370507" lon="-75.837936"><ele>26.0</ele><time>2024-07-09T22:30:53Z</time></trkpt>
<trkpt lat="45.370504" lon="-75.837936"><ele>25.0</ele><time>2024-07-09T22:30:54Z</time></trkpt>
<trkpt lat="45.370497" lon="-75.837936"><ele>26.0</ele><time>2024-07-09T22:30:55Z</time></trkpt>
<trkpt lat="45.370494" lon="-75.837927"><ele>26.0</ele><time>2024-07-09T22:30:56Z</time></trkpt>
<trkpt lat="45.370491" lon="-75.837927"><ele>26.0</ele><time>2024-07-09T22:30:57Z</time></trkpt>
<trkpt lat="45.370488" lon="-75.837927"><ele>26.0</ele><time>2024-07-09T22:30:58Z</time></trkpt>
<trkpt lat="45.370481" lon="-75.837918"><ele>27.0</ele><time>2024-07-09T22:30:59Z</time></trkpt>
<trkpt lat="45.370478" lon="-75.837918"><ele>26.0</ele><time>2024-07-09T22:31:00Z</time></trkpt>
<trkpt lat="45.370475" lon="-75.837918"><ele>27.0</ele><time>2024-07-09T22:31:01Z</time></trkpt>
<trkpt lat="45.370469" lon="-75.837918"><ele>26.0</ele><time>2024-07-09T22:31:02Z</time></trkpt>
<trkpt lat="45.370466" lon="-75.837909"><ele>26.0</ele><time>2024-07-09T22:31:03Z</time></trkpt>
<trkpt lat="45.370462" lon="-75.837909"><ele>26.0</ele><time>2024-07-09T22:31:04Z</time></trkpt>
<trkpt lat="45.370456" lon="-75.837909"><ele>26.0</ele><time>2024-07-09T22:31:05Z</time></trkpt>
<trkpt lat="45.370453" lon="-75.8379"><ele>26.0</ele><time>2024-07-09T22:31:06Z</time></trkpt>
<trkpt lat="45.37045" lon="-75.8379"><ele>26.0</ele><time>2024-07-09T22:31:07Z</time></trkpt>
<trkpt lat="45.370447" lon="-75.837891"><ele>27.0</ele><time>2024-07-09T22:31:08Z</time></trkpt>
<trkpt lat="45.37044" lon="-75.837891"><ele>27.0</ele><time>2024-07-09T22:31:09Z</time></trkpt>
<trkpt lat="45.370437" lon="-75.837882"><ele>26.0</ele><time>2024-07-09T22:31:10Z</time></trkpt>
<trkpt lat="45.370434" lon="-75.837882"><ele>26.0</ele><time>2024-07-09T22:31:11Z</time></trkpt>
<trkpt lat="45.370431" lon="-75.837873"><ele>27.0</ele><time>2024-07-09T22:31:12Z</time></trkpt>
<trkpt lat="45.370424" lon="-75.837873"><ele>27.0</ele><time>2024-07-09T22:31:13Z</time></trkpt>
<trkpt lat="45.370421" lon="-75.837873"><ele>26.0</ele><time>2024-07-09T22:31:14Z</time></trkpt>
<trkpt lat="45.370418" lon="-75.837864"><ele>26.0</ele><time>2024-07-09T22:31:15Z</time></trkpt>
<trkpt lat="45.370415" lon="-75.837864"><ele>27.0</ele><time>2024-07-09T22:31:16Z</time></trkpt>
<trkpt lat="45.370412" lon="-75.837864"><ele>26.0</ele><time>2024-07-09T22:31:17Z</time></trkpt>
<trkpt lat="45.370409" lon="-75.837855"><ele>26.0</ele><time>2024-07-09T22:31:18Z</time></trkpt>
<trkpt lat="45.370402" lon="-75.837855"><ele>27.0</ele><time>2024-07-09T22:31:19Z</time></trkpt>
<trkpt lat="45.370402" lon="-75.837846"><ele>27.0</ele><time>2024-07-09T22:31:20Z</time></trkpt>
<trkpt lat="45.370399" lon="-75.837846"><ele>27.0</ele><time>2024-07-09T22:31:21Z</time></trkpt>
<trkpt lat="45.370396" lon="-75.837837"><ele>27.0</ele><time>2024-07-09T22:31:22Z</time></trkpt>
<trkpt lat="45.370393" lon="-75.837837"><ele>27.0</ele><time>2024-07-09T22:31:23Z</time></trkpt>
<trkpt lat="45.37039" lon="-75.837837"><ele>27.0</ele><time>2024-07-09T22:31:24Z</time></trkpt>
<trkpt lat="45.370386" lon="-75.837828"><ele>27.0</ele><time>2024-07-09T22:31:25Z</time></trkpt>
<trkpt lat="45.37038" lon="-75.837828"><ele>27.0</ele><time>2024-07-09T22:31:26Z</time></trkpt>
<trkpt lat="45.370374" lon="-75.837828"><ele>27.0</ele><time>2024-07-09T22:31:27Z</time></trkpt>
<trkpt lat="45.370371" lon="-75.837828"><ele>27.0</ele><time>2024-07-09T22:31:28Z</time></trkpt>
<trkpt lat="45.370367" lon="-75.837828"><ele>27.0</ele><time>2024-07-09T22:31:29Z</time></trkpt>
<trkpt lat="45.370371" lon="-75.837828"><ele>27.0</ele><time>2024-07-09T22:31:30Z</time></trkpt>
<trkpt lat="45.370367" lon="-75.837837"><ele>26.0</ele><time>2024-07-09T22:31:31Z</time></trkpt>
<trkpt lat="45.370367" lon="-75.837837"><ele>26.0</ele><time>2024-07-09T22:31:32Z</time></trkpt>
<trkpt lat="45.370364" lon="-75.837837"><ele>26.0</ele><time>2024-07-09T22:31:33Z</time></trkpt>
<trkpt lat="45.370361" lon="-75.837837"><ele>27.0</ele><time>2024-07-09T22:31:34Z</time></trkpt>
<trkpt lat="45.370355" lon="-75.837837"><ele>27.0</ele><time>2024-07-09T22:31:35Z</time></trkpt>
<trkpt lat="45.370352" lon="-75.837837"><ele>26.0</ele><time>2024-07-09T22:31:36Z</time></trkpt>
<trkpt lat="45.370345" lon="-75.837837"><ele>26.0</ele><time>2024-07-09T22:31:37Z</time></trkpt>
<trkpt lat="45.370342" lon="-75.837837"><ele>26.0</ele><time>2024-07-09T22:31:38Z</time></trkpt>
<trkpt lat="45.370336" lon="-75.837828"><ele>26.0</ele><time>2024-07-09T22:31:39Z</time></trkpt>
<trkpt lat="45.370336" lon="-75.837828"><ele>26.0</ele><time>2024-07-09T22:31:40Z</time></trkpt>
<trkpt lat="45.370329" lon="-75.837828"><ele>26.0</ele><time>2024-07-09T22:31:41Z</time></trkpt>
<trkpt lat="45.370326" lon="-75.837819"><ele>26.0</ele><time>2024-07-09T22:31:42Z</time></trkpt>
<trkpt lat="45.370326" lon="-75.837819"><ele>26.0</ele><time>2024-07-09T22:31:43Z</time></trkpt>
<trkpt lat="45.37032" lon="-75.837819"><ele>26.0</ele><time>2024-07-09T22:31:44Z</time></trkpt>
<trkpt lat="45.37032" lon="-75.837819"><ele>27.0</ele><time>2024-07-09T22:31:45Z</time></trkpt>
<trkpt lat="45.370323" lon="-75.837819"><ele>27.0</ele><time>2024-07-09T22:31:46Z</time></trkpt>
<trkpt lat="45.370323" lon="-75.83781"><ele>27.0</ele><time>2024-07-09T22:31:47Z</time></trkpt>
<trkpt lat="45.370323" lon="-75.83781"><ele>27.0</ele><time>2024-07-09T22:31:48Z</time></trkpt>
<trkpt lat="45.37032" lon="-75.83781"><ele>27.0</ele><time>2024-07-09T22:31:49Z</time></trkpt>
<trkpt lat="45.370314" lon="-75.83781"><ele>27.0</ele><time>2024-07-09T22:31:50Z</time></trkpt>
<trkpt lat="45.370301" lon="-75.837801"><ele>27.0</ele><time>2024-07-09T22:31:51Z</time></trkpt>
<trkpt lat="45.370295" lon="-75.837792"><ele>27.0</ele><time>2024-07-09T22:31:52Z</time></trkpt>
<trkpt lat="45.370298" lon="-75.837792"><ele>27.0</ele><time>2024-07-09T22:31:53Z</time></trkpt>
<trkpt lat="45.370295" lon="-75.837783"><ele>27.0</ele><time>2024-07-09T22:31:54Z</time></trkpt>
<trkpt lat="45.370291" lon="-75.837792"><ele>27.0</ele><time>2024-07-09T22:31:55Z</time></trkpt>
<trkpt lat="45.370288" lon="-75.837783"><ele>27.0</ele><time>2024-07-09T22:31:56Z</time></trkpt>
<trkpt lat="45.370285" lon="-75.837783"><ele>26.0</ele><time>2024-07-09T22:31:57Z</time></trkpt>
<trkpt lat="45.370285" lon="-75.837792"><ele>26.0</ele><time>2024-07-09T22:31:58Z</time></trkpt>
<trkpt lat="45.370285" lon="-75.837792"><ele>26.0</ele><time>2024-07-09T22:31:59Z</time></trkpt>
<trkpt lat="45.370282" lon="-75.837792"><ele>26.0</ele><time>2024-07-09T22:32:00Z</time></trkpt>
<trkpt lat="45.370276" lon="-75.837783"><ele>25.0</ele><time>2024-07-09T22:32:01Z</time></trkpt>
<trkpt lat="45.370272" lon="-75.837783"><ele>26.0</ele><time>2024-07-09T22:32:02Z</time></trkpt>
<trkpt lat="45.370269" lon="-75.837783"><ele>26.0</ele><time>2024-07-09T22:32:03Z</time></trkpt>
<trkpt lat="45.370266" lon="-75.837783"><ele>26.0</ele><time>2024-07-09T22:32:04Z</time></trkpt>
<trkpt lat="45.370266" lon="-75.837774"><ele>26.0</ele><time>2024-07-09T22:32:05Z</time></trkpt>
<trkpt lat="45.370263" lon="-75.837783"><ele>25.0</ele><time>2024-07-09T22:32:06Z</time></trkpt>
<trkpt lat="45.370263" lon="-75.837783"><ele>25.0</ele><time>2024-07-09T22:32:07Z</time></trkpt>
<trkpt lat="45.370263" lon="-75.837783"><ele>25.0</ele><time>2024-07-09T22:32:08Z</time></trkpt>
<trkpt lat="45.37026" lon="-75.837783"><ele>25.0</ele><time>2024-07-09T22:32:09Z</time></trkpt>
<trkpt lat="45.370257" lon="-75.837774"><ele>25.0</ele><time>2024-07-09T22:32:10Z</time></trkpt>
<trkpt lat="45.370253" lon="-75.837774"><ele>25.0</ele><time>2024-07-09T22:32:11Z</time></trkpt>
<trkpt lat="45.37025" lon="-75.837774"><ele>25.0</ele><time>2024-07-09T22:32:12Z</time></trkpt>
<trkpt lat="45.370247" lon="-75.837765"><ele>25.0</ele><time>2024-07-09T22:32:13Z</time></trkpt>
<trkpt lat="45.370247" lon="-75.837765"><ele>25.0</ele><time>2024-07-09T22:32:14Z</time></trkpt>
<trkpt lat="45.370247" lon="-75.837765"><ele>25.0</ele><time>2024-07-09T22:32:15Z</time></trkpt>
<trkpt lat="45.370241" lon="-75.837765"><ele>25.0</ele><time>2024-07-09T22:32:16Z</time></trkpt>
<trkpt lat="45.370238" lon="-75.837756"><ele>26.0</ele><time>2024-07-09T22:32:17Z</time></trkpt>
<trkpt lat="45.370228" lon="-75.837747"><ele>25.0</ele><time>2024-07-09T22:32:18Z</time></trkpt>
<trkpt lat="45.370222" lon="-75.837747"><ele>25.0</ele><time>2024-07-09T22:32:19Z</time></trkpt>
<trkpt lat="45.370219" lon="-75.837747"><ele>25.0</ele><time>2024-07-09T22:32:20Z</time></trkpt>
<trkpt lat="45.370212" lon="-75.837747"><ele>25.0</ele><time>2024-07-09T22:32:21Z</time></trkpt>
<trkpt lat="45.370212" lon="-75.837747"><ele>25.0</ele><time>2024-07-09T22:32:22Z</time></trkpt>
<trkpt lat="45.370212" lon="-75.837747"><ele>25.0</ele><time>2024-07-09T22:32:23Z</time></trkpt>
<trkpt lat="45.370212" lon="-75.837747"><ele>25.0</ele><time>2024-07-09T22:32:24Z</time></trkpt>
<trkpt lat="45.370212" lon="-75.837747"><ele>25.0</ele><time>2024-07-09T22:32:25Z</time></trkpt>
<trkpt lat="45.370206" lon="-75.837738"><ele>25.0</ele><time>2024-07-09T22:32:26Z</time></trkpt>
<trkpt lat="45.370203" lon="-75.837738"><ele>25.0</ele><time>2024-07-09T22:32:27Z</time></trkpt>
<trkpt lat="45.370203" lon="-75.837738"><ele>25.0</ele><time>2024-07-09T22:32:28Z</time></trkpt>
<trkpt lat="45.3702" lon="-75.837738"><ele>25.0</ele><time>2024-07-09T22:32:29Z</time></trkpt>
<trkpt lat="45.370196" lon="-75.837738"><ele>25.0</ele><time>2024-07-09T22:32:30Z</time></trkpt>
<trkpt lat="45.370193" lon="-75.837729"><ele>25.0</ele><time>2024-07-09T22:32:31Z</time></trkpt>
<trkpt lat="45.370187" lon="-75.837729"><ele>25.0</ele><time>2024-07-09T22:32:32Z</time></trkpt>
<trkpt lat="45.370184" lon="-75.83772"><ele>25.0</ele><time>2024-07-09T22:32:33Z</time></trkpt>
<trkpt lat="45.370181" lon="-75.83772"><ele>25.0</ele><time>2024-07-09T22:32:34Z</time></trkpt>
<trkpt lat="45.370174" lon="-75.83772"><ele>25.0</ele><time>2024-07-09T22:32:35Z</time></trkpt>
<trkpt lat="45.370168" lon="-75.837711"><ele>25.0</ele><time>2024-07-09T22:32:36Z</time></trkpt>
<trkpt lat="45.370162" lon="-75.837711"><ele>26.0</ele><time>2024-07-09T22:32:37Z</time></trkpt>
<trkpt lat="45.370155" lon="-75.837702"><ele>26.0</ele><time>2024-07-09T22:32:38Z</time></trkpt>
<trkpt lat="45.370152" lon="-75.837702"><ele>26.0</ele><time>2024-07-09T22:32:39Z</time></trkpt>
<trkpt lat="45.370149" lon="-75.837702"><ele>26.0</ele><time>2024-07-09T22:32:40Z</time></trkpt>
<trkpt lat="45.370149" lon="-75.837702"><ele>26.0</ele><time>2024-07-09T22:32:41Z</time></trkpt>
<trkpt lat="45.370146" lon="-75.837693"><ele>25.0</ele><time>2024-07-09T22:32:42Z</time></trkpt>
<trkpt lat="45.370143" lon="-75.837693"><ele>25.0</ele><time>2024-07-09T22:32:43Z</time></trkpt>
<trkpt lat="45.370143" lon="-75.837693"><ele>25.0</ele><time>2024-07-09T22:32:44Z</time></trkpt>
<trkpt lat="45.370143" lon="-75.837693"><ele>26.0</ele><time>2024-07-09T22:32:45Z</time></trkpt>
<trkpt lat="45.370136" lon="-75.837684"><ele>26.0</ele><time>2024-07-09T22:32:46Z</time></trkpt>
<trkpt lat="45.370133" lon="-75.837684"><ele>26.0</ele><time>2024-07-09T22:32:47Z</time></trkpt>
<trkpt lat="45.370127" lon="-75.837684"><ele>26.0</ele><time>2024-07-09T22:32:48Z</time></trkpt>
<trkpt lat="45.370124" lon="-75.837684"><ele>26.0</ele><time>2024-07-09T22:32:49Z</time></trkpt>
<trkpt lat="45.37012" lon="-75.837684"><ele>26.0</ele><time>2024-07-09T22:32:50Z</time></trkpt>
<trkpt lat="45.370117" lon="-75.837684"><ele>26.0</ele><time>2024-07-09T22:32:51Z</time></trkpt>
<trkpt lat="45.370114" lon="-75.837684"><ele>26.0</ele><time>2024-07-09T22:32:52Z</time></trkpt>
<trkpt lat="45.370108" lon="-75.837684"><ele>26.0</ele><time>2024-07-09T22:32:53Z</time></trkpt>
<trkpt lat="45.370105" lon="-75.837675"><ele>26.0</ele><time>2024-07-09T22:32:54Z</time></trkpt>
<trkpt lat="45.370098" lon="-75.837675"><ele>26.0</ele><time>2024-07-09T22:32:55Z</time></trkpt>
<trkpt lat="45.370095" lon="-75.837684"><ele>26.0</ele><time>2024-07-09T22:32:56Z</time></trkpt>
<trkpt lat="45.370095" lon="-75.837684"><ele>26.0</ele><time>2024-07-09T22:32:57Z</time></trkpt>
<trkpt lat="45.370095" lon="-75.837684"><ele>26.0</ele><time>2024-07-09T22:32:58Z</time></trkpt>
<trkpt lat="45.370095" lon="-75.837684"><ele>26.0</ele><time>2024-07-09T22:32:59Z</time></trkpt>
<trkpt lat="45.370095" lon="-75.837684"><ele>26.0</ele><time>2024-07-09T22:33:00Z</time></trkpt>
<trkpt lat="45.370095" lon="-75.837684"><ele>26.0</ele><time>2024-07-09T22:33:01Z</time></trkpt>
<trkpt lat="45.370089" lon="-75.837675"><ele>26.0</ele><time>2024-07-09T22:33:02Z</time></trkpt>
<trkpt lat="45.370083" lon="-75.837675"><ele>26.0</ele><time>2024-07-09T22:33:03Z</time></trkpt>
<trkpt lat="45.370076" lon="-75.837675"><ele>25.0</ele><time>2024-07-09T22:33:04Z</time></trkpt>
<trkpt lat="45.370073" lon="-75.837666"><ele>25.0</ele><time>2024-07-09T22:33:05Z</time></trkpt>
<trkpt lat="45.370067" lon="-75.837666"><ele>25.0</ele><time>2024-07-09T22:33:06Z</time></trkpt>
<trkpt lat="45.370064" lon="-75.837666"><ele>25.0</ele><time>2024-07-09T22:33:07Z</time></trkpt>
<trkpt lat="45.370064" lon="-75.837666"><ele>25.0</ele><time>2024-07-09T22:33:08Z</time></trkpt>
<trkpt lat="45.37006" lon="-75.837666"><ele>25.0</ele><time>2024-07-09T22:33:09Z</time></trkpt>
<trkpt lat="45.37006" lon="-75.837666"><ele>25.0</ele><time>2024-07-09T22:33:10Z</time></trkpt>
<trkpt lat="45.37006" lon="-75.837666"><ele>25.0</ele><time>2024-07-09T22:33:11Z</time></trkpt>
<trkpt lat="45.370057" lon="-75.837666"><ele>26.0</ele><time>2024-07-09T22:33:12Z</time></trkpt>
<trkpt lat="45.370057" lon="-75.837666"><ele>26.0</ele><time>2024-07-09T22:33:13Z</time></trkpt>
<trkpt lat="45.370057" lon="-75.837666"><ele>26.0</ele><time>2024-07-09T22:33:14Z</time></trkpt>
<trkpt lat="45.370057" lon="-75.837666"><ele>26.0</ele><time>2024-07-09T22:33:15Z</time></trkpt>
<trkpt lat="45.370054" lon="-75.837666"><ele>26.0</ele><time>2024-07-09T22:33:16Z</time></trkpt>
<trkpt lat="45.370048" lon="-75.837657"><ele>25.0</ele><time>2024-07-09T22:33:17Z</time></trkpt>
<trkpt lat="45.370045" lon="-75.837648"><ele>25.0</ele><time>2024-07-09T22:33:18Z</time></trkpt>
<trkpt lat="45.370045" lon="-75.837648"><ele>25.0</ele><time>2024-07-09T22:33:19Z</time></trkpt>
<trkpt lat="45.370038" lon="-75.837648"><ele>25.0</ele><time>2024-07-09T22:33:20Z</time></trkpt>
<trkpt lat="45.370032" lon="-75.837648"><ele>25.0</ele><time>2024-07-09T22:33:21Z</time></trkpt>
<trkpt lat="45.370026" lon="-75.837648"><ele>25.0</ele><time>2024-07-09T22:33:22Z</time></trkpt>
<trkpt lat="45.370019" lon="-75.837648"><ele>25.0</ele><time>2024-07-09T22:33:23Z</time></trkpt>
<trkpt lat="45.370016" lon="-75.837648"><ele>25.0</ele><time>2024-07-09T22:33:24Z</time></trkpt>
<trkpt lat="45.370016" lon="-75.837648"><ele>25.0</ele><time>2024-07-09T22:33:25Z</time></trkpt>
<trkpt lat="45.37001" lon="-75.837648"><ele>25.0</ele><time>2024-07-09T22:33:26Z</time></trkpt>
<trkpt lat="45.370003" lon="-75.837639"><ele>25.0</ele><time>2024-07-09T22:33:27Z</time></trkpt>
<trkpt lat="45.369997" lon="-75.837639"><ele>26.0</ele><time>2024-07-09T22:33:28Z</time></trkpt>
<trkpt lat="45.369994" lon="-75.837639"><ele>26.0</ele><time>2024-07-09T22:33:29Z</time></trkpt>
<trkpt lat="45.369988" lon="-75.83763"><ele>26.0</ele><time>2024-07-09T22:33:30Z</time></trkpt>
<trkpt lat="45.369981" lon="-75.83763"><ele>26.0</ele><time>2024-07-09T22:33:31Z</time></trkpt>
<trkpt lat="45.369975" lon="-75.83763"><ele>26.0</ele><time>2024-07-09T22:33:32Z</time></trkpt>
<trkpt lat="45.369972" lon="-75.83763"><ele>26.0</ele><time>2024-07-09T22:33:33Z</time></trkpt>
<trkpt lat="45.369965" lon="-75.83763"><ele>26.0</ele><time>2024-07-09T22:33:34Z</time></trkpt>
<trkpt lat="45.369962" lon="-75.837621"><ele>26.0</ele><time>2024-07-09T22:33:35Z</time></trkpt>
<trkpt lat="45.369956" lon="-75.837621"><ele>27.0</ele><time>2024-07-09T22:33:36Z</time></trkpt>
<trkpt lat="45.369953" lon="-75.837621"><ele>27.0</ele><time>2024-07-09T22:33:37Z</time></trkpt>
<trkpt lat="45.369946" lon="-75.837621"><ele>27.0</ele><time>2024-07-09T22:33:38Z</time></trkpt>
<trkpt lat="45.369943" lon="-75.837621"><ele>27.0</ele><time>2024-07-09T22:33:39Z</time></trkpt>
<trkpt lat="45.369937" lon="-75.837621"><ele>27.0</ele><time>2024-07-09T22:33:40Z</time></trkpt>
<trkpt lat="45.369934" lon="-75.837621"><ele>27.0</ele><time>2024-07-09T22:33:41Z</time></trkpt>
<trkpt lat="45.369931" lon="-75.837621"><ele>27.0</ele><time>2024-07-09T22:33:42Z</time></trkpt>
<trkpt lat="45.369927" lon="-75.837621"><ele>27.0</ele><time>2024-07-09T22:33:43Z</time></trkpt>
<trkpt lat="45.369921" lon="-75.837621"><ele>27.0</ele><time>2024-07-09T22:33:44Z</time></trkpt>
<trkpt lat="45.369918" lon="-75.837621"><ele>27.0</ele><time>2024-07-09T22:33:45Z</time></trkpt>
<trkpt lat="45.369912" lon="-75.837621"><ele>27.0</ele><time>2024-07-09T22:33:46Z</time></trkpt>
<trkpt lat="45.369908" lon="-75.837621"><ele>27.0</ele><time>2024-07-09T22:33:47Z</time></trkpt>
<trkpt lat="45.369905" lon="-75.837621"><ele>27.0</ele><time>2024-07-09T22:33:48Z</time></trkpt>
<trkpt lat="45.369902" lon="-75.837621"><ele>27.0</ele><time>2024-07-09T22:33:49Z</time></trkpt>
<trkpt lat="45.369899" lon="-75.837621"><ele>27.0</ele><time>2024-07-09T22:33:50Z</time></trkpt>
<trkpt lat="45.369893" lon="-75.837621"><ele>27.0</ele><time>2024-07-09T22:33:51Z</time></trkpt>
<trkpt lat="45.369889" lon="-75.837621"><ele>27.0</ele><time>2024-07-09T22:33:52Z</time></trkpt>
<trkpt lat="45.369886" lon="-75.837621"><ele>27.0</ele><time>2024-07-09T22:33:53Z</time></trkpt>
<trkpt lat="45.36988" lon="-75.837621"><ele>27.0</ele><time>2024-07-09T22:33:54Z</time></trkpt>
<trkpt lat="45.369877" lon="-75.837621"><ele>27.0</ele><time>2024-07-09T22:33:55Z</time></trkpt>
<trkpt lat="45.369874" lon="-75.837621"><ele>27.0</ele><time>2024-07-09T22:33:56Z</time></trkpt>
<trkpt lat="45.36987" lon="-75.837621"><ele>27.0</ele><time>2024-07-09T22:33:57Z</time></trkpt>
<trkpt lat="45.369864" lon="-75.837621"><ele>26.0</ele><time>2024-07-09T22:33:58Z</time></trkpt>
<trkpt lat="45.369861" lon="-75.837621"><ele>27.0</ele><time>2024-07-09T22:33:59Z</time></trkpt>
<trkpt lat="45.369858" lon="-75.837612"><ele>26.0</ele><time>2024-07-09T22:34:00Z</time></trkpt>
<trkpt lat="45.369855" lon="-75.837603"><ele>26.0</ele><time>2024-07-09T22:34:01Z</time></trkpt>
<trkpt lat="45.369848" lon="-75.837603"><ele>26.0</ele><time>2024-07-09T22:34:02Z</time></trkpt>
<trkpt lat="45.369845" lon="-75.837603"><ele>26.0</ele><time>2024-07-09T22:34:03Z</time></trkpt>
<trkpt lat="45.369839" lon="-75.837595"><ele>26.0</ele><time>2024-07-09T22:34:04Z</time></trkpt>
<trkpt lat="45.369836" lon="-75.837595"><ele>26.0</ele><time>2024-07-09T22:34:05Z</time></trkpt>
<trkpt lat="45.369832" lon="-75.837595"><ele>26.0</ele><time>2024-07-09T22:34:06Z</time></trkpt>
<trkpt lat="45.369826" lon="-75.837595"><ele>26.0</ele><time>2024-07-09T22:34:07Z</time></trkpt>
<trkpt lat="45.369823" lon="-75.837586"><ele>26.0</ele><time>2024-07-09T22:34:08Z</time></trkpt>
<trkpt lat="45.36982" lon="-75.837586"><ele>26.0</ele><time>2024-07-09T22:34:09Z</time></trkpt>
<trkpt lat="45.369817" lon="-75.837586"><ele>26.0</ele><time>2024-07-09T22:34:10Z</time></trkpt>
<trkpt lat="45.369813" lon="-75.837586"><ele>27.0</ele><time>2024-07-09T22:34:11Z</time></trkpt>
<trkpt lat="45.369807" lon="-75.837577"><ele>27.0</ele><time>2024-07-09T22:34:12Z</time></trkpt>
<trkpt lat="45.369804" lon="-75.837577"><ele>27.0</ele><time>2024-07-09T22:34:13Z</time></trkpt>
<trkpt lat="45.369801" lon="-75.837577"><ele>27.0</ele><time>2024-07-09T22:34:14Z</time></trkpt>
<trkpt lat="45.369794" lon="-75.837577"><ele>27.0</ele><time>2024-07-09T22:34:15Z</time></trkpt>
<trkpt lat="45.369791" lon="-75.837577"><ele>26.0</ele><time>2024-07-09T22:34:16Z</time></trkpt>
<trkpt lat="45.369788" lon="-75.837577"><ele>27.0</ele><time>2024-07-09T22:34:17Z</time></trkpt>
<trkpt lat="45.369785" lon="-75.837568"><ele>27.0</ele><time>2024-07-09T22:34:18Z</time></trkpt>
<trkpt lat="45.369782" lon="-75.837568"><ele>26.0</ele><time>2024-07-09T22:34:19Z</time></trkpt>
<trkpt lat="45.369779" lon="-75.837568"><ele>26.0</ele><time>2024-07-09T22:34:20Z</time></trkpt>
<trkpt lat="45.369775" lon="-75.837568"><ele>26.0</ele><time>2024-07-09T22:34:21Z</time></trkpt>
<trkpt lat="45.369772" lon="-75.837559"><ele>26.0</ele><time>2024-07-09T22:34:22Z</time></trkpt>
<trkpt lat="45.369772" lon="-75.837559"><ele>26.0</ele><time>2024-07-09T22:34:23Z</time></trkpt>
<trkpt lat="45.369772" lon="-75.837559"><ele>26.0</ele><time>2024-07-09T22:34:24Z</time></trkpt>
<trkpt lat="45.369769" lon="-75.837559"><ele>26.0</ele><time>2024-07-09T22:34:25Z</time></trkpt>
<trkpt lat="45.369763" lon="-75.837559"><ele>26.0</ele><time>2024-07-09T22:34:26Z</time></trkpt>
<trkpt lat="45.36976" lon="-75.837559"><ele>26.0</ele><time>2024-07-09T22:34:27Z</time></trkpt>
<trkpt lat="45.369753" lon="-75.83755"><ele>26.0</ele><time>2024-07-09T22:34:28Z</time></trkpt>
<trkpt lat="45.36975" lon="-75.83755"><ele>26.0</ele><time>2024-07-09T22:34:29Z</time></trkpt>
<trkpt lat="45.369747" lon="-75.83755"><ele>26.0</ele><time>2024-07-09T22:34:30Z</time></trkpt>
<trkpt lat="45.369741" lon="-75.83755"><ele>26.0</ele><time>2024-07-09T22:34:31Z</time></trkpt>
<trkpt lat="45.369737" lon="-75.83755"><ele>26.0</ele><time>2024-07-09T22:34:32Z</time></trkpt>
<trkpt lat="45.369734" lon="-75.83755"><ele>26.0</ele><time>2024-07-09T22:34:33Z</time></trkpt>
<trkpt lat="45.369731" lon="-75.83755"><ele>27.0</ele><time>2024-07-09T22:34:34Z</time></trkpt>
<trkpt lat="45.369728" lon="-75.83755"><ele>26.0</ele><time>2024-07-09T22:34:35Z</time></trkpt>
<trkpt lat="45.369722" lon="-75.837541"><ele>26.0</ele><time>2024-07-09T22:34:36Z</time></trkpt>
<trkpt lat="45.369715" lon="-75.837541"><ele>26.0</ele><time>2024-07-09T22:34:37Z</time></trkpt>
<trkpt lat="45.369712" lon="-75.837541"><ele>26.0</ele><time>2024-07-09T22:34:38Z</time></trkpt>
<trkpt lat="45.369709" lon="-75.837541"><ele>26.0</ele><time>2024-07-09T22:34:39Z</time></trkpt>
<trkpt lat="45.369706" lon="-75.837541"><ele>26.0</ele><time>2024-07-09T22:34:40Z</time></trkpt>
<trkpt lat="45.369699" lon="-75.837541"><ele>26.0</ele><time>2024-07-09T22:34:41Z</time></trkpt>
<trkpt lat="45.369696" lon="-75.837541"><ele>26.0</ele><time>2024-07-09T22:34:42Z</time></trkpt>
<trkpt lat="45.36969" lon="-75.837541"><ele>26.0</ele><time>2024-07-09T22:34:43Z</time></trkpt>
<trkpt lat="45.369687" lon="-75.837541"><ele>26.0</ele><time>2024-07-09T22:34:44Z</time></trkpt>
<trkpt lat="45.369684" lon="-75.837541"><ele>26.0</ele><time>2024-07-09T22:34:45Z</time></trkpt>
<trkpt lat="45.36968" lon="-75.837541"><ele>26.0</ele><time>2024-07-09T22:34:46Z</time></trkpt>
<trkpt lat="45.369677" lon="-75.837541"><ele>26.0</ele><time>2024-07-09T22:34:47Z</time></trkpt>
<trkpt lat="45.369671" lon="-75.837541"><ele>26.0</ele><time>2024-07-09T22:34:48Z</time></trkpt>
<trkpt lat="45.369668" lon="-75.837541"><ele>26.0</ele><time>2024-07-09T22:34:49Z</time></trkpt>
<trkpt lat="45.369665" lon="-75.837541"><ele>26.0</ele><time>2024-07-09T22:34:50Z</time></trkpt>
<trkpt lat="45.369661" lon="-75.837541"><ele>26.0</ele><time>2024-07-09T22:34:51Z</time></trkpt>
<trkpt lat="45.369658" lon="-75.837541"><ele>26.0</ele><time>2024-07-09T22:34:52Z</time></trkpt>
<trkpt lat="45.369655" lon="-75.837541"><ele>26.0</ele><time>2024-07-09T22:34:53Z</time></trkpt>
<trkpt lat="45.369652" lon="-75.837541"><ele>26.0</ele><time>2024-07-09T22:34:54Z</time></trkpt>
<trkpt lat="45.369649" lon="-75.837541"><ele>26.0</ele><time>2024-07-09T22:34:55Z</time></trkpt>
<trkpt lat="45.369646" lon="-75.837541"><ele>26.0</ele><time>2024-07-09T22:34:56Z</time></trkpt>
<trkpt lat="45.369639" lon="-75.837541"><ele>26.0</ele><time>2024-07-09T22:34:57Z</time></trkpt>
<trkpt lat="45.369633" lon="-75.837541"><ele>26.0</ele><time>2024-07-09T22:34:58Z</time></trkpt>
<trkpt lat="45.36963" lon="-75.837541"><ele>26.0</ele><time>2024-07-09T22:34:59Z</time></trkpt>
<trkpt lat="45.369627" lon="-75.837541"><ele>26.0</ele><time>2024-07-09T22:35:00Z</time></trkpt>
<trkpt lat="45.369623" lon="-75.837541"><ele>26.0</ele><time>2024-07-09T22:35:01Z</time></trkpt>
<trkpt lat="45.36962" lon="-75.837541"><ele>26.0</ele><time>2024-07-09T22:35:02Z</time></trkpt>
<trkpt lat="45.369617" lon="-75.837532"><ele>26.0</ele><time>2024-07-09T22:35:03Z</time></trkpt>
<trkpt lat="45.369614" lon="-75.837532"><ele>26.0</ele><time>2024-07-09T22:35:04Z</time></trkpt>
<trkpt lat="45.369611" lon="-75.837532"><ele>25.0</ele><time>2024-07-09T22:35:05Z</time></trkpt>
<trkpt lat="45.369608" lon="-75.837532"><ele>25.0</ele><time>2024-07-09T22:35:06Z</time></trkpt>
<trkpt lat="45.369601" lon="-75.837532"><ele>25.0</ele><time>2024-07-09T22:35:07Z</time></trkpt>
<trkpt lat="45.369598" lon="-75.837532"><ele>25.0</ele><time>2024-07-09T22:35:08Z</time></trkpt>
<trkpt lat="45.369592" lon="-75.837532"><ele>25.0</ele><time>2024-07-09T22:35:09Z</time></trkpt>
<trkpt lat="45.369585" lon="-75.837532"><ele>25.0</ele><time>2024-07-09T22:35:10Z</time></trkpt>
<trkpt lat="45.369582" lon="-75.837532"><ele>25.0</ele><time>2024-07-09T22:35:11Z</time></trkpt>
<trkpt lat="45.369576" lon="-75.837532"><ele>26.0</ele><time>2024-07-09T22:35:12Z</time></trkpt>
<trkpt lat="45.369573" lon="-75.837532"><ele>26.0</ele><time>2024-07-09T22:35:13Z</time></trkpt>
<trkpt lat="45.369566" lon="-75.837532"><ele>26.0</ele><time>2024-07-09T22:35:14Z</time></trkpt>
<trkpt lat="45.369563" lon="-75.837541"><ele>26.0</ele><time>2024-07-09T22:35:15Z</time></trkpt>
<trkpt lat="45.36956" lon="-75.837541"><ele>26.0</ele><time>2024-07-09T22:35:16Z</time></trkpt>
<trkpt lat="45.369554" lon="-75.837541"><ele>26.0</ele><time>2024-07-09T22:35:17Z</time></trkpt>
<trkpt lat="45.369551" lon="-75.837532"><ele>26.0</ele><time>2024-07-09T22:35:18Z</time></trkpt>
<trkpt lat="45.369544" lon="-75.837532"><ele>26.0</ele><time>2024-07-09T22:35:19Z</time></trkpt>
<trkpt lat="45.369538" lon="-75.837532"><ele>26.0</ele><time>2024-07-09T22:35:20Z</time></trkpt>
<trkpt lat="45.369535" lon="-75.837532"><ele>26.0</ele><time>2024-07-09T22:35:21Z</time></trkpt>
<trkpt lat="45.369532" lon="-75.837532"><ele>26.0</ele><time>2024-07-09T22:35:22Z</time></trkpt>
<trkpt lat="45.369525" lon="-75.837532"><ele>25.0</ele><time>2024-07-09T22:35:23Z</time></trkpt>
<trkpt lat="45.369519" lon="-75.837541"><ele>26.0</ele><time>2024-07-09T22:35:24Z</time></trkpt>
<trkpt lat="45.369516" lon="-75.837541"><ele>26.0</ele><time>2024-07-09T22:35:25Z</time></trkpt>
<trkpt lat="45.369513" lon="-75.837541"><ele>26.0</ele><time>2024-07-09T22:35:26Z</time></trkpt>
<trkpt lat="45.369506" lon="-75.837541"><ele>25.0</ele><time>2024-07-09T22:35:27Z</time></trkpt>
<trkpt lat="45.369503" lon="-75.837541"><ele>26.0</ele><time>2024-07-09T22:35:28Z</time></trkpt>
<trkpt lat="45.3695" lon="-75.83755"><ele>26.0</ele><time>2024-07-09T22:35:29Z</time></trkpt>
<trkpt lat="45.369497" lon="-75.83755"><ele>26.0</ele><time>2024-07-09T22:35:30Z</time></trkpt>
<trkpt lat="45.36949" lon="-75.83755"><ele>25.0</ele><time>2024-07-09T22:35:31Z</time></trkpt>
<trkpt lat="45.369487" lon="-75.83755"><ele>25.0</ele><time>2024-07-09T22:35:32Z</time></trkpt>
<trkpt lat="45.369478" lon="-75.83755"><ele>25.0</ele><time>2024-07-09T22:35:33Z</time></trkpt>
<trkpt lat="45.369471" lon="-75.837559"><ele>25.0</ele><time>2024-07-09T22:35:34Z</time></trkpt>
<trkpt lat="45.369465" lon="-75.837559"><ele>25.0</ele><time>2024-07-09T22:35:35Z</time></trkpt>
<trkpt lat="45.369462" lon="-75.837559"><ele>25.0</ele><time>2024-07-09T22:35:36Z</time></trkpt>
<trkpt lat="45.369456" lon="-75.837559"><ele>25.0</ele><time>2024-07-09T22:35:37Z</time></trkpt>
<trkpt lat="45.369452" lon="-75.837559"><ele>25.0</ele><time>2024-07-09T22:35:38Z</time></trkpt>
<trkpt lat="45.369446" lon="-75.837559"><ele>25.0</ele><time>2024-07-09T22:35:39Z</time></trkpt>
<trkpt lat="45.369443" lon="-75.837559"><ele>25.0</ele><time>2024-07-09T22:35:40Z</time></trkpt>
<trkpt lat="45.36944" lon="-75.837568"><ele>25.0</ele><time>2024-07-09T22:35:41Z</time></trkpt>
<trkpt lat="45.369437" lon="-75.837568"><ele>25.0</ele><time>2024-07-09T22:35:42Z</time></trkpt>
<trkpt lat="45.369434" lon="-75.837577"><ele>26.0</ele><time>2024-07-09T22:35:43Z</time></trkpt>
<trkpt lat="45.36943" lon="-75.837586"><ele>26.0</ele><time>2024-07-09T22:35:44Z</time></trkpt>
<trkpt lat="45.369427" lon="-75.837586"><ele>26.0</ele><time>2024-07-09T22:35:45Z</time></trkpt>
<trkpt lat="45.369424" lon="-75.837595"><ele>26.0</ele><time>2024-07-09T22:35:46Z</time></trkpt>
<trkpt lat="45.369421" lon="-75.837603"><ele>26.0</ele><time>2024-07-09T22:35:47Z</time></trkpt>
<trkpt lat="45.369418" lon="-75.837603"><ele>26.0</ele><time>2024-07-09T22:35:48Z</time></trkpt>
<trkpt lat="45.369415" lon="-75.837612"><ele>26.0</ele><time>2024-07-09T22:35:49Z</time></trkpt>
<trkpt lat="45.369411" lon="-75.837621"><ele>26.0</ele><time>2024-07-09T22:35:50Z</time></trkpt>
<trkpt lat="45.369408" lon="-75.837621"><ele>26.0</ele><time>2024-07-09T22:35:51Z</time></trkpt>
<trkpt lat="45.369405" lon="-75.837621"><ele>26.0</ele><time>2024-07-09T22:35:52Z</time></trkpt>
<trkpt lat="45.369402" lon="-75.83763"><ele>26.0</ele><time>2024-07-09T22:35:53Z</time></trkpt>
<trkpt lat="45.369399" lon="-75.83763"><ele>26.0</ele><time>2024-07-09T22:35:54Z</time></trkpt>
<trkpt lat="45.369396" lon="-75.837639"><ele>26.0</ele><time>2024-07-09T22:35:55Z</time></trkpt>
<trkpt lat="45.369392" lon="-75.837639"><ele>26.0</ele><time>2024-07-09T22:35:56Z</time></trkpt>
<trkpt lat="45.369386" lon="-75.837648"><ele>26.0</ele><time>2024-07-09T22:35:57Z</time></trkpt>
<trkpt lat="45.369383" lon="-75.837648"><ele>27.0</ele><time>2024-07-09T22:35:58Z</time></trkpt>
<trkpt lat="45.36938" lon="-75.837657"><ele>27.0</ele><time>2024-07-09T22:35:59Z</time></trkpt>
<trkpt lat="45.369377" lon="-75.837657"><ele>27.0</ele><time>2024-07-09T22:36:00Z</time></trkpt>
<trkpt lat="45.369373" lon="-75.837657"><ele>27.0</ele><time>2024-07-09T22:36:01Z</time></trkpt>
<trkpt lat="45.369367" lon="-75.837666"><ele>27.0</ele><time>2024-07-09T22:36:02Z</time></trkpt>
<trkpt lat="45.369364" lon="-75.837666"><ele>27.0</ele><time>2024-07-09T22:36:03Z</time></trkpt>
<trkpt lat="45.369361" lon="-75.837666"><ele>27.0</ele><time>2024-07-09T22:36:04Z</time></trkpt>
<trkpt lat="45.369358" lon="-75.837675"><ele>27.0</ele><time>2024-07-09T22:36:05Z</time></trkpt>
<trkpt lat="45.369351" lon="-75.837675"><ele>27.0</ele><time>2024-07-09T22:36:06Z</time></trkpt>
<trkpt lat="45.369348" lon="-75.837684"><ele>27.0</ele><time>2024-07-09T22:36:07Z</time></trkpt>
<trkpt lat="45.369342" lon="-75.837684"><ele>27.0</ele><time>2024-07-09T22:36:08Z</time></trkpt>
<trkpt lat="45.369339" lon="-75.837684"><ele>27.0</ele><time>2024-07-09T22:36:09Z</time></trkpt>
<trkpt lat="45.369335" lon="-75.837693"><ele>27.0</ele><time>2024-07-09T22:36:10Z</time></trkpt>
<trkpt lat="45.369332" lon="-75.837693"><ele>27.0</ele><time>2024-07-09T22:36:11Z</time></trkpt>
<trkpt lat="45.369329" lon="-75.837702"><ele>27.0</ele><time>2024-07-09T22:36:12Z</time></trkpt>
<trkpt lat="45.369326" lon="-75.837702"><ele>27.0</ele><time>2024-07-09T22:36:13Z</time></trkpt>
<trkpt lat="45.369323" lon="-75.837702"><ele>27.0</ele><time>2024-07-09T22:36:14Z</time></trkpt>
<trkpt lat="45.369316" lon="-75.837711"><ele>28.0</ele><time>2024-07-09T22:36:15Z</time></trkpt>
<trkpt lat="45.369313" lon="-75.837711"><ele>27.0</ele><time>2024-07-09T22:36:16Z</time></trkpt>
<trkpt lat="45.36931" lon="-75.83772"><ele>28.0</ele><time>2024-07-09T22:36:17Z</time></trkpt>
<trkpt lat="45.369304" lon="-75.83772"><ele>27.0</ele><time>2024-07-09T22:36:18Z</time></trkpt>
<trkpt lat="45.369301" lon="-75.837729"><ele>28.0</ele><time>2024-07-09T22:36:19Z</time></trkpt>
<trkpt lat="45.369297" lon="-75.837729"><ele>27.0</ele><time>2024-07-09T22:36:20Z</time></trkpt>
<trkpt lat="45.369291" lon="-75.837738"><ele>27.0</ele><time>2024-07-09T22:36:21Z</time></trkpt>
<trkpt lat="45.369288" lon="-75.837738"><ele>27.0</ele><time>2024-07-09T22:36:22Z</time></trkpt>
<trkpt lat="45.369282" lon="-75.837747"><ele>27.0</ele><time>2024-07-09T22:36:23Z</time></trkpt>
<trkpt lat="45.369278" lon="-75.837747"><ele>27.0</ele><time>2024-07-09T22:36:24Z</time></trkpt>
<trkpt lat="45.369275" lon="-75.837756"><ele>27.0</ele><time>2024-07-09T22:36:25Z</time></trkpt>
<trkpt lat="45.369269" lon="-75.837765"><ele>27.0</ele><time>2024-07-09T22:36:26Z</time></trkpt>
<trkpt lat="45.369263" lon="-75.837765"><ele>27.0</ele><time>2024-07-09T22:36:27Z</time></trkpt>
<trkpt lat="45.369259" lon="-75.837765"><ele>27.0</ele><time>2024-07-09T22:36:28Z</time></trkpt>
<trkpt lat="45.369256" lon="-75.837765"><ele>27.0</ele><time>2024-07-09T22:36:29Z</time></trkpt>
<trkpt lat="45.36925" lon="-75.837774"><ele>27.0</ele><time>2024-07-09T22:36:30Z</time></trkpt>
<trkpt lat="45.369247" lon="-75.837774"><ele>27.0</ele><time>2024-07-09T22:36:31Z</time></trkpt>
<trkpt lat="45.369244" lon="-75.837783"><ele>27.0</ele><time>2024-07-09T22:36:32Z</time></trkpt>
<trkpt lat="45.369237" lon="-75.837783"><ele>27.0</ele><time>2024-07-09T22:36:33Z</time></trkpt>
<trkpt lat="45.369234" lon="-75.837792"><ele>27.0</ele><time>2024-07-09T22:36:34Z</time></trkpt>
<trkpt lat="45.369231" lon="-75.837792"><ele>27.0</ele><time>2024-07-09T22:36:35Z</time></trkpt>
<trkpt lat="45.369228" lon="-75.837801"><ele>27.0</ele><time>2024-07-09T22:36:36Z</time></trkpt>
<trkpt lat="45.369225" lon="-75.837801"><ele>27.0</ele><time>2024-07-09T22:36:37Z</time></trkpt>
<trkpt lat="45.369221" lon="-75.83781"><ele>27.0</ele><time>2024-07-09T22:36:38Z</time></trkpt>
<trkpt lat="45.369218" lon="-75.83781"><ele>27.0</ele><time>2024-07-09T22:36:39Z</time></trkpt>
<trkpt lat="45.369215" lon="-75.83781"><ele>27.0</ele><time>2024-07-09T22:36:40Z</time></trkpt>
<trkpt lat="45.369212" lon="-75.837819"><ele>27.0</ele><time>2024-07-09T22:36:41Z</time></trkpt>
<trkpt lat="45.369209" lon="-75.837819"><ele>27.0</ele><time>2024-07-09T22:36:42Z</time></trkpt>
<trkpt lat="45.369206" lon="-75.837828"><ele>27.0</ele><time>2024-07-09T22:36:43Z</time></trkpt>
<trkpt lat="45.369202" lon="-75.837828"><ele>27.0</ele><time>2024-07-09T22:36:44Z</time></trkpt>
<trkpt lat="45.369199" lon="-75.837837"><ele>27.0</ele><time>2024-07-09T22:36:45Z</time></trkpt>
<trkpt lat="45.369196" lon="-75.837837"><ele>27.0</ele><time>2024-07-09T22:36:46Z</time></trkpt>
<trkpt lat="45.36919" lon="-75.837846"><ele>27.0</ele><time>2024-07-09T22:36:47Z</time></trkpt>
<trkpt lat="45.369187" lon="-75.837846"><ele>27.0</ele><time>2024-07-09T22:36:48Z</time></trkpt>
<trkpt lat="45.369183" lon="-75.837855"><ele>27.0</ele><time>2024-07-09T22:36:49Z</time></trkpt>
<trkpt lat="45.369177" lon="-75.837855"><ele>27.0</ele><time>2024-07-09T22:36:50Z</time></trkpt>
<trkpt lat="45.369174" lon="-75.837855"><ele>27.0</ele><time>2024-07-09T22:36:51Z</time></trkpt>
<trkpt lat="45.369171" lon="-75.837864"><ele>27.0</ele><time>2024-07-09T22:36:52Z</time></trkpt>
<trkpt lat="45.369168" lon="-75.837864"><ele>27.0</ele><time>2024-07-09T22:36:53Z</time></trkpt>
<trkpt lat="45.369164" lon="-75.837873"><ele>27.0</ele><time>2024-07-09T22:36:54Z</time></trkpt>
<trkpt lat="45.369161" lon="-75.837873"><ele>27.0</ele><time>2024-07-09T22:36:55Z</time></trkpt>
<trkpt lat="45.369158" lon="-75.837882"><ele>27.0</ele><time>2024-07-09T22:36:56Z</time></trkpt>
<trkpt lat="45.369155" lon="-75.837882"><ele>27.0</ele><time>2024-07-09T22:36:57Z</time></trkpt>
<trkpt lat="45.369152" lon="-75.837891"><ele>27.0</ele><time>2024-07-09T22:36:58Z</time></trkpt>
<trkpt lat="45.369149" lon="-75.837891"><ele>27.0</ele><time>2024-07-09T22:36:59Z</time></trkpt>
<trkpt lat="45.369145" lon="-75.8379"><ele>27.0</ele><time>2024-07-09T22:37:00Z</time></trkpt>
<trkpt lat="45.369142" lon="-75.837909"><ele>27.0</ele><time>2024-07-09T22:37:01Z</time></trkpt>
<trkpt lat="45.369136" lon="-75.837909"><ele>27.0</ele><time>2024-07-09T22:37:02Z</time></trkpt>
<trkpt lat="45.369133" lon="-75.837909"><ele>27.0</ele><time>2024-07-09T22:37:03Z</time></trkpt>
<trkpt lat="45.36913" lon="-75.837918"><ele>27.0</ele><time>2024-07-09T22:37:04Z</time></trkpt>
<trkpt lat="45.369123" lon="-75.837918"><ele>27.0</ele><time>2024-07-09T22:37:05Z</time></trkpt>
<trkpt lat="45.36912" lon="-75.837927"><ele>27.0</ele><time>2024-07-09T22:37:06Z</time></trkpt>
<trkpt lat="45.369117" lon="-75.837927"><ele>27.0</ele><time>2024-07-09T22:37:07Z</time></trkpt>
<trkpt lat="45.369111" lon="-75.837936"><ele>27.0</ele><time>2024-07-09T22:37:08Z</time></trkpt>
<trkpt lat="45.369107" lon="-75.837936"><ele>27.0</ele><time>2024-07-09T22:37:09Z</time></trkpt>
<trkpt lat="45.369104" lon="-75.837936"><ele>27.0</ele><time>2024-07-09T22:37:10Z</time></trkpt>
<trkpt lat="45.369101" lon="-75.837945"><ele>27.0</ele><time>2024-07-09T22:37:11Z</time></trkpt>
<trkpt lat="45.369098" lon="-75.837945"><ele>27.0</ele><time>2024-07-09T22:37:12Z</time></trkpt>
<trkpt lat="45.369095" lon="-75.837945"><ele>27.0</ele><time>2024-07-09T22:37:13Z</time></trkpt>
<trkpt lat="45.369092" lon="-75.837954"><ele>27.0</ele><time>2024-07-09T22:37:14Z</time></trkpt>
<trkpt lat="45.369085" lon="-75.837954"><ele>27.0</ele><time>2024-07-09T22:37:15Z</time></trkpt>
<trkpt lat="45.369082" lon="-75.837963"><ele>27.0</ele><time>2024-07-09T22:37:16Z</time></trkpt>
<trkpt lat="45.369079" lon="-75.837963"><ele>27.0</ele><time>2024-07-09T22:37:17Z</time></trkpt>
<trkpt lat="45.369073" lon="-75.837963"><ele>27.0</ele><time>2024-07-09T22:37:18Z</time></trkpt>
<trkpt lat="45.369069" lon="-75.837972"><ele>27.0</ele><time>2024-07-09T22:37:19Z</time></trkpt>
<trkpt lat="45.369066" lon="-75.837981"><ele>27.0</ele><time>2024-07-09T22:37:20Z</time></trkpt>
<trkpt lat="45.369063" lon="-75.837981"><ele>27.0</ele><time>2024-07-09T22:37:21Z</time></trkpt>
<trkpt lat="45.369057" lon="-75.83799"><ele>27.0</ele><time>2024-07-09T22:37:22Z</time></trkpt>
<trkpt lat="45.369054" lon="-75.83799"><ele>27.0</ele><time>2024-07-09T22:37:23Z</time></trkpt>
<trkpt lat="45.36905" lon="-75.83799"><ele>27.0</ele><time>2024-07-09T22:37:24Z</time></trkpt>
<trkpt lat="45.369047" lon="-75.837999"><ele>27.0</ele><time>2024-07-09T22:37:25Z</time></trkpt>
<trkpt lat="45.369041" lon="-75.838008"><ele>27.0</ele><time>2024-07-09T22:37:26Z</time></trkpt>
<trkpt lat="45.369038" lon="-75.838008"><ele>27.0</ele><time>2024-07-09T22:37:27Z</time></trkpt>
<trkpt lat="45.369031" lon="-75.838017"><ele>27.0</ele><time>2024-07-09T22:37:28Z</time></trkpt>
<trkpt lat="45.369028" lon="-75.838017"><ele>27.0</ele><time>2024-07-09T22:37:29Z</time></trkpt>
<trkpt lat="45.369022" lon="-75.838026"><ele>27.0</ele><time>2024-07-09T22:37:30Z</time></trkpt>
<trkpt lat="45.369019" lon="-75.838035"><ele>27.0</ele><time>2024-07-09T22:37:31Z</time></trkpt>
<trkpt lat="45.369016" lon="-75.838035"><ele>27.0</ele><time>2024-07-09T22:37:32Z</time></trkpt>
<trkpt lat="45.369012" lon="-75.838044"><ele>27.0</ele><time>2024-07-09T22:37:33Z</time></trkpt>
<trkpt lat="45.369009" lon="-75.838044"><ele>27.0</ele><time>2024-07-09T22:37:34Z</time></trkpt>
<trkpt lat="45.369006" lon="-75.838053"><ele>27.0</ele><time>2024-07-09T22:37:35Z</time></trkpt>
<trkpt lat="45.369" lon="-75.838062"><ele>27.0</ele><time>2024-07-09T22:37:36Z</time></trkpt>
<trkpt lat="45.368997" lon="-75.838062"><ele>27.0</ele><time>2024-07-09T22:37:37Z</time></trkpt>
<trkpt lat="45.36899" lon="-75.838071"><ele>27.0</ele><time>2024-07-09T22:37:38Z</time></trkpt>
<trkpt lat="45.368987" lon="-75.838071"><ele>27.0</ele><time>2024-07-09T22:37:39Z</time></trkpt>
<trkpt lat="45.368987" lon="-75.83808"><ele>27.0</ele><time>2024-07-09T22:37:40Z</time></trkpt>
<trkpt lat="45.368984" lon="-75.83808"><ele>27.0</ele><time>2024-07-09T22:37:41Z</time></trkpt>
<trkpt lat="45.368981" lon="-75.838089"><ele>27.0</ele><time>2024-07-09T22:37:42Z</time></trkpt>
<trkpt lat="45.368978" lon="-75.838089"><ele>27.0</ele><time>2024-07-09T22:37:43Z</time></trkpt>
<trkpt lat="45.368974" lon="-75.838098"><ele>27.0</ele><time>2024-07-09T22:37:44Z</time></trkpt>
<trkpt lat="45.368974" lon="-75.838098"><ele>27.0</ele><time>2024-07-09T22:37:45Z</time></trkpt>
<trkpt lat="45.368971" lon="-75.838098"><ele>27.0</ele><time>2024-07-09T22:37:46Z</time></trkpt>
<trkpt lat="45.368968" lon="-75.838107"><ele>27.0</ele><time>2024-07-09T22:37:47Z</time></trkpt>
<trkpt lat="45.368962" lon="-75.838107"><ele>27.0</ele><time>2024-07-09T22:37:48Z</time></trkpt>
<trkpt lat="45.368959" lon="-75.838107"><ele>27.0</ele><time>2024-07-09T22:37:49Z</time></trkpt>
<trkpt lat="45.368955" lon="-75.838116"><ele>27.0</ele><time>2024-07-09T22:37:50Z</time></trkpt>
<trkpt lat="45.368955" lon="-75.838116"><ele>27.0</ele><time>2024-07-09T22:37:51Z</time></trkpt>
<trkpt lat="45.368952" lon="-75.838124"><ele>27.0</ele><time>2024-07-09T22:37:52Z</time></trkpt>
<trkpt lat="45.368952" lon="-75.838124"><ele>27.0</ele><time>2024-07-09T22:37:53Z</time></trkpt>
<trkpt lat="45.368949" lon="-75.838133"><ele>27.0</ele><time>2024-07-09T22:37:54Z</time></trkpt>
<trkpt lat="45.368949" lon="-75.838133"><ele>27.0</ele><time>2024-07-09T22:37:55Z</time></trkpt>
<trkpt lat="45.368946" lon="-75.838133"><ele>27.0</ele><time>2024-07-09T22:37:56Z</time></trkpt>
<trkpt lat="45.368943" lon="-75.838142"><ele>27.0</ele><time>2024-07-09T22:37:57Z</time></trkpt>
<trkpt lat="45.368943" lon="-75.838142"><ele>27.0</ele><time>2024-07-09T22:37:58Z</time></trkpt>
<trkpt lat="45.36894" lon="-75.838142"><ele>27.0</ele><time>2024-07-09T22:37:59Z</time></trkpt>
<trkpt lat="45.368936" lon="-75.838151"><ele>27.0</ele><time>2024-07-09T22:38:00Z</time></trkpt>
<trkpt lat="45.368933" lon="-75.838151"><ele>27.0</ele><time>2024-07-09T22:38:01Z</time></trkpt>
<trkpt lat="45.36893" lon="-75.838151"><ele>27.0</ele><time>2024-07-09T22:38:02Z</time></trkpt>
<trkpt lat="45.368927" lon="-75.838151"><ele>27.0</ele><time>2024-07-09T22:38:03Z</time></trkpt>
<trkpt lat="45.368924" lon="-75.83816"><ele>27.0</ele><time>2024-07-09T22:38:04Z</time></trkpt>
<trkpt lat="45.368921" lon="-75.83816"><ele>27.0</ele><time>2024-07-09T22:38:05Z</time></trkpt>
<trkpt lat="45.368921" lon="-75.83816"><ele>27.0</ele><time>2024-07-09T22:38:06Z</time></trkpt>
<trkpt lat="45.368917" lon="-75.838169"><ele>27.0</ele><time>2024-07-09T22:38:07Z</time></trkpt>
<trkpt lat="45.368914" lon="-75.838169"><ele>27.0</ele><time>2024-07-09T22:38:08Z</time></trkpt>
<trkpt lat="45.368911" lon="-75.838169"><ele>27.0</ele><time>2024-07-09T22:38:09Z</time></trkpt>
<trkpt lat="45.368908" lon="-75.838169"><ele>27.0</ele><time>2024-07-09T22:38:10Z</time></trkpt>
<trkpt lat="45.368905" lon="-75.838178"><ele>27.0</ele><time>2024-07-09T22:38:11Z</time></trkpt>
<trkpt lat="45.368902" lon="-75.838178"><ele>27.0</ele><time>2024-07-09T22:38:12Z</time></trkpt>
<trkpt lat="45.368895" lon="-75.838178"><ele>27.0</ele><time>2024-07-09T22:38:13Z</time></trkpt>
<trkpt lat="45.368895" lon="-75.838187"><ele>27.0</ele><time>2024-07-09T22:38:14Z</time></trkpt>
<trkpt lat="45.368892" lon="-75.838187"><ele>27.0</ele><time>2024-07-09T22:38:15Z</time></trkpt>
<trkpt lat="45.368889" lon="-75.838187"><ele>27.0</ele><time>2024-07-09T22:38:16Z</time></trkpt>
<trkpt lat="45.368886" lon="-75.838196"><ele>27.0</ele><time>2024-07-09T22:38:17Z</time></trkpt>
<trkpt lat="45.368883" lon="-75.838196"><ele>27.0</ele><time>2024-07-09T22:38:18Z</time></trkpt>
<trkpt lat="45.368879" lon="-75.838196"><ele>27.0</ele><time>2024-07-09T22:38:19Z</time></trkpt>
<trkpt lat="45.368876" lon="-75.838205"><ele>27.0</ele><time>2024-07-09T22:38:20Z</time></trkpt>
<trkpt lat="45.368873" lon="-75.838205"><ele>27.0</ele><time>2024-07-09T22:38:21Z</time></trkpt>
<trkpt lat="45.36887" lon="-75.838205"><ele>27.0</ele><time>2024-07-09T22:38:22Z</time></trkpt>
<trkpt lat="45.368867" lon="-75.838214"><ele>26.0</ele><time>2024-07-09T22:38:23Z</time></trkpt>
<trkpt lat="45.368867" lon="-75.838214"><ele>26.0</ele><time>2024-07-09T22:38:24Z</time></trkpt>
<trkpt lat="45.368864" lon="-75.838214"><ele>26.0</ele><time>2024-07-09T22:38:25Z</time></trkpt>
<trkpt lat="45.36886" lon="-75.838214"><ele>26.0</ele><time>2024-07-09T22:38:26Z</time></trkpt>
<trkpt lat="45.368857" lon="-75.838223"><ele>26.0</ele><time>2024-07-09T22:38:27Z</time></trkpt>
<trkpt lat="45.368854" lon="-75.838223"><ele>26.0</ele><time>2024-07-09T22:38:28Z</time></trkpt>
<trkpt lat="45.368851" lon="-75.838223"><ele>26.0</ele><time>2024-07-09T22:38:29Z</time></trkpt>
<trkpt lat="45.368848" lon="-75.838223"><ele>26.0</ele><time>2024-07-09T22:38:30Z</time></trkpt>
<trkpt lat="45.368848" lon="-75.838223"><ele>26.0</ele><time>2024-07-09T22:38:31Z</time></trkpt>
<trkpt lat="45.368845" lon="-75.838232"><ele>26.0</ele><time>2024-07-09T22:38:32Z</time></trkpt>
<trkpt lat="45.368841" lon="-75.838232"><ele>26.0</ele><time>2024-07-09T22:38:33Z</time></trkpt>
<trkpt lat="45.368838" lon="-75.838232"><ele>26.0</ele><time>2024-07-09T22:38:34Z</time></trkpt>
<trkpt lat="45.368835" lon="-75.838232"><ele>26.0</ele><time>2024-07-09T22:38:35Z</time></trkpt>
<trkpt lat="45.368835" lon="-75.838241"><ele>26.0</ele><time>2024-07-09T22:38:36Z</time></trkpt>
<trkpt lat="45.368835" lon="-75.838241"><ele>26.0</ele><time>2024-07-09T22:38:37Z</time></trkpt>
<trkpt lat="45.368832" lon="-75.838241"><ele>26.0</ele><time>2024-07-09T22:38:38Z</time></trkpt>
<trkpt lat="45.368832" lon="-75.838241"><ele>26.0</ele><time>2024-07-09T22:38:39Z</time></trkpt>
<trkpt lat="45.368829" lon="-75.83825"><ele>26.0</ele><time>2024-07-09T22:38:40Z</time></trkpt>
<trkpt lat="45.368829" lon="-75.83825"><ele>26.0</ele><time>2024-07-09T22:38:41Z</time></trkpt>
<trkpt lat="45.368829" lon="-75.83825"><ele>26.0</ele><time>2024-07-09T22:38:42Z</time></trkpt>
<trkpt lat="45.368829" lon="-75.83825"><ele>26.0</ele><time>2024-07-09T22:38:43Z</time></trkpt>
<trkpt lat="45.368826" lon="-75.83825"><ele>26.0</ele><time>2024-07-09T22:38:44Z</time></trkpt>
<trkpt lat="45.368822" lon="-75.83825"><ele>26.0</ele><time>2024-07-09T22:38:45Z</time></trkpt>
<trkpt lat="45.368822" lon="-75.838259"><ele>26.0</ele><time>2024-07-09T22:38:46Z</time></trkpt>
<trkpt lat="45.368819" lon="-75.838259"><ele>26.0</ele><time>2024-07-09T22:38:47Z</time></trkpt>
<trkpt lat="45.368816" lon="-75.838259"><ele>26.0</ele><time>2024-07-09T22:38:48Z</time></trkpt>
<trkpt lat="45.368813" lon="-75.838259"><ele>26.0</ele><time>2024-07-09T22:38:49Z</time></trkpt>
<trkpt lat="45.36881" lon="-75.838268"><ele>26.0</ele><time>2024-07-09T22:38:50Z</time></trkpt>
<trkpt lat="45.368807" lon="-75.838268"><ele>26.0</ele><time>2024-07-09T22:38:51Z</time></trkpt>
<trkpt lat="45.368803" lon="-75.838268"><ele>26.0</ele><time>2024-07-09T22:38:52Z</time></trkpt>
<trkpt lat="45.3688" lon="-75.838268"><ele>26.0</ele><time>2024-07-09T22:38:53Z</time></trkpt>
<trkpt lat="45.368797" lon="-75.838268"><ele>26.0</ele><time>2024-07-09T22:38:54Z</time></trkpt>
<trkpt lat="45.368797" lon="-75.838277"><ele>26.0</ele><time>2024-07-09T22:38:55Z</time></trkpt>
<trkpt lat="45.368794" lon="-75.838277"><ele>26.0</ele><time>2024-07-09T22:38:56Z</time></trkpt>
<trkpt lat="45.368791" lon="-75.838277"><ele>26.0</ele><time>2024-07-09T22:38:57Z</time></trkpt>
<trkpt lat="45.368788" lon="-75.838277"><ele>26.0</ele><time>2024-07-09T22:38:58Z</time></trkpt>
<trkpt lat="45.368788" lon="-75.838277"><ele>26.0</ele><time>2024-07-09T22:38:59Z</time></trkpt>
<trkpt lat="45.368784" lon="-75.838286"><ele>26.0</ele><time>2024-07-09T22:39:00Z</time></trkpt>
<trkpt lat="45.368781" lon="-75.838286"><ele>27.0</ele><time>2024-07-09T22:39:01Z</time></trkpt>
<trkpt lat="45.368781" lon="-75.838286"><ele>27.0</ele><time>2024-07-09T22:39:02Z</time></trkpt>
<trkpt lat="45.368778" lon="-75.838286"><ele>27.0</ele><time>2024-07-09T22:39:03Z</time></trkpt>
<trkpt lat="45.368778" lon="-75.838286"><ele>27.0</ele><time>2024-07-09T22:39:04Z</time></trkpt>
<trkpt lat="45.368775" lon="-75.838295"><ele>27.0</ele><time>2024-07-09T22:39:05Z</time></trkpt>
<trkpt lat="45.368775" lon="-75.838295"><ele>27.0</ele><time>2024-07-09T22:39:06Z</time></trkpt>
<trkpt lat="45.368772" lon="-75.838295"><ele>27.0</ele><time>2024-07-09T22:39:07Z</time></trkpt>
<trkpt lat="45.368772" lon="-75.838295"><ele>27.0</ele><time>2024-07-09T22:39:08Z</time></trkpt>
<trkpt lat="45.368769" lon="-75.838295"><ele>26.0</ele><time>2024-07-09T22:39:09Z</time></trkpt>
<trkpt lat="45.368765" lon="-75.838295"><ele>27.0</ele><time>2024-07-09T22:39:10Z</time></trkpt>
<trkpt lat="45.368765" lon="-75.838295"><ele>26.0</ele><time>2024-07-09T22:39:11Z</time></trkpt>
<trkpt lat="45.368762" lon="-75.838304"><ele>27.0</ele><time>2024-07-09T22:39:12Z</time></trkpt>
<trkpt lat="45.368759" lon="-75.838304"><ele>27.0</ele><time>2024-07-09T22:39:13Z</time></trkpt>
<trkpt lat="45.368759" lon="-75.838304"><ele>26.0</ele><time>2024-07-09T22:39:14Z</time></trkpt>
<trkpt lat="45.368756" lon="-75.838304"><ele>26.0</ele><time>2024-07-09T22:39:15Z</time></trkpt>
<trkpt lat="45.368756" lon="-75.838304"><ele>26.0</ele><time>2024-07-09T22:39:16Z</time></trkpt>
<trkpt lat="45.368753" lon="-75.838304"><ele>26.0</ele><time>2024-07-09T22:39:17Z</time></trkpt>
<trkpt lat="45.368753" lon="-75.838304"><ele>26.0</ele><time>2024-07-09T22:39:18Z</time></trkpt>
<trkpt lat="45.368753" lon="-75.838313"><ele>26.0</ele><time>2024-07-09T22:39:19Z</time></trkpt>
<trkpt lat="45.36875" lon="-75.838313"><ele>26.0</ele><time>2024-07-09T22:39:20Z</time></trkpt>
<trkpt lat="45.36875" lon="-75.838313"><ele>26.0</ele><time>2024-07-09T22:39:21Z</time></trkpt>
<trkpt lat="45.368746" lon="-75.838313"><ele>26.0</ele><time>2024-07-09T22:39:22Z</time></trkpt>
<trkpt lat="45.368746" lon="-75.838313"><ele>26.0</ele><time>2024-07-09T22:39:23Z</time></trkpt>
<trkpt lat="45.368746" lon="-75.838313"><ele>26.0</ele><time>2024-07-09T22:39:24Z</time></trkpt>
<trkpt lat="45.368743" lon="-75.838313"><ele>26.0</ele><time>2024-07-09T22:39:25Z</time></trkpt>
<trkpt lat="45.368743" lon="-75.838313"><ele>26.0</ele><time>2024-07-09T22:39:26Z</time></trkpt>
<trkpt lat="45.36874" lon="-75.838313"><ele>26.0</ele><time>2024-07-09T22:39:27Z</time></trkpt>
<trkpt lat="45.36874" lon="-75.838313"><ele>26.0</ele><time>2024-07-09T22:39:28Z</time></trkpt>
<trkpt lat="45.368737" lon="-75.838322"><ele>26.0</ele><time>2024-07-09T22:39:29Z</time></trkpt>
<trkpt lat="45.368737" lon="-75.838322"><ele>26.0</ele><time>2024-07-09T22:39:30Z</time></trkpt>
<trkpt lat="45.368737" lon="-75.838322"><ele>26.0</ele><time>2024-07-09T22:39:31Z</time></trkpt>
<trkpt lat="45.368734" lon="-75.838331"><ele>26.0</ele><time>2024-07-09T22:39:32Z</time></trkpt>
<trkpt lat="45.368734" lon="-75.838331"><ele>26.0</ele><time>2024-07-09T22:39:33Z</time></trkpt>
<trkpt lat="45.368731" lon="-75.838331"><ele>25.0</ele><time>2024-07-09T22:39:34Z</time></trkpt>
<trkpt lat="45.368731" lon="-75.838331"><ele>26.0</ele><time>2024-07-09T22:39:35Z</time></trkpt>
<trkpt lat="45.368727" lon="-75.838331"><ele>25.0</ele><time>2024-07-09T22:39:36Z</time></trkpt>
<trkpt lat="45.368727" lon="-75.83834"><ele>25.0</ele><time>2024-07-09T22:39:37Z</time></trkpt>
<trkpt lat="45.368724" lon="-75.83834"><ele>25.0</ele><time>2024-07-09T22:39:38Z</time></trkpt>
<trkpt lat="45.368724" lon="-75.83834"><ele>26.0</ele><time>2024-07-09T22:39:39Z</time></trkpt>
<trkpt lat="45.368724" lon="-75.838349"><ele>26.0</ele><time>2024-07-09T22:39:40Z</time></trkpt>
<trkpt lat="45.368724" lon="-75.838349"><ele>26.0</ele><time>2024-07-09T22:39:41Z</time></trkpt>
<trkpt lat="45.368724" lon="-75.838349"><ele>26.0</ele><time>2024-07-09T22:39:42Z</time></trkpt>
<trkpt lat="45.368721" lon="-75.838349"><ele>27.0</ele><time>2024-07-09T22:39:43Z</time></trkpt>
<trkpt lat="45.368721" lon="-75.838349"><ele>27.0</ele><time>2024-07-09T22:39:44Z</time></trkpt>
<trkpt lat="45.368724" lon="-75.838349"><ele>26.0</ele><time>2024-07-09T22:39:45Z</time></trkpt>
<trkpt lat="45.368724" lon="-75.838349"><ele>26.0</ele><time>2024-07-09T22:39:46Z</time></trkpt>
<trkpt lat="45.368724" lon="-75.838358"><ele>26.0</ele><time>2024-07-09T22:39:47Z</time></trkpt>
<trkpt lat="45.368724" lon="-75.838367"><ele>26.0</ele><time>2024-07-09T22:39:48Z</time></trkpt>
<trkpt lat="45.368721" lon="-75.838376"><ele>26.0</ele><time>2024-07-09T22:39:49Z</time></trkpt>
<trkpt lat="45.368718" lon="-75.838376"><ele>27.0</ele><time>2024-07-09T22:39:50Z</time></trkpt>
<trkpt lat="45.368715" lon="-75.838376"><ele>27.0</ele><time>2024-07-09T22:39:51Z</time></trkpt>
<trkpt lat="45.368715" lon="-75.838367"><ele>27.0</ele><time>2024-07-09T22:39:52Z</time></trkpt>
<trkpt lat="45.368712" lon="-75.838367"><ele>27.0</ele><time>2024-07-09T22:39:53Z</time></trkpt>
<trkpt lat="45.368712" lon="-75.838367"><ele>27.0</ele><time>2024-07-09T22:39:54Z</time></trkpt>
<trkpt lat="45.368709" lon="-75.838367"><ele>27.0</ele><time>2024-07-09T22:39:55Z</time></trkpt>
<trkpt lat="45.368709" lon="-75.838367"><ele>27.0</ele><time>2024-07-09T22:39:56Z</time></trkpt>
<trkpt lat="45.368709" lon="-75.838367"><ele>27.0</ele><time>2024-07-09T22:39:57Z</time></trkpt>
<trkpt lat="45.368705" lon="-75.838367"><ele>27.0</ele><time>2024-07-09T22:39:58Z</time></trkpt>
<trkpt lat="45.368705" lon="-75.838367"><ele>27.0</ele><time>2024-07-09T22:39:59Z</time></trkpt>
<trkpt lat="45.368702" lon="-75.838367"><ele>27.0</ele><time>2024-07-09T22:40:00Z</time></trkpt>
<trkpt lat="45.368699" lon="-75.838376"><ele>27.0</ele><time>2024-07-09T22:40:01Z</time></trkpt>
<trkpt lat="45.368699" lon="-75.838376"><ele>27.0</ele><time>2024-07-09T22:40:02Z</time></trkpt>
<trkpt lat="45.368696" lon="-75.838376"><ele>27.0</ele><time>2024-07-09T22:40:03Z</time></trkpt>
<trkpt lat="45.368696" lon="-75.838376"><ele>27.0</ele><time>2024-07-09T22:40:04Z</time></trkpt>
<trkpt lat="45.368693" lon="-75.838376"><ele>27.0</ele><time>2024-07-09T22:40:05Z</time></trkpt>
<trkpt lat="45.36869" lon="-75.838376"><ele>27.0</ele><time>2024-07-09T22:40:06Z</time></trkpt>
<trkpt lat="45.36869" lon="-75.838376"><ele>27.0</ele><time>2024-07-09T22:40:07Z</time></trkpt>
<trkpt lat="45.36869" lon="-75.838376"><ele>27.0</ele><time>2024-07-09T22:40:08Z</time></trkpt>
<trkpt lat="45.36869" lon="-75.838376"><ele>27.0</ele><time>2024-07-09T22:40:09Z</time></trkpt>
<trkpt lat="45.368686" lon="-75.838376"><ele>27.0</ele><time>2024-07-09T22:40:10Z</time></trkpt>
<trkpt lat="45.368686" lon="-75.838376"><ele>27.0</ele><time>2024-07-09T22:40:11Z</time></trkpt>
<trkpt lat="45.368683" lon="-75.838376"><ele>27.0</ele><time>2024-07-09T22:40:12Z</time></trkpt>
<trkpt lat="45.368683" lon="-75.838376"><ele>28.0</ele><time>2024-07-09T22:40:13Z</time></trkpt>
<trkpt lat="45.36868" lon="-75.838376"><ele>28.0</ele><time>2024-07-09T22:40:14Z</time></trkpt>
<trkpt lat="45.36868" lon="-75.838376"><ele>28.0</ele><time>2024-07-09T22:40:15Z</time></trkpt>
<trkpt lat="45.368683" lon="-75.838385"><ele>28.0</ele><time>2024-07-09T22:40:16Z</time></trkpt>
<trkpt lat="45.368683" lon="-75.838385"><ele>28.0</ele><time>2024-07-09T22:40:17Z</time></trkpt>
<trkpt lat="45.36868" lon="-75.838385"><ele>28.0</ele><time>2024-07-09T22:40:18Z</time></trkpt>
<trkpt lat="45.368677" lon="-75.838385"><ele>27.0</ele><time>2024-07-09T22:40:19Z</time></trkpt>
<trkpt lat="45.368677" lon="-75.838394"><ele>27.0</ele><time>2024-07-09T22:40:20Z</time></trkpt>
<trkpt lat="45.368677" lon="-75.838394"><ele>27.0</ele><time>2024-07-09T22:40:21Z</time></trkpt>
<trkpt lat="45.368677" lon="-75.838394"><ele>27.0</ele><time>2024-07-09T22:40:22Z</time></trkpt>
<trkpt lat="45.368677" lon="-75.838394"><ele>27.0</ele><time>2024-07-09T22:40:23Z</time></trkpt>
<trkpt lat="45.368674" lon="-75.838394"><ele>28.0</ele><time>2024-07-09T22:40:24Z</time></trkpt>
<trkpt lat="45.368674" lon="-75.838394"><ele>28.0</ele><time>2024-07-09T22:40:25Z</time></trkpt>
<trkpt lat="45.368674" lon="-75.838394"><ele>28.0</ele><time>2024-07-09T22:40:26Z</time></trkpt>
<trkpt lat="45.368671" lon="-75.838394"><ele>28.0</ele><time>2024-07-09T22:40:27Z</time></trkpt>
<trkpt lat="45.368671" lon="-75.838394"><ele>28.0</ele><time>2024-07-09T22:40:28Z</time></trkpt>
<trkpt lat="45.368671" lon="-75.838394"><ele>28.0</ele><time>2024-07-09T22:40:29Z</time></trkpt>
<trkpt lat="45.368667" lon="-75.838394"><ele>28.0</ele><time>2024-07-09T22:40:30Z</time></trkpt>
<trkpt lat="45.368667" lon="-75.838403"><ele>28.0</ele><time>2024-07-09T22:40:31Z</time></trkpt>
<trkpt lat="45.368667" lon="-75.838403"><ele>28.0</ele><time>2024-07-09T22:40:32Z</time></trkpt>
<trkpt lat="45.368664" lon="-75.838403"><ele>28.0</ele><time>2024-07-09T22:40:33Z</time></trkpt>
<trkpt lat="45.368664" lon="-75.838403"><ele>28.0</ele><time>2024-07-09T22:40:34Z</time></trkpt>
<trkpt lat="45.368661" lon="-75.838403"><ele>28.0</ele><time>2024-07-09T22:40:35Z</time></trkpt>
<trkpt lat="45.368661" lon="-75.838403"><ele>28.0</ele><time>2024-07-09T22:40:36Z</time></trkpt>
<trkpt lat="45.368661" lon="-75.838403"><ele>28.0</ele><time>2024-07-09T22:40:37Z</time></trkpt>
<trkpt lat="45.368661" lon="-75.838403"><ele>28.0</ele><time>2024-07-09T22:40:38Z</time></trkpt>
<trkpt lat="45.368661" lon="-75.838403"><ele>28.0</ele><time>2024-07-09T22:40:39Z</time></trkpt>
<trkpt lat="45.368658" lon="-75.838403"><ele>28.0</ele><time>2024-07-09T22:40:40Z</time></trkpt>
<trkpt lat="45.368658" lon="-75.838403"><ele>28.0</ele><time>2024-07-09T22:40:41Z</time></trkpt>
<trkpt lat="45.368658" lon="-75.838403"><ele>28.0</ele><time>2024-07-09T22:40:42Z</time></trkpt>
<trkpt lat="45.368658" lon="-75.838403"><ele>28.0</ele><time>2024-07-09T22:40:43Z</time></trkpt>
<trkpt lat="45.368655" lon="-75.838403"><ele>28.0</ele><time>2024-07-09T22:40:44Z</time></trkpt>
<trkpt lat="45.368655" lon="-75.838403"><ele>28.0</ele><time>2024-07-09T22:40:45Z</time></trkpt>
<trkpt lat="45.368652" lon="-75.838403"><ele>28.0</ele><time>2024-07-09T22:40:46Z</time></trkpt>
<trkpt lat="45.368652" lon="-75.838403"><ele>28.0</ele><time>2024-07-09T22:40:47Z</time></trkpt>
<trkpt lat="45.368652" lon="-75.838403"><ele>28.0</ele><time>2024-07-09T22:40:48Z</time></trkpt>
<trkpt lat="45.368648" lon="-75.838403"><ele>28.0</ele><time>2024-07-09T22:40:49Z</time></trkpt>
<trkpt lat="45.368648" lon="-75.838403"><ele>28.0</ele><time>2024-07-09T22:40:50Z</time></trkpt>
<trkpt lat="45.368648" lon="-75.838403"><ele>28.0</ele><time>2024-07-09T22:40:51Z</time></trkpt>
<trkpt lat="45.368645" lon="-75.838403"><ele>28.0</ele><time>2024-07-09T22:40:52Z</time></trkpt>
<trkpt lat="45.368645" lon="-75.838412"><ele>28.0</ele><time>2024-07-09T22:40:53Z</time></trkpt>
<trkpt lat="45.368645" lon="-75.838412"><ele>28.0</ele><time>2024-07-09T22:40:54Z</time></trkpt>
<trkpt lat="45.368645" lon="-75.838412"><ele>28.0</ele><time>2024-07-09T22:40:55Z</time></trkpt>
<trkpt lat="45.368645" lon="-75.838412"><ele>28.0</ele><time>2024-07-09T22:40:56Z</time></trkpt>
<trkpt lat="45.368645" lon="-75.838412"><ele>28.0</ele><time>2024-07-09T22:40:57Z</time></trkpt>
<trkpt lat="45.368645" lon="-75.838412"><ele>28.0</ele><time>2024-07-09T22:40:58Z</time></trkpt>
<trkpt lat="45.368645" lon="-75.838412"><ele>28.0</ele><time>2024-07-09T22:40:59Z</time></trkpt>
<trkpt lat="45.368645" lon="-75.838412"><ele>28.0</ele><time>2024-07-09T22:41:00Z</time></trkpt>
<trkpt lat="45.368645" lon="-75.838412"><ele>28.0</ele><time>2024-07-09T22:41:01Z</time></trkpt>
<trkpt lat="45.368645" lon="-75.838412"><ele>28.0</ele><time>2024-07-09T22:41:02Z</time></trkpt>
<trkpt lat="45.368645" lon="-75.838412"><ele>28.0</ele><time>2024-07-09T22:41:03Z</time></trkpt>
<trkpt lat="45.368645" lon="-75.838412"><ele>28.0</ele><time>2024-07-09T22:41:04Z</time></trkpt>
<trkpt lat="45.368645" lon="-75.838412"><ele>28.0</ele><time>2024-07-09T22:41:05Z</time></trkpt>
<trkpt lat="45.368645" lon="-75.838412"><ele>28.0</ele><time>2024-07-09T22:41:06Z</time></trkpt>
<trkpt lat="45.368642" lon="-75.838412"><ele>28.0</ele><time>2024-07-09T22:41:07Z</time></trkpt>
<trkpt lat="45.368642" lon="-75.838412"><ele>28.0</ele><time>2024-07-09T22:41:08Z</time></trkpt>
<trkpt lat="45.368642" lon="-75.838412"><ele>28.0</ele><time>2024-07-09T22:41:09Z</time></trkpt>
<trkpt lat="45.368642" lon="-75.838412"><ele>28.0</ele><time>2024-07-09T22:41:10Z</time></trkpt>
<trkpt lat="45.368642" lon="-75.838412"><ele>28.0</ele><time>2024-07-09T22:41:11Z</time></trkpt>
<trkpt lat="45.368642" lon="-75.838412"><ele>28.0</ele><time>2024-07-09T22:41:12Z</time></trkpt>
<trkpt lat="45.368642" lon="-75.838412"><ele>28.0</ele><time>2024-07-09T22:41:13Z</time></trkpt>
<trkpt lat="45.368642" lon="-75.838412"><ele>28.0</ele><time>2024-07-09T22:41:14Z</time></trkpt>
<trkpt lat="45.368642" lon="-75.838412"><ele>28.0</ele><time>2024-07-09T22:41:15Z</time></trkpt>
<trkpt lat="45.368642" lon="-75.838412"><ele>28.0</ele><time>2024-07-09T22:41:16Z</time></trkpt>
<trkpt lat="45.368642" lon="-75.838412"><ele>28.0</ele><time>2024-07-09T22:41:17Z</time></trkpt>
<trkpt lat="45.368642" lon="-75.838412"><ele>28.0</ele><time>2024-07-09T22:41:18Z</time></trkpt>
<trkpt lat="45.368642" lon="-75.838412"><ele>28.0</ele><time>2024-07-09T22:41:19Z</time></trkpt>
<trkpt lat="45.368642" lon="-75.838412"><ele>28.0</ele><time>2024-07-09T22:41:20Z</time></trkpt>
<trkpt lat="45.368642" lon="-75.838412"><ele>28.0</ele><time>2024-07-09T22:41:21Z</time></trkpt>
<trkpt lat="45.368642" lon="-75.838412"><ele>28.0</ele><time>2024-07-09T22:41:22Z</time></trkpt>
<trkpt lat="45.368642" lon="-75.838412"><ele>28.0</ele><time>2024-07-09T22:41:23Z</time></trkpt>
<trkpt lat="45.368642" lon="-75.838412"><ele>28.0</ele><time>2024-07-09T22:41:24Z</time></trkpt>
<trkpt lat="45.368642" lon="-75.838412"><ele>28.0</ele><time>2024-07-09T22:41:25Z</time></trkpt>
<trkpt lat="45.368642" lon="-75.838412"><ele>28.0</ele><time>2024-07-09T22:41:26Z</time></trkpt>
<trkpt lat="45.368642" lon="-75.838412"><ele>28.0</ele><time>2024-07-09T22:41:27Z</time></trkpt>
<trkpt lat="45.368642" lon="-75.838412"><ele>28.0</ele><time>2024-07-09T22:41:28Z</time></trkpt>
<trkpt lat="45.368642" lon="-75.838412"><ele>28.0</ele><time>2024-07-09T22:41:29Z</time></trkpt>
<trkpt lat="45.368642" lon="-75.838412"><ele>28.0</ele><time>2024-07-09T22:41:30Z</time></trkpt>
<trkpt lat="45.368642" lon="-75.838412"><ele>28.0</ele><time>2024-07-09T22:41:31Z</time></trkpt>
<trkpt lat="45.368642" lon="-75.838412"><ele>28.0</ele><time>2024-07-09T22:41:32Z</time></trkpt>
<trkpt lat="45.368642" lon="-75.838412"><ele>28.0</ele><time>2024-07-09T22:41:33Z</time></trkpt>
<trkpt lat="45.368642" lon="-75.838412"><ele>28.0</ele><time>2024-07-09T22:41:34Z</time></trkpt>
<trkpt lat="45.368642" lon="-75.838412"><ele>28.0</ele><time>2024-07-09T22:41:35Z</time></trkpt>
<trkpt lat="45.368642" lon="-75.838412"><ele>28.0</ele><time>2024-07-09T22:41:36Z</time></trkpt>
<trkpt lat="45.368639" lon="-75.838412"><ele>28.0</ele><time>2024-07-09T22:41:37Z</time></trkpt>
<trkpt lat="45.368639" lon="-75.838412"><ele>28.0</ele><time>2024-07-09T22:41:38Z</time></trkpt>
<trkpt lat="45.368639" lon="-75.838412"><ele>28.0</ele><time>2024-07-09T22:41:39Z</time></trkpt>
<trkpt lat="45.368639" lon="-75.838412"><ele>28.0</ele><time>2024-07-09T22:41:40Z</time></trkpt>
<trkpt lat="45.368639" lon="-75.838412"><ele>28.0</ele><time>2024-07-09T22:41:41Z</time></trkpt>
<trkpt lat="45.368639" lon="-75.838412"><ele>28.0</ele><time>2024-07-09T22:41:42Z</time></trkpt>
<trkpt lat="45.368639" lon="-75.838412"><ele>28.0</ele><time>2024-07-09T22:41:43Z</time></trkpt>
<trkpt lat="45.368639" lon="-75.838412"><ele>28.0</ele><time>2024-07-09T22:41:44Z</time></trkpt>
<trkpt lat="45.368636" lon="-75.838412"><ele>28.0</ele><time>2024-07-09T22:41:45Z</time></trkpt>
<trkpt lat="45.368636" lon="-75.838403"><ele>28.0</ele><time>2024-07-09T22:41:46Z</time></trkpt>
<trkpt lat="45.368636" lon="-75.838403"><ele>28.0</ele><time>2024-07-09T22:41:47Z</time></trkpt>
<trkpt lat="45.368636" lon="-75.838403"><ele>28.0</ele><time>2024-07-09T22:41:48Z</time></trkpt>
<trkpt lat="45.368636" lon="-75.838403"><ele>28.0</ele><time>2024-07-09T22:41:49Z</time></trkpt>
<trkpt lat="45.368636" lon="-75.838403"><ele>28.0</ele><time>2024-07-09T22:41:50Z</time></trkpt>
<trkpt lat="45.368636" lon="-75.838403"><ele>28.0</ele><time>2024-07-09T22:41:51Z</time></trkpt>
<trkpt lat="45.368636" lon="-75.838403"><ele>28.0</ele><time>2024-07-09T22:41:52Z</time></trkpt>
<trkpt lat="45.368636" lon="-75.838403"><ele>28.0</ele><time>2024-07-09T22:41:53Z</time></trkpt>
<trkpt lat="45.368636" lon="-75.838403"><ele>28.0</ele><time>2024-07-09T22:41:54Z</time></trkpt>
<trkpt lat="45.368636" lon="-75.838394"><ele>28.0</ele><time>2024-07-09T22:41:55Z</time></trkpt>
<trkpt lat="45.368636" lon="-75.838394"><ele>28.0</ele><time>2024-07-09T22:41:56Z</time></trkpt>
<trkpt lat="45.368636" lon="-75.838394"><ele>28.0</ele><time>2024-07-09T22:41:57Z</time></trkpt>
<trkpt lat="45.368636" lon="-75.838394"><ele>28.0</ele><time>2024-07-09T22:41:58Z</time></trkpt>
<trkpt lat="45.368636" lon="-75.838394"><ele>28.0</ele><time>2024-07-09T22:41:59Z</time></trkpt>
<trkpt lat="45.368636" lon="-75.838394"><ele>28.0</ele><time>2024-07-09T22:42:00Z</time></trkpt>
<trkpt lat="45.368636" lon="-75.838385"><ele>28.0</ele><time>2024-07-09T22:42:01Z</time></trkpt>
<trkpt lat="45.368639" lon="-75.838385"><ele>28.0</ele><time>2024-07-09T22:42:02Z</time></trkpt>
<trkpt lat="45.368639" lon="-75.838385"><ele>28.0</ele><time>2024-07-09T22:42:03Z</time></trkpt>
<trkpt lat="45.368639" lon="-75.838385"><ele>28.0</ele><time>2024-07-09T22:42:04Z</time></trkpt>
<trkpt lat="45.368639" lon="-75.838385"><ele>28.0</ele><time>2024-07-09T22:42:05Z</time></trkpt>
<trkpt lat="45.368639" lon="-75.838385"><ele>28.0</ele><time>2024-07-09T22:42:06Z</time></trkpt>
<trkpt lat="45.368639" lon="-75.838385"><ele>28.0</ele><time>2024-07-09T22:42:07Z</time></trkpt>
<trkpt lat="45.368639" lon="-75.838385"><ele>28.0</ele><time>2024-07-09T22:42:08Z</time></trkpt>
<trkpt lat="45.368639" lon="-75.838376"><ele>28.0</ele><time>2024-07-09T22:42:09Z</time></trkpt>
<trkpt lat="45.368642" lon="-75.838376"><ele>28.0</ele><time>2024-07-09T22:42:10Z</time></trkpt>
<trkpt lat="45.368642" lon="-75.838376"><ele>28.0</ele><time>2024-07-09T22:42:11Z</time></trkpt>
<trkpt lat="45.368645" lon="-75.838367"><ele>28.0</ele><time>2024-07-09T22:42:12Z</time></trkpt>
<trkpt lat="45.368645" lon="-75.838367"><ele>28.0</ele><time>2024-07-09T22:42:13Z</time></trkpt>
<trkpt lat="45.368648" lon="-75.838367"><ele>28.0</ele><time>2024-07-09T22:42:14Z</time></trkpt>
<trkpt lat="45.368648" lon="-75.838358"><ele>28.0</ele><time>2024-07-09T22:42:15Z</time></trkpt>
<trkpt lat="45.368648" lon="-75.838358"><ele>28.0</ele><time>2024-07-09T22:42:16Z</time></trkpt>
<trkpt lat="45.368648" lon="-75.838358"><ele>28.0</ele><time>2024-07-09T22:42:17Z</time></trkpt>
<trkpt lat="45.368648" lon="-75.838358"><ele>28.0</ele><time>2024-07-09T22:42:18Z</time></trkpt>
<trkpt lat="45.368648" lon="-75.838358"><ele>28.0</ele><time>2024-07-09T22:42:19Z</time></trkpt>
<trkpt lat="45.368648" lon="-75.838358"><ele>28.0</ele><time>2024-07-09T22:42:20Z</time></trkpt>
<trkpt lat="45.368645" lon="-75.838358"><ele>27.0</ele><time>2024-07-09T22:42:21Z</time></trkpt>
<trkpt lat="45.368645" lon="-75.838358"><ele>27.0</ele><time>2024-07-09T22:42:22Z</time></trkpt>
<trkpt lat="45.368645" lon="-75.838349"><ele>27.0</ele><time>2024-07-09T22:42:23Z</time></trkpt>
<trkpt lat="45.368645" lon="-75.838349"><ele>27.0</ele><time>2024-07-09T22:42:24Z</time></trkpt>
<trkpt lat="45.368648" lon="-75.838349"><ele>27.0</ele><time>2024-07-09T22:42:25Z</time></trkpt>
<trkpt lat="45.368648" lon="-75.83834"><ele>27.0</ele><time>2024-07-09T22:42:26Z</time></trkpt>
<trkpt lat="45.368648" lon="-75.83834"><ele>27.0</ele><time>2024-07-09T22:42:27Z</time></trkpt>
<trkpt lat="45.368652" lon="-75.83834"><ele>27.0</ele><time>2024-07-09T22:42:28Z</time></trkpt>
<trkpt lat="45.368652" lon="-75.838331"><ele>27.0</ele><time>2024-07-09T22:42:29Z</time></trkpt>
<trkpt lat="45.368652" lon="-75.838331"><ele>27.0</ele><time>2024-07-09T22:42:30Z</time></trkpt>
<trkpt lat="45.368655" lon="-75.838331"><ele>27.0</ele><time>2024-07-09T22:42:31Z</time></trkpt>
<trkpt lat="45.368655" lon="-75.838322"><ele>27.0</ele><time>2024-07-09T22:42:32Z</time></trkpt>
<trkpt lat="45.368655" lon="-75.838322"><ele>27.0</ele><time>2024-07-09T22:42:33Z</time></trkpt>
<trkpt lat="45.368655" lon="-75.838322"><ele>27.0</ele><time>2024-07-09T22:42:34Z</time></trkpt>
<trkpt lat="45.368658" lon="-75.838322"><ele>26.0</ele><time>2024-07-09T22:42:35Z</time></trkpt>
<trkpt lat="45.368658" lon="-75.838313"><ele>26.0</ele><time>2024-07-09T22:42:36Z</time></trkpt>
<trkpt lat="45.368661" lon="-75.838313"><ele>26.0</ele><time>2024-07-09T22:42:37Z</time></trkpt>
<trkpt lat="45.368661" lon="-75.838313"><ele>27.0</ele><time>2024-07-09T22:42:38Z</time></trkpt>
<trkpt lat="45.368661" lon="-75.838313"><ele>27.0</ele><time>2024-07-09T22:42:39Z</time></trkpt>
<trkpt lat="45.368664" lon="-75.838304"><ele>27.0</ele><time>2024-07-09T22:42:40Z</time></trkpt>
<trkpt lat="45.368664" lon="-75.838304"><ele>27.0</ele><time>2024-07-09T22:42:41Z</time></trkpt>
<trkpt lat="45.368664" lon="-75.838304"><ele>27.0</ele><time>2024-07-09T22:42:42Z</time></trkpt>
<trkpt lat="45.368664" lon="-75.838295"><ele>27.0</ele><time>2024-07-09T22:42:43Z</time></trkpt>
<trkpt lat="45.368664" lon="-75.838295"><ele>27.0</ele><time>2024-07-09T22:42:44Z</time></trkpt>
<trkpt lat="45.368664" lon="-75.838295"><ele>27.0</ele><time>2024-07-09T22:42:45Z</time></trkpt>
<trkpt lat="45.368664" lon="-75.838295"><ele>27.0</ele><time>2024-07-09T22:42:46Z</time></trkpt>
<trkpt lat="45.368664" lon="-75.838286"><ele>27.0</ele><time>2024-07-09T22:42:47Z</time></trkpt>
<trkpt lat="45.368664" lon="-75.838286"><ele>27.0</ele><time>2024-07-09T22:42:48Z</time></trkpt>
<trkpt lat="45.368667" lon="-75.838286"><ele>27.0</ele><time>2024-07-09T22:42:49Z</time></trkpt>
<trkpt lat="45.368667" lon="-75.838286"><ele>27.0</ele><time>2024-07-09T22:42:50Z</time></trkpt>
<trkpt lat="45.368667" lon="-75.838277"><ele>27.0</ele><time>2024-07-09T22:42:51Z</time></trkpt>
<trkpt lat="45.368667" lon="-75.838277"><ele>27.0</ele><time>2024-07-09T22:42:52Z</time></trkpt>
<trkpt lat="45.368667" lon="-75.838277"><ele>27.0</ele><time>2024-07-09T22:42:53Z</time></trkpt>
<trkpt lat="45.368667" lon="-75.838268"><ele>27.0</ele><time>2024-07-09T22:42:54Z</time></trkpt>
<trkpt lat="45.368667" lon="-75.838268"><ele>27.0</ele><time>2024-07-09T22:42:55Z</time></trkpt>
<trkpt lat="45.368667" lon="-75.838268"><ele>27.0</ele><time>2024-07-09T22:42:56Z</time></trkpt>
<trkpt lat="45.368667" lon="-75.838268"><ele>27.0</ele><time>2024-07-09T22:42:57Z</time></trkpt>
<trkpt lat="45.368671" lon="-75.838259"><ele>28.0</ele><time>2024-07-09T22:42:58Z</time></trkpt>
<trkpt lat="45.368671" lon="-75.838259"><ele>28.0</ele><time>2024-07-09T22:42:59Z</time></trkpt>
<trkpt lat="45.368671" lon="-75.838259"><ele>28.0</ele><time>2024-07-09T22:43:00Z</time></trkpt>
<trkpt lat="45.368674" lon="-75.83825"><ele>28.0</ele><time>2024-07-09T22:43:01Z</time></trkpt>
<trkpt lat="45.368674" lon="-75.83825"><ele>28.0</ele><time>2024-07-09T22:43:02Z</time></trkpt>
<trkpt lat="45.368674" lon="-75.83825"><ele>28.0</ele><time>2024-07-09T22:43:03Z</time></trkpt>
<trkpt lat="45.368674" lon="-75.838241"><ele>28.0</ele><time>2024-07-09T22:43:04Z</time></trkpt>
<trkpt lat="45.368674" lon="-75.838241"><ele>28.0</ele><time>2024-07-09T22:43:05Z</time></trkpt>
<trkpt lat="45.368677" lon="-75.838241"><ele>28.0</ele><time>2024-07-09T22:43:06Z</time></trkpt>
<trkpt lat="45.368677" lon="-75.838232"><ele>28.0</ele><time>2024-07-09T22:43:07Z</time></trkpt>
<trkpt lat="45.368677" lon="-75.838232"><ele>28.0</ele><time>2024-07-09T22:43:08Z</time></trkpt>
<trkpt lat="45.368677" lon="-75.838232"><ele>28.0</ele><time>2024-07-09T22:43:09Z</time></trkpt>
<trkpt lat="45.368677" lon="-75.838223"><ele>28.0</ele><time>2024-07-09T22:43:10Z</time></trkpt>
<trkpt lat="45.368677" lon="-75.838223"><ele>28.0</ele><time>2024-07-09T22:43:11Z</time></trkpt>
<trkpt lat="45.36868" lon="-75.838223"><ele>28.0</ele><time>2024-07-09T22:43:12Z</time></trkpt>
<trkpt lat="45.36868" lon="-75.838223"><ele>28.0</ele><time>2024-07-09T22:43:13Z</time></trkpt>
<trkpt lat="45.36868" lon="-75.838223"><ele>28.0</ele><time>2024-07-09T22:43:14Z</time></trkpt>
<trkpt lat="45.36868" lon="-75.838214"><ele>28.0</ele><time>2024-07-09T22:43:15Z</time></trkpt>
<trkpt lat="45.368683" lon="-75.838214"><ele>28.0</ele><time>2024-07-09T22:43:16Z</time></trkpt>
<trkpt lat="45.368683" lon="-75.838214"><ele>28.0</ele><time>2024-07-09T22:43:17Z</time></trkpt>
<trkpt lat="45.368686" lon="-75.838214"><ele>28.0</ele><time>2024-07-09T22:43:18Z</time></trkpt>
<trkpt lat="45.368686" lon="-75.838205"><ele>28.0</ele><time>2024-07-09T22:43:19Z</time></trkpt>
<trkpt lat="45.368686" lon="-75.838205"><ele>28.0</ele><time>2024-07-09T22:43:20Z</time></trkpt>
<trkpt lat="45.368686" lon="-75.838205"><ele>28.0</ele><time>2024-07-09T22:43:21Z</time></trkpt>
<trkpt lat="45.368686" lon="-75.838196"><ele>28.0</ele><time>2024-07-09T22:43:22Z</time></trkpt>
<trkpt lat="45.368686" lon="-75.838196"><ele>28.0</ele><time>2024-07-09T22:43:23Z</time></trkpt>
<trkpt lat="45.368686" lon="-75.838196"><ele>28.0</ele><time>2024-07-09T22:43:24Z</time></trkpt>
<trkpt lat="45.368686" lon="-75.838187"><ele>28.0</ele><time>2024-07-09T22:43:25Z</time></trkpt>
<trkpt lat="45.368686" lon="-75.838187"><ele>28.0</ele><time>2024-07-09T22:43:26Z</time></trkpt>
<trkpt lat="45.368686" lon="-75.838178"><ele>28.0</ele><time>2024-07-09T22:43:27Z</time></trkpt>
<trkpt lat="45.36869" lon="-75.838178"><ele>28.0</ele><time>2024-07-09T22:43:28Z</time></trkpt>
<trkpt lat="45.36869" lon="-75.838178"><ele>28.0</ele><time>2024-07-09T22:43:29Z</time></trkpt>
<trkpt lat="45.36869" lon="-75.838169"><ele>28.0</ele><time>2024-07-09T22:43:30Z</time></trkpt>
<trkpt lat="45.36869" lon="-75.838169"><ele>28.0</ele><time>2024-07-09T22:43:31Z</time></trkpt>
<trkpt lat="45.36869" lon="-75.838169"><ele>28.0</ele><time>2024-07-09T22:43:32Z</time></trkpt>
<trkpt lat="45.36869" lon="-75.838169"><ele>28.0</ele><time>2024-07-09T22:43:33Z</time></trkpt>
<trkpt lat="45.36869" lon="-75.83816"><ele>28.0</ele><time>2024-07-09T22:43:34Z</time></trkpt>
<trkpt lat="45.36869" lon="-75.83816"><ele>28.0</ele><time>2024-07-09T22:43:35Z</time></trkpt>
<trkpt lat="45.368693" lon="-75.83816"><ele>28.0</ele><time>2024-07-09T22:43:36Z</time></trkpt>
<trkpt lat="45.368693" lon="-75.838151"><ele>28.0</ele><time>2024-07-09T22:43:37Z</time></trkpt>
<trkpt lat="45.368693" lon="-75.838151"><ele>28.0</ele><time>2024-07-09T22:43:38Z</time></trkpt>
<trkpt lat="45.368693" lon="-75.838151"><ele>28.0</ele><time>2024-07-09T22:43:39Z</time></trkpt>
<trkpt lat="45.368693" lon="-75.838142"><ele>28.0</ele><time>2024-07-09T22:43:40Z</time></trkpt>
<trkpt lat="45.368693" lon="-75.838142"><ele>28.0</ele><time>2024-07-09T22:43:41Z</time></trkpt>
<trkpt lat="45.368696" lon="-75.838142"><ele>28.0</ele><time>2024-07-09T22:43:42Z</time></trkpt>
<trkpt lat="45.368696" lon="-75.838133"><ele>28.0</ele><time>2024-07-09T22:43:43Z</time></trkpt>
<trkpt lat="45.368699" lon="-75.838133"><ele>28.0</ele><time>2024-07-09T22:43:44Z</time></trkpt>
<trkpt lat="45.368702" lon="-75.838133"><ele>28.0</ele><time>2024-07-09T22:43:45Z</time></trkpt>
<trkpt lat="45.368702" lon="-75.838133"><ele>28.0</ele><time>2024-07-09T22:43:46Z</time></trkpt>
<trkpt lat="45.368705" lon="-75.838124"><ele>28.0</ele><time>2024-07-09T22:43:47Z</time></trkpt>
<trkpt lat="45.368705" lon="-75.838124"><ele>28.0</ele><time>2024-07-09T22:43:48Z</time></trkpt>
<trkpt lat="45.368705" lon="-75.838124"><ele>28.0</ele><time>2024-07-09T22:43:49Z</time></trkpt>
<trkpt lat="45.368705" lon="-75.838116"><ele>28.0</ele><time>2024-07-09T22:43:50Z</time></trkpt>
<trkpt lat="45.368705" lon="-75.838116"><ele>28.0</ele><time>2024-07-09T22:43:51Z</time></trkpt>
<trkpt lat="45.368705" lon="-75.838116"><ele>28.0</ele><time>2024-07-09T22:43:52Z</time></trkpt>
<trkpt lat="45.368705" lon="-75.838107"><ele>28.0</ele><time>2024-07-09T22:43:53Z</time></trkpt>
<trkpt lat="45.368705" lon="-75.838107"><ele>28.0</ele><time>2024-07-09T22:43:54Z</time></trkpt>
<trkpt lat="45.368705" lon="-75.838107"><ele>28.0</ele><time>2024-07-09T22:43:55Z</time></trkpt>
<trkpt lat="45.368705" lon="-75.838107"><ele>28.0</ele><time>2024-07-09T22:43:56Z</time></trkpt>
<trkpt lat="45.368705" lon="-75.838098"><ele>28.0</ele><time>2024-07-09T22:43:57Z</time></trkpt>
<trkpt lat="45.368702" lon="-75.838098"><ele>28.0</ele><time>2024-07-09T22:43:58Z</time></trkpt>
<trkpt lat="45.368702" lon="-75.838098"><ele>27.0</ele><time>2024-07-09T22:43:59Z</time></trkpt>
<trkpt lat="45.368702" lon="-75.838089"><ele>27.0</ele><time>2024-07-09T22:44:00Z</time></trkpt>
<trkpt lat="45.368702" lon="-75.838089"><ele>28.0</ele><time>2024-07-09T22:44:01Z</time></trkpt>
<trkpt lat="45.368702" lon="-75.838089"><ele>27.0</ele><time>2024-07-09T22:44:02Z</time></trkpt>
<trkpt lat="45.368705" lon="-75.83808"><ele>27.0</ele><time>2024-07-09T22:44:03Z</time></trkpt>
<trkpt lat="45.368705" lon="-75.83808"><ele>27.0</ele><time>2024-07-09T22:44:04Z</time></trkpt>
<trkpt lat="45.368705" lon="-75.838071"><ele>27.0</ele><time>2024-07-09T22:44:05Z</time></trkpt>
<trkpt lat="45.368705" lon="-75.838071"><ele>27.0</ele><time>2024-07-09T22:44:06Z</time></trkpt>
<trkpt lat="45.368705" lon="-75.838071"><ele>27.0</ele><time>2024-07-09T22:44:07Z</time></trkpt>
<trkpt lat="45.368705" lon="-75.838062"><ele>27.0</ele><time>2024-07-09T22:44:08Z</time></trkpt>
<trkpt lat="45.368705" lon="-75.838062"><ele>27.0</ele><time>2024-07-09T22:44:09Z</time></trkpt>
<trkpt lat="45.368705" lon="-75.838053"><ele>27.0</ele><time>2024-07-09T22:44:10Z</time></trkpt>
<trkpt lat="45.368705" lon="-75.838053"><ele>27.0</ele><time>2024-07-09T22:44:11Z</time></trkpt>
<trkpt lat="45.368705" lon="-75.838053"><ele>27.0</ele><time>2024-07-09T22:44:12Z</time></trkpt>
<trkpt lat="45.368705" lon="-75.838053"><ele>27.0</ele><time>2024-07-09T22:44:13Z</time></trkpt>
<trkpt lat="45.368705" lon="-75.838044"><ele>27.0</ele><time>2024-07-09T22:44:14Z</time></trkpt>
<trkpt lat="45.368705" lon="-75.838044"><ele>27.0</ele><time>2024-07-09T22:44:15Z</time></trkpt>
<trkpt lat="45.368705" lon="-75.838044"><ele>27.0</ele><time>2024-07-09T22:44:16Z</time></trkpt>
<trkpt lat="45.368709" lon="-75.838035"><ele>27.0</ele><time>2024-07-09T22:44:17Z</time></trkpt>
<trkpt lat="45.368709" lon="-75.838035"><ele>26.0</ele><time>2024-07-09T22:44:18Z</time></trkpt>
<trkpt lat="45.368709" lon="-75.838026"><ele>26.0</ele><time>2024-07-09T22:44:19Z</time></trkpt>
<trkpt lat="45.368709" lon="-75.838026"><ele>26.0</ele><time>2024-07-09T22:44:20Z</time></trkpt>
<trkpt lat="45.368709" lon="-75.838026"><ele>26.0</ele><time>2024-07-09T22:44:21Z</time></trkpt>
<trkpt lat="45.368709" lon="-75.838017"><ele>26.0</ele><time>2024-07-09T22:44:22Z</time></trkpt>
<trkpt lat="45.368709" lon="-75.838017"><ele>27.0</ele><time>2024-07-09T22:44:23Z</time></trkpt>
<trkpt lat="45.368709" lon="-75.838008"><ele>27.0</ele><time>2024-07-09T22:44:24Z</time></trkpt>
<trkpt lat="45.368709" lon="-75.838008"><ele>27.0</ele><time>2024-07-09T22:44:25Z</time></trkpt>
<trkpt lat="45.368705" lon="-75.838008"><ele>27.0</ele><time>2024-07-09T22:44:26Z</time></trkpt>
<trkpt lat="45.368705" lon="-75.838008"><ele>27.0</ele><time>2024-07-09T22:44:27Z</time></trkpt>
<trkpt lat="45.368705" lon="-75.837999"><ele>27.0</ele><time>2024-07-09T22:44:28Z</time></trkpt>
<trkpt lat="45.368702" lon="-75.837999"><ele>26.0</ele><time>2024-07-09T22:44:29Z</time></trkpt>
<trkpt lat="45.368702" lon="-75.837999"><ele>26.0</ele><time>2024-07-09T22:44:30Z</time></trkpt>
<trkpt lat="45.368702" lon="-75.83799"><ele>26.0</ele><time>2024-07-09T22:44:31Z</time></trkpt>
<trkpt lat="45.368705" lon="-75.83799"><ele>26.0</ele><time>2024-07-09T22:44:32Z</time></trkpt>
<trkpt lat="45.368705" lon="-75.83799"><ele>26.0</ele><time>2024-07-09T22:44:33Z</time></trkpt>
<trkpt lat="45.368705" lon="-75.837981"><ele>26.0</ele><time>2024-07-09T22:44:34Z</time></trkpt>
<trkpt lat="45.368705" lon="-75.837981"><ele>27.0</ele><time>2024-07-09T22:44:35Z</time></trkpt>
<trkpt lat="45.368705" lon="-75.837972"><ele>27.0</ele><time>2024-07-09T22:44:36Z</time></trkpt>
<trkpt lat="45.368709" lon="-75.837972"><ele>27.0</ele><time>2024-07-09T22:44:37Z</time></trkpt>
<trkpt lat="45.368709" lon="-75.837972"><ele>27.0</ele><time>2024-07-09T22:44:38Z</time></trkpt>
<trkpt lat="45.368709" lon="-75.837972"><ele>27.0</ele><time>2024-07-09T22:44:39Z</time></trkpt>
<trkpt lat="45.368709" lon="-75.837963"><ele>27.0</ele><time>2024-07-09T22:44:40Z</time></trkpt>
<trkpt lat="45.368709" lon="-75.837963"><ele>27.0</ele><time>2024-07-09T22:44:41Z</time></trkpt>
<trkpt lat="45.368709" lon="-75.837963"><ele>27.0</ele><time>2024-07-09T22:44:42Z</time></trkpt>
<trkpt lat="45.368709" lon="-75.837954"><ele>27.0</ele><time>2024-07-09T22:44:43Z</time></trkpt>
<trkpt lat="45.368705" lon="-75.837954"><ele>27.0</ele><time>2024-07-09T22:44:44Z</time></trkpt>
<trkpt lat="45.368705" lon="-75.837954"><ele>27.0</ele><time>2024-07-09T22:44:45Z</time></trkpt>
<trkpt lat="45.368705" lon="-75.837945"><ele>27.0</ele><time>2024-07-09T22:44:46Z</time></trkpt>
<trkpt lat="45.368705" lon="-75.837945"><ele>27.0</ele><time>2024-07-09T22:44:47Z</time></trkpt>
<trkpt lat="45.368705" lon="-75.837945"><ele>27.0</ele><time>2024-07-09T22:44:48Z</time></trkpt>
<trkpt lat="45.368705" lon="-75.837936"><ele>27.0</ele><time>2024-07-09T22:44:49Z</time></trkpt>
<trkpt lat="45.368705" lon="-75.837936"><ele>27.0</ele><time>2024-07-09T22:44:50Z</time></trkpt>
<trkpt lat="45.368705" lon="-75.837936"><ele>27.0</ele><time>2024-07-09T22:44:51Z</time></trkpt>
<trkpt lat="45.368705" lon="-75.837927"><ele>27.0</ele><time>2024-07-09T22:44:52Z</time></trkpt>
<trkpt lat="45.368702" lon="-75.837927"><ele>27.0</ele><time>2024-07-09T22:44:53Z</time></trkpt>
<trkpt lat="45.368702" lon="-75.837927"><ele>27.0</ele><time>2024-07-09T22:44:54Z</time></trkpt>
<trkpt lat="45.368702" lon="-75.837918"><ele>27.0</ele><time>2024-07-09T22:44:55Z</time></trkpt>
<trkpt lat="45.368702" lon="-75.837918"><ele>27.0</ele><time>2024-07-09T22:44:56Z</time></trkpt>
<trkpt lat="45.368702" lon="-75.837918"><ele>27.0</ele><time>2024-07-09T22:44:57Z</time></trkpt>
<trkpt lat="45.368702" lon="-75.837909"><ele>27.0</ele><time>2024-07-09T22:44:58Z</time></trkpt>
<trkpt lat="45.368702" lon="-75.837909"><ele>27.0</ele><time>2024-07-09T22:44:59Z</time></trkpt>
<trkpt lat="45.368702" lon="-75.837909"><ele>27.0</ele><time>2024-07-09T22:45:00Z</time></trkpt>
<trkpt lat="45.368699" lon="-75.8379"><ele>27.0</ele><time>2024-07-09T22:45:01Z</time></trkpt>
<trkpt lat="45.368699" lon="-75.8379"><ele>27.0</ele><time>2024-07-09T22:45:02Z</time></trkpt>
<trkpt lat="45.368699" lon="-75.8379"><ele>27.0</ele><time>2024-07-09T22:45:03Z</time></trkpt>
<trkpt lat="45.368699" lon="-75.837891"><ele>27.0</ele><time>2024-07-09T22:45:04Z</time></trkpt>
<trkpt lat="45.368699" lon="-75.837891"><ele>27.0</ele><time>2024-07-09T22:45:05Z</time></trkpt>
<trkpt lat="45.368699" lon="-75.837882"><ele>27.0</ele><time>2024-07-09T22:45:06Z</time></trkpt>
<trkpt lat="45.368699" lon="-75.837882"><ele>27.0</ele><time>2024-07-09T22:45:07Z</time></trkpt>
<trkpt lat="45.368699" lon="-75.837873"><ele>27.0</ele><time>2024-07-09T22:45:08Z</time></trkpt>
<trkpt lat="45.368699" lon="-75.837873"><ele>27.0</ele><time>2024-07-09T22:45:09Z</time></trkpt>
<trkpt lat="45.368699" lon="-75.837873"><ele>27.0</ele><time>2024-07-09T22:45:10Z</time></trkpt>
<trkpt lat="45.368699" lon="-75.837864"><ele>27.0</ele><time>2024-07-09T22:45:11Z</time></trkpt>
<trkpt lat="45.368699" lon="-75.837864"><ele>28.0</ele><time>2024-07-09T22:45:12Z</time></trkpt>
<trkpt lat="45.368699" lon="-75.837864"><ele>27.0</ele><time>2024-07-09T22:45:13Z</time></trkpt>
<trkpt lat="45.368696" lon="-75.837855"><ele>27.0</ele><time>2024-07-09T22:45:14Z</time></trkpt>
<trkpt lat="45.368696" lon="-75.837855"><ele>27.0</ele><time>2024-07-09T22:45:15Z</time></trkpt>
<trkpt lat="45.368699" lon="-75.837855"><ele>27.0</ele><time>2024-07-09T22:45:16Z</time></trkpt>
<trkpt lat="45.368699" lon="-75.837846"><ele>27.0</ele><time>2024-07-09T22:45:17Z</time></trkpt>
<trkpt lat="45.368702" lon="-75.837846"><ele>27.0</ele><time>2024-07-09T22:45:18Z</time></trkpt>
<trkpt lat="45.368702" lon="-75.837846"><ele>27.0</ele><time>2024-07-09T22:45:19Z</time></trkpt>
<trkpt lat="45.368702" lon="-75.837846"><ele>27.0</ele><time>2024-07-09T22:45:20Z</time></trkpt>
<trkpt lat="45.368702" lon="-75.837837"><ele>27.0</ele><time>2024-07-09T22:45:21Z</time></trkpt>
<trkpt lat="45.368702" lon="-75.837837"><ele>27.0</ele><time>2024-07-09T22:45:22Z</time></trkpt>
<trkpt lat="45.368705" lon="-75.837837"><ele>27.0</ele><time>2024-07-09T22:45:23Z</time></trkpt>
<trkpt lat="45.368705" lon="-75.837828"><ele>27.0</ele><time>2024-07-09T22:45:24Z</time></trkpt>
<trkpt lat="45.368705" lon="-75.837828"><ele>27.0</ele><time>2024-07-09T22:45:25Z</time></trkpt>
<trkpt lat="45.368705" lon="-75.837828"><ele>27.0</ele><time>2024-07-09T22:45:26Z</time></trkpt>
<trkpt lat="45.368705" lon="-75.837828"><ele>27.0</ele><time>2024-07-09T22:45:27Z</time></trkpt>
<trkpt lat="45.368702" lon="-75.837819"><ele>27.0</ele><time>2024-07-09T22:45:28Z</time></trkpt>
<trkpt lat="45.368702" lon="-75.837819"><ele>27.0</ele><time>2024-07-09T22:45:29Z</time></trkpt>
<trkpt lat="45.368702" lon="-75.837819"><ele>27.0</ele><time>2024-07-09T22:45:30Z</time></trkpt>
<trkpt lat="45.368702" lon="-75.837819"><ele>27.0</ele><time>2024-07-09T22:45:31Z</time></trkpt>
<trkpt lat="45.368699" lon="-75.83781"><ele>27.0</ele><time>2024-07-09T22:45:32Z</time></trkpt>
<trkpt lat="45.368699" lon="-75.83781"><ele>26.0</ele><time>2024-07-09T22:45:33Z</time></trkpt>
<trkpt lat="45.368702" lon="-75.83781"><ele>26.0</ele><time>2024-07-09T22:45:34Z</time></trkpt>
<trkpt lat="45.368702" lon="-75.83781"><ele>26.0</ele><time>2024-07-09T22:45:35Z</time></trkpt>
<trkpt lat="45.368702" lon="-75.83781"><ele>26.0</ele><time>2024-07-09T22:45:36Z</time></trkpt>
<trkpt lat="45.368702" lon="-75.837801"><ele>26.0</ele><time>2024-07-09T22:45:37Z</time></trkpt>
<trkpt lat="45.368702" lon="-75.837801"><ele>26.0</ele><time>2024-07-09T22:45:38Z</time></trkpt>
<trkpt lat="45.368705" lon="-75.837801"><ele>26.0</ele><time>2024-07-09T22:45:39Z</time></trkpt>
<trkpt lat="45.368705" lon="-75.837801"><ele>26.0</ele><time>2024-07-09T22:45:40Z</time></trkpt>
<trkpt lat="45.368705" lon="-75.837792"><ele>26.0</ele><time>2024-07-09T22:45:41Z</time></trkpt>
<trkpt lat="45.368705" lon="-75.837792"><ele>26.0</ele><time>2024-07-09T22:45:42Z</time></trkpt>
<trkpt lat="45.368705" lon="-75.837792"><ele>27.0</ele><time>2024-07-09T22:45:43Z</time></trkpt>
<trkpt lat="45.368705" lon="-75.837783"><ele>27.0</ele><time>2024-07-09T22:45:44Z</time></trkpt>
<trkpt lat="45.368705" lon="-75.837783"><ele>27.0</ele><time>2024-07-09T22:45:45Z</time></trkpt>
<trkpt lat="45.368705" lon="-75.837783"><ele>27.0</ele><time>2024-07-09T22:45:46Z</time></trkpt>
<trkpt lat="45.368705" lon="-75.837774"><ele>27.0</ele><time>2024-07-09T22:45:47Z</time></trkpt>
<trkpt lat="45.368705" lon="-75.837774"><ele>27.0</ele><time>2024-07-09T22:45:48Z</time></trkpt>
<trkpt lat="45.368705" lon="-75.837774"><ele>27.0</ele><time>2024-07-09T22:45:49Z</time></trkpt>
<trkpt lat="45.368705" lon="-75.837765"><ele>27.0</ele><time>2024-07-09T22:45:50Z</time></trkpt>
<trkpt lat="45.368705" lon="-75.837765"><ele>27.0</ele><time>2024-07-09T22:45:51Z</time></trkpt>
<trkpt lat="45.368705" lon="-75.837765"><ele>27.0</ele><time>2024-07-09T22:45:52Z</time></trkpt>
<trkpt lat="45.368705" lon="-75.837756"><ele>27.0</ele><time>2024-07-09T22:45:53Z</time></trkpt>
<trkpt lat="45.368705" lon="-75.837756"><ele>27.0</ele><time>2024-07-09T22:45:54Z</time></trkpt>
<trkpt lat="45.368705" lon="-75.837756"><ele>27.0</ele><time>2024-07-09T22:45:55Z</time></trkpt>
<trkpt lat="45.368705" lon="-75.837747"><ele>27.0</ele><time>2024-07-09T22:45:56Z</time></trkpt>
<trkpt lat="45.368705" lon="-75.837747"><ele>27.0</ele><time>2024-07-09T22:45:57Z</time></trkpt>
<trkpt lat="45.368705" lon="-75.837747"><ele>27.0</ele><time>2024-07-09T22:45:58Z</time></trkpt>
<trkpt lat="45.368705" lon="-75.837738"><ele>27.0</ele><time>2024-07-09T22:45:59Z</time></trkpt>
<trkpt lat="45.368705" lon="-75.837738"><ele>27.0</ele><time>2024-07-09T22:46:00Z</time></trkpt>
<trkpt lat="45.368705" lon="-75.837738"><ele>27.0</ele><time>2024-07-09T22:46:01Z</time></trkpt>
<trkpt lat="45.368705" lon="-75.837738"><ele>27.0</ele><time>2024-07-09T22:46:02Z</time></trkpt>
<trkpt lat="45.368705" lon="-75.837738"><ele>27.0</ele><time>2024-07-09T22:46:03Z</time></trkpt>
<trkpt lat="45.368705" lon="-75.837738"><ele>26.0</ele><time>2024-07-09T22:46:04Z</time></trkpt>
<trkpt lat="45.368705" lon="-75.837729"><ele>26.0</ele><time>2024-07-09T22:46:05Z</time></trkpt>
<trkpt lat="45.368705" lon="-75.837729"><ele>26.0</ele><time>2024-07-09T22:46:06Z</time></trkpt>
<trkpt lat="45.368705" lon="-75.837729"><ele>26.0</ele><time>2024-07-09T22:46:07Z</time></trkpt>
<trkpt lat="45.368702" lon="-75.83772"><ele>26.0</ele><time>2024-07-09T22:46:08Z</time></trkpt>
<trkpt lat="45.368702" lon="-75.83772"><ele>26.0</ele><time>2024-07-09T22:46:09Z</time></trkpt>
<trkpt lat="45.368702" lon="-75.837711"><ele>26.0</ele><time>2024-07-09T22:46:10Z</time></trkpt>
<trkpt lat="45.368702" lon="-75.837711"><ele>26.0</ele><time>2024-07-09T22:46:11Z</time></trkpt>
<trkpt lat="45.368702" lon="-75.837711"><ele>26.0</ele><time>2024-07-09T22:46:12Z</time></trkpt>
<trkpt lat="45.368702" lon="-75.837702"><ele>26.0</ele><time>2024-07-09T22:46:13Z</time></trkpt>
<trkpt lat="45.368702" lon="-75.837702"><ele>26.0</ele><time>2024-07-09T22:46:14Z</time></trkpt>
<trkpt lat="45.368702" lon="-75.837693"><ele>26.0</ele><time>2024-07-09T22:46:15Z</time></trkpt>
<trkpt lat="45.368702" lon="-75.837693"><ele>26.0</ele><time>2024-07-09T22:46:16Z</time></trkpt>
<trkpt lat="45.368702" lon="-75.837693"><ele>26.0</ele><time>2024-07-09T22:46:17Z</time></trkpt>
<trkpt lat="45.368699" lon="-75.837693"><ele>26.0</ele><time>2024-07-09T22:46:18Z</time></trkpt>
<trkpt lat="45.368702" lon="-75.837684"><ele>26.0</ele><time>2024-07-09T22:46:19Z</time></trkpt>
<trkpt lat="45.368702" lon="-75.837684"><ele>26.0</ele><time>2024-07-09T22:46:20Z</time></trkpt>
<trkpt lat="45.368702" lon="-75.837684"><ele>26.0</ele><time>2024-07-09T22:46:21Z</time></trkpt>
<trkpt lat="45.368702" lon="-75.837684"><ele>26.0</ele><time>2024-07-09T22:46:22Z</time></trkpt>
<trkpt lat="45.368702" lon="-75.837675"><ele>26.0</ele><time>2024-07-09T22:46:23Z</time></trkpt>
<trkpt lat="45.368702" lon="-75.837675"><ele>26.0</ele><time>2024-07-09T22:46:24Z</time></trkpt>
<trkpt lat="45.368702" lon="-75.837675"><ele>26.0</ele><time>2024-07-09T22:46:25Z</time></trkpt>
<trkpt lat="45.368702" lon="-75.837675"><ele>26.0</ele><time>2024-07-09T22:46:26Z</time></trkpt>
<trkpt lat="45.368702" lon="-75.837666"><ele>26.0</ele><time>2024-07-09T22:46:27Z</time></trkpt>
<trkpt lat="45.368702" lon="-75.837666"><ele>26.0</ele><time>2024-07-09T22:46:28Z</time></trkpt>
<trkpt lat="45.368702" lon="-75.837666"><ele>26.0</ele><time>2024-07-09T22:46:29Z</time></trkpt>
<trkpt lat="45.368702" lon="-75.837657"><ele>26.0</ele><time>2024-07-09T22:46:30Z</time></trkpt>
<trkpt lat="45.368702" lon="-75.837657"><ele>26.0</ele><time>2024-07-09T22:46:31Z</time></trkpt>
<trkpt lat="45.368699" lon="-75.837648"><ele>26.0</ele><time>2024-07-09T22:46:32Z</time></trkpt>
<trkpt lat="45.368699" lon="-75.837648"><ele>26.0</ele><time>2024-07-09T22:46:33Z</time></trkpt>
<trkpt lat="45.368699" lon="-75.837648"><ele>26.0</ele><time>2024-07-09T22:46:34Z</time></trkpt>
<trkpt lat="45.368696" lon="-75.837648"><ele>26.0</ele><time>2024-07-09T22:46:35Z</time></trkpt>
<trkpt lat="45.368696" lon="-75.837639"><ele>26.0</ele><time>2024-07-09T22:46:36Z</time></trkpt>
<trkpt lat="45.368696" lon="-75.837639"><ele>26.0</ele><time>2024-07-09T22:46:37Z</time></trkpt>
<trkpt lat="45.368696" lon="-75.837639"><ele>26.0</ele><time>2024-07-09T22:46:38Z</time></trkpt>
<trkpt lat="45.368693" lon="-75.83763"><ele>26.0</ele><time>2024-07-09T22:46:39Z</time></trkpt>
<trkpt lat="45.368693" lon="-75.83763"><ele>26.0</ele><time>2024-07-09T22:46:40Z</time></trkpt>
<trkpt lat="45.368693" lon="-75.83763"><ele>26.0</ele><time>2024-07-09T22:46:41Z</time></trkpt>
<trkpt lat="45.368693" lon="-75.837621"><ele>26.0</ele><time>2024-07-09T22:46:42Z</time></trkpt>
<trkpt lat="45.36869" lon="-75.837621"><ele>26.0</ele><time>2024-07-09T22:46:43Z</time></trkpt>
<trkpt lat="45.36869" lon="-75.837621"><ele>26.0</ele><time>2024-07-09T22:46:44Z</time></trkpt>
<trkpt lat="45.36869" lon="-75.837612"><ele>26.0</ele><time>2024-07-09T22:46:45Z</time></trkpt>
<trkpt lat="45.36869" lon="-75.837612"><ele>26.0</ele><time>2024-07-09T22:46:46Z</time></trkpt>
<trkpt lat="45.368693" lon="-75.837612"><ele>26.0</ele><time>2024-07-09T22:46:47Z</time></trkpt>
<trkpt lat="45.368693" lon="-75.837612"><ele>26.0</ele><time>2024-07-09T22:46:48Z</time></trkpt>
<trkpt lat="45.368693" lon="-75.837603"><ele>26.0</ele><time>2024-07-09T22:46:49Z</time></trkpt>
<trkpt lat="45.368693" lon="-75.837603"><ele>26.0</ele><time>2024-07-09T22:46:50Z</time></trkpt>
<trkpt lat="45.368693" lon="-75.837603"><ele>26.0</ele><time>2024-07-09T22:46:51Z</time></trkpt>
<trkpt lat="45.368693" lon="-75.837603"><ele>26.0</ele><time>2024-07-09T22:46:52Z</time></trkpt>
<trkpt lat="45.368693" lon="-75.837603"><ele>26.0</ele><time>2024-07-09T22:46:53Z</time></trkpt>
<trkpt lat="45.368693" lon="-75.837603"><ele>26.0</ele><time>2024-07-09T22:46:54Z</time></trkpt>
<trkpt lat="45.368693" lon="-75.837595"><ele>26.0</ele><time>2024-07-09T22:46:55Z</time></trkpt>
<trkpt lat="45.368693" lon="-75.837595"><ele>26.0</ele><time>2024-07-09T22:46:56Z</time></trkpt>
<trkpt lat="45.368693" lon="-75.837595"><ele>26.0</ele><time>2024-07-09T22:46:57Z</time></trkpt>
<trkpt lat="45.368696" lon="-75.837586"><ele>26.0</ele><time>2024-07-09T22:46:58Z</time></trkpt>
<trkpt lat="45.368696" lon="-75.837586"><ele>26.0</ele><time>2024-07-09T22:46:59Z</time></trkpt>
<trkpt lat="45.368696" lon="-75.837586"><ele>27.0</ele><time>2024-07-09T22:47:00Z</time></trkpt>
<trkpt lat="45.368696" lon="-75.837586"><ele>27.0</ele><time>2024-07-09T22:47:01Z</time></trkpt>
<trkpt lat="45.368699" lon="-75.837586"><ele>27.0</ele><time>2024-07-09T22:47:02Z</time></trkpt>
<trkpt lat="45.368699" lon="-75.837577"><ele>27.0</ele><time>2024-07-09T22:47:03Z</time></trkpt>
<trkpt lat="45.368699" lon="-75.837577"><ele>27.0</ele><time>2024-07-09T22:47:04Z</time></trkpt>
<trkpt lat="45.368699" lon="-75.837577"><ele>27.0</ele><time>2024-07-09T22:47:05Z</time></trkpt>
<trkpt lat="45.368702" lon="-75.837577"><ele>27.0</ele><time>2024-07-09T22:47:06Z</time></trkpt>
<trkpt lat="45.368702" lon="-75.837568"><ele>28.0</ele><time>2024-07-09T22:47:07Z</time></trkpt>
<trkpt lat="45.368705" lon="-75.837568"><ele>28.0</ele><time>2024-07-09T22:47:08Z</time></trkpt>
<trkpt lat="45.368705" lon="-75.837568"><ele>28.0</ele><time>2024-07-09T22:47:09Z</time></trkpt>
<trkpt lat="45.368705" lon="-75.837559"><ele>28.0</ele><time>2024-07-09T22:47:10Z</time></trkpt>
<trkpt lat="45.368705" lon="-75.837559"><ele>28.0</ele><time>2024-07-09T22:47:11Z</time></trkpt>
<trkpt lat="45.368705" lon="-75.837559"><ele>28.0</ele><time>2024-07-09T22:47:12Z</time></trkpt>
<trkpt lat="45.368702" lon="-75.837559"><ele>28.0</ele><time>2024-07-09T22:47:13Z</time></trkpt>
<trkpt lat="45.368702" lon="-75.837559"><ele>28.0</ele><time>2024-07-09T22:47:14Z</time></trkpt>
<trkpt lat="45.368699" lon="-75.83755"><ele>28.0</ele><time>2024-07-09T22:47:15Z</time></trkpt>
<trkpt lat="45.368699" lon="-75.83755"><ele>28.0</ele><time>2024-07-09T22:47:16Z</time></trkpt>
<trkpt lat="45.368696" lon="-75.83755"><ele>28.0</ele><time>2024-07-09T22:47:17Z</time></trkpt>
<trkpt lat="45.368696" lon="-75.837541"><ele>28.0</ele><time>2024-07-09T22:47:18Z</time></trkpt>
<trkpt lat="45.368693" lon="-75.837541"><ele>28.0</ele><time>2024-07-09T22:47:19Z</time></trkpt>
<trkpt lat="45.368693" lon="-75.837541"><ele>28.0</ele><time>2024-07-09T22:47:20Z</time></trkpt>
<trkpt lat="45.36869" lon="-75.837541"><ele>28.0</ele><time>2024-07-09T22:47:21Z</time></trkpt>
<trkpt lat="45.36869" lon="-75.837541"><ele>28.0</ele><time>2024-07-09T22:47:22Z</time></trkpt>
<trkpt lat="45.36869" lon="-75.837541"><ele>28.0</ele><time>2024-07-09T22:47:23Z</time></trkpt>
<trkpt lat="45.368686" lon="-75.837532"><ele>28.0</ele><time>2024-07-09T22:47:24Z</time></trkpt>
<trkpt lat="45.368686" lon="-75.837532"><ele>28.0</ele><time>2024-07-09T22:47:25Z</time></trkpt>
<trkpt lat="45.368683" lon="-75.837532"><ele>28.0</ele><time>2024-07-09T22:47:26Z</time></trkpt>
<trkpt lat="45.368683" lon="-75.837532"><ele>28.0</ele><time>2024-07-09T22:47:27Z</time></trkpt>
<trkpt lat="45.368683" lon="-75.837532"><ele>28.0</ele><time>2024-07-09T22:47:28Z</time></trkpt>
<trkpt lat="45.36868" lon="-75.837523"><ele>28.0</ele><time>2024-07-09T22:47:29Z</time></trkpt>
<trkpt lat="45.36868" lon="-75.837523"><ele>27.0</ele><time>2024-07-09T22:47:30Z</time></trkpt>
<trkpt lat="45.36868" lon="-75.837523"><ele>27.0</ele><time>2024-07-09T22:47:31Z</time></trkpt>
<trkpt lat="45.36868" lon="-75.837514"><ele>27.0</ele><time>2024-07-09T22:47:32Z</time></trkpt>
<trkpt lat="45.36868" lon="-75.837514"><ele>27.0</ele><time>2024-07-09T22:47:33Z</time></trkpt>
<trkpt lat="45.36868" lon="-75.837514"><ele>27.0</ele><time>2024-07-09T22:47:34Z</time></trkpt>
<trkpt lat="45.36868" lon="-75.837514"><ele>27.0</ele><time>2024-07-09T22:47:35Z</time></trkpt>
<trkpt lat="45.36868" lon="-75.837505"><ele>27.0</ele><time>2024-07-09T22:47:36Z</time></trkpt>
<trkpt lat="45.36868" lon="-75.837505"><ele>27.0</ele><time>2024-07-09T22:47:37Z</time></trkpt>
<trkpt lat="45.36868" lon="-75.837505"><ele>27.0</ele><time>2024-07-09T22:47:38Z</time></trkpt>
<trkpt lat="45.36868" lon="-75.837505"><ele>27.0</ele><time>2024-07-09T22:47:39Z</time></trkpt>
<trkpt lat="45.36868" lon="-75.837505"><ele>27.0</ele><time>2024-07-09T22:47:40Z</time></trkpt>
<trkpt lat="45.36868" lon="-75.837505"><ele>27.0</ele><time>2024-07-09T22:47:41Z</time></trkpt>
<trkpt lat="45.36868" lon="-75.837505"><ele>27.0</ele><time>2024-07-09T22:47:42Z</time></trkpt>
<trkpt lat="45.36868" lon="-75.837505"><ele>27.0</ele><time>2024-07-09T22:47:43Z</time></trkpt>
<trkpt lat="45.36868" lon="-75.837505"><ele>27.0</ele><time>2024-07-09T22:47:44Z</time></trkpt>
<trkpt lat="45.36868" lon="-75.837505"><ele>27.0</ele><time>2024-07-09T22:47:45Z</time></trkpt>
<trkpt lat="45.36868" lon="-75.837505"><ele>27.0</ele><time>2024-07-09T22:47:46Z</time></trkpt>
<trkpt lat="45.36868" lon="-75.837496"><ele>27.0</ele><time>2024-07-09T22:47:47Z</time></trkpt>
<trkpt lat="45.36868" lon="-75.837496"><ele>27.0</ele><time>2024-07-09T22:47:48Z</time></trkpt>
<trkpt lat="45.368683" lon="-75.837496"><ele>27.0</ele><time>2024-07-09T22:47:49Z</time></trkpt>
<trkpt lat="45.368683" lon="-75.837496"><ele>27.0</ele><time>2024-07-09T22:47:50Z</time></trkpt>
<trkpt lat="45.368683" lon="-75.837496"><ele>27.0</ele><time>2024-07-09T22:47:51Z</time></trkpt>
<trkpt lat="45.368683" lon="-75.837496"><ele>27.0</ele><time>2024-07-09T22:47:52Z</time></trkpt>
<trkpt lat="45.368686" lon="-75.837496"><ele>27.0</ele><time>2024-07-09T22:47:53Z</time></trkpt>
<trkpt lat="45.368686" lon="-75.837496"><ele>27.0</ele><time>2024-07-09T22:47:54Z</time></trkpt>
<trkpt lat="45.368686" lon="-75.837496"><ele>27.0</ele><time>2024-07-09T22:47:55Z</time></trkpt>
<trkpt lat="45.368686" lon="-75.837487"><ele>27.0</ele><time>2024-07-09T22:47:56Z</time></trkpt>
<trkpt lat="45.36869" lon="-75.837487"><ele>27.0</ele><time>2024-07-09T22:47:57Z</time></trkpt>
<trkpt lat="45.36869" lon="-75.837487"><ele>27.0</ele><time>2024-07-09T22:47:58Z</time></trkpt>
<trkpt lat="45.368693" lon="-75.837487"><ele>27.0</ele><time>2024-07-09T22:47:59Z</time></trkpt>
<trkpt lat="45.368696" lon="-75.837487"><ele>27.0</ele><time>2024-07-09T22:48:00Z</time></trkpt>
<trkpt lat="45.368693" lon="-75.837478"><ele>27.0</ele><time>2024-07-09T22:48:01Z</time></trkpt>
<trkpt lat="45.368696" lon="-75.837478"><ele>27.0</ele><time>2024-07-09T22:48:02Z</time></trkpt>
<trkpt lat="45.368702" lon="-75.837478"><ele>27.0</ele><time>2024-07-09T22:48:03Z</time></trkpt>
<trkpt lat="45.368705" lon="-75.837478"><ele>27.0</ele><time>2024-07-09T22:48:04Z</time></trkpt>
<trkpt lat="45.368712" lon="-75.837478"><ele>27.0</ele><time>2024-07-09T22:48:05Z</time></trkpt>
<trkpt lat="45.368718" lon="-75.837487"><ele>27.0</ele><time>2024-07-09T22:48:06Z</time></trkpt>
<trkpt lat="45.368724" lon="-75.837478"><ele>27.0</ele><time>2024-07-09T22:48:07Z</time></trkpt>
<trkpt lat="45.368734" lon="-75.837478"><ele>27.0</ele><time>2024-07-09T22:48:08Z</time></trkpt>
<trkpt lat="45.36874" lon="-75.837478"><ele>27.0</ele><time>2024-07-09T22:48:09Z</time></trkpt>
<trkpt lat="45.36875" lon="-75.837469"><ele>27.0</ele><time>2024-07-09T22:48:10Z</time></trkpt>
<trkpt lat="45.368759" lon="-75.83746"><ele>26.0</ele><time>2024-07-09T22:48:11Z</time></trkpt>
<trkpt lat="45.368765" lon="-75.837442"><ele>26.0</ele><time>2024-07-09T22:48:12Z</time></trkpt>
<trkpt lat="45.368775" lon="-75.837424"><ele>27.0</ele><time>2024-07-09T22:48:13Z</time></trkpt>
<trkpt lat="45.368784" lon="-75.837406"><ele>27.0</ele><time>2024-07-09T22:48:14Z</time></trkpt>
<trkpt lat="45.368794" lon="-75.837388"><ele>27.0</ele><time>2024-07-09T22:48:15Z</time></trkpt>
<trkpt lat="45.3688" lon="-75.83737"><ele>27.0</ele><time>2024-07-09T22:48:16Z</time></trkpt>
<trkpt lat="45.3688" lon="-75.83737"><ele>27.0</ele><time>2024-07-09T22:48:17Z</time></trkpt>
<trkpt lat="45.368803" lon="-75.837352"><ele>27.0</ele><time>2024-07-09T22:48:17Z</time></trkpt>
<trkpt lat="45.36881" lon="-75.837334"><ele>27.0</ele><time>2024-07-09T22:48:18Z</time></trkpt>
<trkpt lat="45.368816" lon="-75.837307"><ele>27.0</ele><time>2024-07-09T22:48:19Z</time></trkpt>
<trkpt lat="45.368819" lon="-75.837289"><ele>27.0</ele><time>2024-07-09T22:48:20Z</time></trkpt>
<trkpt lat="45.368829" lon="-75.837262"><ele>27.0</ele><time>2024-07-09T22:48:21Z</time></trkpt>
<trkpt lat="45.368841" lon="-75.837235"><ele>27.0</ele><time>2024-07-09T22:48:22Z</time></trkpt>
<trkpt lat="45.368841" lon="-75.837217"><ele>27.0</ele><time>2024-07-09T22:48:23Z</time></trkpt>
<trkpt lat="45.368838" lon="-75.83719"><ele>27.0</ele><time>2024-07-09T22:48:24Z</time></trkpt>
<trkpt lat="45.368832" lon="-75.837163"><ele>26.0</ele><time>2024-07-09T22:48:25Z</time></trkpt>
<trkpt lat="45.368829" lon="-75.837136"><ele>26.0</ele><time>2024-07-09T22:48:26Z</time></trkpt>
<trkpt lat="45.368822" lon="-75.837118"><ele>26.0</ele><time>2024-07-09T22:48:27Z</time></trkpt>
<trkpt lat="45.368816" lon="-75.837091"><ele>26.0</ele><time>2024-07-09T22:48:28Z</time></trkpt>
<trkpt lat="45.368807" lon="-75.837065"><ele>26.0</ele><time>2024-07-09T22:48:29Z</time></trkpt>
<trkpt lat="45.3688" lon="-75.837047"><ele>27.0</ele><time>2024-07-09T22:48:30Z</time></trkpt>
<trkpt lat="45.368791" lon="-75.83702"><ele>27.0</ele><time>2024-07-09T22:48:31Z</time></trkpt>
<trkpt lat="45.368778" lon="-75.837002"><ele>27.0</ele><time>2024-07-09T22:48:32Z</time></trkpt>
<trkpt lat="45.368762" lon="-75.836984"><ele>26.0</ele><time>2024-07-09T22:48:33Z</time></trkpt>
<trkpt lat="45.36874" lon="-75.836975"><ele>26.0</ele><time>2024-07-09T22:48:34Z</time></trkpt>
<trkpt lat="45.368721" lon="-75.836957"><ele>26.0</ele><time>2024-07-09T22:48:35Z</time></trkpt>
<trkpt lat="45.368702" lon="-75.836948"><ele>26.0</ele><time>2024-07-09T22:48:36Z</time></trkpt>
<trkpt lat="45.36868" lon="-75.836948"><ele>26.0</ele><time>2024-07-09T22:48:37Z</time></trkpt>
<trkpt lat="45.368658" lon="-75.836939"><ele>27.0</ele><time>2024-07-09T22:48:38Z</time></trkpt>
<trkpt lat="45.368633" lon="-75.83693"><ele>26.0</ele><time>2024-07-09T22:48:39Z</time></trkpt>
<trkpt lat="45.36861" lon="-75.83693"><ele>26.0</ele><time>2024-07-09T22:48:40Z</time></trkpt>
<trkpt lat="45.368585" lon="-75.83693"><ele>26.0</ele><time>2024-07-09T22:48:41Z</time></trkpt>
<trkpt lat="45.36856" lon="-75.836921"><ele>26.0</ele><time>2024-07-09T22:48:42Z</time></trkpt>
<trkpt lat="45.368538" lon="-75.836921"><ele>26.0</ele><time>2024-07-09T22:48:43Z</time></trkpt>
<trkpt lat="45.368512" lon="-75.836921"><ele>26.0</ele><time>2024-07-09T22:48:44Z</time></trkpt>
<trkpt lat="45.368487" lon="-75.836921"><ele>26.0</ele><time>2024-07-09T22:48:45Z</time></trkpt>
<trkpt lat="45.368465" lon="-75.83693"><ele>26.0</ele><time>2024-07-09T22:48:46Z</time></trkpt>
<trkpt lat="45.368443" lon="-75.836939"><ele>26.0</ele><time>2024-07-09T22:48:47Z</time></trkpt>
<trkpt lat="45.36842" lon="-75.836948"><ele>26.0</ele><time>2024-07-09T22:48:48Z</time></trkpt>
<trkpt lat="45.368395" lon="-75.836957"><ele>26.0</ele><time>2024-07-09T22:48:49Z</time></trkpt>
<trkpt lat="45.36837" lon="-75.836975"><ele>26.0</ele><time>2024-07-09T22:48:50Z</time></trkpt>
<trkpt lat="45.368351" lon="-75.836984"><ele>26.0</ele><time>2024-07-09T22:48:51Z</time></trkpt>
<trkpt lat="45.368329" lon="-75.837002"><ele>26.0</ele><time>2024-07-09T22:48:52Z</time></trkpt>
<trkpt lat="45.368306" lon="-75.83702"><ele>26.0</ele><time>2024-07-09T22:48:53Z</time></trkpt>
<trkpt lat="45.368284" lon="-75.837038"><ele>26.0</ele><time>2024-07-09T22:48:54Z</time></trkpt>
<trkpt lat="45.368262" lon="-75.837056"><ele>26.0</ele><time>2024-07-09T22:48:55Z</time></trkpt>
<trkpt lat="45.36824" lon="-75.837074"><ele>27.0</ele><time>2024-07-09T22:48:56Z</time></trkpt>
<trkpt lat="45.368218" lon="-75.837091"><ele>27.0</ele><time>2024-07-09T22:48:57Z</time></trkpt>
<trkpt lat="45.368199" lon="-75.837118"><ele>27.0</ele><time>2024-07-09T22:48:58Z</time></trkpt>
<trkpt lat="45.36818" lon="-75.837136"><ele>27.0</ele><time>2024-07-09T22:48:59Z</time></trkpt>
<trkpt lat="45.368161" lon="-75.837154"><ele>28.0</ele><time>2024-07-09T22:49:00Z</time></trkpt>
<trkpt lat="45.368132" lon="-75.837181"><ele>28.0</ele><time>2024-07-09T22:49:01Z</time></trkpt>
<trkpt lat="45.368104" lon="-75.83719"><ele>27.0</ele><time>2024-07-09T22:49:02Z</time></trkpt>
<trkpt lat="45.368082" lon="-75.837217"><ele>28.0</ele><time>2024-07-09T22:49:03Z</time></trkpt>
<trkpt lat="45.368069" lon="-75.837244"><ele>28.0</ele><time>2024-07-09T22:49:04Z</time></trkpt>
<trkpt lat="45.368053" lon="-75.837271"><ele>28.0</ele><time>2024-07-09T22:49:05Z</time></trkpt>
<trkpt lat="45.368037" lon="-75.837289"><ele>28.0</ele><time>2024-07-09T22:49:06Z</time></trkpt>
<trkpt lat="45.368021" lon="-75.837316"><ele>28.0</ele><time>2024-07-09T22:49:07Z</time></trkpt>
<trkpt lat="45.368002" lon="-75.837343"><ele>28.0</ele><time>2024-07-09T22:49:08Z</time></trkpt>
<trkpt lat="45.367983" lon="-75.837361"><ele>28.0</ele><time>2024-07-09T22:49:09Z</time></trkpt>
<trkpt lat="45.367965" lon="-75.837379"><ele>28.0</ele><time>2024-07-09T22:49:10Z</time></trkpt>
<trkpt lat="45.367942" lon="-75.837397"><ele>28.0</ele><time>2024-07-09T22:49:11Z</time></trkpt>
<trkpt lat="45.367923" lon="-75.837415"><ele>28.0</ele><time>2024-07-09T22:49:12Z</time></trkpt>
<trkpt lat="45.367901" lon="-75.837433"><ele>28.0</ele><time>2024-07-09T22:49:13Z</time></trkpt>
<trkpt lat="45.367879" lon="-75.837451"><ele>28.0</ele><time>2024-07-09T22:49:14Z</time></trkpt>
<trkpt lat="45.367857" lon="-75.837469"><ele>28.0</ele><time>2024-07-09T22:49:15Z</time></trkpt>
<trkpt lat="45.367835" lon="-75.837487"><ele>28.0</ele><time>2024-07-09T22:49:16Z</time></trkpt>
<trkpt lat="45.367809" lon="-75.837505"><ele>28.0</ele><time>2024-07-09T22:49:17Z</time></trkpt>
<trkpt lat="45.367787" lon="-75.837514"><ele>28.0</ele><time>2024-07-09T22:49:18Z</time></trkpt>
<trkpt lat="45.367765" lon="-75.837532"><ele>28.0</ele><time>2024-07-09T22:49:19Z</time></trkpt>
<trkpt lat="45.367743" lon="-75.83755"><ele>28.0</ele><time>2024-07-09T22:49:20Z</time></trkpt>
<trkpt lat="45.367718" lon="-75.837568"><ele>28.0</ele><time>2024-07-09T22:49:21Z</time></trkpt>
<trkpt lat="45.367695" lon="-75.837577"><ele>28.0</ele><time>2024-07-09T22:49:22Z</time></trkpt>
<trkpt lat="45.367673" lon="-75.837595"><ele>28.0</ele><time>2024-07-09T22:49:23Z</time></trkpt>
<trkpt lat="45.367651" lon="-75.837612"><ele>28.0</ele><time>2024-07-09T22:49:24Z</time></trkpt>
<trkpt lat="45.367626" lon="-75.83763"><ele>28.0</ele><time>2024-07-09T22:49:25Z</time></trkpt>
<trkpt lat="45.367604" lon="-75.837648"><ele>27.0</ele><time>2024-07-09T22:49:26Z</time></trkpt>
<trkpt lat="45.367581" lon="-75.837657"><ele>27.0</ele><time>2024-07-09T22:49:27Z</time></trkpt>
<trkpt lat="45.367556" lon="-75.837675"><ele>27.0</ele><time>2024-07-09T22:49:28Z</time></trkpt>
<trkpt lat="45.367531" lon="-75.837684"><ele>27.0</ele><time>2024-07-09T22:49:29Z</time></trkpt>
<trkpt lat="45.367509" lon="-75.837693"><ele>27.0</ele><time>2024-07-09T22:49:30Z</time></trkpt>
<trkpt lat="45.367483" lon="-75.837711"><ele>27.0</ele><time>2024-07-09T22:49:31Z</time></trkpt>
<trkpt lat="45.367458" lon="-75.83772"><ele>27.0</ele><time>2024-07-09T22:49:32Z</time></trkpt>
<trkpt lat="45.367436" lon="-75.837729"><ele>27.0</ele><time>2024-07-09T22:49:33Z</time></trkpt>
<trkpt lat="45.36741" lon="-75.837738"><ele>27.0</ele><time>2024-07-09T22:49:34Z</time></trkpt>
<trkpt lat="45.367385" lon="-75.837756"><ele>28.0</ele><time>2024-07-09T22:49:35Z</time></trkpt>
<trkpt lat="45.367363" lon="-75.837765"><ele>28.0</ele><time>2024-07-09T22:49:36Z</time></trkpt>
<trkpt lat="45.367338" lon="-75.837774"><ele>28.0</ele><time>2024-07-09T22:49:37Z</time></trkpt>
<trkpt lat="45.367312" lon="-75.837792"><ele>28.0</ele><time>2024-07-09T22:49:38Z</time></trkpt>
<trkpt lat="45.36729" lon="-75.837801"><ele>28.0</ele><time>2024-07-09T22:49:39Z</time></trkpt>
<trkpt lat="45.367268" lon="-75.83781"><ele>28.0</ele><time>2024-07-09T22:49:40Z</time></trkpt>
<trkpt lat="45.367246" lon="-75.837819"><ele>28.0</ele><time>2024-07-09T22:49:41Z</time></trkpt>
<trkpt lat="45.36722" lon="-75.837837"><ele>27.0</ele><time>2024-07-09T22:49:42Z</time></trkpt>
<trkpt lat="45.367195" lon="-75.837846"><ele>28.0</ele><time>2024-07-09T22:49:43Z</time></trkpt>
<trkpt lat="45.367173" lon="-75.837855"><ele>27.0</ele><time>2024-07-09T22:49:44Z</time></trkpt>
<trkpt lat="45.367148" lon="-75.837873"><ele>28.0</ele><time>2024-07-09T22:49:45Z</time></trkpt>
<trkpt lat="45.367132" lon="-75.837891"><ele>27.0</ele><time>2024-07-09T22:49:46Z</time></trkpt>
<trkpt lat="45.36711" lon="-75.837909"><ele>28.0</ele><time>2024-07-09T22:49:47Z</time></trkpt>
<trkpt lat="45.367084" lon="-75.837918"><ele>28.0</ele><time>2024-07-09T22:49:48Z</time></trkpt>
<trkpt lat="45.367062" lon="-75.837936"><ele>28.0</ele><time>2024-07-09T22:49:49Z</time></trkpt>
<trkpt lat="45.36704" lon="-75.837954"><ele>29.0</ele><time>2024-07-09T22:49:50Z</time></trkpt>
<trkpt lat="45.367018" lon="-75.837972"><ele>29.0</ele><time>2024-07-09T22:49:51Z</time></trkpt>
<trkpt lat="45.366993" lon="-75.837981"><ele>29.0</ele><time>2024-07-09T22:49:52Z</time></trkpt>
<trkpt lat="45.366967" lon="-75.837999"><ele>29.0</ele><time>2024-07-09T22:49:53Z</time></trkpt>
<trkpt lat="45.366945" lon="-75.838008"><ele>28.0</ele><time>2024-07-09T22:49:54Z</time></trkpt>
<trkpt lat="45.36692" lon="-75.838017"><ele>29.0</ele><time>2024-07-09T22:49:55Z</time></trkpt>
<trkpt lat="45.366894" lon="-75.838026"><ele>29.0</ele><time>2024-07-09T22:49:56Z</time></trkpt>
<trkpt lat="45.366866" lon="-75.838035"><ele>29.0</ele><time>2024-07-09T22:49:57Z</time></trkpt>
<trkpt lat="45.366844" lon="-75.838044"><ele>29.0</ele><time>2024-07-09T22:49:58Z</time></trkpt>
<trkpt lat="45.366818" lon="-75.838053"><ele>29.0</ele><time>2024-07-09T22:49:59Z</time></trkpt>
<trkpt lat="45.366793" lon="-75.838071"><ele>29.0</ele><time>2024-07-09T22:50:00Z</time></trkpt>
<trkpt lat="45.366768" lon="-75.83808"><ele>28.0</ele><time>2024-07-09T22:50:01Z</time></trkpt>
<trkpt lat="45.366742" lon="-75.838089"><ele>28.0</ele><time>2024-07-09T22:50:02Z</time></trkpt>
<trkpt lat="45.366714" lon="-75.838107"><ele>28.0</ele><time>2024-07-09T22:50:03Z</time></trkpt>
<trkpt lat="45.366689" lon="-75.838116"><ele>28.0</ele><time>2024-07-09T22:50:04Z</time></trkpt>
<trkpt lat="45.366663" lon="-75.838133"><ele>28.0</ele><time>2024-07-09T22:50:05Z</time></trkpt>
<trkpt lat="45.366638" lon="-75.838142"><ele>28.0</ele><time>2024-07-09T22:50:06Z</time></trkpt>
<trkpt lat="45.366616" lon="-75.838151"><ele>28.0</ele><time>2024-07-09T22:50:07Z</time></trkpt>
<trkpt lat="45.36659" lon="-75.83816"><ele>28.0</ele><time>2024-07-09T22:50:08Z</time></trkpt>
<trkpt lat="45.366568" lon="-75.838178"><ele>28.0</ele><time>2024-07-09T22:50:09Z</time></trkpt>
<trkpt lat="45.366543" lon="-75.838187"><ele>28.0</ele><time>2024-07-09T22:50:10Z</time></trkpt>
<trkpt lat="45.366518" lon="-75.838196"><ele>28.0</ele><time>2024-07-09T22:50:11Z</time></trkpt>
<trkpt lat="45.366492" lon="-75.838205"><ele>28.0</ele><time>2024-07-09T22:50:12Z</time></trkpt>
<trkpt lat="45.366467" lon="-75.838214"><ele>28.0</ele><time>2024-07-09T22:50:13Z</time></trkpt>
<trkpt lat="45.366442" lon="-75.838214"><ele>28.0</ele><time>2024-07-09T22:50:14Z</time></trkpt>
<trkpt lat="45.366416" lon="-75.838223"><ele>28.0</ele><time>2024-07-09T22:50:15Z</time></trkpt>
<trkpt lat="45.366391" lon="-75.838232"><ele>28.0</ele><time>2024-07-09T22:50:16Z</time></trkpt>
<trkpt lat="45.366366" lon="-75.838241"><ele>28.0</ele><time>2024-07-09T22:50:17Z</time></trkpt>
<trkpt lat="45.366337" lon="-75.83825"><ele>28.0</ele><time>2024-07-09T22:50:18Z</time></trkpt>
<trkpt lat="45.366312" lon="-75.83825"><ele>28.0</ele><time>2024-07-09T22:50:19Z</time></trkpt>
<trkpt lat="45.366287" lon="-75.838259"><ele>28.0</ele><time>2024-07-09T22:50:20Z</time></trkpt>
<trkpt lat="45.366261" lon="-75.838268"><ele>28.0</ele><time>2024-07-09T22:50:21Z</time></trkpt>
<trkpt lat="45.366239" lon="-75.838277"><ele>28.0</ele><time>2024-07-09T22:50:22Z</time></trkpt>
<trkpt lat="45.366214" lon="-75.838286"><ele>28.0</ele><time>2024-07-09T22:50:23Z</time></trkpt>
<trkpt lat="45.366188" lon="-75.838295"><ele>28.0</ele><time>2024-07-09T22:50:24Z</time></trkpt>
<trkpt lat="45.366163" lon="-75.838313"><ele>28.0</ele><time>2024-07-09T22:50:25Z</time></trkpt>
<trkpt lat="45.366138" lon="-75.838322"><ele>28.0</ele><time>2024-07-09T22:50:26Z</time></trkpt>
<trkpt lat="45.366112" lon="-75.838331"><ele>28.0</ele><time>2024-07-09T22:50:27Z</time></trkpt>
<trkpt lat="45.36609" lon="-75.83834"><ele>28.0</ele><time>2024-07-09T22:50:28Z</time></trkpt>
<trkpt lat="45.366065" lon="-75.838349"><ele>28.0</ele><time>2024-07-09T22:50:29Z</time></trkpt>
<trkpt lat="45.366036" lon="-75.838358"><ele>28.0</ele><time>2024-07-09T22:50:30Z</time></trkpt>
<trkpt lat="45.366011" lon="-75.838367"><ele>28.0</ele><time>2024-07-09T22:50:31Z</time></trkpt>
<trkpt lat="45.365986" lon="-75.838376"><ele>28.0</ele><time>2024-07-09T22:50:32Z</time></trkpt>
<trkpt lat="45.36596" lon="-75.838385"><ele>28.0</ele><time>2024-07-09T22:50:33Z</time></trkpt>
<trkpt lat="45.365932" lon="-75.838394"><ele>28.0</ele><time>2024-07-09T22:50:34Z</time></trkpt>
<trkpt lat="45.365907" lon="-75.838403"><ele>28.0</ele><time>2024-07-09T22:50:35Z</time></trkpt>
<trkpt lat="45.365881" lon="-75.838403"><ele>28.0</ele><time>2024-07-09T22:50:36Z</time></trkpt>
<trkpt lat="45.365856" lon="-75.838412"><ele>28.0</ele><time>2024-07-09T22:50:37Z</time></trkpt>
<trkpt lat="45.365831" lon="-75.838421"><ele>28.0</ele><time>2024-07-09T22:50:38Z</time></trkpt>
<trkpt lat="45.365802" lon="-75.838421"><ele>28.0</ele><time>2024-07-09T22:50:39Z</time></trkpt>
<trkpt lat="45.365777" lon="-75.83843"><ele>28.0</ele><time>2024-07-09T22:50:40Z</time></trkpt>
<trkpt lat="45.365751" lon="-75.83843"><ele>28.0</ele><time>2024-07-09T22:50:41Z</time></trkpt>
<trkpt lat="45.365726" lon="-75.838439"><ele>28.0</ele><time>2024-07-09T22:50:42Z</time></trkpt>
<trkpt lat="45.365701" lon="-75.838448"><ele>28.0</ele><time>2024-07-09T22:50:43Z</time></trkpt>
<trkpt lat="45.365675" lon="-75.838448"><ele>28.0</ele><time>2024-07-09T22:50:44Z</time></trkpt>
<trkpt lat="45.36565" lon="-75.838457"><ele>28.0</ele><time>2024-07-09T22:50:45Z</time></trkpt>
<trkpt lat="45.365622" lon="-75.838466"><ele>28.0</ele><time>2024-07-09T22:50:46Z</time></trkpt>
<trkpt lat="45.365596" lon="-75.838466"><ele>28.0</ele><time>2024-07-09T22:50:47Z</time></trkpt>
<trkpt lat="45.365571" lon="-75.838475"><ele>29.0</ele><time>2024-07-09T22:50:48Z</time></trkpt>
<trkpt lat="45.365546" lon="-75.838475"><ele>28.0</ele><time>2024-07-09T22:50:49Z</time></trkpt>
<trkpt lat="45.365517" lon="-75.838475"><ele>28.0</ele><time>2024-07-09T22:50:50Z</time></trkpt>
<trkpt lat="45.365492" lon="-75.838484"><ele>28.0</ele><time>2024-07-09T22:50:51Z</time></trkpt>
<trkpt lat="45.365463" lon="-75.838484"><ele>28.0</ele><time>2024-07-09T22:50:52Z</time></trkpt>
<trkpt lat="45.365438" lon="-75.838493"><ele>28.0</ele><time>2024-07-09T22:50:53Z</time></trkpt>
<trkpt lat="45.365409" lon="-75.838493"><ele>28.0</ele><time>2024-07-09T22:50:54Z</time></trkpt>
<trkpt lat="45.365381" lon="-75.838502"><ele>27.0</ele><time>2024-07-09T22:50:55Z</time></trkpt>
<trkpt lat="45.365352" lon="-75.838502"><ele>27.0</ele><time>2024-07-09T22:50:56Z</time></trkpt>
<trkpt lat="45.365327" lon="-75.838511"><ele>27.0</ele><time>2024-07-09T22:50:57Z</time></trkpt>
<trkpt lat="45.365299" lon="-75.838511"><ele>27.0</ele><time>2024-07-09T22:50:58Z</time></trkpt>
<trkpt lat="45.365273" lon="-75.838511"><ele>27.0</ele><time>2024-07-09T22:50:59Z</time></trkpt>
<trkpt lat="45.365245" lon="-75.838511"><ele>27.0</ele><time>2024-07-09T22:51:00Z</time></trkpt>
<trkpt lat="45.365216" lon="-75.838511"><ele>27.0</ele><time>2024-07-09T22:51:01Z</time></trkpt>
<trkpt lat="45.365188" lon="-75.838511"><ele>27.0</ele><time>2024-07-09T22:51:02Z</time></trkpt>
<trkpt lat="45.365163" lon="-75.838511"><ele>27.0</ele><time>2024-07-09T22:51:03Z</time></trkpt>
<trkpt lat="45.36514" lon="-75.838502"><ele>27.0</ele><time>2024-07-09T22:51:04Z</time></trkpt>
<trkpt lat="45.365112" lon="-75.838502"><ele>26.0</ele><time>2024-07-09T22:51:05Z</time></trkpt>
<trkpt lat="45.365087" lon="-75.838502"><ele>27.0</ele><time>2024-07-09T22:51:06Z</time></trkpt>
<trkpt lat="45.365058" lon="-75.838493"><ele>27.0</ele><time>2024-07-09T22:51:07Z</time></trkpt>
<trkpt lat="45.365033" lon="-75.838493"><ele>27.0</ele><time>2024-07-09T22:51:08Z</time></trkpt>
<trkpt lat="45.365004" lon="-75.838493"><ele>27.0</ele><time>2024-07-09T22:51:09Z</time></trkpt>
<trkpt lat="45.364979" lon="-75.838493"><ele>27.0</ele><time>2024-07-09T22:51:10Z</time></trkpt>
<trkpt lat="45.36495" lon="-75.838493"><ele>27.0</ele><time>2024-07-09T22:51:11Z</time></trkpt>
<trkpt lat="45.364922" lon="-75.838493"><ele>27.0</ele><time>2024-07-09T22:51:12Z</time></trkpt>
<trkpt lat="45.364893" lon="-75.838493"><ele>27.0</ele><time>2024-07-09T22:51:13Z</time></trkpt>
<trkpt lat="45.364868" lon="-75.838502"><ele>27.0</ele><time>2024-07-09T22:51:14Z</time></trkpt>
<trkpt lat="45.36484" lon="-75.838502"><ele>27.0</ele><time>2024-07-09T22:51:15Z</time></trkpt>
<trkpt lat="45.364814" lon="-75.838511"><ele>27.0</ele><time>2024-07-09T22:51:16Z</time></trkpt>
<trkpt lat="45.364786" lon="-75.83852"><ele>27.0</ele><time>2024-07-09T22:51:17Z</time></trkpt>
<trkpt lat="45.36476" lon="-75.83852"><ele>27.0</ele><time>2024-07-09T22:51:18Z</time></trkpt>
<trkpt lat="45.364735" lon="-75.838529"><ele>27.0</ele><time>2024-07-09T22:51:19Z</time></trkpt>
<trkpt lat="45.364707" lon="-75.838538"><ele>27.0</ele><time>2024-07-09T22:51:20Z</time></trkpt>
<trkpt lat="45.364681" lon="-75.838547"><ele>27.0</ele><time>2024-07-09T22:51:21Z</time></trkpt>
<trkpt lat="45.364656" lon="-75.838565"><ele>27.0</ele><time>2024-07-09T22:51:22Z</time></trkpt>
<trkpt lat="45.364631" lon="-75.838574"><ele>27.0</ele><time>2024-07-09T22:51:23Z</time></trkpt>
<trkpt lat="45.364602" lon="-75.838574"><ele>27.0</ele><time>2024-07-09T22:51:24Z</time></trkpt>
<trkpt lat="45.364577" lon="-75.838583"><ele>27.0</ele><time>2024-07-09T22:51:25Z</time></trkpt>
<trkpt lat="45.364548" lon="-75.838592"><ele>27.0</ele><time>2024-07-09T22:51:26Z</time></trkpt>
<trkpt lat="45.364523" lon="-75.838601"><ele>27.0</ele><time>2024-07-09T22:51:27Z</time></trkpt>
<trkpt lat="45.364494" lon="-75.83861"><ele>27.0</ele><time>2024-07-09T22:51:28Z</time></trkpt>
<trkpt lat="45.364469" lon="-75.838619"><ele>27.0</ele><time>2024-07-09T22:51:29Z</time></trkpt>
<trkpt lat="45.364441" lon="-75.838628"><ele>27.0</ele><time>2024-07-09T22:51:30Z</time></trkpt>
<trkpt lat="45.364415" lon="-75.838637"><ele>27.0</ele><time>2024-07-09T22:51:31Z</time></trkpt>
<trkpt lat="45.36439" lon="-75.838637"><ele>27.0</ele><time>2024-07-09T22:51:32Z</time></trkpt>
<trkpt lat="45.364361" lon="-75.838645"><ele>27.0</ele><time>2024-07-09T22:51:33Z</time></trkpt>
<trkpt lat="45.364336" lon="-75.838654"><ele>27.0</ele><time>2024-07-09T22:51:34Z</time></trkpt>
<trkpt lat="45.364308" lon="-75.838663"><ele>27.0</ele><time>2024-07-09T22:51:35Z</time></trkpt>
<trkpt lat="45.364282" lon="-75.838672"><ele>27.0</ele><time>2024-07-09T22:51:36Z</time></trkpt>
<trkpt lat="45.364254" lon="-75.838681"><ele>27.0</ele><time>2024-07-09T22:51:37Z</time></trkpt>
<trkpt lat="45.364229" lon="-75.83869"><ele>27.0</ele><time>2024-07-09T22:51:38Z</time></trkpt>
<trkpt lat="45.3642" lon="-75.83869"><ele>27.0</ele><time>2024-07-09T22:51:39Z</time></trkpt>
<trkpt lat="45.364175" lon="-75.838699"><ele>27.0</ele><time>2024-07-09T22:51:40Z</time></trkpt>
<trkpt lat="45.364146" lon="-75.838717"><ele>26.0</ele><time>2024-07-09T22:51:41Z</time></trkpt>
<trkpt lat="45.364121" lon="-75.838726"><ele>27.0</ele><time>2024-07-09T22:51:42Z</time></trkpt>
<trkpt lat="45.364096" lon="-75.838735"><ele>27.0</ele><time>2024-07-09T22:51:43Z</time></trkpt>
<trkpt lat="45.36407" lon="-75.838744"><ele>27.0</ele><time>2024-07-09T22:51:44Z</time></trkpt>
<trkpt lat="45.364042" lon="-75.838762"><ele>27.0</ele><time>2024-07-09T22:51:45Z</time></trkpt>
<trkpt lat="45.36402" lon="-75.838771"><ele>27.0</ele><time>2024-07-09T22:51:46Z</time></trkpt>
<trkpt lat="45.363994" lon="-75.838789"><ele>27.0</ele><time>2024-07-09T22:51:47Z</time></trkpt>
<trkpt lat="45.363969" lon="-75.838798"><ele>27.0</ele><time>2024-07-09T22:51:48Z</time></trkpt>
<trkpt lat="45.363944" lon="-75.838816"><ele>27.0</ele><time>2024-07-09T22:51:49Z</time></trkpt>
<trkpt lat="45.363918" lon="-75.838825"><ele>27.0</ele><time>2024-07-09T22:51:50Z</time></trkpt>
<trkpt lat="45.363893" lon="-75.838843"><ele>27.0</ele><time>2024-07-09T22:51:51Z</time></trkpt>
<trkpt lat="45.363868" lon="-75.838861"><ele>27.0</ele><time>2024-07-09T22:51:52Z</time></trkpt>
<trkpt lat="45.363845" lon="-75.83887"><ele>27.0</ele><time>2024-07-09T22:51:53Z</time></trkpt>
<trkpt lat="45.36382" lon="-75.838888"><ele>27.0</ele><time>2024-07-09T22:51:54Z</time></trkpt>
<trkpt lat="45.363795" lon="-75.838906"><ele>27.0</ele><time>2024-07-09T22:51:55Z</time></trkpt>
<trkpt lat="45.363769" lon="-75.838915"><ele>27.0</ele><time>2024-07-09T22:51:56Z</time></trkpt>
<trkpt lat="45.363744" lon="-75.838933"><ele>27.0</ele><time>2024-07-09T22:51:57Z</time></trkpt>
<trkpt lat="45.363719" lon="-75.838951"><ele>27.0</ele><time>2024-07-09T22:51:58Z</time></trkpt>
<trkpt lat="45.363693" lon="-75.83896"><ele>27.0</ele><time>2024-07-09T22:51:59Z</time></trkpt>
<trkpt lat="45.363668" lon="-75.838978"><ele>27.0</ele><time>2024-07-09T22:52:00Z</time></trkpt>
<trkpt lat="45.363643" lon="-75.838987"><ele>27.0</ele><time>2024-07-09T22:52:01Z</time></trkpt>
<trkpt lat="45.363617" lon="-75.839005"><ele>27.0</ele><time>2024-07-09T22:52:02Z</time></trkpt>
<trkpt lat="45.363592" lon="-75.839014"><ele>27.0</ele><time>2024-07-09T22:52:03Z</time></trkpt>
<trkpt lat="45.363564" lon="-75.839032"><ele>27.0</ele><time>2024-07-09T22:52:04Z</time></trkpt>
<trkpt lat="45.363538" lon="-75.839041"><ele>27.0</ele><time>2024-07-09T22:52:05Z</time></trkpt>
<trkpt lat="45.363513" lon="-75.839059"><ele>27.0</ele><time>2024-07-09T22:52:06Z</time></trkpt>
<trkpt lat="45.363488" lon="-75.839068"><ele>27.0</ele><time>2024-07-09T22:52:07Z</time></trkpt>
<trkpt lat="45.363462" lon="-75.839086"><ele>27.0</ele><time>2024-07-09T22:52:08Z</time></trkpt>
<trkpt lat="45.363437" lon="-75.839095"><ele>27.0</ele><time>2024-07-09T22:52:09Z</time></trkpt>
<trkpt lat="45.363412" lon="-75.839104"><ele>27.0</ele><time>2024-07-09T22:52:10Z</time></trkpt>
<trkpt lat="45.363386" lon="-75.839122"><ele>27.0</ele><time>2024-07-09T22:52:11Z</time></trkpt>
<trkpt lat="45.363361" lon="-75.839131"><ele>27.0</ele><time>2024-07-09T22:52:12Z</time></trkpt>
<trkpt lat="45.363336" lon="-75.839149"><ele>27.0</ele><time>2024-07-09T22:52:13Z</time></trkpt>
<trkpt lat="45.36331" lon="-75.839158"><ele>27.0</ele><time>2024-07-09T22:52:14Z</time></trkpt>
<trkpt lat="45.363285" lon="-75.839166"><ele>27.0</ele><time>2024-07-09T22:52:15Z</time></trkpt>
<trkpt lat="45.363256" lon="-75.839184"><ele>27.0</ele><time>2024-07-09T22:52:16Z</time></trkpt>
<trkpt lat="45.363231" lon="-75.839193"><ele>27.0</ele><time>2024-07-09T22:52:17Z</time></trkpt>
<trkpt lat="45.363206" lon="-75.839202"><ele>27.0</ele><time>2024-07-09T22:52:18Z</time></trkpt>
<trkpt lat="45.36318" lon="-75.83922"><ele>27.0</ele><time>2024-07-09T22:52:19Z</time></trkpt>
<trkpt lat="45.363152" lon="-75.839229"><ele>27.0</ele><time>2024-07-09T22:52:20Z</time></trkpt>
<trkpt lat="45.363127" lon="-75.839238"><ele>27.0</ele><time>2024-07-09T22:52:21Z</time></trkpt>
<trkpt lat="45.363101" lon="-75.839247"><ele>27.0</ele><time>2024-07-09T22:52:22Z</time></trkpt>
<trkpt lat="45.363076" lon="-75.839256"><ele>27.0</ele><time>2024-07-09T22:52:23Z</time></trkpt>
<trkpt lat="45.363051" lon="-75.839265"><ele>27.0</ele><time>2024-07-09T22:52:24Z</time></trkpt>
<trkpt lat="45.363022" lon="-75.839283"><ele>27.0</ele><time>2024-07-09T22:52:25Z</time></trkpt>
<trkpt lat="45.362997" lon="-75.839292"><ele>27.0</ele><time>2024-07-09T22:52:26Z</time></trkpt>
<trkpt lat="45.362972" lon="-75.839301"><ele>27.0</ele><time>2024-07-09T22:52:27Z</time></trkpt>
<trkpt lat="45.362946" lon="-75.83931"><ele>27.0</ele><time>2024-07-09T22:52:28Z</time></trkpt>
<trkpt lat="45.362918" lon="-75.839319"><ele>27.0</ele><time>2024-07-09T22:52:29Z</time></trkpt>
<trkpt lat="45.362889" lon="-75.839328"><ele>27.0</ele><time>2024-07-09T22:52:30Z</time></trkpt>
<trkpt lat="45.362864" lon="-75.839337"><ele>27.0</ele><time>2024-07-09T22:52:31Z</time></trkpt>
<trkpt lat="45.362839" lon="-75.839346"><ele>27.0</ele><time>2024-07-09T22:52:32Z</time></trkpt>
<trkpt lat="45.36281" lon="-75.839355"><ele>27.0</ele><time>2024-07-09T22:52:33Z</time></trkpt>
<trkpt lat="45.362785" lon="-75.839364"><ele>27.0</ele><time>2024-07-09T22:52:34Z</time></trkpt>
<trkpt lat="45.362759" lon="-75.839373"><ele>27.0</ele><time>2024-07-09T22:52:35Z</time></trkpt>
<trkpt lat="45.362734" lon="-75.839382"><ele>27.0</ele><time>2024-07-09T22:52:36Z</time></trkpt>
<trkpt lat="45.362706" lon="-75.839391"><ele>27.0</ele><time>2024-07-09T22:52:37Z</time></trkpt>
<trkpt lat="45.36268" lon="-75.839409"><ele>27.0</ele><time>2024-07-09T22:52:38Z</time></trkpt>
<trkpt lat="45.362655" lon="-75.839418"><ele>27.0</ele><time>2024-07-09T22:52:39Z</time></trkpt>
<trkpt lat="45.362626" lon="-75.839427"><ele>27.0</ele><time>2024-07-09T22:52:40Z</time></trkpt>
<trkpt lat="45.362601" lon="-75.839436"><ele>27.0</ele><time>2024-07-09T22:52:41Z</time></trkpt>
<trkpt lat="45.362576" lon="-75.839445"><ele>27.0</ele><time>2024-07-09T22:52:42Z</time></trkpt>
<trkpt lat="45.362544" lon="-75.839454"><ele>27.0</ele><time>2024-07-09T22:52:43Z</time></trkpt>
<trkpt lat="45.362512" lon="-75.839454"><ele>27.0</ele><time>2024-07-09T22:52:44Z</time></trkpt>
<trkpt lat="45.362487" lon="-75.839463"><ele>27.0</ele><time>2024-07-09T22:52:45Z</time></trkpt>
<trkpt lat="45.362462" lon="-75.839472"><ele>27.0</ele><time>2024-07-09T22:52:46Z</time></trkpt>
<trkpt lat="45.362436" lon="-75.839481"><ele>27.0</ele><time>2024-07-09T22:52:47Z</time></trkpt>
<trkpt lat="45.362411" lon="-75.83949"><ele>26.0</ele><time>2024-07-09T22:52:48Z</time></trkpt>
<trkpt lat="45.362386" lon="-75.839508"><ele>26.0</ele><time>2024-07-09T22:52:49Z</time></trkpt>
<trkpt lat="45.36236" lon="-75.839517"><ele>26.0</ele><time>2024-07-09T22:52:50Z</time></trkpt>
<trkpt lat="45.362335" lon="-75.839526"><ele>26.0</ele><time>2024-07-09T22:52:51Z</time></trkpt>
<trkpt lat="45.36231" lon="-75.839535"><ele>26.0</ele><time>2024-07-09T22:52:52Z</time></trkpt>
<trkpt lat="45.362284" lon="-75.839544"><ele>26.0</ele><time>2024-07-09T22:52:53Z</time></trkpt>
<trkpt lat="45.362259" lon="-75.839553"><ele>26.0</ele><time>2024-07-09T22:52:54Z</time></trkpt>
<trkpt lat="45.362231" lon="-75.839562"><ele>26.0</ele><time>2024-07-09T22:52:55Z</time></trkpt>
<trkpt lat="45.362205" lon="-75.839571"><ele>26.0</ele><time>2024-07-09T22:52:56Z</time></trkpt>
<trkpt lat="45.36218" lon="-75.83958"><ele>26.0</ele><time>2024-07-09T22:52:57Z</time></trkpt>
<trkpt lat="45.362155" lon="-75.839589"><ele>26.0</ele><time>2024-07-09T22:52:58Z</time></trkpt>
<trkpt lat="45.362129" lon="-75.839598"><ele>26.0</ele><time>2024-07-09T22:52:59Z</time></trkpt>
<trkpt lat="45.362104" lon="-75.839607"><ele>26.0</ele><time>2024-07-09T22:53:00Z</time></trkpt>
<trkpt lat="45.362079" lon="-75.839616"><ele>26.0</ele><time>2024-07-09T22:53:01Z</time></trkpt>
<trkpt lat="45.362053" lon="-75.839625"><ele>26.0</ele><time>2024-07-09T22:53:02Z</time></trkpt>
<trkpt lat="45.362025" lon="-75.839634"><ele>26.0</ele><time>2024-07-09T22:53:03Z</time></trkpt>
<trkpt lat="45.361999" lon="-75.839643"><ele>26.0</ele><time>2024-07-09T22:53:04Z</time></trkpt>
<trkpt lat="45.361974" lon="-75.839661"><ele>26.0</ele><time>2024-07-09T22:53:05Z</time></trkpt>
<trkpt lat="45.361949" lon="-75.839661"><ele>26.0</ele><time>2024-07-09T22:53:06Z</time></trkpt>
<trkpt lat="45.361923" lon="-75.83967"><ele>26.0</ele><time>2024-07-09T22:53:07Z</time></trkpt>
<trkpt lat="45.361895" lon="-75.839679"><ele>26.0</ele><time>2024-07-09T22:53:08Z</time></trkpt>
<trkpt lat="45.36187" lon="-75.839687"><ele>26.0</ele><time>2024-07-09T22:53:09Z</time></trkpt>
<trkpt lat="45.361841" lon="-75.839687"><ele>26.0</ele><time>2024-07-09T22:53:10Z</time></trkpt>
<trkpt lat="45.361816" lon="-75.839696"><ele>26.0</ele><time>2024-07-09T22:53:11Z</time></trkpt>
<trkpt lat="45.361787" lon="-75.839705"><ele>26.0</ele><time>2024-07-09T22:53:12Z</time></trkpt>
<trkpt lat="45.361759" lon="-75.839705"><ele>26.0</ele><time>2024-07-09T22:53:13Z</time></trkpt>
<trkpt lat="45.361733" lon="-75.839714"><ele>26.0</ele><time>2024-07-09T22:53:14Z</time></trkpt>
<trkpt lat="45.361708" lon="-75.839714"><ele>26.0</ele><time>2024-07-09T22:53:15Z</time></trkpt>
<trkpt lat="45.36168" lon="-75.839714"><ele>26.0</ele><time>2024-07-09T22:53:16Z</time></trkpt>
<trkpt lat="45.361654" lon="-75.839723"><ele>26.0</ele><time>2024-07-09T22:53:17Z</time></trkpt>
<trkpt lat="45.361626" lon="-75.839732"><ele>26.0</ele><time>2024-07-09T22:53:18Z</time></trkpt>
<trkpt lat="45.3616" lon="-75.839732"><ele>26.0</ele><time>2024-07-09T22:53:19Z</time></trkpt>
<trkpt lat="45.361575" lon="-75.839741"><ele>26.0</ele><time>2024-07-09T22:53:20Z</time></trkpt>
<trkpt lat="45.361547" lon="-75.83975"><ele>26.0</ele><time>2024-07-09T22:53:21Z</time></trkpt>
<trkpt lat="45.361521" lon="-75.83975"><ele>26.0</ele><time>2024-07-09T22:53:22Z</time></trkpt>
<trkpt lat="45.361496" lon="-75.839759"><ele>26.0</ele><time>2024-07-09T22:53:23Z</time></trkpt>
<trkpt lat="45.361468" lon="-75.839759"><ele>26.0</ele><time>2024-07-09T22:53:24Z</time></trkpt>
<trkpt lat="45.361442" lon="-75.839768"><ele>26.0</ele><time>2024-07-09T22:53:25Z</time></trkpt>
<trkpt lat="45.361417" lon="-75.839777"><ele>26.0</ele><time>2024-07-09T22:53:26Z</time></trkpt>
<trkpt lat="45.361388" lon="-75.839777"><ele>26.0</ele><time>2024-07-09T22:53:27Z</time></trkpt>
<trkpt lat="45.36136" lon="-75.839786"><ele>26.0</ele><time>2024-07-09T22:53:28Z</time></trkpt>
<trkpt lat="45.361335" lon="-75.839786"><ele>26.0</ele><time>2024-07-09T22:53:29Z</time></trkpt>
<trkpt lat="45.361306" lon="-75.839786"><ele>26.0</ele><time>2024-07-09T22:53:30Z</time></trkpt>
<trkpt lat="45.361278" lon="-75.839786"><ele>26.0</ele><time>2024-07-09T22:53:31Z</time></trkpt>
<trkpt lat="45.361252" lon="-75.839786"><ele>26.0</ele><time>2024-07-09T22:53:32Z</time></trkpt>
<trkpt lat="45.361224" lon="-75.839795"><ele>26.0</ele><time>2024-07-09T22:53:33Z</time></trkpt>
<trkpt lat="45.361198" lon="-75.839795"><ele>26.0</ele><time>2024-07-09T22:53:34Z</time></trkpt>
<trkpt lat="45.36117" lon="-75.839795"><ele>26.0</ele><time>2024-07-09T22:53:35Z</time></trkpt>
<trkpt lat="45.361145" lon="-75.839795"><ele>26.0</ele><time>2024-07-09T22:53:36Z</time></trkpt>
<trkpt lat="45.361119" lon="-75.839795"><ele>26.0</ele><time>2024-07-09T22:53:37Z</time></trkpt>
<trkpt lat="45.361091" lon="-75.839795"><ele>27.0</ele><time>2024-07-09T22:53:38Z</time></trkpt>
<trkpt lat="45.361065" lon="-75.839795"><ele>27.0</ele><time>2024-07-09T22:53:39Z</time></trkpt>
<trkpt lat="45.36104" lon="-75.839795"><ele>27.0</ele><time>2024-07-09T22:53:40Z</time></trkpt>
<trkpt lat="45.361012" lon="-75.839786"><ele>27.0</ele><time>2024-07-09T22:53:41Z</time></trkpt>
<trkpt lat="45.360986" lon="-75.839786"><ele>26.0</ele><time>2024-07-09T22:53:42Z</time></trkpt>
<trkpt lat="45.360958" lon="-75.839786"><ele>26.0</ele><time>2024-07-09T22:53:43Z</time></trkpt>
<trkpt lat="45.360932" lon="-75.839786"><ele>26.0</ele><time>2024-07-09T22:53:44Z</time></trkpt>
<trkpt lat="45.360904" lon="-75.839777"><ele>26.0</ele><time>2024-07-09T22:53:45Z</time></trkpt>
<trkpt lat="45.360879" lon="-75.839777"><ele>26.0</ele><time>2024-07-09T22:53:46Z</time></trkpt>
<trkpt lat="45.36085" lon="-75.839777"><ele>26.0</ele><time>2024-07-09T22:53:47Z</time></trkpt>
<trkpt lat="45.360822" lon="-75.839786"><ele>26.0</ele><time>2024-07-09T22:53:48Z</time></trkpt>
<trkpt lat="45.360796" lon="-75.839786"><ele>26.0</ele><time>2024-07-09T22:53:49Z</time></trkpt>
<trkpt lat="45.360774" lon="-75.839795"><ele>26.0</ele><time>2024-07-09T22:53:50Z</time></trkpt>
<trkpt lat="45.360752" lon="-75.839795"><ele>26.0</ele><time>2024-07-09T22:53:51Z</time></trkpt>
<trkpt lat="45.36073" lon="-75.839804"><ele>26.0</ele><time>2024-07-09T22:53:52Z</time></trkpt>
<trkpt lat="45.360708" lon="-75.839813"><ele>26.0</ele><time>2024-07-09T22:53:53Z</time></trkpt>
<trkpt lat="45.360689" lon="-75.839822"><ele>26.0</ele><time>2024-07-09T22:53:54Z</time></trkpt>
<trkpt lat="45.36067" lon="-75.839831"><ele>27.0</ele><time>2024-07-09T22:53:55Z</time></trkpt>
<trkpt lat="45.360651" lon="-75.83984"><ele>27.0</ele><time>2024-07-09T22:53:56Z</time></trkpt>
<trkpt lat="45.360635" lon="-75.839849"><ele>27.0</ele><time>2024-07-09T22:53:57Z</time></trkpt>
<trkpt lat="45.360616" lon="-75.839858"><ele>27.0</ele><time>2024-07-09T22:53:58Z</time></trkpt>
<trkpt lat="45.360594" lon="-75.839867"><ele>26.0</ele><time>2024-07-09T22:53:59Z</time></trkpt>
<trkpt lat="45.360578" lon="-75.839876"><ele>27.0</ele><time>2024-07-09T22:54:00Z</time></trkpt>
<trkpt lat="45.360565" lon="-75.839885"><ele>27.0</ele><time>2024-07-09T22:54:01Z</time></trkpt>
<trkpt lat="45.360549" lon="-75.839885"><ele>27.0</ele><time>2024-07-09T22:54:02Z</time></trkpt>
<trkpt lat="45.360537" lon="-75.839894"><ele>27.0</ele><time>2024-07-09T22:54:03Z</time></trkpt>
<trkpt lat="45.360521" lon="-75.839903"><ele>26.0</ele><time>2024-07-09T22:54:04Z</time></trkpt>
<trkpt lat="45.360505" lon="-75.839903"><ele>26.0</ele><time>2024-07-09T22:54:05Z</time></trkpt>
<trkpt lat="45.360492" lon="-75.839912"><ele>26.0</ele><time>2024-07-09T22:54:06Z</time></trkpt>
<trkpt lat="45.36048" lon="-75.839912"><ele>26.0</ele><time>2024-07-09T22:54:07Z</time></trkpt>
<trkpt lat="45.360467" lon="-75.839921"><ele>26.0</ele><time>2024-07-09T22:54:08Z</time></trkpt>
<trkpt lat="45.360451" lon="-75.839921"><ele>26.0</ele><time>2024-07-09T22:54:09Z</time></trkpt>
<trkpt lat="45.360438" lon="-75.839921"><ele>26.0</ele><time>2024-07-09T22:54:10Z</time></trkpt>
<trkpt lat="45.360429" lon="-75.83993"><ele>26.0</ele><time>2024-07-09T22:54:11Z</time></trkpt>
<trkpt lat="45.360416" lon="-75.83993"><ele>26.0</ele><time>2024-07-09T22:54:12Z</time></trkpt>
<trkpt lat="45.360404" lon="-75.83993"><ele>26.0</ele><time>2024-07-09T22:54:13Z</time></trkpt>
<trkpt lat="45.360394" lon="-75.839939"><ele>26.0</ele><time>2024-07-09T22:54:14Z</time></trkpt>
<trkpt lat="45.360381" lon="-75.839939"><ele>26.0</ele><time>2024-07-09T22:54:15Z</time></trkpt>
<trkpt lat="45.360369" lon="-75.839939"><ele>26.0</ele><time>2024-07-09T22:54:16Z</time></trkpt>
<trkpt lat="45.360359" lon="-75.839939"><ele>26.0</ele><time>2024-07-09T22:54:17Z</time></trkpt>
<trkpt lat="45.360347" lon="-75.839939"><ele>26.0</ele><time>2024-07-09T22:54:18Z</time></trkpt>
<trkpt lat="45.360337" lon="-75.839948"><ele>26.0</ele><time>2024-07-09T22:54:19Z</time></trkpt>
<trkpt lat="45.360324" lon="-75.839948"><ele>26.0</ele><time>2024-07-09T22:54:20Z</time></trkpt>
<trkpt lat="45.360312" lon="-75.839948"><ele>26.0</ele><time>2024-07-09T22:54:21Z</time></trkpt>
<trkpt lat="45.360302" lon="-75.839948"><ele>26.0</ele><time>2024-07-09T22:54:22Z</time></trkpt>
<trkpt lat="45.360293" lon="-75.839957"><ele>26.0</ele><time>2024-07-09T22:54:23Z</time></trkpt>
<trkpt lat="45.36028" lon="-75.839957"><ele>26.0</ele><time>2024-07-09T22:54:24Z</time></trkpt>
<trkpt lat="45.360271" lon="-75.839957"><ele>26.0</ele><time>2024-07-09T22:54:25Z</time></trkpt>
<trkpt lat="45.360258" lon="-75.839957"><ele>26.0</ele><time>2024-07-09T22:54:26Z</time></trkpt>
<trkpt lat="45.360248" lon="-75.839957"><ele>25.0</ele><time>2024-07-09T22:54:27Z</time></trkpt>
<trkpt lat="45.360239" lon="-75.839957"><ele>25.0</ele><time>2024-07-09T22:54:28Z</time></trkpt>
<trkpt lat="45.360229" lon="-75.839966"><ele>26.0</ele><time>2024-07-09T22:54:29Z</time></trkpt>
<trkpt lat="45.36022" lon="-75.839966"><ele>26.0</ele><time>2024-07-09T22:54:30Z</time></trkpt>
<trkpt lat="45.36021" lon="-75.839966"><ele>26.0</ele><time>2024-07-09T22:54:31Z</time></trkpt>
<trkpt lat="45.360201" lon="-75.839966"><ele>26.0</ele><time>2024-07-09T22:54:32Z</time></trkpt>
<trkpt lat="45.360191" lon="-75.839966"><ele>26.0</ele><time>2024-07-09T22:54:33Z</time></trkpt>
<trkpt lat="45.360182" lon="-75.839966"><ele>26.0</ele><time>2024-07-09T22:54:34Z</time></trkpt>
<trkpt lat="45.360172" lon="-75.839966"><ele>26.0</ele><time>2024-07-09T22:54:35Z</time></trkpt>
<trkpt lat="45.360163" lon="-75.839966"><ele>26.0</ele><time>2024-07-09T22:54:36Z</time></trkpt>
<trkpt lat="45.360153" lon="-75.839975"><ele>26.0</ele><time>2024-07-09T22:54:37Z</time></trkpt>
<trkpt lat="45.360147" lon="-75.839975"><ele>26.0</ele><time>2024-07-09T22:54:38Z</time></trkpt>
<trkpt lat="45.360138" lon="-75.839975"><ele>26.0</ele><time>2024-07-09T22:54:39Z</time></trkpt>
<trkpt lat="45.360128" lon="-75.839975"><ele>26.0</ele><time>2024-07-09T22:54:40Z</time></trkpt>
<trkpt lat="45.360122" lon="-75.839975"><ele>26.0</ele><time>2024-07-09T22:54:41Z</time></trkpt>
<trkpt lat="45.360115" lon="-75.839975"><ele>26.0</ele><time>2024-07-09T22:54:42Z</time></trkpt>
<trkpt lat="45.360106" lon="-75.839975"><ele>26.0</ele><time>2024-07-09T22:54:43Z</time></trkpt>
<trkpt lat="45.3601" lon="-75.839975"><ele>26.0</ele><time>2024-07-09T22:54:44Z</time></trkpt>
<trkpt lat="45.36009" lon="-75.839975"><ele>26.0</ele><time>2024-07-09T22:54:45Z</time></trkpt>
<trkpt lat="45.360084" lon="-75.839975"><ele>26.0</ele><time>2024-07-09T22:54:46Z</time></trkpt>
<trkpt lat="45.360077" lon="-75.839975"><ele>26.0</ele><time>2024-07-09T22:54:47Z</time></trkpt>
<trkpt lat="45.360068" lon="-75.839975"><ele>26.0</ele><time>2024-07-09T22:54:48Z</time></trkpt>
<trkpt lat="45.360062" lon="-75.839984"><ele>26.0</ele><time>2024-07-09T22:54:49Z</time></trkpt>
<trkpt lat="45.360052" lon="-75.839984"><ele>27.0</ele><time>2024-07-09T22:54:50Z</time></trkpt>
<trkpt lat="45.360046" lon="-75.839984"><ele>27.0</ele><time>2024-07-09T22:54:51Z</time></trkpt>
<trkpt lat="45.360039" lon="-75.839984"><ele>27.0</ele><time>2024-07-09T22:54:52Z</time></trkpt>
<trkpt lat="45.36003" lon="-75.839984"><ele>27.0</ele><time>2024-07-09T22:54:53Z</time></trkpt>
<trkpt lat="45.360024" lon="-75.839984"><ele>27.0</ele><time>2024-07-09T22:54:54Z</time></trkpt>
<trkpt lat="45.360014" lon="-75.839984"><ele>27.0</ele><time>2024-07-09T22:54:55Z</time></trkpt>
<trkpt lat="45.360008" lon="-75.839984"><ele>27.0</ele><time>2024-07-09T22:54:56Z</time></trkpt>
<trkpt lat="45.360001" lon="-75.839984"><ele>27.0</ele><time>2024-07-09T22:54:57Z</time></trkpt>
<trkpt lat="45.359992" lon="-75.839993"><ele>27.0</ele><time>2024-07-09T22:54:58Z</time></trkpt>
<trkpt lat="45.359986" lon="-75.839993"><ele>27.0</ele><time>2024-07-09T22:54:59Z</time></trkpt>
<trkpt lat="45.359979" lon="-75.839993"><ele>27.0</ele><time>2024-07-09T22:55:00Z</time></trkpt>
<trkpt lat="45.35997" lon="-75.839993"><ele>27.0</ele><time>2024-07-09T22:55:01Z</time></trkpt>
<trkpt lat="45.359963" lon="-75.839993"><ele>27.0</ele><time>2024-07-09T22:55:02Z</time></trkpt>
<trkpt lat="45.359954" lon="-75.839993"><ele>27.0</ele><time>2024-07-09T22:55:03Z</time></trkpt>
<trkpt lat="45.359951" lon="-75.839993"><ele>27.0</ele><time>2024-07-09T22:55:04Z</time></trkpt>
<trkpt lat="45.359941" lon="-75.839993"><ele>27.0</ele><time>2024-07-09T22:55:05Z</time></trkpt>
<trkpt lat="45.359935" lon="-75.839993"><ele>27.0</ele><time>2024-07-09T22:55:06Z</time></trkpt>
<trkpt lat="45.359925" lon="-75.839993"><ele>27.0</ele><time>2024-07-09T22:55:07Z</time></trkpt>
<trkpt lat="45.359919" lon="-75.840002"><ele>28.0</ele><time>2024-07-09T22:55:08Z</time></trkpt>
<trkpt lat="45.35991" lon="-75.840011"><ele>27.0</ele><time>2024-07-09T22:55:09Z</time></trkpt>
<trkpt lat="45.359903" lon="-75.840011"><ele>27.0</ele><time>2024-07-09T22:55:10Z</time></trkpt>
<trkpt lat="45.359894" lon="-75.840002"><ele>28.0</ele><time>2024-07-09T22:55:11Z</time></trkpt>
<trkpt lat="45.359884" lon="-75.840002"><ele>28.0</ele><time>2024-07-09T22:55:12Z</time></trkpt>
<trkpt lat="45.359878" lon="-75.840002"><ele>28.0</ele><time>2024-07-09T22:55:13Z</time></trkpt>
<trkpt lat="45.359875" lon="-75.840002"><ele>28.0</ele><time>2024-07-09T22:55:14Z</time></trkpt>
<trkpt lat="45.359868" lon="-75.840011"><ele>27.0</ele><time>2024-07-09T22:55:15Z</time></trkpt>
<trkpt lat="45.359862" lon="-75.840011"><ele>28.0</ele><time>2024-07-09T22:55:16Z</time></trkpt>
<trkpt lat="45.359859" lon="-75.84002"><ele>28.0</ele><time>2024-07-09T22:55:17Z</time></trkpt>
<trkpt lat="45.359853" lon="-75.84002"><ele>28.0</ele><time>2024-07-09T22:55:18Z</time></trkpt>
<trkpt lat="45.359846" lon="-75.840029"><ele>28.0</ele><time>2024-07-09T22:55:19Z</time></trkpt>
<trkpt lat="45.35984" lon="-75.840029"><ele>29.0</ele><time>2024-07-09T22:55:20Z</time></trkpt>
<trkpt lat="45.359837" lon="-75.840038"><ele>29.0</ele><time>2024-07-09T22:55:21Z</time></trkpt>
<trkpt lat="45.35983" lon="-75.840047"><ele>29.0</ele><time>2024-07-09T22:55:22Z</time></trkpt>
<trkpt lat="45.359824" lon="-75.840047"><ele>29.0</ele><time>2024-07-09T22:55:23Z</time></trkpt>
<trkpt lat="45.359818" lon="-75.840056"><ele>29.0</ele><time>2024-07-09T22:55:24Z</time></trkpt>
<trkpt lat="45.359811" lon="-75.840056"><ele>29.0</ele><time>2024-07-09T22:55:25Z</time></trkpt>
<trkpt lat="45.359805" lon="-75.840065"><ele>29.0</ele><time>2024-07-09T22:55:26Z</time></trkpt>
<trkpt lat="45.359799" lon="-75.840065"><ele>29.0</ele><time>2024-07-09T22:55:27Z</time></trkpt>
<trkpt lat="45.359796" lon="-75.840074"><ele>29.0</ele><time>2024-07-09T22:55:28Z</time></trkpt>
<trkpt lat="45.359789" lon="-75.840074"><ele>29.0</ele><time>2024-07-09T22:55:29Z</time></trkpt>
<trkpt lat="45.359783" lon="-75.840074"><ele>29.0</ele><time>2024-07-09T22:55:30Z</time></trkpt>
<trkpt lat="45.359777" lon="-75.840083"><ele>29.0</ele><time>2024-07-09T22:55:31Z</time></trkpt>
<trkpt lat="45.35977" lon="-75.840083"><ele>29.0</ele><time>2024-07-09T22:55:32Z</time></trkpt>
<trkpt lat="45.359764" lon="-75.840092"><ele>29.0</ele><time>2024-07-09T22:55:33Z</time></trkpt>
<trkpt lat="45.359758" lon="-75.840092"><ele>29.0</ele><time>2024-07-09T22:55:34Z</time></trkpt>
<trkpt lat="45.359751" lon="-75.840092"><ele>29.0</ele><time>2024-07-09T22:55:35Z</time></trkpt>
<trkpt lat="45.359745" lon="-75.840101"><ele>29.0</ele><time>2024-07-09T22:55:36Z</time></trkpt>
<trkpt lat="45.359742" lon="-75.840101"><ele>29.0</ele><time>2024-07-09T22:55:37Z</time></trkpt>
<trkpt lat="45.359735" lon="-75.84011"><ele>29.0</ele><time>2024-07-09T22:55:38Z</time></trkpt>
<trkpt lat="45.359729" lon="-75.84011"><ele>29.0</ele><time>2024-07-09T22:55:39Z</time></trkpt>
<trkpt lat="45.359723" lon="-75.84011"><ele>29.0</ele><time>2024-07-09T22:55:40Z</time></trkpt>
<trkpt lat="45.35972" lon="-75.840119"><ele>29.0</ele><time>2024-07-09T22:55:41Z</time></trkpt>
<trkpt lat="45.359713" lon="-75.840119"><ele>29.0</ele><time>2024-07-09T22:55:42Z</time></trkpt>
<trkpt lat="45.359707" lon="-75.840128"><ele>29.0</ele><time>2024-07-09T22:55:43Z</time></trkpt>
<trkpt lat="45.359704" lon="-75.840128"><ele>29.0</ele><time>2024-07-09T22:55:44Z</time></trkpt>
<trkpt lat="45.359697" lon="-75.840128"><ele>28.0</ele><time>2024-07-09T22:55:45Z</time></trkpt>
<trkpt lat="45.359691" lon="-75.840137"><ele>28.0</ele><time>2024-07-09T22:55:46Z</time></trkpt>
<trkpt lat="45.359688" lon="-75.840137"><ele>28.0</ele><time>2024-07-09T22:55:47Z</time></trkpt>
<trkpt lat="45.359682" lon="-75.840137"><ele>28.0</ele><time>2024-07-09T22:55:48Z</time></trkpt>
<trkpt lat="45.359678" lon="-75.840146"><ele>28.0</ele><time>2024-07-09T22:55:49Z</time></trkpt>
<trkpt lat="45.359672" lon="-75.840146"><ele>28.0</ele><time>2024-07-09T22:55:50Z</time></trkpt>
<trkpt lat="45.359669" lon="-75.840146"><ele>28.0</ele><time>2024-07-09T22:55:51Z</time></trkpt>
<trkpt lat="45.359663" lon="-75.840155"><ele>28.0</ele><time>2024-07-09T22:55:52Z</time></trkpt>
<trkpt lat="45.359656" lon="-75.840155"><ele>28.0</ele><time>2024-07-09T22:55:53Z</time></trkpt>
<trkpt lat="45.359653" lon="-75.840155"><ele>28.0</ele><time>2024-07-09T22:55:54Z</time></trkpt>
<trkpt lat="45.359647" lon="-75.840164"><ele>28.0</ele><time>2024-07-09T22:55:55Z</time></trkpt>
<trkpt lat="45.359644" lon="-75.840164"><ele>28.0</ele><time>2024-07-09T22:55:56Z</time></trkpt>
<trkpt lat="45.35964" lon="-75.840164"><ele>28.0</ele><time>2024-07-09T22:55:57Z</time></trkpt>
<trkpt lat="45.359634" lon="-75.840173"><ele>28.0</ele><time>2024-07-09T22:55:58Z</time></trkpt>
<trkpt lat="45.359631" lon="-75.840173"><ele>28.0</ele><time>2024-07-09T22:55:59Z</time></trkpt>
<trkpt lat="45.359628" lon="-75.840173"><ele>28.0</ele><time>2024-07-09T22:56:00Z</time></trkpt>
<trkpt lat="45.359625" lon="-75.840173"><ele>28.0</ele><time>2024-07-09T22:56:01Z</time></trkpt>
<trkpt lat="45.359621" lon="-75.840182"><ele>28.0</ele><time>2024-07-09T22:56:02Z</time></trkpt>
<trkpt lat="45.359615" lon="-75.840182"><ele>28.0</ele><time>2024-07-09T22:56:03Z</time></trkpt>
<trkpt lat="45.359612" lon="-75.840191"><ele>28.0</ele><time>2024-07-09T22:56:04Z</time></trkpt>
<trkpt lat="45.359609" lon="-75.840191"><ele>28.0</ele><time>2024-07-09T22:56:05Z</time></trkpt>
<trkpt lat="45.359606" lon="-75.840191"><ele>28.0</ele><time>2024-07-09T22:56:06Z</time></trkpt>
<trkpt lat="45.359602" lon="-75.8402"><ele>28.0</ele><time>2024-07-09T22:56:07Z</time></trkpt>
<trkpt lat="45.359599" lon="-75.8402"><ele>28.0</ele><time>2024-07-09T22:56:08Z</time></trkpt>
<trkpt lat="45.359599" lon="-75.8402"><ele>28.0</ele><time>2024-07-09T22:56:09Z</time></trkpt>
<trkpt lat="45.359596" lon="-75.840208"><ele>29.0</ele><time>2024-07-09T22:56:10Z</time></trkpt>
<trkpt lat="45.359593" lon="-75.840208"><ele>29.0</ele><time>2024-07-09T22:56:11Z</time></trkpt>
<trkpt lat="45.35959" lon="-75.840208"><ele>29.0</ele><time>2024-07-09T22:56:12Z</time></trkpt>
<trkpt lat="45.359587" lon="-75.840217"><ele>29.0</ele><time>2024-07-09T22:56:13Z</time></trkpt>
<trkpt lat="45.359583" lon="-75.840217"><ele>29.0</ele><time>2024-07-09T22:56:14Z</time></trkpt>
<trkpt lat="45.35958" lon="-75.840217"><ele>29.0</ele><time>2024-07-09T22:56:15Z</time></trkpt>
<trkpt lat="45.359577" lon="-75.840217"><ele>29.0</ele><time>2024-07-09T22:56:16Z</time></trkpt>
<trkpt lat="45.359574" lon="-75.840217"><ele>29.0</ele><time>2024-07-09T22:56:17Z</time></trkpt>
<trkpt lat="45.359574" lon="-75.840226"><ele>29.0</ele><time>2024-07-09T22:56:18Z</time></trkpt>
<trkpt lat="45.359571" lon="-75.840226"><ele>29.0</ele><time>2024-07-09T22:56:19Z</time></trkpt>
<trkpt lat="45.359568" lon="-75.840226"><ele>29.0</ele><time>2024-07-09T22:56:20Z</time></trkpt>
<trkpt lat="45.359568" lon="-75.840226"><ele>29.0</ele><time>2024-07-09T22:56:21Z</time></trkpt>
<trkpt lat="45.359565" lon="-75.840235"><ele>29.0</ele><time>2024-07-09T22:56:22Z</time></trkpt>
<trkpt lat="45.359561" lon="-75.840235"><ele>29.0</ele><time>2024-07-09T22:56:23Z</time></trkpt>
<trkpt lat="45.359561" lon="-75.840235"><ele>29.0</ele><time>2024-07-09T22:56:24Z</time></trkpt>
<trkpt lat="45.359558" lon="-75.840235"><ele>29.0</ele><time>2024-07-09T22:56:25Z</time></trkpt>
<trkpt lat="45.359555" lon="-75.840235"><ele>29.0</ele><time>2024-07-09T22:56:26Z</time></trkpt>
<trkpt lat="45.359555" lon="-75.840235"><ele>29.0</ele><time>2024-07-09T22:56:27Z</time></trkpt>
<trkpt lat="45.359552" lon="-75.840244"><ele>29.0</ele><time>2024-07-09T22:56:28Z</time></trkpt>
<trkpt lat="45.359552" lon="-75.840244"><ele>29.0</ele><time>2024-07-09T22:56:29Z</time></trkpt>
<trkpt lat="45.359549" lon="-75.840244"><ele>29.0</ele><time>2024-07-09T22:56:30Z</time></trkpt>
<trkpt lat="45.359549" lon="-75.840244"><ele>28.0</ele><time>2024-07-09T22:56:31Z</time></trkpt>
<trkpt lat="45.359546" lon="-75.840244"><ele>28.0</ele><time>2024-07-09T22:56:32Z</time></trkpt>
<trkpt lat="45.359546" lon="-75.840244"><ele>28.0</ele><time>2024-07-09T22:56:33Z</time></trkpt>
<trkpt lat="45.359542" lon="-75.840253"><ele>29.0</ele><time>2024-07-09T22:56:34Z</time></trkpt>
<trkpt lat="45.359539" lon="-75.840253"><ele>29.0</ele><time>2024-07-09T22:56:35Z</time></trkpt>
<trkpt lat="45.359539" lon="-75.840253"><ele>28.0</ele><time>2024-07-09T22:56:36Z</time></trkpt>
<trkpt lat="45.359536" lon="-75.840253"><ele>29.0</ele><time>2024-07-09T22:56:37Z</time></trkpt>
<trkpt lat="45.359533" lon="-75.840253"><ele>29.0</ele><time>2024-07-09T22:56:38Z</time></trkpt>
<trkpt lat="45.359533" lon="-75.840253"><ele>28.0</ele><time>2024-07-09T22:56:39Z</time></trkpt>
<trkpt lat="45.35953" lon="-75.840253"><ele>29.0</ele><time>2024-07-09T22:56:40Z</time></trkpt>
<trkpt lat="45.35953" lon="-75.840262"><ele>28.0</ele><time>2024-07-09T22:56:41Z</time></trkpt>
<trkpt lat="45.359527" lon="-75.840262"><ele>28.0</ele><time>2024-07-09T22:56:42Z</time></trkpt>
<trkpt lat="45.359527" lon="-75.840262"><ele>28.0</ele><time>2024-07-09T22:56:43Z</time></trkpt>
<trkpt lat="45.359527" lon="-75.840262"><ele>28.0</ele><time>2024-07-09T22:56:44Z</time></trkpt>
<trkpt lat="45.359523" lon="-75.840262"><ele>28.0</ele><time>2024-07-09T22:56:45Z</time></trkpt>
<trkpt lat="45.35952" lon="-75.840262"><ele>28.0</ele><time>2024-07-09T22:56:46Z</time></trkpt>
<trkpt lat="45.359517" lon="-75.840262"><ele>28.0</ele><time>2024-07-09T22:56:47Z</time></trkpt>
<trkpt lat="45.359517" lon="-75.840262"><ele>28.0</ele><time>2024-07-09T22:56:48Z</time></trkpt>
<trkpt lat="45.359517" lon="-75.840262"><ele>28.0</ele><time>2024-07-09T22:56:49Z</time></trkpt>
<trkpt lat="45.359517" lon="-75.840262"><ele>28.0</ele><time>2024-07-09T22:56:50Z</time></trkpt>
<trkpt lat="45.359517" lon="-75.840262"><ele>28.0</ele><time>2024-07-09T22:56:51Z</time></trkpt>
<trkpt lat="45.359517" lon="-75.840262"><ele>28.0</ele><time>2024-07-09T22:56:52Z</time></trkpt>
<trkpt lat="45.359517" lon="-75.840262"><ele>28.0</ele><time>2024-07-09T22:56:53Z</time></trkpt>
<trkpt lat="45.359517" lon="-75.840262"><ele>29.0</ele><time>2024-07-09T22:56:54Z</time></trkpt>
<trkpt lat="45.359517" lon="-75.840262"><ele>28.0</ele><time>2024-07-09T22:56:55Z</time></trkpt>
<trkpt lat="45.359517" lon="-75.840262"><ele>28.0</ele><time>2024-07-09T22:56:56Z</time></trkpt>
<trkpt lat="45.359517" lon="-75.840262"><ele>28.0</ele><time>2024-07-09T22:56:57Z</time></trkpt>
<trkpt lat="45.359517" lon="-75.840262"><ele>28.0</ele><time>2024-07-09T22:56:58Z</time></trkpt>
<trkpt lat="45.359517" lon="-75.840262"><ele>28.0</ele><time>2024-07-09T22:56:59Z</time></trkpt>
<trkpt lat="45.359514" lon="-75.840262"><ele>28.0</ele><time>2024-07-09T22:57:00Z</time></trkpt>
<trkpt lat="45.359514" lon="-75.840262"><ele>28.0</ele><time>2024-07-09T22:57:01Z</time></trkpt>
<trkpt lat="45.359514" lon="-75.840262"><ele>28.0</ele><time>2024-07-09T22:57:02Z</time></trkpt>
<trkpt lat="45.359511" lon="-75.840262"><ele>28.0</ele><time>2024-07-09T22:57:03Z</time></trkpt>
<trkpt lat="45.359511" lon="-75.840262"><ele>28.0</ele><time>2024-07-09T22:57:04Z</time></trkpt>
<trkpt lat="45.359511" lon="-75.840262"><ele>28.0</ele><time>2024-07-09T22:57:05Z</time></trkpt>
<trkpt lat="45.359511" lon="-75.840262"><ele>28.0</ele><time>2024-07-09T22:57:06Z</time></trkpt>
<trkpt lat="45.359511" lon="-75.840262"><ele>28.0</ele><time>2024-07-09T22:57:07Z</time></trkpt>
<trkpt lat="45.359511" lon="-75.840262"><ele>28.0</ele><time>2024-07-09T22:57:08Z</time></trkpt>
<trkpt lat="45.359511" lon="-75.840262"><ele>28.0</ele><time>2024-07-09T22:57:09Z</time></trkpt>
<trkpt lat="45.359511" lon="-75.840262"><ele>28.0</ele><time>2024-07-09T22:57:10Z</time></trkpt>
<trkpt lat="45.359511" lon="-75.840262"><ele>28.0</ele><time>2024-07-09T22:57:11Z</time></trkpt>
<trkpt lat="45.359511" lon="-75.840262"><ele>28.0</ele><time>2024-07-09T22:57:12Z</time></trkpt>
<trkpt lat="45.359511" lon="-75.840262"><ele>28.0</ele><time>2024-07-09T22:57:13Z</time></trkpt>
<trkpt lat="45.359511" lon="-75.840262"><ele>28.0</ele><time>2024-07-09T22:57:14Z</time></trkpt>
<trkpt lat="45.359508" lon="-75.840262"><ele>28.0</ele><time>2024-07-09T22:57:15Z</time></trkpt>
<trkpt lat="45.359508" lon="-75.840262"><ele>28.0</ele><time>2024-07-09T22:57:16Z</time></trkpt>
<trkpt lat="45.359508" lon="-75.840262"><ele>28.0</ele><time>2024-07-09T22:57:17Z</time></trkpt>
<trkpt lat="45.359508" lon="-75.840262"><ele>28.0</ele><time>2024-07-09T22:57:18Z</time></trkpt>
<trkpt lat="45.359508" lon="-75.840262"><ele>28.0</ele><time>2024-07-09T22:57:19Z</time></trkpt>
<trkpt lat="45.359508" lon="-75.840262"><ele>28.0</ele><time>2024-07-09T22:57:20Z</time></trkpt>
<trkpt lat="45.359508" lon="-75.840262"><ele>28.0</ele><time>2024-07-09T22:57:21Z</time></trkpt>
<trkpt lat="45.359508" lon="-75.840262"><ele>28.0</ele><time>2024-07-09T22:57:22Z</time></trkpt>
<trkpt lat="45.359508" lon="-75.840262"><ele>28.0</ele><time>2024-07-09T22:57:23Z</time></trkpt>
<trkpt lat="45.359508" lon="-75.840262"><ele>28.0</ele><time>2024-07-09T22:57:24Z</time></trkpt>
<trkpt lat="45.359508" lon="-75.840262"><ele>28.0</ele><time>2024-07-09T22:57:25Z</time></trkpt>
<trkpt lat="45.359508" lon="-75.840262"><ele>28.0</ele><time>2024-07-09T22:57:26Z</time></trkpt>
<trkpt lat="45.359508" lon="-75.840262"><ele>28.0</ele><time>2024-07-09T22:57:27Z</time></trkpt>
<trkpt lat="45.359508" lon="-75.840262"><ele>28.0</ele><time>2024-07-09T22:57:28Z</time></trkpt>
<trkpt lat="45.359508" lon="-75.840262"><ele>28.0</ele><time>2024-07-09T22:57:29Z</time></trkpt>
<trkpt lat="45.359508" lon="-75.840262"><ele>28.0</ele><time>2024-07-09T22:57:30Z</time></trkpt>
<trkpt lat="45.359508" lon="-75.840262"><ele>28.0</ele><time>2024-07-09T22:57:31Z</time></trkpt>
<trkpt lat="45.359508" lon="-75.840262"><ele>28.0</ele><time>2024-07-09T22:57:32Z</time></trkpt>
<trkpt lat="45.359508" lon="-75.840262"><ele>28.0</ele><time>2024-07-09T22:57:33Z</time></trkpt>
<trkpt lat="45.359508" lon="-75.840262"><ele>28.0</ele><time>2024-07-09T22:57:34Z</time></trkpt>
<trkpt lat="45.359508" lon="-75.840262"><ele>28.0</ele><time>2024-07-09T22:57:35Z</time></trkpt>
<trkpt lat="45.359508" lon="-75.840262"><ele>28.0</ele><time>2024-07-09T22:57:36Z</time></trkpt>
<trkpt lat="45.359508" lon="-75.840262"><ele>28.0</ele><time>2024-07-09T22:57:37Z</time></trkpt>
<trkpt lat="45.359508" lon="-75.840262"><ele>28.0</ele><time>2024-07-09T22:57:38Z</time></trkpt>
<trkpt lat="45.359508" lon="-75.840262"><ele>28.0</ele><time>2024-07-09T22:57:39Z</time></trkpt>
<trkpt lat="45.359508" lon="-75.840262"><ele>28.0</ele><time>2024-07-09T22:57:40Z</time></trkpt>
<trkpt lat="45.359504" lon="-75.840262"><ele>28.0</ele><time>2024-07-09T22:57:41Z</time></trkpt>
<trkpt lat="45.359504" lon="-75.840262"><ele>28.0</ele><time>2024-07-09T22:57:42Z</time></trkpt>
<trkpt lat="45.359504" lon="-75.840262"><ele>28.0</ele><time>2024-07-09T22:57:43Z</time></trkpt>
<trkpt lat="45.359504" lon="-75.840262"><ele>28.0</ele><time>2024-07-09T22:57:44Z</time></trkpt>
<trkpt lat="45.359504" lon="-75.840262"><ele>28.0</ele><time>2024-07-09T22:57:45Z</time></trkpt>
<trkpt lat="45.359504" lon="-75.840262"><ele>28.0</ele><time>2024-07-09T22:57:46Z</time></trkpt>
<trkpt lat="45.359504" lon="-75.840262"><ele>28.0</ele><time>2024-07-09T22:57:47Z</time></trkpt>
<trkpt lat="45.359504" lon="-75.840262"><ele>28.0</ele><time>2024-07-09T22:57:48Z</time></trkpt>
<trkpt lat="45.359504" lon="-75.840262"><ele>28.0</ele><time>2024-07-09T22:57:49Z</time></trkpt>
<trkpt lat="45.359504" lon="-75.840262"><ele>28.0</ele><time>2024-07-09T22:57:50Z</time></trkpt>
<trkpt lat="45.359504" lon="-75.840262"><ele>28.0</ele><time>2024-07-09T22:57:51Z</time></trkpt>
<trkpt lat="45.359504" lon="-75.840262"><ele>28.0</ele><time>2024-07-09T22:57:52Z</time></trkpt>
<trkpt lat="45.359504" lon="-75.840262"><ele>28.0</ele><time>2024-07-09T22:57:53Z</time></trkpt>
<trkpt lat="45.359504" lon="-75.840262"><ele>28.0</ele><time>2024-07-09T22:57:54Z</time></trkpt>
<trkpt lat="45.359504" lon="-75.840262"><ele>28.0</ele><time>2024-07-09T22:57:55Z</time></trkpt>
<trkpt lat="45.359504" lon="-75.840262"><ele>28.0</ele><time>2024-07-09T22:57:56Z</time></trkpt>
<trkpt lat="45.359504" lon="-75.840262"><ele>28.0</ele><time>2024-07-09T22:57:57Z</time></trkpt>
<trkpt lat="45.359504" lon="-75.840262"><ele>28.0</ele><time>2024-07-09T22:57:58Z</time></trkpt>
<trkpt lat="45.359504" lon="-75.840262"><ele>28.0</ele><time>2024-07-09T22:57:59Z</time></trkpt>
<trkpt lat="45.359504" lon="-75.840262"><ele>28.0</ele><time>2024-07-09T22:58:00Z</time></trkpt>
<trkpt lat="45.359504" lon="-75.840262"><ele>28.0</ele><time>2024-07-09T22:58:01Z</time></trkpt>
<trkpt lat="45.359504" lon="-75.840262"><ele>28.0</ele><time>2024-07-09T22:58:02Z</time></trkpt>
<trkpt lat="45.359504" lon="-75.840262"><ele>28.0</ele><time>2024-07-09T22:58:03Z</time></trkpt>
<trkpt lat="45.359504" lon="-75.840262"><ele>28.0</ele><time>2024-07-09T22:58:04Z</time></trkpt>
<trkpt lat="45.359504" lon="-75.840262"><ele>28.0</ele><time>2024-07-09T22:58:05Z</time></trkpt>
<trkpt lat="45.359504" lon="-75.840262"><ele>28.0</ele><time>2024-07-09T22:58:06Z</time></trkpt>
<trkpt lat="45.359504" lon="-75.840262"><ele>28.0</ele><time>2024-07-09T22:58:07Z</time></trkpt>
<trkpt lat="45.359504" lon="-75.840262"><ele>28.0</ele><time>2024-07-09T22:58:08Z</time></trkpt>
<trkpt lat="45.359504" lon="-75.840262"><ele>28.0</ele><time>2024-07-09T22:58:09Z</time></trkpt>
<trkpt lat="45.359504" lon="-75.840262"><ele>28.0</ele><time>2024-07-09T22:58:10Z</time></trkpt>
<trkpt lat="45.359504" lon="-75.840253"><ele>28.0</ele><time>2024-07-09T22:58:11Z</time></trkpt>
<trkpt lat="45.359501" lon="-75.840253"><ele>28.0</ele><time>2024-07-09T22:58:12Z</time></trkpt>
<trkpt lat="45.359498" lon="-75.840244"><ele>28.0</ele><time>2024-07-09T22:58:13Z</time></trkpt>
<trkpt lat="45.359495" lon="-75.840244"><ele>28.0</ele><time>2024-07-09T22:58:14Z</time></trkpt>
<trkpt lat="45.359495" lon="-75.840244"><ele>28.0</ele><time>2024-07-09T22:58:15Z</time></trkpt>
<trkpt lat="45.359492" lon="-75.840244"><ele>28.0</ele><time>2024-07-09T22:58:16Z</time></trkpt>
<trkpt lat="45.359492" lon="-75.840244"><ele>28.0</ele><time>2024-07-09T22:58:17Z</time></trkpt>
<trkpt lat="45.359492" lon="-75.840244"><ele>28.0</ele><time>2024-07-09T22:58:18Z</time></trkpt>
<trkpt lat="45.359492" lon="-75.840235"><ele>28.0</ele><time>2024-07-09T22:58:19Z</time></trkpt>
<trkpt lat="45.359492" lon="-75.840235"><ele>28.0</ele><time>2024-07-09T22:58:20Z</time></trkpt>
<trkpt lat="45.359489" lon="-75.840235"><ele>29.0</ele><time>2024-07-09T22:58:21Z</time></trkpt>
<trkpt lat="45.359489" lon="-75.840235"><ele>29.0</ele><time>2024-07-09T22:58:22Z</time></trkpt>
<trkpt lat="45.359489" lon="-75.840235"><ele>29.0</ele><time>2024-07-09T22:58:23Z</time></trkpt>
<trkpt lat="45.359489" lon="-75.840235"><ele>29.0</ele><time>2024-07-09T22:58:24Z</time></trkpt>
<trkpt lat="45.359489" lon="-75.840235"><ele>29.0</ele><time>2024-07-09T22:58:25Z</time></trkpt>
<trkpt lat="45.359489" lon="-75.840235"><ele>29.0</ele><time>2024-07-09T22:58:26Z</time></trkpt>
<trkpt lat="45.359489" lon="-75.840235"><ele>29.0</ele><time>2024-07-09T22:58:27Z</time></trkpt>
<trkpt lat="45.359489" lon="-75.840235"><ele>29.0</ele><time>2024-07-09T22:58:28Z</time></trkpt>
<trkpt lat="45.359489" lon="-75.840235"><ele>29.0</ele><time>2024-07-09T22:58:29Z</time></trkpt>
<trkpt lat="45.359489" lon="-75.840235"><ele>29.0</ele><time>2024-07-09T22:58:30Z</time></trkpt>
<trkpt lat="45.359489" lon="-75.840235"><ele>29.0</ele><time>2024-07-09T22:58:31Z</time></trkpt>
<trkpt lat="45.359489" lon="-75.840235"><ele>29.0</ele><time>2024-07-09T22:58:32Z</time></trkpt>
<trkpt lat="45.359489" lon="-75.840235"><ele>29.0</ele><time>2024-07-09T22:58:33Z</time></trkpt>
<trkpt lat="45.359489" lon="-75.840235"><ele>29.0</ele><time>2024-07-09T22:58:34Z</time></trkpt>
<trkpt lat="45.359489" lon="-75.840235"><ele>29.0</ele><time>2024-07-09T22:58:35Z</time></trkpt>
<trkpt lat="45.359489" lon="-75.840235"><ele>29.0</ele><time>2024-07-09T22:58:36Z</time></trkpt>
<trkpt lat="45.359489" lon="-75.840235"><ele>29.0</ele><time>2024-07-09T22:58:37Z</time></trkpt>
<trkpt lat="45.359489" lon="-75.840235"><ele>29.0</ele><time>2024-07-09T22:58:38Z</time></trkpt>
<trkpt lat="45.359489" lon="-75.840235"><ele>29.0</ele><time>2024-07-09T22:58:39Z</time></trkpt>
<trkpt lat="45.359489" lon="-75.840235"><ele>29.0</ele><time>2024-07-09T22:58:40Z</time></trkpt>
<trkpt lat="45.359489" lon="-75.840235"><ele>29.0</ele><time>2024-07-09T22:58:41Z</time></trkpt>
<trkpt lat="45.359489" lon="-75.840235"><ele>29.0</ele><time>2024-07-09T22:58:42Z</time></trkpt>
<trkpt lat="45.359489" lon="-75.840235"><ele>29.0</ele><time>2024-07-09T22:58:43Z</time></trkpt>
<trkpt lat="45.359489" lon="-75.840235"><ele>29.0</ele><time>2024-07-09T22:58:44Z</time></trkpt>
<trkpt lat="45.359489" lon="-75.840235"><ele>29.0</ele><time>2024-07-09T22:58:45Z</time></trkpt>
<trkpt lat="45.359489" lon="-75.840235"><ele>29.0</ele><time>2024-07-09T22:58:46Z</time></trkpt>
<trkpt lat="45.359489" lon="-75.840235"><ele>29.0</ele><time>2024-07-09T22:58:47Z</time></trkpt>
<trkpt lat="45.359489" lon="-75.840235"><ele>28.0</ele><time>2024-07-09T22:58:48Z</time></trkpt>
<trkpt lat="45.359489" lon="-75.840235"><ele>28.0</ele><time>2024-07-09T22:58:49Z</time></trkpt>
<trkpt lat="45.359485" lon="-75.840235"><ele>28.0</ele><time>2024-07-09T22:58:50Z</time></trkpt>
<trkpt lat="45.359485" lon="-75.840235"><ele>28.0</ele><time>2024-07-09T22:58:51Z</time></trkpt>
<trkpt lat="45.359485" lon="-75.840235"><ele>28.0</ele><time>2024-07-09T22:58:52Z</time></trkpt>
<trkpt lat="45.359485" lon="-75.840235"><ele>28.0</ele><time>2024-07-09T22:58:53Z</time></trkpt>
<trkpt lat="45.359485" lon="-75.840235"><ele>28.0</ele><time>2024-07-09T22:58:54Z</time></trkpt>
<trkpt lat="45.359485" lon="-75.840235"><ele>28.0</ele><time>2024-07-09T22:58:55Z</time></trkpt>
<trkpt lat="45.359485" lon="-75.840235"><ele>28.0</ele><time>2024-07-09T22:58:56Z</time></trkpt>
<trkpt lat="45.359485" lon="-75.840235"><ele>28.0</ele><time>2024-07-09T22:58:57Z</time></trkpt>
<trkpt lat="45.359485" lon="-75.840235"><ele>28.0</ele><time>2024-07-09T22:58:58Z</time></trkpt>
<trkpt lat="45.359485" lon="-75.840235"><ele>28.0</ele><time>2024-07-09T22:58:59Z</time></trkpt>
<trkpt lat="45.359485" lon="-75.840235"><ele>28.0</ele><time>2024-07-09T22:59:00Z</time></trkpt>
<trkpt lat="45.359485" lon="-75.840235"><ele>28.0</ele><time>2024-07-09T22:59:01Z</time></trkpt>
<trkpt lat="45.359485" lon="-75.840235"><ele>28.0</ele><time>2024-07-09T22:59:02Z</time></trkpt>
<trkpt lat="45.359485" lon="-75.840235"><ele>28.0</ele><time>2024-07-09T22:59:03Z</time></trkpt>
<trkpt lat="45.359485" lon="-75.840235"><ele>28.0</ele><time>2024-07-09T22:59:04Z</time></trkpt>
<trkpt lat="45.359485" lon="-75.840235"><ele>28.0</ele><time>2024-07-09T22:59:05Z</time></trkpt>
<trkpt lat="45.359485" lon="-75.840235"><ele>28.0</ele><time>2024-07-09T22:59:06Z</time></trkpt>
<trkpt lat="45.359485" lon="-75.840235"><ele>28.0</ele><time>2024-07-09T22:59:07Z</time></trkpt>
<trkpt lat="45.359485" lon="-75.840235"><ele>28.0</ele><time>2024-07-09T22:59:08Z</time></trkpt>
<trkpt lat="45.359485" lon="-75.840235"><ele>28.0</ele><time>2024-07-09T22:59:09Z</time></trkpt>
<trkpt lat="45.359485" lon="-75.840235"><ele>28.0</ele><time>2024-07-09T22:59:10Z</time></trkpt>
<trkpt lat="45.359485" lon="-75.840235"><ele>28.0</ele><time>2024-07-09T22:59:11Z</time></trkpt>
<trkpt lat="45.359485" lon="-75.840235"><ele>28.0</ele><time>2024-07-09T22:59:12Z</time></trkpt>
<trkpt lat="45.359485" lon="-75.840235"><ele>28.0</ele><time>2024-07-09T22:59:13Z</time></trkpt>
<trkpt lat="45.359485" lon="-75.840235"><ele>28.0</ele><time>2024-07-09T22:59:14Z</time></trkpt>
<trkpt lat="45.359485" lon="-75.840235"><ele>28.0</ele><time>2024-07-09T22:59:15Z</time></trkpt>
<trkpt lat="45.359485" lon="-75.840235"><ele>28.0</ele><time>2024-07-09T22:59:16Z</time></trkpt>
<trkpt lat="45.359485" lon="-75.840235"><ele>28.0</ele><time>2024-07-09T22:59:17Z</time></trkpt>
<trkpt lat="45.359485" lon="-75.840235"><ele>29.0</ele><time>2024-07-09T22:59:18Z</time></trkpt>
<trkpt lat="45.359485" lon="-75.840235"><ele>28.0</ele><time>2024-07-09T22:59:19Z</time></trkpt>
<trkpt lat="45.359485" lon="-75.840235"><ele>29.0</ele><time>2024-07-09T22:59:20Z</time></trkpt>
<trkpt lat="45.359485" lon="-75.840235"><ele>29.0</ele><time>2024-07-09T22:59:21Z</time></trkpt>
<trkpt lat="45.359485" lon="-75.840235"><ele>28.0</ele><time>2024-07-09T22:59:22Z</time></trkpt>
<trkpt lat="45.359485" lon="-75.840235"><ele>29.0</ele><time>2024-07-09T22:59:23Z</time></trkpt>
<trkpt lat="45.359485" lon="-75.840235"><ele>28.0</ele><time>2024-07-09T22:59:24Z</time></trkpt>
<trkpt lat="45.359485" lon="-75.840235"><ele>28.0</ele><time>2024-07-09T22:59:25Z</time></trkpt>
<trkpt lat="45.359489" lon="-75.840235"><ele>28.0</ele><time>2024-07-09T22:59:26Z</time></trkpt>
<trkpt lat="45.359492" lon="-75.840226"><ele>28.0</ele><time>2024-07-09T22:59:27Z</time></trkpt>
<trkpt lat="45.359492" lon="-75.840226"><ele>28.0</ele><time>2024-07-09T22:59:28Z</time></trkpt>
<trkpt lat="45.359492" lon="-75.840226"><ele>28.0</ele><time>2024-07-09T22:59:29Z</time></trkpt>
<trkpt lat="45.359489" lon="-75.840226"><ele>28.0</ele><time>2024-07-09T22:59:30Z</time></trkpt>
<trkpt lat="45.359489" lon="-75.840226"><ele>28.0</ele><time>2024-07-09T22:59:31Z</time></trkpt>
<trkpt lat="45.359489" lon="-75.840226"><ele>28.0</ele><time>2024-07-09T22:59:32Z</time></trkpt>
<trkpt lat="45.359492" lon="-75.840226"><ele>28.0</ele><time>2024-07-09T22:59:33Z</time></trkpt>
<trkpt lat="45.359495" lon="-75.840226"><ele>28.0</ele><time>2024-07-09T22:59:34Z</time></trkpt>
<trkpt lat="45.359495" lon="-75.840226"><ele>28.0</ele><time>2024-07-09T22:59:35Z</time></trkpt>
<trkpt lat="45.359498" lon="-75.840226"><ele>28.0</ele><time>2024-07-09T22:59:36Z</time></trkpt>
<trkpt lat="45.359498" lon="-75.840217"><ele>28.0</ele><time>2024-07-09T22:59:37Z</time></trkpt>
<trkpt lat="45.359498" lon="-75.840217"><ele>28.0</ele><time>2024-07-09T22:59:38Z</time></trkpt>
<trkpt lat="45.359498" lon="-75.840226"><ele>28.0</ele><time>2024-07-09T22:59:39Z</time></trkpt>
<trkpt lat="45.359498" lon="-75.840226"><ele>28.0</ele><time>2024-07-09T22:59:40Z</time></trkpt>
<trkpt lat="45.359498" lon="-75.840226"><ele>28.0</ele><time>2024-07-09T22:59:41Z</time></trkpt>
<trkpt lat="45.359498" lon="-75.840217"><ele>28.0</ele><time>2024-07-09T22:59:42Z</time></trkpt>
<trkpt lat="45.359498" lon="-75.840217"><ele>28.0</ele><time>2024-07-09T22:59:43Z</time></trkpt>
<trkpt lat="45.359498" lon="-75.840217"><ele>28.0</ele><time>2024-07-09T22:59:44Z</time></trkpt>
<trkpt lat="45.359498" lon="-75.840217"><ele>28.0</ele><time>2024-07-09T22:59:45Z</time></trkpt>
<trkpt lat="45.359498" lon="-75.840217"><ele>28.0</ele><time>2024-07-09T22:59:46Z</time></trkpt>
<trkpt lat="45.359498" lon="-75.840217"><ele>28.0</ele><time>2024-07-09T22:59:47Z</time></trkpt>
<trkpt lat="45.359498" lon="-75.840217"><ele>28.0</ele><time>2024-07-09T22:59:48Z</time></trkpt>
<trkpt lat="45.359498" lon="-75.840217"><ele>28.0</ele><time>2024-07-09T22:59:49Z</time></trkpt>
<trkpt lat="45.359498" lon="-75.840217"><ele>28.0</ele><time>2024-07-09T22:59:50Z</time></trkpt>
<trkpt lat="45.359498" lon="-75.840217"><ele>28.0</ele><time>2024-07-09T22:59:51Z</time></trkpt>
<trkpt lat="45.359498" lon="-75.840217"><ele>28.0</ele><time>2024-07-09T22:59:52Z</time></trkpt>
<trkpt lat="45.359498" lon="-75.840217"><ele>28.0</ele><time>2024-07-09T22:59:53Z</time></trkpt>
<trkpt lat="45.359498" lon="-75.840217"><ele>28.0</ele><time>2024-07-09T22:59:54Z</time></trkpt>
<trkpt lat="45.359498" lon="-75.840226"><ele>28.0</ele><time>2024-07-09T22:59:55Z</time></trkpt>
<trkpt lat="45.359498" lon="-75.840226"><ele>28.0</ele><time>2024-07-09T22:59:56Z</time></trkpt>
<trkpt lat="45.359498" lon="-75.840226"><ele>28.0</ele><time>2024-07-09T22:59:57Z</time></trkpt>
<trkpt lat="45.359498" lon="-75.840226"><ele>28.0</ele><time>2024-07-09T22:59:58Z</time></trkpt>
<trkpt lat="45.359498" lon="-75.840226"><ele>28.0</ele><time>2024-07-09T22:59:59Z</time></trkpt>
<trkpt lat="45.359498" lon="-75.840226"><ele>28.0</ele><time>2024-07-09T23:00:00Z</time></trkpt>
<trkpt lat="45.359498" lon="-75.840226"><ele>28.0</ele><time>2024-07-09T23:00:01Z</time></trkpt>
<trkpt lat="45.359498" lon="-75.840226"><ele>28.0</ele><time>2024-07-09T23:00:02Z</time></trkpt>
<trkpt lat="45.359498" lon="-75.840226"><ele>28.0</ele><time>2024-07-09T23:00:03Z</time></trkpt>
<trkpt lat="45.359498" lon="-75.840226"><ele>28.0</ele><time>2024-07-09T23:00:04Z</time></trkpt>
<trkpt lat="45.359498" lon="-75.840226"><ele>28.0</ele><time>2024-07-09T23:00:05Z</time></trkpt>
<trkpt lat="45.359498" lon="-75.840226"><ele>28.0</ele><time>2024-07-09T23:00:06Z</time></trkpt>
<trkpt lat="45.359498" lon="-75.840226"><ele>28.0</ele><time>2024-07-09T23:00:07Z</time></trkpt>
<trkpt lat="45.359498" lon="-75.840226"><ele>28.0</ele><time>2024-07-09T23:00:08Z</time></trkpt>
<trkpt lat="45.359498" lon="-75.840226"><ele>28.0</ele><time>2024-07-09T23:00:09Z</time></trkpt>
<trkpt lat="45.359498" lon="-75.840226"><ele>28.0</ele><time>2024-07-09T23:00:10Z</time></trkpt>
<trkpt lat="45.359498" lon="-75.840226"><ele>28.0</ele><time>2024-07-09T23:00:11Z</time></trkpt>
<trkpt lat="45.359498" lon="-75.840226"><ele>28.0</ele><time>2024-07-09T23:00:12Z</time></trkpt>
<trkpt lat="45.359498" lon="-75.840226"><ele>28.0</ele><time>2024-07-09T23:00:13Z</time></trkpt>
<trkpt lat="45.359498" lon="-75.840226"><ele>28.0</ele><time>2024-07-09T23:00:14Z</time></trkpt>
<trkpt lat="45.359498" lon="-75.840226"><ele>28.0</ele><time>2024-07-09T23:00:15Z</time></trkpt>
<trkpt lat="45.359501" lon="-75.840226"><ele>28.0</ele><time>2024-07-09T23:00:16Z</time></trkpt>
<trkpt lat="45.359501" lon="-75.840226"><ele>28.0</ele><time>2024-07-09T23:00:17Z</time></trkpt>
<trkpt lat="45.359498" lon="-75.840226"><ele>28.0</ele><time>2024-07-09T23:00:18Z</time></trkpt>
<trkpt lat="45.359498" lon="-75.840235"><ele>28.0</ele><time>2024-07-09T23:00:19Z</time></trkpt>
<trkpt lat="45.359498" lon="-75.840235"><ele>29.0</ele><time>2024-07-09T23:00:20Z</time></trkpt>
<trkpt lat="45.359498" lon="-75.840235"><ele>29.0</ele><time>2024-07-09T23:00:21Z</time></trkpt>
<trkpt lat="45.359498" lon="-75.840235"><ele>29.0</ele><time>2024-07-09T23:00:22Z</time></trkpt>
<trkpt lat="45.359498" lon="-75.840244"><ele>29.0</ele><time>2024-07-09T23:00:23Z</time></trkpt>
<trkpt lat="45.359498" lon="-75.840244"><ele>29.0</ele><time>2024-07-09T23:00:24Z</time></trkpt>
<trkpt lat="45.359498" lon="-75.840244"><ele>29.0</ele><time>2024-07-09T23:00:25Z</time></trkpt>
<trkpt lat="45.359498" lon="-75.840244"><ele>29.0</ele><time>2024-07-09T23:00:26Z</time></trkpt>
<trkpt lat="45.359498" lon="-75.840244"><ele>29.0</ele><time>2024-07-09T23:00:27Z</time></trkpt>
<trkpt lat="45.359498" lon="-75.840244"><ele>29.0</ele><time>2024-07-09T23:00:28Z</time></trkpt>
<trkpt lat="45.359498" lon="-75.840244"><ele>29.0</ele><time>2024-07-09T23:00:29Z</time></trkpt>
<trkpt lat="45.359504" lon="-75.840235"><ele>29.0</ele><time>2024-07-09T23:00:30Z</time></trkpt>
<trkpt lat="45.359504" lon="-75.840235"><ele>31.0</ele><time>2024-07-09T23:00:31Z</time></trkpt>
<trkpt lat="45.359498" lon="-75.840235"><ele>31.0</ele><time>2024-07-09T23:00:32Z</time></trkpt>
<trkpt lat="45.359498" lon="-75.840235"><ele>31.0</ele><time>2024-07-09T23:00:33Z</time></trkpt>
<trkpt lat="45.359498" lon="-75.840235"><ele>31.0</ele><time>2024-07-09T23:00:34Z</time></trkpt>
<trkpt lat="45.359498" lon="-75.840235"><ele>32.0</ele><time>2024-07-09T23:00:35Z</time></trkpt>
<trkpt lat="45.359498" lon="-75.840244"><ele>32.0</ele><time>2024-07-09T23:00:36Z</time></trkpt>
<trkpt lat="45.359498" lon="-75.840244"><ele>32.0</ele><time>2024-07-09T23:00:37Z</time></trkpt>
<trkpt lat="45.359498" lon="-75.840235"><ele>32.0</ele><time>2024-07-09T23:00:38Z</time></trkpt>
<trkpt lat="45.359498" lon="-75.840235"><ele>32.0</ele><time>2024-07-09T23:00:39Z</time></trkpt>
<trkpt lat="45.359498" lon="-75.840235"><ele>32.0</ele><time>2024-07-09T23:00:40Z</time></trkpt>
<trkpt lat="45.359498" lon="-75.840235"><ele>32.0</ele><time>2024-07-09T23:00:41Z</time></trkpt>
<trkpt lat="45.359498" lon="-75.840235"><ele>32.0</ele><time>2024-07-09T23:00:42Z</time></trkpt>
<trkpt lat="45.359498" lon="-75.840235"><ele>32.0</ele><time>2024-07-09T23:00:43Z</time></trkpt>
<trkpt lat="45.359498" lon="-75.840244"><ele>32.0</ele><time>2024-07-09T23:00:44Z</time></trkpt>
<trkpt lat="45.359498" lon="-75.840244"><ele>32.0</ele><time>2024-07-09T23:00:45Z</time></trkpt>
<trkpt lat="45.359498" lon="-75.840244"><ele>32.0</ele><time>2024-07-09T23:00:46Z</time></trkpt>
<trkpt lat="45.359498" lon="-75.840244"><ele>32.0</ele><time>2024-07-09T23:00:47Z</time></trkpt>
<trkpt lat="45.359498" lon="-75.840244"><ele>32.0</ele><time>2024-07-09T23:00:48Z</time></trkpt>
<trkpt lat="45.359498" lon="-75.840244"><ele>32.0</ele><time>2024-07-09T23:00:49Z</time></trkpt>
<trkpt lat="45.359498" lon="-75.840244"><ele>32.0</ele><time>2024-07-09T23:00:50Z</time></trkpt>
<trkpt lat="45.359498" lon="-75.840244"><ele>32.0</ele><time>2024-07-09T23:00:51Z</time></trkpt>
<trkpt lat="45.359498" lon="-75.840253"><ele>32.0</ele><time>2024-07-09T23:00:52Z</time></trkpt>
<trkpt lat="45.359498" lon="-75.840253"><ele>31.0</ele><time>2024-07-09T23:00:53Z</time></trkpt>
<trkpt lat="45.359498" lon="-75.840253"><ele>31.0</ele><time>2024-07-09T23:00:54Z</time></trkpt>
<trkpt lat="45.359498" lon="-75.840253"><ele>31.0</ele><time>2024-07-09T23:00:55Z</time></trkpt>
<trkpt lat="45.359498" lon="-75.840253"><ele>31.0</ele><time>2024-07-09T23:00:56Z</time></trkpt>
<trkpt lat="45.359498" lon="-75.840253"><ele>31.0</ele><time>2024-07-09T23:00:57Z</time></trkpt>
<trkpt lat="45.359498" lon="-75.840253"><ele>31.0</ele><time>2024-07-09T23:00:58Z</time></trkpt>
<trkpt lat="45.359498" lon="-75.840253"><ele>31.0</ele><time>2024-07-09T23:00:59Z</time></trkpt>
<trkpt lat="45.359498" lon="-75.840253"><ele>31.0</ele><time>2024-07-09T23:01:00Z</time></trkpt>
<trkpt lat="45.359498" lon="-75.840253"><ele>31.0</ele><time>2024-07-09T23:01:01Z</time></trkpt>
<trkpt lat="45.359498" lon="-75.840253"><ele>31.0</ele><time>2024-07-09T23:01:02Z</time></trkpt>
<trkpt lat="45.359498" lon="-75.840253"><ele>31.0</ele><time>2024-07-09T23:01:03Z</time></trkpt>
<trkpt lat="45.359498" lon="-75.840253"><ele>31.0</ele><time>2024-07-09T23:01:04Z</time></trkpt>
<trkpt lat="45.359498" lon="-75.840253"><ele>31.0</ele><time>2024-07-09T23:01:05Z</time></trkpt>
<trkpt lat="45.359498" lon="-75.840253"><ele>31.0</ele><time>2024-07-09T23:01:06Z</time></trkpt>
<trkpt lat="45.359498" lon="-75.840253"><ele>31.0</ele><time>2024-07-09T23:01:07Z</time></trkpt>
<trkpt lat="45.359498" lon="-75.840253"><ele>31.0</ele><time>2024-07-09T23:01:08Z</time></trkpt>
<trkpt lat="45.359498" lon="-75.840253"><ele>31.0</ele><time>2024-07-09T23:01:09Z</time></trkpt>
<trkpt lat="45.359498" lon="-75.840262"><ele>31.0</ele><time>2024-07-09T23:01:10Z</time></trkpt>
<trkpt lat="45.359498" lon="-75.840262"><ele>31.0</ele><time>2024-07-09T23:01:11Z</time></trkpt>
<trkpt lat="45.359498" lon="-75.840262"><ele>31.0</ele><time>2024-07-09T23:01:12Z</time></trkpt>
<trkpt lat="45.359498" lon="-75.840262"><ele>31.0</ele><time>2024-07-09T23:01:13Z</time></trkpt>
<trkpt lat="45.359498" lon="-75.840271"><ele>31.0</ele><time>2024-07-09T23:01:14Z</time></trkpt>
<trkpt lat="45.359498" lon="-75.84028"><ele>30.0</ele><time>2024-07-09T23:01:15Z</time></trkpt>
<trkpt lat="45.359501" lon="-75.84028"><ele>30.0</ele><time>2024-07-09T23:01:16Z</time></trkpt>
<trkpt lat="45.359501" lon="-75.84028"><ele>30.0</ele><time>2024-07-09T23:01:17Z</time></trkpt>
<trkpt lat="45.359501" lon="-75.84028"><ele>30.0</ele><time>2024-07-09T23:01:18Z</time></trkpt>
<trkpt lat="45.359501" lon="-75.84028"><ele>30.0</ele><time>2024-07-09T23:01:19Z</time></trkpt>
<trkpt lat="45.359501" lon="-75.84028"><ele>30.0</ele><time>2024-07-09T23:01:20Z</time></trkpt>
<trkpt lat="45.359501" lon="-75.840289"><ele>30.0</ele><time>2024-07-09T23:01:21Z</time></trkpt>
<trkpt lat="45.359501" lon="-75.840289"><ele>30.0</ele><time>2024-07-09T23:01:22Z</time></trkpt>
<trkpt lat="45.359501" lon="-75.840289"><ele>30.0</ele><time>2024-07-09T23:01:23Z</time></trkpt>
<trkpt lat="45.359501" lon="-75.840289"><ele>30.0</ele><time>2024-07-09T23:01:24Z</time></trkpt>
<trkpt lat="45.359501" lon="-75.840289"><ele>30.0</ele><time>2024-07-09T23:01:25Z</time></trkpt>
<trkpt lat="45.359501" lon="-75.840289"><ele>30.0</ele><time>2024-07-09T23:01:26Z</time></trkpt>
<trkpt lat="45.359501" lon="-75.840289"><ele>30.0</ele><time>2024-07-09T23:01:27Z</time></trkpt>
<trkpt lat="45.359501" lon="-75.840289"><ele>29.0</ele><time>2024-07-09T23:01:28Z</time></trkpt>
<trkpt lat="45.359501" lon="-75.840289"><ele>29.0</ele><time>2024-07-09T23:01:29Z</time></trkpt>
<trkpt lat="45.359501" lon="-75.840289"><ele>29.0</ele><time>2024-07-09T23:01:30Z</time></trkpt>
<trkpt lat="45.359501" lon="-75.840289"><ele>29.0</ele><time>2024-07-09T23:01:31Z</time></trkpt>
<trkpt lat="45.359501" lon="-75.840289"><ele>29.0</ele><time>2024-07-09T23:01:32Z</time></trkpt>
<trkpt lat="45.359501" lon="-75.840289"><ele>29.0</ele><time>2024-07-09T23:01:33Z</time></trkpt>
<trkpt lat="45.359504" lon="-75.840289"><ele>29.0</ele><time>2024-07-09T23:01:34Z</time></trkpt>
<trkpt lat="45.359504" lon="-75.840289"><ele>29.0</ele><time>2024-07-09T23:01:35Z</time></trkpt>
<trkpt lat="45.359504" lon="-75.840298"><ele>29.0</ele><time>2024-07-09T23:01:36Z</time></trkpt>
<trkpt lat="45.359508" lon="-75.840298"><ele>29.0</ele><time>2024-07-09T23:01:37Z</time></trkpt>
<trkpt lat="45.359508" lon="-75.840298"><ele>29.0</ele><time>2024-07-09T23:01:38Z</time></trkpt>
<trkpt lat="45.359508" lon="-75.840298"><ele>29.0</ele><time>2024-07-09T23:01:39Z</time></trkpt>
<trkpt lat="45.359508" lon="-75.840298"><ele>28.0</ele><time>2024-07-09T23:01:40Z</time></trkpt>
<trkpt lat="45.359504" lon="-75.840298"><ele>28.0</ele><time>2024-07-09T23:01:41Z</time></trkpt>
<trkpt lat="45.359504" lon="-75.840298"><ele>28.0</ele><time>2024-07-09T23:01:42Z</time></trkpt>
<trkpt lat="45.359504" lon="-75.840298"><ele>28.0</ele><time>2024-07-09T23:01:43Z</time></trkpt>
<trkpt lat="45.359504" lon="-75.840298"><ele>28.0</ele><time>2024-07-09T23:01:44Z</time></trkpt>
<trkpt lat="45.359504" lon="-75.840298"><ele>28.0</ele><time>2024-07-09T23:01:45Z</time></trkpt>
<trkpt lat="45.359504" lon="-75.840298"><ele>28.0</ele><time>2024-07-09T23:01:46Z</time></trkpt>
<trkpt lat="45.359504" lon="-75.840298"><ele>28.0</ele><time>2024-07-09T23:01:47Z</time></trkpt>
<trkpt lat="45.359508" lon="-75.840298"><ele>28.0</ele><time>2024-07-09T23:01:48Z</time></trkpt>
<trkpt lat="45.359508" lon="-75.840298"><ele>28.0</ele><time>2024-07-09T23:01:49Z</time></trkpt>
<trkpt lat="45.359508" lon="-75.840298"><ele>28.0</ele><time>2024-07-09T23:01:50Z</time></trkpt>
<trkpt lat="45.359508" lon="-75.840298"><ele>28.0</ele><time>2024-07-09T23:01:51Z</time></trkpt>
<trkpt lat="45.359508" lon="-75.840298"><ele>28.0</ele><time>2024-07-09T23:01:52Z</time></trkpt>
<trkpt lat="45.359508" lon="-75.840298"><ele>28.0</ele><time>2024-07-09T23:01:53Z</time></trkpt>
<trkpt lat="45.359511" lon="-75.840307"><ele>28.0</ele><time>2024-07-09T23:01:54Z</time></trkpt>
<trkpt lat="45.359511" lon="-75.840307"><ele>28.0</ele><time>2024-07-09T23:01:55Z</time></trkpt>
<trkpt lat="45.359511" lon="-75.840307"><ele>28.0</ele><time>2024-07-09T23:01:56Z</time></trkpt>
<trkpt lat="45.359511" lon="-75.840307"><ele>28.0</ele><time>2024-07-09T23:01:57Z</time></trkpt>
<trkpt lat="45.359511" lon="-75.840307"><ele>28.0</ele><time>2024-07-09T23:01:58Z</time></trkpt>
<trkpt lat="45.359511" lon="-75.840307"><ele>28.0</ele><time>2024-07-09T23:01:59Z</time></trkpt>
<trkpt lat="45.359514" lon="-75.840307"><ele>28.0</ele><time>2024-07-09T23:02:00Z</time></trkpt>
<trkpt lat="45.359511" lon="-75.840298"><ele>28.0</ele><time>2024-07-09T23:02:01Z</time></trkpt>
<trkpt lat="45.359511" lon="-75.840307"><ele>28.0</ele><time>2024-07-09T23:02:02Z</time></trkpt>
<trkpt lat="45.359511" lon="-75.840307"><ele>28.0</ele><time>2024-07-09T23:02:03Z</time></trkpt>
<trkpt lat="45.359511" lon="-75.840307"><ele>28.0</ele><time>2024-07-09T23:02:04Z</time></trkpt>
<trkpt lat="45.359514" lon="-75.840307"><ele>27.0</ele><time>2024-07-09T23:02:05Z</time></trkpt>
<trkpt lat="45.359514" lon="-75.840307"><ele>27.0</ele><time>2024-07-09T23:02:06Z</time></trkpt>
<trkpt lat="45.359514" lon="-75.840307"><ele>27.0</ele><time>2024-07-09T23:02:07Z</time></trkpt>
<trkpt lat="45.359514" lon="-75.840307"><ele>27.0</ele><time>2024-07-09T23:02:08Z</time></trkpt>
<trkpt lat="45.359511" lon="-75.840307"><ele>27.0</ele><time>2024-07-09T23:02:09Z</time></trkpt>
<trkpt lat="45.359511" lon="-75.840307"><ele>27.0</ele><time>2024-07-09T23:02:10Z</time></trkpt>
<trkpt lat="45.359511" lon="-75.840307"><ele>27.0</ele><time>2024-07-09T23:02:11Z</time></trkpt>
<trkpt lat="45.359511" lon="-75.840307"><ele>27.0</ele><time>2024-07-09T23:02:12Z</time></trkpt>
<trkpt lat="45.359514" lon="-75.840307"><ele>27.0</ele><time>2024-07-09T23:02:13Z</time></trkpt>
<trkpt lat="45.359514" lon="-75.840307"><ele>27.0</ele><time>2024-07-09T23:02:14Z</time></trkpt>
<trkpt lat="45.359514" lon="-75.840307"><ele>27.0</ele><time>2024-07-09T23:02:15Z</time></trkpt>
<trkpt lat="45.359514" lon="-75.840307"><ele>27.0</ele><time>2024-07-09T23:02:16Z</time></trkpt>
<trkpt lat="45.359514" lon="-75.840307"><ele>27.0</ele><time>2024-07-09T23:02:17Z</time></trkpt>
<trkpt lat="45.359514" lon="-75.840307"><ele>26.0</ele><time>2024-07-09T23:02:18Z</time></trkpt>
<trkpt lat="45.359514" lon="-75.840307"><ele>27.0</ele><time>2024-07-09T23:02:19Z</time></trkpt>
<trkpt lat="45.359514" lon="-75.840307"><ele>26.0</ele><time>2024-07-09T23:02:20Z</time></trkpt>
<trkpt lat="45.359514" lon="-75.840307"><ele>26.0</ele><time>2024-07-09T23:02:21Z</time></trkpt>
<trkpt lat="45.359514" lon="-75.840307"><ele>26.0</ele><time>2024-07-09T23:02:22Z</time></trkpt>
<trkpt lat="45.359514" lon="-75.840307"><ele>26.0</ele><time>2024-07-09T23:02:23Z</time></trkpt>
<trkpt lat="45.359514" lon="-75.840307"><ele>27.0</ele><time>2024-07-09T23:02:24Z</time></trkpt>
<trkpt lat="45.359514" lon="-75.840307"><ele>27.0</ele><time>2024-07-09T23:02:25Z</time></trkpt>
<trkpt lat="45.359514" lon="-75.840307"><ele>26.0</ele><time>2024-07-09T23:02:26Z</time></trkpt>
<trkpt lat="45.359514" lon="-75.840307"><ele>26.0</ele><time>2024-07-09T23:02:27Z</time></trkpt>
<trkpt lat="45.359514" lon="-75.840307"><ele>26.0</ele><time>2024-07-09T23:02:28Z</time></trkpt>
<trkpt lat="45.359514" lon="-75.840307"><ele>26.0</ele><time>2024-07-09T23:02:29Z</time></trkpt>
<trkpt lat="45.359514" lon="-75.840307"><ele>26.0</ele><time>2024-07-09T23:02:30Z</time></trkpt>
<trkpt lat="45.359514" lon="-75.840307"><ele>26.0</ele><time>2024-07-09T23:02:31Z</time></trkpt>
<trkpt lat="45.359514" lon="-75.840307"><ele>27.0</ele><time>2024-07-09T23:02:32Z</time></trkpt>
<trkpt lat="45.359514" lon="-75.840307"><ele>27.0</ele><time>2024-07-09T23:02:33Z</time></trkpt>
<trkpt lat="45.359514" lon="-75.840307"><ele>26.0</ele><time>2024-07-09T23:02:34Z</time></trkpt>
<trkpt lat="45.359514" lon="-75.840307"><ele>27.0</ele><time>2024-07-09T23:02:35Z</time></trkpt>
<trkpt lat="45.359514" lon="-75.840307"><ele>27.0</ele><time>2024-07-09T23:02:36Z</time></trkpt>
<trkpt lat="45.359517" lon="-75.840307"><ele>27.0</ele><time>2024-07-09T23:02:37Z</time></trkpt>
<trkpt lat="45.359517" lon="-75.840307"><ele>27.0</ele><time>2024-07-09T23:02:38Z</time></trkpt>
<trkpt lat="45.359517" lon="-75.840307"><ele>27.0</ele><time>2024-07-09T23:02:39Z</time></trkpt>
<trkpt lat="45.359517" lon="-75.840307"><ele>27.0</ele><time>2024-07-09T23:02:40Z</time></trkpt>
<trkpt lat="45.359517" lon="-75.840307"><ele>27.0</ele><time>2024-07-09T23:02:41Z</time></trkpt>
<trkpt lat="45.359517" lon="-75.840307"><ele>27.0</ele><time>2024-07-09T23:02:42Z</time></trkpt>
<trkpt lat="45.359517" lon="-75.840307"><ele>27.0</ele><time>2024-07-09T23:02:43Z</time></trkpt>
<trkpt lat="45.359517" lon="-75.840307"><ele>27.0</ele><time>2024-07-09T23:02:44Z</time></trkpt>
<trkpt lat="45.359517" lon="-75.840307"><ele>27.0</ele><time>2024-07-09T23:02:45Z</time></trkpt>
<trkpt lat="45.359517" lon="-75.840307"><ele>27.0</ele><time>2024-07-09T23:02:46Z</time></trkpt>
<trkpt lat="45.359517" lon="-75.840307"><ele>27.0</ele><time>2024-07-09T23:02:47Z</time></trkpt>
<trkpt lat="45.359517" lon="-75.840307"><ele>27.0</ele><time>2024-07-09T23:02:48Z</time></trkpt>
<trkpt lat="45.359517" lon="-75.840307"><ele>27.0</ele><time>2024-07-09T23:02:49Z</time></trkpt>
<trkpt lat="45.359517" lon="-75.840307"><ele>27.0</ele><time>2024-07-09T23:02:50Z</time></trkpt>
<trkpt lat="45.359517" lon="-75.840307"><ele>27.0</ele><time>2024-07-09T23:02:51Z</time></trkpt>
<trkpt lat="45.359517" lon="-75.840307"><ele>26.0</ele><time>2024-07-09T23:02:52Z</time></trkpt>
<trkpt lat="45.359517" lon="-75.840307"><ele>26.0</ele><time>2024-07-09T23:02:53Z</time></trkpt>
<trkpt lat="45.359514" lon="-75.840307"><ele>26.0</ele><time>2024-07-09T23:02:54Z</time></trkpt>
<trkpt lat="45.359514" lon="-75.840307"><ele>27.0</ele><time>2024-07-09T23:02:55Z</time></trkpt>
<trkpt lat="45.359517" lon="-75.840316"><ele>27.0</ele><time>2024-07-09T23:02:56Z</time></trkpt>
<trkpt lat="45.359517" lon="-75.840316"><ele>27.0</ele><time>2024-07-09T23:02:57Z</time></trkpt>
<trkpt lat="45.359517" lon="-75.840316"><ele>26.0</ele><time>2024-07-09T23:02:58Z</time></trkpt>
<trkpt lat="45.359514" lon="-75.840316"><ele>26.0</ele><time>2024-07-09T23:02:59Z</time></trkpt>
<trkpt lat="45.359517" lon="-75.840307"><ele>26.0</ele><time>2024-07-09T23:03:00Z</time></trkpt>
<trkpt lat="45.359517" lon="-75.840307"><ele>27.0</ele><time>2024-07-09T23:03:01Z</time></trkpt>
<trkpt lat="45.35952" lon="-75.840325"><ele>27.0</ele><time>2024-07-09T23:03:02Z</time></trkpt>
<trkpt lat="45.359517" lon="-75.840316"><ele>27.0</ele><time>2024-07-09T23:03:03Z</time></trkpt>
<trkpt lat="45.359517" lon="-75.840316"><ele>27.0</ele><time>2024-07-09T23:03:04Z</time></trkpt>
<trkpt lat="45.35952" lon="-75.840316"><ele>27.0</ele><time>2024-07-09T23:03:05Z</time></trkpt>
<trkpt lat="45.35952" lon="-75.840307"><ele>27.0</ele><time>2024-07-09T23:03:06Z</time></trkpt>
<trkpt lat="45.35952" lon="-75.840307"><ele>27.0</ele><time>2024-07-09T23:03:07Z</time></trkpt>
<trkpt lat="45.35952" lon="-75.840307"><ele>26.0</ele><time>2024-07-09T23:03:08Z</time></trkpt>
<trkpt lat="45.35952" lon="-75.840307"><ele>27.0</ele><time>2024-07-09T23:03:09Z</time></trkpt>
<trkpt lat="45.35952" lon="-75.840307"><ele>27.0</ele><time>2024-07-09T23:03:10Z</time></trkpt>
<trkpt lat="45.35952" lon="-75.840307"><ele>27.0</ele><time>2024-07-09T23:03:11Z</time></trkpt>
<trkpt lat="45.35952" lon="-75.840307"><ele>27.0</ele><time>2024-07-09T23:03:12Z</time></trkpt>
<trkpt lat="45.35952" lon="-75.840307"><ele>27.0</ele><time>2024-07-09T23:03:13Z</time></trkpt>
<trkpt lat="45.35952" lon="-75.840307"><ele>27.0</ele><time>2024-07-09T23:03:14Z</time></trkpt>
<trkpt lat="45.35952" lon="-75.840307"><ele>27.0</ele><time>2024-07-09T23:03:15Z</time></trkpt>
<trkpt lat="45.35952" lon="-75.840307"><ele>27.0</ele><time>2024-07-09T23:03:16Z</time></trkpt>
<trkpt lat="45.35952" lon="-75.840307"><ele>27.0</ele><time>2024-07-09T23:03:17Z</time></trkpt>
<trkpt lat="45.35952" lon="-75.840307"><ele>27.0</ele><time>2024-07-09T23:03:18Z</time></trkpt>
<trkpt lat="45.359523" lon="-75.840307"><ele>27.0</ele><time>2024-07-09T23:03:19Z</time></trkpt>
<trkpt lat="45.359523" lon="-75.840307"><ele>27.0</ele><time>2024-07-09T23:03:20Z</time></trkpt>
<trkpt lat="45.35952" lon="-75.840307"><ele>27.0</ele><time>2024-07-09T23:03:21Z</time></trkpt>
<trkpt lat="45.35952" lon="-75.840307"><ele>27.0</ele><time>2024-07-09T23:03:22Z</time></trkpt>
<trkpt lat="45.35952" lon="-75.840307"><ele>27.0</ele><time>2024-07-09T23:03:23Z</time></trkpt>
<trkpt lat="45.35952" lon="-75.840307"><ele>27.0</ele><time>2024-07-09T23:03:24Z</time></trkpt>
<trkpt lat="45.35952" lon="-75.840307"><ele>27.0</ele><time>2024-07-09T23:03:25Z</time></trkpt>
<trkpt lat="45.35952" lon="-75.840307"><ele>27.0</ele><time>2024-07-09T23:03:26Z</time></trkpt>
<trkpt lat="45.35952" lon="-75.840307"><ele>27.0</ele><time>2024-07-09T23:03:27Z</time></trkpt>
<trkpt lat="45.35952" lon="-75.840307"><ele>27.0</ele><time>2024-07-09T23:03:28Z</time></trkpt>
<trkpt lat="45.35952" lon="-75.840307"><ele>27.0</ele><time>2024-07-09T23:03:29Z</time></trkpt>
<trkpt lat="45.35952" lon="-75.840307"><ele>27.0</ele><time>2024-07-09T23:03:30Z</time></trkpt>
<trkpt lat="45.35952" lon="-75.840307"><ele>27.0</ele><time>2024-07-09T23:03:31Z</time></trkpt>
<trkpt lat="45.35952" lon="-75.840307"><ele>27.0</ele><time>2024-07-09T23:03:32Z</time></trkpt>
<trkpt lat="45.359523" lon="-75.840307"><ele>27.0</ele><time>2024-07-09T23:03:33Z</time></trkpt>
<trkpt lat="45.359523" lon="-75.840307"><ele>27.0</ele><time>2024-07-09T23:03:34Z</time></trkpt>
<trkpt lat="45.359523" lon="-75.840307"><ele>27.0</ele><time>2024-07-09T23:03:35Z</time></trkpt>
<trkpt lat="45.359523" lon="-75.840307"><ele>27.0</ele><time>2024-07-09T23:03:36Z</time></trkpt>
<trkpt lat="45.359523" lon="-75.840307"><ele>27.0</ele><time>2024-07-09T23:03:37Z</time></trkpt>
<trkpt lat="45.359523" lon="-75.840307"><ele>27.0</ele><time>2024-07-09T23:03:38Z</time></trkpt>
<trkpt lat="45.359527" lon="-75.840307"><ele>27.0</ele><time>2024-07-09T23:03:39Z</time></trkpt>
<trkpt lat="45.359523" lon="-75.840289"><ele>26.0</ele><time>2024-07-09T23:03:40Z</time></trkpt>
<trkpt lat="45.359523" lon="-75.840289"><ele>26.0</ele><time>2024-07-09T23:03:41Z</time></trkpt>
<trkpt lat="45.359523" lon="-75.840289"><ele>26.0</ele><time>2024-07-09T23:03:42Z</time></trkpt>
<trkpt lat="45.359527" lon="-75.840289"><ele>27.0</ele><time>2024-07-09T23:03:43Z</time></trkpt>
<trkpt lat="45.35953" lon="-75.840289"><ele>26.0</ele><time>2024-07-09T23:03:44Z</time></trkpt>
<trkpt lat="45.359533" lon="-75.840289"><ele>26.0</ele><time>2024-07-09T23:03:45Z</time></trkpt>
<trkpt lat="45.359533" lon="-75.840289"><ele>26.0</ele><time>2024-07-09T23:03:46Z</time></trkpt>
<trkpt lat="45.359533" lon="-75.840289"><ele>26.0</ele><time>2024-07-09T23:03:47Z</time></trkpt>
<trkpt lat="45.359533" lon="-75.840289"><ele>26.0</ele><time>2024-07-09T23:03:48Z</time></trkpt>
<trkpt lat="45.359533" lon="-75.840289"><ele>26.0</ele><time>2024-07-09T23:03:49Z</time></trkpt>
<trkpt lat="45.35953" lon="-75.840289"><ele>26.0</ele><time>2024-07-09T23:03:50Z</time></trkpt>
<trkpt lat="45.35953" lon="-75.840289"><ele>26.0</ele><time>2024-07-09T23:03:51Z</time></trkpt>
<trkpt lat="45.359533" lon="-75.840289"><ele>26.0</ele><time>2024-07-09T23:03:52Z</time></trkpt>
<trkpt lat="45.359533" lon="-75.840289"><ele>26.0</ele><time>2024-07-09T23:03:53Z</time></trkpt>
<trkpt lat="45.359533" lon="-75.840289"><ele>26.0</ele><time>2024-07-09T23:03:54Z</time></trkpt>
<trkpt lat="45.359533" lon="-75.840289"><ele>26.0</ele><time>2024-07-09T23:03:55Z</time></trkpt>
<trkpt lat="45.359533" lon="-75.840289"><ele>26.0</ele><time>2024-07-09T23:03:56Z</time></trkpt>
<trkpt lat="45.359533" lon="-75.840289"><ele>26.0</ele><time>2024-07-09T23:03:57Z</time></trkpt>
<trkpt lat="45.359533" lon="-75.840289"><ele>26.0</ele><time>2024-07-09T23:03:58Z</time></trkpt>
<trkpt lat="45.359533" lon="-75.840289"><ele>26.0</ele><time>2024-07-09T23:03:59Z</time></trkpt>
<trkpt lat="45.359533" lon="-75.840289"><ele>26.0</ele><time>2024-07-09T23:04:00Z</time></trkpt>
<trkpt lat="45.359533" lon="-75.84028"><ele>26.0</ele><time>2024-07-09T23:04:01Z</time></trkpt>
<trkpt lat="45.359533" lon="-75.84028"><ele>26.0</ele><time>2024-07-09T23:04:02Z</time></trkpt>
<trkpt lat="45.359533" lon="-75.84028"><ele>26.0</ele><time>2024-07-09T23:04:03Z</time></trkpt>
<trkpt lat="45.359536" lon="-75.84028"><ele>26.0</ele><time>2024-07-09T23:04:04Z</time></trkpt>
<trkpt lat="45.359536" lon="-75.84028"><ele>26.0</ele><time>2024-07-09T23:04:05Z</time></trkpt>
<trkpt lat="45.359536" lon="-75.84028"><ele>26.0</ele><time>2024-07-09T23:04:06Z</time></trkpt>
<trkpt lat="45.359536" lon="-75.84028"><ele>26.0</ele><time>2024-07-09T23:04:07Z</time></trkpt>
<trkpt lat="45.359536" lon="-75.84028"><ele>26.0</ele><time>2024-07-09T23:04:08Z</time></trkpt>
<trkpt lat="45.359539" lon="-75.84028"><ele>26.0</ele><time>2024-07-09T23:04:09Z</time></trkpt>
<trkpt lat="45.359539" lon="-75.84028"><ele>26.0</ele><time>2024-07-09T23:04:10Z</time></trkpt>
<trkpt lat="45.359539" lon="-75.84028"><ele>26.0</ele><time>2024-07-09T23:04:11Z</time></trkpt>
<trkpt lat="45.359542" lon="-75.840271"><ele>26.0</ele><time>2024-07-09T23:04:12Z</time></trkpt>
<trkpt lat="45.359542" lon="-75.840271"><ele>26.0</ele><time>2024-07-09T23:04:13Z</time></trkpt>
<trkpt lat="45.359542" lon="-75.840271"><ele>25.0</ele><time>2024-07-09T23:04:14Z</time></trkpt>
<trkpt lat="45.359542" lon="-75.840271"><ele>25.0</ele><time>2024-07-09T23:04:15Z</time></trkpt>
<trkpt lat="45.359542" lon="-75.840271"><ele>25.0</ele><time>2024-07-09T23:04:16Z</time></trkpt>
<trkpt lat="45.359542" lon="-75.840271"><ele>25.0</ele><time>2024-07-09T23:04:17Z</time></trkpt>
<trkpt lat="45.359542" lon="-75.840271"><ele>25.0</ele><time>2024-07-09T23:04:18Z</time></trkpt>
<trkpt lat="45.359542" lon="-75.840271"><ele>25.0</ele><time>2024-07-09T23:04:19Z</time></trkpt>
<trkpt lat="45.359542" lon="-75.840271"><ele>25.0</ele><time>2024-07-09T23:04:20Z</time></trkpt>
<trkpt lat="45.359542" lon="-75.840271"><ele>25.0</ele><time>2024-07-09T23:04:21Z</time></trkpt>
<trkpt lat="45.359542" lon="-75.840271"><ele>25.0</ele><time>2024-07-09T23:04:22Z</time></trkpt>
<trkpt lat="45.359542" lon="-75.840271"><ele>25.0</ele><time>2024-07-09T23:04:23Z</time></trkpt>
<trkpt lat="45.359546" lon="-75.840271"><ele>26.0</ele><time>2024-07-09T23:04:24Z</time></trkpt>
<trkpt lat="45.359546" lon="-75.840271"><ele>26.0</ele><time>2024-07-09T23:04:25Z</time></trkpt>
<trkpt lat="45.359546" lon="-75.840271"><ele>26.0</ele><time>2024-07-09T23:04:26Z</time></trkpt>
<trkpt lat="45.359546" lon="-75.840271"><ele>26.0</ele><time>2024-07-09T23:04:27Z</time></trkpt>
<trkpt lat="45.359546" lon="-75.840271"><ele>26.0</ele><time>2024-07-09T23:04:28Z</time></trkpt>
<trkpt lat="45.359542" lon="-75.840271"><ele>26.0</ele><time>2024-07-09T23:04:29Z</time></trkpt>
<trkpt lat="45.359542" lon="-75.840271"><ele>26.0</ele><time>2024-07-09T23:04:30Z</time></trkpt>
<trkpt lat="45.359542" lon="-75.840271"><ele>26.0</ele><time>2024-07-09T23:04:31Z</time></trkpt>
<trkpt lat="45.359542" lon="-75.840271"><ele>26.0</ele><time>2024-07-09T23:04:32Z</time></trkpt>
<trkpt lat="45.359542" lon="-75.840271"><ele>26.0</ele><time>2024-07-09T23:04:33Z</time></trkpt>
<trkpt lat="45.359542" lon="-75.840271"><ele>26.0</ele><time>2024-07-09T23:04:34Z</time></trkpt>
<trkpt lat="45.359542" lon="-75.840271"><ele>26.0</ele><time>2024-07-09T23:04:35Z</time></trkpt>
<trkpt lat="45.359542" lon="-75.840271"><ele>26.0</ele><time>2024-07-09T23:04:36Z</time></trkpt>
<trkpt lat="45.359542" lon="-75.840271"><ele>26.0</ele><time>2024-07-09T23:04:37Z</time></trkpt>
<trkpt lat="45.359546" lon="-75.840271"><ele>26.0</ele><time>2024-07-09T23:04:38Z</time></trkpt>
<trkpt lat="45.359546" lon="-75.840271"><ele>26.0</ele><time>2024-07-09T23:04:39Z</time></trkpt>
<trkpt lat="45.359546" lon="-75.840271"><ele>26.0</ele><time>2024-07-09T23:04:40Z</time></trkpt>
<trkpt lat="45.359546" lon="-75.840271"><ele>26.0</ele><time>2024-07-09T23:04:41Z</time></trkpt>
<trkpt lat="45.359546" lon="-75.840271"><ele>26.0</ele><time>2024-07-09T23:04:42Z</time></trkpt>
<trkpt lat="45.359546" lon="-75.840271"><ele>26.0</ele><time>2024-07-09T23:04:43Z</time></trkpt>
<trkpt lat="45.359546" lon="-75.840271"><ele>26.0</ele><time>2024-07-09T23:04:44Z</time></trkpt>
<trkpt lat="45.359546" lon="-75.840271"><ele>26.0</ele><time>2024-07-09T23:04:45Z</time></trkpt>
<trkpt lat="45.359546" lon="-75.840271"><ele>26.0</ele><time>2024-07-09T23:04:46Z</time></trkpt>
<trkpt lat="45.359546" lon="-75.840271"><ele>26.0</ele><time>2024-07-09T23:04:47Z</time></trkpt>
<trkpt lat="45.359546" lon="-75.840271"><ele>26.0</ele><time>2024-07-09T23:04:48Z</time></trkpt>
<trkpt lat="45.359546" lon="-75.840271"><ele>26.0</ele><time>2024-07-09T23:04:49Z</time></trkpt>
<trkpt lat="45.359546" lon="-75.840271"><ele>26.0</ele><time>2024-07-09T23:04:50Z</time></trkpt>
<trkpt lat="45.359546" lon="-75.840271"><ele>26.0</ele><time>2024-07-09T23:04:51Z</time></trkpt>
<trkpt lat="45.359546" lon="-75.840271"><ele>26.0</ele><time>2024-07-09T23:04:52Z</time></trkpt>
<trkpt lat="45.359546" lon="-75.840271"><ele>26.0</ele><time>2024-07-09T23:04:53Z</time></trkpt>
<trkpt lat="45.359546" lon="-75.840271"><ele>26.0</ele><time>2024-07-09T23:04:54Z</time></trkpt>
<trkpt lat="45.359546" lon="-75.840271"><ele>26.0</ele><time>2024-07-09T23:04:55Z</time></trkpt>
<trkpt lat="45.359549" lon="-75.840262"><ele>26.0</ele><time>2024-07-09T23:04:56Z</time></trkpt>
<trkpt lat="45.359549" lon="-75.840262"><ele>26.0</ele><time>2024-07-09T23:04:57Z</time></trkpt>
<trkpt lat="45.359549" lon="-75.840262"><ele>26.0</ele><time>2024-07-09T23:04:58Z</time></trkpt>
<trkpt lat="45.359552" lon="-75.840253"><ele>27.0</ele><time>2024-07-09T23:04:59Z</time></trkpt>
<trkpt lat="45.359552" lon="-75.840253"><ele>27.0</ele><time>2024-07-09T23:05:00Z</time></trkpt>
<trkpt lat="45.359552" lon="-75.840253"><ele>27.0</ele><time>2024-07-09T23:05:01Z</time></trkpt>
<trkpt lat="45.359552" lon="-75.840253"><ele>27.0</ele><time>2024-07-09T23:05:02Z</time></trkpt>
<trkpt lat="45.359552" lon="-75.840253"><ele>27.0</ele><time>2024-07-09T23:05:03Z</time></trkpt>
<trkpt lat="45.359552" lon="-75.840253"><ele>27.0</ele><time>2024-07-09T23:05:04Z</time></trkpt>
<trkpt lat="45.359552" lon="-75.840253"><ele>27.0</ele><time>2024-07-09T23:05:05Z</time></trkpt>
<trkpt lat="45.359552" lon="-75.840253"><ele>27.0</ele><time>2024-07-09T23:05:06Z</time></trkpt>
<trkpt lat="45.359552" lon="-75.840253"><ele>27.0</ele><time>2024-07-09T23:05:07Z</time></trkpt>
<trkpt lat="45.359552" lon="-75.840253"><ele>27.0</ele><time>2024-07-09T23:05:08Z</time></trkpt>
<trkpt lat="45.359549" lon="-75.840253"><ele>27.0</ele><time>2024-07-09T23:05:09Z</time></trkpt>
<trkpt lat="45.359549" lon="-75.840253"><ele>27.0</ele><time>2024-07-09T23:05:10Z</time></trkpt>
<trkpt lat="45.359549" lon="-75.840253"><ele>27.0</ele><time>2024-07-09T23:05:11Z</time></trkpt>
<trkpt lat="45.359549" lon="-75.840253"><ele>27.0</ele><time>2024-07-09T23:05:12Z</time></trkpt>
<trkpt lat="45.359549" lon="-75.840253"><ele>27.0</ele><time>2024-07-09T23:05:13Z</time></trkpt>
<trkpt lat="45.359549" lon="-75.840253"><ele>28.0</ele><time>2024-07-09T23:05:14Z</time></trkpt>
<trkpt lat="45.359549" lon="-75.840253"><ele>28.0</ele><time>2024-07-09T23:05:15Z</time></trkpt>
<trkpt lat="45.359552" lon="-75.840253"><ele>28.0</ele><time>2024-07-09T23:05:16Z</time></trkpt>
<trkpt lat="45.359552" lon="-75.840244"><ele>28.0</ele><time>2024-07-09T23:05:17Z</time></trkpt>
<trkpt lat="45.359552" lon="-75.840244"><ele>28.0</ele><time>2024-07-09T23:05:18Z</time></trkpt>
<trkpt lat="45.359555" lon="-75.840244"><ele>28.0</ele><time>2024-07-09T23:05:19Z</time></trkpt>
<trkpt lat="45.359555" lon="-75.840244"><ele>28.0</ele><time>2024-07-09T23:05:20Z</time></trkpt>
<trkpt lat="45.359555" lon="-75.840244"><ele>28.0</ele><time>2024-07-09T23:05:21Z</time></trkpt>
<trkpt lat="45.359555" lon="-75.840244"><ele>28.0</ele><time>2024-07-09T23:05:22Z</time></trkpt>
<trkpt lat="45.359555" lon="-75.840244"><ele>28.0</ele><time>2024-07-09T23:05:23Z</time></trkpt>
<trkpt lat="45.359555" lon="-75.840244"><ele>28.0</ele><time>2024-07-09T23:05:24Z</time></trkpt>
<trkpt lat="45.359555" lon="-75.840244"><ele>28.0</ele><time>2024-07-09T23:05:25Z</time></trkpt>
<trkpt lat="45.359555" lon="-75.840244"><ele>28.0</ele><time>2024-07-09T23:05:26Z</time></trkpt>
<trkpt lat="45.359555" lon="-75.840244"><ele>28.0</ele><time>2024-07-09T23:05:27Z</time></trkpt>
<trkpt lat="45.359555" lon="-75.840244"><ele>28.0</ele><time>2024-07-09T23:05:28Z</time></trkpt>
<trkpt lat="45.359555" lon="-75.840244"><ele>28.0</ele><time>2024-07-09T23:05:29Z</time></trkpt>
<trkpt lat="45.359555" lon="-75.840244"><ele>28.0</ele><time>2024-07-09T23:05:30Z</time></trkpt>
<trkpt lat="45.359555" lon="-75.840244"><ele>28.0</ele><time>2024-07-09T23:05:31Z</time></trkpt>
<trkpt lat="45.359555" lon="-75.840244"><ele>28.0</ele><time>2024-07-09T23:05:32Z</time></trkpt>
<trkpt lat="45.359555" lon="-75.840244"><ele>28.0</ele><time>2024-07-09T23:05:33Z</time></trkpt>
<trkpt lat="45.359555" lon="-75.840244"><ele>28.0</ele><time>2024-07-09T23:05:34Z</time></trkpt>
<trkpt lat="45.359555" lon="-75.840244"><ele>28.0</ele><time>2024-07-09T23:05:35Z</time></trkpt>
<trkpt lat="45.359555" lon="-75.840244"><ele>28.0</ele><time>2024-07-09T23:05:36Z</time></trkpt>
<trkpt lat="45.359555" lon="-75.840244"><ele>28.0</ele><time>2024-07-09T23:05:37Z</time></trkpt>
<trkpt lat="45.359555" lon="-75.840244"><ele>28.0</ele><time>2024-07-09T23:05:38Z</time></trkpt>
<trkpt lat="45.359555" lon="-75.840244"><ele>28.0</ele><time>2024-07-09T23:05:39Z</time></trkpt>
<trkpt lat="45.359555" lon="-75.840244"><ele>28.0</ele><time>2024-07-09T23:05:40Z</time></trkpt>
<trkpt lat="45.359555" lon="-75.840244"><ele>28.0</ele><time>2024-07-09T23:05:41Z</time></trkpt>
<trkpt lat="45.359555" lon="-75.840244"><ele>28.0</ele><time>2024-07-09T23:05:42Z</time></trkpt>
<trkpt lat="45.359555" lon="-75.840244"><ele>28.0</ele><time>2024-07-09T23:05:43Z</time></trkpt>
<trkpt lat="45.359555" lon="-75.840244"><ele>28.0</ele><time>2024-07-09T23:05:44Z</time></trkpt>
<trkpt lat="45.359555" lon="-75.840244"><ele>29.0</ele><time>2024-07-09T23:05:45Z</time></trkpt>
<trkpt lat="45.359555" lon="-75.840235"><ele>29.0</ele><time>2024-07-09T23:05:46Z</time></trkpt>
<trkpt lat="45.359558" lon="-75.840235"><ele>28.0</ele><time>2024-07-09T23:05:47Z</time></trkpt>
<trkpt lat="45.359558" lon="-75.840235"><ele>29.0</ele><time>2024-07-09T23:05:48Z</time></trkpt>
<trkpt lat="45.359558" lon="-75.840235"><ele>28.0</ele><time>2024-07-09T23:05:49Z</time></trkpt>
<trkpt lat="45.359561" lon="-75.840235"><ele>28.0</ele><time>2024-07-09T23:05:50Z</time></trkpt>
<trkpt lat="45.359561" lon="-75.840235"><ele>28.0</ele><time>2024-07-09T23:05:51Z</time></trkpt>
<trkpt lat="45.359561" lon="-75.840235"><ele>28.0</ele><time>2024-07-09T23:05:52Z</time></trkpt>
<trkpt lat="45.359561" lon="-75.840235"><ele>28.0</ele><time>2024-07-09T23:05:53Z</time></trkpt>
<trkpt lat="45.359561" lon="-75.840235"><ele>28.0</ele><time>2024-07-09T23:05:54Z</time></trkpt>
<trkpt lat="45.359561" lon="-75.840235"><ele>28.0</ele><time>2024-07-09T23:05:55Z</time></trkpt>
<trkpt lat="45.359561" lon="-75.840235"><ele>28.0</ele><time>2024-07-09T23:05:56Z</time></trkpt>
<trkpt lat="45.359561" lon="-75.840235"><ele>28.0</ele><time>2024-07-09T23:05:57Z</time></trkpt>
<trkpt lat="45.359561" lon="-75.840235"><ele>28.0</ele><time>2024-07-09T23:05:58Z</time></trkpt>
<trkpt lat="45.359561" lon="-75.840235"><ele>28.0</ele><time>2024-07-09T23:05:59Z</time></trkpt>
<trkpt lat="45.359561" lon="-75.840235"><ele>28.0</ele><time>2024-07-09T23:06:00Z</time></trkpt>
<trkpt lat="45.359561" lon="-75.840235"><ele>28.0</ele><time>2024-07-09T23:06:01Z</time></trkpt>
<trkpt lat="45.359561" lon="-75.840235"><ele>28.0</ele><time>2024-07-09T23:06:02Z</time></trkpt>
<trkpt lat="45.359561" lon="-75.840235"><ele>28.0</ele><time>2024-07-09T23:06:03Z</time></trkpt>
<trkpt lat="45.359561" lon="-75.840235"><ele>28.0</ele><time>2024-07-09T23:06:04Z</time></trkpt>
<trkpt lat="45.359561" lon="-75.840235"><ele>28.0</ele><time>2024-07-09T23:06:05Z</time></trkpt>
<trkpt lat="45.359561" lon="-75.840235"><ele>28.0</ele><time>2024-07-09T23:06:06Z</time></trkpt>
<trkpt lat="45.359561" lon="-75.840235"><ele>28.0</ele><time>2024-07-09T23:06:07Z</time></trkpt>
<trkpt lat="45.359561" lon="-75.840235"><ele>28.0</ele><time>2024-07-09T23:06:08Z</time></trkpt>
<trkpt lat="45.359561" lon="-75.840235"><ele>28.0</ele><time>2024-07-09T23:06:09Z</time></trkpt>
<trkpt lat="45.359561" lon="-75.840235"><ele>28.0</ele><time>2024-07-09T23:06:10Z</time></trkpt>
<trkpt lat="45.359561" lon="-75.840235"><ele>28.0</ele><time>2024-07-09T23:06:11Z</time></trkpt>
<trkpt lat="45.359561" lon="-75.840235"><ele>28.0</ele><time>2024-07-09T23:06:12Z</time></trkpt>
<trkpt lat="45.359565" lon="-75.840235"><ele>28.0</ele><time>2024-07-09T23:06:13Z</time></trkpt>
<trkpt lat="45.359568" lon="-75.840235"><ele>28.0</ele><time>2024-07-09T23:06:14Z</time></trkpt>
<trkpt lat="45.359568" lon="-75.840235"><ele>28.0</ele><time>2024-07-09T23:06:15Z</time></trkpt>
<trkpt lat="45.359571" lon="-75.840235"><ele>28.0</ele><time>2024-07-09T23:06:16Z</time></trkpt>
<trkpt lat="45.359571" lon="-75.840235"><ele>28.0</ele><time>2024-07-09T23:06:17Z</time></trkpt>
<trkpt lat="45.359571" lon="-75.840235"><ele>28.0</ele><time>2024-07-09T23:06:18Z</time></trkpt>
<trkpt lat="45.359571" lon="-75.840235"><ele>28.0</ele><time>2024-07-09T23:06:19Z</time></trkpt>
<trkpt lat="45.359571" lon="-75.840235"><ele>28.0</ele><time>2024-07-09T23:06:20Z</time></trkpt>
<trkpt lat="45.359571" lon="-75.840235"><ele>28.0</ele><time>2024-07-09T23:06:21Z</time></trkpt>
<trkpt lat="45.359571" lon="-75.840235"><ele>28.0</ele><time>2024-07-09T23:06:22Z</time></trkpt>
<trkpt lat="45.359571" lon="-75.840226"><ele>28.0</ele><time>2024-07-09T23:06:23Z</time></trkpt>
<trkpt lat="45.359571" lon="-75.840226"><ele>28.0</ele><time>2024-07-09T23:06:24Z</time></trkpt>
<trkpt lat="45.359571" lon="-75.840226"><ele>28.0</ele><time>2024-07-09T23:06:25Z</time></trkpt>
<trkpt lat="45.359571" lon="-75.840226"><ele>28.0</ele><time>2024-07-09T23:06:26Z</time></trkpt>
<trkpt lat="45.359571" lon="-75.840226"><ele>28.0</ele><time>2024-07-09T23:06:27Z</time></trkpt>
<trkpt lat="45.359571" lon="-75.840226"><ele>28.0</ele><time>2024-07-09T23:06:28Z</time></trkpt>
<trkpt lat="45.359571" lon="-75.840226"><ele>28.0</ele><time>2024-07-09T23:06:29Z</time></trkpt>
<trkpt lat="45.359571" lon="-75.840226"><ele>28.0</ele><time>2024-07-09T23:06:30Z</time></trkpt>
<trkpt lat="45.359571" lon="-75.840226"><ele>28.0</ele><time>2024-07-09T23:06:31Z</time></trkpt>
<trkpt lat="45.359571" lon="-75.840226"><ele>28.0</ele><time>2024-07-09T23:06:32Z</time></trkpt>
<trkpt lat="45.359571" lon="-75.840226"><ele>28.0</ele><time>2024-07-09T23:06:33Z</time></trkpt>
<trkpt lat="45.359571" lon="-75.840226"><ele>28.0</ele><time>2024-07-09T23:06:34Z</time></trkpt>
<trkpt lat="45.359571" lon="-75.840226"><ele>28.0</ele><time>2024-07-09T23:06:35Z</time></trkpt>
<trkpt lat="45.359571" lon="-75.840226"><ele>28.0</ele><time>2024-07-09T23:06:36Z</time></trkpt>
<trkpt lat="45.359571" lon="-75.840226"><ele>28.0</ele><time>2024-07-09T23:06:37Z</time></trkpt>
<trkpt lat="45.359571" lon="-75.840226"><ele>28.0</ele><time>2024-07-09T23:06:38Z</time></trkpt>
<trkpt lat="45.359571" lon="-75.840226"><ele>28.0</ele><time>2024-07-09T23:06:39Z</time></trkpt>
<trkpt lat="45.359571" lon="-75.840226"><ele>28.0</ele><time>2024-07-09T23:06:40Z</time></trkpt>
<trkpt lat="45.359574" lon="-75.840226"><ele>28.0</ele><time>2024-07-09T23:06:41Z</time></trkpt>
<trkpt lat="45.359574" lon="-75.840226"><ele>29.0</ele><time>2024-07-09T23:06:42Z</time></trkpt>
<trkpt lat="45.359577" lon="-75.840226"><ele>29.0</ele><time>2024-07-09T23:06:43Z</time></trkpt>
<trkpt lat="45.359577" lon="-75.840217"><ele>29.0</ele><time>2024-07-09T23:06:44Z</time></trkpt>
<trkpt lat="45.359577" lon="-75.840217"><ele>28.0</ele><time>2024-07-09T23:06:45Z</time></trkpt>
<trkpt lat="45.359577" lon="-75.840217"><ele>28.0</ele><time>2024-07-09T23:06:46Z</time></trkpt>
<trkpt lat="45.359577" lon="-75.840217"><ele>28.0</ele><time>2024-07-09T23:06:47Z</time></trkpt>
<trkpt lat="45.359577" lon="-75.840217"><ele>28.0</ele><time>2024-07-09T23:06:48Z</time></trkpt>
<trkpt lat="45.359577" lon="-75.840217"><ele>28.0</ele><time>2024-07-09T23:06:49Z</time></trkpt>
<trkpt lat="45.359577" lon="-75.840217"><ele>28.0</ele><time>2024-07-09T23:06:50Z</time></trkpt>
<trkpt lat="45.359577" lon="-75.840217"><ele>28.0</ele><time>2024-07-09T23:06:51Z</time></trkpt>
<trkpt lat="45.359577" lon="-75.840217"><ele>28.0</ele><time>2024-07-09T23:06:52Z</time></trkpt>
<trkpt lat="45.359577" lon="-75.840217"><ele>28.0</ele><time>2024-07-09T23:06:53Z</time></trkpt>
<trkpt lat="45.359577" lon="-75.840217"><ele>28.0</ele><time>2024-07-09T23:06:54Z</time></trkpt>
<trkpt lat="45.359577" lon="-75.840217"><ele>28.0</ele><time>2024-07-09T23:06:55Z</time></trkpt>
<trkpt lat="45.359577" lon="-75.840217"><ele>28.0</ele><time>2024-07-09T23:06:56Z</time></trkpt>
<trkpt lat="45.359577" lon="-75.840217"><ele>28.0</ele><time>2024-07-09T23:06:57Z</time></trkpt>
<trkpt lat="45.359577" lon="-75.840217"><ele>28.0</ele><time>2024-07-09T23:06:58Z</time></trkpt>
<trkpt lat="45.359577" lon="-75.840217"><ele>28.0</ele><time>2024-07-09T23:06:59Z</time></trkpt>
<trkpt lat="45.359577" lon="-75.840217"><ele>28.0</ele><time>2024-07-09T23:07:00Z</time></trkpt>
<trkpt lat="45.359577" lon="-75.840217"><ele>28.0</ele><time>2024-07-09T23:07:01Z</time></trkpt>
<trkpt lat="45.359577" lon="-75.840217"><ele>28.0</ele><time>2024-07-09T23:07:02Z</time></trkpt>
<trkpt lat="45.359577" lon="-75.840217"><ele>28.0</ele><time>2024-07-09T23:07:03Z</time></trkpt>
<trkpt lat="45.359577" lon="-75.840217"><ele>28.0</ele><time>2024-07-09T23:07:04Z</time></trkpt>
<trkpt lat="45.359577" lon="-75.840217"><ele>28.0</ele><time>2024-07-09T23:07:05Z</time></trkpt>
<trkpt lat="45.359577" lon="-75.840217"><ele>28.0</ele><time>2024-07-09T23:07:06Z</time></trkpt>
<trkpt lat="45.359577" lon="-75.840217"><ele>28.0</ele><time>2024-07-09T23:07:07Z</time></trkpt>
<trkpt lat="45.359577" lon="-75.840217"><ele>28.0</ele><time>2024-07-09T23:07:08Z</time></trkpt>
<trkpt lat="45.359577" lon="-75.840217"><ele>28.0</ele><time>2024-07-09T23:07:09Z</time></trkpt>
<trkpt lat="45.359577" lon="-75.840217"><ele>28.0</ele><time>2024-07-09T23:07:10Z</time></trkpt>
<trkpt lat="45.359577" lon="-75.840217"><ele>28.0</ele><time>2024-07-09T23:07:11Z</time></trkpt>
<trkpt lat="45.359577" lon="-75.840217"><ele>28.0</ele><time>2024-07-09T23:07:12Z</time></trkpt>
<trkpt lat="45.35958" lon="-75.840217"><ele>28.0</ele><time>2024-07-09T23:07:13Z</time></trkpt>
<trkpt lat="45.35958" lon="-75.840217"><ele>28.0</ele><time>2024-07-09T23:07:14Z</time></trkpt>
<trkpt lat="45.35958" lon="-75.840217"><ele>28.0</ele><time>2024-07-09T23:07:15Z</time></trkpt>
<trkpt lat="45.35958" lon="-75.840217"><ele>28.0</ele><time>2024-07-09T23:07:16Z</time></trkpt>
<trkpt lat="45.35958" lon="-75.840217"><ele>28.0</ele><time>2024-07-09T23:07:17Z</time></trkpt>
<trkpt lat="45.35958" lon="-75.840217"><ele>28.0</ele><time>2024-07-09T23:07:18Z</time></trkpt>
<trkpt lat="45.35958" lon="-75.840217"><ele>28.0</ele><time>2024-07-09T23:07:19Z</time></trkpt>
<trkpt lat="45.35958" lon="-75.840217"><ele>28.0</ele><time>2024-07-09T23:07:20Z</time></trkpt>
<trkpt lat="45.35958" lon="-75.840217"><ele>28.0</ele><time>2024-07-09T23:07:21Z</time></trkpt>
<trkpt lat="45.35959" lon="-75.840217"><ele>28.0</ele><time>2024-07-09T23:07:22Z</time></trkpt>
<trkpt lat="45.359596" lon="-75.840217"><ele>28.0</ele><time>2024-07-09T23:07:23Z</time></trkpt>
<trkpt lat="45.359599" lon="-75.840226"><ele>28.0</ele><time>2024-07-09T23:07:24Z</time></trkpt>
<trkpt lat="45.359599" lon="-75.840226"><ele>28.0</ele><time>2024-07-09T23:07:25Z</time></trkpt>
<trkpt lat="45.359602" lon="-75.840226"><ele>28.0</ele><time>2024-07-09T23:07:26Z</time></trkpt>
<trkpt lat="45.359602" lon="-75.840226"><ele>27.0</ele><time>2024-07-09T23:07:27Z</time></trkpt>
<trkpt lat="45.359606" lon="-75.840226"><ele>27.0</ele><time>2024-07-09T23:07:33Z</time></trkpt>
<trkpt lat="45.359606" lon="-75.840226"><ele>27.0</ele><time>2024-07-09T23:07:33Z</time></trkpt>
<trkpt lat="45.359606" lon="-75.840226"><ele>27.0</ele><time>2024-07-09T23:07:33Z</time></trkpt>
<trkpt lat="45.359609" lon="-75.840226"><ele>27.0</ele><time>2024-07-09T23:07:33Z</time></trkpt>
<trkpt lat="45.359609" lon="-75.840226"><ele>27.0</ele><time>2024-07-09T23:07:33Z</time></trkpt>
<trkpt lat="45.359609" lon="-75.840217"><ele>27.0</ele><time>2024-07-09T23:07:33Z</time></trkpt>
<trkpt lat="45.359599" lon="-75.840208"><ele>27.0</ele><time>2024-07-09T23:07:34Z</time></trkpt>
<trkpt lat="45.359593" lon="-75.840208"><ele>27.0</ele><time>2024-07-09T23:07:35Z</time></trkpt>
<trkpt lat="45.359593" lon="-75.840208"><ele>27.0</ele><time>2024-07-09T23:07:36Z</time></trkpt>
<trkpt lat="45.359596" lon="-75.840208"><ele>26.0</ele><time>2024-07-09T23:07:37Z</time></trkpt>
<trkpt lat="45.359599" lon="-75.840208"><ele>26.0</ele><time>2024-07-09T23:07:38Z</time></trkpt>
<trkpt lat="45.359602" lon="-75.840208"><ele>26.0</ele><time>2024-07-09T23:07:39Z</time></trkpt>
<trkpt lat="45.359602" lon="-75.840208"><ele>26.0</ele><time>2024-07-09T23:07:40Z</time></trkpt>
<trkpt lat="45.359602" lon="-75.840208"><ele>26.0</ele><time>2024-07-09T23:07:41Z</time></trkpt>
<trkpt lat="45.359602" lon="-75.840208"><ele>26.0</ele><time>2024-07-09T23:07:42Z</time></trkpt>
<trkpt lat="45.359602" lon="-75.840208"><ele>26.0</ele><time>2024-07-09T23:07:43Z</time></trkpt>
<trkpt lat="45.359606" lon="-75.840208"><ele>26.0</ele><time>2024-07-09T23:07:44Z</time></trkpt>
<trkpt lat="45.359609" lon="-75.840208"><ele>25.0</ele><time>2024-07-09T23:07:45Z</time></trkpt>
<trkpt lat="45.359609" lon="-75.840208"><ele>25.0</ele><time>2024-07-09T23:07:46Z</time></trkpt>
<trkpt lat="45.359609" lon="-75.840208"><ele>25.0</ele><time>2024-07-09T23:07:47Z</time></trkpt>
<trkpt lat="45.359609" lon="-75.840208"><ele>25.0</ele><time>2024-07-09T23:07:48Z</time></trkpt>
<trkpt lat="45.359609" lon="-75.8402"><ele>25.0</ele><time>2024-07-09T23:07:49Z</time></trkpt>
<trkpt lat="45.359609" lon="-75.8402"><ele>25.0</ele><time>2024-07-09T23:07:50Z</time></trkpt>
<trkpt lat="45.359609" lon="-75.8402"><ele>25.0</ele><time>2024-07-09T23:07:51Z</time></trkpt>
<trkpt lat="45.359609" lon="-75.840191"><ele>25.0</ele><time>2024-07-09T23:07:52Z</time></trkpt>
<trkpt lat="45.359612" lon="-75.840191"><ele>26.0</ele><time>2024-07-09T23:07:53Z</time></trkpt>
<trkpt lat="45.359612" lon="-75.840191"><ele>26.0</ele><time>2024-07-09T23:07:54Z</time></trkpt>
<trkpt lat="45.359612" lon="-75.840191"><ele>26.0</ele><time>2024-07-09T23:07:55Z</time></trkpt>
<trkpt lat="45.359612" lon="-75.840191"><ele>26.0</ele><time>2024-07-09T23:07:56Z</time></trkpt>
<trkpt lat="45.359609" lon="-75.840191"><ele>26.0</ele><time>2024-07-09T23:07:57Z</time></trkpt>
<trkpt lat="45.359609" lon="-75.840191"><ele>26.0</ele><time>2024-07-09T23:07:58Z</time></trkpt>
<trkpt lat="45.359609" lon="-75.840191"><ele>26.0</ele><time>2024-07-09T23:07:59Z</time></trkpt>
<trkpt lat="45.359609" lon="-75.840191"><ele>26.0</ele><time>2024-07-09T23:08:00Z</time></trkpt>
<trkpt lat="45.359609" lon="-75.840182"><ele>26.0</ele><time>2024-07-09T23:08:01Z</time></trkpt>
<trkpt lat="45.359609" lon="-75.840182"><ele>26.0</ele><time>2024-07-09T23:08:02Z</time></trkpt>
<trkpt lat="45.359609" lon="-75.840182"><ele>26.0</ele><time>2024-07-09T23:08:03Z</time></trkpt>
<trkpt lat="45.359609" lon="-75.840182"><ele>26.0</ele><time>2024-07-09T23:08:04Z</time></trkpt>
<trkpt lat="45.359609" lon="-75.840182"><ele>26.0</ele><time>2024-07-09T23:08:05Z</time></trkpt>
<trkpt lat="45.359609" lon="-75.840182"><ele>26.0</ele><time>2024-07-09T23:08:06Z</time></trkpt>
<trkpt lat="45.359609" lon="-75.840182"><ele>26.0</ele><time>2024-07-09T23:08:07Z</time></trkpt>
<trkpt lat="45.359609" lon="-75.840182"><ele>26.0</ele><time>2024-07-09T23:08:08Z</time></trkpt>
<trkpt lat="45.359609" lon="-75.840182"><ele>26.0</ele><time>2024-07-09T23:08:09Z</time></trkpt>
<trkpt lat="45.359612" lon="-75.840182"><ele>26.0</ele><time>2024-07-09T23:08:10Z</time></trkpt>
<trkpt lat="45.359612" lon="-75.840173"><ele>26.0</ele><time>2024-07-09T23:08:11Z</time></trkpt>
<trkpt lat="45.359612" lon="-75.840173"><ele>26.0</ele><time>2024-07-09T23:08:12Z</time></trkpt>
<trkpt lat="45.359612" lon="-75.840173"><ele>26.0</ele><time>2024-07-09T23:08:13Z</time></trkpt>
<trkpt lat="45.359612" lon="-75.840173"><ele>26.0</ele><time>2024-07-09T23:08:14Z</time></trkpt>
<trkpt lat="45.359612" lon="-75.840173"><ele>26.0</ele><time>2024-07-09T23:08:15Z</time></trkpt>
<trkpt lat="45.359612" lon="-75.840173"><ele>26.0</ele><time>2024-07-09T23:08:16Z</time></trkpt>
<trkpt lat="45.359612" lon="-75.840173"><ele>26.0</ele><time>2024-07-09T23:08:17Z</time></trkpt>
<trkpt lat="45.359612" lon="-75.840173"><ele>26.0</ele><time>2024-07-09T23:08:18Z</time></trkpt>
<trkpt lat="45.359612" lon="-75.840173"><ele>26.0</ele><time>2024-07-09T23:08:19Z</time></trkpt>
<trkpt lat="45.359612" lon="-75.840173"><ele>26.0</ele><time>2024-07-09T23:08:20Z</time></trkpt>
<trkpt lat="45.359612" lon="-75.840173"><ele>26.0</ele><time>2024-07-09T23:08:21Z</time></trkpt>
<trkpt lat="45.359612" lon="-75.840173"><ele>26.0</ele><time>2024-07-09T23:08:22Z</time></trkpt>
<trkpt lat="45.359612" lon="-75.840173"><ele>26.0</ele><time>2024-07-09T23:08:23Z</time></trkpt>
<trkpt lat="45.359612" lon="-75.840173"><ele>26.0</ele><time>2024-07-09T23:08:24Z</time></trkpt>
<trkpt lat="45.359612" lon="-75.840173"><ele>26.0</ele><time>2024-07-09T23:08:25Z</time></trkpt>
<trkpt lat="45.359612" lon="-75.840173"><ele>26.0</ele><time>2024-07-09T23:08:26Z</time></trkpt>
<trkpt lat="45.359612" lon="-75.840173"><ele>26.0</ele><time>2024-07-09T23:08:27Z</time></trkpt>
<trkpt lat="45.359612" lon="-75.840173"><ele>26.0</ele><time>2024-07-09T23:08:28Z</time></trkpt>
<trkpt lat="45.359609" lon="-75.840173"><ele>26.0</ele><time>2024-07-09T23:08:29Z</time></trkpt>
<trkpt lat="45.359609" lon="-75.840173"><ele>26.0</ele><time>2024-07-09T23:08:30Z</time></trkpt>
<trkpt lat="45.359609" lon="-75.840164"><ele>26.0</ele><time>2024-07-09T23:08:31Z</time></trkpt>
<trkpt lat="45.359609" lon="-75.840164"><ele>26.0</ele><time>2024-07-09T23:08:32Z</time></trkpt>
<trkpt lat="45.359609" lon="-75.840164"><ele>26.0</ele><time>2024-07-09T23:08:33Z</time></trkpt>
<trkpt lat="45.359606" lon="-75.840164"><ele>26.0</ele><time>2024-07-09T23:08:34Z</time></trkpt>
<trkpt lat="45.359606" lon="-75.840164"><ele>26.0</ele><time>2024-07-09T23:08:35Z</time></trkpt>
<trkpt lat="45.359606" lon="-75.840164"><ele>26.0</ele><time>2024-07-09T23:08:36Z</time></trkpt>
<trkpt lat="45.359606" lon="-75.840164"><ele>26.0</ele><time>2024-07-09T23:08:37Z</time></trkpt>
<trkpt lat="45.359606" lon="-75.840164"><ele>26.0</ele><time>2024-07-09T23:08:38Z</time></trkpt>
<trkpt lat="45.359606" lon="-75.840164"><ele>26.0</ele><time>2024-07-09T23:08:39Z</time></trkpt>
<trkpt lat="45.359602" lon="-75.840164"><ele>26.0</ele><time>2024-07-09T23:08:40Z</time></trkpt>
<trkpt lat="45.359602" lon="-75.840164"><ele>26.0</ele><time>2024-07-09T23:08:41Z</time></trkpt>
<trkpt lat="45.359602" lon="-75.840164"><ele>26.0</ele><time>2024-07-09T23:08:42Z</time></trkpt>
<trkpt lat="45.359602" lon="-75.840164"><ele>26.0</ele><time>2024-07-09T23:08:43Z</time></trkpt>
<trkpt lat="45.359602" lon="-75.840164"><ele>26.0</ele><time>2024-07-09T23:08:44Z</time></trkpt>
<trkpt lat="45.359602" lon="-75.840164"><ele>26.0</ele><time>2024-07-09T23:08:45Z</time></trkpt>
<trkpt lat="45.359599" lon="-75.840155"><ele>26.0</ele><time>2024-07-09T23:08:46Z</time></trkpt>
<trkpt lat="45.359599" lon="-75.840155"><ele>26.0</ele><time>2024-07-09T23:08:47Z</time></trkpt>
<trkpt lat="45.359599" lon="-75.840155"><ele>26.0</ele><time>2024-07-09T23:08:48Z</time></trkpt>
<trkpt lat="45.359599" lon="-75.840155"><ele>26.0</ele><time>2024-07-09T23:08:49Z</time></trkpt>
<trkpt lat="45.359596" lon="-75.840155"><ele>26.0</ele><time>2024-07-09T23:08:50Z</time></trkpt>
<trkpt lat="45.359596" lon="-75.840155"><ele>26.0</ele><time>2024-07-09T23:08:51Z</time></trkpt>
<trkpt lat="45.359596" lon="-75.840155"><ele>26.0</ele><time>2024-07-09T23:08:52Z</time></trkpt>
<trkpt lat="45.359596" lon="-75.840155"><ele>26.0</ele><time>2024-07-09T23:08:53Z</time></trkpt>
<trkpt lat="45.359596" lon="-75.840155"><ele>26.0</ele><time>2024-07-09T23:08:54Z</time></trkpt>
<trkpt lat="45.359596" lon="-75.840155"><ele>26.0</ele><time>2024-07-09T23:08:55Z</time></trkpt>
<trkpt lat="45.359596" lon="-75.840155"><ele>26.0</ele><time>2024-07-09T23:08:56Z</time></trkpt>
<trkpt lat="45.359596" lon="-75.840155"><ele>26.0</ele><time>2024-07-09T23:08:57Z</time></trkpt>
<trkpt lat="45.359596" lon="-75.840155"><ele>26.0</ele><time>2024-07-09T23:08:58Z</time></trkpt>
<trkpt lat="45.359596" lon="-75.840155"><ele>26.0</ele><time>2024-07-09T23:08:59Z</time></trkpt>
<trkpt lat="45.359596" lon="-75.840155"><ele>26.0</ele><time>2024-07-09T23:09:00Z</time></trkpt>
<trkpt lat="45.359593" lon="-75.840155"><ele>26.0</ele><time>2024-07-09T23:09:01Z</time></trkpt>
<trkpt lat="45.359593" lon="-75.840155"><ele>26.0</ele><time>2024-07-09T23:09:02Z</time></trkpt>
<trkpt lat="45.359593" lon="-75.840155"><ele>26.0</ele><time>2024-07-09T23:09:03Z</time></trkpt>
<trkpt lat="45.359593" lon="-75.840155"><ele>26.0</ele><time>2024-07-09T23:09:04Z</time></trkpt>
<trkpt lat="45.359593" lon="-75.840155"><ele>26.0</ele><time>2024-07-09T23:09:05Z</time></trkpt>
<trkpt lat="45.359593" lon="-75.840146"><ele>26.0</ele><time>2024-07-09T23:09:06Z</time></trkpt>
<trkpt lat="45.359593" lon="-75.840146"><ele>26.0</ele><time>2024-07-09T23:09:07Z</time></trkpt>
<trkpt lat="45.35959" lon="-75.840137"><ele>25.0</ele><time>2024-07-09T23:09:08Z</time></trkpt>
<trkpt lat="45.35959" lon="-75.840137"><ele>25.0</ele><time>2024-07-09T23:09:09Z</time></trkpt>
<trkpt lat="45.35959" lon="-75.840137"><ele>25.0</ele><time>2024-07-09T23:09:10Z</time></trkpt>
<trkpt lat="45.359587" lon="-75.840137"><ele>25.0</ele><time>2024-07-09T23:09:11Z</time></trkpt>
<trkpt lat="45.359587" lon="-75.840137"><ele>25.0</ele><time>2024-07-09T23:09:12Z</time></trkpt>
<trkpt lat="45.359587" lon="-75.840137"><ele>25.0</ele><time>2024-07-09T23:09:13Z</time></trkpt>
<trkpt lat="45.359587" lon="-75.840137"><ele>25.0</ele><time>2024-07-09T23:09:14Z</time></trkpt>
<trkpt lat="45.359587" lon="-75.840137"><ele>25.0</ele><time>2024-07-09T23:09:15Z</time></trkpt>
<trkpt lat="45.359587" lon="-75.840137"><ele>25.0</ele><time>2024-07-09T23:09:16Z</time></trkpt>
<trkpt lat="45.359587" lon="-75.840137"><ele>25.0</ele><time>2024-07-09T23:09:17Z</time></trkpt>
<trkpt lat="45.359587" lon="-75.840137"><ele>25.0</ele><time>2024-07-09T23:09:18Z</time></trkpt>
<trkpt lat="45.359587" lon="-75.840137"><ele>25.0</ele><time>2024-07-09T23:09:19Z</time></trkpt>
<trkpt lat="45.359583" lon="-75.840128"><ele>25.0</ele><time>2024-07-09T23:09:20Z</time></trkpt>
<trkpt lat="45.359583" lon="-75.840128"><ele>25.0</ele><time>2024-07-09T23:09:21Z</time></trkpt>
<trkpt lat="45.359583" lon="-75.840128"><ele>25.0</ele><time>2024-07-09T23:09:22Z</time></trkpt>
<trkpt lat="45.35958" lon="-75.840128"><ele>26.0</ele><time>2024-07-09T23:09:23Z</time></trkpt>
<trkpt lat="45.35958" lon="-75.840119"><ele>26.0</ele><time>2024-07-09T23:09:24Z</time></trkpt>
<trkpt lat="45.35958" lon="-75.840119"><ele>26.0</ele><time>2024-07-09T23:09:25Z</time></trkpt>
<trkpt lat="45.35958" lon="-75.840119"><ele>26.0</ele><time>2024-07-09T23:09:26Z</time></trkpt>
<trkpt lat="45.35958" lon="-75.840119"><ele>26.0</ele><time>2024-07-09T23:09:27Z</time></trkpt>
<trkpt lat="45.35958" lon="-75.840119"><ele>25.0</ele><time>2024-07-09T23:09:28Z</time></trkpt>
<trkpt lat="45.35958" lon="-75.840119"><ele>26.0</ele><time>2024-07-09T23:09:29Z</time></trkpt>
<trkpt lat="45.359577" lon="-75.840119"><ele>26.0</ele><time>2024-07-09T23:09:30Z</time></trkpt>
<trkpt lat="45.359577" lon="-75.840119"><ele>26.0</ele><time>2024-07-09T23:09:31Z</time></trkpt>
<trkpt lat="45.359577" lon="-75.840119"><ele>26.0</ele><time>2024-07-09T23:09:32Z</time></trkpt>
<trkpt lat="45.359577" lon="-75.840119"><ele>26.0</ele><time>2024-07-09T23:09:33Z</time></trkpt>
<trkpt lat="45.359577" lon="-75.840119"><ele>26.0</ele><time>2024-07-09T23:09:34Z</time></trkpt>
<trkpt lat="45.359577" lon="-75.840119"><ele>26.0</ele><time>2024-07-09T23:09:35Z</time></trkpt>
<trkpt lat="45.359577" lon="-75.840119"><ele>26.0</ele><time>2024-07-09T23:09:36Z</time></trkpt>
<trkpt lat="45.359577" lon="-75.840119"><ele>26.0</ele><time>2024-07-09T23:09:37Z</time></trkpt>
<trkpt lat="45.359577" lon="-75.840119"><ele>26.0</ele><time>2024-07-09T23:09:38Z</time></trkpt>
<trkpt lat="45.359577" lon="-75.840119"><ele>26.0</ele><time>2024-07-09T23:09:39Z</time></trkpt>
<trkpt lat="45.359577" lon="-75.840119"><ele>26.0</ele><time>2024-07-09T23:09:40Z</time></trkpt>
<trkpt lat="45.359577" lon="-75.840119"><ele>26.0</ele><time>2024-07-09T23:09:41Z</time></trkpt>
<trkpt lat="45.359577" lon="-75.840119"><ele>26.0</ele><time>2024-07-09T23:09:42Z</time></trkpt>
<trkpt lat="45.359577" lon="-75.840119"><ele>26.0</ele><time>2024-07-09T23:09:43Z</time></trkpt>
<trkpt lat="45.359577" lon="-75.840119"><ele>26.0</ele><time>2024-07-09T23:09:44Z</time></trkpt>
<trkpt lat="45.359577" lon="-75.840119"><ele>26.0</ele><time>2024-07-09T23:09:45Z</time></trkpt>
<trkpt lat="45.359577" lon="-75.840119"><ele>26.0</ele><time>2024-07-09T23:09:46Z</time></trkpt>
<trkpt lat="45.359577" lon="-75.840119"><ele>26.0</ele><time>2024-07-09T23:09:47Z</time></trkpt>
<trkpt lat="45.359577" lon="-75.840119"><ele>26.0</ele><time>2024-07-09T23:09:48Z</time></trkpt>
<trkpt lat="45.35958" lon="-75.840119"><ele>25.0</ele><time>2024-07-09T23:09:49Z</time></trkpt>
<trkpt lat="45.35958" lon="-75.84011"><ele>25.0</ele><time>2024-07-09T23:09:50Z</time></trkpt>
<trkpt lat="45.359577" lon="-75.84011"><ele>25.0</ele><time>2024-07-09T23:09:51Z</time></trkpt>
<trkpt lat="45.359577" lon="-75.84011"><ele>25.0</ele><time>2024-07-09T23:09:52Z</time></trkpt>
<trkpt lat="45.359577" lon="-75.84011"><ele>25.0</ele><time>2024-07-09T23:09:53Z</time></trkpt>
<trkpt lat="45.359574" lon="-75.84011"><ele>25.0</ele><time>2024-07-09T23:09:54Z</time></trkpt>
<trkpt lat="45.359574" lon="-75.84011"><ele>25.0</ele><time>2024-07-09T23:09:55Z</time></trkpt>
<trkpt lat="45.359574" lon="-75.840101"><ele>25.0</ele><time>2024-07-09T23:09:56Z</time></trkpt>
<trkpt lat="45.359574" lon="-75.840101"><ele>25.0</ele><time>2024-07-09T23:09:57Z</time></trkpt>
<trkpt lat="45.359574" lon="-75.840101"><ele>25.0</ele><time>2024-07-09T23:09:58Z</time></trkpt>
<trkpt lat="45.359571" lon="-75.840101"><ele>25.0</ele><time>2024-07-09T23:09:59Z</time></trkpt>
<trkpt lat="45.359571" lon="-75.840101"><ele>25.0</ele><time>2024-07-09T23:10:00Z</time></trkpt>
<trkpt lat="45.359571" lon="-75.840101"><ele>25.0</ele><time>2024-07-09T23:10:01Z</time></trkpt>
<trkpt lat="45.359571" lon="-75.840101"><ele>25.0</ele><time>2024-07-09T23:10:02Z</time></trkpt>
<trkpt lat="45.359571" lon="-75.840101"><ele>25.0</ele><time>2024-07-09T23:10:03Z</time></trkpt>
<trkpt lat="45.359571" lon="-75.840101"><ele>25.0</ele><time>2024-07-09T23:10:04Z</time></trkpt>
<trkpt lat="45.359571" lon="-75.840101"><ele>25.0</ele><time>2024-07-09T23:10:05Z</time></trkpt>
<trkpt lat="45.359571" lon="-75.840101"><ele>25.0</ele><time>2024-07-09T23:10:06Z</time></trkpt>
<trkpt lat="45.359571" lon="-75.840101"><ele>25.0</ele><time>2024-07-09T23:10:07Z</time></trkpt>
<trkpt lat="45.359571" lon="-75.840101"><ele>25.0</ele><time>2024-07-09T23:10:08Z</time></trkpt>
<trkpt lat="45.359571" lon="-75.840101"><ele>25.0</ele><time>2024-07-09T23:10:09Z</time></trkpt>
<trkpt lat="45.359571" lon="-75.840101"><ele>25.0</ele><time>2024-07-09T23:10:10Z</time></trkpt>
<trkpt lat="45.359571" lon="-75.840101"><ele>25.0</ele><time>2024-07-09T23:10:11Z</time></trkpt>
<trkpt lat="45.359571" lon="-75.840101"><ele>25.0</ele><time>2024-07-09T23:10:12Z</time></trkpt>
<trkpt lat="45.359571" lon="-75.840101"><ele>25.0</ele><time>2024-07-09T23:10:13Z</time></trkpt>
<trkpt lat="45.359571" lon="-75.840101"><ele>25.0</ele><time>2024-07-09T23:10:14Z</time></trkpt>
<trkpt lat="45.359571" lon="-75.840101"><ele>25.0</ele><time>2024-07-09T23:10:15Z</time></trkpt>
<trkpt lat="45.359571" lon="-75.840101"><ele>25.0</ele><time>2024-07-09T23:10:16Z</time></trkpt>
<trkpt lat="45.359571" lon="-75.840101"><ele>25.0</ele><time>2024-07-09T23:10:17Z</time></trkpt>
<trkpt lat="45.359571" lon="-75.840101"><ele>25.0</ele><time>2024-07-09T23:10:18Z</time></trkpt>
<trkpt lat="45.359571" lon="-75.840101"><ele>25.0</ele><time>2024-07-09T23:10:19Z</time></trkpt>
<trkpt lat="45.359571" lon="-75.840101"><ele>25.0</ele><time>2024-07-09T23:10:20Z</time></trkpt>
<trkpt lat="45.359571" lon="-75.840101"><ele>25.0</ele><time>2024-07-09T23:10:21Z</time></trkpt>
<trkpt lat="45.359571" lon="-75.840101"><ele>25.0</ele><time>2024-07-09T23:10:22Z</time></trkpt>
<trkpt lat="45.359571" lon="-75.840101"><ele>25.0</ele><time>2024-07-09T23:10:23Z</time></trkpt>
<trkpt lat="45.359571" lon="-75.840101"><ele>25.0</ele><time>2024-07-09T23:10:24Z</time></trkpt>
<trkpt lat="45.359571" lon="-75.840101"><ele>26.0</ele><time>2024-07-09T23:10:25Z</time></trkpt>
<trkpt lat="45.359571" lon="-75.840101"><ele>26.0</ele><time>2024-07-09T23:10:26Z</time></trkpt>
<trkpt lat="45.359571" lon="-75.840101"><ele>26.0</ele><time>2024-07-09T23:10:27Z</time></trkpt>
<trkpt lat="45.359571" lon="-75.840101"><ele>26.0</ele><time>2024-07-09T23:10:28Z</time></trkpt>
<trkpt lat="45.359571" lon="-75.840101"><ele>26.0</ele><time>2024-07-09T23:10:29Z</time></trkpt>
<trkpt lat="45.359571" lon="-75.840101"><ele>26.0</ele><time>2024-07-09T23:10:30Z</time></trkpt>
<trkpt lat="45.359571" lon="-75.840101"><ele>26.0</ele><time>2024-07-09T23:10:31Z</time></trkpt>
<trkpt lat="45.359571" lon="-75.840101"><ele>26.0</ele><time>2024-07-09T23:10:32Z</time></trkpt>
<trkpt lat="45.359571" lon="-75.840101"><ele>26.0</ele><time>2024-07-09T23:10:33Z</time></trkpt>
<trkpt lat="45.359571" lon="-75.840101"><ele>26.0</ele><time>2024-07-09T23:10:34Z</time></trkpt>
<trkpt lat="45.359571" lon="-75.840101"><ele>26.0</ele><time>2024-07-09T23:10:35Z</time></trkpt>
<trkpt lat="45.359571" lon="-75.840101"><ele>26.0</ele><time>2024-07-09T23:10:36Z</time></trkpt>
<trkpt lat="45.359571" lon="-75.840101"><ele>26.0</ele><time>2024-07-09T23:10:37Z</time></trkpt>
<trkpt lat="45.359571" lon="-75.840101"><ele>26.0</ele><time>2024-07-09T23:10:38Z</time></trkpt>
<trkpt lat="45.359571" lon="-75.840101"><ele>26.0</ele><time>2024-07-09T23:10:39Z</time></trkpt>
<trkpt lat="45.359571" lon="-75.840101"><ele>26.0</ele><time>2024-07-09T23:10:40Z</time></trkpt>
<trkpt lat="45.359571" lon="-75.840101"><ele>26.0</ele><time>2024-07-09T23:10:41Z</time></trkpt>
<trkpt lat="45.359571" lon="-75.840101"><ele>26.0</ele><time>2024-07-09T23:10:42Z</time></trkpt>
<trkpt lat="45.359571" lon="-75.840101"><ele>26.0</ele><time>2024-07-09T23:10:43Z</time></trkpt>
<trkpt lat="45.359571" lon="-75.840101"><ele>26.0</ele><time>2024-07-09T23:10:44Z</time></trkpt>
<trkpt lat="45.359568" lon="-75.840101"><ele>26.0</ele><time>2024-07-09T23:10:45Z</time></trkpt>
<trkpt lat="45.359568" lon="-75.840101"><ele>26.0</ele><time>2024-07-09T23:10:46Z</time></trkpt>
<trkpt lat="45.359568" lon="-75.840101"><ele>26.0</ele><time>2024-07-09T23:10:47Z</time></trkpt>
<trkpt lat="45.359568" lon="-75.840101"><ele>26.0</ele><time>2024-07-09T23:10:48Z</time></trkpt>
<trkpt lat="45.359568" lon="-75.840101"><ele>26.0</ele><time>2024-07-09T23:10:49Z</time></trkpt>
<trkpt lat="45.359568" lon="-75.840101"><ele>26.0</ele><time>2024-07-09T23:10:50Z</time></trkpt>
<trkpt lat="45.359568" lon="-75.840101"><ele>26.0</ele><time>2024-07-09T23:10:51Z</time></trkpt>
<trkpt lat="45.359568" lon="-75.840101"><ele>26.0</ele><time>2024-07-09T23:10:52Z</time></trkpt>
<trkpt lat="45.359568" lon="-75.840101"><ele>26.0</ele><time>2024-07-09T23:10:53Z</time></trkpt>
<trkpt lat="45.359568" lon="-75.840101"><ele>26.0</ele><time>2024-07-09T23:10:54Z</time></trkpt>
<trkpt lat="45.359568" lon="-75.840101"><ele>26.0</ele><time>2024-07-09T23:10:55Z</time></trkpt>
<trkpt lat="45.359568" lon="-75.840101"><ele>26.0</ele><time>2024-07-09T23:10:56Z</time></trkpt>
<trkpt lat="45.359568" lon="-75.840101"><ele>26.0</ele><time>2024-07-09T23:10:57Z</time></trkpt>
<trkpt lat="45.359568" lon="-75.840101"><ele>26.0</ele><time>2024-07-09T23:10:58Z</time></trkpt>
<trkpt lat="45.359568" lon="-75.840101"><ele>26.0</ele><time>2024-07-09T23:10:59Z</time></trkpt>
<trkpt lat="45.359568" lon="-75.840101"><ele>25.0</ele><time>2024-07-09T23:11:00Z</time></trkpt>
<trkpt lat="45.359565" lon="-75.840101"><ele>25.0</ele><time>2024-07-09T23:11:01Z</time></trkpt>
<trkpt lat="45.359561" lon="-75.840101"><ele>25.0</ele><time>2024-07-09T23:11:02Z</time></trkpt>
<trkpt lat="45.359561" lon="-75.840101"><ele>25.0</ele><time>2024-07-09T23:11:03Z</time></trkpt>
<trkpt lat="45.359561" lon="-75.840101"><ele>25.0</ele><time>2024-07-09T23:11:04Z</time></trkpt>
<trkpt lat="45.359558" lon="-75.840101"><ele>25.0</ele><time>2024-07-09T23:11:05Z</time></trkpt>
<trkpt lat="45.359558" lon="-75.840101"><ele>25.0</ele><time>2024-07-09T23:11:06Z</time></trkpt>
<trkpt lat="45.359558" lon="-75.840101"><ele>25.0</ele><time>2024-07-09T23:11:07Z</time></trkpt>
<trkpt lat="45.359558" lon="-75.840101"><ele>25.0</ele><time>2024-07-09T23:11:08Z</time></trkpt>
<trkpt lat="45.359555" lon="-75.840101"><ele>25.0</ele><time>2024-07-09T23:11:09Z</time></trkpt>
<trkpt lat="45.359555" lon="-75.840101"><ele>25.0</ele><time>2024-07-09T23:11:10Z</time></trkpt>
<trkpt lat="45.359555" lon="-75.840101"><ele>25.0</ele><time>2024-07-09T23:11:11Z</time></trkpt>
<trkpt lat="45.359552" lon="-75.840101"><ele>25.0</ele><time>2024-07-09T23:11:12Z</time></trkpt>
<trkpt lat="45.359552" lon="-75.840101"><ele>25.0</ele><time>2024-07-09T23:11:13Z</time></trkpt>
<trkpt lat="45.359552" lon="-75.840101"><ele>25.0</ele><time>2024-07-09T23:11:14Z</time></trkpt>
<trkpt lat="45.359552" lon="-75.84011"><ele>25.0</ele><time>2024-07-09T23:11:15Z</time></trkpt>
<trkpt lat="45.359552" lon="-75.84011"><ele>25.0</ele><time>2024-07-09T23:11:16Z</time></trkpt>
<trkpt lat="45.359552" lon="-75.84011"><ele>25.0</ele><time>2024-07-09T23:11:17Z</time></trkpt>
<trkpt lat="45.359552" lon="-75.84011"><ele>25.0</ele><time>2024-07-09T23:11:18Z</time></trkpt>
<trkpt lat="45.359552" lon="-75.84011"><ele>25.0</ele><time>2024-07-09T23:11:19Z</time></trkpt>
<trkpt lat="45.359549" lon="-75.84011"><ele>25.0</ele><time>2024-07-09T23:11:20Z</time></trkpt>
<trkpt lat="45.359549" lon="-75.84011"><ele>25.0</ele><time>2024-07-09T23:11:21Z</time></trkpt>
<trkpt lat="45.359549" lon="-75.84011"><ele>25.0</ele><time>2024-07-09T23:11:22Z</time></trkpt>
<trkpt lat="45.359549" lon="-75.840119"><ele>25.0</ele><time>2024-07-09T23:11:23Z</time></trkpt>
<trkpt lat="45.359549" lon="-75.840119"><ele>25.0</ele><time>2024-07-09T23:11:24Z</time></trkpt>
<trkpt lat="45.359549" lon="-75.840119"><ele>25.0</ele><time>2024-07-09T23:11:25Z</time></trkpt>
<trkpt lat="45.359546" lon="-75.840119"><ele>25.0</ele><time>2024-07-09T23:11:26Z</time></trkpt>
<trkpt lat="45.359546" lon="-75.840119"><ele>24.0</ele><time>2024-07-09T23:11:27Z</time></trkpt>
<trkpt lat="45.359549" lon="-75.840119"><ele>24.0</ele><time>2024-07-09T23:11:28Z</time></trkpt>
<trkpt lat="45.359549" lon="-75.840119"><ele>24.0</ele><time>2024-07-09T23:11:29Z</time></trkpt>
<trkpt lat="45.359549" lon="-75.840119"><ele>24.0</ele><time>2024-07-09T23:11:30Z</time></trkpt>
<trkpt lat="45.359549" lon="-75.840119"><ele>24.0</ele><time>2024-07-09T23:11:31Z</time></trkpt>
<trkpt lat="45.359546" lon="-75.840119"><ele>24.0</ele><time>2024-07-09T23:11:32Z</time></trkpt>
<trkpt lat="45.359546" lon="-75.840128"><ele>24.0</ele><time>2024-07-09T23:11:33Z</time></trkpt>
<trkpt lat="45.359546" lon="-75.840128"><ele>24.0</ele><time>2024-07-09T23:11:34Z</time></trkpt>
<trkpt lat="45.359546" lon="-75.840128"><ele>24.0</ele><time>2024-07-09T23:11:35Z</time></trkpt>
<trkpt lat="45.359546" lon="-75.840128"><ele>24.0</ele><time>2024-07-09T23:11:36Z</time></trkpt>
<trkpt lat="45.359542" lon="-75.840128"><ele>24.0</ele><time>2024-07-09T23:11:37Z</time></trkpt>
<trkpt lat="45.359542" lon="-75.840128"><ele>25.0</ele><time>2024-07-09T23:11:38Z</time></trkpt>
<trkpt lat="45.359542" lon="-75.840128"><ele>25.0</ele><time>2024-07-09T23:11:39Z</time></trkpt>
<trkpt lat="45.359542" lon="-75.840128"><ele>25.0</ele><time>2024-07-09T23:11:40Z</time></trkpt>
<trkpt lat="45.359542" lon="-75.840128"><ele>25.0</ele><time>2024-07-09T23:11:41Z</time></trkpt>
<trkpt lat="45.359539" lon="-75.840128"><ele>25.0</ele><time>2024-07-09T23:11:42Z</time></trkpt>
<trkpt lat="45.359539" lon="-75.840137"><ele>25.0</ele><time>2024-07-09T23:11:43Z</time></trkpt>
<trkpt lat="45.359539" lon="-75.840137"><ele>25.0</ele><time>2024-07-09T23:11:44Z</time></trkpt>
<trkpt lat="45.359536" lon="-75.840137"><ele>25.0</ele><time>2024-07-09T23:11:45Z</time></trkpt>
<trkpt lat="45.359536" lon="-75.840137"><ele>25.0</ele><time>2024-07-09T23:11:46Z</time></trkpt>
<trkpt lat="45.359536" lon="-75.840137"><ele>25.0</ele><time>2024-07-09T23:11:47Z</time></trkpt>
<trkpt lat="45.359536" lon="-75.840137"><ele>25.0</ele><time>2024-07-09T23:11:48Z</time></trkpt>
<trkpt lat="45.359536" lon="-75.840137"><ele>25.0</ele><time>2024-07-09T23:11:49Z</time></trkpt>
<trkpt lat="45.359533" lon="-75.840146"><ele>24.0</ele><time>2024-07-09T23:11:50Z</time></trkpt>
<trkpt lat="45.359533" lon="-75.840146"><ele>24.0</ele><time>2024-07-09T23:11:51Z</time></trkpt>
<trkpt lat="45.359533" lon="-75.840146"><ele>24.0</ele><time>2024-07-09T23:11:52Z</time></trkpt>
<trkpt lat="45.35953" lon="-75.840146"><ele>24.0</ele><time>2024-07-09T23:11:53Z</time></trkpt>
<trkpt lat="45.35953" lon="-75.840146"><ele>24.0</ele><time>2024-07-09T23:11:54Z</time></trkpt>
<trkpt lat="45.35953" lon="-75.840146"><ele>24.0</ele><time>2024-07-09T23:11:55Z</time></trkpt>
<trkpt lat="45.359527" lon="-75.840146"><ele>24.0</ele><time>2024-07-09T23:11:56Z</time></trkpt>
<trkpt lat="45.359527" lon="-75.840146"><ele>24.0</ele><time>2024-07-09T23:11:57Z</time></trkpt>
<trkpt lat="45.359527" lon="-75.840155"><ele>24.0</ele><time>2024-07-09T23:11:58Z</time></trkpt>
<trkpt lat="45.359527" lon="-75.840155"><ele>24.0</ele><time>2024-07-09T23:11:59Z</time></trkpt>
<trkpt lat="45.359527" lon="-75.840155"><ele>24.0</ele><time>2024-07-09T23:12:00Z</time></trkpt>
<trkpt lat="45.359527" lon="-75.840155"><ele>24.0</ele><time>2024-07-09T23:12:01Z</time></trkpt>
<trkpt lat="45.359523" lon="-75.840155"><ele>24.0</ele><time>2024-07-09T23:12:02Z</time></trkpt>
<trkpt lat="45.359523" lon="-75.840155"><ele>24.0</ele><time>2024-07-09T23:12:03Z</time></trkpt>
<trkpt lat="45.359523" lon="-75.840155"><ele>24.0</ele><time>2024-07-09T23:12:04Z</time></trkpt>
<trkpt lat="45.359523" lon="-75.840155"><ele>24.0</ele><time>2024-07-09T23:12:05Z</time></trkpt>
<trkpt lat="45.359523" lon="-75.840155"><ele>24.0</ele><time>2024-07-09T23:12:06Z</time></trkpt>
<trkpt lat="45.359523" lon="-75.840155"><ele>24.0</ele><time>2024-07-09T23:12:07Z</time></trkpt>
<trkpt lat="45.359523" lon="-75.840155"><ele>24.0</ele><time>2024-07-09T23:12:08Z</time></trkpt>
<trkpt lat="45.359523" lon="-75.840155"><ele>24.0</ele><time>2024-07-09T23:12:09Z</time></trkpt>
<trkpt lat="45.359523" lon="-75.840155"><ele>24.0</ele><time>2024-07-09T23:12:10Z</time></trkpt>
<trkpt lat="45.359523" lon="-75.840155"><ele>24.0</ele><time>2024-07-09T23:12:11Z</time></trkpt>
<trkpt lat="45.359523" lon="-75.840155"><ele>24.0</ele><time>2024-07-09T23:12:12Z</time></trkpt>
<trkpt lat="45.359523" lon="-75.840155"><ele>24.0</ele><time>2024-07-09T23:12:13Z</time></trkpt>
<trkpt lat="45.359523" lon="-75.840155"><ele>24.0</ele><time>2024-07-09T23:12:14Z</time></trkpt>
<trkpt lat="45.359523" lon="-75.840155"><ele>24.0</ele><time>2024-07-09T23:12:15Z</time></trkpt>
<trkpt lat="45.359523" lon="-75.840155"><ele>24.0</ele><time>2024-07-09T23:12:16Z</time></trkpt>
<trkpt lat="45.359523" lon="-75.840155"><ele>24.0</ele><time>2024-07-09T23:12:17Z</time></trkpt>
<trkpt lat="45.359523" lon="-75.840155"><ele>24.0</ele><time>2024-07-09T23:12:18Z</time></trkpt>
<trkpt lat="45.359523" lon="-75.840164"><ele>24.0</ele><time>2024-07-09T23:12:19Z</time></trkpt>
<trkpt lat="45.35952" lon="-75.840164"><ele>24.0</ele><time>2024-07-09T23:12:20Z</time></trkpt>
<trkpt lat="45.35952" lon="-75.840164"><ele>24.0</ele><time>2024-07-09T23:12:21Z</time></trkpt>
<trkpt lat="45.359517" lon="-75.840164"><ele>24.0</ele><time>2024-07-09T23:12:22Z</time></trkpt>
<trkpt lat="45.359517" lon="-75.840164"><ele>24.0</ele><time>2024-07-09T23:12:23Z</time></trkpt>
<trkpt lat="45.359517" lon="-75.840173"><ele>24.0</ele><time>2024-07-09T23:12:24Z</time></trkpt>
<trkpt lat="45.359514" lon="-75.840173"><ele>24.0</ele><time>2024-07-09T23:12:25Z</time></trkpt>
<trkpt lat="45.359514" lon="-75.840173"><ele>24.0</ele><time>2024-07-09T23:12:26Z</time></trkpt>
<trkpt lat="45.359511" lon="-75.840173"><ele>24.0</ele><time>2024-07-09T23:12:27Z</time></trkpt>
<trkpt lat="45.359508" lon="-75.840173"><ele>24.0</ele><time>2024-07-09T23:12:28Z</time></trkpt>
<trkpt lat="45.359508" lon="-75.840173"><ele>24.0</ele><time>2024-07-09T23:12:29Z</time></trkpt>
<trkpt lat="45.359508" lon="-75.840173"><ele>24.0</ele><time>2024-07-09T23:12:30Z</time></trkpt>
<trkpt lat="45.359504" lon="-75.840173"><ele>24.0</ele><time>2024-07-09T23:12:31Z</time></trkpt>
<trkpt lat="45.359504" lon="-75.840182"><ele>24.0</ele><time>2024-07-09T23:12:32Z</time></trkpt>
<trkpt lat="45.359504" lon="-75.840182"><ele>24.0</ele><time>2024-07-09T23:12:33Z</time></trkpt>
<trkpt lat="45.359501" lon="-75.840182"><ele>24.0</ele><time>2024-07-09T23:12:34Z</time></trkpt>
<trkpt lat="45.359501" lon="-75.840182"><ele>24.0</ele><time>2024-07-09T23:12:35Z</time></trkpt>
<trkpt lat="45.359501" lon="-75.840182"><ele>24.0</ele><time>2024-07-09T23:12:36Z</time></trkpt>
<trkpt lat="45.359501" lon="-75.840182"><ele>24.0</ele><time>2024-07-09T23:12:37Z</time></trkpt>
<trkpt lat="45.359501" lon="-75.840182"><ele>24.0</ele><time>2024-07-09T23:12:38Z</time></trkpt>
<trkpt lat="45.359501" lon="-75.840182"><ele>24.0</ele><time>2024-07-09T23:12:39Z</time></trkpt>
<trkpt lat="45.359501" lon="-75.840182"><ele>24.0</ele><time>2024-07-09T23:12:40Z</time></trkpt>
<trkpt lat="45.359501" lon="-75.840182"><ele>24.0</ele><time>2024-07-09T23:12:41Z</time></trkpt>
<trkpt lat="45.359501" lon="-75.840182"><ele>24.0</ele><time>2024-07-09T23:12:42Z</time></trkpt>
<trkpt lat="45.359501" lon="-75.840182"><ele>24.0</ele><time>2024-07-09T23:12:43Z</time></trkpt>
<trkpt lat="45.359501" lon="-75.840182"><ele>24.0</ele><time>2024-07-09T23:12:44Z</time></trkpt>
<trkpt lat="45.359501" lon="-75.840182"><ele>24.0</ele><time>2024-07-09T23:12:45Z</time></trkpt>
<trkpt lat="45.359498" lon="-75.840182"><ele>24.0</ele><time>2024-07-09T23:12:46Z</time></trkpt>
<trkpt lat="45.359498" lon="-75.840182"><ele>24.0</ele><time>2024-07-09T23:12:47Z</time></trkpt>
<trkpt lat="45.359498" lon="-75.840191"><ele>24.0</ele><time>2024-07-09T23:12:48Z</time></trkpt>
<trkpt lat="45.359498" lon="-75.840191"><ele>24.0</ele><time>2024-07-09T23:12:49Z</time></trkpt>
<trkpt lat="45.359498" lon="-75.840191"><ele>24.0</ele><time>2024-07-09T23:12:50Z</time></trkpt>
<trkpt lat="45.359498" lon="-75.840191"><ele>24.0</ele><time>2024-07-09T23:12:51Z</time></trkpt>
<trkpt lat="45.359498" lon="-75.840191"><ele>24.0</ele><time>2024-07-09T23:12:52Z</time></trkpt>
<trkpt lat="45.359498" lon="-75.840191"><ele>24.0</ele><time>2024-07-09T23:12:53Z</time></trkpt>
<trkpt lat="45.359498" lon="-75.840191"><ele>24.0</ele><time>2024-07-09T23:12:54Z</time></trkpt>
<trkpt lat="45.359498" lon="-75.840191"><ele>24.0</ele><time>2024-07-09T23:12:55Z</time></trkpt>
<trkpt lat="45.359495" lon="-75.840191"><ele>24.0</ele><time>2024-07-09T23:12:56Z</time></trkpt>
<trkpt lat="45.359495" lon="-75.840191"><ele>24.0</ele><time>2024-07-09T23:12:57Z</time></trkpt>
<trkpt lat="45.359495" lon="-75.8402"><ele>24.0</ele><time>2024-07-09T23:12:58Z</time></trkpt>
<trkpt lat="45.359492" lon="-75.8402"><ele>24.0</ele><time>2024-07-09T23:12:59Z</time></trkpt>
<trkpt lat="45.359492" lon="-75.8402"><ele>24.0</ele><time>2024-07-09T23:13:00Z</time></trkpt>
<trkpt lat="45.359492" lon="-75.8402"><ele>24.0</ele><time>2024-07-09T23:13:01Z</time></trkpt>
<trkpt lat="45.359492" lon="-75.8402"><ele>24.0</ele><time>2024-07-09T23:13:02Z</time></trkpt>
<trkpt lat="45.359492" lon="-75.8402"><ele>25.0</ele><time>2024-07-09T23:13:03Z</time></trkpt>
<trkpt lat="45.359492" lon="-75.8402"><ele>25.0</ele><time>2024-07-09T23:13:04Z</time></trkpt>
<trkpt lat="45.359492" lon="-75.8402"><ele>25.0</ele><time>2024-07-09T23:13:05Z</time></trkpt>
<trkpt lat="45.359492" lon="-75.8402"><ele>25.0</ele><time>2024-07-09T23:13:06Z</time></trkpt>
<trkpt lat="45.359492" lon="-75.8402"><ele>25.0</ele><time>2024-07-09T23:13:07Z</time></trkpt>
<trkpt lat="45.359489" lon="-75.8402"><ele>25.0</ele><time>2024-07-09T23:13:08Z</time></trkpt>
<trkpt lat="45.359489" lon="-75.8402"><ele>25.0</ele><time>2024-07-09T23:13:09Z</time></trkpt>
<trkpt lat="45.359489" lon="-75.8402"><ele>25.0</ele><time>2024-07-09T23:13:10Z</time></trkpt>
<trkpt lat="45.359489" lon="-75.8402"><ele>25.0</ele><time>2024-07-09T23:13:11Z</time></trkpt>
<trkpt lat="45.359489" lon="-75.8402"><ele>25.0</ele><time>2024-07-09T23:13:12Z</time></trkpt>
<trkpt lat="45.359489" lon="-75.8402"><ele>25.0</ele><time>2024-07-09T23:13:13Z</time></trkpt>
<trkpt lat="45.359489" lon="-75.8402"><ele>25.0</ele><time>2024-07-09T23:13:14Z</time></trkpt>
<trkpt lat="45.359489" lon="-75.8402"><ele>25.0</ele><time>2024-07-09T23:13:15Z</time></trkpt>
<trkpt lat="45.359489" lon="-75.8402"><ele>25.0</ele><time>2024-07-09T23:13:16Z</time></trkpt>
<trkpt lat="45.359489" lon="-75.8402"><ele>25.0</ele><time>2024-07-09T23:13:17Z</time></trkpt>
<trkpt lat="45.359489" lon="-75.8402"><ele>25.0</ele><time>2024-07-09T23:13:18Z</time></trkpt>
<trkpt lat="45.359489" lon="-75.8402"><ele>25.0</ele><time>2024-07-09T23:13:19Z</time></trkpt>
<trkpt lat="45.359489" lon="-75.8402"><ele>25.0</ele><time>2024-07-09T23:13:20Z</time></trkpt>
<trkpt lat="45.359489" lon="-75.8402"><ele>25.0</ele><time>2024-07-09T23:13:21Z</time></trkpt>
<trkpt lat="45.359489" lon="-75.8402"><ele>25.0</ele><time>2024-07-09T23:13:22Z</time></trkpt>
<trkpt lat="45.359489" lon="-75.8402"><ele>25.0</ele><time>2024-07-09T23:13:23Z</time></trkpt>
<trkpt lat="45.359489" lon="-75.8402"><ele>25.0</ele><time>2024-07-09T23:13:24Z</time></trkpt>
<trkpt lat="45.359489" lon="-75.8402"><ele>25.0</ele><time>2024-07-09T23:13:25Z</time></trkpt>
<trkpt lat="45.359489" lon="-75.8402"><ele>25.0</ele><time>2024-07-09T23:13:26Z</time></trkpt>
<trkpt lat="45.359489" lon="-75.8402"><ele>25.0</ele><time>2024-07-09T23:13:27Z</time></trkpt>
<trkpt lat="45.359489" lon="-75.8402"><ele>25.0</ele><time>2024-07-09T23:13:28Z</time></trkpt>
<trkpt lat="45.359489" lon="-75.8402"><ele>25.0</ele><time>2024-07-09T23:13:29Z</time></trkpt>
<trkpt lat="45.359489" lon="-75.8402"><ele>25.0</ele><time>2024-07-09T23:13:30Z</time></trkpt>
<trkpt lat="45.359489" lon="-75.8402"><ele>25.0</ele><time>2024-07-09T23:13:31Z</time></trkpt>
<trkpt lat="45.359489" lon="-75.8402"><ele>25.0</ele><time>2024-07-09T23:13:32Z</time></trkpt>
<trkpt lat="45.359489" lon="-75.8402"><ele>25.0</ele><time>2024-07-09T23:13:33Z</time></trkpt>
<trkpt lat="45.359489" lon="-75.8402"><ele>25.0</ele><time>2024-07-09T23:13:34Z</time></trkpt>
<trkpt lat="45.359489" lon="-75.8402"><ele>25.0</ele><time>2024-07-09T23:13:35Z</time></trkpt>
<trkpt lat="45.359489" lon="-75.8402"><ele>25.0</ele><time>2024-07-09T23:13:36Z</time></trkpt>
<trkpt lat="45.359489" lon="-75.8402"><ele>25.0</ele><time>2024-07-09T23:13:37Z</time></trkpt>
<trkpt lat="45.359489" lon="-75.8402"><ele>25.0</ele><time>2024-07-09T23:13:38Z</time></trkpt>
<trkpt lat="45.359489" lon="-75.8402"><ele>25.0</ele><time>2024-07-09T23:13:39Z</time></trkpt>
<trkpt lat="45.359489" lon="-75.8402"><ele>25.0</ele><time>2024-07-09T23:13:40Z</time></trkpt>
<trkpt lat="45.359489" lon="-75.8402"><ele>25.0</ele><time>2024-07-09T23:13:41Z</time></trkpt>
<trkpt lat="45.359489" lon="-75.8402"><ele>25.0</ele><time>2024-07-09T23:13:42Z</time></trkpt>
<trkpt lat="45.359489" lon="-75.8402"><ele>25.0</ele><time>2024-07-09T23:13:43Z</time></trkpt>
<trkpt lat="45.359489" lon="-75.8402"><ele>25.0</ele><time>2024-07-09T23:13:44Z</time></trkpt>
<trkpt lat="45.359489" lon="-75.8402"><ele>25.0</ele><time>2024-07-09T23:13:45Z</time></trkpt>
<trkpt lat="45.359489" lon="-75.840208"><ele>25.0</ele><time>2024-07-09T23:13:46Z</time></trkpt>
<trkpt lat="45.359489" lon="-75.840208"><ele>25.0</ele><time>2024-07-09T23:13:47Z</time></trkpt>
<trkpt lat="45.359489" lon="-75.840208"><ele>25.0</ele><time>2024-07-09T23:13:48Z</time></trkpt>
<trkpt lat="45.359489" lon="-75.840208"><ele>25.0</ele><time>2024-07-09T23:13:49Z</time></trkpt>
<trkpt lat="45.359489" lon="-75.840208"><ele>25.0</ele><time>2024-07-09T23:13:50Z</time></trkpt>
<trkpt lat="45.359489" lon="-75.840208"><ele>25.0</ele><time>2024-07-09T23:13:51Z</time></trkpt>
<trkpt lat="45.359489" lon="-75.840208"><ele>25.0</ele><time>2024-07-09T23:13:52Z</time></trkpt>
<trkpt lat="45.359489" lon="-75.840208"><ele>25.0</ele><time>2024-07-09T23:13:53Z</time></trkpt>
<trkpt lat="45.359489" lon="-75.840208"><ele>25.0</ele><time>2024-07-09T23:13:54Z</time></trkpt>
<trkpt lat="45.359489" lon="-75.840208"><ele>25.0</ele><time>2024-07-09T23:13:55Z</time></trkpt>
<trkpt lat="45.359489" lon="-75.840208"><ele>25.0</ele><time>2024-07-09T23:13:56Z</time></trkpt>
<trkpt lat="45.359489" lon="-75.840208"><ele>25.0</ele><time>2024-07-09T23:13:57Z</time></trkpt>
<trkpt lat="45.359489" lon="-75.840208"><ele>25.0</ele><time>2024-07-09T23:13:58Z</time></trkpt>
<trkpt lat="45.359489" lon="-75.840208"><ele>25.0</ele><time>2024-07-09T23:13:59Z</time></trkpt>
<trkpt lat="45.359489" lon="-75.840208"><ele>25.0</ele><time>2024-07-09T23:14:00Z</time></trkpt>
<trkpt lat="45.359489" lon="-75.840208"><ele>25.0</ele><time>2024-07-09T23:14:01Z</time></trkpt>
<trkpt lat="45.359489" lon="-75.840208"><ele>25.0</ele><time>2024-07-09T23:14:02Z</time></trkpt>
<trkpt lat="45.359489" lon="-75.840208"><ele>25.0</ele><time>2024-07-09T23:14:03Z</time></trkpt>
<trkpt lat="45.359489" lon="-75.840208"><ele>25.0</ele><time>2024-07-09T23:14:04Z</time></trkpt>
<trkpt lat="45.359489" lon="-75.840208"><ele>25.0</ele><time>2024-07-09T23:14:05Z</time></trkpt>
<trkpt lat="45.359492" lon="-75.840208"><ele>25.0</ele><time>2024-07-09T23:14:06Z</time></trkpt>
<trkpt lat="45.359492" lon="-75.840208"><ele>25.0</ele><time>2024-07-09T23:14:07Z</time></trkpt>
<trkpt lat="45.359492" lon="-75.840208"><ele>25.0</ele><time>2024-07-09T23:14:08Z</time></trkpt>
<trkpt lat="45.359492" lon="-75.840208"><ele>25.0</ele><time>2024-07-09T23:14:09Z</time></trkpt>
<trkpt lat="45.359492" lon="-75.840208"><ele>25.0</ele><time>2024-07-09T23:14:10Z</time></trkpt>
<trkpt lat="45.359492" lon="-75.840208"><ele>25.0</ele><time>2024-07-09T23:14:11Z</time></trkpt>
<trkpt lat="45.359492" lon="-75.840208"><ele>25.0</ele><time>2024-07-09T23:14:12Z</time></trkpt>
<trkpt lat="45.359492" lon="-75.840208"><ele>25.0</ele><time>2024-07-09T23:14:13Z</time></trkpt>
<trkpt lat="45.359492" lon="-75.840208"><ele>25.0</ele><time>2024-07-09T23:14:14Z</time></trkpt>
<trkpt lat="45.359492" lon="-75.840208"><ele>25.0</ele><time>2024-07-09T23:14:15Z</time></trkpt>
<trkpt lat="45.359492" lon="-75.840208"><ele>25.0</ele><time>2024-07-09T23:14:16Z</time></trkpt>
<trkpt lat="45.359492" lon="-75.840208"><ele>25.0</ele><time>2024-07-09T23:14:17Z</time></trkpt>
<trkpt lat="45.359492" lon="-75.840208"><ele>25.0</ele><time>2024-07-09T23:14:18Z</time></trkpt>
<trkpt lat="45.359492" lon="-75.840208"><ele>25.0</ele><time>2024-07-09T23:14:19Z</time></trkpt>
<trkpt lat="45.359492" lon="-75.840208"><ele>25.0</ele><time>2024-07-09T23:14:20Z</time></trkpt>
<trkpt lat="45.359492" lon="-75.840208"><ele>25.0</ele><time>2024-07-09T23:14:21Z</time></trkpt>
<trkpt lat="45.359492" lon="-75.840208"><ele>25.0</ele><time>2024-07-09T23:14:22Z</time></trkpt>
<trkpt lat="45.359492" lon="-75.840208"><ele>25.0</ele><time>2024-07-09T23:14:23Z</time></trkpt>
<trkpt lat="45.359492" lon="-75.840208"><ele>25.0</ele><time>2024-07-09T23:14:24Z</time></trkpt>
<trkpt lat="45.359492" lon="-75.840208"><ele>25.0</ele><time>2024-07-09T23:14:25Z</time></trkpt>
<trkpt lat="45.359492" lon="-75.840208"><ele>25.0</ele><time>2024-07-09T23:14:26Z</time></trkpt>
<trkpt lat="45.359492" lon="-75.840208"><ele>25.0</ele><time>2024-07-09T23:14:27Z</time></trkpt>
<trkpt lat="45.359492" lon="-75.840208"><ele>25.0</ele><time>2024-07-09T23:14:28Z</time></trkpt>
<trkpt lat="45.359495" lon="-75.840217"><ele>25.0</ele><time>2024-07-09T23:14:29Z</time></trkpt>
<trkpt lat="45.359495" lon="-75.840217"><ele>25.0</ele><time>2024-07-09T23:14:30Z</time></trkpt>
<trkpt lat="45.359495" lon="-75.840217"><ele>25.0</ele><time>2024-07-09T23:14:31Z</time></trkpt>
<trkpt lat="45.359498" lon="-75.840226"><ele>25.0</ele><time>2024-07-09T23:14:32Z</time></trkpt>
<trkpt lat="45.359498" lon="-75.840226"><ele>25.0</ele><time>2024-07-09T23:14:33Z</time></trkpt>
<trkpt lat="45.359498" lon="-75.840226"><ele>25.0</ele><time>2024-07-09T23:14:34Z</time></trkpt>
<trkpt lat="45.359498" lon="-75.840226"><ele>25.0</ele><time>2024-07-09T23:14:35Z</time></trkpt>
<trkpt lat="45.359498" lon="-75.840226"><ele>25.0</ele><time>2024-07-09T23:14:36Z</time></trkpt>
<trkpt lat="45.359498" lon="-75.840226"><ele>25.0</ele><time>2024-07-09T23:14:37Z</time></trkpt>
<trkpt lat="45.359498" lon="-75.840226"><ele>25.0</ele><time>2024-07-09T23:14:38Z</time></trkpt>
<trkpt lat="45.359498" lon="-75.840226"><ele>25.0</ele><time>2024-07-09T23:14:39Z</time></trkpt>
<trkpt lat="45.359498" lon="-75.840226"><ele>25.0</ele><time>2024-07-09T23:14:40Z</time></trkpt>
<trkpt lat="45.359498" lon="-75.840226"><ele>25.0</ele><time>2024-07-09T23:14:41Z</time></trkpt>
<trkpt lat="45.359498" lon="-75.840226"><ele>25.0</ele><time>2024-07-09T23:14:42Z</time></trkpt>
<trkpt lat="45.359498" lon="-75.840226"><ele>25.0</ele><time>2024-07-09T23:14:43Z</time></trkpt>
<trkpt lat="45.359498" lon="-75.840226"><ele>25.0</ele><time>2024-07-09T23:14:44Z</time></trkpt>
<trkpt lat="45.359498" lon="-75.840226"><ele>25.0</ele><time>2024-07-09T23:14:45Z</time></trkpt>
<trkpt lat="45.359498" lon="-75.840226"><ele>25.0</ele><time>2024-07-09T23:14:46Z</time></trkpt>
<trkpt lat="45.359498" lon="-75.840226"><ele>25.0</ele><time>2024-07-09T23:14:47Z</time></trkpt>
<trkpt lat="45.359498" lon="-75.840226"><ele>25.0</ele><time>2024-07-09T23:14:48Z</time></trkpt>
<trkpt lat="45.359498" lon="-75.840226"><ele>25.0</ele><time>2024-07-09T23:14:49Z</time></trkpt>
<trkpt lat="45.359498" lon="-75.840226"><ele>25.0</ele><time>2024-07-09T23:14:50Z</time></trkpt>
<trkpt lat="45.359498" lon="-75.840226"><ele>25.0</ele><time>2024-07-09T23:14:51Z</time></trkpt>
<trkpt lat="45.359498" lon="-75.840226"><ele>25.0</ele><time>2024-07-09T23:14:52Z</time></trkpt>
<trkpt lat="45.359498" lon="-75.840226"><ele>25.0</ele><time>2024-07-09T23:14:53Z</time></trkpt>
<trkpt lat="45.359498" lon="-75.840226"><ele>25.0</ele><time>2024-07-09T23:14:54Z</time></trkpt>
<trkpt lat="45.359498" lon="-75.840226"><ele>25.0</ele><time>2024-07-09T23:14:55Z</time></trkpt>
<trkpt lat="45.359498" lon="-75.840226"><ele>25.0</ele><time>2024-07-09T23:14:56Z</time></trkpt>
<trkpt lat="45.359501" lon="-75.840226"><ele>25.0</ele><time>2024-07-09T23:14:57Z</time></trkpt>
<trkpt lat="45.359504" lon="-75.840226"><ele>25.0</ele><time>2024-07-09T23:14:58Z</time></trkpt>
<trkpt lat="45.359508" lon="-75.840235"><ele>25.0</ele><time>2024-07-09T23:14:59Z</time></trkpt>
<trkpt lat="45.359511" lon="-75.840235"><ele>25.0</ele><time>2024-07-09T23:15:00Z</time></trkpt>
<trkpt lat="45.359511" lon="-75.840235"><ele>25.0</ele><time>2024-07-09T23:15:01Z</time></trkpt>
<trkpt lat="45.359511" lon="-75.840235"><ele>25.0</ele><time>2024-07-09T23:15:02Z</time></trkpt>
<trkpt lat="45.359514" lon="-75.840235"><ele>25.0</ele><time>2024-07-09T23:15:03Z</time></trkpt>
<trkpt lat="45.359511" lon="-75.840235"><ele>25.0</ele><time>2024-07-09T23:15:04Z</time></trkpt>
<trkpt lat="45.359511" lon="-75.840235"><ele>25.0</ele><time>2024-07-09T23:15:05Z</time></trkpt>
<trkpt lat="45.359511" lon="-75.840235"><ele>25.0</ele><time>2024-07-09T23:15:06Z</time></trkpt>
<trkpt lat="45.359511" lon="-75.840235"><ele>25.0</ele><time>2024-07-09T23:15:07Z</time></trkpt>
<trkpt lat="45.359511" lon="-75.840235"><ele>25.0</ele><time>2024-07-09T23:15:08Z</time></trkpt>
<trkpt lat="45.359511" lon="-75.840235"><ele>25.0</ele><time>2024-07-09T23:15:09Z</time></trkpt>
<trkpt lat="45.359511" lon="-75.840235"><ele>25.0</ele><time>2024-07-09T23:15:10Z</time></trkpt>
<trkpt lat="45.359511" lon="-75.840235"><ele>25.0</ele><time>2024-07-09T23:15:11Z</time></trkpt>
<trkpt lat="45.359511" lon="-75.840235"><ele>25.0</ele><time>2024-07-09T23:15:12Z</time></trkpt>
<trkpt lat="45.359511" lon="-75.840235"><ele>25.0</ele><time>2024-07-09T23:15:13Z</time></trkpt>
<trkpt lat="45.359511" lon="-75.840235"><ele>25.0</ele><time>2024-07-09T23:15:14Z</time></trkpt>
<trkpt lat="45.359511" lon="-75.840235"><ele>25.0</ele><time>2024-07-09T23:15:15Z</time></trkpt>
<trkpt lat="45.359511" lon="-75.840235"><ele>25.0</ele><time>2024-07-09T23:15:16Z</time></trkpt>
<trkpt lat="45.359511" lon="-75.840235"><ele>25.0</ele><time>2024-07-09T23:15:17Z</time></trkpt>
<trkpt lat="45.359511" lon="-75.840235"><ele>25.0</ele><time>2024-07-09T23:15:18Z</time></trkpt>
<trkpt lat="45.359511" lon="-75.840235"><ele>25.0</ele><time>2024-07-09T23:15:19Z</time></trkpt>
<trkpt lat="45.359511" lon="-75.840235"><ele>25.0</ele><time>2024-07-09T23:15:20Z</time></trkpt>
<trkpt lat="45.359511" lon="-75.840235"><ele>25.0</ele><time>2024-07-09T23:15:21Z</time></trkpt>
<trkpt lat="45.359511" lon="-75.840235"><ele>25.0</ele><time>2024-07-09T23:15:22Z</time></trkpt>
<trkpt lat="45.359511" lon="-75.840235"><ele>25.0</ele><time>2024-07-09T23:15:23Z</time></trkpt>
<trkpt lat="45.359511" lon="-75.840235"><ele>25.0</ele><time>2024-07-09T23:15:24Z</time></trkpt>
<trkpt lat="45.359511" lon="-75.840235"><ele>25.0</ele><time>2024-07-09T23:15:25Z</time></trkpt>
<trkpt lat="45.359514" lon="-75.840235"><ele>25.0</ele><time>2024-07-09T23:15:26Z</time></trkpt>
<trkpt lat="45.359514" lon="-75.840235"><ele>25.0</ele><time>2024-07-09T23:15:27Z</time></trkpt>
<trkpt lat="45.359514" lon="-75.840235"><ele>25.0</ele><time>2024-07-09T23:15:28Z</time></trkpt>
<trkpt lat="45.359514" lon="-75.840235"><ele>25.0</ele><time>2024-07-09T23:15:29Z</time></trkpt>
<trkpt lat="45.359514" lon="-75.840235"><ele>25.0</ele><time>2024-07-09T23:15:30Z</time></trkpt>
<trkpt lat="45.359514" lon="-75.840235"><ele>25.0</ele><time>2024-07-09T23:15:31Z</time></trkpt>
<trkpt lat="45.359514" lon="-75.840235"><ele>25.0</ele><time>2024-07-09T23:15:32Z</time></trkpt>
<trkpt lat="45.359514" lon="-75.840235"><ele>25.0</ele><time>2024-07-09T23:15:33Z</time></trkpt>
<trkpt lat="45.359514" lon="-75.840235"><ele>25.0</ele><time>2024-07-09T23:15:34Z</time></trkpt>
<trkpt lat="45.359514" lon="-75.840235"><ele>25.0</ele><time>2024-07-09T23:15:35Z</time></trkpt>
<trkpt lat="45.359514" lon="-75.840235"><ele>25.0</ele><time>2024-07-09T23:15:36Z</time></trkpt>
<trkpt lat="45.359514" lon="-75.840235"><ele>25.0</ele><time>2024-07-09T23:15:37Z</time></trkpt>
<trkpt lat="45.359514" lon="-75.840235"><ele>25.0</ele><time>2024-07-09T23:15:38Z</time></trkpt>
<trkpt lat="45.359514" lon="-75.840235"><ele>25.0</ele><time>2024-07-09T23:15:39Z</time></trkpt>
<trkpt lat="45.359514" lon="-75.840235"><ele>25.0</ele><time>2024-07-09T23:15:40Z</time></trkpt>
<trkpt lat="45.359514" lon="-75.840235"><ele>25.0</ele><time>2024-07-09T23:15:41Z</time></trkpt>
<trkpt lat="45.359514" lon="-75.840235"><ele>25.0</ele><time>2024-07-09T23:15:42Z</time></trkpt>
<trkpt lat="45.359514" lon="-75.840235"><ele>25.0</ele><time>2024-07-09T23:15:43Z</time></trkpt>
<trkpt lat="45.359514" lon="-75.840235"><ele>25.0</ele><time>2024-07-09T23:15:44Z</time></trkpt>
<trkpt lat="45.359514" lon="-75.840235"><ele>25.0</ele><time>2024-07-09T23:15:45Z</time></trkpt>
<trkpt lat="45.359514" lon="-75.840235"><ele>25.0</ele><time>2024-07-09T23:15:46Z</time></trkpt>
<trkpt lat="45.359514" lon="-75.840235"><ele>25.0</ele><time>2024-07-09T23:15:47Z</time></trkpt>
<trkpt lat="45.359514" lon="-75.840235"><ele>25.0</ele><time>2024-07-09T23:15:48Z</time></trkpt>
<trkpt lat="45.359514" lon="-75.840235"><ele>25.0</ele><time>2024-07-09T23:15:49Z</time></trkpt>
<trkpt lat="45.359514" lon="-75.840235"><ele>25.0</ele><time>2024-07-09T23:15:50Z</time></trkpt>
<trkpt lat="45.359514" lon="-75.840235"><ele>25.0</ele><time>2024-07-09T23:15:51Z</time></trkpt>
<trkpt lat="45.359514" lon="-75.840235"><ele>25.0</ele><time>2024-07-09T23:15:52Z</time></trkpt>
<trkpt lat="45.359514" lon="-75.840235"><ele>25.0</ele><time>2024-07-09T23:15:53Z</time></trkpt>
<trkpt lat="45.359514" lon="-75.840235"><ele>25.0</ele><time>2024-07-09T23:15:54Z</time></trkpt>
<trkpt lat="45.359514" lon="-75.840235"><ele>25.0</ele><time>2024-07-09T23:15:55Z</time></trkpt>
<trkpt lat="45.359514" lon="-75.840235"><ele>25.0</ele><time>2024-07-09T23:15:56Z</time></trkpt>
<trkpt lat="45.359514" lon="-75.840235"><ele>25.0</ele><time>2024-07-09T23:15:57Z</time></trkpt>
<trkpt lat="45.359514" lon="-75.840235"><ele>25.0</ele><time>2024-07-09T23:15:58Z</time></trkpt>
<trkpt lat="45.359514" lon="-75.840235"><ele>25.0</ele><time>2024-07-09T23:15:59Z</time></trkpt>
<trkpt lat="45.359514" lon="-75.840235"><ele>25.0</ele><time>2024-07-09T23:16:00Z</time></trkpt>
<trkpt lat="45.359514" lon="-75.840235"><ele>25.0</ele><time>2024-07-09T23:16:01Z</time></trkpt>
<trkpt lat="45.359514" lon="-75.840235"><ele>25.0</ele><time>2024-07-09T23:16:02Z</time></trkpt>
<trkpt lat="45.359514" lon="-75.840235"><ele>25.0</ele><time>2024-07-09T23:16:03Z</time></trkpt>
<trkpt lat="45.359514" lon="-75.840235"><ele>25.0</ele><time>2024-07-09T23:16:04Z</time></trkpt>
<trkpt lat="45.359514" lon="-75.840235"><ele>25.0</ele><time>2024-07-09T23:16:05Z</time></trkpt>
<trkpt lat="45.359514" lon="-75.840235"><ele>25.0</ele><time>2024-07-09T23:16:06Z</time></trkpt>
<trkpt lat="45.359514" lon="-75.840235"><ele>25.0</ele><time>2024-07-09T23:16:07Z</time></trkpt>
<trkpt lat="45.359514" lon="-75.840235"><ele>25.0</ele><time>2024-07-09T23:16:08Z</time></trkpt>
<trkpt lat="45.359514" lon="-75.840235"><ele>25.0</ele><time>2024-07-09T23:16:09Z</time></trkpt>
<trkpt lat="45.359514" lon="-75.840235"><ele>25.0</ele><time>2024-07-09T23:16:10Z</time></trkpt>
<trkpt lat="45.359514" lon="-75.840235"><ele>25.0</ele><time>2024-07-09T23:16:11Z</time></trkpt>
<trkpt lat="45.359514" lon="-75.840235"><ele>25.0</ele><time>2024-07-09T23:16:12Z</time></trkpt>
<trkpt lat="45.359523" lon="-75.840262"><ele>25.0</ele><time>2024-07-09T23:16:13Z</time></trkpt>
<trkpt lat="45.359523" lon="-75.840253"><ele>26.0</ele><time>2024-07-09T23:16:14Z</time></trkpt>
<trkpt lat="45.359527" lon="-75.840244"><ele>25.0</ele><time>2024-07-09T23:16:15Z</time></trkpt>
<trkpt lat="45.359527" lon="-75.840244"><ele>25.0</ele><time>2024-07-09T23:16:16Z</time></trkpt>
<trkpt lat="45.359527" lon="-75.840244"><ele>25.0</ele><time>2024-07-09T23:16:17Z</time></trkpt>
<trkpt lat="45.35953" lon="-75.840244"><ele>25.0</ele><time>2024-07-09T23:16:18Z</time></trkpt>
<trkpt lat="45.35953" lon="-75.840244"><ele>25.0</ele><time>2024-07-09T23:16:19Z</time></trkpt>
<trkpt lat="45.35953" lon="-75.840244"><ele>25.0</ele><time>2024-07-09T23:16:20Z</time></trkpt>
<trkpt lat="45.359527" lon="-75.840244"><ele>25.0</ele><time>2024-07-09T23:16:21Z</time></trkpt>
<trkpt lat="45.359527" lon="-75.840244"><ele>25.0</ele><time>2024-07-09T23:16:22Z</time></trkpt>
<trkpt lat="45.35953" lon="-75.840244"><ele>25.0</ele><time>2024-07-09T23:16:23Z</time></trkpt>
<trkpt lat="45.359533" lon="-75.840244"><ele>25.0</ele><time>2024-07-09T23:16:24Z</time></trkpt>
<trkpt lat="45.359533" lon="-75.840244"><ele>25.0</ele><time>2024-07-09T23:16:25Z</time></trkpt>
<trkpt lat="45.359533" lon="-75.840244"><ele>25.0</ele><time>2024-07-09T23:16:26Z</time></trkpt>
<trkpt lat="45.359536" lon="-75.840244"><ele>25.0</ele><time>2024-07-09T23:16:27Z</time></trkpt>
<trkpt lat="45.359536" lon="-75.840244"><ele>25.0</ele><time>2024-07-09T23:16:28Z</time></trkpt>
<trkpt lat="45.359536" lon="-75.840244"><ele>25.0</ele><time>2024-07-09T23:16:29Z</time></trkpt>
<trkpt lat="45.359536" lon="-75.840244"><ele>25.0</ele><time>2024-07-09T23:16:30Z</time></trkpt>
<trkpt lat="45.359536" lon="-75.840244"><ele>25.0</ele><time>2024-07-09T23:16:31Z</time></trkpt>
<trkpt lat="45.359536" lon="-75.840244"><ele>25.0</ele><time>2024-07-09T23:16:32Z</time></trkpt>
<trkpt lat="45.359536" lon="-75.840244"><ele>26.0</ele><time>2024-07-09T23:16:33Z</time></trkpt>
<trkpt lat="45.359542" lon="-75.840244"><ele>25.0</ele><time>2024-07-09T23:16:34Z</time></trkpt>
<trkpt lat="45.359546" lon="-75.840244"><ele>25.0</ele><time>2024-07-09T23:16:35Z</time></trkpt>
<trkpt lat="45.359546" lon="-75.840244"><ele>25.0</ele><time>2024-07-09T23:16:36Z</time></trkpt>
<trkpt lat="45.359549" lon="-75.840244"><ele>25.0</ele><time>2024-07-09T23:16:37Z</time></trkpt>
<trkpt lat="45.359549" lon="-75.840244"><ele>25.0</ele><time>2024-07-09T23:16:38Z</time></trkpt>
<trkpt lat="45.359549" lon="-75.840244"><ele>25.0</ele><time>2024-07-09T23:16:39Z</time></trkpt>
<trkpt lat="45.359549" lon="-75.840244"><ele>25.0</ele><time>2024-07-09T23:16:40Z</time></trkpt>
<trkpt lat="45.359549" lon="-75.840244"><ele>25.0</ele><time>2024-07-09T23:16:41Z</time></trkpt>
<trkpt lat="45.359549" lon="-75.840244"><ele>25.0</ele><time>2024-07-09T23:16:42Z</time></trkpt>
<trkpt lat="45.359549" lon="-75.840244"><ele>25.0</ele><time>2024-07-09T23:16:43Z</time></trkpt>
<trkpt lat="45.359549" lon="-75.840244"><ele>25.0</ele><time>2024-07-09T23:16:44Z</time></trkpt>
<trkpt lat="45.359549" lon="-75.840244"><ele>25.0</ele><time>2024-07-09T23:16:45Z</time></trkpt>
<trkpt lat="45.359552" lon="-75.840244"><ele>25.0</ele><time>2024-07-09T23:16:46Z</time></trkpt>
<trkpt lat="45.359552" lon="-75.840244"><ele>25.0</ele><time>2024-07-09T23:16:47Z</time></trkpt>
<trkpt lat="45.359552" lon="-75.840244"><ele>25.0</ele><time>2024-07-09T23:16:48Z</time></trkpt>
<trkpt lat="45.359555" lon="-75.840244"><ele>25.0</ele><time>2024-07-09T23:16:49Z</time></trkpt>
<trkpt lat="45.359555" lon="-75.840253"><ele>25.0</ele><time>2024-07-09T23:16:50Z</time></trkpt>
<trkpt lat="45.359555" lon="-75.840253"><ele>25.0</ele><time>2024-07-09T23:16:51Z</time></trkpt>
<trkpt lat="45.359555" lon="-75.840253"><ele>25.0</ele><time>2024-07-09T23:16:52Z</time></trkpt>
<trkpt lat="45.359555" lon="-75.840253"><ele>25.0</ele><time>2024-07-09T23:16:53Z</time></trkpt>
<trkpt lat="45.359555" lon="-75.840253"><ele>25.0</ele><time>2024-07-09T23:16:54Z</time></trkpt>
<trkpt lat="45.359555" lon="-75.840253"><ele>25.0</ele><time>2024-07-09T23:16:55Z</time></trkpt>
<trkpt lat="45.359558" lon="-75.840253"><ele>26.0</ele><time>2024-07-09T23:17:36Z</time></trkpt>
<trkpt lat="45.359558" lon="-75.840253"><ele>26.0</ele><time>2024-07-09T23:17:36Z</time></trkpt>
<trkpt lat="45.359558" lon="-75.840253"><ele>26.0</ele><time>2024-07-09T23:17:37Z</time></trkpt>
<trkpt lat="45.359558" lon="-75.840253"><ele>26.0</ele><time>2024-07-09T23:17:38Z</time></trkpt>
<trkpt lat="45.359558" lon="-75.840253"><ele>26.0</ele><time>2024-07-09T23:17:39Z</time></trkpt>
<trkpt lat="45.359561" lon="-75.840253"><ele>26.0</ele><time>2024-07-09T23:17:40Z</time></trkpt>
<trkpt lat="45.359558" lon="-75.840253"><ele>26.0</ele><time>2024-07-09T23:17:41Z</time></trkpt>
<trkpt lat="45.359558" lon="-75.840253"><ele>25.0</ele><time>2024-07-09T23:17:42Z</time></trkpt>
<trkpt lat="45.359558" lon="-75.840253"><ele>26.0</ele><time>2024-07-09T23:17:43Z</time></trkpt>
<trkpt lat="45.359558" lon="-75.840253"><ele>25.0</ele><time>2024-07-09T23:17:44Z</time></trkpt>
<trkpt lat="45.359558" lon="-75.840253"><ele>25.0</ele><time>2024-07-09T23:17:45Z</time></trkpt>
<trkpt lat="45.359558" lon="-75.840253"><ele>25.0</ele><time>2024-07-09T23:17:46Z</time></trkpt>
<trkpt lat="45.359558" lon="-75.840253"><ele>25.0</ele><time>2024-07-09T23:17:47Z</time></trkpt>
<trkpt lat="45.359558" lon="-75.840253"><ele>25.0</ele><time>2024-07-09T23:17:48Z</time></trkpt>
<trkpt lat="45.359558" lon="-75.840253"><ele>25.0</ele><time>2024-07-09T23:17:49Z</time></trkpt>
<trkpt lat="45.359558" lon="-75.840253"><ele>25.0</ele><time>2024-07-09T23:17:50Z</time></trkpt>
<trkpt lat="45.359558" lon="-75.840253"><ele>25.0</ele><time>2024-07-09T23:17:51Z</time></trkpt>
<trkpt lat="45.359558" lon="-75.840253"><ele>25.0</ele><time>2024-07-09T23:17:52Z</time></trkpt>
<trkpt lat="45.359558" lon="-75.840253"><ele>25.0</ele><time>2024-07-09T23:17:53Z</time></trkpt>
<trkpt lat="45.359558" lon="-75.840253"><ele>25.0</ele><time>2024-07-09T23:17:54Z</time></trkpt>
<trkpt lat="45.359558" lon="-75.840253"><ele>25.0</ele><time>2024-07-09T23:17:55Z</time></trkpt>
<trkpt lat="45.359558" lon="-75.840253"><ele>25.0</ele><time>2024-07-09T23:17:56Z</time></trkpt>
<trkpt lat="45.359558" lon="-75.840253"><ele>25.0</ele><time>2024-07-09T23:17:57Z</time></trkpt>
<trkpt lat="45.359558" lon="-75.840253"><ele>25.0</ele><time>2024-07-09T23:17:58Z</time></trkpt>
<trkpt lat="45.359558" lon="-75.840253"><ele>25.0</ele><time>2024-07-09T23:17:59Z</time></trkpt>
<trkpt lat="45.359558" lon="-75.840253"><ele>25.0</ele><time>2024-07-09T23:18:00Z</time></trkpt>
<trkpt lat="45.359558" lon="-75.840253"><ele>25.0</ele><time>2024-07-09T23:18:01Z</time></trkpt>
<trkpt lat="45.359558" lon="-75.840253"><ele>25.0</ele><time>2024-07-09T23:18:02Z</time></trkpt>
<trkpt lat="45.359558" lon="-75.840253"><ele>25.0</ele><time>2024-07-09T23:18:03Z</time></trkpt>
<trkpt lat="45.359558" lon="-75.840253"><ele>25.0</ele><time>2024-07-09T23:18:04Z</time></trkpt>
<trkpt lat="45.359558" lon="-75.840253"><ele>25.0</ele><time>2024-07-09T23:18:05Z</time></trkpt>
<trkpt lat="45.359558" lon="-75.840253"><ele>25.0</ele><time>2024-07-09T23:18:06Z</time></trkpt>
<trkpt lat="45.359558" lon="-75.840253"><ele>25.0</ele><time>2024-07-09T23:18:07Z</time></trkpt>
<trkpt lat="45.359558" lon="-75.840253"><ele>25.0</ele><time>2024-07-09T23:18:08Z</time></trkpt>
<trkpt lat="45.359558" lon="-75.840253"><ele>25.0</ele><time>2024-07-09T23:18:09Z</time></trkpt>
<trkpt lat="45.359558" lon="-75.840253"><ele>25.0</ele><time>2024-07-09T23:18:10Z</time></trkpt>
<trkpt lat="45.359558" lon="-75.840253"><ele>25.0</ele><time>2024-07-09T23:18:11Z</time></trkpt>
<trkpt lat="45.359558" lon="-75.840253"><ele>25.0</ele><time>2024-07-09T23:18:12Z</time></trkpt>
<trkpt lat="45.359558" lon="-75.840253"><ele>25.0</ele><time>2024-07-09T23:18:13Z</time></trkpt>
<trkpt lat="45.359558" lon="-75.840253"><ele>25.0</ele><time>2024-07-09T23:18:14Z</time></trkpt>
<trkpt lat="45.359558" lon="-75.840253"><ele>25.0</ele><time>2024-07-09T23:18:15Z</time></trkpt>
<trkpt lat="45.359558" lon="-75.840253"><ele>25.0</ele><time>2024-07-09T23:18:16Z</time></trkpt>
<trkpt lat="45.359558" lon="-75.840253"><ele>25.0</ele><time>2024-07-09T23:18:17Z</time></trkpt>
<trkpt lat="45.359555" lon="-75.840262"><ele>24.0</ele><time>2024-07-09T23:18:18Z</time></trkpt>
<trkpt lat="45.359552" lon="-75.840253"><ele>24.0</ele><time>2024-07-09T23:18:19Z</time></trkpt>
<trkpt lat="45.359549" lon="-75.840253"><ele>25.0</ele><time>2024-07-09T23:18:20Z</time></trkpt>
<trkpt lat="45.359549" lon="-75.840253"><ele>25.0</ele><time>2024-07-09T23:18:21Z</time></trkpt>
<trkpt lat="45.359546" lon="-75.840244"><ele>25.0</ele><time>2024-07-09T23:18:22Z</time></trkpt>
<trkpt lat="45.359546" lon="-75.840244"><ele>25.0</ele><time>2024-07-09T23:18:23Z</time></trkpt>
<trkpt lat="45.359546" lon="-75.840244"><ele>25.0</ele><time>2024-07-09T23:18:24Z</time></trkpt>
<trkpt lat="45.359546" lon="-75.840244"><ele>25.0</ele><time>2024-07-09T23:18:25Z</time></trkpt>
<trkpt lat="45.359542" lon="-75.840244"><ele>25.0</ele><time>2024-07-09T23:18:26Z</time></trkpt>
<trkpt lat="45.359542" lon="-75.840253"><ele>25.0</ele><time>2024-07-09T23:18:27Z</time></trkpt>
<trkpt lat="45.359542" lon="-75.840253"><ele>25.0</ele><time>2024-07-09T23:18:28Z</time></trkpt>
<trkpt lat="45.359542" lon="-75.840253"><ele>25.0</ele><time>2024-07-09T23:18:29Z</time></trkpt>
<trkpt lat="45.359542" lon="-75.840253"><ele>25.0</ele><time>2024-07-09T23:18:30Z</time></trkpt>
<trkpt lat="45.359542" lon="-75.840253"><ele>25.0</ele><time>2024-07-09T23:18:31Z</time></trkpt>
<trkpt lat="45.359542" lon="-75.840253"><ele>25.0</ele><time>2024-07-09T23:18:32Z</time></trkpt>
<trkpt lat="45.359542" lon="-75.840253"><ele>25.0</ele><time>2024-07-09T23:18:33Z</time></trkpt>
<trkpt lat="45.359542" lon="-75.840253"><ele>25.0</ele><time>2024-07-09T23:18:34Z</time></trkpt>
<trkpt lat="45.359542" lon="-75.840253"><ele>25.0</ele><time>2024-07-09T23:18:35Z</time></trkpt>
<trkpt lat="45.359542" lon="-75.840253"><ele>25.0</ele><time>2024-07-09T23:18:36Z</time></trkpt>
<trkpt lat="45.359542" lon="-75.840253"><ele>25.0</ele><time>2024-07-09T23:18:37Z</time></trkpt>
<trkpt lat="45.359542" lon="-75.840253"><ele>25.0</ele><time>2024-07-09T23:18:38Z</time></trkpt>
<trkpt lat="45.359542" lon="-75.840253"><ele>25.0</ele><time>2024-07-09T23:18:39Z</time></trkpt>
<trkpt lat="45.359542" lon="-75.840253"><ele>25.0</ele><time>2024-07-09T23:18:40Z</time></trkpt>
<trkpt lat="45.359542" lon="-75.840253"><ele>25.0</ele><time>2024-07-09T23:18:41Z</time></trkpt>
<trkpt lat="45.359542" lon="-75.840253"><ele>25.0</ele><time>2024-07-09T23:18:42Z</time></trkpt>
<trkpt lat="45.359542" lon="-75.840253"><ele>25.0</ele><time>2024-07-09T23:18:43Z</time></trkpt>
<trkpt lat="45.359542" lon="-75.840253"><ele>25.0</ele><time>2024-07-09T23:18:44Z</time></trkpt>
<trkpt lat="45.359542" lon="-75.840253"><ele>25.0</ele><time>2024-07-09T23:18:45Z</time></trkpt>
<trkpt lat="45.359542" lon="-75.840253"><ele>25.0</ele><time>2024-07-09T23:18:46Z</time></trkpt>
<trkpt lat="45.359542" lon="-75.840253"><ele>25.0</ele><time>2024-07-09T23:18:47Z</time></trkpt>
<trkpt lat="45.359542" lon="-75.840253"><ele>25.0</ele><time>2024-07-09T23:18:48Z</time></trkpt>
<trkpt lat="45.359542" lon="-75.840253"><ele>25.0</ele><time>2024-07-09T23:18:49Z</time></trkpt>
<trkpt lat="45.359539" lon="-75.840253"><ele>25.0</ele><time>2024-07-09T23:18:50Z</time></trkpt>
<trkpt lat="45.359539" lon="-75.840253"><ele>25.0</ele><time>2024-07-09T23:18:51Z</time></trkpt>
<trkpt lat="45.359539" lon="-75.840253"><ele>25.0</ele><time>2024-07-09T23:18:52Z</time></trkpt>
<trkpt lat="45.359539" lon="-75.840253"><ele>25.0</ele><time>2024-07-09T23:18:53Z</time></trkpt>
<trkpt lat="45.359539" lon="-75.840253"><ele>25.0</ele><time>2024-07-09T23:18:54Z</time></trkpt>
<trkpt lat="45.359536" lon="-75.840253"><ele>25.0</ele><time>2024-07-09T23:18:55Z</time></trkpt>
<trkpt lat="45.359536" lon="-75.840262"><ele>25.0</ele><time>2024-07-09T23:18:56Z</time></trkpt>
<trkpt lat="45.359536" lon="-75.840262"><ele>25.0</ele><time>2024-07-09T23:18:57Z</time></trkpt>
<trkpt lat="45.359533" lon="-75.840262"><ele>25.0</ele><time>2024-07-09T23:18:58Z</time></trkpt>
<trkpt lat="45.359533" lon="-75.840262"><ele>25.0</ele><time>2024-07-09T23:18:59Z</time></trkpt>
<trkpt lat="45.359533" lon="-75.840262"><ele>25.0</ele><time>2024-07-09T23:19:00Z</time></trkpt>
<trkpt lat="45.359533" lon="-75.840262"><ele>25.0</ele><time>2024-07-09T23:19:01Z</time></trkpt>
<trkpt lat="45.359533" lon="-75.840262"><ele>25.0</ele><time>2024-07-09T23:19:02Z</time></trkpt>
<trkpt lat="45.359533" lon="-75.840262"><ele>25.0</ele><time>2024-07-09T23:19:03Z</time></trkpt>
<trkpt lat="45.359533" lon="-75.840262"><ele>25.0</ele><time>2024-07-09T23:19:04Z</time></trkpt>
<trkpt lat="45.359533" lon="-75.840262"><ele>25.0</ele><time>2024-07-09T23:19:05Z</time></trkpt>
<trkpt lat="45.359533" lon="-75.840262"><ele>25.0</ele><time>2024-07-09T23:19:06Z</time></trkpt>
<trkpt lat="45.359533" lon="-75.840262"><ele>25.0</ele><time>2024-07-09T23:19:07Z</time></trkpt>
<trkpt lat="45.359533" lon="-75.840262"><ele>25.0</ele><time>2024-07-09T23:19:08Z</time></trkpt>
<trkpt lat="45.359533" lon="-75.840262"><ele>25.0</ele><time>2024-07-09T23:19:09Z</time></trkpt>
<trkpt lat="45.359533" lon="-75.840262"><ele>25.0</ele><time>2024-07-09T23:19:10Z</time></trkpt>
<trkpt lat="45.359533" lon="-75.840262"><ele>25.0</ele><time>2024-07-09T23:19:11Z</time></trkpt>
<trkpt lat="45.359533" lon="-75.840262"><ele>25.0</ele><time>2024-07-09T23:19:12Z</time></trkpt>
<trkpt lat="45.359533" lon="-75.840262"><ele>25.0</ele><time>2024-07-09T23:19:13Z</time></trkpt>
<trkpt lat="45.359533" lon="-75.840262"><ele>25.0</ele><time>2024-07-09T23:19:14Z</time></trkpt>
<trkpt lat="45.359533" lon="-75.840262"><ele>25.0</ele><time>2024-07-09T23:19:15Z</time></trkpt>
<trkpt lat="45.359533" lon="-75.840262"><ele>25.0</ele><time>2024-07-09T23:19:16Z</time></trkpt>
<trkpt lat="45.359533" lon="-75.840262"><ele>25.0</ele><time>2024-07-09T23:19:17Z</time></trkpt>
<trkpt lat="45.359533" lon="-75.840262"><ele>25.0</ele><time>2024-07-09T23:19:18Z</time></trkpt>
<trkpt lat="45.35953" lon="-75.840253"><ele>26.0</ele><time>2024-07-09T23:19:19Z</time></trkpt>
<trkpt lat="45.359527" lon="-75.840262"><ele>26.0</ele><time>2024-07-09T23:19:20Z</time></trkpt>
<trkpt lat="45.359527" lon="-75.840262"><ele>26.0</ele><time>2024-07-09T23:19:21Z</time></trkpt>
<trkpt lat="45.359527" lon="-75.840271"><ele>26.0</ele><time>2024-07-09T23:19:22Z</time></trkpt>
<trkpt lat="45.359527" lon="-75.840271"><ele>26.0</ele><time>2024-07-09T23:19:23Z</time></trkpt>
<trkpt lat="45.359523" lon="-75.840271"><ele>26.0</ele><time>2024-07-09T23:19:24Z</time></trkpt>
<trkpt lat="45.359523" lon="-75.840271"><ele>26.0</ele><time>2024-07-09T23:19:25Z</time></trkpt>
<trkpt lat="45.359527" lon="-75.840262"><ele>26.0</ele><time>2024-07-09T23:19:26Z</time></trkpt>
<trkpt lat="45.359527" lon="-75.840262"><ele>26.0</ele><time>2024-07-09T23:19:27Z</time></trkpt>
<trkpt lat="45.359527" lon="-75.840262"><ele>26.0</ele><time>2024-07-09T23:19:28Z</time></trkpt>
<trkpt lat="45.359527" lon="-75.840262"><ele>26.0</ele><time>2024-07-09T23:19:29Z</time></trkpt>
<trkpt lat="45.359523" lon="-75.840262"><ele>26.0</ele><time>2024-07-09T23:19:30Z</time></trkpt>
<trkpt lat="45.359523" lon="-75.840262"><ele>26.0</ele><time>2024-07-09T23:19:31Z</time></trkpt>
<trkpt lat="45.359523" lon="-75.840262"><ele>26.0</ele><time>2024-07-09T23:19:32Z</time></trkpt>
<trkpt lat="45.359523" lon="-75.840262"><ele>26.0</ele><time>2024-07-09T23:19:33Z</time></trkpt>
<trkpt lat="45.35952" lon="-75.840262"><ele>26.0</ele><time>2024-07-09T23:19:34Z</time></trkpt>
<trkpt lat="45.35952" lon="-75.840262"><ele>26.0</ele><time>2024-07-09T23:19:35Z</time></trkpt>
<trkpt lat="45.35952" lon="-75.840262"><ele>26.0</ele><time>2024-07-09T23:19:36Z</time></trkpt>
<trkpt lat="45.35952" lon="-75.840262"><ele>26.0</ele><time>2024-07-09T23:19:37Z</time></trkpt>
<trkpt lat="45.35952" lon="-75.840262"><ele>26.0</ele><time>2024-07-09T23:19:38Z</time></trkpt>
<trkpt lat="45.35952" lon="-75.840262"><ele>26.0</ele><time>2024-07-09T23:19:39Z</time></trkpt>
<trkpt lat="45.35952" lon="-75.840262"><ele>26.0</ele><time>2024-07-09T23:19:40Z</time></trkpt>
<trkpt lat="45.35952" lon="-75.840262"><ele>26.0</ele><time>2024-07-09T23:19:41Z</time></trkpt>
<trkpt lat="45.35952" lon="-75.840262"><ele>26.0</ele><time>2024-07-09T23:19:42Z</time></trkpt>
<trkpt lat="45.35952" lon="-75.840262"><ele>26.0</ele><time>2024-07-09T23:19:43Z</time></trkpt>
<trkpt lat="45.35952" lon="-75.840262"><ele>26.0</ele><time>2024-07-09T23:19:44Z</time></trkpt>
<trkpt lat="45.35952" lon="-75.840262"><ele>26.0</ele><time>2024-07-09T23:19:45Z</time></trkpt>
<trkpt lat="45.35952" lon="-75.840262"><ele>26.0</ele><time>2024-07-09T23:19:46Z</time></trkpt>
<trkpt lat="45.35952" lon="-75.840262"><ele>26.0</ele><time>2024-07-09T23:19:47Z</time></trkpt>
<trkpt lat="45.35952" lon="-75.840262"><ele>26.0</ele><time>2024-07-09T23:19:48Z</time></trkpt>
<trkpt lat="45.35952" lon="-75.840262"><ele>26.0</ele><time>2024-07-09T23:19:49Z</time></trkpt>
<trkpt lat="45.35952" lon="-75.840262"><ele>26.0</ele><time>2024-07-09T23:19:50Z</time></trkpt>
<trkpt lat="45.35952" lon="-75.840262"><ele>26.0</ele><time>2024-07-09T23:19:51Z</time></trkpt>
<trkpt lat="45.35952" lon="-75.840262"><ele>26.0</ele><time>2024-07-09T23:19:52Z</time></trkpt>
<trkpt lat="45.35952" lon="-75.840262"><ele>26.0</ele><time>2024-07-09T23:19:53Z</time></trkpt>
<trkpt lat="45.359517" lon="-75.840262"><ele>26.0</ele><time>2024-07-09T23:19:54Z</time></trkpt>
<trkpt lat="45.359517" lon="-75.840262"><ele>26.0</ele><time>2024-07-09T23:19:55Z</time></trkpt>
<trkpt lat="45.359517" lon="-75.840262"><ele>26.0</ele><time>2024-07-09T23:19:56Z</time></trkpt>
<trkpt lat="45.359517" lon="-75.840262"><ele>26.0</ele><time>2024-07-09T23:19:57Z</time></trkpt>
<trkpt lat="45.359517" lon="-75.840262"><ele>26.0</ele><time>2024-07-09T23:19:58Z</time></trkpt>
<trkpt lat="45.359517" lon="-75.840262"><ele>26.0</ele><time>2024-07-09T23:19:59Z</time></trkpt>
<trkpt lat="45.359517" lon="-75.840262"><ele>26.0</ele><time>2024-07-09T23:20:00Z</time></trkpt>
<trkpt lat="45.359517" lon="-75.840262"><ele>26.0</ele><time>2024-07-09T23:20:01Z</time></trkpt>
<trkpt lat="45.359514" lon="-75.840262"><ele>26.0</ele><time>2024-07-09T23:20:02Z</time></trkpt>
<trkpt lat="45.359514" lon="-75.840262"><ele>26.0</ele><time>2024-07-09T23:20:03Z</time></trkpt>
<trkpt lat="45.359514" lon="-75.840262"><ele>26.0</ele><time>2024-07-09T23:20:04Z</time></trkpt>
<trkpt lat="45.359514" lon="-75.840262"><ele>26.0</ele><time>2024-07-09T23:20:05Z</time></trkpt>
<trkpt lat="45.359514" lon="-75.840262"><ele>26.0</ele><time>2024-07-09T23:20:06Z</time></trkpt>
<trkpt lat="45.359514" lon="-75.840262"><ele>26.0</ele><time>2024-07-09T23:20:07Z</time></trkpt>
<trkpt lat="45.359514" lon="-75.840262"><ele>26.0</ele><time>2024-07-09T23:20:08Z</time></trkpt>
<trkpt lat="45.359514" lon="-75.840262"><ele>26.0</ele><time>2024-07-09T23:20:09Z</time></trkpt>
<trkpt lat="45.359514" lon="-75.840262"><ele>26.0</ele><time>2024-07-09T23:20:10Z</time></trkpt>
<trkpt lat="45.359514" lon="-75.840262"><ele>26.0</ele><time>2024-07-09T23:20:11Z</time></trkpt>
<trkpt lat="45.359514" lon="-75.840262"><ele>26.0</ele><time>2024-07-09T23:20:12Z</time></trkpt>
<trkpt lat="45.359514" lon="-75.840262"><ele>26.0</ele><time>2024-07-09T23:20:13Z</time></trkpt>
<trkpt lat="45.359514" lon="-75.840262"><ele>26.0</ele><time>2024-07-09T23:20:14Z</time></trkpt>
<trkpt lat="45.359514" lon="-75.840253"><ele>26.0</ele><time>2024-07-09T23:20:15Z</time></trkpt>
<trkpt lat="45.359514" lon="-75.840253"><ele>26.0</ele><time>2024-07-09T23:20:16Z</time></trkpt>
<trkpt lat="45.359514" lon="-75.840253"><ele>26.0</ele><time>2024-07-09T23:20:17Z</time></trkpt>
<trkpt lat="45.359514" lon="-75.840253"><ele>26.0</ele><time>2024-07-09T23:20:18Z</time></trkpt>
<trkpt lat="45.359514" lon="-75.840253"><ele>26.0</ele><time>2024-07-09T23:20:19Z</time></trkpt>
<trkpt lat="45.359514" lon="-75.840253"><ele>26.0</ele><time>2024-07-09T23:20:20Z</time></trkpt>
<trkpt lat="45.359514" lon="-75.840253"><ele>26.0</ele><time>2024-07-09T23:20:21Z</time></trkpt>
<trkpt lat="45.359514" lon="-75.840253"><ele>26.0</ele><time>2024-07-09T23:20:22Z</time></trkpt>
<trkpt lat="45.359514" lon="-75.840253"><ele>26.0</ele><time>2024-07-09T23:20:23Z</time></trkpt>
<trkpt lat="45.359514" lon="-75.840253"><ele>26.0</ele><time>2024-07-09T23:20:24Z</time></trkpt>
<trkpt lat="45.359514" lon="-75.840253"><ele>26.0</ele><time>2024-07-09T23:20:25Z</time></trkpt>
<trkpt lat="45.359514" lon="-75.840253"><ele>26.0</ele><time>2024-07-09T23:20:26Z</time></trkpt>
<trkpt lat="45.359514" lon="-75.840253"><ele>26.0</ele><time>2024-07-09T23:20:27Z</time></trkpt>
<trkpt lat="45.359514" lon="-75.840253"><ele>26.0</ele><time>2024-07-09T23:20:28Z</time></trkpt>
<trkpt lat="45.359514" lon="-75.840253"><ele>26.0</ele><time>2024-07-09T23:20:29Z</time></trkpt>
<trkpt lat="45.359514" lon="-75.840253"><ele>26.0</ele><time>2024-07-09T23:20:30Z</time></trkpt>
<trkpt lat="45.359514" lon="-75.840253"><ele>26.0</ele><time>2024-07-09T23:20:31Z</time></trkpt>
<trkpt lat="45.359511" lon="-75.840253"><ele>26.0</ele><time>2024-07-09T23:20:32Z</time></trkpt>
<trkpt lat="45.359511" lon="-75.840253"><ele>26.0</ele><time>2024-07-09T23:20:33Z</time></trkpt>
<trkpt lat="45.359508" lon="-75.840253"><ele>26.0</ele><time>2024-07-09T23:20:34Z</time></trkpt>
<trkpt lat="45.359504" lon="-75.840253"><ele>26.0</ele><time>2024-07-09T23:20:35Z</time></trkpt>
<trkpt lat="45.359504" lon="-75.840262"><ele>26.0</ele><time>2024-07-09T23:20:36Z</time></trkpt>
<trkpt lat="45.359504" lon="-75.840262"><ele>26.0</ele><time>2024-07-09T23:20:36Z</time></trkpt>
<trkpt lat="45.359498" lon="-75.840262"><ele>26.0</ele><time>2024-07-09T23:21:31Z</time></trkpt>
<trkpt lat="45.359495" lon="-75.840262"><ele>26.0</ele><time>2024-07-09T23:21:31Z</time></trkpt>
<trkpt lat="45.359495" lon="-75.840262"><ele>26.0</ele><time>2024-07-09T23:21:32Z</time></trkpt>
<trkpt lat="45.359492" lon="-75.840262"><ele>26.0</ele><time>2024-07-09T23:21:33Z</time></trkpt>
<trkpt lat="45.359492" lon="-75.840262"><ele>26.0</ele><time>2024-07-09T23:21:34Z</time></trkpt>
<trkpt lat="45.359489" lon="-75.840262"><ele>26.0</ele><time>2024-07-09T23:21:35Z</time></trkpt>
<trkpt lat="45.359489" lon="-75.840262"><ele>26.0</ele><time>2024-07-09T23:21:36Z</time></trkpt>
<trkpt lat="45.359489" lon="-75.840262"><ele>26.0</ele><time>2024-07-09T23:21:37Z</time></trkpt>
<trkpt lat="45.359489" lon="-75.840262"><ele>26.0</ele><time>2024-07-09T23:21:38Z</time></trkpt>
<trkpt lat="45.359489" lon="-75.840262"><ele>26.0</ele><time>2024-07-09T23:21:39Z</time></trkpt>
<trkpt lat="45.359489" lon="-75.840262"><ele>26.0</ele><time>2024-07-09T23:21:40Z</time></trkpt>
<trkpt lat="45.359489" lon="-75.840262"><ele>26.0</ele><time>2024-07-09T23:21:41Z</time></trkpt>
<trkpt lat="45.359489" lon="-75.840262"><ele>26.0</ele><time>2024-07-09T23:21:42Z</time></trkpt>
<trkpt lat="45.359489" lon="-75.840262"><ele>26.0</ele><time>2024-07-09T23:21:43Z</time></trkpt>
<trkpt lat="45.359489" lon="-75.840262"><ele>26.0</ele><time>2024-07-09T23:21:44Z</time></trkpt>
<trkpt lat="45.359489" lon="-75.840262"><ele>26.0</ele><time>2024-07-09T23:21:45Z</time></trkpt>
<trkpt lat="45.359489" lon="-75.840262"><ele>26.0</ele><time>2024-07-09T23:21:46Z</time></trkpt>
<trkpt lat="45.359489" lon="-75.840262"><ele>26.0</ele><time>2024-07-09T23:21:47Z</time></trkpt>
<trkpt lat="45.359489" lon="-75.840262"><ele>26.0</ele><time>2024-07-09T23:21:48Z</time></trkpt>
<trkpt lat="45.359489" lon="-75.840253"><ele>26.0</ele><time>2024-07-09T23:21:49Z</time></trkpt>
<trkpt lat="45.359489" lon="-75.840253"><ele>26.0</ele><time>2024-07-09T23:21:50Z</time></trkpt>
<trkpt lat="45.359485" lon="-75.840253"><ele>26.0</ele><time>2024-07-09T23:21:51Z</time></trkpt>
<trkpt lat="45.359485" lon="-75.840253"><ele>26.0</ele><time>2024-07-09T23:21:52Z</time></trkpt>
<trkpt lat="45.359485" lon="-75.840253"><ele>26.0</ele><time>2024-07-09T23:21:53Z</time></trkpt>
<trkpt lat="45.359485" lon="-75.840253"><ele>26.0</ele><time>2024-07-09T23:21:54Z</time></trkpt>
<trkpt lat="45.359485" lon="-75.840253"><ele>26.0</ele><time>2024-07-09T23:21:55Z</time></trkpt>
<trkpt lat="45.359485" lon="-75.840253"><ele>26.0</ele><time>2024-07-09T23:21:56Z</time></trkpt>
<trkpt lat="45.359485" lon="-75.840253"><ele>26.0</ele><time>2024-07-09T23:21:57Z</time></trkpt>
<trkpt lat="45.359485" lon="-75.840253"><ele>26.0</ele><time>2024-07-09T23:21:58Z</time></trkpt>
<trkpt lat="45.359485" lon="-75.840253"><ele>26.0</ele><time>2024-07-09T23:21:59Z</time></trkpt>
<trkpt lat="45.359485" lon="-75.840253"><ele>26.0</ele><time>2024-07-09T23:22:00Z</time></trkpt>
<trkpt lat="45.359485" lon="-75.840253"><ele>26.0</ele><time>2024-07-09T23:22:01Z</time></trkpt>
<trkpt lat="45.359485" lon="-75.840253"><ele>26.0</ele><time>2024-07-09T23:22:02Z</time></trkpt>
<trkpt lat="45.359485" lon="-75.840253"><ele>26.0</ele><time>2024-07-09T23:22:03Z</time></trkpt>
<trkpt lat="45.359485" lon="-75.840253"><ele>26.0</ele><time>2024-07-09T23:22:04Z</time></trkpt>
<trkpt lat="45.359485" lon="-75.840253"><ele>26.0</ele><time>2024-07-09T23:22:05Z</time></trkpt>
<trkpt lat="45.359485" lon="-75.840253"><ele>26.0</ele><time>2024-07-09T23:22:06Z</time></trkpt>
<trkpt lat="45.359485" lon="-75.840253"><ele>26.0</ele><time>2024-07-09T23:22:07Z</time></trkpt>
<trkpt lat="45.359485" lon="-75.840253"><ele>26.0</ele><time>2024-07-09T23:22:08Z</time></trkpt>
<trkpt lat="45.359485" lon="-75.840253"><ele>26.0</ele><time>2024-07-09T23:22:09Z</time></trkpt>
<trkpt lat="45.359485" lon="-75.840253"><ele>26.0</ele><time>2024-07-09T23:22:10Z</time></trkpt>
<trkpt lat="45.359485" lon="-75.840253"><ele>26.0</ele><time>2024-07-09T23:22:11Z</time></trkpt>
<trkpt lat="45.359485" lon="-75.840253"><ele>26.0</ele><time>2024-07-09T23:22:12Z</time></trkpt>
<trkpt lat="45.359485" lon="-75.840253"><ele>26.0</ele><time>2024-07-09T23:22:13Z</time></trkpt>
<trkpt lat="45.359485" lon="-75.840253"><ele>26.0</ele><time>2024-07-09T23:22:14Z</time></trkpt>
<trkpt lat="45.359485" lon="-75.840253"><ele>26.0</ele><time>2024-07-09T23:22:15Z</time></trkpt>
<trkpt lat="45.359485" lon="-75.840253"><ele>26.0</ele><time>2024-07-09T23:22:16Z</time></trkpt>
<trkpt lat="45.359485" lon="-75.840253"><ele>26.0</ele><time>2024-07-09T23:22:17Z</time></trkpt>
<trkpt lat="45.359485" lon="-75.840253"><ele>26.0</ele><time>2024-07-09T23:22:18Z</time></trkpt>
<trkpt lat="45.359485" lon="-75.840253"><ele>26.0</ele><time>2024-07-09T23:22:19Z</time></trkpt>
<trkpt lat="45.359485" lon="-75.840253"><ele>26.0</ele><time>2024-07-09T23:22:20Z</time></trkpt>
<trkpt lat="45.359482" lon="-75.840253"><ele>26.0</ele><time>2024-07-09T23:22:21Z</time></trkpt>
<trkpt lat="45.359482" lon="-75.840253"><ele>26.0</ele><time>2024-07-09T23:22:22Z</time></trkpt>
<trkpt lat="45.359479" lon="-75.840253"><ele>26.0</ele><time>2024-07-09T23:22:23Z</time></trkpt>
<trkpt lat="45.359476" lon="-75.840253"><ele>26.0</ele><time>2024-07-09T23:22:24Z</time></trkpt>
<trkpt lat="45.359476" lon="-75.840253"><ele>26.0</ele><time>2024-07-09T23:22:25Z</time></trkpt>
<trkpt lat="45.359473" lon="-75.840253"><ele>26.0</ele><time>2024-07-09T23:22:26Z</time></trkpt>
<trkpt lat="45.359473" lon="-75.840253"><ele>26.0</ele><time>2024-07-09T23:22:27Z</time></trkpt>
<trkpt lat="45.359473" lon="-75.840262"><ele>26.0</ele><time>2024-07-09T23:22:28Z</time></trkpt>
<trkpt lat="45.35947" lon="-75.840262"><ele>26.0</ele><time>2024-07-09T23:22:29Z</time></trkpt>
<trkpt lat="45.359466" lon="-75.840253"><ele>26.0</ele><time>2024-07-09T23:22:30Z</time></trkpt>
<trkpt lat="45.359466" lon="-75.840253"><ele>26.0</ele><time>2024-07-09T23:22:31Z</time></trkpt>
<trkpt lat="45.359463" lon="-75.840253"><ele>26.0</ele><time>2024-07-09T23:22:32Z</time></trkpt>
<trkpt lat="45.359463" lon="-75.840253"><ele>26.0</ele><time>2024-07-09T23:22:33Z</time></trkpt>
<trkpt lat="45.359463" lon="-75.840244"><ele>26.0</ele><time>2024-07-09T23:22:34Z</time></trkpt>
<trkpt lat="45.359463" lon="-75.840244"><ele>26.0</ele><time>2024-07-09T23:22:35Z</time></trkpt>
<trkpt lat="45.359463" lon="-75.840244"><ele>26.0</ele><time>2024-07-09T23:22:36Z</time></trkpt>
<trkpt lat="45.359463" lon="-75.840244"><ele>26.0</ele><time>2024-07-09T23:22:37Z</time></trkpt>
<trkpt lat="45.35946" lon="-75.840244"><ele>26.0</ele><time>2024-07-09T23:22:38Z</time></trkpt>
<trkpt lat="45.35946" lon="-75.840244"><ele>26.0</ele><time>2024-07-09T23:22:39Z</time></trkpt>
<trkpt lat="45.35946" lon="-75.840244"><ele>27.0</ele><time>2024-07-09T23:22:40Z</time></trkpt>
<trkpt lat="45.35946" lon="-75.840244"><ele>27.0</ele><time>2024-07-09T23:22:41Z</time></trkpt>
<trkpt lat="45.35946" lon="-75.840244"><ele>27.0</ele><time>2024-07-09T23:22:42Z</time></trkpt>
<trkpt lat="45.35946" lon="-75.840244"><ele>27.0</ele><time>2024-07-09T23:22:43Z</time></trkpt>
<trkpt lat="45.35946" lon="-75.840244"><ele>27.0</ele><time>2024-07-09T23:22:44Z</time></trkpt>
<trkpt lat="45.35946" lon="-75.840244"><ele>27.0</ele><time>2024-07-09T23:22:45Z</time></trkpt>
<trkpt lat="45.35946" lon="-75.840244"><ele>27.0</ele><time>2024-07-09T23:22:46Z</time></trkpt>
<trkpt lat="45.35946" lon="-75.840244"><ele>27.0</ele><time>2024-07-09T23:22:47Z</time></trkpt>
<trkpt lat="45.35946" lon="-75.840244"><ele>27.0</ele><time>2024-07-09T23:22:48Z</time></trkpt>
<trkpt lat="45.35946" lon="-75.840244"><ele>27.0</ele><time>2024-07-09T23:22:49Z</time></trkpt>
<trkpt lat="45.35946" lon="-75.840244"><ele>27.0</ele><time>2024-07-09T23:22:50Z</time></trkpt>
<trkpt lat="45.35946" lon="-75.840244"><ele>27.0</ele><time>2024-07-09T23:22:51Z</time></trkpt>
<trkpt lat="45.35946" lon="-75.840244"><ele>27.0</ele><time>2024-07-09T23:22:52Z</time></trkpt>
<trkpt lat="45.35946" lon="-75.840244"><ele>27.0</ele><time>2024-07-09T23:22:53Z</time></trkpt>
<trkpt lat="45.35946" lon="-75.840244"><ele>27.0</ele><time>2024-07-09T23:22:54Z</time></trkpt>
<trkpt lat="45.35946" lon="-75.840244"><ele>27.0</ele><time>2024-07-09T23:22:55Z</time></trkpt>
<trkpt lat="45.35946" lon="-75.840244"><ele>27.0</ele><time>2024-07-09T23:22:56Z</time></trkpt>
<trkpt lat="45.35946" lon="-75.840244"><ele>27.0</ele><time>2024-07-09T23:22:57Z</time></trkpt>
<trkpt lat="45.35946" lon="-75.840244"><ele>27.0</ele><time>2024-07-09T23:22:58Z</time></trkpt>
<trkpt lat="45.35946" lon="-75.840244"><ele>27.0</ele><time>2024-07-09T23:22:59Z</time></trkpt>
<trkpt lat="45.359457" lon="-75.840244"><ele>27.0</ele><time>2024-07-09T23:23:00Z</time></trkpt>
<trkpt lat="45.359457" lon="-75.840244"><ele>27.0</ele><time>2024-07-09T23:23:01Z</time></trkpt>
<trkpt lat="45.359457" lon="-75.840244"><ele>27.0</ele><time>2024-07-09T23:23:02Z</time></trkpt>
<trkpt lat="45.359457" lon="-75.840244"><ele>27.0</ele><time>2024-07-09T23:23:03Z</time></trkpt>
<trkpt lat="45.359454" lon="-75.840244"><ele>26.0</ele><time>2024-07-09T23:23:04Z</time></trkpt>
<trkpt lat="45.359454" lon="-75.840244"><ele>26.0</ele><time>2024-07-09T23:23:05Z</time></trkpt>
<trkpt lat="45.359454" lon="-75.840244"><ele>26.0</ele><time>2024-07-09T23:23:06Z</time></trkpt>
<trkpt lat="45.359454" lon="-75.840244"><ele>26.0</ele><time>2024-07-09T23:23:07Z</time></trkpt>
<trkpt lat="45.359454" lon="-75.840244"><ele>27.0</ele><time>2024-07-09T23:23:08Z</time></trkpt>
<trkpt lat="45.359454" lon="-75.840244"><ele>27.0</ele><time>2024-07-09T23:23:09Z</time></trkpt>
<trkpt lat="45.359454" lon="-75.840244"><ele>26.0</ele><time>2024-07-09T23:23:10Z</time></trkpt>
<trkpt lat="45.359454" lon="-75.840244"><ele>26.0</ele><time>2024-07-09T23:23:11Z</time></trkpt>
<trkpt lat="45.359454" lon="-75.840244"><ele>26.0</ele><time>2024-07-09T23:23:12Z</time></trkpt>
<trkpt lat="45.359454" lon="-75.840244"><ele>26.0</ele><time>2024-07-09T23:23:13Z</time></trkpt>
<trkpt lat="45.359454" lon="-75.840244"><ele>26.0</ele><time>2024-07-09T23:23:14Z</time></trkpt>
<trkpt lat="45.359454" lon="-75.840244"><ele>26.0</ele><time>2024-07-09T23:23:15Z</time></trkpt>
<trkpt lat="45.359451" lon="-75.840244"><ele>26.0</ele><time>2024-07-09T23:23:16Z</time></trkpt>
<trkpt lat="45.359451" lon="-75.840244"><ele>26.0</ele><time>2024-07-09T23:23:17Z</time></trkpt>
<trkpt lat="45.359451" lon="-75.840244"><ele>26.0</ele><time>2024-07-09T23:23:18Z</time></trkpt>
<trkpt lat="45.359451" lon="-75.840244"><ele>26.0</ele><time>2024-07-09T23:23:19Z</time></trkpt>
<trkpt lat="45.359451" lon="-75.840253"><ele>26.0</ele><time>2024-07-09T23:23:20Z</time></trkpt>
<trkpt lat="45.359454" lon="-75.840244"><ele>26.0</ele><time>2024-07-09T23:23:21Z</time></trkpt>
<trkpt lat="45.359451" lon="-75.840244"><ele>26.0</ele><time>2024-07-09T23:23:22Z</time></trkpt>
<trkpt lat="45.359451" lon="-75.840244"><ele>26.0</ele><time>2024-07-09T23:23:23Z</time></trkpt>
<trkpt lat="45.359451" lon="-75.840244"><ele>26.0</ele><time>2024-07-09T23:23:24Z</time></trkpt>
<trkpt lat="45.359451" lon="-75.840244"><ele>26.0</ele><time>2024-07-09T23:23:25Z</time></trkpt>
<trkpt lat="45.359451" lon="-75.840244"><ele>26.0</ele><time>2024-07-09T23:23:26Z</time></trkpt>
<trkpt lat="45.359451" lon="-75.840244"><ele>26.0</ele><time>2024-07-09T23:23:27Z</time></trkpt>
<trkpt lat="45.359451" lon="-75.840244"><ele>26.0</ele><time>2024-07-09T23:23:28Z</time></trkpt>
<trkpt lat="45.359451" lon="-75.840244"><ele>26.0</ele><time>2024-07-09T23:23:29Z</time></trkpt>
<trkpt lat="45.359451" lon="-75.840244"><ele>26.0</ele><time>2024-07-09T23:23:30Z</time></trkpt>
<trkpt lat="45.359451" lon="-75.840244"><ele>26.0</ele><time>2024-07-09T23:23:31Z</time></trkpt>
<trkpt lat="45.359451" lon="-75.840244"><ele>26.0</ele><time>2024-07-09T23:23:32Z</time></trkpt>
<trkpt lat="45.359451" lon="-75.840244"><ele>26.0</ele><time>2024-07-09T23:23:33Z</time></trkpt>
<trkpt lat="45.359451" lon="-75.840244"><ele>26.0</ele><time>2024-07-09T23:23:34Z</time></trkpt>
<trkpt lat="45.359451" lon="-75.840244"><ele>26.0</ele><time>2024-07-09T23:23:35Z</time></trkpt>
<trkpt lat="45.359451" lon="-75.840244"><ele>26.0</ele><time>2024-07-09T23:23:36Z</time></trkpt>
<trkpt lat="45.359451" lon="-75.840244"><ele>26.0</ele><time>2024-07-09T23:23:37Z</time></trkpt>
<trkpt lat="45.359451" lon="-75.840244"><ele>26.0</ele><time>2024-07-09T23:23:38Z</time></trkpt>
<trkpt lat="45.359451" lon="-75.840244"><ele>26.0</ele><time>2024-07-09T23:23:39Z</time></trkpt>
<trkpt lat="45.359451" lon="-75.840244"><ele>26.0</ele><time>2024-07-09T23:23:40Z</time></trkpt>
<trkpt lat="45.359451" lon="-75.840244"><ele>26.0</ele><time>2024-07-09T23:23:41Z</time></trkpt>
<trkpt lat="45.359451" lon="-75.840244"><ele>26.0</ele><time>2024-07-09T23:23:42Z</time></trkpt>
<trkpt lat="45.359451" lon="-75.840244"><ele>26.0</ele><time>2024-07-09T23:23:43Z</time></trkpt>
<trkpt lat="45.359451" lon="-75.840244"><ele>26.0</ele><time>2024-07-09T23:23:44Z</time></trkpt>
<trkpt lat="45.359451" lon="-75.840244"><ele>26.0</ele><time>2024-07-09T23:23:45Z</time></trkpt>
<trkpt lat="45.359451" lon="-75.840244"><ele>26.0</ele><time>2024-07-09T23:23:46Z</time></trkpt>
<trkpt lat="45.359451" lon="-75.840244"><ele>26.0</ele><time>2024-07-09T23:23:47Z</time></trkpt>
<trkpt lat="45.359451" lon="-75.840244"><ele>26.0</ele><time>2024-07-09T23:23:48Z</time></trkpt>
<trkpt lat="45.359451" lon="-75.840244"><ele>26.0</ele><time>2024-07-09T23:23:49Z</time></trkpt>
<trkpt lat="45.359451" lon="-75.840244"><ele>26.0</ele><time>2024-07-09T23:23:50Z</time></trkpt>
<trkpt lat="45.359451" lon="-75.840244"><ele>26.0</ele><time>2024-07-09T23:23:51Z</time></trkpt>
<trkpt lat="45.359451" lon="-75.840244"><ele>26.0</ele><time>2024-07-09T23:23:52Z</time></trkpt>
<trkpt lat="45.359454" lon="-75.840244"><ele>26.0</ele><time>2024-07-09T23:23:53Z</time></trkpt>
<trkpt lat="45.359454" lon="-75.840244"><ele>26.0</ele><time>2024-07-09T23:23:54Z</time></trkpt>
<trkpt lat="45.359457" lon="-75.840244"><ele>26.0</ele><time>2024-07-09T23:23:55Z</time></trkpt>
<trkpt lat="45.359457" lon="-75.840244"><ele>26.0</ele><time>2024-07-09T23:23:56Z</time></trkpt>
<trkpt lat="45.35946" lon="-75.840253"><ele>26.0</ele><time>2024-07-09T23:23:57Z</time></trkpt>
<trkpt lat="45.35946" lon="-75.840253"><ele>26.0</ele><time>2024-07-09T23:23:58Z</time></trkpt>
<trkpt lat="45.35946" lon="-75.840244"><ele>26.0</ele><time>2024-07-09T23:23:59Z</time></trkpt>
<trkpt lat="45.35946" lon="-75.840244"><ele>26.0</ele><time>2024-07-09T23:24:00Z</time></trkpt>
<trkpt lat="45.35946" lon="-75.840244"><ele>26.0</ele><time>2024-07-09T23:24:01Z</time></trkpt>
<trkpt lat="45.35946" lon="-75.840244"><ele>26.0</ele><time>2024-07-09T23:24:02Z</time></trkpt>
<trkpt lat="45.35946" lon="-75.840244"><ele>26.0</ele><time>2024-07-09T23:24:03Z</time></trkpt>
<trkpt lat="45.35946" lon="-75.840244"><ele>26.0</ele><time>2024-07-09T23:24:04Z</time></trkpt>
<trkpt lat="45.35946" lon="-75.840244"><ele>26.0</ele><time>2024-07-09T23:24:05Z</time></trkpt>
<trkpt lat="45.35946" lon="-75.840244"><ele>26.0</ele><time>2024-07-09T23:24:06Z</time></trkpt>
<trkpt lat="45.359463" lon="-75.840244"><ele>26.0</ele><time>2024-07-09T23:24:07Z</time></trkpt>
<trkpt lat="45.359463" lon="-75.840244"><ele>26.0</ele><time>2024-07-09T23:24:08Z</time></trkpt>
<trkpt lat="45.359463" lon="-75.840244"><ele>26.0</ele><time>2024-07-09T23:24:09Z</time></trkpt>
<trkpt lat="45.359463" lon="-75.840244"><ele>26.0</ele><time>2024-07-09T23:24:10Z</time></trkpt>
<trkpt lat="45.359463" lon="-75.840244"><ele>26.0</ele><time>2024-07-09T23:24:11Z</time></trkpt>
<trkpt lat="45.359463" lon="-75.840244"><ele>26.0</ele><time>2024-07-09T23:24:12Z</time></trkpt>
<trkpt lat="45.359463" lon="-75.840244"><ele>26.0</ele><time>2024-07-09T23:24:13Z</time></trkpt>
<trkpt lat="45.359463" lon="-75.840244"><ele>26.0</ele><time>2024-07-09T23:24:14Z</time></trkpt>
<trkpt lat="45.359463" lon="-75.840244"><ele>26.0</ele><time>2024-07-09T23:24:15Z</time></trkpt>
<trkpt lat="45.359463" lon="-75.840244"><ele>26.0</ele><time>2024-07-09T23:24:16Z</time></trkpt>
<trkpt lat="45.359463" lon="-75.840244"><ele>26.0</ele><time>2024-07-09T23:24:17Z</time></trkpt>
<trkpt lat="45.359463" lon="-75.840244"><ele>26.0</ele><time>2024-07-09T23:24:18Z</time></trkpt>
<trkpt lat="45.359463" lon="-75.840244"><ele>26.0</ele><time>2024-07-09T23:24:19Z</time></trkpt>
<trkpt lat="45.359463" lon="-75.840244"><ele>26.0</ele><time>2024-07-09T23:24:20Z</time></trkpt>
<trkpt lat="45.359463" lon="-75.840244"><ele>26.0</ele><time>2024-07-09T23:24:21Z</time></trkpt>
<trkpt lat="45.359463" lon="-75.840244"><ele>26.0</ele><time>2024-07-09T23:24:22Z</time></trkpt>
<trkpt lat="45.359463" lon="-75.840244"><ele>26.0</ele><time>2024-07-09T23:24:23Z</time></trkpt>
<trkpt lat="45.359463" lon="-75.840244"><ele>26.0</ele><time>2024-07-09T23:24:24Z</time></trkpt>
<trkpt lat="45.359463" lon="-75.840244"><ele>26.0</ele><time>2024-07-09T23:24:25Z</time></trkpt>
<trkpt lat="45.359463" lon="-75.840244"><ele>26.0</ele><time>2024-07-09T23:24:26Z</time></trkpt>
<trkpt lat="45.359463" lon="-75.840244"><ele>26.0</ele><time>2024-07-09T23:24:27Z</time></trkpt>
<trkpt lat="45.359463" lon="-75.840244"><ele>26.0</ele><time>2024-07-09T23:24:28Z</time></trkpt>
<trkpt lat="45.359463" lon="-75.840244"><ele>26.0</ele><time>2024-07-09T23:24:29Z</time></trkpt>
<trkpt lat="45.359463" lon="-75.840244"><ele>26.0</ele><time>2024-07-09T23:24:30Z</time></trkpt>
<trkpt lat="45.359463" lon="-75.840244"><ele>26.0</ele><time>2024-07-09T23:24:31Z</time></trkpt>
<trkpt lat="45.359463" lon="-75.840244"><ele>26.0</ele><time>2024-07-09T23:24:32Z</time></trkpt>
<trkpt lat="45.359463" lon="-75.840244"><ele>26.0</ele><time>2024-07-09T23:24:33Z</time></trkpt>
<trkpt lat="45.359463" lon="-75.840244"><ele>26.0</ele><time>2024-07-09T23:24:34Z</time></trkpt>
<trkpt lat="45.359463" lon="-75.840244"><ele>26.0</ele><time>2024-07-09T23:24:35Z</time></trkpt>
<trkpt lat="45.359463" lon="-75.840244"><ele>26.0</ele><time>2024-07-09T23:24:36Z</time></trkpt>
<trkpt lat="45.359463" lon="-75.840244"><ele>26.0</ele><time>2024-07-09T23:24:37Z</time></trkpt>
<trkpt lat="45.359463" lon="-75.840244"><ele>26.0</ele><time>2024-07-09T23:24:38Z</time></trkpt>
<trkpt lat="45.359463" lon="-75.840244"><ele>26.0</ele><time>2024-07-09T23:24:39Z</time></trkpt>
<trkpt lat="45.359463" lon="-75.840244"><ele>26.0</ele><time>2024-07-09T23:24:40Z</time></trkpt>
<trkpt lat="45.359463" lon="-75.840244"><ele>26.0</ele><time>2024-07-09T23:24:41Z</time></trkpt>
<trkpt lat="45.359463" lon="-75.840244"><ele>26.0</ele><time>2024-07-09T23:24:42Z</time></trkpt>
<trkpt lat="45.359463" lon="-75.840244"><ele>26.0</ele><time>2024-07-09T23:24:43Z</time></trkpt>
<trkpt lat="45.359463" lon="-75.840244"><ele>26.0</ele><time>2024-07-09T23:24:44Z</time></trkpt>
<trkpt lat="45.359463" lon="-75.840244"><ele>26.0</ele><time>2024-07-09T23:24:45Z</time></trkpt>
<trkpt lat="45.359463" lon="-75.840244"><ele>26.0</ele><time>2024-07-09T23:24:46Z</time></trkpt>
<trkpt lat="45.359463" lon="-75.840244"><ele>26.0</ele><time>2024-07-09T23:24:47Z</time></trkpt>
<trkpt lat="45.359463" lon="-75.840244"><ele>26.0</ele><time>2024-07-09T23:24:48Z</time></trkpt>
<trkpt lat="45.359463" lon="-75.840244"><ele>26.0</ele><time>2024-07-09T23:24:49Z</time></trkpt>
<trkpt lat="45.359463" lon="-75.840244"><ele>26.0</ele><time>2024-07-09T23:24:50Z</time></trkpt>
<trkpt lat="45.359463" lon="-75.840244"><ele>26.0</ele><time>2024-07-09T23:24:51Z</time></trkpt>
<trkpt lat="45.359463" lon="-75.840244"><ele>26.0</ele><time>2024-07-09T23:24:52Z</time></trkpt>
<trkpt lat="45.359466" lon="-75.840235"><ele>26.0</ele><time>2024-07-09T23:24:53Z</time></trkpt>
<trkpt lat="45.359466" lon="-75.840235"><ele>26.0</ele><time>2024-07-09T23:24:53Z</time></trkpt>
<trkpt lat="45.359441" lon="-75.840253"><ele>23.0</ele><time>2024-07-09T23:26:09Z</time></trkpt>
<trkpt lat="45.35946" lon="-75.840244"><ele>24.0</ele><time>2024-07-09T23:26:09Z</time></trkpt>
<trkpt lat="45.359454" lon="-75.840226"><ele>26.0</ele><time>2024-07-09T23:26:10Z</time></trkpt>
<trkpt lat="45.359447" lon="-75.840217"><ele>26.0</ele><time>2024-07-09T23:26:11Z</time></trkpt>
<trkpt lat="45.359444" lon="-75.840217"><ele>27.0</ele><time>2024-07-09T23:26:12Z</time></trkpt>
<trkpt lat="45.359444" lon="-75.840217"><ele>27.0</ele><time>2024-07-09T23:26:13Z</time></trkpt>
<trkpt lat="45.359444" lon="-75.840217"><ele>27.0</ele><time>2024-07-09T23:26:14Z</time></trkpt>
<trkpt lat="45.359444" lon="-75.840217"><ele>27.0</ele><time>2024-07-09T23:26:15Z</time></trkpt>
<trkpt lat="45.359441" lon="-75.840217"><ele>27.0</ele><time>2024-07-09T23:26:16Z</time></trkpt>
<trkpt lat="45.359441" lon="-75.840217"><ele>27.0</ele><time>2024-07-09T23:26:17Z</time></trkpt>
<trkpt lat="45.359444" lon="-75.840217"><ele>27.0</ele><time>2024-07-09T23:26:18Z</time></trkpt>
<trkpt lat="45.359441" lon="-75.840217"><ele>27.0</ele><time>2024-07-09T23:26:19Z</time></trkpt>
<trkpt lat="45.359441" lon="-75.840217"><ele>27.0</ele><time>2024-07-09T23:26:20Z</time></trkpt>
<trkpt lat="45.359441" lon="-75.840217"><ele>27.0</ele><time>2024-07-09T23:26:21Z</time></trkpt>
<trkpt lat="45.359438" lon="-75.840217"><ele>27.0</ele><time>2024-07-09T23:26:22Z</time></trkpt>
<trkpt lat="45.359438" lon="-75.840217"><ele>27.0</ele><time>2024-07-09T23:26:23Z</time></trkpt>
<trkpt lat="45.359438" lon="-75.840217"><ele>27.0</ele><time>2024-07-09T23:26:24Z</time></trkpt>
<trkpt lat="45.359438" lon="-75.840217"><ele>27.0</ele><time>2024-07-09T23:26:25Z</time></trkpt>
<trkpt lat="45.359438" lon="-75.840217"><ele>27.0</ele><time>2024-07-09T23:26:26Z</time></trkpt>
<trkpt lat="45.359435" lon="-75.840217"><ele>27.0</ele><time>2024-07-09T23:26:27Z</time></trkpt>
<trkpt lat="45.359435" lon="-75.840217"><ele>27.0</ele><time>2024-07-09T23:26:28Z</time></trkpt>
<trkpt lat="45.359435" lon="-75.840217"><ele>27.0</ele><time>2024-07-09T23:26:29Z</time></trkpt>
<trkpt lat="45.359435" lon="-75.840217"><ele>27.0</ele><time>2024-07-09T23:26:30Z</time></trkpt>
<trkpt lat="45.359435" lon="-75.840217"><ele>27.0</ele><time>2024-07-09T23:26:31Z</time></trkpt>
<trkpt lat="45.359435" lon="-75.840217"><ele>27.0</ele><time>2024-07-09T23:26:32Z</time></trkpt>
<trkpt lat="45.359435" lon="-75.840217"><ele>27.0</ele><time>2024-07-09T23:26:33Z</time></trkpt>
<trkpt lat="45.359435" lon="-75.840217"><ele>27.0</ele><time>2024-07-09T23:26:34Z</time></trkpt>
<trkpt lat="45.359435" lon="-75.840217"><ele>27.0</ele><time>2024-07-09T23:26:35Z</time></trkpt>
<trkpt lat="45.359435" lon="-75.840217"><ele>27.0</ele><time>2024-07-09T23:26:36Z</time></trkpt>
<trkpt lat="45.359435" lon="-75.840217"><ele>27.0</ele><time>2024-07-09T23:26:37Z</time></trkpt>
<trkpt lat="45.359435" lon="-75.840217"><ele>27.0</ele><time>2024-07-09T23:26:38Z</time></trkpt>
<trkpt lat="45.359435" lon="-75.840217"><ele>27.0</ele><time>2024-07-09T23:26:39Z</time></trkpt>
<trkpt lat="45.359435" lon="-75.840217"><ele>27.0</ele><time>2024-07-09T23:26:40Z</time></trkpt>
<trkpt lat="45.359435" lon="-75.840217"><ele>27.0</ele><time>2024-07-09T23:26:41Z</time></trkpt>
<trkpt lat="45.359435" lon="-75.840217"><ele>27.0</ele><time>2024-07-09T23:26:42Z</time></trkpt>
<trkpt lat="45.359435" lon="-75.840217"><ele>27.0</ele><time>2024-07-09T23:26:43Z</time></trkpt>
<trkpt lat="45.359435" lon="-75.840217"><ele>27.0</ele><time>2024-07-09T23:26:44Z</time></trkpt>
<trkpt lat="45.359435" lon="-75.840217"><ele>27.0</ele><time>2024-07-09T23:26:45Z</time></trkpt>
<trkpt lat="45.359435" lon="-75.840217"><ele>27.0</ele><time>2024-07-09T23:26:46Z</time></trkpt>
<trkpt lat="45.359435" lon="-75.840217"><ele>27.0</ele><time>2024-07-09T23:26:47Z</time></trkpt>
<trkpt lat="45.359435" lon="-75.840217"><ele>27.0</ele><time>2024-07-09T23:26:48Z</time></trkpt>
<trkpt lat="45.359435" lon="-75.840217"><ele>27.0</ele><time>2024-07-09T23:26:49Z</time></trkpt>
<trkpt lat="45.359435" lon="-75.840217"><ele>27.0</ele><time>2024-07-09T23:26:50Z</time></trkpt>
<trkpt lat="45.359435" lon="-75.840217"><ele>27.0</ele><time>2024-07-09T23:26:51Z</time></trkpt>
<trkpt lat="45.359435" lon="-75.840217"><ele>27.0</ele><time>2024-07-09T23:26:52Z</time></trkpt>
<trkpt lat="45.359435" lon="-75.840217"><ele>27.0</ele><time>2024-07-09T23:26:53Z</time></trkpt>
<trkpt lat="45.359432" lon="-75.840217"><ele>27.0</ele><time>2024-07-09T23:26:54Z</time></trkpt>
<trkpt lat="45.359432" lon="-75.840217"><ele>27.0</ele><time>2024-07-09T23:26:55Z</time></trkpt>
<trkpt lat="45.359432" lon="-75.840217"><ele>27.0</ele><time>2024-07-09T23:26:56Z</time></trkpt>
<trkpt lat="45.359432" lon="-75.840217"><ele>27.0</ele><time>2024-07-09T23:26:57Z</time></trkpt>
<trkpt lat="45.359432" lon="-75.840217"><ele>27.0</ele><time>2024-07-09T23:26:58Z</time></trkpt>
<trkpt lat="45.359432" lon="-75.840217"><ele>27.0</ele><time>2024-07-09T23:26:59Z</time></trkpt>
<trkpt lat="45.359432" lon="-75.840217"><ele>27.0</ele><time>2024-07-09T23:27:00Z</time></trkpt>
<trkpt lat="45.359432" lon="-75.840217"><ele>27.0</ele><time>2024-07-09T23:27:01Z</time></trkpt>
<trkpt lat="45.359432" lon="-75.840217"><ele>27.0</ele><time>2024-07-09T23:27:02Z</time></trkpt>
<trkpt lat="45.359432" lon="-75.840217"><ele>27.0</ele><time>2024-07-09T23:27:03Z</time></trkpt>
<trkpt lat="45.359432" lon="-75.840217"><ele>27.0</ele><time>2024-07-09T23:27:04Z</time></trkpt>
<trkpt lat="45.359432" lon="-75.840217"><ele>27.0</ele><time>2024-07-09T23:27:05Z</time></trkpt>
<trkpt lat="45.359432" lon="-75.840217"><ele>27.0</ele><time>2024-07-09T23:27:06Z</time></trkpt>
<trkpt lat="45.359432" lon="-75.840217"><ele>27.0</ele><time>2024-07-09T23:27:07Z</time></trkpt>
<trkpt lat="45.359432" lon="-75.840217"><ele>27.0</ele><time>2024-07-09T23:27:08Z</time></trkpt>
<trkpt lat="45.359432" lon="-75.840217"><ele>27.0</ele><time>2024-07-09T23:27:09Z</time></trkpt>
<trkpt lat="45.359432" lon="-75.840217"><ele>27.0</ele><time>2024-07-09T23:27:10Z</time></trkpt>
<trkpt lat="45.359432" lon="-75.840217"><ele>27.0</ele><time>2024-07-09T23:27:11Z</time></trkpt>
<trkpt lat="45.359432" lon="-75.840217"><ele>27.0</ele><time>2024-07-09T23:27:12Z</time></trkpt>
<trkpt lat="45.359432" lon="-75.840217"><ele>27.0</ele><time>2024-07-09T23:27:13Z</time></trkpt>
<trkpt lat="45.359432" lon="-75.840217"><ele>27.0</ele><time>2024-07-09T23:27:14Z</time></trkpt>
<trkpt lat="45.359432" lon="-75.840217"><ele>27.0</ele><time>2024-07-09T23:27:15Z</time></trkpt>
<trkpt lat="45.359432" lon="-75.840217"><ele>27.0</ele><time>2024-07-09T23:27:16Z</time></trkpt>
<trkpt lat="45.359432" lon="-75.840217"><ele>27.0</ele><time>2024-07-09T23:27:17Z</time></trkpt>
<trkpt lat="45.359432" lon="-75.840217"><ele>27.0</ele><time>2024-07-09T23:27:18Z</time></trkpt>
<trkpt lat="45.359432" lon="-75.840217"><ele>27.0</ele><time>2024-07-09T23:27:19Z</time></trkpt>
<trkpt lat="45.359432" lon="-75.840217"><ele>27.0</ele><time>2024-07-09T23:27:20Z</time></trkpt>
<trkpt lat="45.359432" lon="-75.840217"><ele>27.0</ele><time>2024-07-09T23:27:21Z</time></trkpt>
<trkpt lat="45.359432" lon="-75.840217"><ele>27.0</ele><time>2024-07-09T23:27:22Z</time></trkpt>
<trkpt lat="45.359432" lon="-75.840226"><ele>27.0</ele><time>2024-07-09T23:27:23Z</time></trkpt>
<trkpt lat="45.359432" lon="-75.840226"><ele>27.0</ele><time>2024-07-09T23:27:24Z</time></trkpt>
<trkpt lat="45.359432" lon="-75.840226"><ele>27.0</ele><time>2024-07-09T23:27:25Z</time></trkpt>
<trkpt lat="45.359432" lon="-75.840226"><ele>27.0</ele><time>2024-07-09T23:27:26Z</time></trkpt>
<trkpt lat="45.359432" lon="-75.840226"><ele>27.0</ele><time>2024-07-09T23:27:27Z</time></trkpt>
<trkpt lat="45.359432" lon="-75.840226"><ele>27.0</ele><time>2024-07-09T23:27:28Z</time></trkpt>
<trkpt lat="45.359432" lon="-75.840226"><ele>27.0</ele><time>2024-07-09T23:27:29Z</time></trkpt>
<trkpt lat="45.359432" lon="-75.840226"><ele>27.0</ele><time>2024-07-09T23:27:30Z</time></trkpt>
<trkpt lat="45.359432" lon="-75.840226"><ele>27.0</ele><time>2024-07-09T23:27:31Z</time></trkpt>
<trkpt lat="45.359432" lon="-75.840226"><ele>27.0</ele><time>2024-07-09T23:27:32Z</time></trkpt>
<trkpt lat="45.359432" lon="-75.840226"><ele>27.0</ele><time>2024-07-09T23:27:33Z</time></trkpt>
<trkpt lat="45.359432" lon="-75.840226"><ele>27.0</ele><time>2024-07-09T23:27:34Z</time></trkpt>
<trkpt lat="45.359432" lon="-75.840226"><ele>27.0</ele><time>2024-07-09T23:27:35Z</time></trkpt>
<trkpt lat="45.359432" lon="-75.840226"><ele>27.0</ele><time>2024-07-09T23:27:36Z</time></trkpt>
<trkpt lat="45.359432" lon="-75.840226"><ele>27.0</ele><time>2024-07-09T23:27:37Z</time></trkpt>
<trkpt lat="45.359432" lon="-75.840226"><ele>27.0</ele><time>2024-07-09T23:27:38Z</time></trkpt>
<trkpt lat="45.359435" lon="-75.840235"><ele>27.0</ele><time>2024-07-09T23:27:39Z</time></trkpt>
<trkpt lat="45.359435" lon="-75.840235"><ele>27.0</ele><time>2024-07-09T23:27:40Z</time></trkpt>
<trkpt lat="45.359435" lon="-75.840244"><ele>26.0</ele><time>2024-07-09T23:27:41Z</time></trkpt>
<trkpt lat="45.359435" lon="-75.840244"><ele>26.0</ele><time>2024-07-09T23:27:42Z</time></trkpt>
<trkpt lat="45.359435" lon="-75.840244"><ele>26.0</ele><time>2024-07-09T23:27:43Z</time></trkpt>
<trkpt lat="45.359435" lon="-75.840244"><ele>26.0</ele><time>2024-07-09T23:27:44Z</time></trkpt>
<trkpt lat="45.359435" lon="-75.840244"><ele>26.0</ele><time>2024-07-09T23:27:45Z</time></trkpt>
<trkpt lat="45.359435" lon="-75.840253"><ele>26.0</ele><time>2024-07-09T23:27:46Z</time></trkpt>
<trkpt lat="45.359435" lon="-75.840253"><ele>27.0</ele><time>2024-07-09T23:27:47Z</time></trkpt>
<trkpt lat="45.359435" lon="-75.840253"><ele>27.0</ele><time>2024-07-09T23:27:48Z</time></trkpt>
<trkpt lat="45.359435" lon="-75.840253"><ele>27.0</ele><time>2024-07-09T23:27:49Z</time></trkpt>
<trkpt lat="45.359435" lon="-75.840253"><ele>27.0</ele><time>2024-07-09T23:27:50Z</time></trkpt>
<trkpt lat="45.359435" lon="-75.840253"><ele>27.0</ele><time>2024-07-09T23:27:51Z</time></trkpt>
<trkpt lat="45.359435" lon="-75.840253"><ele>27.0</ele><time>2024-07-09T23:27:52Z</time></trkpt>
<trkpt lat="45.359435" lon="-75.840253"><ele>27.0</ele><time>2024-07-09T23:27:53Z</time></trkpt>
<trkpt lat="45.359435" lon="-75.840253"><ele>27.0</ele><time>2024-07-09T23:27:54Z</time></trkpt>
<trkpt lat="45.359435" lon="-75.840253"><ele>27.0</ele><time>2024-07-09T23:27:55Z</time></trkpt>
<trkpt lat="45.359435" lon="-75.840253"><ele>27.0</ele><time>2024-07-09T23:27:56Z</time></trkpt>
<trkpt lat="45.359435" lon="-75.840253"><ele>27.0</ele><time>2024-07-09T23:27:57Z</time></trkpt>
<trkpt lat="45.359435" lon="-75.840253"><ele>27.0</ele><time>2024-07-09T23:27:58Z</time></trkpt>
<trkpt lat="45.359435" lon="-75.840253"><ele>27.0</ele><time>2024-07-09T23:27:59Z</time></trkpt>
<trkpt lat="45.359435" lon="-75.840253"><ele>27.0</ele><time>2024-07-09T23:28:00Z</time></trkpt>
<trkpt lat="45.359435" lon="-75.840253"><ele>27.0</ele><time>2024-07-09T23:28:01Z</time></trkpt>
<trkpt lat="45.359435" lon="-75.840253"><ele>27.0</ele><time>2024-07-09T23:28:02Z</time></trkpt>
<trkpt lat="45.359435" lon="-75.840253"><ele>27.0</ele><time>2024-07-09T23:28:03Z</time></trkpt>
<trkpt lat="45.359435" lon="-75.840253"><ele>27.0</ele><time>2024-07-09T23:28:04Z</time></trkpt>
<trkpt lat="45.359435" lon="-75.840253"><ele>27.0</ele><time>2024-07-09T23:28:05Z</time></trkpt>
<trkpt lat="45.359435" lon="-75.840253"><ele>27.0</ele><time>2024-07-09T23:28:06Z</time></trkpt>
<trkpt lat="45.359435" lon="-75.840253"><ele>27.0</ele><time>2024-07-09T23:28:07Z</time></trkpt>
<trkpt lat="45.359435" lon="-75.840253"><ele>27.0</ele><time>2024-07-09T23:28:08Z</time></trkpt>
<trkpt lat="45.359435" lon="-75.840253"><ele>27.0</ele><time>2024-07-09T23:28:09Z</time></trkpt>
<trkpt lat="45.359435" lon="-75.840253"><ele>27.0</ele><time>2024-07-09T23:28:10Z</time></trkpt>
<trkpt lat="45.359435" lon="-75.840253"><ele>27.0</ele><time>2024-07-09T23:28:11Z</time></trkpt>
<trkpt lat="45.359435" lon="-75.840253"><ele>27.0</ele><time>2024-07-09T23:28:12Z</time></trkpt>
<trkpt lat="45.359435" lon="-75.840253"><ele>27.0</ele><time>2024-07-09T23:28:13Z</time></trkpt>
<trkpt lat="45.359435" lon="-75.840253"><ele>27.0</ele><time>2024-07-09T23:28:14Z</time></trkpt>
<trkpt lat="45.359435" lon="-75.840253"><ele>27.0</ele><time>2024-07-09T23:28:15Z</time></trkpt>
<trkpt lat="45.359435" lon="-75.840253"><ele>27.0</ele><time>2024-07-09T23:28:16Z</time></trkpt>
<trkpt lat="45.359435" lon="-75.840253"><ele>27.0</ele><time>2024-07-09T23:28:17Z</time></trkpt>
<trkpt lat="45.359435" lon="-75.840253"><ele>27.0</ele><time>2024-07-09T23:28:18Z</time></trkpt>
<trkpt lat="45.359435" lon="-75.840253"><ele>27.0</ele><time>2024-07-09T23:28:19Z</time></trkpt>
<trkpt lat="45.359435" lon="-75.840253"><ele>27.0</ele><time>2024-07-09T23:28:20Z</time></trkpt>
<trkpt lat="45.359435" lon="-75.840253"><ele>27.0</ele><time>2024-07-09T23:28:21Z</time></trkpt>
<trkpt lat="45.359435" lon="-75.840253"><ele>27.0</ele><time>2024-07-09T23:28:22Z</time></trkpt>
<trkpt lat="45.359435" lon="-75.840253"><ele>27.0</ele><time>2024-07-09T23:28:23Z</time></trkpt>
<trkpt lat="45.359435" lon="-75.840253"><ele>27.0</ele><time>2024-07-09T23:28:24Z</time></trkpt>
<trkpt lat="45.359435" lon="-75.840253"><ele>27.0</ele><time>2024-07-09T23:28:25Z</time></trkpt>
<trkpt lat="45.359435" lon="-75.840253"><ele>27.0</ele><time>2024-07-09T23:28:26Z</time></trkpt>
<trkpt lat="45.359435" lon="-75.840253"><ele>27.0</ele><time>2024-07-09T23:28:27Z</time></trkpt>
<trkpt lat="45.359435" lon="-75.840253"><ele>27.0</ele><time>2024-07-09T23:28:28Z</time></trkpt>
<trkpt lat="45.359435" lon="-75.840253"><ele>27.0</ele><time>2024-07-09T23:28:29Z</time></trkpt>
<trkpt lat="45.359435" lon="-75.840253"><ele>27.0</ele><time>2024-07-09T23:28:30Z</time></trkpt>
<trkpt lat="45.359435" lon="-75.840253"><ele>27.0</ele><time>2024-07-09T23:28:31Z</time></trkpt>
<trkpt lat="45.359435" lon="-75.840253"><ele>27.0</ele><time>2024-07-09T23:28:32Z</time></trkpt>
<trkpt lat="45.359435" lon="-75.840253"><ele>27.0</ele><time>2024-07-09T23:28:33Z</time></trkpt>
<trkpt lat="45.359435" lon="-75.840253"><ele>27.0</ele><time>2024-07-09T23:28:34Z</time></trkpt>
<trkpt lat="45.359438" lon="-75.840253"><ele>27.0</ele><time>2024-07-09T23:28:35Z</time></trkpt>
<trkpt lat="45.359438" lon="-75.840253"><ele>27.0</ele><time>2024-07-09T23:28:36Z</time></trkpt>
<trkpt lat="45.359438" lon="-75.840253"><ele>27.0</ele><time>2024-07-09T23:28:37Z</time></trkpt>
<trkpt lat="45.359438" lon="-75.840253"><ele>27.0</ele><time>2024-07-09T23:28:38Z</time></trkpt>
<trkpt lat="45.359438" lon="-75.840262"><ele>27.0</ele><time>2024-07-09T23:28:39Z</time></trkpt>
<trkpt lat="45.359441" lon="-75.840262"><ele>27.0</ele><time>2024-07-09T23:28:40Z</time></trkpt>
<trkpt lat="45.359441" lon="-75.840262"><ele>27.0</ele><time>2024-07-09T23:28:41Z</time></trkpt>
<trkpt lat="45.359441" lon="-75.840262"><ele>27.0</ele><time>2024-07-09T23:28:42Z</time></trkpt>
<trkpt lat="45.359444" lon="-75.840271"><ele>26.0</ele><time>2024-07-09T23:28:43Z</time></trkpt>
<trkpt lat="45.359444" lon="-75.840271"><ele>26.0</ele><time>2024-07-09T23:28:44Z</time></trkpt>
<trkpt lat="45.359444" lon="-75.840271"><ele>26.0</ele><time>2024-07-09T23:28:45Z</time></trkpt>
<trkpt lat="45.359444" lon="-75.840271"><ele>26.0</ele><time>2024-07-09T23:28:46Z</time></trkpt>
<trkpt lat="45.359444" lon="-75.840271"><ele>26.0</ele><time>2024-07-09T23:28:47Z</time></trkpt>
<trkpt lat="45.359444" lon="-75.840271"><ele>27.0</ele><time>2024-07-09T23:28:48Z</time></trkpt>
<trkpt lat="45.359444" lon="-75.840271"><ele>27.0</ele><time>2024-07-09T23:28:49Z</time></trkpt>
<trkpt lat="45.359444" lon="-75.840271"><ele>27.0</ele><time>2024-07-09T23:28:50Z</time></trkpt>
<trkpt lat="45.359444" lon="-75.840271"><ele>27.0</ele><time>2024-07-09T23:28:51Z</time></trkpt>
<trkpt lat="45.359444" lon="-75.840271"><ele>27.0</ele><time>2024-07-09T23:28:52Z</time></trkpt>
<trkpt lat="45.359444" lon="-75.840271"><ele>27.0</ele><time>2024-07-09T23:28:53Z</time></trkpt>
<trkpt lat="45.359444" lon="-75.840271"><ele>27.0</ele><time>2024-07-09T23:28:54Z</time></trkpt>
<trkpt lat="45.359444" lon="-75.840271"><ele>27.0</ele><time>2024-07-09T23:28:55Z</time></trkpt>
<trkpt lat="45.359444" lon="-75.840271"><ele>27.0</ele><time>2024-07-09T23:28:56Z</time></trkpt>
<trkpt lat="45.359444" lon="-75.840271"><ele>27.0</ele><time>2024-07-09T23:28:57Z</time></trkpt>
<trkpt lat="45.359444" lon="-75.840271"><ele>27.0</ele><time>2024-07-09T23:28:58Z</time></trkpt>
<trkpt lat="45.359444" lon="-75.840271"><ele>27.0</ele><time>2024-07-09T23:28:59Z</time></trkpt>
<trkpt lat="45.359444" lon="-75.840271"><ele>27.0</ele><time>2024-07-09T23:29:00Z</time></trkpt>
<trkpt lat="45.359444" lon="-75.840271"><ele>27.0</ele><time>2024-07-09T23:29:01Z</time></trkpt>
<trkpt lat="45.359444" lon="-75.840271"><ele>27.0</ele><time>2024-07-09T23:29:02Z</time></trkpt>
<trkpt lat="45.359444" lon="-75.840271"><ele>27.0</ele><time>2024-07-09T23:29:03Z</time></trkpt>
<trkpt lat="45.359444" lon="-75.840271"><ele>27.0</ele><time>2024-07-09T23:29:04Z</time></trkpt>
<trkpt lat="45.359444" lon="-75.840271"><ele>27.0</ele><time>2024-07-09T23:29:05Z</time></trkpt>
<trkpt lat="45.359444" lon="-75.840271"><ele>27.0</ele><time>2024-07-09T23:29:06Z</time></trkpt>
<trkpt lat="45.359444" lon="-75.840271"><ele>27.0</ele><time>2024-07-09T23:29:07Z</time></trkpt>
<trkpt lat="45.359444" lon="-75.840271"><ele>27.0</ele><time>2024-07-09T23:29:08Z</time></trkpt>
<trkpt lat="45.359444" lon="-75.840271"><ele>27.0</ele><time>2024-07-09T23:29:09Z</time></trkpt>
<trkpt lat="45.359444" lon="-75.840271"><ele>27.0</ele><time>2024-07-09T23:29:10Z</time></trkpt>
<trkpt lat="45.359444" lon="-75.840271"><ele>27.0</ele><time>2024-07-09T23:29:11Z</time></trkpt>
<trkpt lat="45.359444" lon="-75.840271"><ele>27.0</ele><time>2024-07-09T23:29:12Z</time></trkpt>
<trkpt lat="45.359444" lon="-75.840271"><ele>27.0</ele><time>2024-07-09T23:29:13Z</time></trkpt>
<trkpt lat="45.359444" lon="-75.840271"><ele>27.0</ele><time>2024-07-09T23:29:14Z</time></trkpt>
<trkpt lat="45.359444" lon="-75.840271"><ele>27.0</ele><time>2024-07-09T23:29:15Z</time></trkpt>
<trkpt lat="45.359441" lon="-75.840271"><ele>27.0</ele><time>2024-07-09T23:29:16Z</time></trkpt>
<trkpt lat="45.359441" lon="-75.840271"><ele>27.0</ele><time>2024-07-09T23:29:17Z</time></trkpt>
<trkpt lat="45.359441" lon="-75.840271"><ele>27.0</ele><time>2024-07-09T23:29:18Z</time></trkpt>
<trkpt lat="45.359441" lon="-75.840271"><ele>27.0</ele><time>2024-07-09T23:29:19Z</time></trkpt>
<trkpt lat="45.359441" lon="-75.840271"><ele>27.0</ele><time>2024-07-09T23:29:20Z</time></trkpt>
<trkpt lat="45.359441" lon="-75.840271"><ele>27.0</ele><time>2024-07-09T23:29:21Z</time></trkpt>
<trkpt lat="45.359441" lon="-75.840271"><ele>27.0</ele><time>2024-07-09T23:29:22Z</time></trkpt>
<trkpt lat="45.359441" lon="-75.840271"><ele>27.0</ele><time>2024-07-09T23:29:23Z</time></trkpt>
<trkpt lat="45.359441" lon="-75.840271"><ele>27.0</ele><time>2024-07-09T23:29:24Z</time></trkpt>
<trkpt lat="45.359441" lon="-75.840271"><ele>27.0</ele><time>2024-07-09T23:29:25Z</time></trkpt>
<trkpt lat="45.359441" lon="-75.840271"><ele>27.0</ele><time>2024-07-09T23:29:26Z</time></trkpt>
<trkpt lat="45.359441" lon="-75.840271"><ele>27.0</ele><time>2024-07-09T23:29:27Z</time></trkpt>
<trkpt lat="45.359441" lon="-75.840271"><ele>27.0</ele><time>2024-07-09T23:29:28Z</time></trkpt>
<trkpt lat="45.359441" lon="-75.840271"><ele>27.0</ele><time>2024-07-09T23:29:29Z</time></trkpt>
<trkpt lat="45.359441" lon="-75.84028"><ele>27.0</ele><time>2024-07-09T23:29:30Z</time></trkpt>
<trkpt lat="45.359441" lon="-75.84028"><ele>27.0</ele><time>2024-07-09T23:29:31Z</time></trkpt>
<trkpt lat="45.359441" lon="-75.840271"><ele>27.0</ele><time>2024-07-09T23:29:32Z</time></trkpt>
<trkpt lat="45.359441" lon="-75.840271"><ele>27.0</ele><time>2024-07-09T23:29:33Z</time></trkpt>
<trkpt lat="45.359441" lon="-75.840271"><ele>27.0</ele><time>2024-07-09T23:29:34Z</time></trkpt>
<trkpt lat="45.359441" lon="-75.840271"><ele>27.0</ele><time>2024-07-09T23:29:35Z</time></trkpt>
<trkpt lat="45.359441" lon="-75.840271"><ele>27.0</ele><time>2024-07-09T23:29:36Z</time></trkpt>
<trkpt lat="45.359441" lon="-75.840271"><ele>27.0</ele><time>2024-07-09T23:29:37Z</time></trkpt>
<trkpt lat="45.359441" lon="-75.840271"><ele>27.0</ele><time>2024-07-09T23:29:38Z</time></trkpt>
<trkpt lat="45.359441" lon="-75.840271"><ele>27.0</ele><time>2024-07-09T23:29:39Z</time></trkpt>
<trkpt lat="45.359441" lon="-75.840271"><ele>27.0</ele><time>2024-07-09T23:29:40Z</time></trkpt>
<trkpt lat="45.359441" lon="-75.840271"><ele>27.0</ele><time>2024-07-09T23:29:41Z</time></trkpt>
<trkpt lat="45.359441" lon="-75.840271"><ele>27.0</ele><time>2024-07-09T23:29:42Z</time></trkpt>
<trkpt lat="45.359441" lon="-75.840271"><ele>27.0</ele><time>2024-07-09T23:29:43Z</time></trkpt>
<trkpt lat="45.359441" lon="-75.840271"><ele>27.0</ele><time>2024-07-09T23:29:44Z</time></trkpt>
<trkpt lat="45.359441" lon="-75.840271"><ele>27.0</ele><time>2024-07-09T23:29:45Z</time></trkpt>
<trkpt lat="45.359441" lon="-75.840271"><ele>27.0</ele><time>2024-07-09T23:29:46Z</time></trkpt>
<trkpt lat="45.359441" lon="-75.84028"><ele>27.0</ele><time>2024-07-09T23:29:47Z</time></trkpt>
<trkpt lat="45.359441" lon="-75.84028"><ele>27.0</ele><time>2024-07-09T23:29:48Z</time></trkpt>
<trkpt lat="45.359441" lon="-75.84028"><ele>27.0</ele><time>2024-07-09T23:29:49Z</time></trkpt>
<trkpt lat="45.359441" lon="-75.84028"><ele>27.0</ele><time>2024-07-09T23:29:50Z</time></trkpt>
<trkpt lat="45.359441" lon="-75.84028"><ele>27.0</ele><time>2024-07-09T23:29:51Z</time></trkpt>
<trkpt lat="45.359441" lon="-75.84028"><ele>27.0</ele><time>2024-07-09T23:29:52Z</time></trkpt>
<trkpt lat="45.359441" lon="-75.84028"><ele>27.0</ele><time>2024-07-09T23:29:53Z</time></trkpt>
<trkpt lat="45.359441" lon="-75.84028"><ele>27.0</ele><time>2024-07-09T23:29:54Z</time></trkpt>
<trkpt lat="45.359441" lon="-75.84028"><ele>27.0</ele><time>2024-07-09T23:29:55Z</time></trkpt>
<trkpt lat="45.359441" lon="-75.84028"><ele>27.0</ele><time>2024-07-09T23:29:56Z</time></trkpt>
<trkpt lat="45.359441" lon="-75.84028"><ele>27.0</ele><time>2024-07-09T23:29:57Z</time></trkpt>
<trkpt lat="45.359441" lon="-75.84028"><ele>27.0</ele><time>2024-07-09T23:29:58Z</time></trkpt>
<trkpt lat="45.359441" lon="-75.84028"><ele>27.0</ele><time>2024-07-09T23:29:59Z</time></trkpt>
<trkpt lat="45.359438" lon="-75.84028"><ele>27.0</ele><time>2024-07-09T23:30:00Z</time></trkpt>
<trkpt lat="45.359441" lon="-75.84028"><ele>27.0</ele><time>2024-07-09T23:30:01Z</time></trkpt>
<trkpt lat="45.359441" lon="-75.84028"><ele>27.0</ele><time>2024-07-09T23:30:02Z</time></trkpt>
<trkpt lat="45.359441" lon="-75.84028"><ele>27.0</ele><time>2024-07-09T23:30:03Z</time></trkpt>
<trkpt lat="45.359441" lon="-75.84028"><ele>27.0</ele><time>2024-07-09T23:30:04Z</time></trkpt>
<trkpt lat="45.359441" lon="-75.84028"><ele>27.0</ele><time>2024-07-09T23:30:05Z</time></trkpt>
<trkpt lat="45.359441" lon="-75.84028"><ele>27.0</ele><time>2024-07-09T23:30:06Z</time></trkpt>
<trkpt lat="45.359441" lon="-75.84028"><ele>27.0</ele><time>2024-07-09T23:30:07Z</time></trkpt>
<trkpt lat="45.359441" lon="-75.84028"><ele>27.0</ele><time>2024-07-09T23:30:08Z</time></trkpt>
<trkpt lat="45.359441" lon="-75.84028"><ele>27.0</ele><time>2024-07-09T23:30:09Z</time></trkpt>
<trkpt lat="45.359441" lon="-75.84028"><ele>27.0</ele><time>2024-07-09T23:30:10Z</time></trkpt>
<trkpt lat="45.359441" lon="-75.84028"><ele>27.0</ele><time>2024-07-09T23:30:11Z</time></trkpt>
<trkpt lat="45.359441" lon="-75.84028"><ele>27.0</ele><time>2024-07-09T23:30:12Z</time></trkpt>
<trkpt lat="45.359441" lon="-75.84028"><ele>27.0</ele><time>2024-07-09T23:30:13Z</time></trkpt>
<trkpt lat="45.359441" lon="-75.84028"><ele>27.0</ele><time>2024-07-09T23:30:14Z</time></trkpt>
<trkpt lat="45.359441" lon="-75.84028"><ele>27.0</ele><time>2024-07-09T23:30:15Z</time></trkpt>
<trkpt lat="45.359441" lon="-75.84028"><ele>27.0</ele><time>2024-07-09T23:30:16Z</time></trkpt>
<trkpt lat="45.359441" lon="-75.84028"><ele>27.0</ele><time>2024-07-09T23:30:17Z</time></trkpt>
<trkpt lat="45.359441" lon="-75.84028"><ele>27.0</ele><time>2024-07-09T23:30:18Z</time></trkpt>
<trkpt lat="45.359441" lon="-75.84028"><ele>27.0</ele><time>2024-07-09T23:30:19Z</time></trkpt>
<trkpt lat="45.359441" lon="-75.84028"><ele>27.0</ele><time>2024-07-09T23:30:20Z</time></trkpt>
<trkpt lat="45.359441" lon="-75.84028"><ele>27.0</ele><time>2024-07-09T23:30:21Z</time></trkpt>
<trkpt lat="45.359441" lon="-75.84028"><ele>27.0</ele><time>2024-07-09T23:30:22Z</time></trkpt>
<trkpt lat="45.359441" lon="-75.84028"><ele>27.0</ele><time>2024-07-09T23:30:23Z</time></trkpt>
<trkpt lat="45.359441" lon="-75.84028"><ele>27.0</ele><time>2024-07-09T23:30:24Z</time></trkpt>
<trkpt lat="45.359441" lon="-75.84028"><ele>27.0</ele><time>2024-07-09T23:30:25Z</time></trkpt>
<trkpt lat="45.359441" lon="-75.84028"><ele>27.0</ele><time>2024-07-09T23:30:26Z</time></trkpt>
<trkpt lat="45.359441" lon="-75.84028"><ele>27.0</ele><time>2024-07-09T23:30:27Z</time></trkpt>
<trkpt lat="45.359441" lon="-75.84028"><ele>27.0</ele><time>2024-07-09T23:30:28Z</time></trkpt>
<trkpt lat="45.359441" lon="-75.84028"><ele>27.0</ele><time>2024-07-09T23:30:29Z</time></trkpt>
<trkpt lat="45.359441" lon="-75.84028"><ele>27.0</ele><time>2024-07-09T23:30:30Z</time></trkpt>
<trkpt lat="45.359441" lon="-75.84028"><ele>27.0</ele><time>2024-07-09T23:30:31Z</time></trkpt>
<trkpt lat="45.359441" lon="-75.84028"><ele>27.0</ele><time>2024-07-09T23:30:32Z</time></trkpt>
<trkpt lat="45.359441" lon="-75.84028"><ele>27.0</ele><time>2024-07-09T23:30:33Z</time></trkpt>
<trkpt lat="45.359441" lon="-75.84028"><ele>27.0</ele><time>2024-07-09T23:30:34Z</time></trkpt>
<trkpt lat="45.359441" lon="-75.84028"><ele>27.0</ele><time>2024-07-09T23:30:35Z</time></trkpt>
<trkpt lat="45.359441" lon="-75.84028"><ele>27.0</ele><time>2024-07-09T23:30:36Z</time></trkpt>
<trkpt lat="45.359441" lon="-75.84028"><ele>27.0</ele><time>2024-07-09T23:30:37Z</time></trkpt>
<trkpt lat="45.359441" lon="-75.84028"><ele>27.0</ele><time>2024-07-09T23:30:38Z</time></trkpt>
<trkpt lat="45.359441" lon="-75.84028"><ele>27.0</ele><time>2024-07-09T23:30:39Z</time></trkpt>
<trkpt lat="45.359441" lon="-75.84028"><ele>27.0</ele><time>2024-07-09T23:30:40Z</time></trkpt>
<trkpt lat="45.359441" lon="-75.84028"><ele>27.0</ele><time>2024-07-09T23:30:41Z</time></trkpt>
<trkpt lat="45.359441" lon="-75.84028"><ele>27.0</ele><time>2024-07-09T23:30:42Z</time></trkpt>
<trkpt lat="45.359441" lon="-75.84028"><ele>27.0</ele><time>2024-07-09T23:30:43Z</time></trkpt>
<trkpt lat="45.359441" lon="-75.84028"><ele>27.0</ele><time>2024-07-09T23:30:44Z</time></trkpt>
<trkpt lat="45.359441" lon="-75.84028"><ele>27.0</ele><time>2024-07-09T23:30:45Z</time></trkpt>
<trkpt lat="45.359441" lon="-75.84028"><ele>27.0</ele><time>2024-07-09T23:30:46Z</time></trkpt>
<trkpt lat="45.359438" lon="-75.84028"><ele>27.0</ele><time>2024-07-09T23:30:47Z</time></trkpt>
<trkpt lat="45.359438" lon="-75.84028"><ele>27.0</ele><time>2024-07-09T23:30:48Z</time></trkpt>
<trkpt lat="45.359438" lon="-75.84028"><ele>27.0</ele><time>2024-07-09T23:30:49Z</time></trkpt>
<trkpt lat="45.359438" lon="-75.84028"><ele>27.0</ele><time>2024-07-09T23:30:50Z</time></trkpt>
<trkpt lat="45.359438" lon="-75.84028"><ele>27.0</ele><time>2024-07-09T23:30:51Z</time></trkpt>
<trkpt lat="45.359435" lon="-75.840289"><ele>27.0</ele><time>2024-07-09T23:30:52Z</time></trkpt>
<trkpt lat="45.359428" lon="-75.840289"><ele>26.0</ele><time>2024-07-09T23:30:53Z</time></trkpt>
<trkpt lat="45.359428" lon="-75.840289"><ele>27.0</ele><time>2024-07-09T23:30:54Z</time></trkpt>
<trkpt lat="45.359435" lon="-75.840289"><ele>27.0</ele><time>2024-07-09T23:30:55Z</time></trkpt>
<trkpt lat="45.359432" lon="-75.840289"><ele>27.0</ele><time>2024-07-09T23:30:56Z</time></trkpt>
<trkpt lat="45.359432" lon="-75.840289"><ele>27.0</ele><time>2024-07-09T23:30:57Z</time></trkpt>
<trkpt lat="45.359432" lon="-75.840289"><ele>27.0</ele><time>2024-07-09T23:30:58Z</time></trkpt>
<trkpt lat="45.359432" lon="-75.840289"><ele>27.0</ele><time>2024-07-09T23:30:59Z</time></trkpt>
<trkpt lat="45.359428" lon="-75.840289"><ele>27.0</ele><time>2024-07-09T23:31:00Z</time></trkpt>
<trkpt lat="45.359428" lon="-75.840289"><ele>27.0</ele><time>2024-07-09T23:31:01Z</time></trkpt>
<trkpt lat="45.359432" lon="-75.840289"><ele>27.0</ele><time>2024-07-09T23:31:02Z</time></trkpt>
<trkpt lat="45.359432" lon="-75.840289"><ele>27.0</ele><time>2024-07-09T23:31:03Z</time></trkpt>
<trkpt lat="45.359432" lon="-75.840289"><ele>27.0</ele><time>2024-07-09T23:31:04Z</time></trkpt>
<trkpt lat="45.359432" lon="-75.840289"><ele>27.0</ele><time>2024-07-09T23:31:05Z</time></trkpt>
<trkpt lat="45.359435" lon="-75.840289"><ele>27.0</ele><time>2024-07-09T23:31:06Z</time></trkpt>
<trkpt lat="45.359435" lon="-75.840289"><ele>27.0</ele><time>2024-07-09T23:31:07Z</time></trkpt>
<trkpt lat="45.359435" lon="-75.840289"><ele>27.0</ele><time>2024-07-09T23:31:08Z</time></trkpt>
<trkpt lat="45.359435" lon="-75.840289"><ele>27.0</ele><time>2024-07-09T23:31:09Z</time></trkpt>
<trkpt lat="45.359435" lon="-75.840289"><ele>27.0</ele><time>2024-07-09T23:31:10Z</time></trkpt>
<trkpt lat="45.359435" lon="-75.840289"><ele>27.0</ele><time>2024-07-09T23:31:11Z</time></trkpt>
<trkpt lat="45.359435" lon="-75.840289"><ele>27.0</ele><time>2024-07-09T23:31:12Z</time></trkpt>
<trkpt lat="45.359435" lon="-75.840289"><ele>27.0</ele><time>2024-07-09T23:31:13Z</time></trkpt>
<trkpt lat="45.359435" lon="-75.840289"><ele>27.0</ele><time>2024-07-09T23:31:14Z</time></trkpt>
<trkpt lat="45.359435" lon="-75.840289"><ele>27.0</ele><time>2024-07-09T23:31:15Z</time></trkpt>
<trkpt lat="45.359438" lon="-75.840289"><ele>28.0</ele><time>2024-07-09T23:31:16Z</time></trkpt>
<trkpt lat="45.359438" lon="-75.840289"><ele>27.0</ele><time>2024-07-09T23:31:17Z</time></trkpt>
<trkpt lat="45.359438" lon="-75.84028"><ele>28.0</ele><time>2024-07-09T23:31:18Z</time></trkpt>
<trkpt lat="45.359447" lon="-75.840271"><ele>26.0</ele><time>2024-07-09T23:31:19Z</time></trkpt>
<trkpt lat="45.359454" lon="-75.840262"><ele>27.0</ele><time>2024-07-09T23:31:20Z</time></trkpt>
<trkpt lat="45.359454" lon="-75.84028"><ele>27.0</ele><time>2024-07-09T23:31:21Z</time></trkpt>
<trkpt lat="45.359454" lon="-75.84028"><ele>27.0</ele><time>2024-07-09T23:31:22Z</time></trkpt>
<trkpt lat="45.359451" lon="-75.84028"><ele>27.0</ele><time>2024-07-09T23:31:23Z</time></trkpt>
<trkpt lat="45.359447" lon="-75.840289"><ele>27.0</ele><time>2024-07-09T23:31:24Z</time></trkpt>
<trkpt lat="45.359447" lon="-75.840289"><ele>27.0</ele><time>2024-07-09T23:31:25Z</time></trkpt>
<trkpt lat="45.359447" lon="-75.840289"><ele>27.0</ele><time>2024-07-09T23:31:26Z</time></trkpt>
<trkpt lat="45.359447" lon="-75.840289"><ele>27.0</ele><time>2024-07-09T23:31:27Z</time></trkpt>
<trkpt lat="45.359447" lon="-75.840289"><ele>27.0</ele><time>2024-07-09T23:31:28Z</time></trkpt>
<trkpt lat="45.359447" lon="-75.840289"><ele>27.0</ele><time>2024-07-09T23:31:29Z</time></trkpt>
<trkpt lat="45.359447" lon="-75.840289"><ele>27.0</ele><time>2024-07-09T23:31:30Z</time></trkpt>
<trkpt lat="45.359447" lon="-75.840289"><ele>27.0</ele><time>2024-07-09T23:31:31Z</time></trkpt>
<trkpt lat="45.359447" lon="-75.840289"><ele>26.0</ele><time>2024-07-09T23:31:32Z</time></trkpt>
<trkpt lat="45.359444" lon="-75.840289"><ele>26.0</ele><time>2024-07-09T23:31:33Z</time></trkpt>
<trkpt lat="45.359444" lon="-75.840298"><ele>26.0</ele><time>2024-07-09T23:31:34Z</time></trkpt>
<trkpt lat="45.359444" lon="-75.840298"><ele>27.0</ele><time>2024-07-09T23:31:35Z</time></trkpt>
<trkpt lat="45.359447" lon="-75.840298"><ele>27.0</ele><time>2024-07-09T23:31:36Z</time></trkpt>
<trkpt lat="45.359454" lon="-75.840298"><ele>27.0</ele><time>2024-07-09T23:31:37Z</time></trkpt>
<trkpt lat="45.359454" lon="-75.840298"><ele>27.0</ele><time>2024-07-09T23:31:38Z</time></trkpt>
<trkpt lat="45.359454" lon="-75.840298"><ele>27.0</ele><time>2024-07-09T23:31:39Z</time></trkpt>
<trkpt lat="45.359451" lon="-75.840298"><ele>26.0</ele><time>2024-07-09T23:31:40Z</time></trkpt>
<trkpt lat="45.359451" lon="-75.840298"><ele>27.0</ele><time>2024-07-09T23:31:41Z</time></trkpt>
<trkpt lat="45.359451" lon="-75.840298"><ele>26.0</ele><time>2024-07-09T23:31:42Z</time></trkpt>
<trkpt lat="45.359451" lon="-75.840298"><ele>26.0</ele><time>2024-07-09T23:31:43Z</time></trkpt>
<trkpt lat="45.359451" lon="-75.840298"><ele>27.0</ele><time>2024-07-09T23:31:44Z</time></trkpt>
<trkpt lat="45.359451" lon="-75.840298"><ele>27.0</ele><time>2024-07-09T23:31:45Z</time></trkpt>
<trkpt lat="45.359451" lon="-75.840298"><ele>27.0</ele><time>2024-07-09T23:31:46Z</time></trkpt>
<trkpt lat="45.359441" lon="-75.840289"><ele>26.0</ele><time>2024-07-09T23:31:47Z</time></trkpt>
<trkpt lat="45.359441" lon="-75.840289"><ele>26.0</ele><time>2024-07-09T23:31:48Z</time></trkpt>
<trkpt lat="45.359438" lon="-75.840289"><ele>26.0</ele><time>2024-07-09T23:31:49Z</time></trkpt>
<trkpt lat="45.359438" lon="-75.840289"><ele>26.0</ele><time>2024-07-09T23:31:50Z</time></trkpt>
<trkpt lat="45.359435" lon="-75.840289"><ele>26.0</ele><time>2024-07-09T23:31:51Z</time></trkpt>
<trkpt lat="45.359435" lon="-75.840298"><ele>27.0</ele><time>2024-07-09T23:31:52Z</time></trkpt>
<trkpt lat="45.359435" lon="-75.840298"><ele>27.0</ele><time>2024-07-09T23:31:53Z</time></trkpt>
<trkpt lat="45.359435" lon="-75.840298"><ele>28.0</ele><time>2024-07-09T23:31:54Z</time></trkpt>
<trkpt lat="45.359435" lon="-75.840298"><ele>27.0</ele><time>2024-07-09T23:31:55Z</time></trkpt>
<trkpt lat="45.359438" lon="-75.840298"><ele>28.0</ele><time>2024-07-09T23:31:56Z</time></trkpt>
<trkpt lat="45.359438" lon="-75.840298"><ele>28.0</ele><time>2024-07-09T23:31:57Z</time></trkpt>
<trkpt lat="45.359438" lon="-75.840307"><ele>28.0</ele><time>2024-07-09T23:31:58Z</time></trkpt>
<trkpt lat="45.359438" lon="-75.840307"><ele>28.0</ele><time>2024-07-09T23:31:59Z</time></trkpt>
<trkpt lat="45.359438" lon="-75.840307"><ele>28.0</ele><time>2024-07-09T23:32:00Z</time></trkpt>
<trkpt lat="45.359438" lon="-75.840307"><ele>28.0</ele><time>2024-07-09T23:32:01Z</time></trkpt>
<trkpt lat="45.359438" lon="-75.840307"><ele>28.0</ele><time>2024-07-09T23:32:02Z</time></trkpt>
<trkpt lat="45.359438" lon="-75.840307"><ele>28.0</ele><time>2024-07-09T23:32:03Z</time></trkpt>
<trkpt lat="45.359438" lon="-75.840307"><ele>28.0</ele><time>2024-07-09T23:32:04Z</time></trkpt>
<trkpt lat="45.359438" lon="-75.840307"><ele>28.0</ele><time>2024-07-09T23:32:05Z</time></trkpt>
<trkpt lat="45.359438" lon="-75.840307"><ele>28.0</ele><time>2024-07-09T23:32:06Z</time></trkpt>
<trkpt lat="45.359438" lon="-75.840307"><ele>28.0</ele><time>2024-07-09T23:32:07Z</time></trkpt>
<trkpt lat="45.359438" lon="-75.840307"><ele>28.0</ele><time>2024-07-09T23:32:08Z</time></trkpt>
<trkpt lat="45.359438" lon="-75.840307"><ele>28.0</ele><time>2024-07-09T23:32:09Z</time></trkpt>
<trkpt lat="45.359438" lon="-75.840307"><ele>28.0</ele><time>2024-07-09T23:32:10Z</time></trkpt>
<trkpt lat="45.359438" lon="-75.840307"><ele>28.0</ele><time>2024-07-09T23:32:11Z</time></trkpt>
<trkpt lat="45.359438" lon="-75.840307"><ele>28.0</ele><time>2024-07-09T23:32:12Z</time></trkpt>
<trkpt lat="45.359438" lon="-75.840307"><ele>28.0</ele><time>2024-07-09T23:32:13Z</time></trkpt>
<trkpt lat="45.359438" lon="-75.840307"><ele>28.0</ele><time>2024-07-09T23:32:14Z</time></trkpt>
<trkpt lat="45.359438" lon="-75.840307"><ele>28.0</ele><time>2024-07-09T23:32:15Z</time></trkpt>
<trkpt lat="45.359438" lon="-75.840307"><ele>28.0</ele><time>2024-07-09T23:32:16Z</time></trkpt>
<trkpt lat="45.359438" lon="-75.840307"><ele>28.0</ele><time>2024-07-09T23:32:17Z</time></trkpt>
<trkpt lat="45.359438" lon="-75.840307"><ele>28.0</ele><time>2024-07-09T23:32:18Z</time></trkpt>
<trkpt lat="45.359438" lon="-75.840307"><ele>28.0</ele><time>2024-07-09T23:32:19Z</time></trkpt>
<trkpt lat="45.359438" lon="-75.840307"><ele>28.0</ele><time>2024-07-09T23:32:20Z</time></trkpt>
<trkpt lat="45.359438" lon="-75.840307"><ele>28.0</ele><time>2024-07-09T23:32:21Z</time></trkpt>
<trkpt lat="45.359438" lon="-75.840307"><ele>28.0</ele><time>2024-07-09T23:32:22Z</time></trkpt>
<trkpt lat="45.359438" lon="-75.840307"><ele>28.0</ele><time>2024-07-09T23:32:23Z</time></trkpt>
<trkpt lat="45.359438" lon="-75.840307"><ele>28.0</ele><time>2024-07-09T23:32:24Z</time></trkpt>
<trkpt lat="45.359438" lon="-75.840307"><ele>28.0</ele><time>2024-07-09T23:32:25Z</time></trkpt>
<trkpt lat="45.359438" lon="-75.840307"><ele>28.0</ele><time>2024-07-09T23:32:26Z</time></trkpt>
<trkpt lat="45.359438" lon="-75.840307"><ele>28.0</ele><time>2024-07-09T23:32:27Z</time></trkpt>
<trkpt lat="45.359438" lon="-75.840307"><ele>28.0</ele><time>2024-07-09T23:32:28Z</time></trkpt>
<trkpt lat="45.359438" lon="-75.840307"><ele>28.0</ele><time>2024-07-09T23:32:29Z</time></trkpt>
<trkpt lat="45.359438" lon="-75.840307"><ele>28.0</ele><time>2024-07-09T23:32:30Z</time></trkpt>
<trkpt lat="45.359438" lon="-75.840307"><ele>27.0</ele><time>2024-07-09T23:32:31Z</time></trkpt>
<trkpt lat="45.359438" lon="-75.840307"><ele>27.0</ele><time>2024-07-09T23:32:32Z</time></trkpt>
<trkpt lat="45.359438" lon="-75.840307"><ele>27.0</ele><time>2024-07-09T23:32:33Z</time></trkpt>
<trkpt lat="45.359438" lon="-75.840307"><ele>27.0</ele><time>2024-07-09T23:32:34Z</time></trkpt>
<trkpt lat="45.359441" lon="-75.840307"><ele>27.0</ele><time>2024-07-09T23:32:35Z</time></trkpt>
<trkpt lat="45.359438" lon="-75.840307"><ele>27.0</ele><time>2024-07-09T23:32:36Z</time></trkpt>
<trkpt lat="45.359438" lon="-75.840307"><ele>27.0</ele><time>2024-07-09T23:32:37Z</time></trkpt>
<trkpt lat="45.359438" lon="-75.840307"><ele>27.0</ele><time>2024-07-09T23:32:38Z</time></trkpt>
<trkpt lat="45.359441" lon="-75.840307"><ele>27.0</ele><time>2024-07-09T23:32:39Z</time></trkpt>
<trkpt lat="45.359441" lon="-75.840307"><ele>27.0</ele><time>2024-07-09T23:32:40Z</time></trkpt>
<trkpt lat="45.359438" lon="-75.840307"><ele>27.0</ele><time>2024-07-09T23:32:41Z</time></trkpt>
<trkpt lat="45.359438" lon="-75.840307"><ele>27.0</ele><time>2024-07-09T23:32:42Z</time></trkpt>
<trkpt lat="45.359438" lon="-75.840307"><ele>27.0</ele><time>2024-07-09T23:32:43Z</time></trkpt>
<trkpt lat="45.359438" lon="-75.840307"><ele>27.0</ele><time>2024-07-09T23:32:44Z</time></trkpt>
<trkpt lat="45.359438" lon="-75.840307"><ele>27.0</ele><time>2024-07-09T23:32:45Z</time></trkpt>
<trkpt lat="45.359438" lon="-75.840307"><ele>27.0</ele><time>2024-07-09T23:32:46Z</time></trkpt>
<trkpt lat="45.359438" lon="-75.840307"><ele>27.0</ele><time>2024-07-09T23:32:47Z</time></trkpt>
<trkpt lat="45.359438" lon="-75.840307"><ele>27.0</ele><time>2024-07-09T23:32:48Z</time></trkpt>
<trkpt lat="45.359441" lon="-75.840307"><ele>27.0</ele><time>2024-07-09T23:32:49Z</time></trkpt>
<trkpt lat="45.359441" lon="-75.840307"><ele>27.0</ele><time>2024-07-09T23:32:50Z</time></trkpt>
<trkpt lat="45.359441" lon="-75.840307"><ele>27.0</ele><time>2024-07-09T23:32:51Z</time></trkpt>
<trkpt lat="45.359441" lon="-75.840307"><ele>27.0</ele><time>2024-07-09T23:32:52Z</time></trkpt>
<trkpt lat="45.359441" lon="-75.840307"><ele>27.0</ele><time>2024-07-09T23:32:53Z</time></trkpt>
<trkpt lat="45.359441" lon="-75.840307"><ele>27.0</ele><time>2024-07-09T23:32:54Z</time></trkpt>
<trkpt lat="45.359441" lon="-75.840307"><ele>27.0</ele><time>2024-07-09T23:32:55Z</time></trkpt>
<trkpt lat="45.359441" lon="-75.840307"><ele>27.0</ele><time>2024-07-09T23:32:56Z</time></trkpt>
<trkpt lat="45.359438" lon="-75.840307"><ele>27.0</ele><time>2024-07-09T23:32:57Z</time></trkpt>
<trkpt lat="45.359438" lon="-75.840307"><ele>27.0</ele><time>2024-07-09T23:32:58Z</time></trkpt>
<trkpt lat="45.359438" lon="-75.840307"><ele>27.0</ele><time>2024-07-09T23:32:59Z</time></trkpt>
<trkpt lat="45.359438" lon="-75.840307"><ele>27.0</ele><time>2024-07-09T23:33:00Z</time></trkpt>
<trkpt lat="45.359438" lon="-75.840307"><ele>27.0</ele><time>2024-07-09T23:33:01Z</time></trkpt>
<trkpt lat="45.359438" lon="-75.840307"><ele>27.0</ele><time>2024-07-09T23:33:02Z</time></trkpt>
<trkpt lat="45.359441" lon="-75.840307"><ele>27.0</ele><time>2024-07-09T23:33:03Z</time></trkpt>
<trkpt lat="45.359441" lon="-75.840307"><ele>27.0</ele><time>2024-07-09T23:33:04Z</time></trkpt>
<trkpt lat="45.359441" lon="-75.840307"><ele>27.0</ele><time>2024-07-09T23:33:05Z</time></trkpt>
<trkpt lat="45.359444" lon="-75.840316"><ele>27.0</ele><time>2024-07-09T23:33:06Z</time></trkpt>
<trkpt lat="45.359444" lon="-75.840316"><ele>27.0</ele><time>2024-07-09T23:33:07Z</time></trkpt>
<trkpt lat="45.359444" lon="-75.840316"><ele>27.0</ele><time>2024-07-09T23:33:08Z</time></trkpt>
<trkpt lat="45.359444" lon="-75.840316"><ele>27.0</ele><time>2024-07-09T23:33:09Z</time></trkpt>
<trkpt lat="45.359444" lon="-75.840316"><ele>27.0</ele><time>2024-07-09T23:33:10Z</time></trkpt>
<trkpt lat="45.359444" lon="-75.840316"><ele>27.0</ele><time>2024-07-09T23:33:11Z</time></trkpt>
<trkpt lat="45.359444" lon="-75.840316"><ele>27.0</ele><time>2024-07-09T23:33:12Z</time></trkpt>
<trkpt lat="45.359444" lon="-75.840316"><ele>26.0</ele><time>2024-07-09T23:33:13Z</time></trkpt>
<trkpt lat="45.359444" lon="-75.840316"><ele>26.0</ele><time>2024-07-09T23:33:14Z</time></trkpt>
<trkpt lat="45.359447" lon="-75.840307"><ele>26.0</ele><time>2024-07-09T23:33:15Z</time></trkpt>
<trkpt lat="45.359447" lon="-75.840307"><ele>26.0</ele><time>2024-07-09T23:33:16Z</time></trkpt>
<trkpt lat="45.359447" lon="-75.840316"><ele>26.0</ele><time>2024-07-09T23:33:17Z</time></trkpt>
<trkpt lat="45.359447" lon="-75.840316"><ele>26.0</ele><time>2024-07-09T23:33:18Z</time></trkpt>
<trkpt lat="45.359444" lon="-75.840316"><ele>26.0</ele><time>2024-07-09T23:33:19Z</time></trkpt>
<trkpt lat="45.359444" lon="-75.840316"><ele>26.0</ele><time>2024-07-09T23:33:20Z</time></trkpt>
<trkpt lat="45.359444" lon="-75.840316"><ele>26.0</ele><time>2024-07-09T23:33:21Z</time></trkpt>
<trkpt lat="45.359444" lon="-75.840316"><ele>26.0</ele><time>2024-07-09T23:33:22Z</time></trkpt>
<trkpt lat="45.359444" lon="-75.840316"><ele>26.0</ele><time>2024-07-09T23:33:23Z</time></trkpt>
<trkpt lat="45.359444" lon="-75.840316"><ele>26.0</ele><time>2024-07-09T23:33:24Z</time></trkpt>
<trkpt lat="45.359444" lon="-75.840307"><ele>26.0</ele><time>2024-07-09T23:33:25Z</time></trkpt>
<trkpt lat="45.359444" lon="-75.840307"><ele>26.0</ele><time>2024-07-09T23:33:26Z</time></trkpt>
<trkpt lat="45.359444" lon="-75.840307"><ele>26.0</ele><time>2024-07-09T23:33:27Z</time></trkpt>
<trkpt lat="45.359444" lon="-75.840307"><ele>26.0</ele><time>2024-07-09T23:33:28Z</time></trkpt>
<trkpt lat="45.359444" lon="-75.840307"><ele>26.0</ele><time>2024-07-09T23:33:29Z</time></trkpt>
<trkpt lat="45.359444" lon="-75.840307"><ele>26.0</ele><time>2024-07-09T23:33:30Z</time></trkpt>
<trkpt lat="45.359444" lon="-75.840307"><ele>26.0</ele><time>2024-07-09T23:33:31Z</time></trkpt>
<trkpt lat="45.359444" lon="-75.840307"><ele>26.0</ele><time>2024-07-09T23:33:32Z</time></trkpt>
<trkpt lat="45.359444" lon="-75.840307"><ele>26.0</ele><time>2024-07-09T23:33:33Z</time></trkpt>
<trkpt lat="45.359444" lon="-75.840307"><ele>26.0</ele><time>2024-07-09T23:33:34Z</time></trkpt>
<trkpt lat="45.359444" lon="-75.840307"><ele>26.0</ele><time>2024-07-09T23:33:35Z</time></trkpt>
<trkpt lat="45.359444" lon="-75.840307"><ele>26.0</ele><time>2024-07-09T23:33:36Z</time></trkpt>
<trkpt lat="45.359444" lon="-75.840307"><ele>26.0</ele><time>2024-07-09T23:33:37Z</time></trkpt>
<trkpt lat="45.359444" lon="-75.840307"><ele>26.0</ele><time>2024-07-09T23:33:38Z</time></trkpt>
<trkpt lat="45.359444" lon="-75.840307"><ele>26.0</ele><time>2024-07-09T23:33:39Z</time></trkpt>
<trkpt lat="45.359444" lon="-75.840307"><ele>26.0</ele><time>2024-07-09T23:33:40Z</time></trkpt>
<trkpt lat="45.359447" lon="-75.840307"><ele>26.0</ele><time>2024-07-09T23:33:41Z</time></trkpt>
<trkpt lat="45.359447" lon="-75.840307"><ele>26.0</ele><time>2024-07-09T23:33:42Z</time></trkpt>
<trkpt lat="45.359447" lon="-75.840307"><ele>26.0</ele><time>2024-07-09T23:33:43Z</time></trkpt>
<trkpt lat="45.359447" lon="-75.840316"><ele>26.0</ele><time>2024-07-09T23:33:44Z</time></trkpt>
<trkpt lat="45.359447" lon="-75.840316"><ele>26.0</ele><time>2024-07-09T23:33:45Z</time></trkpt>
<trkpt lat="45.359447" lon="-75.840316"><ele>26.0</ele><time>2024-07-09T23:33:46Z</time></trkpt>
<trkpt lat="45.359447" lon="-75.840316"><ele>26.0</ele><time>2024-07-09T23:33:47Z</time></trkpt>
<trkpt lat="45.359447" lon="-75.840316"><ele>26.0</ele><time>2024-07-09T23:33:48Z</time></trkpt>
<trkpt lat="45.359447" lon="-75.840316"><ele>26.0</ele><time>2024-07-09T23:33:49Z</time></trkpt>
<trkpt lat="45.359447" lon="-75.840316"><ele>26.0</ele><time>2024-07-09T23:33:50Z</time></trkpt>
<trkpt lat="45.359447" lon="-75.840316"><ele>26.0</ele><time>2024-07-09T23:33:51Z</time></trkpt>
<trkpt lat="45.359447" lon="-75.840316"><ele>26.0</ele><time>2024-07-09T23:33:52Z</time></trkpt>
<trkpt lat="45.359447" lon="-75.840316"><ele>26.0</ele><time>2024-07-09T23:33:53Z</time></trkpt>
<trkpt lat="45.359451" lon="-75.840316"><ele>26.0</ele><time>2024-07-09T23:33:54Z</time></trkpt>
<trkpt lat="45.359451" lon="-75.840316"><ele>26.0</ele><time>2024-07-09T23:33:55Z</time></trkpt>
<trkpt lat="45.359451" lon="-75.840316"><ele>26.0</ele><time>2024-07-09T23:33:56Z</time></trkpt>
<trkpt lat="45.359451" lon="-75.840316"><ele>26.0</ele><time>2024-07-09T23:33:57Z</time></trkpt>
<trkpt lat="45.359447" lon="-75.840316"><ele>26.0</ele><time>2024-07-09T23:33:58Z</time></trkpt>
<trkpt lat="45.359447" lon="-75.840316"><ele>26.0</ele><time>2024-07-09T23:33:59Z</time></trkpt>
<trkpt lat="45.359447" lon="-75.840316"><ele>26.0</ele><time>2024-07-09T23:34:00Z</time></trkpt>
<trkpt lat="45.359447" lon="-75.840316"><ele>26.0</ele><time>2024-07-09T23:34:01Z</time></trkpt>
<trkpt lat="45.359447" lon="-75.840316"><ele>26.0</ele><time>2024-07-09T23:34:02Z</time></trkpt>
<trkpt lat="45.359447" lon="-75.840316"><ele>26.0</ele><time>2024-07-09T23:34:03Z</time></trkpt>
<trkpt lat="45.359447" lon="-75.840316"><ele>26.0</ele><time>2024-07-09T23:34:04Z</time></trkpt>
<trkpt lat="45.359447" lon="-75.840316"><ele>26.0</ele><time>2024-07-09T23:34:05Z</time></trkpt>
<trkpt lat="45.359447" lon="-75.840316"><ele>26.0</ele><time>2024-07-09T23:34:06Z</time></trkpt>
<trkpt lat="45.359447" lon="-75.840316"><ele>26.0</ele><time>2024-07-09T23:34:07Z</time></trkpt>
<trkpt lat="45.359447" lon="-75.840316"><ele>26.0</ele><time>2024-07-09T23:34:08Z</time></trkpt>
<trkpt lat="45.359447" lon="-75.840316"><ele>26.0</ele><time>2024-07-09T23:34:09Z</time></trkpt>
<trkpt lat="45.359447" lon="-75.840316"><ele>26.0</ele><time>2024-07-09T23:34:10Z</time></trkpt>
<trkpt lat="45.359447" lon="-75.840316"><ele>26.0</ele><time>2024-07-09T23:34:11Z</time></trkpt>
<trkpt lat="45.359447" lon="-75.840316"><ele>26.0</ele><time>2024-07-09T23:34:12Z</time></trkpt>
<trkpt lat="45.359447" lon="-75.840316"><ele>26.0</ele><time>2024-07-09T23:34:13Z</time></trkpt>
<trkpt lat="45.359447" lon="-75.840316"><ele>26.0</ele><time>2024-07-09T23:34:14Z</time></trkpt>
<trkpt lat="45.359447" lon="-75.840316"><ele>26.0</ele><time>2024-07-09T23:34:15Z</time></trkpt>
<trkpt lat="45.359447" lon="-75.840316"><ele>26.0</ele><time>2024-07-09T23:34:16Z</time></trkpt>
<trkpt lat="45.359447" lon="-75.840316"><ele>26.0</ele><time>2024-07-09T23:34:17Z</time></trkpt>
<trkpt lat="45.359447" lon="-75.840316"><ele>26.0</ele><time>2024-07-09T23:34:18Z</time></trkpt>
<trkpt lat="45.359447" lon="-75.840316"><ele>26.0</ele><time>2024-07-09T23:34:19Z</time></trkpt>
<trkpt lat="45.359447" lon="-75.840316"><ele>26.0</ele><time>2024-07-09T23:34:20Z</time></trkpt>
<trkpt lat="45.359451" lon="-75.840325"><ele>26.0</ele><time>2024-07-09T23:34:21Z</time></trkpt>
<trkpt lat="45.359451" lon="-75.840325"><ele>26.0</ele><time>2024-07-09T23:34:22Z</time></trkpt>
<trkpt lat="45.359454" lon="-75.840325"><ele>26.0</ele><time>2024-07-09T23:34:23Z</time></trkpt>
<trkpt lat="45.359457" lon="-75.840334"><ele>26.0</ele><time>2024-07-09T23:34:24Z</time></trkpt>
<trkpt lat="45.359457" lon="-75.840334"><ele>26.0</ele><time>2024-07-09T23:34:25Z</time></trkpt>
<trkpt lat="45.35946" lon="-75.840334"><ele>25.0</ele><time>2024-07-09T23:34:26Z</time></trkpt>
<trkpt lat="45.359463" lon="-75.840334"><ele>25.0</ele><time>2024-07-09T23:34:27Z</time></trkpt>
<trkpt lat="45.35947" lon="-75.840334"><ele>25.0</ele><time>2024-07-09T23:34:28Z</time></trkpt>
<trkpt lat="45.359473" lon="-75.840334"><ele>25.0</ele><time>2024-07-09T23:34:29Z</time></trkpt>
<trkpt lat="45.359476" lon="-75.840334"><ele>25.0</ele><time>2024-07-09T23:34:30Z</time></trkpt>
<trkpt lat="45.359479" lon="-75.840325"><ele>25.0</ele><time>2024-07-09T23:34:31Z</time></trkpt>
<trkpt lat="45.359482" lon="-75.840325"><ele>25.0</ele><time>2024-07-09T23:34:32Z</time></trkpt>
<trkpt lat="45.359482" lon="-75.840325"><ele>25.0</ele><time>2024-07-09T23:34:33Z</time></trkpt>
<trkpt lat="45.359485" lon="-75.840325"><ele>25.0</ele><time>2024-07-09T23:34:34Z</time></trkpt>
<trkpt lat="45.359489" lon="-75.840316"><ele>25.0</ele><time>2024-07-09T23:34:35Z</time></trkpt>
<trkpt lat="45.359492" lon="-75.840316"><ele>25.0</ele><time>2024-07-09T23:34:36Z</time></trkpt>
<trkpt lat="45.359495" lon="-75.840316"><ele>25.0</ele><time>2024-07-09T23:34:37Z</time></trkpt>
<trkpt lat="45.359498" lon="-75.840307"><ele>25.0</ele><time>2024-07-09T23:34:38Z</time></trkpt>
<trkpt lat="45.359501" lon="-75.840307"><ele>25.0</ele><time>2024-07-09T23:34:39Z</time></trkpt>
<trkpt lat="45.359504" lon="-75.840307"><ele>25.0</ele><time>2024-07-09T23:34:40Z</time></trkpt>
<trkpt lat="45.359508" lon="-75.840307"><ele>25.0</ele><time>2024-07-09T23:34:41Z</time></trkpt>
<trkpt lat="45.359511" lon="-75.840298"><ele>25.0</ele><time>2024-07-09T23:34:42Z</time></trkpt>
<trkpt lat="45.359514" lon="-75.840298"><ele>25.0</ele><time>2024-07-09T23:34:43Z</time></trkpt>
<trkpt lat="45.359517" lon="-75.840298"><ele>25.0</ele><time>2024-07-09T23:34:44Z</time></trkpt>
<trkpt lat="45.35952" lon="-75.840289"><ele>25.0</ele><time>2024-07-09T23:34:45Z</time></trkpt>
<trkpt lat="45.359523" lon="-75.840289"><ele>25.0</ele><time>2024-07-09T23:34:46Z</time></trkpt>
<trkpt lat="45.35953" lon="-75.84028"><ele>25.0</ele><time>2024-07-09T23:34:47Z</time></trkpt>
<trkpt lat="45.359533" lon="-75.84028"><ele>25.0</ele><time>2024-07-09T23:34:48Z</time></trkpt>
<trkpt lat="45.359536" lon="-75.84028"><ele>25.0</ele><time>2024-07-09T23:34:49Z</time></trkpt>
<trkpt lat="45.359536" lon="-75.840271"><ele>25.0</ele><time>2024-07-09T23:34:50Z</time></trkpt>
<trkpt lat="45.359539" lon="-75.840271"><ele>25.0</ele><time>2024-07-09T23:34:51Z</time></trkpt>
<trkpt lat="45.359542" lon="-75.840271"><ele>25.0</ele><time>2024-07-09T23:34:52Z</time></trkpt>
<trkpt lat="45.359546" lon="-75.840262"><ele>25.0</ele><time>2024-07-09T23:34:53Z</time></trkpt>
<trkpt lat="45.359549" lon="-75.840262"><ele>25.0</ele><time>2024-07-09T23:34:54Z</time></trkpt>
<trkpt lat="45.359552" lon="-75.840262"><ele>25.0</ele><time>2024-07-09T23:34:55Z</time></trkpt>
<trkpt lat="45.359555" lon="-75.840262"><ele>25.0</ele><time>2024-07-09T23:34:56Z</time></trkpt>
<trkpt lat="45.359558" lon="-75.840253"><ele>25.0</ele><time>2024-07-09T23:34:57Z</time></trkpt>
<trkpt lat="45.359558" lon="-75.840253"><ele>25.0</ele><time>2024-07-09T23:34:58Z</time></trkpt>
<trkpt lat="45.359561" lon="-75.840253"><ele>25.0</ele><time>2024-07-09T23:34:59Z</time></trkpt>
<trkpt lat="45.359565" lon="-75.840253"><ele>25.0</ele><time>2024-07-09T23:35:00Z</time></trkpt>
<trkpt lat="45.359565" lon="-75.840253"><ele>25.0</ele><time>2024-07-09T23:35:01Z</time></trkpt>
<trkpt lat="45.359568" lon="-75.840244"><ele>25.0</ele><time>2024-07-09T23:35:02Z</time></trkpt>
<trkpt lat="45.359571" lon="-75.840244"><ele>25.0</ele><time>2024-07-09T23:35:03Z</time></trkpt>
<trkpt lat="45.359571" lon="-75.840244"><ele>25.0</ele><time>2024-07-09T23:35:04Z</time></trkpt>
<trkpt lat="45.359574" lon="-75.840244"><ele>25.0</ele><time>2024-07-09T23:35:05Z</time></trkpt>
<trkpt lat="45.359574" lon="-75.840244"><ele>25.0</ele><time>2024-07-09T23:35:06Z</time></trkpt>
<trkpt lat="45.359577" lon="-75.840235"><ele>25.0</ele><time>2024-07-09T23:35:07Z</time></trkpt>
<trkpt lat="45.359577" lon="-75.840235"><ele>25.0</ele><time>2024-07-09T23:35:08Z</time></trkpt>
<trkpt lat="45.359577" lon="-75.840235"><ele>25.0</ele><time>2024-07-09T23:35:09Z</time></trkpt>
<trkpt lat="45.359577" lon="-75.840235"><ele>25.0</ele><time>2024-07-09T23:35:10Z</time></trkpt>
<trkpt lat="45.35958" lon="-75.840235"><ele>25.0</ele><time>2024-07-09T23:35:11Z</time></trkpt>
<trkpt lat="45.35958" lon="-75.840235"><ele>25.0</ele><time>2024-07-09T23:35:12Z</time></trkpt>
<trkpt lat="45.35958" lon="-75.840226"><ele>25.0</ele><time>2024-07-09T23:35:13Z</time></trkpt>
<trkpt lat="45.359583" lon="-75.840226"><ele>25.0</ele><time>2024-07-09T23:35:14Z</time></trkpt>
<trkpt lat="45.359583" lon="-75.840226"><ele>25.0</ele><time>2024-07-09T23:35:15Z</time></trkpt>
<trkpt lat="45.359583" lon="-75.840226"><ele>25.0</ele><time>2024-07-09T23:35:16Z</time></trkpt>
<trkpt lat="45.359583" lon="-75.840226"><ele>25.0</ele><time>2024-07-09T23:35:17Z</time></trkpt>
<trkpt lat="45.359587" lon="-75.840226"><ele>25.0</ele><time>2024-07-09T23:35:18Z</time></trkpt>
<trkpt lat="45.359587" lon="-75.840226"><ele>25.0</ele><time>2024-07-09T23:35:19Z</time></trkpt>
<trkpt lat="45.359583" lon="-75.840226"><ele>25.0</ele><time>2024-07-09T23:35:20Z</time></trkpt>
<trkpt lat="45.359583" lon="-75.840226"><ele>25.0</ele><time>2024-07-09T23:35:21Z</time></trkpt>
<trkpt lat="45.359587" lon="-75.840217"><ele>25.0</ele><time>2024-07-09T23:35:22Z</time></trkpt>
<trkpt lat="45.359587" lon="-75.840217"><ele>25.0</ele><time>2024-07-09T23:35:23Z</time></trkpt>
<trkpt lat="45.359587" lon="-75.840217"><ele>25.0</ele><time>2024-07-09T23:35:24Z</time></trkpt>
<trkpt lat="45.359587" lon="-75.840217"><ele>25.0</ele><time>2024-07-09T23:35:25Z</time></trkpt>
<trkpt lat="45.359587" lon="-75.840208"><ele>25.0</ele><time>2024-07-09T23:35:26Z</time></trkpt>
<trkpt lat="45.359587" lon="-75.840208"><ele>25.0</ele><time>2024-07-09T23:35:27Z</time></trkpt>
<trkpt lat="45.359587" lon="-75.840208"><ele>25.0</ele><time>2024-07-09T23:35:28Z</time></trkpt>
<trkpt lat="45.35959" lon="-75.840208"><ele>25.0</ele><time>2024-07-09T23:35:29Z</time></trkpt>
<trkpt lat="45.35959" lon="-75.8402"><ele>25.0</ele><time>2024-07-09T23:35:30Z</time></trkpt>
<trkpt lat="45.35959" lon="-75.8402"><ele>25.0</ele><time>2024-07-09T23:35:31Z</time></trkpt>
<trkpt lat="45.35959" lon="-75.8402"><ele>25.0</ele><time>2024-07-09T23:35:32Z</time></trkpt>
<trkpt lat="45.35959" lon="-75.8402"><ele>25.0</ele><time>2024-07-09T23:35:33Z</time></trkpt>
<trkpt lat="45.35959" lon="-75.840191"><ele>25.0</ele><time>2024-07-09T23:35:34Z</time></trkpt>
<trkpt lat="45.359593" lon="-75.840191"><ele>25.0</ele><time>2024-07-09T23:35:35Z</time></trkpt>
<trkpt lat="45.359593" lon="-75.840191"><ele>25.0</ele><time>2024-07-09T23:35:36Z</time></trkpt>
<trkpt lat="45.359593" lon="-75.840191"><ele>26.0</ele><time>2024-07-09T23:35:37Z</time></trkpt>
<trkpt lat="45.359593" lon="-75.840182"><ele>26.0</ele><time>2024-07-09T23:35:38Z</time></trkpt>
<trkpt lat="45.359593" lon="-75.840182"><ele>26.0</ele><time>2024-07-09T23:35:39Z</time></trkpt>
<trkpt lat="45.359593" lon="-75.840182"><ele>26.0</ele><time>2024-07-09T23:35:40Z</time></trkpt>
<trkpt lat="45.35959" lon="-75.840182"><ele>26.0</ele><time>2024-07-09T23:35:41Z</time></trkpt>
<trkpt lat="45.35959" lon="-75.840173"><ele>26.0</ele><time>2024-07-09T23:35:42Z</time></trkpt>
<trkpt lat="45.35959" lon="-75.840173"><ele>27.0</ele><time>2024-07-09T23:35:43Z</time></trkpt>
<trkpt lat="45.35959" lon="-75.840173"><ele>27.0</ele><time>2024-07-09T23:35:44Z</time></trkpt>
<trkpt lat="45.35959" lon="-75.840173"><ele>27.0</ele><time>2024-07-09T23:35:45Z</time></trkpt>
<trkpt lat="45.35959" lon="-75.840164"><ele>27.0</ele><time>2024-07-09T23:35:46Z</time></trkpt>
<trkpt lat="45.359587" lon="-75.840164"><ele>27.0</ele><time>2024-07-09T23:35:47Z</time></trkpt>
<trkpt lat="45.359587" lon="-75.840164"><ele>27.0</ele><time>2024-07-09T23:35:48Z</time></trkpt>
<trkpt lat="45.359587" lon="-75.840155"><ele>27.0</ele><time>2024-07-09T23:35:49Z</time></trkpt>
<trkpt lat="45.359587" lon="-75.840155"><ele>27.0</ele><time>2024-07-09T23:35:50Z</time></trkpt>
<trkpt lat="45.359583" lon="-75.840155"><ele>27.0</ele><time>2024-07-09T23:35:51Z</time></trkpt>
<trkpt lat="45.359583" lon="-75.840155"><ele>27.0</ele><time>2024-07-09T23:35:52Z</time></trkpt>
<trkpt lat="45.35958" lon="-75.840155"><ele>27.0</ele><time>2024-07-09T23:35:53Z</time></trkpt>
<trkpt lat="45.35958" lon="-75.840146"><ele>26.0</ele><time>2024-07-09T23:35:54Z</time></trkpt>
<trkpt lat="45.35958" lon="-75.840146"><ele>26.0</ele><time>2024-07-09T23:35:55Z</time></trkpt>
<trkpt lat="45.359577" lon="-75.840146"><ele>26.0</ele><time>2024-07-09T23:35:56Z</time></trkpt>
<trkpt lat="45.359577" lon="-75.840146"><ele>26.0</ele><time>2024-07-09T23:35:57Z</time></trkpt>
<trkpt lat="45.359577" lon="-75.840137"><ele>26.0</ele><time>2024-07-09T23:35:58Z</time></trkpt>
<trkpt lat="45.359574" lon="-75.840137"><ele>26.0</ele><time>2024-07-09T23:35:59Z</time></trkpt>
<trkpt lat="45.359574" lon="-75.840137"><ele>26.0</ele><time>2024-07-09T23:36:00Z</time></trkpt>
<trkpt lat="45.359571" lon="-75.840128"><ele>26.0</ele><time>2024-07-09T23:36:01Z</time></trkpt>
<trkpt lat="45.359568" lon="-75.840128"><ele>26.0</ele><time>2024-07-09T23:36:02Z</time></trkpt>
<trkpt lat="45.359568" lon="-75.840128"><ele>26.0</ele><time>2024-07-09T23:36:03Z</time></trkpt>
<trkpt lat="45.359565" lon="-75.840128"><ele>27.0</ele><time>2024-07-09T23:36:04Z</time></trkpt>
<trkpt lat="45.359565" lon="-75.840119"><ele>27.0</ele><time>2024-07-09T23:36:05Z</time></trkpt>
<trkpt lat="45.359561" lon="-75.840119"><ele>27.0</ele><time>2024-07-09T23:36:06Z</time></trkpt>
<trkpt lat="45.359561" lon="-75.840119"><ele>27.0</ele><time>2024-07-09T23:36:07Z</time></trkpt>
<trkpt lat="45.359558" lon="-75.840119"><ele>27.0</ele><time>2024-07-09T23:36:08Z</time></trkpt>
<trkpt lat="45.359558" lon="-75.84011"><ele>27.0</ele><time>2024-07-09T23:36:09Z</time></trkpt>
<trkpt lat="45.359555" lon="-75.84011"><ele>27.0</ele><time>2024-07-09T23:36:10Z</time></trkpt>
<trkpt lat="45.359552" lon="-75.84011"><ele>27.0</ele><time>2024-07-09T23:36:11Z</time></trkpt>
<trkpt lat="45.359552" lon="-75.840101"><ele>27.0</ele><time>2024-07-09T23:36:12Z</time></trkpt>
<trkpt lat="45.359549" lon="-75.840101"><ele>27.0</ele><time>2024-07-09T23:36:13Z</time></trkpt>
<trkpt lat="45.359546" lon="-75.840101"><ele>27.0</ele><time>2024-07-09T23:36:14Z</time></trkpt>
<trkpt lat="45.359546" lon="-75.840101"><ele>27.0</ele><time>2024-07-09T23:36:15Z</time></trkpt>
<trkpt lat="45.359542" lon="-75.840092"><ele>27.0</ele><time>2024-07-09T23:36:16Z</time></trkpt>
<trkpt lat="45.359539" lon="-75.840092"><ele>27.0</ele><time>2024-07-09T23:36:17Z</time></trkpt>
<trkpt lat="45.359536" lon="-75.840092"><ele>27.0</ele><time>2024-07-09T23:36:18Z</time></trkpt>
<trkpt lat="45.359533" lon="-75.840092"><ele>27.0</ele><time>2024-07-09T23:36:19Z</time></trkpt>
<trkpt lat="45.35953" lon="-75.840092"><ele>28.0</ele><time>2024-07-09T23:36:20Z</time></trkpt>
<trkpt lat="45.35953" lon="-75.840092"><ele>28.0</ele><time>2024-07-09T23:36:21Z</time></trkpt>
<trkpt lat="45.359527" lon="-75.840092"><ele>27.0</ele><time>2024-07-09T23:36:22Z</time></trkpt>
<trkpt lat="45.359527" lon="-75.840092"><ele>27.0</ele><time>2024-07-09T23:36:23Z</time></trkpt>
<trkpt lat="45.359527" lon="-75.840092"><ele>27.0</ele><time>2024-07-09T23:36:24Z</time></trkpt>
<trkpt lat="45.359523" lon="-75.840083"><ele>27.0</ele><time>2024-07-09T23:36:25Z</time></trkpt>
<trkpt lat="45.35952" lon="-75.840083"><ele>27.0</ele><time>2024-07-09T23:36:26Z</time></trkpt>
<trkpt lat="45.359517" lon="-75.840083"><ele>28.0</ele><time>2024-07-09T23:36:27Z</time></trkpt>
<trkpt lat="45.359514" lon="-75.840083"><ele>27.0</ele><time>2024-07-09T23:36:28Z</time></trkpt>
<trkpt lat="45.359511" lon="-75.840083"><ele>27.0</ele><time>2024-07-09T23:36:29Z</time></trkpt>
<trkpt lat="45.359511" lon="-75.840083"><ele>26.0</ele><time>2024-07-09T23:36:30Z</time></trkpt>
<trkpt lat="45.359511" lon="-75.840083"><ele>27.0</ele><time>2024-07-09T23:36:31Z</time></trkpt>
<trkpt lat="45.359508" lon="-75.840074"><ele>27.0</ele><time>2024-07-09T23:36:32Z</time></trkpt>
<trkpt lat="45.359504" lon="-75.840074"><ele>27.0</ele><time>2024-07-09T23:36:33Z</time></trkpt>
<trkpt lat="45.359504" lon="-75.840074"><ele>27.0</ele><time>2024-07-09T23:36:34Z</time></trkpt>
<trkpt lat="45.359501" lon="-75.840074"><ele>27.0</ele><time>2024-07-09T23:36:35Z</time></trkpt>
<trkpt lat="45.359498" lon="-75.840074"><ele>27.0</ele><time>2024-07-09T23:36:36Z</time></trkpt>
<trkpt lat="45.359498" lon="-75.840074"><ele>27.0</ele><time>2024-07-09T23:36:37Z</time></trkpt>
<trkpt lat="45.359495" lon="-75.840065"><ele>27.0</ele><time>2024-07-09T23:36:38Z</time></trkpt>
<trkpt lat="45.359492" lon="-75.840065"><ele>27.0</ele><time>2024-07-09T23:36:39Z</time></trkpt>
<trkpt lat="45.359492" lon="-75.840065"><ele>27.0</ele><time>2024-07-09T23:36:40Z</time></trkpt>
<trkpt lat="45.359492" lon="-75.840065"><ele>27.0</ele><time>2024-07-09T23:36:40Z</time></trkpt>
<trkpt lat="45.359489" lon="-75.840065"><ele>27.0</ele><time>2024-07-09T23:36:41Z</time></trkpt>
<trkpt lat="45.359485" lon="-75.840056"><ele>27.0</ele><time>2024-07-09T23:36:42Z</time></trkpt>
<trkpt lat="45.359482" lon="-75.840056"><ele>27.0</ele><time>2024-07-09T23:36:43Z</time></trkpt>
<trkpt lat="45.359476" lon="-75.840056"><ele>27.0</ele><time>2024-07-09T23:36:44Z</time></trkpt>
<trkpt lat="45.359473" lon="-75.840047"><ele>27.0</ele><time>2024-07-09T23:36:45Z</time></trkpt>
<trkpt lat="45.35947" lon="-75.840038"><ele>28.0</ele><time>2024-07-09T23:36:46Z</time></trkpt>
<trkpt lat="45.359473" lon="-75.840038"><ele>28.0</ele><time>2024-07-09T23:36:47Z</time></trkpt>
<trkpt lat="45.359476" lon="-75.840047"><ele>27.0</ele><time>2024-07-09T23:36:48Z</time></trkpt>
<trkpt lat="45.359476" lon="-75.840047"><ele>27.0</ele><time>2024-07-09T23:36:49Z</time></trkpt>
<trkpt lat="45.359473" lon="-75.840047"><ele>26.0</ele><time>2024-07-09T23:36:50Z</time></trkpt>
<trkpt lat="45.359473" lon="-75.840056"><ele>26.0</ele><time>2024-07-09T23:36:51Z</time></trkpt>
<trkpt lat="45.35947" lon="-75.840056"><ele>26.0</ele><time>2024-07-09T23:36:52Z</time></trkpt>
<trkpt lat="45.359463" lon="-75.840056"><ele>26.0</ele><time>2024-07-09T23:36:53Z</time></trkpt>
<trkpt lat="45.35946" lon="-75.840047"><ele>26.0</ele><time>2024-07-09T23:36:54Z</time></trkpt>
<trkpt lat="45.359457" lon="-75.840038"><ele>26.0</ele><time>2024-07-09T23:36:55Z</time></trkpt>
<trkpt lat="45.359451" lon="-75.840038"><ele>26.0</ele><time>2024-07-09T23:36:56Z</time></trkpt>
<trkpt lat="45.359447" lon="-75.840038"><ele>26.0</ele><time>2024-07-09T23:36:57Z</time></trkpt>
<trkpt lat="45.359441" lon="-75.840038"><ele>26.0</ele><time>2024-07-09T23:36:58Z</time></trkpt>
<trkpt lat="45.359432" lon="-75.840029"><ele>26.0</ele><time>2024-07-09T23:36:59Z</time></trkpt>
<trkpt lat="45.359428" lon="-75.84002"><ele>26.0</ele><time>2024-07-09T23:37:00Z</time></trkpt>
<trkpt lat="45.359422" lon="-75.84002"><ele>26.0</ele><time>2024-07-09T23:37:01Z</time></trkpt>
<trkpt lat="45.359416" lon="-75.840011"><ele>26.0</ele><time>2024-07-09T23:37:02Z</time></trkpt>
<trkpt lat="45.359409" lon="-75.840002"><ele>26.0</ele><time>2024-07-09T23:37:03Z</time></trkpt>
<trkpt lat="45.359406" lon="-75.840002"><ele>26.0</ele><time>2024-07-09T23:37:04Z</time></trkpt>
<trkpt lat="45.3594" lon="-75.839993"><ele>26.0</ele><time>2024-07-09T23:37:05Z</time></trkpt>
<trkpt lat="45.359397" lon="-75.839993"><ele>26.0</ele><time>2024-07-09T23:37:06Z</time></trkpt>
<trkpt lat="45.35939" lon="-75.839984"><ele>26.0</ele><time>2024-07-09T23:37:07Z</time></trkpt>
<trkpt lat="45.359384" lon="-75.839975"><ele>26.0</ele><time>2024-07-09T23:37:08Z</time></trkpt>
<trkpt lat="45.359381" lon="-75.839966"><ele>26.0</ele><time>2024-07-09T23:37:09Z</time></trkpt>
<trkpt lat="45.359375" lon="-75.839966"><ele>26.0</ele><time>2024-07-09T23:37:10Z</time></trkpt>
<trkpt lat="45.359371" lon="-75.839957"><ele>26.0</ele><time>2024-07-09T23:37:11Z</time></trkpt>
<trkpt lat="45.359365" lon="-75.839948"><ele>26.0</ele><time>2024-07-09T23:37:12Z</time></trkpt>
<trkpt lat="45.359362" lon="-75.839948"><ele>26.0</ele><time>2024-07-09T23:37:13Z</time></trkpt>
<trkpt lat="45.359356" lon="-75.839939"><ele>26.0</ele><time>2024-07-09T23:37:14Z</time></trkpt>
<trkpt lat="45.359352" lon="-75.83993"><ele>26.0</ele><time>2024-07-09T23:37:15Z</time></trkpt>
<trkpt lat="45.359346" lon="-75.83993"><ele>26.0</ele><time>2024-07-09T23:37:16Z</time></trkpt>
<trkpt lat="45.35934" lon="-75.839921"><ele>26.0</ele><time>2024-07-09T23:37:17Z</time></trkpt>
<trkpt lat="45.359337" lon="-75.839912"><ele>26.0</ele><time>2024-07-09T23:37:18Z</time></trkpt>
<trkpt lat="45.35933" lon="-75.839903"><ele>26.0</ele><time>2024-07-09T23:37:19Z</time></trkpt>
<trkpt lat="45.359327" lon="-75.839903"><ele>26.0</ele><time>2024-07-09T23:37:20Z</time></trkpt>
<trkpt lat="45.359324" lon="-75.839894"><ele>26.0</ele><time>2024-07-09T23:37:21Z</time></trkpt>
<trkpt lat="45.359318" lon="-75.839885"><ele>26.0</ele><time>2024-07-09T23:37:22Z</time></trkpt>
<trkpt lat="45.359314" lon="-75.839876"><ele>26.0</ele><time>2024-07-09T23:37:23Z</time></trkpt>
<trkpt lat="45.359311" lon="-75.839876"><ele>26.0</ele><time>2024-07-09T23:37:24Z</time></trkpt>
<trkpt lat="45.359308" lon="-75.839867"><ele>26.0</ele><time>2024-07-09T23:37:25Z</time></trkpt>
<trkpt lat="45.359302" lon="-75.839858"><ele>26.0</ele><time>2024-07-09T23:37:26Z</time></trkpt>
<trkpt lat="45.359299" lon="-75.839849"><ele>26.0</ele><time>2024-07-09T23:37:27Z</time></trkpt>
<trkpt lat="45.359295" lon="-75.83984"><ele>26.0</ele><time>2024-07-09T23:37:28Z</time></trkpt>
<trkpt lat="45.359292" lon="-75.839831"><ele>25.0</ele><time>2024-07-09T23:37:29Z</time></trkpt>
<trkpt lat="45.359289" lon="-75.839822"><ele>26.0</ele><time>2024-07-09T23:37:30Z</time></trkpt>
<trkpt lat="45.359286" lon="-75.839822"><ele>26.0</ele><time>2024-07-09T23:37:31Z</time></trkpt>
<trkpt lat="45.359283" lon="-75.839813"><ele>26.0</ele><time>2024-07-09T23:37:32Z</time></trkpt>
<trkpt lat="45.359276" lon="-75.839804"><ele>26.0</ele><time>2024-07-09T23:37:33Z</time></trkpt>
<trkpt lat="45.35927" lon="-75.839786"><ele>26.0</ele><time>2024-07-09T23:37:34Z</time></trkpt>
<trkpt lat="45.359267" lon="-75.839777"><ele>26.0</ele><time>2024-07-09T23:37:35Z</time></trkpt>
<trkpt lat="45.359264" lon="-75.83975"><ele>26.0</ele><time>2024-07-09T23:37:36Z</time></trkpt>
<trkpt lat="45.359261" lon="-75.839732"><ele>26.0</ele><time>2024-07-09T23:37:37Z</time></trkpt>
<trkpt lat="45.359261" lon="-75.839705"><ele>26.0</ele><time>2024-07-09T23:37:38Z</time></trkpt>
<trkpt lat="45.359264" lon="-75.839679"><ele>26.0</ele><time>2024-07-09T23:37:39Z</time></trkpt>
<trkpt lat="45.35927" lon="-75.839652"><ele>26.0</ele><time>2024-07-09T23:37:40Z</time></trkpt>
<trkpt lat="45.35928" lon="-75.839625"><ele>26.0</ele><time>2024-07-09T23:37:41Z</time></trkpt>
<trkpt lat="45.359292" lon="-75.839607"><ele>26.0</ele><time>2024-07-09T23:37:42Z</time></trkpt>
<trkpt lat="45.359308" lon="-75.83958"><ele>26.0</ele><time>2024-07-09T23:37:43Z</time></trkpt>
<trkpt lat="45.359327" lon="-75.839562"><ele>26.0</ele><time>2024-07-09T23:37:44Z</time></trkpt>
<trkpt lat="45.359346" lon="-75.839544"><ele>26.0</ele><time>2024-07-09T23:37:45Z</time></trkpt>
<trkpt lat="45.359368" lon="-75.839535"><ele>26.0</ele><time>2024-07-09T23:37:46Z</time></trkpt>
<trkpt lat="45.35939" lon="-75.839526"><ele>26.0</ele><time>2024-07-09T23:37:47Z</time></trkpt>
<trkpt lat="45.359416" lon="-75.839526"><ele>26.0</ele><time>2024-07-09T23:37:48Z</time></trkpt>
<trkpt lat="45.359438" lon="-75.839508"><ele>26.0</ele><time>2024-07-09T23:37:49Z</time></trkpt>
<trkpt lat="45.359463" lon="-75.839499"><ele>26.0</ele><time>2024-07-09T23:37:50Z</time></trkpt>
<trkpt lat="45.359485" lon="-75.83949"><ele>26.0</ele><time>2024-07-09T23:37:51Z</time></trkpt>
<trkpt lat="45.359511" lon="-75.839472"><ele>26.0</ele><time>2024-07-09T23:37:52Z</time></trkpt>
<trkpt lat="45.359533" lon="-75.839454"><ele>26.0</ele><time>2024-07-09T23:37:53Z</time></trkpt>
<trkpt lat="45.359555" lon="-75.839445"><ele>26.0</ele><time>2024-07-09T23:37:54Z</time></trkpt>
<trkpt lat="45.359577" lon="-75.839427"><ele>27.0</ele><time>2024-07-09T23:37:55Z</time></trkpt>
<trkpt lat="45.359602" lon="-75.839418"><ele>27.0</ele><time>2024-07-09T23:37:56Z</time></trkpt>
<trkpt lat="45.359625" lon="-75.8394"><ele>26.0</ele><time>2024-07-09T23:37:57Z</time></trkpt>
<trkpt lat="45.359647" lon="-75.839382"><ele>27.0</ele><time>2024-07-09T23:37:58Z</time></trkpt>
<trkpt lat="45.359672" lon="-75.839373"><ele>26.0</ele><time>2024-07-09T23:37:59Z</time></trkpt>
<trkpt lat="45.359694" lon="-75.839355"><ele>26.0</ele><time>2024-07-09T23:38:00Z</time></trkpt>
<trkpt lat="45.35972" lon="-75.839337"><ele>26.0</ele><time>2024-07-09T23:38:01Z</time></trkpt>
<trkpt lat="45.359742" lon="-75.839328"><ele>26.0</ele><time>2024-07-09T23:38:02Z</time></trkpt>
<trkpt lat="45.359767" lon="-75.83931"><ele>26.0</ele><time>2024-07-09T23:38:03Z</time></trkpt>
<trkpt lat="45.359789" lon="-75.839292"><ele>26.0</ele><time>2024-07-09T23:38:04Z</time></trkpt>
<trkpt lat="45.359815" lon="-75.839283"><ele>26.0</ele><time>2024-07-09T23:38:05Z</time></trkpt>
<trkpt lat="45.35984" lon="-75.839265"><ele>26.0</ele><time>2024-07-09T23:38:06Z</time></trkpt>
<trkpt lat="45.359862" lon="-75.839247"><ele>26.0</ele><time>2024-07-09T23:38:07Z</time></trkpt>
<trkpt lat="45.359881" lon="-75.839238"><ele>26.0</ele><time>2024-07-09T23:38:08Z</time></trkpt>
<trkpt lat="45.359903" lon="-75.83922"><ele>26.0</ele><time>2024-07-09T23:38:09Z</time></trkpt>
<trkpt lat="45.359922" lon="-75.839202"><ele>26.0</ele><time>2024-07-09T23:38:10Z</time></trkpt>
<trkpt lat="45.359941" lon="-75.839193"><ele>26.0</ele><time>2024-07-09T23:38:11Z</time></trkpt>
<trkpt lat="45.359957" lon="-75.839175"><ele>26.0</ele><time>2024-07-09T23:38:12Z</time></trkpt>
<trkpt lat="45.359973" lon="-75.839158"><ele>26.0</ele><time>2024-07-09T23:38:13Z</time></trkpt>
<trkpt lat="45.359986" lon="-75.839149"><ele>26.0</ele><time>2024-07-09T23:38:14Z</time></trkpt>
<trkpt lat="45.360001" lon="-75.839131"><ele>26.0</ele><time>2024-07-09T23:38:15Z</time></trkpt>
<trkpt lat="45.360014" lon="-75.839122"><ele>26.0</ele><time>2024-07-09T23:38:16Z</time></trkpt>
<trkpt lat="45.360024" lon="-75.839104"><ele>26.0</ele><time>2024-07-09T23:38:17Z</time></trkpt>
<trkpt lat="45.360033" lon="-75.839086"><ele>26.0</ele><time>2024-07-09T23:38:18Z</time></trkpt>
<trkpt lat="45.360046" lon="-75.839068"><ele>26.0</ele><time>2024-07-09T23:38:19Z</time></trkpt>
<trkpt lat="45.360055" lon="-75.839059"><ele>26.0</ele><time>2024-07-09T23:38:20Z</time></trkpt>
<trkpt lat="45.360065" lon="-75.839041"><ele>26.0</ele><time>2024-07-09T23:38:21Z</time></trkpt>
<trkpt lat="45.360074" lon="-75.839032"><ele>26.0</ele><time>2024-07-09T23:38:22Z</time></trkpt>
<trkpt lat="45.360084" lon="-75.839014"><ele>26.0</ele><time>2024-07-09T23:38:23Z</time></trkpt>
<trkpt lat="45.360093" lon="-75.839005"><ele>26.0</ele><time>2024-07-09T23:38:24Z</time></trkpt>
<trkpt lat="45.360103" lon="-75.838987"><ele>26.0</ele><time>2024-07-09T23:38:25Z</time></trkpt>
<trkpt lat="45.360112" lon="-75.838978"><ele>26.0</ele><time>2024-07-09T23:38:26Z</time></trkpt>
<trkpt lat="45.360122" lon="-75.838969"><ele>26.0</ele><time>2024-07-09T23:38:27Z</time></trkpt>
<trkpt lat="45.360131" lon="-75.838951"><ele>26.0</ele><time>2024-07-09T23:38:28Z</time></trkpt>
<trkpt lat="45.360138" lon="-75.838942"><ele>26.0</ele><time>2024-07-09T23:38:29Z</time></trkpt>
<trkpt lat="45.360147" lon="-75.838933"><ele>26.0</ele><time>2024-07-09T23:38:30Z</time></trkpt>
<trkpt lat="45.360157" lon="-75.838924"><ele>26.0</ele><time>2024-07-09T23:38:31Z</time></trkpt>
<trkpt lat="45.360163" lon="-75.838906"><ele>26.0</ele><time>2024-07-09T23:38:32Z</time></trkpt>
<trkpt lat="45.360172" lon="-75.838897"><ele>26.0</ele><time>2024-07-09T23:38:33Z</time></trkpt>
<trkpt lat="45.360179" lon="-75.838888"><ele>26.0</ele><time>2024-07-09T23:38:34Z</time></trkpt>
<trkpt lat="45.360188" lon="-75.838879"><ele>26.0</ele><time>2024-07-09T23:38:35Z</time></trkpt>
<trkpt lat="45.360195" lon="-75.83887"><ele>26.0</ele><time>2024-07-09T23:38:36Z</time></trkpt>
<trkpt lat="45.360201" lon="-75.838861"><ele>26.0</ele><time>2024-07-09T23:38:37Z</time></trkpt>
<trkpt lat="45.360207" lon="-75.838852"><ele>26.0</ele><time>2024-07-09T23:38:38Z</time></trkpt>
<trkpt lat="45.360217" lon="-75.838843"><ele>26.0</ele><time>2024-07-09T23:38:39Z</time></trkpt>
<trkpt lat="45.360229" lon="-75.838834"><ele>26.0</ele><time>2024-07-09T23:38:40Z</time></trkpt>
<trkpt lat="45.360245" lon="-75.838816"><ele>26.0</ele><time>2024-07-09T23:38:41Z</time></trkpt>
<trkpt lat="45.360264" lon="-75.838816"><ele>26.0</ele><time>2024-07-09T23:38:42Z</time></trkpt>
<trkpt lat="45.360283" lon="-75.838807"><ele>26.0</ele><time>2024-07-09T23:38:43Z</time></trkpt>
<trkpt lat="45.360299" lon="-75.838798"><ele>26.0</ele><time>2024-07-09T23:38:44Z</time></trkpt>
<trkpt lat="45.360321" lon="-75.838789"><ele>26.0</ele><time>2024-07-09T23:38:45Z</time></trkpt>
<trkpt lat="45.360343" lon="-75.83878"><ele>26.0</ele><time>2024-07-09T23:38:46Z</time></trkpt>
<trkpt lat="45.360366" lon="-75.838762"><ele>26.0</ele><time>2024-07-09T23:38:47Z</time></trkpt>
<trkpt lat="45.360391" lon="-75.838744"><ele>26.0</ele><time>2024-07-09T23:38:48Z</time></trkpt>
<trkpt lat="45.360413" lon="-75.838726"><ele>26.0</ele><time>2024-07-09T23:38:49Z</time></trkpt>
<trkpt lat="45.360435" lon="-75.838708"><ele>26.0</ele><time>2024-07-09T23:38:50Z</time></trkpt>
<trkpt lat="45.360461" lon="-75.83869"><ele>26.0</ele><time>2024-07-09T23:38:51Z</time></trkpt>
<trkpt lat="45.360483" lon="-75.838672"><ele>26.0</ele><time>2024-07-09T23:38:52Z</time></trkpt>
<trkpt lat="45.360505" lon="-75.838654"><ele>25.0</ele><time>2024-07-09T23:38:53Z</time></trkpt>
<trkpt lat="45.360527" lon="-75.838628"><ele>25.0</ele><time>2024-07-09T23:38:54Z</time></trkpt>
<trkpt lat="45.360549" lon="-75.83861"><ele>25.0</ele><time>2024-07-09T23:38:55Z</time></trkpt>
<trkpt lat="45.360568" lon="-75.838583"><ele>25.0</ele><time>2024-07-09T23:38:56Z</time></trkpt>
<trkpt lat="45.360584" lon="-75.838556"><ele>25.0</ele><time>2024-07-09T23:38:57Z</time></trkpt>
<trkpt lat="45.360603" lon="-75.838529"><ele>25.0</ele><time>2024-07-09T23:38:58Z</time></trkpt>
<trkpt lat="45.360622" lon="-75.838502"><ele>25.0</ele><time>2024-07-09T23:38:59Z</time></trkpt>
<trkpt lat="45.360641" lon="-75.838475"><ele>25.0</ele><time>2024-07-09T23:39:00Z</time></trkpt>
<trkpt lat="45.360663" lon="-75.838448"><ele>25.0</ele><time>2024-07-09T23:39:01Z</time></trkpt>
<trkpt lat="45.360682" lon="-75.838421"><ele>25.0</ele><time>2024-07-09T23:39:02Z</time></trkpt>
<trkpt lat="45.360698" lon="-75.838394"><ele>26.0</ele><time>2024-07-09T23:39:03Z</time></trkpt>
<trkpt lat="45.36072" lon="-75.838367"><ele>26.0</ele><time>2024-07-09T23:39:04Z</time></trkpt>
<trkpt lat="45.360739" lon="-75.83834"><ele>26.0</ele><time>2024-07-09T23:39:05Z</time></trkpt>
<trkpt lat="45.360761" lon="-75.838322"><ele>26.0</ele><time>2024-07-09T23:39:06Z</time></trkpt>
<trkpt lat="45.36078" lon="-75.838295"><ele>26.0</ele><time>2024-07-09T23:39:07Z</time></trkpt>
<trkpt lat="45.360803" lon="-75.838268"><ele>26.0</ele><time>2024-07-09T23:39:08Z</time></trkpt>
<trkpt lat="45.360825" lon="-75.838241"><ele>26.0</ele><time>2024-07-09T23:39:09Z</time></trkpt>
<trkpt lat="45.36085" lon="-75.838223"><ele>25.0</ele><time>2024-07-09T23:39:10Z</time></trkpt>
<trkpt lat="45.360872" lon="-75.838196"><ele>26.0</ele><time>2024-07-09T23:39:11Z</time></trkpt>
<trkpt lat="45.360894" lon="-75.838169"><ele>26.0</ele><time>2024-07-09T23:39:12Z</time></trkpt>
<trkpt lat="45.360913" lon="-75.838151"><ele>26.0</ele><time>2024-07-09T23:39:13Z</time></trkpt>
<trkpt lat="45.360936" lon="-75.838133"><ele>26.0</ele><time>2024-07-09T23:39:14Z</time></trkpt>
<trkpt lat="45.360958" lon="-75.838107"><ele>26.0</ele><time>2024-07-09T23:39:15Z</time></trkpt>
<trkpt lat="45.36098" lon="-75.838089"><ele>26.0</ele><time>2024-07-09T23:39:16Z</time></trkpt>
<trkpt lat="45.361002" lon="-75.838062"><ele>26.0</ele><time>2024-07-09T23:39:17Z</time></trkpt>
<trkpt lat="45.361027" lon="-75.838035"><ele>26.0</ele><time>2024-07-09T23:39:18Z</time></trkpt>
<trkpt lat="45.36105" lon="-75.838017"><ele>26.0</ele><time>2024-07-09T23:39:19Z</time></trkpt>
<trkpt lat="45.361072" lon="-75.837999"><ele>26.0</ele><time>2024-07-09T23:39:20Z</time></trkpt>
<trkpt lat="45.361097" lon="-75.837972"><ele>25.0</ele><time>2024-07-09T23:39:21Z</time></trkpt>
<trkpt lat="45.361119" lon="-75.837954"><ele>25.0</ele><time>2024-07-09T23:39:22Z</time></trkpt>
<trkpt lat="45.361141" lon="-75.837936"><ele>25.0</ele><time>2024-07-09T23:39:23Z</time></trkpt>
<trkpt lat="45.361167" lon="-75.837918"><ele>25.0</ele><time>2024-07-09T23:39:24Z</time></trkpt>
<trkpt lat="45.361189" lon="-75.837891"><ele>25.0</ele><time>2024-07-09T23:39:25Z</time></trkpt>
<trkpt lat="45.361214" lon="-75.837873"><ele>25.0</ele><time>2024-07-09T23:39:26Z</time></trkpt>
<trkpt lat="45.361236" lon="-75.837855"><ele>25.0</ele><time>2024-07-09T23:39:27Z</time></trkpt>
<trkpt lat="45.361259" lon="-75.837828"><ele>25.0</ele><time>2024-07-09T23:39:28Z</time></trkpt>
<trkpt lat="45.361284" lon="-75.83781"><ele>25.0</ele><time>2024-07-09T23:39:29Z</time></trkpt>
<trkpt lat="45.361306" lon="-75.837792"><ele>25.0</ele><time>2024-07-09T23:39:30Z</time></trkpt>
<trkpt lat="45.361328" lon="-75.837765"><ele>25.0</ele><time>2024-07-09T23:39:31Z</time></trkpt>
<trkpt lat="45.361354" lon="-75.837747"><ele>25.0</ele><time>2024-07-09T23:39:32Z</time></trkpt>
<trkpt lat="45.361376" lon="-75.837729"><ele>25.0</ele><time>2024-07-09T23:39:33Z</time></trkpt>
<trkpt lat="45.361401" lon="-75.837711"><ele>24.0</ele><time>2024-07-09T23:39:34Z</time></trkpt>
<trkpt lat="45.361423" lon="-75.837693"><ele>24.0</ele><time>2024-07-09T23:39:35Z</time></trkpt>
<trkpt lat="45.361449" lon="-75.837675"><ele>24.0</ele><time>2024-07-09T23:39:36Z</time></trkpt>
<trkpt lat="45.361471" lon="-75.837648"><ele>24.0</ele><time>2024-07-09T23:39:37Z</time></trkpt>
<trkpt lat="45.361496" lon="-75.83763"><ele>24.0</ele><time>2024-07-09T23:39:38Z</time></trkpt>
<trkpt lat="45.361521" lon="-75.837612"><ele>25.0</ele><time>2024-07-09T23:39:39Z</time></trkpt>
<trkpt lat="45.361547" lon="-75.837595"><ele>25.0</ele><time>2024-07-09T23:39:40Z</time></trkpt>
<trkpt lat="45.361569" lon="-75.837577"><ele>25.0</ele><time>2024-07-09T23:39:41Z</time></trkpt>
<trkpt lat="45.361594" lon="-75.837559"><ele>25.0</ele><time>2024-07-09T23:39:42Z</time></trkpt>
<trkpt lat="45.361616" lon="-75.837541"><ele>25.0</ele><time>2024-07-09T23:39:43Z</time></trkpt>
<trkpt lat="45.361642" lon="-75.837523"><ele>24.0</ele><time>2024-07-09T23:39:44Z</time></trkpt>
<trkpt lat="45.361667" lon="-75.837505"><ele>24.0</ele><time>2024-07-09T23:39:45Z</time></trkpt>
<trkpt lat="45.361692" lon="-75.837487"><ele>24.0</ele><time>2024-07-09T23:39:46Z</time></trkpt>
<trkpt lat="45.361714" lon="-75.837469"><ele>24.0</ele><time>2024-07-09T23:39:47Z</time></trkpt>
<trkpt lat="45.36174" lon="-75.837451"><ele>24.0</ele><time>2024-07-09T23:39:48Z</time></trkpt>
<trkpt lat="45.361765" lon="-75.837433"><ele>25.0</ele><time>2024-07-09T23:39:49Z</time></trkpt>
<trkpt lat="45.36179" lon="-75.837415"><ele>25.0</ele><time>2024-07-09T23:39:50Z</time></trkpt>
<trkpt lat="45.361816" lon="-75.837397"><ele>25.0</ele><time>2024-07-09T23:39:51Z</time></trkpt>
<trkpt lat="45.361838" lon="-75.837379"><ele>25.0</ele><time>2024-07-09T23:39:52Z</time></trkpt>
<trkpt lat="45.361863" lon="-75.837352"><ele>25.0</ele><time>2024-07-09T23:39:53Z</time></trkpt>
<trkpt lat="45.361889" lon="-75.837334"><ele>25.0</ele><time>2024-07-09T23:39:54Z</time></trkpt>
<trkpt lat="45.361911" lon="-75.837316"><ele>25.0</ele><time>2024-07-09T23:39:55Z</time></trkpt>
<trkpt lat="45.361936" lon="-75.837298"><ele>25.0</ele><time>2024-07-09T23:39:56Z</time></trkpt>
<trkpt lat="45.361961" lon="-75.83728"><ele>25.0</ele><time>2024-07-09T23:39:57Z</time></trkpt>
<trkpt lat="45.361984" lon="-75.837262"><ele>25.0</ele><time>2024-07-09T23:39:58Z</time></trkpt>
<trkpt lat="45.362009" lon="-75.837244"><ele>26.0</ele><time>2024-07-09T23:39:59Z</time></trkpt>
<trkpt lat="45.362031" lon="-75.837226"><ele>25.0</ele><time>2024-07-09T23:40:00Z</time></trkpt>
<trkpt lat="45.362056" lon="-75.837208"><ele>26.0</ele><time>2024-07-09T23:40:01Z</time></trkpt>
<trkpt lat="45.362082" lon="-75.83719"><ele>26.0</ele><time>2024-07-09T23:40:02Z</time></trkpt>
<trkpt lat="45.362104" lon="-75.837163"><ele>26.0</ele><time>2024-07-09T23:40:03Z</time></trkpt>
<trkpt lat="45.362129" lon="-75.837145"><ele>26.0</ele><time>2024-07-09T23:40:04Z</time></trkpt>
<trkpt lat="45.362151" lon="-75.837127"><ele>26.0</ele><time>2024-07-09T23:40:05Z</time></trkpt>
<trkpt lat="45.362177" lon="-75.837109"><ele>26.0</ele><time>2024-07-09T23:40:06Z</time></trkpt>
<trkpt lat="45.362202" lon="-75.837091"><ele>26.0</ele><time>2024-07-09T23:40:07Z</time></trkpt>
<trkpt lat="45.362224" lon="-75.837074"><ele>26.0</ele><time>2024-07-09T23:40:08Z</time></trkpt>
<trkpt lat="45.36225" lon="-75.837056"><ele>26.0</ele><time>2024-07-09T23:40:09Z</time></trkpt>
<trkpt lat="45.362272" lon="-75.837038"><ele>26.0</ele><time>2024-07-09T23:40:10Z</time></trkpt>
<trkpt lat="45.362297" lon="-75.837011"><ele>26.0</ele><time>2024-07-09T23:40:11Z</time></trkpt>
<trkpt lat="45.362319" lon="-75.836993"><ele>26.0</ele><time>2024-07-09T23:40:12Z</time></trkpt>
<trkpt lat="45.362345" lon="-75.836975"><ele>26.0</ele><time>2024-07-09T23:40:13Z</time></trkpt>
<trkpt lat="45.362367" lon="-75.836957"><ele>26.0</ele><time>2024-07-09T23:40:14Z</time></trkpt>
<trkpt lat="45.362392" lon="-75.836939"><ele>26.0</ele><time>2024-07-09T23:40:15Z</time></trkpt>
<trkpt lat="45.362414" lon="-75.836921"><ele>26.0</ele><time>2024-07-09T23:40:16Z</time></trkpt>
<trkpt lat="45.36244" lon="-75.836903"><ele>26.0</ele><time>2024-07-09T23:40:17Z</time></trkpt>
<trkpt lat="45.362465" lon="-75.836876"><ele>26.0</ele><time>2024-07-09T23:40:18Z</time></trkpt>
<trkpt lat="45.362487" lon="-75.836858"><ele>26.0</ele><time>2024-07-09T23:40:19Z</time></trkpt>
<trkpt lat="45.362512" lon="-75.83684"><ele>26.0</ele><time>2024-07-09T23:40:20Z</time></trkpt>
<trkpt lat="45.362535" lon="-75.836813"><ele>26.0</ele><time>2024-07-09T23:40:21Z</time></trkpt>
<trkpt lat="45.36256" lon="-75.836795"><ele>26.0</ele><time>2024-07-09T23:40:22Z</time></trkpt>
<trkpt lat="45.362582" lon="-75.836777"><ele>26.0</ele><time>2024-07-09T23:40:23Z</time></trkpt>
<trkpt lat="45.362604" lon="-75.83675"><ele>26.0</ele><time>2024-07-09T23:40:24Z</time></trkpt>
<trkpt lat="45.36263" lon="-75.836732"><ele>26.0</ele><time>2024-07-09T23:40:25Z</time></trkpt>
<trkpt lat="45.362652" lon="-75.836705"><ele>26.0</ele><time>2024-07-09T23:40:26Z</time></trkpt>
<trkpt lat="45.362671" lon="-75.836687"><ele>26.0</ele><time>2024-07-09T23:40:27Z</time></trkpt>
<trkpt lat="45.362693" lon="-75.836669"><ele>26.0</ele><time>2024-07-09T23:40:28Z</time></trkpt>
<trkpt lat="45.362715" lon="-75.836642"><ele>26.0</ele><time>2024-07-09T23:40:29Z</time></trkpt>
<trkpt lat="45.362737" lon="-75.836624"><ele>26.0</ele><time>2024-07-09T23:40:30Z</time></trkpt>
<trkpt lat="45.362759" lon="-75.836597"><ele>25.0</ele><time>2024-07-09T23:40:31Z</time></trkpt>
<trkpt lat="45.362782" lon="-75.83657"><ele>26.0</ele><time>2024-07-09T23:40:32Z</time></trkpt>
<trkpt lat="45.362804" lon="-75.836553"><ele>26.0</ele><time>2024-07-09T23:40:33Z</time></trkpt>
<trkpt lat="45.362826" lon="-75.836526"><ele>26.0</ele><time>2024-07-09T23:40:34Z</time></trkpt>
<trkpt lat="45.362845" lon="-75.836499"><ele>26.0</ele><time>2024-07-09T23:40:35Z</time></trkpt>
<trkpt lat="45.36287" lon="-75.836481"><ele>26.0</ele><time>2024-07-09T23:40:36Z</time></trkpt>
<trkpt lat="45.362892" lon="-75.836454"><ele>26.0</ele><time>2024-07-09T23:40:37Z</time></trkpt>
<trkpt lat="45.362915" lon="-75.836436"><ele>26.0</ele><time>2024-07-09T23:40:38Z</time></trkpt>
<trkpt lat="45.362937" lon="-75.836409"><ele>26.0</ele><time>2024-07-09T23:40:39Z</time></trkpt>
<trkpt lat="45.362959" lon="-75.836382"><ele>26.0</ele><time>2024-07-09T23:40:40Z</time></trkpt>
<trkpt lat="45.362981" lon="-75.836364"><ele>26.0</ele><time>2024-07-09T23:40:41Z</time></trkpt>
<trkpt lat="45.363003" lon="-75.836337"><ele>26.0</ele><time>2024-07-09T23:40:42Z</time></trkpt>
<trkpt lat="45.363025" lon="-75.836319"><ele>26.0</ele><time>2024-07-09T23:40:43Z</time></trkpt>
<trkpt lat="45.363048" lon="-75.836292"><ele>26.0</ele><time>2024-07-09T23:40:44Z</time></trkpt>
<trkpt lat="45.363073" lon="-75.836274"><ele>26.0</ele><time>2024-07-09T23:40:45Z</time></trkpt>
<trkpt lat="45.363095" lon="-75.836247"><ele>26.0</ele><time>2024-07-09T23:40:46Z</time></trkpt>
<trkpt lat="45.363117" lon="-75.836229"><ele>26.0</ele><time>2024-07-09T23:40:47Z</time></trkpt>
<trkpt lat="45.363139" lon="-75.836202"><ele>26.0</ele><time>2024-07-09T23:40:48Z</time></trkpt>
<trkpt lat="45.363161" lon="-75.836184"><ele>26.0</ele><time>2024-07-09T23:40:49Z</time></trkpt>
<trkpt lat="45.363184" lon="-75.836157"><ele>26.0</ele><time>2024-07-09T23:40:50Z</time></trkpt>
<trkpt lat="45.363209" lon="-75.836139"><ele>26.0</ele><time>2024-07-09T23:40:51Z</time></trkpt>
<trkpt lat="45.363231" lon="-75.836121"><ele>26.0</ele><time>2024-07-09T23:40:52Z</time></trkpt>
<trkpt lat="45.363253" lon="-75.836094"><ele>26.0</ele><time>2024-07-09T23:40:53Z</time></trkpt>
<trkpt lat="45.363275" lon="-75.836076"><ele>26.0</ele><time>2024-07-09T23:40:54Z</time></trkpt>
<trkpt lat="45.363298" lon="-75.836049"><ele>26.0</ele><time>2024-07-09T23:40:55Z</time></trkpt>
<trkpt lat="45.36332" lon="-75.836031"><ele>26.0</ele><time>2024-07-09T23:40:56Z</time></trkpt>
<trkpt lat="45.363345" lon="-75.836014"><ele>26.0</ele><time>2024-07-09T23:40:57Z</time></trkpt>
<trkpt lat="45.363367" lon="-75.835987"><ele>26.0</ele><time>2024-07-09T23:40:58Z</time></trkpt>
<trkpt lat="45.363389" lon="-75.835969"><ele>26.0</ele><time>2024-07-09T23:40:59Z</time></trkpt>
<trkpt lat="45.363415" lon="-75.835951"><ele>26.0</ele><time>2024-07-09T23:41:00Z</time></trkpt>
<trkpt lat="45.363434" lon="-75.835924"><ele>26.0</ele><time>2024-07-09T23:41:01Z</time></trkpt>
<trkpt lat="45.363456" lon="-75.835906"><ele>26.0</ele><time>2024-07-09T23:41:02Z</time></trkpt>
<trkpt lat="45.363478" lon="-75.835879"><ele>27.0</ele><time>2024-07-09T23:41:03Z</time></trkpt>
<trkpt lat="45.363497" lon="-75.835852"><ele>27.0</ele><time>2024-07-09T23:41:04Z</time></trkpt>
<trkpt lat="45.363516" lon="-75.835834"><ele>27.0</ele><time>2024-07-09T23:41:05Z</time></trkpt>
<trkpt lat="45.363535" lon="-75.835816"><ele>27.0</ele><time>2024-07-09T23:41:06Z</time></trkpt>
<trkpt lat="45.36356" lon="-75.835789"><ele>27.0</ele><time>2024-07-09T23:41:07Z</time></trkpt>
<trkpt lat="45.363583" lon="-75.835762"><ele>27.0</ele><time>2024-07-09T23:41:08Z</time></trkpt>
<trkpt lat="45.363602" lon="-75.835735"><ele>27.0</ele><time>2024-07-09T23:41:09Z</time></trkpt>
<trkpt lat="45.363617" lon="-75.835708"><ele>27.0</ele><time>2024-07-09T23:41:10Z</time></trkpt>
<trkpt lat="45.363636" lon="-75.835681"><ele>27.0</ele><time>2024-07-09T23:41:11Z</time></trkpt>
<trkpt lat="45.363636" lon="-75.835681"><ele>27.0</ele><time>2024-07-09T23:41:11Z</time></trkpt>
<trkpt lat="45.363655" lon="-75.835645"><ele>27.0</ele><time>2024-07-09T23:41:12Z</time></trkpt>
<trkpt lat="45.363674" lon="-75.835618"><ele>27.0</ele><time>2024-07-09T23:41:13Z</time></trkpt>
<trkpt lat="45.363693" lon="-75.835582"><ele>27.0</ele><time>2024-07-09T23:41:14Z</time></trkpt>
<trkpt lat="45.363712" lon="-75.835546"><ele>27.0</ele><time>2024-07-09T23:41:15Z</time></trkpt>
<trkpt lat="45.363728" lon="-75.835519"><ele>27.0</ele><time>2024-07-09T23:41:16Z</time></trkpt>
<trkpt lat="45.363747" lon="-75.835484"><ele>27.0</ele><time>2024-07-09T23:41:17Z</time></trkpt>
<trkpt lat="45.363766" lon="-75.835457"><ele>27.0</ele><time>2024-07-09T23:41:18Z</time></trkpt>
<trkpt lat="45.363785" lon="-75.83543"><ele>27.0</ele><time>2024-07-09T23:41:19Z</time></trkpt>
<trkpt lat="45.363807" lon="-75.835403"><ele>27.0</ele><time>2024-07-09T23:41:20Z</time></trkpt>
<trkpt lat="45.363826" lon="-75.835376"><ele>26.0</ele><time>2024-07-09T23:41:21Z</time></trkpt>
<trkpt lat="45.363845" lon="-75.83534"><ele>26.0</ele><time>2024-07-09T23:41:22Z</time></trkpt>
<trkpt lat="45.363864" lon="-75.835313"><ele>26.0</ele><time>2024-07-09T23:41:23Z</time></trkpt>
<trkpt lat="45.363883" lon="-75.835286"><ele>26.0</ele><time>2024-07-09T23:41:24Z</time></trkpt>
<trkpt lat="45.363906" lon="-75.835259"><ele>27.0</ele><time>2024-07-09T23:41:25Z</time></trkpt>
<trkpt lat="45.363925" lon="-75.835232"><ele>26.0</ele><time>2024-07-09T23:41:26Z</time></trkpt>
<trkpt lat="45.363937" lon="-75.835196"><ele>26.0</ele><time>2024-07-09T23:41:27Z</time></trkpt>
<trkpt lat="45.36395" lon="-75.83516"><ele>26.0</ele><time>2024-07-09T23:41:28Z</time></trkpt>
<trkpt lat="45.363956" lon="-75.835124"><ele>26.0</ele><time>2024-07-09T23:41:29Z</time></trkpt>
<trkpt lat="45.363959" lon="-75.835088"><ele>26.0</ele><time>2024-07-09T23:41:30Z</time></trkpt>
<trkpt lat="45.363956" lon="-75.835043"><ele>26.0</ele><time>2024-07-09T23:41:31Z</time></trkpt>
<trkpt lat="45.363956" lon="-75.835007"><ele>26.0</ele><time>2024-07-09T23:41:32Z</time></trkpt>
<trkpt lat="45.363956" lon="-75.834963"><ele>26.0</ele><time>2024-07-09T23:41:33Z</time></trkpt>
<trkpt lat="45.363959" lon="-75.834927"><ele>26.0</ele><time>2024-07-09T23:41:34Z</time></trkpt>
<trkpt lat="45.363963" lon="-75.834882"><ele>26.0</ele><time>2024-07-09T23:41:35Z</time></trkpt>
<trkpt lat="45.363966" lon="-75.834846"><ele>26.0</ele><time>2024-07-09T23:41:36Z</time></trkpt>
<trkpt lat="45.363975" lon="-75.83481"><ele>26.0</ele><time>2024-07-09T23:41:37Z</time></trkpt>
<trkpt lat="45.363982" lon="-75.834765"><ele>26.0</ele><time>2024-07-09T23:41:38Z</time></trkpt>
<trkpt lat="45.363994" lon="-75.834729"><ele>26.0</ele><time>2024-07-09T23:41:39Z</time></trkpt>
<trkpt lat="45.364004" lon="-75.834693"><ele>26.0</ele><time>2024-07-09T23:41:40Z</time></trkpt>
<trkpt lat="45.364016" lon="-75.834657"><ele>26.0</ele><time>2024-07-09T23:41:41Z</time></trkpt>
<trkpt lat="45.364032" lon="-75.834621"><ele>26.0</ele><time>2024-07-09T23:41:42Z</time></trkpt>
<trkpt lat="45.364045" lon="-75.834585"><ele>26.0</ele><time>2024-07-09T23:41:43Z</time></trkpt>
<trkpt lat="45.364058" lon="-75.834549"><ele>26.0</ele><time>2024-07-09T23:41:44Z</time></trkpt>
<trkpt lat="45.36407" lon="-75.834513"><ele>26.0</ele><time>2024-07-09T23:41:45Z</time></trkpt>
<trkpt lat="45.364089" lon="-75.834486"><ele>26.0</ele><time>2024-07-09T23:41:46Z</time></trkpt>
<trkpt lat="45.364111" lon="-75.83446"><ele>26.0</ele><time>2024-07-09T23:41:47Z</time></trkpt>
<trkpt lat="45.36413" lon="-75.834433"><ele>26.0</ele><time>2024-07-09T23:41:48Z</time></trkpt>
<trkpt lat="45.364149" lon="-75.834406"><ele>26.0</ele><time>2024-07-09T23:41:49Z</time></trkpt>
<trkpt lat="45.364168" lon="-75.834379"><ele>25.0</ele><time>2024-07-09T23:41:50Z</time></trkpt>
<trkpt lat="45.364187" lon="-75.834343"><ele>26.0</ele><time>2024-07-09T23:41:51Z</time></trkpt>
<trkpt lat="45.364206" lon="-75.834316"><ele>26.0</ele><time>2024-07-09T23:41:52Z</time></trkpt>
<trkpt lat="45.364222" lon="-75.834289"><ele>25.0</ele><time>2024-07-09T23:41:53Z</time></trkpt>
<trkpt lat="45.364241" lon="-75.834262"><ele>25.0</ele><time>2024-07-09T23:41:54Z</time></trkpt>
<trkpt lat="45.36426" lon="-75.834235"><ele>25.0</ele><time>2024-07-09T23:41:55Z</time></trkpt>
<trkpt lat="45.364279" lon="-75.834199"><ele>25.0</ele><time>2024-07-09T23:41:56Z</time></trkpt>
<trkpt lat="45.364298" lon="-75.834172"><ele>25.0</ele><time>2024-07-09T23:41:57Z</time></trkpt>
<trkpt lat="45.364317" lon="-75.834145"><ele>25.0</ele><time>2024-07-09T23:41:58Z</time></trkpt>
<trkpt lat="45.364336" lon="-75.834118"><ele>25.0</ele><time>2024-07-09T23:41:59Z</time></trkpt>
<trkpt lat="45.364355" lon="-75.834091"><ele>25.0</ele><time>2024-07-09T23:42:00Z</time></trkpt>
<trkpt lat="45.364374" lon="-75.834055"><ele>25.0</ele><time>2024-07-09T23:42:01Z</time></trkpt>
<trkpt lat="45.364393" lon="-75.834028"><ele>25.0</ele><time>2024-07-09T23:42:02Z</time></trkpt>
<trkpt lat="45.364412" lon="-75.834001"><ele>25.0</ele><time>2024-07-09T23:42:03Z</time></trkpt>
<trkpt lat="45.364431" lon="-75.833974"><ele>25.0</ele><time>2024-07-09T23:42:04Z</time></trkpt>
<trkpt lat="45.36445" lon="-75.833947"><ele>25.0</ele><time>2024-07-09T23:42:05Z</time></trkpt>
<trkpt lat="45.364472" lon="-75.833921"><ele>25.0</ele><time>2024-07-09T23:42:06Z</time></trkpt>
<trkpt lat="45.364491" lon="-75.833894"><ele>25.0</ele><time>2024-07-09T23:42:07Z</time></trkpt>
<trkpt lat="45.36451" lon="-75.833867"><ele>26.0</ele><time>2024-07-09T23:42:08Z</time></trkpt>
<trkpt lat="45.364532" lon="-75.83384"><ele>26.0</ele><time>2024-07-09T23:42:09Z</time></trkpt>
<trkpt lat="45.364551" lon="-75.833813"><ele>26.0</ele><time>2024-07-09T23:42:10Z</time></trkpt>
<trkpt lat="45.36457" lon="-75.833786"><ele>26.0</ele><time>2024-07-09T23:42:11Z</time></trkpt>
<trkpt lat="45.364593" lon="-75.833759"><ele>26.0</ele><time>2024-07-09T23:42:12Z</time></trkpt>
<trkpt lat="45.364612" lon="-75.833732"><ele>26.0</ele><time>2024-07-09T23:42:13Z</time></trkpt>
<trkpt lat="45.364631" lon="-75.833705"><ele>25.0</ele><time>2024-07-09T23:42:14Z</time></trkpt>
<trkpt lat="45.364653" lon="-75.833678"><ele>25.0</ele><time>2024-07-09T23:42:15Z</time></trkpt>
<trkpt lat="45.364672" lon="-75.833651"><ele>25.0</ele><time>2024-07-09T23:42:16Z</time></trkpt>
<trkpt lat="45.364688" lon="-75.833615"><ele>25.0</ele><time>2024-07-09T23:42:17Z</time></trkpt>
<trkpt lat="45.364707" lon="-75.833588"><ele>26.0</ele><time>2024-07-09T23:42:18Z</time></trkpt>
<trkpt lat="45.364722" lon="-75.833552"><ele>25.0</ele><time>2024-07-09T23:42:19Z</time></trkpt>
<trkpt lat="45.364738" lon="-75.833525"><ele>25.0</ele><time>2024-07-09T23:42:20Z</time></trkpt>
<trkpt lat="45.364751" lon="-75.833489"><ele>26.0</ele><time>2024-07-09T23:42:21Z</time></trkpt>
<trkpt lat="45.364767" lon="-75.833453"><ele>25.0</ele><time>2024-07-09T23:42:22Z</time></trkpt>
<trkpt lat="45.364779" lon="-75.833418"><ele>25.0</ele><time>2024-07-09T23:42:23Z</time></trkpt>
<trkpt lat="45.364792" lon="-75.833391"><ele>25.0</ele><time>2024-07-09T23:42:24Z</time></trkpt>
<trkpt lat="45.364805" lon="-75.833355"><ele>25.0</ele><time>2024-07-09T23:42:25Z</time></trkpt>
<trkpt lat="45.364817" lon="-75.833319"><ele>25.0</ele><time>2024-07-09T23:42:26Z</time></trkpt>
<trkpt lat="45.36483" lon="-75.833283"><ele>25.0</ele><time>2024-07-09T23:42:27Z</time></trkpt>
<trkpt lat="45.36484" lon="-75.833247"><ele>25.0</ele><time>2024-07-09T23:42:28Z</time></trkpt>
<trkpt lat="45.364849" lon="-75.833211"><ele>25.0</ele><time>2024-07-09T23:42:29Z</time></trkpt>
<trkpt lat="45.364859" lon="-75.833166"><ele>25.0</ele><time>2024-07-09T23:42:30Z</time></trkpt>
<trkpt lat="45.364868" lon="-75.83313"><ele>25.0</ele><time>2024-07-09T23:42:31Z</time></trkpt>
<trkpt lat="45.364874" lon="-75.833094"><ele>25.0</ele><time>2024-07-09T23:42:32Z</time></trkpt>
<trkpt lat="45.364884" lon="-75.833058"><ele>25.0</ele><time>2024-07-09T23:42:33Z</time></trkpt>
<trkpt lat="45.36489" lon="-75.833013"><ele>25.0</ele><time>2024-07-09T23:42:34Z</time></trkpt>
<trkpt lat="45.364897" lon="-75.832977"><ele>25.0</ele><time>2024-07-09T23:42:35Z</time></trkpt>
<trkpt lat="45.3649" lon="-75.832932"><ele>25.0</ele><time>2024-07-09T23:42:36Z</time></trkpt>
<trkpt lat="45.364906" lon="-75.832897"><ele>25.0</ele><time>2024-07-09T23:42:37Z</time></trkpt>
<trkpt lat="45.364912" lon="-75.832861"><ele>25.0</ele><time>2024-07-09T23:42:38Z</time></trkpt>
<trkpt lat="45.364919" lon="-75.832816"><ele>25.0</ele><time>2024-07-09T23:42:39Z</time></trkpt>
<trkpt lat="45.364925" lon="-75.83278"><ele>25.0</ele><time>2024-07-09T23:42:40Z</time></trkpt>
<trkpt lat="45.364935" lon="-75.832744"><ele>25.0</ele><time>2024-07-09T23:42:41Z</time></trkpt>
<trkpt lat="45.364944" lon="-75.832699"><ele>25.0</ele><time>2024-07-09T23:42:42Z</time></trkpt>
<trkpt lat="45.36495" lon="-75.832663"><ele>25.0</ele><time>2024-07-09T23:42:43Z</time></trkpt>
<trkpt lat="45.36496" lon="-75.832627"><ele>25.0</ele><time>2024-07-09T23:42:44Z</time></trkpt>
<trkpt lat="45.364966" lon="-75.832591"><ele>25.0</ele><time>2024-07-09T23:42:45Z</time></trkpt>
<trkpt lat="45.364973" lon="-75.832546"><ele>26.0</ele><time>2024-07-09T23:42:46Z</time></trkpt>
<trkpt lat="45.364979" lon="-75.83251"><ele>26.0</ele><time>2024-07-09T23:42:47Z</time></trkpt>
<trkpt lat="45.364982" lon="-75.832474"><ele>26.0</ele><time>2024-07-09T23:42:48Z</time></trkpt>
<trkpt lat="45.364988" lon="-75.832438"><ele>25.0</ele><time>2024-07-09T23:42:49Z</time></trkpt>
<trkpt lat="45.364988" lon="-75.832393"><ele>25.0</ele><time>2024-07-09T23:42:50Z</time></trkpt>
<trkpt lat="45.364988" lon="-75.832358"><ele>26.0</ele><time>2024-07-09T23:42:51Z</time></trkpt>
<trkpt lat="45.364988" lon="-75.832313"><ele>25.0</ele><time>2024-07-09T23:42:52Z</time></trkpt>
<trkpt lat="45.364988" lon="-75.832277"><ele>26.0</ele><time>2024-07-09T23:42:53Z</time></trkpt>
<trkpt lat="45.364988" lon="-75.832232"><ele>25.0</ele><time>2024-07-09T23:42:54Z</time></trkpt>
<trkpt lat="45.364985" lon="-75.832196"><ele>25.0</ele><time>2024-07-09T23:42:55Z</time></trkpt>
<trkpt lat="45.364985" lon="-75.832151"><ele>25.0</ele><time>2024-07-09T23:42:56Z</time></trkpt>
<trkpt lat="45.364982" lon="-75.832115"><ele>25.0</ele><time>2024-07-09T23:42:57Z</time></trkpt>
<trkpt lat="45.364979" lon="-75.83207"><ele>25.0</ele><time>2024-07-09T23:42:58Z</time></trkpt>
<trkpt lat="45.364979" lon="-75.832034"><ele>25.0</ele><time>2024-07-09T23:42:59Z</time></trkpt>
<trkpt lat="45.364976" lon="-75.831998"><ele>25.0</ele><time>2024-07-09T23:43:00Z</time></trkpt>
<trkpt lat="45.364973" lon="-75.831953"><ele>25.0</ele><time>2024-07-09T23:43:01Z</time></trkpt>
<trkpt lat="45.364969" lon="-75.831917"><ele>25.0</ele><time>2024-07-09T23:43:02Z</time></trkpt>
<trkpt lat="45.364966" lon="-75.831872"><ele>25.0</ele><time>2024-07-09T23:43:03Z</time></trkpt>
<trkpt lat="45.364963" lon="-75.831837"><ele>25.0</ele><time>2024-07-09T23:43:04Z</time></trkpt>
<trkpt lat="45.36496" lon="-75.831792"><ele>25.0</ele><time>2024-07-09T23:43:05Z</time></trkpt>
<trkpt lat="45.364957" lon="-75.831756"><ele>25.0</ele><time>2024-07-09T23:43:06Z</time></trkpt>
<trkpt lat="45.36495" lon="-75.831711"><ele>25.0</ele><time>2024-07-09T23:43:07Z</time></trkpt>
<trkpt lat="45.364947" lon="-75.831675"><ele>25.0</ele><time>2024-07-09T23:43:08Z</time></trkpt>
<trkpt lat="45.364944" lon="-75.83163"><ele>25.0</ele><time>2024-07-09T23:43:09Z</time></trkpt>
<trkpt lat="45.364938" lon="-75.831594"><ele>25.0</ele><time>2024-07-09T23:43:10Z</time></trkpt>
<trkpt lat="45.364938" lon="-75.831558"><ele>25.0</ele><time>2024-07-09T23:43:11Z</time></trkpt>
<trkpt lat="45.364941" lon="-75.831522"><ele>26.0</ele><time>2024-07-09T23:43:12Z</time></trkpt>
<trkpt lat="45.364935" lon="-75.831477"><ele>25.0</ele><time>2024-07-09T23:43:13Z</time></trkpt>
<trkpt lat="45.364928" lon="-75.831432"><ele>25.0</ele><time>2024-07-09T23:43:14Z</time></trkpt>
<trkpt lat="45.364922" lon="-75.831387"><ele>25.0</ele><time>2024-07-09T23:43:15Z</time></trkpt>
<trkpt lat="45.364916" lon="-75.831351"><ele>25.0</ele><time>2024-07-09T23:43:16Z</time></trkpt>
<trkpt lat="45.364909" lon="-75.831316"><ele>25.0</ele><time>2024-07-09T23:43:17Z</time></trkpt>
<trkpt lat="45.364906" lon="-75.831271"><ele>26.0</ele><time>2024-07-09T23:43:18Z</time></trkpt>
<trkpt lat="45.3649" lon="-75.831235"><ele>26.0</ele><time>2024-07-09T23:43:19Z</time></trkpt>
<trkpt lat="45.364897" lon="-75.831199"><ele>26.0</ele><time>2024-07-09T23:43:20Z</time></trkpt>
<trkpt lat="45.36489" lon="-75.831154"><ele>26.0</ele><time>2024-07-09T23:43:21Z</time></trkpt>
<trkpt lat="45.364887" lon="-75.831118"><ele>26.0</ele><time>2024-07-09T23:43:22Z</time></trkpt>
<trkpt lat="45.364884" lon="-75.831073"><ele>26.0</ele><time>2024-07-09T23:43:23Z</time></trkpt>
<trkpt lat="45.364881" lon="-75.831037"><ele>26.0</ele><time>2024-07-09T23:43:24Z</time></trkpt>
<trkpt lat="45.364878" lon="-75.830992"><ele>26.0</ele><time>2024-07-09T23:43:25Z</time></trkpt>
<trkpt lat="45.364874" lon="-75.830956"><ele>26.0</ele><time>2024-07-09T23:43:26Z</time></trkpt>
<trkpt lat="45.364871" lon="-75.830911"><ele>26.0</ele><time>2024-07-09T23:43:27Z</time></trkpt>
<trkpt lat="45.364868" lon="-75.830875"><ele>26.0</ele><time>2024-07-09T23:43:28Z</time></trkpt>
<trkpt lat="45.364868" lon="-75.830839"><ele>26.0</ele><time>2024-07-09T23:43:29Z</time></trkpt>
<trkpt lat="45.364865" lon="-75.830795"><ele>26.0</ele><time>2024-07-09T23:43:30Z</time></trkpt>
<trkpt lat="45.364862" lon="-75.83075"><ele>26.0</ele><time>2024-07-09T23:43:31Z</time></trkpt>
<trkpt lat="45.364862" lon="-75.830714"><ele>25.0</ele><time>2024-07-09T23:43:32Z</time></trkpt>
<trkpt lat="45.364859" lon="-75.830678"><ele>26.0</ele><time>2024-07-09T23:43:33Z</time></trkpt>
<trkpt lat="45.364852" lon="-75.830624"><ele>25.0</ele><time>2024-07-09T23:43:34Z</time></trkpt>
<trkpt lat="45.364852" lon="-75.830579"><ele>25.0</ele><time>2024-07-09T23:43:35Z</time></trkpt>
<trkpt lat="45.364852" lon="-75.830534"><ele>25.0</ele><time>2024-07-09T23:43:36Z</time></trkpt>
<trkpt lat="45.364852" lon="-75.830498"><ele>25.0</ele><time>2024-07-09T23:43:37Z</time></trkpt>
<trkpt lat="45.364855" lon="-75.830462"><ele>26.0</ele><time>2024-07-09T23:43:38Z</time></trkpt>
<trkpt lat="45.364859" lon="-75.830417"><ele>25.0</ele><time>2024-07-09T23:43:39Z</time></trkpt>
<trkpt lat="45.364862" lon="-75.830381"><ele>25.0</ele><time>2024-07-09T23:43:40Z</time></trkpt>
<trkpt lat="45.364859" lon="-75.830336"><ele>25.0</ele><time>2024-07-09T23:43:41Z</time></trkpt>
<trkpt lat="45.364859" lon="-75.8303"><ele>26.0</ele><time>2024-07-09T23:43:42Z</time></trkpt>
<trkpt lat="45.364859" lon="-75.830265"><ele>26.0</ele><time>2024-07-09T23:43:43Z</time></trkpt>
<trkpt lat="45.364855" lon="-75.83022"><ele>26.0</ele><time>2024-07-09T23:43:44Z</time></trkpt>
<trkpt lat="45.364852" lon="-75.830184"><ele>26.0</ele><time>2024-07-09T23:43:45Z</time></trkpt>
<trkpt lat="45.364849" lon="-75.830148"><ele>26.0</ele><time>2024-07-09T23:43:46Z</time></trkpt>
<trkpt lat="45.364846" lon="-75.830103"><ele>26.0</ele><time>2024-07-09T23:43:47Z</time></trkpt>
<trkpt lat="45.364843" lon="-75.830067"><ele>25.0</ele><time>2024-07-09T23:43:48Z</time></trkpt>
<trkpt lat="45.364843" lon="-75.830022"><ele>25.0</ele><time>2024-07-09T23:43:49Z</time></trkpt>
<trkpt lat="45.36484" lon="-75.829986"><ele>25.0</ele><time>2024-07-09T23:43:50Z</time></trkpt>
<trkpt lat="45.36484" lon="-75.82995"><ele>25.0</ele><time>2024-07-09T23:43:51Z</time></trkpt>
<trkpt lat="45.364836" lon="-75.829905"><ele>25.0</ele><time>2024-07-09T23:43:52Z</time></trkpt>
<trkpt lat="45.364836" lon="-75.829869"><ele>26.0</ele><time>2024-07-09T23:43:53Z</time></trkpt>
<trkpt lat="45.364833" lon="-75.829824"><ele>26.0</ele><time>2024-07-09T23:43:54Z</time></trkpt>
<trkpt lat="45.364833" lon="-75.829788"><ele>26.0</ele><time>2024-07-09T23:43:55Z</time></trkpt>
<trkpt lat="45.36483" lon="-75.829744"><ele>26.0</ele><time>2024-07-09T23:43:56Z</time></trkpt>
<trkpt lat="45.36483" lon="-75.829708"><ele>26.0</ele><time>2024-07-09T23:43:57Z</time></trkpt>
<trkpt lat="45.364827" lon="-75.829663"><ele>26.0</ele><time>2024-07-09T23:43:58Z</time></trkpt>
<trkpt lat="45.364827" lon="-75.829627"><ele>26.0</ele><time>2024-07-09T23:43:59Z</time></trkpt>
<trkpt lat="45.364824" lon="-75.829582"><ele>26.0</ele><time>2024-07-09T23:44:00Z</time></trkpt>
<trkpt lat="45.364821" lon="-75.829546"><ele>26.0</ele><time>2024-07-09T23:44:01Z</time></trkpt>
<trkpt lat="45.364821" lon="-75.829501"><ele>26.0</ele><time>2024-07-09T23:44:02Z</time></trkpt>
<trkpt lat="45.364817" lon="-75.829465"><ele>26.0</ele><time>2024-07-09T23:44:03Z</time></trkpt>
<trkpt lat="45.364814" lon="-75.82942"><ele>26.0</ele><time>2024-07-09T23:44:04Z</time></trkpt>
<trkpt lat="45.364814" lon="-75.829384"><ele>26.0</ele><time>2024-07-09T23:44:05Z</time></trkpt>
<trkpt lat="45.364814" lon="-75.829339"><ele>26.0</ele><time>2024-07-09T23:44:06Z</time></trkpt>
<trkpt lat="45.364814" lon="-75.829294"><ele>26.0</ele><time>2024-07-09T23:44:07Z</time></trkpt>
<trkpt lat="45.364814" lon="-75.829258"><ele>26.0</ele><time>2024-07-09T23:44:08Z</time></trkpt>
<trkpt lat="45.364814" lon="-75.829223"><ele>26.0</ele><time>2024-07-09T23:44:09Z</time></trkpt>
<trkpt lat="45.364814" lon="-75.829178"><ele>26.0</ele><time>2024-07-09T23:44:10Z</time></trkpt>
<trkpt lat="45.364817" lon="-75.829142"><ele>26.0</ele><time>2024-07-09T23:44:11Z</time></trkpt>
<trkpt lat="45.364817" lon="-75.829097"><ele>26.0</ele><time>2024-07-09T23:44:12Z</time></trkpt>
<trkpt lat="45.364821" lon="-75.829061"><ele>26.0</ele><time>2024-07-09T23:44:13Z</time></trkpt>
<trkpt lat="45.364821" lon="-75.829016"><ele>26.0</ele><time>2024-07-09T23:44:14Z</time></trkpt>
<trkpt lat="45.364824" lon="-75.82898"><ele>26.0</ele><time>2024-07-09T23:44:15Z</time></trkpt>
<trkpt lat="45.364827" lon="-75.828935"><ele>26.0</ele><time>2024-07-09T23:44:16Z</time></trkpt>
<trkpt lat="45.364827" lon="-75.828899"><ele>26.0</ele><time>2024-07-09T23:44:17Z</time></trkpt>
<trkpt lat="45.36483" lon="-75.828854"><ele>26.0</ele><time>2024-07-09T23:44:18Z</time></trkpt>
<trkpt lat="45.36483" lon="-75.828818"><ele>26.0</ele><time>2024-07-09T23:44:19Z</time></trkpt>
<trkpt lat="45.364827" lon="-75.828773"><ele>25.0</ele><time>2024-07-09T23:44:20Z</time></trkpt>
<trkpt lat="45.364827" lon="-75.828737"><ele>25.0</ele><time>2024-07-09T23:44:21Z</time></trkpt>
<trkpt lat="45.364824" lon="-75.828693"><ele>26.0</ele><time>2024-07-09T23:44:22Z</time></trkpt>
<trkpt lat="45.364827" lon="-75.828657"><ele>26.0</ele><time>2024-07-09T23:44:23Z</time></trkpt>
<trkpt lat="45.364824" lon="-75.828612"><ele>26.0</ele><time>2024-07-09T23:44:24Z</time></trkpt>
<trkpt lat="45.364814" lon="-75.828576"><ele>26.0</ele><time>2024-07-09T23:44:25Z</time></trkpt>
<trkpt lat="45.364805" lon="-75.828531"><ele>26.0</ele><time>2024-07-09T23:44:26Z</time></trkpt>
<trkpt lat="45.364795" lon="-75.828495"><ele>26.0</ele><time>2024-07-09T23:44:27Z</time></trkpt>
<trkpt lat="45.364789" lon="-75.82845"><ele>26.0</ele><time>2024-07-09T23:44:28Z</time></trkpt>
<trkpt lat="45.364783" lon="-75.828414"><ele>26.0</ele><time>2024-07-09T23:44:29Z</time></trkpt>
<trkpt lat="45.364776" lon="-75.828378"><ele>26.0</ele><time>2024-07-09T23:44:30Z</time></trkpt>
<trkpt lat="45.36477" lon="-75.828333"><ele>26.0</ele><time>2024-07-09T23:44:31Z</time></trkpt>
<trkpt lat="45.364764" lon="-75.828297"><ele>26.0</ele><time>2024-07-09T23:44:32Z</time></trkpt>
<trkpt lat="45.364754" lon="-75.828261"><ele>26.0</ele><time>2024-07-09T23:44:33Z</time></trkpt>
<trkpt lat="45.364748" lon="-75.828216"><ele>26.0</ele><time>2024-07-09T23:44:34Z</time></trkpt>
<trkpt lat="45.364738" lon="-75.828181"><ele>26.0</ele><time>2024-07-09T23:44:35Z</time></trkpt>
<trkpt lat="45.364726" lon="-75.828145"><ele>26.0</ele><time>2024-07-09T23:44:36Z</time></trkpt>
<trkpt lat="45.364716" lon="-75.828109"><ele>26.0</ele><time>2024-07-09T23:44:37Z</time></trkpt>
<trkpt lat="45.364703" lon="-75.828073"><ele>26.0</ele><time>2024-07-09T23:44:38Z</time></trkpt>
<trkpt lat="45.364694" lon="-75.828028"><ele>26.0</ele><time>2024-07-09T23:44:39Z</time></trkpt>
<trkpt lat="45.364681" lon="-75.827992"><ele>26.0</ele><time>2024-07-09T23:44:40Z</time></trkpt>
<trkpt lat="45.364672" lon="-75.827956"><ele>26.0</ele><time>2024-07-09T23:44:41Z</time></trkpt>
<trkpt lat="45.364659" lon="-75.82792"><ele>26.0</ele><time>2024-07-09T23:44:42Z</time></trkpt>
<trkpt lat="45.36465" lon="-75.827884"><ele>26.0</ele><time>2024-07-09T23:44:43Z</time></trkpt>
<trkpt lat="45.364637" lon="-75.827839"><ele>26.0</ele><time>2024-07-09T23:44:44Z</time></trkpt>
<trkpt lat="45.364627" lon="-75.827803"><ele>25.0</ele><time>2024-07-09T23:44:45Z</time></trkpt>
<trkpt lat="45.364615" lon="-75.827767"><ele>25.0</ele><time>2024-07-09T23:44:46Z</time></trkpt>
<trkpt lat="45.364599" lon="-75.827731"><ele>26.0</ele><time>2024-07-09T23:44:47Z</time></trkpt>
<trkpt lat="45.364586" lon="-75.827695"><ele>25.0</ele><time>2024-07-09T23:44:48Z</time></trkpt>
<trkpt lat="45.36457" lon="-75.82766"><ele>25.0</ele><time>2024-07-09T23:44:49Z</time></trkpt>
<trkpt lat="45.364558" lon="-75.827624"><ele>25.0</ele><time>2024-07-09T23:44:50Z</time></trkpt>
<trkpt lat="45.364545" lon="-75.827588"><ele>25.0</ele><time>2024-07-09T23:44:51Z</time></trkpt>
<trkpt lat="45.364536" lon="-75.827552"><ele>25.0</ele><time>2024-07-09T23:44:52Z</time></trkpt>
<trkpt lat="45.364523" lon="-75.827507"><ele>25.0</ele><time>2024-07-09T23:44:53Z</time></trkpt>
<trkpt lat="45.364513" lon="-75.827471"><ele>25.0</ele><time>2024-07-09T23:44:54Z</time></trkpt>
<trkpt lat="45.364501" lon="-75.827435"><ele>25.0</ele><time>2024-07-09T23:44:55Z</time></trkpt>
<trkpt lat="45.364488" lon="-75.827399"><ele>25.0</ele><time>2024-07-09T23:44:56Z</time></trkpt>
<trkpt lat="45.364472" lon="-75.827363"><ele>25.0</ele><time>2024-07-09T23:44:57Z</time></trkpt>
<trkpt lat="45.36446" lon="-75.827327"><ele>25.0</ele><time>2024-07-09T23:44:58Z</time></trkpt>
<trkpt lat="45.364444" lon="-75.8273"><ele>25.0</ele><time>2024-07-09T23:44:59Z</time></trkpt>
<trkpt lat="45.364428" lon="-75.827264"><ele>25.0</ele><time>2024-07-09T23:45:00Z</time></trkpt>
<trkpt lat="45.364412" lon="-75.827228"><ele>26.0</ele><time>2024-07-09T23:45:01Z</time></trkpt>
<trkpt lat="45.364396" lon="-75.827201"><ele>26.0</ele><time>2024-07-09T23:45:02Z</time></trkpt>
<trkpt lat="45.364377" lon="-75.827165"><ele>26.0</ele><time>2024-07-09T23:45:03Z</time></trkpt>
<trkpt lat="45.364358" lon="-75.827139"><ele>26.0</ele><time>2024-07-09T23:45:04Z</time></trkpt>
<trkpt lat="45.364339" lon="-75.827112"><ele>26.0</ele><time>2024-07-09T23:45:05Z</time></trkpt>
<trkpt lat="45.36432" lon="-75.827076"><ele>25.0</ele><time>2024-07-09T23:45:06Z</time></trkpt>
<trkpt lat="45.364304" lon="-75.827049"><ele>25.0</ele><time>2024-07-09T23:45:07Z</time></trkpt>
<trkpt lat="45.364292" lon="-75.827013"><ele>25.0</ele><time>2024-07-09T23:45:08Z</time></trkpt>
<trkpt lat="45.364276" lon="-75.826977"><ele>25.0</ele><time>2024-07-09T23:45:09Z</time></trkpt>
<trkpt lat="45.364263" lon="-75.826941"><ele>25.0</ele><time>2024-07-09T23:45:10Z</time></trkpt>
<trkpt lat="45.364248" lon="-75.826905"><ele>26.0</ele><time>2024-07-09T23:45:11Z</time></trkpt>
<trkpt lat="45.364232" lon="-75.826869"><ele>25.0</ele><time>2024-07-09T23:45:12Z</time></trkpt>
<trkpt lat="45.364216" lon="-75.826842"><ele>26.0</ele><time>2024-07-09T23:45:13Z</time></trkpt>
<trkpt lat="45.3642" lon="-75.826806"><ele>26.0</ele><time>2024-07-09T23:45:14Z</time></trkpt>
<trkpt lat="45.364184" lon="-75.82677"><ele>26.0</ele><time>2024-07-09T23:45:15Z</time></trkpt>
<trkpt lat="45.364172" lon="-75.826734"><ele>26.0</ele><time>2024-07-09T23:45:16Z</time></trkpt>
<trkpt lat="45.364156" lon="-75.826698"><ele>26.0</ele><time>2024-07-09T23:45:17Z</time></trkpt>
<trkpt lat="45.36414" lon="-75.826662"><ele>26.0</ele><time>2024-07-09T23:45:18Z</time></trkpt>
<trkpt lat="45.364127" lon="-75.826627"><ele>26.0</ele><time>2024-07-09T23:45:19Z</time></trkpt>
<trkpt lat="45.364111" lon="-75.8266"><ele>26.0</ele><time>2024-07-09T23:45:20Z</time></trkpt>
<trkpt lat="45.364096" lon="-75.826564"><ele>26.0</ele><time>2024-07-09T23:45:21Z</time></trkpt>
<trkpt lat="45.364083" lon="-75.826528"><ele>26.0</ele><time>2024-07-09T23:45:22Z</time></trkpt>
<trkpt lat="45.364077" lon="-75.826483"><ele>26.0</ele><time>2024-07-09T23:45:23Z</time></trkpt>
<trkpt lat="45.364067" lon="-75.826447"><ele>26.0</ele><time>2024-07-09T23:45:24Z</time></trkpt>
<trkpt lat="45.364061" lon="-75.826411"><ele>26.0</ele><time>2024-07-09T23:45:25Z</time></trkpt>
<trkpt lat="45.364051" lon="-75.826375"><ele>26.0</ele><time>2024-07-09T23:45:26Z</time></trkpt>
<trkpt lat="45.364045" lon="-75.82633"><ele>26.0</ele><time>2024-07-09T23:45:27Z</time></trkpt>
<trkpt lat="45.364035" lon="-75.826294"><ele>26.0</ele><time>2024-07-09T23:45:28Z</time></trkpt>
<trkpt lat="45.364026" lon="-75.826258"><ele>26.0</ele><time>2024-07-09T23:45:29Z</time></trkpt>
<trkpt lat="45.364016" lon="-75.826222"><ele>26.0</ele><time>2024-07-09T23:45:30Z</time></trkpt>
<trkpt lat="45.36401" lon="-75.826177"><ele>26.0</ele><time>2024-07-09T23:45:31Z</time></trkpt>
<trkpt lat="45.364001" lon="-75.826141"><ele>26.0</ele><time>2024-07-09T23:45:32Z</time></trkpt>
<trkpt lat="45.363991" lon="-75.826106"><ele>26.0</ele><time>2024-07-09T23:45:33Z</time></trkpt>
<trkpt lat="45.363985" lon="-75.82607"><ele>26.0</ele><time>2024-07-09T23:45:34Z</time></trkpt>
<trkpt lat="45.363975" lon="-75.826034"><ele>26.0</ele><time>2024-07-09T23:45:35Z</time></trkpt>
<trkpt lat="45.363966" lon="-75.825998"><ele>26.0</ele><time>2024-07-09T23:45:36Z</time></trkpt>
<trkpt lat="45.363956" lon="-75.825953"><ele>26.0</ele><time>2024-07-09T23:45:37Z</time></trkpt>
<trkpt lat="45.363947" lon="-75.825917"><ele>26.0</ele><time>2024-07-09T23:45:38Z</time></trkpt>
<trkpt lat="45.363937" lon="-75.825881"><ele>26.0</ele><time>2024-07-09T23:45:39Z</time></trkpt>
<trkpt lat="45.363928" lon="-75.825845"><ele>26.0</ele><time>2024-07-09T23:45:40Z</time></trkpt>
<trkpt lat="45.363918" lon="-75.825809"><ele>26.0</ele><time>2024-07-09T23:45:41Z</time></trkpt>
<trkpt lat="45.363909" lon="-75.825773"><ele>26.0</ele><time>2024-07-09T23:45:42Z</time></trkpt>
<trkpt lat="45.363899" lon="-75.825728"><ele>26.0</ele><time>2024-07-09T23:45:43Z</time></trkpt>
<trkpt lat="45.363887" lon="-75.825692"><ele>26.0</ele><time>2024-07-09T23:45:44Z</time></trkpt>
<trkpt lat="45.363877" lon="-75.825656"><ele>26.0</ele><time>2024-07-09T23:45:45Z</time></trkpt>
<trkpt lat="45.363864" lon="-75.82562"><ele>26.0</ele><time>2024-07-09T23:45:46Z</time></trkpt>
<trkpt lat="45.363852" lon="-75.825576"><ele>26.0</ele><time>2024-07-09T23:45:47Z</time></trkpt>
<trkpt lat="45.363839" lon="-75.82554"><ele>26.0</ele><time>2024-07-09T23:45:48Z</time></trkpt>
<trkpt lat="45.363826" lon="-75.825504"><ele>26.0</ele><time>2024-07-09T23:45:49Z</time></trkpt>
<trkpt lat="45.363811" lon="-75.825468"><ele>26.0</ele><time>2024-07-09T23:45:50Z</time></trkpt>
<trkpt lat="45.363798" lon="-75.825432"><ele>26.0</ele><time>2024-07-09T23:45:51Z</time></trkpt>
<trkpt lat="45.363782" lon="-75.825396"><ele>26.0</ele><time>2024-07-09T23:45:52Z</time></trkpt>
<trkpt lat="45.363769" lon="-75.825369"><ele>26.0</ele><time>2024-07-09T23:45:53Z</time></trkpt>
<trkpt lat="45.363754" lon="-75.825333"><ele>26.0</ele><time>2024-07-09T23:45:54Z</time></trkpt>
<trkpt lat="45.363738" lon="-75.825297"><ele>26.0</ele><time>2024-07-09T23:45:55Z</time></trkpt>
<trkpt lat="45.363722" lon="-75.825261"><ele>26.0</ele><time>2024-07-09T23:45:56Z</time></trkpt>
<trkpt lat="45.363706" lon="-75.825225"><ele>26.0</ele><time>2024-07-09T23:45:57Z</time></trkpt>
<trkpt lat="45.36369" lon="-75.825198"><ele>27.0</ele><time>2024-07-09T23:45:58Z</time></trkpt>
<trkpt lat="45.363674" lon="-75.825162"><ele>27.0</ele><time>2024-07-09T23:45:59Z</time></trkpt>
<trkpt lat="45.363655" lon="-75.825126"><ele>27.0</ele><time>2024-07-09T23:46:00Z</time></trkpt>
<trkpt lat="45.36364" lon="-75.825099"><ele>27.0</ele><time>2024-07-09T23:46:01Z</time></trkpt>
<trkpt lat="45.363621" lon="-75.825064"><ele>27.0</ele><time>2024-07-09T23:46:02Z</time></trkpt>
<trkpt lat="45.363605" lon="-75.825037"><ele>26.0</ele><time>2024-07-09T23:46:03Z</time></trkpt>
<trkpt lat="45.363586" lon="-75.825001"><ele>27.0</ele><time>2024-07-09T23:46:04Z</time></trkpt>
<trkpt lat="45.363567" lon="-75.824974"><ele>27.0</ele><time>2024-07-09T23:46:05Z</time></trkpt>
<trkpt lat="45.363545" lon="-75.824947"><ele>27.0</ele><time>2024-07-09T23:46:06Z</time></trkpt>
<trkpt lat="45.363526" lon="-75.82492"><ele>27.0</ele><time>2024-07-09T23:46:07Z</time></trkpt>
<trkpt lat="45.363503" lon="-75.824893"><ele>27.0</ele><time>2024-07-09T23:46:08Z</time></trkpt>
<trkpt lat="45.363481" lon="-75.824866"><ele>27.0</ele><time>2024-07-09T23:46:09Z</time></trkpt>
<trkpt lat="45.363459" lon="-75.824839"><ele>27.0</ele><time>2024-07-09T23:46:10Z</time></trkpt>
<trkpt lat="45.36344" lon="-75.824812"><ele>27.0</ele><time>2024-07-09T23:46:11Z</time></trkpt>
<trkpt lat="45.363418" lon="-75.824785"><ele>27.0</ele><time>2024-07-09T23:46:12Z</time></trkpt>
<trkpt lat="45.363399" lon="-75.824758"><ele>27.0</ele><time>2024-07-09T23:46:13Z</time></trkpt>
<trkpt lat="45.363377" lon="-75.824731"><ele>27.0</ele><time>2024-07-09T23:46:14Z</time></trkpt>
<trkpt lat="45.363358" lon="-75.824704"><ele>27.0</ele><time>2024-07-09T23:46:15Z</time></trkpt>
<trkpt lat="45.363336" lon="-75.824677"><ele>27.0</ele><time>2024-07-09T23:46:16Z</time></trkpt>
<trkpt lat="45.36331" lon="-75.82465"><ele>27.0</ele><time>2024-07-09T23:46:17Z</time></trkpt>
<trkpt lat="45.363288" lon="-75.824632"><ele>27.0</ele><time>2024-07-09T23:46:18Z</time></trkpt>
<trkpt lat="45.363263" lon="-75.824614"><ele>27.0</ele><time>2024-07-09T23:46:19Z</time></trkpt>
<trkpt lat="45.363237" lon="-75.824596"><ele>27.0</ele><time>2024-07-09T23:46:20Z</time></trkpt>
<trkpt lat="45.363212" lon="-75.824578"><ele>27.0</ele><time>2024-07-09T23:46:21Z</time></trkpt>
<trkpt lat="45.363187" lon="-75.82456"><ele>27.0</ele><time>2024-07-09T23:46:22Z</time></trkpt>
<trkpt lat="45.363161" lon="-75.824543"><ele>27.0</ele><time>2024-07-09T23:46:23Z</time></trkpt>
<trkpt lat="45.363136" lon="-75.824534"><ele>27.0</ele><time>2024-07-09T23:46:24Z</time></trkpt>
<trkpt lat="45.363114" lon="-75.824525"><ele>27.0</ele><time>2024-07-09T23:46:25Z</time></trkpt>
<trkpt lat="45.363089" lon="-75.824516"><ele>26.0</ele><time>2024-07-09T23:46:26Z</time></trkpt>
<trkpt lat="45.363063" lon="-75.824498"><ele>26.0</ele><time>2024-07-09T23:46:27Z</time></trkpt>
<trkpt lat="45.363038" lon="-75.82448"><ele>26.0</ele><time>2024-07-09T23:46:28Z</time></trkpt>
<trkpt lat="45.363013" lon="-75.824471"><ele>26.0</ele><time>2024-07-09T23:46:29Z</time></trkpt>
<trkpt lat="45.362987" lon="-75.824453"><ele>26.0</ele><time>2024-07-09T23:46:30Z</time></trkpt>
<trkpt lat="45.362962" lon="-75.824435"><ele>26.0</ele><time>2024-07-09T23:46:31Z</time></trkpt>
<trkpt lat="45.362937" lon="-75.824426"><ele>26.0</ele><time>2024-07-09T23:46:32Z</time></trkpt>
<trkpt lat="45.362911" lon="-75.824408"><ele>26.0</ele><time>2024-07-09T23:46:33Z</time></trkpt>
<trkpt lat="45.362886" lon="-75.824399"><ele>26.0</ele><time>2024-07-09T23:46:34Z</time></trkpt>
<trkpt lat="45.362858" lon="-75.824381"><ele>25.0</ele><time>2024-07-09T23:46:35Z</time></trkpt>
<trkpt lat="45.362832" lon="-75.824372"><ele>25.0</ele><time>2024-07-09T23:46:36Z</time></trkpt>
<trkpt lat="45.362807" lon="-75.824363"><ele>25.0</ele><time>2024-07-09T23:46:37Z</time></trkpt>
<trkpt lat="45.362778" lon="-75.824354"><ele>25.0</ele><time>2024-07-09T23:46:38Z</time></trkpt>
<trkpt lat="45.362753" lon="-75.824336"><ele>25.0</ele><time>2024-07-09T23:46:39Z</time></trkpt>
<trkpt lat="45.362728" lon="-75.824327"><ele>25.0</ele><time>2024-07-09T23:46:40Z</time></trkpt>
<trkpt lat="45.362702" lon="-75.824318"><ele>25.0</ele><time>2024-07-09T23:46:41Z</time></trkpt>
<trkpt lat="45.362677" lon="-75.8243"><ele>25.0</ele><time>2024-07-09T23:46:42Z</time></trkpt>
<trkpt lat="45.362649" lon="-75.824291"><ele>25.0</ele><time>2024-07-09T23:46:43Z</time></trkpt>
<trkpt lat="45.362623" lon="-75.824273"><ele>25.0</ele><time>2024-07-09T23:46:44Z</time></trkpt>
<trkpt lat="45.362598" lon="-75.824255"><ele>25.0</ele><time>2024-07-09T23:46:45Z</time></trkpt>
<trkpt lat="45.362573" lon="-75.824246"><ele>25.0</ele><time>2024-07-09T23:46:46Z</time></trkpt>
<trkpt lat="45.362547" lon="-75.824228"><ele>25.0</ele><time>2024-07-09T23:46:47Z</time></trkpt>
<trkpt lat="45.362522" lon="-75.82421"><ele>25.0</ele><time>2024-07-09T23:46:48Z</time></trkpt>
<trkpt lat="45.362497" lon="-75.824201"><ele>25.0</ele><time>2024-07-09T23:46:49Z</time></trkpt>
<trkpt lat="45.362471" lon="-75.824183"><ele>25.0</ele><time>2024-07-09T23:46:50Z</time></trkpt>
<trkpt lat="45.362443" lon="-75.824165"><ele>25.0</ele><time>2024-07-09T23:46:51Z</time></trkpt>
<trkpt lat="45.362417" lon="-75.824147"><ele>25.0</ele><time>2024-07-09T23:46:52Z</time></trkpt>
<trkpt lat="45.362392" lon="-75.824129"><ele>25.0</ele><time>2024-07-09T23:46:53Z</time></trkpt>
<trkpt lat="45.362367" lon="-75.82412"><ele>26.0</ele><time>2024-07-09T23:46:54Z</time></trkpt>
<trkpt lat="45.362341" lon="-75.824102"><ele>26.0</ele><time>2024-07-09T23:46:55Z</time></trkpt>
<trkpt lat="45.362316" lon="-75.824084"><ele>26.0</ele><time>2024-07-09T23:46:56Z</time></trkpt>
<trkpt lat="45.362288" lon="-75.824075"><ele>26.0</ele><time>2024-07-09T23:46:57Z</time></trkpt>
<trkpt lat="45.362262" lon="-75.824057"><ele>26.0</ele><time>2024-07-09T23:46:58Z</time></trkpt>
<trkpt lat="45.362237" lon="-75.824039"><ele>25.0</ele><time>2024-07-09T23:46:59Z</time></trkpt>
<trkpt lat="45.362212" lon="-75.82403"><ele>25.0</ele><time>2024-07-09T23:47:00Z</time></trkpt>
<trkpt lat="45.362183" lon="-75.824021"><ele>25.0</ele><time>2024-07-09T23:47:01Z</time></trkpt>
<trkpt lat="45.362158" lon="-75.824004"><ele>25.0</ele><time>2024-07-09T23:47:02Z</time></trkpt>
<trkpt lat="45.362132" lon="-75.823995"><ele>25.0</ele><time>2024-07-09T23:47:03Z</time></trkpt>
<trkpt lat="45.362107" lon="-75.823977"><ele>25.0</ele><time>2024-07-09T23:47:04Z</time></trkpt>
<trkpt lat="45.362082" lon="-75.823968"><ele>25.0</ele><time>2024-07-09T23:47:05Z</time></trkpt>
<trkpt lat="45.362053" lon="-75.823959"><ele>25.0</ele><time>2024-07-09T23:47:06Z</time></trkpt>
<trkpt lat="45.362028" lon="-75.82395"><ele>25.0</ele><time>2024-07-09T23:47:07Z</time></trkpt>
<trkpt lat="45.361999" lon="-75.823941"><ele>25.0</ele><time>2024-07-09T23:47:08Z</time></trkpt>
<trkpt lat="45.361974" lon="-75.823923"><ele>25.0</ele><time>2024-07-09T23:47:09Z</time></trkpt>
<trkpt lat="45.361949" lon="-75.823914"><ele>25.0</ele><time>2024-07-09T23:47:10Z</time></trkpt>
<trkpt lat="45.36192" lon="-75.823914"><ele>25.0</ele><time>2024-07-09T23:47:11Z</time></trkpt>
<trkpt lat="45.361895" lon="-75.823905"><ele>25.0</ele><time>2024-07-09T23:47:12Z</time></trkpt>
<trkpt lat="45.361866" lon="-75.823896"><ele>26.0</ele><time>2024-07-09T23:47:13Z</time></trkpt>
<trkpt lat="45.361838" lon="-75.823887"><ele>26.0</ele><time>2024-07-09T23:47:14Z</time></trkpt>
<trkpt lat="45.361813" lon="-75.823878"><ele>25.0</ele><time>2024-07-09T23:47:15Z</time></trkpt>
<trkpt lat="45.361784" lon="-75.823887"><ele>25.0</ele><time>2024-07-09T23:47:16Z</time></trkpt>
<trkpt lat="45.361759" lon="-75.823887"><ele>25.0</ele><time>2024-07-09T23:47:17Z</time></trkpt>
<trkpt lat="45.36173" lon="-75.823887"><ele>25.0</ele><time>2024-07-09T23:47:18Z</time></trkpt>
<trkpt lat="45.361702" lon="-75.823887"><ele>25.0</ele><time>2024-07-09T23:47:19Z</time></trkpt>
<trkpt lat="45.361676" lon="-75.823887"><ele>25.0</ele><time>2024-07-09T23:47:20Z</time></trkpt>
<trkpt lat="45.361648" lon="-75.823887"><ele>25.0</ele><time>2024-07-09T23:47:21Z</time></trkpt>
<trkpt lat="45.361619" lon="-75.823887"><ele>25.0</ele><time>2024-07-09T23:47:22Z</time></trkpt>
<trkpt lat="45.361591" lon="-75.823887"><ele>25.0</ele><time>2024-07-09T23:47:23Z</time></trkpt>
<trkpt lat="45.361566" lon="-75.823887"><ele>25.0</ele><time>2024-07-09T23:47:24Z</time></trkpt>
<trkpt lat="45.361537" lon="-75.823878"><ele>25.0</ele><time>2024-07-09T23:47:25Z</time></trkpt>
<trkpt lat="45.361509" lon="-75.823878"><ele>25.0</ele><time>2024-07-09T23:47:26Z</time></trkpt>
<trkpt lat="45.36148" lon="-75.823878"><ele>25.0</ele><time>2024-07-09T23:47:27Z</time></trkpt>
<trkpt lat="45.361452" lon="-75.823878"><ele>25.0</ele><time>2024-07-09T23:47:28Z</time></trkpt>
<trkpt lat="45.361426" lon="-75.823878"><ele>25.0</ele><time>2024-07-09T23:47:29Z</time></trkpt>
<trkpt lat="45.361398" lon="-75.823887"><ele>25.0</ele><time>2024-07-09T23:47:30Z</time></trkpt>
<trkpt lat="45.361369" lon="-75.823887"><ele>25.0</ele><time>2024-07-09T23:47:31Z</time></trkpt>
<trkpt lat="45.361344" lon="-75.823887"><ele>25.0</ele><time>2024-07-09T23:47:32Z</time></trkpt>
<trkpt lat="45.361316" lon="-75.823887"><ele>25.0</ele><time>2024-07-09T23:47:33Z</time></trkpt>
<trkpt lat="45.361287" lon="-75.823896"><ele>25.0</ele><time>2024-07-09T23:47:34Z</time></trkpt>
<trkpt lat="45.361259" lon="-75.823896"><ele>25.0</ele><time>2024-07-09T23:47:35Z</time></trkpt>
<trkpt lat="45.361233" lon="-75.823905"><ele>25.0</ele><time>2024-07-09T23:47:36Z</time></trkpt>
<trkpt lat="45.361205" lon="-75.823905"><ele>25.0</ele><time>2024-07-09T23:47:37Z</time></trkpt>
<trkpt lat="45.361176" lon="-75.823905"><ele>25.0</ele><time>2024-07-09T23:47:38Z</time></trkpt>
<trkpt lat="45.361148" lon="-75.823905"><ele>25.0</ele><time>2024-07-09T23:47:39Z</time></trkpt>
<trkpt lat="45.361122" lon="-75.823905"><ele>25.0</ele><time>2024-07-09T23:47:40Z</time></trkpt>
<trkpt lat="45.361094" lon="-75.823905"><ele>25.0</ele><time>2024-07-09T23:47:41Z</time></trkpt>
<trkpt lat="45.361065" lon="-75.823905"><ele>25.0</ele><time>2024-07-09T23:47:42Z</time></trkpt>
<trkpt lat="45.36104" lon="-75.823905"><ele>25.0</ele><time>2024-07-09T23:47:43Z</time></trkpt>
<trkpt lat="45.361012" lon="-75.823905"><ele>25.0</ele><time>2024-07-09T23:47:44Z</time></trkpt>
<trkpt lat="45.360983" lon="-75.823905"><ele>25.0</ele><time>2024-07-09T23:47:45Z</time></trkpt>
<trkpt lat="45.360958" lon="-75.823905"><ele>25.0</ele><time>2024-07-09T23:47:46Z</time></trkpt>
<trkpt lat="45.360929" lon="-75.823905"><ele>25.0</ele><time>2024-07-09T23:47:47Z</time></trkpt>
<trkpt lat="45.360901" lon="-75.823905"><ele>25.0</ele><time>2024-07-09T23:47:48Z</time></trkpt>
<trkpt lat="45.360875" lon="-75.823905"><ele>25.0</ele><time>2024-07-09T23:47:49Z</time></trkpt>
<trkpt lat="45.360847" lon="-75.823905"><ele>25.0</ele><time>2024-07-09T23:47:50Z</time></trkpt>
<trkpt lat="45.360818" lon="-75.823905"><ele>25.0</ele><time>2024-07-09T23:47:51Z</time></trkpt>
<trkpt lat="45.36079" lon="-75.823905"><ele>25.0</ele><time>2024-07-09T23:47:52Z</time></trkpt>
<trkpt lat="45.360765" lon="-75.823905"><ele>25.0</ele><time>2024-07-09T23:47:53Z</time></trkpt>
<trkpt lat="45.360736" lon="-75.823905"><ele>25.0</ele><time>2024-07-09T23:47:54Z</time></trkpt>
<trkpt lat="45.360708" lon="-75.823905"><ele>25.0</ele><time>2024-07-09T23:47:55Z</time></trkpt>
<trkpt lat="45.360682" lon="-75.823905"><ele>25.0</ele><time>2024-07-09T23:47:56Z</time></trkpt>
<trkpt lat="45.360654" lon="-75.823896"><ele>25.0</ele><time>2024-07-09T23:47:57Z</time></trkpt>
<trkpt lat="45.360625" lon="-75.823896"><ele>25.0</ele><time>2024-07-09T23:47:58Z</time></trkpt>
<trkpt lat="45.3606" lon="-75.823896"><ele>25.0</ele><time>2024-07-09T23:47:59Z</time></trkpt>
<trkpt lat="45.360571" lon="-75.823896"><ele>25.0</ele><time>2024-07-09T23:48:00Z</time></trkpt>
<trkpt lat="45.360546" lon="-75.823896"><ele>25.0</ele><time>2024-07-09T23:48:01Z</time></trkpt>
<trkpt lat="45.360518" lon="-75.823887"><ele>25.0</ele><time>2024-07-09T23:48:02Z</time></trkpt>
<trkpt lat="45.360489" lon="-75.823887"><ele>25.0</ele><time>2024-07-09T23:48:03Z</time></trkpt>
<trkpt lat="45.360464" lon="-75.823878"><ele>25.0</ele><time>2024-07-09T23:48:04Z</time></trkpt>
<trkpt lat="45.360435" lon="-75.823878"><ele>25.0</ele><time>2024-07-09T23:48:05Z</time></trkpt>
<trkpt lat="45.360407" lon="-75.823878"><ele>25.0</ele><time>2024-07-09T23:48:06Z</time></trkpt>
<trkpt lat="45.360378" lon="-75.823869"><ele>25.0</ele><time>2024-07-09T23:48:07Z</time></trkpt>
<trkpt lat="45.360353" lon="-75.823869"><ele>25.0</ele><time>2024-07-09T23:48:08Z</time></trkpt>
<trkpt lat="45.360324" lon="-75.82386"><ele>25.0</ele><time>2024-07-09T23:48:09Z</time></trkpt>
<trkpt lat="45.360296" lon="-75.82386"><ele>25.0</ele><time>2024-07-09T23:48:10Z</time></trkpt>
<trkpt lat="45.360267" lon="-75.823851"><ele>25.0</ele><time>2024-07-09T23:48:11Z</time></trkpt>
<trkpt lat="45.360239" lon="-75.823851"><ele>25.0</ele><time>2024-07-09T23:48:12Z</time></trkpt>
<trkpt lat="45.360214" lon="-75.823842"><ele>25.0</ele><time>2024-07-09T23:48:13Z</time></trkpt>
<trkpt lat="45.360185" lon="-75.823842"><ele>25.0</ele><time>2024-07-09T23:48:14Z</time></trkpt>
<trkpt lat="45.360157" lon="-75.823833"><ele>25.0</ele><time>2024-07-09T23:48:15Z</time></trkpt>
<trkpt lat="45.360128" lon="-75.823824"><ele>25.0</ele><time>2024-07-09T23:48:16Z</time></trkpt>
<trkpt lat="45.360103" lon="-75.823824"><ele>25.0</ele><time>2024-07-09T23:48:17Z</time></trkpt>
<trkpt lat="45.360074" lon="-75.823815"><ele>25.0</ele><time>2024-07-09T23:48:18Z</time></trkpt>
<trkpt lat="45.360049" lon="-75.823806"><ele>25.0</ele><time>2024-07-09T23:48:19Z</time></trkpt>
<trkpt lat="45.36002" lon="-75.823797"><ele>25.0</ele><time>2024-07-09T23:48:20Z</time></trkpt>
<trkpt lat="45.359995" lon="-75.823797"><ele>25.0</ele><time>2024-07-09T23:48:21Z</time></trkpt>
<trkpt lat="45.359967" lon="-75.823788"><ele>25.0</ele><time>2024-07-09T23:48:22Z</time></trkpt>
<trkpt lat="45.359938" lon="-75.823779"><ele>25.0</ele><time>2024-07-09T23:48:23Z</time></trkpt>
<trkpt lat="45.359913" lon="-75.82377"><ele>25.0</ele><time>2024-07-09T23:48:24Z</time></trkpt>
<trkpt lat="45.359884" lon="-75.823761"><ele>25.0</ele><time>2024-07-09T23:48:25Z</time></trkpt>
<trkpt lat="45.359856" lon="-75.823752"><ele>25.0</ele><time>2024-07-09T23:48:26Z</time></trkpt>
<trkpt lat="45.35983" lon="-75.823743"><ele>25.0</ele><time>2024-07-09T23:48:27Z</time></trkpt>
<trkpt lat="45.359802" lon="-75.823743"><ele>25.0</ele><time>2024-07-09T23:48:28Z</time></trkpt>
<trkpt lat="45.359773" lon="-75.823743"><ele>25.0</ele><time>2024-07-09T23:48:29Z</time></trkpt>
<trkpt lat="45.359745" lon="-75.823734"><ele>25.0</ele><time>2024-07-09T23:48:30Z</time></trkpt>
<trkpt lat="45.35972" lon="-75.823734"><ele>25.0</ele><time>2024-07-09T23:48:31Z</time></trkpt>
<trkpt lat="45.359691" lon="-75.823734"><ele>25.0</ele><time>2024-07-09T23:48:32Z</time></trkpt>
<trkpt lat="45.359663" lon="-75.823725"><ele>25.0</ele><time>2024-07-09T23:48:33Z</time></trkpt>
<trkpt lat="45.359634" lon="-75.823725"><ele>26.0</ele><time>2024-07-09T23:48:34Z</time></trkpt>
<trkpt lat="45.359606" lon="-75.823716"><ele>26.0</ele><time>2024-07-09T23:48:35Z</time></trkpt>
<trkpt lat="45.35958" lon="-75.823716"><ele>26.0</ele><time>2024-07-09T23:48:36Z</time></trkpt>
<trkpt lat="45.359552" lon="-75.823716"><ele>26.0</ele><time>2024-07-09T23:48:37Z</time></trkpt>
<trkpt lat="45.359523" lon="-75.823707"><ele>26.0</ele><time>2024-07-09T23:48:38Z</time></trkpt>
<trkpt lat="45.359495" lon="-75.823707"><ele>26.0</ele><time>2024-07-09T23:48:39Z</time></trkpt>
<trkpt lat="45.35947" lon="-75.823698"><ele>26.0</ele><time>2024-07-09T23:48:40Z</time></trkpt>
<trkpt lat="45.359441" lon="-75.823698"><ele>26.0</ele><time>2024-07-09T23:48:41Z</time></trkpt>
<trkpt lat="45.359413" lon="-75.823689"><ele>26.0</ele><time>2024-07-09T23:48:42Z</time></trkpt>
<trkpt lat="45.359387" lon="-75.823689"><ele>26.0</ele><time>2024-07-09T23:48:43Z</time></trkpt>
<trkpt lat="45.359359" lon="-75.82368"><ele>26.0</ele><time>2024-07-09T23:48:44Z</time></trkpt>
<trkpt lat="45.35933" lon="-75.82368"><ele>26.0</ele><time>2024-07-09T23:48:45Z</time></trkpt>
<trkpt lat="45.359302" lon="-75.823671"><ele>26.0</ele><time>2024-07-09T23:48:46Z</time></trkpt>
<trkpt lat="45.359273" lon="-75.823671"><ele>26.0</ele><time>2024-07-09T23:48:47Z</time></trkpt>
<trkpt lat="45.359248" lon="-75.823671"><ele>26.0</ele><time>2024-07-09T23:48:48Z</time></trkpt>
<trkpt lat="45.359219" lon="-75.823662"><ele>26.0</ele><time>2024-07-09T23:48:49Z</time></trkpt>
<trkpt lat="45.359191" lon="-75.823662"><ele>26.0</ele><time>2024-07-09T23:48:50Z</time></trkpt>
<trkpt lat="45.359162" lon="-75.823662"><ele>26.0</ele><time>2024-07-09T23:48:51Z</time></trkpt>
<trkpt lat="45.359137" lon="-75.823653"><ele>26.0</ele><time>2024-07-09T23:48:52Z</time></trkpt>
<trkpt lat="45.359109" lon="-75.823653"><ele>26.0</ele><time>2024-07-09T23:48:53Z</time></trkpt>
<trkpt lat="45.35908" lon="-75.823644"><ele>26.0</ele><time>2024-07-09T23:48:54Z</time></trkpt>
<trkpt lat="45.359052" lon="-75.823644"><ele>26.0</ele><time>2024-07-09T23:48:55Z</time></trkpt>
<trkpt lat="45.359023" lon="-75.823644"><ele>26.0</ele><time>2024-07-09T23:48:56Z</time></trkpt>
<trkpt lat="45.358998" lon="-75.823635"><ele>26.0</ele><time>2024-07-09T23:48:57Z</time></trkpt>
<trkpt lat="45.358969" lon="-75.823635"><ele>26.0</ele><time>2024-07-09T23:48:58Z</time></trkpt>
<trkpt lat="45.358941" lon="-75.823626"><ele>26.0</ele><time>2024-07-09T23:48:59Z</time></trkpt>
<trkpt lat="45.358912" lon="-75.823626"><ele>26.0</ele><time>2024-07-09T23:49:00Z</time></trkpt>
<trkpt lat="45.358884" lon="-75.823626"><ele>26.0</ele><time>2024-07-09T23:49:01Z</time></trkpt>
<trkpt lat="45.358855" lon="-75.823617"><ele>26.0</ele><time>2024-07-09T23:49:02Z</time></trkpt>
<trkpt lat="45.35883" lon="-75.823617"><ele>26.0</ele><time>2024-07-09T23:49:03Z</time></trkpt>
<trkpt lat="45.358801" lon="-75.823608"><ele>26.0</ele><time>2024-07-09T23:49:04Z</time></trkpt>
<trkpt lat="45.358773" lon="-75.823608"><ele>26.0</ele><time>2024-07-09T23:49:05Z</time></trkpt>
<trkpt lat="45.358748" lon="-75.823608"><ele>26.0</ele><time>2024-07-09T23:49:06Z</time></trkpt>
<trkpt lat="45.358719" lon="-75.823599"><ele>26.0</ele><time>2024-07-09T23:49:07Z</time></trkpt>
<trkpt lat="45.358691" lon="-75.823599"><ele>26.0</ele><time>2024-07-09T23:49:08Z</time></trkpt>
<trkpt lat="45.358662" lon="-75.82359"><ele>26.0</ele><time>2024-07-09T23:49:09Z</time></trkpt>
<trkpt lat="45.358634" lon="-75.82359"><ele>26.0</ele><time>2024-07-09T23:49:10Z</time></trkpt>
<trkpt lat="45.358605" lon="-75.823581"><ele>26.0</ele><time>2024-07-09T23:49:11Z</time></trkpt>
<trkpt lat="45.35858" lon="-75.823581"><ele>26.0</ele><time>2024-07-09T23:49:12Z</time></trkpt>
<trkpt lat="45.358551" lon="-75.823572"><ele>26.0</ele><time>2024-07-09T23:49:13Z</time></trkpt>
<trkpt lat="45.358523" lon="-75.823563"><ele>26.0</ele><time>2024-07-09T23:49:14Z</time></trkpt>
<trkpt lat="45.358494" lon="-75.823554"><ele>26.0</ele><time>2024-07-09T23:49:15Z</time></trkpt>
<trkpt lat="45.358466" lon="-75.823554"><ele>26.0</ele><time>2024-07-09T23:49:16Z</time></trkpt>
<trkpt lat="45.35844" lon="-75.823545"><ele>26.0</ele><time>2024-07-09T23:49:17Z</time></trkpt>
<trkpt lat="45.358412" lon="-75.823536"><ele>26.0</ele><time>2024-07-09T23:49:18Z</time></trkpt>
<trkpt lat="45.358383" lon="-75.823536"><ele>26.0</ele><time>2024-07-09T23:49:19Z</time></trkpt>
<trkpt lat="45.358355" lon="-75.823527"><ele>26.0</ele><time>2024-07-09T23:49:20Z</time></trkpt>
<trkpt lat="45.358326" lon="-75.823527"><ele>26.0</ele><time>2024-07-09T23:49:21Z</time></trkpt>
<trkpt lat="45.358298" lon="-75.823518"><ele>26.0</ele><time>2024-07-09T23:49:22Z</time></trkpt>
<trkpt lat="45.358269" lon="-75.823518"><ele>26.0</ele><time>2024-07-09T23:49:23Z</time></trkpt>
<trkpt lat="45.358244" lon="-75.823509"><ele>26.0</ele><time>2024-07-09T23:49:24Z</time></trkpt>
<trkpt lat="45.358216" lon="-75.823509"><ele>26.0</ele><time>2024-07-09T23:49:25Z</time></trkpt>
<trkpt lat="45.358187" lon="-75.8235"><ele>26.0</ele><time>2024-07-09T23:49:26Z</time></trkpt>
<trkpt lat="45.358162" lon="-75.8235"><ele>26.0</ele><time>2024-07-09T23:49:27Z</time></trkpt>
<trkpt lat="45.358133" lon="-75.823492"><ele>26.0</ele><time>2024-07-09T23:49:28Z</time></trkpt>
<trkpt lat="45.358105" lon="-75.823492"><ele>26.0</ele><time>2024-07-09T23:49:29Z</time></trkpt>
<trkpt lat="45.358076" lon="-75.823483"><ele>26.0</ele><time>2024-07-09T23:49:30Z</time></trkpt>
<trkpt lat="45.358051" lon="-75.823474"><ele>26.0</ele><time>2024-07-09T23:49:31Z</time></trkpt>
<trkpt lat="45.358022" lon="-75.823465"><ele>26.0</ele><time>2024-07-09T23:49:32Z</time></trkpt>
<trkpt lat="45.357981" lon="-75.823456"><ele>25.0</ele><time>2024-07-09T23:49:33Z</time></trkpt>
<trkpt lat="45.357965" lon="-75.823447"><ele>26.0</ele><time>2024-07-09T23:49:34Z</time></trkpt>
<trkpt lat="45.357937" lon="-75.823438"><ele>26.0</ele><time>2024-07-09T23:49:35Z</time></trkpt>
<trkpt lat="45.357912" lon="-75.82342"><ele>26.0</ele><time>2024-07-09T23:49:36Z</time></trkpt>
<trkpt lat="45.357886" lon="-75.823411"><ele>25.0</ele><time>2024-07-09T23:49:37Z</time></trkpt>
<trkpt lat="45.357858" lon="-75.823393"><ele>25.0</ele><time>2024-07-09T23:49:38Z</time></trkpt>
<trkpt lat="45.357832" lon="-75.823384"><ele>25.0</ele><time>2024-07-09T23:49:39Z</time></trkpt>
<trkpt lat="45.357807" lon="-75.823375"><ele>25.0</ele><time>2024-07-09T23:49:40Z</time></trkpt>
<trkpt lat="45.357779" lon="-75.823366"><ele>25.0</ele><time>2024-07-09T23:49:41Z</time></trkpt>
<trkpt lat="45.35775" lon="-75.823357"><ele>25.0</ele><time>2024-07-09T23:49:42Z</time></trkpt>
<trkpt lat="45.357725" lon="-75.823348"><ele>25.0</ele><time>2024-07-09T23:49:43Z</time></trkpt>
<trkpt lat="45.357696" lon="-75.823339"><ele>25.0</ele><time>2024-07-09T23:49:44Z</time></trkpt>
<trkpt lat="45.357668" lon="-75.823339"><ele>25.0</ele><time>2024-07-09T23:49:45Z</time></trkpt>
<trkpt lat="45.357642" lon="-75.82333"><ele>25.0</ele><time>2024-07-09T23:49:46Z</time></trkpt>
<trkpt lat="45.357614" lon="-75.823321"><ele>25.0</ele><time>2024-07-09T23:49:47Z</time></trkpt>
<trkpt lat="45.357585" lon="-75.823312"><ele>25.0</ele><time>2024-07-09T23:49:48Z</time></trkpt>
<trkpt lat="45.357557" lon="-75.823312"><ele>25.0</ele><time>2024-07-09T23:49:49Z</time></trkpt>
<trkpt lat="45.357532" lon="-75.823303"><ele>25.0</ele><time>2024-07-09T23:49:50Z</time></trkpt>
<trkpt lat="45.357503" lon="-75.823294"><ele>25.0</ele><time>2024-07-09T23:49:51Z</time></trkpt>
<trkpt lat="45.357475" lon="-75.823294"><ele>25.0</ele><time>2024-07-09T23:49:52Z</time></trkpt>
<trkpt lat="45.357446" lon="-75.823285"><ele>25.0</ele><time>2024-07-09T23:49:53Z</time></trkpt>
<trkpt lat="45.357418" lon="-75.823285"><ele>25.0</ele><time>2024-07-09T23:49:54Z</time></trkpt>
<trkpt lat="45.357389" lon="-75.823276"><ele>25.0</ele><time>2024-07-09T23:49:55Z</time></trkpt>
<trkpt lat="45.357361" lon="-75.823267"><ele>25.0</ele><time>2024-07-09T23:49:56Z</time></trkpt>
<trkpt lat="45.357332" lon="-75.823267"><ele>25.0</ele><time>2024-07-09T23:49:57Z</time></trkpt>
<trkpt lat="45.357307" lon="-75.823258"><ele>25.0</ele><time>2024-07-09T23:49:58Z</time></trkpt>
<trkpt lat="45.357278" lon="-75.823258"><ele>25.0</ele><time>2024-07-09T23:49:59Z</time></trkpt>
<trkpt lat="45.35725" lon="-75.823249"><ele>26.0</ele><time>2024-07-09T23:50:00Z</time></trkpt>
<trkpt lat="45.357221" lon="-75.82324"><ele>26.0</ele><time>2024-07-09T23:50:01Z</time></trkpt>
<trkpt lat="45.357193" lon="-75.82324"><ele>26.0</ele><time>2024-07-09T23:50:02Z</time></trkpt>
<trkpt lat="45.357164" lon="-75.823231"><ele>26.0</ele><time>2024-07-09T23:50:03Z</time></trkpt>
<trkpt lat="45.357136" lon="-75.823231"><ele>26.0</ele><time>2024-07-09T23:50:04Z</time></trkpt>
<trkpt lat="45.357107" lon="-75.823222"><ele>26.0</ele><time>2024-07-09T23:50:05Z</time></trkpt>
<trkpt lat="45.357082" lon="-75.823222"><ele>26.0</ele><time>2024-07-09T23:50:06Z</time></trkpt>
<trkpt lat="45.357053" lon="-75.823213"><ele>26.0</ele><time>2024-07-09T23:50:07Z</time></trkpt>
<trkpt lat="45.357025" lon="-75.823213"><ele>26.0</ele><time>2024-07-09T23:50:08Z</time></trkpt>
<trkpt lat="45.356996" lon="-75.823204"><ele>26.0</ele><time>2024-07-09T23:50:09Z</time></trkpt>
<trkpt lat="45.356971" lon="-75.823204"><ele>26.0</ele><time>2024-07-09T23:50:10Z</time></trkpt>
<trkpt lat="45.356943" lon="-75.823195"><ele>26.0</ele><time>2024-07-09T23:50:11Z</time></trkpt>
<trkpt lat="45.356914" lon="-75.823195"><ele>26.0</ele><time>2024-07-09T23:50:12Z</time></trkpt>
<trkpt lat="45.356886" lon="-75.823186"><ele>26.0</ele><time>2024-07-09T23:50:13Z</time></trkpt>
<trkpt lat="45.35686" lon="-75.823186"><ele>26.0</ele><time>2024-07-09T23:50:14Z</time></trkpt>
<trkpt lat="45.356832" lon="-75.823186"><ele>26.0</ele><time>2024-07-09T23:50:15Z</time></trkpt>
<trkpt lat="45.356806" lon="-75.823177"><ele>26.0</ele><time>2024-07-09T23:50:16Z</time></trkpt>
<trkpt lat="45.356778" lon="-75.823177"><ele>26.0</ele><time>2024-07-09T23:50:17Z</time></trkpt>
<trkpt lat="45.356749" lon="-75.823177"><ele>26.0</ele><time>2024-07-09T23:50:18Z</time></trkpt>
<trkpt lat="45.356724" lon="-75.823177"><ele>26.0</ele><time>2024-07-09T23:50:19Z</time></trkpt>
<trkpt lat="45.356696" lon="-75.823177"><ele>26.0</ele><time>2024-07-09T23:50:20Z</time></trkpt>
<trkpt lat="45.356667" lon="-75.823177"><ele>26.0</ele><time>2024-07-09T23:50:21Z</time></trkpt>
<trkpt lat="45.356639" lon="-75.823168"><ele>26.0</ele><time>2024-07-09T23:50:22Z</time></trkpt>
<trkpt lat="45.356613" lon="-75.823168"><ele>26.0</ele><time>2024-07-09T23:50:23Z</time></trkpt>
<trkpt lat="45.356585" lon="-75.823168"><ele>26.0</ele><time>2024-07-09T23:50:24Z</time></trkpt>
<trkpt lat="45.356556" lon="-75.823168"><ele>26.0</ele><time>2024-07-09T23:50:25Z</time></trkpt>
<trkpt lat="45.356528" lon="-75.823168"><ele>26.0</ele><time>2024-07-09T23:50:26Z</time></trkpt>
<trkpt lat="45.356499" lon="-75.823168"><ele>26.0</ele><time>2024-07-09T23:50:27Z</time></trkpt>
<trkpt lat="45.356474" lon="-75.823159"><ele>26.0</ele><time>2024-07-09T23:50:28Z</time></trkpt>
<trkpt lat="45.356445" lon="-75.823159"><ele>26.0</ele><time>2024-07-09T23:50:29Z</time></trkpt>
<trkpt lat="45.356417" lon="-75.823159"><ele>26.0</ele><time>2024-07-09T23:50:30Z</time></trkpt>
<trkpt lat="45.356392" lon="-75.823159"><ele>26.0</ele><time>2024-07-09T23:50:31Z</time></trkpt>
<trkpt lat="45.356363" lon="-75.82315"><ele>26.0</ele><time>2024-07-09T23:50:32Z</time></trkpt>
<trkpt lat="45.356335" lon="-75.82315"><ele>26.0</ele><time>2024-07-09T23:50:33Z</time></trkpt>
<trkpt lat="45.356306" lon="-75.82315"><ele>26.0</ele><time>2024-07-09T23:50:34Z</time></trkpt>
<trkpt lat="45.356281" lon="-75.82315"><ele>26.0</ele><time>2024-07-09T23:50:35Z</time></trkpt>
<trkpt lat="45.356252" lon="-75.82315"><ele>26.0</ele><time>2024-07-09T23:50:36Z</time></trkpt>
<trkpt lat="45.356224" lon="-75.823141"><ele>26.0</ele><time>2024-07-09T23:50:37Z</time></trkpt>
<trkpt lat="45.356198" lon="-75.823141"><ele>26.0</ele><time>2024-07-09T23:50:38Z</time></trkpt>
<trkpt lat="45.35617" lon="-75.823141"><ele>26.0</ele><time>2024-07-09T23:50:39Z</time></trkpt>
<trkpt lat="45.356145" lon="-75.823132"><ele>26.0</ele><time>2024-07-09T23:50:40Z</time></trkpt>
<trkpt lat="45.356116" lon="-75.823132"><ele>26.0</ele><time>2024-07-09T23:50:41Z</time></trkpt>
<trkpt lat="45.356088" lon="-75.823132"><ele>25.0</ele><time>2024-07-09T23:50:42Z</time></trkpt>
<trkpt lat="45.356059" lon="-75.823132"><ele>25.0</ele><time>2024-07-09T23:50:43Z</time></trkpt>
<trkpt lat="45.356034" lon="-75.823123"><ele>26.0</ele><time>2024-07-09T23:50:44Z</time></trkpt>
<trkpt lat="45.356005" lon="-75.823123"><ele>26.0</ele><time>2024-07-09T23:50:45Z</time></trkpt>
<trkpt lat="45.355977" lon="-75.823123"><ele>26.0</ele><time>2024-07-09T23:50:46Z</time></trkpt>
<trkpt lat="45.355948" lon="-75.823123"><ele>26.0</ele><time>2024-07-09T23:50:47Z</time></trkpt>
<trkpt lat="45.35592" lon="-75.823123"><ele>26.0</ele><time>2024-07-09T23:50:48Z</time></trkpt>
<trkpt lat="45.355891" lon="-75.823123"><ele>26.0</ele><time>2024-07-09T23:50:49Z</time></trkpt>
<trkpt lat="45.355866" lon="-75.823114"><ele>26.0</ele><time>2024-07-09T23:50:50Z</time></trkpt>
<trkpt lat="45.355837" lon="-75.823114"><ele>26.0</ele><time>2024-07-09T23:50:51Z</time></trkpt>
<trkpt lat="45.355809" lon="-75.823114"><ele>26.0</ele><time>2024-07-09T23:50:52Z</time></trkpt>
<trkpt lat="45.35578" lon="-75.823114"><ele>26.0</ele><time>2024-07-09T23:50:53Z</time></trkpt>
<trkpt lat="45.355755" lon="-75.823114"><ele>26.0</ele><time>2024-07-09T23:50:54Z</time></trkpt>
<trkpt lat="45.355727" lon="-75.823114"><ele>26.0</ele><time>2024-07-09T23:50:55Z</time></trkpt>
<trkpt lat="45.355698" lon="-75.823114"><ele>26.0</ele><time>2024-07-09T23:50:56Z</time></trkpt>
<trkpt lat="45.35567" lon="-75.823114"><ele>26.0</ele><time>2024-07-09T23:50:57Z</time></trkpt>
<trkpt lat="45.355641" lon="-75.823114"><ele>26.0</ele><time>2024-07-09T23:50:58Z</time></trkpt>
<trkpt lat="45.355616" lon="-75.823114"><ele>26.0</ele><time>2024-07-09T23:50:59Z</time></trkpt>
<trkpt lat="45.355587" lon="-75.823114"><ele>26.0</ele><time>2024-07-09T23:51:00Z</time></trkpt>
<trkpt lat="45.355559" lon="-75.823114"><ele>26.0</ele><time>2024-07-09T23:51:01Z</time></trkpt>
<trkpt lat="45.355533" lon="-75.823114"><ele>25.0</ele><time>2024-07-09T23:51:02Z</time></trkpt>
<trkpt lat="45.355505" lon="-75.823123"><ele>26.0</ele><time>2024-07-09T23:51:03Z</time></trkpt>
<trkpt lat="45.355476" lon="-75.823123"><ele>26.0</ele><time>2024-07-09T23:51:04Z</time></trkpt>
<trkpt lat="45.355448" lon="-75.823114"><ele>26.0</ele><time>2024-07-09T23:51:05Z</time></trkpt>
<trkpt lat="45.355419" lon="-75.823114"><ele>25.0</ele><time>2024-07-09T23:51:06Z</time></trkpt>
<trkpt lat="45.355394" lon="-75.823114"><ele>25.0</ele><time>2024-07-09T23:51:07Z</time></trkpt>
<trkpt lat="45.355366" lon="-75.823114"><ele>25.0</ele><time>2024-07-09T23:51:08Z</time></trkpt>
<trkpt lat="45.355337" lon="-75.823123"><ele>26.0</ele><time>2024-07-09T23:51:09Z</time></trkpt>
<trkpt lat="45.355312" lon="-75.823123"><ele>25.0</ele><time>2024-07-09T23:51:10Z</time></trkpt>
<trkpt lat="45.355283" lon="-75.823123"><ele>26.0</ele><time>2024-07-09T23:51:11Z</time></trkpt>
<trkpt lat="45.355255" lon="-75.823123"><ele>26.0</ele><time>2024-07-09T23:51:12Z</time></trkpt>
<trkpt lat="45.355229" lon="-75.823123"><ele>26.0</ele><time>2024-07-09T23:51:13Z</time></trkpt>
<trkpt lat="45.355201" lon="-75.823123"><ele>26.0</ele><time>2024-07-09T23:51:14Z</time></trkpt>
<trkpt lat="45.355172" lon="-75.823123"><ele>25.0</ele><time>2024-07-09T23:51:15Z</time></trkpt>
<trkpt lat="45.355144" lon="-75.823123"><ele>25.0</ele><time>2024-07-09T23:51:16Z</time></trkpt>
<trkpt lat="45.355115" lon="-75.823123"><ele>26.0</ele><time>2024-07-09T23:51:17Z</time></trkpt>
<trkpt lat="45.35509" lon="-75.823132"><ele>25.0</ele><time>2024-07-09T23:51:18Z</time></trkpt>
<trkpt lat="45.355062" lon="-75.823132"><ele>25.0</ele><time>2024-07-09T23:51:19Z</time></trkpt>
<trkpt lat="45.355033" lon="-75.823132"><ele>26.0</ele><time>2024-07-09T23:51:20Z</time></trkpt>
<trkpt lat="45.355005" lon="-75.823132"><ele>26.0</ele><time>2024-07-09T23:51:21Z</time></trkpt>
<trkpt lat="45.354979" lon="-75.823132"><ele>26.0</ele><time>2024-07-09T23:51:22Z</time></trkpt>
<trkpt lat="45.354951" lon="-75.823141"><ele>26.0</ele><time>2024-07-09T23:51:23Z</time></trkpt>
<trkpt lat="45.354922" lon="-75.823141"><ele>26.0</ele><time>2024-07-09T23:51:24Z</time></trkpt>
<trkpt lat="45.354894" lon="-75.823141"><ele>26.0</ele><time>2024-07-09T23:51:25Z</time></trkpt>
<trkpt lat="45.354868" lon="-75.82315"><ele>26.0</ele><time>2024-07-09T23:51:26Z</time></trkpt>
<trkpt lat="45.35484" lon="-75.82315"><ele>26.0</ele><time>2024-07-09T23:51:27Z</time></trkpt>
<trkpt lat="45.354815" lon="-75.82315"><ele>26.0</ele><time>2024-07-09T23:51:28Z</time></trkpt>
<trkpt lat="45.354786" lon="-75.823159"><ele>25.0</ele><time>2024-07-09T23:51:29Z</time></trkpt>
<trkpt lat="45.354758" lon="-75.823159"><ele>26.0</ele><time>2024-07-09T23:51:30Z</time></trkpt>
<trkpt lat="45.354732" lon="-75.823168"><ele>26.0</ele><time>2024-07-09T23:51:31Z</time></trkpt>
<trkpt lat="45.354704" lon="-75.823177"><ele>25.0</ele><time>2024-07-09T23:51:32Z</time></trkpt>
<trkpt lat="45.354678" lon="-75.823177"><ele>25.0</ele><time>2024-07-09T23:51:33Z</time></trkpt>
<trkpt lat="45.35465" lon="-75.823177"><ele>25.0</ele><time>2024-07-09T23:51:34Z</time></trkpt>
<trkpt lat="45.354621" lon="-75.823186"><ele>25.0</ele><time>2024-07-09T23:51:35Z</time></trkpt>
<trkpt lat="45.354596" lon="-75.823186"><ele>25.0</ele><time>2024-07-09T23:51:36Z</time></trkpt>
<trkpt lat="45.354568" lon="-75.823195"><ele>25.0</ele><time>2024-07-09T23:51:37Z</time></trkpt>
<trkpt lat="45.354542" lon="-75.823204"><ele>25.0</ele><time>2024-07-09T23:51:38Z</time></trkpt>
<trkpt lat="45.354517" lon="-75.823204"><ele>25.0</ele><time>2024-07-09T23:51:39Z</time></trkpt>
<trkpt lat="45.354488" lon="-75.823213"><ele>25.0</ele><time>2024-07-09T23:51:40Z</time></trkpt>
<trkpt lat="45.354463" lon="-75.823213"><ele>25.0</ele><time>2024-07-09T23:51:41Z</time></trkpt>
<trkpt lat="45.354438" lon="-75.823222"><ele>25.0</ele><time>2024-07-09T23:51:42Z</time></trkpt>
<trkpt lat="45.354412" lon="-75.823231"><ele>25.0</ele><time>2024-07-09T23:51:43Z</time></trkpt>
<trkpt lat="45.354387" lon="-75.823231"><ele>25.0</ele><time>2024-07-09T23:51:44Z</time></trkpt>
<trkpt lat="45.354359" lon="-75.823231"><ele>25.0</ele><time>2024-07-09T23:51:45Z</time></trkpt>
<trkpt lat="45.354333" lon="-75.82324"><ele>25.0</ele><time>2024-07-09T23:51:46Z</time></trkpt>
<trkpt lat="45.354308" lon="-75.82324"><ele>25.0</ele><time>2024-07-09T23:51:47Z</time></trkpt>
<trkpt lat="45.354283" lon="-75.823249"><ele>25.0</ele><time>2024-07-09T23:51:48Z</time></trkpt>
<trkpt lat="45.354257" lon="-75.823249"><ele>25.0</ele><time>2024-07-09T23:51:49Z</time></trkpt>
<trkpt lat="45.354232" lon="-75.823258"><ele>25.0</ele><time>2024-07-09T23:51:50Z</time></trkpt>
<trkpt lat="45.354207" lon="-75.823258"><ele>25.0</ele><time>2024-07-09T23:51:51Z</time></trkpt>
<trkpt lat="45.354181" lon="-75.823267"><ele>25.0</ele><time>2024-07-09T23:51:52Z</time></trkpt>
<trkpt lat="45.354153" lon="-75.823267"><ele>25.0</ele><time>2024-07-09T23:51:53Z</time></trkpt>
<trkpt lat="45.354127" lon="-75.823276"><ele>25.0</ele><time>2024-07-09T23:51:54Z</time></trkpt>
<trkpt lat="45.354105" lon="-75.823285"><ele>25.0</ele><time>2024-07-09T23:51:55Z</time></trkpt>
<trkpt lat="45.35408" lon="-75.823294"><ele>25.0</ele><time>2024-07-09T23:51:56Z</time></trkpt>
<trkpt lat="45.354058" lon="-75.823294"><ele>25.0</ele><time>2024-07-09T23:51:57Z</time></trkpt>
<trkpt lat="45.354032" lon="-75.823303"><ele>25.0</ele><time>2024-07-09T23:51:58Z</time></trkpt>
<trkpt lat="45.354007" lon="-75.823303"><ele>25.0</ele><time>2024-07-09T23:51:59Z</time></trkpt>
<trkpt lat="45.353985" lon="-75.823303"><ele>25.0</ele><time>2024-07-09T23:52:00Z</time></trkpt>
<trkpt lat="45.35396" lon="-75.823312"><ele>26.0</ele><time>2024-07-09T23:52:01Z</time></trkpt>
<trkpt lat="45.353937" lon="-75.823312"><ele>25.0</ele><time>2024-07-09T23:52:02Z</time></trkpt>
<trkpt lat="45.353915" lon="-75.823321"><ele>26.0</ele><time>2024-07-09T23:52:03Z</time></trkpt>
<trkpt lat="45.35389" lon="-75.82333"><ele>26.0</ele><time>2024-07-09T23:52:04Z</time></trkpt>
<trkpt lat="45.353868" lon="-75.823339"><ele>25.0</ele><time>2024-07-09T23:52:05Z</time></trkpt>
<trkpt lat="45.353846" lon="-75.823339"><ele>25.0</ele><time>2024-07-09T23:52:06Z</time></trkpt>
<trkpt lat="45.353823" lon="-75.823348"><ele>25.0</ele><time>2024-07-09T23:52:07Z</time></trkpt>
<trkpt lat="45.353801" lon="-75.823357"><ele>25.0</ele><time>2024-07-09T23:52:08Z</time></trkpt>
<trkpt lat="45.353779" lon="-75.823366"><ele>26.0</ele><time>2024-07-09T23:52:09Z</time></trkpt>
<trkpt lat="45.353757" lon="-75.823375"><ele>25.0</ele><time>2024-07-09T23:52:10Z</time></trkpt>
<trkpt lat="45.353725" lon="-75.823384"><ele>25.0</ele><time>2024-07-09T23:52:11Z</time></trkpt>
<trkpt lat="45.353703" lon="-75.823393"><ele>25.0</ele><time>2024-07-09T23:52:12Z</time></trkpt>
<trkpt lat="45.353684" lon="-75.823402"><ele>26.0</ele><time>2024-07-09T23:52:13Z</time></trkpt>
<trkpt lat="45.353665" lon="-75.823402"><ele>26.0</ele><time>2024-07-09T23:52:14Z</time></trkpt>
<trkpt lat="45.353643" lon="-75.823411"><ele>26.0</ele><time>2024-07-09T23:52:15Z</time></trkpt>
<trkpt lat="45.353621" lon="-75.82342"><ele>26.0</ele><time>2024-07-09T23:52:16Z</time></trkpt>
<trkpt lat="45.353599" lon="-75.823429"><ele>26.0</ele><time>2024-07-09T23:52:17Z</time></trkpt>
<trkpt lat="45.353576" lon="-75.823438"><ele>26.0</ele><time>2024-07-09T23:52:18Z</time></trkpt>
<trkpt lat="45.353554" lon="-75.823447"><ele>26.0</ele><time>2024-07-09T23:52:19Z</time></trkpt>
<trkpt lat="45.353532" lon="-75.823456"><ele>26.0</ele><time>2024-07-09T23:52:20Z</time></trkpt>
<trkpt lat="45.353513" lon="-75.823465"><ele>26.0</ele><time>2024-07-09T23:52:21Z</time></trkpt>
<trkpt lat="45.353491" lon="-75.823483"><ele>26.0</ele><time>2024-07-09T23:52:22Z</time></trkpt>
<trkpt lat="45.353472" lon="-75.823492"><ele>26.0</ele><time>2024-07-09T23:52:23Z</time></trkpt>
<trkpt lat="45.353453" lon="-75.8235"><ele>26.0</ele><time>2024-07-09T23:52:24Z</time></trkpt>
<trkpt lat="45.353434" lon="-75.823518"><ele>25.0</ele><time>2024-07-09T23:52:25Z</time></trkpt>
<trkpt lat="45.353418" lon="-75.823536"><ele>25.0</ele><time>2024-07-09T23:52:26Z</time></trkpt>
<trkpt lat="45.353399" lon="-75.823545"><ele>26.0</ele><time>2024-07-09T23:52:27Z</time></trkpt>
<trkpt lat="45.35338" lon="-75.823563"><ele>26.0</ele><time>2024-07-09T23:52:28Z</time></trkpt>
<trkpt lat="45.353361" lon="-75.823572"><ele>26.0</ele><time>2024-07-09T23:52:29Z</time></trkpt>
<trkpt lat="45.353339" lon="-75.82359"><ele>26.0</ele><time>2024-07-09T23:52:30Z</time></trkpt>
<trkpt lat="45.35332" lon="-75.823608"><ele>26.0</ele><time>2024-07-09T23:52:31Z</time></trkpt>
<trkpt lat="45.353304" lon="-75.823626"><ele>25.0</ele><time>2024-07-09T23:52:32Z</time></trkpt>
<trkpt lat="45.353285" lon="-75.823644"><ele>25.0</ele><time>2024-07-09T23:52:33Z</time></trkpt>
<trkpt lat="45.353269" lon="-75.823662"><ele>26.0</ele><time>2024-07-09T23:52:34Z</time></trkpt>
<trkpt lat="45.353253" lon="-75.823689"><ele>26.0</ele><time>2024-07-09T23:52:35Z</time></trkpt>
<trkpt lat="45.353238" lon="-75.823707"><ele>26.0</ele><time>2024-07-09T23:52:36Z</time></trkpt>
<trkpt lat="45.353222" lon="-75.823725"><ele>26.0</ele><time>2024-07-09T23:52:37Z</time></trkpt>
<trkpt lat="45.353209" lon="-75.823752"><ele>26.0</ele><time>2024-07-09T23:52:38Z</time></trkpt>
<trkpt lat="45.353193" lon="-75.82377"><ele>26.0</ele><time>2024-07-09T23:52:39Z</time></trkpt>
<trkpt lat="45.353181" lon="-75.823797"><ele>26.0</ele><time>2024-07-09T23:52:40Z</time></trkpt>
<trkpt lat="45.353168" lon="-75.823815"><ele>26.0</ele><time>2024-07-09T23:52:41Z</time></trkpt>
<trkpt lat="45.353152" lon="-75.823842"><ele>26.0</ele><time>2024-07-09T23:52:42Z</time></trkpt>
<trkpt lat="45.353139" lon="-75.823869"><ele>26.0</ele><time>2024-07-09T23:52:43Z</time></trkpt>
<trkpt lat="45.353127" lon="-75.823896"><ele>26.0</ele><time>2024-07-09T23:52:44Z</time></trkpt>
<trkpt lat="45.353114" lon="-75.823914"><ele>26.0</ele><time>2024-07-09T23:52:45Z</time></trkpt>
<trkpt lat="45.353101" lon="-75.823941"><ele>26.0</ele><time>2024-07-09T23:52:46Z</time></trkpt>
<trkpt lat="45.353092" lon="-75.823968"><ele>26.0</ele><time>2024-07-09T23:52:47Z</time></trkpt>
<trkpt lat="45.353082" lon="-75.823995"><ele>26.0</ele><time>2024-07-09T23:52:48Z</time></trkpt>
<trkpt lat="45.353076" lon="-75.82403"><ele>26.0</ele><time>2024-07-09T23:52:49Z</time></trkpt>
<trkpt lat="45.353067" lon="-75.824057"><ele>26.0</ele><time>2024-07-09T23:52:50Z</time></trkpt>
<trkpt lat="45.35306" lon="-75.824084"><ele>26.0</ele><time>2024-07-09T23:52:51Z</time></trkpt>
<trkpt lat="45.353054" lon="-75.824111"><ele>26.0</ele><time>2024-07-09T23:52:52Z</time></trkpt>
<trkpt lat="45.353048" lon="-75.824147"><ele>26.0</ele><time>2024-07-09T23:52:53Z</time></trkpt>
<trkpt lat="45.353044" lon="-75.824174"><ele>26.0</ele><time>2024-07-09T23:52:54Z</time></trkpt>
<trkpt lat="45.353041" lon="-75.824201"><ele>26.0</ele><time>2024-07-09T23:52:55Z</time></trkpt>
<trkpt lat="45.353038" lon="-75.824237"><ele>26.0</ele><time>2024-07-09T23:52:56Z</time></trkpt>
<trkpt lat="45.353038" lon="-75.824264"><ele>26.0</ele><time>2024-07-09T23:52:57Z</time></trkpt>
<trkpt lat="45.353041" lon="-75.824291"><ele>26.0</ele><time>2024-07-09T23:52:58Z</time></trkpt>
<trkpt lat="45.353041" lon="-75.824327"><ele>26.0</ele><time>2024-07-09T23:52:59Z</time></trkpt>
<trkpt lat="45.353041" lon="-75.824354"><ele>26.0</ele><time>2024-07-09T23:53:00Z</time></trkpt>
<trkpt lat="45.353041" lon="-75.82439"><ele>26.0</ele><time>2024-07-09T23:53:01Z</time></trkpt>
<trkpt lat="45.353041" lon="-75.824417"><ele>26.0</ele><time>2024-07-09T23:53:02Z</time></trkpt>
<trkpt lat="45.353041" lon="-75.824444"><ele>26.0</ele><time>2024-07-09T23:53:03Z</time></trkpt>
<trkpt lat="45.353044" lon="-75.82448"><ele>27.0</ele><time>2024-07-09T23:53:04Z</time></trkpt>
<trkpt lat="45.353048" lon="-75.824507"><ele>27.0</ele><time>2024-07-09T23:53:05Z</time></trkpt>
<trkpt lat="45.353054" lon="-75.824534"><ele>27.0</ele><time>2024-07-09T23:53:06Z</time></trkpt>
<trkpt lat="45.353063" lon="-75.82456"><ele>27.0</ele><time>2024-07-09T23:53:07Z</time></trkpt>
<trkpt lat="45.353073" lon="-75.824587"><ele>27.0</ele><time>2024-07-09T23:53:08Z</time></trkpt>
<trkpt lat="45.353079" lon="-75.824623"><ele>27.0</ele><time>2024-07-09T23:53:09Z</time></trkpt>
<trkpt lat="45.353086" lon="-75.82465"><ele>27.0</ele><time>2024-07-09T23:53:10Z</time></trkpt>
<trkpt lat="45.353092" lon="-75.824677"><ele>27.0</ele><time>2024-07-09T23:53:11Z</time></trkpt>
<trkpt lat="45.353098" lon="-75.824704"><ele>27.0</ele><time>2024-07-09T23:53:12Z</time></trkpt>
<trkpt lat="45.353105" lon="-75.824731"><ele>27.0</ele><time>2024-07-09T23:53:13Z</time></trkpt>
<trkpt lat="45.353111" lon="-75.824758"><ele>27.0</ele><time>2024-07-09T23:53:14Z</time></trkpt>
<trkpt lat="45.35312" lon="-75.824785"><ele>27.0</ele><time>2024-07-09T23:53:15Z</time></trkpt>
<trkpt lat="45.353127" lon="-75.824812"><ele>27.0</ele><time>2024-07-09T23:53:16Z</time></trkpt>
<trkpt lat="45.353133" lon="-75.824839"><ele>27.0</ele><time>2024-07-09T23:53:17Z</time></trkpt>
<trkpt lat="45.353143" lon="-75.824866"><ele>27.0</ele><time>2024-07-09T23:53:18Z</time></trkpt>
<trkpt lat="45.353149" lon="-75.824893"><ele>27.0</ele><time>2024-07-09T23:53:19Z</time></trkpt>
<trkpt lat="45.353155" lon="-75.824911"><ele>27.0</ele><time>2024-07-09T23:53:20Z</time></trkpt>
<trkpt lat="45.353165" lon="-75.824938"><ele>27.0</ele><time>2024-07-09T23:53:21Z</time></trkpt>
<trkpt lat="45.353174" lon="-75.824965"><ele>27.0</ele><time>2024-07-09T23:53:22Z</time></trkpt>
<trkpt lat="45.353184" lon="-75.824983"><ele>27.0</ele><time>2024-07-09T23:53:23Z</time></trkpt>
<trkpt lat="45.35319" lon="-75.82501"><ele>27.0</ele><time>2024-07-09T23:53:24Z</time></trkpt>
<trkpt lat="45.3532" lon="-75.825037"><ele>27.0</ele><time>2024-07-09T23:53:25Z</time></trkpt>
<trkpt lat="45.353206" lon="-75.825055"><ele>27.0</ele><time>2024-07-09T23:53:26Z</time></trkpt>
<trkpt lat="45.353212" lon="-75.825081"><ele>27.0</ele><time>2024-07-09T23:53:27Z</time></trkpt>
<trkpt lat="45.353222" lon="-75.825099"><ele>27.0</ele><time>2024-07-09T23:53:28Z</time></trkpt>
<trkpt lat="45.353228" lon="-75.825117"><ele>27.0</ele><time>2024-07-09T23:53:29Z</time></trkpt>
<trkpt lat="45.353238" lon="-75.825144"><ele>27.0</ele><time>2024-07-09T23:53:30Z</time></trkpt>
<trkpt lat="45.353244" lon="-75.825162"><ele>27.0</ele><time>2024-07-09T23:53:31Z</time></trkpt>
<trkpt lat="45.35325" lon="-75.825189"><ele>27.0</ele><time>2024-07-09T23:53:32Z</time></trkpt>
<trkpt lat="45.353257" lon="-75.825207"><ele>27.0</ele><time>2024-07-09T23:53:33Z</time></trkpt>
<trkpt lat="45.353263" lon="-75.825234"><ele>27.0</ele><time>2024-07-09T23:53:34Z</time></trkpt>
<trkpt lat="45.353269" lon="-75.825252"><ele>27.0</ele><time>2024-07-09T23:53:35Z</time></trkpt>
<trkpt lat="45.353276" lon="-75.82527"><ele>27.0</ele><time>2024-07-09T23:53:36Z</time></trkpt>
<trkpt lat="45.353282" lon="-75.825288"><ele>27.0</ele><time>2024-07-09T23:53:37Z</time></trkpt>
<trkpt lat="45.353291" lon="-75.825315"><ele>27.0</ele><time>2024-07-09T23:53:38Z</time></trkpt>
<trkpt lat="45.353298" lon="-75.825333"><ele>27.0</ele><time>2024-07-09T23:53:39Z</time></trkpt>
<trkpt lat="45.353304" lon="-75.825351"><ele>26.0</ele><time>2024-07-09T23:53:40Z</time></trkpt>
<trkpt lat="45.35331" lon="-75.825369"><ele>26.0</ele><time>2024-07-09T23:53:41Z</time></trkpt>
<trkpt lat="45.353317" lon="-75.825387"><ele>26.0</ele><time>2024-07-09T23:53:42Z</time></trkpt>
<trkpt lat="45.353326" lon="-75.825405"><ele>26.0</ele><time>2024-07-09T23:53:43Z</time></trkpt>
<trkpt lat="45.353333" lon="-75.825423"><ele>26.0</ele><time>2024-07-09T23:53:44Z</time></trkpt>
<trkpt lat="45.353339" lon="-75.825441"><ele>26.0</ele><time>2024-07-09T23:53:45Z</time></trkpt>
<trkpt lat="45.353345" lon="-75.825459"><ele>26.0</ele><time>2024-07-09T23:53:46Z</time></trkpt>
<trkpt lat="45.353352" lon="-75.825477"><ele>26.0</ele><time>2024-07-09T23:53:47Z</time></trkpt>
<trkpt lat="45.353355" lon="-75.825495"><ele>26.0</ele><time>2024-07-09T23:53:48Z</time></trkpt>
<trkpt lat="45.353361" lon="-75.825513"><ele>26.0</ele><time>2024-07-09T23:53:49Z</time></trkpt>
<trkpt lat="45.353367" lon="-75.825531"><ele>26.0</ele><time>2024-07-09T23:53:50Z</time></trkpt>
<trkpt lat="45.353374" lon="-75.825549"><ele>26.0</ele><time>2024-07-09T23:53:51Z</time></trkpt>
<trkpt lat="45.353377" lon="-75.825567"><ele>26.0</ele><time>2024-07-09T23:53:52Z</time></trkpt>
<trkpt lat="45.353383" lon="-75.825585"><ele>26.0</ele><time>2024-07-09T23:53:53Z</time></trkpt>
<trkpt lat="45.35339" lon="-75.825602"><ele>26.0</ele><time>2024-07-09T23:53:54Z</time></trkpt>
<trkpt lat="45.353396" lon="-75.82562"><ele>26.0</ele><time>2024-07-09T23:53:55Z</time></trkpt>
<trkpt lat="45.353405" lon="-75.825638"><ele>26.0</ele><time>2024-07-09T23:53:56Z</time></trkpt>
<trkpt lat="45.353412" lon="-75.825647"><ele>26.0</ele><time>2024-07-09T23:53:57Z</time></trkpt>
<trkpt lat="45.353418" lon="-75.825665"><ele>26.0</ele><time>2024-07-09T23:53:58Z</time></trkpt>
<trkpt lat="45.353424" lon="-75.825683"><ele>26.0</ele><time>2024-07-09T23:53:59Z</time></trkpt>
<trkpt lat="45.353431" lon="-75.825701"><ele>26.0</ele><time>2024-07-09T23:54:00Z</time></trkpt>
<trkpt lat="45.353437" lon="-75.825719"><ele>26.0</ele><time>2024-07-09T23:54:01Z</time></trkpt>
<trkpt lat="45.353443" lon="-75.825728"><ele>26.0</ele><time>2024-07-09T23:54:02Z</time></trkpt>
<trkpt lat="45.35345" lon="-75.825746"><ele>26.0</ele><time>2024-07-09T23:54:03Z</time></trkpt>
<trkpt lat="45.353459" lon="-75.825764"><ele>26.0</ele><time>2024-07-09T23:54:04Z</time></trkpt>
<trkpt lat="45.353462" lon="-75.825782"><ele>26.0</ele><time>2024-07-09T23:54:05Z</time></trkpt>
<trkpt lat="45.353469" lon="-75.8258"><ele>26.0</ele><time>2024-07-09T23:54:06Z</time></trkpt>
<trkpt lat="45.353475" lon="-75.825818"><ele>26.0</ele><time>2024-07-09T23:54:07Z</time></trkpt>
<trkpt lat="45.353481" lon="-75.825836"><ele>26.0</ele><time>2024-07-09T23:54:08Z</time></trkpt>
<trkpt lat="45.353485" lon="-75.825845"><ele>26.0</ele><time>2024-07-09T23:54:09Z</time></trkpt>
<trkpt lat="45.353491" lon="-75.825863"><ele>26.0</ele><time>2024-07-09T23:54:10Z</time></trkpt>
<trkpt lat="45.353494" lon="-75.825881"><ele>26.0</ele><time>2024-07-09T23:54:11Z</time></trkpt>
<trkpt lat="45.3535" lon="-75.825899"><ele>26.0</ele><time>2024-07-09T23:54:12Z</time></trkpt>
<trkpt lat="45.353504" lon="-75.825908"><ele>27.0</ele><time>2024-07-09T23:54:13Z</time></trkpt>
<trkpt lat="45.35351" lon="-75.825926"><ele>27.0</ele><time>2024-07-09T23:54:14Z</time></trkpt>
<trkpt lat="45.353513" lon="-75.825935"><ele>27.0</ele><time>2024-07-09T23:54:15Z</time></trkpt>
<trkpt lat="45.353519" lon="-75.825953"><ele>27.0</ele><time>2024-07-09T23:54:16Z</time></trkpt>
<trkpt lat="45.353523" lon="-75.825971"><ele>27.0</ele><time>2024-07-09T23:54:17Z</time></trkpt>
<trkpt lat="45.353526" lon="-75.82598"><ele>27.0</ele><time>2024-07-09T23:54:18Z</time></trkpt>
<trkpt lat="45.353529" lon="-75.825998"><ele>27.0</ele><time>2024-07-09T23:54:19Z</time></trkpt>
<trkpt lat="45.353532" lon="-75.826007"><ele>27.0</ele><time>2024-07-09T23:54:20Z</time></trkpt>
<trkpt lat="45.353535" lon="-75.826025"><ele>27.0</ele><time>2024-07-09T23:54:21Z</time></trkpt>
<trkpt lat="45.353538" lon="-75.826034"><ele>27.0</ele><time>2024-07-09T23:54:22Z</time></trkpt>
<trkpt lat="45.353542" lon="-75.826043"><ele>27.0</ele><time>2024-07-09T23:54:23Z</time></trkpt>
<trkpt lat="45.353545" lon="-75.826061"><ele>27.0</ele><time>2024-07-09T23:54:24Z</time></trkpt>
<trkpt lat="45.353551" lon="-75.82607"><ele>27.0</ele><time>2024-07-09T23:54:25Z</time></trkpt>
<trkpt lat="45.353554" lon="-75.826088"><ele>27.0</ele><time>2024-07-09T23:54:26Z</time></trkpt>
<trkpt lat="45.353557" lon="-75.826097"><ele>27.0</ele><time>2024-07-09T23:54:27Z</time></trkpt>
<trkpt lat="45.353561" lon="-75.826106"><ele>27.0</ele><time>2024-07-09T23:54:28Z</time></trkpt>
<trkpt lat="45.353564" lon="-75.826114"><ele>27.0</ele><time>2024-07-09T23:54:29Z</time></trkpt>
<trkpt lat="45.353564" lon="-75.826132"><ele>27.0</ele><time>2024-07-09T23:54:30Z</time></trkpt>
<trkpt lat="45.353567" lon="-75.826141"><ele>27.0</ele><time>2024-07-09T23:54:31Z</time></trkpt>
<trkpt lat="45.35357" lon="-75.82615"><ele>27.0</ele><time>2024-07-09T23:54:32Z</time></trkpt>
<trkpt lat="45.353573" lon="-75.826159"><ele>27.0</ele><time>2024-07-09T23:54:33Z</time></trkpt>
<trkpt lat="45.353576" lon="-75.826177"><ele>27.0</ele><time>2024-07-09T23:54:34Z</time></trkpt>
<trkpt lat="45.35358" lon="-75.826186"><ele>27.0</ele><time>2024-07-09T23:54:35Z</time></trkpt>
<trkpt lat="45.35358" lon="-75.826195"><ele>27.0</ele><time>2024-07-09T23:54:36Z</time></trkpt>
<trkpt lat="45.353583" lon="-75.826204"><ele>27.0</ele><time>2024-07-09T23:54:37Z</time></trkpt>
<trkpt lat="45.353586" lon="-75.826213"><ele>27.0</ele><time>2024-07-09T23:54:38Z</time></trkpt>
<trkpt lat="45.353589" lon="-75.826231"><ele>27.0</ele><time>2024-07-09T23:54:39Z</time></trkpt>
<trkpt lat="45.353589" lon="-75.82624"><ele>27.0</ele><time>2024-07-09T23:54:40Z</time></trkpt>
<trkpt lat="45.353592" lon="-75.826249"><ele>27.0</ele><time>2024-07-09T23:54:41Z</time></trkpt>
<trkpt lat="45.353592" lon="-75.826258"><ele>27.0</ele><time>2024-07-09T23:54:42Z</time></trkpt>
<trkpt lat="45.353592" lon="-75.826276"><ele>27.0</ele><time>2024-07-09T23:54:43Z</time></trkpt>
<trkpt lat="45.353595" lon="-75.826285"><ele>27.0</ele><time>2024-07-09T23:54:44Z</time></trkpt>
<trkpt lat="45.353595" lon="-75.826294"><ele>27.0</ele><time>2024-07-09T23:54:45Z</time></trkpt>
<trkpt lat="45.353599" lon="-75.826303"><ele>27.0</ele><time>2024-07-09T23:54:46Z</time></trkpt>
<trkpt lat="45.353599" lon="-75.826321"><ele>27.0</ele><time>2024-07-09T23:54:47Z</time></trkpt>
<trkpt lat="45.353599" lon="-75.82633"><ele>27.0</ele><time>2024-07-09T23:54:48Z</time></trkpt>
<trkpt lat="45.353602" lon="-75.826339"><ele>27.0</ele><time>2024-07-09T23:54:49Z</time></trkpt>
<trkpt lat="45.353602" lon="-75.826348"><ele>27.0</ele><time>2024-07-09T23:54:50Z</time></trkpt>
<trkpt lat="45.353602" lon="-75.826357"><ele>27.0</ele><time>2024-07-09T23:54:51Z</time></trkpt>
<trkpt lat="45.353605" lon="-75.826375"><ele>27.0</ele><time>2024-07-09T23:54:52Z</time></trkpt>
<trkpt lat="45.353605" lon="-75.826384"><ele>27.0</ele><time>2024-07-09T23:54:53Z</time></trkpt>
<trkpt lat="45.353608" lon="-75.826393"><ele>27.0</ele><time>2024-07-09T23:54:54Z</time></trkpt>
<trkpt lat="45.353608" lon="-75.826402"><ele>27.0</ele><time>2024-07-09T23:54:55Z</time></trkpt>
<trkpt lat="45.353611" lon="-75.826411"><ele>27.0</ele><time>2024-07-09T23:54:56Z</time></trkpt>
<trkpt lat="45.353611" lon="-75.826429"><ele>27.0</ele><time>2024-07-09T23:54:57Z</time></trkpt>
<trkpt lat="45.353611" lon="-75.826438"><ele>27.0</ele><time>2024-07-09T23:54:58Z</time></trkpt>
<trkpt lat="45.353611" lon="-75.826447"><ele>27.0</ele><time>2024-07-09T23:54:59Z</time></trkpt>
<trkpt lat="45.353614" lon="-75.826456"><ele>27.0</ele><time>2024-07-09T23:55:00Z</time></trkpt>
<trkpt lat="45.353614" lon="-75.826465"><ele>27.0</ele><time>2024-07-09T23:55:01Z</time></trkpt>
<trkpt lat="45.353614" lon="-75.826474"><ele>27.0</ele><time>2024-07-09T23:55:02Z</time></trkpt>
<trkpt lat="45.353614" lon="-75.826483"><ele>27.0</ele><time>2024-07-09T23:55:03Z</time></trkpt>
<trkpt lat="45.353614" lon="-75.826492"><ele>27.0</ele><time>2024-07-09T23:55:04Z</time></trkpt>
<trkpt lat="45.353618" lon="-75.826501"><ele>27.0</ele><time>2024-07-09T23:55:05Z</time></trkpt>
<trkpt lat="45.353618" lon="-75.82651"><ele>27.0</ele><time>2024-07-09T23:55:06Z</time></trkpt>
<trkpt lat="45.353618" lon="-75.826528"><ele>28.0</ele><time>2024-07-09T23:55:07Z</time></trkpt>
<trkpt lat="45.353621" lon="-75.826537"><ele>27.0</ele><time>2024-07-09T23:55:08Z</time></trkpt>
<trkpt lat="45.353621" lon="-75.826546"><ele>27.0</ele><time>2024-07-09T23:55:09Z</time></trkpt>
<trkpt lat="45.353621" lon="-75.826555"><ele>28.0</ele><time>2024-07-09T23:55:10Z</time></trkpt>
<trkpt lat="45.353624" lon="-75.826564"><ele>28.0</ele><time>2024-07-09T23:55:11Z</time></trkpt>
<trkpt lat="45.353621" lon="-75.826573"><ele>28.0</ele><time>2024-07-09T23:55:12Z</time></trkpt>
<trkpt lat="45.353621" lon="-75.826582"><ele>28.0</ele><time>2024-07-09T23:55:13Z</time></trkpt>
<trkpt lat="45.353621" lon="-75.826591"><ele>28.0</ele><time>2024-07-09T23:55:14Z</time></trkpt>
<trkpt lat="45.353621" lon="-75.8266"><ele>28.0</ele><time>2024-07-09T23:55:15Z</time></trkpt>
<trkpt lat="45.353624" lon="-75.826609"><ele>28.0</ele><time>2024-07-09T23:55:16Z</time></trkpt>
<trkpt lat="45.353624" lon="-75.826618"><ele>28.0</ele><time>2024-07-09T23:55:17Z</time></trkpt>
<trkpt lat="45.353624" lon="-75.826627"><ele>27.0</ele><time>2024-07-09T23:55:18Z</time></trkpt>
<trkpt lat="45.353627" lon="-75.826635"><ele>27.0</ele><time>2024-07-09T23:55:19Z</time></trkpt>
<trkpt lat="45.35363" lon="-75.826644"><ele>27.0</ele><time>2024-07-09T23:55:20Z</time></trkpt>
<trkpt lat="45.353633" lon="-75.826653"><ele>27.0</ele><time>2024-07-09T23:55:21Z</time></trkpt>
<trkpt lat="45.353633" lon="-75.826662"><ele>27.0</ele><time>2024-07-09T23:55:22Z</time></trkpt>
<trkpt lat="45.353637" lon="-75.826671"><ele>27.0</ele><time>2024-07-09T23:55:23Z</time></trkpt>
<trkpt lat="45.353637" lon="-75.82668"><ele>27.0</ele><time>2024-07-09T23:55:24Z</time></trkpt>
<trkpt lat="45.35364" lon="-75.826689"><ele>27.0</ele><time>2024-07-09T23:55:25Z</time></trkpt>
<trkpt lat="45.35364" lon="-75.826698"><ele>27.0</ele><time>2024-07-09T23:55:26Z</time></trkpt>
<trkpt lat="45.35364" lon="-75.826716"><ele>27.0</ele><time>2024-07-09T23:55:27Z</time></trkpt>
<trkpt lat="45.35364" lon="-75.826725"><ele>27.0</ele><time>2024-07-09T23:55:28Z</time></trkpt>
<trkpt lat="45.353637" lon="-75.826725"><ele>26.0</ele><time>2024-07-09T23:55:29Z</time></trkpt>
<trkpt lat="45.353633" lon="-75.826725"><ele>26.0</ele><time>2024-07-09T23:55:30Z</time></trkpt>
<trkpt lat="45.353627" lon="-75.826734"><ele>27.0</ele><time>2024-07-09T23:55:31Z</time></trkpt>
<trkpt lat="45.353621" lon="-75.826743"><ele>27.0</ele><time>2024-07-09T23:55:32Z</time></trkpt>
<trkpt lat="45.353621" lon="-75.826752"><ele>27.0</ele><time>2024-07-09T23:55:33Z</time></trkpt>
<trkpt lat="45.353621" lon="-75.826752"><ele>28.0</ele><time>2024-07-09T23:55:34Z</time></trkpt>
<trkpt lat="45.353621" lon="-75.826761"><ele>27.0</ele><time>2024-07-09T23:55:35Z</time></trkpt>
<trkpt lat="45.353618" lon="-75.82677"><ele>27.0</ele><time>2024-07-09T23:55:36Z</time></trkpt>
<trkpt lat="45.353611" lon="-75.826779"><ele>27.0</ele><time>2024-07-09T23:55:37Z</time></trkpt>
<trkpt lat="45.353608" lon="-75.826788"><ele>27.0</ele><time>2024-07-09T23:55:38Z</time></trkpt>
<trkpt lat="45.353602" lon="-75.826788"><ele>27.0</ele><time>2024-07-09T23:55:39Z</time></trkpt>
<trkpt lat="45.353595" lon="-75.826797"><ele>27.0</ele><time>2024-07-09T23:55:40Z</time></trkpt>
<trkpt lat="45.353589" lon="-75.826797"><ele>27.0</ele><time>2024-07-09T23:55:41Z</time></trkpt>
<trkpt lat="45.353586" lon="-75.826806"><ele>27.0</ele><time>2024-07-09T23:55:42Z</time></trkpt>
<trkpt lat="45.35358" lon="-75.826815"><ele>27.0</ele><time>2024-07-09T23:55:43Z</time></trkpt>
<trkpt lat="45.353576" lon="-75.826815"><ele>27.0</ele><time>2024-07-09T23:55:44Z</time></trkpt>
<trkpt lat="45.35357" lon="-75.826824"><ele>27.0</ele><time>2024-07-09T23:55:45Z</time></trkpt>
<trkpt lat="45.353564" lon="-75.826824"><ele>27.0</ele><time>2024-07-09T23:55:46Z</time></trkpt>
<trkpt lat="45.353557" lon="-75.826833"><ele>27.0</ele><time>2024-07-09T23:55:47Z</time></trkpt>
<trkpt lat="45.353551" lon="-75.826833"><ele>27.0</ele><time>2024-07-09T23:55:48Z</time></trkpt>
<trkpt lat="45.353545" lon="-75.826833"><ele>27.0</ele><time>2024-07-09T23:55:49Z</time></trkpt>
<trkpt lat="45.353542" lon="-75.826842"><ele>28.0</ele><time>2024-07-09T23:55:50Z</time></trkpt>
<trkpt lat="45.353535" lon="-75.826842"><ele>28.0</ele><time>2024-07-09T23:55:51Z</time></trkpt>
<trkpt lat="45.353529" lon="-75.826851"><ele>28.0</ele><time>2024-07-09T23:55:52Z</time></trkpt>
<trkpt lat="45.353526" lon="-75.826851"><ele>28.0</ele><time>2024-07-09T23:55:53Z</time></trkpt>
<trkpt lat="45.353519" lon="-75.82686"><ele>28.0</ele><time>2024-07-09T23:55:54Z</time></trkpt>
<trkpt lat="45.353513" lon="-75.82686"><ele>27.0</ele><time>2024-07-09T23:55:55Z</time></trkpt>
<trkpt lat="45.353507" lon="-75.826869"><ele>27.0</ele><time>2024-07-09T23:55:56Z</time></trkpt>
<trkpt lat="45.353504" lon="-75.826869"><ele>27.0</ele><time>2024-07-09T23:55:57Z</time></trkpt>
<trkpt lat="45.353497" lon="-75.826878"><ele>27.0</ele><time>2024-07-09T23:55:58Z</time></trkpt>
<trkpt lat="45.353491" lon="-75.826878"><ele>28.0</ele><time>2024-07-09T23:55:59Z</time></trkpt>
<trkpt lat="45.353488" lon="-75.826887"><ele>28.0</ele><time>2024-07-09T23:56:00Z</time></trkpt>
<trkpt lat="45.353481" lon="-75.826887"><ele>28.0</ele><time>2024-07-09T23:56:01Z</time></trkpt>
<trkpt lat="45.353475" lon="-75.826896"><ele>28.0</ele><time>2024-07-09T23:56:02Z</time></trkpt>
<trkpt lat="45.353472" lon="-75.826896"><ele>28.0</ele><time>2024-07-09T23:56:03Z</time></trkpt>
<trkpt lat="45.353466" lon="-75.826896"><ele>28.0</ele><time>2024-07-09T23:56:04Z</time></trkpt>
<trkpt lat="45.353462" lon="-75.826905"><ele>28.0</ele><time>2024-07-09T23:56:05Z</time></trkpt>
<trkpt lat="45.353456" lon="-75.826905"><ele>28.0</ele><time>2024-07-09T23:56:06Z</time></trkpt>
<trkpt lat="45.35345" lon="-75.826914"><ele>28.0</ele><time>2024-07-09T23:56:07Z</time></trkpt>
<trkpt lat="45.353443" lon="-75.826914"><ele>28.0</ele><time>2024-07-09T23:56:08Z</time></trkpt>
<trkpt lat="45.35344" lon="-75.826923"><ele>28.0</ele><time>2024-07-09T23:56:09Z</time></trkpt>
<trkpt lat="45.353434" lon="-75.826923"><ele>28.0</ele><time>2024-07-09T23:56:10Z</time></trkpt>
<trkpt lat="45.353431" lon="-75.826932"><ele>28.0</ele><time>2024-07-09T23:56:11Z</time></trkpt>
<trkpt lat="45.353424" lon="-75.826932"><ele>28.0</ele><time>2024-07-09T23:56:12Z</time></trkpt>
<trkpt lat="45.353418" lon="-75.826932"><ele>28.0</ele><time>2024-07-09T23:56:13Z</time></trkpt>
<trkpt lat="45.353412" lon="-75.826941"><ele>28.0</ele><time>2024-07-09T23:56:14Z</time></trkpt>
<trkpt lat="45.353409" lon="-75.826941"><ele>28.0</ele><time>2024-07-09T23:56:15Z</time></trkpt>
<trkpt lat="45.353405" lon="-75.82695"><ele>28.0</ele><time>2024-07-09T23:56:16Z</time></trkpt>
<trkpt lat="45.353399" lon="-75.82695"><ele>28.0</ele><time>2024-07-09T23:56:17Z</time></trkpt>
<trkpt lat="45.353393" lon="-75.82695"><ele>28.0</ele><time>2024-07-09T23:56:18Z</time></trkpt>
<trkpt lat="45.35339" lon="-75.826959"><ele>28.0</ele><time>2024-07-09T23:56:19Z</time></trkpt>
<trkpt lat="45.353383" lon="-75.826959"><ele>28.0</ele><time>2024-07-09T23:56:20Z</time></trkpt>
<trkpt lat="45.35338" lon="-75.826968"><ele>28.0</ele><time>2024-07-09T23:56:21Z</time></trkpt>
<trkpt lat="45.353374" lon="-75.826968"><ele>28.0</ele><time>2024-07-09T23:56:22Z</time></trkpt>
<trkpt lat="45.353371" lon="-75.826977"><ele>28.0</ele><time>2024-07-09T23:56:23Z</time></trkpt>
<trkpt lat="45.353364" lon="-75.826977"><ele>28.0</ele><time>2024-07-09T23:56:24Z</time></trkpt>
<trkpt lat="45.353361" lon="-75.826986"><ele>28.0</ele><time>2024-07-09T23:56:25Z</time></trkpt>
<trkpt lat="45.353355" lon="-75.826986"><ele>28.0</ele><time>2024-07-09T23:56:26Z</time></trkpt>
<trkpt lat="45.353352" lon="-75.826995"><ele>28.0</ele><time>2024-07-09T23:56:27Z</time></trkpt>
<trkpt lat="45.353345" lon="-75.826995"><ele>28.0</ele><time>2024-07-09T23:56:28Z</time></trkpt>
<trkpt lat="45.353339" lon="-75.827004"><ele>28.0</ele><time>2024-07-09T23:56:29Z</time></trkpt>
<trkpt lat="45.353336" lon="-75.827004"><ele>28.0</ele><time>2024-07-09T23:56:30Z</time></trkpt>
<trkpt lat="45.353329" lon="-75.827013"><ele>28.0</ele><time>2024-07-09T23:56:31Z</time></trkpt>
<trkpt lat="45.353326" lon="-75.827013"><ele>28.0</ele><time>2024-07-09T23:56:32Z</time></trkpt>
<trkpt lat="45.35332" lon="-75.827013"><ele>28.0</ele><time>2024-07-09T23:56:33Z</time></trkpt>
<trkpt lat="45.353314" lon="-75.827022"><ele>28.0</ele><time>2024-07-09T23:56:34Z</time></trkpt>
<trkpt lat="45.35331" lon="-75.827022"><ele>28.0</ele><time>2024-07-09T23:56:35Z</time></trkpt>
<trkpt lat="45.353304" lon="-75.827022"><ele>28.0</ele><time>2024-07-09T23:56:36Z</time></trkpt>
<trkpt lat="45.353298" lon="-75.827031"><ele>28.0</ele><time>2024-07-09T23:56:37Z</time></trkpt>
<trkpt lat="45.353291" lon="-75.827031"><ele>28.0</ele><time>2024-07-09T23:56:38Z</time></trkpt>
<trkpt lat="45.353288" lon="-75.827031"><ele>28.0</ele><time>2024-07-09T23:56:39Z</time></trkpt>
<trkpt lat="45.353282" lon="-75.82704"><ele>28.0</ele><time>2024-07-09T23:56:40Z</time></trkpt>
<trkpt lat="45.353279" lon="-75.82704"><ele>28.0</ele><time>2024-07-09T23:56:41Z</time></trkpt>
<trkpt lat="45.353272" lon="-75.82704"><ele>28.0</ele><time>2024-07-09T23:56:42Z</time></trkpt>
<trkpt lat="45.353266" lon="-75.82704"><ele>28.0</ele><time>2024-07-09T23:56:43Z</time></trkpt>
<trkpt lat="45.35326" lon="-75.827049"><ele>28.0</ele><time>2024-07-09T23:56:44Z</time></trkpt>
<trkpt lat="45.353257" lon="-75.827049"><ele>28.0</ele><time>2024-07-09T23:56:45Z</time></trkpt>
<trkpt lat="45.35325" lon="-75.827049"><ele>28.0</ele><time>2024-07-09T23:56:46Z</time></trkpt>
<trkpt lat="45.353244" lon="-75.827058"><ele>27.0</ele><time>2024-07-09T23:56:47Z</time></trkpt>
<trkpt lat="45.353238" lon="-75.827058"><ele>27.0</ele><time>2024-07-09T23:56:48Z</time></trkpt>
<trkpt lat="45.353234" lon="-75.827058"><ele>27.0</ele><time>2024-07-09T23:56:49Z</time></trkpt>
<trkpt lat="45.353228" lon="-75.827067"><ele>27.0</ele><time>2024-07-09T23:56:50Z</time></trkpt>
<trkpt lat="45.353222" lon="-75.827067"><ele>28.0</ele><time>2024-07-09T23:56:51Z</time></trkpt>
<trkpt lat="45.353215" lon="-75.827067"><ele>28.0</ele><time>2024-07-09T23:56:52Z</time></trkpt>
<trkpt lat="45.353212" lon="-75.827076"><ele>28.0</ele><time>2024-07-09T23:56:53Z</time></trkpt>
<trkpt lat="45.353206" lon="-75.827076"><ele>28.0</ele><time>2024-07-09T23:56:54Z</time></trkpt>
<trkpt lat="45.353203" lon="-75.827076"><ele>28.0</ele><time>2024-07-09T23:56:55Z</time></trkpt>
<trkpt lat="45.353196" lon="-75.827085"><ele>28.0</ele><time>2024-07-09T23:56:56Z</time></trkpt>
<trkpt lat="45.35319" lon="-75.827085"><ele>28.0</ele><time>2024-07-09T23:56:57Z</time></trkpt>
<trkpt lat="45.353187" lon="-75.827094"><ele>28.0</ele><time>2024-07-09T23:56:58Z</time></trkpt>
<trkpt lat="45.353181" lon="-75.827094"><ele>28.0</ele><time>2024-07-09T23:56:59Z</time></trkpt>
<trkpt lat="45.353177" lon="-75.827094"><ele>28.0</ele><time>2024-07-09T23:57:00Z</time></trkpt>
<trkpt lat="45.353171" lon="-75.827103"><ele>28.0</ele><time>2024-07-09T23:57:01Z</time></trkpt>
<trkpt lat="45.353168" lon="-75.827103"><ele>28.0</ele><time>2024-07-09T23:57:02Z</time></trkpt>
<trkpt lat="45.353162" lon="-75.827103"><ele>28.0</ele><time>2024-07-09T23:57:03Z</time></trkpt>
<trkpt lat="45.353155" lon="-75.827112"><ele>28.0</ele><time>2024-07-09T23:57:04Z</time></trkpt>
<trkpt lat="45.353152" lon="-75.827112"><ele>28.0</ele><time>2024-07-09T23:57:05Z</time></trkpt>
<trkpt lat="45.353146" lon="-75.827112"><ele>28.0</ele><time>2024-07-09T23:57:06Z</time></trkpt>
<trkpt lat="45.353143" lon="-75.827121"><ele>28.0</ele><time>2024-07-09T23:57:07Z</time></trkpt>
<trkpt lat="45.353136" lon="-75.827121"><ele>27.0</ele><time>2024-07-09T23:57:08Z</time></trkpt>
<trkpt lat="45.35313" lon="-75.82713"><ele>27.0</ele><time>2024-07-09T23:57:09Z</time></trkpt>
<trkpt lat="45.353124" lon="-75.82713"><ele>27.0</ele><time>2024-07-09T23:57:10Z</time></trkpt>
<trkpt lat="45.35312" lon="-75.82713"><ele>27.0</ele><time>2024-07-09T23:57:11Z</time></trkpt>
<trkpt lat="45.353114" lon="-75.827139"><ele>27.0</ele><time>2024-07-09T23:57:12Z</time></trkpt>
<trkpt lat="45.353111" lon="-75.827139"><ele>27.0</ele><time>2024-07-09T23:57:13Z</time></trkpt>
<trkpt lat="45.353105" lon="-75.827148"><ele>27.0</ele><time>2024-07-09T23:57:14Z</time></trkpt>
<trkpt lat="45.353098" lon="-75.827148"><ele>27.0</ele><time>2024-07-09T23:57:15Z</time></trkpt>
<trkpt lat="45.353095" lon="-75.827148"><ele>28.0</ele><time>2024-07-09T23:57:16Z</time></trkpt>
<trkpt lat="45.353089" lon="-75.827156"><ele>27.0</ele><time>2024-07-09T23:57:17Z</time></trkpt>
<trkpt lat="45.353086" lon="-75.827156"><ele>27.0</ele><time>2024-07-09T23:57:18Z</time></trkpt>
<trkpt lat="45.353079" lon="-75.827165"><ele>28.0</ele><time>2024-07-09T23:57:19Z</time></trkpt>
<trkpt lat="45.353076" lon="-75.827165"><ele>28.0</ele><time>2024-07-09T23:57:20Z</time></trkpt>
<trkpt lat="45.35307" lon="-75.827165"><ele>28.0</ele><time>2024-07-09T23:57:21Z</time></trkpt>
<trkpt lat="45.353063" lon="-75.827174"><ele>28.0</ele><time>2024-07-09T23:57:22Z</time></trkpt>
<trkpt lat="45.35306" lon="-75.827174"><ele>28.0</ele><time>2024-07-09T23:57:23Z</time></trkpt>
<trkpt lat="45.353054" lon="-75.827183"><ele>27.0</ele><time>2024-07-09T23:57:24Z</time></trkpt>
<trkpt lat="45.353048" lon="-75.827183"><ele>27.0</ele><time>2024-07-09T23:57:25Z</time></trkpt>
<trkpt lat="45.353044" lon="-75.827183"><ele>27.0</ele><time>2024-07-09T23:57:26Z</time></trkpt>
<trkpt lat="45.353038" lon="-75.827192"><ele>27.0</ele><time>2024-07-09T23:57:27Z</time></trkpt>
<trkpt lat="45.353032" lon="-75.827192"><ele>27.0</ele><time>2024-07-09T23:57:28Z</time></trkpt>
<trkpt lat="45.353025" lon="-75.827192"><ele>27.0</ele><time>2024-07-09T23:57:29Z</time></trkpt>
<trkpt lat="45.353019" lon="-75.827201"><ele>27.0</ele><time>2024-07-09T23:57:30Z</time></trkpt>
<trkpt lat="45.353016" lon="-75.827201"><ele>27.0</ele><time>2024-07-09T23:57:31Z</time></trkpt>
<trkpt lat="45.35301" lon="-75.827201"><ele>27.0</ele><time>2024-07-09T23:57:32Z</time></trkpt>
<trkpt lat="45.353003" lon="-75.82721"><ele>27.0</ele><time>2024-07-09T23:57:33Z</time></trkpt>
<trkpt lat="45.352997" lon="-75.82721"><ele>28.0</ele><time>2024-07-09T23:57:34Z</time></trkpt>
<trkpt lat="45.352994" lon="-75.827219"><ele>27.0</ele><time>2024-07-09T23:57:35Z</time></trkpt>
<trkpt lat="45.352987" lon="-75.827219"><ele>27.0</ele><time>2024-07-09T23:57:36Z</time></trkpt>
<trkpt lat="45.352981" lon="-75.827219"><ele>27.0</ele><time>2024-07-09T23:57:37Z</time></trkpt>
<trkpt lat="45.352978" lon="-75.827228"><ele>27.0</ele><time>2024-07-09T23:57:38Z</time></trkpt>
<trkpt lat="45.352972" lon="-75.827228"><ele>28.0</ele><time>2024-07-09T23:57:39Z</time></trkpt>
<trkpt lat="45.352965" lon="-75.827237"><ele>28.0</ele><time>2024-07-09T23:57:40Z</time></trkpt>
<trkpt lat="45.352962" lon="-75.827237"><ele>27.0</ele><time>2024-07-09T23:57:41Z</time></trkpt>
<trkpt lat="45.352956" lon="-75.827237"><ele>27.0</ele><time>2024-07-09T23:57:42Z</time></trkpt>
<trkpt lat="45.352949" lon="-75.827246"><ele>27.0</ele><time>2024-07-09T23:57:43Z</time></trkpt>
<trkpt lat="45.352943" lon="-75.827246"><ele>27.0</ele><time>2024-07-09T23:57:44Z</time></trkpt>
<trkpt lat="45.35294" lon="-75.827255"><ele>27.0</ele><time>2024-07-09T23:57:45Z</time></trkpt>
<trkpt lat="45.352934" lon="-75.827255"><ele>27.0</ele><time>2024-07-09T23:57:46Z</time></trkpt>
<trkpt lat="45.352927" lon="-75.827255"><ele>27.0</ele><time>2024-07-09T23:57:47Z</time></trkpt>
<trkpt lat="45.352924" lon="-75.827264"><ele>27.0</ele><time>2024-07-09T23:57:48Z</time></trkpt>
<trkpt lat="45.352918" lon="-75.827264"><ele>27.0</ele><time>2024-07-09T23:57:49Z</time></trkpt>
<trkpt lat="45.352915" lon="-75.827273"><ele>27.0</ele><time>2024-07-09T23:57:50Z</time></trkpt>
<trkpt lat="45.352908" lon="-75.827273"><ele>27.0</ele><time>2024-07-09T23:57:51Z</time></trkpt>
<trkpt lat="45.352902" lon="-75.827273"><ele>27.0</ele><time>2024-07-09T23:57:52Z</time></trkpt>
<trkpt lat="45.352896" lon="-75.827282"><ele>27.0</ele><time>2024-07-09T23:57:53Z</time></trkpt>
<trkpt lat="45.352889" lon="-75.827282"><ele>27.0</ele><time>2024-07-09T23:57:54Z</time></trkpt>
<trkpt lat="45.35288" lon="-75.827282"><ele>27.0</ele><time>2024-07-09T23:57:55Z</time></trkpt>
<trkpt lat="45.352873" lon="-75.827291"><ele>26.0</ele><time>2024-07-09T23:57:56Z</time></trkpt>
<trkpt lat="45.352867" lon="-75.827291"><ele>27.0</ele><time>2024-07-09T23:57:57Z</time></trkpt>
<trkpt lat="45.352861" lon="-75.827291"><ele>27.0</ele><time>2024-07-09T23:57:58Z</time></trkpt>
<trkpt lat="45.352858" lon="-75.8273"><ele>27.0</ele><time>2024-07-09T23:57:59Z</time></trkpt>
<trkpt lat="45.352854" lon="-75.8273"><ele>27.0</ele><time>2024-07-09T23:58:00Z</time></trkpt>
<trkpt lat="45.352848" lon="-75.827309"><ele>27.0</ele><time>2024-07-09T23:58:01Z</time></trkpt>
<trkpt lat="45.352845" lon="-75.827309"><ele>27.0</ele><time>2024-07-09T23:58:02Z</time></trkpt>
<trkpt lat="45.352842" lon="-75.827318"><ele>27.0</ele><time>2024-07-09T23:58:03Z</time></trkpt>
<trkpt lat="45.352835" lon="-75.827318"><ele>27.0</ele><time>2024-07-09T23:58:04Z</time></trkpt>
<trkpt lat="45.352832" lon="-75.827327"><ele>27.0</ele><time>2024-07-09T23:58:05Z</time></trkpt>
<trkpt lat="45.352826" lon="-75.827327"><ele>27.0</ele><time>2024-07-09T23:58:06Z</time></trkpt>
<trkpt lat="45.35282" lon="-75.827336"><ele>27.0</ele><time>2024-07-09T23:58:07Z</time></trkpt>
<trkpt lat="45.352816" lon="-75.827336"><ele>27.0</ele><time>2024-07-09T23:58:08Z</time></trkpt>
<trkpt lat="45.35281" lon="-75.827336"><ele>27.0</ele><time>2024-07-09T23:58:09Z</time></trkpt>
<trkpt lat="45.352804" lon="-75.827345"><ele>27.0</ele><time>2024-07-09T23:58:10Z</time></trkpt>
<trkpt lat="45.352801" lon="-75.827345"><ele>27.0</ele><time>2024-07-09T23:58:11Z</time></trkpt>
<trkpt lat="45.352794" lon="-75.827354"><ele>27.0</ele><time>2024-07-09T23:58:12Z</time></trkpt>
<trkpt lat="45.352788" lon="-75.827354"><ele>27.0</ele><time>2024-07-09T23:58:13Z</time></trkpt>
<trkpt lat="45.352782" lon="-75.827354"><ele>27.0</ele><time>2024-07-09T23:58:14Z</time></trkpt>
<trkpt lat="45.352778" lon="-75.827363"><ele>27.0</ele><time>2024-07-09T23:58:15Z</time></trkpt>
<trkpt lat="45.352772" lon="-75.827363"><ele>27.0</ele><time>2024-07-09T23:58:16Z</time></trkpt>
<trkpt lat="45.352769" lon="-75.827372"><ele>27.0</ele><time>2024-07-09T23:58:17Z</time></trkpt>
<trkpt lat="45.352763" lon="-75.827372"><ele>27.0</ele><time>2024-07-09T23:58:18Z</time></trkpt>
<trkpt lat="45.352756" lon="-75.827381"><ele>27.0</ele><time>2024-07-09T23:58:19Z</time></trkpt>
<trkpt lat="45.352753" lon="-75.827381"><ele>27.0</ele><time>2024-07-09T23:58:20Z</time></trkpt>
<trkpt lat="45.352747" lon="-75.827381"><ele>27.0</ele><time>2024-07-09T23:58:21Z</time></trkpt>
<trkpt lat="45.35274" lon="-75.82739"><ele>27.0</ele><time>2024-07-09T23:58:22Z</time></trkpt>
<trkpt lat="45.352734" lon="-75.82739"><ele>27.0</ele><time>2024-07-09T23:58:23Z</time></trkpt>
<trkpt lat="45.352728" lon="-75.827399"><ele>27.0</ele><time>2024-07-09T23:58:24Z</time></trkpt>
<trkpt lat="45.352721" lon="-75.827399"><ele>27.0</ele><time>2024-07-09T23:58:25Z</time></trkpt>
<trkpt lat="45.352715" lon="-75.827399"><ele>27.0</ele><time>2024-07-09T23:58:26Z</time></trkpt>
<trkpt lat="45.352712" lon="-75.827408"><ele>27.0</ele><time>2024-07-09T23:58:27Z</time></trkpt>
<trkpt lat="45.352706" lon="-75.827408"><ele>28.0</ele><time>2024-07-09T23:58:28Z</time></trkpt>
<trkpt lat="45.352699" lon="-75.827408"><ele>28.0</ele><time>2024-07-09T23:58:29Z</time></trkpt>
<trkpt lat="45.352693" lon="-75.827417"><ele>28.0</ele><time>2024-07-09T23:58:30Z</time></trkpt>
<trkpt lat="45.35269" lon="-75.827417"><ele>28.0</ele><time>2024-07-09T23:58:31Z</time></trkpt>
<trkpt lat="45.352683" lon="-75.827417"><ele>28.0</ele><time>2024-07-09T23:58:32Z</time></trkpt>
<trkpt lat="45.352677" lon="-75.827426"><ele>28.0</ele><time>2024-07-09T23:58:33Z</time></trkpt>
<trkpt lat="45.352674" lon="-75.827426"><ele>27.0</ele><time>2024-07-09T23:58:34Z</time></trkpt>
<trkpt lat="45.352668" lon="-75.827435"><ele>27.0</ele><time>2024-07-09T23:58:35Z</time></trkpt>
<trkpt lat="45.352661" lon="-75.827435"><ele>27.0</ele><time>2024-07-09T23:58:36Z</time></trkpt>
<trkpt lat="45.352655" lon="-75.827435"><ele>27.0</ele><time>2024-07-09T23:58:37Z</time></trkpt>
<trkpt lat="45.352649" lon="-75.827444"><ele>27.0</ele><time>2024-07-09T23:58:38Z</time></trkpt>
<trkpt lat="45.352642" lon="-75.827444"><ele>28.0</ele><time>2024-07-09T23:58:39Z</time></trkpt>
<trkpt lat="45.352636" lon="-75.827444"><ele>27.0</ele><time>2024-07-09T23:58:40Z</time></trkpt>
<trkpt lat="45.352633" lon="-75.827453"><ele>28.0</ele><time>2024-07-09T23:58:41Z</time></trkpt>
<trkpt lat="45.352626" lon="-75.827453"><ele>28.0</ele><time>2024-07-09T23:58:42Z</time></trkpt>
<trkpt lat="45.352623" lon="-75.827453"><ele>28.0</ele><time>2024-07-09T23:58:43Z</time></trkpt>
<trkpt lat="45.352617" lon="-75.827462"><ele>28.0</ele><time>2024-07-09T23:58:44Z</time></trkpt>
<trkpt lat="45.352614" lon="-75.827471"><ele>28.0</ele><time>2024-07-09T23:58:45Z</time></trkpt>
<trkpt lat="45.352611" lon="-75.827471"><ele>28.0</ele><time>2024-07-09T23:58:46Z</time></trkpt>
<trkpt lat="45.352604" lon="-75.82748"><ele>28.0</ele><time>2024-07-09T23:58:47Z</time></trkpt>
<trkpt lat="45.352601" lon="-75.82748"><ele>28.0</ele><time>2024-07-09T23:58:48Z</time></trkpt>
<trkpt lat="45.352595" lon="-75.82748"><ele>28.0</ele><time>2024-07-09T23:58:49Z</time></trkpt>
<trkpt lat="45.352592" lon="-75.827489"><ele>28.0</ele><time>2024-07-09T23:58:50Z</time></trkpt>
<trkpt lat="45.352588" lon="-75.827489"><ele>28.0</ele><time>2024-07-09T23:58:51Z</time></trkpt>
<trkpt lat="45.352582" lon="-75.827489"><ele>28.0</ele><time>2024-07-09T23:58:52Z</time></trkpt>
<trkpt lat="45.352579" lon="-75.827489"><ele>28.0</ele><time>2024-07-09T23:58:53Z</time></trkpt>
<trkpt lat="45.352573" lon="-75.827489"><ele>28.0</ele><time>2024-07-09T23:58:54Z</time></trkpt>
<trkpt lat="45.352569" lon="-75.827489"><ele>28.0</ele><time>2024-07-09T23:58:55Z</time></trkpt>
<trkpt lat="45.352563" lon="-75.827489"><ele>28.0</ele><time>2024-07-09T23:58:56Z</time></trkpt>
<trkpt lat="45.352557" lon="-75.827489"><ele>28.0</ele><time>2024-07-09T23:58:57Z</time></trkpt>
<trkpt lat="45.352554" lon="-75.82748"><ele>28.0</ele><time>2024-07-09T23:58:58Z</time></trkpt>
<trkpt lat="45.352547" lon="-75.82748"><ele>28.0</ele><time>2024-07-09T23:58:59Z</time></trkpt>
<trkpt lat="45.352544" lon="-75.82748"><ele>27.0</ele><time>2024-07-09T23:59:00Z</time></trkpt>
<trkpt lat="45.352541" lon="-75.82748"><ele>27.0</ele><time>2024-07-09T23:59:01Z</time></trkpt>
<trkpt lat="45.352538" lon="-75.82748"><ele>27.0</ele><time>2024-07-09T23:59:02Z</time></trkpt>
<trkpt lat="45.352535" lon="-75.827471"><ele>27.0</ele><time>2024-07-09T23:59:03Z</time></trkpt>
<trkpt lat="45.352531" lon="-75.827471"><ele>27.0</ele><time>2024-07-09T23:59:04Z</time></trkpt>
<trkpt lat="45.352531" lon="-75.827462"><ele>27.0</ele><time>2024-07-09T23:59:05Z</time></trkpt>
<trkpt lat="45.352528" lon="-75.827462"><ele>27.0</ele><time>2024-07-09T23:59:06Z</time></trkpt>
<trkpt lat="45.352528" lon="-75.827462"><ele>27.0</ele><time>2024-07-09T23:59:07Z</time></trkpt>
<trkpt lat="45.352528" lon="-75.827453"><ele>27.0</ele><time>2024-07-09T23:59:08Z</time></trkpt>
<trkpt lat="45.352525" lon="-75.827453"><ele>26.0</ele><time>2024-07-09T23:59:09Z</time></trkpt>
<trkpt lat="45.352525" lon="-75.827444"><ele>26.0</ele><time>2024-07-09T23:59:10Z</time></trkpt>
<trkpt lat="45.352522" lon="-75.827444"><ele>26.0</ele><time>2024-07-09T23:59:11Z</time></trkpt>
<trkpt lat="45.352522" lon="-75.827444"><ele>26.0</ele><time>2024-07-09T23:59:12Z</time></trkpt>
<trkpt lat="45.352522" lon="-75.827435"><ele>26.0</ele><time>2024-07-09T23:59:13Z</time></trkpt>
<trkpt lat="45.352519" lon="-75.827435"><ele>26.0</ele><time>2024-07-09T23:59:14Z</time></trkpt>
<trkpt lat="45.352519" lon="-75.827435"><ele>26.0</ele><time>2024-07-09T23:59:15Z</time></trkpt>
<trkpt lat="45.352519" lon="-75.827426"><ele>26.0</ele><time>2024-07-09T23:59:16Z</time></trkpt>
<trkpt lat="45.352519" lon="-75.827426"><ele>26.0</ele><time>2024-07-09T23:59:17Z</time></trkpt>
<trkpt lat="45.352516" lon="-75.827426"><ele>26.0</ele><time>2024-07-09T23:59:18Z</time></trkpt>
<trkpt lat="45.352516" lon="-75.827417"><ele>26.0</ele><time>2024-07-09T23:59:19Z</time></trkpt>
<trkpt lat="45.352516" lon="-75.827417"><ele>26.0</ele><time>2024-07-09T23:59:20Z</time></trkpt>
<trkpt lat="45.352516" lon="-75.827417"><ele>26.0</ele><time>2024-07-09T23:59:21Z</time></trkpt>
<trkpt lat="45.352516" lon="-75.827408"><ele>27.0</ele><time>2024-07-09T23:59:22Z</time></trkpt>
<trkpt lat="45.352516" lon="-75.827408"><ele>27.0</ele><time>2024-07-09T23:59:23Z</time></trkpt>
<trkpt lat="45.352516" lon="-75.827408"><ele>27.0</ele><time>2024-07-09T23:59:24Z</time></trkpt>
<trkpt lat="45.352516" lon="-75.827408"><ele>27.0</ele><time>2024-07-09T23:59:25Z</time></trkpt>
<trkpt lat="45.352512" lon="-75.827408"><ele>27.0</ele><time>2024-07-09T23:59:26Z</time></trkpt>
<trkpt lat="45.352512" lon="-75.827408"><ele>27.0</ele><time>2024-07-09T23:59:27Z</time></trkpt>
<trkpt lat="45.352512" lon="-75.827408"><ele>27.0</ele><time>2024-07-09T23:59:28Z</time></trkpt>
<trkpt lat="45.352512" lon="-75.827408"><ele>27.0</ele><time>2024-07-09T23:59:29Z</time></trkpt>
<trkpt lat="45.352512" lon="-75.827408"><ele>27.0</ele><time>2024-07-09T23:59:30Z</time></trkpt>
<trkpt lat="45.352512" lon="-75.827408"><ele>27.0</ele><time>2024-07-09T23:59:31Z</time></trkpt>
<trkpt lat="45.352512" lon="-75.827408"><ele>26.0</ele><time>2024-07-09T23:59:32Z</time></trkpt>
<trkpt lat="45.352512" lon="-75.827408"><ele>26.0</ele><time>2024-07-09T23:59:33Z</time></trkpt>
<trkpt lat="45.352509" lon="-75.827408"><ele>26.0</ele><time>2024-07-09T23:59:34Z</time></trkpt>
<trkpt lat="45.352509" lon="-75.827408"><ele>26.0</ele><time>2024-07-09T23:59:35Z</time></trkpt>
<trkpt lat="45.352509" lon="-75.827408"><ele>26.0</ele><time>2024-07-09T23:59:36Z</time></trkpt>
<trkpt lat="45.352509" lon="-75.827399"><ele>26.0</ele><time>2024-07-09T23:59:37Z</time></trkpt>
<trkpt lat="45.352509" lon="-75.827399"><ele>26.0</ele><time>2024-07-09T23:59:38Z</time></trkpt>
<trkpt lat="45.352509" lon="-75.827399"><ele>26.0</ele><time>2024-07-09T23:59:39Z</time></trkpt>
<trkpt lat="45.352509" lon="-75.827399"><ele>26.0</ele><time>2024-07-09T23:59:40Z</time></trkpt>
<trkpt lat="45.352509" lon="-75.827399"><ele>26.0</ele><time>2024-07-09T23:59:41Z</time></trkpt>
<trkpt lat="45.352509" lon="-75.827399"><ele>26.0</ele><time>2024-07-09T23:59:42Z</time></trkpt>
<trkpt lat="45.352509" lon="-75.827399"><ele>26.0</ele><time>2024-07-09T23:59:43Z</time></trkpt>
<trkpt lat="45.352509" lon="-75.827399"><ele>26.0</ele><time>2024-07-09T23:59:44Z</time></trkpt>
<trkpt lat="45.352509" lon="-75.827399"><ele>26.0</ele><time>2024-07-09T23:59:45Z</time></trkpt>
<trkpt lat="45.352509" lon="-75.827399"><ele>26.0</ele><time>2024-07-09T23:59:46Z</time></trkpt>
<trkpt lat="45.352509" lon="-75.827399"><ele>26.0</ele><time>2024-07-09T23:59:47Z</time></trkpt>
<trkpt lat="45.352509" lon="-75.827399"><ele>26.0</ele><time>2024-07-09T23:59:48Z</time></trkpt>
<trkpt lat="45.352509" lon="-75.827399"><ele>26.0</ele><time>2024-07-09T23:59:49Z</time></trkpt>
<trkpt lat="45.352509" lon="-75.827399"><ele>26.0</ele><time>2024-07-09T23:59:50Z</time></trkpt>
<trkpt lat="45.352509" lon="-75.827399"><ele>26.0</ele><time>2024-07-09T23:59:51Z</time></trkpt>
<trkpt lat="45.352509" lon="-75.827399"><ele>26.0</ele><time>2024-07-09T23:59:52Z</time></trkpt>
<trkpt lat="45.352509" lon="-75.827399"><ele>26.0</ele><time>2024-07-09T23:59:53Z</time></trkpt>
<trkpt lat="45.352509" lon="-75.827399"><ele>26.0</ele><time>2024-07-09T23:59:54Z</time></trkpt>
<trkpt lat="45.352509" lon="-75.827399"><ele>26.0</ele><time>2024-07-09T23:59:55Z</time></trkpt>
<trkpt lat="45.352509" lon="-75.827399"><ele>26.0</ele><time>2024-07-09T23:59:56Z</time></trkpt>
<trkpt lat="45.352509" lon="-75.827399"><ele>26.0</ele><time>2024-07-09T23:59:57Z</time></trkpt>
<trkpt lat="45.352509" lon="-75.827399"><ele>26.0</ele><time>2024-07-09T23:59:58Z</time></trkpt>
<trkpt lat="45.352509" lon="-75.827399"><ele>26.0</ele><time>2024-07-09T23:59:59Z</time></trkpt>
<trkpt lat="45.352509" lon="-75.827399"><ele>26.0</ele><time>2024-07-10T00:00:00Z</time></trkpt>
<trkpt lat="45.352509" lon="-75.827399"><ele>26.0</ele><time>2024-07-10T00:00:01Z</time></trkpt>
<trkpt lat="45.352509" lon="-75.827399"><ele>26.0</ele><time>2024-07-10T00:00:02Z</time></trkpt>
<trkpt lat="45.352509" lon="-75.827399"><ele>26.0</ele><time>2024-07-10T00:00:03Z</time></trkpt>
<trkpt lat="45.352509" lon="-75.827399"><ele>26.0</ele><time>2024-07-10T00:00:04Z</time></trkpt>
<trkpt lat="45.352509" lon="-75.827399"><ele>26.0</ele><time>2024-07-10T00:00:05Z</time></trkpt>
<trkpt lat="45.352509" lon="-75.827399"><ele>26.0</ele><time>2024-07-10T00:00:06Z</time></trkpt>
<trkpt lat="45.352509" lon="-75.827399"><ele>26.0</ele><time>2024-07-10T00:00:07Z</time></trkpt>
<trkpt lat="45.352509" lon="-75.827399"><ele>26.0</ele><time>2024-07-10T00:00:08Z</time></trkpt>
<trkpt lat="45.352509" lon="-75.827399"><ele>26.0</ele><time>2024-07-10T00:00:09Z</time></trkpt>
<trkpt lat="45.352509" lon="-75.827399"><ele>26.0</ele><time>2024-07-10T00:00:10Z</time></trkpt>
<trkpt lat="45.352509" lon="-75.827399"><ele>26.0</ele><time>2024-07-10T00:00:11Z</time></trkpt>
<trkpt lat="45.352509" lon="-75.827399"><ele>26.0</ele><time>2024-07-10T00:00:12Z</time></trkpt>
<trkpt lat="45.352509" lon="-75.827399"><ele>26.0</ele><time>2024-07-10T00:00:13Z</time></trkpt>
<trkpt lat="45.352509" lon="-75.827399"><ele>26.0</ele><time>2024-07-10T00:00:14Z</time></trkpt>
<trkpt lat="45.352509" lon="-75.827399"><ele>26.0</ele><time>2024-07-10T00:00:15Z</time></trkpt>
<trkpt lat="45.352509" lon="-75.827399"><ele>26.0</ele><time>2024-07-10T00:00:16Z</time></trkpt>
<trkpt lat="45.352509" lon="-75.827399"><ele>26.0</ele><time>2024-07-10T00:00:17Z</time></trkpt>
<trkpt lat="45.352509" lon="-75.827399"><ele>26.0</ele><time>2024-07-10T00:00:18Z</time></trkpt>
<trkpt lat="45.352509" lon="-75.827399"><ele>26.0</ele><time>2024-07-10T00:00:19Z</time></trkpt>
<trkpt lat="45.352509" lon="-75.827399"><ele>26.0</ele><time>2024-07-10T00:00:20Z</time></trkpt>
<trkpt lat="45.352509" lon="-75.827399"><ele>26.0</ele><time>2024-07-10T00:00:21Z</time></trkpt>
<trkpt lat="45.352509" lon="-75.827399"><ele>26.0</ele><time>2024-07-10T00:00:22Z</time></trkpt>
<trkpt lat="45.352509" lon="-75.827399"><ele>26.0</ele><time>2024-07-10T00:00:23Z</time></trkpt>
<trkpt lat="45.352509" lon="-75.827399"><ele>26.0</ele><time>2024-07-10T00:00:24Z</time></trkpt>
<trkpt lat="45.352509" lon="-75.827399"><ele>26.0</ele><time>2024-07-10T00:00:25Z</time></trkpt>
<trkpt lat="45.352509" lon="-75.827399"><ele>26.0</ele><time>2024-07-10T00:00:26Z</time></trkpt>
<trkpt lat="45.352509" lon="-75.827399"><ele>26.0</ele><time>2024-07-10T00:00:27Z</time></trkpt>
<trkpt lat="45.352509" lon="-75.827399"><ele>26.0</ele><time>2024-07-10T00:00:28Z</time></trkpt>
<trkpt lat="45.352509" lon="-75.827399"><ele>26.0</ele><time>2024-07-10T00:00:29Z</time></trkpt>
<trkpt lat="45.352509" lon="-75.827399"><ele>26.0</ele><time>2024-07-10T00:00:30Z</time></trkpt>
<trkpt lat="45.352509" lon="-75.827399"><ele>26.0</ele><time>2024-07-10T00:00:31Z</time></trkpt>
<trkpt lat="45.352509" lon="-75.827399"><ele>26.0</ele><time>2024-07-10T00:00:32Z</time></trkpt>
<trkpt lat="45.352509" lon="-75.827399"><ele>26.0</ele><time>2024-07-10T00:00:33Z</time></trkpt>
<trkpt lat="45.352509" lon="-75.827399"><ele>26.0</ele><time>2024-07-10T00:00:34Z</time></trkpt>
<trkpt lat="45.352509" lon="-75.827399"><ele>26.0</ele><time>2024-07-10T00:00:35Z</time></trkpt>
<trkpt lat="45.352509" lon="-75.827399"><ele>26.0</ele><time>2024-07-10T00:00:36Z</time></trkpt>
<trkpt lat="45.352509" lon="-75.827399"><ele>26.0</ele><time>2024-07-10T00:00:37Z</time></trkpt>
<trkpt lat="45.352509" lon="-75.827399"><ele>26.0</ele><time>2024-07-10T00:00:38Z</time></trkpt>
<trkpt lat="45.352509" lon="-75.827399"><ele>26.0</ele><time>2024-07-10T00:00:39Z</time></trkpt>
<trkpt lat="45.352509" lon="-75.827399"><ele>26.0</ele><time>2024-07-10T00:00:40Z</time></trkpt>
<trkpt lat="45.352509" lon="-75.827399"><ele>26.0</ele><time>2024-07-10T00:00:41Z</time></trkpt>
<trkpt lat="45.352509" lon="-75.827399"><ele>26.0</ele><time>2024-07-10T00:00:42Z</time></trkpt>
<trkpt lat="45.352509" lon="-75.827399"><ele>26.0</ele><time>2024-07-10T00:00:43Z</time></trkpt>
<trkpt lat="45.352509" lon="-75.827399"><ele>26.0</ele><time>2024-07-10T00:00:44Z</time></trkpt>
<trkpt lat="45.352509" lon="-75.827399"><ele>26.0</ele><time>2024-07-10T00:00:45Z</time></trkpt>
<trkpt lat="45.352509" lon="-75.827399"><ele>26.0</ele><time>2024-07-10T00:00:46Z</time></trkpt>
<trkpt lat="45.352509" lon="-75.827399"><ele>26.0</ele><time>2024-07-10T00:00:47Z</time></trkpt>
<trkpt lat="45.352509" lon="-75.827399"><ele>26.0</ele><time>2024-07-10T00:00:48Z</time></trkpt>
<trkpt lat="45.352509" lon="-75.827399"><ele>26.0</ele><time>2024-07-10T00:00:49Z</time></trkpt>
<trkpt lat="45.352509" lon="-75.827399"><ele>26.0</ele><time>2024-07-10T00:00:50Z</time></trkpt>
<trkpt lat="45.352509" lon="-75.827399"><ele>26.0</ele><time>2024-07-10T00:00:51Z</time></trkpt>
<trkpt lat="45.352509" lon="-75.827399"><ele>26.0</ele><time>2024-07-10T00:00:52Z</time></trkpt>
<trkpt lat="45.352509" lon="-75.827399"><ele>26.0</ele><time>2024-07-10T00:00:53Z</time></trkpt>
<trkpt lat="45.352509" lon="-75.827399"><ele>26.0</ele><time>2024-07-10T00:00:54Z</time></trkpt>
<trkpt lat="45.352509" lon="-75.827399"><ele>26.0</ele><time>2024-07-10T00:00:55Z</time></trkpt>
<trkpt lat="45.352509" lon="-75.827399"><ele>26.0</ele><time>2024-07-10T00:00:56Z</time></trkpt>
<trkpt lat="45.352509" lon="-75.827399"><ele>26.0</ele><time>2024-07-10T00:00:57Z</time></trkpt>
<trkpt lat="45.352509" lon="-75.827399"><ele>26.0</ele><time>2024-07-10T00:00:58Z</time></trkpt>
<trkpt lat="45.352509" lon="-75.827399"><ele>26.0</ele><time>2024-07-10T00:00:59Z</time></trkpt>
<trkpt lat="45.352509" lon="-75.827399"><ele>26.0</ele><time>2024-07-10T00:01:00Z</time></trkpt>
<trkpt lat="45.352509" lon="-75.827399"><ele>26.0</ele><time>2024-07-10T00:01:01Z</time></trkpt>
<trkpt lat="45.352509" lon="-75.827399"><ele>26.0</ele><time>2024-07-10T00:01:02Z</time></trkpt>
<trkpt lat="45.352509" lon="-75.827399"><ele>26.0</ele><time>2024-07-10T00:01:03Z</time></trkpt>
<trkpt lat="45.352509" lon="-75.827399"><ele>26.0</ele><time>2024-07-10T00:01:04Z</time></trkpt>
<trkpt lat="45.352509" lon="-75.827399"><ele>26.0</ele><time>2024-07-10T00:01:05Z</time></trkpt>
<trkpt lat="45.352509" lon="-75.827399"><ele>26.0</ele><time>2024-07-10T00:01:06Z</time></trkpt>
<trkpt lat="45.352509" lon="-75.827399"><ele>26.0</ele><time>2024-07-10T00:01:07Z</time></trkpt>
<trkpt lat="45.352509" lon="-75.827399"><ele>26.0</ele><time>2024-07-10T00:01:08Z</time></trkpt>
<trkpt lat="45.352509" lon="-75.827399"><ele>26.0</ele><time>2024-07-10T00:01:09Z</time></trkpt>
<trkpt lat="45.352509" lon="-75.827399"><ele>26.0</ele><time>2024-07-10T00:01:10Z</time></trkpt>
<trkpt lat="45.352509" lon="-75.827399"><ele>26.0</ele><time>2024-07-10T00:01:11Z</time></trkpt>
<trkpt lat="45.352509" lon="-75.827399"><ele>26.0</ele><time>2024-07-10T00:01:12Z</time></trkpt>
<trkpt lat="45.352509" lon="-75.827399"><ele>26.0</ele><time>2024-07-10T00:01:13Z</time></trkpt>
<trkpt lat="45.352509" lon="-75.827399"><ele>26.0</ele><time>2024-07-10T00:01:14Z</time></trkpt>
<trkpt lat="45.352509" lon="-75.827399"><ele>26.0</ele><time>2024-07-10T00:01:15Z</time></trkpt>
<trkpt lat="45.352509" lon="-75.827399"><ele>26.0</ele><time>2024-07-10T00:01:16Z</time></trkpt>
<trkpt lat="45.352509" lon="-75.827399"><ele>26.0</ele><time>2024-07-10T00:01:17Z</time></trkpt>
<trkpt lat="45.352509" lon="-75.827399"><ele>26.0</ele><time>2024-07-10T00:01:18Z</time></trkpt>
<trkpt lat="45.352509" lon="-75.827399"><ele>26.0</ele><time>2024-07-10T00:01:19Z</time></trkpt>
<trkpt lat="45.352509" lon="-75.827399"><ele>26.0</ele><time>2024-07-10T00:01:20Z</time></trkpt>
<trkpt lat="45.352509" lon="-75.827399"><ele>26.0</ele><time>2024-07-10T00:01:21Z</time></trkpt>
<trkpt lat="45.352509" lon="-75.827399"><ele>26.0</ele><time>2024-07-10T00:01:22Z</time></trkpt>
<trkpt lat="45.352509" lon="-75.827399"><ele>26.0</ele><time>2024-07-10T00:01:23Z</time></trkpt>
<trkpt lat="45.352509" lon="-75.827399"><ele>26.0</ele><time>2024-07-10T00:01:24Z</time></trkpt>
<trkpt lat="45.352509" lon="-75.827399"><ele>26.0</ele><time>2024-07-10T00:01:25Z</time></trkpt>
<trkpt lat="45.352509" lon="-75.827399"><ele>26.0</ele><time>2024-07-10T00:01:26Z</time></trkpt>
<trkpt lat="45.352509" lon="-75.827399"><ele>26.0</ele><time>2024-07-10T00:01:27Z</time></trkpt>
<trkpt lat="45.352509" lon="-75.827399"><ele>26.0</ele><time>2024-07-10T00:01:28Z</time></trkpt>
<trkpt lat="45.352509" lon="-75.827399"><ele>26.0</ele><time>2024-07-10T00:01:29Z</time></trkpt>
<trkpt lat="45.352509" lon="-75.827399"><ele>26.0</ele><time>2024-07-10T00:01:30Z</time></trkpt>
<trkpt lat="45.352509" lon="-75.827399"><ele>26.0</ele><time>2024-07-10T00:01:31Z</time></trkpt>
<trkpt lat="45.352509" lon="-75.827399"><ele>26.0</ele><time>2024-07-10T00:01:32Z</time></trkpt>
<trkpt lat="45.352509" lon="-75.827399"><ele>26.0</ele><time>2024-07-10T00:01:33Z</time></trkpt>
<trkpt lat="45.352509" lon="-75.827399"><ele>26.0</ele><time>2024-07-10T00:01:34Z</time></trkpt>
<trkpt lat="45.352509" lon="-75.827399"><ele>26.0</ele><time>2024-07-10T00:01:35Z</time></trkpt>
<trkpt lat="45.352509" lon="-75.827399"><ele>26.0</ele><time>2024-07-10T00:01:36Z</time></trkpt>
<trkpt lat="45.352509" lon="-75.827399"><ele>26.0</ele><time>2024-07-10T00:01:37Z</time></trkpt>
<trkpt lat="45.352509" lon="-75.827399"><ele>26.0</ele><time>2024-07-10T00:01:38Z</time></trkpt>
<trkpt lat="45.352509" lon="-75.827399"><ele>26.0</ele><time>2024-07-10T00:01:39Z</time></trkpt>
<trkpt lat="45.352509" lon="-75.827399"><ele>26.0</ele><time>2024-07-10T00:01:40Z</time></trkpt>
<trkpt lat="45.352509" lon="-75.827399"><ele>26.0</ele><time>2024-07-10T00:01:41Z</time></trkpt>
<trkpt lat="45.352509" lon="-75.827399"><ele>26.0</ele><time>2024-07-10T00:01:42Z</time></trkpt>
<trkpt lat="45.352509" lon="-75.827399"><ele>26.0</ele><time>2024-07-10T00:01:43Z</time></trkpt>
<trkpt lat="45.352509" lon="-75.827399"><ele>26.0</ele><time>2024-07-10T00:01:44Z</time></trkpt>
<trkpt lat="45.352509" lon="-75.827399"><ele>26.0</ele><time>2024-07-10T00:01:45Z</time></trkpt>
<trkpt lat="45.352509" lon="-75.827399"><ele>26.0</ele><time>2024-07-10T00:01:46Z</time></trkpt>
<trkpt lat="45.352509" lon="-75.827399"><ele>26.0</ele><time>2024-07-10T00:01:47Z</time></trkpt>
<trkpt lat="45.352509" lon="-75.827399"><ele>26.0</ele><time>2024-07-10T00:01:48Z</time></trkpt>
<trkpt lat="45.352509" lon="-75.827399"><ele>26.0</ele><time>2024-07-10T00:01:49Z</time></trkpt>
<trkpt lat="45.352509" lon="-75.827399"><ele>26.0</ele><time>2024-07-10T00:01:50Z</time></trkpt>
<trkpt lat="45.352509" lon="-75.827399"><ele>26.0</ele><time>2024-07-10T00:01:51Z</time></trkpt>
<trkpt lat="45.352509" lon="-75.827399"><ele>26.0</ele><time>2024-07-10T00:01:52Z</time></trkpt>
<trkpt lat="45.352509" lon="-75.827399"><ele>26.0</ele><time>2024-07-10T00:01:53Z</time></trkpt>
<trkpt lat="45.352509" lon="-75.827399"><ele>26.0</ele><time>2024-07-10T00:01:54Z</time></trkpt>
<trkpt lat="45.352509" lon="-75.827399"><ele>26.0</ele><time>2024-07-10T00:01:55Z</time></trkpt>
<trkpt lat="45.352509" lon="-75.827399"><ele>26.0</ele><time>2024-07-10T00:01:56Z</time></trkpt>
<trkpt lat="45.352509" lon="-75.827399"><ele>26.0</ele><time>2024-07-10T00:01:57Z</time></trkpt>
<trkpt lat="45.352509" lon="-75.827399"><ele>26.0</ele><time>2024-07-10T00:01:58Z</time></trkpt>
<trkpt lat="45.352509" lon="-75.827399"><ele>26.0</ele><time>2024-07-10T00:01:59Z</time></trkpt>
<trkpt lat="45.352509" lon="-75.827399"><ele>26.0</ele><time>2024-07-10T00:02:00Z</time></trkpt>
<trkpt lat="45.352509" lon="-75.827399"><ele>26.0</ele><time>2024-07-10T00:02:01Z</time></trkpt>
<trkpt lat="45.352509" lon="-75.827399"><ele>26.0</ele><time>2024-07-10T00:02:02Z</time></trkpt>
<trkpt lat="45.352509" lon="-75.827399"><ele>26.0</ele><time>2024-07-10T00:02:03Z</time></trkpt>
<trkpt lat="45.352509" lon="-75.827399"><ele>26.0</ele><time>2024-07-10T00:02:04Z</time></trkpt>
<trkpt lat="45.352509" lon="-75.827399"><ele>26.0</ele><time>2024-07-10T00:02:05Z</time></trkpt>
<trkpt lat="45.352509" lon="-75.827399"><ele>26.0</ele><time>2024-07-10T00:02:06Z</time></trkpt>
<trkpt lat="45.352509" lon="-75.827399"><ele>26.0</ele><time>2024-07-10T00:02:07Z</time></trkpt>
<trkpt lat="45.352509" lon="-75.827399"><ele>26.0</ele><time>2024-07-10T00:02:08Z</time></trkpt>
<trkpt lat="45.352509" lon="-75.827399"><ele>26.0</ele><time>2024-07-10T00:02:09Z</time></trkpt>
<trkpt lat="45.352509" lon="-75.827399"><ele>26.0</ele><time>2024-07-10T00:02:10Z</time></trkpt>
<trkpt lat="45.352509" lon="-75.827399"><ele>26.0</ele><time>2024-07-10T00:02:11Z</time></trkpt>
<trkpt lat="45.352509" lon="-75.827399"><ele>26.0</ele><time>2024-07-10T00:02:12Z</time></trkpt>
<trkpt lat="45.352509" lon="-75.827399"><ele>26.0</ele><time>2024-07-10T00:02:13Z</time></trkpt>
<trkpt lat="45.352509" lon="-75.827399"><ele>26.0</ele><time>2024-07-10T00:02:14Z</time></trkpt>
<trkpt lat="45.352509" lon="-75.827399"><ele>26.0</ele><time>2024-07-10T00:02:15Z</time></trkpt>
<trkpt lat="45.352509" lon="-75.827399"><ele>26.0</ele><time>2024-07-10T00:02:16Z</time></trkpt>
<trkpt lat="45.352509" lon="-75.827399"><ele>26.0</ele><time>2024-07-10T00:02:17Z</time></trkpt>
<trkpt lat="45.352509" lon="-75.827399"><ele>26.0</ele><time>2024-07-10T00:02:18Z</time></trkpt>
<trkpt lat="45.352509" lon="-75.827399"><ele>26.0</ele><time>2024-07-10T00:02:19Z</time></trkpt>
<trkpt lat="45.352509" lon="-75.827399"><ele>26.0</ele><time>2024-07-10T00:02:20Z</time></trkpt>
<trkpt lat="45.352509" lon="-75.827399"><ele>26.0</ele><time>2024-07-10T00:02:21Z</time></trkpt>
<trkpt lat="45.352509" lon="-75.827399"><ele>26.0</ele><time>2024-07-10T00:02:22Z</time></trkpt>
<trkpt lat="45.352509" lon="-75.827399"><ele>26.0</ele><time>2024-07-10T00:02:23Z</time></trkpt>
<trkpt lat="45.352509" lon="-75.827399"><ele>26.0</ele><time>2024-07-10T00:02:24Z</time></trkpt>
<trkpt lat="45.352509" lon="-75.827399"><ele>26.0</ele><time>2024-07-10T00:02:25Z</time></trkpt>
<trkpt lat="45.352509" lon="-75.827399"><ele>26.0</ele><time>2024-07-10T00:02:26Z</time></trkpt>
<trkpt lat="45.352509" lon="-75.827399"><ele>26.0</ele><time>2024-07-10T00:02:27Z</time></trkpt>
<trkpt lat="45.352509" lon="-75.827399"><ele>26.0</ele><time>2024-07-10T00:02:28Z</time></trkpt>
<trkpt lat="45.352509" lon="-75.827399"><ele>26.0</ele><time>2024-07-10T00:02:29Z</time></trkpt>
<trkpt lat="45.352509" lon="-75.827399"><ele>26.0</ele><time>2024-07-10T00:02:30Z</time></trkpt>
<trkpt lat="45.352509" lon="-75.827399"><ele>26.0</ele><time>2024-07-10T00:02:31Z</time></trkpt>
<trkpt lat="45.352509" lon="-75.827399"><ele>26.0</ele><time>2024-07-10T00:02:32Z</time></trkpt>
<trkpt lat="45.352509" lon="-75.827399"><ele>26.0</ele><time>2024-07-10T00:02:33Z</time></trkpt>
<trkpt lat="45.352509" lon="-75.827399"><ele>26.0</ele><time>2024-07-10T00:02:34Z</time></trkpt>
<trkpt lat="45.352509" lon="-75.827399"><ele>26.0</ele><time>2024-07-10T00:02:35Z</time></trkpt>
<trkpt lat="45.352509" lon="-75.827399"><ele>26.0</ele><time>2024-07-10T00:02:36Z</time></trkpt>
<trkpt lat="45.352509" lon="-75.827399"><ele>26.0</ele><time>2024-07-10T00:02:37Z</time></trkpt>
<trkpt lat="45.352509" lon="-75.827399"><ele>26.0</ele><time>2024-07-10T00:02:38Z</time></trkpt>
<trkpt lat="45.352509" lon="-75.827399"><ele>26.0</ele><time>2024-07-10T00:02:39Z</time></trkpt>
<trkpt lat="45.352509" lon="-75.827399"><ele>26.0</ele><time>2024-07-10T00:02:40Z</time></trkpt>
<trkpt lat="45.352509" lon="-75.827399"><ele>26.0</ele><time>2024-07-10T00:02:41Z</time></trkpt>
<trkpt lat="45.352509" lon="-75.827399"><ele>26.0</ele><time>2024-07-10T00:02:42Z</time></trkpt>
<trkpt lat="45.352509" lon="-75.827399"><ele>26.0</ele><time>2024-07-10T00:02:43Z</time></trkpt>
<trkpt lat="45.352509" lon="-75.827399"><ele>26.0</ele><time>2024-07-10T00:02:44Z</time></trkpt>
<trkpt lat="45.352509" lon="-75.827399"><ele>26.0</ele><time>2024-07-10T00:02:45Z</time></trkpt>
<trkpt lat="45.352509" lon="-75.827399"><ele>26.0</ele><time>2024-07-10T00:02:46Z</time></trkpt>
<trkpt lat="45.352509" lon="-75.827399"><ele>26.0</ele><time>2024-07-10T00:02:47Z</time></trkpt>
<trkpt lat="45.352509" lon="-75.827399"><ele>26.0</ele><time>2024-07-10T00:02:48Z</time></trkpt>
<trkpt lat="45.352509" lon="-75.827399"><ele>26.0</ele><time>2024-07-10T00:02:49Z</time></trkpt>
<trkpt lat="45.352509" lon="-75.827399"><ele>26.0</ele><time>2024-07-10T00:02:50Z</time></trkpt>
<trkpt lat="45.352509" lon="-75.827399"><ele>26.0</ele><time>2024-07-10T00:02:51Z</time></trkpt>
<trkpt lat="45.352509" lon="-75.827399"><ele>26.0</ele><time>2024-07-10T00:02:52Z</time></trkpt>
<trkpt lat="45.352509" lon="-75.827399"><ele>26.0</ele><time>2024-07-10T00:02:53Z</time></trkpt>
<trkpt lat="45.352509" lon="-75.827399"><ele>26.0</ele><time>2024-07-10T00:02:54Z</time></trkpt>
<trkpt lat="45.352509" lon="-75.827399"><ele>26.0</ele><time>2024-07-10T00:02:55Z</time></trkpt>
<trkpt lat="45.352509" lon="-75.827399"><ele>26.0</ele><time>2024-07-10T00:02:56Z</time></trkpt>
<trkpt lat="45.352509" lon="-75.827399"><ele>26.0</ele><time>2024-07-10T00:02:57Z</time></trkpt>
<trkpt lat="45.352509" lon="-75.827399"><ele>26.0</ele><time>2024-07-10T00:02:58Z</time></trkpt>
<trkpt lat="45.352509" lon="-75.827399"><ele>26.0</ele><time>2024-07-10T00:02:59Z</time></trkpt>
<trkpt lat="45.352509" lon="-75.827399"><ele>26.0</ele><time>2024-07-10T00:03:00Z</time></trkpt>
<trkpt lat="45.352509" lon="-75.827399"><ele>26.0</ele><time>2024-07-10T00:03:01Z</time></trkpt>
<trkpt lat="45.352509" lon="-75.827399"><ele>26.0</ele><time>2024-07-10T00:03:02Z</time></trkpt>
<trkpt lat="45.352509" lon="-75.827399"><ele>26.0</ele><time>2024-07-10T00:03:03Z</time></trkpt>
<trkpt lat="45.352509" lon="-75.827399"><ele>26.0</ele><time>2024-07-10T00:03:04Z</time></trkpt>
<trkpt lat="45.352509" lon="-75.827399"><ele>26.0</ele><time>2024-07-10T00:03:05Z</time></trkpt>
<trkpt lat="45.352509" lon="-75.827399"><ele>26.0</ele><time>2024-07-10T00:03:06Z</time></trkpt>
<trkpt lat="45.352509" lon="-75.827399"><ele>26.0</ele><time>2024-07-10T00:03:07Z</time></trkpt>
<trkpt lat="45.352509" lon="-75.827399"><ele>26.0</ele><time>2024-07-10T00:03:08Z</time></trkpt>
<trkpt lat="45.352509" lon="-75.827399"><ele>26.0</ele><time>2024-07-10T00:03:09Z</time></trkpt>
<trkpt lat="45.352509" lon="-75.827399"><ele>26.0</ele><time>2024-07-10T00:03:10Z</time></trkpt>
<trkpt lat="45.352509" lon="-75.827399"><ele>26.0</ele><time>2024-07-10T00:03:11Z</time></trkpt>
<trkpt lat="45.352509" lon="-75.827399"><ele>26.0</ele><time>2024-07-10T00:03:12Z</time></trkpt>
<trkpt lat="45.352509" lon="-75.827399"><ele>26.0</ele><time>2024-07-10T00:03:13Z</time></trkpt>
<trkpt lat="45.352509" lon="-75.827399"><ele>26.0</ele><time>2024-07-10T00:03:14Z</time></trkpt>
<trkpt lat="45.352509" lon="-75.827399"><ele>26.0</ele><time>2024-07-10T00:03:15Z</time></trkpt>
<trkpt lat="45.352509" lon="-75.827399"><ele>26.0</ele><time>2024-07-10T00:03:16Z</time></trkpt>
<trkpt lat="45.352509" lon="-75.827399"><ele>26.0</ele><time>2024-07-10T00:03:17Z</time></trkpt>
<trkpt lat="45.352509" lon="-75.827399"><ele>26.0</ele><time>2024-07-10T00:03:18Z</time></trkpt>
<trkpt lat="45.352509" lon="-75.827399"><ele>26.0</ele><time>2024-07-10T00:03:19Z</time></trkpt>
<trkpt lat="45.352509" lon="-75.827399"><ele>26.0</ele><time>2024-07-10T00:03:20Z</time></trkpt>
<trkpt lat="45.352509" lon="-75.827399"><ele>26.0</ele><time>2024-07-10T00:03:21Z</time></trkpt>
<trkpt lat="45.352509" lon="-75.827399"><ele>26.0</ele><time>2024-07-10T00:03:22Z</time></trkpt>
<trkpt lat="45.352509" lon="-75.827399"><ele>26.0</ele><time>2024-07-10T00:03:23Z</time></trkpt>
<trkpt lat="45.352509" lon="-75.827399"><ele>26.0</ele><time>2024-07-10T00:03:24Z</time></trkpt>
<trkpt lat="45.352509" lon="-75.827399"><ele>26.0</ele><time>2024-07-10T00:03:25Z</time></trkpt>
<trkpt lat="45.352509" lon="-75.827399"><ele>26.0</ele><time>2024-07-10T00:03:26Z</time></trkpt>
<trkpt lat="45.352509" lon="-75.827399"><ele>26.0</ele><time>2024-07-10T00:03:27Z</time></trkpt>
<trkpt lat="45.352509" lon="-75.827399"><ele>26.0</ele><time>2024-07-10T00:03:28Z</time></trkpt>
<trkpt lat="45.352509" lon="-75.827399"><ele>26.0</ele><time>2024-07-10T00:03:29Z</time></trkpt>
<trkpt lat="45.352509" lon="-75.827399"><ele>26.0</ele><time>2024-07-10T00:03:30Z</time></trkpt>
<trkpt lat="45.352509" lon="-75.827399"><ele>26.0</ele><time>2024-07-10T00:03:31Z</time></trkpt>
<trkpt lat="45.352509" lon="-75.827399"><ele>26.0</ele><time>2024-07-10T00:03:32Z</time></trkpt>
<trkpt lat="45.352509" lon="-75.827399"><ele>26.0</ele><time>2024-07-10T00:03:33Z</time></trkpt>
<trkpt lat="45.352509" lon="-75.827399"><ele>26.0</ele><time>2024-07-10T00:03:34Z</time></trkpt>
<trkpt lat="45.352509" lon="-75.827399"><ele>26.0</ele><time>2024-07-10T00:03:35Z</time></trkpt>
<trkpt lat="45.352509" lon="-75.827399"><ele>26.0</ele><time>2024-07-10T00:03:36Z</time></trkpt>
<trkpt lat="45.352509" lon="-75.827399"><ele>26.0</ele><time>2024-07-10T00:03:37Z</time></trkpt>
<trkpt lat="45.352506" lon="-75.827399"><ele>26.0</ele><time>2024-07-10T00:03:38Z</time></trkpt>
<trkpt lat="45.352506" lon="-75.827399"><ele>26.0</ele><time>2024-07-10T00:03:39Z</time></trkpt>
<trkpt lat="45.352506" lon="-75.827399"><ele>26.0</ele><time>2024-07-10T00:03:40Z</time></trkpt>
<trkpt lat="45.352506" lon="-75.827399"><ele>26.0</ele><time>2024-07-10T00:03:41Z</time></trkpt>
<trkpt lat="45.352506" lon="-75.827399"><ele>26.0</ele><time>2024-07-10T00:03:42Z</time></trkpt>
<trkpt lat="45.352506" lon="-75.827399"><ele>26.0</ele><time>2024-07-10T00:03:43Z</time></trkpt>
<trkpt lat="45.352506" lon="-75.827399"><ele>26.0</ele><time>2024-07-10T00:03:44Z</time></trkpt>
<trkpt lat="45.352506" lon="-75.827399"><ele>26.0</ele><time>2024-07-10T00:03:45Z</time></trkpt>
<trkpt lat="45.352506" lon="-75.827399"><ele>26.0</ele><time>2024-07-10T00:03:46Z</time></trkpt>
<trkpt lat="45.352506" lon="-75.827399"><ele>26.0</ele><time>2024-07-10T00:03:47Z</time></trkpt>
<trkpt lat="45.352506" lon="-75.827399"><ele>26.0</ele><time>2024-07-10T00:03:48Z</time></trkpt>
<trkpt lat="45.352506" lon="-75.827399"><ele>26.0</ele><time>2024-07-10T00:03:49Z</time></trkpt>
<trkpt lat="45.352506" lon="-75.827399"><ele>26.0</ele><time>2024-07-10T00:03:50Z</time></trkpt>
<trkpt lat="45.352506" lon="-75.827399"><ele>26.0</ele><time>2024-07-10T00:03:51Z</time></trkpt>
<trkpt lat="45.352506" lon="-75.827399"><ele>26.0</ele><time>2024-07-10T00:03:52Z</time></trkpt>
<trkpt lat="45.352509" lon="-75.827399"><ele>26.0</ele><time>2024-07-10T00:03:53Z</time></trkpt>
<trkpt lat="45.352509" lon="-75.827399"><ele>26.0</ele><time>2024-07-10T00:03:54Z</time></trkpt>
<trkpt lat="45.352509" lon="-75.827399"><ele>26.0</ele><time>2024-07-10T00:03:55Z</time></trkpt>
<trkpt lat="45.352509" lon="-75.827399"><ele>26.0</ele><time>2024-07-10T00:03:56Z</time></trkpt>
<trkpt lat="45.352509" lon="-75.827399"><ele>26.0</ele><time>2024-07-10T00:03:57Z</time></trkpt>
<trkpt lat="45.352509" lon="-75.827399"><ele>26.0</ele><time>2024-07-10T00:03:58Z</time></trkpt>
<trkpt lat="45.352509" lon="-75.827399"><ele>26.0</ele><time>2024-07-10T00:03:59Z</time></trkpt>
<trkpt lat="45.352509" lon="-75.827399"><ele>26.0</ele><time>2024-07-10T00:04:00Z</time></trkpt>
<trkpt lat="45.352509" lon="-75.827399"><ele>26.0</ele><time>2024-07-10T00:04:01Z</time></trkpt>
<trkpt lat="45.352509" lon="-75.827399"><ele>26.0</ele><time>2024-07-10T00:04:02Z</time></trkpt>
<trkpt lat="45.352509" lon="-75.827399"><ele>26.0</ele><time>2024-07-10T00:04:03Z</time></trkpt>
<trkpt lat="45.352509" lon="-75.827399"><ele>26.0</ele><time>2024-07-10T00:04:04Z</time></trkpt>
<trkpt lat="45.352509" lon="-75.827399"><ele>26.0</ele><time>2024-07-10T00:04:05Z</time></trkpt>
<trkpt lat="45.352509" lon="-75.827399"><ele>26.0</ele><time>2024-07-10T00:04:06Z</time></trkpt>
<trkpt lat="45.352509" lon="-75.827399"><ele>26.0</ele><time>2024-07-10T00:04:07Z</time></trkpt>
<trkpt lat="45.352509" lon="-75.827399"><ele>26.0</ele><time>2024-07-10T00:04:08Z</time></trkpt>
<trkpt lat="45.352509" lon="-75.827399"><ele>26.0</ele><time>2024-07-10T00:04:09Z</time></trkpt>
<trkpt lat="45.352509" lon="-75.827399"><ele>26.0</ele><time>2024-07-10T00:04:10Z</time></trkpt>
<trkpt lat="45.352509" lon="-75.827399"><ele>26.0</ele><time>2024-07-10T00:04:11Z</time></trkpt>
<trkpt lat="45.352509" lon="-75.827399"><ele>26.0</ele><time>2024-07-10T00:04:12Z</time></trkpt>
<trkpt lat="45.352509" lon="-75.827399"><ele>26.0</ele><time>2024-07-10T00:04:13Z</time></trkpt>
<trkpt lat="45.352509" lon="-75.827399"><ele>26.0</ele><time>2024-07-10T00:04:14Z</time></trkpt>
<trkpt lat="45.352506" lon="-75.827399"><ele>26.0</ele><time>2024-07-10T00:04:15Z</time></trkpt>
<trkpt lat="45.352506" lon="-75.827399"><ele>26.0</ele><time>2024-07-10T00:04:16Z</time></trkpt>
<trkpt lat="45.352506" lon="-75.827399"><ele>26.0</ele><time>2024-07-10T00:04:17Z</time></trkpt>
<trkpt lat="45.352506" lon="-75.827399"><ele>26.0</ele><time>2024-07-10T00:04:18Z</time></trkpt>
<trkpt lat="45.352509" lon="-75.827399"><ele>26.0</ele><time>2024-07-10T00:04:19Z</time></trkpt>
<trkpt lat="45.352509" lon="-75.827399"><ele>26.0</ele><time>2024-07-10T00:04:20Z</time></trkpt>
<trkpt lat="45.352506" lon="-75.827399"><ele>26.0</ele><time>2024-07-10T00:04:21Z</time></trkpt>
<trkpt lat="45.352506" lon="-75.827399"><ele>26.0</ele><time>2024-07-10T00:04:22Z</time></trkpt>
<trkpt lat="45.352506" lon="-75.827399"><ele>26.0</ele><time>2024-07-10T00:04:23Z</time></trkpt>
<trkpt lat="45.352506" lon="-75.827399"><ele>26.0</ele><time>2024-07-10T00:04:24Z</time></trkpt>
<trkpt lat="45.352506" lon="-75.827399"><ele>26.0</ele><time>2024-07-10T00:04:25Z</time></trkpt>
<trkpt lat="45.352506" lon="-75.827399"><ele>26.0</ele><time>2024-07-10T00:04:26Z</time></trkpt>
<trkpt lat="45.352506" lon="-75.827399"><ele>26.0</ele><time>2024-07-10T00:04:27Z</time></trkpt>
<trkpt lat="45.352506" lon="-75.827399"><ele>26.0</ele><time>2024-07-10T00:04:28Z</time></trkpt>
<trkpt lat="45.352506" lon="-75.827399"><ele>26.0</ele><time>2024-07-10T00:04:29Z</time></trkpt>
<trkpt lat="45.352506" lon="-75.827399"><ele>26.0</ele><time>2024-07-10T00:04:30Z</time></trkpt>
<trkpt lat="45.352506" lon="-75.827399"><ele>26.0</ele><time>2024-07-10T00:04:31Z</time></trkpt>
<trkpt lat="45.352506" lon="-75.827399"><ele>26.0</ele><time>2024-07-10T00:04:32Z</time></trkpt>
<trkpt lat="45.352506" lon="-75.827399"><ele>26.0</ele><time>2024-07-10T00:04:33Z</time></trkpt>
<trkpt lat="45.352506" lon="-75.827399"><ele>26.0</ele><time>2024-07-10T00:04:34Z</time></trkpt>
<trkpt lat="45.352506" lon="-75.827399"><ele>26.0</ele><time>2024-07-10T00:04:35Z</time></trkpt>
<trkpt lat="45.352506" lon="-75.827399"><ele>26.0</ele><time>2024-07-10T00:04:36Z</time></trkpt>
<trkpt lat="45.352506" lon="-75.827399"><ele>26.0</ele><time>2024-07-10T00:04:37Z</time></trkpt>
<trkpt lat="45.352506" lon="-75.827399"><ele>26.0</ele><time>2024-07-10T00:04:38Z</time></trkpt>
<trkpt lat="45.352506" lon="-75.827399"><ele>26.0</ele><time>2024-07-10T00:04:39Z</time></trkpt>
<trkpt lat="45.352506" lon="-75.827399"><ele>26.0</ele><time>2024-07-10T00:04:40Z</time></trkpt>
<trkpt lat="45.352506" lon="-75.827399"><ele>26.0</ele><time>2024-07-10T00:04:41Z</time></trkpt>
<trkpt lat="45.352506" lon="-75.827399"><ele>26.0</ele><time>2024-07-10T00:04:42Z</time></trkpt>
<trkpt lat="45.352506" lon="-75.827399"><ele>26.0</ele><time>2024-07-10T00:04:43Z</time></trkpt>
<trkpt lat="45.352506" lon="-75.827399"><ele>26.0</ele><time>2024-07-10T00:04:44Z</time></trkpt>
<trkpt lat="45.352506" lon="-75.827399"><ele>26.0</ele><time>2024-07-10T00:04:45Z</time></trkpt>
<trkpt lat="45.352506" lon="-75.827399"><ele>26.0</ele><time>2024-07-10T00:04:46Z</time></trkpt>
<trkpt lat="45.352506" lon="-75.827399"><ele>26.0</ele><time>2024-07-10T00:04:47Z</time></trkpt>
<trkpt lat="45.352506" lon="-75.827399"><ele>26.0</ele><time>2024-07-10T00:04:48Z</time></trkpt>
<trkpt lat="45.352506" lon="-75.827399"><ele>26.0</ele><time>2024-07-10T00:04:49Z</time></trkpt>
<trkpt lat="45.352506" lon="-75.827399"><ele>26.0</ele><time>2024-07-10T00:04:50Z</time></trkpt>
<trkpt lat="45.352506" lon="-75.827399"><ele>26.0</ele><time>2024-07-10T00:04:51Z</time></trkpt>
<trkpt lat="45.352506" lon="-75.827399"><ele>26.0</ele><time>2024-07-10T00:04:52Z</time></trkpt>
<trkpt lat="45.352506" lon="-75.827399"><ele>26.0</ele><time>2024-07-10T00:04:53Z</time></trkpt>
<trkpt lat="45.352506" lon="-75.827399"><ele>26.0</ele><time>2024-07-10T00:04:54Z</time></trkpt>
<trkpt lat="45.352506" lon="-75.827399"><ele>26.0</ele><time>2024-07-10T00:04:55Z</time></trkpt>
<trkpt lat="45.352506" lon="-75.827399"><ele>26.0</ele><time>2024-07-10T00:04:56Z</time></trkpt>
<trkpt lat="45.352506" lon="-75.827399"><ele>26.0</ele><time>2024-07-10T00:04:57Z</time></trkpt>
<trkpt lat="45.352506" lon="-75.827399"><ele>26.0</ele><time>2024-07-10T00:04:58Z</time></trkpt>
<trkpt lat="45.352506" lon="-75.827399"><ele>26.0</ele><time>2024-07-10T00:04:59Z</time></trkpt>
<trkpt lat="45.352506" lon="-75.827399"><ele>26.0</ele><time>2024-07-10T00:05:00Z</time></trkpt>
<trkpt lat="45.352506" lon="-75.827399"><ele>26.0</ele><time>2024-07-10T00:05:01Z</time></trkpt>
<trkpt lat="45.352506" lon="-75.827399"><ele>26.0</ele><time>2024-07-10T00:05:02Z</time></trkpt>
<trkpt lat="45.352506" lon="-75.827399"><ele>26.0</ele><time>2024-07-10T00:05:03Z</time></trkpt>
<trkpt lat="45.352506" lon="-75.827399"><ele>26.0</ele><time>2024-07-10T00:05:04Z</time></trkpt>
<trkpt lat="45.352506" lon="-75.827399"><ele>26.0</ele><time>2024-07-10T00:05:05Z</time></trkpt>
<trkpt lat="45.352506" lon="-75.827399"><ele>26.0</ele><time>2024-07-10T00:05:06Z</time></trkpt>
<trkpt lat="45.352506" lon="-75.827399"><ele>26.0</ele><time>2024-07-10T00:05:07Z</time></trkpt>
<trkpt lat="45.352506" lon="-75.827399"><ele>26.0</ele><time>2024-07-10T00:05:08Z</time></trkpt>
<trkpt lat="45.352506" lon="-75.827399"><ele>26.0</ele><time>2024-07-10T00:05:09Z</time></trkpt>
<trkpt lat="45.352506" lon="-75.827399"><ele>26.0</ele><time>2024-07-10T00:05:10Z</time></trkpt>
<trkpt lat="45.352506" lon="-75.827399"><ele>26.0</ele><time>2024-07-10T00:05:11Z</time></trkpt>
<trkpt lat="45.352506" lon="-75.827399"><ele>26.0</ele><time>2024-07-10T00:05:12Z</time></trkpt>
<trkpt lat="45.352506" lon="-75.827399"><ele>26.0</ele><time>2024-07-10T00:05:13Z</time></trkpt>
<trkpt lat="45.352506" lon="-75.827399"><ele>26.0</ele><time>2024-07-10T00:05:14Z</time></trkpt>
<trkpt lat="45.352506" lon="-75.827399"><ele>26.0</ele><time>2024-07-10T00:05:15Z</time></trkpt>
<trkpt lat="45.352506" lon="-75.827399"><ele>26.0</ele><time>2024-07-10T00:05:16Z</time></trkpt>
<trkpt lat="45.352506" lon="-75.827399"><ele>26.0</ele><time>2024-07-10T00:05:17Z</time></trkpt>
<trkpt lat="45.352506" lon="-75.827399"><ele>26.0</ele><time>2024-07-10T00:05:18Z</time></trkpt>
<trkpt lat="45.352506" lon="-75.827399"><ele>26.0</ele><time>2024-07-10T00:05:19Z</time></trkpt>
<trkpt lat="45.352506" lon="-75.827399"><ele>26.0</ele><time>2024-07-10T00:05:20Z</time></trkpt>
<trkpt lat="45.352506" lon="-75.827399"><ele>26.0</ele><time>2024-07-10T00:05:21Z</time></trkpt>
<trkpt lat="45.352506" lon="-75.827399"><ele>26.0</ele><time>2024-07-10T00:05:22Z</time></trkpt>
<trkpt lat="45.352506" lon="-75.827399"><ele>26.0</ele><time>2024-07-10T00:05:23Z</time></trkpt>
<trkpt lat="45.352506" lon="-75.827399"><ele>26.0</ele><time>2024-07-10T00:05:24Z</time></trkpt>
<trkpt lat="45.352506" lon="-75.827399"><ele>26.0</ele><time>2024-07-10T00:05:25Z</time></trkpt>
<trkpt lat="45.352506" lon="-75.827399"><ele>26.0</ele><time>2024-07-10T00:05:26Z</time></trkpt>
<trkpt lat="45.352506" lon="-75.827399"><ele>26.0</ele><time>2024-07-10T00:05:27Z</time></trkpt>
<trkpt lat="45.352506" lon="-75.827399"><ele>26.0</ele><time>2024-07-10T00:05:28Z</time></trkpt>
<trkpt lat="45.352506" lon="-75.827399"><ele>26.0</ele><time>2024-07-10T00:05:29Z</time></trkpt>
<trkpt lat="45.352506" lon="-75.827399"><ele>26.0</ele><time>2024-07-10T00:05:30Z</time></trkpt>
<trkpt lat="45.352506" lon="-75.827399"><ele>26.0</ele><time>2024-07-10T00:05:31Z</time></trkpt>
<trkpt lat="45.352506" lon="-75.827399"><ele>26.0</ele><time>2024-07-10T00:05:32Z</time></trkpt>
<trkpt lat="45.352506" lon="-75.827399"><ele>26.0</ele><time>2024-07-10T00:05:33Z</time></trkpt>
<trkpt lat="45.352506" lon="-75.827399"><ele>26.0</ele><time>2024-07-10T00:05:34Z</time></trkpt>
<trkpt lat="45.352506" lon="-75.827399"><ele>26.0</ele><time>2024-07-10T00:05:35Z</time></trkpt>
<trkpt lat="45.352506" lon="-75.827399"><ele>26.0</ele><time>2024-07-10T00:05:36Z</time></trkpt>
<trkpt lat="45.352506" lon="-75.827399"><ele>26.0</ele><time>2024-07-10T00:05:37Z</time></trkpt>
<trkpt lat="45.352506" lon="-75.827399"><ele>26.0</ele><time>2024-07-10T00:05:38Z</time></trkpt>
<trkpt lat="45.352506" lon="-75.827399"><ele>26.0</ele><time>2024-07-10T00:05:39Z</time></trkpt>
<trkpt lat="45.352506" lon="-75.827399"><ele>26.0</ele><time>2024-07-10T00:05:40Z</time></trkpt>
<trkpt lat="45.352506" lon="-75.827399"><ele>26.0</ele><time>2024-07-10T00:05:41Z</time></trkpt>
<trkpt lat="45.352506" lon="-75.827399"><ele>26.0</ele><time>2024-07-10T00:05:42Z</time></trkpt>
<trkpt lat="45.352506" lon="-75.827399"><ele>26.0</ele><time>2024-07-10T00:05:43Z</time></trkpt>
<trkpt lat="45.352506" lon="-75.827399"><ele>26.0</ele><time>2024-07-10T00:05:44Z</time></trkpt>
<trkpt lat="45.352506" lon="-75.827399"><ele>26.0</ele><time>2024-07-10T00:05:45Z</time></trkpt>
<trkpt lat="45.352506" lon="-75.827399"><ele>26.0</ele><time>2024-07-10T00:05:46Z</time></trkpt>
<trkpt lat="45.352506" lon="-75.827399"><ele>26.0</ele><time>2024-07-10T00:05:47Z</time></trkpt>
<trkpt lat="45.352506" lon="-75.827399"><ele>27.0</ele><time>2024-07-10T00:05:48Z</time></trkpt>
<trkpt lat="45.352506" lon="-75.827399"><ele>27.0</ele><time>2024-07-10T00:05:49Z</time></trkpt>
<trkpt lat="45.352506" lon="-75.827399"><ele>27.0</ele><time>2024-07-10T00:05:50Z</time></trkpt>
<trkpt lat="45.352506" lon="-75.827399"><ele>27.0</ele><time>2024-07-10T00:05:51Z</time></trkpt>
<trkpt lat="45.352506" lon="-75.827399"><ele>27.0</ele><time>2024-07-10T00:05:52Z</time></trkpt>
<trkpt lat="45.352506" lon="-75.827399"><ele>27.0</ele><time>2024-07-10T00:05:53Z</time></trkpt>
<trkpt lat="45.352506" lon="-75.827399"><ele>27.0</ele><time>2024-07-10T00:05:54Z</time></trkpt>
<trkpt lat="45.352506" lon="-75.827399"><ele>27.0</ele><time>2024-07-10T00:05:55Z</time></trkpt>
<trkpt lat="45.352506" lon="-75.827399"><ele>27.0</ele><time>2024-07-10T00:05:56Z</time></trkpt>
<trkpt lat="45.352506" lon="-75.827399"><ele>27.0</ele><time>2024-07-10T00:05:57Z</time></trkpt>
<trkpt lat="45.352506" lon="-75.827399"><ele>27.0</ele><time>2024-07-10T00:05:58Z</time></trkpt>
<trkpt lat="45.352506" lon="-75.827399"><ele>27.0</ele><time>2024-07-10T00:05:59Z</time></trkpt>
<trkpt lat="45.352506" lon="-75.827399"><ele>27.0</ele><time>2024-07-10T00:06:00Z</time></trkpt>
<trkpt lat="45.352506" lon="-75.827399"><ele>27.0</ele><time>2024-07-10T00:06:01Z</time></trkpt>
<trkpt lat="45.352506" lon="-75.827399"><ele>27.0</ele><time>2024-07-10T00:06:02Z</time></trkpt>
<trkpt lat="45.352509" lon="-75.827399"><ele>27.0</ele><time>2024-07-10T00:06:03Z</time></trkpt>
<trkpt lat="45.352512" lon="-75.827408"><ele>26.0</ele><time>2024-07-10T00:06:04Z</time></trkpt>
<trkpt lat="45.352512" lon="-75.827408"><ele>27.0</ele><time>2024-07-10T00:06:05Z</time></trkpt>
<trkpt lat="45.352512" lon="-75.827417"><ele>27.0</ele><time>2024-07-10T00:06:06Z</time></trkpt>
<trkpt lat="45.352516" lon="-75.827408"><ele>27.0</ele><time>2024-07-10T00:06:07Z</time></trkpt>
<trkpt lat="45.352516" lon="-75.827408"><ele>27.0</ele><time>2024-07-10T00:06:08Z</time></trkpt>
<trkpt lat="45.352512" lon="-75.827417"><ele>27.0</ele><time>2024-07-10T00:06:09Z</time></trkpt>
<trkpt lat="45.352512" lon="-75.827417"><ele>27.0</ele><time>2024-07-10T00:06:10Z</time></trkpt>
<trkpt lat="45.352509" lon="-75.827417"><ele>27.0</ele><time>2024-07-10T00:06:11Z</time></trkpt>
<trkpt lat="45.352509" lon="-75.827417"><ele>27.0</ele><time>2024-07-10T00:06:12Z</time></trkpt>
<trkpt lat="45.352509" lon="-75.827417"><ele>27.0</ele><time>2024-07-10T00:06:13Z</time></trkpt>
<trkpt lat="45.352509" lon="-75.827417"><ele>27.0</ele><time>2024-07-10T00:06:14Z</time></trkpt>
<trkpt lat="45.352509" lon="-75.827417"><ele>27.0</ele><time>2024-07-10T00:06:15Z</time></trkpt>
<trkpt lat="45.352506" lon="-75.827417"><ele>27.0</ele><time>2024-07-10T00:06:16Z</time></trkpt>
<trkpt lat="45.352506" lon="-75.827417"><ele>27.0</ele><time>2024-07-10T00:06:17Z</time></trkpt>
<trkpt lat="45.352506" lon="-75.827417"><ele>27.0</ele><time>2024-07-10T00:06:18Z</time></trkpt>
<trkpt lat="45.352506" lon="-75.827417"><ele>27.0</ele><time>2024-07-10T00:06:19Z</time></trkpt>
<trkpt lat="45.352506" lon="-75.827417"><ele>27.0</ele><time>2024-07-10T00:06:20Z</time></trkpt>
<trkpt lat="45.352506" lon="-75.827417"><ele>27.0</ele><time>2024-07-10T00:06:21Z</time></trkpt>
<trkpt lat="45.352506" lon="-75.827417"><ele>27.0</ele><time>2024-07-10T00:06:22Z</time></trkpt>
<trkpt lat="45.352506" lon="-75.827417"><ele>27.0</ele><time>2024-07-10T00:06:23Z</time></trkpt>
<trkpt lat="45.352506" lon="-75.827417"><ele>27.0</ele><time>2024-07-10T00:06:24Z</time></trkpt>
<trkpt lat="45.352506" lon="-75.827417"><ele>27.0</ele><time>2024-07-10T00:06:25Z</time></trkpt>
<trkpt lat="45.352506" lon="-75.827417"><ele>27.0</ele><time>2024-07-10T00:06:26Z</time></trkpt>
<trkpt lat="45.352506" lon="-75.827417"><ele>27.0</ele><time>2024-07-10T00:06:27Z</time></trkpt>
<trkpt lat="45.352506" lon="-75.827417"><ele>27.0</ele><time>2024-07-10T00:06:28Z</time></trkpt>
<trkpt lat="45.352506" lon="-75.827417"><ele>27.0</ele><time>2024-07-10T00:06:29Z</time></trkpt>
<trkpt lat="45.352506" lon="-75.827417"><ele>27.0</ele><time>2024-07-10T00:06:30Z</time></trkpt>
<trkpt lat="45.352506" lon="-75.827417"><ele>27.0</ele><time>2024-07-10T00:06:31Z</time></trkpt>
<trkpt lat="45.352506" lon="-75.827417"><ele>27.0</ele><time>2024-07-10T00:06:32Z</time></trkpt>
<trkpt lat="45.352506" lon="-75.827417"><ele>27.0</ele><time>2024-07-10T00:06:33Z</time></trkpt>
<trkpt lat="45.352506" lon="-75.827417"><ele>27.0</ele><time>2024-07-10T00:06:34Z</time></trkpt>
<trkpt lat="45.352506" lon="-75.827417"><ele>27.0</ele><time>2024-07-10T00:06:35Z</time></trkpt>
<trkpt lat="45.352506" lon="-75.827417"><ele>27.0</ele><time>2024-07-10T00:06:36Z</time></trkpt>
<trkpt lat="45.352506" lon="-75.827417"><ele>27.0</ele><time>2024-07-10T00:06:37Z</time></trkpt>
<trkpt lat="45.352506" lon="-75.827417"><ele>27.0</ele><time>2024-07-10T00:06:38Z</time></trkpt>
<trkpt lat="45.352506" lon="-75.827417"><ele>27.0</ele><time>2024-07-10T00:06:39Z</time></trkpt>
<trkpt lat="45.352506" lon="-75.827417"><ele>27.0</ele><time>2024-07-10T00:06:40Z</time></trkpt>
<trkpt lat="45.352506" lon="-75.827417"><ele>27.0</ele><time>2024-07-10T00:06:41Z</time></trkpt>
<trkpt lat="45.352506" lon="-75.827417"><ele>27.0</ele><time>2024-07-10T00:06:42Z</time></trkpt>
<trkpt lat="45.352506" lon="-75.827417"><ele>27.0</ele><time>2024-07-10T00:06:43Z</time></trkpt>
<trkpt lat="45.352506" lon="-75.827417"><ele>27.0</ele><time>2024-07-10T00:06:44Z</time></trkpt>
<trkpt lat="45.352506" lon="-75.827417"><ele>27.0</ele><time>2024-07-10T00:06:45Z</time></trkpt>
<trkpt lat="45.352506" lon="-75.827417"><ele>27.0</ele><time>2024-07-10T00:06:46Z</time></trkpt>
<trkpt lat="45.352506" lon="-75.827417"><ele>27.0</ele><time>2024-07-10T00:06:47Z</time></trkpt>
<trkpt lat="45.352506" lon="-75.827417"><ele>27.0</ele><time>2024-07-10T00:06:48Z</time></trkpt>
<trkpt lat="45.352506" lon="-75.827417"><ele>27.0</ele><time>2024-07-10T00:06:49Z</time></trkpt>
<trkpt lat="45.352506" lon="-75.827417"><ele>27.0</ele><time>2024-07-10T00:06:50Z</time></trkpt>
<trkpt lat="45.352506" lon="-75.827417"><ele>27.0</ele><time>2024-07-10T00:06:51Z</time></trkpt>
<trkpt lat="45.352506" lon="-75.827417"><ele>27.0</ele><time>2024-07-10T00:06:52Z</time></trkpt>
<trkpt lat="45.352506" lon="-75.827417"><ele>27.0</ele><time>2024-07-10T00:06:53Z</time></trkpt>
<trkpt lat="45.352506" lon="-75.827417"><ele>27.0</ele><time>2024-07-10T00:06:54Z</time></trkpt>
<trkpt lat="45.352506" lon="-75.827417"><ele>27.0</ele><time>2024-07-10T00:06:55Z</time></trkpt>
<trkpt lat="45.352506" lon="-75.827417"><ele>27.0</ele><time>2024-07-10T00:06:56Z</time></trkpt>
<trkpt lat="45.352506" lon="-75.827417"><ele>27.0</ele><time>2024-07-10T00:06:57Z</time></trkpt>
<trkpt lat="45.352506" lon="-75.827417"><ele>27.0</ele><time>2024-07-10T00:06:58Z</time></trkpt>
<trkpt lat="45.352506" lon="-75.827417"><ele>27.0</ele><time>2024-07-10T00:06:59Z</time></trkpt>
<trkpt lat="45.352506" lon="-75.827417"><ele>27.0</ele><time>2024-07-10T00:07:00Z</time></trkpt>
<trkpt lat="45.352506" lon="-75.827417"><ele>27.0</ele><time>2024-07-10T00:07:01Z</time></trkpt>
<trkpt lat="45.352506" lon="-75.827417"><ele>27.0</ele><time>2024-07-10T00:07:02Z</time></trkpt>
<trkpt lat="45.352506" lon="-75.827417"><ele>27.0</ele><time>2024-07-10T00:07:03Z</time></trkpt>
<trkpt lat="45.352506" lon="-75.827417"><ele>27.0</ele><time>2024-07-10T00:07:04Z</time></trkpt>
<trkpt lat="45.352506" lon="-75.827417"><ele>27.0</ele><time>2024-07-10T00:07:05Z</time></trkpt>
<trkpt lat="45.352506" lon="-75.827417"><ele>27.0</ele><time>2024-07-10T00:07:06Z</time></trkpt>
<trkpt lat="45.352506" lon="-75.827417"><ele>27.0</ele><time>2024-07-10T00:07:06Z</time></trkpt>
<trkpt lat="45.352506" lon="-75.827417"><ele>27.0</ele><time>2024-07-10T00:07:07Z</time></trkpt>
<trkpt lat="45.352506" lon="-75.827417"><ele>27.0</ele><time>2024-07-10T00:07:08Z</time></trkpt>
</trkseg></trk></gpx>
