<?xml version="1.0" encoding="UTF-8"?> <gpx xmlns:xsi="http://www.w3.org/2001/XMLSchema-instance" version="1.1" xmlns="http://www.topografix.com/GPX/1/1" creator="Galileo Offline Maps" xsi:schemaLocation="http://www.topografix.com/GPX/1/1 http://www.topografix.com/GPX/1/1/gpx.xsd"><trk><name>Untitled Track</name><desc></desc><type>TrackStyle_ff7f00c8</type><trkseg>
<trkpt lat="45.35516" lon="-75.822575"><ele>28.0</ele><time>2025-09-03T21:44:32Z</time></trkpt>
<trkpt lat="45.355172" lon="-75.822566"><ele>28.0</ele><time>2025-09-03T21:44:33Z</time></trkpt>
<trkpt lat="45.355179" lon="-75.822539"><ele>28.0</ele><time>2025-09-03T21:44:33Z</time></trkpt>
<trkpt lat="45.355195" lon="-75.82253"><ele>28.0</ele><time>2025-09-03T21:44:34Z</time></trkpt>
<trkpt lat="45.35521" lon="-75.822548"><ele>28.0</ele><time>2025-09-03T21:44:35Z</time></trkpt>
<trkpt lat="45.355233" lon="-75.822557"><ele>28.0</ele><time>2025-09-03T21:44:36Z</time></trkpt>
<trkpt lat="45.355258" lon="-75.822557"><ele>28.0</ele><time>2025-09-03T21:44:37Z</time></trkpt>
<trkpt lat="45.355283" lon="-75.822539"><ele>28.0</ele><time>2025-09-03T21:44:38Z</time></trkpt>
<trkpt lat="45.355309" lon="-75.822521"><ele>28.0</ele><time>2025-09-03T21:44:39Z</time></trkpt>
<trkpt lat="45.355331" lon="-75.822503"><ele>28.0</ele><time>2025-09-03T21:44:40Z</time></trkpt>
<trkpt lat="45.355353" lon="-75.822494"><ele>28.0</ele><time>2025-09-03T21:44:41Z</time></trkpt>
<trkpt lat="45.355375" lon="-75.822485"><ele>28.0</ele><time>2025-09-03T21:44:42Z</time></trkpt>
<trkpt lat="45.355397" lon="-75.822467"><ele>28.0</ele><time>2025-09-03T21:44:43Z</time></trkpt>
<trkpt lat="45.355419" lon="-75.822458"><ele>28.0</ele><time>2025-09-03T21:44:44Z</time></trkpt>
<trkpt lat="45.355442" lon="-75.82245"><ele>28.0</ele><time>2025-09-03T21:44:45Z</time></trkpt>
<trkpt lat="45.355461" lon="-75.822432"><ele>28.0</ele><time>2025-09-03T21:44:46Z</time></trkpt>
<trkpt lat="45.355483" lon="-75.822423"><ele>28.0</ele><time>2025-09-03T21:44:47Z</time></trkpt>
<trkpt lat="45.355505" lon="-75.822414"><ele>28.0</ele><time>2025-09-03T21:44:48Z</time></trkpt>
<trkpt lat="45.355527" lon="-75.822405"><ele>28.0</ele><time>2025-09-03T21:44:49Z</time></trkpt>
<trkpt lat="45.355546" lon="-75.822387"><ele>28.0</ele><time>2025-09-03T21:44:50Z</time></trkpt>
<trkpt lat="45.355568" lon="-75.822378"><ele>28.0</ele><time>2025-09-03T21:44:51Z</time></trkpt>
<trkpt lat="45.35559" lon="-75.822369"><ele>28.0</ele><time>2025-09-03T21:44:52Z</time></trkpt>
<trkpt lat="45.355613" lon="-75.82236"><ele>28.0</ele><time>2025-09-03T21:44:53Z</time></trkpt>
<trkpt lat="45.355632" lon="-75.822351"><ele>28.0</ele><time>2025-09-03T21:44:54Z</time></trkpt>
<trkpt lat="45.355654" lon="-75.822342"><ele>28.0</ele><time>2025-09-03T21:44:55Z</time></trkpt>
<trkpt lat="45.355676" lon="-75.822333"><ele>28.0</ele><time>2025-09-03T21:44:56Z</time></trkpt>
<trkpt lat="45.355701" lon="-75.822324"><ele>28.0</ele><time>2025-09-03T21:44:57Z</time></trkpt>
<trkpt lat="45.355723" lon="-75.822306"><ele>28.0</ele><time>2025-09-03T21:44:58Z</time></trkpt>
<trkpt lat="45.355746" lon="-75.822297"><ele>28.0</ele><time>2025-09-03T21:44:59Z</time></trkpt>
<trkpt lat="45.355768" lon="-75.822288"><ele>28.0</ele><time>2025-09-03T21:45:00Z</time></trkpt>
<trkpt lat="45.355793" lon="-75.82227"><ele>28.0</ele><time>2025-09-03T21:45:01Z</time></trkpt>
<trkpt lat="45.355818" lon="-75.822261"><ele>28.0</ele><time>2025-09-03T21:45:02Z</time></trkpt>
<trkpt lat="45.355847" lon="-75.822252"><ele>28.0</ele><time>2025-09-03T21:45:03Z</time></trkpt>
<trkpt lat="45.355872" lon="-75.822252"><ele>28.0</ele><time>2025-09-03T21:45:04Z</time></trkpt>
<trkpt lat="45.355901" lon="-75.822243"><ele>28.0</ele><time>2025-09-03T21:45:05Z</time></trkpt>
<trkpt lat="45.355926" lon="-75.822234"><ele>28.0</ele><time>2025-09-03T21:45:06Z</time></trkpt>
<trkpt lat="45.355951" lon="-75.822225"><ele>28.0</ele><time>2025-09-03T21:45:07Z</time></trkpt>
<trkpt lat="45.355977" lon="-75.822216"><ele>28.0</ele><time>2025-09-03T21:45:08Z</time></trkpt>
<trkpt lat="45.356002" lon="-75.822207"><ele>28.0</ele><time>2025-09-03T21:45:09Z</time></trkpt>
<trkpt lat="45.356031" lon="-75.822198"><ele>28.0</ele><time>2025-09-03T21:45:10Z</time></trkpt>
<trkpt lat="45.356056" lon="-75.822198"><ele>28.0</ele><time>2025-09-03T21:45:11Z</time></trkpt>
<trkpt lat="45.356081" lon="-75.822189"><ele>28.0</ele><time>2025-09-03T21:45:12Z</time></trkpt>
<trkpt lat="45.356107" lon="-75.82218"><ele>28.0</ele><time>2025-09-03T21:45:13Z</time></trkpt>
<trkpt lat="45.356129" lon="-75.82218"><ele>28.0</ele><time>2025-09-03T21:45:14Z</time></trkpt>
<trkpt lat="45.356154" lon="-75.822171"><ele>28.0</ele><time>2025-09-03T21:45:15Z</time></trkpt>
<trkpt lat="45.356179" lon="-75.822162"><ele>28.0</ele><time>2025-09-03T21:45:16Z</time></trkpt>
<trkpt lat="45.356205" lon="-75.822153"><ele>28.0</ele><time>2025-09-03T21:45:17Z</time></trkpt>
<trkpt lat="45.35623" lon="-75.822135"><ele>28.0</ele><time>2025-09-03T21:45:18Z</time></trkpt>
<trkpt lat="45.356255" lon="-75.822126"><ele>28.0</ele><time>2025-09-03T21:45:19Z</time></trkpt>
<trkpt lat="45.356281" lon="-75.822117"><ele>28.0</ele><time>2025-09-03T21:45:20Z</time></trkpt>
<trkpt lat="45.356306" lon="-75.822099"><ele>28.0</ele><time>2025-09-03T21:45:21Z</time></trkpt>
<trkpt lat="45.356325" lon="-75.82209"><ele>28.0</ele><time>2025-09-03T21:45:22Z</time></trkpt>
<trkpt lat="45.356347" lon="-75.822072"><ele>28.0</ele><time>2025-09-03T21:45:23Z</time></trkpt>
<trkpt lat="45.356366" lon="-75.822054"><ele>28.0</ele><time>2025-09-03T21:45:24Z</time></trkpt>
<trkpt lat="45.356392" lon="-75.822036"><ele>28.0</ele><time>2025-09-03T21:45:25Z</time></trkpt>
<trkpt lat="45.356417" lon="-75.822018"><ele>28.0</ele><time>2025-09-03T21:45:26Z</time></trkpt>
<trkpt lat="45.356439" lon="-75.822"><ele>28.0</ele><time>2025-09-03T21:45:27Z</time></trkpt>
<trkpt lat="45.356464" lon="-75.821991"><ele>28.0</ele><time>2025-09-03T21:45:28Z</time></trkpt>
<trkpt lat="45.356487" lon="-75.821973"><ele>28.0</ele><time>2025-09-03T21:45:29Z</time></trkpt>
<trkpt lat="45.356512" lon="-75.821964"><ele>28.0</ele><time>2025-09-03T21:45:30Z</time></trkpt>
<trkpt lat="45.356537" lon="-75.821955"><ele>28.0</ele><time>2025-09-03T21:45:31Z</time></trkpt>
<trkpt lat="45.356563" lon="-75.821955"><ele>28.0</ele><time>2025-09-03T21:45:32Z</time></trkpt>
<trkpt lat="45.356588" lon="-75.821946"><ele>28.0</ele><time>2025-09-03T21:45:33Z</time></trkpt>
<trkpt lat="45.356613" lon="-75.821946"><ele>28.0</ele><time>2025-09-03T21:45:34Z</time></trkpt>
<trkpt lat="45.356639" lon="-75.821937"><ele>28.0</ele><time>2025-09-03T21:45:35Z</time></trkpt>
<trkpt lat="45.356661" lon="-75.821937"><ele>28.0</ele><time>2025-09-03T21:45:36Z</time></trkpt>
<trkpt lat="45.356686" lon="-75.821937"><ele>28.0</ele><time>2025-09-03T21:45:37Z</time></trkpt>
<trkpt lat="45.356711" lon="-75.821937"><ele>28.0</ele><time>2025-09-03T21:45:38Z</time></trkpt>
<trkpt lat="45.35674" lon="-75.821937"><ele>28.0</ele><time>2025-09-03T21:45:39Z</time></trkpt>
<trkpt lat="45.356765" lon="-75.821937"><ele>28.0</ele><time>2025-09-03T21:45:40Z</time></trkpt>
<trkpt lat="45.356794" lon="-75.821937"><ele>28.0</ele><time>2025-09-03T21:45:41Z</time></trkpt>
<trkpt lat="45.356819" lon="-75.821937"><ele>28.0</ele><time>2025-09-03T21:45:42Z</time></trkpt>
<trkpt lat="45.356844" lon="-75.821937"><ele>28.0</ele><time>2025-09-03T21:45:43Z</time></trkpt>
<trkpt lat="45.356873" lon="-75.821937"><ele>28.0</ele><time>2025-09-03T21:45:44Z</time></trkpt>
<trkpt lat="45.356898" lon="-75.821937"><ele>28.0</ele><time>2025-09-03T21:45:45Z</time></trkpt>
<trkpt lat="45.356901" lon="-75.821937"><ele>28.0</ele><time>2025-09-03T21:45:46Z</time></trkpt>
<trkpt lat="45.35692" lon="-75.821929"><ele>28.0</ele><time>2025-09-03T21:45:46Z</time></trkpt>
<trkpt lat="45.356949" lon="-75.821929"><ele>28.0</ele><time>2025-09-03T21:45:47Z</time></trkpt>
<trkpt lat="45.356977" lon="-75.821929"><ele>28.0</ele><time>2025-09-03T21:45:48Z</time></trkpt>
<trkpt lat="45.357006" lon="-75.821929"><ele>28.0</ele><time>2025-09-03T21:45:49Z</time></trkpt>
<trkpt lat="45.357031" lon="-75.821929"><ele>28.0</ele><time>2025-09-03T21:45:50Z</time></trkpt>
<trkpt lat="45.357034" lon="-75.821929"><ele>28.0</ele><time>2025-09-03T21:45:51Z</time></trkpt>
<trkpt lat="45.357057" lon="-75.821929"><ele>28.0</ele><time>2025-09-03T21:45:51Z</time></trkpt>
<trkpt lat="45.357082" lon="-75.821937"><ele>28.0</ele><time>2025-09-03T21:45:52Z</time></trkpt>
<trkpt lat="45.357107" lon="-75.821937"><ele>28.0</ele><time>2025-09-03T21:45:53Z</time></trkpt>
<trkpt lat="45.357136" lon="-75.821946"><ele>28.0</ele><time>2025-09-03T21:45:54Z</time></trkpt>
<trkpt lat="45.357161" lon="-75.821955"><ele>28.0</ele><time>2025-09-03T21:45:55Z</time></trkpt>
<trkpt lat="45.357164" lon="-75.821955"><ele>28.0</ele><time>2025-09-03T21:45:56Z</time></trkpt>
<trkpt lat="45.357183" lon="-75.821964"><ele>28.0</ele><time>2025-09-03T21:45:56Z</time></trkpt>
<trkpt lat="45.357209" lon="-75.821982"><ele>28.0</ele><time>2025-09-03T21:45:57Z</time></trkpt>
<trkpt lat="45.357234" lon="-75.821991"><ele>28.0</ele><time>2025-09-03T21:45:58Z</time></trkpt>
<trkpt lat="45.357259" lon="-75.822009"><ele>28.0</ele><time>2025-09-03T21:45:59Z</time></trkpt>
<trkpt lat="45.357281" lon="-75.822018"><ele>28.0</ele><time>2025-09-03T21:46:00Z</time></trkpt>
<trkpt lat="45.357313" lon="-75.822027"><ele>28.0</ele><time>2025-09-03T21:46:01Z</time></trkpt>
<trkpt lat="45.357345" lon="-75.822045"><ele>28.0</ele><time>2025-09-03T21:46:02Z</time></trkpt>
<trkpt lat="45.357367" lon="-75.822054"><ele>28.0</ele><time>2025-09-03T21:46:03Z</time></trkpt>
<trkpt lat="45.357389" lon="-75.822054"><ele>28.0</ele><time>2025-09-03T21:46:04Z</time></trkpt>
<trkpt lat="45.357414" lon="-75.822054"><ele>28.0</ele><time>2025-09-03T21:46:05Z</time></trkpt>
<trkpt lat="45.35744" lon="-75.822063"><ele>28.0</ele><time>2025-09-03T21:46:06Z</time></trkpt>
<trkpt lat="45.357465" lon="-75.822063"><ele>28.0</ele><time>2025-09-03T21:46:07Z</time></trkpt>
<trkpt lat="45.35749" lon="-75.822063"><ele>28.0</ele><time>2025-09-03T21:46:08Z</time></trkpt>
<trkpt lat="45.357516" lon="-75.822063"><ele>28.0</ele><time>2025-09-03T21:46:09Z</time></trkpt>
<trkpt lat="45.357541" lon="-75.822072"><ele>28.0</ele><time>2025-09-03T21:46:10Z</time></trkpt>
<trkpt lat="45.357566" lon="-75.822072"><ele>28.0</ele><time>2025-09-03T21:46:11Z</time></trkpt>
<trkpt lat="45.357592" lon="-75.822072"><ele>27.0</ele><time>2025-09-03T21:46:12Z</time></trkpt>
<trkpt lat="45.35762" lon="-75.822072"><ele>27.0</ele><time>2025-09-03T21:46:13Z</time></trkpt>
<trkpt lat="45.357646" lon="-75.822072"><ele>27.0</ele><time>2025-09-03T21:46:14Z</time></trkpt>
<trkpt lat="45.357671" lon="-75.822072"><ele>27.0</ele><time>2025-09-03T21:46:15Z</time></trkpt>
<trkpt lat="45.357696" lon="-75.822072"><ele>27.0</ele><time>2025-09-03T21:46:16Z</time></trkpt>
<trkpt lat="45.357722" lon="-75.822063"><ele>27.0</ele><time>2025-09-03T21:46:17Z</time></trkpt>
<trkpt lat="45.357747" lon="-75.822063"><ele>28.0</ele><time>2025-09-03T21:46:18Z</time></trkpt>
<trkpt lat="45.357772" lon="-75.822063"><ele>28.0</ele><time>2025-09-03T21:46:19Z</time></trkpt>
<trkpt lat="45.357794" lon="-75.822054"><ele>28.0</ele><time>2025-09-03T21:46:20Z</time></trkpt>
<trkpt lat="45.35782" lon="-75.822045"><ele>28.0</ele><time>2025-09-03T21:46:21Z</time></trkpt>
<trkpt lat="45.357845" lon="-75.822045"><ele>28.0</ele><time>2025-09-03T21:46:22Z</time></trkpt>
<trkpt lat="45.357867" lon="-75.822036"><ele>28.0</ele><time>2025-09-03T21:46:23Z</time></trkpt>
<trkpt lat="45.357893" lon="-75.822027"><ele>28.0</ele><time>2025-09-03T21:46:24Z</time></trkpt>
<trkpt lat="45.357915" lon="-75.822018"><ele>28.0</ele><time>2025-09-03T21:46:25Z</time></trkpt>
<trkpt lat="45.357937" lon="-75.822"><ele>28.0</ele><time>2025-09-03T21:46:26Z</time></trkpt>
<trkpt lat="45.357956" lon="-75.821982"><ele>28.0</ele><time>2025-09-03T21:46:27Z</time></trkpt>
<trkpt lat="45.357978" lon="-75.821964"><ele>28.0</ele><time>2025-09-03T21:46:28Z</time></trkpt>
<trkpt lat="45.358" lon="-75.821946"><ele>28.0</ele><time>2025-09-03T21:46:29Z</time></trkpt>
<trkpt lat="45.358026" lon="-75.821937"><ele>28.0</ele><time>2025-09-03T21:46:30Z</time></trkpt>
<trkpt lat="45.358048" lon="-75.821937"><ele>28.0</ele><time>2025-09-03T21:46:31Z</time></trkpt>
<trkpt lat="45.358073" lon="-75.821946"><ele>28.0</ele><time>2025-09-03T21:46:32Z</time></trkpt>
<trkpt lat="45.358095" lon="-75.821964"><ele>28.0</ele><time>2025-09-03T21:46:33Z</time></trkpt>
<trkpt lat="45.358108" lon="-75.821973"><ele>28.0</ele><time>2025-09-03T21:46:34Z</time></trkpt>
<trkpt lat="45.358111" lon="-75.821982"><ele>28.0</ele><time>2025-09-03T21:46:35Z</time></trkpt>
<trkpt lat="45.35813" lon="-75.822"><ele>28.0</ele><time>2025-09-03T21:46:36Z</time></trkpt>
<trkpt lat="45.358149" lon="-75.822018"><ele>28.0</ele><time>2025-09-03T21:46:37Z</time></trkpt>
<trkpt lat="45.358168" lon="-75.822036"><ele>28.0</ele><time>2025-09-03T21:46:38Z</time></trkpt>
<trkpt lat="45.35819" lon="-75.822045"><ele>28.0</ele><time>2025-09-03T21:46:39Z</time></trkpt>
<trkpt lat="45.358203" lon="-75.822081"><ele>28.0</ele><time>2025-09-03T21:46:40Z</time></trkpt>
<trkpt lat="45.3582" lon="-75.822126"><ele>28.0</ele><time>2025-09-03T21:46:41Z</time></trkpt>
<trkpt lat="45.358193" lon="-75.822162"><ele>28.0</ele><time>2025-09-03T21:46:42Z</time></trkpt>
<trkpt lat="45.35819" lon="-75.822189"><ele>28.0</ele><time>2025-09-03T21:46:43Z</time></trkpt>
<trkpt lat="45.358181" lon="-75.822216"><ele>28.0</ele><time>2025-09-03T21:46:44Z</time></trkpt>
<trkpt lat="45.358168" lon="-75.822243"><ele>28.0</ele><time>2025-09-03T21:46:45Z</time></trkpt>
<trkpt lat="45.358155" lon="-75.822261"><ele>28.0</ele><time>2025-09-03T21:46:46Z</time></trkpt>
<trkpt lat="45.358143" lon="-75.822279"><ele>28.0</ele><time>2025-09-03T21:46:47Z</time></trkpt>
<trkpt lat="45.35813" lon="-75.822288"><ele>28.0</ele><time>2025-09-03T21:46:48Z</time></trkpt>
<trkpt lat="45.358114" lon="-75.822297"><ele>28.0</ele><time>2025-09-03T21:46:49Z</time></trkpt>
<trkpt lat="45.358098" lon="-75.822306"><ele>28.0</ele><time>2025-09-03T21:46:50Z</time></trkpt>
<trkpt lat="45.358086" lon="-75.822315"><ele>28.0</ele><time>2025-09-03T21:46:51Z</time></trkpt>
<trkpt lat="45.358073" lon="-75.822315"><ele>28.0</ele><time>2025-09-03T21:46:52Z</time></trkpt>
<trkpt lat="45.358057" lon="-75.822324"><ele>28.0</ele><time>2025-09-03T21:46:53Z</time></trkpt>
<trkpt lat="45.358045" lon="-75.822333"><ele>28.0</ele><time>2025-09-03T21:46:54Z</time></trkpt>
<trkpt lat="45.358029" lon="-75.822342"><ele>28.0</ele><time>2025-09-03T21:46:55Z</time></trkpt>
<trkpt lat="45.358016" lon="-75.822351"><ele>28.0</ele><time>2025-09-03T21:46:56Z</time></trkpt>
<trkpt lat="45.358003" lon="-75.82236"><ele>28.0</ele><time>2025-09-03T21:46:57Z</time></trkpt>
<trkpt lat="45.357991" lon="-75.822369"><ele>28.0</ele><time>2025-09-03T21:46:58Z</time></trkpt>
<trkpt lat="45.357975" lon="-75.822378"><ele>28.0</ele><time>2025-09-03T21:46:59Z</time></trkpt>
<trkpt lat="45.357962" lon="-75.822387"><ele>28.0</ele><time>2025-09-03T21:47:00Z</time></trkpt>
<trkpt lat="45.357946" lon="-75.822396"><ele>28.0</ele><time>2025-09-03T21:47:01Z</time></trkpt>
<trkpt lat="45.357934" lon="-75.822405"><ele>29.0</ele><time>2025-09-03T21:47:02Z</time></trkpt>
<trkpt lat="45.357921" lon="-75.822414"><ele>28.0</ele><time>2025-09-03T21:47:03Z</time></trkpt>
<trkpt lat="45.357905" lon="-75.822423"><ele>29.0</ele><time>2025-09-03T21:47:04Z</time></trkpt>
<trkpt lat="45.357893" lon="-75.822432"><ele>28.0</ele><time>2025-09-03T21:47:05Z</time></trkpt>
<trkpt lat="45.357889" lon="-75.822432"><ele>28.0</ele><time>2025-09-03T21:47:06Z</time></trkpt>
<trkpt lat="45.35788" lon="-75.822441"><ele>28.0</ele><time>2025-09-03T21:47:06Z</time></trkpt>
<trkpt lat="45.357864" lon="-75.82245"><ele>29.0</ele><time>2025-09-03T21:47:07Z</time></trkpt>
<trkpt lat="45.357848" lon="-75.822458"><ele>29.0</ele><time>2025-09-03T21:47:08Z</time></trkpt>
<trkpt lat="45.357832" lon="-75.822458"><ele>29.0</ele><time>2025-09-03T21:47:09Z</time></trkpt>
<trkpt lat="45.35782" lon="-75.822467"><ele>29.0</ele><time>2025-09-03T21:47:10Z</time></trkpt>
<trkpt lat="45.357817" lon="-75.822467"><ele>29.0</ele><time>2025-09-03T21:47:11Z</time></trkpt>
<trkpt lat="45.357807" lon="-75.822467"><ele>29.0</ele><time>2025-09-03T21:47:11Z</time></trkpt>
<trkpt lat="45.357791" lon="-75.822476"><ele>29.0</ele><time>2025-09-03T21:47:12Z</time></trkpt>
<trkpt lat="45.357775" lon="-75.822485"><ele>29.0</ele><time>2025-09-03T21:47:13Z</time></trkpt>
<trkpt lat="45.35776" lon="-75.822494"><ele>29.0</ele><time>2025-09-03T21:47:14Z</time></trkpt>
<trkpt lat="45.357744" lon="-75.822494"><ele>29.0</ele><time>2025-09-03T21:47:15Z</time></trkpt>
<trkpt lat="45.357731" lon="-75.822512"><ele>28.0</ele><time>2025-09-03T21:47:16Z</time></trkpt>
<trkpt lat="45.357718" lon="-75.822512"><ele>28.0</ele><time>2025-09-03T21:47:17Z</time></trkpt>
<trkpt lat="45.357703" lon="-75.822521"><ele>28.0</ele><time>2025-09-03T21:47:18Z</time></trkpt>
<trkpt lat="45.357687" lon="-75.82253"><ele>28.0</ele><time>2025-09-03T21:47:19Z</time></trkpt>
<trkpt lat="45.357674" lon="-75.822539"><ele>28.0</ele><time>2025-09-03T21:47:20Z</time></trkpt>
<trkpt lat="45.357658" lon="-75.822548"><ele>28.0</ele><time>2025-09-03T21:47:21Z</time></trkpt>
<trkpt lat="45.357642" lon="-75.822557"><ele>28.0</ele><time>2025-09-03T21:47:22Z</time></trkpt>
<trkpt lat="45.357627" lon="-75.822575"><ele>28.0</ele><time>2025-09-03T21:47:23Z</time></trkpt>
<trkpt lat="45.357611" lon="-75.822584"><ele>28.0</ele><time>2025-09-03T21:47:24Z</time></trkpt>
<trkpt lat="45.357592" lon="-75.822593"><ele>28.0</ele><time>2025-09-03T21:47:25Z</time></trkpt>
<trkpt lat="45.357573" lon="-75.822602"><ele>28.0</ele><time>2025-09-03T21:47:26Z</time></trkpt>
<trkpt lat="45.35756" lon="-75.822611"><ele>28.0</ele><time>2025-09-03T21:47:27Z</time></trkpt>
<trkpt lat="45.357544" lon="-75.82262"><ele>28.0</ele><time>2025-09-03T21:47:28Z</time></trkpt>
<trkpt lat="45.357528" lon="-75.822629"><ele>28.0</ele><time>2025-09-03T21:47:29Z</time></trkpt>
<trkpt lat="45.357516" lon="-75.822638"><ele>29.0</ele><time>2025-09-03T21:47:30Z</time></trkpt>
<trkpt lat="45.357503" lon="-75.822656"><ele>29.0</ele><time>2025-09-03T21:47:31Z</time></trkpt>
<trkpt lat="45.35749" lon="-75.822665"><ele>29.0</ele><time>2025-09-03T21:47:32Z</time></trkpt>
<trkpt lat="45.357481" lon="-75.822683"><ele>29.0</ele><time>2025-09-03T21:47:33Z</time></trkpt>
<trkpt lat="45.357468" lon="-75.822701"><ele>29.0</ele><time>2025-09-03T21:47:34Z</time></trkpt>
<trkpt lat="45.357456" lon="-75.822719"><ele>29.0</ele><time>2025-09-03T21:47:35Z</time></trkpt>
<trkpt lat="45.357446" lon="-75.822737"><ele>29.0</ele><time>2025-09-03T21:47:36Z</time></trkpt>
<trkpt lat="45.35744" lon="-75.822755"><ele>29.0</ele><time>2025-09-03T21:47:37Z</time></trkpt>
<trkpt lat="45.357427" lon="-75.822773"><ele>29.0</ele><time>2025-09-03T21:47:38Z</time></trkpt>
<trkpt lat="45.357418" lon="-75.822791"><ele>29.0</ele><time>2025-09-03T21:47:39Z</time></trkpt>
<trkpt lat="45.357402" lon="-75.822809"><ele>29.0</ele><time>2025-09-03T21:47:40Z</time></trkpt>
<trkpt lat="45.357386" lon="-75.822818"><ele>29.0</ele><time>2025-09-03T21:47:41Z</time></trkpt>
<trkpt lat="45.357373" lon="-75.822827"><ele>29.0</ele><time>2025-09-03T21:47:42Z</time></trkpt>
<trkpt lat="45.357364" lon="-75.822845"><ele>29.0</ele><time>2025-09-03T21:47:43Z</time></trkpt>
<trkpt lat="45.357354" lon="-75.822863"><ele>29.0</ele><time>2025-09-03T21:47:44Z</time></trkpt>
<trkpt lat="45.357351" lon="-75.82289"><ele>29.0</ele><time>2025-09-03T21:47:45Z</time></trkpt>
<trkpt lat="45.357348" lon="-75.822917"><ele>29.0</ele><time>2025-09-03T21:47:46Z</time></trkpt>
<trkpt lat="45.357345" lon="-75.822953"><ele>29.0</ele><time>2025-09-03T21:47:47Z</time></trkpt>
<trkpt lat="45.357342" lon="-75.822979"><ele>29.0</ele><time>2025-09-03T21:47:48Z</time></trkpt>
<trkpt lat="45.357345" lon="-75.823006"><ele>29.0</ele><time>2025-09-03T21:47:49Z</time></trkpt>
<trkpt lat="45.357348" lon="-75.823042"><ele>29.0</ele><time>2025-09-03T21:47:50Z</time></trkpt>
<trkpt lat="45.357354" lon="-75.823069"><ele>29.0</ele><time>2025-09-03T21:47:51Z</time></trkpt>
<trkpt lat="45.357361" lon="-75.823105"><ele>29.0</ele><time>2025-09-03T21:47:52Z</time></trkpt>
<trkpt lat="45.35737" lon="-75.823132"><ele>29.0</ele><time>2025-09-03T21:47:53Z</time></trkpt>
<trkpt lat="45.35738" lon="-75.823159"><ele>29.0</ele><time>2025-09-03T21:47:54Z</time></trkpt>
<trkpt lat="45.357392" lon="-75.823186"><ele>29.0</ele><time>2025-09-03T21:47:55Z</time></trkpt>
<trkpt lat="45.357399" lon="-75.823213"><ele>29.0</ele><time>2025-09-03T21:47:56Z</time></trkpt>
<trkpt lat="45.357408" lon="-75.82324"><ele>29.0</ele><time>2025-09-03T21:47:57Z</time></trkpt>
<trkpt lat="45.357418" lon="-75.823258"><ele>29.0</ele><time>2025-09-03T21:47:58Z</time></trkpt>
<trkpt lat="45.35743" lon="-75.823285"><ele>29.0</ele><time>2025-09-03T21:47:59Z</time></trkpt>
<trkpt lat="45.35744" lon="-75.823303"><ele>29.0</ele><time>2025-09-03T21:48:00Z</time></trkpt>
<trkpt lat="45.357449" lon="-75.823321"><ele>29.0</ele><time>2025-09-03T21:48:01Z</time></trkpt>
<trkpt lat="45.357459" lon="-75.823348"><ele>29.0</ele><time>2025-09-03T21:48:02Z</time></trkpt>
<trkpt lat="45.357471" lon="-75.823366"><ele>29.0</ele><time>2025-09-03T21:48:03Z</time></trkpt>
<trkpt lat="45.357481" lon="-75.823384"><ele>29.0</ele><time>2025-09-03T21:48:04Z</time></trkpt>
<trkpt lat="45.35749" lon="-75.823402"><ele>29.0</ele><time>2025-09-03T21:48:05Z</time></trkpt>
<trkpt lat="45.357503" lon="-75.82342"><ele>29.0</ele><time>2025-09-03T21:48:06Z</time></trkpt>
<trkpt lat="45.357513" lon="-75.823429"><ele>29.0</ele><time>2025-09-03T21:48:07Z</time></trkpt>
<trkpt lat="45.357522" lon="-75.823447"><ele>29.0</ele><time>2025-09-03T21:48:08Z</time></trkpt>
<trkpt lat="45.357532" lon="-75.823465"><ele>28.0</ele><time>2025-09-03T21:48:09Z</time></trkpt>
<trkpt lat="45.357541" lon="-75.823474"><ele>28.0</ele><time>2025-09-03T21:48:10Z</time></trkpt>
<trkpt lat="45.357551" lon="-75.823483"><ele>28.0</ele><time>2025-09-03T21:48:11Z</time></trkpt>
<trkpt lat="45.357563" lon="-75.823492"><ele>28.0</ele><time>2025-09-03T21:48:12Z</time></trkpt>
<trkpt lat="45.357573" lon="-75.823509"><ele>28.0</ele><time>2025-09-03T21:48:13Z</time></trkpt>
<trkpt lat="45.357582" lon="-75.823518"><ele>28.0</ele><time>2025-09-03T21:48:14Z</time></trkpt>
<trkpt lat="45.357595" lon="-75.823527"><ele>28.0</ele><time>2025-09-03T21:48:15Z</time></trkpt>
<trkpt lat="45.357604" lon="-75.823545"><ele>28.0</ele><time>2025-09-03T21:48:16Z</time></trkpt>
<trkpt lat="45.357617" lon="-75.823554"><ele>28.0</ele><time>2025-09-03T21:48:17Z</time></trkpt>
<trkpt lat="45.357627" lon="-75.823563"><ele>28.0</ele><time>2025-09-03T21:48:18Z</time></trkpt>
<trkpt lat="45.357639" lon="-75.823572"><ele>28.0</ele><time>2025-09-03T21:48:19Z</time></trkpt>
<trkpt lat="45.357649" lon="-75.823581"><ele>28.0</ele><time>2025-09-03T21:48:20Z</time></trkpt>
<trkpt lat="45.357661" lon="-75.82359"><ele>28.0</ele><time>2025-09-03T21:48:21Z</time></trkpt>
<trkpt lat="45.357671" lon="-75.823599"><ele>28.0</ele><time>2025-09-03T21:48:22Z</time></trkpt>
<trkpt lat="45.35768" lon="-75.823608"><ele>28.0</ele><time>2025-09-03T21:48:23Z</time></trkpt>
<trkpt lat="45.357693" lon="-75.823617"><ele>28.0</ele><time>2025-09-03T21:48:24Z</time></trkpt>
<trkpt lat="45.357703" lon="-75.823626"><ele>28.0</ele><time>2025-09-03T21:48:25Z</time></trkpt>
<trkpt lat="45.357715" lon="-75.823635"><ele>28.0</ele><time>2025-09-03T21:48:26Z</time></trkpt>
<trkpt lat="45.357728" lon="-75.823644"><ele>28.0</ele><time>2025-09-03T21:48:27Z</time></trkpt>
<trkpt lat="45.357741" lon="-75.823653"><ele>28.0</ele><time>2025-09-03T21:48:28Z</time></trkpt>
<trkpt lat="45.35775" lon="-75.823662"><ele>28.0</ele><time>2025-09-03T21:48:29Z</time></trkpt>
<trkpt lat="45.35775" lon="-75.823662"><ele>28.0</ele><time>2025-09-03T21:48:30Z</time></trkpt>
<trkpt lat="45.357763" lon="-75.823671"><ele>28.0</ele><time>2025-09-03T21:48:30Z</time></trkpt>
<trkpt lat="45.357775" lon="-75.82368"><ele>28.0</ele><time>2025-09-03T21:48:31Z</time></trkpt>
<trkpt lat="45.357788" lon="-75.823689"><ele>28.0</ele><time>2025-09-03T21:48:32Z</time></trkpt>
<trkpt lat="45.357801" lon="-75.823698"><ele>28.0</ele><time>2025-09-03T21:48:33Z</time></trkpt>
<trkpt lat="45.357813" lon="-75.823707"><ele>28.0</ele><time>2025-09-03T21:48:34Z</time></trkpt>
<trkpt lat="45.357826" lon="-75.823725"><ele>28.0</ele><time>2025-09-03T21:48:35Z</time></trkpt>
<trkpt lat="45.357839" lon="-75.823743"><ele>28.0</ele><time>2025-09-03T21:48:36Z</time></trkpt>
<trkpt lat="45.357851" lon="-75.823752"><ele>28.0</ele><time>2025-09-03T21:48:37Z</time></trkpt>
<trkpt lat="45.357861" lon="-75.823761"><ele>28.0</ele><time>2025-09-03T21:48:38Z</time></trkpt>
<trkpt lat="45.35787" lon="-75.823779"><ele>28.0</ele><time>2025-09-03T21:48:39Z</time></trkpt>
<trkpt lat="45.35788" lon="-75.823788"><ele>28.0</ele><time>2025-09-03T21:48:40Z</time></trkpt>
<trkpt lat="45.357886" lon="-75.823806"><ele>29.0</ele><time>2025-09-03T21:48:41Z</time></trkpt>
<trkpt lat="45.357896" lon="-75.823824"><ele>29.0</ele><time>2025-09-03T21:48:42Z</time></trkpt>
<trkpt lat="45.357905" lon="-75.823842"><ele>29.0</ele><time>2025-09-03T21:48:43Z</time></trkpt>
<trkpt lat="45.357915" lon="-75.823851"><ele>29.0</ele><time>2025-09-03T21:48:44Z</time></trkpt>
<trkpt lat="45.357927" lon="-75.823869"><ele>29.0</ele><time>2025-09-03T21:48:45Z</time></trkpt>
<trkpt lat="45.35794" lon="-75.823878"><ele>29.0</ele><time>2025-09-03T21:48:46Z</time></trkpt>
<trkpt lat="45.357953" lon="-75.823887"><ele>29.0</ele><time>2025-09-03T21:48:47Z</time></trkpt>
<trkpt lat="45.357965" lon="-75.823905"><ele>29.0</ele><time>2025-09-03T21:48:48Z</time></trkpt>
<trkpt lat="45.357975" lon="-75.823914"><ele>29.0</ele><time>2025-09-03T21:48:49Z</time></trkpt>
<trkpt lat="45.357988" lon="-75.823932"><ele>29.0</ele><time>2025-09-03T21:48:50Z</time></trkpt>
<trkpt lat="45.357997" lon="-75.82395"><ele>29.0</ele><time>2025-09-03T21:48:51Z</time></trkpt>
<trkpt lat="45.35801" lon="-75.823959"><ele>29.0</ele><time>2025-09-03T21:48:52Z</time></trkpt>
<trkpt lat="45.358022" lon="-75.823977"><ele>29.0</ele><time>2025-09-03T21:48:53Z</time></trkpt>
<trkpt lat="45.358038" lon="-75.823986"><ele>29.0</ele><time>2025-09-03T21:48:54Z</time></trkpt>
<trkpt lat="45.358054" lon="-75.824004"><ele>29.0</ele><time>2025-09-03T21:48:55Z</time></trkpt>
<trkpt lat="45.35807" lon="-75.824013"><ele>29.0</ele><time>2025-09-03T21:48:56Z</time></trkpt>
<trkpt lat="45.358086" lon="-75.82403"><ele>29.0</ele><time>2025-09-03T21:48:57Z</time></trkpt>
<trkpt lat="45.358102" lon="-75.824048"><ele>29.0</ele><time>2025-09-03T21:48:58Z</time></trkpt>
<trkpt lat="45.358117" lon="-75.824066"><ele>29.0</ele><time>2025-09-03T21:48:59Z</time></trkpt>
<trkpt lat="45.358133" lon="-75.824066"><ele>29.0</ele><time>2025-09-03T21:49:00Z</time></trkpt>
<trkpt lat="45.358155" lon="-75.824075"><ele>29.0</ele><time>2025-09-03T21:49:01Z</time></trkpt>
<trkpt lat="45.358171" lon="-75.824075"><ele>29.0</ele><time>2025-09-03T21:49:02Z</time></trkpt>
<trkpt lat="45.358193" lon="-75.824075"><ele>29.0</ele><time>2025-09-03T21:49:03Z</time></trkpt>
<trkpt lat="45.358216" lon="-75.824075"><ele>29.0</ele><time>2025-09-03T21:49:04Z</time></trkpt>
<trkpt lat="45.358235" lon="-75.824084"><ele>29.0</ele><time>2025-09-03T21:49:05Z</time></trkpt>
<trkpt lat="45.35825" lon="-75.824093"><ele>29.0</ele><time>2025-09-03T21:49:06Z</time></trkpt>
<trkpt lat="45.358266" lon="-75.824111"><ele>29.0</ele><time>2025-09-03T21:49:07Z</time></trkpt>
<trkpt lat="45.358285" lon="-75.824111"><ele>29.0</ele><time>2025-09-03T21:49:08Z</time></trkpt>
<trkpt lat="45.358301" lon="-75.82412"><ele>29.0</ele><time>2025-09-03T21:49:09Z</time></trkpt>
<trkpt lat="45.35832" lon="-75.824129"><ele>29.0</ele><time>2025-09-03T21:49:10Z</time></trkpt>
<trkpt lat="45.358336" lon="-75.824129"><ele>29.0</ele><time>2025-09-03T21:49:11Z</time></trkpt>
<trkpt lat="45.358352" lon="-75.824138"><ele>29.0</ele><time>2025-09-03T21:49:12Z</time></trkpt>
<trkpt lat="45.358368" lon="-75.824156"><ele>29.0</ele><time>2025-09-03T21:49:13Z</time></trkpt>
<trkpt lat="45.358383" lon="-75.824165"><ele>29.0</ele><time>2025-09-03T21:49:14Z</time></trkpt>
<trkpt lat="45.358399" lon="-75.824183"><ele>28.0</ele><time>2025-09-03T21:49:15Z</time></trkpt>
<trkpt lat="45.358415" lon="-75.824192"><ele>28.0</ele><time>2025-09-03T21:49:16Z</time></trkpt>
<trkpt lat="45.358434" lon="-75.82421"><ele>28.0</ele><time>2025-09-03T21:49:17Z</time></trkpt>
<trkpt lat="45.35845" lon="-75.824219"><ele>28.0</ele><time>2025-09-03T21:49:18Z</time></trkpt>
<trkpt lat="45.358469" lon="-75.824237"><ele>28.0</ele><time>2025-09-03T21:49:19Z</time></trkpt>
<trkpt lat="45.358488" lon="-75.824246"><ele>28.0</ele><time>2025-09-03T21:49:20Z</time></trkpt>
<trkpt lat="45.358507" lon="-75.824264"><ele>29.0</ele><time>2025-09-03T21:49:21Z</time></trkpt>
<trkpt lat="45.358529" lon="-75.824273"><ele>29.0</ele><time>2025-09-03T21:49:22Z</time></trkpt>
<trkpt lat="45.358545" lon="-75.824291"><ele>29.0</ele><time>2025-09-03T21:49:23Z</time></trkpt>
<trkpt lat="45.358564" lon="-75.824309"><ele>29.0</ele><time>2025-09-03T21:49:24Z</time></trkpt>
<trkpt lat="45.358586" lon="-75.824327"><ele>29.0</ele><time>2025-09-03T21:49:25Z</time></trkpt>
<trkpt lat="45.358605" lon="-75.824336"><ele>29.0</ele><time>2025-09-03T21:49:26Z</time></trkpt>
<trkpt lat="45.358624" lon="-75.824345"><ele>29.0</ele><time>2025-09-03T21:49:27Z</time></trkpt>
<trkpt lat="45.358643" lon="-75.824363"><ele>29.0</ele><time>2025-09-03T21:49:28Z</time></trkpt>
<trkpt lat="45.358662" lon="-75.824372"><ele>28.0</ele><time>2025-09-03T21:49:29Z</time></trkpt>
<trkpt lat="45.358681" lon="-75.82439"><ele>28.0</ele><time>2025-09-03T21:49:30Z</time></trkpt>
<trkpt lat="45.358703" lon="-75.82439"><ele>28.0</ele><time>2025-09-03T21:49:31Z</time></trkpt>
<trkpt lat="45.358722" lon="-75.824399"><ele>28.0</ele><time>2025-09-03T21:49:32Z</time></trkpt>
<trkpt lat="45.358741" lon="-75.824408"><ele>28.0</ele><time>2025-09-03T21:49:33Z</time></trkpt>
<trkpt lat="45.35876" lon="-75.824417"><ele>28.0</ele><time>2025-09-03T21:49:34Z</time></trkpt>
<trkpt lat="45.358782" lon="-75.824417"><ele>28.0</ele><time>2025-09-03T21:49:35Z</time></trkpt>
<trkpt lat="45.358801" lon="-75.824426"><ele>28.0</ele><time>2025-09-03T21:49:36Z</time></trkpt>
<trkpt lat="45.358817" lon="-75.824435"><ele>28.0</ele><time>2025-09-03T21:49:37Z</time></trkpt>
<trkpt lat="45.358833" lon="-75.824453"><ele>28.0</ele><time>2025-09-03T21:49:38Z</time></trkpt>
<trkpt lat="45.358846" lon="-75.824462"><ele>28.0</ele><time>2025-09-03T21:49:39Z</time></trkpt>
<trkpt lat="45.358862" lon="-75.82448"><ele>28.0</ele><time>2025-09-03T21:49:40Z</time></trkpt>
<trkpt lat="45.358874" lon="-75.824498"><ele>28.0</ele><time>2025-09-03T21:49:41Z</time></trkpt>
<trkpt lat="45.35889" lon="-75.824507"><ele>28.0</ele><time>2025-09-03T21:49:42Z</time></trkpt>
<trkpt lat="45.358903" lon="-75.824525"><ele>28.0</ele><time>2025-09-03T21:49:43Z</time></trkpt>
<trkpt lat="45.358919" lon="-75.824534"><ele>28.0</ele><time>2025-09-03T21:49:44Z</time></trkpt>
<trkpt lat="45.358934" lon="-75.824551"><ele>28.0</ele><time>2025-09-03T21:49:45Z</time></trkpt>
<trkpt lat="45.358934" lon="-75.824551"><ele>28.0</ele><time>2025-09-03T21:49:46Z</time></trkpt>
<trkpt lat="45.358947" lon="-75.82456"><ele>28.0</ele><time>2025-09-03T21:49:46Z</time></trkpt>
<trkpt lat="45.358963" lon="-75.824578"><ele>28.0</ele><time>2025-09-03T21:49:47Z</time></trkpt>
<trkpt lat="45.358979" lon="-75.824587"><ele>28.0</ele><time>2025-09-03T21:49:48Z</time></trkpt>
<trkpt lat="45.358991" lon="-75.824605"><ele>29.0</ele><time>2025-09-03T21:49:49Z</time></trkpt>
<trkpt lat="45.359007" lon="-75.824623"><ele>29.0</ele><time>2025-09-03T21:49:50Z</time></trkpt>
<trkpt lat="45.359023" lon="-75.824641"><ele>29.0</ele><time>2025-09-03T21:49:51Z</time></trkpt>
<trkpt lat="45.359036" lon="-75.82465"><ele>29.0</ele><time>2025-09-03T21:49:52Z</time></trkpt>
<trkpt lat="45.359052" lon="-75.824668"><ele>29.0</ele><time>2025-09-03T21:49:53Z</time></trkpt>
<trkpt lat="45.359067" lon="-75.824686"><ele>29.0</ele><time>2025-09-03T21:49:54Z</time></trkpt>
<trkpt lat="45.359083" lon="-75.824695"><ele>29.0</ele><time>2025-09-03T21:49:55Z</time></trkpt>
<trkpt lat="45.359099" lon="-75.824713"><ele>29.0</ele><time>2025-09-03T21:49:56Z</time></trkpt>
<trkpt lat="45.359115" lon="-75.824722"><ele>29.0</ele><time>2025-09-03T21:49:57Z</time></trkpt>
<trkpt lat="45.359131" lon="-75.82474"><ele>29.0</ele><time>2025-09-03T21:49:58Z</time></trkpt>
<trkpt lat="45.359147" lon="-75.824758"><ele>29.0</ele><time>2025-09-03T21:49:59Z</time></trkpt>
<trkpt lat="45.359162" lon="-75.824776"><ele>29.0</ele><time>2025-09-03T21:50:00Z</time></trkpt>
<trkpt lat="45.359181" lon="-75.824794"><ele>29.0</ele><time>2025-09-03T21:50:01Z</time></trkpt>
<trkpt lat="45.359197" lon="-75.824812"><ele>29.0</ele><time>2025-09-03T21:50:02Z</time></trkpt>
<trkpt lat="45.359213" lon="-75.82483"><ele>29.0</ele><time>2025-09-03T21:50:03Z</time></trkpt>
<trkpt lat="45.359229" lon="-75.824848"><ele>29.0</ele><time>2025-09-03T21:50:04Z</time></trkpt>
<trkpt lat="45.359245" lon="-75.824866"><ele>29.0</ele><time>2025-09-03T21:50:05Z</time></trkpt>
<trkpt lat="45.359261" lon="-75.824893"><ele>29.0</ele><time>2025-09-03T21:50:06Z</time></trkpt>
<trkpt lat="45.359273" lon="-75.824911"><ele>29.0</ele><time>2025-09-03T21:50:07Z</time></trkpt>
<trkpt lat="45.359289" lon="-75.824929"><ele>29.0</ele><time>2025-09-03T21:50:08Z</time></trkpt>
<trkpt lat="45.359302" lon="-75.824956"><ele>29.0</ele><time>2025-09-03T21:50:09Z</time></trkpt>
<trkpt lat="45.359318" lon="-75.824974"><ele>29.0</ele><time>2025-09-03T21:50:10Z</time></trkpt>
<trkpt lat="45.359333" lon="-75.825001"><ele>29.0</ele><time>2025-09-03T21:50:11Z</time></trkpt>
<trkpt lat="45.359349" lon="-75.825019"><ele>29.0</ele><time>2025-09-03T21:50:12Z</time></trkpt>
<trkpt lat="45.359365" lon="-75.825037"><ele>29.0</ele><time>2025-09-03T21:50:13Z</time></trkpt>
<trkpt lat="45.359384" lon="-75.825064"><ele>29.0</ele><time>2025-09-03T21:50:14Z</time></trkpt>
<trkpt lat="45.359397" lon="-75.825081"><ele>29.0</ele><time>2025-09-03T21:50:15Z</time></trkpt>
<trkpt lat="45.359409" lon="-75.825108"><ele>29.0</ele><time>2025-09-03T21:50:16Z</time></trkpt>
<trkpt lat="45.359425" lon="-75.825135"><ele>29.0</ele><time>2025-09-03T21:50:17Z</time></trkpt>
<trkpt lat="45.359438" lon="-75.825153"><ele>28.0</ele><time>2025-09-03T21:50:18Z</time></trkpt>
<trkpt lat="45.359454" lon="-75.82518"><ele>28.0</ele><time>2025-09-03T21:50:19Z</time></trkpt>
<trkpt lat="45.35947" lon="-75.825198"><ele>28.0</ele><time>2025-09-03T21:50:20Z</time></trkpt>
<trkpt lat="45.359485" lon="-75.825216"><ele>28.0</ele><time>2025-09-03T21:50:21Z</time></trkpt>
<trkpt lat="45.359501" lon="-75.825243"><ele>28.0</ele><time>2025-09-03T21:50:22Z</time></trkpt>
<trkpt lat="45.359517" lon="-75.825261"><ele>28.0</ele><time>2025-09-03T21:50:23Z</time></trkpt>
<trkpt lat="45.359536" lon="-75.825279"><ele>28.0</ele><time>2025-09-03T21:50:24Z</time></trkpt>
<trkpt lat="45.359552" lon="-75.825297"><ele>28.0</ele><time>2025-09-03T21:50:25Z</time></trkpt>
<trkpt lat="45.359565" lon="-75.825324"><ele>27.0</ele><time>2025-09-03T21:50:26Z</time></trkpt>
<trkpt lat="45.35958" lon="-75.825342"><ele>27.0</ele><time>2025-09-03T21:50:27Z</time></trkpt>
<trkpt lat="45.359596" lon="-75.82536"><ele>27.0</ele><time>2025-09-03T21:50:28Z</time></trkpt>
<trkpt lat="45.359609" lon="-75.825387"><ele>28.0</ele><time>2025-09-03T21:50:29Z</time></trkpt>
<trkpt lat="45.359625" lon="-75.825405"><ele>27.0</ele><time>2025-09-03T21:50:30Z</time></trkpt>
<trkpt lat="45.359637" lon="-75.825432"><ele>27.0</ele><time>2025-09-03T21:50:31Z</time></trkpt>
<trkpt lat="45.359653" lon="-75.82545"><ele>27.0</ele><time>2025-09-03T21:50:32Z</time></trkpt>
<trkpt lat="45.359669" lon="-75.825477"><ele>28.0</ele><time>2025-09-03T21:50:33Z</time></trkpt>
<trkpt lat="45.359685" lon="-75.825495"><ele>28.0</ele><time>2025-09-03T21:50:34Z</time></trkpt>
<trkpt lat="45.359701" lon="-75.825513"><ele>28.0</ele><time>2025-09-03T21:50:35Z</time></trkpt>
<trkpt lat="45.359713" lon="-75.825531"><ele>28.0</ele><time>2025-09-03T21:50:36Z</time></trkpt>
<trkpt lat="45.359732" lon="-75.825549"><ele>28.0</ele><time>2025-09-03T21:50:37Z</time></trkpt>
<trkpt lat="45.359748" lon="-75.825567"><ele>28.0</ele><time>2025-09-03T21:50:38Z</time></trkpt>
<trkpt lat="45.359764" lon="-75.825585"><ele>28.0</ele><time>2025-09-03T21:50:39Z</time></trkpt>
<trkpt lat="45.35978" lon="-75.825602"><ele>28.0</ele><time>2025-09-03T21:50:40Z</time></trkpt>
<trkpt lat="45.359796" lon="-75.82562"><ele>28.0</ele><time>2025-09-03T21:50:41Z</time></trkpt>
<trkpt lat="45.359811" lon="-75.825638"><ele>28.0</ele><time>2025-09-03T21:50:42Z</time></trkpt>
<trkpt lat="45.359824" lon="-75.825656"><ele>28.0</ele><time>2025-09-03T21:50:43Z</time></trkpt>
<trkpt lat="45.35984" lon="-75.825674"><ele>28.0</ele><time>2025-09-03T21:50:44Z</time></trkpt>
<trkpt lat="45.359856" lon="-75.825692"><ele>28.0</ele><time>2025-09-03T21:50:45Z</time></trkpt>
<trkpt lat="45.359872" lon="-75.825701"><ele>28.0</ele><time>2025-09-03T21:50:46Z</time></trkpt>
<trkpt lat="45.359887" lon="-75.825719"><ele>28.0</ele><time>2025-09-03T21:50:47Z</time></trkpt>
<trkpt lat="45.359906" lon="-75.825737"><ele>28.0</ele><time>2025-09-03T21:50:48Z</time></trkpt>
<trkpt lat="45.359922" lon="-75.825755"><ele>28.0</ele><time>2025-09-03T21:50:49Z</time></trkpt>
<trkpt lat="45.359938" lon="-75.825764"><ele>28.0</ele><time>2025-09-03T21:50:50Z</time></trkpt>
<trkpt lat="45.359954" lon="-75.825782"><ele>27.0</ele><time>2025-09-03T21:50:51Z</time></trkpt>
<trkpt lat="45.35997" lon="-75.8258"><ele>27.0</ele><time>2025-09-03T21:50:52Z</time></trkpt>
<trkpt lat="45.359989" lon="-75.825818"><ele>27.0</ele><time>2025-09-03T21:50:53Z</time></trkpt>
<trkpt lat="45.360005" lon="-75.825827"><ele>27.0</ele><time>2025-09-03T21:50:54Z</time></trkpt>
<trkpt lat="45.36002" lon="-75.825845"><ele>27.0</ele><time>2025-09-03T21:50:55Z</time></trkpt>
<trkpt lat="45.360036" lon="-75.825863"><ele>27.0</ele><time>2025-09-03T21:50:56Z</time></trkpt>
<trkpt lat="45.360055" lon="-75.825872"><ele>27.0</ele><time>2025-09-03T21:50:57Z</time></trkpt>
<trkpt lat="45.360071" lon="-75.82589"><ele>27.0</ele><time>2025-09-03T21:50:58Z</time></trkpt>
<trkpt lat="45.360087" lon="-75.825908"><ele>27.0</ele><time>2025-09-03T21:50:59Z</time></trkpt>
<trkpt lat="45.360106" lon="-75.825926"><ele>27.0</ele><time>2025-09-03T21:51:00Z</time></trkpt>
<trkpt lat="45.360122" lon="-75.825935"><ele>27.0</ele><time>2025-09-03T21:51:01Z</time></trkpt>
<trkpt lat="45.360141" lon="-75.825944"><ele>27.0</ele><time>2025-09-03T21:51:02Z</time></trkpt>
<trkpt lat="45.36016" lon="-75.825953"><ele>28.0</ele><time>2025-09-03T21:51:03Z</time></trkpt>
<trkpt lat="45.360176" lon="-75.825962"><ele>28.0</ele><time>2025-09-03T21:51:04Z</time></trkpt>
<trkpt lat="45.360195" lon="-75.82598"><ele>28.0</ele><time>2025-09-03T21:51:05Z</time></trkpt>
<trkpt lat="45.36021" lon="-75.825989"><ele>28.0</ele><time>2025-09-03T21:51:06Z</time></trkpt>
<trkpt lat="45.360229" lon="-75.825998"><ele>28.0</ele><time>2025-09-03T21:51:07Z</time></trkpt>
<trkpt lat="45.360245" lon="-75.826016"><ele>28.0</ele><time>2025-09-03T21:51:08Z</time></trkpt>
<trkpt lat="45.360261" lon="-75.826025"><ele>28.0</ele><time>2025-09-03T21:51:09Z</time></trkpt>
<trkpt lat="45.360277" lon="-75.826043"><ele>28.0</ele><time>2025-09-03T21:51:10Z</time></trkpt>
<trkpt lat="45.360293" lon="-75.826052"><ele>28.0</ele><time>2025-09-03T21:51:11Z</time></trkpt>
<trkpt lat="45.360312" lon="-75.826061"><ele>28.0</ele><time>2025-09-03T21:51:12Z</time></trkpt>
<trkpt lat="45.360328" lon="-75.82607"><ele>28.0</ele><time>2025-09-03T21:51:13Z</time></trkpt>
<trkpt lat="45.360343" lon="-75.826079"><ele>28.0</ele><time>2025-09-03T21:51:14Z</time></trkpt>
<trkpt lat="45.360359" lon="-75.826097"><ele>28.0</ele><time>2025-09-03T21:51:15Z</time></trkpt>
<trkpt lat="45.360375" lon="-75.826106"><ele>28.0</ele><time>2025-09-03T21:51:16Z</time></trkpt>
<trkpt lat="45.360391" lon="-75.826114"><ele>28.0</ele><time>2025-09-03T21:51:17Z</time></trkpt>
<trkpt lat="45.360407" lon="-75.826132"><ele>28.0</ele><time>2025-09-03T21:51:18Z</time></trkpt>
<trkpt lat="45.360423" lon="-75.826141"><ele>28.0</ele><time>2025-09-03T21:51:19Z</time></trkpt>
<trkpt lat="45.360435" lon="-75.82615"><ele>28.0</ele><time>2025-09-03T21:51:20Z</time></trkpt>
<trkpt lat="45.360451" lon="-75.826159"><ele>28.0</ele><time>2025-09-03T21:51:21Z</time></trkpt>
<trkpt lat="45.360464" lon="-75.826168"><ele>28.0</ele><time>2025-09-03T21:51:22Z</time></trkpt>
<trkpt lat="45.36048" lon="-75.826186"><ele>28.0</ele><time>2025-09-03T21:51:23Z</time></trkpt>
<trkpt lat="45.360492" lon="-75.826195"><ele>28.0</ele><time>2025-09-03T21:51:24Z</time></trkpt>
<trkpt lat="45.360508" lon="-75.826204"><ele>28.0</ele><time>2025-09-03T21:51:25Z</time></trkpt>
<trkpt lat="45.360524" lon="-75.826222"><ele>28.0</ele><time>2025-09-03T21:51:26Z</time></trkpt>
<trkpt lat="45.360537" lon="-75.826231"><ele>28.0</ele><time>2025-09-03T21:51:27Z</time></trkpt>
<trkpt lat="45.360552" lon="-75.82624"><ele>28.0</ele><time>2025-09-03T21:51:28Z</time></trkpt>
<trkpt lat="45.360568" lon="-75.826258"><ele>28.0</ele><time>2025-09-03T21:51:29Z</time></trkpt>
<trkpt lat="45.360584" lon="-75.826276"><ele>28.0</ele><time>2025-09-03T21:51:30Z</time></trkpt>
<trkpt lat="45.3606" lon="-75.826285"><ele>28.0</ele><time>2025-09-03T21:51:31Z</time></trkpt>
<trkpt lat="45.360613" lon="-75.826303"><ele>28.0</ele><time>2025-09-03T21:51:32Z</time></trkpt>
<trkpt lat="45.360628" lon="-75.826321"><ele>28.0</ele><time>2025-09-03T21:51:33Z</time></trkpt>
<trkpt lat="45.360644" lon="-75.826339"><ele>28.0</ele><time>2025-09-03T21:51:34Z</time></trkpt>
<trkpt lat="45.36066" lon="-75.826357"><ele>28.0</ele><time>2025-09-03T21:51:35Z</time></trkpt>
<trkpt lat="45.360679" lon="-75.826375"><ele>28.0</ele><time>2025-09-03T21:51:36Z</time></trkpt>
<trkpt lat="45.360698" lon="-75.826402"><ele>28.0</ele><time>2025-09-03T21:51:37Z</time></trkpt>
<trkpt lat="45.360714" lon="-75.826429"><ele>27.0</ele><time>2025-09-03T21:51:38Z</time></trkpt>
<trkpt lat="45.360723" lon="-75.826456"><ele>27.0</ele><time>2025-09-03T21:51:39Z</time></trkpt>
<trkpt lat="45.360736" lon="-75.826474"><ele>28.0</ele><time>2025-09-03T21:51:40Z</time></trkpt>
<trkpt lat="45.360749" lon="-75.826501"><ele>27.0</ele><time>2025-09-03T21:51:41Z</time></trkpt>
<trkpt lat="45.360765" lon="-75.826519"><ele>28.0</ele><time>2025-09-03T21:51:42Z</time></trkpt>
<trkpt lat="45.360777" lon="-75.826546"><ele>28.0</ele><time>2025-09-03T21:51:43Z</time></trkpt>
<trkpt lat="45.360793" lon="-75.826564"><ele>28.0</ele><time>2025-09-03T21:51:44Z</time></trkpt>
<trkpt lat="45.360806" lon="-75.826591"><ele>28.0</ele><time>2025-09-03T21:51:45Z</time></trkpt>
<trkpt lat="45.360822" lon="-75.826609"><ele>28.0</ele><time>2025-09-03T21:51:46Z</time></trkpt>
<trkpt lat="45.360834" lon="-75.826635"><ele>28.0</ele><time>2025-09-03T21:51:47Z</time></trkpt>
<trkpt lat="45.36085" lon="-75.826662"><ele>29.0</ele><time>2025-09-03T21:51:48Z</time></trkpt>
<trkpt lat="45.360863" lon="-75.82668"><ele>29.0</ele><time>2025-09-03T21:51:49Z</time></trkpt>
<trkpt lat="45.360879" lon="-75.826707"><ele>29.0</ele><time>2025-09-03T21:51:50Z</time></trkpt>
<trkpt lat="45.360888" lon="-75.826734"><ele>29.0</ele><time>2025-09-03T21:51:51Z</time></trkpt>
<trkpt lat="45.360904" lon="-75.826761"><ele>29.0</ele><time>2025-09-03T21:51:52Z</time></trkpt>
<trkpt lat="45.360917" lon="-75.826779"><ele>29.0</ele><time>2025-09-03T21:51:53Z</time></trkpt>
<trkpt lat="45.360929" lon="-75.826806"><ele>29.0</ele><time>2025-09-03T21:51:54Z</time></trkpt>
<trkpt lat="45.360945" lon="-75.826833"><ele>29.0</ele><time>2025-09-03T21:51:55Z</time></trkpt>
<trkpt lat="45.360958" lon="-75.82686"><ele>29.0</ele><time>2025-09-03T21:51:56Z</time></trkpt>
<trkpt lat="45.36097" lon="-75.826887"><ele>29.0</ele><time>2025-09-03T21:51:57Z</time></trkpt>
<trkpt lat="45.360983" lon="-75.826923"><ele>29.0</ele><time>2025-09-03T21:51:58Z</time></trkpt>
<trkpt lat="45.360996" lon="-75.82695"><ele>29.0</ele><time>2025-09-03T21:51:59Z</time></trkpt>
<trkpt lat="45.361012" lon="-75.826977"><ele>29.0</ele><time>2025-09-03T21:52:00Z</time></trkpt>
<trkpt lat="45.361024" lon="-75.827013"><ele>30.0</ele><time>2025-09-03T21:52:01Z</time></trkpt>
<trkpt lat="45.36104" lon="-75.82704"><ele>30.0</ele><time>2025-09-03T21:52:02Z</time></trkpt>
<trkpt lat="45.361053" lon="-75.827067"><ele>30.0</ele><time>2025-09-03T21:52:03Z</time></trkpt>
<trkpt lat="45.361069" lon="-75.827094"><ele>30.0</ele><time>2025-09-03T21:52:04Z</time></trkpt>
<trkpt lat="45.361084" lon="-75.82713"><ele>30.0</ele><time>2025-09-03T21:52:05Z</time></trkpt>
<trkpt lat="45.361097" lon="-75.827156"><ele>30.0</ele><time>2025-09-03T21:52:06Z</time></trkpt>
<trkpt lat="45.36111" lon="-75.827183"><ele>30.0</ele><time>2025-09-03T21:52:07Z</time></trkpt>
<trkpt lat="45.361122" lon="-75.82721"><ele>30.0</ele><time>2025-09-03T21:52:08Z</time></trkpt>
<trkpt lat="45.361122" lon="-75.827219"><ele>30.0</ele><time>2025-09-03T21:52:09Z</time></trkpt>
<trkpt lat="45.361135" lon="-75.827246"><ele>30.0</ele><time>2025-09-03T21:52:09Z</time></trkpt>
<trkpt lat="45.361148" lon="-75.827273"><ele>29.0</ele><time>2025-09-03T21:52:10Z</time></trkpt>
<trkpt lat="45.36116" lon="-75.8273"><ele>29.0</ele><time>2025-09-03T21:52:11Z</time></trkpt>
<trkpt lat="45.361173" lon="-75.827336"><ele>29.0</ele><time>2025-09-03T21:52:12Z</time></trkpt>
<trkpt lat="45.361183" lon="-75.827363"><ele>29.0</ele><time>2025-09-03T21:52:13Z</time></trkpt>
<trkpt lat="45.361198" lon="-75.82739"><ele>30.0</ele><time>2025-09-03T21:52:14Z</time></trkpt>
<trkpt lat="45.361208" lon="-75.827417"><ele>30.0</ele><time>2025-09-03T21:52:15Z</time></trkpt>
<trkpt lat="45.361221" lon="-75.827453"><ele>29.0</ele><time>2025-09-03T21:52:16Z</time></trkpt>
<trkpt lat="45.361233" lon="-75.82748"><ele>29.0</ele><time>2025-09-03T21:52:17Z</time></trkpt>
<trkpt lat="45.361246" lon="-75.827507"><ele>29.0</ele><time>2025-09-03T21:52:18Z</time></trkpt>
<trkpt lat="45.361259" lon="-75.827534"><ele>29.0</ele><time>2025-09-03T21:52:19Z</time></trkpt>
<trkpt lat="45.361274" lon="-75.82757"><ele>29.0</ele><time>2025-09-03T21:52:20Z</time></trkpt>
<trkpt lat="45.361287" lon="-75.827597"><ele>29.0</ele><time>2025-09-03T21:52:21Z</time></trkpt>
<trkpt lat="45.361303" lon="-75.827624"><ele>29.0</ele><time>2025-09-03T21:52:22Z</time></trkpt>
<trkpt lat="45.361319" lon="-75.827651"><ele>29.0</ele><time>2025-09-03T21:52:23Z</time></trkpt>
<trkpt lat="45.361335" lon="-75.827677"><ele>29.0</ele><time>2025-09-03T21:52:24Z</time></trkpt>
<trkpt lat="45.361347" lon="-75.827704"><ele>29.0</ele><time>2025-09-03T21:52:25Z</time></trkpt>
<trkpt lat="45.361363" lon="-75.82774"><ele>29.0</ele><time>2025-09-03T21:52:26Z</time></trkpt>
<trkpt lat="45.361373" lon="-75.827767"><ele>29.0</ele><time>2025-09-03T21:52:27Z</time></trkpt>
<trkpt lat="45.361385" lon="-75.827803"><ele>29.0</ele><time>2025-09-03T21:52:28Z</time></trkpt>
<trkpt lat="45.361395" lon="-75.827839"><ele>29.0</ele><time>2025-09-03T21:52:29Z</time></trkpt>
<trkpt lat="45.361401" lon="-75.827875"><ele>29.0</ele><time>2025-09-03T21:52:30Z</time></trkpt>
<trkpt lat="45.361411" lon="-75.827911"><ele>29.0</ele><time>2025-09-03T21:52:31Z</time></trkpt>
<trkpt lat="45.361417" lon="-75.827947"><ele>29.0</ele><time>2025-09-03T21:52:32Z</time></trkpt>
<trkpt lat="45.361426" lon="-75.827974"><ele>29.0</ele><time>2025-09-03T21:52:33Z</time></trkpt>
<trkpt lat="45.361433" lon="-75.82801"><ele>29.0</ele><time>2025-09-03T21:52:34Z</time></trkpt>
<trkpt lat="45.361439" lon="-75.828046"><ele>29.0</ele><time>2025-09-03T21:52:35Z</time></trkpt>
<trkpt lat="45.361449" lon="-75.828082"><ele>29.0</ele><time>2025-09-03T21:52:36Z</time></trkpt>
<trkpt lat="45.361455" lon="-75.828118"><ele>30.0</ele><time>2025-09-03T21:52:37Z</time></trkpt>
<trkpt lat="45.361461" lon="-75.828154"><ele>30.0</ele><time>2025-09-03T21:52:38Z</time></trkpt>
<trkpt lat="45.361468" lon="-75.82819"><ele>30.0</ele><time>2025-09-03T21:52:39Z</time></trkpt>
<trkpt lat="45.361474" lon="-75.828225"><ele>30.0</ele><time>2025-09-03T21:52:40Z</time></trkpt>
<trkpt lat="45.36148" lon="-75.828261"><ele>30.0</ele><time>2025-09-03T21:52:41Z</time></trkpt>
<trkpt lat="45.361483" lon="-75.828297"><ele>30.0</ele><time>2025-09-03T21:52:42Z</time></trkpt>
<trkpt lat="45.361487" lon="-75.828333"><ele>30.0</ele><time>2025-09-03T21:52:43Z</time></trkpt>
<trkpt lat="45.361493" lon="-75.828378"><ele>30.0</ele><time>2025-09-03T21:52:44Z</time></trkpt>
<trkpt lat="45.361499" lon="-75.828414"><ele>30.0</ele><time>2025-09-03T21:52:45Z</time></trkpt>
<trkpt lat="45.361502" lon="-75.82845"><ele>30.0</ele><time>2025-09-03T21:52:46Z</time></trkpt>
<trkpt lat="45.361509" lon="-75.828495"><ele>30.0</ele><time>2025-09-03T21:52:47Z</time></trkpt>
<trkpt lat="45.361515" lon="-75.828531"><ele>30.0</ele><time>2025-09-03T21:52:48Z</time></trkpt>
<trkpt lat="45.361518" lon="-75.828567"><ele>30.0</ele><time>2025-09-03T21:52:49Z</time></trkpt>
<trkpt lat="45.361521" lon="-75.828612"><ele>30.0</ele><time>2025-09-03T21:52:50Z</time></trkpt>
<trkpt lat="45.361531" lon="-75.828648"><ele>30.0</ele><time>2025-09-03T21:52:51Z</time></trkpt>
<trkpt lat="45.361537" lon="-75.828693"><ele>30.0</ele><time>2025-09-03T21:52:52Z</time></trkpt>
<trkpt lat="45.361547" lon="-75.828728"><ele>30.0</ele><time>2025-09-03T21:52:53Z</time></trkpt>
<trkpt lat="45.361556" lon="-75.828773"><ele>30.0</ele><time>2025-09-03T21:52:54Z</time></trkpt>
<trkpt lat="45.361566" lon="-75.828809"><ele>30.0</ele><time>2025-09-03T21:52:55Z</time></trkpt>
<trkpt lat="45.361572" lon="-75.828854"><ele>30.0</ele><time>2025-09-03T21:52:56Z</time></trkpt>
<trkpt lat="45.361578" lon="-75.82889"><ele>30.0</ele><time>2025-09-03T21:52:57Z</time></trkpt>
<trkpt lat="45.361585" lon="-75.828926"><ele>30.0</ele><time>2025-09-03T21:52:58Z</time></trkpt>
<trkpt lat="45.361591" lon="-75.828962"><ele>30.0</ele><time>2025-09-03T21:52:59Z</time></trkpt>
<trkpt lat="45.361597" lon="-75.828998"><ele>30.0</ele><time>2025-09-03T21:53:00Z</time></trkpt>
<trkpt lat="45.361604" lon="-75.829034"><ele>29.0</ele><time>2025-09-03T21:53:01Z</time></trkpt>
<trkpt lat="45.36161" lon="-75.82907"><ele>30.0</ele><time>2025-09-03T21:53:02Z</time></trkpt>
<trkpt lat="45.361616" lon="-75.829115"><ele>30.0</ele><time>2025-09-03T21:53:03Z</time></trkpt>
<trkpt lat="45.361626" lon="-75.829151"><ele>29.0</ele><time>2025-09-03T21:53:04Z</time></trkpt>
<trkpt lat="45.361638" lon="-75.829187"><ele>29.0</ele><time>2025-09-03T21:53:05Z</time></trkpt>
<trkpt lat="45.361651" lon="-75.829223"><ele>29.0</ele><time>2025-09-03T21:53:06Z</time></trkpt>
<trkpt lat="45.361667" lon="-75.829249"><ele>29.0</ele><time>2025-09-03T21:53:07Z</time></trkpt>
<trkpt lat="45.36168" lon="-75.829285"><ele>29.0</ele><time>2025-09-03T21:53:08Z</time></trkpt>
<trkpt lat="45.361689" lon="-75.829321"><ele>29.0</ele><time>2025-09-03T21:53:09Z</time></trkpt>
<trkpt lat="45.361695" lon="-75.829357"><ele>29.0</ele><time>2025-09-03T21:53:10Z</time></trkpt>
<trkpt lat="45.361699" lon="-75.829393"><ele>29.0</ele><time>2025-09-03T21:53:11Z</time></trkpt>
<trkpt lat="45.361705" lon="-75.829429"><ele>29.0</ele><time>2025-09-03T21:53:12Z</time></trkpt>
<trkpt lat="45.361708" lon="-75.829456"><ele>29.0</ele><time>2025-09-03T21:53:13Z</time></trkpt>
<trkpt lat="45.361714" lon="-75.829492"><ele>30.0</ele><time>2025-09-03T21:53:14Z</time></trkpt>
<trkpt lat="45.361721" lon="-75.829528"><ele>30.0</ele><time>2025-09-03T21:53:15Z</time></trkpt>
<trkpt lat="45.361724" lon="-75.829564"><ele>30.0</ele><time>2025-09-03T21:53:16Z</time></trkpt>
<trkpt lat="45.36173" lon="-75.8296"><ele>30.0</ele><time>2025-09-03T21:53:17Z</time></trkpt>
<trkpt lat="45.361737" lon="-75.829636"><ele>30.0</ele><time>2025-09-03T21:53:18Z</time></trkpt>
<trkpt lat="45.361743" lon="-75.829672"><ele>30.0</ele><time>2025-09-03T21:53:19Z</time></trkpt>
<trkpt lat="45.361746" lon="-75.829708"><ele>30.0</ele><time>2025-09-03T21:53:20Z</time></trkpt>
<trkpt lat="45.361752" lon="-75.829735"><ele>29.0</ele><time>2025-09-03T21:53:21Z</time></trkpt>
<trkpt lat="45.361756" lon="-75.82977"><ele>29.0</ele><time>2025-09-03T21:53:22Z</time></trkpt>
<trkpt lat="45.361759" lon="-75.829815"><ele>29.0</ele><time>2025-09-03T21:53:23Z</time></trkpt>
<trkpt lat="45.361765" lon="-75.829842"><ele>29.0</ele><time>2025-09-03T21:53:24Z</time></trkpt>
<trkpt lat="45.361768" lon="-75.829878"><ele>29.0</ele><time>2025-09-03T21:53:25Z</time></trkpt>
<trkpt lat="45.361775" lon="-75.829914"><ele>29.0</ele><time>2025-09-03T21:53:26Z</time></trkpt>
<trkpt lat="45.361781" lon="-75.829941"><ele>29.0</ele><time>2025-09-03T21:53:27Z</time></trkpt>
<trkpt lat="45.361787" lon="-75.829977"><ele>29.0</ele><time>2025-09-03T21:53:28Z</time></trkpt>
<trkpt lat="45.36179" lon="-75.830013"><ele>29.0</ele><time>2025-09-03T21:53:29Z</time></trkpt>
<trkpt lat="45.361794" lon="-75.830049"><ele>29.0</ele><time>2025-09-03T21:53:30Z</time></trkpt>
<trkpt lat="45.3618" lon="-75.830085"><ele>29.0</ele><time>2025-09-03T21:53:31Z</time></trkpt>
<trkpt lat="45.361803" lon="-75.830112"><ele>29.0</ele><time>2025-09-03T21:53:32Z</time></trkpt>
<trkpt lat="45.361806" lon="-75.830148"><ele>29.0</ele><time>2025-09-03T21:53:33Z</time></trkpt>
<trkpt lat="45.361813" lon="-75.830184"><ele>29.0</ele><time>2025-09-03T21:53:34Z</time></trkpt>
<trkpt lat="45.361819" lon="-75.83022"><ele>29.0</ele><time>2025-09-03T21:53:35Z</time></trkpt>
<trkpt lat="45.361825" lon="-75.830247"><ele>29.0</ele><time>2025-09-03T21:53:36Z</time></trkpt>
<trkpt lat="45.361832" lon="-75.830283"><ele>29.0</ele><time>2025-09-03T21:53:37Z</time></trkpt>
<trkpt lat="45.361835" lon="-75.830318"><ele>29.0</ele><time>2025-09-03T21:53:38Z</time></trkpt>
<trkpt lat="45.361841" lon="-75.830345"><ele>29.0</ele><time>2025-09-03T21:53:39Z</time></trkpt>
<trkpt lat="45.361847" lon="-75.830381"><ele>29.0</ele><time>2025-09-03T21:53:40Z</time></trkpt>
<trkpt lat="45.361854" lon="-75.830408"><ele>29.0</ele><time>2025-09-03T21:53:41Z</time></trkpt>
<trkpt lat="45.36186" lon="-75.830435"><ele>29.0</ele><time>2025-09-03T21:53:42Z</time></trkpt>
<trkpt lat="45.361866" lon="-75.830471"><ele>29.0</ele><time>2025-09-03T21:53:43Z</time></trkpt>
<trkpt lat="45.361876" lon="-75.830498"><ele>29.0</ele><time>2025-09-03T21:53:44Z</time></trkpt>
<trkpt lat="45.361882" lon="-75.830525"><ele>29.0</ele><time>2025-09-03T21:53:45Z</time></trkpt>
<trkpt lat="45.361889" lon="-75.830552"><ele>29.0</ele><time>2025-09-03T21:53:46Z</time></trkpt>
<trkpt lat="45.361895" lon="-75.830588"><ele>29.0</ele><time>2025-09-03T21:53:47Z</time></trkpt>
<trkpt lat="45.361901" lon="-75.830615"><ele>29.0</ele><time>2025-09-03T21:53:48Z</time></trkpt>
<trkpt lat="45.361908" lon="-75.830642"><ele>29.0</ele><time>2025-09-03T21:53:49Z</time></trkpt>
<trkpt lat="45.361914" lon="-75.830669"><ele>29.0</ele><time>2025-09-03T21:53:50Z</time></trkpt>
<trkpt lat="45.361923" lon="-75.830705"><ele>29.0</ele><time>2025-09-03T21:53:51Z</time></trkpt>
<trkpt lat="45.36193" lon="-75.830732"><ele>29.0</ele><time>2025-09-03T21:53:52Z</time></trkpt>
<trkpt lat="45.361936" lon="-75.830759"><ele>29.0</ele><time>2025-09-03T21:53:53Z</time></trkpt>
<trkpt lat="45.361942" lon="-75.830795"><ele>29.0</ele><time>2025-09-03T21:53:54Z</time></trkpt>
<trkpt lat="45.361949" lon="-75.83083"><ele>29.0</ele><time>2025-09-03T21:53:55Z</time></trkpt>
<trkpt lat="45.361955" lon="-75.830866"><ele>29.0</ele><time>2025-09-03T21:53:56Z</time></trkpt>
<trkpt lat="45.361961" lon="-75.830893"><ele>29.0</ele><time>2025-09-03T21:53:57Z</time></trkpt>
<trkpt lat="45.361965" lon="-75.830929"><ele>29.0</ele><time>2025-09-03T21:53:58Z</time></trkpt>
<trkpt lat="45.361971" lon="-75.830956"><ele>29.0</ele><time>2025-09-03T21:53:59Z</time></trkpt>
<trkpt lat="45.36198" lon="-75.830992"><ele>30.0</ele><time>2025-09-03T21:54:00Z</time></trkpt>
<trkpt lat="45.361987" lon="-75.831028"><ele>30.0</ele><time>2025-09-03T21:54:01Z</time></trkpt>
<trkpt lat="45.361996" lon="-75.831055"><ele>30.0</ele><time>2025-09-03T21:54:02Z</time></trkpt>
<trkpt lat="45.362006" lon="-75.831091"><ele>29.0</ele><time>2025-09-03T21:54:03Z</time></trkpt>
<trkpt lat="45.362015" lon="-75.831118"><ele>29.0</ele><time>2025-09-03T21:54:04Z</time></trkpt>
<trkpt lat="45.362025" lon="-75.831154"><ele>29.0</ele><time>2025-09-03T21:54:05Z</time></trkpt>
<trkpt lat="45.362031" lon="-75.83119"><ele>29.0</ele><time>2025-09-03T21:54:06Z</time></trkpt>
<trkpt lat="45.362041" lon="-75.831217"><ele>29.0</ele><time>2025-09-03T21:54:07Z</time></trkpt>
<trkpt lat="45.36205" lon="-75.831244"><ele>29.0</ele><time>2025-09-03T21:54:08Z</time></trkpt>
<trkpt lat="45.362056" lon="-75.83128"><ele>29.0</ele><time>2025-09-03T21:54:09Z</time></trkpt>
<trkpt lat="45.362066" lon="-75.831307"><ele>29.0</ele><time>2025-09-03T21:54:10Z</time></trkpt>
<trkpt lat="45.362075" lon="-75.831342"><ele>29.0</ele><time>2025-09-03T21:54:11Z</time></trkpt>
<trkpt lat="45.362088" lon="-75.831369"><ele>29.0</ele><time>2025-09-03T21:54:12Z</time></trkpt>
<trkpt lat="45.362098" lon="-75.831396"><ele>29.0</ele><time>2025-09-03T21:54:13Z</time></trkpt>
<trkpt lat="45.36211" lon="-75.831432"><ele>28.0</ele><time>2025-09-03T21:54:14Z</time></trkpt>
<trkpt lat="45.36212" lon="-75.831459"><ele>28.0</ele><time>2025-09-03T21:54:15Z</time></trkpt>
<trkpt lat="45.362129" lon="-75.831495"><ele>28.0</ele><time>2025-09-03T21:54:16Z</time></trkpt>
<trkpt lat="45.362142" lon="-75.831531"><ele>28.0</ele><time>2025-09-03T21:54:17Z</time></trkpt>
<trkpt lat="45.362148" lon="-75.831558"><ele>28.0</ele><time>2025-09-03T21:54:18Z</time></trkpt>
<trkpt lat="45.362155" lon="-75.831594"><ele>29.0</ele><time>2025-09-03T21:54:19Z</time></trkpt>
<trkpt lat="45.362164" lon="-75.83163"><ele>29.0</ele><time>2025-09-03T21:54:20Z</time></trkpt>
<trkpt lat="45.36217" lon="-75.831666"><ele>29.0</ele><time>2025-09-03T21:54:21Z</time></trkpt>
<trkpt lat="45.362177" lon="-75.831702"><ele>29.0</ele><time>2025-09-03T21:54:22Z</time></trkpt>
<trkpt lat="45.362186" lon="-75.831738"><ele>29.0</ele><time>2025-09-03T21:54:23Z</time></trkpt>
<trkpt lat="45.362193" lon="-75.831765"><ele>29.0</ele><time>2025-09-03T21:54:24Z</time></trkpt>
<trkpt lat="45.362202" lon="-75.831801"><ele>29.0</ele><time>2025-09-03T21:54:25Z</time></trkpt>
<trkpt lat="45.362212" lon="-75.831837"><ele>29.0</ele><time>2025-09-03T21:54:26Z</time></trkpt>
<trkpt lat="45.362221" lon="-75.831863"><ele>30.0</ele><time>2025-09-03T21:54:27Z</time></trkpt>
<trkpt lat="45.362231" lon="-75.831899"><ele>29.0</ele><time>2025-09-03T21:54:28Z</time></trkpt>
<trkpt lat="45.36224" lon="-75.831926"><ele>29.0</ele><time>2025-09-03T21:54:29Z</time></trkpt>
<trkpt lat="45.36225" lon="-75.831962"><ele>29.0</ele><time>2025-09-03T21:54:30Z</time></trkpt>
<trkpt lat="45.362259" lon="-75.831989"><ele>29.0</ele><time>2025-09-03T21:54:31Z</time></trkpt>
<trkpt lat="45.362269" lon="-75.832025"><ele>29.0</ele><time>2025-09-03T21:54:32Z</time></trkpt>
<trkpt lat="45.362278" lon="-75.832052"><ele>29.0</ele><time>2025-09-03T21:54:33Z</time></trkpt>
<trkpt lat="45.362288" lon="-75.832079"><ele>29.0</ele><time>2025-09-03T21:54:34Z</time></trkpt>
<trkpt lat="45.362297" lon="-75.832115"><ele>29.0</ele><time>2025-09-03T21:54:35Z</time></trkpt>
<trkpt lat="45.36231" lon="-75.832142"><ele>29.0</ele><time>2025-09-03T21:54:36Z</time></trkpt>
<trkpt lat="45.362322" lon="-75.832169"><ele>29.0</ele><time>2025-09-03T21:54:37Z</time></trkpt>
<trkpt lat="45.362332" lon="-75.832196"><ele>29.0</ele><time>2025-09-03T21:54:38Z</time></trkpt>
<trkpt lat="45.362345" lon="-75.832214"><ele>29.0</ele><time>2025-09-03T21:54:39Z</time></trkpt>
<trkpt lat="45.362357" lon="-75.832241"><ele>28.0</ele><time>2025-09-03T21:54:40Z</time></trkpt>
<trkpt lat="45.362364" lon="-75.832277"><ele>28.0</ele><time>2025-09-03T21:54:41Z</time></trkpt>
<trkpt lat="45.362367" lon="-75.832304"><ele>28.0</ele><time>2025-09-03T21:54:42Z</time></trkpt>
<trkpt lat="45.36237" lon="-75.83234"><ele>28.0</ele><time>2025-09-03T21:54:43Z</time></trkpt>
<trkpt lat="45.362376" lon="-75.832367"><ele>29.0</ele><time>2025-09-03T21:54:44Z</time></trkpt>
<trkpt lat="45.362383" lon="-75.832393"><ele>29.0</ele><time>2025-09-03T21:54:45Z</time></trkpt>
<trkpt lat="45.362392" lon="-75.83242"><ele>29.0</ele><time>2025-09-03T21:54:46Z</time></trkpt>
<trkpt lat="45.362402" lon="-75.832456"><ele>29.0</ele><time>2025-09-03T21:54:47Z</time></trkpt>
<trkpt lat="45.362411" lon="-75.832483"><ele>29.0</ele><time>2025-09-03T21:54:48Z</time></trkpt>
<trkpt lat="45.362417" lon="-75.83251"><ele>29.0</ele><time>2025-09-03T21:54:49Z</time></trkpt>
<trkpt lat="45.362424" lon="-75.832546"><ele>29.0</ele><time>2025-09-03T21:54:50Z</time></trkpt>
<trkpt lat="45.362427" lon="-75.832573"><ele>29.0</ele><time>2025-09-03T21:54:51Z</time></trkpt>
<trkpt lat="45.362433" lon="-75.832609"><ele>29.0</ele><time>2025-09-03T21:54:52Z</time></trkpt>
<trkpt lat="45.36244" lon="-75.832636"><ele>29.0</ele><time>2025-09-03T21:54:53Z</time></trkpt>
<trkpt lat="45.362449" lon="-75.832672"><ele>29.0</ele><time>2025-09-03T21:54:54Z</time></trkpt>
<trkpt lat="45.362459" lon="-75.832699"><ele>29.0</ele><time>2025-09-03T21:54:55Z</time></trkpt>
<trkpt lat="45.362468" lon="-75.832735"><ele>29.0</ele><time>2025-09-03T21:54:56Z</time></trkpt>
<trkpt lat="45.362474" lon="-75.832762"><ele>29.0</ele><time>2025-09-03T21:54:57Z</time></trkpt>
<trkpt lat="45.362478" lon="-75.832789"><ele>29.0</ele><time>2025-09-03T21:54:58Z</time></trkpt>
<trkpt lat="45.362481" lon="-75.832807"><ele>29.0</ele><time>2025-09-03T21:54:59Z</time></trkpt>
<trkpt lat="45.362484" lon="-75.832834"><ele>29.0</ele><time>2025-09-03T21:55:00Z</time></trkpt>
<trkpt lat="45.36249" lon="-75.83287"><ele>28.0</ele><time>2025-09-03T21:55:01Z</time></trkpt>
<trkpt lat="45.362506" lon="-75.832905"><ele>28.0</ele><time>2025-09-03T21:55:02Z</time></trkpt>
<trkpt lat="45.362522" lon="-75.832941"><ele>29.0</ele><time>2025-09-03T21:55:03Z</time></trkpt>
<trkpt lat="45.362538" lon="-75.832968"><ele>29.0</ele><time>2025-09-03T21:55:04Z</time></trkpt>
<trkpt lat="45.362554" lon="-75.832995"><ele>28.0</ele><time>2025-09-03T21:55:05Z</time></trkpt>
<trkpt lat="45.362566" lon="-75.833022"><ele>28.0</ele><time>2025-09-03T21:55:06Z</time></trkpt>
<trkpt lat="45.362582" lon="-75.833049"><ele>28.0</ele><time>2025-09-03T21:55:07Z</time></trkpt>
<trkpt lat="45.362595" lon="-75.833076"><ele>28.0</ele><time>2025-09-03T21:55:08Z</time></trkpt>
<trkpt lat="45.362607" lon="-75.833103"><ele>28.0</ele><time>2025-09-03T21:55:09Z</time></trkpt>
<trkpt lat="45.362623" lon="-75.83313"><ele>29.0</ele><time>2025-09-03T21:55:10Z</time></trkpt>
<trkpt lat="45.362636" lon="-75.833157"><ele>29.0</ele><time>2025-09-03T21:55:11Z</time></trkpt>
<trkpt lat="45.362649" lon="-75.833184"><ele>29.0</ele><time>2025-09-03T21:55:12Z</time></trkpt>
<trkpt lat="45.362661" lon="-75.833211"><ele>29.0</ele><time>2025-09-03T21:55:13Z</time></trkpt>
<trkpt lat="45.362674" lon="-75.833238"><ele>29.0</ele><time>2025-09-03T21:55:14Z</time></trkpt>
<trkpt lat="45.362687" lon="-75.833265"><ele>29.0</ele><time>2025-09-03T21:55:15Z</time></trkpt>
<trkpt lat="45.362699" lon="-75.833292"><ele>29.0</ele><time>2025-09-03T21:55:16Z</time></trkpt>
<trkpt lat="45.362712" lon="-75.833319"><ele>29.0</ele><time>2025-09-03T21:55:17Z</time></trkpt>
<trkpt lat="45.362721" lon="-75.833346"><ele>29.0</ele><time>2025-09-03T21:55:18Z</time></trkpt>
<trkpt lat="45.362731" lon="-75.833373"><ele>29.0</ele><time>2025-09-03T21:55:19Z</time></trkpt>
<trkpt lat="45.36274" lon="-75.8334"><ele>29.0</ele><time>2025-09-03T21:55:20Z</time></trkpt>
<trkpt lat="45.36275" lon="-75.833435"><ele>29.0</ele><time>2025-09-03T21:55:21Z</time></trkpt>
<trkpt lat="45.362759" lon="-75.833462"><ele>29.0</ele><time>2025-09-03T21:55:22Z</time></trkpt>
<trkpt lat="45.362769" lon="-75.833489"><ele>29.0</ele><time>2025-09-03T21:55:23Z</time></trkpt>
<trkpt lat="45.362782" lon="-75.833516"><ele>29.0</ele><time>2025-09-03T21:55:24Z</time></trkpt>
<trkpt lat="45.362791" lon="-75.833552"><ele>28.0</ele><time>2025-09-03T21:55:25Z</time></trkpt>
<trkpt lat="45.362804" lon="-75.833579"><ele>28.0</ele><time>2025-09-03T21:55:26Z</time></trkpt>
<trkpt lat="45.362813" lon="-75.833615"><ele>28.0</ele><time>2025-09-03T21:55:27Z</time></trkpt>
<trkpt lat="45.36282" lon="-75.833651"><ele>29.0</ele><time>2025-09-03T21:55:28Z</time></trkpt>
<trkpt lat="45.362829" lon="-75.833687"><ele>29.0</ele><time>2025-09-03T21:55:29Z</time></trkpt>
<trkpt lat="45.362839" lon="-75.833723"><ele>29.0</ele><time>2025-09-03T21:55:30Z</time></trkpt>
<trkpt lat="45.362851" lon="-75.83375"><ele>29.0</ele><time>2025-09-03T21:55:31Z</time></trkpt>
<trkpt lat="45.362861" lon="-75.833786"><ele>29.0</ele><time>2025-09-03T21:55:32Z</time></trkpt>
<trkpt lat="45.36287" lon="-75.833822"><ele>29.0</ele><time>2025-09-03T21:55:33Z</time></trkpt>
<trkpt lat="45.362883" lon="-75.833849"><ele>29.0</ele><time>2025-09-03T21:55:34Z</time></trkpt>
<trkpt lat="45.362896" lon="-75.833885"><ele>29.0</ele><time>2025-09-03T21:55:35Z</time></trkpt>
<trkpt lat="45.362908" lon="-75.833912"><ele>29.0</ele><time>2025-09-03T21:55:36Z</time></trkpt>
<trkpt lat="45.362921" lon="-75.833947"><ele>29.0</ele><time>2025-09-03T21:55:37Z</time></trkpt>
<trkpt lat="45.362934" lon="-75.833974"><ele>29.0</ele><time>2025-09-03T21:55:38Z</time></trkpt>
<trkpt lat="45.362946" lon="-75.83401"><ele>29.0</ele><time>2025-09-03T21:55:39Z</time></trkpt>
<trkpt lat="45.362962" lon="-75.834037"><ele>29.0</ele><time>2025-09-03T21:55:40Z</time></trkpt>
<trkpt lat="45.362975" lon="-75.834064"><ele>29.0</ele><time>2025-09-03T21:55:41Z</time></trkpt>
<trkpt lat="45.362987" lon="-75.8341"><ele>29.0</ele><time>2025-09-03T21:55:42Z</time></trkpt>
<trkpt lat="45.363003" lon="-75.834127"><ele>29.0</ele><time>2025-09-03T21:55:43Z</time></trkpt>
<trkpt lat="45.363022" lon="-75.834154"><ele>29.0</ele><time>2025-09-03T21:55:44Z</time></trkpt>
<trkpt lat="45.363038" lon="-75.834181"><ele>29.0</ele><time>2025-09-03T21:55:45Z</time></trkpt>
<trkpt lat="45.363054" lon="-75.834199"><ele>29.0</ele><time>2025-09-03T21:55:46Z</time></trkpt>
<trkpt lat="45.36307" lon="-75.834226"><ele>29.0</ele><time>2025-09-03T21:55:47Z</time></trkpt>
<trkpt lat="45.363085" lon="-75.834253"><ele>29.0</ele><time>2025-09-03T21:55:48Z</time></trkpt>
<trkpt lat="45.363101" lon="-75.83428"><ele>29.0</ele><time>2025-09-03T21:55:49Z</time></trkpt>
<trkpt lat="45.36312" lon="-75.834298"><ele>29.0</ele><time>2025-09-03T21:55:50Z</time></trkpt>
<trkpt lat="45.363136" lon="-75.834316"><ele>28.0</ele><time>2025-09-03T21:55:51Z</time></trkpt>
<trkpt lat="45.363152" lon="-75.834343"><ele>28.0</ele><time>2025-09-03T21:55:52Z</time></trkpt>
<trkpt lat="45.363168" lon="-75.834361"><ele>28.0</ele><time>2025-09-03T21:55:53Z</time></trkpt>
<trkpt lat="45.363184" lon="-75.834388"><ele>28.0</ele><time>2025-09-03T21:55:54Z</time></trkpt>
<trkpt lat="45.363196" lon="-75.834415"><ele>28.0</ele><time>2025-09-03T21:55:55Z</time></trkpt>
<trkpt lat="45.363212" lon="-75.834433"><ele>28.0</ele><time>2025-09-03T21:55:56Z</time></trkpt>
<trkpt lat="45.363225" lon="-75.83446"><ele>28.0</ele><time>2025-09-03T21:55:57Z</time></trkpt>
<trkpt lat="45.363241" lon="-75.834486"><ele>28.0</ele><time>2025-09-03T21:55:58Z</time></trkpt>
<trkpt lat="45.363256" lon="-75.834504"><ele>28.0</ele><time>2025-09-03T21:55:59Z</time></trkpt>
<trkpt lat="45.363272" lon="-75.834531"><ele>28.0</ele><time>2025-09-03T21:56:00Z</time></trkpt>
<trkpt lat="45.363288" lon="-75.834558"><ele>29.0</ele><time>2025-09-03T21:56:01Z</time></trkpt>
<trkpt lat="45.363304" lon="-75.834576"><ele>29.0</ele><time>2025-09-03T21:56:02Z</time></trkpt>
<trkpt lat="45.363317" lon="-75.834603"><ele>28.0</ele><time>2025-09-03T21:56:03Z</time></trkpt>
<trkpt lat="45.363332" lon="-75.83463"><ele>28.0</ele><time>2025-09-03T21:56:04Z</time></trkpt>
<trkpt lat="45.363345" lon="-75.834657"><ele>29.0</ele><time>2025-09-03T21:56:05Z</time></trkpt>
<trkpt lat="45.363358" lon="-75.834684"><ele>29.0</ele><time>2025-09-03T21:56:06Z</time></trkpt>
<trkpt lat="45.363374" lon="-75.83472"><ele>29.0</ele><time>2025-09-03T21:56:07Z</time></trkpt>
<trkpt lat="45.363389" lon="-75.834747"><ele>29.0</ele><time>2025-09-03T21:56:08Z</time></trkpt>
<trkpt lat="45.363408" lon="-75.834774"><ele>29.0</ele><time>2025-09-03T21:56:09Z</time></trkpt>
<trkpt lat="45.363424" lon="-75.834801"><ele>29.0</ele><time>2025-09-03T21:56:10Z</time></trkpt>
<trkpt lat="45.363443" lon="-75.834828"><ele>29.0</ele><time>2025-09-03T21:56:11Z</time></trkpt>
<trkpt lat="45.363456" lon="-75.834855"><ele>29.0</ele><time>2025-09-03T21:56:12Z</time></trkpt>
<trkpt lat="45.363475" lon="-75.834882"><ele>29.0</ele><time>2025-09-03T21:56:13Z</time></trkpt>
<trkpt lat="45.363491" lon="-75.834918"><ele>28.0</ele><time>2025-09-03T21:56:14Z</time></trkpt>
<trkpt lat="45.363507" lon="-75.834945"><ele>28.0</ele><time>2025-09-03T21:56:15Z</time></trkpt>
<trkpt lat="45.363522" lon="-75.834972"><ele>28.0</ele><time>2025-09-03T21:56:16Z</time></trkpt>
<trkpt lat="45.363538" lon="-75.835007"><ele>28.0</ele><time>2025-09-03T21:56:17Z</time></trkpt>
<trkpt lat="45.363554" lon="-75.835034"><ele>29.0</ele><time>2025-09-03T21:56:18Z</time></trkpt>
<trkpt lat="45.36357" lon="-75.835061"><ele>29.0</ele><time>2025-09-03T21:56:19Z</time></trkpt>
<trkpt lat="45.363583" lon="-75.835097"><ele>28.0</ele><time>2025-09-03T21:56:20Z</time></trkpt>
<trkpt lat="45.363595" lon="-75.835124"><ele>28.0</ele><time>2025-09-03T21:56:21Z</time></trkpt>
<trkpt lat="45.363608" lon="-75.83516"><ele>28.0</ele><time>2025-09-03T21:56:22Z</time></trkpt>
<trkpt lat="45.363617" lon="-75.835187"><ele>29.0</ele><time>2025-09-03T21:56:23Z</time></trkpt>
<trkpt lat="45.36363" lon="-75.835223"><ele>29.0</ele><time>2025-09-03T21:56:24Z</time></trkpt>
<trkpt lat="45.363646" lon="-75.83525"><ele>29.0</ele><time>2025-09-03T21:56:25Z</time></trkpt>
<trkpt lat="45.363659" lon="-75.835286"><ele>29.0</ele><time>2025-09-03T21:56:26Z</time></trkpt>
<trkpt lat="45.363671" lon="-75.835322"><ele>29.0</ele><time>2025-09-03T21:56:27Z</time></trkpt>
<trkpt lat="45.363684" lon="-75.835358"><ele>29.0</ele><time>2025-09-03T21:56:28Z</time></trkpt>
<trkpt lat="45.363697" lon="-75.835385"><ele>29.0</ele><time>2025-09-03T21:56:29Z</time></trkpt>
<trkpt lat="45.363709" lon="-75.835421"><ele>29.0</ele><time>2025-09-03T21:56:30Z</time></trkpt>
<trkpt lat="45.363722" lon="-75.835448"><ele>29.0</ele><time>2025-09-03T21:56:31Z</time></trkpt>
<trkpt lat="45.363735" lon="-75.835484"><ele>29.0</ele><time>2025-09-03T21:56:32Z</time></trkpt>
<trkpt lat="45.363744" lon="-75.835519"><ele>29.0</ele><time>2025-09-03T21:56:33Z</time></trkpt>
<trkpt lat="45.363757" lon="-75.835546"><ele>29.0</ele><time>2025-09-03T21:56:34Z</time></trkpt>
<trkpt lat="45.363769" lon="-75.835573"><ele>29.0</ele><time>2025-09-03T21:56:35Z</time></trkpt>
<trkpt lat="45.363779" lon="-75.835609"><ele>29.0</ele><time>2025-09-03T21:56:36Z</time></trkpt>
<trkpt lat="45.363792" lon="-75.835636"><ele>29.0</ele><time>2025-09-03T21:56:37Z</time></trkpt>
<trkpt lat="45.363804" lon="-75.835672"><ele>29.0</ele><time>2025-09-03T21:56:38Z</time></trkpt>
<trkpt lat="45.363817" lon="-75.835699"><ele>29.0</ele><time>2025-09-03T21:56:39Z</time></trkpt>
<trkpt lat="45.363826" lon="-75.835735"><ele>28.0</ele><time>2025-09-03T21:56:40Z</time></trkpt>
<trkpt lat="45.363836" lon="-75.835762"><ele>28.0</ele><time>2025-09-03T21:56:41Z</time></trkpt>
<trkpt lat="45.363849" lon="-75.835798"><ele>28.0</ele><time>2025-09-03T21:56:42Z</time></trkpt>
<trkpt lat="45.363861" lon="-75.835825"><ele>29.0</ele><time>2025-09-03T21:56:43Z</time></trkpt>
<trkpt lat="45.363871" lon="-75.835861"><ele>29.0</ele><time>2025-09-03T21:56:44Z</time></trkpt>
<trkpt lat="45.363883" lon="-75.835888"><ele>28.0</ele><time>2025-09-03T21:56:45Z</time></trkpt>
<trkpt lat="45.363896" lon="-75.835924"><ele>28.0</ele><time>2025-09-03T21:56:46Z</time></trkpt>
<trkpt lat="45.363912" lon="-75.835951"><ele>28.0</ele><time>2025-09-03T21:56:47Z</time></trkpt>
<trkpt lat="45.363925" lon="-75.835978"><ele>28.0</ele><time>2025-09-03T21:56:48Z</time></trkpt>
<trkpt lat="45.363937" lon="-75.836005"><ele>28.0</ele><time>2025-09-03T21:56:49Z</time></trkpt>
<trkpt lat="45.363953" lon="-75.83604"><ele>29.0</ele><time>2025-09-03T21:56:50Z</time></trkpt>
<trkpt lat="45.363966" lon="-75.836067"><ele>29.0</ele><time>2025-09-03T21:56:51Z</time></trkpt>
<trkpt lat="45.363982" lon="-75.836094"><ele>29.0</ele><time>2025-09-03T21:56:52Z</time></trkpt>
<trkpt lat="45.363997" lon="-75.836121"><ele>29.0</ele><time>2025-09-03T21:56:53Z</time></trkpt>
<trkpt lat="45.36401" lon="-75.836139"><ele>29.0</ele><time>2025-09-03T21:56:54Z</time></trkpt>
<trkpt lat="45.364023" lon="-75.836175"><ele>29.0</ele><time>2025-09-03T21:56:55Z</time></trkpt>
<trkpt lat="45.364032" lon="-75.836202"><ele>29.0</ele><time>2025-09-03T21:56:56Z</time></trkpt>
<trkpt lat="45.364045" lon="-75.836238"><ele>29.0</ele><time>2025-09-03T21:56:57Z</time></trkpt>
<trkpt lat="45.364054" lon="-75.836274"><ele>28.0</ele><time>2025-09-03T21:56:58Z</time></trkpt>
<trkpt lat="45.364067" lon="-75.836301"><ele>28.0</ele><time>2025-09-03T21:56:59Z</time></trkpt>
<trkpt lat="45.36408" lon="-75.836337"><ele>29.0</ele><time>2025-09-03T21:57:00Z</time></trkpt>
<trkpt lat="45.364092" lon="-75.836364"><ele>29.0</ele><time>2025-09-03T21:57:01Z</time></trkpt>
<trkpt lat="45.364105" lon="-75.8364"><ele>29.0</ele><time>2025-09-03T21:57:02Z</time></trkpt>
<trkpt lat="45.364118" lon="-75.836427"><ele>29.0</ele><time>2025-09-03T21:57:03Z</time></trkpt>
<trkpt lat="45.36413" lon="-75.836454"><ele>29.0</ele><time>2025-09-03T21:57:04Z</time></trkpt>
<trkpt lat="45.364143" lon="-75.83649"><ele>28.0</ele><time>2025-09-03T21:57:05Z</time></trkpt>
<trkpt lat="45.364156" lon="-75.836517"><ele>28.0</ele><time>2025-09-03T21:57:06Z</time></trkpt>
<trkpt lat="45.364172" lon="-75.836544"><ele>28.0</ele><time>2025-09-03T21:57:07Z</time></trkpt>
<trkpt lat="45.364175" lon="-75.836544"><ele>28.0</ele><time>2025-09-03T21:57:08Z</time></trkpt>
<trkpt lat="45.364187" lon="-75.83657"><ele>28.0</ele><time>2025-09-03T21:57:08Z</time></trkpt>
<trkpt lat="45.364206" lon="-75.836597"><ele>28.0</ele><time>2025-09-03T21:57:09Z</time></trkpt>
<trkpt lat="45.364222" lon="-75.836624"><ele>28.0</ele><time>2025-09-03T21:57:10Z</time></trkpt>
<trkpt lat="45.364238" lon="-75.836651"><ele>28.0</ele><time>2025-09-03T21:57:11Z</time></trkpt>
<trkpt lat="45.364254" lon="-75.836678"><ele>28.0</ele><time>2025-09-03T21:57:12Z</time></trkpt>
<trkpt lat="45.36427" lon="-75.836705"><ele>28.0</ele><time>2025-09-03T21:57:13Z</time></trkpt>
<trkpt lat="45.364285" lon="-75.836732"><ele>28.0</ele><time>2025-09-03T21:57:14Z</time></trkpt>
<trkpt lat="45.364304" lon="-75.836759"><ele>28.0</ele><time>2025-09-03T21:57:15Z</time></trkpt>
<trkpt lat="45.36432" lon="-75.836786"><ele>28.0</ele><time>2025-09-03T21:57:16Z</time></trkpt>
<trkpt lat="45.364339" lon="-75.836813"><ele>28.0</ele><time>2025-09-03T21:57:17Z</time></trkpt>
<trkpt lat="45.364358" lon="-75.836831"><ele>28.0</ele><time>2025-09-03T21:57:18Z</time></trkpt>
<trkpt lat="45.364374" lon="-75.836858"><ele>29.0</ele><time>2025-09-03T21:57:19Z</time></trkpt>
<trkpt lat="45.364393" lon="-75.836876"><ele>29.0</ele><time>2025-09-03T21:57:20Z</time></trkpt>
<trkpt lat="45.364409" lon="-75.836903"><ele>29.0</ele><time>2025-09-03T21:57:21Z</time></trkpt>
<trkpt lat="45.364428" lon="-75.836921"><ele>29.0</ele><time>2025-09-03T21:57:22Z</time></trkpt>
<trkpt lat="45.364447" lon="-75.836948"><ele>28.0</ele><time>2025-09-03T21:57:23Z</time></trkpt>
<trkpt lat="45.364466" lon="-75.836975"><ele>29.0</ele><time>2025-09-03T21:57:24Z</time></trkpt>
<trkpt lat="45.364485" lon="-75.836993"><ele>29.0</ele><time>2025-09-03T21:57:25Z</time></trkpt>
<trkpt lat="45.364504" lon="-75.83702"><ele>29.0</ele><time>2025-09-03T21:57:26Z</time></trkpt>
<trkpt lat="45.364523" lon="-75.837047"><ele>29.0</ele><time>2025-09-03T21:57:27Z</time></trkpt>
<trkpt lat="45.364539" lon="-75.837074"><ele>29.0</ele><time>2025-09-03T21:57:28Z</time></trkpt>
<trkpt lat="45.364558" lon="-75.8371"><ele>28.0</ele><time>2025-09-03T21:57:29Z</time></trkpt>
<trkpt lat="45.364577" lon="-75.837127"><ele>28.0</ele><time>2025-09-03T21:57:30Z</time></trkpt>
<trkpt lat="45.364593" lon="-75.837154"><ele>28.0</ele><time>2025-09-03T21:57:31Z</time></trkpt>
<trkpt lat="45.364605" lon="-75.83719"><ele>29.0</ele><time>2025-09-03T21:57:32Z</time></trkpt>
<trkpt lat="45.364618" lon="-75.837217"><ele>29.0</ele><time>2025-09-03T21:57:33Z</time></trkpt>
<trkpt lat="45.364634" lon="-75.837244"><ele>28.0</ele><time>2025-09-03T21:57:34Z</time></trkpt>
<trkpt lat="45.36465" lon="-75.83728"><ele>28.0</ele><time>2025-09-03T21:57:35Z</time></trkpt>
<trkpt lat="45.364665" lon="-75.837307"><ele>28.0</ele><time>2025-09-03T21:57:36Z</time></trkpt>
<trkpt lat="45.364678" lon="-75.837334"><ele>29.0</ele><time>2025-09-03T21:57:37Z</time></trkpt>
<trkpt lat="45.364694" lon="-75.837361"><ele>29.0</ele><time>2025-09-03T21:57:38Z</time></trkpt>
<trkpt lat="45.364713" lon="-75.837388"><ele>29.0</ele><time>2025-09-03T21:57:39Z</time></trkpt>
<trkpt lat="45.364726" lon="-75.837415"><ele>29.0</ele><time>2025-09-03T21:57:40Z</time></trkpt>
<trkpt lat="45.364741" lon="-75.837442"><ele>29.0</ele><time>2025-09-03T21:57:41Z</time></trkpt>
<trkpt lat="45.364757" lon="-75.837469"><ele>29.0</ele><time>2025-09-03T21:57:42Z</time></trkpt>
<trkpt lat="45.36477" lon="-75.837496"><ele>29.0</ele><time>2025-09-03T21:57:43Z</time></trkpt>
<trkpt lat="45.364786" lon="-75.837532"><ele>29.0</ele><time>2025-09-03T21:57:44Z</time></trkpt>
<trkpt lat="45.364805" lon="-75.837559"><ele>29.0</ele><time>2025-09-03T21:57:45Z</time></trkpt>
<trkpt lat="45.364821" lon="-75.837586"><ele>29.0</ele><time>2025-09-03T21:57:46Z</time></trkpt>
<trkpt lat="45.36484" lon="-75.837612"><ele>29.0</ele><time>2025-09-03T21:57:47Z</time></trkpt>
<trkpt lat="45.364859" lon="-75.837639"><ele>29.0</ele><time>2025-09-03T21:57:48Z</time></trkpt>
<trkpt lat="45.364878" lon="-75.837666"><ele>29.0</ele><time>2025-09-03T21:57:49Z</time></trkpt>
<trkpt lat="45.364893" lon="-75.837693"><ele>29.0</ele><time>2025-09-03T21:57:50Z</time></trkpt>
<trkpt lat="45.364909" lon="-75.837729"><ele>29.0</ele><time>2025-09-03T21:57:51Z</time></trkpt>
<trkpt lat="45.364922" lon="-75.837756"><ele>29.0</ele><time>2025-09-03T21:57:52Z</time></trkpt>
<trkpt lat="45.364935" lon="-75.837792"><ele>29.0</ele><time>2025-09-03T21:57:53Z</time></trkpt>
<trkpt lat="45.364947" lon="-75.837828"><ele>28.0</ele><time>2025-09-03T21:57:54Z</time></trkpt>
<trkpt lat="45.364963" lon="-75.837855"><ele>28.0</ele><time>2025-09-03T21:57:55Z</time></trkpt>
<trkpt lat="45.364979" lon="-75.837882"><ele>29.0</ele><time>2025-09-03T21:57:56Z</time></trkpt>
<trkpt lat="45.364998" lon="-75.837909"><ele>29.0</ele><time>2025-09-03T21:57:57Z</time></trkpt>
<trkpt lat="45.365017" lon="-75.837936"><ele>29.0</ele><time>2025-09-03T21:57:58Z</time></trkpt>
<trkpt lat="45.365036" lon="-75.837954"><ele>28.0</ele><time>2025-09-03T21:57:59Z</time></trkpt>
<trkpt lat="45.365055" lon="-75.837981"><ele>28.0</ele><time>2025-09-03T21:58:00Z</time></trkpt>
<trkpt lat="45.365074" lon="-75.838008"><ele>28.0</ele><time>2025-09-03T21:58:01Z</time></trkpt>
<trkpt lat="45.365096" lon="-75.838026"><ele>29.0</ele><time>2025-09-03T21:58:02Z</time></trkpt>
<trkpt lat="45.365118" lon="-75.838044"><ele>29.0</ele><time>2025-09-03T21:58:03Z</time></trkpt>
<trkpt lat="45.365137" lon="-75.838062"><ele>29.0</ele><time>2025-09-03T21:58:04Z</time></trkpt>
<trkpt lat="45.365153" lon="-75.838089"><ele>29.0</ele><time>2025-09-03T21:58:05Z</time></trkpt>
<trkpt lat="45.365166" lon="-75.838124"><ele>29.0</ele><time>2025-09-03T21:58:06Z</time></trkpt>
<trkpt lat="45.365178" lon="-75.838151"><ele>29.0</ele><time>2025-09-03T21:58:07Z</time></trkpt>
<trkpt lat="45.365194" lon="-75.838187"><ele>29.0</ele><time>2025-09-03T21:58:08Z</time></trkpt>
<trkpt lat="45.36521" lon="-75.838214"><ele>29.0</ele><time>2025-09-03T21:58:09Z</time></trkpt>
<trkpt lat="45.365226" lon="-75.838241"><ele>29.0</ele><time>2025-09-03T21:58:10Z</time></trkpt>
<trkpt lat="45.365245" lon="-75.838268"><ele>29.0</ele><time>2025-09-03T21:58:11Z</time></trkpt>
<trkpt lat="45.365261" lon="-75.838295"><ele>29.0</ele><time>2025-09-03T21:58:12Z</time></trkpt>
<trkpt lat="45.36528" lon="-75.838322"><ele>28.0</ele><time>2025-09-03T21:58:13Z</time></trkpt>
<trkpt lat="45.365299" lon="-75.83834"><ele>29.0</ele><time>2025-09-03T21:58:14Z</time></trkpt>
<trkpt lat="45.365318" lon="-75.838367"><ele>29.0</ele><time>2025-09-03T21:58:15Z</time></trkpt>
<trkpt lat="45.365337" lon="-75.838394"><ele>29.0</ele><time>2025-09-03T21:58:16Z</time></trkpt>
<trkpt lat="45.365359" lon="-75.838412"><ele>29.0</ele><time>2025-09-03T21:58:17Z</time></trkpt>
<trkpt lat="45.365381" lon="-75.838439"><ele>29.0</ele><time>2025-09-03T21:58:18Z</time></trkpt>
<trkpt lat="45.365403" lon="-75.838457"><ele>28.0</ele><time>2025-09-03T21:58:19Z</time></trkpt>
<trkpt lat="45.365425" lon="-75.838475"><ele>28.0</ele><time>2025-09-03T21:58:20Z</time></trkpt>
<trkpt lat="45.365444" lon="-75.838502"><ele>28.0</ele><time>2025-09-03T21:58:21Z</time></trkpt>
<trkpt lat="45.365463" lon="-75.83852"><ele>28.0</ele><time>2025-09-03T21:58:22Z</time></trkpt>
<trkpt lat="45.365482" lon="-75.838547"><ele>28.0</ele><time>2025-09-03T21:58:23Z</time></trkpt>
<trkpt lat="45.365498" lon="-75.838574"><ele>27.0</ele><time>2025-09-03T21:58:24Z</time></trkpt>
<trkpt lat="45.365514" lon="-75.83861"><ele>27.0</ele><time>2025-09-03T21:58:25Z</time></trkpt>
<trkpt lat="45.365533" lon="-75.838637"><ele>27.0</ele><time>2025-09-03T21:58:26Z</time></trkpt>
<trkpt lat="45.365549" lon="-75.838663"><ele>27.0</ele><time>2025-09-03T21:58:27Z</time></trkpt>
<trkpt lat="45.365568" lon="-75.838699"><ele>28.0</ele><time>2025-09-03T21:58:28Z</time></trkpt>
<trkpt lat="45.365587" lon="-75.838735"><ele>29.0</ele><time>2025-09-03T21:58:29Z</time></trkpt>
<trkpt lat="45.365599" lon="-75.838762"><ele>29.0</ele><time>2025-09-03T21:58:30Z</time></trkpt>
<trkpt lat="45.365609" lon="-75.838798"><ele>29.0</ele><time>2025-09-03T21:58:31Z</time></trkpt>
<trkpt lat="45.365622" lon="-75.838825"><ele>29.0</ele><time>2025-09-03T21:58:32Z</time></trkpt>
<trkpt lat="45.365634" lon="-75.838861"><ele>29.0</ele><time>2025-09-03T21:58:33Z</time></trkpt>
<trkpt lat="45.365647" lon="-75.838888"><ele>29.0</ele><time>2025-09-03T21:58:34Z</time></trkpt>
<trkpt lat="45.36566" lon="-75.838915"><ele>29.0</ele><time>2025-09-03T21:58:35Z</time></trkpt>
<trkpt lat="45.365672" lon="-75.838951"><ele>29.0</ele><time>2025-09-03T21:58:36Z</time></trkpt>
<trkpt lat="45.365685" lon="-75.838978"><ele>29.0</ele><time>2025-09-03T21:58:37Z</time></trkpt>
<trkpt lat="45.365701" lon="-75.839014"><ele>29.0</ele><time>2025-09-03T21:58:38Z</time></trkpt>
<trkpt lat="45.365717" lon="-75.839041"><ele>29.0</ele><time>2025-09-03T21:58:39Z</time></trkpt>
<trkpt lat="45.365732" lon="-75.839068"><ele>29.0</ele><time>2025-09-03T21:58:40Z</time></trkpt>
<trkpt lat="45.365745" lon="-75.839104"><ele>29.0</ele><time>2025-09-03T21:58:41Z</time></trkpt>
<trkpt lat="45.365761" lon="-75.839131"><ele>29.0</ele><time>2025-09-03T21:58:42Z</time></trkpt>
<trkpt lat="45.365777" lon="-75.839158"><ele>29.0</ele><time>2025-09-03T21:58:43Z</time></trkpt>
<trkpt lat="45.365793" lon="-75.839193"><ele>28.0</ele><time>2025-09-03T21:58:44Z</time></trkpt>
<trkpt lat="45.365808" lon="-75.83922"><ele>28.0</ele><time>2025-09-03T21:58:45Z</time></trkpt>
<trkpt lat="45.365827" lon="-75.839247"><ele>29.0</ele><time>2025-09-03T21:58:46Z</time></trkpt>
<trkpt lat="45.365843" lon="-75.839274"><ele>29.0</ele><time>2025-09-03T21:58:47Z</time></trkpt>
<trkpt lat="45.365859" lon="-75.83931"><ele>28.0</ele><time>2025-09-03T21:58:48Z</time></trkpt>
<trkpt lat="45.365872" lon="-75.839337"><ele>23.0</ele><time>2025-09-03T21:58:49Z</time></trkpt>
<trkpt lat="45.365888" lon="-75.839373"><ele>23.0</ele><time>2025-09-03T21:58:50Z</time></trkpt>
<trkpt lat="45.3659" lon="-75.8394"><ele>23.0</ele><time>2025-09-03T21:58:51Z</time></trkpt>
<trkpt lat="45.365916" lon="-75.839436"><ele>23.0</ele><time>2025-09-03T21:58:52Z</time></trkpt>
<trkpt lat="45.365929" lon="-75.839472"><ele>23.0</ele><time>2025-09-03T21:58:53Z</time></trkpt>
<trkpt lat="45.365941" lon="-75.839508"><ele>29.0</ele><time>2025-09-03T21:58:54Z</time></trkpt>
<trkpt lat="45.365954" lon="-75.839535"><ele>29.0</ele><time>2025-09-03T21:58:55Z</time></trkpt>
<trkpt lat="45.365964" lon="-75.839571"><ele>29.0</ele><time>2025-09-03T21:58:56Z</time></trkpt>
<trkpt lat="45.365973" lon="-75.839607"><ele>29.0</ele><time>2025-09-03T21:58:57Z</time></trkpt>
<trkpt lat="45.365983" lon="-75.839643"><ele>30.0</ele><time>2025-09-03T21:58:58Z</time></trkpt>
<trkpt lat="45.365995" lon="-75.839679"><ele>30.0</ele><time>2025-09-03T21:58:59Z</time></trkpt>
<trkpt lat="45.366005" lon="-75.839714"><ele>30.0</ele><time>2025-09-03T21:59:00Z</time></trkpt>
<trkpt lat="45.366017" lon="-75.83975"><ele>29.0</ele><time>2025-09-03T21:59:01Z</time></trkpt>
<trkpt lat="45.366027" lon="-75.839786"><ele>29.0</ele><time>2025-09-03T21:59:02Z</time></trkpt>
<trkpt lat="45.366036" lon="-75.839822"><ele>29.0</ele><time>2025-09-03T21:59:03Z</time></trkpt>
<trkpt lat="45.366046" lon="-75.839858"><ele>29.0</ele><time>2025-09-03T21:59:04Z</time></trkpt>
<trkpt lat="45.366055" lon="-75.839894"><ele>29.0</ele><time>2025-09-03T21:59:05Z</time></trkpt>
<trkpt lat="45.366065" lon="-75.83993"><ele>28.0</ele><time>2025-09-03T21:59:06Z</time></trkpt>
<trkpt lat="45.366071" lon="-75.839966"><ele>28.0</ele><time>2025-09-03T21:59:07Z</time></trkpt>
<trkpt lat="45.366081" lon="-75.840002"><ele>23.0</ele><time>2025-09-03T21:59:08Z</time></trkpt>
<trkpt lat="45.36609" lon="-75.840038"><ele>23.0</ele><time>2025-09-03T21:59:09Z</time></trkpt>
<trkpt lat="45.366103" lon="-75.840074"><ele>23.0</ele><time>2025-09-03T21:59:10Z</time></trkpt>
<trkpt lat="45.366112" lon="-75.84011"><ele>23.0</ele><time>2025-09-03T21:59:11Z</time></trkpt>
<trkpt lat="45.366125" lon="-75.840137"><ele>23.0</ele><time>2025-09-03T21:59:12Z</time></trkpt>
<trkpt lat="45.366138" lon="-75.840173"><ele>23.0</ele><time>2025-09-03T21:59:13Z</time></trkpt>
<trkpt lat="45.36615" lon="-75.840208"><ele>23.0</ele><time>2025-09-03T21:59:14Z</time></trkpt>
<trkpt lat="45.366163" lon="-75.840235"><ele>23.0</ele><time>2025-09-03T21:59:15Z</time></trkpt>
<trkpt lat="45.366176" lon="-75.840271"><ele>23.0</ele><time>2025-09-03T21:59:16Z</time></trkpt>
<trkpt lat="45.366188" lon="-75.840298"><ele>23.0</ele><time>2025-09-03T21:59:17Z</time></trkpt>
<trkpt lat="45.366204" lon="-75.840334"><ele>23.0</ele><time>2025-09-03T21:59:18Z</time></trkpt>
<trkpt lat="45.36622" lon="-75.840361"><ele>23.0</ele><time>2025-09-03T21:59:19Z</time></trkpt>
<trkpt lat="45.366236" lon="-75.840388"><ele>23.0</ele><time>2025-09-03T21:59:20Z</time></trkpt>
<trkpt lat="45.366249" lon="-75.840424"><ele>23.0</ele><time>2025-09-03T21:59:21Z</time></trkpt>
<trkpt lat="45.366255" lon="-75.84046"><ele>29.0</ele><time>2025-09-03T21:59:22Z</time></trkpt>
<trkpt lat="45.366264" lon="-75.840496"><ele>29.0</ele><time>2025-09-03T21:59:23Z</time></trkpt>
<trkpt lat="45.366274" lon="-75.840532"><ele>29.0</ele><time>2025-09-03T21:59:24Z</time></trkpt>
<trkpt lat="45.366283" lon="-75.840559"><ele>28.0</ele><time>2025-09-03T21:59:25Z</time></trkpt>
<trkpt lat="45.366293" lon="-75.840595"><ele>28.0</ele><time>2025-09-03T21:59:26Z</time></trkpt>
<trkpt lat="45.366305" lon="-75.840622"><ele>23.0</ele><time>2025-09-03T21:59:27Z</time></trkpt>
<trkpt lat="45.366318" lon="-75.840658"><ele>24.0</ele><time>2025-09-03T21:59:28Z</time></trkpt>
<trkpt lat="45.366331" lon="-75.840685"><ele>23.0</ele><time>2025-09-03T21:59:29Z</time></trkpt>
<trkpt lat="45.366343" lon="-75.840712"><ele>23.0</ele><time>2025-09-03T21:59:30Z</time></trkpt>
<trkpt lat="45.366356" lon="-75.840747"><ele>23.0</ele><time>2025-09-03T21:59:31Z</time></trkpt>
<trkpt lat="45.366369" lon="-75.840774"><ele>23.0</ele><time>2025-09-03T21:59:32Z</time></trkpt>
<trkpt lat="45.366381" lon="-75.840801"><ele>23.0</ele><time>2025-09-03T21:59:33Z</time></trkpt>
<trkpt lat="45.366397" lon="-75.840837"><ele>23.0</ele><time>2025-09-03T21:59:34Z</time></trkpt>
<trkpt lat="45.36641" lon="-75.840864"><ele>23.0</ele><time>2025-09-03T21:59:35Z</time></trkpt>
<trkpt lat="45.366423" lon="-75.8409"><ele>23.0</ele><time>2025-09-03T21:59:36Z</time></trkpt>
<trkpt lat="45.366438" lon="-75.840927"><ele>23.0</ele><time>2025-09-03T21:59:37Z</time></trkpt>
<trkpt lat="45.366451" lon="-75.840963"><ele>23.0</ele><time>2025-09-03T21:59:38Z</time></trkpt>
<trkpt lat="45.366464" lon="-75.840999"><ele>23.0</ele><time>2025-09-03T21:59:39Z</time></trkpt>
<trkpt lat="45.36648" lon="-75.841026"><ele>23.0</ele><time>2025-09-03T21:59:40Z</time></trkpt>
<trkpt lat="45.366492" lon="-75.841062"><ele>23.0</ele><time>2025-09-03T21:59:41Z</time></trkpt>
<trkpt lat="45.366505" lon="-75.841089"><ele>23.0</ele><time>2025-09-03T21:59:42Z</time></trkpt>
<trkpt lat="45.366514" lon="-75.841125"><ele>23.0</ele><time>2025-09-03T21:59:43Z</time></trkpt>
<trkpt lat="45.366527" lon="-75.841161"><ele>23.0</ele><time>2025-09-03T21:59:44Z</time></trkpt>
<trkpt lat="45.366543" lon="-75.841188"><ele>23.0</ele><time>2025-09-03T21:59:45Z</time></trkpt>
<trkpt lat="45.366552" lon="-75.841224"><ele>24.0</ele><time>2025-09-03T21:59:46Z</time></trkpt>
<trkpt lat="45.366565" lon="-75.841259"><ele>24.0</ele><time>2025-09-03T21:59:47Z</time></trkpt>
<trkpt lat="45.366578" lon="-75.841295"><ele>24.0</ele><time>2025-09-03T21:59:48Z</time></trkpt>
<trkpt lat="45.36659" lon="-75.841331"><ele>24.0</ele><time>2025-09-03T21:59:49Z</time></trkpt>
<trkpt lat="45.366603" lon="-75.841367"><ele>24.0</ele><time>2025-09-03T21:59:50Z</time></trkpt>
<trkpt lat="45.366616" lon="-75.841403"><ele>24.0</ele><time>2025-09-03T21:59:51Z</time></trkpt>
<trkpt lat="45.366628" lon="-75.84143"><ele>23.0</ele><time>2025-09-03T21:59:52Z</time></trkpt>
<trkpt lat="45.366644" lon="-75.841466"><ele>24.0</ele><time>2025-09-03T21:59:53Z</time></trkpt>
<trkpt lat="45.366657" lon="-75.841502"><ele>23.0</ele><time>2025-09-03T21:59:54Z</time></trkpt>
<trkpt lat="45.366666" lon="-75.841529"><ele>23.0</ele><time>2025-09-03T21:59:55Z</time></trkpt>
<trkpt lat="45.366682" lon="-75.841565"><ele>23.0</ele><time>2025-09-03T21:59:56Z</time></trkpt>
<trkpt lat="45.366698" lon="-75.841592"><ele>23.0</ele><time>2025-09-03T21:59:57Z</time></trkpt>
<trkpt lat="45.366714" lon="-75.841628"><ele>23.0</ele><time>2025-09-03T21:59:58Z</time></trkpt>
<trkpt lat="45.36673" lon="-75.841655"><ele>23.0</ele><time>2025-09-03T21:59:59Z</time></trkpt>
<trkpt lat="45.366746" lon="-75.841691"><ele>23.0</ele><time>2025-09-03T22:00:00Z</time></trkpt>
<trkpt lat="45.366761" lon="-75.841718"><ele>23.0</ele><time>2025-09-03T22:00:01Z</time></trkpt>
<trkpt lat="45.366777" lon="-75.841745"><ele>23.0</ele><time>2025-09-03T22:00:02Z</time></trkpt>
<trkpt lat="45.366796" lon="-75.841772"><ele>23.0</ele><time>2025-09-03T22:00:03Z</time></trkpt>
<trkpt lat="45.366815" lon="-75.841798"><ele>23.0</ele><time>2025-09-03T22:00:04Z</time></trkpt>
<trkpt lat="45.366834" lon="-75.841825"><ele>23.0</ele><time>2025-09-03T22:00:05Z</time></trkpt>
<trkpt lat="45.36685" lon="-75.841852"><ele>23.0</ele><time>2025-09-03T22:00:06Z</time></trkpt>
<trkpt lat="45.366866" lon="-75.841888"><ele>23.0</ele><time>2025-09-03T22:00:07Z</time></trkpt>
<trkpt lat="45.366885" lon="-75.841915"><ele>23.0</ele><time>2025-09-03T22:00:08Z</time></trkpt>
<trkpt lat="45.366901" lon="-75.841942"><ele>23.0</ele><time>2025-09-03T22:00:09Z</time></trkpt>
<trkpt lat="45.366917" lon="-75.841969"><ele>23.0</ele><time>2025-09-03T22:00:10Z</time></trkpt>
<trkpt lat="45.366932" lon="-75.842005"><ele>23.0</ele><time>2025-09-03T22:00:11Z</time></trkpt>
<trkpt lat="45.366948" lon="-75.842041"><ele>23.0</ele><time>2025-09-03T22:00:12Z</time></trkpt>
<trkpt lat="45.366958" lon="-75.842068"><ele>23.0</ele><time>2025-09-03T22:00:13Z</time></trkpt>
<trkpt lat="45.366967" lon="-75.842104"><ele>23.0</ele><time>2025-09-03T22:00:14Z</time></trkpt>
<trkpt lat="45.366986" lon="-75.84214"><ele>23.0</ele><time>2025-09-03T22:00:15Z</time></trkpt>
<trkpt lat="45.367002" lon="-75.842167"><ele>24.0</ele><time>2025-09-03T22:00:16Z</time></trkpt>
<trkpt lat="45.367015" lon="-75.842212"><ele>23.0</ele><time>2025-09-03T22:00:17Z</time></trkpt>
<trkpt lat="45.367031" lon="-75.842248"><ele>24.0</ele><time>2025-09-03T22:00:18Z</time></trkpt>
<trkpt lat="45.367046" lon="-75.842284"><ele>23.0</ele><time>2025-09-03T22:00:19Z</time></trkpt>
<trkpt lat="45.367062" lon="-75.842319"><ele>23.0</ele><time>2025-09-03T22:00:20Z</time></trkpt>
<trkpt lat="45.367075" lon="-75.842355"><ele>23.0</ele><time>2025-09-03T22:00:21Z</time></trkpt>
<trkpt lat="45.367091" lon="-75.842382"><ele>23.0</ele><time>2025-09-03T22:00:22Z</time></trkpt>
<trkpt lat="45.36711" lon="-75.842418"><ele>23.0</ele><time>2025-09-03T22:00:23Z</time></trkpt>
<trkpt lat="45.367126" lon="-75.842454"><ele>23.0</ele><time>2025-09-03T22:00:24Z</time></trkpt>
<trkpt lat="45.367145" lon="-75.84249"><ele>23.0</ele><time>2025-09-03T22:00:25Z</time></trkpt>
<trkpt lat="45.36716" lon="-75.842526"><ele>23.0</ele><time>2025-09-03T22:00:26Z</time></trkpt>
<trkpt lat="45.367179" lon="-75.842553"><ele>23.0</ele><time>2025-09-03T22:00:27Z</time></trkpt>
<trkpt lat="45.367198" lon="-75.842589"><ele>23.0</ele><time>2025-09-03T22:00:28Z</time></trkpt>
<trkpt lat="45.367217" lon="-75.842616"><ele>23.0</ele><time>2025-09-03T22:00:29Z</time></trkpt>
<trkpt lat="45.367236" lon="-75.842643"><ele>23.0</ele><time>2025-09-03T22:00:30Z</time></trkpt>
<trkpt lat="45.367258" lon="-75.842679"><ele>23.0</ele><time>2025-09-03T22:00:31Z</time></trkpt>
<trkpt lat="45.367277" lon="-75.842706"><ele>23.0</ele><time>2025-09-03T22:00:32Z</time></trkpt>
<trkpt lat="45.3673" lon="-75.842733"><ele>23.0</ele><time>2025-09-03T22:00:33Z</time></trkpt>
<trkpt lat="45.367319" lon="-75.84276"><ele>23.0</ele><time>2025-09-03T22:00:34Z</time></trkpt>
<trkpt lat="45.367341" lon="-75.842787"><ele>23.0</ele><time>2025-09-03T22:00:35Z</time></trkpt>
<trkpt lat="45.367366" lon="-75.842805"><ele>23.0</ele><time>2025-09-03T22:00:36Z</time></trkpt>
<trkpt lat="45.367388" lon="-75.842822"><ele>23.0</ele><time>2025-09-03T22:00:37Z</time></trkpt>
<trkpt lat="45.367414" lon="-75.84284"><ele>23.0</ele><time>2025-09-03T22:00:38Z</time></trkpt>
<trkpt lat="45.367436" lon="-75.842867"><ele>23.0</ele><time>2025-09-03T22:00:39Z</time></trkpt>
<trkpt lat="45.367461" lon="-75.842885"><ele>23.0</ele><time>2025-09-03T22:00:40Z</time></trkpt>
<trkpt lat="45.367483" lon="-75.842912"><ele>22.0</ele><time>2025-09-03T22:00:41Z</time></trkpt>
<trkpt lat="45.367509" lon="-75.84293"><ele>23.0</ele><time>2025-09-03T22:00:42Z</time></trkpt>
<trkpt lat="45.367531" lon="-75.842957"><ele>22.0</ele><time>2025-09-03T22:00:43Z</time></trkpt>
<trkpt lat="45.367556" lon="-75.842975"><ele>22.0</ele><time>2025-09-03T22:00:44Z</time></trkpt>
<trkpt lat="45.367578" lon="-75.842993"><ele>22.0</ele><time>2025-09-03T22:00:45Z</time></trkpt>
<trkpt lat="45.3676" lon="-75.84302"><ele>22.0</ele><time>2025-09-03T22:00:46Z</time></trkpt>
<trkpt lat="45.367616" lon="-75.843047"><ele>22.0</ele><time>2025-09-03T22:00:47Z</time></trkpt>
<trkpt lat="45.367635" lon="-75.843074"><ele>22.0</ele><time>2025-09-03T22:00:48Z</time></trkpt>
<trkpt lat="45.367657" lon="-75.843101"><ele>22.0</ele><time>2025-09-03T22:00:49Z</time></trkpt>
<trkpt lat="45.367676" lon="-75.843119"><ele>22.0</ele><time>2025-09-03T22:00:50Z</time></trkpt>
<trkpt lat="45.367699" lon="-75.843146"><ele>22.0</ele><time>2025-09-03T22:00:51Z</time></trkpt>
<trkpt lat="45.367721" lon="-75.843164"><ele>22.0</ele><time>2025-09-03T22:00:52Z</time></trkpt>
<trkpt lat="45.36774" lon="-75.843191"><ele>22.0</ele><time>2025-09-03T22:00:53Z</time></trkpt>
<trkpt lat="45.367765" lon="-75.843218"><ele>22.0</ele><time>2025-09-03T22:00:54Z</time></trkpt>
<trkpt lat="45.367784" lon="-75.843254"><ele>22.0</ele><time>2025-09-03T22:00:55Z</time></trkpt>
<trkpt lat="45.3678" lon="-75.843281"><ele>23.0</ele><time>2025-09-03T22:00:56Z</time></trkpt>
<trkpt lat="45.367816" lon="-75.843317"><ele>23.0</ele><time>2025-09-03T22:00:57Z</time></trkpt>
<trkpt lat="45.367838" lon="-75.843352"><ele>23.0</ele><time>2025-09-03T22:00:58Z</time></trkpt>
<trkpt lat="45.367857" lon="-75.843379"><ele>23.0</ele><time>2025-09-03T22:00:59Z</time></trkpt>
<trkpt lat="45.367876" lon="-75.843415"><ele>23.0</ele><time>2025-09-03T22:01:00Z</time></trkpt>
<trkpt lat="45.367895" lon="-75.843451"><ele>23.0</ele><time>2025-09-03T22:01:01Z</time></trkpt>
<trkpt lat="45.367914" lon="-75.843478"><ele>23.0</ele><time>2025-09-03T22:01:02Z</time></trkpt>
<trkpt lat="45.367936" lon="-75.843514"><ele>23.0</ele><time>2025-09-03T22:01:03Z</time></trkpt>
<trkpt lat="45.367955" lon="-75.843541"><ele>23.0</ele><time>2025-09-03T22:01:04Z</time></trkpt>
<trkpt lat="45.367974" lon="-75.843577"><ele>23.0</ele><time>2025-09-03T22:01:05Z</time></trkpt>
<trkpt lat="45.367993" lon="-75.843604"><ele>23.0</ele><time>2025-09-03T22:01:06Z</time></trkpt>
<trkpt lat="45.368012" lon="-75.843631"><ele>23.0</ele><time>2025-09-03T22:01:07Z</time></trkpt>
<trkpt lat="45.368025" lon="-75.843658"><ele>23.0</ele><time>2025-09-03T22:01:08Z</time></trkpt>
<trkpt lat="45.368028" lon="-75.843667"><ele>23.0</ele><time>2025-09-03T22:01:08Z</time></trkpt>
<trkpt lat="45.368047" lon="-75.843703"><ele>23.0</ele><time>2025-09-03T22:01:09Z</time></trkpt>
<trkpt lat="45.368066" lon="-75.84373"><ele>23.0</ele><time>2025-09-03T22:01:10Z</time></trkpt>
<trkpt lat="45.368085" lon="-75.843766"><ele>23.0</ele><time>2025-09-03T22:01:11Z</time></trkpt>
<trkpt lat="45.368101" lon="-75.843802"><ele>23.0</ele><time>2025-09-03T22:01:12Z</time></trkpt>
<trkpt lat="45.36812" lon="-75.843829"><ele>23.0</ele><time>2025-09-03T22:01:13Z</time></trkpt>
<trkpt lat="45.368139" lon="-75.843864"><ele>23.0</ele><time>2025-09-03T22:01:14Z</time></trkpt>
<trkpt lat="45.368158" lon="-75.8439"><ele>23.0</ele><time>2025-09-03T22:01:15Z</time></trkpt>
<trkpt lat="45.368173" lon="-75.843927"><ele>23.0</ele><time>2025-09-03T22:01:16Z</time></trkpt>
<trkpt lat="45.368196" lon="-75.843963"><ele>23.0</ele><time>2025-09-03T22:01:17Z</time></trkpt>
<trkpt lat="45.368215" lon="-75.84399"><ele>23.0</ele><time>2025-09-03T22:01:18Z</time></trkpt>
<trkpt lat="45.368237" lon="-75.844017"><ele>23.0</ele><time>2025-09-03T22:01:19Z</time></trkpt>
<trkpt lat="45.368256" lon="-75.844053"><ele>23.0</ele><time>2025-09-03T22:01:20Z</time></trkpt>
<trkpt lat="45.368275" lon="-75.84408"><ele>23.0</ele><time>2025-09-03T22:01:21Z</time></trkpt>
<trkpt lat="45.368297" lon="-75.844107"><ele>24.0</ele><time>2025-09-03T22:01:22Z</time></trkpt>
<trkpt lat="45.368319" lon="-75.844134"><ele>23.0</ele><time>2025-09-03T22:01:23Z</time></trkpt>
<trkpt lat="45.368341" lon="-75.844161"><ele>23.0</ele><time>2025-09-03T22:01:24Z</time></trkpt>
<trkpt lat="45.368363" lon="-75.844188"><ele>23.0</ele><time>2025-09-03T22:01:25Z</time></trkpt>
<trkpt lat="45.368386" lon="-75.844215"><ele>23.0</ele><time>2025-09-03T22:01:26Z</time></trkpt>
<trkpt lat="45.368408" lon="-75.844233"><ele>23.0</ele><time>2025-09-03T22:01:27Z</time></trkpt>
<trkpt lat="45.368433" lon="-75.84426"><ele>23.0</ele><time>2025-09-03T22:01:28Z</time></trkpt>
<trkpt lat="45.368455" lon="-75.844278"><ele>23.0</ele><time>2025-09-03T22:01:29Z</time></trkpt>
<trkpt lat="45.368481" lon="-75.844305"><ele>22.0</ele><time>2025-09-03T22:01:30Z</time></trkpt>
<trkpt lat="45.368503" lon="-75.844323"><ele>22.0</ele><time>2025-09-03T22:01:31Z</time></trkpt>
<trkpt lat="45.368525" lon="-75.844341"><ele>22.0</ele><time>2025-09-03T22:01:32Z</time></trkpt>
<trkpt lat="45.36855" lon="-75.844368"><ele>22.0</ele><time>2025-09-03T22:01:33Z</time></trkpt>
<trkpt lat="45.368572" lon="-75.844386"><ele>22.0</ele><time>2025-09-03T22:01:34Z</time></trkpt>
<trkpt lat="45.368595" lon="-75.844403"><ele>22.0</ele><time>2025-09-03T22:01:35Z</time></trkpt>
<trkpt lat="45.36862" lon="-75.844421"><ele>22.0</ele><time>2025-09-03T22:01:36Z</time></trkpt>
<trkpt lat="45.368642" lon="-75.844439"><ele>22.0</ele><time>2025-09-03T22:01:37Z</time></trkpt>
<trkpt lat="45.368664" lon="-75.844466"><ele>22.0</ele><time>2025-09-03T22:01:38Z</time></trkpt>
<trkpt lat="45.368683" lon="-75.844484"><ele>22.0</ele><time>2025-09-03T22:01:39Z</time></trkpt>
<trkpt lat="45.368705" lon="-75.844511"><ele>22.0</ele><time>2025-09-03T22:01:40Z</time></trkpt>
<trkpt lat="45.368731" lon="-75.844529"><ele>22.0</ele><time>2025-09-03T22:01:41Z</time></trkpt>
<trkpt lat="45.368753" lon="-75.844547"><ele>22.0</ele><time>2025-09-03T22:01:42Z</time></trkpt>
<trkpt lat="45.368778" lon="-75.844556"><ele>22.0</ele><time>2025-09-03T22:01:43Z</time></trkpt>
<trkpt lat="45.3688" lon="-75.844574"><ele>22.0</ele><time>2025-09-03T22:01:44Z</time></trkpt>
<trkpt lat="45.368822" lon="-75.844592"><ele>22.0</ele><time>2025-09-03T22:01:45Z</time></trkpt>
<trkpt lat="45.368845" lon="-75.84461"><ele>22.0</ele><time>2025-09-03T22:01:46Z</time></trkpt>
<trkpt lat="45.368864" lon="-75.844628"><ele>22.0</ele><time>2025-09-03T22:01:47Z</time></trkpt>
<trkpt lat="45.368883" lon="-75.844655"><ele>22.0</ele><time>2025-09-03T22:01:48Z</time></trkpt>
<trkpt lat="45.368902" lon="-75.844682"><ele>22.0</ele><time>2025-09-03T22:01:49Z</time></trkpt>
<trkpt lat="45.368914" lon="-75.844709"><ele>22.0</ele><time>2025-09-03T22:01:50Z</time></trkpt>
<trkpt lat="45.36893" lon="-75.844736"><ele>22.0</ele><time>2025-09-03T22:01:51Z</time></trkpt>
<trkpt lat="45.368943" lon="-75.844772"><ele>22.0</ele><time>2025-09-03T22:01:52Z</time></trkpt>
<trkpt lat="45.368955" lon="-75.844808"><ele>23.0</ele><time>2025-09-03T22:01:53Z</time></trkpt>
<trkpt lat="45.368968" lon="-75.844844"><ele>23.0</ele><time>2025-09-03T22:01:54Z</time></trkpt>
<trkpt lat="45.368981" lon="-75.844871"><ele>22.0</ele><time>2025-09-03T22:01:55Z</time></trkpt>
<trkpt lat="45.368993" lon="-75.844907"><ele>23.0</ele><time>2025-09-03T22:01:56Z</time></trkpt>
<trkpt lat="45.369006" lon="-75.844942"><ele>23.0</ele><time>2025-09-03T22:01:57Z</time></trkpt>
<trkpt lat="45.369019" lon="-75.844969"><ele>23.0</ele><time>2025-09-03T22:01:58Z</time></trkpt>
<trkpt lat="45.369031" lon="-75.845014"><ele>23.0</ele><time>2025-09-03T22:01:59Z</time></trkpt>
<trkpt lat="45.369044" lon="-75.845059"><ele>23.0</ele><time>2025-09-03T22:02:00Z</time></trkpt>
<trkpt lat="45.369057" lon="-75.845095"><ele>23.0</ele><time>2025-09-03T22:02:01Z</time></trkpt>
<trkpt lat="45.369069" lon="-75.845122"><ele>23.0</ele><time>2025-09-03T22:02:02Z</time></trkpt>
<trkpt lat="45.369082" lon="-75.845158"><ele>23.0</ele><time>2025-09-03T22:02:04Z</time></trkpt>
<trkpt lat="45.369095" lon="-75.845185"><ele>22.0</ele><time>2025-09-03T22:02:04Z</time></trkpt>
<trkpt lat="45.369104" lon="-75.845212"><ele>22.0</ele><time>2025-09-03T22:02:05Z</time></trkpt>
<trkpt lat="45.369101" lon="-75.845248"><ele>22.0</ele><time>2025-09-03T22:02:06Z</time></trkpt>
<trkpt lat="45.36912" lon="-75.845275"><ele>22.0</ele><time>2025-09-03T22:02:07Z</time></trkpt>
<trkpt lat="45.36912" lon="-75.845275"><ele>22.0</ele><time>2025-09-03T22:02:08Z</time></trkpt>
<trkpt lat="45.369145" lon="-75.845302"><ele>22.0</ele><time>2025-09-03T22:02:08Z</time></trkpt>
<trkpt lat="45.369164" lon="-75.845329"><ele>22.0</ele><time>2025-09-03T22:02:09Z</time></trkpt>
<trkpt lat="45.369183" lon="-75.845356"><ele>22.0</ele><time>2025-09-03T22:02:10Z</time></trkpt>
<trkpt lat="45.369199" lon="-75.845383"><ele>22.0</ele><time>2025-09-03T22:02:11Z</time></trkpt>
<trkpt lat="45.369221" lon="-75.84541"><ele>22.0</ele><time>2025-09-03T22:02:12Z</time></trkpt>
<trkpt lat="45.369231" lon="-75.845445"><ele>22.0</ele><time>2025-09-03T22:02:14Z</time></trkpt>
<trkpt lat="45.369199" lon="-75.845508"><ele>22.0</ele><time>2025-09-03T22:02:14Z</time></trkpt>
<trkpt lat="45.369164" lon="-75.845589"><ele>22.0</ele><time>2025-09-03T22:02:15Z</time></trkpt>
<trkpt lat="45.369171" lon="-75.845634"><ele>22.0</ele><time>2025-09-03T22:02:16Z</time></trkpt>
<trkpt lat="45.369187" lon="-75.84567"><ele>22.0</ele><time>2025-09-03T22:02:17Z</time></trkpt>
<trkpt lat="45.369199" lon="-75.845697"><ele>22.0</ele><time>2025-09-03T22:02:18Z</time></trkpt>
<trkpt lat="45.369215" lon="-75.845742"><ele>22.0</ele><time>2025-09-03T22:02:19Z</time></trkpt>
<trkpt lat="45.369228" lon="-75.845778"><ele>22.0</ele><time>2025-09-03T22:02:20Z</time></trkpt>
<trkpt lat="45.369231" lon="-75.845805"><ele>22.0</ele><time>2025-09-03T22:02:21Z</time></trkpt>
<trkpt lat="45.36924" lon="-75.845841"><ele>22.0</ele><time>2025-09-03T22:02:22Z</time></trkpt>
<trkpt lat="45.369253" lon="-75.845877"><ele>22.0</ele><time>2025-09-03T22:02:23Z</time></trkpt>
<trkpt lat="45.369266" lon="-75.845922"><ele>23.0</ele><time>2025-09-03T22:02:24Z</time></trkpt>
<trkpt lat="45.369282" lon="-75.845957"><ele>22.0</ele><time>2025-09-03T22:02:25Z</time></trkpt>
<trkpt lat="45.369294" lon="-75.845984"><ele>22.0</ele><time>2025-09-03T22:02:26Z</time></trkpt>
<trkpt lat="45.369297" lon="-75.845984"><ele>22.0</ele><time>2025-09-03T22:02:27Z</time></trkpt>
<trkpt lat="45.36931" lon="-75.84602"><ele>22.0</ele><time>2025-09-03T22:02:27Z</time></trkpt>
<trkpt lat="45.369326" lon="-75.846056"><ele>22.0</ele><time>2025-09-03T22:02:28Z</time></trkpt>
<trkpt lat="45.369335" lon="-75.846092"><ele>22.0</ele><time>2025-09-03T22:02:29Z</time></trkpt>
<trkpt lat="45.369345" lon="-75.846128"><ele>22.0</ele><time>2025-09-03T22:02:30Z</time></trkpt>
<trkpt lat="45.369358" lon="-75.846164"><ele>22.0</ele><time>2025-09-03T22:02:32Z</time></trkpt>
<trkpt lat="45.36937" lon="-75.846191"><ele>22.0</ele><time>2025-09-03T22:02:32Z</time></trkpt>
<trkpt lat="45.369386" lon="-75.846227"><ele>22.0</ele><time>2025-09-03T22:02:33Z</time></trkpt>
<trkpt lat="45.369408" lon="-75.846254"><ele>22.0</ele><time>2025-09-03T22:02:34Z</time></trkpt>
<trkpt lat="45.369427" lon="-75.846281"><ele>22.0</ele><time>2025-09-03T22:02:35Z</time></trkpt>
<trkpt lat="45.369434" lon="-75.846317"><ele>22.0</ele><time>2025-09-03T22:02:36Z</time></trkpt>
<trkpt lat="45.369437" lon="-75.846317"><ele>22.0</ele><time>2025-09-03T22:02:37Z</time></trkpt>
<trkpt lat="45.369446" lon="-75.846344"><ele>23.0</ele><time>2025-09-03T22:02:37Z</time></trkpt>
<trkpt lat="45.369459" lon="-75.84638"><ele>22.0</ele><time>2025-09-03T22:02:38Z</time></trkpt>
<trkpt lat="45.369471" lon="-75.846416"><ele>23.0</ele><time>2025-09-03T22:02:39Z</time></trkpt>
<trkpt lat="45.369484" lon="-75.846443"><ele>23.0</ele><time>2025-09-03T22:02:40Z</time></trkpt>
<trkpt lat="45.3695" lon="-75.846478"><ele>23.0</ele><time>2025-09-03T22:02:41Z</time></trkpt>
<trkpt lat="45.369513" lon="-75.846514"><ele>23.0</ele><time>2025-09-03T22:02:42Z</time></trkpt>
<trkpt lat="45.369525" lon="-75.846541"><ele>23.0</ele><time>2025-09-03T22:02:43Z</time></trkpt>
<trkpt lat="45.369541" lon="-75.846577"><ele>23.0</ele><time>2025-09-03T22:02:44Z</time></trkpt>
<trkpt lat="45.369557" lon="-75.846613"><ele>23.0</ele><time>2025-09-03T22:02:45Z</time></trkpt>
<trkpt lat="45.36957" lon="-75.846649"><ele>22.0</ele><time>2025-09-03T22:02:46Z</time></trkpt>
<trkpt lat="45.369585" lon="-75.846685"><ele>23.0</ele><time>2025-09-03T22:02:47Z</time></trkpt>
<trkpt lat="45.369598" lon="-75.846721"><ele>23.0</ele><time>2025-09-03T22:02:48Z</time></trkpt>
<trkpt lat="45.369614" lon="-75.846757"><ele>23.0</ele><time>2025-09-03T22:02:49Z</time></trkpt>
<trkpt lat="45.36963" lon="-75.846793"><ele>23.0</ele><time>2025-09-03T22:02:50Z</time></trkpt>
<trkpt lat="45.369642" lon="-75.84682"><ele>23.0</ele><time>2025-09-03T22:02:51Z</time></trkpt>
<trkpt lat="45.369658" lon="-75.846856"><ele>23.0</ele><time>2025-09-03T22:02:52Z</time></trkpt>
<trkpt lat="45.369671" lon="-75.846892"><ele>23.0</ele><time>2025-09-03T22:02:53Z</time></trkpt>
<trkpt lat="45.369687" lon="-75.846928"><ele>23.0</ele><time>2025-09-03T22:02:54Z</time></trkpt>
<trkpt lat="45.369699" lon="-75.846964"><ele>23.0</ele><time>2025-09-03T22:02:55Z</time></trkpt>
<trkpt lat="45.369706" lon="-75.846999"><ele>23.0</ele><time>2025-09-03T22:02:56Z</time></trkpt>
<trkpt lat="45.369712" lon="-75.847035"><ele>23.0</ele><time>2025-09-03T22:02:57Z</time></trkpt>
<trkpt lat="45.369715" lon="-75.847071"><ele>23.0</ele><time>2025-09-03T22:02:58Z</time></trkpt>
<trkpt lat="45.369725" lon="-75.847107"><ele>23.0</ele><time>2025-09-03T22:02:59Z</time></trkpt>
<trkpt lat="45.369741" lon="-75.847143"><ele>23.0</ele><time>2025-09-03T22:03:00Z</time></trkpt>
<trkpt lat="45.369747" lon="-75.84717"><ele>23.0</ele><time>2025-09-03T22:03:01Z</time></trkpt>
<trkpt lat="45.36975" lon="-75.847215"><ele>23.0</ele><time>2025-09-03T22:03:02Z</time></trkpt>
<trkpt lat="45.369756" lon="-75.847251"><ele>23.0</ele><time>2025-09-03T22:03:03Z</time></trkpt>
<trkpt lat="45.369763" lon="-75.847287"><ele>23.0</ele><time>2025-09-03T22:03:04Z</time></trkpt>
<trkpt lat="45.369766" lon="-75.847323"><ele>23.0</ele><time>2025-09-03T22:03:05Z</time></trkpt>
<trkpt lat="45.369772" lon="-75.847368"><ele>23.0</ele><time>2025-09-03T22:03:06Z</time></trkpt>
<trkpt lat="45.369785" lon="-75.847404"><ele>23.0</ele><time>2025-09-03T22:03:07Z</time></trkpt>
<trkpt lat="45.369794" lon="-75.84744"><ele>23.0</ele><time>2025-09-03T22:03:08Z</time></trkpt>
<trkpt lat="45.369801" lon="-75.847476"><ele>23.0</ele><time>2025-09-03T22:03:09Z</time></trkpt>
<trkpt lat="45.369804" lon="-75.847512"><ele>23.0</ele><time>2025-09-03T22:03:10Z</time></trkpt>
<trkpt lat="45.369804" lon="-75.847538"><ele>23.0</ele><time>2025-09-03T22:03:11Z</time></trkpt>
<trkpt lat="45.369807" lon="-75.847574"><ele>23.0</ele><time>2025-09-03T22:03:12Z</time></trkpt>
<trkpt lat="45.36982" lon="-75.847619"><ele>23.0</ele><time>2025-09-03T22:03:13Z</time></trkpt>
<trkpt lat="45.369829" lon="-75.847655"><ele>23.0</ele><time>2025-09-03T22:03:14Z</time></trkpt>
<trkpt lat="45.369839" lon="-75.8477"><ele>23.0</ele><time>2025-09-03T22:03:15Z</time></trkpt>
<trkpt lat="45.369848" lon="-75.847736"><ele>23.0</ele><time>2025-09-03T22:03:16Z</time></trkpt>
<trkpt lat="45.369861" lon="-75.847772"><ele>23.0</ele><time>2025-09-03T22:03:17Z</time></trkpt>
<trkpt lat="45.36987" lon="-75.847808"><ele>23.0</ele><time>2025-09-03T22:03:18Z</time></trkpt>
<trkpt lat="45.36988" lon="-75.847844"><ele>23.0</ele><time>2025-09-03T22:03:19Z</time></trkpt>
<trkpt lat="45.369889" lon="-75.84788"><ele>22.0</ele><time>2025-09-03T22:03:20Z</time></trkpt>
<trkpt lat="45.369902" lon="-75.847916"><ele>23.0</ele><time>2025-09-03T22:03:21Z</time></trkpt>
<trkpt lat="45.369912" lon="-75.847952"><ele>23.0</ele><time>2025-09-03T22:03:22Z</time></trkpt>
<trkpt lat="45.369921" lon="-75.847988"><ele>23.0</ele><time>2025-09-03T22:03:23Z</time></trkpt>
<trkpt lat="45.369927" lon="-75.848024"><ele>23.0</ele><time>2025-09-03T22:03:24Z</time></trkpt>
<trkpt lat="45.369927" lon="-75.848024"><ele>23.0</ele><time>2025-09-03T22:03:25Z</time></trkpt>
<trkpt lat="45.369934" lon="-75.848059"><ele>23.0</ele><time>2025-09-03T22:03:25Z</time></trkpt>
<trkpt lat="45.36994" lon="-75.848104"><ele>23.0</ele><time>2025-09-03T22:03:26Z</time></trkpt>
<trkpt lat="45.369946" lon="-75.84814"><ele>23.0</ele><time>2025-09-03T22:03:27Z</time></trkpt>
<trkpt lat="45.369953" lon="-75.848176"><ele>23.0</ele><time>2025-09-03T22:03:28Z</time></trkpt>
<trkpt lat="45.369959" lon="-75.848212"><ele>23.0</ele><time>2025-09-03T22:03:29Z</time></trkpt>
<trkpt lat="45.369969" lon="-75.848248"><ele>23.0</ele><time>2025-09-03T22:03:30Z</time></trkpt>
<trkpt lat="45.369969" lon="-75.848248"><ele>23.0</ele><time>2025-09-03T22:03:31Z</time></trkpt>
<trkpt lat="45.369975" lon="-75.848275"><ele>23.0</ele><time>2025-09-03T22:03:31Z</time></trkpt>
<trkpt lat="45.369984" lon="-75.848311"><ele>22.0</ele><time>2025-09-03T22:03:32Z</time></trkpt>
<trkpt lat="45.369997" lon="-75.848347"><ele>22.0</ele><time>2025-09-03T22:03:33Z</time></trkpt>
<trkpt lat="45.37001" lon="-75.848383"><ele>22.0</ele><time>2025-09-03T22:03:34Z</time></trkpt>
<trkpt lat="45.370019" lon="-75.848419"><ele>22.0</ele><time>2025-09-03T22:03:35Z</time></trkpt>
<trkpt lat="45.370029" lon="-75.848455"><ele>22.0</ele><time>2025-09-03T22:03:36Z</time></trkpt>
<trkpt lat="45.370038" lon="-75.848491"><ele>22.0</ele><time>2025-09-03T22:03:37Z</time></trkpt>
<trkpt lat="45.370045" lon="-75.848527"><ele>22.0</ele><time>2025-09-03T22:03:38Z</time></trkpt>
<trkpt lat="45.370054" lon="-75.848563"><ele>22.0</ele><time>2025-09-03T22:03:39Z</time></trkpt>
<trkpt lat="45.37006" lon="-75.848598"><ele>22.0</ele><time>2025-09-03T22:03:40Z</time></trkpt>
<trkpt lat="45.37007" lon="-75.848625"><ele>22.0</ele><time>2025-09-03T22:03:41Z</time></trkpt>
<trkpt lat="45.370076" lon="-75.848661"><ele>22.0</ele><time>2025-09-03T22:03:42Z</time></trkpt>
<trkpt lat="45.370083" lon="-75.848697"><ele>22.0</ele><time>2025-09-03T22:03:43Z</time></trkpt>
<trkpt lat="45.370089" lon="-75.848733"><ele>22.0</ele><time>2025-09-03T22:03:44Z</time></trkpt>
<trkpt lat="45.370095" lon="-75.848778"><ele>22.0</ele><time>2025-09-03T22:03:45Z</time></trkpt>
<trkpt lat="45.370105" lon="-75.848814"><ele>22.0</ele><time>2025-09-03T22:03:46Z</time></trkpt>
<trkpt lat="45.370114" lon="-75.84885"><ele>22.0</ele><time>2025-09-03T22:03:47Z</time></trkpt>
<trkpt lat="45.370124" lon="-75.848886"><ele>23.0</ele><time>2025-09-03T22:03:48Z</time></trkpt>
<trkpt lat="45.370133" lon="-75.848922"><ele>22.0</ele><time>2025-09-03T22:03:49Z</time></trkpt>
<trkpt lat="45.370143" lon="-75.848958"><ele>23.0</ele><time>2025-09-03T22:03:50Z</time></trkpt>
<trkpt lat="45.370143" lon="-75.848967"><ele>23.0</ele><time>2025-09-03T22:03:51Z</time></trkpt>
<trkpt lat="45.370149" lon="-75.848994"><ele>23.0</ele><time>2025-09-03T22:03:51Z</time></trkpt>
<trkpt lat="45.370155" lon="-75.849039"><ele>23.0</ele><time>2025-09-03T22:03:52Z</time></trkpt>
<trkpt lat="45.370162" lon="-75.849075"><ele>23.0</ele><time>2025-09-03T22:03:53Z</time></trkpt>
<trkpt lat="45.370168" lon="-75.84911"><ele>23.0</ele><time>2025-09-03T22:03:54Z</time></trkpt>
<trkpt lat="45.370174" lon="-75.849146"><ele>23.0</ele><time>2025-09-03T22:03:55Z</time></trkpt>
<trkpt lat="45.370177" lon="-75.849191"><ele>23.0</ele><time>2025-09-03T22:03:56Z</time></trkpt>
<trkpt lat="45.370184" lon="-75.849227"><ele>23.0</ele><time>2025-09-03T22:03:57Z</time></trkpt>
<trkpt lat="45.370193" lon="-75.849263"><ele>22.0</ele><time>2025-09-03T22:03:58Z</time></trkpt>
<trkpt lat="45.3702" lon="-75.849308"><ele>22.0</ele><time>2025-09-03T22:03:59Z</time></trkpt>
<trkpt lat="45.370212" lon="-75.849344"><ele>22.0</ele><time>2025-09-03T22:04:00Z</time></trkpt>
<trkpt lat="45.370219" lon="-75.84938"><ele>23.0</ele><time>2025-09-03T22:04:01Z</time></trkpt>
<trkpt lat="45.370225" lon="-75.849425"><ele>23.0</ele><time>2025-09-03T22:04:02Z</time></trkpt>
<trkpt lat="45.370228" lon="-75.849461"><ele>23.0</ele><time>2025-09-03T22:04:03Z</time></trkpt>
<trkpt lat="45.370234" lon="-75.849497"><ele>23.0</ele><time>2025-09-03T22:04:04Z</time></trkpt>
<trkpt lat="45.370241" lon="-75.849533"><ele>22.0</ele><time>2025-09-03T22:04:05Z</time></trkpt>
<trkpt lat="45.370244" lon="-75.849578"><ele>22.0</ele><time>2025-09-03T22:04:06Z</time></trkpt>
<trkpt lat="45.370253" lon="-75.849613"><ele>22.0</ele><time>2025-09-03T22:04:07Z</time></trkpt>
<trkpt lat="45.370257" lon="-75.849658"><ele>22.0</ele><time>2025-09-03T22:04:08Z</time></trkpt>
<trkpt lat="45.370263" lon="-75.849694"><ele>22.0</ele><time>2025-09-03T22:04:09Z</time></trkpt>
<trkpt lat="45.370269" lon="-75.849739"><ele>22.0</ele><time>2025-09-03T22:04:10Z</time></trkpt>
<trkpt lat="45.370269" lon="-75.849739"><ele>22.0</ele><time>2025-09-03T22:04:11Z</time></trkpt>
<trkpt lat="45.370272" lon="-75.849775"><ele>22.0</ele><time>2025-09-03T22:04:11Z</time></trkpt>
<trkpt lat="45.370279" lon="-75.849811"><ele>22.0</ele><time>2025-09-03T22:04:12Z</time></trkpt>
<trkpt lat="45.370288" lon="-75.849856"><ele>22.0</ele><time>2025-09-03T22:04:13Z</time></trkpt>
<trkpt lat="45.370295" lon="-75.849892"><ele>23.0</ele><time>2025-09-03T22:04:14Z</time></trkpt>
<trkpt lat="45.370304" lon="-75.849937"><ele>23.0</ele><time>2025-09-03T22:04:15Z</time></trkpt>
<trkpt lat="45.370304" lon="-75.849937"><ele>23.0</ele><time>2025-09-03T22:04:16Z</time></trkpt>
<trkpt lat="45.37031" lon="-75.849973"><ele>23.0</ele><time>2025-09-03T22:04:16Z</time></trkpt>
<trkpt lat="45.370317" lon="-75.850009"><ele>23.0</ele><time>2025-09-03T22:04:17Z</time></trkpt>
<trkpt lat="45.370326" lon="-75.850054"><ele>23.0</ele><time>2025-09-03T22:04:18Z</time></trkpt>
<trkpt lat="45.370329" lon="-75.85009"><ele>23.0</ele><time>2025-09-03T22:04:19Z</time></trkpt>
<trkpt lat="45.370336" lon="-75.850134"><ele>23.0</ele><time>2025-09-03T22:04:20Z</time></trkpt>
<trkpt lat="45.370336" lon="-75.850134"><ele>23.0</ele><time>2025-09-03T22:04:21Z</time></trkpt>
<trkpt lat="45.370342" lon="-75.850161"><ele>23.0</ele><time>2025-09-03T22:04:21Z</time></trkpt>
<trkpt lat="45.370352" lon="-75.850206"><ele>23.0</ele><time>2025-09-03T22:04:22Z</time></trkpt>
<trkpt lat="45.370361" lon="-75.850242"><ele>23.0</ele><time>2025-09-03T22:04:23Z</time></trkpt>
<trkpt lat="45.370371" lon="-75.850278"><ele>23.0</ele><time>2025-09-03T22:04:24Z</time></trkpt>
<trkpt lat="45.370377" lon="-75.850314"><ele>23.0</ele><time>2025-09-03T22:04:25Z</time></trkpt>
<trkpt lat="45.370383" lon="-75.85035"><ele>23.0</ele><time>2025-09-03T22:04:26Z</time></trkpt>
<trkpt lat="45.37039" lon="-75.850386"><ele>23.0</ele><time>2025-09-03T22:04:27Z</time></trkpt>
<trkpt lat="45.370396" lon="-75.850422"><ele>23.0</ele><time>2025-09-03T22:04:28Z</time></trkpt>
<trkpt lat="45.370399" lon="-75.850458"><ele>23.0</ele><time>2025-09-03T22:04:29Z</time></trkpt>
<trkpt lat="45.370402" lon="-75.850494"><ele>23.0</ele><time>2025-09-03T22:04:30Z</time></trkpt>
<trkpt lat="45.370409" lon="-75.85053"><ele>23.0</ele><time>2025-09-03T22:04:31Z</time></trkpt>
<trkpt lat="45.370418" lon="-75.850566"><ele>23.0</ele><time>2025-09-03T22:04:32Z</time></trkpt>
<trkpt lat="45.370428" lon="-75.850593"><ele>22.0</ele><time>2025-09-03T22:04:33Z</time></trkpt>
<trkpt lat="45.370434" lon="-75.850629"><ele>22.0</ele><time>2025-09-03T22:04:34Z</time></trkpt>
<trkpt lat="45.370437" lon="-75.850655"><ele>22.0</ele><time>2025-09-03T22:04:35Z</time></trkpt>
<trkpt lat="45.370437" lon="-75.850664"><ele>22.0</ele><time>2025-09-03T22:04:36Z</time></trkpt>
<trkpt lat="45.37044" lon="-75.850691"><ele>22.0</ele><time>2025-09-03T22:04:36Z</time></trkpt>
<trkpt lat="45.37044" lon="-75.850727"><ele>22.0</ele><time>2025-09-03T22:04:37Z</time></trkpt>
<trkpt lat="45.370443" lon="-75.850763"><ele>22.0</ele><time>2025-09-03T22:04:38Z</time></trkpt>
<trkpt lat="45.370453" lon="-75.85079"><ele>22.0</ele><time>2025-09-03T22:04:39Z</time></trkpt>
<trkpt lat="45.370462" lon="-75.850826"><ele>22.0</ele><time>2025-09-03T22:04:40Z</time></trkpt>
<trkpt lat="45.370466" lon="-75.850826"><ele>22.0</ele><time>2025-09-03T22:04:41Z</time></trkpt>
<trkpt lat="45.370472" lon="-75.850853"><ele>22.0</ele><time>2025-09-03T22:04:41Z</time></trkpt>
<trkpt lat="45.370481" lon="-75.850889"><ele>22.0</ele><time>2025-09-03T22:04:42Z</time></trkpt>
<trkpt lat="45.370488" lon="-75.850925"><ele>22.0</ele><time>2025-09-03T22:04:43Z</time></trkpt>
<trkpt lat="45.370494" lon="-75.850961"><ele>22.0</ele><time>2025-09-03T22:04:44Z</time></trkpt>
<trkpt lat="45.370504" lon="-75.850997"><ele>22.0</ele><time>2025-09-03T22:04:45Z</time></trkpt>
<trkpt lat="45.370507" lon="-75.851033"><ele>22.0</ele><time>2025-09-03T22:04:46Z</time></trkpt>
<trkpt lat="45.370507" lon="-75.851069"><ele>22.0</ele><time>2025-09-03T22:04:47Z</time></trkpt>
<trkpt lat="45.37051" lon="-75.851105"><ele>22.0</ele><time>2025-09-03T22:04:48Z</time></trkpt>
<trkpt lat="45.370513" lon="-75.851141"><ele>22.0</ele><time>2025-09-03T22:04:49Z</time></trkpt>
<trkpt lat="45.370516" lon="-75.851168"><ele>22.0</ele><time>2025-09-03T22:04:50Z</time></trkpt>
<trkpt lat="45.370516" lon="-75.851203"><ele>22.0</ele><time>2025-09-03T22:04:51Z</time></trkpt>
<trkpt lat="45.370516" lon="-75.851239"><ele>22.0</ele><time>2025-09-03T22:04:52Z</time></trkpt>
<trkpt lat="45.370519" lon="-75.851275"><ele>22.0</ele><time>2025-09-03T22:04:53Z</time></trkpt>
<trkpt lat="45.370526" lon="-75.851311"><ele>22.0</ele><time>2025-09-03T22:04:54Z</time></trkpt>
<trkpt lat="45.370532" lon="-75.851347"><ele>22.0</ele><time>2025-09-03T22:04:55Z</time></trkpt>
<trkpt lat="45.370538" lon="-75.851383"><ele>22.0</ele><time>2025-09-03T22:04:56Z</time></trkpt>
<trkpt lat="45.370545" lon="-75.851419"><ele>22.0</ele><time>2025-09-03T22:04:57Z</time></trkpt>
<trkpt lat="45.370551" lon="-75.851455"><ele>23.0</ele><time>2025-09-03T22:04:58Z</time></trkpt>
<trkpt lat="45.370557" lon="-75.851482"><ele>22.0</ele><time>2025-09-03T22:04:59Z</time></trkpt>
<trkpt lat="45.370561" lon="-75.851509"><ele>22.0</ele><time>2025-09-03T22:05:00Z</time></trkpt>
<trkpt lat="45.370564" lon="-75.851536"><ele>22.0</ele><time>2025-09-03T22:05:01Z</time></trkpt>
<trkpt lat="45.37057" lon="-75.851581"><ele>22.0</ele><time>2025-09-03T22:05:02Z</time></trkpt>
<trkpt lat="45.370573" lon="-75.851617"><ele>22.0</ele><time>2025-09-03T22:05:03Z</time></trkpt>
<trkpt lat="45.370576" lon="-75.851662"><ele>22.0</ele><time>2025-09-03T22:05:04Z</time></trkpt>
<trkpt lat="45.37058" lon="-75.851697"><ele>22.0</ele><time>2025-09-03T22:05:05Z</time></trkpt>
<trkpt lat="45.370586" lon="-75.851733"><ele>22.0</ele><time>2025-09-03T22:05:06Z</time></trkpt>
<trkpt lat="45.370589" lon="-75.85176"><ele>22.0</ele><time>2025-09-03T22:05:07Z</time></trkpt>
<trkpt lat="45.370589" lon="-75.851796"><ele>22.0</ele><time>2025-09-03T22:05:08Z</time></trkpt>
<trkpt lat="45.370583" lon="-75.851832"><ele>22.0</ele><time>2025-09-03T22:05:09Z</time></trkpt>
<trkpt lat="45.37058" lon="-75.851859"><ele>22.0</ele><time>2025-09-03T22:05:10Z</time></trkpt>
<trkpt lat="45.37058" lon="-75.851895"><ele>23.0</ele><time>2025-09-03T22:05:11Z</time></trkpt>
<trkpt lat="45.370586" lon="-75.851922"><ele>23.0</ele><time>2025-09-03T22:05:12Z</time></trkpt>
<trkpt lat="45.370592" lon="-75.851958"><ele>23.0</ele><time>2025-09-03T22:05:13Z</time></trkpt>
<trkpt lat="45.370602" lon="-75.851985"><ele>23.0</ele><time>2025-09-03T22:05:14Z</time></trkpt>
<trkpt lat="45.370608" lon="-75.852021"><ele>23.0</ele><time>2025-09-03T22:05:15Z</time></trkpt>
<trkpt lat="45.370605" lon="-75.852012"><ele>23.0</ele><time>2025-09-03T22:05:16Z</time></trkpt>
<trkpt lat="45.370608" lon="-75.852039"><ele>23.0</ele><time>2025-09-03T22:05:16Z</time></trkpt>
<trkpt lat="45.370611" lon="-75.852057"><ele>23.0</ele><time>2025-09-03T22:05:17Z</time></trkpt>
<trkpt lat="45.370614" lon="-75.852066"><ele>23.0</ele><time>2025-09-03T22:05:17Z</time></trkpt>
<trkpt lat="45.370621" lon="-75.852075"><ele>23.0</ele><time>2025-09-03T22:05:18Z</time></trkpt>
<trkpt lat="45.37063" lon="-75.852084"><ele>23.0</ele><time>2025-09-03T22:05:18Z</time></trkpt>
<trkpt lat="45.370646" lon="-75.852084"><ele>23.0</ele><time>2025-09-03T22:05:19Z</time></trkpt>
<trkpt lat="45.370649" lon="-75.852075"><ele>23.0</ele><time>2025-09-03T22:05:20Z</time></trkpt>
<trkpt lat="45.370652" lon="-75.852057"><ele>23.0</ele><time>2025-09-03T22:05:20Z</time></trkpt>
<trkpt lat="45.370649" lon="-75.852048"><ele>23.0</ele><time>2025-09-03T22:05:21Z</time></trkpt>
<trkpt lat="45.37064" lon="-75.852021"><ele>23.0</ele><time>2025-09-03T22:05:21Z</time></trkpt>
<trkpt lat="45.37063" lon="-75.852012"><ele>23.0</ele><time>2025-09-03T22:05:22Z</time></trkpt>
<trkpt lat="45.370656" lon="-75.852192"><ele>22.0</ele><time>2025-09-03T22:05:22Z</time></trkpt>
<trkpt lat="45.370665" lon="-75.852272"><ele>22.0</ele><time>2025-09-03T22:05:23Z</time></trkpt>
<trkpt lat="45.370671" lon="-75.852317"><ele>22.0</ele><time>2025-09-03T22:05:24Z</time></trkpt>
<trkpt lat="45.370678" lon="-75.852362"><ele>22.0</ele><time>2025-09-03T22:05:25Z</time></trkpt>
<trkpt lat="45.37069" lon="-75.852398"><ele>22.0</ele><time>2025-09-03T22:05:26Z</time></trkpt>
<trkpt lat="45.3707" lon="-75.852434"><ele>22.0</ele><time>2025-09-03T22:05:27Z</time></trkpt>
<trkpt lat="45.370706" lon="-75.85247"><ele>23.0</ele><time>2025-09-03T22:05:28Z</time></trkpt>
<trkpt lat="45.370716" lon="-75.852506"><ele>23.0</ele><time>2025-09-03T22:05:29Z</time></trkpt>
<trkpt lat="45.370722" lon="-75.852542"><ele>23.0</ele><time>2025-09-03T22:05:30Z</time></trkpt>
<trkpt lat="45.370725" lon="-75.852587"><ele>23.0</ele><time>2025-09-03T22:05:31Z</time></trkpt>
<trkpt lat="45.370728" lon="-75.852623"><ele>23.0</ele><time>2025-09-03T22:05:32Z</time></trkpt>
<trkpt lat="45.370728" lon="-75.852659"><ele>23.0</ele><time>2025-09-03T22:05:33Z</time></trkpt>
<trkpt lat="45.370732" lon="-75.852695"><ele>23.0</ele><time>2025-09-03T22:05:34Z</time></trkpt>
<trkpt lat="45.370738" lon="-75.85274"><ele>23.0</ele><time>2025-09-03T22:05:35Z</time></trkpt>
<trkpt lat="45.370741" lon="-75.852775"><ele>23.0</ele><time>2025-09-03T22:05:36Z</time></trkpt>
<trkpt lat="45.370747" lon="-75.852811"><ele>23.0</ele><time>2025-09-03T22:05:37Z</time></trkpt>
<trkpt lat="45.370747" lon="-75.852811"><ele>23.0</ele><time>2025-09-03T22:05:38Z</time></trkpt>
<trkpt lat="45.370751" lon="-75.852856"><ele>22.0</ele><time>2025-09-03T22:05:38Z</time></trkpt>
<trkpt lat="45.370754" lon="-75.852892"><ele>22.0</ele><time>2025-09-03T22:05:39Z</time></trkpt>
<trkpt lat="45.37076" lon="-75.852928"><ele>22.0</ele><time>2025-09-03T22:05:40Z</time></trkpt>
<trkpt lat="45.37076" lon="-75.852973"><ele>22.0</ele><time>2025-09-03T22:05:41Z</time></trkpt>
<trkpt lat="45.370766" lon="-75.853"><ele>22.0</ele><time>2025-09-03T22:05:42Z</time></trkpt>
<trkpt lat="45.370776" lon="-75.853036"><ele>22.0</ele><time>2025-09-03T22:05:43Z</time></trkpt>
<trkpt lat="45.370788" lon="-75.853072"><ele>22.0</ele><time>2025-09-03T22:05:44Z</time></trkpt>
<trkpt lat="45.370795" lon="-75.853108"><ele>22.0</ele><time>2025-09-03T22:05:45Z</time></trkpt>
<trkpt lat="45.370801" lon="-75.853153"><ele>22.0</ele><time>2025-09-03T22:05:46Z</time></trkpt>
<trkpt lat="45.370801" lon="-75.853153"><ele>22.0</ele><time>2025-09-03T22:05:46Z</time></trkpt>
<trkpt lat="45.370807" lon="-75.853189"><ele>23.0</ele><time>2025-09-03T22:05:47Z</time></trkpt>
<trkpt lat="45.370814" lon="-75.853216"><ele>22.0</ele><time>2025-09-03T22:05:48Z</time></trkpt>
<trkpt lat="45.37083" lon="-75.853243"><ele>22.0</ele><time>2025-09-03T22:05:49Z</time></trkpt>
<trkpt lat="45.370845" lon="-75.853269"><ele>22.0</ele><time>2025-09-03T22:05:50Z</time></trkpt>
<trkpt lat="45.370852" lon="-75.853296"><ele>23.0</ele><time>2025-09-03T22:05:51Z</time></trkpt>
<trkpt lat="45.370852" lon="-75.853296"><ele>23.0</ele><time>2025-09-03T22:05:52Z</time></trkpt>
<trkpt lat="45.370858" lon="-75.853332"><ele>23.0</ele><time>2025-09-03T22:05:52Z</time></trkpt>
<trkpt lat="45.370868" lon="-75.853359"><ele>22.0</ele><time>2025-09-03T22:05:53Z</time></trkpt>
<trkpt lat="45.37088" lon="-75.853386"><ele>23.0</ele><time>2025-09-03T22:05:54Z</time></trkpt>
<trkpt lat="45.370893" lon="-75.853413"><ele>22.0</ele><time>2025-09-03T22:05:55Z</time></trkpt>
<trkpt lat="45.370906" lon="-75.853449"><ele>23.0</ele><time>2025-09-03T22:05:56Z</time></trkpt>
<trkpt lat="45.370918" lon="-75.853485"><ele>23.0</ele><time>2025-09-03T22:05:57Z</time></trkpt>
<trkpt lat="45.370925" lon="-75.853521"><ele>23.0</ele><time>2025-09-03T22:05:58Z</time></trkpt>
<trkpt lat="45.370931" lon="-75.853557"><ele>23.0</ele><time>2025-09-03T22:05:59Z</time></trkpt>
<trkpt lat="45.370937" lon="-75.853593"><ele>23.0</ele><time>2025-09-03T22:06:00Z</time></trkpt>
<trkpt lat="45.370944" lon="-75.853629"><ele>23.0</ele><time>2025-09-03T22:06:01Z</time></trkpt>
<trkpt lat="45.370947" lon="-75.853665"><ele>23.0</ele><time>2025-09-03T22:06:02Z</time></trkpt>
<trkpt lat="45.37095" lon="-75.853701"><ele>22.0</ele><time>2025-09-03T22:06:03Z</time></trkpt>
<trkpt lat="45.370956" lon="-75.853746"><ele>22.0</ele><time>2025-09-03T22:06:04Z</time></trkpt>
<trkpt lat="45.370959" lon="-75.853782"><ele>22.0</ele><time>2025-09-03T22:06:05Z</time></trkpt>
<trkpt lat="45.370966" lon="-75.853826"><ele>22.0</ele><time>2025-09-03T22:06:06Z</time></trkpt>
<trkpt lat="45.370972" lon="-75.853862"><ele>22.0</ele><time>2025-09-03T22:06:07Z</time></trkpt>
<trkpt lat="45.370978" lon="-75.853907"><ele>22.0</ele><time>2025-09-03T22:06:08Z</time></trkpt>
<trkpt lat="45.370988" lon="-75.853943"><ele>22.0</ele><time>2025-09-03T22:06:09Z</time></trkpt>
<trkpt lat="45.370994" lon="-75.853979"><ele>22.0</ele><time>2025-09-03T22:06:10Z</time></trkpt>
<trkpt lat="45.371001" lon="-75.854024"><ele>22.0</ele><time>2025-09-03T22:06:11Z</time></trkpt>
<trkpt lat="45.371004" lon="-75.85406"><ele>22.0</ele><time>2025-09-03T22:06:12Z</time></trkpt>
<trkpt lat="45.371004" lon="-75.854096"><ele>22.0</ele><time>2025-09-03T22:06:13Z</time></trkpt>
<trkpt lat="45.37101" lon="-75.854132"><ele>22.0</ele><time>2025-09-03T22:06:14Z</time></trkpt>
<trkpt lat="45.371016" lon="-75.854168"><ele>22.0</ele><time>2025-09-03T22:06:15Z</time></trkpt>
<trkpt lat="45.37102" lon="-75.854204"><ele>22.0</ele><time>2025-09-03T22:06:16Z</time></trkpt>
<trkpt lat="45.37102" lon="-75.85424"><ele>22.0</ele><time>2025-09-03T22:06:17Z</time></trkpt>
<trkpt lat="45.37102" lon="-75.854249"><ele>22.0</ele><time>2025-09-03T22:06:18Z</time></trkpt>
<trkpt lat="45.37102" lon="-75.854276"><ele>22.0</ele><time>2025-09-03T22:06:18Z</time></trkpt>
<trkpt lat="45.371023" lon="-75.854311"><ele>22.0</ele><time>2025-09-03T22:06:19Z</time></trkpt>
<trkpt lat="45.371026" lon="-75.854347"><ele>21.0</ele><time>2025-09-03T22:06:20Z</time></trkpt>
<trkpt lat="45.371032" lon="-75.854383"><ele>21.0</ele><time>2025-09-03T22:06:21Z</time></trkpt>
<trkpt lat="45.371039" lon="-75.854419"><ele>22.0</ele><time>2025-09-03T22:06:22Z</time></trkpt>
<trkpt lat="45.371045" lon="-75.854455"><ele>22.0</ele><time>2025-09-03T22:06:23Z</time></trkpt>
<trkpt lat="45.371048" lon="-75.854491"><ele>22.0</ele><time>2025-09-03T22:06:24Z</time></trkpt>
<trkpt lat="45.371051" lon="-75.854527"><ele>22.0</ele><time>2025-09-03T22:06:25Z</time></trkpt>
<trkpt lat="45.371058" lon="-75.854563"><ele>24.0</ele><time>2025-09-03T22:06:26Z</time></trkpt>
<trkpt lat="45.371064" lon="-75.854599"><ele>25.0</ele><time>2025-09-03T22:06:27Z</time></trkpt>
<trkpt lat="45.37107" lon="-75.854635"><ele>25.0</ele><time>2025-09-03T22:06:28Z</time></trkpt>
<trkpt lat="45.371073" lon="-75.854671"><ele>25.0</ele><time>2025-09-03T22:06:29Z</time></trkpt>
<trkpt lat="45.37108" lon="-75.854707"><ele>25.0</ele><time>2025-09-03T22:06:30Z</time></trkpt>
<trkpt lat="45.371086" lon="-75.854743"><ele>26.0</ele><time>2025-09-03T22:06:31Z</time></trkpt>
<trkpt lat="45.371092" lon="-75.854779"><ele>26.0</ele><time>2025-09-03T22:06:32Z</time></trkpt>
<trkpt lat="45.371099" lon="-75.854815"><ele>25.0</ele><time>2025-09-03T22:06:33Z</time></trkpt>
<trkpt lat="45.371105" lon="-75.854859"><ele>25.0</ele><time>2025-09-03T22:06:34Z</time></trkpt>
<trkpt lat="45.371108" lon="-75.854895"><ele>25.0</ele><time>2025-09-03T22:06:35Z</time></trkpt>
<trkpt lat="45.371115" lon="-75.854931"><ele>25.0</ele><time>2025-09-03T22:06:36Z</time></trkpt>
<trkpt lat="45.371118" lon="-75.854976"><ele>24.0</ele><time>2025-09-03T22:06:37Z</time></trkpt>
<trkpt lat="45.371121" lon="-75.855012"><ele>24.0</ele><time>2025-09-03T22:06:38Z</time></trkpt>
<trkpt lat="45.371121" lon="-75.855012"><ele>24.0</ele><time>2025-09-03T22:06:39Z</time></trkpt>
<trkpt lat="45.371127" lon="-75.855048"><ele>23.0</ele><time>2025-09-03T22:06:39Z</time></trkpt>
<trkpt lat="45.371134" lon="-75.855075"><ele>23.0</ele><time>2025-09-03T22:06:40Z</time></trkpt>
<trkpt lat="45.371137" lon="-75.855102"><ele>22.0</ele><time>2025-09-03T22:06:41Z</time></trkpt>
<trkpt lat="45.371143" lon="-75.855138"><ele>22.0</ele><time>2025-09-03T22:06:42Z</time></trkpt>
<trkpt lat="45.371153" lon="-75.855165"><ele>22.0</ele><time>2025-09-03T22:06:43Z</time></trkpt>
<trkpt lat="45.371162" lon="-75.855201"><ele>22.0</ele><time>2025-09-03T22:06:44Z</time></trkpt>
<trkpt lat="45.371172" lon="-75.855228"><ele>23.0</ele><time>2025-09-03T22:06:45Z</time></trkpt>
<trkpt lat="45.371181" lon="-75.855264"><ele>23.0</ele><time>2025-09-03T22:06:46Z</time></trkpt>
<trkpt lat="45.371191" lon="-75.855309"><ele>22.0</ele><time>2025-09-03T22:06:47Z</time></trkpt>
<trkpt lat="45.3712" lon="-75.855345"><ele>22.0</ele><time>2025-09-03T22:06:48Z</time></trkpt>
<trkpt lat="45.371216" lon="-75.855371"><ele>23.0</ele><time>2025-09-03T22:06:49Z</time></trkpt>
<trkpt lat="45.371232" lon="-75.855398"><ele>22.0</ele><time>2025-09-03T22:06:50Z</time></trkpt>
<trkpt lat="45.371251" lon="-75.855416"><ele>22.0</ele><time>2025-09-03T22:06:51Z</time></trkpt>
<trkpt lat="45.371267" lon="-75.855452"><ele>22.0</ele><time>2025-09-03T22:06:52Z</time></trkpt>
<trkpt lat="45.371279" lon="-75.855488"><ele>22.0</ele><time>2025-09-03T22:06:53Z</time></trkpt>
<trkpt lat="45.371289" lon="-75.855524"><ele>22.0</ele><time>2025-09-03T22:06:54Z</time></trkpt>
<trkpt lat="45.371298" lon="-75.85556"><ele>22.0</ele><time>2025-09-03T22:06:55Z</time></trkpt>
<trkpt lat="45.371308" lon="-75.855596"><ele>22.0</ele><time>2025-09-03T22:06:56Z</time></trkpt>
<trkpt lat="45.371317" lon="-75.855632"><ele>23.0</ele><time>2025-09-03T22:06:57Z</time></trkpt>
<trkpt lat="45.371327" lon="-75.855668"><ele>23.0</ele><time>2025-09-03T22:06:58Z</time></trkpt>
<trkpt lat="45.371333" lon="-75.855704"><ele>23.0</ele><time>2025-09-03T22:06:59Z</time></trkpt>
<trkpt lat="45.371343" lon="-75.85574"><ele>23.0</ele><time>2025-09-03T22:07:00Z</time></trkpt>
<trkpt lat="45.371349" lon="-75.855776"><ele>23.0</ele><time>2025-09-03T22:07:01Z</time></trkpt>
<trkpt lat="45.371355" lon="-75.855812"><ele>23.0</ele><time>2025-09-03T22:07:02Z</time></trkpt>
<trkpt lat="45.371365" lon="-75.855848"><ele>23.0</ele><time>2025-09-03T22:07:03Z</time></trkpt>
<trkpt lat="45.371374" lon="-75.855883"><ele>23.0</ele><time>2025-09-03T22:07:04Z</time></trkpt>
<trkpt lat="45.371384" lon="-75.85591"><ele>23.0</ele><time>2025-09-03T22:07:05Z</time></trkpt>
<trkpt lat="45.371393" lon="-75.855946"><ele>23.0</ele><time>2025-09-03T22:07:06Z</time></trkpt>
<trkpt lat="45.371406" lon="-75.855982"><ele>23.0</ele><time>2025-09-03T22:07:07Z</time></trkpt>
<trkpt lat="45.371415" lon="-75.856018"><ele>23.0</ele><time>2025-09-03T22:07:08Z</time></trkpt>
<trkpt lat="45.371428" lon="-75.856054"><ele>23.0</ele><time>2025-09-03T22:07:09Z</time></trkpt>
<trkpt lat="45.371437" lon="-75.85609"><ele>23.0</ele><time>2025-09-03T22:07:10Z</time></trkpt>
<trkpt lat="45.371447" lon="-75.856126"><ele>23.0</ele><time>2025-09-03T22:07:11Z</time></trkpt>
<trkpt lat="45.371456" lon="-75.856162"><ele>23.0</ele><time>2025-09-03T22:07:12Z</time></trkpt>
<trkpt lat="45.371469" lon="-75.856198"><ele>23.0</ele><time>2025-09-03T22:07:13Z</time></trkpt>
<trkpt lat="45.371479" lon="-75.856234"><ele>23.0</ele><time>2025-09-03T22:07:14Z</time></trkpt>
<trkpt lat="45.371491" lon="-75.85627"><ele>23.0</ele><time>2025-09-03T22:07:15Z</time></trkpt>
<trkpt lat="45.371491" lon="-75.856279"><ele>23.0</ele><time>2025-09-03T22:07:16Z</time></trkpt>
<trkpt lat="45.371501" lon="-75.856297"><ele>23.0</ele><time>2025-09-03T22:07:16Z</time></trkpt>
<trkpt lat="45.37151" lon="-75.856333"><ele>23.0</ele><time>2025-09-03T22:07:17Z</time></trkpt>
<trkpt lat="45.371523" lon="-75.856369"><ele>23.0</ele><time>2025-09-03T22:07:18Z</time></trkpt>
<trkpt lat="45.371532" lon="-75.856396"><ele>23.0</ele><time>2025-09-03T22:07:19Z</time></trkpt>
<trkpt lat="45.371545" lon="-75.856431"><ele>23.0</ele><time>2025-09-03T22:07:20Z</time></trkpt>
<trkpt lat="45.371555" lon="-75.856458"><ele>23.0</ele><time>2025-09-03T22:07:21Z</time></trkpt>
<trkpt lat="45.371564" lon="-75.856494"><ele>22.0</ele><time>2025-09-03T22:07:22Z</time></trkpt>
<trkpt lat="45.371574" lon="-75.85653"><ele>22.0</ele><time>2025-09-03T22:07:23Z</time></trkpt>
<trkpt lat="45.371583" lon="-75.856557"><ele>23.0</ele><time>2025-09-03T22:07:24Z</time></trkpt>
<trkpt lat="45.371593" lon="-75.856593"><ele>23.0</ele><time>2025-09-03T22:07:25Z</time></trkpt>
<trkpt lat="45.371602" lon="-75.85662"><ele>23.0</ele><time>2025-09-03T22:07:26Z</time></trkpt>
<trkpt lat="45.371612" lon="-75.856656"><ele>23.0</ele><time>2025-09-03T22:07:27Z</time></trkpt>
<trkpt lat="45.371621" lon="-75.856683"><ele>23.0</ele><time>2025-09-03T22:07:28Z</time></trkpt>
<trkpt lat="45.371627" lon="-75.856719"><ele>23.0</ele><time>2025-09-03T22:07:29Z</time></trkpt>
<trkpt lat="45.37164" lon="-75.856746"><ele>23.0</ele><time>2025-09-03T22:07:30Z</time></trkpt>
<trkpt lat="45.37165" lon="-75.856782"><ele>22.0</ele><time>2025-09-03T22:07:31Z</time></trkpt>
<trkpt lat="45.371662" lon="-75.856809"><ele>22.0</ele><time>2025-09-03T22:07:32Z</time></trkpt>
<trkpt lat="45.371662" lon="-75.856809"><ele>22.0</ele><time>2025-09-03T22:07:32Z</time></trkpt>
<trkpt lat="45.371675" lon="-75.856836"><ele>22.0</ele><time>2025-09-03T22:07:33Z</time></trkpt>
<trkpt lat="45.371688" lon="-75.856872"><ele>22.0</ele><time>2025-09-03T22:07:34Z</time></trkpt>
<trkpt lat="45.371694" lon="-75.856908"><ele>22.0</ele><time>2025-09-03T22:07:35Z</time></trkpt>
<trkpt lat="45.371697" lon="-75.856934"><ele>22.0</ele><time>2025-09-03T22:07:36Z</time></trkpt>
<trkpt lat="45.37171" lon="-75.856961"><ele>22.0</ele><time>2025-09-03T22:07:37Z</time></trkpt>
<trkpt lat="45.371719" lon="-75.856988"><ele>23.0</ele><time>2025-09-03T22:07:38Z</time></trkpt>
<trkpt lat="45.371726" lon="-75.857015"><ele>23.0</ele><time>2025-09-03T22:07:39Z</time></trkpt>
<trkpt lat="45.371738" lon="-75.857051"><ele>23.0</ele><time>2025-09-03T22:07:40Z</time></trkpt>
<trkpt lat="45.371748" lon="-75.857087"><ele>23.0</ele><time>2025-09-03T22:07:41Z</time></trkpt>
<trkpt lat="45.37176" lon="-75.857114"><ele>23.0</ele><time>2025-09-03T22:07:42Z</time></trkpt>
<trkpt lat="45.371773" lon="-75.85715"><ele>23.0</ele><time>2025-09-03T22:07:43Z</time></trkpt>
<trkpt lat="45.371779" lon="-75.857177"><ele>23.0</ele><time>2025-09-03T22:07:44Z</time></trkpt>
<trkpt lat="45.371786" lon="-75.857222"><ele>23.0</ele><time>2025-09-03T22:07:45Z</time></trkpt>
<trkpt lat="45.371795" lon="-75.857249"><ele>23.0</ele><time>2025-09-03T22:07:46Z</time></trkpt>
<trkpt lat="45.371805" lon="-75.857285"><ele>23.0</ele><time>2025-09-03T22:07:47Z</time></trkpt>
<trkpt lat="45.371805" lon="-75.857285"><ele>23.0</ele><time>2025-09-03T22:07:48Z</time></trkpt>
<trkpt lat="45.371814" lon="-75.857321"><ele>23.0</ele><time>2025-09-03T22:07:48Z</time></trkpt>
<trkpt lat="45.371817" lon="-75.857357"><ele>23.0</ele><time>2025-09-03T22:07:49Z</time></trkpt>
<trkpt lat="45.371824" lon="-75.857393"><ele>21.0</ele><time>2025-09-03T22:07:50Z</time></trkpt>
<trkpt lat="45.37184" lon="-75.857429"><ele>21.0</ele><time>2025-09-03T22:07:51Z</time></trkpt>
<trkpt lat="45.371852" lon="-75.857464"><ele>20.0</ele><time>2025-09-03T22:07:52Z</time></trkpt>
<trkpt lat="45.371868" lon="-75.8575"><ele>20.0</ele><time>2025-09-03T22:07:53Z</time></trkpt>
<trkpt lat="45.371878" lon="-75.857536"><ele>20.0</ele><time>2025-09-03T22:07:54Z</time></trkpt>
<trkpt lat="45.371887" lon="-75.857572"><ele>20.0</ele><time>2025-09-03T22:07:55Z</time></trkpt>
<trkpt lat="45.3719" lon="-75.857608"><ele>20.0</ele><time>2025-09-03T22:07:56Z</time></trkpt>
<trkpt lat="45.371909" lon="-75.857653"><ele>20.0</ele><time>2025-09-03T22:07:57Z</time></trkpt>
<trkpt lat="45.371922" lon="-75.857689"><ele>20.0</ele><time>2025-09-03T22:07:58Z</time></trkpt>
<trkpt lat="45.371931" lon="-75.857725"><ele>20.0</ele><time>2025-09-03T22:07:59Z</time></trkpt>
<trkpt lat="45.371941" lon="-75.857761"><ele>20.0</ele><time>2025-09-03T22:08:00Z</time></trkpt>
<trkpt lat="45.371954" lon="-75.857797"><ele>20.0</ele><time>2025-09-03T22:08:01Z</time></trkpt>
<trkpt lat="45.371966" lon="-75.857833"><ele>20.0</ele><time>2025-09-03T22:08:02Z</time></trkpt>
<trkpt lat="45.371979" lon="-75.857869"><ele>20.0</ele><time>2025-09-03T22:08:03Z</time></trkpt>
<trkpt lat="45.371988" lon="-75.857905"><ele>21.0</ele><time>2025-09-03T22:08:04Z</time></trkpt>
<trkpt lat="45.371995" lon="-75.857941"><ele>20.0</ele><time>2025-09-03T22:08:05Z</time></trkpt>
<trkpt lat="45.372001" lon="-75.857976"><ele>21.0</ele><time>2025-09-03T22:08:06Z</time></trkpt>
<trkpt lat="45.37201" lon="-75.858012"><ele>20.0</ele><time>2025-09-03T22:08:07Z</time></trkpt>
<trkpt lat="45.37202" lon="-75.858048"><ele>20.0</ele><time>2025-09-03T22:08:08Z</time></trkpt>
<trkpt lat="45.372033" lon="-75.858084"><ele>21.0</ele><time>2025-09-03T22:08:09Z</time></trkpt>
<trkpt lat="45.372045" lon="-75.858129"><ele>21.0</ele><time>2025-09-03T22:08:10Z</time></trkpt>
<trkpt lat="45.372055" lon="-75.858138"><ele>21.0</ele><time>2025-09-03T22:08:11Z</time></trkpt>
<trkpt lat="45.372067" lon="-75.858156"><ele>21.0</ele><time>2025-09-03T22:08:11Z</time></trkpt>
<trkpt lat="45.372071" lon="-75.858156"><ele>21.0</ele><time>2025-09-03T22:08:12Z</time></trkpt>
<trkpt lat="45.372083" lon="-75.858174"><ele>21.0</ele><time>2025-09-03T22:08:12Z</time></trkpt>
<trkpt lat="45.37208" lon="-75.858183"><ele>21.0</ele><time>2025-09-03T22:08:12Z</time></trkpt>
<trkpt lat="45.37209" lon="-75.858192"><ele>21.0</ele><time>2025-09-03T22:08:13Z</time></trkpt>
<trkpt lat="45.372096" lon="-75.858201"><ele>21.0</ele><time>2025-09-03T22:08:13Z</time></trkpt>
<trkpt lat="45.372115" lon="-75.858237"><ele>22.0</ele><time>2025-09-03T22:08:14Z</time></trkpt>
<trkpt lat="45.372131" lon="-75.858264"><ele>22.0</ele><time>2025-09-03T22:08:15Z</time></trkpt>
<trkpt lat="45.372131" lon="-75.858309"><ele>22.0</ele><time>2025-09-03T22:08:16Z</time></trkpt>
<trkpt lat="45.372115" lon="-75.858336"><ele>22.0</ele><time>2025-09-03T22:08:17Z</time></trkpt>
<trkpt lat="45.372105" lon="-75.858354"><ele>22.0</ele><time>2025-09-03T22:08:18Z</time></trkpt>
<trkpt lat="45.372131" lon="-75.85839"><ele>22.0</ele><time>2025-09-03T22:08:19Z</time></trkpt>
<trkpt lat="45.372159" lon="-75.858426"><ele>23.0</ele><time>2025-09-03T22:08:20Z</time></trkpt>
<trkpt lat="45.372169" lon="-75.858435"><ele>23.0</ele><time>2025-09-03T22:08:21Z</time></trkpt>
<trkpt lat="45.372181" lon="-75.858462"><ele>23.0</ele><time>2025-09-03T22:08:21Z</time></trkpt>
<trkpt lat="45.372191" lon="-75.858497"><ele>23.0</ele><time>2025-09-03T22:08:22Z</time></trkpt>
<trkpt lat="45.3722" lon="-75.858533"><ele>23.0</ele><time>2025-09-03T22:08:23Z</time></trkpt>
<trkpt lat="45.3722" lon="-75.858533"><ele>23.0</ele><time>2025-09-03T22:08:24Z</time></trkpt>
<trkpt lat="45.37221" lon="-75.858569"><ele>23.0</ele><time>2025-09-03T22:08:25Z</time></trkpt>
<trkpt lat="45.372216" lon="-75.858587"><ele>23.0</ele><time>2025-09-03T22:08:25Z</time></trkpt>
<trkpt lat="45.372213" lon="-75.858614"><ele>23.0</ele><time>2025-09-03T22:08:25Z</time></trkpt>
<trkpt lat="45.372213" lon="-75.858659"><ele>23.0</ele><time>2025-09-03T22:08:26Z</time></trkpt>
<trkpt lat="45.372213" lon="-75.858695"><ele>23.0</ele><time>2025-09-03T22:08:27Z</time></trkpt>
<trkpt lat="45.37221" lon="-75.858722"><ele>23.0</ele><time>2025-09-03T22:08:28Z</time></trkpt>
<trkpt lat="45.372213" lon="-75.85874"><ele>22.0</ele><time>2025-09-03T22:08:29Z</time></trkpt>
<trkpt lat="45.372223" lon="-75.858758"><ele>22.0</ele><time>2025-09-03T22:08:30Z</time></trkpt>
<trkpt lat="45.372235" lon="-75.858785"><ele>22.0</ele><time>2025-09-03T22:08:31Z</time></trkpt>
<trkpt lat="45.372251" lon="-75.85883"><ele>22.0</ele><time>2025-09-03T22:08:32Z</time></trkpt>
<trkpt lat="45.372264" lon="-75.858866"><ele>22.0</ele><time>2025-09-03T22:08:33Z</time></trkpt>
<trkpt lat="45.372289" lon="-75.858911"><ele>22.0</ele><time>2025-09-03T22:08:34Z</time></trkpt>
<trkpt lat="45.372308" lon="-75.858947"><ele>22.0</ele><time>2025-09-03T22:08:35Z</time></trkpt>
<trkpt lat="45.372318" lon="-75.858992"><ele>22.0</ele><time>2025-09-03T22:08:36Z</time></trkpt>
<trkpt lat="45.372327" lon="-75.859036"><ele>22.0</ele><time>2025-09-03T22:08:37Z</time></trkpt>
<trkpt lat="45.372337" lon="-75.859072"><ele>22.0</ele><time>2025-09-03T22:08:38Z</time></trkpt>
<trkpt lat="45.372352" lon="-75.859099"><ele>22.0</ele><time>2025-09-03T22:08:39Z</time></trkpt>
<trkpt lat="45.372365" lon="-75.859135"><ele>23.0</ele><time>2025-09-03T22:08:40Z</time></trkpt>
<trkpt lat="45.372378" lon="-75.859171"><ele>22.0</ele><time>2025-09-03T22:08:41Z</time></trkpt>
<trkpt lat="45.372394" lon="-75.859207"><ele>23.0</ele><time>2025-09-03T22:08:42Z</time></trkpt>
<trkpt lat="45.372406" lon="-75.859234"><ele>23.0</ele><time>2025-09-03T22:08:43Z</time></trkpt>
<trkpt lat="45.372419" lon="-75.85927"><ele>22.0</ele><time>2025-09-03T22:08:44Z</time></trkpt>
<trkpt lat="45.372428" lon="-75.859306"><ele>22.0</ele><time>2025-09-03T22:08:45Z</time></trkpt>
<trkpt lat="45.372441" lon="-75.859342"><ele>22.0</ele><time>2025-09-03T22:08:46Z</time></trkpt>
<trkpt lat="45.372451" lon="-75.859369"><ele>22.0</ele><time>2025-09-03T22:08:47Z</time></trkpt>
<trkpt lat="45.372463" lon="-75.859414"><ele>22.0</ele><time>2025-09-03T22:08:48Z</time></trkpt>
<trkpt lat="45.372473" lon="-75.85945"><ele>22.0</ele><time>2025-09-03T22:08:49Z</time></trkpt>
<trkpt lat="45.372473" lon="-75.85945"><ele>22.0</ele><time>2025-09-03T22:08:50Z</time></trkpt>
<trkpt lat="45.372482" lon="-75.859477"><ele>22.0</ele><time>2025-09-03T22:08:50Z</time></trkpt>
<trkpt lat="45.372492" lon="-75.859513"><ele>23.0</ele><time>2025-09-03T22:08:51Z</time></trkpt>
<trkpt lat="45.372504" lon="-75.859539"><ele>23.0</ele><time>2025-09-03T22:08:52Z</time></trkpt>
<trkpt lat="45.372517" lon="-75.859575"><ele>23.0</ele><time>2025-09-03T22:08:53Z</time></trkpt>
<trkpt lat="45.37253" lon="-75.859602"><ele>23.0</ele><time>2025-09-03T22:08:54Z</time></trkpt>
<trkpt lat="45.372539" lon="-75.859638"><ele>23.0</ele><time>2025-09-03T22:08:55Z</time></trkpt>
<trkpt lat="45.372552" lon="-75.859665"><ele>22.0</ele><time>2025-09-03T22:08:56Z</time></trkpt>
<trkpt lat="45.372568" lon="-75.859701"><ele>22.0</ele><time>2025-09-03T22:08:57Z</time></trkpt>
<trkpt lat="45.37258" lon="-75.859737"><ele>22.0</ele><time>2025-09-03T22:08:58Z</time></trkpt>
<trkpt lat="45.372593" lon="-75.859764"><ele>22.0</ele><time>2025-09-03T22:08:59Z</time></trkpt>
<trkpt lat="45.372606" lon="-75.859791"><ele>22.0</ele><time>2025-09-03T22:09:00Z</time></trkpt>
<trkpt lat="45.372618" lon="-75.859827"><ele>22.0</ele><time>2025-09-03T22:09:01Z</time></trkpt>
<trkpt lat="45.372631" lon="-75.859854"><ele>22.0</ele><time>2025-09-03T22:09:02Z</time></trkpt>
<trkpt lat="45.37264" lon="-75.859881"><ele>22.0</ele><time>2025-09-03T22:09:03Z</time></trkpt>
<trkpt lat="45.372647" lon="-75.859908"><ele>22.0</ele><time>2025-09-03T22:09:05Z</time></trkpt>
<trkpt lat="45.37265" lon="-75.859944"><ele>22.0</ele><time>2025-09-03T22:09:06Z</time></trkpt>
<trkpt lat="45.372656" lon="-75.859971"><ele>22.0</ele><time>2025-09-03T22:09:07Z</time></trkpt>
<trkpt lat="45.372663" lon="-75.860007"><ele>22.0</ele><time>2025-09-03T22:09:07Z</time></trkpt>
<trkpt lat="45.372669" lon="-75.860034"><ele>22.0</ele><time>2025-09-03T22:09:08Z</time></trkpt>
<trkpt lat="45.372678" lon="-75.86006"><ele>22.0</ele><time>2025-09-03T22:09:10Z</time></trkpt>
<trkpt lat="45.372688" lon="-75.860096"><ele>22.0</ele><time>2025-09-03T22:09:11Z</time></trkpt>
<trkpt lat="45.372691" lon="-75.860132"><ele>22.0</ele><time>2025-09-03T22:09:11Z</time></trkpt>
<trkpt lat="45.372694" lon="-75.860168"><ele>22.0</ele><time>2025-09-03T22:09:13Z</time></trkpt>
<trkpt lat="45.372697" lon="-75.860204"><ele>23.0</ele><time>2025-09-03T22:09:13Z</time></trkpt>
<trkpt lat="45.372697" lon="-75.86024"><ele>23.0</ele><time>2025-09-03T22:09:14Z</time></trkpt>
<trkpt lat="45.372697" lon="-75.860276"><ele>23.0</ele><time>2025-09-03T22:09:15Z</time></trkpt>
<trkpt lat="45.372704" lon="-75.860303"><ele>23.0</ele><time>2025-09-03T22:09:16Z</time></trkpt>
<trkpt lat="45.372707" lon="-75.860339"><ele>23.0</ele><time>2025-09-03T22:09:17Z</time></trkpt>
<trkpt lat="45.372713" lon="-75.860375"><ele>23.0</ele><time>2025-09-03T22:09:18Z</time></trkpt>
<trkpt lat="45.372716" lon="-75.860411"><ele>23.0</ele><time>2025-09-03T22:09:19Z</time></trkpt>
<trkpt lat="45.37272" lon="-75.860447"><ele>23.0</ele><time>2025-09-03T22:09:20Z</time></trkpt>
<trkpt lat="45.372723" lon="-75.860483"><ele>23.0</ele><time>2025-09-03T22:09:21Z</time></trkpt>
<trkpt lat="45.372726" lon="-75.86051"><ele>23.0</ele><time>2025-09-03T22:09:22Z</time></trkpt>
<trkpt lat="45.372729" lon="-75.860546"><ele>23.0</ele><time>2025-09-03T22:09:23Z</time></trkpt>
<trkpt lat="45.372729" lon="-75.860546"><ele>23.0</ele><time>2025-09-03T22:09:24Z</time></trkpt>
<trkpt lat="45.372732" lon="-75.860581"><ele>23.0</ele><time>2025-09-03T22:09:24Z</time></trkpt>
<trkpt lat="45.372739" lon="-75.860608"><ele>23.0</ele><time>2025-09-03T22:09:25Z</time></trkpt>
<trkpt lat="45.372739" lon="-75.860644"><ele>23.0</ele><time>2025-09-03T22:09:26Z</time></trkpt>
<trkpt lat="45.372745" lon="-75.86068"><ele>22.0</ele><time>2025-09-03T22:09:27Z</time></trkpt>
<trkpt lat="45.372754" lon="-75.860716"><ele>23.0</ele><time>2025-09-03T22:09:28Z</time></trkpt>
<trkpt lat="45.372761" lon="-75.860752"><ele>23.0</ele><time>2025-09-03T22:09:29Z</time></trkpt>
<trkpt lat="45.372767" lon="-75.860788"><ele>23.0</ele><time>2025-09-03T22:09:30Z</time></trkpt>
<trkpt lat="45.372773" lon="-75.860815"><ele>23.0</ele><time>2025-09-03T22:09:31Z</time></trkpt>
<trkpt lat="45.37278" lon="-75.86086"><ele>23.0</ele><time>2025-09-03T22:09:32Z</time></trkpt>
<trkpt lat="45.372786" lon="-75.860896"><ele>23.0</ele><time>2025-09-03T22:09:33Z</time></trkpt>
<trkpt lat="45.372789" lon="-75.860932"><ele>23.0</ele><time>2025-09-03T22:09:34Z</time></trkpt>
<trkpt lat="45.372796" lon="-75.860968"><ele>23.0</ele><time>2025-09-03T22:09:35Z</time></trkpt>
<trkpt lat="45.372799" lon="-75.861004"><ele>23.0</ele><time>2025-09-03T22:09:36Z</time></trkpt>
<trkpt lat="45.372802" lon="-75.86104"><ele>23.0</ele><time>2025-09-03T22:09:37Z</time></trkpt>
<trkpt lat="45.372805" lon="-75.861076"><ele>23.0</ele><time>2025-09-03T22:09:38Z</time></trkpt>
<trkpt lat="45.372811" lon="-75.86112"><ele>23.0</ele><time>2025-09-03T22:09:39Z</time></trkpt>
<trkpt lat="45.372815" lon="-75.861156"><ele>23.0</ele><time>2025-09-03T22:09:40Z</time></trkpt>
<trkpt lat="45.372824" lon="-75.861192"><ele>23.0</ele><time>2025-09-03T22:09:41Z</time></trkpt>
<trkpt lat="45.37283" lon="-75.861228"><ele>23.0</ele><time>2025-09-03T22:09:42Z</time></trkpt>
<trkpt lat="45.37284" lon="-75.861264"><ele>23.0</ele><time>2025-09-03T22:09:43Z</time></trkpt>
<trkpt lat="45.372846" lon="-75.8613"><ele>23.0</ele><time>2025-09-03T22:09:44Z</time></trkpt>
<trkpt lat="45.372853" lon="-75.861336"><ele>23.0</ele><time>2025-09-03T22:09:45Z</time></trkpt>
<trkpt lat="45.372859" lon="-75.861372"><ele>23.0</ele><time>2025-09-03T22:09:46Z</time></trkpt>
<trkpt lat="45.372865" lon="-75.861399"><ele>23.0</ele><time>2025-09-03T22:09:47Z</time></trkpt>
<trkpt lat="45.372872" lon="-75.861435"><ele>23.0</ele><time>2025-09-03T22:09:48Z</time></trkpt>
<trkpt lat="45.372881" lon="-75.861471"><ele>23.0</ele><time>2025-09-03T22:09:49Z</time></trkpt>
<trkpt lat="45.372891" lon="-75.861507"><ele>23.0</ele><time>2025-09-03T22:09:50Z</time></trkpt>
<trkpt lat="45.3729" lon="-75.861543"><ele>23.0</ele><time>2025-09-03T22:09:51Z</time></trkpt>
<trkpt lat="45.37291" lon="-75.861579"><ele>23.0</ele><time>2025-09-03T22:09:52Z</time></trkpt>
<trkpt lat="45.372916" lon="-75.861623"><ele>23.0</ele><time>2025-09-03T22:09:53Z</time></trkpt>
<trkpt lat="45.372925" lon="-75.861659"><ele>23.0</ele><time>2025-09-03T22:09:54Z</time></trkpt>
<trkpt lat="45.372932" lon="-75.861695"><ele>23.0</ele><time>2025-09-03T22:09:55Z</time></trkpt>
<trkpt lat="45.372938" lon="-75.86174"><ele>23.0</ele><time>2025-09-03T22:09:56Z</time></trkpt>
<trkpt lat="45.372954" lon="-75.861776"><ele>23.0</ele><time>2025-09-03T22:09:57Z</time></trkpt>
<trkpt lat="45.372963" lon="-75.861812"><ele>23.0</ele><time>2025-09-03T22:09:58Z</time></trkpt>
<trkpt lat="45.372963" lon="-75.861821"><ele>23.0</ele><time>2025-09-03T22:09:59Z</time></trkpt>
<trkpt lat="45.372963" lon="-75.861848"><ele>23.0</ele><time>2025-09-03T22:09:59Z</time></trkpt>
<trkpt lat="45.372967" lon="-75.861884"><ele>23.0</ele><time>2025-09-03T22:10:00Z</time></trkpt>
<trkpt lat="45.372973" lon="-75.861911"><ele>23.0</ele><time>2025-09-03T22:10:01Z</time></trkpt>
<trkpt lat="45.372973" lon="-75.861929"><ele>23.0</ele><time>2025-09-03T22:10:02Z</time></trkpt>
<trkpt lat="45.372979" lon="-75.861956"><ele>23.0</ele><time>2025-09-03T22:10:02Z</time></trkpt>
<trkpt lat="45.372979" lon="-75.861956"><ele>23.0</ele><time>2025-09-03T22:10:03Z</time></trkpt>
<trkpt lat="45.372979" lon="-75.861974"><ele>23.0</ele><time>2025-09-03T22:10:03Z</time></trkpt>
<trkpt lat="45.372986" lon="-75.861983"><ele>23.0</ele><time>2025-09-03T22:10:03Z</time></trkpt>
<trkpt lat="45.372989" lon="-75.862001"><ele>23.0</ele><time>2025-09-03T22:10:04Z</time></trkpt>
<trkpt lat="45.373005" lon="-75.862019"><ele>23.0</ele><time>2025-09-03T22:10:04Z</time></trkpt>
<trkpt lat="45.37302" lon="-75.862028"><ele>23.0</ele><time>2025-09-03T22:10:05Z</time></trkpt>
<trkpt lat="45.373033" lon="-75.862046"><ele>23.0</ele><time>2025-09-03T22:10:05Z</time></trkpt>
<trkpt lat="45.373052" lon="-75.862073"><ele>23.0</ele><time>2025-09-03T22:10:06Z</time></trkpt>
<trkpt lat="45.373062" lon="-75.862109"><ele>23.0</ele><time>2025-09-03T22:10:07Z</time></trkpt>
<trkpt lat="45.373068" lon="-75.862144"><ele>23.0</ele><time>2025-09-03T22:10:08Z</time></trkpt>
<trkpt lat="45.373081" lon="-75.86218"><ele>23.0</ele><time>2025-09-03T22:10:09Z</time></trkpt>
<trkpt lat="45.373096" lon="-75.862225"><ele>23.0</ele><time>2025-09-03T22:10:10Z</time></trkpt>
<trkpt lat="45.373106" lon="-75.862261"><ele>23.0</ele><time>2025-09-03T22:10:11Z</time></trkpt>
<trkpt lat="45.373118" lon="-75.862297"><ele>23.0</ele><time>2025-09-03T22:10:12Z</time></trkpt>
<trkpt lat="45.373128" lon="-75.862342"><ele>23.0</ele><time>2025-09-03T22:10:13Z</time></trkpt>
<trkpt lat="45.373141" lon="-75.862378"><ele>23.0</ele><time>2025-09-03T22:10:14Z</time></trkpt>
<trkpt lat="45.373147" lon="-75.862432"><ele>23.0</ele><time>2025-09-03T22:10:15Z</time></trkpt>
<trkpt lat="45.373144" lon="-75.862477"><ele>23.0</ele><time>2025-09-03T22:10:16Z</time></trkpt>
<trkpt lat="45.373144" lon="-75.862522"><ele>23.0</ele><time>2025-09-03T22:10:17Z</time></trkpt>
<trkpt lat="45.373141" lon="-75.862567"><ele>23.0</ele><time>2025-09-03T22:10:18Z</time></trkpt>
<trkpt lat="45.373134" lon="-75.862612"><ele>23.0</ele><time>2025-09-03T22:10:19Z</time></trkpt>
<trkpt lat="45.373128" lon="-75.862648"><ele>23.0</ele><time>2025-09-03T22:10:20Z</time></trkpt>
<trkpt lat="45.373122" lon="-75.862692"><ele>23.0</ele><time>2025-09-03T22:10:21Z</time></trkpt>
<trkpt lat="45.373122" lon="-75.862728"><ele>23.0</ele><time>2025-09-03T22:10:22Z</time></trkpt>
<trkpt lat="45.373125" lon="-75.862773"><ele>23.0</ele><time>2025-09-03T22:10:23Z</time></trkpt>
<trkpt lat="45.373141" lon="-75.862791"><ele>23.0</ele><time>2025-09-03T22:10:24Z</time></trkpt>
<trkpt lat="45.37315" lon="-75.862827"><ele>23.0</ele><time>2025-09-03T22:10:25Z</time></trkpt>
<trkpt lat="45.373156" lon="-75.862863"><ele>23.0</ele><time>2025-09-03T22:10:26Z</time></trkpt>
<trkpt lat="45.373163" lon="-75.862899"><ele>23.0</ele><time>2025-09-03T22:10:27Z</time></trkpt>
<trkpt lat="45.373172" lon="-75.862935"><ele>23.0</ele><time>2025-09-03T22:10:28Z</time></trkpt>
<trkpt lat="45.373182" lon="-75.862971"><ele>23.0</ele><time>2025-09-03T22:10:29Z</time></trkpt>
<trkpt lat="45.373191" lon="-75.863007"><ele>23.0</ele><time>2025-09-03T22:10:30Z</time></trkpt>
<trkpt lat="45.373201" lon="-75.863043"><ele>22.0</ele><time>2025-09-03T22:10:31Z</time></trkpt>
<trkpt lat="45.37321" lon="-75.86307"><ele>23.0</ele><time>2025-09-03T22:10:32Z</time></trkpt>
<trkpt lat="45.373217" lon="-75.863106"><ele>22.0</ele><time>2025-09-03T22:10:33Z</time></trkpt>
<trkpt lat="45.373226" lon="-75.863142"><ele>22.0</ele><time>2025-09-03T22:10:34Z</time></trkpt>
<trkpt lat="45.373236" lon="-75.863178"><ele>22.0</ele><time>2025-09-03T22:10:35Z</time></trkpt>
<trkpt lat="45.373245" lon="-75.863204"><ele>22.0</ele><time>2025-09-03T22:10:36Z</time></trkpt>
<trkpt lat="45.373251" lon="-75.86324"><ele>22.0</ele><time>2025-09-03T22:10:37Z</time></trkpt>
<trkpt lat="45.373261" lon="-75.863276"><ele>22.0</ele><time>2025-09-03T22:10:38Z</time></trkpt>
<trkpt lat="45.37327" lon="-75.863312"><ele>22.0</ele><time>2025-09-03T22:10:39Z</time></trkpt>
<trkpt lat="45.37328" lon="-75.863339"><ele>22.0</ele><time>2025-09-03T22:10:40Z</time></trkpt>
<trkpt lat="45.373289" lon="-75.863375"><ele>22.0</ele><time>2025-09-03T22:10:41Z</time></trkpt>
<trkpt lat="45.373299" lon="-75.863411"><ele>22.0</ele><time>2025-09-03T22:10:42Z</time></trkpt>
<trkpt lat="45.373308" lon="-75.863447"><ele>22.0</ele><time>2025-09-03T22:10:43Z</time></trkpt>
<trkpt lat="45.373321" lon="-75.863483"><ele>22.0</ele><time>2025-09-03T22:10:44Z</time></trkpt>
<trkpt lat="45.373331" lon="-75.863519"><ele>22.0</ele><time>2025-09-03T22:10:45Z</time></trkpt>
<trkpt lat="45.373343" lon="-75.863546"><ele>23.0</ele><time>2025-09-03T22:10:46Z</time></trkpt>
<trkpt lat="45.373356" lon="-75.863582"><ele>23.0</ele><time>2025-09-03T22:10:47Z</time></trkpt>
<trkpt lat="45.373365" lon="-75.863618"><ele>23.0</ele><time>2025-09-03T22:10:48Z</time></trkpt>
<trkpt lat="45.373375" lon="-75.863654"><ele>23.0</ele><time>2025-09-03T22:10:49Z</time></trkpt>
<trkpt lat="45.373388" lon="-75.86369"><ele>23.0</ele><time>2025-09-03T22:10:50Z</time></trkpt>
<trkpt lat="45.373394" lon="-75.863725"><ele>23.0</ele><time>2025-09-03T22:10:51Z</time></trkpt>
<trkpt lat="45.373403" lon="-75.863752"><ele>23.0</ele><time>2025-09-03T22:10:52Z</time></trkpt>
<trkpt lat="45.373413" lon="-75.863788"><ele>23.0</ele><time>2025-09-03T22:10:53Z</time></trkpt>
<trkpt lat="45.373422" lon="-75.863824"><ele>23.0</ele><time>2025-09-03T22:10:54Z</time></trkpt>
<trkpt lat="45.373432" lon="-75.86386"><ele>23.0</ele><time>2025-09-03T22:10:55Z</time></trkpt>
<trkpt lat="45.373438" lon="-75.863887"><ele>23.0</ele><time>2025-09-03T22:10:56Z</time></trkpt>
<trkpt lat="45.373448" lon="-75.863923"><ele>23.0</ele><time>2025-09-03T22:10:57Z</time></trkpt>
<trkpt lat="45.373448" lon="-75.863923"><ele>23.0</ele><time>2025-09-03T22:10:58Z</time></trkpt>
<trkpt lat="45.373457" lon="-75.863959"><ele>23.0</ele><time>2025-09-03T22:10:58Z</time></trkpt>
<trkpt lat="45.373464" lon="-75.863995"><ele>23.0</ele><time>2025-09-03T22:10:59Z</time></trkpt>
<trkpt lat="45.37347" lon="-75.864031"><ele>23.0</ele><time>2025-09-03T22:11:00Z</time></trkpt>
<trkpt lat="45.373476" lon="-75.864067"><ele>23.0</ele><time>2025-09-03T22:11:01Z</time></trkpt>
<trkpt lat="45.373486" lon="-75.864094"><ele>23.0</ele><time>2025-09-03T22:11:02Z</time></trkpt>
<trkpt lat="45.373492" lon="-75.86413"><ele>22.0</ele><time>2025-09-03T22:11:03Z</time></trkpt>
<trkpt lat="45.373502" lon="-75.864166"><ele>22.0</ele><time>2025-09-03T22:11:04Z</time></trkpt>
<trkpt lat="45.373508" lon="-75.864202"><ele>22.0</ele><time>2025-09-03T22:11:05Z</time></trkpt>
<trkpt lat="45.373517" lon="-75.864229"><ele>22.0</ele><time>2025-09-03T22:11:06Z</time></trkpt>
<trkpt lat="45.373524" lon="-75.864264"><ele>22.0</ele><time>2025-09-03T22:11:07Z</time></trkpt>
<trkpt lat="45.37353" lon="-75.8643"><ele>23.0</ele><time>2025-09-03T22:11:08Z</time></trkpt>
<trkpt lat="45.37354" lon="-75.864336"><ele>22.0</ele><time>2025-09-03T22:11:09Z</time></trkpt>
<trkpt lat="45.373546" lon="-75.864363"><ele>22.0</ele><time>2025-09-03T22:11:10Z</time></trkpt>
<trkpt lat="45.373555" lon="-75.864399"><ele>22.0</ele><time>2025-09-03T22:11:11Z</time></trkpt>
<trkpt lat="45.373562" lon="-75.864435"><ele>22.0</ele><time>2025-09-03T22:11:12Z</time></trkpt>
<trkpt lat="45.373568" lon="-75.864462"><ele>22.0</ele><time>2025-09-03T22:11:13Z</time></trkpt>
<trkpt lat="45.373578" lon="-75.864498"><ele>22.0</ele><time>2025-09-03T22:11:14Z</time></trkpt>
<trkpt lat="45.373584" lon="-75.864534"><ele>22.0</ele><time>2025-09-03T22:11:15Z</time></trkpt>
<trkpt lat="45.373593" lon="-75.864561"><ele>22.0</ele><time>2025-09-03T22:11:16Z</time></trkpt>
<trkpt lat="45.373603" lon="-75.864597"><ele>23.0</ele><time>2025-09-03T22:11:17Z</time></trkpt>
<trkpt lat="45.373612" lon="-75.864624"><ele>23.0</ele><time>2025-09-03T22:11:18Z</time></trkpt>
<trkpt lat="45.373619" lon="-75.86466"><ele>23.0</ele><time>2025-09-03T22:11:19Z</time></trkpt>
<trkpt lat="45.373628" lon="-75.864696"><ele>22.0</ele><time>2025-09-03T22:11:20Z</time></trkpt>
<trkpt lat="45.373635" lon="-75.864723"><ele>23.0</ele><time>2025-09-03T22:11:21Z</time></trkpt>
<trkpt lat="45.373644" lon="-75.864758"><ele>22.0</ele><time>2025-09-03T22:11:22Z</time></trkpt>
<trkpt lat="45.373653" lon="-75.864794"><ele>22.0</ele><time>2025-09-03T22:11:23Z</time></trkpt>
<trkpt lat="45.373663" lon="-75.86483"><ele>22.0</ele><time>2025-09-03T22:11:24Z</time></trkpt>
<trkpt lat="45.373672" lon="-75.864866"><ele>22.0</ele><time>2025-09-03T22:11:25Z</time></trkpt>
<trkpt lat="45.373679" lon="-75.864902"><ele>23.0</ele><time>2025-09-03T22:11:26Z</time></trkpt>
<trkpt lat="45.373679" lon="-75.864902"><ele>23.0</ele><time>2025-09-03T22:11:27Z</time></trkpt>
<trkpt lat="45.373682" lon="-75.864938"><ele>22.0</ele><time>2025-09-03T22:11:27Z</time></trkpt>
<trkpt lat="45.373688" lon="-75.864974"><ele>23.0</ele><time>2025-09-03T22:11:28Z</time></trkpt>
<trkpt lat="45.373698" lon="-75.86501"><ele>23.0</ele><time>2025-09-03T22:11:29Z</time></trkpt>
<trkpt lat="45.373707" lon="-75.865055"><ele>23.0</ele><time>2025-09-03T22:11:30Z</time></trkpt>
<trkpt lat="45.373714" lon="-75.865091"><ele>23.0</ele><time>2025-09-03T22:11:31Z</time></trkpt>
<trkpt lat="45.373723" lon="-75.865127"><ele>23.0</ele><time>2025-09-03T22:11:32Z</time></trkpt>
<trkpt lat="45.373729" lon="-75.865172"><ele>23.0</ele><time>2025-09-03T22:11:33Z</time></trkpt>
<trkpt lat="45.373736" lon="-75.865208"><ele>23.0</ele><time>2025-09-03T22:11:34Z</time></trkpt>
<trkpt lat="45.373742" lon="-75.865244"><ele>23.0</ele><time>2025-09-03T22:11:35Z</time></trkpt>
<trkpt lat="45.373748" lon="-75.865279"><ele>23.0</ele><time>2025-09-03T22:11:36Z</time></trkpt>
<trkpt lat="45.373758" lon="-75.865324"><ele>23.0</ele><time>2025-09-03T22:11:37Z</time></trkpt>
<trkpt lat="45.373764" lon="-75.86536"><ele>23.0</ele><time>2025-09-03T22:11:38Z</time></trkpt>
<trkpt lat="45.373774" lon="-75.865396"><ele>23.0</ele><time>2025-09-03T22:11:39Z</time></trkpt>
<trkpt lat="45.373783" lon="-75.865432"><ele>23.0</ele><time>2025-09-03T22:11:40Z</time></trkpt>
<trkpt lat="45.373793" lon="-75.865477"><ele>23.0</ele><time>2025-09-03T22:11:41Z</time></trkpt>
<trkpt lat="45.373802" lon="-75.865513"><ele>23.0</ele><time>2025-09-03T22:11:42Z</time></trkpt>
<trkpt lat="45.373815" lon="-75.865549"><ele>23.0</ele><time>2025-09-03T22:11:43Z</time></trkpt>
<trkpt lat="45.373828" lon="-75.865585"><ele>23.0</ele><time>2025-09-03T22:11:44Z</time></trkpt>
<trkpt lat="45.373837" lon="-75.865612"><ele>23.0</ele><time>2025-09-03T22:11:45Z</time></trkpt>
<trkpt lat="45.373843" lon="-75.865657"><ele>23.0</ele><time>2025-09-03T22:11:46Z</time></trkpt>
<trkpt lat="45.37385" lon="-75.865693"><ele>23.0</ele><time>2025-09-03T22:11:47Z</time></trkpt>
<trkpt lat="45.373856" lon="-75.865729"><ele>23.0</ele><time>2025-09-03T22:11:48Z</time></trkpt>
<trkpt lat="45.373862" lon="-75.865765"><ele>23.0</ele><time>2025-09-03T22:11:49Z</time></trkpt>
<trkpt lat="45.373872" lon="-75.8658"><ele>23.0</ele><time>2025-09-03T22:11:50Z</time></trkpt>
<trkpt lat="45.373878" lon="-75.865836"><ele>23.0</ele><time>2025-09-03T22:11:51Z</time></trkpt>
<trkpt lat="45.373888" lon="-75.865872"><ele>23.0</ele><time>2025-09-03T22:11:52Z</time></trkpt>
<trkpt lat="45.373894" lon="-75.865908"><ele>23.0</ele><time>2025-09-03T22:11:53Z</time></trkpt>
<trkpt lat="45.373904" lon="-75.865944"><ele>23.0</ele><time>2025-09-03T22:11:54Z</time></trkpt>
<trkpt lat="45.37391" lon="-75.86598"><ele>23.0</ele><time>2025-09-03T22:11:55Z</time></trkpt>
<trkpt lat="45.373919" lon="-75.866016"><ele>22.0</ele><time>2025-09-03T22:11:56Z</time></trkpt>
<trkpt lat="45.373929" lon="-75.866052"><ele>23.0</ele><time>2025-09-03T22:11:57Z</time></trkpt>
<trkpt lat="45.373938" lon="-75.866088"><ele>23.0</ele><time>2025-09-03T22:11:58Z</time></trkpt>
<trkpt lat="45.373948" lon="-75.866115"><ele>23.0</ele><time>2025-09-03T22:11:59Z</time></trkpt>
<trkpt lat="45.373961" lon="-75.866151"><ele>22.0</ele><time>2025-09-03T22:12:00Z</time></trkpt>
<trkpt lat="45.373973" lon="-75.866187"><ele>22.0</ele><time>2025-09-03T22:12:01Z</time></trkpt>
<trkpt lat="45.373986" lon="-75.866223"><ele>23.0</ele><time>2025-09-03T22:12:02Z</time></trkpt>
<trkpt lat="45.373995" lon="-75.866259"><ele>22.0</ele><time>2025-09-03T22:12:03Z</time></trkpt>
<trkpt lat="45.374005" lon="-75.866295"><ele>23.0</ele><time>2025-09-03T22:12:04Z</time></trkpt>
<trkpt lat="45.374014" lon="-75.86633"><ele>23.0</ele><time>2025-09-03T22:12:05Z</time></trkpt>
<trkpt lat="45.374027" lon="-75.866366"><ele>23.0</ele><time>2025-09-03T22:12:06Z</time></trkpt>
<trkpt lat="45.374037" lon="-75.866402"><ele>23.0</ele><time>2025-09-03T22:12:07Z</time></trkpt>
<trkpt lat="45.374046" lon="-75.866438"><ele>23.0</ele><time>2025-09-03T22:12:08Z</time></trkpt>
<trkpt lat="45.374056" lon="-75.866474"><ele>23.0</ele><time>2025-09-03T22:12:09Z</time></trkpt>
<trkpt lat="45.374062" lon="-75.866519"><ele>23.0</ele><time>2025-09-03T22:12:10Z</time></trkpt>
<trkpt lat="45.374071" lon="-75.866555"><ele>23.0</ele><time>2025-09-03T22:12:11Z</time></trkpt>
<trkpt lat="45.374078" lon="-75.866591"><ele>23.0</ele><time>2025-09-03T22:12:12Z</time></trkpt>
<trkpt lat="45.37409" lon="-75.866627"><ele>23.0</ele><time>2025-09-03T22:12:13Z</time></trkpt>
<trkpt lat="45.374106" lon="-75.866672"><ele>23.0</ele><time>2025-09-03T22:12:14Z</time></trkpt>
<trkpt lat="45.374119" lon="-75.866699"><ele>23.0</ele><time>2025-09-03T22:12:15Z</time></trkpt>
<trkpt lat="45.374125" lon="-75.866735"><ele>23.0</ele><time>2025-09-03T22:12:16Z</time></trkpt>
<trkpt lat="45.374135" lon="-75.866771"><ele>23.0</ele><time>2025-09-03T22:12:17Z</time></trkpt>
<trkpt lat="45.374144" lon="-75.866807"><ele>23.0</ele><time>2025-09-03T22:12:18Z</time></trkpt>
<trkpt lat="45.374154" lon="-75.866842"><ele>23.0</ele><time>2025-09-03T22:12:19Z</time></trkpt>
<trkpt lat="45.374163" lon="-75.866878"><ele>23.0</ele><time>2025-09-03T22:12:20Z</time></trkpt>
<trkpt lat="45.374173" lon="-75.866923"><ele>23.0</ele><time>2025-09-03T22:12:21Z</time></trkpt>
<trkpt lat="45.374182" lon="-75.866959"><ele>23.0</ele><time>2025-09-03T22:12:22Z</time></trkpt>
<trkpt lat="45.374188" lon="-75.866995"><ele>23.0</ele><time>2025-09-03T22:12:23Z</time></trkpt>
<trkpt lat="45.374195" lon="-75.867031"><ele>23.0</ele><time>2025-09-03T22:12:24Z</time></trkpt>
<trkpt lat="45.374201" lon="-75.867076"><ele>23.0</ele><time>2025-09-03T22:12:25Z</time></trkpt>
<trkpt lat="45.374204" lon="-75.867112"><ele>23.0</ele><time>2025-09-03T22:12:26Z</time></trkpt>
<trkpt lat="45.374211" lon="-75.867157"><ele>23.0</ele><time>2025-09-03T22:12:27Z</time></trkpt>
<trkpt lat="45.374217" lon="-75.867193"><ele>23.0</ele><time>2025-09-03T22:12:28Z</time></trkpt>
<trkpt lat="45.374223" lon="-75.867229"><ele>23.0</ele><time>2025-09-03T22:12:29Z</time></trkpt>
<trkpt lat="45.37423" lon="-75.867265"><ele>23.0</ele><time>2025-09-03T22:12:30Z</time></trkpt>
<trkpt lat="45.374236" lon="-75.867301"><ele>23.0</ele><time>2025-09-03T22:12:31Z</time></trkpt>
<trkpt lat="45.374249" lon="-75.867337"><ele>23.0</ele><time>2025-09-03T22:12:32Z</time></trkpt>
<trkpt lat="45.374261" lon="-75.867372"><ele>23.0</ele><time>2025-09-03T22:12:33Z</time></trkpt>
<trkpt lat="45.374271" lon="-75.867408"><ele>23.0</ele><time>2025-09-03T22:12:34Z</time></trkpt>
<trkpt lat="45.374287" lon="-75.867453"><ele>23.0</ele><time>2025-09-03T22:12:35Z</time></trkpt>
<trkpt lat="45.374306" lon="-75.867507"><ele>22.0</ele><time>2025-09-03T22:12:36Z</time></trkpt>
<trkpt lat="45.374321" lon="-75.867534"><ele>22.0</ele><time>2025-09-03T22:12:37Z</time></trkpt>
<trkpt lat="45.374331" lon="-75.867552"><ele>22.0</ele><time>2025-09-03T22:12:38Z</time></trkpt>
<trkpt lat="45.374344" lon="-75.867588"><ele>22.0</ele><time>2025-09-03T22:12:39Z</time></trkpt>
<trkpt lat="45.374353" lon="-75.867615"><ele>22.0</ele><time>2025-09-03T22:12:40Z</time></trkpt>
<trkpt lat="45.374369" lon="-75.867642"><ele>22.0</ele><time>2025-09-03T22:12:41Z</time></trkpt>
<trkpt lat="45.374382" lon="-75.867669"><ele>22.0</ele><time>2025-09-03T22:12:42Z</time></trkpt>
<trkpt lat="45.374397" lon="-75.867696"><ele>22.0</ele><time>2025-09-03T22:12:43Z</time></trkpt>
<trkpt lat="45.374413" lon="-75.867723"><ele>22.0</ele><time>2025-09-03T22:12:44Z</time></trkpt>
<trkpt lat="45.374429" lon="-75.867759"><ele>22.0</ele><time>2025-09-03T22:12:45Z</time></trkpt>
<trkpt lat="45.374445" lon="-75.867786"><ele>22.0</ele><time>2025-09-03T22:12:46Z</time></trkpt>
<trkpt lat="45.374458" lon="-75.867822"><ele>22.0</ele><time>2025-09-03T22:12:47Z</time></trkpt>
<trkpt lat="45.374473" lon="-75.867858"><ele>22.0</ele><time>2025-09-03T22:12:48Z</time></trkpt>
<trkpt lat="45.374492" lon="-75.867893"><ele>22.0</ele><time>2025-09-03T22:12:49Z</time></trkpt>
<trkpt lat="45.374502" lon="-75.86792"><ele>22.0</ele><time>2025-09-03T22:12:50Z</time></trkpt>
<trkpt lat="45.374511" lon="-75.867956"><ele>22.0</ele><time>2025-09-03T22:12:51Z</time></trkpt>
<trkpt lat="45.374521" lon="-75.867992"><ele>22.0</ele><time>2025-09-03T22:12:52Z</time></trkpt>
<trkpt lat="45.37453" lon="-75.868028"><ele>22.0</ele><time>2025-09-03T22:12:53Z</time></trkpt>
<trkpt lat="45.37454" lon="-75.868064"><ele>23.0</ele><time>2025-09-03T22:12:54Z</time></trkpt>
<trkpt lat="45.374549" lon="-75.868091"><ele>23.0</ele><time>2025-09-03T22:12:55Z</time></trkpt>
<trkpt lat="45.374559" lon="-75.868127"><ele>23.0</ele><time>2025-09-03T22:12:56Z</time></trkpt>
<trkpt lat="45.374568" lon="-75.868163"><ele>23.0</ele><time>2025-09-03T22:12:57Z</time></trkpt>
<trkpt lat="45.374581" lon="-75.868199"><ele>23.0</ele><time>2025-09-03T22:12:58Z</time></trkpt>
<trkpt lat="45.374591" lon="-75.868235"><ele>23.0</ele><time>2025-09-03T22:12:59Z</time></trkpt>
<trkpt lat="45.374597" lon="-75.868262"><ele>23.0</ele><time>2025-09-03T22:13:00Z</time></trkpt>
<trkpt lat="45.374587" lon="-75.868289"><ele>23.0</ele><time>2025-09-03T22:13:01Z</time></trkpt>
<trkpt lat="45.374572" lon="-75.868307"><ele>23.0</ele><time>2025-09-03T22:13:02Z</time></trkpt>
<trkpt lat="45.374562" lon="-75.868316"><ele>23.0</ele><time>2025-09-03T22:13:03Z</time></trkpt>
<trkpt lat="45.374549" lon="-75.868325"><ele>23.0</ele><time>2025-09-03T22:13:04Z</time></trkpt>
<trkpt lat="45.374534" lon="-75.868325"><ele>23.0</ele><time>2025-09-03T22:13:05Z</time></trkpt>
<trkpt lat="45.374524" lon="-75.868325"><ele>23.0</ele><time>2025-09-03T22:13:06Z</time></trkpt>
<trkpt lat="45.374515" lon="-75.868316"><ele>23.0</ele><time>2025-09-03T22:13:07Z</time></trkpt>
<trkpt lat="45.374505" lon="-75.868307"><ele>23.0</ele><time>2025-09-03T22:13:08Z</time></trkpt>
<trkpt lat="45.374499" lon="-75.868307"><ele>23.0</ele><time>2025-09-03T22:13:09Z</time></trkpt>
<trkpt lat="45.374489" lon="-75.868298"><ele>23.0</ele><time>2025-09-03T22:13:10Z</time></trkpt>
<trkpt lat="45.37448" lon="-75.868298"><ele>23.0</ele><time>2025-09-03T22:13:11Z</time></trkpt>
<trkpt lat="45.37447" lon="-75.868298"><ele>23.0</ele><time>2025-09-03T22:13:12Z</time></trkpt>
<trkpt lat="45.374461" lon="-75.868289"><ele>23.0</ele><time>2025-09-03T22:13:13Z</time></trkpt>
<trkpt lat="45.374451" lon="-75.86828"><ele>23.0</ele><time>2025-09-03T22:13:14Z</time></trkpt>
<trkpt lat="45.374445" lon="-75.86828"><ele>23.0</ele><time>2025-09-03T22:13:15Z</time></trkpt>
<trkpt lat="45.374435" lon="-75.868271"><ele>23.0</ele><time>2025-09-03T22:13:16Z</time></trkpt>
<trkpt lat="45.374426" lon="-75.868262"><ele>23.0</ele><time>2025-09-03T22:13:17Z</time></trkpt>
<trkpt lat="45.37442" lon="-75.868244"><ele>23.0</ele><time>2025-09-03T22:13:18Z</time></trkpt>
<trkpt lat="45.374407" lon="-75.868226"><ele>23.0</ele><time>2025-09-03T22:13:19Z</time></trkpt>
<trkpt lat="45.374394" lon="-75.868217"><ele>23.0</ele><time>2025-09-03T22:13:20Z</time></trkpt>
<trkpt lat="45.374378" lon="-75.868208"><ele>23.0</ele><time>2025-09-03T22:13:21Z</time></trkpt>
<trkpt lat="45.374366" lon="-75.868199"><ele>23.0</ele><time>2025-09-03T22:13:22Z</time></trkpt>
<trkpt lat="45.374347" lon="-75.86819"><ele>23.0</ele><time>2025-09-03T22:13:23Z</time></trkpt>
<trkpt lat="45.374331" lon="-75.868181"><ele>23.0</ele><time>2025-09-03T22:13:24Z</time></trkpt>
<trkpt lat="45.374312" lon="-75.868181"><ele>23.0</ele><time>2025-09-03T22:13:25Z</time></trkpt>
<trkpt lat="45.374328" lon="-75.868208"><ele>23.0</ele><time>2025-09-03T22:13:26Z</time></trkpt>
<trkpt lat="45.374325" lon="-75.868217"><ele>23.0</ele><time>2025-09-03T22:13:26Z</time></trkpt>
<trkpt lat="45.374325" lon="-75.868208"><ele>23.0</ele><time>2025-09-03T22:13:27Z</time></trkpt>
<trkpt lat="45.374293" lon="-75.868163"><ele>22.0</ele><time>2025-09-03T22:13:28Z</time></trkpt>
<trkpt lat="45.374293" lon="-75.868163"><ele>22.0</ele><time>2025-09-03T22:13:29Z</time></trkpt>
<trkpt lat="45.374271" lon="-75.868145"><ele>22.0</ele><time>2025-09-03T22:13:29Z</time></trkpt>
<trkpt lat="45.374255" lon="-75.868127"><ele>22.0</ele><time>2025-09-03T22:13:30Z</time></trkpt>
<trkpt lat="45.374245" lon="-75.868109"><ele>22.0</ele><time>2025-09-03T22:13:31Z</time></trkpt>
<trkpt lat="45.374239" lon="-75.868091"><ele>22.0</ele><time>2025-09-03T22:13:32Z</time></trkpt>
<trkpt lat="45.37423" lon="-75.868082"><ele>22.0</ele><time>2025-09-03T22:13:33Z</time></trkpt>
<trkpt lat="45.374223" lon="-75.868073"><ele>22.0</ele><time>2025-09-03T22:13:34Z</time></trkpt>
<trkpt lat="45.374211" lon="-75.868064"><ele>22.0</ele><time>2025-09-03T22:13:35Z</time></trkpt>
<trkpt lat="45.374198" lon="-75.868046"><ele>22.0</ele><time>2025-09-03T22:13:36Z</time></trkpt>
<trkpt lat="45.374179" lon="-75.868046"><ele>22.0</ele><time>2025-09-03T22:13:37Z</time></trkpt>
<trkpt lat="45.37416" lon="-75.868055"><ele>22.0</ele><time>2025-09-03T22:13:38Z</time></trkpt>
<trkpt lat="45.374141" lon="-75.868064"><ele>22.0</ele><time>2025-09-03T22:13:39Z</time></trkpt>
<trkpt lat="45.374128" lon="-75.868082"><ele>23.0</ele><time>2025-09-03T22:13:40Z</time></trkpt>
<trkpt lat="45.374128" lon="-75.868082"><ele>23.0</ele><time>2025-09-03T22:13:41Z</time></trkpt>
<trkpt lat="45.374119" lon="-75.868091"><ele>23.0</ele><time>2025-09-03T22:13:41Z</time></trkpt>
<trkpt lat="45.374109" lon="-75.8681"><ele>23.0</ele><time>2025-09-03T22:13:42Z</time></trkpt>
<trkpt lat="45.374103" lon="-75.868109"><ele>23.0</ele><time>2025-09-03T22:13:43Z</time></trkpt>
<trkpt lat="45.374116" lon="-75.868091"><ele>23.0</ele><time>2025-09-03T22:13:44Z</time></trkpt>
<trkpt lat="45.374113" lon="-75.8681"><ele>23.0</ele><time>2025-09-03T22:13:44Z</time></trkpt>
<trkpt lat="45.374094" lon="-75.868109"><ele>23.0</ele><time>2025-09-03T22:13:45Z</time></trkpt>
<trkpt lat="45.374094" lon="-75.868109"><ele>23.0</ele><time>2025-09-03T22:13:46Z</time></trkpt>
<trkpt lat="45.374084" lon="-75.868109"><ele>23.0</ele><time>2025-09-03T22:13:46Z</time></trkpt>
<trkpt lat="45.374075" lon="-75.868109"><ele>23.0</ele><time>2025-09-03T22:13:47Z</time></trkpt>
<trkpt lat="45.374065" lon="-75.8681"><ele>23.0</ele><time>2025-09-03T22:13:48Z</time></trkpt>
<trkpt lat="45.374056" lon="-75.868082"><ele>23.0</ele><time>2025-09-03T22:13:49Z</time></trkpt>
<trkpt lat="45.374052" lon="-75.868064"><ele>23.0</ele><time>2025-09-03T22:13:50Z</time></trkpt>
<trkpt lat="45.374052" lon="-75.868037"><ele>23.0</ele><time>2025-09-03T22:13:51Z</time></trkpt>
<trkpt lat="45.374052" lon="-75.86801"><ele>23.0</ele><time>2025-09-03T22:13:52Z</time></trkpt>
<trkpt lat="45.374049" lon="-75.867983"><ele>23.0</ele><time>2025-09-03T22:13:53Z</time></trkpt>
<trkpt lat="45.374046" lon="-75.867956"><ele>22.0</ele><time>2025-09-03T22:13:54Z</time></trkpt>
<trkpt lat="45.37404" lon="-75.867938"><ele>22.0</ele><time>2025-09-03T22:13:55Z</time></trkpt>
<trkpt lat="45.374033" lon="-75.867911"><ele>22.0</ele><time>2025-09-03T22:13:56Z</time></trkpt>
<trkpt lat="45.374027" lon="-75.867885"><ele>22.0</ele><time>2025-09-03T22:13:57Z</time></trkpt>
<trkpt lat="45.374021" lon="-75.867849"><ele>22.0</ele><time>2025-09-03T22:13:58Z</time></trkpt>
<trkpt lat="45.374021" lon="-75.867822"><ele>22.0</ele><time>2025-09-03T22:13:59Z</time></trkpt>
<trkpt lat="45.374018" lon="-75.867786"><ele>22.0</ele><time>2025-09-03T22:14:00Z</time></trkpt>
<trkpt lat="45.374011" lon="-75.867759"><ele>23.0</ele><time>2025-09-03T22:14:01Z</time></trkpt>
<trkpt lat="45.373999" lon="-75.867723"><ele>23.0</ele><time>2025-09-03T22:14:02Z</time></trkpt>
<trkpt lat="45.373989" lon="-75.867687"><ele>23.0</ele><time>2025-09-03T22:14:03Z</time></trkpt>
<trkpt lat="45.37398" lon="-75.86766"><ele>23.0</ele><time>2025-09-03T22:14:04Z</time></trkpt>
<trkpt lat="45.373967" lon="-75.867624"><ele>23.0</ele><time>2025-09-03T22:14:05Z</time></trkpt>
<trkpt lat="45.373957" lon="-75.867588"><ele>23.0</ele><time>2025-09-03T22:14:06Z</time></trkpt>
<trkpt lat="45.373948" lon="-75.867552"><ele>23.0</ele><time>2025-09-03T22:14:07Z</time></trkpt>
<trkpt lat="45.373938" lon="-75.867516"><ele>23.0</ele><time>2025-09-03T22:14:08Z</time></trkpt>
<trkpt lat="45.373929" lon="-75.86748"><ele>23.0</ele><time>2025-09-03T22:14:09Z</time></trkpt>
<trkpt lat="45.373923" lon="-75.867444"><ele>23.0</ele><time>2025-09-03T22:14:10Z</time></trkpt>
<trkpt lat="45.373913" lon="-75.867417"><ele>23.0</ele><time>2025-09-03T22:14:11Z</time></trkpt>
<trkpt lat="45.3739" lon="-75.867381"><ele>23.0</ele><time>2025-09-03T22:14:12Z</time></trkpt>
<trkpt lat="45.373888" lon="-75.867346"><ele>23.0</ele><time>2025-09-03T22:14:13Z</time></trkpt>
<trkpt lat="45.373872" lon="-75.867319"><ele>23.0</ele><time>2025-09-03T22:14:14Z</time></trkpt>
<trkpt lat="45.373859" lon="-75.867283"><ele>24.0</ele><time>2025-09-03T22:14:15Z</time></trkpt>
<trkpt lat="45.373843" lon="-75.867256"><ele>23.0</ele><time>2025-09-03T22:14:16Z</time></trkpt>
<trkpt lat="45.373828" lon="-75.86722"><ele>23.0</ele><time>2025-09-03T22:14:17Z</time></trkpt>
<trkpt lat="45.373815" lon="-75.867193"><ele>23.0</ele><time>2025-09-03T22:14:18Z</time></trkpt>
<trkpt lat="45.373802" lon="-75.867157"><ele>23.0</ele><time>2025-09-03T22:14:19Z</time></trkpt>
<trkpt lat="45.373793" lon="-75.867121"><ele>23.0</ele><time>2025-09-03T22:14:20Z</time></trkpt>
<trkpt lat="45.37378" lon="-75.867094"><ele>23.0</ele><time>2025-09-03T22:14:21Z</time></trkpt>
<trkpt lat="45.373761" lon="-75.867058"><ele>23.0</ele><time>2025-09-03T22:14:22Z</time></trkpt>
<trkpt lat="45.373745" lon="-75.867031"><ele>23.0</ele><time>2025-09-03T22:14:23Z</time></trkpt>
<trkpt lat="45.373723" lon="-75.867004"><ele>23.0</ele><time>2025-09-03T22:14:24Z</time></trkpt>
<trkpt lat="45.373704" lon="-75.866977"><ele>23.0</ele><time>2025-09-03T22:14:25Z</time></trkpt>
<trkpt lat="45.373688" lon="-75.86695"><ele>23.0</ele><time>2025-09-03T22:14:26Z</time></trkpt>
<trkpt lat="45.373669" lon="-75.866923"><ele>23.0</ele><time>2025-09-03T22:14:27Z</time></trkpt>
<trkpt lat="45.373644" lon="-75.866905"><ele>23.0</ele><time>2025-09-03T22:14:28Z</time></trkpt>
<trkpt lat="45.373641" lon="-75.866905"><ele>23.0</ele><time>2025-09-03T22:14:29Z</time></trkpt>
<trkpt lat="45.373622" lon="-75.866878"><ele>23.0</ele><time>2025-09-03T22:14:29Z</time></trkpt>
<trkpt lat="45.3736" lon="-75.866851"><ele>23.0</ele><time>2025-09-03T22:14:30Z</time></trkpt>
<trkpt lat="45.373584" lon="-75.866825"><ele>23.0</ele><time>2025-09-03T22:14:31Z</time></trkpt>
<trkpt lat="45.373562" lon="-75.866798"><ele>23.0</ele><time>2025-09-03T22:14:32Z</time></trkpt>
<trkpt lat="45.37354" lon="-75.86678"><ele>23.0</ele><time>2025-09-03T22:14:33Z</time></trkpt>
<trkpt lat="45.373521" lon="-75.866753"><ele>23.0</ele><time>2025-09-03T22:14:34Z</time></trkpt>
<trkpt lat="45.373502" lon="-75.866726"><ele>23.0</ele><time>2025-09-03T22:14:35Z</time></trkpt>
<trkpt lat="45.373483" lon="-75.866699"><ele>23.0</ele><time>2025-09-03T22:14:36Z</time></trkpt>
<trkpt lat="45.373464" lon="-75.866672"><ele>23.0</ele><time>2025-09-03T22:14:37Z</time></trkpt>
<trkpt lat="45.373445" lon="-75.866645"><ele>23.0</ele><time>2025-09-03T22:14:38Z</time></trkpt>
<trkpt lat="45.373426" lon="-75.866609"><ele>23.0</ele><time>2025-09-03T22:14:39Z</time></trkpt>
<trkpt lat="45.373407" lon="-75.866582"><ele>23.0</ele><time>2025-09-03T22:14:40Z</time></trkpt>
<trkpt lat="45.373391" lon="-75.866555"><ele>23.0</ele><time>2025-09-03T22:14:41Z</time></trkpt>
<trkpt lat="45.373375" lon="-75.866519"><ele>23.0</ele><time>2025-09-03T22:14:42Z</time></trkpt>
<trkpt lat="45.373359" lon="-75.866492"><ele>23.0</ele><time>2025-09-03T22:14:43Z</time></trkpt>
<trkpt lat="45.37334" lon="-75.866465"><ele>23.0</ele><time>2025-09-03T22:14:44Z</time></trkpt>
<trkpt lat="45.373324" lon="-75.866438"><ele>23.0</ele><time>2025-09-03T22:14:45Z</time></trkpt>
<trkpt lat="45.373305" lon="-75.866411"><ele>23.0</ele><time>2025-09-03T22:14:46Z</time></trkpt>
<trkpt lat="45.373286" lon="-75.866384"><ele>23.0</ele><time>2025-09-03T22:14:47Z</time></trkpt>
<trkpt lat="45.37327" lon="-75.866357"><ele>23.0</ele><time>2025-09-03T22:14:48Z</time></trkpt>
<trkpt lat="45.373255" lon="-75.866339"><ele>23.0</ele><time>2025-09-03T22:14:49Z</time></trkpt>
<trkpt lat="45.373236" lon="-75.866313"><ele>23.0</ele><time>2025-09-03T22:14:50Z</time></trkpt>
<trkpt lat="45.373217" lon="-75.866295"><ele>23.0</ele><time>2025-09-03T22:14:51Z</time></trkpt>
<trkpt lat="45.373198" lon="-75.866277"><ele>23.0</ele><time>2025-09-03T22:14:52Z</time></trkpt>
<trkpt lat="45.373179" lon="-75.866259"><ele>23.0</ele><time>2025-09-03T22:14:53Z</time></trkpt>
<trkpt lat="45.373163" lon="-75.866232"><ele>23.0</ele><time>2025-09-03T22:14:54Z</time></trkpt>
<trkpt lat="45.373144" lon="-75.866214"><ele>23.0</ele><time>2025-09-03T22:14:55Z</time></trkpt>
<trkpt lat="45.373125" lon="-75.866196"><ele>23.0</ele><time>2025-09-03T22:14:56Z</time></trkpt>
<trkpt lat="45.373106" lon="-75.866169"><ele>23.0</ele><time>2025-09-03T22:14:57Z</time></trkpt>
<trkpt lat="45.373087" lon="-75.866151"><ele>23.0</ele><time>2025-09-03T22:14:58Z</time></trkpt>
<trkpt lat="45.373071" lon="-75.866133"><ele>23.0</ele><time>2025-09-03T22:14:59Z</time></trkpt>
<trkpt lat="45.373055" lon="-75.866115"><ele>23.0</ele><time>2025-09-03T22:15:00Z</time></trkpt>
<trkpt lat="45.373036" lon="-75.866088"><ele>23.0</ele><time>2025-09-03T22:15:01Z</time></trkpt>
<trkpt lat="45.37302" lon="-75.866079"><ele>23.0</ele><time>2025-09-03T22:15:02Z</time></trkpt>
<trkpt lat="45.373001" lon="-75.866061"><ele>23.0</ele><time>2025-09-03T22:15:03Z</time></trkpt>
<trkpt lat="45.372986" lon="-75.866043"><ele>23.0</ele><time>2025-09-03T22:15:04Z</time></trkpt>
<trkpt lat="45.372967" lon="-75.866025"><ele>23.0</ele><time>2025-09-03T22:15:05Z</time></trkpt>
<trkpt lat="45.372951" lon="-75.865998"><ele>23.0</ele><time>2025-09-03T22:15:06Z</time></trkpt>
<trkpt lat="45.372935" lon="-75.865989"><ele>23.0</ele><time>2025-09-03T22:15:07Z</time></trkpt>
<trkpt lat="45.372919" lon="-75.865971"><ele>23.0</ele><time>2025-09-03T22:15:08Z</time></trkpt>
<trkpt lat="45.372894" lon="-75.865962"><ele>23.0</ele><time>2025-09-03T22:15:09Z</time></trkpt>
<trkpt lat="45.372878" lon="-75.865944"><ele>23.0</ele><time>2025-09-03T22:15:10Z</time></trkpt>
<trkpt lat="45.372868" lon="-75.865926"><ele>23.0</ele><time>2025-09-03T22:15:11Z</time></trkpt>
<trkpt lat="45.372856" lon="-75.865908"><ele>23.0</ele><time>2025-09-03T22:15:12Z</time></trkpt>
<trkpt lat="45.372846" lon="-75.865881"><ele>23.0</ele><time>2025-09-03T22:15:13Z</time></trkpt>
<trkpt lat="45.372834" lon="-75.865863"><ele>23.0</ele><time>2025-09-03T22:15:14Z</time></trkpt>
<trkpt lat="45.372821" lon="-75.865836"><ele>23.0</ele><time>2025-09-03T22:15:15Z</time></trkpt>
<trkpt lat="45.372805" lon="-75.865818"><ele>23.0</ele><time>2025-09-03T22:15:16Z</time></trkpt>
<trkpt lat="45.372789" lon="-75.865809"><ele>23.0</ele><time>2025-09-03T22:15:17Z</time></trkpt>
<trkpt lat="45.37277" lon="-75.865792"><ele>23.0</ele><time>2025-09-03T22:15:18Z</time></trkpt>
<trkpt lat="45.372751" lon="-75.865774"><ele>23.0</ele><time>2025-09-03T22:15:19Z</time></trkpt>
<trkpt lat="45.372732" lon="-75.865747"><ele>23.0</ele><time>2025-09-03T22:15:20Z</time></trkpt>
<trkpt lat="45.372716" lon="-75.865729"><ele>23.0</ele><time>2025-09-03T22:15:21Z</time></trkpt>
<trkpt lat="45.372697" lon="-75.865702"><ele>23.0</ele><time>2025-09-03T22:15:22Z</time></trkpt>
<trkpt lat="45.372682" lon="-75.865675"><ele>23.0</ele><time>2025-09-03T22:15:23Z</time></trkpt>
<trkpt lat="45.372659" lon="-75.865648"><ele>23.0</ele><time>2025-09-03T22:15:24Z</time></trkpt>
<trkpt lat="45.37264" lon="-75.865621"><ele>23.0</ele><time>2025-09-03T22:15:25Z</time></trkpt>
<trkpt lat="45.372628" lon="-75.865585"><ele>23.0</ele><time>2025-09-03T22:15:26Z</time></trkpt>
<trkpt lat="45.372612" lon="-75.865558"><ele>23.0</ele><time>2025-09-03T22:15:27Z</time></trkpt>
<trkpt lat="45.372599" lon="-75.865522"><ele>23.0</ele><time>2025-09-03T22:15:28Z</time></trkpt>
<trkpt lat="45.372583" lon="-75.865486"><ele>23.0</ele><time>2025-09-03T22:15:29Z</time></trkpt>
<trkpt lat="45.372568" lon="-75.865468"><ele>23.0</ele><time>2025-09-03T22:15:30Z</time></trkpt>
<trkpt lat="45.372549" lon="-75.865459"><ele>23.0</ele><time>2025-09-03T22:15:31Z</time></trkpt>
<trkpt lat="45.37253" lon="-75.865468"><ele>23.0</ele><time>2025-09-03T22:15:32Z</time></trkpt>
<trkpt lat="45.372517" lon="-75.865477"><ele>23.0</ele><time>2025-09-03T22:15:33Z</time></trkpt>
<trkpt lat="45.372514" lon="-75.865504"><ele>23.0</ele><time>2025-09-03T22:15:34Z</time></trkpt>
<trkpt lat="45.372517" lon="-75.865531"><ele>23.0</ele><time>2025-09-03T22:15:35Z</time></trkpt>
<trkpt lat="45.37252" lon="-75.865549"><ele>23.0</ele><time>2025-09-03T22:15:36Z</time></trkpt>
<trkpt lat="45.37252" lon="-75.865576"><ele>23.0</ele><time>2025-09-03T22:15:37Z</time></trkpt>
<trkpt lat="45.37252" lon="-75.865594"><ele>23.0</ele><time>2025-09-03T22:15:38Z</time></trkpt>
<trkpt lat="45.372514" lon="-75.865612"><ele>23.0</ele><time>2025-09-03T22:15:39Z</time></trkpt>
<trkpt lat="45.372514" lon="-75.865639"><ele>23.0</ele><time>2025-09-03T22:15:40Z</time></trkpt>
<trkpt lat="45.37252" lon="-75.865657"><ele>23.0</ele><time>2025-09-03T22:15:41Z</time></trkpt>
<trkpt lat="45.372523" lon="-75.865675"><ele>23.0</ele><time>2025-09-03T22:15:42Z</time></trkpt>
<trkpt lat="45.372523" lon="-75.865702"><ele>23.0</ele><time>2025-09-03T22:15:43Z</time></trkpt>
<trkpt lat="45.372527" lon="-75.86572"><ele>23.0</ele><time>2025-09-03T22:15:44Z</time></trkpt>
<trkpt lat="45.37253" lon="-75.865747"><ele>23.0</ele><time>2025-09-03T22:15:45Z</time></trkpt>
<trkpt lat="45.372536" lon="-75.865774"><ele>23.0</ele><time>2025-09-03T22:15:46Z</time></trkpt>
<trkpt lat="45.372542" lon="-75.8658"><ele>23.0</ele><time>2025-09-03T22:15:47Z</time></trkpt>
<trkpt lat="45.372549" lon="-75.865827"><ele>23.0</ele><time>2025-09-03T22:15:48Z</time></trkpt>
<trkpt lat="45.372552" lon="-75.865854"><ele>23.0</ele><time>2025-09-03T22:15:49Z</time></trkpt>
<trkpt lat="45.372552" lon="-75.86589"><ele>23.0</ele><time>2025-09-03T22:15:50Z</time></trkpt>
<trkpt lat="45.372549" lon="-75.865917"><ele>23.0</ele><time>2025-09-03T22:15:51Z</time></trkpt>
<trkpt lat="45.372549" lon="-75.865944"><ele>23.0</ele><time>2025-09-03T22:15:52Z</time></trkpt>
<trkpt lat="45.372549" lon="-75.865971"><ele>23.0</ele><time>2025-09-03T22:15:53Z</time></trkpt>
<trkpt lat="45.372549" lon="-75.866007"><ele>23.0</ele><time>2025-09-03T22:15:54Z</time></trkpt>
<trkpt lat="45.372552" lon="-75.866034"><ele>23.0</ele><time>2025-09-03T22:15:55Z</time></trkpt>
<trkpt lat="45.372549" lon="-75.866061"><ele>23.0</ele><time>2025-09-03T22:15:56Z</time></trkpt>
<trkpt lat="45.372546" lon="-75.866106"><ele>23.0</ele><time>2025-09-03T22:15:57Z</time></trkpt>
<trkpt lat="45.372546" lon="-75.866142"><ele>23.0</ele><time>2025-09-03T22:15:58Z</time></trkpt>
<trkpt lat="45.372542" lon="-75.866169"><ele>23.0</ele><time>2025-09-03T22:15:59Z</time></trkpt>
<trkpt lat="45.372542" lon="-75.866169"><ele>23.0</ele><time>2025-09-03T22:16:00Z</time></trkpt>
<trkpt lat="45.372536" lon="-75.866205"><ele>23.0</ele><time>2025-09-03T22:16:00Z</time></trkpt>
<trkpt lat="45.372533" lon="-75.866232"><ele>23.0</ele><time>2025-09-03T22:16:01Z</time></trkpt>
<trkpt lat="45.37253" lon="-75.866259"><ele>23.0</ele><time>2025-09-03T22:16:02Z</time></trkpt>
<trkpt lat="45.37253" lon="-75.866277"><ele>23.0</ele><time>2025-09-03T22:16:03Z</time></trkpt>
<trkpt lat="45.372533" lon="-75.866313"><ele>23.0</ele><time>2025-09-03T22:16:04Z</time></trkpt>
<trkpt lat="45.372536" lon="-75.866339"><ele>23.0</ele><time>2025-09-03T22:16:05Z</time></trkpt>
<trkpt lat="45.372533" lon="-75.866366"><ele>23.0</ele><time>2025-09-03T22:16:06Z</time></trkpt>
<trkpt lat="45.37253" lon="-75.866402"><ele>23.0</ele><time>2025-09-03T22:16:07Z</time></trkpt>
<trkpt lat="45.372523" lon="-75.866429"><ele>23.0</ele><time>2025-09-03T22:16:08Z</time></trkpt>
<trkpt lat="45.372517" lon="-75.866456"><ele>23.0</ele><time>2025-09-03T22:16:09Z</time></trkpt>
<trkpt lat="45.372514" lon="-75.866492"><ele>23.0</ele><time>2025-09-03T22:16:10Z</time></trkpt>
<trkpt lat="45.372514" lon="-75.866519"><ele>23.0</ele><time>2025-09-03T22:16:11Z</time></trkpt>
<trkpt lat="45.37252" lon="-75.866555"><ele>23.0</ele><time>2025-09-03T22:16:12Z</time></trkpt>
<trkpt lat="45.37253" lon="-75.866582"><ele>23.0</ele><time>2025-09-03T22:16:13Z</time></trkpt>
<trkpt lat="45.372536" lon="-75.866618"><ele>23.0</ele><time>2025-09-03T22:16:14Z</time></trkpt>
<trkpt lat="45.372533" lon="-75.866654"><ele>23.0</ele><time>2025-09-03T22:16:15Z</time></trkpt>
<trkpt lat="45.37253" lon="-75.866681"><ele>23.0</ele><time>2025-09-03T22:16:16Z</time></trkpt>
<trkpt lat="45.372527" lon="-75.866717"><ele>23.0</ele><time>2025-09-03T22:16:17Z</time></trkpt>
<trkpt lat="45.372523" lon="-75.866744"><ele>23.0</ele><time>2025-09-03T22:16:18Z</time></trkpt>
<trkpt lat="45.372523" lon="-75.86678"><ele>23.0</ele><time>2025-09-03T22:16:19Z</time></trkpt>
<trkpt lat="45.372527" lon="-75.866807"><ele>23.0</ele><time>2025-09-03T22:16:20Z</time></trkpt>
<trkpt lat="45.37253" lon="-75.866842"><ele>23.0</ele><time>2025-09-03T22:16:21Z</time></trkpt>
<trkpt lat="45.37253" lon="-75.866878"><ele>23.0</ele><time>2025-09-03T22:16:22Z</time></trkpt>
<trkpt lat="45.37253" lon="-75.866914"><ele>24.0</ele><time>2025-09-03T22:16:23Z</time></trkpt>
<trkpt lat="45.372527" lon="-75.86695"><ele>24.0</ele><time>2025-09-03T22:16:24Z</time></trkpt>
<trkpt lat="45.372523" lon="-75.866986"><ele>24.0</ele><time>2025-09-03T22:16:25Z</time></trkpt>
<trkpt lat="45.372514" lon="-75.867013"><ele>24.0</ele><time>2025-09-03T22:16:26Z</time></trkpt>
<trkpt lat="45.372527" lon="-75.867013"><ele>24.0</ele><time>2025-09-03T22:16:26Z</time></trkpt>
<trkpt lat="45.372517" lon="-75.867049"><ele>24.0</ele><time>2025-09-03T22:16:27Z</time></trkpt>
<trkpt lat="45.372495" lon="-75.867076"><ele>24.0</ele><time>2025-09-03T22:16:28Z</time></trkpt>
<trkpt lat="45.372479" lon="-75.867112"><ele>24.0</ele><time>2025-09-03T22:16:29Z</time></trkpt>
<trkpt lat="45.37247" lon="-75.867148"><ele>24.0</ele><time>2025-09-03T22:16:30Z</time></trkpt>
<trkpt lat="45.372476" lon="-75.867184"><ele>24.0</ele><time>2025-09-03T22:16:31Z</time></trkpt>
<trkpt lat="45.372476" lon="-75.86722"><ele>24.0</ele><time>2025-09-03T22:16:32Z</time></trkpt>
<trkpt lat="45.372473" lon="-75.867265"><ele>24.0</ele><time>2025-09-03T22:16:33Z</time></trkpt>
<trkpt lat="45.372466" lon="-75.867292"><ele>24.0</ele><time>2025-09-03T22:16:34Z</time></trkpt>
<trkpt lat="45.372457" lon="-75.867319"><ele>24.0</ele><time>2025-09-03T22:16:35Z</time></trkpt>
<trkpt lat="45.372447" lon="-75.867337"><ele>24.0</ele><time>2025-09-03T22:16:36Z</time></trkpt>
<trkpt lat="45.372438" lon="-75.867363"><ele>24.0</ele><time>2025-09-03T22:16:37Z</time></trkpt>
<trkpt lat="45.372432" lon="-75.86739"><ele>23.0</ele><time>2025-09-03T22:16:38Z</time></trkpt>
<trkpt lat="45.372432" lon="-75.867417"><ele>24.0</ele><time>2025-09-03T22:16:39Z</time></trkpt>
<trkpt lat="45.372435" lon="-75.867444"><ele>23.0</ele><time>2025-09-03T22:16:40Z</time></trkpt>
<trkpt lat="45.372435" lon="-75.867471"><ele>23.0</ele><time>2025-09-03T22:16:41Z</time></trkpt>
<trkpt lat="45.372428" lon="-75.867498"><ele>23.0</ele><time>2025-09-03T22:16:42Z</time></trkpt>
<trkpt lat="45.372422" lon="-75.867525"><ele>24.0</ele><time>2025-09-03T22:16:43Z</time></trkpt>
<trkpt lat="45.372416" lon="-75.867552"><ele>23.0</ele><time>2025-09-03T22:16:44Z</time></trkpt>
<trkpt lat="45.372409" lon="-75.867588"><ele>23.0</ele><time>2025-09-03T22:16:45Z</time></trkpt>
<trkpt lat="45.372406" lon="-75.867615"><ele>23.0</ele><time>2025-09-03T22:16:46Z</time></trkpt>
<trkpt lat="45.3724" lon="-75.867642"><ele>23.0</ele><time>2025-09-03T22:16:47Z</time></trkpt>
<trkpt lat="45.372397" lon="-75.867678"><ele>23.0</ele><time>2025-09-03T22:16:48Z</time></trkpt>
<trkpt lat="45.372397" lon="-75.867705"><ele>23.0</ele><time>2025-09-03T22:16:49Z</time></trkpt>
<trkpt lat="45.372394" lon="-75.867741"><ele>23.0</ele><time>2025-09-03T22:16:50Z</time></trkpt>
<trkpt lat="45.37239" lon="-75.867768"><ele>23.0</ele><time>2025-09-03T22:16:51Z</time></trkpt>
<trkpt lat="45.37239" lon="-75.867768"><ele>23.0</ele><time>2025-09-03T22:16:52Z</time></trkpt>
<trkpt lat="45.372387" lon="-75.867795"><ele>23.0</ele><time>2025-09-03T22:16:52Z</time></trkpt>
<trkpt lat="45.372384" lon="-75.867822"><ele>23.0</ele><time>2025-09-03T22:16:53Z</time></trkpt>
<trkpt lat="45.372381" lon="-75.867849"><ele>23.0</ele><time>2025-09-03T22:16:54Z</time></trkpt>
<trkpt lat="45.372378" lon="-75.867885"><ele>23.0</ele><time>2025-09-03T22:16:55Z</time></trkpt>
<trkpt lat="45.372375" lon="-75.867911"><ele>23.0</ele><time>2025-09-03T22:16:56Z</time></trkpt>
<trkpt lat="45.372375" lon="-75.867911"><ele>23.0</ele><time>2025-09-03T22:16:57Z</time></trkpt>
<trkpt lat="45.372371" lon="-75.867947"><ele>23.0</ele><time>2025-09-03T22:16:57Z</time></trkpt>
<trkpt lat="45.372365" lon="-75.867983"><ele>23.0</ele><time>2025-09-03T22:16:58Z</time></trkpt>
<trkpt lat="45.372362" lon="-75.868019"><ele>23.0</ele><time>2025-09-03T22:16:59Z</time></trkpt>
<trkpt lat="45.372352" lon="-75.868055"><ele>23.0</ele><time>2025-09-03T22:17:00Z</time></trkpt>
<trkpt lat="45.372346" lon="-75.868082"><ele>23.0</ele><time>2025-09-03T22:17:01Z</time></trkpt>
<trkpt lat="45.372343" lon="-75.868118"><ele>23.0</ele><time>2025-09-03T22:17:02Z</time></trkpt>
<trkpt lat="45.372337" lon="-75.868154"><ele>23.0</ele><time>2025-09-03T22:17:03Z</time></trkpt>
<trkpt lat="45.372327" lon="-75.86819"><ele>23.0</ele><time>2025-09-03T22:17:04Z</time></trkpt>
<trkpt lat="45.372324" lon="-75.868217"><ele>23.0</ele><time>2025-09-03T22:17:05Z</time></trkpt>
<trkpt lat="45.372318" lon="-75.868253"><ele>24.0</ele><time>2025-09-03T22:17:06Z</time></trkpt>
<trkpt lat="45.372314" lon="-75.868289"><ele>23.0</ele><time>2025-09-03T22:17:07Z</time></trkpt>
<trkpt lat="45.372311" lon="-75.868325"><ele>24.0</ele><time>2025-09-03T22:17:08Z</time></trkpt>
<trkpt lat="45.372308" lon="-75.868361"><ele>24.0</ele><time>2025-09-03T22:17:09Z</time></trkpt>
<trkpt lat="45.372302" lon="-75.868397"><ele>24.0</ele><time>2025-09-03T22:17:10Z</time></trkpt>
<trkpt lat="45.372295" lon="-75.868432"><ele>23.0</ele><time>2025-09-03T22:17:11Z</time></trkpt>
<trkpt lat="45.372292" lon="-75.868468"><ele>24.0</ele><time>2025-09-03T22:17:12Z</time></trkpt>
<trkpt lat="45.372286" lon="-75.868504"><ele>24.0</ele><time>2025-09-03T22:17:13Z</time></trkpt>
<trkpt lat="45.37228" lon="-75.86854"><ele>24.0</ele><time>2025-09-03T22:17:14Z</time></trkpt>
<trkpt lat="45.372276" lon="-75.868576"><ele>23.0</ele><time>2025-09-03T22:17:15Z</time></trkpt>
<trkpt lat="45.37227" lon="-75.868612"><ele>23.0</ele><time>2025-09-03T22:17:16Z</time></trkpt>
<trkpt lat="45.372267" lon="-75.868657"><ele>23.0</ele><time>2025-09-03T22:17:17Z</time></trkpt>
<trkpt lat="45.372264" lon="-75.868684"><ele>23.0</ele><time>2025-09-03T22:17:18Z</time></trkpt>
<trkpt lat="45.372261" lon="-75.868711"><ele>24.0</ele><time>2025-09-03T22:17:19Z</time></trkpt>
<trkpt lat="45.372283" lon="-75.868675"><ele>24.0</ele><time>2025-09-03T22:17:20Z</time></trkpt>
<trkpt lat="45.372283" lon="-75.868675"><ele>23.0</ele><time>2025-09-03T22:17:20Z</time></trkpt>
<trkpt lat="45.372261" lon="-75.868702"><ele>23.0</ele><time>2025-09-03T22:17:21Z</time></trkpt>
<trkpt lat="45.372235" lon="-75.868738"><ele>23.0</ele><time>2025-09-03T22:17:22Z</time></trkpt>
<trkpt lat="45.37221" lon="-75.868765"><ele>23.0</ele><time>2025-09-03T22:17:23Z</time></trkpt>
<trkpt lat="45.372188" lon="-75.868783"><ele>22.0</ele><time>2025-09-03T22:17:24Z</time></trkpt>
<trkpt lat="45.372178" lon="-75.868792"><ele>22.0</ele><time>2025-09-03T22:17:25Z</time></trkpt>
<trkpt lat="45.372159" lon="-75.868792"><ele>22.0</ele><time>2025-09-03T22:17:25Z</time></trkpt>
<trkpt lat="45.372235" lon="-75.868944"><ele>22.0</ele><time>2025-09-03T22:17:26Z</time></trkpt>
<trkpt lat="45.372248" lon="-75.868998"><ele>22.0</ele><time>2025-09-03T22:17:27Z</time></trkpt>
<trkpt lat="45.372251" lon="-75.869043"><ele>22.0</ele><time>2025-09-03T22:17:28Z</time></trkpt>
<trkpt lat="45.372248" lon="-75.869088"><ele>22.0</ele><time>2025-09-03T22:17:29Z</time></trkpt>
<trkpt lat="45.372251" lon="-75.869133"><ele>22.0</ele><time>2025-09-03T22:17:30Z</time></trkpt>
<trkpt lat="45.372251" lon="-75.869133"><ele>22.0</ele><time>2025-09-03T22:17:31Z</time></trkpt>
<trkpt lat="45.372251" lon="-75.869169"><ele>22.0</ele><time>2025-09-03T22:17:31Z</time></trkpt>
<trkpt lat="45.372251" lon="-75.869214"><ele>22.0</ele><time>2025-09-03T22:17:32Z</time></trkpt>
<trkpt lat="45.372251" lon="-75.86925"><ele>22.0</ele><time>2025-09-03T22:17:33Z</time></trkpt>
<trkpt lat="45.372254" lon="-75.869286"><ele>22.0</ele><time>2025-09-03T22:17:34Z</time></trkpt>
<trkpt lat="45.372251" lon="-75.869331"><ele>22.0</ele><time>2025-09-03T22:17:35Z</time></trkpt>
<trkpt lat="45.372251" lon="-75.869367"><ele>22.0</ele><time>2025-09-03T22:17:36Z</time></trkpt>
<trkpt lat="45.372254" lon="-75.869403"><ele>22.0</ele><time>2025-09-03T22:17:37Z</time></trkpt>
<trkpt lat="45.372254" lon="-75.869439"><ele>22.0</ele><time>2025-09-03T22:17:38Z</time></trkpt>
<trkpt lat="45.372254" lon="-75.869474"><ele>22.0</ele><time>2025-09-03T22:17:39Z</time></trkpt>
<trkpt lat="45.372254" lon="-75.86951"><ele>22.0</ele><time>2025-09-03T22:17:40Z</time></trkpt>
<trkpt lat="45.372257" lon="-75.869546"><ele>22.0</ele><time>2025-09-03T22:17:41Z</time></trkpt>
<trkpt lat="45.372257" lon="-75.869582"><ele>22.0</ele><time>2025-09-03T22:17:42Z</time></trkpt>
<trkpt lat="45.372261" lon="-75.869618"><ele>22.0</ele><time>2025-09-03T22:17:43Z</time></trkpt>
<trkpt lat="45.372261" lon="-75.869663"><ele>22.0</ele><time>2025-09-03T22:17:44Z</time></trkpt>
<trkpt lat="45.372264" lon="-75.869699"><ele>22.0</ele><time>2025-09-03T22:17:45Z</time></trkpt>
<trkpt lat="45.372264" lon="-75.869735"><ele>22.0</ele><time>2025-09-03T22:17:46Z</time></trkpt>
<trkpt lat="45.372267" lon="-75.86978"><ele>22.0</ele><time>2025-09-03T22:17:47Z</time></trkpt>
<trkpt lat="45.372267" lon="-75.869816"><ele>22.0</ele><time>2025-09-03T22:17:48Z</time></trkpt>
<trkpt lat="45.37227" lon="-75.869852"><ele>22.0</ele><time>2025-09-03T22:17:49Z</time></trkpt>
<trkpt lat="45.37227" lon="-75.869852"><ele>22.0</ele><time>2025-09-03T22:17:50Z</time></trkpt>
<trkpt lat="45.372276" lon="-75.869888"><ele>22.0</ele><time>2025-09-03T22:17:50Z</time></trkpt>
<trkpt lat="45.37228" lon="-75.869924"><ele>22.0</ele><time>2025-09-03T22:17:51Z</time></trkpt>
<trkpt lat="45.372283" lon="-75.86996"><ele>22.0</ele><time>2025-09-03T22:17:52Z</time></trkpt>
<trkpt lat="45.372283" lon="-75.869995"><ele>22.0</ele><time>2025-09-03T22:17:53Z</time></trkpt>
<trkpt lat="45.37228" lon="-75.870031"><ele>22.0</ele><time>2025-09-03T22:17:54Z</time></trkpt>
<trkpt lat="45.372276" lon="-75.870067"><ele>22.0</ele><time>2025-09-03T22:17:55Z</time></trkpt>
<trkpt lat="45.372273" lon="-75.870103"><ele>22.0</ele><time>2025-09-03T22:17:56Z</time></trkpt>
<trkpt lat="45.37227" lon="-75.870139"><ele>22.0</ele><time>2025-09-03T22:17:57Z</time></trkpt>
<trkpt lat="45.372267" lon="-75.870175"><ele>22.0</ele><time>2025-09-03T22:17:58Z</time></trkpt>
<trkpt lat="45.372267" lon="-75.87022"><ele>22.0</ele><time>2025-09-03T22:17:59Z</time></trkpt>
<trkpt lat="45.372267" lon="-75.87022"><ele>22.0</ele><time>2025-09-03T22:18:00Z</time></trkpt>
<trkpt lat="45.372267" lon="-75.870256"><ele>22.0</ele><time>2025-09-03T22:18:00Z</time></trkpt>
<trkpt lat="45.372264" lon="-75.870292"><ele>22.0</ele><time>2025-09-03T22:18:01Z</time></trkpt>
<trkpt lat="45.372261" lon="-75.870328"><ele>22.0</ele><time>2025-09-03T22:18:02Z</time></trkpt>
<trkpt lat="45.372257" lon="-75.870364"><ele>22.0</ele><time>2025-09-03T22:18:03Z</time></trkpt>
<trkpt lat="45.372251" lon="-75.8704"><ele>22.0</ele><time>2025-09-03T22:18:04Z</time></trkpt>
<trkpt lat="45.372248" lon="-75.870436"><ele>22.0</ele><time>2025-09-03T22:18:05Z</time></trkpt>
<trkpt lat="45.372248" lon="-75.870472"><ele>22.0</ele><time>2025-09-03T22:18:06Z</time></trkpt>
<trkpt lat="45.372245" lon="-75.870507"><ele>22.0</ele><time>2025-09-03T22:18:07Z</time></trkpt>
<trkpt lat="45.372245" lon="-75.870543"><ele>22.0</ele><time>2025-09-03T22:18:08Z</time></trkpt>
<trkpt lat="45.372242" lon="-75.870579"><ele>22.0</ele><time>2025-09-03T22:18:09Z</time></trkpt>
<trkpt lat="45.372242" lon="-75.870624"><ele>22.0</ele><time>2025-09-03T22:18:10Z</time></trkpt>
<trkpt lat="45.372238" lon="-75.87066"><ele>22.0</ele><time>2025-09-03T22:18:11Z</time></trkpt>
<trkpt lat="45.372238" lon="-75.870696"><ele>22.0</ele><time>2025-09-03T22:18:12Z</time></trkpt>
<trkpt lat="45.372235" lon="-75.870732"><ele>22.0</ele><time>2025-09-03T22:18:13Z</time></trkpt>
<trkpt lat="45.372238" lon="-75.870768"><ele>22.0</ele><time>2025-09-03T22:18:14Z</time></trkpt>
<trkpt lat="45.372242" lon="-75.870804"><ele>21.0</ele><time>2025-09-03T22:18:15Z</time></trkpt>
<trkpt lat="45.372238" lon="-75.87084"><ele>22.0</ele><time>2025-09-03T22:18:16Z</time></trkpt>
<trkpt lat="45.372232" lon="-75.870876"><ele>22.0</ele><time>2025-09-03T22:18:17Z</time></trkpt>
<trkpt lat="45.372232" lon="-75.870903"><ele>22.0</ele><time>2025-09-03T22:18:18Z</time></trkpt>
<trkpt lat="45.372235" lon="-75.870939"><ele>22.0</ele><time>2025-09-03T22:18:19Z</time></trkpt>
<trkpt lat="45.372238" lon="-75.870975"><ele>22.0</ele><time>2025-09-03T22:18:20Z</time></trkpt>
<trkpt lat="45.372238" lon="-75.871011"><ele>22.0</ele><time>2025-09-03T22:18:21Z</time></trkpt>
<trkpt lat="45.372238" lon="-75.871046"><ele>22.0</ele><time>2025-09-03T22:18:22Z</time></trkpt>
<trkpt lat="45.372242" lon="-75.871082"><ele>22.0</ele><time>2025-09-03T22:18:23Z</time></trkpt>
<trkpt lat="45.372242" lon="-75.871118"><ele>22.0</ele><time>2025-09-03T22:18:24Z</time></trkpt>
<trkpt lat="45.372242" lon="-75.871163"><ele>22.0</ele><time>2025-09-03T22:18:25Z</time></trkpt>
<trkpt lat="45.372242" lon="-75.871199"><ele>22.0</ele><time>2025-09-03T22:18:26Z</time></trkpt>
<trkpt lat="45.372242" lon="-75.871226"><ele>22.0</ele><time>2025-09-03T22:18:27Z</time></trkpt>
<trkpt lat="45.372242" lon="-75.871262"><ele>22.0</ele><time>2025-09-03T22:18:28Z</time></trkpt>
<trkpt lat="45.372242" lon="-75.871298"><ele>22.0</ele><time>2025-09-03T22:18:29Z</time></trkpt>
<trkpt lat="45.372242" lon="-75.871334"><ele>22.0</ele><time>2025-09-03T22:18:30Z</time></trkpt>
<trkpt lat="45.372238" lon="-75.87137"><ele>22.0</ele><time>2025-09-03T22:18:31Z</time></trkpt>
<trkpt lat="45.372238" lon="-75.871406"><ele>22.0</ele><time>2025-09-03T22:18:32Z</time></trkpt>
<trkpt lat="45.372238" lon="-75.871442"><ele>22.0</ele><time>2025-09-03T22:18:33Z</time></trkpt>
<trkpt lat="45.372238" lon="-75.871478"><ele>22.0</ele><time>2025-09-03T22:18:34Z</time></trkpt>
<trkpt lat="45.372238" lon="-75.871514"><ele>22.0</ele><time>2025-09-03T22:18:35Z</time></trkpt>
<trkpt lat="45.372238" lon="-75.871549"><ele>22.0</ele><time>2025-09-03T22:18:36Z</time></trkpt>
<trkpt lat="45.372242" lon="-75.871585"><ele>22.0</ele><time>2025-09-03T22:18:37Z</time></trkpt>
<trkpt lat="45.372245" lon="-75.871612"><ele>22.0</ele><time>2025-09-03T22:18:38Z</time></trkpt>
<trkpt lat="45.372248" lon="-75.871648"><ele>22.0</ele><time>2025-09-03T22:18:39Z</time></trkpt>
<trkpt lat="45.372248" lon="-75.871684"><ele>22.0</ele><time>2025-09-03T22:18:40Z</time></trkpt>
<trkpt lat="45.372251" lon="-75.87172"><ele>22.0</ele><time>2025-09-03T22:18:41Z</time></trkpt>
<trkpt lat="45.372254" lon="-75.871756"><ele>22.0</ele><time>2025-09-03T22:18:42Z</time></trkpt>
<trkpt lat="45.372254" lon="-75.871792"><ele>22.0</ele><time>2025-09-03T22:18:43Z</time></trkpt>
<trkpt lat="45.372254" lon="-75.871819"><ele>22.0</ele><time>2025-09-03T22:18:44Z</time></trkpt>
<trkpt lat="45.372248" lon="-75.871855"><ele>22.0</ele><time>2025-09-03T22:18:45Z</time></trkpt>
<trkpt lat="45.372242" lon="-75.871882"><ele>22.0</ele><time>2025-09-03T22:18:46Z</time></trkpt>
<trkpt lat="45.372235" lon="-75.871918"><ele>22.0</ele><time>2025-09-03T22:18:47Z</time></trkpt>
<trkpt lat="45.372226" lon="-75.871945"><ele>22.0</ele><time>2025-09-03T22:18:48Z</time></trkpt>
<trkpt lat="45.372219" lon="-75.871963"><ele>22.0</ele><time>2025-09-03T22:18:49Z</time></trkpt>
<trkpt lat="45.37221" lon="-75.87199"><ele>22.0</ele><time>2025-09-03T22:18:50Z</time></trkpt>
<trkpt lat="45.372204" lon="-75.872017"><ele>22.0</ele><time>2025-09-03T22:18:51Z</time></trkpt>
<trkpt lat="45.372197" lon="-75.872044"><ele>22.0</ele><time>2025-09-03T22:18:52Z</time></trkpt>
<trkpt lat="45.372188" lon="-75.87207"><ele>22.0</ele><time>2025-09-03T22:18:53Z</time></trkpt>
<trkpt lat="45.372185" lon="-75.872097"><ele>23.0</ele><time>2025-09-03T22:18:54Z</time></trkpt>
<trkpt lat="45.372178" lon="-75.872124"><ele>23.0</ele><time>2025-09-03T22:18:55Z</time></trkpt>
<trkpt lat="45.372172" lon="-75.872142"><ele>23.0</ele><time>2025-09-03T22:18:56Z</time></trkpt>
<trkpt lat="45.372166" lon="-75.872169"><ele>23.0</ele><time>2025-09-03T22:18:57Z</time></trkpt>
<trkpt lat="45.372162" lon="-75.872196"><ele>23.0</ele><time>2025-09-03T22:18:58Z</time></trkpt>
<trkpt lat="45.372159" lon="-75.872196"><ele>22.0</ele><time>2025-09-03T22:18:59Z</time></trkpt>
<trkpt lat="45.372159" lon="-75.872205"><ele>23.0</ele><time>2025-09-03T22:19:00Z</time></trkpt>
<trkpt lat="45.372166" lon="-75.872232"><ele>23.0</ele><time>2025-09-03T22:19:01Z</time></trkpt>
<trkpt lat="45.372169" lon="-75.872259"><ele>22.0</ele><time>2025-09-03T22:19:02Z</time></trkpt>
<trkpt lat="45.372166" lon="-75.872295"><ele>22.0</ele><time>2025-09-03T22:19:03Z</time></trkpt>
<trkpt lat="45.372166" lon="-75.872322"><ele>22.0</ele><time>2025-09-03T22:19:04Z</time></trkpt>
<trkpt lat="45.372166" lon="-75.872358"><ele>22.0</ele><time>2025-09-03T22:19:05Z</time></trkpt>
<trkpt lat="45.372166" lon="-75.872394"><ele>23.0</ele><time>2025-09-03T22:19:06Z</time></trkpt>
<trkpt lat="45.372162" lon="-75.872439"><ele>22.0</ele><time>2025-09-03T22:19:07Z</time></trkpt>
<trkpt lat="45.372156" lon="-75.872475"><ele>22.0</ele><time>2025-09-03T22:19:08Z</time></trkpt>
<trkpt lat="45.372153" lon="-75.872511"><ele>22.0</ele><time>2025-09-03T22:19:09Z</time></trkpt>
<trkpt lat="45.37215" lon="-75.872547"><ele>22.0</ele><time>2025-09-03T22:19:10Z</time></trkpt>
<trkpt lat="45.37215" lon="-75.872583"><ele>22.0</ele><time>2025-09-03T22:19:11Z</time></trkpt>
<trkpt lat="45.372153" lon="-75.872627"><ele>22.0</ele><time>2025-09-03T22:19:12Z</time></trkpt>
<trkpt lat="45.372153" lon="-75.872636"><ele>22.0</ele><time>2025-09-03T22:19:13Z</time></trkpt>
<trkpt lat="45.372156" lon="-75.872663"><ele>22.0</ele><time>2025-09-03T22:19:13Z</time></trkpt>
<trkpt lat="45.372159" lon="-75.872699"><ele>22.0</ele><time>2025-09-03T22:19:14Z</time></trkpt>
<trkpt lat="45.372162" lon="-75.872744"><ele>22.0</ele><time>2025-09-03T22:19:15Z</time></trkpt>
<trkpt lat="45.372159" lon="-75.872771"><ele>23.0</ele><time>2025-09-03T22:19:16Z</time></trkpt>
<trkpt lat="45.372159" lon="-75.872807"><ele>22.0</ele><time>2025-09-03T22:19:17Z</time></trkpt>
<trkpt lat="45.372162" lon="-75.872843"><ele>23.0</ele><time>2025-09-03T22:19:18Z</time></trkpt>
<trkpt lat="45.372162" lon="-75.872879"><ele>22.0</ele><time>2025-09-03T22:19:19Z</time></trkpt>
<trkpt lat="45.372166" lon="-75.872915"><ele>22.0</ele><time>2025-09-03T22:19:20Z</time></trkpt>
<trkpt lat="45.372172" lon="-75.872951"><ele>22.0</ele><time>2025-09-03T22:19:21Z</time></trkpt>
<trkpt lat="45.372172" lon="-75.872987"><ele>22.0</ele><time>2025-09-03T22:19:22Z</time></trkpt>
<trkpt lat="45.372172" lon="-75.873023"><ele>23.0</ele><time>2025-09-03T22:19:23Z</time></trkpt>
<trkpt lat="45.372172" lon="-75.873059"><ele>22.0</ele><time>2025-09-03T22:19:24Z</time></trkpt>
<trkpt lat="45.372175" lon="-75.873095"><ele>22.0</ele><time>2025-09-03T22:19:25Z</time></trkpt>
<trkpt lat="45.372178" lon="-75.87313"><ele>22.0</ele><time>2025-09-03T22:19:26Z</time></trkpt>
<trkpt lat="45.372185" lon="-75.873166"><ele>22.0</ele><time>2025-09-03T22:19:27Z</time></trkpt>
<trkpt lat="45.372191" lon="-75.873202"><ele>22.0</ele><time>2025-09-03T22:19:28Z</time></trkpt>
<trkpt lat="45.372197" lon="-75.873238"><ele>22.0</ele><time>2025-09-03T22:19:29Z</time></trkpt>
<trkpt lat="45.3722" lon="-75.873274"><ele>22.0</ele><time>2025-09-03T22:19:30Z</time></trkpt>
<trkpt lat="45.372204" lon="-75.87331"><ele>22.0</ele><time>2025-09-03T22:19:31Z</time></trkpt>
<trkpt lat="45.372207" lon="-75.873346"><ele>22.0</ele><time>2025-09-03T22:19:32Z</time></trkpt>
<trkpt lat="45.372213" lon="-75.873382"><ele>22.0</ele><time>2025-09-03T22:19:33Z</time></trkpt>
<trkpt lat="45.372219" lon="-75.873418"><ele>22.0</ele><time>2025-09-03T22:19:34Z</time></trkpt>
<trkpt lat="45.372226" lon="-75.873454"><ele>23.0</ele><time>2025-09-03T22:19:35Z</time></trkpt>
<trkpt lat="45.372229" lon="-75.87349"><ele>22.0</ele><time>2025-09-03T22:19:36Z</time></trkpt>
<trkpt lat="45.372238" lon="-75.873526"><ele>22.0</ele><time>2025-09-03T22:19:37Z</time></trkpt>
<trkpt lat="45.372238" lon="-75.873526"><ele>22.0</ele><time>2025-09-03T22:19:38Z</time></trkpt>
<trkpt lat="45.372245" lon="-75.873571"><ele>22.0</ele><time>2025-09-03T22:19:38Z</time></trkpt>
<trkpt lat="45.372248" lon="-75.873607"><ele>22.0</ele><time>2025-09-03T22:19:39Z</time></trkpt>
<trkpt lat="45.372254" lon="-75.873642"><ele>22.0</ele><time>2025-09-03T22:19:40Z</time></trkpt>
<trkpt lat="45.372261" lon="-75.873678"><ele>22.0</ele><time>2025-09-03T22:19:41Z</time></trkpt>
<trkpt lat="45.372267" lon="-75.873714"><ele>22.0</ele><time>2025-09-03T22:19:42Z</time></trkpt>
<trkpt lat="45.37227" lon="-75.873759"><ele>22.0</ele><time>2025-09-03T22:19:43Z</time></trkpt>
<trkpt lat="45.372273" lon="-75.873795"><ele>23.0</ele><time>2025-09-03T22:19:44Z</time></trkpt>
<trkpt lat="45.372276" lon="-75.873831"><ele>23.0</ele><time>2025-09-03T22:19:45Z</time></trkpt>
<trkpt lat="45.372283" lon="-75.873867"><ele>23.0</ele><time>2025-09-03T22:19:46Z</time></trkpt>
<trkpt lat="45.372286" lon="-75.873912"><ele>22.0</ele><time>2025-09-03T22:19:47Z</time></trkpt>
<trkpt lat="45.372289" lon="-75.873948"><ele>22.0</ele><time>2025-09-03T22:19:48Z</time></trkpt>
<trkpt lat="45.372295" lon="-75.873984"><ele>22.0</ele><time>2025-09-03T22:19:49Z</time></trkpt>
<trkpt lat="45.372302" lon="-75.87402"><ele>22.0</ele><time>2025-09-03T22:19:50Z</time></trkpt>
<trkpt lat="45.372305" lon="-75.874056"><ele>22.0</ele><time>2025-09-03T22:19:51Z</time></trkpt>
<trkpt lat="45.372311" lon="-75.874092"><ele>23.0</ele><time>2025-09-03T22:19:52Z</time></trkpt>
<trkpt lat="45.372314" lon="-75.874128"><ele>22.0</ele><time>2025-09-03T22:19:53Z</time></trkpt>
<trkpt lat="45.372321" lon="-75.874163"><ele>22.0</ele><time>2025-09-03T22:19:54Z</time></trkpt>
<trkpt lat="45.372324" lon="-75.874199"><ele>22.0</ele><time>2025-09-03T22:19:55Z</time></trkpt>
<trkpt lat="45.372327" lon="-75.874235"><ele>22.0</ele><time>2025-09-03T22:19:56Z</time></trkpt>
<trkpt lat="45.372333" lon="-75.874271"><ele>23.0</ele><time>2025-09-03T22:19:57Z</time></trkpt>
<trkpt lat="45.372343" lon="-75.874316"><ele>22.0</ele><time>2025-09-03T22:19:58Z</time></trkpt>
<trkpt lat="45.372349" lon="-75.874352"><ele>22.0</ele><time>2025-09-03T22:19:59Z</time></trkpt>
<trkpt lat="45.372359" lon="-75.874388"><ele>22.0</ele><time>2025-09-03T22:20:00Z</time></trkpt>
<trkpt lat="45.372365" lon="-75.874424"><ele>22.0</ele><time>2025-09-03T22:20:01Z</time></trkpt>
<trkpt lat="45.372371" lon="-75.87446"><ele>22.0</ele><time>2025-09-03T22:20:02Z</time></trkpt>
<trkpt lat="45.372375" lon="-75.874496"><ele>22.0</ele><time>2025-09-03T22:20:03Z</time></trkpt>
<trkpt lat="45.372375" lon="-75.874541"><ele>23.0</ele><time>2025-09-03T22:20:04Z</time></trkpt>
<trkpt lat="45.372375" lon="-75.874577"><ele>22.0</ele><time>2025-09-03T22:20:05Z</time></trkpt>
<trkpt lat="45.372381" lon="-75.874613"><ele>22.0</ele><time>2025-09-03T22:20:06Z</time></trkpt>
<trkpt lat="45.37239" lon="-75.874649"><ele>22.0</ele><time>2025-09-03T22:20:07Z</time></trkpt>
<trkpt lat="45.372397" lon="-75.874684"><ele>22.0</ele><time>2025-09-03T22:20:08Z</time></trkpt>
<trkpt lat="45.372403" lon="-75.87472"><ele>22.0</ele><time>2025-09-03T22:20:09Z</time></trkpt>
<trkpt lat="45.372406" lon="-75.874756"><ele>22.0</ele><time>2025-09-03T22:20:10Z</time></trkpt>
<trkpt lat="45.372406" lon="-75.874792"><ele>22.0</ele><time>2025-09-03T22:20:11Z</time></trkpt>
<trkpt lat="45.372406" lon="-75.874828"><ele>22.0</ele><time>2025-09-03T22:20:12Z</time></trkpt>
<trkpt lat="45.372406" lon="-75.874864"><ele>23.0</ele><time>2025-09-03T22:20:13Z</time></trkpt>
<trkpt lat="45.372406" lon="-75.874909"><ele>23.0</ele><time>2025-09-03T22:20:14Z</time></trkpt>
<trkpt lat="45.372409" lon="-75.874945"><ele>23.0</ele><time>2025-09-03T22:20:15Z</time></trkpt>
<trkpt lat="45.372413" lon="-75.874981"><ele>23.0</ele><time>2025-09-03T22:20:16Z</time></trkpt>
<trkpt lat="45.372416" lon="-75.875026"><ele>23.0</ele><time>2025-09-03T22:20:17Z</time></trkpt>
<trkpt lat="45.372422" lon="-75.875062"><ele>23.0</ele><time>2025-09-03T22:20:18Z</time></trkpt>
<trkpt lat="45.372425" lon="-75.875098"><ele>23.0</ele><time>2025-09-03T22:20:19Z</time></trkpt>
<trkpt lat="45.372432" lon="-75.875134"><ele>23.0</ele><time>2025-09-03T22:20:20Z</time></trkpt>
<trkpt lat="45.372438" lon="-75.87517"><ele>23.0</ele><time>2025-09-03T22:20:21Z</time></trkpt>
<trkpt lat="45.372441" lon="-75.875205"><ele>23.0</ele><time>2025-09-03T22:20:22Z</time></trkpt>
<trkpt lat="45.372447" lon="-75.875241"><ele>23.0</ele><time>2025-09-03T22:20:23Z</time></trkpt>
<trkpt lat="45.372457" lon="-75.875277"><ele>23.0</ele><time>2025-09-03T22:20:24Z</time></trkpt>
<trkpt lat="45.372463" lon="-75.875313"><ele>23.0</ele><time>2025-09-03T22:20:25Z</time></trkpt>
<trkpt lat="45.372473" lon="-75.875358"><ele>23.0</ele><time>2025-09-03T22:20:26Z</time></trkpt>
<trkpt lat="45.372482" lon="-75.875394"><ele>23.0</ele><time>2025-09-03T22:20:27Z</time></trkpt>
<trkpt lat="45.372489" lon="-75.87543"><ele>23.0</ele><time>2025-09-03T22:20:28Z</time></trkpt>
<trkpt lat="45.372495" lon="-75.875466"><ele>23.0</ele><time>2025-09-03T22:20:29Z</time></trkpt>
<trkpt lat="45.372501" lon="-75.875502"><ele>23.0</ele><time>2025-09-03T22:20:30Z</time></trkpt>
<trkpt lat="45.372508" lon="-75.875547"><ele>23.0</ele><time>2025-09-03T22:20:31Z</time></trkpt>
<trkpt lat="45.372514" lon="-75.875583"><ele>23.0</ele><time>2025-09-03T22:20:32Z</time></trkpt>
<trkpt lat="45.37252" lon="-75.875619"><ele>23.0</ele><time>2025-09-03T22:20:33Z</time></trkpt>
<trkpt lat="45.37253" lon="-75.875655"><ele>23.0</ele><time>2025-09-03T22:20:34Z</time></trkpt>
<trkpt lat="45.372539" lon="-75.875691"><ele>23.0</ele><time>2025-09-03T22:20:35Z</time></trkpt>
<trkpt lat="45.372546" lon="-75.875726"><ele>23.0</ele><time>2025-09-03T22:20:36Z</time></trkpt>
<trkpt lat="45.372552" lon="-75.875762"><ele>23.0</ele><time>2025-09-03T22:20:37Z</time></trkpt>
<trkpt lat="45.372558" lon="-75.875807"><ele>22.0</ele><time>2025-09-03T22:20:38Z</time></trkpt>
<trkpt lat="45.372564" lon="-75.875843"><ele>22.0</ele><time>2025-09-03T22:20:39Z</time></trkpt>
<trkpt lat="45.372571" lon="-75.875879"><ele>22.0</ele><time>2025-09-03T22:20:40Z</time></trkpt>
<trkpt lat="45.372577" lon="-75.875915"><ele>22.0</ele><time>2025-09-03T22:20:41Z</time></trkpt>
<trkpt lat="45.372587" lon="-75.875951"><ele>23.0</ele><time>2025-09-03T22:20:42Z</time></trkpt>
<trkpt lat="45.372596" lon="-75.875996"><ele>23.0</ele><time>2025-09-03T22:20:43Z</time></trkpt>
<trkpt lat="45.372602" lon="-75.876032"><ele>22.0</ele><time>2025-09-03T22:20:44Z</time></trkpt>
<trkpt lat="45.372606" lon="-75.876068"><ele>23.0</ele><time>2025-09-03T22:20:45Z</time></trkpt>
<trkpt lat="45.372612" lon="-75.876104"><ele>22.0</ele><time>2025-09-03T22:20:46Z</time></trkpt>
<trkpt lat="45.372618" lon="-75.87614"><ele>22.0</ele><time>2025-09-03T22:20:47Z</time></trkpt>
<trkpt lat="45.372618" lon="-75.876176"><ele>23.0</ele><time>2025-09-03T22:20:48Z</time></trkpt>
<trkpt lat="45.372625" lon="-75.876203"><ele>22.0</ele><time>2025-09-03T22:20:49Z</time></trkpt>
<trkpt lat="45.372637" lon="-75.876239"><ele>23.0</ele><time>2025-09-03T22:20:50Z</time></trkpt>
<trkpt lat="45.372647" lon="-75.876274"><ele>23.0</ele><time>2025-09-03T22:20:51Z</time></trkpt>
<trkpt lat="45.372656" lon="-75.876319"><ele>23.0</ele><time>2025-09-03T22:20:52Z</time></trkpt>
<trkpt lat="45.372669" lon="-75.876355"><ele>23.0</ele><time>2025-09-03T22:20:53Z</time></trkpt>
<trkpt lat="45.372678" lon="-75.876391"><ele>22.0</ele><time>2025-09-03T22:20:54Z</time></trkpt>
<trkpt lat="45.372688" lon="-75.876427"><ele>23.0</ele><time>2025-09-03T22:20:55Z</time></trkpt>
<trkpt lat="45.372694" lon="-75.876463"><ele>23.0</ele><time>2025-09-03T22:20:56Z</time></trkpt>
<trkpt lat="45.372704" lon="-75.876499"><ele>23.0</ele><time>2025-09-03T22:20:57Z</time></trkpt>
<trkpt lat="45.37271" lon="-75.876535"><ele>23.0</ele><time>2025-09-03T22:20:58Z</time></trkpt>
<trkpt lat="45.37272" lon="-75.876571"><ele>23.0</ele><time>2025-09-03T22:20:59Z</time></trkpt>
<trkpt lat="45.372732" lon="-75.876616"><ele>23.0</ele><time>2025-09-03T22:21:00Z</time></trkpt>
<trkpt lat="45.372745" lon="-75.876652"><ele>23.0</ele><time>2025-09-03T22:21:01Z</time></trkpt>
<trkpt lat="45.372754" lon="-75.876688"><ele>23.0</ele><time>2025-09-03T22:21:02Z</time></trkpt>
<trkpt lat="45.372764" lon="-75.876724"><ele>23.0</ele><time>2025-09-03T22:21:03Z</time></trkpt>
<trkpt lat="45.372773" lon="-75.87676"><ele>23.0</ele><time>2025-09-03T22:21:04Z</time></trkpt>
<trkpt lat="45.37278" lon="-75.876795"><ele>23.0</ele><time>2025-09-03T22:21:05Z</time></trkpt>
<trkpt lat="45.372786" lon="-75.87684"><ele>23.0</ele><time>2025-09-03T22:21:06Z</time></trkpt>
<trkpt lat="45.372796" lon="-75.876876"><ele>23.0</ele><time>2025-09-03T22:21:07Z</time></trkpt>
<trkpt lat="45.372802" lon="-75.876912"><ele>23.0</ele><time>2025-09-03T22:21:08Z</time></trkpt>
<trkpt lat="45.372811" lon="-75.876948"><ele>23.0</ele><time>2025-09-03T22:21:09Z</time></trkpt>
<trkpt lat="45.372815" lon="-75.876993"><ele>23.0</ele><time>2025-09-03T22:21:10Z</time></trkpt>
<trkpt lat="45.372818" lon="-75.877029"><ele>23.0</ele><time>2025-09-03T22:21:11Z</time></trkpt>
<trkpt lat="45.372818" lon="-75.877074"><ele>23.0</ele><time>2025-09-03T22:21:12Z</time></trkpt>
<trkpt lat="45.372818" lon="-75.87711"><ele>23.0</ele><time>2025-09-03T22:21:13Z</time></trkpt>
<trkpt lat="45.372821" lon="-75.877155"><ele>23.0</ele><time>2025-09-03T22:21:14Z</time></trkpt>
<trkpt lat="45.372827" lon="-75.8772"><ele>23.0</ele><time>2025-09-03T22:21:15Z</time></trkpt>
<trkpt lat="45.372834" lon="-75.877236"><ele>23.0</ele><time>2025-09-03T22:21:16Z</time></trkpt>
<trkpt lat="45.372834" lon="-75.877272"><ele>23.0</ele><time>2025-09-03T22:21:17Z</time></trkpt>
<trkpt lat="45.372834" lon="-75.877307"><ele>23.0</ele><time>2025-09-03T22:21:18Z</time></trkpt>
<trkpt lat="45.372834" lon="-75.877352"><ele>23.0</ele><time>2025-09-03T22:21:19Z</time></trkpt>
<trkpt lat="45.372837" lon="-75.877388"><ele>23.0</ele><time>2025-09-03T22:21:20Z</time></trkpt>
<trkpt lat="45.372843" lon="-75.877424"><ele>23.0</ele><time>2025-09-03T22:21:21Z</time></trkpt>
<trkpt lat="45.372849" lon="-75.87746"><ele>23.0</ele><time>2025-09-03T22:21:22Z</time></trkpt>
<trkpt lat="45.372856" lon="-75.877496"><ele>23.0</ele><time>2025-09-03T22:21:23Z</time></trkpt>
<trkpt lat="45.372862" lon="-75.877541"><ele>23.0</ele><time>2025-09-03T22:21:24Z</time></trkpt>
<trkpt lat="45.372865" lon="-75.877577"><ele>23.0</ele><time>2025-09-03T22:21:25Z</time></trkpt>
<trkpt lat="45.372872" lon="-75.877613"><ele>23.0</ele><time>2025-09-03T22:21:26Z</time></trkpt>
<trkpt lat="45.372878" lon="-75.877649"><ele>23.0</ele><time>2025-09-03T22:21:27Z</time></trkpt>
<trkpt lat="45.372881" lon="-75.877685"><ele>23.0</ele><time>2025-09-03T22:21:28Z</time></trkpt>
<trkpt lat="45.372891" lon="-75.877721"><ele>23.0</ele><time>2025-09-03T22:21:29Z</time></trkpt>
<trkpt lat="45.372897" lon="-75.877748"><ele>23.0</ele><time>2025-09-03T22:21:30Z</time></trkpt>
<trkpt lat="45.372906" lon="-75.877784"><ele>23.0</ele><time>2025-09-03T22:21:31Z</time></trkpt>
<trkpt lat="45.372913" lon="-75.877819"><ele>23.0</ele><time>2025-09-03T22:21:32Z</time></trkpt>
<trkpt lat="45.372919" lon="-75.877855"><ele>23.0</ele><time>2025-09-03T22:21:33Z</time></trkpt>
<trkpt lat="45.372925" lon="-75.877891"><ele>23.0</ele><time>2025-09-03T22:21:34Z</time></trkpt>
<trkpt lat="45.372932" lon="-75.877927"><ele>23.0</ele><time>2025-09-03T22:21:35Z</time></trkpt>
<trkpt lat="45.372938" lon="-75.877954"><ele>23.0</ele><time>2025-09-03T22:21:36Z</time></trkpt>
<trkpt lat="45.372944" lon="-75.87799"><ele>23.0</ele><time>2025-09-03T22:21:37Z</time></trkpt>
<trkpt lat="45.372951" lon="-75.878026"><ele>23.0</ele><time>2025-09-03T22:21:38Z</time></trkpt>
<trkpt lat="45.372957" lon="-75.878062"><ele>23.0</ele><time>2025-09-03T22:21:39Z</time></trkpt>
<trkpt lat="45.372963" lon="-75.878098"><ele>23.0</ele><time>2025-09-03T22:21:40Z</time></trkpt>
<trkpt lat="45.37297" lon="-75.878125"><ele>23.0</ele><time>2025-09-03T22:21:41Z</time></trkpt>
<trkpt lat="45.372976" lon="-75.878161"><ele>23.0</ele><time>2025-09-03T22:21:42Z</time></trkpt>
<trkpt lat="45.372982" lon="-75.878197"><ele>23.0</ele><time>2025-09-03T22:21:43Z</time></trkpt>
<trkpt lat="45.372992" lon="-75.878233"><ele>23.0</ele><time>2025-09-03T22:21:44Z</time></trkpt>
<trkpt lat="45.372998" lon="-75.878269"><ele>23.0</ele><time>2025-09-03T22:21:45Z</time></trkpt>
<trkpt lat="45.373008" lon="-75.878296"><ele>23.0</ele><time>2025-09-03T22:21:46Z</time></trkpt>
<trkpt lat="45.373017" lon="-75.878331"><ele>23.0</ele><time>2025-09-03T22:21:47Z</time></trkpt>
<trkpt lat="45.373027" lon="-75.878367"><ele>23.0</ele><time>2025-09-03T22:21:48Z</time></trkpt>
<trkpt lat="45.373036" lon="-75.878403"><ele>23.0</ele><time>2025-09-03T22:21:49Z</time></trkpt>
<trkpt lat="45.373049" lon="-75.878439"><ele>23.0</ele><time>2025-09-03T22:21:50Z</time></trkpt>
<trkpt lat="45.373062" lon="-75.878475"><ele>23.0</ele><time>2025-09-03T22:21:51Z</time></trkpt>
<trkpt lat="45.373071" lon="-75.878511"><ele>23.0</ele><time>2025-09-03T22:21:52Z</time></trkpt>
<trkpt lat="45.373081" lon="-75.878538"><ele>23.0</ele><time>2025-09-03T22:21:53Z</time></trkpt>
<trkpt lat="45.373087" lon="-75.878583"><ele>23.0</ele><time>2025-09-03T22:21:54Z</time></trkpt>
<trkpt lat="45.373093" lon="-75.878619"><ele>23.0</ele><time>2025-09-03T22:21:55Z</time></trkpt>
<trkpt lat="45.373109" lon="-75.878646"><ele>23.0</ele><time>2025-09-03T22:21:56Z</time></trkpt>
<trkpt lat="45.373122" lon="-75.878682"><ele>23.0</ele><time>2025-09-03T22:21:57Z</time></trkpt>
<trkpt lat="45.373134" lon="-75.878718"><ele>23.0</ele><time>2025-09-03T22:21:58Z</time></trkpt>
<trkpt lat="45.373144" lon="-75.878745"><ele>23.0</ele><time>2025-09-03T22:21:59Z</time></trkpt>
<trkpt lat="45.373156" lon="-75.878781"><ele>23.0</ele><time>2025-09-03T22:22:00Z</time></trkpt>
<trkpt lat="45.373166" lon="-75.878817"><ele>23.0</ele><time>2025-09-03T22:22:01Z</time></trkpt>
<trkpt lat="45.373179" lon="-75.878844"><ele>23.0</ele><time>2025-09-03T22:22:02Z</time></trkpt>
<trkpt lat="45.373188" lon="-75.878879"><ele>23.0</ele><time>2025-09-03T22:22:03Z</time></trkpt>
<trkpt lat="45.373201" lon="-75.878906"><ele>23.0</ele><time>2025-09-03T22:22:04Z</time></trkpt>
<trkpt lat="45.373213" lon="-75.878942"><ele>23.0</ele><time>2025-09-03T22:22:05Z</time></trkpt>
<trkpt lat="45.373232" lon="-75.878969"><ele>23.0</ele><time>2025-09-03T22:22:06Z</time></trkpt>
<trkpt lat="45.373245" lon="-75.878996"><ele>22.0</ele><time>2025-09-03T22:22:07Z</time></trkpt>
<trkpt lat="45.373258" lon="-75.879023"><ele>23.0</ele><time>2025-09-03T22:22:08Z</time></trkpt>
<trkpt lat="45.373274" lon="-75.879059"><ele>23.0</ele><time>2025-09-03T22:22:09Z</time></trkpt>
<trkpt lat="45.373286" lon="-75.879086"><ele>23.0</ele><time>2025-09-03T22:22:10Z</time></trkpt>
<trkpt lat="45.373299" lon="-75.879122"><ele>23.0</ele><time>2025-09-03T22:22:11Z</time></trkpt>
<trkpt lat="45.373312" lon="-75.879149"><ele>23.0</ele><time>2025-09-03T22:22:12Z</time></trkpt>
<trkpt lat="45.373324" lon="-75.879176"><ele>23.0</ele><time>2025-09-03T22:22:13Z</time></trkpt>
<trkpt lat="45.373343" lon="-75.879203"><ele>23.0</ele><time>2025-09-03T22:22:14Z</time></trkpt>
<trkpt lat="45.373359" lon="-75.87923"><ele>23.0</ele><time>2025-09-03T22:22:15Z</time></trkpt>
<trkpt lat="45.373375" lon="-75.879266"><ele>23.0</ele><time>2025-09-03T22:22:16Z</time></trkpt>
<trkpt lat="45.373391" lon="-75.879293"><ele>23.0</ele><time>2025-09-03T22:22:17Z</time></trkpt>
<trkpt lat="45.373403" lon="-75.879329"><ele>23.0</ele><time>2025-09-03T22:22:18Z</time></trkpt>
<trkpt lat="45.373416" lon="-75.879365"><ele>23.0</ele><time>2025-09-03T22:22:19Z</time></trkpt>
<trkpt lat="45.373416" lon="-75.8794"><ele>23.0</ele><time>2025-09-03T22:22:20Z</time></trkpt>
<trkpt lat="45.37341" lon="-75.879436"><ele>23.0</ele><time>2025-09-03T22:22:21Z</time></trkpt>
<trkpt lat="45.3734" lon="-75.879463"><ele>23.0</ele><time>2025-09-03T22:22:22Z</time></trkpt>
<trkpt lat="45.373388" lon="-75.879481"><ele>23.0</ele><time>2025-09-03T22:22:23Z</time></trkpt>
<trkpt lat="45.373372" lon="-75.879499"><ele>23.0</ele><time>2025-09-03T22:22:24Z</time></trkpt>
<trkpt lat="45.373356" lon="-75.879508"><ele>23.0</ele><time>2025-09-03T22:22:25Z</time></trkpt>
<trkpt lat="45.37334" lon="-75.879526"><ele>23.0</ele><time>2025-09-03T22:22:26Z</time></trkpt>
<trkpt lat="45.373331" lon="-75.879535"><ele>23.0</ele><time>2025-09-03T22:22:27Z</time></trkpt>
<trkpt lat="45.373318" lon="-75.879535"><ele>23.0</ele><time>2025-09-03T22:22:28Z</time></trkpt>
<trkpt lat="45.373308" lon="-75.879535"><ele>24.0</ele><time>2025-09-03T22:22:29Z</time></trkpt>
<trkpt lat="45.373296" lon="-75.879526"><ele>24.0</ele><time>2025-09-03T22:22:30Z</time></trkpt>
<trkpt lat="45.373283" lon="-75.879517"><ele>24.0</ele><time>2025-09-03T22:22:31Z</time></trkpt>
<trkpt lat="45.373274" lon="-75.879499"><ele>24.0</ele><time>2025-09-03T22:22:32Z</time></trkpt>
<trkpt lat="45.373264" lon="-75.879481"><ele>23.0</ele><time>2025-09-03T22:22:33Z</time></trkpt>
<trkpt lat="45.373255" lon="-75.879463"><ele>24.0</ele><time>2025-09-03T22:22:34Z</time></trkpt>
<trkpt lat="45.373245" lon="-75.879445"><ele>23.0</ele><time>2025-09-03T22:22:35Z</time></trkpt>
<trkpt lat="45.373232" lon="-75.879427"><ele>23.0</ele><time>2025-09-03T22:22:36Z</time></trkpt>
<trkpt lat="45.373217" lon="-75.879418"><ele>23.0</ele><time>2025-09-03T22:22:37Z</time></trkpt>
<trkpt lat="45.373201" lon="-75.879409"><ele>23.0</ele><time>2025-09-03T22:22:38Z</time></trkpt>
<trkpt lat="45.373188" lon="-75.8794"><ele>23.0</ele><time>2025-09-03T22:22:39Z</time></trkpt>
<trkpt lat="45.373172" lon="-75.879391"><ele>24.0</ele><time>2025-09-03T22:22:40Z</time></trkpt>
<trkpt lat="45.373156" lon="-75.879373"><ele>24.0</ele><time>2025-09-03T22:22:41Z</time></trkpt>
<trkpt lat="45.373141" lon="-75.879365"><ele>24.0</ele><time>2025-09-03T22:22:42Z</time></trkpt>
<trkpt lat="45.373128" lon="-75.879347"><ele>23.0</ele><time>2025-09-03T22:22:43Z</time></trkpt>
<trkpt lat="45.373112" lon="-75.879338"><ele>23.0</ele><time>2025-09-03T22:22:44Z</time></trkpt>
<trkpt lat="45.373096" lon="-75.879329"><ele>23.0</ele><time>2025-09-03T22:22:45Z</time></trkpt>
<trkpt lat="45.373081" lon="-75.879311"><ele>23.0</ele><time>2025-09-03T22:22:46Z</time></trkpt>
<trkpt lat="45.373065" lon="-75.879302"><ele>24.0</ele><time>2025-09-03T22:22:47Z</time></trkpt>
<trkpt lat="45.373049" lon="-75.879284"><ele>23.0</ele><time>2025-09-03T22:22:48Z</time></trkpt>
<trkpt lat="45.373036" lon="-75.879275"><ele>24.0</ele><time>2025-09-03T22:22:49Z</time></trkpt>
<trkpt lat="45.37302" lon="-75.879257"><ele>24.0</ele><time>2025-09-03T22:22:50Z</time></trkpt>
<trkpt lat="45.373005" lon="-75.879248"><ele>23.0</ele><time>2025-09-03T22:22:51Z</time></trkpt>
<trkpt lat="45.372989" lon="-75.87923"><ele>23.0</ele><time>2025-09-03T22:22:52Z</time></trkpt>
<trkpt lat="45.372973" lon="-75.879221"><ele>24.0</ele><time>2025-09-03T22:22:53Z</time></trkpt>
<trkpt lat="45.372957" lon="-75.879212"><ele>24.0</ele><time>2025-09-03T22:22:54Z</time></trkpt>
<trkpt lat="45.372944" lon="-75.879194"><ele>23.0</ele><time>2025-09-03T22:22:55Z</time></trkpt>
<trkpt lat="45.372932" lon="-75.879176"><ele>23.0</ele><time>2025-09-03T22:22:56Z</time></trkpt>
<trkpt lat="45.372922" lon="-75.879158"><ele>23.0</ele><time>2025-09-03T22:22:57Z</time></trkpt>
<trkpt lat="45.37291" lon="-75.87914"><ele>23.0</ele><time>2025-09-03T22:22:58Z</time></trkpt>
<trkpt lat="45.3729" lon="-75.879122"><ele>24.0</ele><time>2025-09-03T22:23:00Z</time></trkpt>
<trkpt lat="45.372887" lon="-75.879113"><ele>23.0</ele><time>2025-09-03T22:23:00Z</time></trkpt>
<trkpt lat="45.372878" lon="-75.879095"><ele>23.0</ele><time>2025-09-03T22:23:01Z</time></trkpt>
<trkpt lat="45.372865" lon="-75.879077"><ele>23.0</ele><time>2025-09-03T22:23:02Z</time></trkpt>
<trkpt lat="45.372853" lon="-75.879068"><ele>23.0</ele><time>2025-09-03T22:23:03Z</time></trkpt>
<trkpt lat="45.372843" lon="-75.879059"><ele>23.0</ele><time>2025-09-03T22:23:04Z</time></trkpt>
<trkpt lat="45.37283" lon="-75.87905"><ele>23.0</ele><time>2025-09-03T22:23:05Z</time></trkpt>
<trkpt lat="45.372821" lon="-75.879032"><ele>23.0</ele><time>2025-09-03T22:23:06Z</time></trkpt>
<trkpt lat="45.372811" lon="-75.879014"><ele>23.0</ele><time>2025-09-03T22:23:07Z</time></trkpt>
<trkpt lat="45.372805" lon="-75.878987"><ele>23.0</ele><time>2025-09-03T22:23:08Z</time></trkpt>
<trkpt lat="45.372799" lon="-75.878969"><ele>24.0</ele><time>2025-09-03T22:23:09Z</time></trkpt>
<trkpt lat="45.372792" lon="-75.878942"><ele>24.0</ele><time>2025-09-03T22:23:10Z</time></trkpt>
<trkpt lat="45.372783" lon="-75.878915"><ele>24.0</ele><time>2025-09-03T22:23:11Z</time></trkpt>
<trkpt lat="45.372773" lon="-75.878888"><ele>24.0</ele><time>2025-09-03T22:23:12Z</time></trkpt>
<trkpt lat="45.372761" lon="-75.878861"><ele>24.0</ele><time>2025-09-03T22:23:13Z</time></trkpt>
<trkpt lat="45.372745" lon="-75.878835"><ele>24.0</ele><time>2025-09-03T22:23:14Z</time></trkpt>
<trkpt lat="45.372732" lon="-75.878817"><ele>24.0</ele><time>2025-09-03T22:23:15Z</time></trkpt>
<trkpt lat="45.372716" lon="-75.878799"><ele>24.0</ele><time>2025-09-03T22:23:16Z</time></trkpt>
<trkpt lat="45.372701" lon="-75.878772"><ele>24.0</ele><time>2025-09-03T22:23:17Z</time></trkpt>
<trkpt lat="45.372688" lon="-75.878754"><ele>24.0</ele><time>2025-09-03T22:23:18Z</time></trkpt>
<trkpt lat="45.372672" lon="-75.878727"><ele>24.0</ele><time>2025-09-03T22:23:19Z</time></trkpt>
<trkpt lat="45.372659" lon="-75.878709"><ele>24.0</ele><time>2025-09-03T22:23:20Z</time></trkpt>
<trkpt lat="45.372644" lon="-75.878682"><ele>24.0</ele><time>2025-09-03T22:23:21Z</time></trkpt>
<trkpt lat="45.372628" lon="-75.878655"><ele>24.0</ele><time>2025-09-03T22:23:22Z</time></trkpt>
<trkpt lat="45.372612" lon="-75.878628"><ele>24.0</ele><time>2025-09-03T22:23:23Z</time></trkpt>
<trkpt lat="45.372596" lon="-75.878601"><ele>24.0</ele><time>2025-09-03T22:23:24Z</time></trkpt>
<trkpt lat="45.37258" lon="-75.878574"><ele>24.0</ele><time>2025-09-03T22:23:25Z</time></trkpt>
<trkpt lat="45.372561" lon="-75.878547"><ele>24.0</ele><time>2025-09-03T22:23:26Z</time></trkpt>
<trkpt lat="45.372539" lon="-75.87852"><ele>24.0</ele><time>2025-09-03T22:23:27Z</time></trkpt>
<trkpt lat="45.372523" lon="-75.878502"><ele>24.0</ele><time>2025-09-03T22:23:28Z</time></trkpt>
<trkpt lat="45.372508" lon="-75.878484"><ele>24.0</ele><time>2025-09-03T22:23:29Z</time></trkpt>
<trkpt lat="45.372492" lon="-75.878457"><ele>24.0</ele><time>2025-09-03T22:23:30Z</time></trkpt>
<trkpt lat="45.372485" lon="-75.878457"><ele>24.0</ele><time>2025-09-03T22:23:31Z</time></trkpt>
<trkpt lat="45.372473" lon="-75.878448"><ele>24.0</ele><time>2025-09-03T22:23:32Z</time></trkpt>
<trkpt lat="45.372451" lon="-75.878421"><ele>24.0</ele><time>2025-09-03T22:23:33Z</time></trkpt>
<trkpt lat="45.372432" lon="-75.878385"><ele>24.0</ele><time>2025-09-03T22:23:34Z</time></trkpt>
<trkpt lat="45.372413" lon="-75.878358"><ele>24.0</ele><time>2025-09-03T22:23:35Z</time></trkpt>
<trkpt lat="45.372397" lon="-75.878331"><ele>24.0</ele><time>2025-09-03T22:23:36Z</time></trkpt>
<trkpt lat="45.372381" lon="-75.878305"><ele>24.0</ele><time>2025-09-03T22:23:37Z</time></trkpt>
<trkpt lat="45.372365" lon="-75.878278"><ele>24.0</ele><time>2025-09-03T22:23:38Z</time></trkpt>
<trkpt lat="45.372349" lon="-75.878251"><ele>24.0</ele><time>2025-09-03T22:23:39Z</time></trkpt>
<trkpt lat="45.372333" lon="-75.878224"><ele>24.0</ele><time>2025-09-03T22:23:40Z</time></trkpt>
<trkpt lat="45.372321" lon="-75.878197"><ele>24.0</ele><time>2025-09-03T22:23:41Z</time></trkpt>
<trkpt lat="45.372311" lon="-75.878215"><ele>24.0</ele><time>2025-09-03T22:23:42Z</time></trkpt>
<trkpt lat="45.372295" lon="-75.878197"><ele>24.0</ele><time>2025-09-03T22:23:42Z</time></trkpt>
<trkpt lat="45.37228" lon="-75.878161"><ele>24.0</ele><time>2025-09-03T22:23:43Z</time></trkpt>
<trkpt lat="45.372267" lon="-75.878125"><ele>24.0</ele><time>2025-09-03T22:23:44Z</time></trkpt>
<trkpt lat="45.372254" lon="-75.878089"><ele>24.0</ele><time>2025-09-03T22:23:45Z</time></trkpt>
<trkpt lat="45.372238" lon="-75.878062"><ele>24.0</ele><time>2025-09-03T22:23:46Z</time></trkpt>
<trkpt lat="45.372223" lon="-75.878035"><ele>24.0</ele><time>2025-09-03T22:23:47Z</time></trkpt>
<trkpt lat="45.372207" lon="-75.878008"><ele>24.0</ele><time>2025-09-03T22:23:48Z</time></trkpt>
<trkpt lat="45.372188" lon="-75.877981"><ele>24.0</ele><time>2025-09-03T22:23:49Z</time></trkpt>
<trkpt lat="45.372175" lon="-75.877963"><ele>24.0</ele><time>2025-09-03T22:23:50Z</time></trkpt>
<trkpt lat="45.372159" lon="-75.877936"><ele>24.0</ele><time>2025-09-03T22:23:51Z</time></trkpt>
<trkpt lat="45.372147" lon="-75.877909"><ele>24.0</ele><time>2025-09-03T22:23:52Z</time></trkpt>
<trkpt lat="45.372134" lon="-75.877882"><ele>24.0</ele><time>2025-09-03T22:23:53Z</time></trkpt>
<trkpt lat="45.372121" lon="-75.877855"><ele>24.0</ele><time>2025-09-03T22:23:54Z</time></trkpt>
<trkpt lat="45.372112" lon="-75.877828"><ele>24.0</ele><time>2025-09-03T22:23:55Z</time></trkpt>
<trkpt lat="45.372102" lon="-75.877802"><ele>24.0</ele><time>2025-09-03T22:23:56Z</time></trkpt>
<trkpt lat="45.372093" lon="-75.877775"><ele>24.0</ele><time>2025-09-03T22:23:57Z</time></trkpt>
<trkpt lat="45.372086" lon="-75.877748"><ele>24.0</ele><time>2025-09-03T22:23:58Z</time></trkpt>
<trkpt lat="45.372077" lon="-75.877721"><ele>25.0</ele><time>2025-09-03T22:23:59Z</time></trkpt>
<trkpt lat="45.372064" lon="-75.877694"><ele>25.0</ele><time>2025-09-03T22:24:00Z</time></trkpt>
<trkpt lat="45.372052" lon="-75.877667"><ele>25.0</ele><time>2025-09-03T22:24:01Z</time></trkpt>
<trkpt lat="45.372039" lon="-75.87764"><ele>25.0</ele><time>2025-09-03T22:24:02Z</time></trkpt>
<trkpt lat="45.372023" lon="-75.877613"><ele>24.0</ele><time>2025-09-03T22:24:03Z</time></trkpt>
<trkpt lat="45.372007" lon="-75.877586"><ele>24.0</ele><time>2025-09-03T22:24:04Z</time></trkpt>
<trkpt lat="45.371991" lon="-75.877568"><ele>24.0</ele><time>2025-09-03T22:24:05Z</time></trkpt>
<trkpt lat="45.371976" lon="-75.87755"><ele>24.0</ele><time>2025-09-03T22:24:06Z</time></trkpt>
<trkpt lat="45.37196" lon="-75.877523"><ele>24.0</ele><time>2025-09-03T22:24:07Z</time></trkpt>
<trkpt lat="45.371944" lon="-75.877505"><ele>24.0</ele><time>2025-09-03T22:24:08Z</time></trkpt>
<trkpt lat="45.371925" lon="-75.877487"><ele>24.0</ele><time>2025-09-03T22:24:09Z</time></trkpt>
<trkpt lat="45.371909" lon="-75.877469"><ele>24.0</ele><time>2025-09-03T22:24:10Z</time></trkpt>
<trkpt lat="45.371897" lon="-75.877451"><ele>24.0</ele><time>2025-09-03T22:24:11Z</time></trkpt>
<trkpt lat="45.371887" lon="-75.877433"><ele>24.0</ele><time>2025-09-03T22:24:12Z</time></trkpt>
<trkpt lat="45.371871" lon="-75.877406"><ele>24.0</ele><time>2025-09-03T22:24:13Z</time></trkpt>
<trkpt lat="45.371862" lon="-75.877379"><ele>24.0</ele><time>2025-09-03T22:24:14Z</time></trkpt>
<trkpt lat="45.371846" lon="-75.877352"><ele>24.0</ele><time>2025-09-03T22:24:15Z</time></trkpt>
<trkpt lat="45.371833" lon="-75.877325"><ele>24.0</ele><time>2025-09-03T22:24:16Z</time></trkpt>
<trkpt lat="45.371817" lon="-75.877298"><ele>24.0</ele><time>2025-09-03T22:24:17Z</time></trkpt>
<trkpt lat="45.371802" lon="-75.877281"><ele>24.0</ele><time>2025-09-03T22:24:18Z</time></trkpt>
<trkpt lat="45.371786" lon="-75.877254"><ele>24.0</ele><time>2025-09-03T22:24:19Z</time></trkpt>
<trkpt lat="45.371767" lon="-75.877227"><ele>24.0</ele><time>2025-09-03T22:24:20Z</time></trkpt>
<trkpt lat="45.371745" lon="-75.877209"><ele>24.0</ele><time>2025-09-03T22:24:21Z</time></trkpt>
<trkpt lat="45.371722" lon="-75.877191"><ele>24.0</ele><time>2025-09-03T22:24:22Z</time></trkpt>
<trkpt lat="45.3717" lon="-75.877173"><ele>24.0</ele><time>2025-09-03T22:24:23Z</time></trkpt>
<trkpt lat="45.371678" lon="-75.877155"><ele>24.0</ele><time>2025-09-03T22:24:24Z</time></trkpt>
<trkpt lat="45.371659" lon="-75.877128"><ele>24.0</ele><time>2025-09-03T22:24:25Z</time></trkpt>
<trkpt lat="45.371637" lon="-75.87711"><ele>24.0</ele><time>2025-09-03T22:24:26Z</time></trkpt>
<trkpt lat="45.371618" lon="-75.877092"><ele>24.0</ele><time>2025-09-03T22:24:27Z</time></trkpt>
<trkpt lat="45.371596" lon="-75.877065"><ele>24.0</ele><time>2025-09-03T22:24:28Z</time></trkpt>
<trkpt lat="45.371577" lon="-75.877047"><ele>24.0</ele><time>2025-09-03T22:24:29Z</time></trkpt>
<trkpt lat="45.371555" lon="-75.87702"><ele>24.0</ele><time>2025-09-03T22:24:30Z</time></trkpt>
<trkpt lat="45.371545" lon="-75.877011"><ele>24.0</ele><time>2025-09-03T22:24:31Z</time></trkpt>
<trkpt lat="45.371536" lon="-75.877002"><ele>24.0</ele><time>2025-09-03T22:24:31Z</time></trkpt>
<trkpt lat="45.371513" lon="-75.876993"><ele>23.0</ele><time>2025-09-03T22:24:32Z</time></trkpt>
<trkpt lat="45.371491" lon="-75.876966"><ele>23.0</ele><time>2025-09-03T22:24:33Z</time></trkpt>
<trkpt lat="45.371485" lon="-75.876966"><ele>23.0</ele><time>2025-09-03T22:24:34Z</time></trkpt>
<trkpt lat="45.371479" lon="-75.876939"><ele>23.0</ele><time>2025-09-03T22:24:34Z</time></trkpt>
<trkpt lat="45.371469" lon="-75.876912"><ele>23.0</ele><time>2025-09-03T22:24:35Z</time></trkpt>
<trkpt lat="45.371453" lon="-75.876885"><ele>24.0</ele><time>2025-09-03T22:24:36Z</time></trkpt>
<trkpt lat="45.371428" lon="-75.876867"><ele>24.0</ele><time>2025-09-03T22:24:37Z</time></trkpt>
<trkpt lat="45.371399" lon="-75.876858"><ele>24.0</ele><time>2025-09-03T22:24:38Z</time></trkpt>
<trkpt lat="45.371381" lon="-75.876849"><ele>24.0</ele><time>2025-09-03T22:24:39Z</time></trkpt>
<trkpt lat="45.371371" lon="-75.87684"><ele>24.0</ele><time>2025-09-03T22:24:40Z</time></trkpt>
<trkpt lat="45.371362" lon="-75.876831"><ele>24.0</ele><time>2025-09-03T22:24:40Z</time></trkpt>
<trkpt lat="45.371349" lon="-75.876804"><ele>24.0</ele><time>2025-09-03T22:24:41Z</time></trkpt>
<trkpt lat="45.371336" lon="-75.876786"><ele>24.0</ele><time>2025-09-03T22:24:42Z</time></trkpt>
<trkpt lat="45.37132" lon="-75.87676"><ele>24.0</ele><time>2025-09-03T22:24:43Z</time></trkpt>
<trkpt lat="45.371301" lon="-75.876742"><ele>24.0</ele><time>2025-09-03T22:24:44Z</time></trkpt>
<trkpt lat="45.371289" lon="-75.876724"><ele>24.0</ele><time>2025-09-03T22:24:45Z</time></trkpt>
<trkpt lat="45.371286" lon="-75.876706"><ele>24.0</ele><time>2025-09-03T22:24:46Z</time></trkpt>
<trkpt lat="45.371289" lon="-75.876688"><ele>24.0</ele><time>2025-09-03T22:24:47Z</time></trkpt>
<trkpt lat="45.371292" lon="-75.876661"><ele>24.0</ele><time>2025-09-03T22:24:48Z</time></trkpt>
<trkpt lat="45.371225" lon="-75.876661"><ele>24.0</ele><time>2025-09-03T22:24:49Z</time></trkpt>
<trkpt lat="45.3712" lon="-75.876652"><ele>24.0</ele><time>2025-09-03T22:24:50Z</time></trkpt>
<trkpt lat="45.371181" lon="-75.876634"><ele>24.0</ele><time>2025-09-03T22:24:51Z</time></trkpt>
<trkpt lat="45.371168" lon="-75.876607"><ele>24.0</ele><time>2025-09-03T22:24:52Z</time></trkpt>
<trkpt lat="45.371156" lon="-75.876589"><ele>24.0</ele><time>2025-09-03T22:24:53Z</time></trkpt>
<trkpt lat="45.371143" lon="-75.876571"><ele>24.0</ele><time>2025-09-03T22:24:54Z</time></trkpt>
<trkpt lat="45.37113" lon="-75.876553"><ele>24.0</ele><time>2025-09-03T22:24:55Z</time></trkpt>
<trkpt lat="45.371115" lon="-75.876535"><ele>24.0</ele><time>2025-09-03T22:24:56Z</time></trkpt>
<trkpt lat="45.371102" lon="-75.876517"><ele>24.0</ele><time>2025-09-03T22:24:57Z</time></trkpt>
<trkpt lat="45.371089" lon="-75.876499"><ele>24.0</ele><time>2025-09-03T22:24:58Z</time></trkpt>
<trkpt lat="45.371077" lon="-75.876481"><ele>24.0</ele><time>2025-09-03T22:24:59Z</time></trkpt>
<trkpt lat="45.371064" lon="-75.876463"><ele>24.0</ele><time>2025-09-03T22:25:00Z</time></trkpt>
<trkpt lat="45.371051" lon="-75.876436"><ele>24.0</ele><time>2025-09-03T22:25:01Z</time></trkpt>
<trkpt lat="45.371035" lon="-75.876418"><ele>23.0</ele><time>2025-09-03T22:25:02Z</time></trkpt>
<trkpt lat="45.371023" lon="-75.8764"><ele>24.0</ele><time>2025-09-03T22:25:03Z</time></trkpt>
<trkpt lat="45.371007" lon="-75.876382"><ele>24.0</ele><time>2025-09-03T22:25:04Z</time></trkpt>
<trkpt lat="45.371007" lon="-75.876382"><ele>24.0</ele><time>2025-09-03T22:25:05Z</time></trkpt>
<trkpt lat="45.370994" lon="-75.876364"><ele>24.0</ele><time>2025-09-03T22:25:05Z</time></trkpt>
<trkpt lat="45.370982" lon="-75.876346"><ele>24.0</ele><time>2025-09-03T22:25:06Z</time></trkpt>
<trkpt lat="45.370966" lon="-75.876328"><ele>24.0</ele><time>2025-09-03T22:25:07Z</time></trkpt>
<trkpt lat="45.370953" lon="-75.87631"><ele>24.0</ele><time>2025-09-03T22:25:08Z</time></trkpt>
<trkpt lat="45.37094" lon="-75.876301"><ele>24.0</ele><time>2025-09-03T22:25:09Z</time></trkpt>
<trkpt lat="45.370928" lon="-75.876283"><ele>24.0</ele><time>2025-09-03T22:25:10Z</time></trkpt>
<trkpt lat="45.370915" lon="-75.876265"><ele>23.0</ele><time>2025-09-03T22:25:11Z</time></trkpt>
<trkpt lat="45.370902" lon="-75.876256"><ele>23.0</ele><time>2025-09-03T22:25:12Z</time></trkpt>
<trkpt lat="45.37089" lon="-75.876247"><ele>23.0</ele><time>2025-09-03T22:25:13Z</time></trkpt>
<trkpt lat="45.37088" lon="-75.87623"><ele>23.0</ele><time>2025-09-03T22:25:14Z</time></trkpt>
<trkpt lat="45.370868" lon="-75.87623"><ele>23.0</ele><time>2025-09-03T22:25:15Z</time></trkpt>
<trkpt lat="45.370855" lon="-75.876221"><ele>23.0</ele><time>2025-09-03T22:25:16Z</time></trkpt>
<trkpt lat="45.370842" lon="-75.876212"><ele>23.0</ele><time>2025-09-03T22:25:17Z</time></trkpt>
<trkpt lat="45.37083" lon="-75.876212"><ele>23.0</ele><time>2025-09-03T22:25:18Z</time></trkpt>
<trkpt lat="45.37082" lon="-75.876203"><ele>23.0</ele><time>2025-09-03T22:25:19Z</time></trkpt>
<trkpt lat="45.370807" lon="-75.876203"><ele>23.0</ele><time>2025-09-03T22:25:20Z</time></trkpt>
<trkpt lat="45.370798" lon="-75.876194"><ele>24.0</ele><time>2025-09-03T22:25:21Z</time></trkpt>
<trkpt lat="45.370788" lon="-75.876194"><ele>24.0</ele><time>2025-09-03T22:25:22Z</time></trkpt>
<trkpt lat="45.370779" lon="-75.876194"><ele>24.0</ele><time>2025-09-03T22:25:23Z</time></trkpt>
<trkpt lat="45.370769" lon="-75.876194"><ele>24.0</ele><time>2025-09-03T22:25:24Z</time></trkpt>
<trkpt lat="45.37076" lon="-75.876194"><ele>23.0</ele><time>2025-09-03T22:25:25Z</time></trkpt>
<trkpt lat="45.370751" lon="-75.876194"><ele>23.0</ele><time>2025-09-03T22:25:26Z</time></trkpt>
<trkpt lat="45.370738" lon="-75.876194"><ele>23.0</ele><time>2025-09-03T22:25:27Z</time></trkpt>
<trkpt lat="45.370728" lon="-75.876185"><ele>23.0</ele><time>2025-09-03T22:25:28Z</time></trkpt>
<trkpt lat="45.370722" lon="-75.876185"><ele>23.0</ele><time>2025-09-03T22:25:29Z</time></trkpt>
<trkpt lat="45.370713" lon="-75.876185"><ele>23.0</ele><time>2025-09-03T22:25:30Z</time></trkpt>
<trkpt lat="45.370706" lon="-75.876194"><ele>23.0</ele><time>2025-09-03T22:25:31Z</time></trkpt>
<trkpt lat="45.370697" lon="-75.876194"><ele>23.0</ele><time>2025-09-03T22:25:32Z</time></trkpt>
<trkpt lat="45.37069" lon="-75.876203"><ele>23.0</ele><time>2025-09-03T22:25:33Z</time></trkpt>
<trkpt lat="45.370687" lon="-75.876203"><ele>23.0</ele><time>2025-09-03T22:25:34Z</time></trkpt>
<trkpt lat="45.370681" lon="-75.876212"><ele>24.0</ele><time>2025-09-03T22:25:35Z</time></trkpt>
<trkpt lat="45.370675" lon="-75.876212"><ele>24.0</ele><time>2025-09-03T22:25:36Z</time></trkpt>
<trkpt lat="45.370668" lon="-75.876212"><ele>24.0</ele><time>2025-09-03T22:25:37Z</time></trkpt>
<trkpt lat="45.370665" lon="-75.876221"><ele>23.0</ele><time>2025-09-03T22:25:38Z</time></trkpt>
<trkpt lat="45.370662" lon="-75.876221"><ele>23.0</ele><time>2025-09-03T22:25:39Z</time></trkpt>
<trkpt lat="45.370659" lon="-75.876221"><ele>24.0</ele><time>2025-09-03T22:25:40Z</time></trkpt>
<trkpt lat="45.370659" lon="-75.876221"><ele>23.0</ele><time>2025-09-03T22:25:41Z</time></trkpt>
<trkpt lat="45.370659" lon="-75.876221"><ele>24.0</ele><time>2025-09-03T22:25:42Z</time></trkpt>
<trkpt lat="45.370656" lon="-75.876221"><ele>24.0</ele><time>2025-09-03T22:25:43Z</time></trkpt>
<trkpt lat="45.370656" lon="-75.876221"><ele>23.0</ele><time>2025-09-03T22:25:44Z</time></trkpt>
<trkpt lat="45.370656" lon="-75.876221"><ele>23.0</ele><time>2025-09-03T22:25:45Z</time></trkpt>
<trkpt lat="45.370656" lon="-75.876221"><ele>24.0</ele><time>2025-09-03T22:25:46Z</time></trkpt>
<trkpt lat="45.370652" lon="-75.87623"><ele>24.0</ele><time>2025-09-03T22:25:47Z</time></trkpt>
<trkpt lat="45.370649" lon="-75.87623"><ele>24.0</ele><time>2025-09-03T22:25:48Z</time></trkpt>
<trkpt lat="45.370649" lon="-75.87623"><ele>24.0</ele><time>2025-09-03T22:25:49Z</time></trkpt>
<trkpt lat="45.370646" lon="-75.87623"><ele>24.0</ele><time>2025-09-03T22:25:50Z</time></trkpt>
<trkpt lat="45.370643" lon="-75.87623"><ele>24.0</ele><time>2025-09-03T22:25:51Z</time></trkpt>
<trkpt lat="45.37064" lon="-75.876239"><ele>24.0</ele><time>2025-09-03T22:25:52Z</time></trkpt>
<trkpt lat="45.37064" lon="-75.876239"><ele>24.0</ele><time>2025-09-03T22:25:53Z</time></trkpt>
<trkpt lat="45.370637" lon="-75.876239"><ele>23.0</ele><time>2025-09-03T22:25:54Z</time></trkpt>
<trkpt lat="45.370633" lon="-75.876247"><ele>23.0</ele><time>2025-09-03T22:25:55Z</time></trkpt>
<trkpt lat="45.370633" lon="-75.876239"><ele>24.0</ele><time>2025-09-03T22:25:56Z</time></trkpt>
<trkpt lat="45.37063" lon="-75.876247"><ele>23.0</ele><time>2025-09-03T22:25:57Z</time></trkpt>
<trkpt lat="45.37063" lon="-75.876256"><ele>24.0</ele><time>2025-09-03T22:25:58Z</time></trkpt>
<trkpt lat="45.37063" lon="-75.876265"><ele>23.0</ele><time>2025-09-03T22:25:59Z</time></trkpt>
<trkpt lat="45.37063" lon="-75.876283"><ele>23.0</ele><time>2025-09-03T22:26:00Z</time></trkpt>
<trkpt lat="45.370627" lon="-75.876292"><ele>23.0</ele><time>2025-09-03T22:26:01Z</time></trkpt>
<trkpt lat="45.370627" lon="-75.876301"><ele>23.0</ele><time>2025-09-03T22:26:02Z</time></trkpt>
<trkpt lat="45.370624" lon="-75.87631"><ele>23.0</ele><time>2025-09-03T22:26:03Z</time></trkpt>
<trkpt lat="45.370618" lon="-75.876319"><ele>24.0</ele><time>2025-09-03T22:26:04Z</time></trkpt>
<trkpt lat="45.370614" lon="-75.876328"><ele>24.0</ele><time>2025-09-03T22:26:05Z</time></trkpt>
<trkpt lat="45.370618" lon="-75.876346"><ele>24.0</ele><time>2025-09-03T22:26:06Z</time></trkpt>
<trkpt lat="45.370618" lon="-75.876355"><ele>24.0</ele><time>2025-09-03T22:26:07Z</time></trkpt>
<trkpt lat="45.370621" lon="-75.876364"><ele>23.0</ele><time>2025-09-03T22:26:08Z</time></trkpt>
<trkpt lat="45.370624" lon="-75.876382"><ele>23.0</ele><time>2025-09-03T22:26:09Z</time></trkpt>
<trkpt lat="45.370624" lon="-75.876391"><ele>23.0</ele><time>2025-09-03T22:26:10Z</time></trkpt>
<trkpt lat="45.370627" lon="-75.8764"><ele>23.0</ele><time>2025-09-03T22:26:11Z</time></trkpt>
<trkpt lat="45.370627" lon="-75.876418"><ele>23.0</ele><time>2025-09-03T22:26:12Z</time></trkpt>
<trkpt lat="45.370627" lon="-75.876427"><ele>23.0</ele><time>2025-09-03T22:26:13Z</time></trkpt>
<trkpt lat="45.370627" lon="-75.876445"><ele>23.0</ele><time>2025-09-03T22:26:14Z</time></trkpt>
<trkpt lat="45.370627" lon="-75.876463"><ele>24.0</ele><time>2025-09-03T22:26:15Z</time></trkpt>
<trkpt lat="45.370627" lon="-75.876472"><ele>24.0</ele><time>2025-09-03T22:26:16Z</time></trkpt>
<trkpt lat="45.370624" lon="-75.87649"><ele>24.0</ele><time>2025-09-03T22:26:17Z</time></trkpt>
<trkpt lat="45.370624" lon="-75.876508"><ele>24.0</ele><time>2025-09-03T22:26:18Z</time></trkpt>
<trkpt lat="45.370621" lon="-75.876517"><ele>24.0</ele><time>2025-09-03T22:26:19Z</time></trkpt>
<trkpt lat="45.370618" lon="-75.876535"><ele>24.0</ele><time>2025-09-03T22:26:20Z</time></trkpt>
<trkpt lat="45.370614" lon="-75.876544"><ele>23.0</ele><time>2025-09-03T22:26:21Z</time></trkpt>
<trkpt lat="45.370611" lon="-75.876562"><ele>24.0</ele><time>2025-09-03T22:26:22Z</time></trkpt>
<trkpt lat="45.370605" lon="-75.87658"><ele>23.0</ele><time>2025-09-03T22:26:23Z</time></trkpt>
<trkpt lat="45.370599" lon="-75.876589"><ele>23.0</ele><time>2025-09-03T22:26:24Z</time></trkpt>
<trkpt lat="45.370592" lon="-75.876607"><ele>23.0</ele><time>2025-09-03T22:26:25Z</time></trkpt>
<trkpt lat="45.370586" lon="-75.876625"><ele>24.0</ele><time>2025-09-03T22:26:26Z</time></trkpt>
<trkpt lat="45.37058" lon="-75.876634"><ele>24.0</ele><time>2025-09-03T22:26:27Z</time></trkpt>
<trkpt lat="45.37057" lon="-75.876643"><ele>23.0</ele><time>2025-09-03T22:26:28Z</time></trkpt>
<trkpt lat="45.370564" lon="-75.876661"><ele>23.0</ele><time>2025-09-03T22:26:29Z</time></trkpt>
<trkpt lat="45.370554" lon="-75.87667"><ele>23.0</ele><time>2025-09-03T22:26:30Z</time></trkpt>
<trkpt lat="45.370548" lon="-75.876688"><ele>24.0</ele><time>2025-09-03T22:26:31Z</time></trkpt>
<trkpt lat="45.370538" lon="-75.876697"><ele>24.0</ele><time>2025-09-03T22:26:32Z</time></trkpt>
<trkpt lat="45.370529" lon="-75.876715"><ele>24.0</ele><time>2025-09-03T22:26:33Z</time></trkpt>
<trkpt lat="45.370519" lon="-75.876724"><ele>24.0</ele><time>2025-09-03T22:26:34Z</time></trkpt>
<trkpt lat="45.370513" lon="-75.876733"><ele>24.0</ele><time>2025-09-03T22:26:35Z</time></trkpt>
<trkpt lat="45.370504" lon="-75.876742"><ele>24.0</ele><time>2025-09-03T22:26:36Z</time></trkpt>
<trkpt lat="45.370491" lon="-75.876751"><ele>24.0</ele><time>2025-09-03T22:26:37Z</time></trkpt>
<trkpt lat="45.370481" lon="-75.876768"><ele>24.0</ele><time>2025-09-03T22:26:38Z</time></trkpt>
<trkpt lat="45.370472" lon="-75.876777"><ele>24.0</ele><time>2025-09-03T22:26:39Z</time></trkpt>
<trkpt lat="45.370466" lon="-75.876777"><ele>24.0</ele><time>2025-09-03T22:26:40Z</time></trkpt>
<trkpt lat="45.370456" lon="-75.876786"><ele>24.0</ele><time>2025-09-03T22:26:41Z</time></trkpt>
<trkpt lat="45.37045" lon="-75.876795"><ele>24.0</ele><time>2025-09-03T22:26:42Z</time></trkpt>
<trkpt lat="45.37044" lon="-75.876804"><ele>24.0</ele><time>2025-09-03T22:26:43Z</time></trkpt>
<trkpt lat="45.370434" lon="-75.876804"><ele>24.0</ele><time>2025-09-03T22:26:44Z</time></trkpt>
<trkpt lat="45.370431" lon="-75.876813"><ele>24.0</ele><time>2025-09-03T22:26:45Z</time></trkpt>
<trkpt lat="45.370428" lon="-75.876813"><ele>24.0</ele><time>2025-09-03T22:26:46Z</time></trkpt>
<trkpt lat="45.370424" lon="-75.876813"><ele>24.0</ele><time>2025-09-03T22:26:46Z</time></trkpt>
<trkpt lat="45.370418" lon="-75.876813"><ele>24.0</ele><time>2025-09-03T22:26:47Z</time></trkpt>
<trkpt lat="45.370415" lon="-75.876813"><ele>24.0</ele><time>2025-09-03T22:26:48Z</time></trkpt>
<trkpt lat="45.370409" lon="-75.876813"><ele>24.0</ele><time>2025-09-03T22:26:49Z</time></trkpt>
<trkpt lat="45.370402" lon="-75.876822"><ele>24.0</ele><time>2025-09-03T22:26:50Z</time></trkpt>
<trkpt lat="45.370399" lon="-75.876822"><ele>24.0</ele><time>2025-09-03T22:26:51Z</time></trkpt>
<trkpt lat="45.37039" lon="-75.876822"><ele>23.0</ele><time>2025-09-03T22:26:52Z</time></trkpt>
<trkpt lat="45.370383" lon="-75.876831"><ele>23.0</ele><time>2025-09-03T22:26:53Z</time></trkpt>
<trkpt lat="45.370377" lon="-75.876831"><ele>23.0</ele><time>2025-09-03T22:26:54Z</time></trkpt>
<trkpt lat="45.370371" lon="-75.876831"><ele>23.0</ele><time>2025-09-03T22:26:55Z</time></trkpt>
<trkpt lat="45.370364" lon="-75.876831"><ele>23.0</ele><time>2025-09-03T22:26:56Z</time></trkpt>
<trkpt lat="45.370355" lon="-75.876831"><ele>23.0</ele><time>2025-09-03T22:26:57Z</time></trkpt>
<trkpt lat="45.370348" lon="-75.87684"><ele>23.0</ele><time>2025-09-03T22:26:58Z</time></trkpt>
<trkpt lat="45.370342" lon="-75.87684"><ele>23.0</ele><time>2025-09-03T22:26:59Z</time></trkpt>
<trkpt lat="45.370333" lon="-75.87684"><ele>23.0</ele><time>2025-09-03T22:27:00Z</time></trkpt>
<trkpt lat="45.370326" lon="-75.87684"><ele>23.0</ele><time>2025-09-03T22:27:01Z</time></trkpt>
<trkpt lat="45.37032" lon="-75.87684"><ele>24.0</ele><time>2025-09-03T22:27:02Z</time></trkpt>
<trkpt lat="45.370314" lon="-75.876849"><ele>24.0</ele><time>2025-09-03T22:27:03Z</time></trkpt>
<trkpt lat="45.370307" lon="-75.876849"><ele>23.0</ele><time>2025-09-03T22:27:04Z</time></trkpt>
<trkpt lat="45.370298" lon="-75.876849"><ele>23.0</ele><time>2025-09-03T22:27:05Z</time></trkpt>
<trkpt lat="45.370291" lon="-75.876849"><ele>24.0</ele><time>2025-09-03T22:27:06Z</time></trkpt>
<trkpt lat="45.370285" lon="-75.876849"><ele>24.0</ele><time>2025-09-03T22:27:07Z</time></trkpt>
<trkpt lat="45.370276" lon="-75.876849"><ele>24.0</ele><time>2025-09-03T22:27:08Z</time></trkpt>
<trkpt lat="45.370269" lon="-75.876849"><ele>24.0</ele><time>2025-09-03T22:27:09Z</time></trkpt>
<trkpt lat="45.37026" lon="-75.876849"><ele>24.0</ele><time>2025-09-03T22:27:10Z</time></trkpt>
<trkpt lat="45.37025" lon="-75.876849"><ele>24.0</ele><time>2025-09-03T22:27:11Z</time></trkpt>
<trkpt lat="45.370244" lon="-75.87684"><ele>24.0</ele><time>2025-09-03T22:27:12Z</time></trkpt>
<trkpt lat="45.370234" lon="-75.87684"><ele>24.0</ele><time>2025-09-03T22:27:13Z</time></trkpt>
<trkpt lat="45.370228" lon="-75.876831"><ele>24.0</ele><time>2025-09-03T22:27:14Z</time></trkpt>
<trkpt lat="45.370219" lon="-75.876831"><ele>24.0</ele><time>2025-09-03T22:27:15Z</time></trkpt>
<trkpt lat="45.370209" lon="-75.876822"><ele>23.0</ele><time>2025-09-03T22:27:16Z</time></trkpt>
<trkpt lat="45.3702" lon="-75.876822"><ele>24.0</ele><time>2025-09-03T22:27:17Z</time></trkpt>
<trkpt lat="45.37019" lon="-75.876813"><ele>24.0</ele><time>2025-09-03T22:27:18Z</time></trkpt>
<trkpt lat="45.370181" lon="-75.876813"><ele>24.0</ele><time>2025-09-03T22:27:19Z</time></trkpt>
<trkpt lat="45.370171" lon="-75.876813"><ele>24.0</ele><time>2025-09-03T22:27:20Z</time></trkpt>
<trkpt lat="45.370162" lon="-75.876813"><ele>24.0</ele><time>2025-09-03T22:27:21Z</time></trkpt>
<trkpt lat="45.370152" lon="-75.876813"><ele>23.0</ele><time>2025-09-03T22:27:22Z</time></trkpt>
<trkpt lat="45.370146" lon="-75.876813"><ele>24.0</ele><time>2025-09-03T22:27:23Z</time></trkpt>
<trkpt lat="45.370136" lon="-75.876813"><ele>24.0</ele><time>2025-09-03T22:27:24Z</time></trkpt>
<trkpt lat="45.37013" lon="-75.876822"><ele>24.0</ele><time>2025-09-03T22:27:25Z</time></trkpt>
<trkpt lat="45.370124" lon="-75.876822"><ele>24.0</ele><time>2025-09-03T22:27:26Z</time></trkpt>
<trkpt lat="45.370114" lon="-75.876822"><ele>24.0</ele><time>2025-09-03T22:27:27Z</time></trkpt>
<trkpt lat="45.370105" lon="-75.876822"><ele>24.0</ele><time>2025-09-03T22:27:28Z</time></trkpt>
<trkpt lat="45.370098" lon="-75.876822"><ele>24.0</ele><time>2025-09-03T22:27:29Z</time></trkpt>
<trkpt lat="45.370089" lon="-75.876831"><ele>24.0</ele><time>2025-09-03T22:27:30Z</time></trkpt>
<trkpt lat="45.370083" lon="-75.876831"><ele>24.0</ele><time>2025-09-03T22:27:31Z</time></trkpt>
<trkpt lat="45.370073" lon="-75.876831"><ele>24.0</ele><time>2025-09-03T22:27:32Z</time></trkpt>
<trkpt lat="45.370064" lon="-75.876831"><ele>24.0</ele><time>2025-09-03T22:27:33Z</time></trkpt>
<trkpt lat="45.370057" lon="-75.876831"><ele>24.0</ele><time>2025-09-03T22:27:34Z</time></trkpt>
<trkpt lat="45.370048" lon="-75.876831"><ele>24.0</ele><time>2025-09-03T22:27:35Z</time></trkpt>
<trkpt lat="45.370041" lon="-75.876831"><ele>24.0</ele><time>2025-09-03T22:27:36Z</time></trkpt>
<trkpt lat="45.370032" lon="-75.876831"><ele>24.0</ele><time>2025-09-03T22:27:37Z</time></trkpt>
<trkpt lat="45.370022" lon="-75.876831"><ele>24.0</ele><time>2025-09-03T22:27:38Z</time></trkpt>
<trkpt lat="45.370013" lon="-75.876831"><ele>24.0</ele><time>2025-09-03T22:27:39Z</time></trkpt>
<trkpt lat="45.370007" lon="-75.876831"><ele>24.0</ele><time>2025-09-03T22:27:40Z</time></trkpt>
<trkpt lat="45.369997" lon="-75.876831"><ele>24.0</ele><time>2025-09-03T22:27:41Z</time></trkpt>
<trkpt lat="45.369991" lon="-75.876831"><ele>24.0</ele><time>2025-09-03T22:27:42Z</time></trkpt>
<trkpt lat="45.369981" lon="-75.876831"><ele>23.0</ele><time>2025-09-03T22:27:43Z</time></trkpt>
<trkpt lat="45.369975" lon="-75.876831"><ele>23.0</ele><time>2025-09-03T22:27:44Z</time></trkpt>
<trkpt lat="45.369965" lon="-75.876831"><ele>23.0</ele><time>2025-09-03T22:27:45Z</time></trkpt>
<trkpt lat="45.369959" lon="-75.876822"><ele>23.0</ele><time>2025-09-03T22:27:46Z</time></trkpt>
<trkpt lat="45.36995" lon="-75.876822"><ele>23.0</ele><time>2025-09-03T22:27:47Z</time></trkpt>
<trkpt lat="45.36994" lon="-75.876822"><ele>23.0</ele><time>2025-09-03T22:27:48Z</time></trkpt>
<trkpt lat="45.369934" lon="-75.876822"><ele>23.0</ele><time>2025-09-03T22:27:49Z</time></trkpt>
<trkpt lat="45.369924" lon="-75.876822"><ele>23.0</ele><time>2025-09-03T22:27:50Z</time></trkpt>
<trkpt lat="45.369915" lon="-75.876822"><ele>23.0</ele><time>2025-09-03T22:27:51Z</time></trkpt>
<trkpt lat="45.369908" lon="-75.876822"><ele>23.0</ele><time>2025-09-03T22:27:52Z</time></trkpt>
<trkpt lat="45.369902" lon="-75.876822"><ele>23.0</ele><time>2025-09-03T22:27:53Z</time></trkpt>
<trkpt lat="45.369893" lon="-75.876822"><ele>23.0</ele><time>2025-09-03T22:27:54Z</time></trkpt>
<trkpt lat="45.369883" lon="-75.876822"><ele>23.0</ele><time>2025-09-03T22:27:55Z</time></trkpt>
<trkpt lat="45.369877" lon="-75.876813"><ele>23.0</ele><time>2025-09-03T22:27:56Z</time></trkpt>
<trkpt lat="45.369867" lon="-75.876813"><ele>23.0</ele><time>2025-09-03T22:27:57Z</time></trkpt>
<trkpt lat="45.369861" lon="-75.876813"><ele>23.0</ele><time>2025-09-03T22:27:58Z</time></trkpt>
<trkpt lat="45.369855" lon="-75.876813"><ele>23.0</ele><time>2025-09-03T22:27:59Z</time></trkpt>
<trkpt lat="45.369848" lon="-75.876804"><ele>23.0</ele><time>2025-09-03T22:28:00Z</time></trkpt>
<trkpt lat="45.369842" lon="-75.876804"><ele>23.0</ele><time>2025-09-03T22:28:01Z</time></trkpt>
<trkpt lat="45.369832" lon="-75.876795"><ele>23.0</ele><time>2025-09-03T22:28:02Z</time></trkpt>
<trkpt lat="45.369826" lon="-75.876795"><ele>23.0</ele><time>2025-09-03T22:28:03Z</time></trkpt>
<trkpt lat="45.36982" lon="-75.876795"><ele>23.0</ele><time>2025-09-03T22:28:04Z</time></trkpt>
<trkpt lat="45.36981" lon="-75.876786"><ele>23.0</ele><time>2025-09-03T22:28:05Z</time></trkpt>
<trkpt lat="45.369804" lon="-75.876777"><ele>23.0</ele><time>2025-09-03T22:28:06Z</time></trkpt>
<trkpt lat="45.369798" lon="-75.876777"><ele>23.0</ele><time>2025-09-03T22:28:07Z</time></trkpt>
<trkpt lat="45.369791" lon="-75.876777"><ele>23.0</ele><time>2025-09-03T22:28:08Z</time></trkpt>
<trkpt lat="45.369785" lon="-75.876768"><ele>23.0</ele><time>2025-09-03T22:28:09Z</time></trkpt>
<trkpt lat="45.369775" lon="-75.87676"><ele>23.0</ele><time>2025-09-03T22:28:10Z</time></trkpt>
<trkpt lat="45.369766" lon="-75.87676"><ele>23.0</ele><time>2025-09-03T22:28:11Z</time></trkpt>
<trkpt lat="45.369756" lon="-75.876751"><ele>23.0</ele><time>2025-09-03T22:28:12Z</time></trkpt>
<trkpt lat="45.369747" lon="-75.876751"><ele>23.0</ele><time>2025-09-03T22:28:13Z</time></trkpt>
<trkpt lat="45.369734" lon="-75.876742"><ele>23.0</ele><time>2025-09-03T22:28:14Z</time></trkpt>
<trkpt lat="45.369722" lon="-75.876733"><ele>23.0</ele><time>2025-09-03T22:28:15Z</time></trkpt>
<trkpt lat="45.369709" lon="-75.876724"><ele>23.0</ele><time>2025-09-03T22:28:16Z</time></trkpt>
<trkpt lat="45.369696" lon="-75.876724"><ele>24.0</ele><time>2025-09-03T22:28:17Z</time></trkpt>
<trkpt lat="45.369684" lon="-75.876715"><ele>24.0</ele><time>2025-09-03T22:28:18Z</time></trkpt>
<trkpt lat="45.369668" lon="-75.876706"><ele>23.0</ele><time>2025-09-03T22:28:19Z</time></trkpt>
<trkpt lat="45.369655" lon="-75.876706"><ele>23.0</ele><time>2025-09-03T22:28:20Z</time></trkpt>
<trkpt lat="45.369639" lon="-75.876697"><ele>23.0</ele><time>2025-09-03T22:28:21Z</time></trkpt>
<trkpt lat="45.369623" lon="-75.876688"><ele>23.0</ele><time>2025-09-03T22:28:22Z</time></trkpt>
<trkpt lat="45.369604" lon="-75.876688"><ele>23.0</ele><time>2025-09-03T22:28:23Z</time></trkpt>
<trkpt lat="45.369589" lon="-75.876679"><ele>23.0</ele><time>2025-09-03T22:28:24Z</time></trkpt>
<trkpt lat="45.369573" lon="-75.876679"><ele>23.0</ele><time>2025-09-03T22:28:25Z</time></trkpt>
<trkpt lat="45.369557" lon="-75.87667"><ele>23.0</ele><time>2025-09-03T22:28:26Z</time></trkpt>
<trkpt lat="45.369541" lon="-75.876661"><ele>23.0</ele><time>2025-09-03T22:28:27Z</time></trkpt>
<trkpt lat="45.369522" lon="-75.876661"><ele>23.0</ele><time>2025-09-03T22:28:28Z</time></trkpt>
<trkpt lat="45.369506" lon="-75.876661"><ele>23.0</ele><time>2025-09-03T22:28:29Z</time></trkpt>
<trkpt lat="45.369484" lon="-75.876652"><ele>23.0</ele><time>2025-09-03T22:28:30Z</time></trkpt>
<trkpt lat="45.369462" lon="-75.876643"><ele>23.0</ele><time>2025-09-03T22:28:31Z</time></trkpt>
<trkpt lat="45.369443" lon="-75.876643"><ele>23.0</ele><time>2025-09-03T22:28:32Z</time></trkpt>
<trkpt lat="45.369427" lon="-75.876634"><ele>23.0</ele><time>2025-09-03T22:28:33Z</time></trkpt>
<trkpt lat="45.369411" lon="-75.876634"><ele>23.0</ele><time>2025-09-03T22:28:34Z</time></trkpt>
<trkpt lat="45.369392" lon="-75.876625"><ele>24.0</ele><time>2025-09-03T22:28:35Z</time></trkpt>
<trkpt lat="45.369373" lon="-75.876625"><ele>24.0</ele><time>2025-09-03T22:28:36Z</time></trkpt>
<trkpt lat="45.369364" lon="-75.876616"><ele>24.0</ele><time>2025-09-03T22:28:37Z</time></trkpt>
<trkpt lat="45.369364" lon="-75.876616"><ele>24.0</ele><time>2025-09-03T22:28:38Z</time></trkpt>
<trkpt lat="45.369345" lon="-75.876616"><ele>24.0</ele><time>2025-09-03T22:28:38Z</time></trkpt>
<trkpt lat="45.369323" lon="-75.876607"><ele>24.0</ele><time>2025-09-03T22:28:39Z</time></trkpt>
<trkpt lat="45.369297" lon="-75.876598"><ele>24.0</ele><time>2025-09-03T22:28:40Z</time></trkpt>
<trkpt lat="45.369275" lon="-75.876598"><ele>24.0</ele><time>2025-09-03T22:28:41Z</time></trkpt>
<trkpt lat="45.369253" lon="-75.876598"><ele>23.0</ele><time>2025-09-03T22:28:42Z</time></trkpt>
<trkpt lat="45.369247" lon="-75.876598"><ele>23.0</ele><time>2025-09-03T22:28:43Z</time></trkpt>
<trkpt lat="45.369234" lon="-75.876598"><ele>23.0</ele><time>2025-09-03T22:28:43Z</time></trkpt>
<trkpt lat="45.369215" lon="-75.876589"><ele>23.0</ele><time>2025-09-03T22:28:44Z</time></trkpt>
<trkpt lat="45.369212" lon="-75.876589"><ele>23.0</ele><time>2025-09-03T22:28:45Z</time></trkpt>
<trkpt lat="45.369193" lon="-75.87658"><ele>23.0</ele><time>2025-09-03T22:28:45Z</time></trkpt>
<trkpt lat="45.369171" lon="-75.87658"><ele>23.0</ele><time>2025-09-03T22:28:46Z</time></trkpt>
<trkpt lat="45.369152" lon="-75.87658"><ele>23.0</ele><time>2025-09-03T22:28:47Z</time></trkpt>
<trkpt lat="45.36913" lon="-75.876589"><ele>23.0</ele><time>2025-09-03T22:28:48Z</time></trkpt>
<trkpt lat="45.369111" lon="-75.876598"><ele>23.0</ele><time>2025-09-03T22:28:49Z</time></trkpt>
<trkpt lat="45.369107" lon="-75.876598"><ele>23.0</ele><time>2025-09-03T22:28:50Z</time></trkpt>
<trkpt lat="45.369092" lon="-75.876598"><ele>23.0</ele><time>2025-09-03T22:28:50Z</time></trkpt>
<trkpt lat="45.369076" lon="-75.876598"><ele>23.0</ele><time>2025-09-03T22:28:51Z</time></trkpt>
<trkpt lat="45.369066" lon="-75.87658"><ele>23.0</ele><time>2025-09-03T22:28:52Z</time></trkpt>
<trkpt lat="45.369054" lon="-75.876562"><ele>23.0</ele><time>2025-09-03T22:28:53Z</time></trkpt>
<trkpt lat="45.369038" lon="-75.876553"><ele>23.0</ele><time>2025-09-03T22:28:54Z</time></trkpt>
<trkpt lat="45.369019" lon="-75.876562"><ele>23.0</ele><time>2025-09-03T22:28:55Z</time></trkpt>
<trkpt lat="45.368997" lon="-75.876562"><ele>23.0</ele><time>2025-09-03T22:28:56Z</time></trkpt>
<trkpt lat="45.368968" lon="-75.87658"><ele>23.0</ele><time>2025-09-03T22:28:57Z</time></trkpt>
<trkpt lat="45.368946" lon="-75.87658"><ele>24.0</ele><time>2025-09-03T22:28:58Z</time></trkpt>
<trkpt lat="45.368927" lon="-75.87658"><ele>24.0</ele><time>2025-09-03T22:28:59Z</time></trkpt>
<trkpt lat="45.368908" lon="-75.876571"><ele>23.0</ele><time>2025-09-03T22:29:00Z</time></trkpt>
<trkpt lat="45.368889" lon="-75.876571"><ele>23.0</ele><time>2025-09-03T22:29:01Z</time></trkpt>
<trkpt lat="45.36887" lon="-75.876562"><ele>24.0</ele><time>2025-09-03T22:29:02Z</time></trkpt>
<trkpt lat="45.368851" lon="-75.876562"><ele>24.0</ele><time>2025-09-03T22:29:03Z</time></trkpt>
<trkpt lat="45.368829" lon="-75.876553"><ele>24.0</ele><time>2025-09-03T22:29:04Z</time></trkpt>
<trkpt lat="45.36881" lon="-75.876544"><ele>24.0</ele><time>2025-09-03T22:29:05Z</time></trkpt>
<trkpt lat="45.368791" lon="-75.876544"><ele>24.0</ele><time>2025-09-03T22:29:06Z</time></trkpt>
<trkpt lat="45.368772" lon="-75.876535"><ele>24.0</ele><time>2025-09-03T22:29:07Z</time></trkpt>
<trkpt lat="45.368753" lon="-75.876526"><ele>23.0</ele><time>2025-09-03T22:29:08Z</time></trkpt>
<trkpt lat="45.368734" lon="-75.876517"><ele>24.0</ele><time>2025-09-03T22:29:09Z</time></trkpt>
<trkpt lat="45.368715" lon="-75.876517"><ele>24.0</ele><time>2025-09-03T22:29:10Z</time></trkpt>
<trkpt lat="45.368696" lon="-75.876508"><ele>24.0</ele><time>2025-09-03T22:29:11Z</time></trkpt>
<trkpt lat="45.36868" lon="-75.876508"><ele>24.0</ele><time>2025-09-03T22:29:12Z</time></trkpt>
<trkpt lat="45.368661" lon="-75.876499"><ele>23.0</ele><time>2025-09-03T22:29:13Z</time></trkpt>
<trkpt lat="45.368645" lon="-75.87649"><ele>24.0</ele><time>2025-09-03T22:29:14Z</time></trkpt>
<trkpt lat="45.368642" lon="-75.87649"><ele>24.0</ele><time>2025-09-03T22:29:15Z</time></trkpt>
<trkpt lat="45.368629" lon="-75.87649"><ele>23.0</ele><time>2025-09-03T22:29:15Z</time></trkpt>
<trkpt lat="45.36862" lon="-75.87649"><ele>23.0</ele><time>2025-09-03T22:29:16Z</time></trkpt>
<trkpt lat="45.368607" lon="-75.876481"><ele>23.0</ele><time>2025-09-03T22:29:17Z</time></trkpt>
<trkpt lat="45.368601" lon="-75.876481"><ele>23.0</ele><time>2025-09-03T22:29:18Z</time></trkpt>
<trkpt lat="45.368588" lon="-75.876481"><ele>23.0</ele><time>2025-09-03T22:29:19Z</time></trkpt>
<trkpt lat="45.368572" lon="-75.876481"><ele>23.0</ele><time>2025-09-03T22:29:20Z</time></trkpt>
<trkpt lat="45.368557" lon="-75.876481"><ele>23.0</ele><time>2025-09-03T22:29:21Z</time></trkpt>
<trkpt lat="45.368541" lon="-75.876472"><ele>23.0</ele><time>2025-09-03T22:29:22Z</time></trkpt>
<trkpt lat="45.368528" lon="-75.876463"><ele>23.0</ele><time>2025-09-03T22:29:23Z</time></trkpt>
<trkpt lat="45.368515" lon="-75.876463"><ele>23.0</ele><time>2025-09-03T22:29:24Z</time></trkpt>
<trkpt lat="45.368503" lon="-75.876454"><ele>23.0</ele><time>2025-09-03T22:29:25Z</time></trkpt>
<trkpt lat="45.36849" lon="-75.876454"><ele>23.0</ele><time>2025-09-03T22:29:26Z</time></trkpt>
<trkpt lat="45.368474" lon="-75.876454"><ele>23.0</ele><time>2025-09-03T22:29:27Z</time></trkpt>
<trkpt lat="45.368462" lon="-75.876454"><ele>23.0</ele><time>2025-09-03T22:29:28Z</time></trkpt>
<trkpt lat="45.368449" lon="-75.876454"><ele>23.0</ele><time>2025-09-03T22:29:29Z</time></trkpt>
<trkpt lat="45.368436" lon="-75.876445"><ele>23.0</ele><time>2025-09-03T22:29:30Z</time></trkpt>
<trkpt lat="45.368427" lon="-75.876445"><ele>23.0</ele><time>2025-09-03T22:29:31Z</time></trkpt>
<trkpt lat="45.368414" lon="-75.876445"><ele>24.0</ele><time>2025-09-03T22:29:32Z</time></trkpt>
<trkpt lat="45.368405" lon="-75.876436"><ele>24.0</ele><time>2025-09-03T22:29:33Z</time></trkpt>
<trkpt lat="45.368392" lon="-75.876436"><ele>23.0</ele><time>2025-09-03T22:29:34Z</time></trkpt>
<trkpt lat="45.368382" lon="-75.876436"><ele>24.0</ele><time>2025-09-03T22:29:35Z</time></trkpt>
<trkpt lat="45.36837" lon="-75.876436"><ele>24.0</ele><time>2025-09-03T22:29:36Z</time></trkpt>
<trkpt lat="45.36836" lon="-75.876436"><ele>23.0</ele><time>2025-09-03T22:29:37Z</time></trkpt>
<trkpt lat="45.368351" lon="-75.876436"><ele>24.0</ele><time>2025-09-03T22:29:38Z</time></trkpt>
<trkpt lat="45.368341" lon="-75.876436"><ele>24.0</ele><time>2025-09-03T22:29:39Z</time></trkpt>
<trkpt lat="45.368329" lon="-75.876427"><ele>24.0</ele><time>2025-09-03T22:29:40Z</time></trkpt>
<trkpt lat="45.368325" lon="-75.876427"><ele>24.0</ele><time>2025-09-03T22:29:41Z</time></trkpt>
<trkpt lat="45.368319" lon="-75.876427"><ele>23.0</ele><time>2025-09-03T22:29:41Z</time></trkpt>
<trkpt lat="45.36831" lon="-75.876427"><ele>23.0</ele><time>2025-09-03T22:29:42Z</time></trkpt>
<trkpt lat="45.3683" lon="-75.876427"><ele>24.0</ele><time>2025-09-03T22:29:43Z</time></trkpt>
<trkpt lat="45.368291" lon="-75.876418"><ele>24.0</ele><time>2025-09-03T22:29:44Z</time></trkpt>
<trkpt lat="45.368281" lon="-75.876418"><ele>23.0</ele><time>2025-09-03T22:29:45Z</time></trkpt>
<trkpt lat="45.368272" lon="-75.876418"><ele>23.0</ele><time>2025-09-03T22:29:46Z</time></trkpt>
<trkpt lat="45.368262" lon="-75.876409"><ele>23.0</ele><time>2025-09-03T22:29:47Z</time></trkpt>
<trkpt lat="45.368253" lon="-75.876409"><ele>23.0</ele><time>2025-09-03T22:29:48Z</time></trkpt>
<trkpt lat="45.368243" lon="-75.876409"><ele>23.0</ele><time>2025-09-03T22:29:49Z</time></trkpt>
<trkpt lat="45.368234" lon="-75.876409"><ele>23.0</ele><time>2025-09-03T22:29:50Z</time></trkpt>
<trkpt lat="45.368224" lon="-75.8764"><ele>23.0</ele><time>2025-09-03T22:29:51Z</time></trkpt>
<trkpt lat="45.368215" lon="-75.8764"><ele>23.0</ele><time>2025-09-03T22:29:52Z</time></trkpt>
<trkpt lat="45.368205" lon="-75.8764"><ele>23.0</ele><time>2025-09-03T22:29:53Z</time></trkpt>
<trkpt lat="45.368196" lon="-75.8764"><ele>23.0</ele><time>2025-09-03T22:29:54Z</time></trkpt>
<trkpt lat="45.368186" lon="-75.876391"><ele>23.0</ele><time>2025-09-03T22:29:55Z</time></trkpt>
<trkpt lat="45.368177" lon="-75.876391"><ele>23.0</ele><time>2025-09-03T22:29:56Z</time></trkpt>
<trkpt lat="45.368167" lon="-75.876391"><ele>23.0</ele><time>2025-09-03T22:29:57Z</time></trkpt>
<trkpt lat="45.368158" lon="-75.876391"><ele>23.0</ele><time>2025-09-03T22:29:58Z</time></trkpt>
<trkpt lat="45.368148" lon="-75.876391"><ele>23.0</ele><time>2025-09-03T22:29:59Z</time></trkpt>
<trkpt lat="45.368142" lon="-75.876382"><ele>24.0</ele><time>2025-09-03T22:30:00Z</time></trkpt>
<trkpt lat="45.368132" lon="-75.876382"><ele>24.0</ele><time>2025-09-03T22:30:01Z</time></trkpt>
<trkpt lat="45.368123" lon="-75.876382"><ele>24.0</ele><time>2025-09-03T22:30:02Z</time></trkpt>
<trkpt lat="45.368113" lon="-75.876373"><ele>24.0</ele><time>2025-09-03T22:30:03Z</time></trkpt>
<trkpt lat="45.368104" lon="-75.876373"><ele>24.0</ele><time>2025-09-03T22:30:04Z</time></trkpt>
<trkpt lat="45.368097" lon="-75.876373"><ele>24.0</ele><time>2025-09-03T22:30:05Z</time></trkpt>
<trkpt lat="45.368088" lon="-75.876373"><ele>24.0</ele><time>2025-09-03T22:30:06Z</time></trkpt>
<trkpt lat="45.368078" lon="-75.876373"><ele>24.0</ele><time>2025-09-03T22:30:07Z</time></trkpt>
<trkpt lat="45.368069" lon="-75.876382"><ele>24.0</ele><time>2025-09-03T22:30:08Z</time></trkpt>
<trkpt lat="45.368059" lon="-75.876382"><ele>24.0</ele><time>2025-09-03T22:30:09Z</time></trkpt>
<trkpt lat="45.368053" lon="-75.876382"><ele>24.0</ele><time>2025-09-03T22:30:10Z</time></trkpt>
<trkpt lat="45.368044" lon="-75.876373"><ele>23.0</ele><time>2025-09-03T22:30:11Z</time></trkpt>
<trkpt lat="45.368037" lon="-75.876373"><ele>23.0</ele><time>2025-09-03T22:30:12Z</time></trkpt>
<trkpt lat="45.368031" lon="-75.876382"><ele>23.0</ele><time>2025-09-03T22:30:13Z</time></trkpt>
<trkpt lat="45.368021" lon="-75.876382"><ele>23.0</ele><time>2025-09-03T22:30:14Z</time></trkpt>
<trkpt lat="45.368012" lon="-75.876382"><ele>23.0</ele><time>2025-09-03T22:30:15Z</time></trkpt>
<trkpt lat="45.368002" lon="-75.876382"><ele>23.0</ele><time>2025-09-03T22:30:16Z</time></trkpt>
<trkpt lat="45.367993" lon="-75.876382"><ele>23.0</ele><time>2025-09-03T22:30:17Z</time></trkpt>
<trkpt lat="45.367983" lon="-75.876382"><ele>23.0</ele><time>2025-09-03T22:30:18Z</time></trkpt>
<trkpt lat="45.367983" lon="-75.876382"><ele>23.0</ele><time>2025-09-03T22:30:19Z</time></trkpt>
<trkpt lat="45.367971" lon="-75.876391"><ele>23.0</ele><time>2025-09-03T22:30:19Z</time></trkpt>
<trkpt lat="45.367961" lon="-75.8764"><ele>23.0</ele><time>2025-09-03T22:30:20Z</time></trkpt>
<trkpt lat="45.367961" lon="-75.8764"><ele>23.0</ele><time>2025-09-03T22:30:21Z</time></trkpt>
<trkpt lat="45.367961" lon="-75.8764"><ele>23.0</ele><time>2025-09-03T22:30:21Z</time></trkpt>
<trkpt lat="45.367958" lon="-75.876391"><ele>24.0</ele><time>2025-09-03T22:30:21Z</time></trkpt>
<trkpt lat="45.367958" lon="-75.876391"><ele>24.0</ele><time>2025-09-03T22:30:22Z</time></trkpt>
<trkpt lat="45.367955" lon="-75.876391"><ele>24.0</ele><time>2025-09-03T22:30:22Z</time></trkpt>
<trkpt lat="45.367946" lon="-75.876391"><ele>24.0</ele><time>2025-09-03T22:30:23Z</time></trkpt>
<trkpt lat="45.367942" lon="-75.876391"><ele>24.0</ele><time>2025-09-03T22:30:24Z</time></trkpt>
<trkpt lat="45.367936" lon="-75.8764"><ele>24.0</ele><time>2025-09-03T22:30:24Z</time></trkpt>
<trkpt lat="45.367936" lon="-75.8764"><ele>24.0</ele><time>2025-09-03T22:30:25Z</time></trkpt>
<trkpt lat="45.36793" lon="-75.876409"><ele>23.0</ele><time>2025-09-03T22:30:25Z</time></trkpt>
<trkpt lat="45.367933" lon="-75.876409"><ele>23.0</ele><time>2025-09-03T22:30:26Z</time></trkpt>
<trkpt lat="45.36793" lon="-75.876409"><ele>24.0</ele><time>2025-09-03T22:30:26Z</time></trkpt>
<trkpt lat="45.367923" lon="-75.876418"><ele>24.0</ele><time>2025-09-03T22:30:27Z</time></trkpt>
<trkpt lat="45.367914" lon="-75.876427"><ele>24.0</ele><time>2025-09-03T22:30:28Z</time></trkpt>
<trkpt lat="45.367901" lon="-75.876436"><ele>24.0</ele><time>2025-09-03T22:30:29Z</time></trkpt>
<trkpt lat="45.367885" lon="-75.876445"><ele>24.0</ele><time>2025-09-03T22:30:30Z</time></trkpt>
<trkpt lat="45.36786" lon="-75.876445"><ele>24.0</ele><time>2025-09-03T22:30:31Z</time></trkpt>
<trkpt lat="45.367857" lon="-75.876445"><ele>24.0</ele><time>2025-09-03T22:30:32Z</time></trkpt>
<trkpt lat="45.367841" lon="-75.876454"><ele>24.0</ele><time>2025-09-03T22:30:32Z</time></trkpt>
<trkpt lat="45.367828" lon="-75.876454"><ele>24.0</ele><time>2025-09-03T22:30:33Z</time></trkpt>
<trkpt lat="45.367816" lon="-75.876463"><ele>23.0</ele><time>2025-09-03T22:30:34Z</time></trkpt>
<trkpt lat="45.367803" lon="-75.876463"><ele>24.0</ele><time>2025-09-03T22:30:35Z</time></trkpt>
<trkpt lat="45.367787" lon="-75.876463"><ele>24.0</ele><time>2025-09-03T22:30:36Z</time></trkpt>
<trkpt lat="45.367775" lon="-75.876472"><ele>23.0</ele><time>2025-09-03T22:30:37Z</time></trkpt>
<trkpt lat="45.367762" lon="-75.876472"><ele>23.0</ele><time>2025-09-03T22:30:38Z</time></trkpt>
<trkpt lat="45.367746" lon="-75.876472"><ele>23.0</ele><time>2025-09-03T22:30:39Z</time></trkpt>
<trkpt lat="45.36773" lon="-75.876472"><ele>23.0</ele><time>2025-09-03T22:30:40Z</time></trkpt>
<trkpt lat="45.367718" lon="-75.876481"><ele>24.0</ele><time>2025-09-03T22:30:41Z</time></trkpt>
<trkpt lat="45.367702" lon="-75.876481"><ele>23.0</ele><time>2025-09-03T22:30:42Z</time></trkpt>
<trkpt lat="45.367689" lon="-75.87649"><ele>23.0</ele><time>2025-09-03T22:30:43Z</time></trkpt>
<trkpt lat="45.367676" lon="-75.876499"><ele>23.0</ele><time>2025-09-03T22:30:44Z</time></trkpt>
<trkpt lat="45.367664" lon="-75.876508"><ele>23.0</ele><time>2025-09-03T22:30:45Z</time></trkpt>
<trkpt lat="45.367651" lon="-75.876508"><ele>23.0</ele><time>2025-09-03T22:30:46Z</time></trkpt>
<trkpt lat="45.367638" lon="-75.876508"><ele>23.0</ele><time>2025-09-03T22:30:47Z</time></trkpt>
<trkpt lat="45.367629" lon="-75.876499"><ele>23.0</ele><time>2025-09-03T22:30:48Z</time></trkpt>
<trkpt lat="45.367616" lon="-75.876499"><ele>23.0</ele><time>2025-09-03T22:30:49Z</time></trkpt>
<trkpt lat="45.367607" lon="-75.876499"><ele>23.0</ele><time>2025-09-03T22:30:50Z</time></trkpt>
<trkpt lat="45.367597" lon="-75.876499"><ele>24.0</ele><time>2025-09-03T22:30:51Z</time></trkpt>
<trkpt lat="45.367588" lon="-75.876499"><ele>24.0</ele><time>2025-09-03T22:30:52Z</time></trkpt>
<trkpt lat="45.367578" lon="-75.876499"><ele>24.0</ele><time>2025-09-03T22:30:53Z</time></trkpt>
<trkpt lat="45.367566" lon="-75.876499"><ele>23.0</ele><time>2025-09-03T22:30:54Z</time></trkpt>
<trkpt lat="45.367559" lon="-75.876499"><ele>24.0</ele><time>2025-09-03T22:30:55Z</time></trkpt>
<trkpt lat="45.367547" lon="-75.876499"><ele>24.0</ele><time>2025-09-03T22:30:56Z</time></trkpt>
<trkpt lat="45.36754" lon="-75.876508"><ele>24.0</ele><time>2025-09-03T22:30:57Z</time></trkpt>
<trkpt lat="45.367531" lon="-75.876508"><ele>24.0</ele><time>2025-09-03T22:30:58Z</time></trkpt>
<trkpt lat="45.367524" lon="-75.876508"><ele>24.0</ele><time>2025-09-03T22:30:59Z</time></trkpt>
<trkpt lat="45.367518" lon="-75.876508"><ele>24.0</ele><time>2025-09-03T22:31:00Z</time></trkpt>
<trkpt lat="45.367505" lon="-75.876517"><ele>24.0</ele><time>2025-09-03T22:31:01Z</time></trkpt>
<trkpt lat="45.367496" lon="-75.876517"><ele>24.0</ele><time>2025-09-03T22:31:02Z</time></trkpt>
<trkpt lat="45.36749" lon="-75.876517"><ele>24.0</ele><time>2025-09-03T22:31:03Z</time></trkpt>
<trkpt lat="45.367486" lon="-75.876517"><ele>24.0</ele><time>2025-09-03T22:31:04Z</time></trkpt>
<trkpt lat="45.36748" lon="-75.876517"><ele>24.0</ele><time>2025-09-03T22:31:04Z</time></trkpt>
<trkpt lat="45.367471" lon="-75.876526"><ele>23.0</ele><time>2025-09-03T22:31:05Z</time></trkpt>
<trkpt lat="45.367461" lon="-75.876526"><ele>23.0</ele><time>2025-09-03T22:31:06Z</time></trkpt>
<trkpt lat="45.367452" lon="-75.876535"><ele>23.0</ele><time>2025-09-03T22:31:07Z</time></trkpt>
<trkpt lat="45.367442" lon="-75.876535"><ele>23.0</ele><time>2025-09-03T22:31:08Z</time></trkpt>
<trkpt lat="45.367433" lon="-75.876544"><ele>24.0</ele><time>2025-09-03T22:31:09Z</time></trkpt>
<trkpt lat="45.367423" lon="-75.876544"><ele>23.0</ele><time>2025-09-03T22:31:10Z</time></trkpt>
<trkpt lat="45.36741" lon="-75.876553"><ele>23.0</ele><time>2025-09-03T22:31:11Z</time></trkpt>
<trkpt lat="45.367401" lon="-75.876553"><ele>23.0</ele><time>2025-09-03T22:31:12Z</time></trkpt>
<trkpt lat="45.367388" lon="-75.876562"><ele>23.0</ele><time>2025-09-03T22:31:13Z</time></trkpt>
<trkpt lat="45.367388" lon="-75.876562"><ele>23.0</ele><time>2025-09-03T22:31:14Z</time></trkpt>
<trkpt lat="45.367379" lon="-75.876562"><ele>23.0</ele><time>2025-09-03T22:31:14Z</time></trkpt>
<trkpt lat="45.367366" lon="-75.876571"><ele>23.0</ele><time>2025-09-03T22:31:15Z</time></trkpt>
<trkpt lat="45.367357" lon="-75.876571"><ele>23.0</ele><time>2025-09-03T22:31:16Z</time></trkpt>
<trkpt lat="45.367344" lon="-75.87658"><ele>23.0</ele><time>2025-09-03T22:31:17Z</time></trkpt>
<trkpt lat="45.367334" lon="-75.876589"><ele>24.0</ele><time>2025-09-03T22:31:18Z</time></trkpt>
<trkpt lat="45.367331" lon="-75.876589"><ele>24.0</ele><time>2025-09-03T22:31:19Z</time></trkpt>
<trkpt lat="45.367322" lon="-75.876589"><ele>24.0</ele><time>2025-09-03T22:31:19Z</time></trkpt>
<trkpt lat="45.367312" lon="-75.876598"><ele>24.0</ele><time>2025-09-03T22:31:20Z</time></trkpt>
<trkpt lat="45.367303" lon="-75.876607"><ele>23.0</ele><time>2025-09-03T22:31:21Z</time></trkpt>
<trkpt lat="45.36729" lon="-75.876616"><ele>23.0</ele><time>2025-09-03T22:31:22Z</time></trkpt>
<trkpt lat="45.367281" lon="-75.876616"><ele>24.0</ele><time>2025-09-03T22:31:23Z</time></trkpt>
<trkpt lat="45.367271" lon="-75.876625"><ele>23.0</ele><time>2025-09-03T22:31:24Z</time></trkpt>
<trkpt lat="45.367262" lon="-75.876634"><ele>23.0</ele><time>2025-09-03T22:31:25Z</time></trkpt>
<trkpt lat="45.367252" lon="-75.876643"><ele>24.0</ele><time>2025-09-03T22:31:26Z</time></trkpt>
<trkpt lat="45.367243" lon="-75.876652"><ele>24.0</ele><time>2025-09-03T22:31:27Z</time></trkpt>
<trkpt lat="45.367233" lon="-75.876661"><ele>24.0</ele><time>2025-09-03T22:31:28Z</time></trkpt>
<trkpt lat="45.367233" lon="-75.87667"><ele>24.0</ele><time>2025-09-03T22:31:29Z</time></trkpt>
<trkpt lat="45.367227" lon="-75.87667"><ele>24.0</ele><time>2025-09-03T22:31:29Z</time></trkpt>
<trkpt lat="45.367217" lon="-75.876679"><ele>24.0</ele><time>2025-09-03T22:31:30Z</time></trkpt>
<trkpt lat="45.367211" lon="-75.876697"><ele>24.0</ele><time>2025-09-03T22:31:32Z</time></trkpt>
<trkpt lat="45.367205" lon="-75.876706"><ele>24.0</ele><time>2025-09-03T22:31:32Z</time></trkpt>
<trkpt lat="45.367195" lon="-75.876715"><ele>24.0</ele><time>2025-09-03T22:31:33Z</time></trkpt>
<trkpt lat="45.367189" lon="-75.876724"><ele>24.0</ele><time>2025-09-03T22:31:34Z</time></trkpt>
<trkpt lat="45.367179" lon="-75.876733"><ele>24.0</ele><time>2025-09-03T22:31:35Z</time></trkpt>
<trkpt lat="45.36717" lon="-75.876742"><ele>24.0</ele><time>2025-09-03T22:31:36Z</time></trkpt>
<trkpt lat="45.367163" lon="-75.876751"><ele>23.0</ele><time>2025-09-03T22:31:37Z</time></trkpt>
<trkpt lat="45.367157" lon="-75.87676"><ele>23.0</ele><time>2025-09-03T22:31:38Z</time></trkpt>
<trkpt lat="45.367154" lon="-75.87676"><ele>23.0</ele><time>2025-09-03T22:31:39Z</time></trkpt>
<trkpt lat="45.367151" lon="-75.876768"><ele>23.0</ele><time>2025-09-03T22:31:39Z</time></trkpt>
<trkpt lat="45.367145" lon="-75.876777"><ele>23.0</ele><time>2025-09-03T22:31:40Z</time></trkpt>
<trkpt lat="45.367138" lon="-75.876786"><ele>23.0</ele><time>2025-09-03T22:31:41Z</time></trkpt>
<trkpt lat="45.367132" lon="-75.876795"><ele>23.0</ele><time>2025-09-03T22:31:42Z</time></trkpt>
<trkpt lat="45.367126" lon="-75.876804"><ele>23.0</ele><time>2025-09-03T22:31:43Z</time></trkpt>
<trkpt lat="45.367119" lon="-75.876813"><ele>23.0</ele><time>2025-09-03T22:31:44Z</time></trkpt>
<trkpt lat="45.367113" lon="-75.876813"><ele>23.0</ele><time>2025-09-03T22:31:45Z</time></trkpt>
<trkpt lat="45.367103" lon="-75.876822"><ele>23.0</ele><time>2025-09-03T22:31:46Z</time></trkpt>
<trkpt lat="45.367097" lon="-75.876831"><ele>23.0</ele><time>2025-09-03T22:31:47Z</time></trkpt>
<trkpt lat="45.367091" lon="-75.876831"><ele>23.0</ele><time>2025-09-03T22:31:48Z</time></trkpt>
<trkpt lat="45.367088" lon="-75.87684"><ele>23.0</ele><time>2025-09-03T22:31:49Z</time></trkpt>
<trkpt lat="45.367084" lon="-75.87684"><ele>23.0</ele><time>2025-09-03T22:31:49Z</time></trkpt>
<trkpt lat="45.367084" lon="-75.87684"><ele>23.0</ele><time>2025-09-03T22:31:50Z</time></trkpt>
<trkpt lat="45.367078" lon="-75.876849"><ele>23.0</ele><time>2025-09-03T22:31:51Z</time></trkpt>
<trkpt lat="45.367069" lon="-75.876849"><ele>23.0</ele><time>2025-09-03T22:31:52Z</time></trkpt>
<trkpt lat="45.367059" lon="-75.876867"><ele>23.0</ele><time>2025-09-03T22:31:53Z</time></trkpt>
<trkpt lat="45.367056" lon="-75.876876"><ele>24.0</ele><time>2025-09-03T22:31:54Z</time></trkpt>
<trkpt lat="45.367046" lon="-75.876885"><ele>24.0</ele><time>2025-09-03T22:31:55Z</time></trkpt>
<trkpt lat="45.36704" lon="-75.876894"><ele>24.0</ele><time>2025-09-03T22:31:56Z</time></trkpt>
<trkpt lat="45.367034" lon="-75.876903"><ele>24.0</ele><time>2025-09-03T22:31:57Z</time></trkpt>
<trkpt lat="45.367031" lon="-75.876912"><ele>24.0</ele><time>2025-09-03T22:31:58Z</time></trkpt>
<trkpt lat="45.367024" lon="-75.876921"><ele>24.0</ele><time>2025-09-03T22:31:59Z</time></trkpt>
<trkpt lat="45.367018" lon="-75.876939"><ele>24.0</ele><time>2025-09-03T22:32:00Z</time></trkpt>
<trkpt lat="45.367008" lon="-75.876939"><ele>24.0</ele><time>2025-09-03T22:32:01Z</time></trkpt>
<trkpt lat="45.367002" lon="-75.876948"><ele>24.0</ele><time>2025-09-03T22:32:02Z</time></trkpt>
<trkpt lat="45.366996" lon="-75.876957"><ele>24.0</ele><time>2025-09-03T22:32:03Z</time></trkpt>
<trkpt lat="45.366989" lon="-75.876966"><ele>24.0</ele><time>2025-09-03T22:32:04Z</time></trkpt>
<trkpt lat="45.366983" lon="-75.876975"><ele>24.0</ele><time>2025-09-03T22:32:05Z</time></trkpt>
<trkpt lat="45.36698" lon="-75.876984"><ele>24.0</ele><time>2025-09-03T22:32:06Z</time></trkpt>
<trkpt lat="45.366974" lon="-75.876993"><ele>24.0</ele><time>2025-09-03T22:32:07Z</time></trkpt>
<trkpt lat="45.366961" lon="-75.877002"><ele>24.0</ele><time>2025-09-03T22:32:08Z</time></trkpt>
<trkpt lat="45.366955" lon="-75.877002"><ele>24.0</ele><time>2025-09-03T22:32:09Z</time></trkpt>
<trkpt lat="45.366948" lon="-75.877011"><ele>24.0</ele><time>2025-09-03T22:32:10Z</time></trkpt>
<trkpt lat="45.366939" lon="-75.877011"><ele>24.0</ele><time>2025-09-03T22:32:11Z</time></trkpt>
<trkpt lat="45.366932" lon="-75.87702"><ele>24.0</ele><time>2025-09-03T22:32:12Z</time></trkpt>
<trkpt lat="45.366929" lon="-75.877029"><ele>24.0</ele><time>2025-09-03T22:32:13Z</time></trkpt>
<trkpt lat="45.366926" lon="-75.877029"><ele>24.0</ele><time>2025-09-03T22:32:14Z</time></trkpt>
<trkpt lat="45.36692" lon="-75.877047"><ele>23.0</ele><time>2025-09-03T22:32:15Z</time></trkpt>
<trkpt lat="45.366917" lon="-75.877056"><ele>24.0</ele><time>2025-09-03T22:32:16Z</time></trkpt>
<trkpt lat="45.36691" lon="-75.877065"><ele>24.0</ele><time>2025-09-03T22:32:17Z</time></trkpt>
<trkpt lat="45.366904" lon="-75.877065"><ele>23.0</ele><time>2025-09-03T22:32:18Z</time></trkpt>
<trkpt lat="45.366904" lon="-75.877065"><ele>23.0</ele><time>2025-09-03T22:32:19Z</time></trkpt>
<trkpt lat="45.366898" lon="-75.877065"><ele>23.0</ele><time>2025-09-03T22:32:19Z</time></trkpt>
<trkpt lat="45.366891" lon="-75.877065"><ele>23.0</ele><time>2025-09-03T22:32:20Z</time></trkpt>
<trkpt lat="45.366888" lon="-75.877065"><ele>23.0</ele><time>2025-09-03T22:32:21Z</time></trkpt>
<trkpt lat="45.366885" lon="-75.877056"><ele>23.0</ele><time>2025-09-03T22:32:22Z</time></trkpt>
<trkpt lat="45.366879" lon="-75.877056"><ele>23.0</ele><time>2025-09-03T22:32:23Z</time></trkpt>
<trkpt lat="45.366879" lon="-75.877056"><ele>23.0</ele><time>2025-09-03T22:32:24Z</time></trkpt>
<trkpt lat="45.366872" lon="-75.877056"><ele>24.0</ele><time>2025-09-03T22:32:24Z</time></trkpt>
<trkpt lat="45.366869" lon="-75.877056"><ele>24.0</ele><time>2025-09-03T22:32:25Z</time></trkpt>
<trkpt lat="45.366863" lon="-75.877065"><ele>24.0</ele><time>2025-09-03T22:32:26Z</time></trkpt>
<trkpt lat="45.36686" lon="-75.877065"><ele>24.0</ele><time>2025-09-03T22:32:27Z</time></trkpt>
<trkpt lat="45.366856" lon="-75.877074"><ele>24.0</ele><time>2025-09-03T22:32:28Z</time></trkpt>
<trkpt lat="45.366837" lon="-75.877074"><ele>23.0</ele><time>2025-09-03T22:32:29Z</time></trkpt>
<trkpt lat="45.366828" lon="-75.877074"><ele>23.0</ele><time>2025-09-03T22:32:30Z</time></trkpt>
<trkpt lat="45.366828" lon="-75.877065"><ele>24.0</ele><time>2025-09-03T22:32:31Z</time></trkpt>
<trkpt lat="45.366828" lon="-75.877065"><ele>23.0</ele><time>2025-09-03T22:32:32Z</time></trkpt>
<trkpt lat="45.366822" lon="-75.877074"><ele>23.0</ele><time>2025-09-03T22:32:33Z</time></trkpt>
<trkpt lat="45.366818" lon="-75.877074"><ele>23.0</ele><time>2025-09-03T22:32:34Z</time></trkpt>
<trkpt lat="45.366812" lon="-75.877083"><ele>23.0</ele><time>2025-09-03T22:32:35Z</time></trkpt>
<trkpt lat="45.366812" lon="-75.877092"><ele>23.0</ele><time>2025-09-03T22:32:36Z</time></trkpt>
<trkpt lat="45.366812" lon="-75.87711"><ele>23.0</ele><time>2025-09-03T22:32:37Z</time></trkpt>
<trkpt lat="45.366815" lon="-75.877119"><ele>23.0</ele><time>2025-09-03T22:32:38Z</time></trkpt>
<trkpt lat="45.366818" lon="-75.87711"><ele>23.0</ele><time>2025-09-03T22:32:39Z</time></trkpt>
<trkpt lat="45.366815" lon="-75.87711"><ele>23.0</ele><time>2025-09-03T22:32:40Z</time></trkpt>
<trkpt lat="45.366815" lon="-75.877101"><ele>23.0</ele><time>2025-09-03T22:32:41Z</time></trkpt>
<trkpt lat="45.366815" lon="-75.877101"><ele>23.0</ele><time>2025-09-03T22:32:42Z</time></trkpt>
<trkpt lat="45.366812" lon="-75.877101"><ele>23.0</ele><time>2025-09-03T22:32:43Z</time></trkpt>
<trkpt lat="45.366809" lon="-75.877092"><ele>23.0</ele><time>2025-09-03T22:32:44Z</time></trkpt>
<trkpt lat="45.366809" lon="-75.877092"><ele>23.0</ele><time>2025-09-03T22:32:45Z</time></trkpt>
<trkpt lat="45.366806" lon="-75.877092"><ele>23.0</ele><time>2025-09-03T22:32:46Z</time></trkpt>
<trkpt lat="45.366803" lon="-75.877092"><ele>23.0</ele><time>2025-09-03T22:32:47Z</time></trkpt>
<trkpt lat="45.366803" lon="-75.877092"><ele>23.0</ele><time>2025-09-03T22:32:48Z</time></trkpt>
<trkpt lat="45.366803" lon="-75.877083"><ele>23.0</ele><time>2025-09-03T22:32:49Z</time></trkpt>
<trkpt lat="45.366803" lon="-75.877092"><ele>23.0</ele><time>2025-09-03T22:32:49Z</time></trkpt>
<trkpt lat="45.366803" lon="-75.877083"><ele>23.0</ele><time>2025-09-03T22:32:50Z</time></trkpt>
<trkpt lat="45.366803" lon="-75.877083"><ele>23.0</ele><time>2025-09-03T22:32:51Z</time></trkpt>
<trkpt lat="45.366806" lon="-75.877083"><ele>23.0</ele><time>2025-09-03T22:32:52Z</time></trkpt>
<trkpt lat="45.366806" lon="-75.877083"><ele>23.0</ele><time>2025-09-03T22:32:53Z</time></trkpt>
<trkpt lat="45.366809" lon="-75.877083"><ele>23.0</ele><time>2025-09-03T22:32:54Z</time></trkpt>
<trkpt lat="45.366809" lon="-75.877083"><ele>23.0</ele><time>2025-09-03T22:32:55Z</time></trkpt>
<trkpt lat="45.366812" lon="-75.877083"><ele>23.0</ele><time>2025-09-03T22:32:56Z</time></trkpt>
<trkpt lat="45.366815" lon="-75.877083"><ele>23.0</ele><time>2025-09-03T22:32:57Z</time></trkpt>
<trkpt lat="45.366815" lon="-75.877083"><ele>23.0</ele><time>2025-09-03T22:32:58Z</time></trkpt>
<trkpt lat="45.366815" lon="-75.877083"><ele>23.0</ele><time>2025-09-03T22:32:59Z</time></trkpt>
<trkpt lat="45.366818" lon="-75.877083"><ele>23.0</ele><time>2025-09-03T22:32:59Z</time></trkpt>
<trkpt lat="45.366818" lon="-75.877083"><ele>23.0</ele><time>2025-09-03T22:33:00Z</time></trkpt>
<trkpt lat="45.366822" lon="-75.877083"><ele>23.0</ele><time>2025-09-03T22:33:01Z</time></trkpt>
<trkpt lat="45.366825" lon="-75.877083"><ele>23.0</ele><time>2025-09-03T22:33:02Z</time></trkpt>
<trkpt lat="45.366828" lon="-75.877083"><ele>23.0</ele><time>2025-09-03T22:33:03Z</time></trkpt>
<trkpt lat="45.366825" lon="-75.877083"><ele>23.0</ele><time>2025-09-03T22:33:04Z</time></trkpt>
<trkpt lat="45.366828" lon="-75.877083"><ele>23.0</ele><time>2025-09-03T22:33:04Z</time></trkpt>
<trkpt lat="45.366831" lon="-75.877083"><ele>23.0</ele><time>2025-09-03T22:33:05Z</time></trkpt>
<trkpt lat="45.366831" lon="-75.877083"><ele>23.0</ele><time>2025-09-03T22:33:06Z</time></trkpt>
<trkpt lat="45.366834" lon="-75.877083"><ele>23.0</ele><time>2025-09-03T22:33:07Z</time></trkpt>
<trkpt lat="45.366834" lon="-75.877083"><ele>23.0</ele><time>2025-09-03T22:33:08Z</time></trkpt>
<trkpt lat="45.366834" lon="-75.877083"><ele>23.0</ele><time>2025-09-03T22:33:09Z</time></trkpt>
<trkpt lat="45.366837" lon="-75.877083"><ele>23.0</ele><time>2025-09-03T22:33:09Z</time></trkpt>
<trkpt lat="45.366837" lon="-75.877083"><ele>23.0</ele><time>2025-09-03T22:33:10Z</time></trkpt>
<trkpt lat="45.366841" lon="-75.877083"><ele>23.0</ele><time>2025-09-03T22:33:11Z</time></trkpt>
<trkpt lat="45.366841" lon="-75.877083"><ele>23.0</ele><time>2025-09-03T22:33:12Z</time></trkpt>
<trkpt lat="45.366844" lon="-75.877092"><ele>23.0</ele><time>2025-09-03T22:33:13Z</time></trkpt>
<trkpt lat="45.366844" lon="-75.877092"><ele>23.0</ele><time>2025-09-03T22:33:14Z</time></trkpt>
<trkpt lat="45.366847" lon="-75.877092"><ele>23.0</ele><time>2025-09-03T22:33:15Z</time></trkpt>
<trkpt lat="45.366847" lon="-75.877092"><ele>23.0</ele><time>2025-09-03T22:33:16Z</time></trkpt>
<trkpt lat="45.36685" lon="-75.877092"><ele>23.0</ele><time>2025-09-03T22:33:17Z</time></trkpt>
<trkpt lat="45.36685" lon="-75.877092"><ele>23.0</ele><time>2025-09-03T22:33:18Z</time></trkpt>
<trkpt lat="45.36685" lon="-75.877092"><ele>23.0</ele><time>2025-09-03T22:33:19Z</time></trkpt>
<trkpt lat="45.366853" lon="-75.877092"><ele>23.0</ele><time>2025-09-03T22:33:19Z</time></trkpt>
<trkpt lat="45.366853" lon="-75.877092"><ele>23.0</ele><time>2025-09-03T22:33:20Z</time></trkpt>
<trkpt lat="45.366856" lon="-75.877092"><ele>23.0</ele><time>2025-09-03T22:33:21Z</time></trkpt>
<trkpt lat="45.36686" lon="-75.877092"><ele>23.0</ele><time>2025-09-03T22:33:22Z</time></trkpt>
<trkpt lat="45.36686" lon="-75.877092"><ele>23.0</ele><time>2025-09-03T22:33:23Z</time></trkpt>
<trkpt lat="45.366863" lon="-75.877092"><ele>23.0</ele><time>2025-09-03T22:33:24Z</time></trkpt>
<trkpt lat="45.366866" lon="-75.877092"><ele>23.0</ele><time>2025-09-03T22:33:25Z</time></trkpt>
<trkpt lat="45.366869" lon="-75.877101"><ele>23.0</ele><time>2025-09-03T22:33:26Z</time></trkpt>
<trkpt lat="45.366872" lon="-75.877101"><ele>23.0</ele><time>2025-09-03T22:33:27Z</time></trkpt>
<trkpt lat="45.366875" lon="-75.877101"><ele>23.0</ele><time>2025-09-03T22:33:28Z</time></trkpt>
<trkpt lat="45.366872" lon="-75.877101"><ele>23.0</ele><time>2025-09-03T22:33:29Z</time></trkpt>
<trkpt lat="45.366875" lon="-75.877101"><ele>23.0</ele><time>2025-09-03T22:33:29Z</time></trkpt>
<trkpt lat="45.366879" lon="-75.877101"><ele>23.0</ele><time>2025-09-03T22:33:30Z</time></trkpt>
<trkpt lat="45.366879" lon="-75.877101"><ele>23.0</ele><time>2025-09-03T22:33:31Z</time></trkpt>
<trkpt lat="45.366882" lon="-75.877101"><ele>23.0</ele><time>2025-09-03T22:33:32Z</time></trkpt>
<trkpt lat="45.366885" lon="-75.877101"><ele>23.0</ele><time>2025-09-03T22:33:33Z</time></trkpt>
<trkpt lat="45.366882" lon="-75.87711"><ele>23.0</ele><time>2025-09-03T22:33:34Z</time></trkpt>
<trkpt lat="45.366885" lon="-75.87711"><ele>23.0</ele><time>2025-09-03T22:33:34Z</time></trkpt>
<trkpt lat="45.366888" lon="-75.87711"><ele>23.0</ele><time>2025-09-03T22:33:35Z</time></trkpt>
<trkpt lat="45.366891" lon="-75.87711"><ele>23.0</ele><time>2025-09-03T22:33:36Z</time></trkpt>
<trkpt lat="45.366891" lon="-75.87711"><ele>23.0</ele><time>2025-09-03T22:33:37Z</time></trkpt>
<trkpt lat="45.366894" lon="-75.87711"><ele>23.0</ele><time>2025-09-03T22:33:38Z</time></trkpt>
<trkpt lat="45.366891" lon="-75.87711"><ele>23.0</ele><time>2025-09-03T22:33:39Z</time></trkpt>
<trkpt lat="45.366894" lon="-75.877119"><ele>23.0</ele><time>2025-09-03T22:33:39Z</time></trkpt>
<trkpt lat="45.366898" lon="-75.877119"><ele>23.0</ele><time>2025-09-03T22:33:40Z</time></trkpt>
<trkpt lat="45.366898" lon="-75.877119"><ele>23.0</ele><time>2025-09-03T22:33:41Z</time></trkpt>
<trkpt lat="45.366901" lon="-75.877119"><ele>23.0</ele><time>2025-09-03T22:33:42Z</time></trkpt>
<trkpt lat="45.366901" lon="-75.877119"><ele>23.0</ele><time>2025-09-03T22:33:43Z</time></trkpt>
<trkpt lat="45.366904" lon="-75.877119"><ele>23.0</ele><time>2025-09-03T22:33:44Z</time></trkpt>
<trkpt lat="45.366904" lon="-75.877119"><ele>23.0</ele><time>2025-09-03T22:33:45Z</time></trkpt>
<trkpt lat="45.366907" lon="-75.877119"><ele>23.0</ele><time>2025-09-03T22:33:46Z</time></trkpt>
<trkpt lat="45.366907" lon="-75.877128"><ele>23.0</ele><time>2025-09-03T22:33:47Z</time></trkpt>
<trkpt lat="45.36691" lon="-75.877128"><ele>23.0</ele><time>2025-09-03T22:33:48Z</time></trkpt>
<trkpt lat="45.36691" lon="-75.877128"><ele>23.0</ele><time>2025-09-03T22:33:49Z</time></trkpt>
<trkpt lat="45.36691" lon="-75.877128"><ele>23.0</ele><time>2025-09-03T22:33:50Z</time></trkpt>
<trkpt lat="45.36691" lon="-75.877128"><ele>23.0</ele><time>2025-09-03T22:33:51Z</time></trkpt>
<trkpt lat="45.36691" lon="-75.877128"><ele>23.0</ele><time>2025-09-03T22:33:52Z</time></trkpt>
<trkpt lat="45.36691" lon="-75.877128"><ele>23.0</ele><time>2025-09-03T22:33:53Z</time></trkpt>
<trkpt lat="45.36691" lon="-75.877128"><ele>23.0</ele><time>2025-09-03T22:33:54Z</time></trkpt>
<trkpt lat="45.366913" lon="-75.877128"><ele>23.0</ele><time>2025-09-03T22:33:54Z</time></trkpt>
<trkpt lat="45.36692" lon="-75.877137"><ele>23.0</ele><time>2025-09-03T22:33:55Z</time></trkpt>
<trkpt lat="45.366923" lon="-75.877137"><ele>23.0</ele><time>2025-09-03T22:33:56Z</time></trkpt>
<trkpt lat="45.366926" lon="-75.877137"><ele>23.0</ele><time>2025-09-03T22:33:57Z</time></trkpt>
<trkpt lat="45.366929" lon="-75.877137"><ele>23.0</ele><time>2025-09-03T22:33:58Z</time></trkpt>
<trkpt lat="45.366926" lon="-75.877137"><ele>23.0</ele><time>2025-09-03T22:33:59Z</time></trkpt>
<trkpt lat="45.366929" lon="-75.877137"><ele>23.0</ele><time>2025-09-03T22:33:59Z</time></trkpt>
<trkpt lat="45.366929" lon="-75.877137"><ele>23.0</ele><time>2025-09-03T22:34:00Z</time></trkpt>
<trkpt lat="45.366932" lon="-75.877137"><ele>23.0</ele><time>2025-09-03T22:34:01Z</time></trkpt>
<trkpt lat="45.366932" lon="-75.877137"><ele>23.0</ele><time>2025-09-03T22:34:02Z</time></trkpt>
<trkpt lat="45.366932" lon="-75.877137"><ele>23.0</ele><time>2025-09-03T22:34:03Z</time></trkpt>
<trkpt lat="45.366932" lon="-75.877137"><ele>23.0</ele><time>2025-09-03T22:34:04Z</time></trkpt>
<trkpt lat="45.366932" lon="-75.877137"><ele>23.0</ele><time>2025-09-03T22:34:05Z</time></trkpt>
<trkpt lat="45.366932" lon="-75.877137"><ele>23.0</ele><time>2025-09-03T22:34:06Z</time></trkpt>
<trkpt lat="45.366932" lon="-75.877137"><ele>23.0</ele><time>2025-09-03T22:34:07Z</time></trkpt>
<trkpt lat="45.366932" lon="-75.877137"><ele>23.0</ele><time>2025-09-03T22:34:08Z</time></trkpt>
<trkpt lat="45.366932" lon="-75.877137"><ele>23.0</ele><time>2025-09-03T22:34:09Z</time></trkpt>
<trkpt lat="45.366932" lon="-75.877137"><ele>23.0</ele><time>2025-09-03T22:34:10Z</time></trkpt>
<trkpt lat="45.366932" lon="-75.877137"><ele>23.0</ele><time>2025-09-03T22:34:11Z</time></trkpt>
<trkpt lat="45.366932" lon="-75.877137"><ele>23.0</ele><time>2025-09-03T22:34:12Z</time></trkpt>
<trkpt lat="45.366932" lon="-75.877137"><ele>23.0</ele><time>2025-09-03T22:34:13Z</time></trkpt>
<trkpt lat="45.366932" lon="-75.877137"><ele>23.0</ele><time>2025-09-03T22:34:14Z</time></trkpt>
<trkpt lat="45.366932" lon="-75.877137"><ele>23.0</ele><time>2025-09-03T22:34:15Z</time></trkpt>
<trkpt lat="45.366932" lon="-75.877137"><ele>23.0</ele><time>2025-09-03T22:34:16Z</time></trkpt>
<trkpt lat="45.366932" lon="-75.877137"><ele>23.0</ele><time>2025-09-03T22:34:17Z</time></trkpt>
<trkpt lat="45.366932" lon="-75.877137"><ele>23.0</ele><time>2025-09-03T22:34:18Z</time></trkpt>
<trkpt lat="45.366929" lon="-75.877137"><ele>23.0</ele><time>2025-09-03T22:34:19Z</time></trkpt>
<trkpt lat="45.366929" lon="-75.877128"><ele>23.0</ele><time>2025-09-03T22:34:20Z</time></trkpt>
<trkpt lat="45.366929" lon="-75.877128"><ele>23.0</ele><time>2025-09-03T22:34:21Z</time></trkpt>
<trkpt lat="45.366929" lon="-75.877128"><ele>23.0</ele><time>2025-09-03T22:34:22Z</time></trkpt>
<trkpt lat="45.366926" lon="-75.877128"><ele>23.0</ele><time>2025-09-03T22:34:23Z</time></trkpt>
<trkpt lat="45.366926" lon="-75.877128"><ele>23.0</ele><time>2025-09-03T22:34:24Z</time></trkpt>
<trkpt lat="45.366926" lon="-75.877128"><ele>23.0</ele><time>2025-09-03T22:34:25Z</time></trkpt>
<trkpt lat="45.366926" lon="-75.877128"><ele>23.0</ele><time>2025-09-03T22:34:26Z</time></trkpt>
<trkpt lat="45.366926" lon="-75.877128"><ele>23.0</ele><time>2025-09-03T22:34:27Z</time></trkpt>
<trkpt lat="45.366929" lon="-75.877128"><ele>23.0</ele><time>2025-09-03T22:34:28Z</time></trkpt>
<trkpt lat="45.366926" lon="-75.877128"><ele>23.0</ele><time>2025-09-03T22:34:29Z</time></trkpt>
<trkpt lat="45.366926" lon="-75.877128"><ele>23.0</ele><time>2025-09-03T22:34:30Z</time></trkpt>
<trkpt lat="45.366929" lon="-75.877128"><ele>23.0</ele><time>2025-09-03T22:34:31Z</time></trkpt>
<trkpt lat="45.366926" lon="-75.877128"><ele>23.0</ele><time>2025-09-03T22:34:32Z</time></trkpt>
<trkpt lat="45.366929" lon="-75.877119"><ele>23.0</ele><time>2025-09-03T22:34:33Z</time></trkpt>
<trkpt lat="45.366929" lon="-75.877119"><ele>23.0</ele><time>2025-09-03T22:34:34Z</time></trkpt>
<trkpt lat="45.366929" lon="-75.877119"><ele>23.0</ele><time>2025-09-03T22:34:35Z</time></trkpt>
<trkpt lat="45.366926" lon="-75.87711"><ele>23.0</ele><time>2025-09-03T22:34:36Z</time></trkpt>
<trkpt lat="45.366926" lon="-75.87711"><ele>23.0</ele><time>2025-09-03T22:34:37Z</time></trkpt>
<trkpt lat="45.366926" lon="-75.877101"><ele>23.0</ele><time>2025-09-03T22:34:38Z</time></trkpt>
<trkpt lat="45.366929" lon="-75.877101"><ele>23.0</ele><time>2025-09-03T22:34:39Z</time></trkpt>
<trkpt lat="45.366929" lon="-75.877101"><ele>23.0</ele><time>2025-09-03T22:34:40Z</time></trkpt>
<trkpt lat="45.366929" lon="-75.877101"><ele>23.0</ele><time>2025-09-03T22:34:41Z</time></trkpt>
<trkpt lat="45.366932" lon="-75.877101"><ele>23.0</ele><time>2025-09-03T22:34:42Z</time></trkpt>
<trkpt lat="45.366932" lon="-75.877101"><ele>23.0</ele><time>2025-09-03T22:34:43Z</time></trkpt>
<trkpt lat="45.366932" lon="-75.877101"><ele>23.0</ele><time>2025-09-03T22:34:44Z</time></trkpt>
<trkpt lat="45.366932" lon="-75.877101"><ele>23.0</ele><time>2025-09-03T22:34:45Z</time></trkpt>
<trkpt lat="45.366932" lon="-75.877101"><ele>23.0</ele><time>2025-09-03T22:34:46Z</time></trkpt>
<trkpt lat="45.366932" lon="-75.877101"><ele>23.0</ele><time>2025-09-03T22:34:47Z</time></trkpt>
<trkpt lat="45.366932" lon="-75.877101"><ele>22.0</ele><time>2025-09-03T22:34:48Z</time></trkpt>
<trkpt lat="45.366929" lon="-75.877092"><ele>23.0</ele><time>2025-09-03T22:34:49Z</time></trkpt>
<trkpt lat="45.366929" lon="-75.877092"><ele>23.0</ele><time>2025-09-03T22:34:50Z</time></trkpt>
<trkpt lat="45.366929" lon="-75.877092"><ele>23.0</ele><time>2025-09-03T22:34:51Z</time></trkpt>
<trkpt lat="45.366929" lon="-75.877092"><ele>23.0</ele><time>2025-09-03T22:34:52Z</time></trkpt>
<trkpt lat="45.366932" lon="-75.877092"><ele>23.0</ele><time>2025-09-03T22:34:53Z</time></trkpt>
<trkpt lat="45.366932" lon="-75.877092"><ele>23.0</ele><time>2025-09-03T22:34:54Z</time></trkpt>
<trkpt lat="45.366932" lon="-75.877092"><ele>23.0</ele><time>2025-09-03T22:34:55Z</time></trkpt>
<trkpt lat="45.366932" lon="-75.877083"><ele>23.0</ele><time>2025-09-03T22:34:56Z</time></trkpt>
<trkpt lat="45.366932" lon="-75.877083"><ele>23.0</ele><time>2025-09-03T22:34:57Z</time></trkpt>
<trkpt lat="45.366932" lon="-75.877083"><ele>23.0</ele><time>2025-09-03T22:34:58Z</time></trkpt>
<trkpt lat="45.366932" lon="-75.877083"><ele>23.0</ele><time>2025-09-03T22:35:00Z</time></trkpt>
<trkpt lat="45.366932" lon="-75.877074"><ele>23.0</ele><time>2025-09-03T22:35:00Z</time></trkpt>
<trkpt lat="45.366932" lon="-75.877074"><ele>23.0</ele><time>2025-09-03T22:35:01Z</time></trkpt>
<trkpt lat="45.366932" lon="-75.877074"><ele>23.0</ele><time>2025-09-03T22:35:02Z</time></trkpt>
<trkpt lat="45.366932" lon="-75.877074"><ele>23.0</ele><time>2025-09-03T22:35:03Z</time></trkpt>
<trkpt lat="45.366932" lon="-75.877074"><ele>23.0</ele><time>2025-09-03T22:35:04Z</time></trkpt>
<trkpt lat="45.366932" lon="-75.877074"><ele>23.0</ele><time>2025-09-03T22:35:05Z</time></trkpt>
<trkpt lat="45.366932" lon="-75.877074"><ele>22.0</ele><time>2025-09-03T22:35:06Z</time></trkpt>
<trkpt lat="45.366932" lon="-75.877074"><ele>22.0</ele><time>2025-09-03T22:35:07Z</time></trkpt>
<trkpt lat="45.366932" lon="-75.877065"><ele>22.0</ele><time>2025-09-03T22:35:08Z</time></trkpt>
<trkpt lat="45.366932" lon="-75.877074"><ele>22.0</ele><time>2025-09-03T22:35:09Z</time></trkpt>
<trkpt lat="45.366932" lon="-75.877074"><ele>23.0</ele><time>2025-09-03T22:35:09Z</time></trkpt>
<trkpt lat="45.366929" lon="-75.877074"><ele>23.0</ele><time>2025-09-03T22:35:10Z</time></trkpt>
<trkpt lat="45.366929" lon="-75.877074"><ele>23.0</ele><time>2025-09-03T22:35:11Z</time></trkpt>
<trkpt lat="45.366929" lon="-75.877074"><ele>22.0</ele><time>2025-09-03T22:35:11Z</time></trkpt>
<trkpt lat="45.366929" lon="-75.877074"><ele>23.0</ele><time>2025-09-03T22:35:12Z</time></trkpt>
<trkpt lat="45.366929" lon="-75.877074"><ele>23.0</ele><time>2025-09-03T22:35:13Z</time></trkpt>
<trkpt lat="45.366929" lon="-75.877074"><ele>22.0</ele><time>2025-09-03T22:35:13Z</time></trkpt>
<trkpt lat="45.366929" lon="-75.877074"><ele>23.0</ele><time>2025-09-03T22:35:14Z</time></trkpt>
<trkpt lat="45.366926" lon="-75.877074"><ele>23.0</ele><time>2025-09-03T22:35:15Z</time></trkpt>
<trkpt lat="45.366926" lon="-75.877065"><ele>23.0</ele><time>2025-09-03T22:35:16Z</time></trkpt>
<trkpt lat="45.366926" lon="-75.877065"><ele>23.0</ele><time>2025-09-03T22:35:17Z</time></trkpt>
<trkpt lat="45.366923" lon="-75.877065"><ele>23.0</ele><time>2025-09-03T22:35:18Z</time></trkpt>
<trkpt lat="45.366923" lon="-75.877065"><ele>23.0</ele><time>2025-09-03T22:35:20Z</time></trkpt>
<trkpt lat="45.366923" lon="-75.877065"><ele>23.0</ele><time>2025-09-03T22:35:20Z</time></trkpt>
<trkpt lat="45.366923" lon="-75.877065"><ele>23.0</ele><time>2025-09-03T22:35:20Z</time></trkpt>
<trkpt lat="45.366923" lon="-75.877065"><ele>23.0</ele><time>2025-09-03T22:35:21Z</time></trkpt>
<trkpt lat="45.366926" lon="-75.877047"><ele>23.0</ele><time>2025-09-03T22:35:22Z</time></trkpt>
<trkpt lat="45.366926" lon="-75.877047"><ele>23.0</ele><time>2025-09-03T22:35:23Z</time></trkpt>
<trkpt lat="45.366923" lon="-75.877047"><ele>23.0</ele><time>2025-09-03T22:35:24Z</time></trkpt>
<trkpt lat="45.366923" lon="-75.877056"><ele>23.0</ele><time>2025-09-03T22:35:25Z</time></trkpt>
<trkpt lat="45.366923" lon="-75.877056"><ele>23.0</ele><time>2025-09-03T22:35:26Z</time></trkpt>
<trkpt lat="45.366923" lon="-75.877056"><ele>23.0</ele><time>2025-09-03T22:35:27Z</time></trkpt>
<trkpt lat="45.366923" lon="-75.877056"><ele>23.0</ele><time>2025-09-03T22:35:28Z</time></trkpt>
<trkpt lat="45.366923" lon="-75.877056"><ele>23.0</ele><time>2025-09-03T22:35:29Z</time></trkpt>
<trkpt lat="45.366923" lon="-75.877056"><ele>23.0</ele><time>2025-09-03T22:35:30Z</time></trkpt>
<trkpt lat="45.366917" lon="-75.877074"><ele>23.0</ele><time>2025-09-03T22:35:31Z</time></trkpt>
<trkpt lat="45.366917" lon="-75.877083"><ele>23.0</ele><time>2025-09-03T22:35:32Z</time></trkpt>
<trkpt lat="45.366917" lon="-75.877074"><ele>23.0</ele><time>2025-09-03T22:35:33Z</time></trkpt>
<trkpt lat="45.366917" lon="-75.877074"><ele>23.0</ele><time>2025-09-03T22:35:34Z</time></trkpt>
<trkpt lat="45.366917" lon="-75.877074"><ele>23.0</ele><time>2025-09-03T22:35:34Z</time></trkpt>
<trkpt lat="45.366917" lon="-75.877065"><ele>23.0</ele><time>2025-09-03T22:35:35Z</time></trkpt>
<trkpt lat="45.366917" lon="-75.877065"><ele>23.0</ele><time>2025-09-03T22:35:36Z</time></trkpt>
</trkseg></trk></gpx>
