<?xml version="1.0" encoding="UTF-8" standalone="no" ?>
<gpx xmlns="http://www.topografix.com/GPX/1/1" creator="SailFreeGPS" xmlns:xsi="http://www.w3.org/2001/XMLSchema-instance"  xsi:schemaLocation="http://www.topografix.com/GPX/1/1 http://www.topografix.com/GPX/1/1/gpx.xsd">
<trk>
<metadata><name>SailFreeGps_2026-09-24_19-24-12.gpx</name></metadata>
<trkseg>
<trkpt lat="45.3529818" lon="-75.8244908"><speed>1.090</speed><ele>28.2</ele><time>2026-09-24T20:57:01Z</time></trkpt>
<trkpt lat="45.3529654" lon="-75.8244178"><speed>0.875</speed><ele>28.1</ele><time>2026-09-24T20:57:06Z</time></trkpt>
<trkpt lat="45.3529477" lon="-75.8243157"><speed>1.409</speed><ele>28.1</ele><time>2026-09-24T20:57:11Z</time></trkpt>
<trkpt lat="45.3529415" lon="-75.8242128"><speed>0.335</speed><ele>28.1</ele><time>2026-09-24T20:57:16Z</time></trkpt>
<trkpt lat="45.3529431" lon="-75.8241391"><speed>1.267</speed><ele>28.2</ele><time>2026-09-24T20:57:21Z</time></trkpt>
<trkpt lat="45.3529502" lon="-75.8240597"><speed>1.230</speed><ele>28.2</ele><time>2026-09-24T20:57:26Z</time></trkpt>
<trkpt lat="45.3529661" lon="-75.8239843"><speed>1.260</speed><ele>28.2</ele><time>2026-09-24T20:57:31Z</time></trkpt>
<trkpt lat="45.3529918" lon="-75.8239155"><speed>1.400</speed><ele>28.2</ele><time>2026-09-24T20:57:36Z</time></trkpt>
<trkpt lat="45.3530243" lon="-75.8238479"><speed>1.230</speed><ele>28.2</ele><time>2026-09-24T20:57:41Z</time></trkpt>
<trkpt lat="45.3530593" lon="-75.8237860"><speed>1.240</speed><ele>28.2</ele><time>2026-09-24T20:57:46Z</time></trkpt>
<trkpt lat="45.3530937" lon="-75.8237256"><speed>1.260</speed><ele>28.2</ele><time>2026-09-24T20:57:51Z</time></trkpt>
<trkpt lat="45.3531308" lon="-75.8236722"><speed>1.210</speed><ele>28.2</ele><time>2026-09-24T20:57:56Z</time></trkpt>
<trkpt lat="45.3531741" lon="-75.8236287"><speed>1.180</speed><ele>28.2</ele><time>2026-09-24T20:58:01Z</time></trkpt>
<trkpt lat="45.3532176" lon="-75.8235931"><speed>1.040</speed><ele>28.8</ele><time>2026-09-24T20:58:06Z</time></trkpt>
<trkpt lat="45.3532623" lon="-75.8235588"><speed>1.160</speed><ele>28.8</ele><time>2026-09-24T20:58:11Z</time></trkpt>
<trkpt lat="45.3533067" lon="-75.8235321"><speed>1.120</speed><ele>28.2</ele><time>2026-09-24T20:58:16Z</time></trkpt>
<trkpt lat="45.3533540" lon="-75.8235062"><speed>1.160</speed><ele>28.2</ele><time>2026-09-24T20:58:21Z</time></trkpt>
<trkpt lat="45.3533995" lon="-75.8234772"><speed>1.200</speed><ele>29.1</ele><time>2026-09-24T20:58:26Z</time></trkpt>
<trkpt lat="45.3534473" lon="-75.8234395"><speed>1.180</speed><ele>28.2</ele><time>2026-09-24T20:58:31Z</time></trkpt>
<trkpt lat="45.3534935" lon="-75.8233993"><speed>1.140</speed><ele>28.1</ele><time>2026-09-24T20:58:36Z</time></trkpt>
<trkpt lat="45.3535394" lon="-75.8233603"><speed>1.110</speed><ele>28.1</ele><time>2026-09-24T20:58:41Z</time></trkpt>
<trkpt lat="45.3535845" lon="-75.8233188"><speed>1.170</speed><ele>28.1</ele><time>2026-09-24T20:58:46Z</time></trkpt>
<trkpt lat="45.3536287" lon="-75.8232755"><speed>1.130</speed><ele>28.2</ele><time>2026-09-24T20:58:51Z</time></trkpt>
<trkpt lat="45.3536746" lon="-75.8232417"><speed>1.160</speed><ele>28.2</ele><time>2026-09-24T20:58:56Z</time></trkpt>
<trkpt lat="45.3537204" lon="-75.8232168"><speed>1.110</speed><ele>29.1</ele><time>2026-09-24T20:59:01Z</time></trkpt>
<trkpt lat="45.3537690" lon="-75.8231962"><speed>1.070</speed><ele>28.2</ele><time>2026-09-24T20:59:06Z</time></trkpt>
<trkpt lat="45.3538160" lon="-75.8231833"><speed>0.990</speed><ele>28.2</ele><time>2026-09-24T20:59:11Z</time></trkpt>
<trkpt lat="45.3538599" lon="-75.8231780"><speed>0.970</speed><ele>28.2</ele><time>2026-09-24T20:59:16Z</time></trkpt>
<trkpt lat="45.3539055" lon="-75.8231796"><speed>1.020</speed><ele>28.2</ele><time>2026-09-24T20:59:21Z</time></trkpt>
<trkpt lat="45.3539527" lon="-75.8231855"><speed>1.070</speed><ele>28.2</ele><time>2026-09-24T20:59:26Z</time></trkpt>
<trkpt lat="45.3540011" lon="-75.8231949"><speed>1.100</speed><ele>28.9</ele><time>2026-09-24T20:59:31Z</time></trkpt>
<trkpt lat="45.3540484" lon="-75.8232103"><speed>1.120</speed><ele>28.9</ele><time>2026-09-24T20:59:36Z</time></trkpt>
<trkpt lat="45.3540973" lon="-75.8232391"><speed>1.240</speed><ele>28.9</ele><time>2026-09-24T20:59:41Z</time></trkpt>
<trkpt lat="45.3541456" lon="-75.8232758"><speed>1.200</speed><ele>28.8</ele><time>2026-09-24T20:59:46Z</time></trkpt>
<trkpt lat="45.3541953" lon="-75.8233032"><speed>1.160</speed><ele>28.2</ele><time>2026-09-24T20:59:51Z</time></trkpt>
<trkpt lat="45.3542467" lon="-75.8233095"><speed>1.130</speed><ele>28.2</ele><time>2026-09-24T20:59:56Z</time></trkpt>
<trkpt lat="45.3542971" lon="-75.8232889"><speed>1.070</speed><ele>28.2</ele><time>2026-09-24T21:00:01Z</time></trkpt>
<trkpt lat="45.3543429" lon="-75.8232586"><speed>1.110</speed><ele>28.2</ele><time>2026-09-24T21:00:06Z</time></trkpt>
<trkpt lat="45.3543874" lon="-75.8232306"><speed>1.100</speed><ele>28.2</ele><time>2026-09-24T21:00:11Z</time></trkpt>
<trkpt lat="45.3544346" lon="-75.8232073"><speed>1.090</speed><ele>28.2</ele><time>2026-09-24T21:00:16Z</time></trkpt>
<trkpt lat="45.3544855" lon="-75.8231919"><speed>1.190</speed><ele>28.2</ele><time>2026-09-24T21:00:21Z</time></trkpt>
<trkpt lat="45.3545375" lon="-75.8231878"><speed>1.150</speed><ele>28.2</ele><time>2026-09-24T21:00:26Z</time></trkpt>
<trkpt lat="45.3545901" lon="-75.8231923"><speed>1.190</speed><ele>28.2</ele><time>2026-09-24T21:00:31Z</time></trkpt>
<trkpt lat="45.3546417" lon="-75.8232069"><speed>1.150</speed><ele>28.2</ele><time>2026-09-24T21:00:36Z</time></trkpt>
<trkpt lat="45.3546939" lon="-75.8232046"><speed>1.150</speed><ele>28.2</ele><time>2026-09-24T21:00:41Z</time></trkpt>
<trkpt lat="45.3547443" lon="-75.8231923"><speed>1.200</speed><ele>28.2</ele><time>2026-09-24T21:00:46Z</time></trkpt>
<trkpt lat="45.3547938" lon="-75.8231965"><speed>1.170</speed><ele>28.2</ele><time>2026-09-24T21:00:51Z</time></trkpt>
<trkpt lat="45.3548512" lon="-75.8232192"><speed>1.430</speed><ele>28.2</ele><time>2026-09-24T21:00:56Z</time></trkpt>
<trkpt lat="45.3549160" lon="-75.8232456"><speed>1.560</speed><ele>28.2</ele><time>2026-09-24T21:01:01Z</time></trkpt>
<trkpt lat="45.3549876" lon="-75.8232718"><speed>1.700</speed><ele>28.2</ele><time>2026-09-24T21:01:06Z</time></trkpt>
<trkpt lat="45.3550639" lon="-75.8233137"><speed>1.860</speed><ele>28.2</ele><time>2026-09-24T21:01:11Z</time></trkpt>
<trkpt lat="45.3551425" lon="-75.8233730"><speed>1.980</speed><ele>28.2</ele><time>2026-09-24T21:01:16Z</time></trkpt>
<trkpt lat="45.3552234" lon="-75.8234377"><speed>2.000</speed><ele>28.3</ele><time>2026-09-24T21:01:21Z</time></trkpt>
<trkpt lat="45.3553066" lon="-75.8234984"><speed>2.050</speed><ele>28.3</ele><time>2026-09-24T21:01:26Z</time></trkpt>
<trkpt lat="45.3553900" lon="-75.8235434"><speed>1.890</speed><ele>28.4</ele><time>2026-09-24T21:01:31Z</time></trkpt>
<trkpt lat="45.3554530" lon="-75.8235737"><speed>0.000</speed><ele>28.2</ele><time>2026-09-24T21:01:36Z</time></trkpt>
<trkpt lat="45.3555445" lon="-75.8236355"><speed>1.850</speed><ele>28.2</ele><time>2026-09-24T21:01:41Z</time></trkpt>
<trkpt lat="45.3556232" lon="-75.8236735"><speed>1.850</speed><ele>28.2</ele><time>2026-09-24T21:01:46Z</time></trkpt>
<trkpt lat="45.3557006" lon="-75.8237025"><speed>1.740</speed><ele>28.2</ele><time>2026-09-24T21:01:51Z</time></trkpt>
<trkpt lat="45.3557711" lon="-75.8237553"><speed>1.610</speed><ele>28.2</ele><time>2026-09-24T21:01:56Z</time></trkpt>
<trkpt lat="45.3558501" lon="-75.8238331"><speed>2.000</speed><ele>28.2</ele><time>2026-09-24T21:02:01Z</time></trkpt>
<trkpt lat="45.3559313" lon="-75.8238853"><speed>1.890</speed><ele>28.2</ele><time>2026-09-24T21:02:06Z</time></trkpt>
<trkpt lat="45.3560077" lon="-75.8239367"><speed>1.950</speed><ele>28.2</ele><time>2026-09-24T21:02:11Z</time></trkpt>
<trkpt lat="45.3560862" lon="-75.8239887"><speed>1.930</speed><ele>28.2</ele><time>2026-09-24T21:02:16Z</time></trkpt>
<trkpt lat="45.3561680" lon="-75.8240404"><speed>2.040</speed><ele>28.3</ele><time>2026-09-24T21:02:21Z</time></trkpt>
<trkpt lat="45.3562515" lon="-75.8240951"><speed>2.050</speed><ele>28.3</ele><time>2026-09-24T21:02:26Z</time></trkpt>
<trkpt lat="45.3563356" lon="-75.8241491"><speed>2.010</speed><ele>28.3</ele><time>2026-09-24T21:02:31Z</time></trkpt>
<trkpt lat="45.3564184" lon="-75.8241985"><speed>1.940</speed><ele>28.3</ele><time>2026-09-24T21:02:36Z</time></trkpt>
<trkpt lat="45.3564993" lon="-75.8242511"><speed>1.930</speed><ele>28.3</ele><time>2026-09-24T21:02:41Z</time></trkpt>
<trkpt lat="45.3565778" lon="-75.8243026"><speed>1.880</speed><ele>28.3</ele><time>2026-09-24T21:02:46Z</time></trkpt>
<trkpt lat="45.3566552" lon="-75.8243491"><speed>1.830</speed><ele>28.3</ele><time>2026-09-24T21:02:51Z</time></trkpt>
<trkpt lat="45.3567272" lon="-75.8243987"><speed>1.870</speed><ele>28.3</ele><time>2026-09-24T21:02:56Z</time></trkpt>
<trkpt lat="45.3568002" lon="-75.8244614"><speed>1.950</speed><ele>28.4</ele><time>2026-09-24T21:03:01Z</time></trkpt>
<trkpt lat="45.3568763" lon="-75.8245105"><speed>1.820</speed><ele>28.4</ele><time>2026-09-24T21:03:06Z</time></trkpt>
<trkpt lat="45.3569533" lon="-75.8245543"><speed>1.870</speed><ele>28.5</ele><time>2026-09-24T21:03:11Z</time></trkpt>
<trkpt lat="45.3570328" lon="-75.8245942"><speed>1.960</speed><ele>28.5</ele><time>2026-09-24T21:03:16Z</time></trkpt>
<trkpt lat="45.3571030" lon="-75.8246580"><speed>2.300</speed><ele>28.2</ele><time>2026-09-24T21:03:21Z</time></trkpt>
<trkpt lat="45.3571867" lon="-75.8246842"><speed>1.820</speed><ele>28.3</ele><time>2026-09-24T21:03:26Z</time></trkpt>
<trkpt lat="45.3572761" lon="-75.8247251"><speed>4.080</speed><ele>28.4</ele><time>2026-09-24T21:03:31Z</time></trkpt>
<trkpt lat="45.3573458" lon="-75.8248023"><speed>2.120</speed><ele>28.4</ele><time>2026-09-24T21:03:36Z</time></trkpt>
<trkpt lat="45.3574209" lon="-75.8248644"><speed>1.930</speed><ele>28.3</ele><time>2026-09-24T21:03:41Z</time></trkpt>
<trkpt lat="45.3575008" lon="-75.8248985"><speed>1.930</speed><ele>28.6</ele><time>2026-09-24T21:03:46Z</time></trkpt>
<trkpt lat="45.3575820" lon="-75.8249226"><speed>1.650</speed><ele>28.5</ele><time>2026-09-24T21:03:51Z</time></trkpt>
<trkpt lat="45.3576278" lon="-75.8248644"><speed>1.310</speed><ele>28.5</ele><time>2026-09-24T21:03:56Z</time></trkpt>
<trkpt lat="45.3576260" lon="-75.8247644"><speed>1.730</speed><ele>28.5</ele><time>2026-09-24T21:04:01Z</time></trkpt>
<trkpt lat="45.3576290" lon="-75.8246471"><speed>1.940</speed><ele>28.3</ele><time>2026-09-24T21:04:06Z</time></trkpt>
<trkpt lat="45.3576529" lon="-75.8245239"><speed>2.070</speed><ele>28.2</ele><time>2026-09-24T21:04:11Z</time></trkpt>
<trkpt lat="45.3576793" lon="-75.8243936"><speed>2.100</speed><ele>28.2</ele><time>2026-09-24T21:04:16Z</time></trkpt>
<trkpt lat="45.3577122" lon="-75.8242659"><speed>2.070</speed><ele>28.5</ele><time>2026-09-24T21:04:21Z</time></trkpt>
<trkpt lat="45.3577403" lon="-75.8241402"><speed>2.040</speed><ele>28.2</ele><time>2026-09-24T21:04:26Z</time></trkpt>
<trkpt lat="45.3577682" lon="-75.8240168"><speed>1.990</speed><ele>28.4</ele><time>2026-09-24T21:04:31Z</time></trkpt>
<trkpt lat="45.3578002" lon="-75.8239087"><speed>1.800</speed><ele>28.2</ele><time>2026-09-24T21:04:36Z</time></trkpt>
<trkpt lat="45.3578324" lon="-75.8238074"><speed>1.740</speed><ele>28.2</ele><time>2026-09-24T21:04:41Z</time></trkpt>
<trkpt lat="45.3578520" lon="-75.8236975"><speed>1.810</speed><ele>28.2</ele><time>2026-09-24T21:04:46Z</time></trkpt>
<trkpt lat="45.3578707" lon="-75.8235920"><speed>1.900</speed><ele>28.2</ele><time>2026-09-24T21:04:51Z</time></trkpt>
<trkpt lat="45.3578886" lon="-75.8234776"><speed>1.780</speed><ele>28.1</ele><time>2026-09-24T21:04:56Z</time></trkpt>
<trkpt lat="45.3579094" lon="-75.8233664"><speed>1.720</speed><ele>28.1</ele><time>2026-09-24T21:05:01Z</time></trkpt>
<trkpt lat="45.3579296" lon="-75.8232596"><speed>1.690</speed><ele>28.0</ele><time>2026-09-24T21:05:06Z</time></trkpt>
<trkpt lat="45.3579455" lon="-75.8231542"><speed>1.720</speed><ele>28.1</ele><time>2026-09-24T21:05:11Z</time></trkpt>
<trkpt lat="45.3579575" lon="-75.8230442"><speed>1.790</speed><ele>28.1</ele><time>2026-09-24T21:05:16Z</time></trkpt>
<trkpt lat="45.3579654" lon="-75.8229280"><speed>1.840</speed><ele>28.2</ele><time>2026-09-24T21:05:21Z</time></trkpt>
<trkpt lat="45.3579867" lon="-75.8228158"><speed>1.770</speed><ele>28.2</ele><time>2026-09-24T21:05:26Z</time></trkpt>
<trkpt lat="45.3580191" lon="-75.8227193"><speed>1.600</speed><ele>28.2</ele><time>2026-09-24T21:05:31Z</time></trkpt>
<trkpt lat="45.3580464" lon="-75.8226341"><speed>1.440</speed><ele>28.2</ele><time>2026-09-24T21:05:36Z</time></trkpt>
<trkpt lat="45.3580572" lon="-75.8225446"><speed>1.540</speed><ele>28.2</ele><time>2026-09-24T21:05:41Z</time></trkpt>
<trkpt lat="45.3580464" lon="-75.8224406"><speed>1.730</speed><ele>28.9</ele><time>2026-09-24T21:05:46Z</time></trkpt>
<trkpt lat="45.3580362" lon="-75.8223272"><speed>1.770</speed><ele>28.9</ele><time>2026-09-24T21:05:51Z</time></trkpt>
<trkpt lat="45.3580349" lon="-75.8222145"><speed>1.640</speed><ele>28.9</ele><time>2026-09-24T21:05:56Z</time></trkpt>
<trkpt lat="45.3580494" lon="-75.8221199"><speed>1.390</speed><ele>28.9</ele><time>2026-09-24T21:06:01Z</time></trkpt>
<trkpt lat="45.3580681" lon="-75.8220418"><speed>1.220</speed><ele>28.9</ele><time>2026-09-24T21:06:06Z</time></trkpt>
<trkpt lat="45.3580531" lon="-75.8219588"><speed>1.490</speed><ele>28.9</ele><time>2026-09-24T21:06:11Z</time></trkpt>
<trkpt lat="45.3580290" lon="-75.8218616"><speed>1.620</speed><ele>28.2</ele><time>2026-09-24T21:06:16Z</time></trkpt>
<trkpt lat="45.3580233" lon="-75.8217600"><speed>1.510</speed><ele>28.2</ele><time>2026-09-24T21:06:21Z</time></trkpt>
<trkpt lat="45.3580356" lon="-75.8216800"><speed>1.020</speed><ele>28.9</ele><time>2026-09-24T21:06:26Z</time></trkpt>
<trkpt lat="45.3580727" lon="-75.8216692"><speed>0.920</speed><ele>28.2</ele><time>2026-09-24T21:06:31Z</time></trkpt>
<trkpt lat="45.3580966" lon="-75.8217456"><speed>1.410</speed><ele>28.2</ele><time>2026-09-24T21:06:36Z</time></trkpt>
<trkpt lat="45.3581039" lon="-75.8218370"><speed>1.370</speed><ele>28.8</ele><time>2026-09-24T21:06:41Z</time></trkpt>
<trkpt lat="45.3581465" lon="-75.8218987"><speed>1.370</speed><ele>28.2</ele><time>2026-09-24T21:06:46Z</time></trkpt>
<trkpt lat="45.3582013" lon="-75.8219528"><speed>1.580</speed><ele>28.8</ele><time>2026-09-24T21:06:51Z</time></trkpt>
<trkpt lat="45.3582659" lon="-75.8220041"><speed>1.780</speed><ele>28.8</ele><time>2026-09-24T21:06:56Z</time></trkpt>
<trkpt lat="45.3583418" lon="-75.8220574"><speed>1.930</speed><ele>28.6</ele><time>2026-09-24T21:07:01Z</time></trkpt>
<trkpt lat="45.3584241" lon="-75.8221138"><speed>2.080</speed><ele>28.8</ele><time>2026-09-24T21:07:06Z</time></trkpt>
<trkpt lat="45.3585114" lon="-75.8221723"><speed>2.120</speed><ele>28.8</ele><time>2026-09-24T21:07:11Z</time></trkpt>
<trkpt lat="45.3586029" lon="-75.8222341"><speed>2.270</speed><ele>28.7</ele><time>2026-09-24T21:07:16Z</time></trkpt>
<trkpt lat="45.3586966" lon="-75.8222973"><speed>2.280</speed><ele>28.9</ele><time>2026-09-24T21:07:21Z</time></trkpt>
<trkpt lat="45.3587904" lon="-75.8223601"><speed>2.280</speed><ele>28.8</ele><time>2026-09-24T21:07:26Z</time></trkpt>
<trkpt lat="45.3588747" lon="-75.8224473"><speed>2.380</speed><ele>28.6</ele><time>2026-09-24T21:07:31Z</time></trkpt>
<trkpt lat="45.3589551" lon="-75.8225392"><speed>2.180</speed><ele>28.7</ele><time>2026-09-24T21:07:36Z</time></trkpt>
<trkpt lat="45.3590433" lon="-75.8226100"><speed>2.240</speed><ele>28.6</ele><time>2026-09-24T21:07:41Z</time></trkpt>
<trkpt lat="45.3591315" lon="-75.8226858"><speed>2.250</speed><ele>28.7</ele><time>2026-09-24T21:07:46Z</time></trkpt>
<trkpt lat="45.3592083" lon="-75.8227739"><speed>2.160</speed><ele>28.5</ele><time>2026-09-24T21:07:51Z</time></trkpt>
<trkpt lat="45.3592637" lon="-75.8228825"><speed>2.090</speed><ele>28.7</ele><time>2026-09-24T21:07:56Z</time></trkpt>
<trkpt lat="45.3592908" lon="-75.8230027"><speed>1.910</speed><ele>28.7</ele><time>2026-09-24T21:08:01Z</time></trkpt>
<trkpt lat="45.3593555" lon="-75.8230673"><speed>1.670</speed><ele>28.2</ele><time>2026-09-24T21:08:06Z</time></trkpt>
<trkpt lat="45.3594241" lon="-75.8231198"><speed>1.650</speed><ele>28.2</ele><time>2026-09-24T21:08:11Z</time></trkpt>
<trkpt lat="45.3595067" lon="-75.8231590"><speed>1.730</speed><ele>28.2</ele><time>2026-09-24T21:08:16Z</time></trkpt>
<trkpt lat="45.3595772" lon="-75.8232018"><speed>1.780</speed><ele>28.2</ele><time>2026-09-24T21:08:21Z</time></trkpt>
<trkpt lat="45.3596500" lon="-75.8232483"><speed>1.800</speed><ele>28.2</ele><time>2026-09-24T21:08:26Z</time></trkpt>
<trkpt lat="45.3597227" lon="-75.8233029"><speed>1.850</speed><ele>28.2</ele><time>2026-09-24T21:08:31Z</time></trkpt>
<trkpt lat="45.3597957" lon="-75.8233679"><speed>1.950</speed><ele>28.2</ele><time>2026-09-24T21:08:36Z</time></trkpt>
<trkpt lat="45.3598709" lon="-75.8234189"><speed>1.940</speed><ele>28.2</ele><time>2026-09-24T21:08:41Z</time></trkpt>
<trkpt lat="45.3599483" lon="-75.8234723"><speed>1.980</speed><ele>28.2</ele><time>2026-09-24T21:08:46Z</time></trkpt>
<trkpt lat="45.3600275" lon="-75.8235313"><speed>2.000</speed><ele>28.2</ele><time>2026-09-24T21:08:51Z</time></trkpt>
<trkpt lat="45.3601110" lon="-75.8235808"><speed>2.050</speed><ele>28.2</ele><time>2026-09-24T21:08:56Z</time></trkpt>
<trkpt lat="45.3601957" lon="-75.8236414"><speed>2.190</speed><ele>28.2</ele><time>2026-09-24T21:09:01Z</time></trkpt>
<trkpt lat="45.3602854" lon="-75.8237097"><speed>2.260</speed><ele>28.2</ele><time>2026-09-24T21:09:06Z</time></trkpt>
<trkpt lat="45.3603773" lon="-75.8237724"><speed>2.300</speed><ele>28.2</ele><time>2026-09-24T21:09:11Z</time></trkpt>
<trkpt lat="45.3604699" lon="-75.8238298"><speed>2.250</speed><ele>28.2</ele><time>2026-09-24T21:09:16Z</time></trkpt>
<trkpt lat="45.3605604" lon="-75.8238936"><speed>2.140</speed><ele>28.2</ele><time>2026-09-24T21:09:21Z</time></trkpt>
<trkpt lat="45.3606468" lon="-75.8239557"><speed>2.100</speed><ele>28.2</ele><time>2026-09-24T21:09:26Z</time></trkpt>
<trkpt lat="45.3607282" lon="-75.8240197"><speed>2.020</speed><ele>27.9</ele><time>2026-09-24T21:09:31Z</time></trkpt>
<trkpt lat="45.3608070" lon="-75.8240864"><speed>2.010</speed><ele>28.2</ele><time>2026-09-24T21:09:36Z</time></trkpt>
<trkpt lat="45.3608861" lon="-75.8241420"><speed>2.000</speed><ele>28.2</ele><time>2026-09-24T21:09:41Z</time></trkpt>
<trkpt lat="45.3609679" lon="-75.8241965"><speed>2.040</speed><ele>28.2</ele><time>2026-09-24T21:09:46Z</time></trkpt>
<trkpt lat="45.3610494" lon="-75.8242557"><speed>1.980</speed><ele>28.0</ele><time>2026-09-24T21:09:51Z</time></trkpt>
<trkpt lat="45.3611291" lon="-75.8243079"><speed>1.950</speed><ele>27.8</ele><time>2026-09-24T21:09:56Z</time></trkpt>
<trkpt lat="45.3612110" lon="-75.8243692"><speed>2.040</speed><ele>28.3</ele><time>2026-09-24T21:10:01Z</time></trkpt>
<trkpt lat="45.3612952" lon="-75.8244270"><speed>2.050</speed><ele>28.3</ele><time>2026-09-24T21:10:06Z</time></trkpt>
<trkpt lat="45.3613804" lon="-75.8244918"><speed>2.100</speed><ele>28.1</ele><time>2026-09-24T21:10:11Z</time></trkpt>
<trkpt lat="45.3614653" lon="-75.8245536"><speed>2.080</speed><ele>27.9</ele><time>2026-09-24T21:10:16Z</time></trkpt>
<trkpt lat="45.3615502" lon="-75.8246131"><speed>2.090</speed><ele>28.2</ele><time>2026-09-24T21:10:21Z</time></trkpt>
<trkpt lat="45.3616346" lon="-75.8246681"><speed>2.120</speed><ele>28.1</ele><time>2026-09-24T21:10:26Z</time></trkpt>
<trkpt lat="45.3617166" lon="-75.8247154"><speed>2.270</speed><ele>28.1</ele><time>2026-09-24T21:10:31Z</time></trkpt>
<trkpt lat="45.3618022" lon="-75.8247634"><speed>2.080</speed><ele>28.1</ele><time>2026-09-24T21:10:36Z</time></trkpt>
<trkpt lat="45.3618937" lon="-75.8248295"><speed>2.090</speed><ele>28.1</ele><time>2026-09-24T21:10:41Z</time></trkpt>
<trkpt lat="45.3619848" lon="-75.8248840"><speed>2.160</speed><ele>28.2</ele><time>2026-09-24T21:10:46Z</time></trkpt>
<trkpt lat="45.3620743" lon="-75.8249514"><speed>2.200</speed><ele>27.8</ele><time>2026-09-24T21:10:51Z</time></trkpt>
<trkpt lat="45.3621544" lon="-75.8250376"><speed>2.140</speed><ele>28.2</ele><time>2026-09-24T21:10:56Z</time></trkpt>
<trkpt lat="45.3622357" lon="-75.8251082"><speed>2.080</speed><ele>28.2</ele><time>2026-09-24T21:11:01Z</time></trkpt>
<trkpt lat="45.3623211" lon="-75.8251443"><speed>1.960</speed><ele>28.2</ele><time>2026-09-24T21:11:06Z</time></trkpt>
<trkpt lat="45.3624074" lon="-75.8251685"><speed>1.870</speed><ele>28.1</ele><time>2026-09-24T21:11:11Z</time></trkpt>
<trkpt lat="45.3624940" lon="-75.8251836"><speed>1.860</speed><ele>28.1</ele><time>2026-09-24T21:11:16Z</time></trkpt>
<trkpt lat="45.3625758" lon="-75.8251946"><speed>1.800</speed><ele>28.0</ele><time>2026-09-24T21:11:21Z</time></trkpt>
<trkpt lat="45.3626542" lon="-75.8252104"><speed>1.740</speed><ele>27.6</ele><time>2026-09-24T21:11:26Z</time></trkpt>
<trkpt lat="45.3627299" lon="-75.8252229"><speed>1.720</speed><ele>27.7</ele><time>2026-09-24T21:11:31Z</time></trkpt>
<trkpt lat="45.3628055" lon="-75.8252492"><speed>1.750</speed><ele>27.7</ele><time>2026-09-24T21:11:36Z</time></trkpt>
<trkpt lat="45.3628806" lon="-75.8252919"><speed>1.740</speed><ele>27.6</ele><time>2026-09-24T21:11:41Z</time></trkpt>
<trkpt lat="45.3629562" lon="-75.8252917"><speed>1.670</speed><ele>27.6</ele><time>2026-09-24T21:11:46Z</time></trkpt>
<trkpt lat="45.3630321" lon="-75.8252827"><speed>1.690</speed><ele>27.6</ele><time>2026-09-24T21:11:51Z</time></trkpt>
<trkpt lat="45.3631106" lon="-75.8252728"><speed>1.740</speed><ele>27.6</ele><time>2026-09-24T21:11:56Z</time></trkpt>
<trkpt lat="45.3631866" lon="-75.8252517"><speed>1.660</speed><ele>26.5</ele><time>2026-09-24T21:12:01Z</time></trkpt>
<trkpt lat="45.3632606" lon="-75.8252302"><speed>1.640</speed><ele>27.6</ele><time>2026-09-24T21:12:06Z</time></trkpt>
<trkpt lat="45.3633349" lon="-75.8252028"><speed>1.940</speed><ele>27.5</ele><time>2026-09-24T21:12:11Z</time></trkpt>
<trkpt lat="45.3633919" lon="-75.8251602"><speed>1.330</speed><ele>27.6</ele><time>2026-09-24T21:12:16Z</time></trkpt>
<trkpt lat="45.3634299" lon="-75.8251029"><speed>1.070</speed><ele>26.5</ele><time>2026-09-24T21:12:21Z</time></trkpt>
<trkpt lat="45.3634594" lon="-75.8250557"><speed>0.890</speed><ele>26.6</ele><time>2026-09-24T21:12:26Z</time></trkpt>
<trkpt lat="45.3634805" lon="-75.8250313"><speed>0.000</speed><ele>26.5</ele><time>2026-09-24T21:12:31Z</time></trkpt>
<trkpt lat="45.3635210" lon="-75.8250287"><speed>0.890</speed><ele>27.5</ele><time>2026-09-24T21:12:36Z</time></trkpt>
<trkpt lat="45.3635684" lon="-75.8250507"><speed>1.110</speed><ele>27.5</ele><time>2026-09-24T21:12:41Z</time></trkpt>
<trkpt lat="45.3636191" lon="-75.8250691"><speed>1.210</speed><ele>27.4</ele><time>2026-09-24T21:12:46Z</time></trkpt>
<trkpt lat="45.3636766" lon="-75.8250842"><speed>1.350</speed><ele>27.5</ele><time>2026-09-24T21:12:51Z</time></trkpt>
<trkpt lat="45.3637375" lon="-75.8251119"><speed>1.430</speed><ele>27.5</ele><time>2026-09-24T21:12:56Z</time></trkpt>
<trkpt lat="45.3637995" lon="-75.8251443"><speed>1.420</speed><ele>27.5</ele><time>2026-09-24T21:13:01Z</time></trkpt>
<trkpt lat="45.3638597" lon="-75.8251809"><speed>1.390</speed><ele>27.6</ele><time>2026-09-24T21:13:06Z</time></trkpt>
<trkpt lat="45.3639172" lon="-75.8252214"><speed>1.390</speed><ele>27.5</ele><time>2026-09-24T21:13:11Z</time></trkpt>
<trkpt lat="45.3639678" lon="-75.8252753"><speed>1.370</speed><ele>27.9</ele><time>2026-09-24T21:13:16Z</time></trkpt>
<trkpt lat="45.3640199" lon="-75.8253186"><speed>1.460</speed><ele>27.9</ele><time>2026-09-24T21:13:21Z</time></trkpt>
<trkpt lat="45.3640691" lon="-75.8253732"><speed>1.290</speed><ele>26.2</ele><time>2026-09-24T21:13:26Z</time></trkpt>
<trkpt lat="45.3641130" lon="-75.8254227"><speed>1.220</speed><ele>26.0</ele><time>2026-09-24T21:13:31Z</time></trkpt>
<trkpt lat="45.3641484" lon="-75.8254803"><speed>1.200</speed><ele>26.3</ele><time>2026-09-24T21:13:36Z</time></trkpt>
<trkpt lat="45.3641802" lon="-75.8255388"><speed>1.130</speed><ele>26.3</ele><time>2026-09-24T21:13:41Z</time></trkpt>
<trkpt lat="45.3642090" lon="-75.8255968"><speed>1.130</speed><ele>26.2</ele><time>2026-09-24T21:13:46Z</time></trkpt>
<trkpt lat="45.3642400" lon="-75.8256515"><speed>1.040</speed><ele>27.4</ele><time>2026-09-24T21:13:51Z</time></trkpt>
<trkpt lat="45.3642793" lon="-75.8256872"><speed>1.000</speed><ele>27.9</ele><time>2026-09-24T21:13:56Z</time></trkpt>
<trkpt lat="45.3643208" lon="-75.8257117"><speed>0.970</speed><ele>27.8</ele><time>2026-09-24T21:14:01Z</time></trkpt>
<trkpt lat="45.3643618" lon="-75.8257406"><speed>1.040</speed><ele>27.5</ele><time>2026-09-24T21:14:06Z</time></trkpt>
<trkpt lat="45.3644046" lon="-75.8257752"><speed>1.180</speed><ele>27.4</ele><time>2026-09-24T21:14:11Z</time></trkpt>
<trkpt lat="45.3644521" lon="-75.8258131"><speed>1.260</speed><ele>26.3</ele><time>2026-09-24T21:14:16Z</time></trkpt>
<trkpt lat="45.3645057" lon="-75.8258507"><speed>1.350</speed><ele>27.4</ele><time>2026-09-24T21:14:21Z</time></trkpt>
<trkpt lat="45.3645653" lon="-75.8258876"><speed>1.470</speed><ele>26.2</ele><time>2026-09-24T21:14:26Z</time></trkpt>
<trkpt lat="45.3646291" lon="-75.8259210"><speed>1.550</speed><ele>27.4</ele><time>2026-09-24T21:14:31Z</time></trkpt>
<trkpt lat="45.3646984" lon="-75.8259497"><speed>1.630</speed><ele>27.4</ele><time>2026-09-24T21:14:36Z</time></trkpt>
<trkpt lat="45.3647720" lon="-75.8259809"><speed>1.730</speed><ele>27.4</ele><time>2026-09-24T21:14:41Z</time></trkpt>
<trkpt lat="45.3648453" lon="-75.8260092"><speed>1.640</speed><ele>26.0</ele><time>2026-09-24T21:14:46Z</time></trkpt>
<trkpt lat="45.3649157" lon="-75.8260333"><speed>1.620</speed><ele>26.0</ele><time>2026-09-24T21:14:51Z</time></trkpt>
<trkpt lat="45.3649812" lon="-75.8260566"><speed>1.520</speed><ele>25.9</ele><time>2026-09-24T21:14:56Z</time></trkpt>
<trkpt lat="45.3650567" lon="-75.8260847"><speed>1.550</speed><ele>26.0</ele><time>2026-09-24T21:15:01Z</time></trkpt>
<trkpt lat="45.3651252" lon="-75.8261127"><speed>1.560</speed><ele>26.1</ele><time>2026-09-24T21:15:06Z</time></trkpt>
<trkpt lat="45.3651925" lon="-75.8261383"><speed>1.490</speed><ele>25.8</ele><time>2026-09-24T21:15:11Z</time></trkpt>
<trkpt lat="45.3652590" lon="-75.8261654"><speed>1.510</speed><ele>26.4</ele><time>2026-09-24T21:15:16Z</time></trkpt>
<trkpt lat="45.3653227" lon="-75.8261854"><speed>1.410</speed><ele>25.8</ele><time>2026-09-24T21:15:21Z</time></trkpt>
<trkpt lat="45.3653839" lon="-75.8262139"><speed>1.420</speed><ele>25.0</ele><time>2026-09-24T21:15:26Z</time></trkpt>
<trkpt lat="45.3654444" lon="-75.8262544"><speed>1.540</speed><ele>25.7</ele><time>2026-09-24T21:15:31Z</time></trkpt>
<trkpt lat="45.3655064" lon="-75.8263018"><speed>1.580</speed><ele>25.9</ele><time>2026-09-24T21:15:36Z</time></trkpt>
<trkpt lat="45.3655694" lon="-75.8263521"><speed>1.620</speed><ele>25.8</ele><time>2026-09-24T21:15:41Z</time></trkpt>
<trkpt lat="45.3656340" lon="-75.8263976"><speed>1.610</speed><ele>25.8</ele><time>2026-09-24T21:15:46Z</time></trkpt>
<trkpt lat="45.3656989" lon="-75.8264437"><speed>1.670</speed><ele>25.8</ele><time>2026-09-24T21:15:51Z</time></trkpt>
<trkpt lat="45.3657563" lon="-75.8265003"><speed>1.780</speed><ele>25.9</ele><time>2026-09-24T21:15:56Z</time></trkpt>
<trkpt lat="45.3658340" lon="-75.8265481"><speed>1.760</speed><ele>25.9</ele><time>2026-09-24T21:16:01Z</time></trkpt>
<trkpt lat="45.3659078" lon="-75.8265968"><speed>1.750</speed><ele>25.7</ele><time>2026-09-24T21:16:06Z</time></trkpt>
<trkpt lat="45.3659817" lon="-75.8266421"><speed>1.810</speed><ele>25.2</ele><time>2026-09-24T21:16:11Z</time></trkpt>
<trkpt lat="45.3660585" lon="-75.8266872"><speed>1.840</speed><ele>25.8</ele><time>2026-09-24T21:16:16Z</time></trkpt>
<trkpt lat="45.3661368" lon="-75.8267299"><speed>1.800</speed><ele>25.7</ele><time>2026-09-24T21:16:21Z</time></trkpt>
<trkpt lat="45.3662137" lon="-75.8267686"><speed>1.810</speed><ele>25.7</ele><time>2026-09-24T21:16:26Z</time></trkpt>
<trkpt lat="45.3662893" lon="-75.8268135"><speed>1.790</speed><ele>24.9</ele><time>2026-09-24T21:16:31Z</time></trkpt>
<trkpt lat="45.3663602" lon="-75.8268739"><speed>1.840</speed><ele>25.6</ele><time>2026-09-24T21:16:36Z</time></trkpt>
<trkpt lat="45.3664351" lon="-75.8269343"><speed>1.910</speed><ele>25.8</ele><time>2026-09-24T21:16:41Z</time></trkpt>
<trkpt lat="45.3665094" lon="-75.8269994"><speed>1.990</speed><ele>25.7</ele><time>2026-09-24T21:16:46Z</time></trkpt>
<trkpt lat="45.3665846" lon="-75.8270686"><speed>1.980</speed><ele>25.8</ele><time>2026-09-24T21:16:51Z</time></trkpt>
<trkpt lat="45.3666586" lon="-75.8271361"><speed>1.920</speed><ele>24.8</ele><time>2026-09-24T21:16:56Z</time></trkpt>
<trkpt lat="45.3667294" lon="-75.8272063"><speed>1.970</speed><ele>24.9</ele><time>2026-09-24T21:17:01Z</time></trkpt>
<trkpt lat="45.3667932" lon="-75.8272912"><speed>1.980</speed><ele>24.7</ele><time>2026-09-24T21:17:06Z</time></trkpt>
<trkpt lat="45.3668446" lon="-75.8273819"><speed>2.010</speed><ele>24.8</ele><time>2026-09-24T21:17:11Z</time></trkpt>
<trkpt lat="45.3668920" lon="-75.8274940"><speed>2.000</speed><ele>25.3</ele><time>2026-09-24T21:17:16Z</time></trkpt>
<trkpt lat="45.3669336" lon="-75.8276063"><speed>1.980</speed><ele>25.8</ele><time>2026-09-24T21:17:21Z</time></trkpt>
<trkpt lat="45.3669681" lon="-75.8277217"><speed>1.820</speed><ele>25.7</ele><time>2026-09-24T21:17:26Z</time></trkpt>
<trkpt lat="45.3670085" lon="-75.8278191"><speed>1.850</speed><ele>26.0</ele><time>2026-09-24T21:17:31Z</time></trkpt>
<trkpt lat="45.3670767" lon="-75.8278814"><speed>1.740</speed><ele>25.8</ele><time>2026-09-24T21:17:36Z</time></trkpt>
<trkpt lat="45.3671458" lon="-75.8279299"><speed>1.600</speed><ele>25.9</ele><time>2026-09-24T21:17:41Z</time></trkpt>
<trkpt lat="45.3672132" lon="-75.8279640"><speed>1.450</speed><ele>25.8</ele><time>2026-09-24T21:17:46Z</time></trkpt>
<trkpt lat="45.3672757" lon="-75.8279953"><speed>1.390</speed><ele>25.8</ele><time>2026-09-24T21:17:51Z</time></trkpt>
<trkpt lat="45.3673342" lon="-75.8280345"><speed>1.430</speed><ele>25.8</ele><time>2026-09-24T21:17:56Z</time></trkpt>
<trkpt lat="45.3673885" lon="-75.8280917"><speed>1.580</speed><ele>25.7</ele><time>2026-09-24T21:18:01Z</time></trkpt>
<trkpt lat="45.3674470" lon="-75.8281526"><speed>1.670</speed><ele>24.7</ele><time>2026-09-24T21:18:06Z</time></trkpt>
<trkpt lat="45.3675151" lon="-75.8281961"><speed>1.610</speed><ele>25.0</ele><time>2026-09-24T21:18:11Z</time></trkpt>
<trkpt lat="45.3675841" lon="-75.8282303"><speed>1.530</speed><ele>24.8</ele><time>2026-09-24T21:18:16Z</time></trkpt>
<trkpt lat="45.3676457" lon="-75.8282640"><speed>1.210</speed><ele>25.5</ele><time>2026-09-24T21:18:21Z</time></trkpt>
<trkpt lat="45.3677077" lon="-75.8283010"><speed>1.410</speed><ele>25.8</ele><time>2026-09-24T21:18:26Z</time></trkpt>
<trkpt lat="45.3677653" lon="-75.8283490"><speed>1.420</speed><ele>25.8</ele><time>2026-09-24T21:18:31Z</time></trkpt>
<trkpt lat="45.3678173" lon="-75.8284036"><speed>1.450</speed><ele>25.8</ele><time>2026-09-24T21:18:36Z</time></trkpt>
<trkpt lat="45.3678697" lon="-75.8284565"><speed>1.420</speed><ele>25.3</ele><time>2026-09-24T21:18:41Z</time></trkpt>
<trkpt lat="45.3679275" lon="-75.8284961"><speed>1.330</speed><ele>25.2</ele><time>2026-09-24T21:18:46Z</time></trkpt>
<trkpt lat="45.3679831" lon="-75.8285167"><speed>1.190</speed><ele>25.2</ele><time>2026-09-24T21:18:51Z</time></trkpt>
<trkpt lat="45.3680331" lon="-75.8285352"><speed>1.100</speed><ele>25.7</ele><time>2026-09-24T21:18:56Z</time></trkpt>
<trkpt lat="45.3680798" lon="-75.8285639"><speed>1.120</speed><ele>24.8</ele><time>2026-09-24T21:19:01Z</time></trkpt>
<trkpt lat="45.3681236" lon="-75.8286050"><speed>1.160</speed><ele>24.8</ele><time>2026-09-24T21:19:06Z</time></trkpt>
<trkpt lat="45.3681720" lon="-75.8286359"><speed>1.150</speed><ele>24.9</ele><time>2026-09-24T21:19:11Z</time></trkpt>
<trkpt lat="45.3682218" lon="-75.8286569"><speed>1.120</speed><ele>24.9</ele><time>2026-09-24T21:19:16Z</time></trkpt>
<trkpt lat="45.3682686" lon="-75.8286634"><speed>0.910</speed><ele>24.7</ele><time>2026-09-24T21:19:21Z</time></trkpt>
<trkpt lat="45.3683171" lon="-75.8286680"><speed>1.050</speed><ele>25.8</ele><time>2026-09-24T21:19:26Z</time></trkpt>
<trkpt lat="45.3683604" lon="-75.8286765"><speed>0.970</speed><ele>25.8</ele><time>2026-09-24T21:19:31Z</time></trkpt>
<trkpt lat="45.3684024" lon="-75.8286920"><speed>0.980</speed><ele>25.7</ele><time>2026-09-24T21:19:36Z</time></trkpt>
<trkpt lat="45.3684420" lon="-75.8287134"><speed>0.920</speed><ele>24.9</ele><time>2026-09-24T21:19:41Z</time></trkpt>
<trkpt lat="45.3684809" lon="-75.8287385"><speed>0.920</speed><ele>24.9</ele><time>2026-09-24T21:19:46Z</time></trkpt>
<trkpt lat="45.3685198" lon="-75.8287693"><speed>1.290</speed><ele>24.9</ele><time>2026-09-24T21:19:51Z</time></trkpt>
<trkpt lat="45.3685577" lon="-75.8288072"><speed>1.020</speed><ele>24.8</ele><time>2026-09-24T21:19:56Z</time></trkpt>
<trkpt lat="45.3685976" lon="-75.8288470"><speed>1.070</speed><ele>24.8</ele><time>2026-09-24T21:20:01Z</time></trkpt>
<trkpt lat="45.3686406" lon="-75.8288777"><speed>1.070</speed><ele>25.0</ele><time>2026-09-24T21:20:06Z</time></trkpt>
<trkpt lat="45.3686855" lon="-75.8288953"><speed>1.020</speed><ele>24.8</ele><time>2026-09-24T21:20:11Z</time></trkpt>
<trkpt lat="45.3687318" lon="-75.8288996"><speed>1.000</speed><ele>24.7</ele><time>2026-09-24T21:20:16Z</time></trkpt>
<trkpt lat="45.3687746" lon="-75.8288911"><speed>0.880</speed><ele>24.7</ele><time>2026-09-24T21:20:21Z</time></trkpt>
<trkpt lat="45.3688122" lon="-75.8288837"><speed>0.780</speed><ele>24.8</ele><time>2026-09-24T21:20:26Z</time></trkpt>
<trkpt lat="45.3688459" lon="-75.8288841"><speed>0.730</speed><ele>25.0</ele><time>2026-09-24T21:20:31Z</time></trkpt>
<trkpt lat="45.3688776" lon="-75.8288980"><speed>0.760</speed><ele>25.0</ele><time>2026-09-24T21:20:36Z</time></trkpt>
<trkpt lat="45.3689101" lon="-75.8289351"><speed>1.030</speed><ele>24.9</ele><time>2026-09-24T21:20:41Z</time></trkpt>
<trkpt lat="45.3689434" lon="-75.8289901"><speed>1.210</speed><ele>24.8</ele><time>2026-09-24T21:20:46Z</time></trkpt>
<trkpt lat="45.3689763" lon="-75.8290564"><speed>1.310</speed><ele>24.9</ele><time>2026-09-24T21:20:51Z</time></trkpt>
<trkpt lat="45.3690056" lon="-75.8291337"><speed>1.360</speed><ele>25.0</ele><time>2026-09-24T21:20:56Z</time></trkpt>
<trkpt lat="45.3690377" lon="-75.8292123"><speed>1.410</speed><ele>25.1</ele><time>2026-09-24T21:21:01Z</time></trkpt>
<trkpt lat="45.3690795" lon="-75.8292817"><speed>1.430</speed><ele>24.9</ele><time>2026-09-24T21:21:06Z</time></trkpt>
<trkpt lat="45.3691292" lon="-75.8293421"><speed>1.470</speed><ele>25.0</ele><time>2026-09-24T21:21:11Z</time></trkpt>
<trkpt lat="45.3691860" lon="-75.8293959"><speed>1.520</speed><ele>24.9</ele><time>2026-09-24T21:21:16Z</time></trkpt>
<trkpt lat="45.3692489" lon="-75.8294395"><speed>1.560</speed><ele>25.0</ele><time>2026-09-24T21:21:21Z</time></trkpt>
<trkpt lat="45.3693154" lon="-75.8294609"><speed>1.430</speed><ele>25.0</ele><time>2026-09-24T21:21:26Z</time></trkpt>
<trkpt lat="45.3693782" lon="-75.8294587"><speed>1.290</speed><ele>25.0</ele><time>2026-09-24T21:21:31Z</time></trkpt>
<trkpt lat="45.3694326" lon="-75.8294605"><speed>1.200</speed><ele>24.9</ele><time>2026-09-24T21:21:36Z</time></trkpt>
<trkpt lat="45.3694844" lon="-75.8294772"><speed>1.220</speed><ele>25.0</ele><time>2026-09-24T21:21:41Z</time></trkpt>
<trkpt lat="45.3695376" lon="-75.8294969"><speed>1.210</speed><ele>24.9</ele><time>2026-09-24T21:21:46Z</time></trkpt>
<trkpt lat="45.3695909" lon="-75.8295147"><speed>1.200</speed><ele>25.1</ele><time>2026-09-24T21:21:51Z</time></trkpt>
<trkpt lat="45.3696453" lon="-75.8295230"><speed>1.170</speed><ele>25.1</ele><time>2026-09-24T21:21:56Z</time></trkpt>
<trkpt lat="45.3696951" lon="-75.8295201"><speed>1.030</speed><ele>25.0</ele><time>2026-09-24T21:22:01Z</time></trkpt>
<trkpt lat="45.3697362" lon="-75.8295060"><speed>0.880</speed><ele>25.1</ele><time>2026-09-24T21:22:06Z</time></trkpt>
<trkpt lat="45.3697686" lon="-75.8294880"><speed>0.710</speed><ele>24.8</ele><time>2026-09-24T21:22:11Z</time></trkpt>
<trkpt lat="45.3697986" lon="-75.8294860"><speed>0.630</speed><ele>25.0</ele><time>2026-09-24T21:22:16Z</time></trkpt>
<trkpt lat="45.3698283" lon="-75.8295052"><speed>0.740</speed><ele>25.0</ele><time>2026-09-24T21:22:21Z</time></trkpt>
<trkpt lat="45.3698552" lon="-75.8295557"><speed>1.060</speed><ele>25.2</ele><time>2026-09-24T21:22:26Z</time></trkpt>
<trkpt lat="45.3698809" lon="-75.8296205"><speed>1.160</speed><ele>25.0</ele><time>2026-09-24T21:22:31Z</time></trkpt>
<trkpt lat="45.3699077" lon="-75.8296865"><speed>1.200</speed><ele>25.0</ele><time>2026-09-24T21:22:36Z</time></trkpt>
<trkpt lat="45.3699406" lon="-75.8297517"><speed>1.240</speed><ele>24.9</ele><time>2026-09-24T21:22:41Z</time></trkpt>
<trkpt lat="45.3699779" lon="-75.8298197"><speed>1.350</speed><ele>25.1</ele><time>2026-09-24T21:22:46Z</time></trkpt>
<trkpt lat="45.3700186" lon="-75.8298873"><speed>1.430</speed><ele>25.2</ele><time>2026-09-24T21:22:51Z</time></trkpt>
<trkpt lat="45.3700632" lon="-75.8299591"><speed>1.540</speed><ele>25.2</ele><time>2026-09-24T21:22:56Z</time></trkpt>
<trkpt lat="45.3701122" lon="-75.8300337"><speed>1.660</speed><ele>25.0</ele><time>2026-09-24T21:23:01Z</time></trkpt>
<trkpt lat="45.3701685" lon="-75.8301057"><speed>1.700</speed><ele>24.8</ele><time>2026-09-24T21:23:06Z</time></trkpt>
<trkpt lat="45.3702320" lon="-75.8301713"><speed>1.740</speed><ele>25.0</ele><time>2026-09-24T21:23:11Z</time></trkpt>
<trkpt lat="45.3702931" lon="-75.8302490"><speed>1.880</speed><ele>25.1</ele><time>2026-09-24T21:23:16Z</time></trkpt>
<trkpt lat="45.3703441" lon="-75.8303477"><speed>1.900</speed><ele>25.3</ele><time>2026-09-24T21:23:21Z</time></trkpt>
<trkpt lat="45.3703810" lon="-75.8304572"><speed>1.870</speed><ele>25.1</ele><time>2026-09-24T21:23:26Z</time></trkpt>
<trkpt lat="45.3704058" lon="-75.8305671"><speed>1.770</speed><ele>24.9</ele><time>2026-09-24T21:23:31Z</time></trkpt>
<trkpt lat="45.3704259" lon="-75.8306736"><speed>1.660</speed><ele>24.8</ele><time>2026-09-24T21:23:36Z</time></trkpt>
<trkpt lat="45.3704655" lon="-75.8307606"><speed>1.580</speed><ele>25.0</ele><time>2026-09-24T21:23:41Z</time></trkpt>
<trkpt lat="45.3705146" lon="-75.8308308"><speed>1.540</speed><ele>25.2</ele><time>2026-09-24T21:23:46Z</time></trkpt>
<trkpt lat="45.3705645" lon="-75.8309024"><speed>1.600</speed><ele>25.2</ele><time>2026-09-24T21:23:51Z</time></trkpt>
<trkpt lat="45.3706102" lon="-75.8309903"><speed>1.740</speed><ele>25.1</ele><time>2026-09-24T21:23:56Z</time></trkpt>
<trkpt lat="45.3706507" lon="-75.8310881"><speed>1.780</speed><ele>25.0</ele><time>2026-09-24T21:24:01Z</time></trkpt>
<trkpt lat="45.3706899" lon="-75.8311896"><speed>1.830</speed><ele>25.0</ele><time>2026-09-24T21:24:06Z</time></trkpt>
<trkpt lat="45.3707280" lon="-75.8312927"><speed>1.850</speed><ele>25.1</ele><time>2026-09-24T21:24:11Z</time></trkpt>
<trkpt lat="45.3707644" lon="-75.8313971"><speed>1.800</speed><ele>25.3</ele><time>2026-09-24T21:24:16Z</time></trkpt>
<trkpt lat="45.3707982" lon="-75.8314980"><speed>1.700</speed><ele>25.3</ele><time>2026-09-24T21:24:21Z</time></trkpt>
<trkpt lat="45.3708333" lon="-75.8315891"><speed>1.490</speed><ele>25.2</ele><time>2026-09-24T21:24:26Z</time></trkpt>
<trkpt lat="45.3708434" lon="-75.8316801"><speed>1.550</speed><ele>25.0</ele><time>2026-09-24T21:24:31Z</time></trkpt>
<trkpt lat="45.3708201" lon="-75.8317720"><speed>1.470</speed><ele>25.1</ele><time>2026-09-24T21:24:36Z</time></trkpt>
<trkpt lat="45.3708017" lon="-75.8318616"><speed>1.490</speed><ele>25.1</ele><time>2026-09-24T21:24:41Z</time></trkpt>
<trkpt lat="45.3707816" lon="-75.8319510"><speed>1.460</speed><ele>25.1</ele><time>2026-09-24T21:24:46Z</time></trkpt>
<trkpt lat="45.3707602" lon="-75.8320425"><speed>1.730</speed><ele>25.0</ele><time>2026-09-24T21:24:51Z</time></trkpt>
<trkpt lat="45.3707401" lon="-75.8321217"><speed>1.360</speed><ele>25.0</ele><time>2026-09-24T21:24:56Z</time></trkpt>
<trkpt lat="45.3707176" lon="-75.8322018"><speed>1.300</speed><ele>24.9</ele><time>2026-09-24T21:25:01Z</time></trkpt>
<trkpt lat="45.3706933" lon="-75.8322746"><speed>1.190</speed><ele>25.0</ele><time>2026-09-24T21:25:06Z</time></trkpt>
<trkpt lat="45.3706760" lon="-75.8323496"><speed>1.300</speed><ele>25.0</ele><time>2026-09-24T21:25:11Z</time></trkpt>
<trkpt lat="45.3706515" lon="-75.8324151"><speed>1.110</speed><ele>24.9</ele><time>2026-09-24T21:25:16Z</time></trkpt>
<trkpt lat="45.3706249" lon="-75.8324741"><speed>1.110</speed><ele>24.8</ele><time>2026-09-24T21:25:21Z</time></trkpt>
<trkpt lat="45.3706066" lon="-75.8325338"><speed>1.080</speed><ele>24.9</ele><time>2026-09-24T21:25:26Z</time></trkpt>
<trkpt lat="45.3705866" lon="-75.8325974"><speed>1.080</speed><ele>24.7</ele><time>2026-09-24T21:25:31Z</time></trkpt>
<trkpt lat="45.3705666" lon="-75.8326625"><speed>1.050</speed><ele>24.8</ele><time>2026-09-24T21:25:36Z</time></trkpt>
<trkpt lat="45.3705450" lon="-75.8327291"><speed>1.080</speed><ele>25.0</ele><time>2026-09-24T21:25:41Z</time></trkpt>
<trkpt lat="45.3705252" lon="-75.8327941"><speed>1.050</speed><ele>25.0</ele><time>2026-09-24T21:25:46Z</time></trkpt>
<trkpt lat="45.3705050" lon="-75.8328554"><speed>1.090</speed><ele>25.1</ele><time>2026-09-24T21:25:51Z</time></trkpt>
<trkpt lat="45.3704860" lon="-75.8329116"><speed>0.850</speed><ele>24.9</ele><time>2026-09-24T21:25:56Z</time></trkpt>
<trkpt lat="45.3704623" lon="-75.8329755"><speed>1.080</speed><ele>24.9</ele><time>2026-09-24T21:26:01Z</time></trkpt>
<trkpt lat="45.3704389" lon="-75.8330363"><speed>1.090</speed><ele>25.0</ele><time>2026-09-24T21:26:06Z</time></trkpt>
<trkpt lat="45.3704164" lon="-75.8331034"><speed>1.190</speed><ele>25.2</ele><time>2026-09-24T21:26:11Z</time></trkpt>
<trkpt lat="45.3703946" lon="-75.8331760"><speed>1.270</speed><ele>25.1</ele><time>2026-09-24T21:26:16Z</time></trkpt>
<trkpt lat="45.3703733" lon="-75.8332533"><speed>1.330</speed><ele>24.9</ele><time>2026-09-24T21:26:21Z</time></trkpt>
<trkpt lat="45.3703529" lon="-75.8333346"><speed>1.410</speed><ele>24.8</ele><time>2026-09-24T21:26:26Z</time></trkpt>
<trkpt lat="45.3703323" lon="-75.8334230"><speed>1.460</speed><ele>25.1</ele><time>2026-09-24T21:26:31Z</time></trkpt>
<trkpt lat="45.3703053" lon="-75.8335051"><speed>1.620</speed><ele>25.1</ele><time>2026-09-24T21:26:36Z</time></trkpt>
<trkpt lat="45.3702790" lon="-75.8336014"><speed>1.610</speed><ele>25.1</ele><time>2026-09-24T21:26:41Z</time></trkpt>
<trkpt lat="45.3702530" lon="-75.8336991"><speed>1.620</speed><ele>25.0</ele><time>2026-09-24T21:26:46Z</time></trkpt>
<trkpt lat="45.3702293" lon="-75.8337912"><speed>1.260</speed><ele>24.8</ele><time>2026-09-24T21:26:51Z</time></trkpt>
<trkpt lat="45.3701825" lon="-75.8338543"><speed>1.450</speed><ele>24.8</ele><time>2026-09-24T21:26:56Z</time></trkpt>
<trkpt lat="45.3701311" lon="-75.8339087"><speed>1.490</speed><ele>25.1</ele><time>2026-09-24T21:27:01Z</time></trkpt>
<trkpt lat="45.3700781" lon="-75.8339638"><speed>1.480</speed><ele>25.1</ele><time>2026-09-24T21:27:06Z</time></trkpt>
<trkpt lat="45.3700293" lon="-75.8340246"><speed>1.480</speed><ele>24.9</ele><time>2026-09-24T21:27:11Z</time></trkpt>
<trkpt lat="45.3699785" lon="-75.8340876"><speed>1.500</speed><ele>25.0</ele><time>2026-09-24T21:27:16Z</time></trkpt>
<trkpt lat="45.3699250" lon="-75.8341465"><speed>1.560</speed><ele>24.6</ele><time>2026-09-24T21:27:21Z</time></trkpt>
<trkpt lat="45.3698699" lon="-75.8342088"><speed>1.070</speed><ele>24.7</ele><time>2026-09-24T21:27:26Z</time></trkpt>
<trkpt lat="45.3698076" lon="-75.8342730"><speed>1.640</speed><ele>25.1</ele><time>2026-09-24T21:27:31Z</time></trkpt>
<trkpt lat="45.3697495" lon="-75.8343394"><speed>1.620</speed><ele>25.1</ele><time>2026-09-24T21:27:36Z</time></trkpt>
<trkpt lat="45.3696873" lon="-75.8344020"><speed>1.690</speed><ele>24.9</ele><time>2026-09-24T21:27:41Z</time></trkpt>
<trkpt lat="45.3696250" lon="-75.8344614"><speed>1.690</speed><ele>24.8</ele><time>2026-09-24T21:27:46Z</time></trkpt>
<trkpt lat="45.3695625" lon="-75.8345233"><speed>1.710</speed><ele>24.5</ele><time>2026-09-24T21:27:51Z</time></trkpt>
<trkpt lat="45.3695032" lon="-75.8345868"><speed>1.640</speed><ele>24.8</ele><time>2026-09-24T21:27:56Z</time></trkpt>
<trkpt lat="45.3694467" lon="-75.8346521"><speed>1.660</speed><ele>25.0</ele><time>2026-09-24T21:28:01Z</time></trkpt>
<trkpt lat="45.3693918" lon="-75.8347222"><speed>1.610</speed><ele>25.1</ele><time>2026-09-24T21:28:06Z</time></trkpt>
<trkpt lat="45.3693383" lon="-75.8347881"><speed>1.610</speed><ele>25.0</ele><time>2026-09-24T21:28:11Z</time></trkpt>
<trkpt lat="45.3692738" lon="-75.8348286"><speed>1.540</speed><ele>24.8</ele><time>2026-09-24T21:28:16Z</time></trkpt>
<trkpt lat="45.3692013" lon="-75.8348352"><speed>1.630</speed><ele>24.6</ele><time>2026-09-24T21:28:21Z</time></trkpt>
<trkpt lat="45.3691300" lon="-75.8348019"><speed>1.690</speed><ele>25.0</ele><time>2026-09-24T21:28:26Z</time></trkpt>
<trkpt lat="45.3690669" lon="-75.8347422"><speed>1.790</speed><ele>25.2</ele><time>2026-09-24T21:28:31Z</time></trkpt>
<trkpt lat="45.3690004" lon="-75.8346729"><speed>1.850</speed><ele>25.1</ele><time>2026-09-24T21:28:36Z</time></trkpt>
<trkpt lat="45.3689323" lon="-75.8346037"><speed>1.900</speed><ele>25.0</ele><time>2026-09-24T21:28:41Z</time></trkpt>
<trkpt lat="45.3688683" lon="-75.8345255"><speed>1.840</speed><ele>24.8</ele><time>2026-09-24T21:28:46Z</time></trkpt>
<trkpt lat="45.3688195" lon="-75.8344340"><speed>1.830</speed><ele>24.8</ele><time>2026-09-24T21:28:51Z</time></trkpt>
<trkpt lat="45.3687788" lon="-75.8343312"><speed>1.910</speed><ele>25.2</ele><time>2026-09-24T21:28:56Z</time></trkpt>
<trkpt lat="45.3687392" lon="-75.8342185"><speed>1.950</speed><ele>25.0</ele><time>2026-09-24T21:29:01Z</time></trkpt>
<trkpt lat="45.3687043" lon="-75.8341011"><speed>2.020</speed><ele>25.0</ele><time>2026-09-24T21:29:06Z</time></trkpt>
<trkpt lat="45.3686654" lon="-75.8339818"><speed>2.100</speed><ele>25.0</ele><time>2026-09-24T21:29:11Z</time></trkpt>
<trkpt lat="45.3686336" lon="-75.8338548"><speed>2.070</speed><ele>24.8</ele><time>2026-09-24T21:29:16Z</time></trkpt>
<trkpt lat="45.3686060" lon="-75.8337206"><speed>2.230</speed><ele>25.1</ele><time>2026-09-24T21:29:21Z</time></trkpt>
<trkpt lat="45.3685654" lon="-75.8335903"><speed>2.270</speed><ele>25.2</ele><time>2026-09-24T21:29:26Z</time></trkpt>
<trkpt lat="45.3685282" lon="-75.8334503"><speed>2.380</speed><ele>25.1</ele><time>2026-09-24T21:29:31Z</time></trkpt>
<trkpt lat="45.3684849" lon="-75.8333121"><speed>2.400</speed><ele>25.1</ele><time>2026-09-24T21:29:36Z</time></trkpt>
<trkpt lat="45.3684469" lon="-75.8331743"><speed>2.260</speed><ele>25.0</ele><time>2026-09-24T21:29:41Z</time></trkpt>
<trkpt lat="45.3684295" lon="-75.8330343"><speed>2.210</speed><ele>25.0</ele><time>2026-09-24T21:29:46Z</time></trkpt>
<trkpt lat="45.3684003" lon="-75.8329022"><speed>2.100</speed><ele>25.2</ele><time>2026-09-24T21:29:51Z</time></trkpt>
<trkpt lat="45.3683685" lon="-75.8327737"><speed>2.190</speed><ele>25.2</ele><time>2026-09-24T21:29:56Z</time></trkpt>
<trkpt lat="45.3683364" lon="-75.8326374"><speed>2.420</speed><ele>25.2</ele><time>2026-09-24T21:30:01Z</time></trkpt>
<trkpt lat="45.3683032" lon="-75.8325058"><speed>2.170</speed><ele>25.0</ele><time>2026-09-24T21:30:06Z</time></trkpt>
<trkpt lat="45.3682684" lon="-75.8323804"><speed>2.100</speed><ele>24.9</ele><time>2026-09-24T21:30:11Z</time></trkpt>
<trkpt lat="45.3682336" lon="-75.8322581"><speed>2.100</speed><ele>25.0</ele><time>2026-09-24T21:30:16Z</time></trkpt>
<trkpt lat="45.3681974" lon="-75.8321309"><speed>2.190</speed><ele>25.2</ele><time>2026-09-24T21:30:21Z</time></trkpt>
<trkpt lat="45.3681564" lon="-75.8320063"><speed>2.280</speed><ele>25.3</ele><time>2026-09-24T21:30:26Z</time></trkpt>
<trkpt lat="45.3681210" lon="-75.8318722"><speed>2.220</speed><ele>25.3</ele><time>2026-09-24T21:30:31Z</time></trkpt>
<trkpt lat="45.3680823" lon="-75.8317436"><speed>2.210</speed><ele>25.1</ele><time>2026-09-24T21:30:36Z</time></trkpt>
<trkpt lat="45.3680383" lon="-75.8316144"><speed>2.230</speed><ele>25.0</ele><time>2026-09-24T21:30:41Z</time></trkpt>
<trkpt lat="45.3679925" lon="-75.8314850"><speed>2.270</speed><ele>25.1</ele><time>2026-09-24T21:30:46Z</time></trkpt>
<trkpt lat="45.3679521" lon="-75.8313500"><speed>2.320</speed><ele>25.4</ele><time>2026-09-24T21:30:51Z</time></trkpt>
<trkpt lat="45.3679059" lon="-75.8312126"><speed>2.430</speed><ele>25.3</ele><time>2026-09-24T21:30:56Z</time></trkpt>
<trkpt lat="45.3678583" lon="-75.8310742"><speed>2.420</speed><ele>25.3</ele><time>2026-09-24T21:31:01Z</time></trkpt>
<trkpt lat="45.3678130" lon="-75.8309341"><speed>2.420</speed><ele>25.2</ele><time>2026-09-24T21:31:06Z</time></trkpt>
<trkpt lat="45.3677667" lon="-75.8307927"><speed>2.450</speed><ele>25.2</ele><time>2026-09-24T21:31:11Z</time></trkpt>
<trkpt lat="45.3677185" lon="-75.8306526"><speed>2.410</speed><ele>25.3</ele><time>2026-09-24T21:31:16Z</time></trkpt>
<trkpt lat="45.3676644" lon="-75.8305221"><speed>2.320</speed><ele>25.5</ele><time>2026-09-24T21:31:21Z</time></trkpt>
<trkpt lat="45.3676047" lon="-75.8304071"><speed>2.140</speed><ele>25.4</ele><time>2026-09-24T21:31:26Z</time></trkpt>
<trkpt lat="45.3675578" lon="-75.8302967"><speed>1.970</speed><ele>25.3</ele><time>2026-09-24T21:31:31Z</time></trkpt>
<trkpt lat="45.3675181" lon="-75.8301898"><speed>1.830</speed><ele>25.2</ele><time>2026-09-24T21:31:36Z</time></trkpt>
<trkpt lat="45.3674834" lon="-75.8300861"><speed>1.740</speed><ele>25.1</ele><time>2026-09-24T21:31:41Z</time></trkpt>
<trkpt lat="45.3674455" lon="-75.8299733"><speed>0.630</speed><ele>25.3</ele><time>2026-09-24T21:31:46Z</time></trkpt>
<trkpt lat="45.3674083" lon="-75.8298990"><speed>1.560</speed><ele>25.2</ele><time>2026-09-24T21:31:51Z</time></trkpt>
<trkpt lat="45.3673695" lon="-75.8298215"><speed>1.570</speed><ele>25.2</ele><time>2026-09-24T21:31:56Z</time></trkpt>
<trkpt lat="45.3673236" lon="-75.8297455"><speed>1.610</speed><ele>25.4</ele><time>2026-09-24T21:32:01Z</time></trkpt>
<trkpt lat="45.3672761" lon="-75.8296704"><speed>1.540</speed><ele>25.2</ele><time>2026-09-24T21:32:06Z</time></trkpt>
<trkpt lat="45.3672415" lon="-75.8295861"><speed>1.530</speed><ele>25.2</ele><time>2026-09-24T21:32:11Z</time></trkpt>
<trkpt lat="45.3672061" lon="-75.8295008"><speed>1.600</speed><ele>25.5</ele><time>2026-09-24T21:32:16Z</time></trkpt>
<trkpt lat="45.3671711" lon="-75.8294151"><speed>1.430</speed><ele>25.4</ele><time>2026-09-24T21:32:21Z</time></trkpt>
<trkpt lat="45.3671401" lon="-75.8293250"><speed>1.600</speed><ele>25.4</ele><time>2026-09-24T21:32:26Z</time></trkpt>
<trkpt lat="45.3671023" lon="-75.8292337"><speed>1.670</speed><ele>25.4</ele><time>2026-09-24T21:32:31Z</time></trkpt>
<trkpt lat="45.3670680" lon="-75.8291365"><speed>1.690</speed><ele>25.3</ele><time>2026-09-24T21:32:36Z</time></trkpt>
<trkpt lat="45.3670322" lon="-75.8290370"><speed>1.760</speed><ele>25.3</ele><time>2026-09-24T21:32:41Z</time></trkpt>
<trkpt lat="45.3669962" lon="-75.8289342"><speed>1.830</speed><ele>25.5</ele><time>2026-09-24T21:32:46Z</time></trkpt>
<trkpt lat="45.3669645" lon="-75.8288256"><speed>1.890</speed><ele>25.7</ele><time>2026-09-24T21:32:51Z</time></trkpt>
<trkpt lat="45.3669286" lon="-75.8287134"><speed>1.960</speed><ele>25.5</ele><time>2026-09-24T21:32:56Z</time></trkpt>
<trkpt lat="45.3668909" lon="-75.8285962"><speed>2.050</speed><ele>25.5</ele><time>2026-09-24T21:33:01Z</time></trkpt>
<trkpt lat="45.3668591" lon="-75.8284737"><speed>2.040</speed><ele>25.5</ele><time>2026-09-24T21:33:06Z</time></trkpt>
<trkpt lat="45.3668296" lon="-75.8283516"><speed>2.000</speed><ele>25.6</ele><time>2026-09-24T21:33:11Z</time></trkpt>
<trkpt lat="45.3667959" lon="-75.8282334"><speed>2.060</speed><ele>25.6</ele><time>2026-09-24T21:33:16Z</time></trkpt>
<trkpt lat="45.3667605" lon="-75.8281067"><speed>2.190</speed><ele>25.7</ele><time>2026-09-24T21:33:21Z</time></trkpt>
<trkpt lat="45.3667249" lon="-75.8279715"><speed>2.360</speed><ele>25.7</ele><time>2026-09-24T21:33:26Z</time></trkpt>
<trkpt lat="45.3666654" lon="-75.8278397"><speed>2.510</speed><ele>25.6</ele><time>2026-09-24T21:33:31Z</time></trkpt>
<trkpt lat="45.3665965" lon="-75.8277133"><speed>2.490</speed><ele>25.5</ele><time>2026-09-24T21:33:36Z</time></trkpt>
<trkpt lat="45.3665274" lon="-75.8275851"><speed>2.570</speed><ele>25.6</ele><time>2026-09-24T21:33:41Z</time></trkpt>
<trkpt lat="45.3664595" lon="-75.8274539"><speed>2.540</speed><ele>25.8</ele><time>2026-09-24T21:33:46Z</time></trkpt>
<trkpt lat="45.3663924" lon="-75.8273218"><speed>2.600</speed><ele>25.7</ele><time>2026-09-24T21:33:51Z</time></trkpt>
<trkpt lat="45.3663249" lon="-75.8271899"><speed>2.430</speed><ele>25.7</ele><time>2026-09-24T21:33:56Z</time></trkpt>
<trkpt lat="45.3662506" lon="-75.8270658"><speed>2.460</speed><ele>25.5</ele><time>2026-09-24T21:34:01Z</time></trkpt>
<trkpt lat="45.3661877" lon="-75.8269394"><speed>2.320</speed><ele>25.6</ele><time>2026-09-24T21:34:06Z</time></trkpt>
<trkpt lat="45.3661395" lon="-75.8268023"><speed>2.350</speed><ele>25.8</ele><time>2026-09-24T21:34:11Z</time></trkpt>
<trkpt lat="45.3660952" lon="-75.8266623"><speed>2.370</speed><ele>25.9</ele><time>2026-09-24T21:34:16Z</time></trkpt>
<trkpt lat="45.3660666" lon="-75.8265186"><speed>2.270</speed><ele>25.7</ele><time>2026-09-24T21:34:21Z</time></trkpt>
<trkpt lat="45.3660370" lon="-75.8263759"><speed>2.340</speed><ele>25.6</ele><time>2026-09-24T21:34:26Z</time></trkpt>
<trkpt lat="45.3660099" lon="-75.8262244"><speed>2.460</speed><ele>25.5</ele><time>2026-09-24T21:34:31Z</time></trkpt>
<trkpt lat="45.3659874" lon="-75.8260730"><speed>2.470</speed><ele>25.5</ele><time>2026-09-24T21:34:36Z</time></trkpt>
<trkpt lat="45.3659638" lon="-75.8259151"><speed>2.440</speed><ele>25.7</ele><time>2026-09-24T21:34:41Z</time></trkpt>
<trkpt lat="45.3659394" lon="-75.8257673"><speed>2.680</speed><ele>25.8</ele><time>2026-09-24T21:34:46Z</time></trkpt>
<trkpt lat="45.3659134" lon="-75.8256118"><speed>2.430</speed><ele>25.7</ele><time>2026-09-24T21:34:51Z</time></trkpt>
<trkpt lat="45.3658879" lon="-75.8254681"><speed>2.340</speed><ele>25.5</ele><time>2026-09-24T21:34:56Z</time></trkpt>
<trkpt lat="45.3658649" lon="-75.8253210"><speed>2.340</speed><ele>25.7</ele><time>2026-09-24T21:35:01Z</time></trkpt>
<trkpt lat="45.3658406" lon="-75.8251760"><speed>2.280</speed><ele>25.9</ele><time>2026-09-24T21:35:06Z</time></trkpt>
<trkpt lat="45.3658163" lon="-75.8250343"><speed>2.260</speed><ele>26.0</ele><time>2026-09-24T21:35:11Z</time></trkpt>
<trkpt lat="45.3657965" lon="-75.8248861"><speed>2.310</speed><ele>25.9</ele><time>2026-09-24T21:35:16Z</time></trkpt>
<trkpt lat="45.3657809" lon="-75.8247378"><speed>2.320</speed><ele>25.9</ele><time>2026-09-24T21:35:21Z</time></trkpt>
<trkpt lat="45.3657673" lon="-75.8245900"><speed>2.300</speed><ele>25.7</ele><time>2026-09-24T21:35:26Z</time></trkpt>
<trkpt lat="45.3657547" lon="-75.8244436"><speed>2.310</speed><ele>25.7</ele><time>2026-09-24T21:35:31Z</time></trkpt>
<trkpt lat="45.3657438" lon="-75.8242985"><speed>2.350</speed><ele>26.0</ele><time>2026-09-24T21:35:36Z</time></trkpt>
<trkpt lat="45.3657396" lon="-75.8241497"><speed>2.410</speed><ele>26.1</ele><time>2026-09-24T21:35:41Z</time></trkpt>
<trkpt lat="45.3657399" lon="-75.8239927"><speed>2.450</speed><ele>26.0</ele><time>2026-09-24T21:35:46Z</time></trkpt>
<trkpt lat="45.3657417" lon="-75.8238353"><speed>2.440</speed><ele>25.8</ele><time>2026-09-24T21:35:51Z</time></trkpt>
<trkpt lat="45.3657438" lon="-75.8236800"><speed>2.380</speed><ele>25.9</ele><time>2026-09-24T21:35:56Z</time></trkpt>
<trkpt lat="45.3657471" lon="-75.8235281"><speed>2.340</speed><ele>26.0</ele><time>2026-09-24T21:36:01Z</time></trkpt>
<trkpt lat="45.3657727" lon="-75.8234009"><speed>1.890</speed><ele>26.1</ele><time>2026-09-24T21:36:06Z</time></trkpt>
<trkpt lat="45.3658323" lon="-75.8233483"><speed>1.370</speed><ele>26.2</ele><time>2026-09-24T21:36:11Z</time></trkpt>
<trkpt lat="45.3658933" lon="-75.8233694"><speed>1.520</speed><ele>26.0</ele><time>2026-09-24T21:36:16Z</time></trkpt>
<trkpt lat="45.3659580" lon="-75.8234328"><speed>1.950</speed><ele>25.9</ele><time>2026-09-24T21:36:21Z</time></trkpt>
<trkpt lat="45.3660200" lon="-75.8235292"><speed>2.140</speed><ele>25.9</ele><time>2026-09-24T21:36:26Z</time></trkpt>
<trkpt lat="45.3660823" lon="-75.8236394"><speed>2.170</speed><ele>26.1</ele><time>2026-09-24T21:36:31Z</time></trkpt>
<trkpt lat="45.3661148" lon="-75.8237662"><speed>2.100</speed><ele>26.1</ele><time>2026-09-24T21:36:36Z</time></trkpt>
<trkpt lat="45.3661460" lon="-75.8238871"><speed>1.880</speed><ele>26.2</ele><time>2026-09-24T21:36:41Z</time></trkpt>
<trkpt lat="45.3661824" lon="-75.8240051"><speed>1.850</speed><ele>26.0</ele><time>2026-09-24T21:36:46Z</time></trkpt>
<trkpt lat="45.3662068" lon="-75.8241117"><speed>1.780</speed><ele>25.7</ele><time>2026-09-24T21:36:51Z</time></trkpt>
<trkpt lat="45.3662322" lon="-75.8242191"><speed>1.750</speed><ele>25.8</ele><time>2026-09-24T21:36:56Z</time></trkpt>
<trkpt lat="45.3662640" lon="-75.8243220"><speed>1.710</speed><ele>25.9</ele><time>2026-09-24T21:37:01Z</time></trkpt>
<trkpt lat="45.3662967" lon="-75.8244211"><speed>1.650</speed><ele>26.0</ele><time>2026-09-24T21:37:06Z</time></trkpt>
<trkpt lat="45.3663394" lon="-75.8245083"><speed>1.630</speed><ele>26.0</ele><time>2026-09-24T21:37:11Z</time></trkpt>
<trkpt lat="45.3663925" lon="-75.8245900"><speed>1.620</speed><ele>26.1</ele><time>2026-09-24T21:37:16Z</time></trkpt>
<trkpt lat="45.3664311" lon="-75.8246761"><speed>1.610</speed><ele>25.9</ele><time>2026-09-24T21:37:21Z</time></trkpt>
<trkpt lat="45.3664811" lon="-75.8247630"><speed>1.800</speed><ele>26.0</ele><time>2026-09-24T21:37:26Z</time></trkpt>
<trkpt lat="45.3665300" lon="-75.8248528"><speed>1.810</speed><ele>26.2</ele><time>2026-09-24T21:37:31Z</time></trkpt>
<trkpt lat="45.3665588" lon="-75.8249600"><speed>1.780</speed><ele>26.3</ele><time>2026-09-24T21:37:36Z</time></trkpt>
<trkpt lat="45.3666148" lon="-75.8250412"><speed>1.780</speed><ele>26.1</ele><time>2026-09-24T21:37:41Z</time></trkpt>
<trkpt lat="45.3666781" lon="-75.8251218"><speed>1.910</speed><ele>26.2</ele><time>2026-09-24T21:37:46Z</time></trkpt>
<trkpt lat="45.3667438" lon="-75.8252081"><speed>2.020</speed><ele>26.0</ele><time>2026-09-24T21:37:51Z</time></trkpt>
<trkpt lat="45.3668138" lon="-75.8252915"><speed>2.030</speed><ele>26.0</ele><time>2026-09-24T21:37:56Z</time></trkpt>
<trkpt lat="45.3668839" lon="-75.8253771"><speed>2.120</speed><ele>26.1</ele><time>2026-09-24T21:38:01Z</time></trkpt>
<trkpt lat="45.3669557" lon="-75.8254671"><speed>2.130</speed><ele>26.0</ele><time>2026-09-24T21:38:06Z</time></trkpt>
<trkpt lat="45.3670268" lon="-75.8255592"><speed>2.100</speed><ele>26.1</ele><time>2026-09-24T21:38:11Z</time></trkpt>
<trkpt lat="45.3670983" lon="-75.8256405"><speed>1.900</speed><ele>25.8</ele><time>2026-09-24T21:38:16Z</time></trkpt>
<trkpt lat="45.3671779" lon="-75.8256397"><speed>1.560</speed><ele>25.8</ele><time>2026-09-24T21:38:21Z</time></trkpt>
<trkpt lat="45.3672211" lon="-75.8255717"><speed>1.270</speed><ele>25.9</ele><time>2026-09-24T21:38:26Z</time></trkpt>
<trkpt lat="45.3672137" lon="-75.8254780"><speed>1.540</speed><ele>25.9</ele><time>2026-09-24T21:38:31Z</time></trkpt>
<trkpt lat="45.3671979" lon="-75.8253798"><speed>1.600</speed><ele>26.0</ele><time>2026-09-24T21:38:36Z</time></trkpt>
<trkpt lat="45.3671915" lon="-75.8252749"><speed>1.670</speed><ele>25.9</ele><time>2026-09-24T21:38:41Z</time></trkpt>
<trkpt lat="45.3671942" lon="-75.8251645"><speed>1.680</speed><ele>25.7</ele><time>2026-09-24T21:38:46Z</time></trkpt>
<trkpt lat="45.3672042" lon="-75.8250589"><speed>1.660</speed><ele>25.8</ele><time>2026-09-24T21:38:51Z</time></trkpt>
<trkpt lat="45.3672120" lon="-75.8249565"><speed>1.630</speed><ele>25.8</ele><time>2026-09-24T21:38:56Z</time></trkpt>
<trkpt lat="45.3672197" lon="-75.8248509"><speed>1.710</speed><ele>26.0</ele><time>2026-09-24T21:39:01Z</time></trkpt>
<trkpt lat="45.3672355" lon="-75.8247415"><speed>2.130</speed><ele>25.8</ele><time>2026-09-24T21:39:06Z</time></trkpt>
<trkpt lat="45.3672437" lon="-75.8246330"><speed>1.730</speed><ele>25.7</ele><time>2026-09-24T21:39:11Z</time></trkpt>
<trkpt lat="45.3672560" lon="-75.8245286"><speed>1.690</speed><ele>25.7</ele><time>2026-09-24T21:39:16Z</time></trkpt>
<trkpt lat="45.3672698" lon="-75.8244253"><speed>1.620</speed><ele>25.6</ele><time>2026-09-24T21:39:21Z</time></trkpt>
<trkpt lat="45.3672892" lon="-75.8243267"><speed>1.630</speed><ele>25.9</ele><time>2026-09-24T21:39:26Z</time></trkpt>
<trkpt lat="45.3672909" lon="-75.8242154"><speed>1.760</speed><ele>26.1</ele><time>2026-09-24T21:39:31Z</time></trkpt>
<trkpt lat="45.3672928" lon="-75.8241009"><speed>1.830</speed><ele>25.9</ele><time>2026-09-24T21:39:36Z</time></trkpt>
<trkpt lat="45.3672998" lon="-75.8239863"><speed>1.830</speed><ele>25.8</ele><time>2026-09-24T21:39:41Z</time></trkpt>
<trkpt lat="45.3673086" lon="-75.8238743"><speed>1.770</speed><ele>25.9</ele><time>2026-09-24T21:39:46Z</time></trkpt>
<trkpt lat="45.3673163" lon="-75.8237611"><speed>1.810</speed><ele>25.8</ele><time>2026-09-24T21:39:51Z</time></trkpt>
<trkpt lat="45.3673246" lon="-75.8236476"><speed>1.780</speed><ele>26.1</ele><time>2026-09-24T21:39:56Z</time></trkpt>
<trkpt lat="45.3673261" lon="-75.8235317"><speed>1.860</speed><ele>26.0</ele><time>2026-09-24T21:40:01Z</time></trkpt>
<trkpt lat="45.3673272" lon="-75.8234110"><speed>1.880</speed><ele>26.1</ele><time>2026-09-24T21:40:06Z</time></trkpt>
<trkpt lat="45.3673288" lon="-75.8232881"><speed>1.920</speed><ele>25.9</ele><time>2026-09-24T21:40:11Z</time></trkpt>
<trkpt lat="45.3673312" lon="-75.8231609"><speed>2.030</speed><ele>25.9</ele><time>2026-09-24T21:40:16Z</time></trkpt>
<trkpt lat="45.3673401" lon="-75.8230318"><speed>2.060</speed><ele>25.8</ele><time>2026-09-24T21:40:21Z</time></trkpt>
<trkpt lat="45.3673599" lon="-75.8229031"><speed>2.270</speed><ele>25.9</ele><time>2026-09-24T21:40:26Z</time></trkpt>
<trkpt lat="45.3673821" lon="-75.8227710"><speed>2.050</speed><ele>26.0</ele><time>2026-09-24T21:40:31Z</time></trkpt>
<trkpt lat="45.3674014" lon="-75.8226494"><speed>2.000</speed><ele>25.9</ele><time>2026-09-24T21:40:36Z</time></trkpt>
<trkpt lat="45.3674202" lon="-75.8225326"><speed>2.130</speed><ele>25.8</ele><time>2026-09-24T21:40:41Z</time></trkpt>
<trkpt lat="45.3674414" lon="-75.8224107"><speed>1.970</speed><ele>25.8</ele><time>2026-09-24T21:40:46Z</time></trkpt>
<trkpt lat="45.3674608" lon="-75.8222815"><speed>1.950</speed><ele>25.9</ele><time>2026-09-24T21:40:51Z</time></trkpt>
<trkpt lat="45.3674761" lon="-75.8221552"><speed>1.960</speed><ele>25.8</ele><time>2026-09-24T21:40:56Z</time></trkpt>
<trkpt lat="45.3674910" lon="-75.8220322"><speed>1.900</speed><ele>26.1</ele><time>2026-09-24T21:41:01Z</time></trkpt>
<trkpt lat="45.3675056" lon="-75.8219122"><speed>1.910</speed><ele>25.9</ele><time>2026-09-24T21:41:06Z</time></trkpt>
<trkpt lat="45.3675259" lon="-75.8217972"><speed>1.940</speed><ele>25.7</ele><time>2026-09-24T21:41:11Z</time></trkpt>
<trkpt lat="45.3675395" lon="-75.8216804"><speed>1.830</speed><ele>25.7</ele><time>2026-09-24T21:41:16Z</time></trkpt>
<trkpt lat="45.3675482" lon="-75.8215638"><speed>1.810</speed><ele>25.7</ele><time>2026-09-24T21:41:21Z</time></trkpt>
<trkpt lat="45.3675620" lon="-75.8214496"><speed>1.750</speed><ele>25.8</ele><time>2026-09-24T21:41:26Z</time></trkpt>
<trkpt lat="45.3675784" lon="-75.8213378"><speed>1.790</speed><ele>25.8</ele><time>2026-09-24T21:41:31Z</time></trkpt>
<trkpt lat="45.3675843" lon="-75.8212242"><speed>1.790</speed><ele>25.7</ele><time>2026-09-24T21:41:36Z</time></trkpt>
<trkpt lat="45.3675993" lon="-75.8211103"><speed>1.790</speed><ele>25.4</ele><time>2026-09-24T21:41:41Z</time></trkpt>
<trkpt lat="45.3676154" lon="-75.8209978"><speed>1.770</speed><ele>25.6</ele><time>2026-09-24T21:41:46Z</time></trkpt>
<trkpt lat="45.3676317" lon="-75.8208871"><speed>1.760</speed><ele>25.5</ele><time>2026-09-24T21:41:51Z</time></trkpt>
<trkpt lat="45.3676474" lon="-75.8207763"><speed>1.740</speed><ele>25.6</ele><time>2026-09-24T21:41:56Z</time></trkpt>
<trkpt lat="45.3676563" lon="-75.8206652"><speed>1.760</speed><ele>25.7</ele><time>2026-09-24T21:42:01Z</time></trkpt>
<trkpt lat="45.3676606" lon="-75.8205520"><speed>1.760</speed><ele>25.3</ele><time>2026-09-24T21:42:06Z</time></trkpt>
<trkpt lat="45.3676660" lon="-75.8204382"><speed>1.770</speed><ele>25.2</ele><time>2026-09-24T21:42:11Z</time></trkpt>
<trkpt lat="45.3676681" lon="-75.8203222"><speed>1.800</speed><ele>25.5</ele><time>2026-09-24T21:42:16Z</time></trkpt>
<trkpt lat="45.3676707" lon="-75.8202055"><speed>1.870</speed><ele>25.7</ele><time>2026-09-24T21:42:21Z</time></trkpt>
<trkpt lat="45.3676726" lon="-75.8200886"><speed>1.770</speed><ele>25.3</ele><time>2026-09-24T21:42:26Z</time></trkpt>
<trkpt lat="45.3676796" lon="-75.8199758"><speed>1.800</speed><ele>25.2</ele><time>2026-09-24T21:42:31Z</time></trkpt>
<trkpt lat="45.3676784" lon="-75.8198626"><speed>1.820</speed><ele>25.1</ele><time>2026-09-24T21:42:36Z</time></trkpt>
<trkpt lat="45.3676783" lon="-75.8197456"><speed>1.830</speed><ele>25.4</ele><time>2026-09-24T21:42:41Z</time></trkpt>
<trkpt lat="45.3676767" lon="-75.8196267"><speed>1.850</speed><ele>25.0</ele><time>2026-09-24T21:42:46Z</time></trkpt>
<trkpt lat="45.3676750" lon="-75.8195049"><speed>1.950</speed><ele>25.5</ele><time>2026-09-24T21:42:51Z</time></trkpt>
<trkpt lat="45.3676747" lon="-75.8193816"><speed>1.940</speed><ele>25.3</ele><time>2026-09-24T21:42:56Z</time></trkpt>
<trkpt lat="45.3676777" lon="-75.8192597"><speed>1.850</speed><ele>25.0</ele><time>2026-09-24T21:43:01Z</time></trkpt>
<trkpt lat="45.3677061" lon="-75.8191619"><speed>1.520</speed><ele>25.1</ele><time>2026-09-24T21:43:06Z</time></trkpt>
<trkpt lat="45.3677587" lon="-75.8191356"><speed>1.140</speed><ele>25.1</ele><time>2026-09-24T21:43:11Z</time></trkpt>
<trkpt lat="45.3678002" lon="-75.8191756"><speed>1.150</speed><ele>25.1</ele><time>2026-09-24T21:43:16Z</time></trkpt>
<trkpt lat="45.3678441" lon="-75.8192250"><speed>1.240</speed><ele>25.3</ele><time>2026-09-24T21:43:21Z</time></trkpt>
<trkpt lat="45.3678936" lon="-75.8192405"><speed>1.050</speed><ele>25.0</ele><time>2026-09-24T21:43:26Z</time></trkpt>
<trkpt lat="45.3679392" lon="-75.8192397"><speed>0.910</speed><ele>25.0</ele><time>2026-09-24T21:43:31Z</time></trkpt>
<trkpt lat="45.3679802" lon="-75.8192447"><speed>0.860</speed><ele>25.1</ele><time>2026-09-24T21:43:36Z</time></trkpt>
<trkpt lat="45.3680161" lon="-75.8192735"><speed>1.080</speed><ele>25.0</ele><time>2026-09-24T21:43:41Z</time></trkpt>
<trkpt lat="45.3680606" lon="-75.8193188"><speed>1.280</speed><ele>25.2</ele><time>2026-09-24T21:43:46Z</time></trkpt>
<trkpt lat="45.3681127" lon="-75.8193576"><speed>1.380</speed><ele>25.3</ele><time>2026-09-24T21:43:51Z</time></trkpt>
<trkpt lat="45.3681713" lon="-75.8193974"><speed>1.540</speed><ele>25.1</ele><time>2026-09-24T21:43:56Z</time></trkpt>
<trkpt lat="45.3682310" lon="-75.8194469"><speed>1.670</speed><ele>25.0</ele><time>2026-09-24T21:44:01Z</time></trkpt>
<trkpt lat="45.3682963" lon="-75.8195046"><speed>1.760</speed><ele>25.2</ele><time>2026-09-24T21:44:06Z</time></trkpt>
<trkpt lat="45.3683625" lon="-75.8195831"><speed>1.910</speed><ele>25.1</ele><time>2026-09-24T21:44:11Z</time></trkpt>
<trkpt lat="45.3684377" lon="-75.8196483"><speed>2.010</speed><ele>25.1</ele><time>2026-09-24T21:44:16Z</time></trkpt>
<trkpt lat="45.3685151" lon="-75.8197181"><speed>1.970</speed><ele>25.3</ele><time>2026-09-24T21:44:21Z</time></trkpt>
<trkpt lat="45.3685904" lon="-75.8197847"><speed>1.960</speed><ele>25.0</ele><time>2026-09-24T21:44:26Z</time></trkpt>
<trkpt lat="45.3686646" lon="-75.8198440"><speed>1.850</speed><ele>25.0</ele><time>2026-09-24T21:44:31Z</time></trkpt>
<trkpt lat="45.3687429" lon="-75.8198840"><speed>1.830</speed><ele>25.0</ele><time>2026-09-24T21:44:36Z</time></trkpt>
<trkpt lat="45.3688257" lon="-75.8199265"><speed>1.910</speed><ele>25.0</ele><time>2026-09-24T21:44:41Z</time></trkpt>
<trkpt lat="45.3689038" lon="-75.8199857"><speed>1.990</speed><ele>25.2</ele><time>2026-09-24T21:44:46Z</time></trkpt>
<trkpt lat="45.3689857" lon="-75.8200415"><speed>2.070</speed><ele>25.3</ele><time>2026-09-24T21:44:51Z</time></trkpt>
<trkpt lat="45.3690737" lon="-75.8200923"><speed>2.110</speed><ele>24.9</ele><time>2026-09-24T21:44:56Z</time></trkpt>
<trkpt lat="45.3691587" lon="-75.8201374"><speed>2.000</speed><ele>25.1</ele><time>2026-09-24T21:45:01Z</time></trkpt>
<trkpt lat="45.3692408" lon="-75.8201963"><speed>2.100</speed><ele>25.1</ele><time>2026-09-24T21:45:06Z</time></trkpt>
<trkpt lat="45.3693292" lon="-75.8202504"><speed>2.180</speed><ele>25.2</ele><time>2026-09-24T21:45:11Z</time></trkpt>
<trkpt lat="45.3694174" lon="-75.8202983"><speed>2.130</speed><ele>25.1</ele><time>2026-09-24T21:45:16Z</time></trkpt>
<trkpt lat="45.3695070" lon="-75.8203442"><speed>2.250</speed><ele>25.3</ele><time>2026-09-24T21:45:21Z</time></trkpt>
<trkpt lat="45.3696065" lon="-75.8203815"><speed>2.310</speed><ele>25.1</ele><time>2026-09-24T21:45:26Z</time></trkpt>
<trkpt lat="45.3697057" lon="-75.8204087"><speed>2.070</speed><ele>25.1</ele><time>2026-09-24T21:45:31Z</time></trkpt>
<trkpt lat="45.3697923" lon="-75.8204513"><speed>2.060</speed><ele>25.2</ele><time>2026-09-24T21:45:36Z</time></trkpt>
<trkpt lat="45.3698297" lon="-75.8205784"><speed>2.150</speed><ele>25.0</ele><time>2026-09-24T21:45:41Z</time></trkpt>
<trkpt lat="45.3698640" lon="-75.8207065"><speed>2.070</speed><ele>24.9</ele><time>2026-09-24T21:45:46Z</time></trkpt>
<trkpt lat="45.3698790" lon="-75.8208393"><speed>2.240</speed><ele>25.0</ele><time>2026-09-24T21:45:51Z</time></trkpt>
<trkpt lat="45.3698804" lon="-75.8209799"><speed>2.180</speed><ele>24.8</ele><time>2026-09-24T21:45:56Z</time></trkpt>
<trkpt lat="45.3698725" lon="-75.8211173"><speed>2.090</speed><ele>24.9</ele><time>2026-09-24T21:46:01Z</time></trkpt>
<trkpt lat="45.3698603" lon="-75.8212506"><speed>2.090</speed><ele>24.8</ele><time>2026-09-24T21:46:06Z</time></trkpt>
<trkpt lat="45.3698442" lon="-75.8213780"><speed>2.040</speed><ele>24.7</ele><time>2026-09-24T21:46:11Z</time></trkpt>
<trkpt lat="45.3698318" lon="-75.8215030"><speed>1.970</speed><ele>24.8</ele><time>2026-09-24T21:46:16Z</time></trkpt>
<trkpt lat="45.3698230" lon="-75.8216249"><speed>1.900</speed><ele>24.9</ele><time>2026-09-24T21:46:21Z</time></trkpt>
<trkpt lat="45.3698365" lon="-75.8217457"><speed>2.000</speed><ele>24.7</ele><time>2026-09-24T21:46:26Z</time></trkpt>
<trkpt lat="45.3698264" lon="-75.8218769"><speed>2.070</speed><ele>24.8</ele><time>2026-09-24T21:46:31Z</time></trkpt>
<trkpt lat="45.3698158" lon="-75.8220074"><speed>1.990</speed><ele>24.8</ele><time>2026-09-24T21:46:36Z</time></trkpt>
<trkpt lat="45.3698013" lon="-75.8221324"><speed>1.960</speed><ele>24.7</ele><time>2026-09-24T21:46:41Z</time></trkpt>
<trkpt lat="45.3697837" lon="-75.8222544"><speed>1.910</speed><ele>24.7</ele><time>2026-09-24T21:46:46Z</time></trkpt>
<trkpt lat="45.3697610" lon="-75.8223733"><speed>1.950</speed><ele>24.7</ele><time>2026-09-24T21:46:51Z</time></trkpt>
<trkpt lat="45.3697419" lon="-75.8224932"><speed>1.950</speed><ele>24.4</ele><time>2026-09-24T21:46:56Z</time></trkpt>
<trkpt lat="45.3697204" lon="-75.8226081"><speed>1.800</speed><ele>24.6</ele><time>2026-09-24T21:47:01Z</time></trkpt>
<trkpt lat="45.3696787" lon="-75.8226852"><speed>1.930</speed><ele>24.6</ele><time>2026-09-24T21:47:06Z</time></trkpt>
<trkpt lat="45.3696150" lon="-75.8227388"><speed>1.580</speed><ele>24.6</ele><time>2026-09-24T21:47:11Z</time></trkpt>
<trkpt lat="45.3695661" lon="-75.8228123"><speed>1.670</speed><ele>24.8</ele><time>2026-09-24T21:47:16Z</time></trkpt>
<trkpt lat="45.3695184" lon="-75.8228929"><speed>1.700</speed><ele>24.7</ele><time>2026-09-24T21:47:21Z</time></trkpt>
<trkpt lat="45.3694940" lon="-75.8229667"><speed>3.100</speed><ele>24.6</ele><time>2026-09-24T21:47:26Z</time></trkpt>
<trkpt lat="45.3694221" lon="-75.8230614"><speed>1.680</speed><ele>24.7</ele><time>2026-09-24T21:47:31Z</time></trkpt>
<trkpt lat="45.3693626" lon="-75.8231373"><speed>1.670</speed><ele>24.6</ele><time>2026-09-24T21:47:36Z</time></trkpt>
<trkpt lat="45.3693092" lon="-75.8232120"><speed>1.680</speed><ele>24.6</ele><time>2026-09-24T21:47:41Z</time></trkpt>
<trkpt lat="45.3692577" lon="-75.8232926"><speed>1.680</speed><ele>24.8</ele><time>2026-09-24T21:47:46Z</time></trkpt>
<trkpt lat="45.3692102" lon="-75.8233742"><speed>1.680</speed><ele>24.6</ele><time>2026-09-24T21:47:51Z</time></trkpt>
<trkpt lat="45.3691587" lon="-75.8234582"><speed>1.680</speed><ele>24.7</ele><time>2026-09-24T21:47:56Z</time></trkpt>
<trkpt lat="45.3691089" lon="-75.8235400"><speed>1.680</speed><ele>24.6</ele><time>2026-09-24T21:48:01Z</time></trkpt>
<trkpt lat="45.3690608" lon="-75.8236221"><speed>1.650</speed><ele>24.7</ele><time>2026-09-24T21:48:06Z</time></trkpt>
<trkpt lat="45.3690145" lon="-75.8237052"><speed>1.640</speed><ele>24.7</ele><time>2026-09-24T21:48:11Z</time></trkpt>
<trkpt lat="45.3689664" lon="-75.8237900"><speed>2.490</speed><ele>24.9</ele><time>2026-09-24T21:48:16Z</time></trkpt>
<trkpt lat="45.3689319" lon="-75.8238720"><speed>1.660</speed><ele>24.6</ele><time>2026-09-24T21:48:21Z</time></trkpt>
<trkpt lat="45.3688794" lon="-75.8239428"><speed>1.540</speed><ele>24.7</ele><time>2026-09-24T21:48:26Z</time></trkpt>
<trkpt lat="45.3688327" lon="-75.8240213"><speed>1.610</speed><ele>24.7</ele><time>2026-09-24T21:48:31Z</time></trkpt>
<trkpt lat="45.3687829" lon="-75.8240972"><speed>1.640</speed><ele>24.7</ele><time>2026-09-24T21:48:36Z</time></trkpt>
<trkpt lat="45.3687330" lon="-75.8241711"><speed>1.620</speed><ele>24.8</ele><time>2026-09-24T21:48:41Z</time></trkpt>
<trkpt lat="45.3686828" lon="-75.8242502"><speed>1.620</speed><ele>24.8</ele><time>2026-09-24T21:48:46Z</time></trkpt>
<trkpt lat="45.3686338" lon="-75.8243232"><speed>1.610</speed><ele>24.7</ele><time>2026-09-24T21:48:51Z</time></trkpt>
<trkpt lat="45.3685881" lon="-75.8244011"><speed>1.550</speed><ele>24.8</ele><time>2026-09-24T21:48:56Z</time></trkpt>
<trkpt lat="45.3685461" lon="-75.8244821"><speed>1.540</speed><ele>24.9</ele><time>2026-09-24T21:49:01Z</time></trkpt>
<trkpt lat="45.3685068" lon="-75.8245640"><speed>1.510</speed><ele>24.8</ele><time>2026-09-24T21:49:06Z</time></trkpt>
<trkpt lat="45.3684674" lon="-75.8246383"><speed>1.480</speed><ele>24.9</ele><time>2026-09-24T21:49:11Z</time></trkpt>
<trkpt lat="45.3684204" lon="-75.8247043"><speed>1.470</speed><ele>25.0</ele><time>2026-09-24T21:49:16Z</time></trkpt>
<trkpt lat="45.3683808" lon="-75.8247742"><speed>1.510</speed><ele>24.9</ele><time>2026-09-24T21:49:21Z</time></trkpt>
<trkpt lat="45.3683373" lon="-75.8248480"><speed>1.420</speed><ele>25.0</ele><time>2026-09-24T21:49:26Z</time></trkpt>
<trkpt lat="45.3682945" lon="-75.8249138"><speed>1.320</speed><ele>25.0</ele><time>2026-09-24T21:49:31Z</time></trkpt>
<trkpt lat="45.3682368" lon="-75.8249431"><speed>1.480</speed><ele>24.9</ele><time>2026-09-24T21:49:36Z</time></trkpt>
<trkpt lat="45.3681720" lon="-75.8249582"><speed>1.610</speed><ele>24.9</ele><time>2026-09-24T21:49:41Z</time></trkpt>
<trkpt lat="45.3681036" lon="-75.8249764"><speed>1.470</speed><ele>24.8</ele><time>2026-09-24T21:49:46Z</time></trkpt>
<trkpt lat="45.3680385" lon="-75.8249620"><speed>1.540</speed><ele>25.0</ele><time>2026-09-24T21:49:51Z</time></trkpt>
<trkpt lat="45.3679761" lon="-75.8249207"><speed>1.590</speed><ele>25.1</ele><time>2026-09-24T21:49:56Z</time></trkpt>
<trkpt lat="45.3679124" lon="-75.8248801"><speed>1.600</speed><ele>25.0</ele><time>2026-09-24T21:50:01Z</time></trkpt>
<trkpt lat="45.3678467" lon="-75.8248436"><speed>1.530</speed><ele>25.1</ele><time>2026-09-24T21:50:06Z</time></trkpt>
<trkpt lat="45.3677938" lon="-75.8247787"><speed>1.580</speed><ele>25.3</ele><time>2026-09-24T21:50:11Z</time></trkpt>
<trkpt lat="45.3677526" lon="-75.8246921"><speed>1.740</speed><ele>25.1</ele><time>2026-09-24T21:50:16Z</time></trkpt>
<trkpt lat="45.3677255" lon="-75.8245929"><speed>2.020</speed><ele>25.2</ele><time>2026-09-24T21:50:21Z</time></trkpt>
<trkpt lat="45.3676836" lon="-75.8244789"><speed>2.060</speed><ele>25.3</ele><time>2026-09-24T21:50:26Z</time></trkpt>
<trkpt lat="45.3676490" lon="-75.8243483"><speed>2.240</speed><ele>25.2</ele><time>2026-09-24T21:50:31Z</time></trkpt>
<trkpt lat="45.3676153" lon="-75.8242069"><speed>2.360</speed><ele>25.3</ele><time>2026-09-24T21:50:36Z</time></trkpt>
<trkpt lat="45.3675793" lon="-75.8240616"><speed>2.460</speed><ele>25.4</ele><time>2026-09-24T21:50:41Z</time></trkpt>
<trkpt lat="45.3675453" lon="-75.8239096"><speed>2.440</speed><ele>25.2</ele><time>2026-09-24T21:50:46Z</time></trkpt>
<trkpt lat="45.3675020" lon="-75.8237578"><speed>2.570</speed><ele>25.3</ele><time>2026-09-24T21:50:51Z</time></trkpt>
<trkpt lat="45.3674619" lon="-75.8236031"><speed>2.600</speed><ele>25.3</ele><time>2026-09-24T21:50:56Z</time></trkpt>
<trkpt lat="45.3674379" lon="-75.8234438"><speed>2.540</speed><ele>25.4</ele><time>2026-09-24T21:51:01Z</time></trkpt>
<trkpt lat="45.3674081" lon="-75.8232901"><speed>2.470</speed><ele>25.2</ele><time>2026-09-24T21:51:06Z</time></trkpt>
<trkpt lat="45.3673836" lon="-75.8231369"><speed>2.350</speed><ele>25.4</ele><time>2026-09-24T21:51:11Z</time></trkpt>
<trkpt lat="45.3673742" lon="-75.8229911"><speed>2.190</speed><ele>25.3</ele><time>2026-09-24T21:51:16Z</time></trkpt>
<trkpt lat="45.3673650" lon="-75.8228507"><speed>2.140</speed><ele>25.4</ele><time>2026-09-24T21:51:21Z</time></trkpt>
<trkpt lat="45.3673690" lon="-75.8227170"><speed>2.050</speed><ele>25.4</ele><time>2026-09-24T21:51:26Z</time></trkpt>
<trkpt lat="45.3673778" lon="-75.8225923"><speed>1.930</speed><ele>25.4</ele><time>2026-09-24T21:51:31Z</time></trkpt>
<trkpt lat="45.3673851" lon="-75.8224718"><speed>1.830</speed><ele>25.3</ele><time>2026-09-24T21:51:36Z</time></trkpt>
<trkpt lat="45.3673962" lon="-75.8223576"><speed>1.750</speed><ele>25.2</ele><time>2026-09-24T21:51:41Z</time></trkpt>
<trkpt lat="45.3674067" lon="-75.8222456"><speed>1.770</speed><ele>25.3</ele><time>2026-09-24T21:51:46Z</time></trkpt>
<trkpt lat="45.3674181" lon="-75.8221341"><speed>1.750</speed><ele>25.5</ele><time>2026-09-24T21:51:51Z</time></trkpt>
<trkpt lat="45.3674203" lon="-75.8220202"><speed>1.830</speed><ele>25.4</ele><time>2026-09-24T21:51:56Z</time></trkpt>
<trkpt lat="45.3674181" lon="-75.8219017"><speed>1.900</speed><ele>25.4</ele><time>2026-09-24T21:52:01Z</time></trkpt>
<trkpt lat="45.3674191" lon="-75.8217790"><speed>1.950</speed><ele>25.4</ele><time>2026-09-24T21:52:06Z</time></trkpt>
<trkpt lat="45.3674275" lon="-75.8216572"><speed>1.850</speed><ele>25.4</ele><time>2026-09-24T21:52:11Z</time></trkpt>
<trkpt lat="45.3674387" lon="-75.8215423"><speed>1.770</speed><ele>25.4</ele><time>2026-09-24T21:52:16Z</time></trkpt>
<trkpt lat="45.3674426" lon="-75.8214289"><speed>1.810</speed><ele>25.4</ele><time>2026-09-24T21:52:21Z</time></trkpt>
<trkpt lat="45.3674413" lon="-75.8213149"><speed>1.810</speed><ele>25.3</ele><time>2026-09-24T21:52:26Z</time></trkpt>
<trkpt lat="45.3674411" lon="-75.8211978"><speed>1.860</speed><ele>25.4</ele><time>2026-09-24T21:52:31Z</time></trkpt>
<trkpt lat="45.3674477" lon="-75.8210809"><speed>1.820</speed><ele>25.4</ele><time>2026-09-24T21:52:36Z</time></trkpt>
<trkpt lat="45.3674642" lon="-75.8209738"><speed>1.640</speed><ele>25.4</ele><time>2026-09-24T21:52:41Z</time></trkpt>
<trkpt lat="45.3674843" lon="-75.8208779"><speed>1.520</speed><ele>25.4</ele><time>2026-09-24T21:52:46Z</time></trkpt>
<trkpt lat="45.3674821" lon="-75.8207729"><speed>1.820</speed><ele>25.4</ele><time>2026-09-24T21:52:51Z</time></trkpt>
<trkpt lat="45.3674578" lon="-75.8206541"><speed>1.970</speed><ele>25.3</ele><time>2026-09-24T21:52:56Z</time></trkpt>
<trkpt lat="45.3674541" lon="-75.8205270"><speed>2.010</speed><ele>25.3</ele><time>2026-09-24T21:53:01Z</time></trkpt>
<trkpt lat="45.3674549" lon="-75.8203996"><speed>1.930</speed><ele>25.3</ele><time>2026-09-24T21:53:06Z</time></trkpt>
<trkpt lat="45.3674906" lon="-75.8203019"><speed>1.570</speed><ele>25.3</ele><time>2026-09-24T21:53:11Z</time></trkpt>
<trkpt lat="45.3675282" lon="-75.8202308"><speed>1.300</speed><ele>25.3</ele><time>2026-09-24T21:53:16Z</time></trkpt>
<trkpt lat="45.3675240" lon="-75.8201416"><speed>1.500</speed><ele>25.3</ele><time>2026-09-24T21:53:21Z</time></trkpt>
<trkpt lat="45.3675140" lon="-75.8200370"><speed>1.760</speed><ele>25.4</ele><time>2026-09-24T21:53:26Z</time></trkpt>
<trkpt lat="45.3675097" lon="-75.8199179"><speed>1.910</speed><ele>25.3</ele><time>2026-09-24T21:53:31Z</time></trkpt>
<trkpt lat="45.3675115" lon="-75.8197955"><speed>1.890</speed><ele>25.3</ele><time>2026-09-24T21:53:36Z</time></trkpt>
<trkpt lat="45.3675185" lon="-75.8196779"><speed>1.730</speed><ele>25.4</ele><time>2026-09-24T21:53:41Z</time></trkpt>
<trkpt lat="45.3675455" lon="-75.8195937"><speed>1.250</speed><ele>25.3</ele><time>2026-09-24T21:53:46Z</time></trkpt>
<trkpt lat="45.3675940" lon="-75.8195888"><speed>1.130</speed><ele>25.4</ele><time>2026-09-24T21:53:51Z</time></trkpt>
<trkpt lat="45.3676305" lon="-75.8196587"><speed>1.530</speed><ele>25.2</ele><time>2026-09-24T21:53:56Z</time></trkpt>
<trkpt lat="45.3676591" lon="-75.8197509"><speed>1.630</speed><ele>25.3</ele><time>2026-09-24T21:54:01Z</time></trkpt>
<trkpt lat="45.3677004" lon="-75.8198443"><speed>1.710</speed><ele>25.3</ele><time>2026-09-24T21:54:06Z</time></trkpt>
<trkpt lat="45.3677298" lon="-75.8199521"><speed>1.930</speed><ele>25.4</ele><time>2026-09-24T21:54:11Z</time></trkpt>
<trkpt lat="45.3677427" lon="-75.8200754"><speed>1.940</speed><ele>25.5</ele><time>2026-09-24T21:54:16Z</time></trkpt>
<trkpt lat="45.3677580" lon="-75.8202017"><speed>2.020</speed><ele>25.4</ele><time>2026-09-24T21:54:21Z</time></trkpt>
<trkpt lat="45.3677649" lon="-75.8203306"><speed>2.050</speed><ele>25.3</ele><time>2026-09-24T21:54:26Z</time></trkpt>
<trkpt lat="45.3677715" lon="-75.8204594"><speed>2.010</speed><ele>25.3</ele><time>2026-09-24T21:54:31Z</time></trkpt>
<trkpt lat="45.3677751" lon="-75.8205866"><speed>1.970</speed><ele>25.3</ele><time>2026-09-24T21:54:36Z</time></trkpt>
<trkpt lat="45.3677737" lon="-75.8207133"><speed>1.930</speed><ele>25.3</ele><time>2026-09-24T21:54:41Z</time></trkpt>
<trkpt lat="45.3677690" lon="-75.8208391"><speed>1.940</speed><ele>25.4</ele><time>2026-09-24T21:54:46Z</time></trkpt>
<trkpt lat="45.3677647" lon="-75.8209633"><speed>1.890</speed><ele>25.3</ele><time>2026-09-24T21:54:51Z</time></trkpt>
<trkpt lat="45.3677598" lon="-75.8210840"><speed>1.890</speed><ele>25.2</ele><time>2026-09-24T21:54:56Z</time></trkpt>
<trkpt lat="45.3677519" lon="-75.8212025"><speed>1.860</speed><ele>25.2</ele><time>2026-09-24T21:55:01Z</time></trkpt>
<trkpt lat="45.3677403" lon="-75.8213195"><speed>1.830</speed><ele>25.3</ele><time>2026-09-24T21:55:06Z</time></trkpt>
<trkpt lat="45.3677284" lon="-75.8214337"><speed>1.790</speed><ele>25.3</ele><time>2026-09-24T21:55:11Z</time></trkpt>
<trkpt lat="45.3677236" lon="-75.8215517"><speed>1.750</speed><ele>25.2</ele><time>2026-09-24T21:55:16Z</time></trkpt>
<trkpt lat="45.3677208" lon="-75.8216677"><speed>1.830</speed><ele>25.2</ele><time>2026-09-24T21:55:21Z</time></trkpt>
<trkpt lat="45.3677238" lon="-75.8217846"><speed>1.820</speed><ele>25.2</ele><time>2026-09-24T21:55:26Z</time></trkpt>
<trkpt lat="45.3677293" lon="-75.8218984"><speed>1.790</speed><ele>25.3</ele><time>2026-09-24T21:55:31Z</time></trkpt>
<trkpt lat="45.3677250" lon="-75.8220155"><speed>1.870</speed><ele>25.4</ele><time>2026-09-24T21:55:36Z</time></trkpt>
<trkpt lat="45.3677297" lon="-75.8221345"><speed>1.910</speed><ele>25.4</ele><time>2026-09-24T21:55:41Z</time></trkpt>
<trkpt lat="45.3677363" lon="-75.8222552"><speed>1.940</speed><ele>25.3</ele><time>2026-09-24T21:55:46Z</time></trkpt>
<trkpt lat="45.3677403" lon="-75.8223830"><speed>2.030</speed><ele>25.4</ele><time>2026-09-24T21:55:51Z</time></trkpt>
<trkpt lat="45.3677479" lon="-75.8225110"><speed>1.930</speed><ele>25.3</ele><time>2026-09-24T21:55:56Z</time></trkpt>
<trkpt lat="45.3677553" lon="-75.8226428"><speed>2.100</speed><ele>25.3</ele><time>2026-09-24T21:56:01Z</time></trkpt>
<trkpt lat="45.3677785" lon="-75.8227706"><speed>2.120</speed><ele>25.4</ele><time>2026-09-24T21:56:06Z</time></trkpt>
<trkpt lat="45.3678002" lon="-75.8229064"><speed>2.140</speed><ele>25.5</ele><time>2026-09-24T21:56:11Z</time></trkpt>
<trkpt lat="45.3678204" lon="-75.8230477"><speed>2.170</speed><ele>25.5</ele><time>2026-09-24T21:56:16Z</time></trkpt>
<trkpt lat="45.3678405" lon="-75.8231827"><speed>2.150</speed><ele>25.6</ele><time>2026-09-24T21:56:21Z</time></trkpt>
<trkpt lat="45.3678609" lon="-75.8233136"><speed>2.150</speed><ele>25.6</ele><time>2026-09-24T21:56:26Z</time></trkpt>
<trkpt lat="45.3678842" lon="-75.8234453"><speed>2.190</speed><ele>25.6</ele><time>2026-09-24T21:56:31Z</time></trkpt>
<trkpt lat="45.3679051" lon="-75.8235845"><speed>2.160</speed><ele>25.7</ele><time>2026-09-24T21:56:36Z</time></trkpt>
<trkpt lat="45.3678989" lon="-75.8237179"><speed>2.070</speed><ele>25.6</ele><time>2026-09-24T21:56:41Z</time></trkpt>
<trkpt lat="45.3678571" lon="-75.8238293"><speed>1.850</speed><ele>25.4</ele><time>2026-09-24T21:56:46Z</time></trkpt>
<trkpt lat="45.3678001" lon="-75.8239036"><speed>1.680</speed><ele>25.3</ele><time>2026-09-24T21:56:51Z</time></trkpt>
<trkpt lat="45.3677554" lon="-75.8239841"><speed>1.560</speed><ele>25.3</ele><time>2026-09-24T21:56:56Z</time></trkpt>
<trkpt lat="45.3677063" lon="-75.8240493"><speed>1.520</speed><ele>25.2</ele><time>2026-09-24T21:57:01Z</time></trkpt>
<trkpt lat="45.3676605" lon="-75.8241172"><speed>1.500</speed><ele>25.2</ele><time>2026-09-24T21:57:06Z</time></trkpt>
<trkpt lat="45.3676098" lon="-75.8241806"><speed>1.510</speed><ele>25.4</ele><time>2026-09-24T21:57:11Z</time></trkpt>
<trkpt lat="45.3675586" lon="-75.8242442"><speed>1.510</speed><ele>25.3</ele><time>2026-09-24T21:57:16Z</time></trkpt>
<trkpt lat="45.3675105" lon="-75.8243106"><speed>1.500</speed><ele>25.3</ele><time>2026-09-24T21:57:21Z</time></trkpt>
<trkpt lat="45.3674574" lon="-75.8243707"><speed>1.500</speed><ele>25.3</ele><time>2026-09-24T21:57:26Z</time></trkpt>
<trkpt lat="45.3674015" lon="-75.8244281"><speed>1.500</speed><ele>25.1</ele><time>2026-09-24T21:57:31Z</time></trkpt>
<trkpt lat="45.3673478" lon="-75.8244850"><speed>1.460</speed><ele>25.4</ele><time>2026-09-24T21:57:36Z</time></trkpt>
<trkpt lat="45.3672962" lon="-75.8245415"><speed>1.450</speed><ele>25.2</ele><time>2026-09-24T21:57:41Z</time></trkpt>
<trkpt lat="45.3672463" lon="-75.8245982"><speed>1.430</speed><ele>25.2</ele><time>2026-09-24T21:57:46Z</time></trkpt>
<trkpt lat="45.3671959" lon="-75.8246540"><speed>1.430</speed><ele>25.2</ele><time>2026-09-24T21:57:51Z</time></trkpt>
<trkpt lat="45.3671462" lon="-75.8247111"><speed>1.410</speed><ele>25.3</ele><time>2026-09-24T21:57:56Z</time></trkpt>
<trkpt lat="45.3670978" lon="-75.8247692"><speed>1.370</speed><ele>25.3</ele><time>2026-09-24T21:58:01Z</time></trkpt>
<trkpt lat="45.3670507" lon="-75.8248261"><speed>1.330</speed><ele>25.3</ele><time>2026-09-24T21:58:06Z</time></trkpt>
<trkpt lat="45.3670047" lon="-75.8248787"><speed>1.290</speed><ele>25.4</ele><time>2026-09-24T21:58:11Z</time></trkpt>
<trkpt lat="45.3669597" lon="-75.8249323"><speed>1.310</speed><ele>25.2</ele><time>2026-09-24T21:58:16Z</time></trkpt>
<trkpt lat="45.3669142" lon="-75.8249831"><speed>1.280</speed><ele>25.3</ele><time>2026-09-24T21:58:21Z</time></trkpt>
<trkpt lat="45.3668704" lon="-75.8250362"><speed>1.240</speed><ele>25.3</ele><time>2026-09-24T21:58:26Z</time></trkpt>
<trkpt lat="45.3668300" lon="-75.8250869"><speed>1.090</speed><ele>25.3</ele><time>2026-09-24T21:58:31Z</time></trkpt>
<trkpt lat="45.3667879" lon="-75.8251096"><speed>1.080</speed><ele>25.4</ele><time>2026-09-24T21:58:36Z</time></trkpt>
<trkpt lat="45.3667391" lon="-75.8250768"><speed>1.250</speed><ele>25.5</ele><time>2026-09-24T21:58:41Z</time></trkpt>
<trkpt lat="45.3666938" lon="-75.8250299"><speed>1.270</speed><ele>25.4</ele><time>2026-09-24T21:58:46Z</time></trkpt>
<trkpt lat="45.3666707" lon="-75.8249546"><speed>1.340</speed><ele>25.6</ele><time>2026-09-24T21:58:51Z</time></trkpt>
<trkpt lat="45.3666379" lon="-75.8248699"><speed>1.700</speed><ele>25.5</ele><time>2026-09-24T21:58:56Z</time></trkpt>
<trkpt lat="45.3666025" lon="-75.8247661"><speed>1.900</speed><ele>25.6</ele><time>2026-09-24T21:59:01Z</time></trkpt>
<trkpt lat="45.3665793" lon="-75.8246494"><speed>1.950</speed><ele>25.6</ele><time>2026-09-24T21:59:06Z</time></trkpt>
<trkpt lat="45.3665569" lon="-75.8245275"><speed>2.160</speed><ele>25.6</ele><time>2026-09-24T21:59:11Z</time></trkpt>
<trkpt lat="45.3664939" lon="-75.8244171"><speed>2.270</speed><ele>25.5</ele><time>2026-09-24T21:59:16Z</time></trkpt>
<trkpt lat="45.3664414" lon="-75.8242917"><speed>2.330</speed><ele>25.6</ele><time>2026-09-24T21:59:21Z</time></trkpt>
<trkpt lat="45.3663907" lon="-75.8241570"><speed>2.370</speed><ele>25.6</ele><time>2026-09-24T21:59:26Z</time></trkpt>
<trkpt lat="45.3663402" lon="-75.8240203"><speed>2.440</speed><ele>25.5</ele><time>2026-09-24T21:59:31Z</time></trkpt>
<trkpt lat="45.3662890" lon="-75.8238749"><speed>2.140</speed><ele>25.4</ele><time>2026-09-24T21:59:36Z</time></trkpt>
<trkpt lat="45.3662421" lon="-75.8237452"><speed>2.340</speed><ele>25.5</ele><time>2026-09-24T21:59:41Z</time></trkpt>
<trkpt lat="45.3661993" lon="-75.8236127"><speed>2.280</speed><ele>25.5</ele><time>2026-09-24T21:59:46Z</time></trkpt>
<trkpt lat="45.3661743" lon="-75.8234868"><speed>1.820</speed><ele>25.6</ele><time>2026-09-24T21:59:51Z</time></trkpt>
<trkpt lat="45.3662101" lon="-75.8234144"><speed>1.170</speed><ele>25.6</ele><time>2026-09-24T21:59:56Z</time></trkpt>
<trkpt lat="45.3662560" lon="-75.8234358"><speed>1.330</speed><ele>25.6</ele><time>2026-09-24T22:00:01Z</time></trkpt>
<trkpt lat="45.3662603" lon="-75.8235282"><speed>1.690</speed><ele>25.5</ele><time>2026-09-24T22:00:06Z</time></trkpt>
<trkpt lat="45.3662392" lon="-75.8236203"><speed>1.250</speed><ele>25.3</ele><time>2026-09-24T22:00:11Z</time></trkpt>
<trkpt lat="45.3662643" lon="-75.8237134"><speed>2.110</speed><ele>25.1</ele><time>2026-09-24T22:00:16Z</time></trkpt>
<trkpt lat="45.3662589" lon="-75.8238166"><speed>1.490</speed><ele>25.2</ele><time>2026-09-24T22:00:21Z</time></trkpt>
<trkpt lat="45.3662831" lon="-75.8239071"><speed>1.490</speed><ele>25.3</ele><time>2026-09-24T22:00:26Z</time></trkpt>
<trkpt lat="45.3663271" lon="-75.8239801"><speed>1.510</speed><ele>25.5</ele><time>2026-09-24T22:00:31Z</time></trkpt>
<trkpt lat="45.3663625" lon="-75.8240524"><speed>1.430</speed><ele>25.6</ele><time>2026-09-24T22:00:36Z</time></trkpt>
<trkpt lat="45.3663506" lon="-75.8241389"><speed>1.400</speed><ele>25.6</ele><time>2026-09-24T22:00:41Z</time></trkpt>
<trkpt lat="45.3663379" lon="-75.8242238"><speed>1.310</speed><ele>25.5</ele><time>2026-09-24T22:00:46Z</time></trkpt>
<trkpt lat="45.3663303" lon="-75.8243031"><speed>1.270</speed><ele>25.4</ele><time>2026-09-24T22:00:51Z</time></trkpt>
<trkpt lat="45.3663227" lon="-75.8243701"><speed>1.190</speed><ele>25.5</ele><time>2026-09-24T22:00:56Z</time></trkpt>
<trkpt lat="45.3663241" lon="-75.8244499"><speed>1.150</speed><ele>25.4</ele><time>2026-09-24T22:01:01Z</time></trkpt>
<trkpt lat="45.3663191" lon="-75.8245254"><speed>1.100</speed><ele>25.5</ele><time>2026-09-24T22:01:06Z</time></trkpt>
<trkpt lat="45.3663276" lon="-75.8245936"><speed>1.030</speed><ele>25.5</ele><time>2026-09-24T22:01:11Z</time></trkpt>
<trkpt lat="45.3663595" lon="-75.8246422"><speed>0.970</speed><ele>25.7</ele><time>2026-09-24T22:01:16Z</time></trkpt>
<trkpt lat="45.3663998" lon="-75.8246739"><speed>1.030</speed><ele>25.7</ele><time>2026-09-24T22:01:21Z</time></trkpt>
<trkpt lat="45.3664426" lon="-75.8247096"><speed>1.090</speed><ele>25.8</ele><time>2026-09-24T22:01:26Z</time></trkpt>
<trkpt lat="45.3664859" lon="-75.8247496"><speed>1.160</speed><ele>25.7</ele><time>2026-09-24T22:01:31Z</time></trkpt>
<trkpt lat="45.3665301" lon="-75.8247942"><speed>1.210</speed><ele>25.6</ele><time>2026-09-24T22:01:36Z</time></trkpt>
<trkpt lat="45.3665815" lon="-75.8248352"><speed>1.340</speed><ele>25.8</ele><time>2026-09-24T22:01:41Z</time></trkpt>
<trkpt lat="45.3666373" lon="-75.8248601"><speed>1.350</speed><ele>25.4</ele><time>2026-09-24T22:01:46Z</time></trkpt>
<trkpt lat="45.3666912" lon="-75.8249027"><speed>1.380</speed><ele>25.7</ele><time>2026-09-24T22:01:51Z</time></trkpt>
<trkpt lat="45.3667445" lon="-75.8249539"><speed>1.460</speed><ele>25.8</ele><time>2026-09-24T22:01:56Z</time></trkpt>
<trkpt lat="45.3667991" lon="-75.8250011"><speed>1.340</speed><ele>25.7</ele><time>2026-09-24T22:02:01Z</time></trkpt>
<trkpt lat="45.3668466" lon="-75.8249746"><speed>1.010</speed><ele>25.7</ele><time>2026-09-24T22:02:06Z</time></trkpt>
<trkpt lat="45.3668550" lon="-75.8249128"><speed>0.980</speed><ele>25.8</ele><time>2026-09-24T22:02:11Z</time></trkpt>
<trkpt lat="45.3668237" lon="-75.8248675"><speed>1.030</speed><ele>25.6</ele><time>2026-09-24T22:02:16Z</time></trkpt>
<trkpt lat="45.3667869" lon="-75.8248327"><speed>1.010</speed><ele>25.7</ele><time>2026-09-24T22:02:21Z</time></trkpt>
<trkpt lat="45.3667504" lon="-75.8247914"><speed>1.040</speed><ele>25.6</ele><time>2026-09-24T22:02:26Z</time></trkpt>
<trkpt lat="45.3667159" lon="-75.8247503"><speed>0.990</speed><ele>25.6</ele><time>2026-09-24T22:02:31Z</time></trkpt>
<trkpt lat="45.3666830" lon="-75.8247072"><speed>0.960</speed><ele>25.8</ele><time>2026-09-24T22:02:36Z</time></trkpt>
<trkpt lat="45.3666495" lon="-75.8246597"><speed>1.000</speed><ele>25.7</ele><time>2026-09-24T22:02:41Z</time></trkpt>
<trkpt lat="45.3666237" lon="-75.8246106"><speed>1.010</speed><ele>25.8</ele><time>2026-09-24T22:02:46Z</time></trkpt>
<trkpt lat="45.3665970" lon="-75.8245595"><speed>1.020</speed><ele>25.8</ele><time>2026-09-24T22:02:51Z</time></trkpt>
<trkpt lat="45.3665674" lon="-75.8245055"><speed>1.110</speed><ele>25.6</ele><time>2026-09-24T22:02:56Z</time></trkpt>
<trkpt lat="45.3665354" lon="-75.8244452"><speed>1.200</speed><ele>25.5</ele><time>2026-09-24T22:03:01Z</time></trkpt>
<trkpt lat="45.3665030" lon="-75.8243826"><speed>1.250</speed><ele>25.7</ele><time>2026-09-24T22:03:06Z</time></trkpt>
<trkpt lat="45.3664644" lon="-75.8243224"><speed>1.290</speed><ele>25.6</ele><time>2026-09-24T22:03:11Z</time></trkpt>
<trkpt lat="45.3664247" lon="-75.8242637"><speed>1.280</speed><ele>25.8</ele><time>2026-09-24T22:03:16Z</time></trkpt>
<trkpt lat="45.3663821" lon="-75.8242050"><speed>1.300</speed><ele>25.7</ele><time>2026-09-24T22:03:21Z</time></trkpt>
<trkpt lat="45.3663447" lon="-75.8241432"><speed>1.290</speed><ele>25.6</ele><time>2026-09-24T22:03:26Z</time></trkpt>
<trkpt lat="45.3663066" lon="-75.8240776"><speed>1.300</speed><ele>25.7</ele><time>2026-09-24T22:03:31Z</time></trkpt>
<trkpt lat="45.3662660" lon="-75.8240156"><speed>1.280</speed><ele>25.9</ele><time>2026-09-24T22:03:36Z</time></trkpt>
<trkpt lat="45.3662286" lon="-75.8239523"><speed>1.290</speed><ele>25.7</ele><time>2026-09-24T22:03:41Z</time></trkpt>
<trkpt lat="45.3661966" lon="-75.8238793"><speed>1.340</speed><ele>25.8</ele><time>2026-09-24T22:03:46Z</time></trkpt>
<trkpt lat="45.3661598" lon="-75.8238083"><speed>1.420</speed><ele>25.9</ele><time>2026-09-24T22:03:51Z</time></trkpt>
<trkpt lat="45.3661247" lon="-75.8237378"><speed>1.360</speed><ele>25.8</ele><time>2026-09-24T22:03:56Z</time></trkpt>
<trkpt lat="45.3661069" lon="-75.8236531"><speed>1.390</speed><ele>25.9</ele><time>2026-09-24T22:04:01Z</time></trkpt>
<trkpt lat="45.3660909" lon="-75.8235627"><speed>1.450</speed><ele>26.0</ele><time>2026-09-24T22:04:06Z</time></trkpt>
<trkpt lat="45.3660729" lon="-75.8234693"><speed>1.520</speed><ele>25.8</ele><time>2026-09-24T22:04:11Z</time></trkpt>
<trkpt lat="45.3660701" lon="-75.8233731"><speed>1.620</speed><ele>25.8</ele><time>2026-09-24T22:04:16Z</time></trkpt>
<trkpt lat="45.3660649" lon="-75.8232686"><speed>1.730</speed><ele>25.9</ele><time>2026-09-24T22:04:21Z</time></trkpt>
<trkpt lat="45.3660504" lon="-75.8231586"><speed>1.810</speed><ele>25.8</ele><time>2026-09-24T22:04:26Z</time></trkpt>
<trkpt lat="45.3659944" lon="-75.8230929"><speed>1.570</speed><ele>25.8</ele><time>2026-09-24T22:04:31Z</time></trkpt>
<trkpt lat="45.3659270" lon="-75.8230913"><speed>1.410</speed><ele>26.1</ele><time>2026-09-24T22:04:36Z</time></trkpt>
<trkpt lat="45.3658731" lon="-75.8231259"><speed>1.220</speed><ele>25.9</ele><time>2026-09-24T22:04:41Z</time></trkpt>
<trkpt lat="45.3658409" lon="-75.8231884"><speed>1.110</speed><ele>26.0</ele><time>2026-09-24T22:04:46Z</time></trkpt>
<trkpt lat="45.3658311" lon="-75.8232585"><speed>1.060</speed><ele>26.0</ele><time>2026-09-24T22:04:51Z</time></trkpt>
<trkpt lat="45.3658429" lon="-75.8233284"><speed>0.920</speed><ele>25.9</ele><time>2026-09-24T22:04:56Z</time></trkpt>
<trkpt lat="45.3658669" lon="-75.8233773"><speed>0.950</speed><ele>25.9</ele><time>2026-09-24T22:05:01Z</time></trkpt>
<trkpt lat="45.3658845" lon="-75.8234325"><speed>0.960</speed><ele>26.2</ele><time>2026-09-24T22:05:06Z</time></trkpt>
<trkpt lat="45.3659087" lon="-75.8234858"><speed>0.980</speed><ele>26.0</ele><time>2026-09-24T22:05:11Z</time></trkpt>
<trkpt lat="45.3659339" lon="-75.8235394"><speed>1.030</speed><ele>26.1</ele><time>2026-09-24T22:05:16Z</time></trkpt>
<trkpt lat="45.3659536" lon="-75.8236034"><speed>1.230</speed><ele>26.1</ele><time>2026-09-24T22:05:21Z</time></trkpt>
<trkpt lat="45.3659772" lon="-75.8236706"><speed>1.150</speed><ele>25.9</ele><time>2026-09-24T22:05:26Z</time></trkpt>
<trkpt lat="45.3660017" lon="-75.8237360"><speed>1.090</speed><ele>26.0</ele><time>2026-09-24T22:05:31Z</time></trkpt>
<trkpt lat="45.3660314" lon="-75.8237959"><speed>1.190</speed><ele>26.2</ele><time>2026-09-24T22:05:36Z</time></trkpt>
<trkpt lat="45.3660592" lon="-75.8238616"><speed>1.240</speed><ele>26.1</ele><time>2026-09-24T22:05:41Z</time></trkpt>
<trkpt lat="45.3660924" lon="-75.8239257"><speed>1.270</speed><ele>26.4</ele><time>2026-09-24T22:05:46Z</time></trkpt>
<trkpt lat="45.3661220" lon="-75.8239979"><speed>1.380</speed><ele>26.2</ele><time>2026-09-24T22:05:51Z</time></trkpt>
<trkpt lat="45.3661584" lon="-75.8240727"><speed>1.410</speed><ele>26.2</ele><time>2026-09-24T22:05:56Z</time></trkpt>
<trkpt lat="45.3661921" lon="-75.8241468"><speed>1.400</speed><ele>26.1</ele><time>2026-09-24T22:06:01Z</time></trkpt>
<trkpt lat="45.3662213" lon="-75.8242329"><speed>1.500</speed><ele>26.2</ele><time>2026-09-24T22:06:06Z</time></trkpt>
<trkpt lat="45.3662517" lon="-75.8243205"><speed>1.510</speed><ele>26.1</ele><time>2026-09-24T22:06:11Z</time></trkpt>
<trkpt lat="45.3662862" lon="-75.8244036"><speed>1.540</speed><ele>26.4</ele><time>2026-09-24T22:06:16Z</time></trkpt>
<trkpt lat="45.3663254" lon="-75.8244857"><speed>1.570</speed><ele>26.2</ele><time>2026-09-24T22:06:21Z</time></trkpt>
<trkpt lat="45.3663792" lon="-75.8245549"><speed>1.430</speed><ele>26.2</ele><time>2026-09-24T22:06:26Z</time></trkpt>
<trkpt lat="45.3664334" lon="-75.8245976"><speed>1.360</speed><ele>26.3</ele><time>2026-09-24T22:06:31Z</time></trkpt>
<trkpt lat="45.3664887" lon="-75.8246332"><speed>1.320</speed><ele>26.2</ele><time>2026-09-24T22:06:36Z</time></trkpt>
<trkpt lat="45.3665410" lon="-75.8246726"><speed>1.360</speed><ele>26.3</ele><time>2026-09-24T22:06:41Z</time></trkpt>
<trkpt lat="45.3665955" lon="-75.8247087"><speed>1.330</speed><ele>26.4</ele><time>2026-09-24T22:06:46Z</time></trkpt>
<trkpt lat="45.3666498" lon="-75.8247370"><speed>1.350</speed><ele>26.1</ele><time>2026-09-24T22:06:51Z</time></trkpt>
<trkpt lat="45.3667069" lon="-75.8247710"><speed>1.360</speed><ele>26.2</ele><time>2026-09-24T22:06:56Z</time></trkpt>
<trkpt lat="45.3667652" lon="-75.8248039"><speed>1.410</speed><ele>26.4</ele><time>2026-09-24T22:07:01Z</time></trkpt>
<trkpt lat="45.3668252" lon="-75.8248387"><speed>1.450</speed><ele>26.3</ele><time>2026-09-24T22:07:06Z</time></trkpt>
<trkpt lat="45.3668868" lon="-75.8248712"><speed>1.440</speed><ele>26.2</ele><time>2026-09-24T22:07:11Z</time></trkpt>
<trkpt lat="45.3669483" lon="-75.8249058"><speed>1.460</speed><ele>26.5</ele><time>2026-09-24T22:07:16Z</time></trkpt>
<trkpt lat="45.3670103" lon="-75.8249385"><speed>1.440</speed><ele>26.1</ele><time>2026-09-24T22:07:21Z</time></trkpt>
<trkpt lat="45.3670696" lon="-75.8249705"><speed>1.480</speed><ele>26.1</ele><time>2026-09-24T22:07:26Z</time></trkpt>
<trkpt lat="45.3671309" lon="-75.8250062"><speed>1.490</speed><ele>26.4</ele><time>2026-09-24T22:07:31Z</time></trkpt>
<trkpt lat="45.3671886" lon="-75.8250450"><speed>1.680</speed><ele>26.2</ele><time>2026-09-24T22:07:36Z</time></trkpt>
<trkpt lat="45.3672525" lon="-75.8250833"><speed>1.530</speed><ele>26.5</ele><time>2026-09-24T22:07:41Z</time></trkpt>
<trkpt lat="45.3673186" lon="-75.8251140"><speed>1.490</speed><ele>26.4</ele><time>2026-09-24T22:07:46Z</time></trkpt>
<trkpt lat="45.3673835" lon="-75.8251492"><speed>1.670</speed><ele>26.2</ele><time>2026-09-24T22:07:51Z</time></trkpt>
<trkpt lat="45.3674452" lon="-75.8251852"><speed>1.540</speed><ele>26.3</ele><time>2026-09-24T22:07:56Z</time></trkpt>
<trkpt lat="45.3675092" lon="-75.8252240"><speed>1.580</speed><ele>26.5</ele><time>2026-09-24T22:08:01Z</time></trkpt>
<trkpt lat="45.3675747" lon="-75.8252603"><speed>1.550</speed><ele>26.3</ele><time>2026-09-24T22:08:06Z</time></trkpt>
<trkpt lat="45.3676366" lon="-75.8252988"><speed>1.480</speed><ele>26.6</ele><time>2026-09-24T22:08:11Z</time></trkpt>
<trkpt lat="45.3676991" lon="-75.8253430"><speed>1.500</speed><ele>26.5</ele><time>2026-09-24T22:08:16Z</time></trkpt>
<trkpt lat="45.3677611" lon="-75.8253899"><speed>1.510</speed><ele>26.3</ele><time>2026-09-24T22:08:21Z</time></trkpt>
<trkpt lat="45.3678208" lon="-75.8254228"><speed>1.310</speed><ele>26.3</ele><time>2026-09-24T22:08:26Z</time></trkpt>
<trkpt lat="45.3678623" lon="-75.8253872"><speed>1.030</speed><ele>26.6</ele><time>2026-09-24T22:08:31Z</time></trkpt>
<trkpt lat="45.3678622" lon="-75.8253174"><speed>1.240</speed><ele>26.2</ele><time>2026-09-24T22:08:36Z</time></trkpt>
<trkpt lat="45.3678466" lon="-75.8252425"><speed>1.240</speed><ele>26.6</ele><time>2026-09-24T22:08:41Z</time></trkpt>
<trkpt lat="45.3678501" lon="-75.8251612"><speed>1.320</speed><ele>26.5</ele><time>2026-09-24T22:08:46Z</time></trkpt>
<trkpt lat="45.3678547" lon="-75.8250737"><speed>1.330</speed><ele>26.2</ele><time>2026-09-24T22:08:51Z</time></trkpt>
<trkpt lat="45.3678599" lon="-75.8249872"><speed>1.400</speed><ele>26.3</ele><time>2026-09-24T22:08:56Z</time></trkpt>
<trkpt lat="45.3678562" lon="-75.8248947"><speed>1.510</speed><ele>26.4</ele><time>2026-09-24T22:09:01Z</time></trkpt>
<trkpt lat="45.3678533" lon="-75.8247962"><speed>1.530</speed><ele>26.3</ele><time>2026-09-24T22:09:06Z</time></trkpt>
<trkpt lat="45.3678560" lon="-75.8246989"><speed>1.550</speed><ele>26.6</ele><time>2026-09-24T22:09:11Z</time></trkpt>
<trkpt lat="45.3678599" lon="-75.8245997"><speed>1.550</speed><ele>26.3</ele><time>2026-09-24T22:09:16Z</time></trkpt>
<trkpt lat="45.3678614" lon="-75.8244994"><speed>1.570</speed><ele>26.3</ele><time>2026-09-24T22:09:21Z</time></trkpt>
<trkpt lat="45.3678557" lon="-75.8243971"><speed>1.600</speed><ele>26.3</ele><time>2026-09-24T22:09:26Z</time></trkpt>
<trkpt lat="45.3678543" lon="-75.8242952"><speed>1.600</speed><ele>26.3</ele><time>2026-09-24T22:09:31Z</time></trkpt>
<trkpt lat="45.3678615" lon="-75.8241913"><speed>1.640</speed><ele>26.4</ele><time>2026-09-24T22:09:36Z</time></trkpt>
<trkpt lat="45.3678709" lon="-75.8240858"><speed>1.660</speed><ele>26.6</ele><time>2026-09-24T22:09:41Z</time></trkpt>
<trkpt lat="45.3678827" lon="-75.8239829"><speed>1.620</speed><ele>26.3</ele><time>2026-09-24T22:09:46Z</time></trkpt>
<trkpt lat="45.3678904" lon="-75.8238775"><speed>1.670</speed><ele>26.2</ele><time>2026-09-24T22:09:51Z</time></trkpt>
<trkpt lat="45.3678958" lon="-75.8237699"><speed>1.690</speed><ele>26.6</ele><time>2026-09-24T22:09:56Z</time></trkpt>
<trkpt lat="45.3679043" lon="-75.8236606"><speed>1.710</speed><ele>26.3</ele><time>2026-09-24T22:10:01Z</time></trkpt>
<trkpt lat="45.3679118" lon="-75.8235511"><speed>1.660</speed><ele>26.6</ele><time>2026-09-24T22:10:06Z</time></trkpt>
<trkpt lat="45.3679168" lon="-75.8234406"><speed>1.730</speed><ele>26.5</ele><time>2026-09-24T22:10:11Z</time></trkpt>
<trkpt lat="45.3679262" lon="-75.8233328"><speed>1.760</speed><ele>26.5</ele><time>2026-09-24T22:10:16Z</time></trkpt>
<trkpt lat="45.3679346" lon="-75.8232194"><speed>1.740</speed><ele>26.4</ele><time>2026-09-24T22:10:21Z</time></trkpt>
<trkpt lat="45.3679433" lon="-75.8231069"><speed>1.740</speed><ele>26.7</ele><time>2026-09-24T22:10:26Z</time></trkpt>
<trkpt lat="45.3679542" lon="-75.8229963"><speed>1.740</speed><ele>26.5</ele><time>2026-09-24T22:10:31Z</time></trkpt>
<trkpt lat="45.3679651" lon="-75.8228844"><speed>1.760</speed><ele>26.5</ele><time>2026-09-24T22:10:36Z</time></trkpt>
<trkpt lat="45.3679768" lon="-75.8227740"><speed>1.760</speed><ele>26.5</ele><time>2026-09-24T22:10:41Z</time></trkpt>
<trkpt lat="45.3679869" lon="-75.8226639"><speed>1.720</speed><ele>26.5</ele><time>2026-09-24T22:10:46Z</time></trkpt>
<trkpt lat="45.3679992" lon="-75.8225590"><speed>1.650</speed><ele>26.5</ele><time>2026-09-24T22:10:51Z</time></trkpt>
<trkpt lat="45.3680044" lon="-75.8224541"><speed>1.620</speed><ele>26.7</ele><time>2026-09-24T22:10:56Z</time></trkpt>
<trkpt lat="45.3680106" lon="-75.8223526"><speed>1.710</speed><ele>26.4</ele><time>2026-09-24T22:11:01Z</time></trkpt>
<trkpt lat="45.3680156" lon="-75.8222497"><speed>1.580</speed><ele>26.7</ele><time>2026-09-24T22:11:06Z</time></trkpt>
<trkpt lat="45.3680231" lon="-75.8221504"><speed>1.530</speed><ele>26.5</ele><time>2026-09-24T22:11:11Z</time></trkpt>
<trkpt lat="45.3680271" lon="-75.8220527"><speed>1.590</speed><ele>26.5</ele><time>2026-09-24T22:11:16Z</time></trkpt>
<trkpt lat="45.3680301" lon="-75.8219528"><speed>1.610</speed><ele>26.7</ele><time>2026-09-24T22:11:21Z</time></trkpt>
<trkpt lat="45.3680328" lon="-75.8218482"><speed>1.690</speed><ele>26.5</ele><time>2026-09-24T22:11:26Z</time></trkpt>
<trkpt lat="45.3680364" lon="-75.8217380"><speed>1.750</speed><ele>26.5</ele><time>2026-09-24T22:11:31Z</time></trkpt>
<trkpt lat="45.3680447" lon="-75.8216270"><speed>1.700</speed><ele>26.6</ele><time>2026-09-24T22:11:36Z</time></trkpt>
<trkpt lat="45.3680538" lon="-75.8215202"><speed>1.630</speed><ele>26.6</ele><time>2026-09-24T22:11:41Z</time></trkpt>
<trkpt lat="45.3680596" lon="-75.8214181"><speed>1.490</speed><ele>26.4</ele><time>2026-09-24T22:11:46Z</time></trkpt>
<trkpt lat="45.3680654" lon="-75.8213154"><speed>1.910</speed><ele>26.6</ele><time>2026-09-24T22:11:51Z</time></trkpt>
<trkpt lat="45.3680625" lon="-75.8212111"><speed>1.750</speed><ele>26.4</ele><time>2026-09-24T22:11:56Z</time></trkpt>
<trkpt lat="45.3680659" lon="-75.8210969"><speed>1.910</speed><ele>26.3</ele><time>2026-09-24T22:12:01Z</time></trkpt>
<trkpt lat="45.3680670" lon="-75.8209889"><speed>1.720</speed><ele>26.7</ele><time>2026-09-24T22:12:06Z</time></trkpt>
<trkpt lat="45.3680695" lon="-75.8208781"><speed>1.770</speed><ele>26.5</ele><time>2026-09-24T22:12:11Z</time></trkpt>
<trkpt lat="45.3680689" lon="-75.8207635"><speed>1.820</speed><ele>26.3</ele><time>2026-09-24T22:12:16Z</time></trkpt>
<trkpt lat="45.3680717" lon="-75.8206462"><speed>1.840</speed><ele>26.7</ele><time>2026-09-24T22:12:21Z</time></trkpt>
<trkpt lat="45.3680804" lon="-75.8205277"><speed>1.860</speed><ele>26.5</ele><time>2026-09-24T22:12:26Z</time></trkpt>
<trkpt lat="45.3680867" lon="-75.8204072"><speed>1.880</speed><ele>26.5</ele><time>2026-09-24T22:12:31Z</time></trkpt>
<trkpt lat="45.3680901" lon="-75.8202854"><speed>1.920</speed><ele>26.7</ele><time>2026-09-24T22:12:36Z</time></trkpt>
<trkpt lat="45.3680921" lon="-75.8201632"><speed>1.940</speed><ele>26.7</ele><time>2026-09-24T22:12:41Z</time></trkpt>
<trkpt lat="45.3680943" lon="-75.8200405"><speed>1.950</speed><ele>26.6</ele><time>2026-09-24T22:12:46Z</time></trkpt>
<trkpt lat="45.3680977" lon="-75.8199175"><speed>1.900</speed><ele>26.7</ele><time>2026-09-24T22:12:51Z</time></trkpt>
<trkpt lat="45.3680991" lon="-75.8197967"><speed>1.870</speed><ele>26.4</ele><time>2026-09-24T22:12:56Z</time></trkpt>
<trkpt lat="45.3680975" lon="-75.8196787"><speed>1.830</speed><ele>26.5</ele><time>2026-09-24T22:13:01Z</time></trkpt>
<trkpt lat="45.3680957" lon="-75.8195615"><speed>1.810</speed><ele>26.5</ele><time>2026-09-24T22:13:06Z</time></trkpt>
<trkpt lat="45.3680945" lon="-75.8194459"><speed>1.790</speed><ele>26.5</ele><time>2026-09-24T22:13:11Z</time></trkpt>
<trkpt lat="45.3680931" lon="-75.8193316"><speed>1.800</speed><ele>26.5</ele><time>2026-09-24T22:13:16Z</time></trkpt>
<trkpt lat="45.3680935" lon="-75.8192177"><speed>1.800</speed><ele>26.6</ele><time>2026-09-24T22:13:21Z</time></trkpt>
<trkpt lat="45.3680935" lon="-75.8191019"><speed>1.820</speed><ele>26.6</ele><time>2026-09-24T22:13:26Z</time></trkpt>
<trkpt lat="45.3680914" lon="-75.8189844"><speed>1.860</speed><ele>26.5</ele><time>2026-09-24T22:13:31Z</time></trkpt>
<trkpt lat="45.3680911" lon="-75.8188663"><speed>1.860</speed><ele>26.6</ele><time>2026-09-24T22:13:36Z</time></trkpt>
<trkpt lat="45.3680896" lon="-75.8187448"><speed>1.900</speed><ele>26.6</ele><time>2026-09-24T22:13:41Z</time></trkpt>
<trkpt lat="45.3680885" lon="-75.8186184"><speed>1.728</speed><ele>26.7</ele><time>2026-09-24T22:13:46Z</time></trkpt>
<trkpt lat="45.3680907" lon="-75.8184974"><speed>1.710</speed><ele>26.6</ele><time>2026-09-24T22:13:51Z</time></trkpt>
<trkpt lat="45.3680960" lon="-75.8183769"><speed>1.738</speed><ele>26.6</ele><time>2026-09-24T22:13:56Z</time></trkpt>
<trkpt lat="45.3680931" lon="-75.8182581"><speed>1.684</speed><ele>26.6</ele><time>2026-09-24T22:14:01Z</time></trkpt>
<trkpt lat="45.3680916" lon="-75.8181360"><speed>1.731</speed><ele>26.6</ele><time>2026-09-24T22:14:06Z</time></trkpt>
<trkpt lat="45.3680982" lon="-75.8180113"><speed>1.818</speed><ele>26.7</ele><time>2026-09-24T22:14:11Z</time></trkpt>
<trkpt lat="45.3681077" lon="-75.8178830"><speed>1.888</speed><ele>26.8</ele><time>2026-09-24T22:14:16Z</time></trkpt>
<trkpt lat="45.3681261" lon="-75.8177526"><speed>1.869</speed><ele>26.7</ele><time>2026-09-24T22:14:21Z</time></trkpt>
<trkpt lat="45.3681432" lon="-75.8176245"><speed>1.902</speed><ele>26.7</ele><time>2026-09-24T22:14:26Z</time></trkpt>
<trkpt lat="45.3681660" lon="-75.8174877"><speed>1.970</speed><ele>26.7</ele><time>2026-09-24T22:14:31Z</time></trkpt>
<trkpt lat="45.3681913" lon="-75.8173569"><speed>1.947</speed><ele>26.7</ele><time>2026-09-24T22:14:36Z</time></trkpt>
<trkpt lat="45.3682137" lon="-75.8172297"><speed>1.907</speed><ele>26.8</ele><time>2026-09-24T22:14:41Z</time></trkpt>
<trkpt lat="45.3682278" lon="-75.8171086"><speed>1.849</speed><ele>26.8</ele><time>2026-09-24T22:14:46Z</time></trkpt>
<trkpt lat="45.3682417" lon="-75.8169860"><speed>1.849</speed><ele>26.8</ele><time>2026-09-24T22:14:51Z</time></trkpt>
<trkpt lat="45.3682545" lon="-75.8168615"><speed>2.450</speed><ele>26.8</ele><time>2026-09-24T22:14:56Z</time></trkpt>
<trkpt lat="45.3682663" lon="-75.8167264"><speed>1.972</speed><ele>26.8</ele><time>2026-09-24T22:15:01Z</time></trkpt>
<trkpt lat="45.3682783" lon="-75.8165997"><speed>1.960</speed><ele>26.9</ele><time>2026-09-24T22:15:06Z</time></trkpt>
<trkpt lat="45.3682887" lon="-75.8164664"><speed>1.912</speed><ele>26.9</ele><time>2026-09-24T22:15:11Z</time></trkpt>
<trkpt lat="45.3683013" lon="-75.8163379"><speed>1.891</speed><ele>26.8</ele><time>2026-09-24T22:15:16Z</time></trkpt>
<trkpt lat="45.3683102" lon="-75.8162108"><speed>1.829</speed><ele>26.9</ele><time>2026-09-24T22:15:21Z</time></trkpt>
<trkpt lat="45.3683308" lon="-75.8160955"><speed>1.722</speed><ele>26.8</ele><time>2026-09-24T22:15:26Z</time></trkpt>
<trkpt lat="45.3683483" lon="-75.8159816"><speed>1.620</speed><ele>26.9</ele><time>2026-09-24T22:15:31Z</time></trkpt>
<trkpt lat="45.3683586" lon="-75.8158697"><speed>1.606</speed><ele>26.9</ele><time>2026-09-24T22:15:36Z</time></trkpt>
<trkpt lat="45.3683746" lon="-75.8157582"><speed>1.619</speed><ele>26.8</ele><time>2026-09-24T22:15:41Z</time></trkpt>
<trkpt lat="45.3683857" lon="-75.8156463"><speed>1.618</speed><ele>26.8</ele><time>2026-09-24T22:15:46Z</time></trkpt>
<trkpt lat="45.3683928" lon="-75.8155324"><speed>1.647</speed><ele>26.8</ele><time>2026-09-24T22:15:51Z</time></trkpt>
<trkpt lat="45.3683970" lon="-75.8154220"><speed>1.609</speed><ele>26.8</ele><time>2026-09-24T22:15:56Z</time></trkpt>
<trkpt lat="45.3684024" lon="-75.8153112"><speed>1.612</speed><ele>26.9</ele><time>2026-09-24T22:16:01Z</time></trkpt>
<trkpt lat="45.3684014" lon="-75.8151992"><speed>1.566</speed><ele>26.8</ele><time>2026-09-24T22:16:06Z</time></trkpt>
<trkpt lat="45.3684074" lon="-75.8150909"><speed>1.522</speed><ele>26.8</ele><time>2026-09-24T22:16:11Z</time></trkpt>
<trkpt lat="45.3684188" lon="-75.8149827"><speed>1.556</speed><ele>26.8</ele><time>2026-09-24T22:16:16Z</time></trkpt>
<trkpt lat="45.3684267" lon="-75.8148717"><speed>1.580</speed><ele>26.8</ele><time>2026-09-24T22:16:21Z</time></trkpt>
<trkpt lat="45.3684366" lon="-75.8147612"><speed>1.595</speed><ele>26.9</ele><time>2026-09-24T22:16:26Z</time></trkpt>
<trkpt lat="45.3684435" lon="-75.8146588"><speed>1.804</speed><ele>26.8</ele><time>2026-09-24T22:16:31Z</time></trkpt>
<trkpt lat="45.3684554" lon="-75.8145435"><speed>1.497</speed><ele>27.0</ele><time>2026-09-24T22:16:36Z</time></trkpt>
<trkpt lat="45.3684866" lon="-75.8144541"><speed>1.286</speed><ele>26.9</ele><time>2026-09-24T22:16:41Z</time></trkpt>
<trkpt lat="45.3685394" lon="-75.8144428"><speed>0.996</speed><ele>26.8</ele><time>2026-09-24T22:16:46Z</time></trkpt>
<trkpt lat="45.3685813" lon="-75.8144872"><speed>1.231</speed><ele>26.8</ele><time>2026-09-24T22:16:51Z</time></trkpt>
<trkpt lat="45.3686290" lon="-75.8145354"><speed>1.220</speed><ele>26.9</ele><time>2026-09-24T22:16:56Z</time></trkpt>
<trkpt lat="45.3686824" lon="-75.8145565"><speed>1.116</speed><ele>27.1</ele><time>2026-09-24T22:17:01Z</time></trkpt>
<trkpt lat="45.3687298" lon="-75.8145957"><speed>1.243</speed><ele>27.0</ele><time>2026-09-24T22:17:06Z</time></trkpt>
<trkpt lat="45.3687753" lon="-75.8146566"><speed>1.353</speed><ele>27.0</ele><time>2026-09-24T22:17:11Z</time></trkpt>
<trkpt lat="45.3688288" lon="-75.8147100"><speed>1.352</speed><ele>27.0</ele><time>2026-09-24T22:17:16Z</time></trkpt>
<trkpt lat="45.3688866" lon="-75.8147547"><speed>1.339</speed><ele>26.9</ele><time>2026-09-24T22:17:21Z</time></trkpt>
<trkpt lat="45.3689472" lon="-75.8147961"><speed>1.425</speed><ele>26.9</ele><time>2026-09-24T22:17:26Z</time></trkpt>
<trkpt lat="45.3690041" lon="-75.8148537"><speed>1.455</speed><ele>26.9</ele><time>2026-09-24T22:17:31Z</time></trkpt>
<trkpt lat="45.3690582" lon="-75.8149234"><speed>1.489</speed><ele>26.8</ele><time>2026-09-24T22:17:36Z</time></trkpt>
<trkpt lat="45.3691136" lon="-75.8149875"><speed>1.493</speed><ele>26.9</ele><time>2026-09-24T22:17:41Z</time></trkpt>
<trkpt lat="45.3691717" lon="-75.8150459"><speed>1.442</speed><ele>27.1</ele><time>2026-09-24T22:17:46Z</time></trkpt>
<trkpt lat="45.3692202" lon="-75.8151202"><speed>1.502</speed><ele>26.8</ele><time>2026-09-24T22:17:51Z</time></trkpt>
<trkpt lat="45.3692671" lon="-75.8151965"><speed>1.465</speed><ele>26.8</ele><time>2026-09-24T22:17:56Z</time></trkpt>
<trkpt lat="45.3693147" lon="-75.8152712"><speed>1.440</speed><ele>27.0</ele><time>2026-09-24T22:18:01Z</time></trkpt>
<trkpt lat="45.3693715" lon="-75.8153243"><speed>1.390</speed><ele>26.8</ele><time>2026-09-24T22:18:06Z</time></trkpt>
<trkpt lat="45.3694289" lon="-75.8153725"><speed>1.352</speed><ele>26.8</ele><time>2026-09-24T22:18:11Z</time></trkpt>
<trkpt lat="45.3694841" lon="-75.8154242"><speed>1.341</speed><ele>26.8</ele><time>2026-09-24T22:18:16Z</time></trkpt>
<trkpt lat="45.3695685" lon="-75.8154617"><speed>1.714</speed><ele>26.8</ele><time>2026-09-24T22:18:21Z</time></trkpt>
<trkpt lat="45.3696122" lon="-75.8155118"><speed>1.648</speed><ele>26.8</ele><time>2026-09-24T22:18:26Z</time></trkpt>
<trkpt lat="45.3696479" lon="-75.8155992"><speed>1.469</speed><ele>26.9</ele><time>2026-09-24T22:18:31Z</time></trkpt>
<trkpt lat="45.3697050" lon="-75.8156654"><speed>1.616</speed><ele>26.9</ele><time>2026-09-24T22:18:36Z</time></trkpt>
<trkpt lat="45.3697603" lon="-75.8157241"><speed>1.480</speed><ele>26.9</ele><time>2026-09-24T22:18:41Z</time></trkpt>
<trkpt lat="45.3698150" lon="-75.8157899"><speed>1.526</speed><ele>26.9</ele><time>2026-09-24T22:18:46Z</time></trkpt>
<trkpt lat="45.3698718" lon="-75.8158532"><speed>1.500</speed><ele>26.9</ele><time>2026-09-24T22:18:51Z</time></trkpt>
<trkpt lat="45.3699297" lon="-75.8159144"><speed>1.495</speed><ele>26.8</ele><time>2026-09-24T22:18:56Z</time></trkpt>
<trkpt lat="45.3699835" lon="-75.8159697"><speed>1.559</speed><ele>27.0</ele><time>2026-09-24T22:19:01Z</time></trkpt>
<trkpt lat="45.3700412" lon="-75.8160387"><speed>1.567</speed><ele>26.8</ele><time>2026-09-24T22:19:06Z</time></trkpt>
<trkpt lat="45.3701010" lon="-75.8161017"><speed>1.565</speed><ele>26.9</ele><time>2026-09-24T22:19:11Z</time></trkpt>
<trkpt lat="45.3701565" lon="-75.8161679"><speed>1.570</speed><ele>26.9</ele><time>2026-09-24T22:19:16Z</time></trkpt>
<trkpt lat="45.3702087" lon="-75.8162286"><speed>1.590</speed><ele>26.9</ele><time>2026-09-24T22:19:21Z</time></trkpt>
<trkpt lat="45.3702696" lon="-75.8162871"><speed>1.610</speed><ele>26.9</ele><time>2026-09-24T22:19:26Z</time></trkpt>
<trkpt lat="45.3703281" lon="-75.8163496"><speed>1.650</speed><ele>26.8</ele><time>2026-09-24T22:19:31Z</time></trkpt>
<trkpt lat="45.3703880" lon="-75.8164100"><speed>1.620</speed><ele>26.8</ele><time>2026-09-24T22:19:36Z</time></trkpt>
<trkpt lat="45.3704491" lon="-75.8164666"><speed>1.570</speed><ele>26.9</ele><time>2026-09-24T22:19:41Z</time></trkpt>
<trkpt lat="45.3705070" lon="-75.8165242"><speed>1.550</speed><ele>26.8</ele><time>2026-09-24T22:19:46Z</time></trkpt>
<trkpt lat="45.3705632" lon="-75.8165841"><speed>1.570</speed><ele>26.9</ele><time>2026-09-24T22:19:51Z</time></trkpt>
<trkpt lat="45.3706199" lon="-75.8166427"><speed>1.580</speed><ele>26.9</ele><time>2026-09-24T22:19:56Z</time></trkpt>
<trkpt lat="45.3706777" lon="-75.8166981"><speed>1.530</speed><ele>26.8</ele><time>2026-09-24T22:20:01Z</time></trkpt>
<trkpt lat="45.3707343" lon="-75.8167488"><speed>1.440</speed><ele>26.8</ele><time>2026-09-24T22:20:06Z</time></trkpt>
<trkpt lat="45.3707896" lon="-75.8167986"><speed>1.390</speed><ele>26.7</ele><time>2026-09-24T22:20:11Z</time></trkpt>
<trkpt lat="45.3708419" lon="-75.8168471"><speed>1.390</speed><ele>26.8</ele><time>2026-09-24T22:20:16Z</time></trkpt>
<trkpt lat="45.3708931" lon="-75.8168977"><speed>1.330</speed><ele>26.8</ele><time>2026-09-24T22:20:21Z</time></trkpt>
<trkpt lat="45.3709433" lon="-75.8169409"><speed>1.270</speed><ele>26.8</ele><time>2026-09-24T22:20:26Z</time></trkpt>
<trkpt lat="45.3709917" lon="-75.8169980"><speed>1.340</speed><ele>26.8</ele><time>2026-09-24T22:20:31Z</time></trkpt>
<trkpt lat="45.3710418" lon="-75.8170456"><speed>1.340</speed><ele>26.7</ele><time>2026-09-24T22:20:36Z</time></trkpt>
<trkpt lat="45.3710948" lon="-75.8170997"><speed>1.470</speed><ele>26.7</ele><time>2026-09-24T22:20:41Z</time></trkpt>
<trkpt lat="45.3711484" lon="-75.8171540"><speed>1.530</speed><ele>26.8</ele><time>2026-09-24T22:20:46Z</time></trkpt>
<trkpt lat="45.3712021" lon="-75.8172069"><speed>1.430</speed><ele>26.7</ele><time>2026-09-24T22:20:51Z</time></trkpt>
<trkpt lat="45.3712580" lon="-75.8172514"><speed>1.330</speed><ele>26.7</ele><time>2026-09-24T22:20:56Z</time></trkpt>
<trkpt lat="45.3713127" lon="-75.8172840"><speed>1.230</speed><ele>26.7</ele><time>2026-09-24T22:21:01Z</time></trkpt>
<trkpt lat="45.3713589" lon="-75.8173272"><speed>1.250</speed><ele>26.7</ele><time>2026-09-24T22:21:06Z</time></trkpt>
<trkpt lat="45.3714024" lon="-75.8173778"><speed>1.290</speed><ele>26.8</ele><time>2026-09-24T22:21:11Z</time></trkpt>
<trkpt lat="45.3714491" lon="-75.8174294"><speed>1.360</speed><ele>26.8</ele><time>2026-09-24T22:21:16Z</time></trkpt>
<trkpt lat="45.3714991" lon="-75.8174829"><speed>1.370</speed><ele>26.7</ele><time>2026-09-24T22:21:21Z</time></trkpt>
<trkpt lat="45.3715298" lon="-75.8175491"><speed>2.090</speed><ele>26.7</ele><time>2026-09-24T22:21:26Z</time></trkpt>
<trkpt lat="45.3715979" lon="-75.8175914"><speed>1.390</speed><ele>26.6</ele><time>2026-09-24T22:21:31Z</time></trkpt>
<trkpt lat="45.3716458" lon="-75.8176465"><speed>1.430</speed><ele>26.6</ele><time>2026-09-24T22:21:36Z</time></trkpt>
<trkpt lat="45.3716946" lon="-75.8177058"><speed>1.480</speed><ele>26.7</ele><time>2026-09-24T22:21:41Z</time></trkpt>
<trkpt lat="45.3717478" lon="-75.8177636"><speed>1.470</speed><ele>26.7</ele><time>2026-09-24T22:21:46Z</time></trkpt>
<trkpt lat="45.3718041" lon="-75.8178206"><speed>1.500</speed><ele>26.6</ele><time>2026-09-24T22:21:51Z</time></trkpt>
<trkpt lat="45.3718634" lon="-75.8178686"><speed>1.460</speed><ele>26.7</ele><time>2026-09-24T22:21:56Z</time></trkpt>
<trkpt lat="45.3719203" lon="-75.8178787"><speed>1.170</speed><ele>26.6</ele><time>2026-09-24T22:22:01Z</time></trkpt>
<trkpt lat="45.3719538" lon="-75.8178316"><speed>1.030</speed><ele>26.7</ele><time>2026-09-24T22:22:06Z</time></trkpt>
<trkpt lat="45.3719514" lon="-75.8177607"><speed>1.130</speed><ele>26.4</ele><time>2026-09-24T22:22:11Z</time></trkpt>
<trkpt lat="45.3719613" lon="-75.8176846"><speed>1.230</speed><ele>26.4</ele><time>2026-09-24T22:22:16Z</time></trkpt>
<trkpt lat="45.3719771" lon="-75.8176046"><speed>1.290</speed><ele>26.6</ele><time>2026-09-24T22:22:21Z</time></trkpt>
<trkpt lat="45.3719908" lon="-75.8175202"><speed>1.400</speed><ele>26.4</ele><time>2026-09-24T22:22:26Z</time></trkpt>
<trkpt lat="45.3720076" lon="-75.8174288"><speed>1.500</speed><ele>26.5</ele><time>2026-09-24T22:22:31Z</time></trkpt>
<trkpt lat="45.3720306" lon="-75.8173412"><speed>1.410</speed><ele>26.6</ele><time>2026-09-24T22:22:36Z</time></trkpt>
<trkpt lat="45.3720682" lon="-75.8172812"><speed>1.200</speed><ele>26.5</ele><time>2026-09-24T22:22:41Z</time></trkpt>
<trkpt lat="45.3721114" lon="-75.8172683"><speed>0.920</speed><ele>26.4</ele><time>2026-09-24T22:22:46Z</time></trkpt>
<trkpt lat="45.3721475" lon="-75.8172897"><speed>0.850</speed><ele>26.5</ele><time>2026-09-24T22:22:51Z</time></trkpt>
<trkpt lat="45.3721659" lon="-75.8173453"><speed>1.090</speed><ele>26.2</ele><time>2026-09-24T22:22:56Z</time></trkpt>
<trkpt lat="45.3721715" lon="-75.8174206"><speed>1.270</speed><ele>26.5</ele><time>2026-09-24T22:23:01Z</time></trkpt>
<trkpt lat="45.3721814" lon="-75.8175007"><speed>1.320</speed><ele>26.5</ele><time>2026-09-24T22:23:06Z</time></trkpt>
<trkpt lat="45.3721873" lon="-75.8175885"><speed>1.370</speed><ele>26.4</ele><time>2026-09-24T22:23:11Z</time></trkpt>
<trkpt lat="45.3721957" lon="-75.8176773"><speed>1.470</speed><ele>26.4</ele><time>2026-09-24T22:23:16Z</time></trkpt>
<trkpt lat="45.3721984" lon="-75.8177737"><speed>1.600</speed><ele>26.4</ele><time>2026-09-24T22:23:21Z</time></trkpt>
<trkpt lat="45.3721988" lon="-75.8178745"><speed>1.620</speed><ele>26.3</ele><time>2026-09-24T22:23:26Z</time></trkpt>
<trkpt lat="45.3722021" lon="-75.8179736"><speed>1.550</speed><ele>26.5</ele><time>2026-09-24T22:23:31Z</time></trkpt>
<trkpt lat="45.3722030" lon="-75.8180713"><speed>1.570</speed><ele>26.5</ele><time>2026-09-24T22:23:36Z</time></trkpt>
<trkpt lat="45.3721985" lon="-75.8181690"><speed>1.630</speed><ele>26.4</ele><time>2026-09-24T22:23:41Z</time></trkpt>
<trkpt lat="45.3721945" lon="-75.8182696"><speed>1.580</speed><ele>26.6</ele><time>2026-09-24T22:23:46Z</time></trkpt>
<trkpt lat="45.3722013" lon="-75.8183736"><speed>1.590</speed><ele>26.5</ele><time>2026-09-24T22:23:51Z</time></trkpt>
<trkpt lat="45.3721981" lon="-75.8184758"><speed>1.630</speed><ele>26.4</ele><time>2026-09-24T22:23:56Z</time></trkpt>
<trkpt lat="45.3721947" lon="-75.8185773"><speed>1.620</speed><ele>26.6</ele><time>2026-09-24T22:24:01Z</time></trkpt>
<trkpt lat="45.3721931" lon="-75.8186809"><speed>1.630</speed><ele>26.5</ele><time>2026-09-24T22:24:06Z</time></trkpt>
<trkpt lat="45.3721903" lon="-75.8187853"><speed>1.650</speed><ele>26.4</ele><time>2026-09-24T22:24:11Z</time></trkpt>
<trkpt lat="45.3721884" lon="-75.8188892"><speed>1.610</speed><ele>26.4</ele><time>2026-09-24T22:24:16Z</time></trkpt>
<trkpt lat="45.3721885" lon="-75.8189940"><speed>1.630</speed><ele>26.4</ele><time>2026-09-24T22:24:21Z</time></trkpt>
<trkpt lat="45.3721927" lon="-75.8190999"><speed>1.600</speed><ele>26.4</ele><time>2026-09-24T22:24:26Z</time></trkpt>
<trkpt lat="45.3721960" lon="-75.8192037"><speed>1.620</speed><ele>26.5</ele><time>2026-09-24T22:24:31Z</time></trkpt>
<trkpt lat="45.3722025" lon="-75.8193070"><speed>1.620</speed><ele>26.4</ele><time>2026-09-24T22:24:36Z</time></trkpt>
<trkpt lat="45.3722014" lon="-75.8194137"><speed>1.660</speed><ele>26.4</ele><time>2026-09-24T22:24:41Z</time></trkpt>
<trkpt lat="45.3721948" lon="-75.8195210"><speed>1.720</speed><ele>26.4</ele><time>2026-09-24T22:24:46Z</time></trkpt>
<trkpt lat="45.3721923" lon="-75.8196262"><speed>1.650</speed><ele>26.2</ele><time>2026-09-24T22:24:51Z</time></trkpt>
<trkpt lat="45.3721884" lon="-75.8197304"><speed>1.660</speed><ele>26.4</ele><time>2026-09-24T22:24:56Z</time></trkpt>
<trkpt lat="45.3721819" lon="-75.8198360"><speed>1.690</speed><ele>26.5</ele><time>2026-09-24T22:25:01Z</time></trkpt>
<trkpt lat="45.3721736" lon="-75.8199452"><speed>1.700</speed><ele>26.3</ele><time>2026-09-24T22:25:06Z</time></trkpt>
<trkpt lat="45.3721623" lon="-75.8200561"><speed>1.730</speed><ele>26.4</ele><time>2026-09-24T22:25:11Z</time></trkpt>
<trkpt lat="45.3721535" lon="-75.8201632"><speed>1.670</speed><ele>26.3</ele><time>2026-09-24T22:25:16Z</time></trkpt>
<trkpt lat="45.3721461" lon="-75.8202700"><speed>1.690</speed><ele>26.2</ele><time>2026-09-24T22:25:21Z</time></trkpt>
<trkpt lat="45.3721457" lon="-75.8203770"><speed>1.670</speed><ele>26.4</ele><time>2026-09-24T22:25:26Z</time></trkpt>
<trkpt lat="45.3721388" lon="-75.8204851"><speed>1.670</speed><ele>26.3</ele><time>2026-09-24T22:25:31Z</time></trkpt>
<trkpt lat="45.3721330" lon="-75.8205914"><speed>1.670</speed><ele>26.2</ele><time>2026-09-24T22:25:36Z</time></trkpt>
<trkpt lat="45.3721285" lon="-75.8206974"><speed>1.650</speed><ele>26.3</ele><time>2026-09-24T22:25:41Z</time></trkpt>
<trkpt lat="45.3721240" lon="-75.8208020"><speed>1.610</speed><ele>26.3</ele><time>2026-09-24T22:25:46Z</time></trkpt>
<trkpt lat="45.3721185" lon="-75.8209061"><speed>1.650</speed><ele>26.3</ele><time>2026-09-24T22:25:51Z</time></trkpt>
<trkpt lat="45.3721207" lon="-75.8210111"><speed>1.650</speed><ele>26.5</ele><time>2026-09-24T22:25:56Z</time></trkpt>
<trkpt lat="45.3721367" lon="-75.8211163"><speed>1.690</speed><ele>26.4</ele><time>2026-09-24T22:26:01Z</time></trkpt>
<trkpt lat="45.3721485" lon="-75.8212275"><speed>1.970</speed><ele>26.3</ele><time>2026-09-24T22:26:06Z</time></trkpt>
<trkpt lat="45.3721615" lon="-75.8213414"><speed>1.760</speed><ele>26.3</ele><time>2026-09-24T22:26:11Z</time></trkpt>
<trkpt lat="45.3721698" lon="-75.8214678"><speed>2.710</speed><ele>26.3</ele><time>2026-09-24T22:26:16Z</time></trkpt>
<trkpt lat="45.3721762" lon="-75.8215769"><speed>1.870</speed><ele>26.4</ele><time>2026-09-24T22:26:21Z</time></trkpt>
<trkpt lat="45.3721761" lon="-75.8216831"><speed>1.750</speed><ele>26.4</ele><time>2026-09-24T22:26:26Z</time></trkpt>
<trkpt lat="45.3721769" lon="-75.8217935"><speed>1.740</speed><ele>26.3</ele><time>2026-09-24T22:26:31Z</time></trkpt>
<trkpt lat="45.3721810" lon="-75.8219019"><speed>1.700</speed><ele>26.3</ele><time>2026-09-24T22:26:36Z</time></trkpt>
<trkpt lat="45.3721844" lon="-75.8220116"><speed>1.740</speed><ele>26.2</ele><time>2026-09-24T22:26:41Z</time></trkpt>
<trkpt lat="45.3721918" lon="-75.8221219"><speed>1.700</speed><ele>26.3</ele><time>2026-09-24T22:26:46Z</time></trkpt>
<trkpt lat="45.3721983" lon="-75.8222321"><speed>1.720</speed><ele>26.4</ele><time>2026-09-24T22:26:51Z</time></trkpt>
<trkpt lat="45.3722049" lon="-75.8223413"><speed>1.660</speed><ele>26.2</ele><time>2026-09-24T22:26:56Z</time></trkpt>
<trkpt lat="45.3722059" lon="-75.8224453"><speed>1.650</speed><ele>26.3</ele><time>2026-09-24T22:27:01Z</time></trkpt>
<trkpt lat="45.3721983" lon="-75.8225453"><speed>1.620</speed><ele>26.4</ele><time>2026-09-24T22:27:06Z</time></trkpt>
<trkpt lat="45.3721802" lon="-75.8226405"><speed>1.560</speed><ele>26.2</ele><time>2026-09-24T22:27:11Z</time></trkpt>
<trkpt lat="45.3721508" lon="-75.8227299"><speed>1.460</speed><ele>26.3</ele><time>2026-09-24T22:27:16Z</time></trkpt>
<trkpt lat="45.3721289" lon="-75.8228142"><speed>1.340</speed><ele>26.4</ele><time>2026-09-24T22:27:21Z</time></trkpt>
<trkpt lat="45.3721232" lon="-75.8228986"><speed>1.320</speed><ele>26.1</ele><time>2026-09-24T22:27:26Z</time></trkpt>
<trkpt lat="45.3721214" lon="-75.8229807"><speed>1.280</speed><ele>26.1</ele><time>2026-09-24T22:27:31Z</time></trkpt>
<trkpt lat="45.3721187" lon="-75.8230636"><speed>1.310</speed><ele>26.3</ele><time>2026-09-24T22:27:36Z</time></trkpt>
<trkpt lat="45.3721127" lon="-75.8231454"><speed>1.330</speed><ele>26.2</ele><time>2026-09-24T22:27:41Z</time></trkpt>
<trkpt lat="45.3721080" lon="-75.8232323"><speed>1.340</speed><ele>26.2</ele><time>2026-09-24T22:27:46Z</time></trkpt>
<trkpt lat="45.3720998" lon="-75.8233200"><speed>1.340</speed><ele>26.2</ele><time>2026-09-24T22:27:51Z</time></trkpt>
<trkpt lat="45.3720937" lon="-75.8234068"><speed>1.260</speed><ele>26.0</ele><time>2026-09-24T22:27:56Z</time></trkpt>
<trkpt lat="45.3720858" lon="-75.8234899"><speed>1.310</speed><ele>26.1</ele><time>2026-09-24T22:28:01Z</time></trkpt>
<trkpt lat="45.3720767" lon="-75.8235729"><speed>1.340</speed><ele>26.3</ele><time>2026-09-24T22:28:06Z</time></trkpt>
<trkpt lat="45.3720632" lon="-75.8236568"><speed>1.370</speed><ele>26.2</ele><time>2026-09-24T22:28:11Z</time></trkpt>
<trkpt lat="45.3720506" lon="-75.8237402"><speed>1.360</speed><ele>26.2</ele><time>2026-09-24T22:28:16Z</time></trkpt>
<trkpt lat="45.3720384" lon="-75.8238225"><speed>1.340</speed><ele>26.2</ele><time>2026-09-24T22:28:21Z</time></trkpt>
<trkpt lat="45.3720266" lon="-75.8239084"><speed>1.410</speed><ele>26.1</ele><time>2026-09-24T22:28:26Z</time></trkpt>
<trkpt lat="45.3720163" lon="-75.8239944"><speed>1.320</speed><ele>26.2</ele><time>2026-09-24T22:28:31Z</time></trkpt>
<trkpt lat="45.3719837" lon="-75.8240652"><speed>1.180</speed><ele>26.2</ele><time>2026-09-24T22:28:36Z</time></trkpt>
<trkpt lat="45.3719408" lon="-75.8241054"><speed>1.130</speed><ele>26.0</ele><time>2026-09-24T22:28:41Z</time></trkpt>
<trkpt lat="45.3718983" lon="-75.8241317"><speed>1.070</speed><ele>26.2</ele><time>2026-09-24T22:28:46Z</time></trkpt>
<trkpt lat="45.3718568" lon="-75.8241566"><speed>1.030</speed><ele>26.1</ele><time>2026-09-24T22:28:51Z</time></trkpt>
<trkpt lat="45.3718183" lon="-75.8241829"><speed>0.890</speed><ele>26.1</ele><time>2026-09-24T22:28:56Z</time></trkpt>
<trkpt lat="45.3717764" lon="-75.8241971"><speed>0.950</speed><ele>26.1</ele><time>2026-09-24T22:29:01Z</time></trkpt>
<trkpt lat="45.3717367" lon="-75.8242062"><speed>0.910</speed><ele>26.1</ele><time>2026-09-24T22:29:06Z</time></trkpt>
<trkpt lat="45.3716973" lon="-75.8242110"><speed>0.880</speed><ele>26.1</ele><time>2026-09-24T22:29:11Z</time></trkpt>
<trkpt lat="45.3716595" lon="-75.8242150"><speed>0.850</speed><ele>26.2</ele><time>2026-09-24T22:29:16Z</time></trkpt>
<trkpt lat="45.3716223" lon="-75.8242180"><speed>0.820</speed><ele>26.0</ele><time>2026-09-24T22:29:21Z</time></trkpt>
<trkpt lat="45.3715856" lon="-75.8242137"><speed>0.840</speed><ele>26.0</ele><time>2026-09-24T22:29:26Z</time></trkpt>
<trkpt lat="45.3715475" lon="-75.8242054"><speed>0.850</speed><ele>26.1</ele><time>2026-09-24T22:29:31Z</time></trkpt>
<trkpt lat="45.3715083" lon="-75.8241932"><speed>0.910</speed><ele>26.1</ele><time>2026-09-24T22:29:36Z</time></trkpt>
<trkpt lat="45.3714679" lon="-75.8241782"><speed>0.950</speed><ele>26.1</ele><time>2026-09-24T22:29:41Z</time></trkpt>
<trkpt lat="45.3714247" lon="-75.8241582"><speed>1.010</speed><ele>26.3</ele><time>2026-09-24T22:29:46Z</time></trkpt>
<trkpt lat="45.3713800" lon="-75.8241318"><speed>1.070</speed><ele>26.0</ele><time>2026-09-24T22:29:51Z</time></trkpt>
<trkpt lat="45.3713386" lon="-75.8241022"><speed>1.020</speed><ele>26.0</ele><time>2026-09-24T22:29:56Z</time></trkpt>
<trkpt lat="45.3712990" lon="-75.8240737"><speed>0.980</speed><ele>26.0</ele><time>2026-09-24T22:30:01Z</time></trkpt>
<trkpt lat="45.3712598" lon="-75.8240437"><speed>0.980</speed><ele>26.0</ele><time>2026-09-24T22:30:06Z</time></trkpt>
<trkpt lat="45.3712205" lon="-75.8240158"><speed>1.070</speed><ele>26.1</ele><time>2026-09-24T22:30:11Z</time></trkpt>
<trkpt lat="45.3711750" lon="-75.8240058"><speed>1.070</speed><ele>26.1</ele><time>2026-09-24T22:30:16Z</time></trkpt>
<trkpt lat="45.3711271" lon="-75.8240029"><speed>1.090</speed><ele>26.0</ele><time>2026-09-24T22:30:21Z</time></trkpt>
<trkpt lat="45.3710756" lon="-75.8240091"><speed>1.130</speed><ele>26.2</ele><time>2026-09-24T22:30:26Z</time></trkpt>
<trkpt lat="45.3710218" lon="-75.8240147"><speed>1.240</speed><ele>26.1</ele><time>2026-09-24T22:30:31Z</time></trkpt>
<trkpt lat="45.3709651" lon="-75.8240182"><speed>1.220</speed><ele>26.1</ele><time>2026-09-24T22:30:36Z</time></trkpt>
<trkpt lat="45.3709093" lon="-75.8240234"><speed>1.270</speed><ele>26.2</ele><time>2026-09-24T22:30:41Z</time></trkpt>
<trkpt lat="45.3708529" lon="-75.8240282"><speed>1.250</speed><ele>26.2</ele><time>2026-09-24T22:30:46Z</time></trkpt>
<trkpt lat="45.3707973" lon="-75.8240354"><speed>1.260</speed><ele>26.1</ele><time>2026-09-24T22:30:51Z</time></trkpt>
<trkpt lat="45.3707414" lon="-75.8240438"><speed>1.280</speed><ele>26.2</ele><time>2026-09-24T22:30:56Z</time></trkpt>
<trkpt lat="45.3706850" lon="-75.8240497"><speed>1.270</speed><ele>26.1</ele><time>2026-09-24T22:31:01Z</time></trkpt>
<trkpt lat="45.3706280" lon="-75.8240561"><speed>1.260</speed><ele>26.3</ele><time>2026-09-24T22:31:06Z</time></trkpt>
<trkpt lat="45.3705710" lon="-75.8240638"><speed>1.310</speed><ele>26.3</ele><time>2026-09-24T22:31:11Z</time></trkpt>
<trkpt lat="45.3705144" lon="-75.8240749"><speed>1.370</speed><ele>26.1</ele><time>2026-09-24T22:31:16Z</time></trkpt>
<trkpt lat="45.3704553" lon="-75.8240820"><speed>1.310</speed><ele>26.1</ele><time>2026-09-24T22:31:21Z</time></trkpt>
<trkpt lat="45.3703960" lon="-75.8240883"><speed>1.310</speed><ele>26.2</ele><time>2026-09-24T22:31:26Z</time></trkpt>
<trkpt lat="45.3703388" lon="-75.8240955"><speed>1.280</speed><ele>26.2</ele><time>2026-09-24T22:31:31Z</time></trkpt>
<trkpt lat="45.3702837" lon="-75.8241046"><speed>1.240</speed><ele>26.2</ele><time>2026-09-24T22:31:36Z</time></trkpt>
<trkpt lat="45.3702298" lon="-75.8241128"><speed>1.200</speed><ele>26.3</ele><time>2026-09-24T22:31:41Z</time></trkpt>
<trkpt lat="45.3701755" lon="-75.8241201"><speed>1.200</speed><ele>26.1</ele><time>2026-09-24T22:31:46Z</time></trkpt>
<trkpt lat="45.3701191" lon="-75.8241259"><speed>1.190</speed><ele>26.1</ele><time>2026-09-24T22:31:51Z</time></trkpt>
<trkpt lat="45.3700659" lon="-75.8241330"><speed>1.200</speed><ele>26.1</ele><time>2026-09-24T22:31:56Z</time></trkpt>
<trkpt lat="45.3700117" lon="-75.8241414"><speed>1.210</speed><ele>26.3</ele><time>2026-09-24T22:32:01Z</time></trkpt>
<trkpt lat="45.3699571" lon="-75.8241473"><speed>1.200</speed><ele>26.2</ele><time>2026-09-24T22:32:06Z</time></trkpt>
<trkpt lat="45.3699022" lon="-75.8241538"><speed>1.200</speed><ele>26.2</ele><time>2026-09-24T22:32:11Z</time></trkpt>
<trkpt lat="45.3698471" lon="-75.8241603"><speed>1.190</speed><ele>26.0</ele><time>2026-09-24T22:32:16Z</time></trkpt>
<trkpt lat="45.3697948" lon="-75.8241676"><speed>1.160</speed><ele>26.1</ele><time>2026-09-24T22:32:21Z</time></trkpt>
<trkpt lat="45.3697402" lon="-75.8241725"><speed>1.043</speed><ele>26.2</ele><time>2026-09-24T22:32:26Z</time></trkpt>
<trkpt lat="45.3696910" lon="-75.8241794"><speed>1.015</speed><ele>26.3</ele><time>2026-09-24T22:32:31Z</time></trkpt>
<trkpt lat="45.3696425" lon="-75.8241843"><speed>0.981</speed><ele>26.4</ele><time>2026-09-24T22:32:36Z</time></trkpt>
<trkpt lat="45.3695955" lon="-75.8241875"><speed>0.988</speed><ele>26.2</ele><time>2026-09-24T22:32:41Z</time></trkpt>
<trkpt lat="45.3695468" lon="-75.8241938"><speed>0.922</speed><ele>26.2</ele><time>2026-09-24T22:32:46Z</time></trkpt>
<trkpt lat="45.3694982" lon="-75.8241989"><speed>1.019</speed><ele>26.2</ele><time>2026-09-24T22:32:51Z</time></trkpt>
<trkpt lat="45.3694488" lon="-75.8242019"><speed>0.979</speed><ele>26.2</ele><time>2026-09-24T22:32:56Z</time></trkpt>
<trkpt lat="45.3693995" lon="-75.8242070"><speed>0.983</speed><ele>26.1</ele><time>2026-09-24T22:33:01Z</time></trkpt>
<trkpt lat="45.3693523" lon="-75.8242129"><speed>0.984</speed><ele>26.3</ele><time>2026-09-24T22:33:06Z</time></trkpt>
<trkpt lat="45.3693034" lon="-75.8242149"><speed>0.984</speed><ele>26.1</ele><time>2026-09-24T22:33:11Z</time></trkpt>
<trkpt lat="45.3692538" lon="-75.8242164"><speed>1.067</speed><ele>26.0</ele><time>2026-09-24T22:33:16Z</time></trkpt>
<trkpt lat="45.3692024" lon="-75.8242189"><speed>1.013</speed><ele>26.1</ele><time>2026-09-24T22:33:21Z</time></trkpt>
<trkpt lat="45.3691516" lon="-75.8242273"><speed>1.019</speed><ele>26.2</ele><time>2026-09-24T22:33:26Z</time></trkpt>
<trkpt lat="45.3691010" lon="-75.8242298"><speed>1.043</speed><ele>26.4</ele><time>2026-09-24T22:33:31Z</time></trkpt>
<trkpt lat="45.3690488" lon="-75.8242328"><speed>1.085</speed><ele>26.4</ele><time>2026-09-24T22:33:36Z</time></trkpt>
<trkpt lat="45.3689969" lon="-75.8242390"><speed>1.141</speed><ele>26.1</ele><time>2026-09-24T22:33:41Z</time></trkpt>
<trkpt lat="45.3689407" lon="-75.8242397"><speed>1.161</speed><ele>26.0</ele><time>2026-09-24T22:33:46Z</time></trkpt>
<trkpt lat="45.3688846" lon="-75.8242470"><speed>1.181</speed><ele>26.2</ele><time>2026-09-24T22:33:51Z</time></trkpt>
<trkpt lat="45.3688285" lon="-75.8242496"><speed>1.194</speed><ele>26.3</ele><time>2026-09-24T22:33:56Z</time></trkpt>
<trkpt lat="45.3687722" lon="-75.8242551"><speed>1.156</speed><ele>26.3</ele><time>2026-09-24T22:34:01Z</time></trkpt>
<trkpt lat="45.3687165" lon="-75.8242556"><speed>1.139</speed><ele>26.4</ele><time>2026-09-24T22:34:06Z</time></trkpt>
<trkpt lat="45.3686585" lon="-75.8242644"><speed>1.101</speed><ele>26.1</ele><time>2026-09-24T22:34:11Z</time></trkpt>
<trkpt lat="45.3686091" lon="-75.8242668"><speed>1.044</speed><ele>26.1</ele><time>2026-09-24T22:34:16Z</time></trkpt>
<trkpt lat="45.3685616" lon="-75.8242694"><speed>0.987</speed><ele>26.2</ele><time>2026-09-24T22:34:21Z</time></trkpt>
<trkpt lat="45.3685136" lon="-75.8242752"><speed>1.031</speed><ele>26.2</ele><time>2026-09-24T22:34:26Z</time></trkpt>
<trkpt lat="45.3684654" lon="-75.8242769"><speed>1.022</speed><ele>26.3</ele><time>2026-09-24T22:34:31Z</time></trkpt>
<trkpt lat="45.3684136" lon="-75.8242763"><speed>1.046</speed><ele>26.4</ele><time>2026-09-24T22:34:36Z</time></trkpt>
<trkpt lat="45.3683603" lon="-75.8242750"><speed>1.089</speed><ele>26.2</ele><time>2026-09-24T22:34:41Z</time></trkpt>
<trkpt lat="45.3683058" lon="-75.8242748"><speed>1.096</speed><ele>26.1</ele><time>2026-09-24T22:34:46Z</time></trkpt>
<trkpt lat="45.3682527" lon="-75.8242728"><speed>1.090</speed><ele>26.1</ele><time>2026-09-24T22:34:51Z</time></trkpt>
<trkpt lat="45.3682030" lon="-75.8242585"><speed>1.165</speed><ele>26.1</ele><time>2026-09-24T22:34:56Z</time></trkpt>
<trkpt lat="45.3681436" lon="-75.8242568"><speed>1.203</speed><ele>26.2</ele><time>2026-09-24T22:35:01Z</time></trkpt>
<trkpt lat="45.3680980" lon="-75.8242634"><speed>1.017</speed><ele>26.2</ele><time>2026-09-24T22:35:06Z</time></trkpt>
<trkpt lat="45.3680518" lon="-75.8242590"><speed>0.942</speed><ele>26.1</ele><time>2026-09-24T22:35:11Z</time></trkpt>
<trkpt lat="45.3680037" lon="-75.8242678"><speed>0.983</speed><ele>26.3</ele><time>2026-09-24T22:35:16Z</time></trkpt>
<trkpt lat="45.3679588" lon="-75.8242836"><speed>0.953</speed><ele>26.3</ele><time>2026-09-24T22:35:21Z</time></trkpt>
<trkpt lat="45.3679179" lon="-75.8242849"><speed>0.916</speed><ele>26.1</ele><time>2026-09-24T22:35:26Z</time></trkpt>
<trkpt lat="45.3678695" lon="-75.8242886"><speed>0.981</speed><ele>26.3</ele><time>2026-09-24T22:35:31Z</time></trkpt>
<trkpt lat="45.3678234" lon="-75.8242962"><speed>0.963</speed><ele>26.1</ele><time>2026-09-24T22:35:36Z</time></trkpt>
<trkpt lat="45.3677794" lon="-75.8243031"><speed>0.985</speed><ele>26.1</ele><time>2026-09-24T22:35:41Z</time></trkpt>
<trkpt lat="45.3677335" lon="-75.8243095"><speed>0.984</speed><ele>26.3</ele><time>2026-09-24T22:35:46Z</time></trkpt>
<trkpt lat="45.3676879" lon="-75.8243139"><speed>0.990</speed><ele>26.3</ele><time>2026-09-24T22:35:51Z</time></trkpt>
<trkpt lat="45.3676407" lon="-75.8243182"><speed>0.996</speed><ele>26.1</ele><time>2026-09-24T22:35:56Z</time></trkpt>
<trkpt lat="45.3675920" lon="-75.8243193"><speed>1.010</speed><ele>26.4</ele><time>2026-09-24T22:36:01Z</time></trkpt>
<trkpt lat="45.3675448" lon="-75.8243228"><speed>0.982</speed><ele>26.3</ele><time>2026-09-24T22:36:06Z</time></trkpt>
<trkpt lat="45.3674846" lon="-75.8243452"><speed>3.560</speed><ele>26.1</ele><time>2026-09-24T22:36:11Z</time></trkpt>
<trkpt lat="45.3674473" lon="-75.8243368"><speed>1.140</speed><ele>26.3</ele><time>2026-09-24T22:36:16Z</time></trkpt>
<trkpt lat="45.3674102" lon="-75.8243185"><speed>0.900</speed><ele>26.1</ele><time>2026-09-24T22:36:21Z</time></trkpt>
<trkpt lat="45.3673655" lon="-75.8243120"><speed>1.090</speed><ele>26.0</ele><time>2026-09-24T22:36:26Z</time></trkpt>
<trkpt lat="45.3673150" lon="-75.8242993"><speed>0.950</speed><ele>26.2</ele><time>2026-09-24T22:36:31Z</time></trkpt>
<trkpt lat="45.3672661" lon="-75.8242908"><speed>0.980</speed><ele>26.3</ele><time>2026-09-24T22:36:36Z</time></trkpt>
<trkpt lat="45.3672206" lon="-75.8242814"><speed>1.030</speed><ele>26.2</ele><time>2026-09-24T22:36:41Z</time></trkpt>
<trkpt lat="45.3671752" lon="-75.8242709"><speed>0.990</speed><ele>26.3</ele><time>2026-09-24T22:36:46Z</time></trkpt>
<trkpt lat="45.3671305" lon="-75.8242507"><speed>0.980</speed><ele>26.2</ele><time>2026-09-24T22:36:51Z</time></trkpt>
<trkpt lat="45.3670875" lon="-75.8242261"><speed>0.950</speed><ele>26.4</ele><time>2026-09-24T22:36:56Z</time></trkpt>
<trkpt lat="45.3670464" lon="-75.8242088"><speed>0.900</speed><ele>26.3</ele><time>2026-09-24T22:37:01Z</time></trkpt>
<trkpt lat="45.3670095" lon="-75.8241957"><speed>0.800</speed><ele>26.3</ele><time>2026-09-24T22:37:06Z</time></trkpt>
<trkpt lat="45.3669762" lon="-75.8241822"><speed>0.690</speed><ele>26.3</ele><time>2026-09-24T22:37:11Z</time></trkpt>
<trkpt lat="45.3669555" lon="-75.8241496"><speed>0.680</speed><ele>26.1</ele><time>2026-09-24T22:37:16Z</time></trkpt>
<trkpt lat="45.3669546" lon="-75.8241048"><speed>0.700</speed><ele>26.3</ele><time>2026-09-24T22:37:21Z</time></trkpt>
<trkpt lat="45.3669436" lon="-75.8240682"><speed>0.660</speed><ele>26.5</ele><time>2026-09-24T22:37:26Z</time></trkpt>
<trkpt lat="45.3669314" lon="-75.8240318"><speed>0.610</speed><ele>26.5</ele><time>2026-09-24T22:37:31Z</time></trkpt>
<trkpt lat="45.3669217" lon="-75.8239966"><speed>0.620</speed><ele>26.4</ele><time>2026-09-24T22:37:36Z</time></trkpt>
<trkpt lat="45.3669178" lon="-75.8239575"><speed>0.610</speed><ele>26.3</ele><time>2026-09-24T22:37:41Z</time></trkpt>
<trkpt lat="45.3669150" lon="-75.8239156"><speed>0.680</speed><ele>26.2</ele><time>2026-09-24T22:37:46Z</time></trkpt>
<trkpt lat="45.3669100" lon="-75.8238725"><speed>0.700</speed><ele>26.4</ele><time>2026-09-24T22:37:51Z</time></trkpt>
<trkpt lat="45.3669069" lon="-75.8238287"><speed>0.720</speed><ele>26.4</ele><time>2026-09-24T22:37:56Z</time></trkpt>
<trkpt lat="45.3669045" lon="-75.8237804"><speed>0.800</speed><ele>26.5</ele><time>2026-09-24T22:38:01Z</time></trkpt>
<trkpt lat="45.3669007" lon="-75.8237280"><speed>0.870</speed><ele>26.2</ele><time>2026-09-24T22:38:06Z</time></trkpt>
<trkpt lat="45.3669010" lon="-75.8236711"><speed>0.920</speed><ele>26.3</ele><time>2026-09-24T22:38:11Z</time></trkpt>
<trkpt lat="45.3669055" lon="-75.8236102"><speed>0.980</speed><ele>26.2</ele><time>2026-09-24T22:38:16Z</time></trkpt>
<trkpt lat="45.3669094" lon="-75.8235436"><speed>1.050</speed><ele>26.3</ele><time>2026-09-24T22:38:21Z</time></trkpt>
<trkpt lat="45.3669103" lon="-75.8234745"><speed>1.100</speed><ele>26.5</ele><time>2026-09-24T22:38:26Z</time></trkpt>
<trkpt lat="45.3669157" lon="-75.8234045"><speed>1.090</speed><ele>26.3</ele><time>2026-09-24T22:38:31Z</time></trkpt>
<trkpt lat="45.3669236" lon="-75.8233335"><speed>1.120</speed><ele>26.3</ele><time>2026-09-24T22:38:36Z</time></trkpt>
<trkpt lat="45.3669309" lon="-75.8232617"><speed>1.120</speed><ele>26.3</ele><time>2026-09-24T22:38:41Z</time></trkpt>
<trkpt lat="45.3669389" lon="-75.8231886"><speed>1.190</speed><ele>26.3</ele><time>2026-09-24T22:38:46Z</time></trkpt>
<trkpt lat="45.3669506" lon="-75.8231134"><speed>1.210</speed><ele>26.3</ele><time>2026-09-24T22:38:51Z</time></trkpt>
<trkpt lat="45.3669674" lon="-75.8230404"><speed>1.220</speed><ele>26.4</ele><time>2026-09-24T22:38:56Z</time></trkpt>
<trkpt lat="45.3669768" lon="-75.8229644"><speed>1.220</speed><ele>26.2</ele><time>2026-09-24T22:39:01Z</time></trkpt>
<trkpt lat="45.3669970" lon="-75.8228898"><speed>1.250</speed><ele>26.2</ele><time>2026-09-24T22:39:06Z</time></trkpt>
<trkpt lat="45.3670138" lon="-75.8228136"><speed>1.260</speed><ele>26.4</ele><time>2026-09-24T22:39:11Z</time></trkpt>
<trkpt lat="45.3670317" lon="-75.8227365"><speed>1.250</speed><ele>26.1</ele><time>2026-09-24T22:39:16Z</time></trkpt>
<trkpt lat="45.3670547" lon="-75.8226653"><speed>1.240</speed><ele>26.2</ele><time>2026-09-24T22:39:21Z</time></trkpt>
<trkpt lat="45.3670750" lon="-75.8225906"><speed>1.200</speed><ele>26.4</ele><time>2026-09-24T22:39:26Z</time></trkpt>
<trkpt lat="45.3670955" lon="-75.8225166"><speed>1.230</speed><ele>26.4</ele><time>2026-09-24T22:39:31Z</time></trkpt>
<trkpt lat="45.3671125" lon="-75.8224420"><speed>1.250</speed><ele>26.4</ele><time>2026-09-24T22:39:36Z</time></trkpt>
<trkpt lat="45.3671339" lon="-75.8223655"><speed>1.240</speed><ele>26.4</ele><time>2026-09-24T22:39:41Z</time></trkpt>
<trkpt lat="45.3671567" lon="-75.8222930"><speed>1.220</speed><ele>26.4</ele><time>2026-09-24T22:39:46Z</time></trkpt>
<trkpt lat="45.3671776" lon="-75.8222197"><speed>1.260</speed><ele>26.4</ele><time>2026-09-24T22:39:51Z</time></trkpt>
<trkpt lat="45.3671972" lon="-75.8221434"><speed>1.250</speed><ele>26.5</ele><time>2026-09-24T22:39:56Z</time></trkpt>
<trkpt lat="45.3672166" lon="-75.8220698"><speed>1.240</speed><ele>26.4</ele><time>2026-09-24T22:40:01Z</time></trkpt>
<trkpt lat="45.3672412" lon="-75.8219962"><speed>1.770</speed><ele>26.5</ele><time>2026-09-24T22:40:06Z</time></trkpt>
<trkpt lat="45.3672635" lon="-75.8219256"><speed>1.250</speed><ele>26.5</ele><time>2026-09-24T22:40:11Z</time></trkpt>
<trkpt lat="45.3672851" lon="-75.8218526"><speed>1.220</speed><ele>26.4</ele><time>2026-09-24T22:40:16Z</time></trkpt>
<trkpt lat="45.3673103" lon="-75.8217834"><speed>1.210</speed><ele>26.3</ele><time>2026-09-24T22:40:21Z</time></trkpt>
<trkpt lat="45.3673336" lon="-75.8217151"><speed>1.180</speed><ele>26.4</ele><time>2026-09-24T22:40:26Z</time></trkpt>
<trkpt lat="45.3673556" lon="-75.8216457"><speed>1.190</speed><ele>26.4</ele><time>2026-09-24T22:40:31Z</time></trkpt>
<trkpt lat="45.3673776" lon="-75.8215773"><speed>1.200</speed><ele>26.4</ele><time>2026-09-24T22:40:36Z</time></trkpt>
<trkpt lat="45.3674016" lon="-75.8215086"><speed>1.180</speed><ele>26.2</ele><time>2026-09-24T22:40:41Z</time></trkpt>
<trkpt lat="45.3674254" lon="-75.8214398"><speed>1.200</speed><ele>26.3</ele><time>2026-09-24T22:40:46Z</time></trkpt>
<trkpt lat="45.3674458" lon="-75.8213672"><speed>1.190</speed><ele>26.2</ele><time>2026-09-24T22:40:51Z</time></trkpt>
<trkpt lat="45.3674657" lon="-75.8212927"><speed>1.220</speed><ele>26.2</ele><time>2026-09-24T22:40:56Z</time></trkpt>
<trkpt lat="45.3674862" lon="-75.8212200"><speed>1.210</speed><ele>26.4</ele><time>2026-09-24T22:41:01Z</time></trkpt>
<trkpt lat="45.3675038" lon="-75.8211456"><speed>1.240</speed><ele>26.4</ele><time>2026-09-24T22:41:06Z</time></trkpt>
<trkpt lat="45.3675231" lon="-75.8210690"><speed>1.290</speed><ele>26.3</ele><time>2026-09-24T22:41:11Z</time></trkpt>
<trkpt lat="45.3675453" lon="-75.8209906"><speed>1.610</speed><ele>26.4</ele><time>2026-09-24T22:41:16Z</time></trkpt>
<trkpt lat="45.3675705" lon="-75.8209477"><speed>0.810</speed><ele>26.5</ele><time>2026-09-24T22:41:21Z</time></trkpt>
<trkpt lat="45.3676034" lon="-75.8209561"><speed>0.630</speed><ele>26.4</ele><time>2026-09-24T22:41:26Z</time></trkpt>
<trkpt lat="45.3676172" lon="-75.8210052"><speed>0.740</speed><ele>26.5</ele><time>2026-09-24T22:41:31Z</time></trkpt>
<trkpt lat="45.3676369" lon="-75.8210514"><speed>0.880</speed><ele>26.5</ele><time>2026-09-24T22:41:36Z</time></trkpt>
<trkpt lat="45.3676721" lon="-75.8210833"><speed>0.930</speed><ele>26.4</ele><time>2026-09-24T22:41:41Z</time></trkpt>
<trkpt lat="45.3677075" lon="-75.8211254"><speed>1.060</speed><ele>26.5</ele><time>2026-09-24T22:41:46Z</time></trkpt>
<trkpt lat="45.3677488" lon="-75.8211624"><speed>1.090</speed><ele>26.4</ele><time>2026-09-24T22:41:51Z</time></trkpt>
<trkpt lat="45.3677930" lon="-75.8211979"><speed>1.160</speed><ele>26.5</ele><time>2026-09-24T22:41:56Z</time></trkpt>
<trkpt lat="45.3678403" lon="-75.8212349"><speed>1.210</speed><ele>26.5</ele><time>2026-09-24T22:42:01Z</time></trkpt>
<trkpt lat="45.3678894" lon="-75.8212740"><speed>1.280</speed><ele>26.5</ele><time>2026-09-24T22:42:06Z</time></trkpt>
<trkpt lat="45.3679420" lon="-75.8213104"><speed>1.300</speed><ele>26.5</ele><time>2026-09-24T22:42:11Z</time></trkpt>
<trkpt lat="45.3679959" lon="-75.8213451"><speed>1.310</speed><ele>26.4</ele><time>2026-09-24T22:42:16Z</time></trkpt>
<trkpt lat="45.3680495" lon="-75.8213906"><speed>1.390</speed><ele>26.4</ele><time>2026-09-24T22:42:21Z</time></trkpt>
<trkpt lat="45.3681041" lon="-75.8214384"><speed>1.400</speed><ele>26.4</ele><time>2026-09-24T22:42:26Z</time></trkpt>
<trkpt lat="45.3681595" lon="-75.8214860"><speed>1.450</speed><ele>26.6</ele><time>2026-09-24T22:42:31Z</time></trkpt>
<trkpt lat="45.3682169" lon="-75.8215291"><speed>1.430</speed><ele>26.5</ele><time>2026-09-24T22:42:36Z</time></trkpt>
<trkpt lat="45.3682758" lon="-75.8215725"><speed>1.500</speed><ele>26.5</ele><time>2026-09-24T22:42:41Z</time></trkpt>
<trkpt lat="45.3683338" lon="-75.8216245"><speed>1.510</speed><ele>26.4</ele><time>2026-09-24T22:42:46Z</time></trkpt>
<trkpt lat="45.3683886" lon="-75.8216846"><speed>1.550</speed><ele>26.5</ele><time>2026-09-24T22:42:51Z</time></trkpt>
<trkpt lat="45.3684444" lon="-75.8217460"><speed>1.550</speed><ele>26.6</ele><time>2026-09-24T22:42:56Z</time></trkpt>
<trkpt lat="45.3685038" lon="-75.8217995"><speed>1.570</speed><ele>26.6</ele><time>2026-09-24T22:43:01Z</time></trkpt>
<trkpt lat="45.3685651" lon="-75.8218432"><speed>1.520</speed><ele>26.5</ele><time>2026-09-24T22:43:06Z</time></trkpt>
<trkpt lat="45.3686268" lon="-75.8218820"><speed>1.450</speed><ele>26.5</ele><time>2026-09-24T22:43:11Z</time></trkpt>
<trkpt lat="45.3686849" lon="-75.8219254"><speed>1.450</speed><ele>26.4</ele><time>2026-09-24T22:43:16Z</time></trkpt>
<trkpt lat="45.3687424" lon="-75.8219686"><speed>1.460</speed><ele>26.5</ele><time>2026-09-24T22:43:21Z</time></trkpt>
<trkpt lat="45.3687996" lon="-75.8220136"><speed>1.470</speed><ele>26.6</ele><time>2026-09-24T22:43:26Z</time></trkpt>
<trkpt lat="45.3688608" lon="-75.8220625"><speed>1.540</speed><ele>26.6</ele><time>2026-09-24T22:43:31Z</time></trkpt>
<trkpt lat="45.3689252" lon="-75.8221018"><speed>1.520</speed><ele>26.5</ele><time>2026-09-24T22:43:36Z</time></trkpt>
<trkpt lat="45.3689862" lon="-75.8221382"><speed>1.440</speed><ele>26.5</ele><time>2026-09-24T22:43:41Z</time></trkpt>
<trkpt lat="45.3690445" lon="-75.8221842"><speed>1.450</speed><ele>26.4</ele><time>2026-09-24T22:43:46Z</time></trkpt>
<trkpt lat="45.3691013" lon="-75.8222296"><speed>1.440</speed><ele>26.5</ele><time>2026-09-24T22:43:51Z</time></trkpt>
<trkpt lat="45.3691601" lon="-75.8222655"><speed>1.380</speed><ele>26.6</ele><time>2026-09-24T22:43:56Z</time></trkpt>
<trkpt lat="45.3692149" lon="-75.8223107"><speed>1.400</speed><ele>26.7</ele><time>2026-09-24T22:44:01Z</time></trkpt>
<trkpt lat="45.3692683" lon="-75.8223563"><speed>1.380</speed><ele>26.5</ele><time>2026-09-24T22:44:06Z</time></trkpt>
<trkpt lat="45.3693208" lon="-75.8224073"><speed>1.440</speed><ele>26.5</ele><time>2026-09-24T22:44:11Z</time></trkpt>
<trkpt lat="45.3693746" lon="-75.8224604"><speed>1.470</speed><ele>26.3</ele><time>2026-09-24T22:44:16Z</time></trkpt>
<trkpt lat="45.3694293" lon="-75.8225151"><speed>1.480</speed><ele>26.4</ele><time>2026-09-24T22:44:21Z</time></trkpt>
<trkpt lat="45.3694847" lon="-75.8225692"><speed>1.510</speed><ele>26.6</ele><time>2026-09-24T22:44:26Z</time></trkpt>
<trkpt lat="45.3695481" lon="-75.8226125"><speed>0.650</speed><ele>26.6</ele><time>2026-09-24T22:44:31Z</time></trkpt>
<trkpt lat="45.3696279" lon="-75.8226262"><speed>1.551</speed><ele>26.5</ele><time>2026-09-24T22:44:36Z</time></trkpt>
<trkpt lat="45.3696794" lon="-75.8226885"><speed>1.716</speed><ele>26.3</ele><time>2026-09-24T22:44:41Z</time></trkpt>
<trkpt lat="45.3697284" lon="-75.8227466"><speed>1.396</speed><ele>26.4</ele><time>2026-09-24T22:44:46Z</time></trkpt>
<trkpt lat="45.3697738" lon="-75.8228154"><speed>1.428</speed><ele>26.4</ele><time>2026-09-24T22:44:51Z</time></trkpt>
<trkpt lat="45.3698301" lon="-75.8228618"><speed>1.421</speed><ele>26.8</ele><time>2026-09-24T22:44:56Z</time></trkpt>
<trkpt lat="45.3698858" lon="-75.8229131"><speed>1.412</speed><ele>26.6</ele><time>2026-09-24T22:45:01Z</time></trkpt>
<trkpt lat="45.3699436" lon="-75.8229628"><speed>1.381</speed><ele>26.7</ele><time>2026-09-24T22:45:06Z</time></trkpt>
<trkpt lat="45.3700039" lon="-75.8230112"><speed>1.388</speed><ele>26.4</ele><time>2026-09-24T22:45:11Z</time></trkpt>
<trkpt lat="45.3700646" lon="-75.8230613"><speed>1.399</speed><ele>26.4</ele><time>2026-09-24T22:45:16Z</time></trkpt>
<trkpt lat="45.3701264" lon="-75.8231067"><speed>1.371</speed><ele>26.6</ele><time>2026-09-24T22:45:21Z</time></trkpt>
<trkpt lat="45.3701862" lon="-75.8231507"><speed>1.360</speed><ele>26.5</ele><time>2026-09-24T22:45:26Z</time></trkpt>
<trkpt lat="45.3702475" lon="-75.8231930"><speed>1.369</speed><ele>26.7</ele><time>2026-09-24T22:45:31Z</time></trkpt>
<trkpt lat="45.3703066" lon="-75.8232390"><speed>1.372</speed><ele>26.6</ele><time>2026-09-24T22:45:36Z</time></trkpt>
<trkpt lat="45.3703675" lon="-75.8232785"><speed>1.318</speed><ele>26.4</ele><time>2026-09-24T22:45:41Z</time></trkpt>
<trkpt lat="45.3704247" lon="-75.8232990"><speed>1.051</speed><ele>26.4</ele><time>2026-09-24T22:45:46Z</time></trkpt>
<trkpt lat="45.3704584" lon="-75.8232571"><speed>0.907</speed><ele>26.5</ele><time>2026-09-24T22:45:51Z</time></trkpt>
<trkpt lat="45.3704581" lon="-75.8231852"><speed>1.095</speed><ele>26.4</ele><time>2026-09-24T22:45:56Z</time></trkpt>
<trkpt lat="45.3704448" lon="-75.8231097"><speed>1.132</speed><ele>26.6</ele><time>2026-09-24T22:46:01Z</time></trkpt>
<trkpt lat="45.3704463" lon="-75.8230296"><speed>1.203</speed><ele>26.5</ele><time>2026-09-24T22:46:06Z</time></trkpt>
<trkpt lat="45.3704527" lon="-75.8229441"><speed>1.326</speed><ele>26.3</ele><time>2026-09-24T22:46:11Z</time></trkpt>
<trkpt lat="45.3704584" lon="-75.8228524"><speed>1.416</speed><ele>26.3</ele><time>2026-09-24T22:46:16Z</time></trkpt>
<trkpt lat="45.3704724" lon="-75.8227580"><speed>1.421</speed><ele>26.5</ele><time>2026-09-24T22:46:21Z</time></trkpt>
<trkpt lat="45.3704924" lon="-75.8226616"><speed>1.450</speed><ele>26.5</ele><time>2026-09-24T22:46:26Z</time></trkpt>
<trkpt lat="45.3705113" lon="-75.8225620"><speed>1.481</speed><ele>26.5</ele><time>2026-09-24T22:46:31Z</time></trkpt>
<trkpt lat="45.3705297" lon="-75.8224582"><speed>1.589</speed><ele>26.3</ele><time>2026-09-24T22:46:36Z</time></trkpt>
<trkpt lat="45.3705501" lon="-75.8223552"><speed>1.599</speed><ele>26.4</ele><time>2026-09-24T22:46:41Z</time></trkpt>
<trkpt lat="45.3705726" lon="-75.8222504"><speed>1.566</speed><ele>26.4</ele><time>2026-09-24T22:46:46Z</time></trkpt>
<trkpt lat="45.3705932" lon="-75.8221456"><speed>1.598</speed><ele>26.5</ele><time>2026-09-24T22:46:51Z</time></trkpt>
<trkpt lat="45.3706129" lon="-75.8220376"><speed>1.613</speed><ele>26.5</ele><time>2026-09-24T22:46:56Z</time></trkpt>
<trkpt lat="45.3706356" lon="-75.8219318"><speed>1.565</speed><ele>26.4</ele><time>2026-09-24T22:47:01Z</time></trkpt>
<trkpt lat="45.3706565" lon="-75.8218298"><speed>1.513</speed><ele>26.4</ele><time>2026-09-24T22:47:06Z</time></trkpt>
<trkpt lat="45.3706800" lon="-75.8217204"><speed>2.219</speed><ele>26.3</ele><time>2026-09-24T22:47:11Z</time></trkpt>
<trkpt lat="45.3706995" lon="-75.8216150"><speed>1.558</speed><ele>26.4</ele><time>2026-09-24T22:47:16Z</time></trkpt>
<trkpt lat="45.3707205" lon="-75.8215156"><speed>1.584</speed><ele>26.5</ele><time>2026-09-24T22:47:21Z</time></trkpt>
<trkpt lat="45.3707466" lon="-75.8214124"><speed>1.639</speed><ele>26.5</ele><time>2026-09-24T22:47:26Z</time></trkpt>
<trkpt lat="45.3707705" lon="-75.8213107"><speed>1.653</speed><ele>26.4</ele><time>2026-09-24T22:47:31Z</time></trkpt>
<trkpt lat="45.3707972" lon="-75.8212058"><speed>1.620</speed><ele>26.4</ele><time>2026-09-24T22:47:36Z</time></trkpt>
<trkpt lat="45.3708222" lon="-75.8210975"><speed>1.659</speed><ele>26.4</ele><time>2026-09-24T22:47:41Z</time></trkpt>
<trkpt lat="45.3708449" lon="-75.8209856"><speed>1.694</speed><ele>26.5</ele><time>2026-09-24T22:47:46Z</time></trkpt>
<trkpt lat="45.3708724" lon="-75.8208769"><speed>1.649</speed><ele>26.5</ele><time>2026-09-24T22:47:51Z</time></trkpt>
<trkpt lat="45.3709033" lon="-75.8207715"><speed>1.827</speed><ele>26.5</ele><time>2026-09-24T22:47:56Z</time></trkpt>
<trkpt lat="45.3709317" lon="-75.8206584"><speed>1.765</speed><ele>26.4</ele><time>2026-09-24T22:48:01Z</time></trkpt>
<trkpt lat="45.3709634" lon="-75.8205429"><speed>1.748</speed><ele>26.4</ele><time>2026-09-24T22:48:06Z</time></trkpt>
<trkpt lat="45.3709909" lon="-75.8204345"><speed>1.697</speed><ele>26.3</ele><time>2026-09-24T22:48:11Z</time></trkpt>
<trkpt lat="45.3710149" lon="-75.8203317"><speed>1.634</speed><ele>26.5</ele><time>2026-09-24T22:48:16Z</time></trkpt>
<trkpt lat="45.3710369" lon="-75.8202274"><speed>1.593</speed><ele>26.4</ele><time>2026-09-24T22:48:21Z</time></trkpt>
<trkpt lat="45.3710596" lon="-75.8201226"><speed>1.529</speed><ele>26.4</ele><time>2026-09-24T22:48:26Z</time></trkpt>
<trkpt lat="45.3710822" lon="-75.8200154"><speed>1.536</speed><ele>26.4</ele><time>2026-09-24T22:48:31Z</time></trkpt>
<trkpt lat="45.3711044" lon="-75.8199090"><speed>1.665</speed><ele>26.3</ele><time>2026-09-24T22:48:36Z</time></trkpt>
<trkpt lat="45.3711295" lon="-75.8198041"><speed>1.526</speed><ele>26.4</ele><time>2026-09-24T22:48:41Z</time></trkpt>
<trkpt lat="45.3711573" lon="-75.8196936"><speed>1.775</speed><ele>26.5</ele><time>2026-09-24T22:48:46Z</time></trkpt>
<trkpt lat="45.3711718" lon="-75.8195800"><speed>1.776</speed><ele>26.4</ele><time>2026-09-24T22:48:51Z</time></trkpt>
<trkpt lat="45.3712051" lon="-75.8194626"><speed>2.082</speed><ele>26.4</ele><time>2026-09-24T22:48:56Z</time></trkpt>
<trkpt lat="45.3712308" lon="-75.8193463"><speed>1.758</speed><ele>26.4</ele><time>2026-09-24T22:49:01Z</time></trkpt>
<trkpt lat="45.3712531" lon="-75.8192356"><speed>1.755</speed><ele>26.4</ele><time>2026-09-24T22:49:06Z</time></trkpt>
<trkpt lat="45.3712719" lon="-75.8191267"><speed>1.647</speed><ele>26.5</ele><time>2026-09-24T22:49:11Z</time></trkpt>
<trkpt lat="45.3712958" lon="-75.8190209"><speed>1.578</speed><ele>26.6</ele><time>2026-09-24T22:49:16Z</time></trkpt>
<trkpt lat="45.3713093" lon="-75.8189132"><speed>1.602</speed><ele>26.5</ele><time>2026-09-24T22:49:21Z</time></trkpt>
<trkpt lat="45.3713209" lon="-75.8188028"><speed>1.583</speed><ele>26.5</ele><time>2026-09-24T22:49:26Z</time></trkpt>
<trkpt lat="45.3713364" lon="-75.8186952"><speed>1.641</speed><ele>26.3</ele><time>2026-09-24T22:49:31Z</time></trkpt>
<trkpt lat="45.3713500" lon="-75.8185796"><speed>1.746</speed><ele>26.4</ele><time>2026-09-24T22:49:36Z</time></trkpt>
<trkpt lat="45.3713698" lon="-75.8184707"><speed>1.659</speed><ele>26.4</ele><time>2026-09-24T22:49:41Z</time></trkpt>
<trkpt lat="45.3713880" lon="-75.8183682"><speed>1.582</speed><ele>26.6</ele><time>2026-09-24T22:49:46Z</time></trkpt>
<trkpt lat="45.3714026" lon="-75.8182622"><speed>1.630</speed><ele>26.4</ele><time>2026-09-24T22:49:51Z</time></trkpt>
<trkpt lat="45.3714189" lon="-75.8181574"><speed>1.672</speed><ele>26.4</ele><time>2026-09-24T22:49:56Z</time></trkpt>
<trkpt lat="45.3714343" lon="-75.8180517"><speed>1.586</speed><ele>26.4</ele><time>2026-09-24T22:50:01Z</time></trkpt>
<trkpt lat="45.3714580" lon="-75.8179465"><speed>1.599</speed><ele>26.5</ele><time>2026-09-24T22:50:06Z</time></trkpt>
<trkpt lat="45.3714754" lon="-75.8178421"><speed>1.562</speed><ele>26.4</ele><time>2026-09-24T22:50:11Z</time></trkpt>
<trkpt lat="45.3714938" lon="-75.8177391"><speed>1.523</speed><ele>26.6</ele><time>2026-09-24T22:50:16Z</time></trkpt>
<trkpt lat="45.3715157" lon="-75.8176310"><speed>1.596</speed><ele>26.5</ele><time>2026-09-24T22:50:21Z</time></trkpt>
<trkpt lat="45.3715449" lon="-75.8175367"><speed>1.558</speed><ele>26.5</ele><time>2026-09-24T22:50:26Z</time></trkpt>
<trkpt lat="45.3715669" lon="-75.8174402"><speed>1.545</speed><ele>26.6</ele><time>2026-09-24T22:50:31Z</time></trkpt>
<trkpt lat="45.3715910" lon="-75.8173392"><speed>1.565</speed><ele>26.4</ele><time>2026-09-24T22:50:36Z</time></trkpt>
<trkpt lat="45.3716166" lon="-75.8172366"><speed>1.534</speed><ele>26.5</ele><time>2026-09-24T22:50:41Z</time></trkpt>
<trkpt lat="45.3716391" lon="-75.8171381"><speed>1.370</speed><ele>26.5</ele><time>2026-09-24T22:50:46Z</time></trkpt>
<trkpt lat="45.3716810" lon="-75.8170817"><speed>1.037</speed><ele>26.5</ele><time>2026-09-24T22:50:51Z</time></trkpt>
<trkpt lat="45.3717242" lon="-75.8170966"><speed>0.903</speed><ele>26.5</ele><time>2026-09-24T22:50:56Z</time></trkpt>
<trkpt lat="45.3717475" lon="-75.8171566"><speed>1.069</speed><ele>26.6</ele><time>2026-09-24T22:51:01Z</time></trkpt>
<trkpt lat="45.3717669" lon="-75.8172295"><speed>1.061</speed><ele>26.5</ele><time>2026-09-24T22:51:06Z</time></trkpt>
<trkpt lat="45.3718031" lon="-75.8172740"><speed>1.024</speed><ele>26.5</ele><time>2026-09-24T22:51:11Z</time></trkpt>
<trkpt lat="45.3718420" lon="-75.8173164"><speed>1.087</speed><ele>26.4</ele><time>2026-09-24T22:51:16Z</time></trkpt>
<trkpt lat="45.3718749" lon="-75.8173713"><speed>1.104</speed><ele>26.4</ele><time>2026-09-24T22:51:21Z</time></trkpt>
<trkpt lat="45.3719085" lon="-75.8174390"><speed>1.174</speed><ele>26.5</ele><time>2026-09-24T22:51:26Z</time></trkpt>
<trkpt lat="45.3719418" lon="-75.8175024"><speed>1.242</speed><ele>26.6</ele><time>2026-09-24T22:51:31Z</time></trkpt>
<trkpt lat="45.3719765" lon="-75.8175711"><speed>1.252</speed><ele>26.4</ele><time>2026-09-24T22:51:36Z</time></trkpt>
<trkpt lat="45.3720184" lon="-75.8176376"><speed>1.401</speed><ele>26.4</ele><time>2026-09-24T22:51:41Z</time></trkpt>
<trkpt lat="45.3720654" lon="-75.8176986"><speed>1.341</speed><ele>26.4</ele><time>2026-09-24T22:51:46Z</time></trkpt>
<trkpt lat="45.3721101" lon="-75.8177623"><speed>1.363</speed><ele>26.3</ele><time>2026-09-24T22:51:51Z</time></trkpt>
<trkpt lat="45.3721561" lon="-75.8178285"><speed>1.374</speed><ele>26.5</ele><time>2026-09-24T22:51:56Z</time></trkpt>
<trkpt lat="45.3722068" lon="-75.8178880"><speed>1.341</speed><ele>26.5</ele><time>2026-09-24T22:52:01Z</time></trkpt>
<trkpt lat="45.3722593" lon="-75.8179467"><speed>1.359</speed><ele>26.4</ele><time>2026-09-24T22:52:06Z</time></trkpt>
<trkpt lat="45.3723143" lon="-75.8180067"><speed>1.457</speed><ele>26.4</ele><time>2026-09-24T22:52:11Z</time></trkpt>
<trkpt lat="45.3723644" lon="-75.8180730"><speed>1.386</speed><ele>26.6</ele><time>2026-09-24T22:52:16Z</time></trkpt>
<trkpt lat="45.3724269" lon="-75.8181660"><speed>2.551</speed><ele>26.4</ele><time>2026-09-24T22:52:21Z</time></trkpt>
<trkpt lat="45.3724859" lon="-75.8182090"><speed>1.350</speed><ele>26.3</ele><time>2026-09-24T22:52:26Z</time></trkpt>
<trkpt lat="45.3725278" lon="-75.8182660"><speed>1.269</speed><ele>26.3</ele><time>2026-09-24T22:52:31Z</time></trkpt>
<trkpt lat="45.3725683" lon="-75.8183216"><speed>1.230</speed><ele>26.3</ele><time>2026-09-24T22:52:36Z</time></trkpt>
<trkpt lat="45.3726092" lon="-75.8183770"><speed>1.199</speed><ele>26.4</ele><time>2026-09-24T22:52:41Z</time></trkpt>
<trkpt lat="45.3726568" lon="-75.8184215"><speed>1.185</speed><ele>26.5</ele><time>2026-09-24T22:52:46Z</time></trkpt>
<trkpt lat="45.3727026" lon="-75.8184718"><speed>1.166</speed><ele>26.5</ele><time>2026-09-24T22:52:51Z</time></trkpt>
<trkpt lat="45.3727470" lon="-75.8185240"><speed>1.179</speed><ele>26.5</ele><time>2026-09-24T22:52:56Z</time></trkpt>
<trkpt lat="45.3727944" lon="-75.8185700"><speed>1.097</speed><ele>26.4</ele><time>2026-09-24T22:53:01Z</time></trkpt>
<trkpt lat="45.3728386" lon="-75.8186162"><speed>1.064</speed><ele>26.4</ele><time>2026-09-24T22:53:06Z</time></trkpt>
<trkpt lat="45.3728802" lon="-75.8186629"><speed>1.024</speed><ele>26.4</ele><time>2026-09-24T22:53:11Z</time></trkpt>
<trkpt lat="45.3729214" lon="-75.8187063"><speed>1.095</speed><ele>26.3</ele><time>2026-09-24T22:53:16Z</time></trkpt>
<trkpt lat="45.3729600" lon="-75.8187595"><speed>1.066</speed><ele>26.4</ele><time>2026-09-24T22:53:21Z</time></trkpt>
<trkpt lat="45.3729988" lon="-75.8188083"><speed>1.074</speed><ele>26.6</ele><time>2026-09-24T22:53:26Z</time></trkpt>
<trkpt lat="45.3730422" lon="-75.8188479"><speed>1.028</speed><ele>26.4</ele><time>2026-09-24T22:53:31Z</time></trkpt>
<trkpt lat="45.3730812" lon="-75.8188972"><speed>1.078</speed><ele>26.4</ele><time>2026-09-24T22:53:36Z</time></trkpt>
<trkpt lat="45.3731166" lon="-75.8189487"><speed>1.034</speed><ele>26.4</ele><time>2026-09-24T22:53:41Z</time></trkpt>
<trkpt lat="45.3731509" lon="-75.8190069"><speed>1.052</speed><ele>26.4</ele><time>2026-09-24T22:53:46Z</time></trkpt>
<trkpt lat="45.3731894" lon="-75.8190554"><speed>1.039</speed><ele>26.5</ele><time>2026-09-24T22:53:51Z</time></trkpt>
<trkpt lat="45.3732290" lon="-75.8190993"><speed>0.996</speed><ele>26.6</ele><time>2026-09-24T22:53:56Z</time></trkpt>
<trkpt lat="45.3732682" lon="-75.8191426"><speed>0.990</speed><ele>26.4</ele><time>2026-09-24T22:54:01Z</time></trkpt>
<trkpt lat="45.3733067" lon="-75.8191887"><speed>1.065</speed><ele>26.4</ele><time>2026-09-24T22:54:06Z</time></trkpt>
<trkpt lat="45.3733472" lon="-75.8192362"><speed>1.073</speed><ele>26.2</ele><time>2026-09-24T22:54:11Z</time></trkpt>
<trkpt lat="45.3733865" lon="-75.8192893"><speed>0.951</speed><ele>26.3</ele><time>2026-09-24T22:54:16Z</time></trkpt>
<trkpt lat="45.3734296" lon="-75.8193477"><speed>1.156</speed><ele>26.4</ele><time>2026-09-24T22:54:21Z</time></trkpt>
<trkpt lat="45.3734700" lon="-75.8193994"><speed>1.179</speed><ele>26.3</ele><time>2026-09-24T22:54:26Z</time></trkpt>
<trkpt lat="45.3735159" lon="-75.8194445"><speed>1.206</speed><ele>26.2</ele><time>2026-09-24T22:54:31Z</time></trkpt>
<trkpt lat="45.3735590" lon="-75.8195037"><speed>1.219</speed><ele>26.3</ele><time>2026-09-24T22:54:36Z</time></trkpt>
<trkpt lat="45.3736063" lon="-75.8195556"><speed>1.222</speed><ele>26.3</ele><time>2026-09-24T22:54:41Z</time></trkpt>
<trkpt lat="45.3736500" lon="-75.8196105"><speed>1.193</speed><ele>26.3</ele><time>2026-09-24T22:54:46Z</time></trkpt>
<trkpt lat="45.3736939" lon="-75.8196640"><speed>1.160</speed><ele>26.4</ele><time>2026-09-24T22:54:51Z</time></trkpt>
<trkpt lat="45.3737383" lon="-75.8197105"><speed>1.139</speed><ele>26.4</ele><time>2026-09-24T22:54:56Z</time></trkpt>
<trkpt lat="45.3737825" lon="-75.8197620"><speed>1.108</speed><ele>26.2</ele><time>2026-09-24T22:55:01Z</time></trkpt>
<trkpt lat="45.3738266" lon="-75.8198082"><speed>1.134</speed><ele>26.3</ele><time>2026-09-24T22:55:06Z</time></trkpt>
<trkpt lat="45.3738685" lon="-75.8198576"><speed>1.125</speed><ele>26.3</ele><time>2026-09-24T22:55:11Z</time></trkpt>
<trkpt lat="45.3739113" lon="-75.8199065"><speed>1.136</speed><ele>26.2</ele><time>2026-09-24T22:55:16Z</time></trkpt>
<trkpt lat="45.3739561" lon="-75.8199541"><speed>1.084</speed><ele>26.3</ele><time>2026-09-24T22:55:21Z</time></trkpt>
<trkpt lat="45.3739978" lon="-75.8200064"><speed>1.125</speed><ele>26.4</ele><time>2026-09-24T22:55:26Z</time></trkpt>
<trkpt lat="45.3740410" lon="-75.8200524"><speed>1.066</speed><ele>26.3</ele><time>2026-09-24T22:55:31Z</time></trkpt>
<trkpt lat="45.3740776" lon="-75.8201043"><speed>1.059</speed><ele>26.3</ele><time>2026-09-24T22:55:36Z</time></trkpt>
<trkpt lat="45.3741058" lon="-75.8201617"><speed>0.994</speed><ele>26.4</ele><time>2026-09-24T22:55:41Z</time></trkpt>
<trkpt lat="45.3741162" lon="-75.8202275"><speed>1.055</speed><ele>26.4</ele><time>2026-09-24T22:55:46Z</time></trkpt>
<trkpt lat="45.3741016" lon="-75.8202920"><speed>1.013</speed><ele>26.3</ele><time>2026-09-24T22:55:51Z</time></trkpt>
<trkpt lat="45.3740715" lon="-75.8203354"><speed>0.929</speed><ele>26.2</ele><time>2026-09-24T22:55:56Z</time></trkpt>
<trkpt lat="45.3740344" lon="-75.8203624"><speed>0.899</speed><ele>26.2</ele><time>2026-09-24T22:56:01Z</time></trkpt>
<trkpt lat="45.3739974" lon="-75.8203795"><speed>0.829</speed><ele>26.2</ele><time>2026-09-24T22:56:06Z</time></trkpt>
<trkpt lat="45.3739611" lon="-75.8203933"><speed>0.832</speed><ele>26.2</ele><time>2026-09-24T22:56:11Z</time></trkpt>
<trkpt lat="45.3739243" lon="-75.8204102"><speed>0.748</speed><ele>26.1</ele><time>2026-09-24T22:56:16Z</time></trkpt>
<trkpt lat="45.3738913" lon="-75.8204289"><speed>0.783</speed><ele>26.1</ele><time>2026-09-24T22:56:21Z</time></trkpt>
<trkpt lat="45.3738584" lon="-75.8204472"><speed>0.765</speed><ele>26.1</ele><time>2026-09-24T22:56:26Z</time></trkpt>
<trkpt lat="45.3738296" lon="-75.8204708"><speed>0.716</speed><ele>26.0</ele><time>2026-09-24T22:56:31Z</time></trkpt>
<trkpt lat="45.3738023" lon="-75.8205047"><speed>0.625</speed><ele>26.0</ele><time>2026-09-24T22:56:36Z</time></trkpt>
<trkpt lat="45.3737795" lon="-75.8205429"><speed>0.748</speed><ele>26.1</ele><time>2026-09-24T22:56:41Z</time></trkpt>
<trkpt lat="45.3737583" lon="-75.8205806"><speed>0.768</speed><ele>26.1</ele><time>2026-09-24T22:56:46Z</time></trkpt>
<trkpt lat="45.3737419" lon="-75.8206240"><speed>0.710</speed><ele>26.0</ele><time>2026-09-24T22:56:51Z</time></trkpt>
<trkpt lat="45.3737147" lon="-75.8206519"><speed>0.707</speed><ele>26.1</ele><time>2026-09-24T22:56:56Z</time></trkpt>
<trkpt lat="45.3736853" lon="-75.8206768"><speed>0.748</speed><ele>26.1</ele><time>2026-09-24T22:57:01Z</time></trkpt>
<trkpt lat="45.3736544" lon="-75.8206972"><speed>0.680</speed><ele>26.1</ele><time>2026-09-24T22:57:06Z</time></trkpt>
<trkpt lat="45.3736237" lon="-75.8207107"><speed>0.723</speed><ele>26.1</ele><time>2026-09-24T22:57:11Z</time></trkpt>
<trkpt lat="45.3735914" lon="-75.8207232"><speed>0.710</speed><ele>25.9</ele><time>2026-09-24T22:57:16Z</time></trkpt>
<trkpt lat="45.3735571" lon="-75.8207389"><speed>0.779</speed><ele>26.0</ele><time>2026-09-24T22:57:21Z</time></trkpt>
<trkpt lat="45.3735201" lon="-75.8207548"><speed>0.808</speed><ele>25.9</ele><time>2026-09-24T22:57:26Z</time></trkpt>
<trkpt lat="45.3734830" lon="-75.8207666"><speed>0.790</speed><ele>25.9</ele><time>2026-09-24T22:57:31Z</time></trkpt>
<trkpt lat="45.3734473" lon="-75.8207779"><speed>0.784</speed><ele>26.1</ele><time>2026-09-24T22:57:36Z</time></trkpt>
<trkpt lat="45.3734131" lon="-75.8207939"><speed>0.769</speed><ele>26.0</ele><time>2026-09-24T22:57:41Z</time></trkpt>
<trkpt lat="45.3733763" lon="-75.8208031"><speed>0.796</speed><ele>26.0</ele><time>2026-09-24T22:57:46Z</time></trkpt>
<trkpt lat="45.3733425" lon="-75.8208164"><speed>0.757</speed><ele>26.1</ele><time>2026-09-24T22:57:51Z</time></trkpt>
<trkpt lat="45.3733076" lon="-75.8208312"><speed>0.760</speed><ele>26.0</ele><time>2026-09-24T22:57:56Z</time></trkpt>
<trkpt lat="45.3732725" lon="-75.8208406"><speed>0.794</speed><ele>25.9</ele><time>2026-09-24T22:58:01Z</time></trkpt>
<trkpt lat="45.3732362" lon="-75.8208423"><speed>0.834</speed><ele>26.0</ele><time>2026-09-24T22:58:06Z</time></trkpt>
<trkpt lat="45.3732010" lon="-75.8208624"><speed>0.791</speed><ele>26.0</ele><time>2026-09-24T22:58:11Z</time></trkpt>
<trkpt lat="45.3731705" lon="-75.8208848"><speed>0.785</speed><ele>26.0</ele><time>2026-09-24T22:58:16Z</time></trkpt>
<trkpt lat="45.3731383" lon="-75.8209028"><speed>0.797</speed><ele>25.9</ele><time>2026-09-24T22:58:21Z</time></trkpt>
<trkpt lat="45.3731018" lon="-75.8209203"><speed>0.808</speed><ele>25.9</ele><time>2026-09-24T22:58:26Z</time></trkpt>
<trkpt lat="45.3730658" lon="-75.8209372"><speed>0.797</speed><ele>26.0</ele><time>2026-09-24T22:58:31Z</time></trkpt>
<trkpt lat="45.3730295" lon="-75.8209550"><speed>0.823</speed><ele>26.1</ele><time>2026-09-24T22:58:36Z</time></trkpt>
<trkpt lat="45.3729918" lon="-75.8209773"><speed>0.809</speed><ele>25.9</ele><time>2026-09-24T22:58:41Z</time></trkpt>
<trkpt lat="45.3729577" lon="-75.8209974"><speed>0.858</speed><ele>26.0</ele><time>2026-09-24T22:58:46Z</time></trkpt>
<trkpt lat="45.3729226" lon="-75.8210218"><speed>0.807</speed><ele>26.0</ele><time>2026-09-24T22:58:51Z</time></trkpt>
<trkpt lat="45.3728917" lon="-75.8210540"><speed>0.789</speed><ele>26.0</ele><time>2026-09-24T22:58:56Z</time></trkpt>
<trkpt lat="45.3728609" lon="-75.8210816"><speed>0.844</speed><ele>26.0</ele><time>2026-09-24T22:59:01Z</time></trkpt>
<trkpt lat="45.3728248" lon="-75.8211014"><speed>0.872</speed><ele>26.1</ele><time>2026-09-24T22:59:06Z</time></trkpt>
<trkpt lat="45.3727911" lon="-75.8211278"><speed>0.853</speed><ele>26.1</ele><time>2026-09-24T22:59:11Z</time></trkpt>
<trkpt lat="45.3727555" lon="-75.8211548"><speed>0.850</speed><ele>26.0</ele><time>2026-09-24T22:59:16Z</time></trkpt>
<trkpt lat="45.3727186" lon="-75.8211798"><speed>0.835</speed><ele>26.1</ele><time>2026-09-24T22:59:21Z</time></trkpt>
<trkpt lat="45.3726847" lon="-75.8212028"><speed>0.877</speed><ele>26.0</ele><time>2026-09-24T22:59:26Z</time></trkpt>
<trkpt lat="45.3726479" lon="-75.8212277"><speed>0.910</speed><ele>26.1</ele><time>2026-09-24T22:59:31Z</time></trkpt>
<trkpt lat="45.3726132" lon="-75.8212504"><speed>0.800</speed><ele>26.0</ele><time>2026-09-24T22:59:36Z</time></trkpt>
<trkpt lat="45.3725806" lon="-75.8212751"><speed>0.841</speed><ele>26.0</ele><time>2026-09-24T22:59:41Z</time></trkpt>
<trkpt lat="45.3725487" lon="-75.8212902"><speed>0.947</speed><ele>26.1</ele><time>2026-09-24T22:59:46Z</time></trkpt>
<trkpt lat="45.3725068" lon="-75.8213085"><speed>0.871</speed><ele>25.9</ele><time>2026-09-24T22:59:51Z</time></trkpt>
<trkpt lat="45.3724693" lon="-75.8213323"><speed>0.863</speed><ele>25.9</ele><time>2026-09-24T22:59:56Z</time></trkpt>
<trkpt lat="45.3724333" lon="-75.8213571"><speed>0.820</speed><ele>26.3</ele><time>2026-09-24T23:00:01Z</time></trkpt>
<trkpt lat="45.3724109" lon="-75.8213790"><speed>0.848</speed><ele>26.1</ele><time>2026-09-24T23:00:06Z</time></trkpt>
<trkpt lat="45.3723744" lon="-75.8214106"><speed>0.811</speed><ele>26.0</ele><time>2026-09-24T23:00:11Z</time></trkpt>
<trkpt lat="45.3723368" lon="-75.8214365"><speed>0.806</speed><ele>26.1</ele><time>2026-09-24T23:00:16Z</time></trkpt>
<trkpt lat="45.3722999" lon="-75.8214602"><speed>0.850</speed><ele>26.1</ele><time>2026-09-24T23:00:21Z</time></trkpt>
<trkpt lat="45.3722638" lon="-75.8214820"><speed>0.900</speed><ele>26.0</ele><time>2026-09-24T23:00:26Z</time></trkpt>
<trkpt lat="45.3722255" lon="-75.8215088"><speed>0.930</speed><ele>26.3</ele><time>2026-09-24T23:00:31Z</time></trkpt>
<trkpt lat="45.3721917" lon="-75.8215404"><speed>0.940</speed><ele>26.1</ele><time>2026-09-24T23:00:36Z</time></trkpt>
<trkpt lat="45.3721561" lon="-75.8215710"><speed>0.910</speed><ele>26.1</ele><time>2026-09-24T23:00:41Z</time></trkpt>
<trkpt lat="45.3721163" lon="-75.8215919"><speed>0.920</speed><ele>26.2</ele><time>2026-09-24T23:00:46Z</time></trkpt>
<trkpt lat="45.3720762" lon="-75.8216120"><speed>0.940</speed><ele>26.1</ele><time>2026-09-24T23:00:51Z</time></trkpt>
<trkpt lat="45.3720400" lon="-75.8216375"><speed>0.840</speed><ele>26.2</ele><time>2026-09-24T23:00:56Z</time></trkpt>
<trkpt lat="45.3720036" lon="-75.8216620"><speed>0.890</speed><ele>26.2</ele><time>2026-09-24T23:01:01Z</time></trkpt>
<trkpt lat="45.3719658" lon="-75.8216843"><speed>0.890</speed><ele>26.2</ele><time>2026-09-24T23:01:06Z</time></trkpt>
<trkpt lat="45.3719256" lon="-75.8216996"><speed>0.900</speed><ele>26.2</ele><time>2026-09-24T23:01:11Z</time></trkpt>
<trkpt lat="45.3718862" lon="-75.8217187"><speed>0.910</speed><ele>26.2</ele><time>2026-09-24T23:01:16Z</time></trkpt>
<trkpt lat="45.3718472" lon="-75.8217388"><speed>0.910</speed><ele>26.2</ele><time>2026-09-24T23:01:21Z</time></trkpt>
<trkpt lat="45.3718093" lon="-75.8217589"><speed>0.900</speed><ele>26.3</ele><time>2026-09-24T23:01:26Z</time></trkpt>
<trkpt lat="45.3717721" lon="-75.8217753"><speed>0.840</speed><ele>26.1</ele><time>2026-09-24T23:01:31Z</time></trkpt>
<trkpt lat="45.3717346" lon="-75.8217862"><speed>0.870</speed><ele>26.1</ele><time>2026-09-24T23:01:36Z</time></trkpt>
<trkpt lat="45.3716987" lon="-75.8217966"><speed>0.870</speed><ele>26.2</ele><time>2026-09-24T23:01:41Z</time></trkpt>
<trkpt lat="45.3716614" lon="-75.8218121"><speed>0.870</speed><ele>26.3</ele><time>2026-09-24T23:01:46Z</time></trkpt>
<trkpt lat="45.3716227" lon="-75.8218310"><speed>0.840</speed><ele>26.3</ele><time>2026-09-24T23:01:51Z</time></trkpt>
<trkpt lat="45.3715873" lon="-75.8218526"><speed>0.860</speed><ele>26.3</ele><time>2026-09-24T23:01:56Z</time></trkpt>
<trkpt lat="45.3715545" lon="-75.8218784"><speed>0.870</speed><ele>26.3</ele><time>2026-09-24T23:02:01Z</time></trkpt>
<trkpt lat="45.3715186" lon="-75.8219007"><speed>0.880</speed><ele>26.2</ele><time>2026-09-24T23:02:06Z</time></trkpt>
<trkpt lat="45.3714832" lon="-75.8219217"><speed>0.860</speed><ele>26.2</ele><time>2026-09-24T23:02:11Z</time></trkpt>
<trkpt lat="45.3714478" lon="-75.8219464"><speed>0.850</speed><ele>26.2</ele><time>2026-09-24T23:02:16Z</time></trkpt>
<trkpt lat="45.3714117" lon="-75.8219670"><speed>0.830</speed><ele>26.4</ele><time>2026-09-24T23:02:21Z</time></trkpt>
<trkpt lat="45.3713767" lon="-75.8219877"><speed>0.880</speed><ele>26.2</ele><time>2026-09-24T23:02:26Z</time></trkpt>
<trkpt lat="45.3713399" lon="-75.8220091"><speed>0.880</speed><ele>26.2</ele><time>2026-09-24T23:02:31Z</time></trkpt>
<trkpt lat="45.3713020" lon="-75.8220283"><speed>0.950</speed><ele>26.2</ele><time>2026-09-24T23:02:36Z</time></trkpt>
<trkpt lat="45.3712653" lon="-75.8220504"><speed>0.840</speed><ele>26.4</ele><time>2026-09-24T23:02:41Z</time></trkpt>
<trkpt lat="45.3712275" lon="-75.8220728"><speed>0.870</speed><ele>26.3</ele><time>2026-09-24T23:02:46Z</time></trkpt>
<trkpt lat="45.3711907" lon="-75.8220939"><speed>0.890</speed><ele>26.3</ele><time>2026-09-24T23:02:51Z</time></trkpt>
<trkpt lat="45.3711549" lon="-75.8221158"><speed>0.860</speed><ele>26.3</ele><time>2026-09-24T23:02:56Z</time></trkpt>
<trkpt lat="45.3711221" lon="-75.8221427"><speed>0.860</speed><ele>26.2</ele><time>2026-09-24T23:03:01Z</time></trkpt>
<trkpt lat="45.3710897" lon="-75.8221698"><speed>0.870</speed><ele>26.4</ele><time>2026-09-24T23:03:06Z</time></trkpt>
<trkpt lat="45.3710545" lon="-75.8221928"><speed>0.880</speed><ele>26.4</ele><time>2026-09-24T23:03:11Z</time></trkpt>
<trkpt lat="45.3710212" lon="-75.8222210"><speed>0.860</speed><ele>26.5</ele><time>2026-09-24T23:03:16Z</time></trkpt>
<trkpt lat="45.3709920" lon="-75.8222591"><speed>0.800</speed><ele>26.4</ele><time>2026-09-24T23:03:21Z</time></trkpt>
<trkpt lat="45.3709634" lon="-75.8222917"><speed>0.820</speed><ele>26.4</ele><time>2026-09-24T23:03:26Z</time></trkpt>
<trkpt lat="45.3709343" lon="-75.8223195"><speed>0.910</speed><ele>26.3</ele><time>2026-09-24T23:03:31Z</time></trkpt>
<trkpt lat="45.3709063" lon="-75.8223471"><speed>0.780</speed><ele>26.3</ele><time>2026-09-24T23:03:36Z</time></trkpt>
<trkpt lat="45.3708783" lon="-75.8223735"><speed>0.740</speed><ele>26.5</ele><time>2026-09-24T23:03:41Z</time></trkpt>
<trkpt lat="45.3708491" lon="-75.8223941"><speed>0.710</speed><ele>26.5</ele><time>2026-09-24T23:03:46Z</time></trkpt>
<trkpt lat="45.3708193" lon="-75.8224124"><speed>0.740</speed><ele>26.4</ele><time>2026-09-24T23:03:51Z</time></trkpt>
<trkpt lat="45.3707882" lon="-75.8224281"><speed>0.740</speed><ele>26.3</ele><time>2026-09-24T23:03:56Z</time></trkpt>
<trkpt lat="45.3707571" lon="-75.8224467"><speed>0.770</speed><ele>26.3</ele><time>2026-09-24T23:04:01Z</time></trkpt>
<trkpt lat="45.3707237" lon="-75.8224658"><speed>0.800</speed><ele>26.3</ele><time>2026-09-24T23:04:06Z</time></trkpt>
<trkpt lat="45.3706912" lon="-75.8224875"><speed>0.810</speed><ele>26.4</ele><time>2026-09-24T23:04:11Z</time></trkpt>
<trkpt lat="45.3706580" lon="-75.8225102"><speed>0.830</speed><ele>26.4</ele><time>2026-09-24T23:04:16Z</time></trkpt>
<trkpt lat="45.3706224" lon="-75.8225285"><speed>0.860</speed><ele>26.3</ele><time>2026-09-24T23:04:21Z</time></trkpt>
<trkpt lat="45.3705870" lon="-75.8225471"><speed>0.860</speed><ele>26.1</ele><time>2026-09-24T23:04:26Z</time></trkpt>
<trkpt lat="45.3705475" lon="-75.8225617"><speed>1.080</speed><ele>26.1</ele><time>2026-09-24T23:04:31Z</time></trkpt>
<trkpt lat="45.3705114" lon="-75.8225798"><speed>0.850</speed><ele>26.3</ele><time>2026-09-24T23:04:36Z</time></trkpt>
<trkpt lat="45.3704774" lon="-75.8226056"><speed>0.840</speed><ele>26.4</ele><time>2026-09-24T23:04:41Z</time></trkpt>
<trkpt lat="45.3704451" lon="-75.8226314"><speed>0.820</speed><ele>26.4</ele><time>2026-09-24T23:04:46Z</time></trkpt>
<trkpt lat="45.3704119" lon="-75.8226542"><speed>0.820</speed><ele>26.2</ele><time>2026-09-24T23:04:51Z</time></trkpt>
<trkpt lat="45.3703797" lon="-75.8226770"><speed>0.810</speed><ele>26.1</ele><time>2026-09-24T23:04:56Z</time></trkpt>
<trkpt lat="45.3703488" lon="-75.8227040"><speed>0.780</speed><ele>26.1</ele><time>2026-09-24T23:05:01Z</time></trkpt>
<trkpt lat="45.3703212" lon="-75.8227371"><speed>0.740</speed><ele>26.4</ele><time>2026-09-24T23:05:06Z</time></trkpt>
<trkpt lat="45.3702915" lon="-75.8227582"><speed>0.760</speed><ele>26.4</ele><time>2026-09-24T23:05:11Z</time></trkpt>
<trkpt lat="45.3702604" lon="-75.8227790"><speed>0.790</speed><ele>26.4</ele><time>2026-09-24T23:05:16Z</time></trkpt>
<trkpt lat="45.3702293" lon="-75.8228020"><speed>0.790</speed><ele>26.2</ele><time>2026-09-24T23:05:21Z</time></trkpt>
<trkpt lat="45.3701984" lon="-75.8228264"><speed>0.780</speed><ele>26.1</ele><time>2026-09-24T23:05:26Z</time></trkpt>
<trkpt lat="45.3701679" lon="-75.8228525"><speed>0.810</speed><ele>26.0</ele><time>2026-09-24T23:05:31Z</time></trkpt>
<trkpt lat="45.3701356" lon="-75.8228765"><speed>0.800</speed><ele>26.2</ele><time>2026-09-24T23:05:36Z</time></trkpt>
<trkpt lat="45.3701058" lon="-75.8229067"><speed>0.820</speed><ele>26.2</ele><time>2026-09-24T23:05:41Z</time></trkpt>
<trkpt lat="45.3700757" lon="-75.8229351"><speed>0.790</speed><ele>26.1</ele><time>2026-09-24T23:05:46Z</time></trkpt>
<trkpt lat="45.3700443" lon="-75.8229599"><speed>0.860</speed><ele>26.1</ele><time>2026-09-24T23:05:51Z</time></trkpt>
<trkpt lat="45.3700094" lon="-75.8229965"><speed>0.850</speed><ele>26.0</ele><time>2026-09-24T23:05:56Z</time></trkpt>
<trkpt lat="45.3699768" lon="-75.8230181"><speed>0.920</speed><ele>25.9</ele><time>2026-09-24T23:06:01Z</time></trkpt>
<trkpt lat="45.3699446" lon="-75.8230459"><speed>0.850</speed><ele>26.1</ele><time>2026-09-24T23:06:06Z</time></trkpt>
<trkpt lat="45.3699114" lon="-75.8230728"><speed>0.860</speed><ele>26.2</ele><time>2026-09-24T23:06:11Z</time></trkpt>
<trkpt lat="45.3698789" lon="-75.8230965"><speed>0.870</speed><ele>26.1</ele><time>2026-09-24T23:06:16Z</time></trkpt>
<trkpt lat="45.3698428" lon="-75.8231176"><speed>0.900</speed><ele>26.1</ele><time>2026-09-24T23:06:21Z</time></trkpt>
<trkpt lat="45.3698132" lon="-75.8231312"><speed>0.000</speed><ele>26.0</ele><time>2026-09-24T23:06:26Z</time></trkpt>
<trkpt lat="45.3697686" lon="-75.8231534"><speed>0.880</speed><ele>26.0</ele><time>2026-09-24T23:06:31Z</time></trkpt>
<trkpt lat="45.3697344" lon="-75.8231729"><speed>0.850</speed><ele>26.1</ele><time>2026-09-24T23:06:36Z</time></trkpt>
<trkpt lat="45.3697029" lon="-75.8232007"><speed>0.850</speed><ele>26.1</ele><time>2026-09-24T23:06:41Z</time></trkpt>
<trkpt lat="45.3696682" lon="-75.8232287"><speed>0.860</speed><ele>25.9</ele><time>2026-09-24T23:06:46Z</time></trkpt>
<trkpt lat="45.3696370" lon="-75.8232572"><speed>0.840</speed><ele>25.9</ele><time>2026-09-24T23:06:51Z</time></trkpt>
<trkpt lat="45.3696048" lon="-75.8232829"><speed>0.830</speed><ele>25.9</ele><time>2026-09-24T23:06:56Z</time></trkpt>
<trkpt lat="45.3695703" lon="-75.8233041"><speed>0.840</speed><ele>25.9</ele><time>2026-09-24T23:07:01Z</time></trkpt>
<trkpt lat="45.3695354" lon="-75.8233222"><speed>0.840</speed><ele>26.1</ele><time>2026-09-24T23:07:06Z</time></trkpt>
<trkpt lat="45.3695009" lon="-75.8233424"><speed>0.830</speed><ele>25.9</ele><time>2026-09-24T23:07:11Z</time></trkpt>
<trkpt lat="45.3694664" lon="-75.8233633"><speed>0.820</speed><ele>26.0</ele><time>2026-09-24T23:07:16Z</time></trkpt>
<trkpt lat="45.3694321" lon="-75.8233845"><speed>0.840</speed><ele>25.8</ele><time>2026-09-24T23:07:21Z</time></trkpt>
<trkpt lat="45.3693992" lon="-75.8234070"><speed>0.830</speed><ele>25.7</ele><time>2026-09-24T23:07:26Z</time></trkpt>
<trkpt lat="45.3693657" lon="-75.8234283"><speed>0.850</speed><ele>25.8</ele><time>2026-09-24T23:07:31Z</time></trkpt>
<trkpt lat="45.3693302" lon="-75.8234458"><speed>0.810</speed><ele>26.1</ele><time>2026-09-24T23:07:36Z</time></trkpt>
<trkpt lat="45.3692929" lon="-75.8234617"><speed>0.798</speed><ele>25.8</ele><time>2026-09-24T23:07:41Z</time></trkpt>
<trkpt lat="45.3692558" lon="-75.8234717"><speed>0.822</speed><ele>25.9</ele><time>2026-09-24T23:07:46Z</time></trkpt>
<trkpt lat="45.3692178" lon="-75.8234848"><speed>0.826</speed><ele>25.7</ele><time>2026-09-24T23:07:51Z</time></trkpt>
<trkpt lat="45.3691791" lon="-75.8234987"><speed>0.818</speed><ele>25.7</ele><time>2026-09-24T23:07:56Z</time></trkpt>
<trkpt lat="45.3691461" lon="-75.8235129"><speed>0.813</speed><ele>25.8</ele><time>2026-09-24T23:08:01Z</time></trkpt>
<trkpt lat="45.3691131" lon="-75.8235325"><speed>0.774</speed><ele>26.0</ele><time>2026-09-24T23:08:06Z</time></trkpt>
<trkpt lat="45.3690786" lon="-75.8235555"><speed>0.787</speed><ele>25.8</ele><time>2026-09-24T23:08:11Z</time></trkpt>
<trkpt lat="45.3690483" lon="-75.8235878"><speed>0.792</speed><ele>25.7</ele><time>2026-09-24T23:08:16Z</time></trkpt>
<trkpt lat="45.3690152" lon="-75.8236058"><speed>0.801</speed><ele>25.6</ele><time>2026-09-24T23:08:21Z</time></trkpt>
<trkpt lat="45.3689797" lon="-75.8236171"><speed>0.811</speed><ele>25.4</ele><time>2026-09-24T23:08:26Z</time></trkpt>
<trkpt lat="45.3689424" lon="-75.8236294"><speed>0.585</speed><ele>25.6</ele><time>2026-09-24T23:08:31Z</time></trkpt>
<trkpt lat="45.3689111" lon="-75.8236490"><speed>0.769</speed><ele>25.8</ele><time>2026-09-24T23:08:36Z</time></trkpt>
<trkpt lat="45.3688815" lon="-75.8236747"><speed>0.731</speed><ele>25.6</ele><time>2026-09-24T23:08:41Z</time></trkpt>
<trkpt lat="45.3688499" lon="-75.8236933"><speed>0.778</speed><ele>25.7</ele><time>2026-09-24T23:08:46Z</time></trkpt>
<trkpt lat="45.3688170" lon="-75.8237076"><speed>0.753</speed><ele>25.5</ele><time>2026-09-24T23:08:51Z</time></trkpt>
<trkpt lat="45.3687813" lon="-75.8237220"><speed>0.754</speed><ele>25.4</ele><time>2026-09-24T23:08:56Z</time></trkpt>
<trkpt lat="45.3687465" lon="-75.8237377"><speed>0.767</speed><ele>25.6</ele><time>2026-09-24T23:09:01Z</time></trkpt>
<trkpt lat="45.3687095" lon="-75.8237548"><speed>0.720</speed><ele>25.6</ele><time>2026-09-24T23:09:06Z</time></trkpt>
<trkpt lat="45.3686814" lon="-75.8237697"><speed>0.727</speed><ele>25.5</ele><time>2026-09-24T23:09:11Z</time></trkpt>
<trkpt lat="45.3686526" lon="-75.8237906"><speed>0.692</speed><ele>25.5</ele><time>2026-09-24T23:09:16Z</time></trkpt>
<trkpt lat="45.3686272" lon="-75.8238185"><speed>0.699</speed><ele>25.5</ele><time>2026-09-24T23:09:21Z</time></trkpt>
<trkpt lat="45.3686008" lon="-75.8238435"><speed>0.665</speed><ele>25.3</ele><time>2026-09-24T23:09:26Z</time></trkpt>
<trkpt lat="45.3685697" lon="-75.8238551"><speed>0.671</speed><ele>25.5</ele><time>2026-09-24T23:09:31Z</time></trkpt>
<trkpt lat="45.3685354" lon="-75.8238635"><speed>0.678</speed><ele>25.5</ele><time>2026-09-24T23:09:36Z</time></trkpt>
<trkpt lat="45.3685052" lon="-75.8238714"><speed>0.589</speed><ele>25.3</ele><time>2026-09-24T23:09:41Z</time></trkpt>
<trkpt lat="45.3684754" lon="-75.8238875"><speed>0.645</speed><ele>25.5</ele><time>2026-09-24T23:09:46Z</time></trkpt>
<trkpt lat="45.3684462" lon="-75.8239039"><speed>0.602</speed><ele>25.2</ele><time>2026-09-24T23:09:51Z</time></trkpt>
<trkpt lat="45.3684150" lon="-75.8239138"><speed>0.690</speed><ele>25.2</ele><time>2026-09-24T23:09:56Z</time></trkpt>
<trkpt lat="45.3683859" lon="-75.8239231"><speed>0.655</speed><ele>25.4</ele><time>2026-09-24T23:10:01Z</time></trkpt>
<trkpt lat="45.3683555" lon="-75.8239349"><speed>0.718</speed><ele>25.2</ele><time>2026-09-24T23:10:06Z</time></trkpt>
<trkpt lat="45.3683234" lon="-75.8239458"><speed>0.703</speed><ele>25.2</ele><time>2026-09-24T23:10:11Z</time></trkpt>
<trkpt lat="45.3682895" lon="-75.8239563"><speed>0.732</speed><ele>25.2</ele><time>2026-09-24T23:10:16Z</time></trkpt>
<trkpt lat="45.3682576" lon="-75.8239716"><speed>0.681</speed><ele>25.2</ele><time>2026-09-24T23:10:21Z</time></trkpt>
<trkpt lat="45.3682299" lon="-75.8239876"><speed>0.639</speed><ele>25.2</ele><time>2026-09-24T23:10:26Z</time></trkpt>
<trkpt lat="45.3682017" lon="-75.8240030"><speed>0.699</speed><ele>25.3</ele><time>2026-09-24T23:10:31Z</time></trkpt>
<trkpt lat="45.3681737" lon="-75.8240178"><speed>0.644</speed><ele>25.2</ele><time>2026-09-24T23:10:36Z</time></trkpt>
<trkpt lat="45.3681442" lon="-75.8240293"><speed>0.659</speed><ele>25.1</ele><time>2026-09-24T23:10:41Z</time></trkpt>
<trkpt lat="45.3681137" lon="-75.8240395"><speed>0.626</speed><ele>25.1</ele><time>2026-09-24T23:10:46Z</time></trkpt>
<trkpt lat="45.3680868" lon="-75.8240548"><speed>0.666</speed><ele>25.2</ele><time>2026-09-24T23:10:51Z</time></trkpt>
<trkpt lat="45.3680571" lon="-75.8240696"><speed>0.640</speed><ele>25.2</ele><time>2026-09-24T23:10:56Z</time></trkpt>
<trkpt lat="45.3680281" lon="-75.8240852"><speed>0.636</speed><ele>25.3</ele><time>2026-09-24T23:11:01Z</time></trkpt>
<trkpt lat="45.3679975" lon="-75.8240980"><speed>0.664</speed><ele>25.1</ele><time>2026-09-24T23:11:06Z</time></trkpt>
<trkpt lat="45.3679682" lon="-75.8241032"><speed>0.686</speed><ele>25.0</ele><time>2026-09-24T23:11:11Z</time></trkpt>
<trkpt lat="45.3679382" lon="-75.8241129"><speed>0.675</speed><ele>24.9</ele><time>2026-09-24T23:11:16Z</time></trkpt>
<trkpt lat="45.3679073" lon="-75.8241196"><speed>0.631</speed><ele>25.1</ele><time>2026-09-24T23:11:21Z</time></trkpt>
<trkpt lat="45.3678781" lon="-75.8241188"><speed>0.640</speed><ele>25.1</ele><time>2026-09-24T23:11:26Z</time></trkpt>
<trkpt lat="45.3678482" lon="-75.8241226"><speed>0.627</speed><ele>25.2</ele><time>2026-09-24T23:11:31Z</time></trkpt>
<trkpt lat="45.3678176" lon="-75.8241308"><speed>0.640</speed><ele>25.1</ele><time>2026-09-24T23:11:36Z</time></trkpt>
<trkpt lat="45.3677860" lon="-75.8241341"><speed>0.686</speed><ele>25.2</ele><time>2026-09-24T23:11:41Z</time></trkpt>
<trkpt lat="45.3677539" lon="-75.8241435"><speed>0.638</speed><ele>25.0</ele><time>2026-09-24T23:11:46Z</time></trkpt>
<trkpt lat="45.3677241" lon="-75.8241491"><speed>0.622</speed><ele>24.9</ele><time>2026-09-24T23:11:51Z</time></trkpt>
<trkpt lat="45.3676949" lon="-75.8241548"><speed>0.638</speed><ele>25.0</ele><time>2026-09-24T23:11:56Z</time></trkpt>
<trkpt lat="45.3676645" lon="-75.8241581"><speed>0.694</speed><ele>25.0</ele><time>2026-09-24T23:12:01Z</time></trkpt>
<trkpt lat="45.3676339" lon="-75.8241659"><speed>0.641</speed><ele>25.2</ele><time>2026-09-24T23:12:06Z</time></trkpt>
<trkpt lat="45.3676041" lon="-75.8241738"><speed>0.619</speed><ele>25.1</ele><time>2026-09-24T23:12:11Z</time></trkpt>
<trkpt lat="45.3675752" lon="-75.8241821"><speed>0.649</speed><ele>25.1</ele><time>2026-09-24T23:12:16Z</time></trkpt>
<trkpt lat="45.3675460" lon="-75.8241879"><speed>0.626</speed><ele>25.1</ele><time>2026-09-24T23:12:21Z</time></trkpt>
<trkpt lat="45.3675147" lon="-75.8241942"><speed>0.659</speed><ele>25.0</ele><time>2026-09-24T23:12:26Z</time></trkpt>
<trkpt lat="45.3674851" lon="-75.8241997"><speed>0.631</speed><ele>24.8</ele><time>2026-09-24T23:12:31Z</time></trkpt>
<trkpt lat="45.3674581" lon="-75.8242087"><speed>0.619</speed><ele>24.9</ele><time>2026-09-24T23:12:36Z</time></trkpt>
<trkpt lat="45.3674290" lon="-75.8242154"><speed>0.612</speed><ele>24.7</ele><time>2026-09-24T23:12:41Z</time></trkpt>
<trkpt lat="45.3674008" lon="-75.8242184"><speed>0.597</speed><ele>24.9</ele><time>2026-09-24T23:12:46Z</time></trkpt>
<trkpt lat="45.3673725" lon="-75.8242206"><speed>0.629</speed><ele>24.9</ele><time>2026-09-24T23:12:51Z</time></trkpt>
<trkpt lat="45.3673449" lon="-75.8242268"><speed>0.584</speed><ele>25.0</ele><time>2026-09-24T23:12:56Z</time></trkpt>
<trkpt lat="45.3673152" lon="-75.8242328"><speed>0.573</speed><ele>24.9</ele><time>2026-09-24T23:13:01Z</time></trkpt>
<trkpt lat="45.3672881" lon="-75.8242366"><speed>0.607</speed><ele>24.9</ele><time>2026-09-24T23:13:06Z</time></trkpt>
<trkpt lat="45.3672613" lon="-75.8242400"><speed>0.559</speed><ele>24.7</ele><time>2026-09-24T23:13:11Z</time></trkpt>
<trkpt lat="45.3672350" lon="-75.8242470"><speed>0.504</speed><ele>24.8</ele><time>2026-09-24T23:13:16Z</time></trkpt>
<trkpt lat="45.3672095" lon="-75.8242501"><speed>0.541</speed><ele>24.9</ele><time>2026-09-24T23:13:21Z</time></trkpt>
<trkpt lat="45.3671854" lon="-75.8242549"><speed>0.493</speed><ele>24.9</ele><time>2026-09-24T23:13:26Z</time></trkpt>
<trkpt lat="45.3671612" lon="-75.8242582"><speed>0.504</speed><ele>24.9</ele><time>2026-09-24T23:13:31Z</time></trkpt>
<trkpt lat="45.3671373" lon="-75.8242590"><speed>0.488</speed><ele>24.6</ele><time>2026-09-24T23:13:36Z</time></trkpt>
<trkpt lat="45.3671141" lon="-75.8242620"><speed>0.500</speed><ele>25.0</ele><time>2026-09-24T23:13:41Z</time></trkpt>
<trkpt lat="45.3670892" lon="-75.8242626"><speed>0.451</speed><ele>24.8</ele><time>2026-09-24T23:13:46Z</time></trkpt>
<trkpt lat="45.3670670" lon="-75.8242673"><speed>0.460</speed><ele>24.9</ele><time>2026-09-24T23:13:51Z</time></trkpt>
<trkpt lat="45.3670443" lon="-75.8242769"><speed>0.473</speed><ele>24.7</ele><time>2026-09-24T23:13:56Z</time></trkpt>
<trkpt lat="45.3670211" lon="-75.8242854"><speed>0.471</speed><ele>24.8</ele><time>2026-09-24T23:14:01Z</time></trkpt>
<trkpt lat="45.3669975" lon="-75.8242936"><speed>0.438</speed><ele>24.6</ele><time>2026-09-24T23:14:06Z</time></trkpt>
<trkpt lat="45.3669772" lon="-75.8243040"><speed>0.407</speed><ele>24.7</ele><time>2026-09-24T23:14:11Z</time></trkpt>
<trkpt lat="45.3669568" lon="-75.8243161"><speed>0.425</speed><ele>24.6</ele><time>2026-09-24T23:14:16Z</time></trkpt>
<trkpt lat="45.3669363" lon="-75.8243303"><speed>0.457</speed><ele>24.7</ele><time>2026-09-24T23:14:21Z</time></trkpt>
<trkpt lat="45.3669164" lon="-75.8243430"><speed>0.450</speed><ele>24.6</ele><time>2026-09-24T23:14:26Z</time></trkpt>
<trkpt lat="45.3668981" lon="-75.8243568"><speed>0.465</speed><ele>24.8</ele><time>2026-09-24T23:14:31Z</time></trkpt>
<trkpt lat="45.3668753" lon="-75.8243695"><speed>0.481</speed><ele>24.5</ele><time>2026-09-24T23:14:36Z</time></trkpt>
<trkpt lat="45.3668539" lon="-75.8243809"><speed>0.430</speed><ele>24.6</ele><time>2026-09-24T23:14:41Z</time></trkpt>
<trkpt lat="45.3668341" lon="-75.8243913"><speed>0.445</speed><ele>24.6</ele><time>2026-09-24T23:14:46Z</time></trkpt>
<trkpt lat="45.3668151" lon="-75.8244020"><speed>0.444</speed><ele>24.6</ele><time>2026-09-24T23:14:51Z</time></trkpt>
<trkpt lat="45.3667952" lon="-75.8244119"><speed>0.463</speed><ele>24.5</ele><time>2026-09-24T23:14:56Z</time></trkpt>
<trkpt lat="45.3667738" lon="-75.8244226"><speed>0.432</speed><ele>24.7</ele><time>2026-09-24T23:15:01Z</time></trkpt>
<trkpt lat="45.3667521" lon="-75.8244305"><speed>0.450</speed><ele>24.5</ele><time>2026-09-24T23:15:06Z</time></trkpt>
<trkpt lat="45.3667308" lon="-75.8244391"><speed>0.422</speed><ele>24.6</ele><time>2026-09-24T23:15:11Z</time></trkpt>
<trkpt lat="45.3667118" lon="-75.8244500"><speed>0.458</speed><ele>24.6</ele><time>2026-09-24T23:15:16Z</time></trkpt>
<trkpt lat="45.3666902" lon="-75.8244593"><speed>0.422</speed><ele>24.5</ele><time>2026-09-24T23:15:21Z</time></trkpt>
<trkpt lat="45.3666699" lon="-75.8244659"><speed>0.452</speed><ele>24.5</ele><time>2026-09-24T23:15:26Z</time></trkpt>
<trkpt lat="45.3666473" lon="-75.8244760"><speed>0.451</speed><ele>24.5</ele><time>2026-09-24T23:15:31Z</time></trkpt>
<trkpt lat="45.3666262" lon="-75.8244876"><speed>0.411</speed><ele>24.6</ele><time>2026-09-24T23:15:36Z</time></trkpt>
<trkpt lat="45.3666052" lon="-75.8244954"><speed>0.430</speed><ele>24.5</ele><time>2026-09-24T23:15:41Z</time></trkpt>
<trkpt lat="45.3665857" lon="-75.8245077"><speed>0.463</speed><ele>24.5</ele><time>2026-09-24T23:15:46Z</time></trkpt>
<trkpt lat="45.3665644" lon="-75.8245194"><speed>0.540</speed><ele>24.4</ele><time>2026-09-24T23:15:51Z</time></trkpt>
<trkpt lat="45.3665434" lon="-75.8245290"><speed>0.443</speed><ele>24.3</ele><time>2026-09-24T23:15:56Z</time></trkpt>
<trkpt lat="45.3665205" lon="-75.8245365"><speed>0.445</speed><ele>24.3</ele><time>2026-09-24T23:16:01Z</time></trkpt>
<trkpt lat="45.3664997" lon="-75.8245445"><speed>0.484</speed><ele>24.5</ele><time>2026-09-24T23:16:06Z</time></trkpt>
<trkpt lat="45.3664767" lon="-75.8245509"><speed>0.489</speed><ele>24.3</ele><time>2026-09-24T23:16:11Z</time></trkpt>
<trkpt lat="45.3664535" lon="-75.8245543"><speed>0.491</speed><ele>24.4</ele><time>2026-09-24T23:16:16Z</time></trkpt>
<trkpt lat="45.3664309" lon="-75.8245523"><speed>0.536</speed><ele>24.3</ele><time>2026-09-24T23:16:21Z</time></trkpt>
<trkpt lat="45.3664056" lon="-75.8245414"><speed>0.546</speed><ele>24.4</ele><time>2026-09-24T23:16:26Z</time></trkpt>
<trkpt lat="45.3663800" lon="-75.8245281"><speed>0.550</speed><ele>24.3</ele><time>2026-09-24T23:16:31Z</time></trkpt>
<trkpt lat="45.3663539" lon="-75.8245055"><speed>0.614</speed><ele>24.4</ele><time>2026-09-24T23:16:36Z</time></trkpt>
<trkpt lat="45.3663306" lon="-75.8244787"><speed>0.627</speed><ele>24.4</ele><time>2026-09-24T23:16:41Z</time></trkpt>
<trkpt lat="45.3663126" lon="-75.8244476"><speed>0.618</speed><ele>24.4</ele><time>2026-09-24T23:16:46Z</time></trkpt>
<trkpt lat="45.3663005" lon="-75.8244081"><speed>0.635</speed><ele>24.2</ele><time>2026-09-24T23:16:51Z</time></trkpt>
<trkpt lat="45.3662871" lon="-75.8243640"><speed>0.731</speed><ele>24.5</ele><time>2026-09-24T23:16:56Z</time></trkpt>
<trkpt lat="45.3662737" lon="-75.8243152"><speed>0.783</speed><ele>24.4</ele><time>2026-09-24T23:17:01Z</time></trkpt>
<trkpt lat="45.3662533" lon="-75.8242734"><speed>0.845</speed><ele>24.4</ele><time>2026-09-24T23:17:06Z</time></trkpt>
<trkpt lat="45.3662286" lon="-75.8242303"><speed>0.857</speed><ele>24.4</ele><time>2026-09-24T23:17:11Z</time></trkpt>
<trkpt lat="45.3662066" lon="-75.8241848"><speed>0.887</speed><ele>24.4</ele><time>2026-09-24T23:17:16Z</time></trkpt>
<trkpt lat="45.3661831" lon="-75.8241379"><speed>0.890</speed><ele>24.2</ele><time>2026-09-24T23:17:21Z</time></trkpt>
<trkpt lat="45.3661604" lon="-75.8240920"><speed>0.875</speed><ele>24.4</ele><time>2026-09-24T23:17:26Z</time></trkpt>
<trkpt lat="45.3661380" lon="-75.8240433"><speed>0.905</speed><ele>24.4</ele><time>2026-09-24T23:17:31Z</time></trkpt>
<trkpt lat="45.3661206" lon="-75.8239881"><speed>0.948</speed><ele>24.3</ele><time>2026-09-24T23:17:36Z</time></trkpt>
<trkpt lat="45.3661043" lon="-75.8239306"><speed>0.948</speed><ele>24.4</ele><time>2026-09-24T23:17:41Z</time></trkpt>
<trkpt lat="45.3660877" lon="-75.8238691"><speed>1.005</speed><ele>24.4</ele><time>2026-09-24T23:17:46Z</time></trkpt>
<trkpt lat="45.3660719" lon="-75.8238040"><speed>1.034</speed><ele>24.3</ele><time>2026-09-24T23:17:51Z</time></trkpt>
<trkpt lat="45.3660607" lon="-75.8237349"><speed>1.061</speed><ele>24.5</ele><time>2026-09-24T23:17:56Z</time></trkpt>
<trkpt lat="45.3660534" lon="-75.8236632"><speed>1.107</speed><ele>24.4</ele><time>2026-09-24T23:18:01Z</time></trkpt>
<trkpt lat="45.3660500" lon="-75.8235928"><speed>1.047</speed><ele>24.2</ele><time>2026-09-24T23:18:06Z</time></trkpt>
<trkpt lat="45.3660394" lon="-75.8235228"><speed>1.077</speed><ele>24.4</ele><time>2026-09-24T23:18:11Z</time></trkpt>
<trkpt lat="45.3660151" lon="-75.8234523"><speed>1.175</speed><ele>24.4</ele><time>2026-09-24T23:18:16Z</time></trkpt>
<trkpt lat="45.3659823" lon="-75.8233900"><speed>1.147</speed><ele>24.3</ele><time>2026-09-24T23:18:21Z</time></trkpt>
<trkpt lat="45.3659396" lon="-75.8233396"><speed>1.157</speed><ele>24.4</ele><time>2026-09-24T23:18:26Z</time></trkpt>
<trkpt lat="45.3658932" lon="-75.8233046"><speed>1.050</speed><ele>24.2</ele><time>2026-09-24T23:18:31Z</time></trkpt>
<trkpt lat="45.3658461" lon="-75.8232827"><speed>1.043</speed><ele>24.2</ele><time>2026-09-24T23:18:36Z</time></trkpt>
<trkpt lat="45.3658007" lon="-75.8232739"><speed>0.916</speed><ele>24.3</ele><time>2026-09-24T23:18:41Z</time></trkpt>
<trkpt lat="45.3657586" lon="-75.8232641"><speed>0.963</speed><ele>24.3</ele><time>2026-09-24T23:18:46Z</time></trkpt>
<trkpt lat="45.3657159" lon="-75.8232455"><speed>0.945</speed><ele>24.2</ele><time>2026-09-24T23:18:51Z</time></trkpt>
<trkpt lat="45.3656766" lon="-75.8232232"><speed>0.944</speed><ele>24.3</ele><time>2026-09-24T23:18:56Z</time></trkpt>
<trkpt lat="45.3656396" lon="-75.8231925"><speed>0.966</speed><ele>24.5</ele><time>2026-09-24T23:19:01Z</time></trkpt>
<trkpt lat="45.3656041" lon="-75.8231575"><speed>0.943</speed><ele>24.3</ele><time>2026-09-24T23:19:06Z</time></trkpt>
<trkpt lat="45.3655727" lon="-75.8231146"><speed>0.941</speed><ele>24.3</ele><time>2026-09-24T23:19:11Z</time></trkpt>
<trkpt lat="45.3655439" lon="-75.8230687"><speed>0.923</speed><ele>24.3</ele><time>2026-09-24T23:19:16Z</time></trkpt>
<trkpt lat="45.3655176" lon="-75.8230222"><speed>0.949</speed><ele>24.4</ele><time>2026-09-24T23:19:21Z</time></trkpt>
<trkpt lat="45.3654914" lon="-75.8229721"><speed>0.965</speed><ele>24.4</ele><time>2026-09-24T23:19:26Z</time></trkpt>
<trkpt lat="45.3654632" lon="-75.8229166"><speed>1.032</speed><ele>24.4</ele><time>2026-09-24T23:19:31Z</time></trkpt>
<trkpt lat="45.3654437" lon="-75.8228549"><speed>0.995</speed><ele>24.4</ele><time>2026-09-24T23:19:36Z</time></trkpt>
<trkpt lat="45.3654251" lon="-75.8227950"><speed>1.013</speed><ele>24.3</ele><time>2026-09-24T23:19:41Z</time></trkpt>
<trkpt lat="45.3654133" lon="-75.8227263"><speed>1.030</speed><ele>24.4</ele><time>2026-09-24T23:19:46Z</time></trkpt>
<trkpt lat="45.3654019" lon="-75.8226567"><speed>1.024</speed><ele>24.3</ele><time>2026-09-24T23:19:51Z</time></trkpt>
<trkpt lat="45.3653698" lon="-75.8225991"><speed>1.040</speed><ele>24.5</ele><time>2026-09-24T23:19:56Z</time></trkpt>
<trkpt lat="45.3653255" lon="-75.8225694"><speed>1.013</speed><ele>24.4</ele><time>2026-09-24T23:20:01Z</time></trkpt>
<trkpt lat="45.3652795" lon="-75.8225567"><speed>0.980</speed><ele>24.3</ele><time>2026-09-24T23:20:06Z</time></trkpt>
<trkpt lat="45.3652338" lon="-75.8225461"><speed>0.921</speed><ele>24.5</ele><time>2026-09-24T23:20:11Z</time></trkpt>
<trkpt lat="45.3651901" lon="-75.8225379"><speed>0.873</speed><ele>24.3</ele><time>2026-09-24T23:20:16Z</time></trkpt>
<trkpt lat="45.3651533" lon="-75.8225285"><speed>0.840</speed><ele>24.5</ele><time>2026-09-24T23:20:21Z</time></trkpt>
<trkpt lat="45.3651194" lon="-75.8225228"><speed>0.753</speed><ele>24.4</ele><time>2026-09-24T23:20:26Z</time></trkpt>
<trkpt lat="45.3650849" lon="-75.8225214"><speed>0.696</speed><ele>24.4</ele><time>2026-09-24T23:20:31Z</time></trkpt>
<trkpt lat="45.3650526" lon="-75.8225213"><speed>0.673</speed><ele>24.5</ele><time>2026-09-24T23:20:36Z</time></trkpt>
<trkpt lat="45.3650207" lon="-75.8225156"><speed>0.671</speed><ele>24.6</ele><time>2026-09-24T23:20:41Z</time></trkpt>
<trkpt lat="45.3649895" lon="-75.8225134"><speed>0.675</speed><ele>24.4</ele><time>2026-09-24T23:20:46Z</time></trkpt>
<trkpt lat="45.3649569" lon="-75.8225149"><speed>0.641</speed><ele>24.5</ele><time>2026-09-24T23:20:51Z</time></trkpt>
<trkpt lat="45.3649289" lon="-75.8225148"><speed>0.746</speed><ele>24.5</ele><time>2026-09-24T23:20:56Z</time></trkpt>
<trkpt lat="45.3649026" lon="-75.8225074"><speed>0.509</speed><ele>24.5</ele><time>2026-09-24T23:21:01Z</time></trkpt>
<trkpt lat="45.3648767" lon="-75.8225024"><speed>0.534</speed><ele>24.4</ele><time>2026-09-24T23:21:06Z</time></trkpt>
<trkpt lat="45.3648514" lon="-75.8225031"><speed>0.522</speed><ele>24.3</ele><time>2026-09-24T23:21:11Z</time></trkpt>
<trkpt lat="45.3648244" lon="-75.8225078"><speed>0.530</speed><ele>24.3</ele><time>2026-09-24T23:21:16Z</time></trkpt>
<trkpt lat="45.3647967" lon="-75.8225125"><speed>0.613</speed><ele>24.4</ele><time>2026-09-24T23:21:21Z</time></trkpt>
<trkpt lat="45.3647706" lon="-75.8225106"><speed>0.557</speed><ele>24.4</ele><time>2026-09-24T23:21:26Z</time></trkpt>
<trkpt lat="45.3647439" lon="-75.8225121"><speed>0.580</speed><ele>24.5</ele><time>2026-09-24T23:21:31Z</time></trkpt>
<trkpt lat="45.3647199" lon="-75.8225138"><speed>0.540</speed><ele>24.5</ele><time>2026-09-24T23:21:36Z</time></trkpt>
<trkpt lat="45.3646957" lon="-75.8225149"><speed>0.530</speed><ele>24.6</ele><time>2026-09-24T23:21:41Z</time></trkpt>
<trkpt lat="45.3646725" lon="-75.8225158"><speed>0.530</speed><ele>24.5</ele><time>2026-09-24T23:21:46Z</time></trkpt>
<trkpt lat="45.3646479" lon="-75.8225157"><speed>0.560</speed><ele>24.6</ele><time>2026-09-24T23:21:51Z</time></trkpt>
<trkpt lat="45.3646233" lon="-75.8225155"><speed>0.520</speed><ele>24.6</ele><time>2026-09-24T23:21:56Z</time></trkpt>
<trkpt lat="45.3645981" lon="-75.8225166"><speed>0.510</speed><ele>24.6</ele><time>2026-09-24T23:22:01Z</time></trkpt>
<trkpt lat="45.3645744" lon="-75.8225176"><speed>0.510</speed><ele>24.6</ele><time>2026-09-24T23:22:06Z</time></trkpt>
<trkpt lat="45.3645510" lon="-75.8225200"><speed>0.520</speed><ele>24.7</ele><time>2026-09-24T23:22:11Z</time></trkpt>
<trkpt lat="45.3645282" lon="-75.8225215"><speed>0.510</speed><ele>24.7</ele><time>2026-09-24T23:22:16Z</time></trkpt>
<trkpt lat="45.3645059" lon="-75.8225243"><speed>0.490</speed><ele>24.6</ele><time>2026-09-24T23:22:21Z</time></trkpt>
<trkpt lat="45.3644836" lon="-75.8225277"><speed>0.480</speed><ele>24.7</ele><time>2026-09-24T23:22:26Z</time></trkpt>
<trkpt lat="45.3644610" lon="-75.8225315"><speed>0.470</speed><ele>24.7</ele><time>2026-09-24T23:22:31Z</time></trkpt>
<trkpt lat="45.3644389" lon="-75.8225347"><speed>0.490</speed><ele>24.7</ele><time>2026-09-24T23:22:36Z</time></trkpt>
<trkpt lat="45.3644174" lon="-75.8225394"><speed>0.510</speed><ele>24.6</ele><time>2026-09-24T23:22:41Z</time></trkpt>
<trkpt lat="45.3643951" lon="-75.8225440"><speed>0.490</speed><ele>24.7</ele><time>2026-09-24T23:22:46Z</time></trkpt>
<trkpt lat="45.3643729" lon="-75.8225493"><speed>0.500</speed><ele>24.7</ele><time>2026-09-24T23:22:51Z</time></trkpt>
<trkpt lat="45.3643507" lon="-75.8225543"><speed>0.480</speed><ele>24.6</ele><time>2026-09-24T23:22:56Z</time></trkpt>
<trkpt lat="45.3643296" lon="-75.8225586"><speed>0.480</speed><ele>24.7</ele><time>2026-09-24T23:23:01Z</time></trkpt>
<trkpt lat="45.3643088" lon="-75.8225630"><speed>0.480</speed><ele>24.8</ele><time>2026-09-24T23:23:06Z</time></trkpt>
<trkpt lat="45.3642872" lon="-75.8225663"><speed>0.460</speed><ele>24.7</ele><time>2026-09-24T23:23:11Z</time></trkpt>
<trkpt lat="45.3642662" lon="-75.8225701"><speed>0.460</speed><ele>24.7</ele><time>2026-09-24T23:23:16Z</time></trkpt>
<trkpt lat="45.3642453" lon="-75.8225750"><speed>0.460</speed><ele>24.6</ele><time>2026-09-24T23:23:21Z</time></trkpt>
<trkpt lat="45.3642253" lon="-75.8225781"><speed>0.460</speed><ele>24.8</ele><time>2026-09-24T23:23:26Z</time></trkpt>
<trkpt lat="45.3642054" lon="-75.8225821"><speed>0.460</speed><ele>24.8</ele><time>2026-09-24T23:23:31Z</time></trkpt>
<trkpt lat="45.3641848" lon="-75.8225879"><speed>0.480</speed><ele>24.7</ele><time>2026-09-24T23:23:36Z</time></trkpt>
<trkpt lat="45.3641651" lon="-75.8225950"><speed>0.490</speed><ele>24.8</ele><time>2026-09-24T23:23:41Z</time></trkpt>
<trkpt lat="45.3641459" lon="-75.8226019"><speed>0.500</speed><ele>24.8</ele><time>2026-09-24T23:23:46Z</time></trkpt>
<trkpt lat="45.3641237" lon="-75.8226083"><speed>0.530</speed><ele>24.7</ele><time>2026-09-24T23:23:51Z</time></trkpt>
<trkpt lat="45.3641018" lon="-75.8226155"><speed>0.510</speed><ele>24.7</ele><time>2026-09-24T23:23:56Z</time></trkpt>
<trkpt lat="45.3640779" lon="-75.8226239"><speed>0.560</speed><ele>24.8</ele><time>2026-09-24T23:24:01Z</time></trkpt>
<trkpt lat="45.3640544" lon="-75.8226355"><speed>0.450</speed><ele>24.7</ele><time>2026-09-24T23:24:06Z</time></trkpt>
<trkpt lat="45.3640251" lon="-75.8226458"><speed>0.260</speed><ele>25.1</ele><time>2026-09-24T23:24:11Z</time></trkpt>
</trkseg></trk></gpx>